ISO-10303-21;
HEADER;
/* Generated by software containing ST-Developer
 * from STEP Tools, Inc. (www.steptools.com) 
 */

FILE_DESCRIPTION(
/* description */ ('STEP AP203'),
/* implementation_level */ '2;1');

FILE_NAME(
/* name */ 'elbow big gear .step',
/* time_stamp */ '2026-09-26T21:37:35-07:00',
/* author */ (''),
/* organization */ (''),
/* preprocessor_version */ 'ST-DEVELOPER v20.2',
/* originating_system */ 'Autodesk Translation Framework v15.15.0.0',
/* authorisation */ '');

FILE_SCHEMA (('AUTOMOTIVE_DESIGN { 1 0 10303 214 3 1 1 }'));
ENDSEC;

DATA;
#10=MECHANICAL_DESIGN_GEOMETRIC_PRESENTATION_REPRESENTATION('',(#231,#232,
#233),#11311);
#11=SHAPE_REPRESENTATION_RELATIONSHIP('SRR','None',#11318,#12);
#12=ADVANCED_BREP_SHAPE_REPRESENTATION('',(#234,#235,#236),#11310);
#13=B_SPLINE_CURVE_WITH_KNOTS('',3,(#9648,#9649,#9650,#9651,#9652,#9653),
 .UNSPECIFIED.,.F.,.F.,(4,2,4),(0.342038429346825,0.466855534176304,0.621466324680136),
 .UNSPECIFIED.);
#14=B_SPLINE_CURVE_WITH_KNOTS('',3,(#9656,#9657,#9658,#9659,#9660,#9661),
 .UNSPECIFIED.,.F.,.F.,(4,2,4),(5.28952107288669,5.44413186338805,5.56894896821752),
 .UNSPECIFIED.);
#15=B_SPLINE_CURVE_WITH_KNOTS('',3,(#9664,#9665,#9666,#9667,#9668,#9669),
 .UNSPECIFIED.,.F.,.F.,(4,2,4),(0.342038429346824,0.466855534176304,0.621466324680136),
 .UNSPECIFIED.);
#16=B_SPLINE_CURVE_WITH_KNOTS('',3,(#9672,#9673,#9674,#9675,#9676,#9677),
 .UNSPECIFIED.,.F.,.F.,(4,2,4),(5.28952107288669,5.44413186338805,5.56894896821752),
 .UNSPECIFIED.);
#17=B_SPLINE_CURVE_WITH_KNOTS('',3,(#9680,#9681,#9682,#9683,#9684,#9685),
 .UNSPECIFIED.,.F.,.F.,(4,2,4),(2.85049190047073,2.97530900530019,3.12991979580402),
 .UNSPECIFIED.);
#18=B_SPLINE_CURVE_WITH_KNOTS('',3,(#9688,#9689,#9690,#9691,#9692,#9693),
 .UNSPECIFIED.,.F.,.F.,(4,2,4),(2.78106760176033,2.93567839226416,3.06049549709363),
 .UNSPECIFIED.);
#19=B_SPLINE_CURVE_WITH_KNOTS('',3,(#9696,#9697,#9698,#9699,#9700,#9701),
 .UNSPECIFIED.,.F.,.F.,(4,2,4),(2.7810676017628,2.93567839226416,3.06049549709364),
 .UNSPECIFIED.);
#20=B_SPLINE_CURVE_WITH_KNOTS('',3,(#9703,#9704,#9705,#9706,#9707,#9708),
 .UNSPECIFIED.,.F.,.F.,(4,2,4),(2.85049190047071,2.97530900530019,3.12991979580402),
 .UNSPECIFIED.);
#21=B_SPLINE_CURVE_WITH_KNOTS('',3,(#9712,#9713,#9714,#9715,#9716,#9717),
 .UNSPECIFIED.,.F.,.F.,(4,2,4),(0.342038429346834,0.466855534176304,0.621466324680136),
 .UNSPECIFIED.);
#22=B_SPLINE_CURVE_WITH_KNOTS('',3,(#9720,#9721,#9722,#9723,#9724,#9725),
 .UNSPECIFIED.,.F.,.F.,(4,2,4),(5.28952107288422,5.44413186338805,5.56894896821751),
 .UNSPECIFIED.);
#23=B_SPLINE_CURVE_WITH_KNOTS('',3,(#10021,#10022,#10023,#10024,#10025,
#10026),.UNSPECIFIED.,.F.,.F.,(4,2,4),(2.78106760176033,2.93567839226416,
3.06049549709363),.UNSPECIFIED.);
#24=B_SPLINE_CURVE_WITH_KNOTS('',3,(#10027,#10028,#10029,#10030,#10031,
#10032),.UNSPECIFIED.,.F.,.F.,(4,2,4),(0.342038429346836,0.466855534176304,
0.621466324680136),.UNSPECIFIED.);
#25=B_SPLINE_CURVE_WITH_KNOTS('',3,(#10034,#10035,#10036,#10037,#10038,
#10039),.UNSPECIFIED.,.F.,.F.,(4,2,4),(0.342038429346835,0.466855534176304,
0.621466324680136),.UNSPECIFIED.);
#26=B_SPLINE_CURVE_WITH_KNOTS('',3,(#10040,#10041,#10042,#10043,#10044,
#10045),.UNSPECIFIED.,.F.,.F.,(4,2,4),(2.78106760176033,2.93567839226416,
3.06049549709363),.UNSPECIFIED.);
#27=B_SPLINE_CURVE_WITH_KNOTS('',3,(#10047,#10048,#10049,#10050,#10051,
#10052),.UNSPECIFIED.,.F.,.F.,(4,2,4),(0.342038429346835,0.466855534176304,
0.621466324680136),.UNSPECIFIED.);
#28=B_SPLINE_CURVE_WITH_KNOTS('',3,(#10053,#10054,#10055,#10056,#10057,
#10058),.UNSPECIFIED.,.F.,.F.,(4,2,4),(2.78106760176033,2.93567839226416,
3.06049549709363),.UNSPECIFIED.);
#29=B_SPLINE_CURVE_WITH_KNOTS('',3,(#10060,#10061,#10062,#10063,#10064,
#10065),.UNSPECIFIED.,.F.,.F.,(4,2,4),(0.342038429346834,0.466855534176304,
0.621466324680135),.UNSPECIFIED.);
#30=B_SPLINE_CURVE_WITH_KNOTS('',3,(#10066,#10067,#10068,#10069,#10070,
#10071),.UNSPECIFIED.,.F.,.F.,(4,2,4),(2.78106760176033,2.93567839226416,
3.06049549709363),.UNSPECIFIED.);
#31=B_SPLINE_CURVE_WITH_KNOTS('',3,(#10073,#10074,#10075,#10076,#10077,
#10078),.UNSPECIFIED.,.F.,.F.,(4,2,4),(2.78106760176033,2.93567839226416,
3.06049549709363),.UNSPECIFIED.);
#32=B_SPLINE_CURVE_WITH_KNOTS('',3,(#10080,#10081,#10082,#10083,#10084,
#10085),.UNSPECIFIED.,.F.,.F.,(4,2,4),(2.78106760176033,2.93567839226416,
3.06049549709363),.UNSPECIFIED.);
#33=B_SPLINE_CURVE_WITH_KNOTS('',3,(#10086,#10087,#10088,#10089,#10090,
#10091),.UNSPECIFIED.,.F.,.F.,(4,2,4),(0.342038429346834,0.466855534176304,
0.621466324680135),.UNSPECIFIED.);
#34=B_SPLINE_CURVE_WITH_KNOTS('',3,(#10093,#10094,#10095,#10096,#10097,
#10098),.UNSPECIFIED.,.F.,.F.,(4,2,4),(0.342038429346835,0.466855534176304,
0.621466324680136),.UNSPECIFIED.);
#35=B_SPLINE_CURVE_WITH_KNOTS('',3,(#10099,#10100,#10101,#10102,#10103,
#10104),.UNSPECIFIED.,.F.,.F.,(4,2,4),(2.78106760176033,2.93567839226416,
3.06049549709363),.UNSPECIFIED.);
#36=B_SPLINE_CURVE_WITH_KNOTS('',3,(#10106,#10107,#10108,#10109,#10110,
#10111),.UNSPECIFIED.,.F.,.F.,(4,2,4),(0.342038429346834,0.466855534176304,
0.621466324680135),.UNSPECIFIED.);
#37=B_SPLINE_CURVE_WITH_KNOTS('',3,(#10112,#10113,#10114,#10115,#10116,
#10117),.UNSPECIFIED.,.F.,.F.,(4,2,4),(2.78106760176033,2.93567839226416,
3.06049549709363),.UNSPECIFIED.);
#38=B_SPLINE_CURVE_WITH_KNOTS('',3,(#10119,#10120,#10121,#10122,#10123,
#10124),.UNSPECIFIED.,.F.,.F.,(4,2,4),(2.78106760176033,2.93567839226416,
3.06049549709363),.UNSPECIFIED.);
#39=B_SPLINE_CURVE_WITH_KNOTS('',3,(#10125,#10126,#10127,#10128,#10129,
#10130),.UNSPECIFIED.,.F.,.F.,(4,2,4),(0.342038429346835,0.466855534176304,
0.621466324680136),.UNSPECIFIED.);
#40=B_SPLINE_CURVE_WITH_KNOTS('',3,(#10132,#10133,#10134,#10135,#10136,
#10137),.UNSPECIFIED.,.F.,.F.,(4,2,4),(0.342038429346836,0.466855534176304,
0.621466324680136),.UNSPECIFIED.);
#41=B_SPLINE_CURVE_WITH_KNOTS('',3,(#10139,#10140,#10141,#10142,#10143,
#10144),.UNSPECIFIED.,.F.,.F.,(4,2,4),(2.78106760176033,2.93567839226416,
3.06049549709363),.UNSPECIFIED.);
#42=B_SPLINE_CURVE_WITH_KNOTS('',3,(#10145,#10146,#10147,#10148,#10149,
#10150),.UNSPECIFIED.,.F.,.F.,(4,2,4),(0.342038429346834,0.466855534176304,
0.621466324680136),.UNSPECIFIED.);
#43=B_SPLINE_CURVE_WITH_KNOTS('',3,(#10152,#10153,#10154,#10155,#10156,
#10157),.UNSPECIFIED.,.F.,.F.,(4,2,4),(0.342038429346836,0.466855534176304,
0.621466324680135),.UNSPECIFIED.);
#44=B_SPLINE_CURVE_WITH_KNOTS('',3,(#10159,#10160,#10161,#10162,#10163,
#10164),.UNSPECIFIED.,.F.,.F.,(4,2,4),(2.78106760176033,2.93567839226416,
3.06049549709363),.UNSPECIFIED.);
#45=B_SPLINE_CURVE_WITH_KNOTS('',3,(#10165,#10166,#10167,#10168,#10169,
#10170),.UNSPECIFIED.,.F.,.F.,(4,2,4),(0.342038429346835,0.466855534176304,
0.621466324680136),.UNSPECIFIED.);
#46=B_SPLINE_CURVE_WITH_KNOTS('',3,(#10172,#10173,#10174,#10175,#10176,
#10177),.UNSPECIFIED.,.F.,.F.,(4,2,4),(0.342038429346835,0.466855534176304,
0.621466324680136),.UNSPECIFIED.);
#47=B_SPLINE_CURVE_WITH_KNOTS('',3,(#10178,#10179,#10180,#10181,#10182,
#10183),.UNSPECIFIED.,.F.,.F.,(4,2,4),(2.78106760176033,2.93567839226416,
3.06049549709363),.UNSPECIFIED.);
#48=B_SPLINE_CURVE_WITH_KNOTS('',3,(#10185,#10186,#10187,#10188,#10189,
#10190),.UNSPECIFIED.,.F.,.F.,(4,2,4),(0.342038429346835,0.466855534176304,
0.621466324680135),.UNSPECIFIED.);
#49=B_SPLINE_CURVE_WITH_KNOTS('',3,(#10191,#10192,#10193,#10194,#10195,
#10196),.UNSPECIFIED.,.F.,.F.,(4,2,4),(2.78106760176033,2.93567839226416,
3.06049549709363),.UNSPECIFIED.);
#50=B_SPLINE_CURVE_WITH_KNOTS('',3,(#10198,#10199,#10200,#10201,#10202,
#10203),.UNSPECIFIED.,.F.,.F.,(4,2,4),(0.342038429346835,0.466855534176304,
0.621466324680136),.UNSPECIFIED.);
#51=B_SPLINE_CURVE_WITH_KNOTS('',3,(#10204,#10205,#10206,#10207,#10208,
#10209),.UNSPECIFIED.,.F.,.F.,(4,2,4),(2.78106760176033,2.93567839226416,
3.06049549709363),.UNSPECIFIED.);
#52=B_SPLINE_CURVE_WITH_KNOTS('',3,(#10211,#10212,#10213,#10214,#10215,
#10216),.UNSPECIFIED.,.F.,.F.,(4,2,4),(2.78106760176033,2.93567839226416,
3.06049549709363),.UNSPECIFIED.);
#53=B_SPLINE_CURVE_WITH_KNOTS('',3,(#10217,#10218,#10219,#10220,#10221,
#10222),.UNSPECIFIED.,.F.,.F.,(4,2,4),(0.342038429346836,0.466855534176304,
0.621466324680135),.UNSPECIFIED.);
#54=B_SPLINE_CURVE_WITH_KNOTS('',3,(#10224,#10225,#10226,#10227,#10228,
#10229),.UNSPECIFIED.,.F.,.F.,(4,2,4),(0.342038429346836,0.466855534176304,
0.621466324680136),.UNSPECIFIED.);
#55=B_SPLINE_CURVE_WITH_KNOTS('',3,(#10230,#10231,#10232,#10233,#10234,
#10235),.UNSPECIFIED.,.F.,.F.,(4,2,4),(2.78106760176033,2.93567839226416,
3.06049549709363),.UNSPECIFIED.);
#56=B_SPLINE_CURVE_WITH_KNOTS('',3,(#10237,#10238,#10239,#10240,#10241,
#10242),.UNSPECIFIED.,.F.,.F.,(4,2,4),(2.78106760176033,2.93567839226416,
3.06049549709363),.UNSPECIFIED.);
#57=B_SPLINE_CURVE_WITH_KNOTS('',3,(#10243,#10244,#10245,#10246,#10247,
#10248),.UNSPECIFIED.,.F.,.F.,(4,2,4),(0.342038429346835,0.466855534176304,
0.621466324680135),.UNSPECIFIED.);
#58=B_SPLINE_CURVE_WITH_KNOTS('',3,(#10250,#10251,#10252,#10253,#10254,
#10255),.UNSPECIFIED.,.F.,.F.,(4,2,4),(0.342038429346835,0.466855534176304,
0.621466324680136),.UNSPECIFIED.);
#59=B_SPLINE_CURVE_WITH_KNOTS('',3,(#10256,#10257,#10258,#10259,#10260,
#10261),.UNSPECIFIED.,.F.,.F.,(4,2,4),(2.78106760176033,2.93567839226416,
3.06049549709363),.UNSPECIFIED.);
#60=B_SPLINE_CURVE_WITH_KNOTS('',3,(#10263,#10264,#10265,#10266,#10267,
#10268),.UNSPECIFIED.,.F.,.F.,(4,2,4),(2.78106760176033,2.93567839226416,
3.06049549709363),.UNSPECIFIED.);
#61=B_SPLINE_CURVE_WITH_KNOTS('',3,(#10269,#10270,#10271,#10272,#10273,
#10274),.UNSPECIFIED.,.F.,.F.,(4,2,4),(0.342038429346834,0.466855534176304,
0.621466324680136),.UNSPECIFIED.);
#62=B_SPLINE_CURVE_WITH_KNOTS('',3,(#10276,#10277,#10278,#10279,#10280,
#10281),.UNSPECIFIED.,.F.,.F.,(4,2,4),(0.342038429346834,0.466855534176304,
0.621466324680135),.UNSPECIFIED.);
#63=B_SPLINE_CURVE_WITH_KNOTS('',3,(#10282,#10283,#10284,#10285,#10286,
#10287),.UNSPECIFIED.,.F.,.F.,(4,2,4),(2.78106760176033,2.93567839226416,
3.06049549709363),.UNSPECIFIED.);
#64=B_SPLINE_CURVE_WITH_KNOTS('',3,(#10289,#10290,#10291,#10292,#10293,
#10294),.UNSPECIFIED.,.F.,.F.,(4,2,4),(0.342038429346836,0.466855534176304,
0.621466324680137),.UNSPECIFIED.);
#65=B_SPLINE_CURVE_WITH_KNOTS('',3,(#10295,#10296,#10297,#10298,#10299,
#10300),.UNSPECIFIED.,.F.,.F.,(4,2,4),(2.78106760176033,2.93567839226416,
3.06049549709363),.UNSPECIFIED.);
#66=B_SPLINE_CURVE_WITH_KNOTS('',3,(#10302,#10303,#10304,#10305,#10306,
#10307),.UNSPECIFIED.,.F.,.F.,(4,2,4),(0.342038429346834,0.466855534176304,
0.621466324680135),.UNSPECIFIED.);
#67=B_SPLINE_CURVE_WITH_KNOTS('',3,(#10308,#10309,#10310,#10311,#10312,
#10313),.UNSPECIFIED.,.F.,.F.,(4,2,4),(2.78106760176033,2.93567839226416,
3.06049549709363),.UNSPECIFIED.);
#68=B_SPLINE_CURVE_WITH_KNOTS('',3,(#10315,#10316,#10317,#10318,#10319,
#10320),.UNSPECIFIED.,.F.,.F.,(4,2,4),(2.78106760176033,2.93567839226416,
3.06049549709363),.UNSPECIFIED.);
#69=B_SPLINE_CURVE_WITH_KNOTS('',3,(#10321,#10322,#10323,#10324,#10325,
#10326),.UNSPECIFIED.,.F.,.F.,(4,2,4),(0.342038429346835,0.466855534176304,
0.621466324680136),.UNSPECIFIED.);
#70=B_SPLINE_CURVE_WITH_KNOTS('',3,(#10328,#10329,#10330,#10331,#10332,
#10333),.UNSPECIFIED.,.F.,.F.,(4,2,4),(0.342038429346834,0.466855534176304,
0.621466324680135),.UNSPECIFIED.);
#71=B_SPLINE_CURVE_WITH_KNOTS('',3,(#10334,#10335,#10336,#10337,#10338,
#10339),.UNSPECIFIED.,.F.,.F.,(4,2,4),(2.78106760176033,2.93567839226416,
3.06049549709363),.UNSPECIFIED.);
#72=B_SPLINE_CURVE_WITH_KNOTS('',3,(#10341,#10342,#10343,#10344,#10345,
#10346),.UNSPECIFIED.,.F.,.F.,(4,2,4),(2.78106760176033,2.93567839226416,
3.06049549709363),.UNSPECIFIED.);
#73=B_SPLINE_CURVE_WITH_KNOTS('',3,(#10347,#10348,#10349,#10350,#10351,
#10352),.UNSPECIFIED.,.F.,.F.,(4,2,4),(0.342038429346834,0.466855534176304,
0.621466324680136),.UNSPECIFIED.);
#74=B_SPLINE_CURVE_WITH_KNOTS('',3,(#10354,#10355,#10356,#10357,#10358,
#10359),.UNSPECIFIED.,.F.,.F.,(4,2,4),(2.78106760176033,2.93567839226416,
3.06049549709363),.UNSPECIFIED.);
#75=B_SPLINE_CURVE_WITH_KNOTS('',3,(#10360,#10361,#10362,#10363,#10364,
#10365),.UNSPECIFIED.,.F.,.F.,(4,2,4),(0.342038429346835,0.466855534176304,
0.621466324680135),.UNSPECIFIED.);
#76=B_SPLINE_CURVE_WITH_KNOTS('',3,(#10367,#10368,#10369,#10370,#10371,
#10372),.UNSPECIFIED.,.F.,.F.,(4,2,4),(0.342038429346836,0.466855534176304,
0.621466324680136),.UNSPECIFIED.);
#77=B_SPLINE_CURVE_WITH_KNOTS('',3,(#10373,#10374,#10375,#10376,#10377,
#10378),.UNSPECIFIED.,.F.,.F.,(4,2,4),(2.78106760176033,2.93567839226416,
3.06049549709363),.UNSPECIFIED.);
#78=B_SPLINE_CURVE_WITH_KNOTS('',3,(#10380,#10381,#10382,#10383,#10384,
#10385),.UNSPECIFIED.,.F.,.F.,(4,2,4),(0.342038429346834,0.466855534176303,
0.621466324680135),.UNSPECIFIED.);
#79=B_SPLINE_CURVE_WITH_KNOTS('',3,(#10386,#10387,#10388,#10389,#10390,
#10391),.UNSPECIFIED.,.F.,.F.,(4,2,4),(2.78106760176033,2.93567839226416,
3.06049549709363),.UNSPECIFIED.);
#80=B_SPLINE_CURVE_WITH_KNOTS('',3,(#10393,#10394,#10395,#10396,#10397,
#10398),.UNSPECIFIED.,.F.,.F.,(4,2,4),(0.342038429346836,0.466855534176304,
0.621466324680137),.UNSPECIFIED.);
#81=B_SPLINE_CURVE_WITH_KNOTS('',3,(#10399,#10400,#10401,#10402,#10403,
#10404),.UNSPECIFIED.,.F.,.F.,(4,2,4),(2.78106760176033,2.93567839226416,
3.06049549709363),.UNSPECIFIED.);
#82=B_SPLINE_CURVE_WITH_KNOTS('',3,(#10406,#10407,#10408,#10409,#10410,
#10411),.UNSPECIFIED.,.F.,.F.,(4,2,4),(0.342038429346836,0.466855534176304,
0.621466324680136),.UNSPECIFIED.);
#83=B_SPLINE_CURVE_WITH_KNOTS('',3,(#10412,#10413,#10414,#10415,#10416,
#10417),.UNSPECIFIED.,.F.,.F.,(4,2,4),(2.78106760176033,2.93567839226416,
3.06049549709363),.UNSPECIFIED.);
#84=B_SPLINE_CURVE_WITH_KNOTS('',3,(#10419,#10420,#10421,#10422,#10423,
#10424),.UNSPECIFIED.,.F.,.F.,(4,2,4),(2.78106760176033,2.93567839226416,
3.06049549709363),.UNSPECIFIED.);
#85=B_SPLINE_CURVE_WITH_KNOTS('',3,(#10425,#10426,#10427,#10428,#10429,
#10430),.UNSPECIFIED.,.F.,.F.,(4,2,4),(0.342038429346835,0.466855534176304,
0.621466324680136),.UNSPECIFIED.);
#86=B_SPLINE_CURVE_WITH_KNOTS('',3,(#10432,#10433,#10434,#10435,#10436,
#10437),.UNSPECIFIED.,.F.,.F.,(4,2,4),(2.78106760176033,2.93567839226416,
3.06049549709363),.UNSPECIFIED.);
#87=B_SPLINE_CURVE_WITH_KNOTS('',3,(#10439,#10440,#10441,#10442,#10443,
#10444),.UNSPECIFIED.,.F.,.F.,(4,2,4),(2.85049190047073,2.97530900530019,
3.12991979580402),.UNSPECIFIED.);
#88=B_SPLINE_CURVE_WITH_KNOTS('',3,(#10445,#10446,#10447,#10448,#10449,
#10450),.UNSPECIFIED.,.F.,.F.,(4,2,4),(5.28952107288421,5.44413186338804,
5.5689489682175),.UNSPECIFIED.);
#89=B_SPLINE_CURVE_WITH_KNOTS('',3,(#10452,#10453,#10454,#10455,#10456,
#10457),.UNSPECIFIED.,.F.,.F.,(4,2,4),(5.28952107288422,5.44413186338805,
5.56894896821751),.UNSPECIFIED.);
#90=B_SPLINE_CURVE_WITH_KNOTS('',3,(#10458,#10459,#10460,#10461,#10462,
#10463),.UNSPECIFIED.,.F.,.F.,(4,2,4),(2.85049190047073,2.97530900530019,
3.12991979580402),.UNSPECIFIED.);
#91=B_SPLINE_CURVE_WITH_KNOTS('',3,(#10465,#10466,#10467,#10468,#10469,
#10470),.UNSPECIFIED.,.F.,.F.,(4,2,4),(5.28952107288422,5.44413186338805,
5.56894896821751),.UNSPECIFIED.);
#92=B_SPLINE_CURVE_WITH_KNOTS('',3,(#10471,#10472,#10473,#10474,#10475,
#10476),.UNSPECIFIED.,.F.,.F.,(4,2,4),(2.85049190047073,2.97530900530019,
3.12991979580402),.UNSPECIFIED.);
#93=B_SPLINE_CURVE_WITH_KNOTS('',3,(#10478,#10479,#10480,#10481,#10482,
#10483),.UNSPECIFIED.,.F.,.F.,(4,2,4),(5.28952107288421,5.44413186338804,
5.56894896821751),.UNSPECIFIED.);
#94=B_SPLINE_CURVE_WITH_KNOTS('',3,(#10484,#10485,#10486,#10487,#10488,
#10489),.UNSPECIFIED.,.F.,.F.,(4,2,4),(2.85049190047073,2.97530900530019,
3.12991979580402),.UNSPECIFIED.);
#95=B_SPLINE_CURVE_WITH_KNOTS('',3,(#10491,#10492,#10493,#10494,#10495,
#10496),.UNSPECIFIED.,.F.,.F.,(4,2,4),(2.85049190047073,2.97530900530019,
3.12991979580402),.UNSPECIFIED.);
#96=B_SPLINE_CURVE_WITH_KNOTS('',3,(#10498,#10499,#10500,#10501,#10502,
#10503),.UNSPECIFIED.,.F.,.F.,(4,2,4),(2.85049190047072,2.97530900530019,
3.12991979580402),.UNSPECIFIED.);
#97=B_SPLINE_CURVE_WITH_KNOTS('',3,(#10504,#10505,#10506,#10507,#10508,
#10509),.UNSPECIFIED.,.F.,.F.,(4,2,4),(5.28952107288422,5.44413186338805,
5.56894896821751),.UNSPECIFIED.);
#98=B_SPLINE_CURVE_WITH_KNOTS('',3,(#10511,#10512,#10513,#10514,#10515,
#10516),.UNSPECIFIED.,.F.,.F.,(4,2,4),(5.28952107288421,5.44413186338804,
5.56894896821751),.UNSPECIFIED.);
#99=B_SPLINE_CURVE_WITH_KNOTS('',3,(#10517,#10518,#10519,#10520,#10521,
#10522),.UNSPECIFIED.,.F.,.F.,(4,2,4),(2.85049190047072,2.97530900530019,
3.12991979580402),.UNSPECIFIED.);
#100=B_SPLINE_CURVE_WITH_KNOTS('',3,(#10524,#10525,#10526,#10527,#10528,
#10529),.UNSPECIFIED.,.F.,.F.,(4,2,4),(5.28952107288421,5.44413186338805,
5.56894896821751),.UNSPECIFIED.);
#101=B_SPLINE_CURVE_WITH_KNOTS('',3,(#10530,#10531,#10532,#10533,#10534,
#10535),.UNSPECIFIED.,.F.,.F.,(4,2,4),(2.85049190047072,2.97530900530019,
3.12991979580402),.UNSPECIFIED.);
#102=B_SPLINE_CURVE_WITH_KNOTS('',3,(#10537,#10538,#10539,#10540,#10541,
#10542),.UNSPECIFIED.,.F.,.F.,(4,2,4),(2.85049190047073,2.97530900530019,
3.12991979580402),.UNSPECIFIED.);
#103=B_SPLINE_CURVE_WITH_KNOTS('',3,(#10543,#10544,#10545,#10546,#10547,
#10548),.UNSPECIFIED.,.F.,.F.,(4,2,4),(5.28952107288421,5.44413186338805,
5.56894896821751),.UNSPECIFIED.);
#104=B_SPLINE_CURVE_WITH_KNOTS('',3,(#10550,#10551,#10552,#10553,#10554,
#10555),.UNSPECIFIED.,.F.,.F.,(4,2,4),(5.28952107288421,5.44413186338805,
5.56894896821751),.UNSPECIFIED.);
#105=B_SPLINE_CURVE_WITH_KNOTS('',3,(#10557,#10558,#10559,#10560,#10561,
#10562),.UNSPECIFIED.,.F.,.F.,(4,2,4),(2.85049190047073,2.97530900530019,
3.12991979580402),.UNSPECIFIED.);
#106=B_SPLINE_CURVE_WITH_KNOTS('',3,(#10563,#10564,#10565,#10566,#10567,
#10568),.UNSPECIFIED.,.F.,.F.,(4,2,4),(5.28952107288421,5.44413186338804,
5.56894896821751),.UNSPECIFIED.);
#107=B_SPLINE_CURVE_WITH_KNOTS('',3,(#10570,#10571,#10572,#10573,#10574,
#10575),.UNSPECIFIED.,.F.,.F.,(4,2,4),(5.28952107288421,5.44413186338805,
5.56894896821751),.UNSPECIFIED.);
#108=B_SPLINE_CURVE_WITH_KNOTS('',3,(#10577,#10578,#10579,#10580,#10581,
#10582),.UNSPECIFIED.,.F.,.F.,(4,2,4),(2.85049190047073,2.97530900530019,
3.12991979580402),.UNSPECIFIED.);
#109=B_SPLINE_CURVE_WITH_KNOTS('',3,(#10583,#10584,#10585,#10586,#10587,
#10588),.UNSPECIFIED.,.F.,.F.,(4,2,4),(5.28952107288421,5.44413186338804,
5.56894896821751),.UNSPECIFIED.);
#110=B_SPLINE_CURVE_WITH_KNOTS('',3,(#10590,#10591,#10592,#10593,#10594,
#10595),.UNSPECIFIED.,.F.,.F.,(4,2,4),(5.28952107288421,5.44413186338804,
5.56894896821751),.UNSPECIFIED.);
#111=B_SPLINE_CURVE_WITH_KNOTS('',3,(#10596,#10597,#10598,#10599,#10600,
#10601),.UNSPECIFIED.,.F.,.F.,(4,2,4),(2.85049190047072,2.97530900530019,
3.12991979580402),.UNSPECIFIED.);
#112=B_SPLINE_CURVE_WITH_KNOTS('',3,(#10603,#10604,#10605,#10606,#10607,
#10608),.UNSPECIFIED.,.F.,.F.,(4,2,4),(5.28952107288422,5.44413186338805,
5.56894896821751),.UNSPECIFIED.);
#113=B_SPLINE_CURVE_WITH_KNOTS('',3,(#10609,#10610,#10611,#10612,#10613,
#10614),.UNSPECIFIED.,.F.,.F.,(4,2,4),(2.85049190047072,2.97530900530019,
3.12991979580402),.UNSPECIFIED.);
#114=B_SPLINE_CURVE_WITH_KNOTS('',3,(#10616,#10617,#10618,#10619,#10620,
#10621),.UNSPECIFIED.,.F.,.F.,(4,2,4),(5.28952107288422,5.44413186338805,
5.56894896821751),.UNSPECIFIED.);
#115=B_SPLINE_CURVE_WITH_KNOTS('',3,(#10622,#10623,#10624,#10625,#10626,
#10627),.UNSPECIFIED.,.F.,.F.,(4,2,4),(2.85049190047073,2.97530900530019,
3.12991979580402),.UNSPECIFIED.);
#116=B_SPLINE_CURVE_WITH_KNOTS('',3,(#10629,#10630,#10631,#10632,#10633,
#10634),.UNSPECIFIED.,.F.,.F.,(4,2,4),(2.85049190047073,2.97530900530019,
3.12991979580402),.UNSPECIFIED.);
#117=B_SPLINE_CURVE_WITH_KNOTS('',3,(#10635,#10636,#10637,#10638,#10639,
#10640),.UNSPECIFIED.,.F.,.F.,(4,2,4),(5.28952107288421,5.44413186338805,
5.56894896821751),.UNSPECIFIED.);
#118=B_SPLINE_CURVE_WITH_KNOTS('',3,(#10642,#10643,#10644,#10645,#10646,
#10647),.UNSPECIFIED.,.F.,.F.,(4,2,4),(5.28952107288421,5.44413186338805,
5.56894896821751),.UNSPECIFIED.);
#119=B_SPLINE_CURVE_WITH_KNOTS('',3,(#10648,#10649,#10650,#10651,#10652,
#10653),.UNSPECIFIED.,.F.,.F.,(4,2,4),(2.85049190047073,2.97530900530019,
3.12991979580402),.UNSPECIFIED.);
#120=B_SPLINE_CURVE_WITH_KNOTS('',3,(#10655,#10656,#10657,#10658,#10659,
#10660),.UNSPECIFIED.,.F.,.F.,(4,2,4),(2.85049190047072,2.97530900530019,
3.12991979580402),.UNSPECIFIED.);
#121=B_SPLINE_CURVE_WITH_KNOTS('',3,(#10661,#10662,#10663,#10664,#10665,
#10666),.UNSPECIFIED.,.F.,.F.,(4,2,4),(5.28952107288421,5.44413186338805,
5.56894896821751),.UNSPECIFIED.);
#122=B_SPLINE_CURVE_WITH_KNOTS('',3,(#10668,#10669,#10670,#10671,#10672,
#10673),.UNSPECIFIED.,.F.,.F.,(4,2,4),(5.28952107288421,5.44413186338805,
5.56894896821751),.UNSPECIFIED.);
#123=B_SPLINE_CURVE_WITH_KNOTS('',3,(#10674,#10675,#10676,#10677,#10678,
#10679),.UNSPECIFIED.,.F.,.F.,(4,2,4),(2.85049190047073,2.97530900530019,
3.12991979580402),.UNSPECIFIED.);
#124=B_SPLINE_CURVE_WITH_KNOTS('',3,(#10681,#10682,#10683,#10684,#10685,
#10686),.UNSPECIFIED.,.F.,.F.,(4,2,4),(2.85049190047073,2.97530900530019,
3.12991979580402),.UNSPECIFIED.);
#125=B_SPLINE_CURVE_WITH_KNOTS('',3,(#10687,#10688,#10689,#10690,#10691,
#10692),.UNSPECIFIED.,.F.,.F.,(4,2,4),(5.28952107288421,5.44413186338805,
5.56894896821751),.UNSPECIFIED.);
#126=B_SPLINE_CURVE_WITH_KNOTS('',3,(#10694,#10695,#10696,#10697,#10698,
#10699),.UNSPECIFIED.,.F.,.F.,(4,2,4),(5.28952107288422,5.44413186338805,
5.56894896821751),.UNSPECIFIED.);
#127=B_SPLINE_CURVE_WITH_KNOTS('',3,(#10700,#10701,#10702,#10703,#10704,
#10705),.UNSPECIFIED.,.F.,.F.,(4,2,4),(2.85049190047073,2.97530900530019,
3.12991979580402),.UNSPECIFIED.);
#128=B_SPLINE_CURVE_WITH_KNOTS('',3,(#10707,#10708,#10709,#10710,#10711,
#10712),.UNSPECIFIED.,.F.,.F.,(4,2,4),(5.28952107288421,5.44413186338805,
5.56894896821751),.UNSPECIFIED.);
#129=B_SPLINE_CURVE_WITH_KNOTS('',3,(#10713,#10714,#10715,#10716,#10717,
#10718),.UNSPECIFIED.,.F.,.F.,(4,2,4),(2.85049190047073,2.97530900530019,
3.12991979580402),.UNSPECIFIED.);
#130=B_SPLINE_CURVE_WITH_KNOTS('',3,(#10720,#10721,#10722,#10723,#10724,
#10725),.UNSPECIFIED.,.F.,.F.,(4,2,4),(5.28952107288422,5.44413186338805,
5.56894896821751),.UNSPECIFIED.);
#131=B_SPLINE_CURVE_WITH_KNOTS('',3,(#10726,#10727,#10728,#10729,#10730,
#10731),.UNSPECIFIED.,.F.,.F.,(4,2,4),(2.85049190047073,2.97530900530019,
3.12991979580402),.UNSPECIFIED.);
#132=B_SPLINE_CURVE_WITH_KNOTS('',3,(#10733,#10734,#10735,#10736,#10737,
#10738),.UNSPECIFIED.,.F.,.F.,(4,2,4),(2.85049190047072,2.97530900530019,
3.12991979580402),.UNSPECIFIED.);
#133=B_SPLINE_CURVE_WITH_KNOTS('',3,(#10739,#10740,#10741,#10742,#10743,
#10744),.UNSPECIFIED.,.F.,.F.,(4,2,4),(5.28952107288421,5.44413186338805,
5.56894896821751),.UNSPECIFIED.);
#134=B_SPLINE_CURVE_WITH_KNOTS('',3,(#10746,#10747,#10748,#10749,#10750,
#10751),.UNSPECIFIED.,.F.,.F.,(4,2,4),(5.28952107288422,5.44413186338805,
5.56894896821751),.UNSPECIFIED.);
#135=B_SPLINE_CURVE_WITH_KNOTS('',3,(#10752,#10753,#10754,#10755,#10756,
#10757),.UNSPECIFIED.,.F.,.F.,(4,2,4),(2.85049190047073,2.97530900530019,
3.12991979580402),.UNSPECIFIED.);
#136=B_SPLINE_CURVE_WITH_KNOTS('',3,(#10759,#10760,#10761,#10762,#10763,
#10764),.UNSPECIFIED.,.F.,.F.,(4,2,4),(2.85049190047072,2.97530900530019,
3.12991979580402),.UNSPECIFIED.);
#137=B_SPLINE_CURVE_WITH_KNOTS('',3,(#10765,#10766,#10767,#10768,#10769,
#10770),.UNSPECIFIED.,.F.,.F.,(4,2,4),(5.28952107288422,5.44413186338805,
5.56894896821751),.UNSPECIFIED.);
#138=B_SPLINE_CURVE_WITH_KNOTS('',3,(#10772,#10773,#10774,#10775,#10776,
#10777),.UNSPECIFIED.,.F.,.F.,(4,2,4),(2.85049190047072,2.97530900530019,
3.12991979580402),.UNSPECIFIED.);
#139=B_SPLINE_CURVE_WITH_KNOTS('',3,(#10778,#10779,#10780,#10781,#10782,
#10783),.UNSPECIFIED.,.F.,.F.,(4,2,4),(5.28952107288421,5.44413186338804,
5.56894896821751),.UNSPECIFIED.);
#140=B_SPLINE_CURVE_WITH_KNOTS('',3,(#10785,#10786,#10787,#10788,#10789,
#10790),.UNSPECIFIED.,.F.,.F.,(4,2,4),(5.28952107288421,5.44413186338805,
5.56894896821751),.UNSPECIFIED.);
#141=B_SPLINE_CURVE_WITH_KNOTS('',3,(#10791,#10792,#10793,#10794,#10795,
#10796),.UNSPECIFIED.,.F.,.F.,(4,2,4),(2.85049190047073,2.97530900530019,
3.12991979580402),.UNSPECIFIED.);
#142=B_SPLINE_CURVE_WITH_KNOTS('',3,(#10798,#10799,#10800,#10801,#10802,
#10803),.UNSPECIFIED.,.F.,.F.,(4,2,4),(5.28952107288421,5.44413186338805,
5.56894896821751),.UNSPECIFIED.);
#143=B_SPLINE_CURVE_WITH_KNOTS('',3,(#10804,#10805,#10806,#10807,#10808,
#10809),.UNSPECIFIED.,.F.,.F.,(4,2,4),(2.85049190047073,2.97530900530019,
3.12991979580402),.UNSPECIFIED.);
#144=B_SPLINE_CURVE_WITH_KNOTS('',3,(#10811,#10812,#10813,#10814,#10815,
#10816),.UNSPECIFIED.,.F.,.F.,(4,2,4),(5.28952107288421,5.44413186338805,
5.56894896821751),.UNSPECIFIED.);
#145=B_SPLINE_CURVE_WITH_KNOTS('',3,(#10817,#10818,#10819,#10820,#10821,
#10822),.UNSPECIFIED.,.F.,.F.,(4,2,4),(2.85049190047073,2.97530900530019,
3.12991979580402),.UNSPECIFIED.);
#146=B_SPLINE_CURVE_WITH_KNOTS('',3,(#10824,#10825,#10826,#10827,#10828,
#10829),.UNSPECIFIED.,.F.,.F.,(4,2,4),(5.28952107288421,5.44413186338805,
5.56894896821751),.UNSPECIFIED.);
#147=B_SPLINE_CURVE_WITH_KNOTS('',3,(#10830,#10831,#10832,#10833,#10834,
#10835),.UNSPECIFIED.,.F.,.F.,(4,2,4),(2.85049190047073,2.97530900530019,
3.12991979580402),.UNSPECIFIED.);
#148=B_SPLINE_CURVE_WITH_KNOTS('',3,(#10837,#10838,#10839,#10840,#10841,
#10842),.UNSPECIFIED.,.F.,.F.,(4,2,4),(2.85049190047073,2.97530900530019,
3.12991979580402),.UNSPECIFIED.);
#149=B_SPLINE_CURVE_WITH_KNOTS('',3,(#10843,#10844,#10845,#10846,#10847,
#10848),.UNSPECIFIED.,.F.,.F.,(4,2,4),(5.28952107288421,5.44413186338805,
5.56894896821751),.UNSPECIFIED.);
#150=B_SPLINE_CURVE_WITH_KNOTS('',3,(#10850,#10851,#10852,#10853,#10854,
#10855),.UNSPECIFIED.,.F.,.F.,(4,2,4),(2.85049190047072,2.97530900530019,
3.12991979580402),.UNSPECIFIED.);
#151=B_SPLINE_CURVE_WITH_KNOTS('',3,(#10863,#10864,#10865,#10866,#10867,
#10868),.UNSPECIFIED.,.F.,.F.,(4,2,4),(2.78106760176033,2.93567839226416,
3.06049549709363),.UNSPECIFIED.);
#152=B_SPLINE_CURVE_WITH_KNOTS('',3,(#10870,#10871,#10872,#10873,#10874,
#10875),.UNSPECIFIED.,.F.,.F.,(4,2,4),(2.85049190047073,2.97530900530019,
3.12991979580402),.UNSPECIFIED.);
#153=B_SPLINE_CURVE_WITH_KNOTS('',3,(#11145,#11146,#11147,#11148,#11149,
#11150,#11151,#11152,#11153,#11154,#11155,#11156,#11157,#11158,#11159,#11160,
#11161,#11162),.UNSPECIFIED.,.F.,.F.,(4,2,2,2,2,2,2,2,4),(0.,0.0604776324694437,
0.120955264938887,0.187972813100726,0.254990361262564,0.318504791609604,
0.382019221956645,0.442032393331103,0.502045564705562),.UNSPECIFIED.);
#154=B_SPLINE_CURVE_WITH_KNOTS('',3,(#11163,#11164,#11165,#11166,#11167,
#11168,#11169,#11170,#11171,#11172,#11173,#11174,#11175,#11176,#11177,#11178,
#11179,#11180),.UNSPECIFIED.,.F.,.F.,(4,2,2,2,2,2,2,2,4),(0.502045564705562,
0.56205873608002,0.622071907454479,0.685586337801519,0.749100768148559,
0.816118316310398,0.883135864472236,0.94361349694168,1.00409112941112),
 .UNSPECIFIED.);
#155=B_SPLINE_CURVE_WITH_KNOTS('',3,(#11183,#11184,#11185,#11186,#11187,
#11188,#11189,#11190,#11191,#11192,#11193,#11194,#11195,#11196,#11197,#11198,
#11199,#11200),.UNSPECIFIED.,.F.,.F.,(4,2,2,2,2,2,2,2,4),(0.,0.0600131713744586,
0.120026342748917,0.183540773095958,0.247055203442998,0.314072751604837,
0.381090299766675,0.441567932236119,0.502045564705563),.UNSPECIFIED.);
#156=B_SPLINE_CURVE_WITH_KNOTS('',3,(#11201,#11202,#11203,#11204,#11205,
#11206,#11207,#11208,#11209,#11210,#11211,#11212,#11213,#11214,#11215,#11216,
#11217,#11218),.UNSPECIFIED.,.F.,.F.,(4,2,2,2,2,2,2,2,4),(0.502045564705563,
0.562523197175006,0.62300082964445,0.690018377806289,0.757035925968127,
0.820550356315168,0.884064786662208,0.944077958036667,1.00409112941113),
 .UNSPECIFIED.);
#157=B_SPLINE_CURVE_WITH_KNOTS('',3,(#11221,#11222,#11223,#11224,#11225,
#11226,#11227,#11228,#11229,#11230,#11231,#11232,#11233,#11234,#11235,#11236,
#11237,#11238,#11239,#11240,#11241,#11242,#11243,#11244,#11245,#11246,#11247,
#11248,#11249,#11250,#11251,#11252,#11253,#11254),.UNSPECIFIED.,.T.,.F.,
(4,2,2,2,2,2,2,2,2,2,2,2,2,2,2,2,4),(0.,0.0604776324694437,0.120955264938887,
0.187972813100726,0.254990361262565,0.318504791609605,0.382019221956645,
0.442032393331104,0.502045564705562,0.562058736080021,0.622071907454479,
0.68558633780152,0.74910076814856,0.816118316310399,0.883135864472237,0.943613496941681,
1.00409112941112),.UNSPECIFIED.);
#158=B_SPLINE_CURVE_WITH_KNOTS('',3,(#11256,#11257,#11258,#11259,#11260,
#11261,#11262,#11263,#11264,#11265,#11266,#11267,#11268,#11269,#11270,#11271,
#11272,#11273,#11274,#11275,#11276,#11277,#11278,#11279,#11280,#11281,#11282,
#11283,#11284,#11285,#11286,#11287,#11288,#11289),.UNSPECIFIED.,.T.,.F.,
(4,2,2,2,2,2,2,2,2,2,2,2,2,2,2,2,4),(0.,0.0600131713744585,0.120026342748917,
0.183540773095957,0.247055203442997,0.314072751604836,0.381090299766674,
0.441567932236118,0.502045564705561,0.562523197175005,0.623000829644449,
0.690018377806287,0.757035925968126,0.820550356315166,0.884064786662206,
0.944077958036664,1.00409112941112),.UNSPECIFIED.);
#159=CONICAL_SURFACE('',#5891,14.,0.785398163397449);
#160=CONICAL_SURFACE('',#6107,14.,0.785398163397447);
#161=CONICAL_SURFACE('',#6458,37.,0.785398163397448);
#162=CONICAL_SURFACE('',#6459,37.,0.785398163397448);
#163=CONICAL_SURFACE('',#6460,37.,0.785398163397448);
#164=CONICAL_SURFACE('',#6461,37.,0.785398163397448);
#165=CONICAL_SURFACE('',#6462,37.,0.785398163397448);
#166=CONICAL_SURFACE('',#6463,37.,0.785398163397448);
#167=CONICAL_SURFACE('',#6464,37.,0.785398163397448);
#168=CONICAL_SURFACE('',#6465,37.,0.785398163397448);
#169=CONICAL_SURFACE('',#6466,37.,0.785398163397448);
#170=CONICAL_SURFACE('',#6467,37.,0.785398163397448);
#171=CONICAL_SURFACE('',#6468,37.,0.785398163397448);
#172=CONICAL_SURFACE('',#6469,37.,0.785398163397448);
#173=CONICAL_SURFACE('',#6470,37.,0.785398163397448);
#174=CONICAL_SURFACE('',#6471,37.,0.785398163397448);
#175=CONICAL_SURFACE('',#6472,37.,0.785398163397448);
#176=CONICAL_SURFACE('',#6473,37.,0.785398163397448);
#177=CONICAL_SURFACE('',#6474,37.,0.785398163397448);
#178=CONICAL_SURFACE('',#6475,37.,0.785398163397448);
#179=CONICAL_SURFACE('',#6476,37.,0.785398163397448);
#180=CONICAL_SURFACE('',#6477,37.,0.785398163397448);
#181=CONICAL_SURFACE('',#6478,37.,0.785398163397448);
#182=CONICAL_SURFACE('',#6479,37.,0.785398163397448);
#183=CONICAL_SURFACE('',#6480,37.,0.785398163397448);
#184=CONICAL_SURFACE('',#6481,37.,0.785398163397448);
#185=CONICAL_SURFACE('',#6482,37.,0.785398163397448);
#186=CONICAL_SURFACE('',#6483,37.,0.785398163397448);
#187=CONICAL_SURFACE('',#6484,37.,0.785398163397448);
#188=CONICAL_SURFACE('',#6485,37.,0.785398163397448);
#189=CONICAL_SURFACE('',#6486,37.,0.785398163397448);
#190=CONICAL_SURFACE('',#6487,37.,0.785398163397448);
#191=CONICAL_SURFACE('',#6488,37.,0.785398163397448);
#192=CONICAL_SURFACE('',#6489,37.,0.785398163397448);
#193=CONICAL_SURFACE('',#6490,37.,0.785398163397448);
#194=CONICAL_SURFACE('',#6491,37.,0.785398163397448);
#195=CONICAL_SURFACE('',#6492,35.,0.785398163397447);
#196=CONICAL_SURFACE('',#6493,35.,0.785398163397447);
#197=CONICAL_SURFACE('',#6494,35.,0.785398163397447);
#198=CONICAL_SURFACE('',#6495,35.,0.785398163397447);
#199=CONICAL_SURFACE('',#6496,35.,0.785398163397447);
#200=CONICAL_SURFACE('',#6497,35.,0.785398163397447);
#201=CONICAL_SURFACE('',#6498,35.,0.785398163397447);
#202=CONICAL_SURFACE('',#6499,35.,0.785398163397447);
#203=CONICAL_SURFACE('',#6500,35.,0.785398163397447);
#204=CONICAL_SURFACE('',#6501,35.,0.785398163397447);
#205=CONICAL_SURFACE('',#6502,35.,0.785398163397447);
#206=CONICAL_SURFACE('',#6503,35.,0.785398163397447);
#207=CONICAL_SURFACE('',#6504,35.,0.785398163397447);
#208=CONICAL_SURFACE('',#6505,35.,0.785398163397447);
#209=CONICAL_SURFACE('',#6506,35.,0.785398163397447);
#210=CONICAL_SURFACE('',#6507,35.,0.785398163397447);
#211=CONICAL_SURFACE('',#6508,35.,0.785398163397447);
#212=CONICAL_SURFACE('',#6509,35.,0.785398163397447);
#213=CONICAL_SURFACE('',#6510,35.,0.785398163397447);
#214=CONICAL_SURFACE('',#6511,35.,0.785398163397447);
#215=CONICAL_SURFACE('',#6512,35.,0.785398163397447);
#216=CONICAL_SURFACE('',#6513,35.,0.785398163397447);
#217=CONICAL_SURFACE('',#6514,35.,0.785398163397447);
#218=CONICAL_SURFACE('',#6515,35.,0.785398163397447);
#219=CONICAL_SURFACE('',#6516,35.,0.785398163397447);
#220=CONICAL_SURFACE('',#6517,35.,0.785398163397447);
#221=CONICAL_SURFACE('',#6518,35.,0.785398163397447);
#222=CONICAL_SURFACE('',#6519,35.,0.785398163397447);
#223=CONICAL_SURFACE('',#6520,35.,0.785398163397447);
#224=CONICAL_SURFACE('',#6521,35.,0.785398163397447);
#225=CONICAL_SURFACE('',#6522,35.,0.785398163397447);
#226=CONICAL_SURFACE('',#6523,35.,0.785398163397447);
#227=CONICAL_SURFACE('',#6524,35.,0.785398163397447);
#228=CONICAL_SURFACE('',#6525,35.,0.785398163397447);
#229=CONICAL_SURFACE('',#6534,37.,0.785398163397448);
#230=CONICAL_SURFACE('',#6535,35.,0.785398163397447);
#231=STYLED_ITEM('',(#11327),#234);
#232=STYLED_ITEM('',(#11327),#235);
#233=STYLED_ITEM('',(#11327),#236);
#234=MANIFOLD_SOLID_BREP('Body1',#5841);
#235=MANIFOLD_SOLID_BREP('Body7',#5842);
#236=MANIFOLD_SOLID_BREP('Body8',#5843);
#237=FACE_BOUND('',#602,.T.);
#238=FACE_BOUND('',#606,.T.);
#239=FACE_BOUND('',#608,.T.);
#240=FACE_BOUND('',#610,.T.);
#241=FACE_BOUND('',#615,.T.);
#242=FACE_BOUND('',#619,.T.);
#243=FACE_BOUND('',#621,.T.);
#244=FACE_BOUND('',#623,.T.);
#245=FACE_BOUND('',#627,.T.);
#246=FACE_BOUND('',#631,.T.);
#247=FACE_BOUND('',#634,.T.);
#248=FACE_BOUND('',#636,.T.);
#249=FACE_BOUND('',#637,.T.);
#250=FACE_BOUND('',#639,.T.);
#251=FACE_BOUND('',#641,.T.);
#252=FACE_BOUND('',#642,.T.);
#253=FACE_BOUND('',#924,.T.);
#254=FACE_BOUND('',#926,.T.);
#255=FACE_BOUND('',#928,.T.);
#256=FACE_BOUND('',#929,.T.);
#257=FACE_BOUND('',#931,.T.);
#258=FACE_BOUND('',#932,.T.);
#259=PLANE('',#5860);
#260=PLANE('',#5861);
#261=PLANE('',#5869);
#262=PLANE('',#5870);
#263=PLANE('',#5871);
#264=PLANE('',#5877);
#265=PLANE('',#5878);
#266=PLANE('',#5886);
#267=PLANE('',#5887);
#268=PLANE('',#5888);
#269=PLANE('',#5894);
#270=PLANE('',#6110);
#271=PLANE('',#6323);
#272=PLANE('',#6326);
#273=PLANE('',#6329);
#274=PLANE('',#6332);
#275=PLANE('',#6685);
#276=PLANE('',#6687);
#277=PLANE('',#6695);
#278=PLANE('',#6698);
#279=FACE_OUTER_BOUND('',#599,.T.);
#280=FACE_OUTER_BOUND('',#600,.T.);
#281=FACE_OUTER_BOUND('',#601,.T.);
#282=FACE_OUTER_BOUND('',#603,.T.);
#283=FACE_OUTER_BOUND('',#604,.T.);
#284=FACE_OUTER_BOUND('',#605,.T.);
#285=FACE_OUTER_BOUND('',#607,.T.);
#286=FACE_OUTER_BOUND('',#609,.T.);
#287=FACE_OUTER_BOUND('',#611,.T.);
#288=FACE_OUTER_BOUND('',#612,.T.);
#289=FACE_OUTER_BOUND('',#613,.T.);
#290=FACE_OUTER_BOUND('',#614,.T.);
#291=FACE_OUTER_BOUND('',#616,.T.);
#292=FACE_OUTER_BOUND('',#617,.T.);
#293=FACE_OUTER_BOUND('',#618,.T.);
#294=FACE_OUTER_BOUND('',#620,.T.);
#295=FACE_OUTER_BOUND('',#622,.T.);
#296=FACE_OUTER_BOUND('',#624,.T.);
#297=FACE_OUTER_BOUND('',#625,.T.);
#298=FACE_OUTER_BOUND('',#626,.T.);
#299=FACE_OUTER_BOUND('',#628,.T.);
#300=FACE_OUTER_BOUND('',#629,.T.);
#301=FACE_OUTER_BOUND('',#630,.T.);
#302=FACE_OUTER_BOUND('',#632,.T.);
#303=FACE_OUTER_BOUND('',#633,.T.);
#304=FACE_OUTER_BOUND('',#635,.T.);
#305=FACE_OUTER_BOUND('',#638,.T.);
#306=FACE_OUTER_BOUND('',#640,.T.);
#307=FACE_OUTER_BOUND('',#643,.T.);
#308=FACE_OUTER_BOUND('',#644,.T.);
#309=FACE_OUTER_BOUND('',#645,.T.);
#310=FACE_OUTER_BOUND('',#646,.T.);
#311=FACE_OUTER_BOUND('',#647,.T.);
#312=FACE_OUTER_BOUND('',#648,.T.);
#313=FACE_OUTER_BOUND('',#649,.T.);
#314=FACE_OUTER_BOUND('',#650,.T.);
#315=FACE_OUTER_BOUND('',#651,.T.);
#316=FACE_OUTER_BOUND('',#652,.T.);
#317=FACE_OUTER_BOUND('',#653,.T.);
#318=FACE_OUTER_BOUND('',#654,.T.);
#319=FACE_OUTER_BOUND('',#655,.T.);
#320=FACE_OUTER_BOUND('',#656,.T.);
#321=FACE_OUTER_BOUND('',#657,.T.);
#322=FACE_OUTER_BOUND('',#658,.T.);
#323=FACE_OUTER_BOUND('',#659,.T.);
#324=FACE_OUTER_BOUND('',#660,.T.);
#325=FACE_OUTER_BOUND('',#661,.T.);
#326=FACE_OUTER_BOUND('',#662,.T.);
#327=FACE_OUTER_BOUND('',#663,.T.);
#328=FACE_OUTER_BOUND('',#664,.T.);
#329=FACE_OUTER_BOUND('',#665,.T.);
#330=FACE_OUTER_BOUND('',#666,.T.);
#331=FACE_OUTER_BOUND('',#667,.T.);
#332=FACE_OUTER_BOUND('',#668,.T.);
#333=FACE_OUTER_BOUND('',#669,.T.);
#334=FACE_OUTER_BOUND('',#670,.T.);
#335=FACE_OUTER_BOUND('',#671,.T.);
#336=FACE_OUTER_BOUND('',#672,.T.);
#337=FACE_OUTER_BOUND('',#673,.T.);
#338=FACE_OUTER_BOUND('',#674,.T.);
#339=FACE_OUTER_BOUND('',#675,.T.);
#340=FACE_OUTER_BOUND('',#676,.T.);
#341=FACE_OUTER_BOUND('',#677,.T.);
#342=FACE_OUTER_BOUND('',#678,.T.);
#343=FACE_OUTER_BOUND('',#679,.T.);
#344=FACE_OUTER_BOUND('',#680,.T.);
#345=FACE_OUTER_BOUND('',#681,.T.);
#346=FACE_OUTER_BOUND('',#682,.T.);
#347=FACE_OUTER_BOUND('',#683,.T.);
#348=FACE_OUTER_BOUND('',#684,.T.);
#349=FACE_OUTER_BOUND('',#685,.T.);
#350=FACE_OUTER_BOUND('',#686,.T.);
#351=FACE_OUTER_BOUND('',#687,.T.);
#352=FACE_OUTER_BOUND('',#688,.T.);
#353=FACE_OUTER_BOUND('',#689,.T.);
#354=FACE_OUTER_BOUND('',#690,.T.);
#355=FACE_OUTER_BOUND('',#691,.T.);
#356=FACE_OUTER_BOUND('',#692,.T.);
#357=FACE_OUTER_BOUND('',#693,.T.);
#358=FACE_OUTER_BOUND('',#694,.T.);
#359=FACE_OUTER_BOUND('',#695,.T.);
#360=FACE_OUTER_BOUND('',#696,.T.);
#361=FACE_OUTER_BOUND('',#697,.T.);
#362=FACE_OUTER_BOUND('',#698,.T.);
#363=FACE_OUTER_BOUND('',#699,.T.);
#364=FACE_OUTER_BOUND('',#700,.T.);
#365=FACE_OUTER_BOUND('',#701,.T.);
#366=FACE_OUTER_BOUND('',#702,.T.);
#367=FACE_OUTER_BOUND('',#703,.T.);
#368=FACE_OUTER_BOUND('',#704,.T.);
#369=FACE_OUTER_BOUND('',#705,.T.);
#370=FACE_OUTER_BOUND('',#706,.T.);
#371=FACE_OUTER_BOUND('',#707,.T.);
#372=FACE_OUTER_BOUND('',#708,.T.);
#373=FACE_OUTER_BOUND('',#709,.T.);
#374=FACE_OUTER_BOUND('',#710,.T.);
#375=FACE_OUTER_BOUND('',#711,.T.);
#376=FACE_OUTER_BOUND('',#712,.T.);
#377=FACE_OUTER_BOUND('',#713,.T.);
#378=FACE_OUTER_BOUND('',#714,.T.);
#379=FACE_OUTER_BOUND('',#715,.T.);
#380=FACE_OUTER_BOUND('',#716,.T.);
#381=FACE_OUTER_BOUND('',#717,.T.);
#382=FACE_OUTER_BOUND('',#718,.T.);
#383=FACE_OUTER_BOUND('',#719,.T.);
#384=FACE_OUTER_BOUND('',#720,.T.);
#385=FACE_OUTER_BOUND('',#721,.T.);
#386=FACE_OUTER_BOUND('',#722,.T.);
#387=FACE_OUTER_BOUND('',#723,.T.);
#388=FACE_OUTER_BOUND('',#724,.T.);
#389=FACE_OUTER_BOUND('',#725,.T.);
#390=FACE_OUTER_BOUND('',#726,.T.);
#391=FACE_OUTER_BOUND('',#727,.T.);
#392=FACE_OUTER_BOUND('',#728,.T.);
#393=FACE_OUTER_BOUND('',#729,.T.);
#394=FACE_OUTER_BOUND('',#730,.T.);
#395=FACE_OUTER_BOUND('',#731,.T.);
#396=FACE_OUTER_BOUND('',#732,.T.);
#397=FACE_OUTER_BOUND('',#733,.T.);
#398=FACE_OUTER_BOUND('',#734,.T.);
#399=FACE_OUTER_BOUND('',#735,.T.);
#400=FACE_OUTER_BOUND('',#736,.T.);
#401=FACE_OUTER_BOUND('',#737,.T.);
#402=FACE_OUTER_BOUND('',#738,.T.);
#403=FACE_OUTER_BOUND('',#739,.T.);
#404=FACE_OUTER_BOUND('',#740,.T.);
#405=FACE_OUTER_BOUND('',#741,.T.);
#406=FACE_OUTER_BOUND('',#742,.T.);
#407=FACE_OUTER_BOUND('',#743,.T.);
#408=FACE_OUTER_BOUND('',#744,.T.);
#409=FACE_OUTER_BOUND('',#745,.T.);
#410=FACE_OUTER_BOUND('',#746,.T.);
#411=FACE_OUTER_BOUND('',#747,.T.);
#412=FACE_OUTER_BOUND('',#748,.T.);
#413=FACE_OUTER_BOUND('',#749,.T.);
#414=FACE_OUTER_BOUND('',#750,.T.);
#415=FACE_OUTER_BOUND('',#751,.T.);
#416=FACE_OUTER_BOUND('',#752,.T.);
#417=FACE_OUTER_BOUND('',#753,.T.);
#418=FACE_OUTER_BOUND('',#754,.T.);
#419=FACE_OUTER_BOUND('',#755,.T.);
#420=FACE_OUTER_BOUND('',#756,.T.);
#421=FACE_OUTER_BOUND('',#757,.T.);
#422=FACE_OUTER_BOUND('',#758,.T.);
#423=FACE_OUTER_BOUND('',#759,.T.);
#424=FACE_OUTER_BOUND('',#760,.T.);
#425=FACE_OUTER_BOUND('',#761,.T.);
#426=FACE_OUTER_BOUND('',#762,.T.);
#427=FACE_OUTER_BOUND('',#763,.T.);
#428=FACE_OUTER_BOUND('',#764,.T.);
#429=FACE_OUTER_BOUND('',#765,.T.);
#430=FACE_OUTER_BOUND('',#766,.T.);
#431=FACE_OUTER_BOUND('',#767,.T.);
#432=FACE_OUTER_BOUND('',#768,.T.);
#433=FACE_OUTER_BOUND('',#769,.T.);
#434=FACE_OUTER_BOUND('',#770,.T.);
#435=FACE_OUTER_BOUND('',#771,.T.);
#436=FACE_OUTER_BOUND('',#772,.T.);
#437=FACE_OUTER_BOUND('',#773,.T.);
#438=FACE_OUTER_BOUND('',#774,.T.);
#439=FACE_OUTER_BOUND('',#775,.T.);
#440=FACE_OUTER_BOUND('',#776,.T.);
#441=FACE_OUTER_BOUND('',#777,.T.);
#442=FACE_OUTER_BOUND('',#778,.T.);
#443=FACE_OUTER_BOUND('',#779,.T.);
#444=FACE_OUTER_BOUND('',#780,.T.);
#445=FACE_OUTER_BOUND('',#781,.T.);
#446=FACE_OUTER_BOUND('',#782,.T.);
#447=FACE_OUTER_BOUND('',#783,.T.);
#448=FACE_OUTER_BOUND('',#784,.T.);
#449=FACE_OUTER_BOUND('',#785,.T.);
#450=FACE_OUTER_BOUND('',#786,.T.);
#451=FACE_OUTER_BOUND('',#787,.T.);
#452=FACE_OUTER_BOUND('',#788,.T.);
#453=FACE_OUTER_BOUND('',#789,.T.);
#454=FACE_OUTER_BOUND('',#790,.T.);
#455=FACE_OUTER_BOUND('',#791,.T.);
#456=FACE_OUTER_BOUND('',#792,.T.);
#457=FACE_OUTER_BOUND('',#793,.T.);
#458=FACE_OUTER_BOUND('',#794,.T.);
#459=FACE_OUTER_BOUND('',#795,.T.);
#460=FACE_OUTER_BOUND('',#796,.T.);
#461=FACE_OUTER_BOUND('',#797,.T.);
#462=FACE_OUTER_BOUND('',#798,.T.);
#463=FACE_OUTER_BOUND('',#799,.T.);
#464=FACE_OUTER_BOUND('',#800,.T.);
#465=FACE_OUTER_BOUND('',#801,.T.);
#466=FACE_OUTER_BOUND('',#802,.T.);
#467=FACE_OUTER_BOUND('',#803,.T.);
#468=FACE_OUTER_BOUND('',#804,.T.);
#469=FACE_OUTER_BOUND('',#805,.T.);
#470=FACE_OUTER_BOUND('',#806,.T.);
#471=FACE_OUTER_BOUND('',#807,.T.);
#472=FACE_OUTER_BOUND('',#808,.T.);
#473=FACE_OUTER_BOUND('',#809,.T.);
#474=FACE_OUTER_BOUND('',#810,.T.);
#475=FACE_OUTER_BOUND('',#811,.T.);
#476=FACE_OUTER_BOUND('',#812,.T.);
#477=FACE_OUTER_BOUND('',#813,.T.);
#478=FACE_OUTER_BOUND('',#814,.T.);
#479=FACE_OUTER_BOUND('',#815,.T.);
#480=FACE_OUTER_BOUND('',#816,.T.);
#481=FACE_OUTER_BOUND('',#817,.T.);
#482=FACE_OUTER_BOUND('',#818,.T.);
#483=FACE_OUTER_BOUND('',#819,.T.);
#484=FACE_OUTER_BOUND('',#820,.T.);
#485=FACE_OUTER_BOUND('',#821,.T.);
#486=FACE_OUTER_BOUND('',#822,.T.);
#487=FACE_OUTER_BOUND('',#823,.T.);
#488=FACE_OUTER_BOUND('',#824,.T.);
#489=FACE_OUTER_BOUND('',#825,.T.);
#490=FACE_OUTER_BOUND('',#826,.T.);
#491=FACE_OUTER_BOUND('',#827,.T.);
#492=FACE_OUTER_BOUND('',#828,.T.);
#493=FACE_OUTER_BOUND('',#829,.T.);
#494=FACE_OUTER_BOUND('',#830,.T.);
#495=FACE_OUTER_BOUND('',#831,.T.);
#496=FACE_OUTER_BOUND('',#832,.T.);
#497=FACE_OUTER_BOUND('',#833,.T.);
#498=FACE_OUTER_BOUND('',#834,.T.);
#499=FACE_OUTER_BOUND('',#835,.T.);
#500=FACE_OUTER_BOUND('',#836,.T.);
#501=FACE_OUTER_BOUND('',#837,.T.);
#502=FACE_OUTER_BOUND('',#838,.T.);
#503=FACE_OUTER_BOUND('',#839,.T.);
#504=FACE_OUTER_BOUND('',#840,.T.);
#505=FACE_OUTER_BOUND('',#841,.T.);
#506=FACE_OUTER_BOUND('',#842,.T.);
#507=FACE_OUTER_BOUND('',#843,.T.);
#508=FACE_OUTER_BOUND('',#844,.T.);
#509=FACE_OUTER_BOUND('',#845,.T.);
#510=FACE_OUTER_BOUND('',#846,.T.);
#511=FACE_OUTER_BOUND('',#847,.T.);
#512=FACE_OUTER_BOUND('',#848,.T.);
#513=FACE_OUTER_BOUND('',#849,.T.);
#514=FACE_OUTER_BOUND('',#850,.T.);
#515=FACE_OUTER_BOUND('',#851,.T.);
#516=FACE_OUTER_BOUND('',#852,.T.);
#517=FACE_OUTER_BOUND('',#853,.T.);
#518=FACE_OUTER_BOUND('',#854,.T.);
#519=FACE_OUTER_BOUND('',#855,.T.);
#520=FACE_OUTER_BOUND('',#856,.T.);
#521=FACE_OUTER_BOUND('',#857,.T.);
#522=FACE_OUTER_BOUND('',#858,.T.);
#523=FACE_OUTER_BOUND('',#859,.T.);
#524=FACE_OUTER_BOUND('',#860,.T.);
#525=FACE_OUTER_BOUND('',#861,.T.);
#526=FACE_OUTER_BOUND('',#862,.T.);
#527=FACE_OUTER_BOUND('',#863,.T.);
#528=FACE_OUTER_BOUND('',#864,.T.);
#529=FACE_OUTER_BOUND('',#865,.T.);
#530=FACE_OUTER_BOUND('',#866,.T.);
#531=FACE_OUTER_BOUND('',#867,.T.);
#532=FACE_OUTER_BOUND('',#868,.T.);
#533=FACE_OUTER_BOUND('',#869,.T.);
#534=FACE_OUTER_BOUND('',#870,.T.);
#535=FACE_OUTER_BOUND('',#871,.T.);
#536=FACE_OUTER_BOUND('',#872,.T.);
#537=FACE_OUTER_BOUND('',#873,.T.);
#538=FACE_OUTER_BOUND('',#874,.T.);
#539=FACE_OUTER_BOUND('',#875,.T.);
#540=FACE_OUTER_BOUND('',#876,.T.);
#541=FACE_OUTER_BOUND('',#877,.T.);
#542=FACE_OUTER_BOUND('',#878,.T.);
#543=FACE_OUTER_BOUND('',#879,.T.);
#544=FACE_OUTER_BOUND('',#880,.T.);
#545=FACE_OUTER_BOUND('',#881,.T.);
#546=FACE_OUTER_BOUND('',#882,.T.);
#547=FACE_OUTER_BOUND('',#883,.T.);
#548=FACE_OUTER_BOUND('',#884,.T.);
#549=FACE_OUTER_BOUND('',#885,.T.);
#550=FACE_OUTER_BOUND('',#886,.T.);
#551=FACE_OUTER_BOUND('',#887,.T.);
#552=FACE_OUTER_BOUND('',#888,.T.);
#553=FACE_OUTER_BOUND('',#889,.T.);
#554=FACE_OUTER_BOUND('',#890,.T.);
#555=FACE_OUTER_BOUND('',#891,.T.);
#556=FACE_OUTER_BOUND('',#892,.T.);
#557=FACE_OUTER_BOUND('',#893,.T.);
#558=FACE_OUTER_BOUND('',#894,.T.);
#559=FACE_OUTER_BOUND('',#895,.T.);
#560=FACE_OUTER_BOUND('',#896,.T.);
#561=FACE_OUTER_BOUND('',#897,.T.);
#562=FACE_OUTER_BOUND('',#898,.T.);
#563=FACE_OUTER_BOUND('',#899,.T.);
#564=FACE_OUTER_BOUND('',#900,.T.);
#565=FACE_OUTER_BOUND('',#901,.T.);
#566=FACE_OUTER_BOUND('',#902,.T.);
#567=FACE_OUTER_BOUND('',#903,.T.);
#568=FACE_OUTER_BOUND('',#904,.T.);
#569=FACE_OUTER_BOUND('',#905,.T.);
#570=FACE_OUTER_BOUND('',#906,.T.);
#571=FACE_OUTER_BOUND('',#907,.T.);
#572=FACE_OUTER_BOUND('',#908,.T.);
#573=FACE_OUTER_BOUND('',#909,.T.);
#574=FACE_OUTER_BOUND('',#910,.T.);
#575=FACE_OUTER_BOUND('',#911,.T.);
#576=FACE_OUTER_BOUND('',#912,.T.);
#577=FACE_OUTER_BOUND('',#913,.T.);
#578=FACE_OUTER_BOUND('',#914,.T.);
#579=FACE_OUTER_BOUND('',#915,.T.);
#580=FACE_OUTER_BOUND('',#916,.T.);
#581=FACE_OUTER_BOUND('',#917,.T.);
#582=FACE_OUTER_BOUND('',#918,.T.);
#583=FACE_OUTER_BOUND('',#919,.T.);
#584=FACE_OUTER_BOUND('',#920,.T.);
#585=FACE_OUTER_BOUND('',#921,.T.);
#586=FACE_OUTER_BOUND('',#922,.T.);
#587=FACE_OUTER_BOUND('',#923,.T.);
#588=FACE_OUTER_BOUND('',#925,.T.);
#589=FACE_OUTER_BOUND('',#927,.T.);
#590=FACE_OUTER_BOUND('',#930,.T.);
#591=FACE_OUTER_BOUND('',#933,.T.);
#592=FACE_OUTER_BOUND('',#934,.T.);
#593=FACE_OUTER_BOUND('',#935,.T.);
#594=FACE_OUTER_BOUND('',#936,.T.);
#595=FACE_OUTER_BOUND('',#937,.T.);
#596=FACE_OUTER_BOUND('',#938,.T.);
#597=FACE_OUTER_BOUND('',#939,.T.);
#598=FACE_OUTER_BOUND('',#940,.T.);
#599=EDGE_LOOP('',(#3469,#3470,#3471,#3472));
#600=EDGE_LOOP('',(#3473,#3474,#3475,#3476));
#601=EDGE_LOOP('',(#3477,#3478));
#602=EDGE_LOOP('',(#3479));
#603=EDGE_LOOP('',(#3480,#3481,#3482,#3483));
#604=EDGE_LOOP('',(#3484,#3485,#3486,#3487));
#605=EDGE_LOOP('',(#3488));
#606=EDGE_LOOP('',(#3489,#3490));
#607=EDGE_LOOP('',(#3491));
#608=EDGE_LOOP('',(#3492));
#609=EDGE_LOOP('',(#3493));
#610=EDGE_LOOP('',(#3494));
#611=EDGE_LOOP('',(#3495,#3496,#3497,#3498));
#612=EDGE_LOOP('',(#3499,#3500,#3501,#3502));
#613=EDGE_LOOP('',(#3503,#3504,#3505,#3506));
#614=EDGE_LOOP('',(#3507,#3508));
#615=EDGE_LOOP('',(#3509));
#616=EDGE_LOOP('',(#3510,#3511,#3512,#3513));
#617=EDGE_LOOP('',(#3514,#3515,#3516,#3517));
#618=EDGE_LOOP('',(#3518));
#619=EDGE_LOOP('',(#3519,#3520));
#620=EDGE_LOOP('',(#3521));
#621=EDGE_LOOP('',(#3522));
#622=EDGE_LOOP('',(#3523));
#623=EDGE_LOOP('',(#3524));
#624=EDGE_LOOP('',(#3525,#3526,#3527,#3528));
#625=EDGE_LOOP('',(#3529,#3530,#3531,#3532));
#626=EDGE_LOOP('',(#3533,#3534,#3535,#3536,#3537,#3538,#3539,#3540,#3541,
#3542,#3543,#3544,#3545,#3546,#3547,#3548,#3549,#3550,#3551,#3552,#3553,
#3554,#3555,#3556,#3557,#3558,#3559,#3560,#3561,#3562,#3563,#3564,#3565,
#3566,#3567,#3568,#3569,#3570,#3571,#3572,#3573,#3574,#3575,#3576,#3577,
#3578,#3579,#3580,#3581,#3582,#3583,#3584,#3585,#3586,#3587,#3588,#3589,
#3590,#3591,#3592,#3593,#3594,#3595,#3596,#3597,#3598,#3599,#3600,#3601,
#3602,#3603,#3604,#3605,#3606,#3607,#3608,#3609,#3610,#3611,#3612,#3613,
#3614,#3615,#3616,#3617,#3618,#3619,#3620,#3621,#3622,#3623,#3624,#3625,
#3626,#3627,#3628,#3629,#3630,#3631,#3632,#3633,#3634,#3635,#3636,#3637,
#3638,#3639,#3640,#3641,#3642,#3643,#3644,#3645,#3646,#3647,#3648,#3649,
#3650,#3651,#3652,#3653,#3654,#3655,#3656,#3657,#3658,#3659,#3660,#3661,
#3662,#3663,#3664,#3665,#3666,#3667,#3668,#3669,#3670,#3671,#3672,#3673,
#3674,#3675,#3676,#3677,#3678,#3679,#3680,#3681,#3682,#3683,#3684,#3685,
#3686,#3687,#3688,#3689,#3690,#3691,#3692,#3693,#3694,#3695,#3696,#3697,
#3698,#3699,#3700,#3701,#3702,#3703,#3704,#3705,#3706,#3707,#3708,#3709,
#3710,#3711,#3712,#3713,#3714,#3715,#3716,#3717,#3718,#3719,#3720,#3721,
#3722,#3723,#3724,#3725,#3726,#3727,#3728,#3729,#3730,#3731,#3732,#3733,
#3734,#3735,#3736,#3737,#3738,#3739,#3740,#3741,#3742));
#627=EDGE_LOOP('',(#3743));
#628=EDGE_LOOP('',(#3744,#3745,#3746,#3747));
#629=EDGE_LOOP('',(#3748,#3749,#3750,#3751));
#630=EDGE_LOOP('',(#3752,#3753,#3754,#3755,#3756,#3757,#3758,#3759,#3760,
#3761,#3762,#3763,#3764,#3765,#3766,#3767,#3768,#3769,#3770,#3771,#3772,
#3773,#3774,#3775,#3776,#3777,#3778,#3779,#3780,#3781,#3782,#3783,#3784,
#3785,#3786,#3787,#3788,#3789,#3790,#3791,#3792,#3793,#3794,#3795,#3796,
#3797,#3798,#3799,#3800,#3801,#3802,#3803,#3804,#3805,#3806,#3807,#3808,
#3809,#3810,#3811,#3812,#3813,#3814,#3815,#3816,#3817,#3818,#3819,#3820,
#3821,#3822,#3823,#3824,#3825,#3826,#3827,#3828,#3829,#3830,#3831,#3832,
#3833,#3834,#3835,#3836,#3837,#3838,#3839,#3840,#3841,#3842,#3843,#3844,
#3845,#3846,#3847,#3848,#3849,#3850,#3851,#3852,#3853,#3854,#3855,#3856,
#3857,#3858,#3859,#3860,#3861,#3862,#3863,#3864,#3865,#3866,#3867,#3868,
#3869,#3870,#3871,#3872,#3873,#3874,#3875,#3876,#3877,#3878,#3879,#3880,
#3881,#3882,#3883,#3884,#3885,#3886,#3887,#3888,#3889,#3890,#3891,#3892,
#3893,#3894,#3895,#3896,#3897,#3898,#3899,#3900,#3901,#3902,#3903,#3904,
#3905,#3906,#3907,#3908,#3909,#3910,#3911,#3912,#3913,#3914,#3915,#3916,
#3917,#3918,#3919,#3920,#3921,#3922,#3923,#3924,#3925,#3926,#3927,#3928,
#3929,#3930,#3931,#3932,#3933,#3934,#3935,#3936,#3937,#3938,#3939,#3940,
#3941,#3942,#3943,#3944,#3945,#3946,#3947,#3948,#3949,#3950,#3951,#3952,
#3953,#3954,#3955,#3956,#3957,#3958,#3959,#3960,#3961));
#631=EDGE_LOOP('',(#3962));
#632=EDGE_LOOP('',(#3963,#3964,#3965,#3966));
#633=EDGE_LOOP('',(#3967,#3968));
#634=EDGE_LOOP('',(#3969));
#635=EDGE_LOOP('',(#3970,#3971,#3972,#3973));
#636=EDGE_LOOP('',(#3974));
#637=EDGE_LOOP('',(#3975));
#638=EDGE_LOOP('',(#3976,#3977));
#639=EDGE_LOOP('',(#3978));
#640=EDGE_LOOP('',(#3979,#3980,#3981,#3982));
#641=EDGE_LOOP('',(#3983));
#642=EDGE_LOOP('',(#3984));
#643=EDGE_LOOP('',(#3985,#3986,#3987,#3988));
#644=EDGE_LOOP('',(#3989,#3990,#3991,#3992));
#645=EDGE_LOOP('',(#3993,#3994,#3995,#3996));
#646=EDGE_LOOP('',(#3997,#3998,#3999,#4000));
#647=EDGE_LOOP('',(#4001,#4002,#4003,#4004));
#648=EDGE_LOOP('',(#4005,#4006,#4007,#4008));
#649=EDGE_LOOP('',(#4009,#4010,#4011,#4012));
#650=EDGE_LOOP('',(#4013,#4014,#4015,#4016));
#651=EDGE_LOOP('',(#4017,#4018,#4019,#4020));
#652=EDGE_LOOP('',(#4021,#4022,#4023,#4024));
#653=EDGE_LOOP('',(#4025,#4026,#4027,#4028));
#654=EDGE_LOOP('',(#4029,#4030,#4031,#4032));
#655=EDGE_LOOP('',(#4033,#4034,#4035,#4036));
#656=EDGE_LOOP('',(#4037,#4038,#4039,#4040));
#657=EDGE_LOOP('',(#4041,#4042,#4043,#4044));
#658=EDGE_LOOP('',(#4045,#4046,#4047,#4048));
#659=EDGE_LOOP('',(#4049,#4050,#4051,#4052,#4053,#4054));
#660=EDGE_LOOP('',(#4055,#4056,#4057,#4058,#4059,#4060));
#661=EDGE_LOOP('',(#4061,#4062,#4063,#4064,#4065,#4066));
#662=EDGE_LOOP('',(#4067,#4068,#4069,#4070,#4071,#4072));
#663=EDGE_LOOP('',(#4073,#4074,#4075,#4076,#4077,#4078));
#664=EDGE_LOOP('',(#4079,#4080,#4081,#4082));
#665=EDGE_LOOP('',(#4083,#4084,#4085,#4086));
#666=EDGE_LOOP('',(#4087,#4088,#4089,#4090));
#667=EDGE_LOOP('',(#4091,#4092,#4093,#4094));
#668=EDGE_LOOP('',(#4095,#4096,#4097,#4098));
#669=EDGE_LOOP('',(#4099,#4100,#4101,#4102));
#670=EDGE_LOOP('',(#4103,#4104,#4105,#4106));
#671=EDGE_LOOP('',(#4107,#4108,#4109,#4110));
#672=EDGE_LOOP('',(#4111,#4112,#4113,#4114));
#673=EDGE_LOOP('',(#4115,#4116,#4117,#4118));
#674=EDGE_LOOP('',(#4119,#4120,#4121,#4122));
#675=EDGE_LOOP('',(#4123,#4124,#4125,#4126));
#676=EDGE_LOOP('',(#4127,#4128,#4129,#4130));
#677=EDGE_LOOP('',(#4131,#4132,#4133,#4134));
#678=EDGE_LOOP('',(#4135,#4136,#4137,#4138));
#679=EDGE_LOOP('',(#4139,#4140,#4141,#4142));
#680=EDGE_LOOP('',(#4143,#4144,#4145,#4146));
#681=EDGE_LOOP('',(#4147,#4148,#4149,#4150));
#682=EDGE_LOOP('',(#4151,#4152,#4153,#4154));
#683=EDGE_LOOP('',(#4155,#4156,#4157,#4158));
#684=EDGE_LOOP('',(#4159,#4160,#4161,#4162));
#685=EDGE_LOOP('',(#4163,#4164,#4165,#4166));
#686=EDGE_LOOP('',(#4167,#4168,#4169,#4170));
#687=EDGE_LOOP('',(#4171,#4172,#4173,#4174));
#688=EDGE_LOOP('',(#4175,#4176,#4177,#4178));
#689=EDGE_LOOP('',(#4179,#4180,#4181,#4182));
#690=EDGE_LOOP('',(#4183,#4184,#4185,#4186));
#691=EDGE_LOOP('',(#4187,#4188,#4189,#4190));
#692=EDGE_LOOP('',(#4191,#4192,#4193,#4194));
#693=EDGE_LOOP('',(#4195,#4196,#4197,#4198));
#694=EDGE_LOOP('',(#4199,#4200,#4201,#4202));
#695=EDGE_LOOP('',(#4203,#4204,#4205,#4206));
#696=EDGE_LOOP('',(#4207,#4208,#4209,#4210));
#697=EDGE_LOOP('',(#4211,#4212,#4213,#4214));
#698=EDGE_LOOP('',(#4215,#4216,#4217,#4218));
#699=EDGE_LOOP('',(#4219,#4220,#4221,#4222));
#700=EDGE_LOOP('',(#4223,#4224,#4225,#4226));
#701=EDGE_LOOP('',(#4227,#4228,#4229,#4230));
#702=EDGE_LOOP('',(#4231,#4232,#4233,#4234));
#703=EDGE_LOOP('',(#4235,#4236,#4237,#4238));
#704=EDGE_LOOP('',(#4239,#4240,#4241,#4242));
#705=EDGE_LOOP('',(#4243,#4244,#4245,#4246));
#706=EDGE_LOOP('',(#4247,#4248,#4249,#4250));
#707=EDGE_LOOP('',(#4251,#4252,#4253,#4254));
#708=EDGE_LOOP('',(#4255,#4256,#4257,#4258));
#709=EDGE_LOOP('',(#4259,#4260,#4261,#4262));
#710=EDGE_LOOP('',(#4263,#4264,#4265,#4266));
#711=EDGE_LOOP('',(#4267,#4268,#4269,#4270));
#712=EDGE_LOOP('',(#4271,#4272,#4273,#4274));
#713=EDGE_LOOP('',(#4275,#4276,#4277,#4278));
#714=EDGE_LOOP('',(#4279,#4280,#4281,#4282));
#715=EDGE_LOOP('',(#4283,#4284,#4285,#4286));
#716=EDGE_LOOP('',(#4287,#4288,#4289,#4290));
#717=EDGE_LOOP('',(#4291,#4292,#4293,#4294));
#718=EDGE_LOOP('',(#4295,#4296,#4297,#4298));
#719=EDGE_LOOP('',(#4299,#4300,#4301,#4302));
#720=EDGE_LOOP('',(#4303,#4304,#4305,#4306));
#721=EDGE_LOOP('',(#4307,#4308,#4309,#4310));
#722=EDGE_LOOP('',(#4311,#4312,#4313,#4314));
#723=EDGE_LOOP('',(#4315,#4316,#4317,#4318));
#724=EDGE_LOOP('',(#4319,#4320,#4321,#4322));
#725=EDGE_LOOP('',(#4323,#4324,#4325,#4326));
#726=EDGE_LOOP('',(#4327,#4328,#4329,#4330));
#727=EDGE_LOOP('',(#4331,#4332,#4333,#4334));
#728=EDGE_LOOP('',(#4335,#4336,#4337,#4338));
#729=EDGE_LOOP('',(#4339,#4340,#4341,#4342));
#730=EDGE_LOOP('',(#4343,#4344,#4345,#4346));
#731=EDGE_LOOP('',(#4347,#4348,#4349,#4350));
#732=EDGE_LOOP('',(#4351,#4352,#4353,#4354));
#733=EDGE_LOOP('',(#4355,#4356,#4357,#4358));
#734=EDGE_LOOP('',(#4359,#4360,#4361,#4362));
#735=EDGE_LOOP('',(#4363,#4364,#4365,#4366));
#736=EDGE_LOOP('',(#4367,#4368,#4369,#4370));
#737=EDGE_LOOP('',(#4371,#4372,#4373,#4374));
#738=EDGE_LOOP('',(#4375,#4376,#4377,#4378));
#739=EDGE_LOOP('',(#4379,#4380,#4381,#4382));
#740=EDGE_LOOP('',(#4383,#4384,#4385,#4386));
#741=EDGE_LOOP('',(#4387,#4388,#4389,#4390));
#742=EDGE_LOOP('',(#4391,#4392,#4393,#4394));
#743=EDGE_LOOP('',(#4395,#4396,#4397,#4398));
#744=EDGE_LOOP('',(#4399,#4400,#4401,#4402));
#745=EDGE_LOOP('',(#4403,#4404,#4405,#4406));
#746=EDGE_LOOP('',(#4407,#4408,#4409,#4410));
#747=EDGE_LOOP('',(#4411,#4412,#4413,#4414));
#748=EDGE_LOOP('',(#4415,#4416,#4417,#4418));
#749=EDGE_LOOP('',(#4419,#4420,#4421,#4422));
#750=EDGE_LOOP('',(#4423,#4424,#4425,#4426));
#751=EDGE_LOOP('',(#4427,#4428,#4429,#4430));
#752=EDGE_LOOP('',(#4431,#4432,#4433,#4434));
#753=EDGE_LOOP('',(#4435,#4436,#4437,#4438));
#754=EDGE_LOOP('',(#4439,#4440,#4441,#4442));
#755=EDGE_LOOP('',(#4443,#4444,#4445,#4446));
#756=EDGE_LOOP('',(#4447,#4448,#4449,#4450));
#757=EDGE_LOOP('',(#4451,#4452,#4453,#4454));
#758=EDGE_LOOP('',(#4455,#4456,#4457,#4458));
#759=EDGE_LOOP('',(#4459,#4460,#4461,#4462));
#760=EDGE_LOOP('',(#4463,#4464,#4465,#4466));
#761=EDGE_LOOP('',(#4467,#4468,#4469,#4470));
#762=EDGE_LOOP('',(#4471,#4472,#4473,#4474));
#763=EDGE_LOOP('',(#4475,#4476,#4477,#4478));
#764=EDGE_LOOP('',(#4479,#4480,#4481,#4482));
#765=EDGE_LOOP('',(#4483,#4484,#4485,#4486));
#766=EDGE_LOOP('',(#4487,#4488,#4489,#4490));
#767=EDGE_LOOP('',(#4491,#4492,#4493,#4494,#4495,#4496));
#768=EDGE_LOOP('',(#4497,#4498,#4499,#4500));
#769=EDGE_LOOP('',(#4501,#4502,#4503,#4504,#4505,#4506));
#770=EDGE_LOOP('',(#4507,#4508,#4509,#4510));
#771=EDGE_LOOP('',(#4511,#4512,#4513,#4514));
#772=EDGE_LOOP('',(#4515,#4516,#4517,#4518));
#773=EDGE_LOOP('',(#4519,#4520,#4521,#4522));
#774=EDGE_LOOP('',(#4523,#4524,#4525,#4526,#4527,#4528));
#775=EDGE_LOOP('',(#4529,#4530,#4531,#4532));
#776=EDGE_LOOP('',(#4533,#4534,#4535,#4536,#4537,#4538));
#777=EDGE_LOOP('',(#4539,#4540,#4541,#4542));
#778=EDGE_LOOP('',(#4543,#4544,#4545,#4546,#4547,#4548));
#779=EDGE_LOOP('',(#4549,#4550,#4551,#4552,#4553,#4554));
#780=EDGE_LOOP('',(#4555,#4556,#4557,#4558));
#781=EDGE_LOOP('',(#4559,#4560,#4561,#4562,#4563,#4564));
#782=EDGE_LOOP('',(#4565,#4566,#4567,#4568,#4569,#4570));
#783=EDGE_LOOP('',(#4571,#4572,#4573,#4574));
#784=EDGE_LOOP('',(#4575,#4576,#4577,#4578,#4579,#4580));
#785=EDGE_LOOP('',(#4581,#4582,#4583,#4584,#4585,#4586));
#786=EDGE_LOOP('',(#4587,#4588,#4589,#4590));
#787=EDGE_LOOP('',(#4591,#4592,#4593,#4594,#4595,#4596));
#788=EDGE_LOOP('',(#4597,#4598,#4599,#4600,#4601,#4602));
#789=EDGE_LOOP('',(#4603,#4604,#4605,#4606));
#790=EDGE_LOOP('',(#4607,#4608,#4609,#4610,#4611,#4612));
#791=EDGE_LOOP('',(#4613,#4614,#4615,#4616,#4617,#4618));
#792=EDGE_LOOP('',(#4619,#4620,#4621,#4622));
#793=EDGE_LOOP('',(#4623,#4624,#4625,#4626,#4627,#4628));
#794=EDGE_LOOP('',(#4629,#4630,#4631,#4632,#4633,#4634));
#795=EDGE_LOOP('',(#4635,#4636,#4637,#4638));
#796=EDGE_LOOP('',(#4639,#4640,#4641,#4642,#4643,#4644));
#797=EDGE_LOOP('',(#4645,#4646,#4647,#4648,#4649,#4650));
#798=EDGE_LOOP('',(#4651,#4652,#4653,#4654));
#799=EDGE_LOOP('',(#4655,#4656,#4657,#4658,#4659,#4660));
#800=EDGE_LOOP('',(#4661,#4662,#4663,#4664,#4665,#4666));
#801=EDGE_LOOP('',(#4667,#4668,#4669,#4670));
#802=EDGE_LOOP('',(#4671,#4672,#4673,#4674,#4675,#4676));
#803=EDGE_LOOP('',(#4677,#4678,#4679,#4680,#4681,#4682));
#804=EDGE_LOOP('',(#4683,#4684,#4685,#4686));
#805=EDGE_LOOP('',(#4687,#4688,#4689,#4690,#4691,#4692));
#806=EDGE_LOOP('',(#4693,#4694,#4695,#4696,#4697,#4698));
#807=EDGE_LOOP('',(#4699,#4700,#4701,#4702));
#808=EDGE_LOOP('',(#4703,#4704,#4705,#4706,#4707,#4708));
#809=EDGE_LOOP('',(#4709,#4710,#4711,#4712,#4713,#4714));
#810=EDGE_LOOP('',(#4715,#4716,#4717,#4718));
#811=EDGE_LOOP('',(#4719,#4720,#4721,#4722,#4723,#4724));
#812=EDGE_LOOP('',(#4725,#4726,#4727,#4728,#4729,#4730));
#813=EDGE_LOOP('',(#4731,#4732,#4733,#4734));
#814=EDGE_LOOP('',(#4735,#4736,#4737,#4738,#4739,#4740));
#815=EDGE_LOOP('',(#4741,#4742,#4743,#4744,#4745,#4746));
#816=EDGE_LOOP('',(#4747,#4748,#4749,#4750));
#817=EDGE_LOOP('',(#4751,#4752,#4753,#4754,#4755,#4756));
#818=EDGE_LOOP('',(#4757,#4758,#4759,#4760,#4761,#4762));
#819=EDGE_LOOP('',(#4763,#4764,#4765,#4766));
#820=EDGE_LOOP('',(#4767,#4768,#4769,#4770,#4771,#4772));
#821=EDGE_LOOP('',(#4773,#4774,#4775,#4776,#4777,#4778));
#822=EDGE_LOOP('',(#4779,#4780,#4781,#4782));
#823=EDGE_LOOP('',(#4783,#4784,#4785,#4786,#4787,#4788));
#824=EDGE_LOOP('',(#4789,#4790,#4791,#4792,#4793,#4794));
#825=EDGE_LOOP('',(#4795,#4796,#4797,#4798));
#826=EDGE_LOOP('',(#4799,#4800,#4801,#4802,#4803,#4804));
#827=EDGE_LOOP('',(#4805,#4806,#4807,#4808,#4809,#4810));
#828=EDGE_LOOP('',(#4811,#4812,#4813,#4814));
#829=EDGE_LOOP('',(#4815,#4816,#4817,#4818,#4819,#4820));
#830=EDGE_LOOP('',(#4821,#4822,#4823,#4824,#4825,#4826));
#831=EDGE_LOOP('',(#4827,#4828,#4829,#4830));
#832=EDGE_LOOP('',(#4831,#4832,#4833,#4834,#4835,#4836));
#833=EDGE_LOOP('',(#4837,#4838,#4839,#4840,#4841,#4842));
#834=EDGE_LOOP('',(#4843,#4844,#4845,#4846));
#835=EDGE_LOOP('',(#4847,#4848,#4849,#4850,#4851,#4852));
#836=EDGE_LOOP('',(#4853,#4854,#4855,#4856,#4857,#4858));
#837=EDGE_LOOP('',(#4859,#4860,#4861,#4862));
#838=EDGE_LOOP('',(#4863,#4864,#4865,#4866,#4867,#4868));
#839=EDGE_LOOP('',(#4869,#4870,#4871,#4872));
#840=EDGE_LOOP('',(#4873,#4874,#4875,#4876,#4877,#4878));
#841=EDGE_LOOP('',(#4879,#4880,#4881,#4882,#4883,#4884));
#842=EDGE_LOOP('',(#4885,#4886,#4887,#4888));
#843=EDGE_LOOP('',(#4889,#4890,#4891,#4892,#4893,#4894));
#844=EDGE_LOOP('',(#4895,#4896,#4897,#4898));
#845=EDGE_LOOP('',(#4899,#4900,#4901,#4902,#4903,#4904));
#846=EDGE_LOOP('',(#4905,#4906,#4907,#4908,#4909,#4910));
#847=EDGE_LOOP('',(#4911,#4912,#4913,#4914));
#848=EDGE_LOOP('',(#4915,#4916,#4917,#4918,#4919,#4920));
#849=EDGE_LOOP('',(#4921,#4922,#4923,#4924,#4925,#4926));
#850=EDGE_LOOP('',(#4927,#4928,#4929,#4930));
#851=EDGE_LOOP('',(#4931,#4932,#4933,#4934,#4935,#4936));
#852=EDGE_LOOP('',(#4937,#4938,#4939,#4940,#4941,#4942));
#853=EDGE_LOOP('',(#4943,#4944,#4945,#4946));
#854=EDGE_LOOP('',(#4947,#4948,#4949,#4950,#4951,#4952));
#855=EDGE_LOOP('',(#4953,#4954,#4955,#4956,#4957,#4958));
#856=EDGE_LOOP('',(#4959,#4960,#4961,#4962));
#857=EDGE_LOOP('',(#4963,#4964,#4965,#4966,#4967,#4968));
#858=EDGE_LOOP('',(#4969,#4970,#4971,#4972));
#859=EDGE_LOOP('',(#4973,#4974,#4975,#4976,#4977,#4978));
#860=EDGE_LOOP('',(#4979,#4980,#4981,#4982));
#861=EDGE_LOOP('',(#4983,#4984,#4985,#4986,#4987,#4988));
#862=EDGE_LOOP('',(#4989,#4990,#4991,#4992,#4993,#4994));
#863=EDGE_LOOP('',(#4995,#4996,#4997,#4998));
#864=EDGE_LOOP('',(#4999,#5000,#5001,#5002,#5003,#5004));
#865=EDGE_LOOP('',(#5005,#5006,#5007,#5008,#5009,#5010));
#866=EDGE_LOOP('',(#5011,#5012,#5013,#5014));
#867=EDGE_LOOP('',(#5015,#5016,#5017,#5018,#5019,#5020));
#868=EDGE_LOOP('',(#5021,#5022,#5023,#5024,#5025,#5026));
#869=EDGE_LOOP('',(#5027,#5028,#5029,#5030));
#870=EDGE_LOOP('',(#5031,#5032,#5033,#5034,#5035,#5036));
#871=EDGE_LOOP('',(#5037,#5038,#5039,#5040));
#872=EDGE_LOOP('',(#5041,#5042,#5043,#5044));
#873=EDGE_LOOP('',(#5045,#5046,#5047,#5048));
#874=EDGE_LOOP('',(#5049,#5050,#5051,#5052));
#875=EDGE_LOOP('',(#5053,#5054,#5055,#5056));
#876=EDGE_LOOP('',(#5057,#5058,#5059,#5060));
#877=EDGE_LOOP('',(#5061,#5062,#5063,#5064));
#878=EDGE_LOOP('',(#5065,#5066,#5067,#5068));
#879=EDGE_LOOP('',(#5069,#5070,#5071,#5072));
#880=EDGE_LOOP('',(#5073,#5074,#5075,#5076));
#881=EDGE_LOOP('',(#5077,#5078,#5079,#5080));
#882=EDGE_LOOP('',(#5081,#5082,#5083,#5084));
#883=EDGE_LOOP('',(#5085,#5086,#5087,#5088));
#884=EDGE_LOOP('',(#5089,#5090,#5091,#5092));
#885=EDGE_LOOP('',(#5093,#5094,#5095,#5096));
#886=EDGE_LOOP('',(#5097,#5098,#5099,#5100));
#887=EDGE_LOOP('',(#5101,#5102,#5103,#5104));
#888=EDGE_LOOP('',(#5105,#5106,#5107,#5108));
#889=EDGE_LOOP('',(#5109,#5110,#5111,#5112));
#890=EDGE_LOOP('',(#5113,#5114,#5115,#5116));
#891=EDGE_LOOP('',(#5117,#5118,#5119,#5120));
#892=EDGE_LOOP('',(#5121,#5122,#5123,#5124));
#893=EDGE_LOOP('',(#5125,#5126,#5127,#5128));
#894=EDGE_LOOP('',(#5129,#5130,#5131,#5132));
#895=EDGE_LOOP('',(#5133,#5134,#5135,#5136));
#896=EDGE_LOOP('',(#5137,#5138,#5139,#5140));
#897=EDGE_LOOP('',(#5141,#5142,#5143,#5144));
#898=EDGE_LOOP('',(#5145,#5146,#5147,#5148));
#899=EDGE_LOOP('',(#5149,#5150,#5151,#5152));
#900=EDGE_LOOP('',(#5153,#5154,#5155,#5156));
#901=EDGE_LOOP('',(#5157,#5158,#5159,#5160));
#902=EDGE_LOOP('',(#5161,#5162,#5163,#5164));
#903=EDGE_LOOP('',(#5165,#5166,#5167,#5168));
#904=EDGE_LOOP('',(#5169,#5170,#5171,#5172));
#905=EDGE_LOOP('',(#5173,#5174,#5175,#5176));
#906=EDGE_LOOP('',(#5177,#5178,#5179,#5180));
#907=EDGE_LOOP('',(#5181,#5182,#5183,#5184));
#908=EDGE_LOOP('',(#5185,#5186,#5187,#5188));
#909=EDGE_LOOP('',(#5189,#5190,#5191,#5192));
#910=EDGE_LOOP('',(#5193,#5194,#5195,#5196));
#911=EDGE_LOOP('',(#5197,#5198,#5199,#5200));
#912=EDGE_LOOP('',(#5201,#5202,#5203,#5204));
#913=EDGE_LOOP('',(#5205,#5206,#5207,#5208));
#914=EDGE_LOOP('',(#5209,#5210,#5211,#5212));
#915=EDGE_LOOP('',(#5213,#5214,#5215,#5216));
#916=EDGE_LOOP('',(#5217,#5218,#5219,#5220));
#917=EDGE_LOOP('',(#5221,#5222,#5223,#5224));
#918=EDGE_LOOP('',(#5225,#5226,#5227,#5228));
#919=EDGE_LOOP('',(#5229,#5230,#5231,#5232));
#920=EDGE_LOOP('',(#5233,#5234,#5235,#5236));
#921=EDGE_LOOP('',(#5237,#5238,#5239,#5240));
#922=EDGE_LOOP('',(#5241,#5242,#5243,#5244));
#923=EDGE_LOOP('',(#5245));
#924=EDGE_LOOP('',(#5246,#5247));
#925=EDGE_LOOP('',(#5248));
#926=EDGE_LOOP('',(#5249,#5250));
#927=EDGE_LOOP('',(#5251,#5252,#5253,#5254));
#928=EDGE_LOOP('',(#5255,#5256));
#929=EDGE_LOOP('',(#5257,#5258));
#930=EDGE_LOOP('',(#5259,#5260,#5261,#5262));
#931=EDGE_LOOP('',(#5263));
#932=EDGE_LOOP('',(#5264));
#933=EDGE_LOOP('',(#5265,#5266,#5267,#5268,#5269));
#934=EDGE_LOOP('',(#5270,#5271,#5272,#5273,#5274));
#935=EDGE_LOOP('',(#5275,#5276,#5277,#5278));
#936=EDGE_LOOP('',(#5279,#5280,#5281,#5282));
#937=EDGE_LOOP('',(#5283));
#938=EDGE_LOOP('',(#5284,#5285,#5286,#5287));
#939=EDGE_LOOP('',(#5288));
#940=EDGE_LOOP('',(#5289,#5290,#5291,#5292));
#941=LINE('',#8639,#1183);
#942=LINE('',#8642,#1184);
#943=LINE('',#8644,#1185);
#944=LINE('',#8645,#1186);
#945=LINE('',#8653,#1187);
#946=LINE('',#8659,#1188);
#947=LINE('',#8667,#1189);
#948=LINE('',#8673,#1190);
#949=LINE('',#8676,#1191);
#950=LINE('',#8678,#1192);
#951=LINE('',#8679,#1193);
#952=LINE('',#8687,#1194);
#953=LINE('',#8693,#1195);
#954=LINE('',#8701,#1196);
#955=LINE('',#8706,#1197);
#956=LINE('',#9132,#1198);
#957=LINE('',#9137,#1199);
#958=LINE('',#9563,#1200);
#959=LINE('',#9567,#1201);
#960=LINE('',#9573,#1202);
#961=LINE('',#9575,#1203);
#962=LINE('',#9576,#1204);
#963=LINE('',#9584,#1205);
#964=LINE('',#9590,#1206);
#965=LINE('',#9592,#1207);
#966=LINE('',#9593,#1208);
#967=LINE('',#9599,#1209);
#968=LINE('',#9600,#1210);
#969=LINE('',#9602,#1211);
#970=LINE('',#9603,#1212);
#971=LINE('',#9605,#1213);
#972=LINE('',#9606,#1214);
#973=LINE('',#9608,#1215);
#974=LINE('',#9609,#1216);
#975=LINE('',#9611,#1217);
#976=LINE('',#9612,#1218);
#977=LINE('',#9614,#1219);
#978=LINE('',#9615,#1220);
#979=LINE('',#9617,#1221);
#980=LINE('',#9618,#1222);
#981=LINE('',#9620,#1223);
#982=LINE('',#9621,#1224);
#983=LINE('',#9623,#1225);
#984=LINE('',#9624,#1226);
#985=LINE('',#9626,#1227);
#986=LINE('',#9627,#1228);
#987=LINE('',#9629,#1229);
#988=LINE('',#9630,#1230);
#989=LINE('',#9632,#1231);
#990=LINE('',#9633,#1232);
#991=LINE('',#9635,#1233);
#992=LINE('',#9636,#1234);
#993=LINE('',#9638,#1235);
#994=LINE('',#9639,#1236);
#995=LINE('',#9641,#1237);
#996=LINE('',#9642,#1238);
#997=LINE('',#9644,#1239);
#998=LINE('',#9645,#1240);
#999=LINE('',#9655,#1241);
#1000=LINE('',#9671,#1242);
#1001=LINE('',#9687,#1243);
#1002=LINE('',#9709,#1244);
#1003=LINE('',#9719,#1245);
#1004=LINE('',#9731,#1246);
#1005=LINE('',#9734,#1247);
#1006=LINE('',#9740,#1248);
#1007=LINE('',#9743,#1249);
#1008=LINE('',#9749,#1250);
#1009=LINE('',#9752,#1251);
#1010=LINE('',#9758,#1252);
#1011=LINE('',#9761,#1253);
#1012=LINE('',#9766,#1254);
#1013=LINE('',#9773,#1255);
#1014=LINE('',#9776,#1256);
#1015=LINE('',#9782,#1257);
#1016=LINE('',#9785,#1258);
#1017=LINE('',#9791,#1259);
#1018=LINE('',#9794,#1260);
#1019=LINE('',#9800,#1261);
#1020=LINE('',#9803,#1262);
#1021=LINE('',#9808,#1263);
#1022=LINE('',#9815,#1264);
#1023=LINE('',#9818,#1265);
#1024=LINE('',#9823,#1266);
#1025=LINE('',#9830,#1267);
#1026=LINE('',#9833,#1268);
#1027=LINE('',#9839,#1269);
#1028=LINE('',#9842,#1270);
#1029=LINE('',#9848,#1271);
#1030=LINE('',#9851,#1272);
#1031=LINE('',#9857,#1273);
#1032=LINE('',#9860,#1274);
#1033=LINE('',#9866,#1275);
#1034=LINE('',#9869,#1276);
#1035=LINE('',#9875,#1277);
#1036=LINE('',#9878,#1278);
#1037=LINE('',#9884,#1279);
#1038=LINE('',#9887,#1280);
#1039=LINE('',#9893,#1281);
#1040=LINE('',#9896,#1282);
#1041=LINE('',#9902,#1283);
#1042=LINE('',#9905,#1284);
#1043=LINE('',#9911,#1285);
#1044=LINE('',#9914,#1286);
#1045=LINE('',#9920,#1287);
#1046=LINE('',#9923,#1288);
#1047=LINE('',#9929,#1289);
#1048=LINE('',#9932,#1290);
#1049=LINE('',#9938,#1291);
#1050=LINE('',#9941,#1292);
#1051=LINE('',#9947,#1293);
#1052=LINE('',#9950,#1294);
#1053=LINE('',#9956,#1295);
#1054=LINE('',#9959,#1296);
#1055=LINE('',#9965,#1297);
#1056=LINE('',#9968,#1298);
#1057=LINE('',#9974,#1299);
#1058=LINE('',#9977,#1300);
#1059=LINE('',#9983,#1301);
#1060=LINE('',#9986,#1302);
#1061=LINE('',#9992,#1303);
#1062=LINE('',#9995,#1304);
#1063=LINE('',#10001,#1305);
#1064=LINE('',#10004,#1306);
#1065=LINE('',#10010,#1307);
#1066=LINE('',#10013,#1308);
#1067=LINE('',#10019,#1309);
#1068=LINE('',#10861,#1310);
#1069=LINE('',#10869,#1311);
#1070=LINE('',#10877,#1312);
#1071=LINE('',#10878,#1313);
#1072=LINE('',#10880,#1314);
#1073=LINE('',#10886,#1315);
#1074=LINE('',#10888,#1316);
#1075=LINE('',#10890,#1317);
#1076=LINE('',#10892,#1318);
#1077=LINE('',#10893,#1319);
#1078=LINE('',#10895,#1320);
#1079=LINE('',#10897,#1321);
#1080=LINE('',#10899,#1322);
#1081=LINE('',#10900,#1323);
#1082=LINE('',#10902,#1324);
#1083=LINE('',#10904,#1325);
#1084=LINE('',#10906,#1326);
#1085=LINE('',#10907,#1327);
#1086=LINE('',#10909,#1328);
#1087=LINE('',#10911,#1329);
#1088=LINE('',#10913,#1330);
#1089=LINE('',#10914,#1331);
#1090=LINE('',#10916,#1332);
#1091=LINE('',#10918,#1333);
#1092=LINE('',#10920,#1334);
#1093=LINE('',#10921,#1335);
#1094=LINE('',#10923,#1336);
#1095=LINE('',#10925,#1337);
#1096=LINE('',#10927,#1338);
#1097=LINE('',#10928,#1339);
#1098=LINE('',#10930,#1340);
#1099=LINE('',#10932,#1341);
#1100=LINE('',#10934,#1342);
#1101=LINE('',#10935,#1343);
#1102=LINE('',#10937,#1344);
#1103=LINE('',#10939,#1345);
#1104=LINE('',#10941,#1346);
#1105=LINE('',#10942,#1347);
#1106=LINE('',#10944,#1348);
#1107=LINE('',#10946,#1349);
#1108=LINE('',#10948,#1350);
#1109=LINE('',#10949,#1351);
#1110=LINE('',#10951,#1352);
#1111=LINE('',#10953,#1353);
#1112=LINE('',#10955,#1354);
#1113=LINE('',#10956,#1355);
#1114=LINE('',#10958,#1356);
#1115=LINE('',#10960,#1357);
#1116=LINE('',#10962,#1358);
#1117=LINE('',#10963,#1359);
#1118=LINE('',#10965,#1360);
#1119=LINE('',#10967,#1361);
#1120=LINE('',#10969,#1362);
#1121=LINE('',#10970,#1363);
#1122=LINE('',#10972,#1364);
#1123=LINE('',#10974,#1365);
#1124=LINE('',#10976,#1366);
#1125=LINE('',#10977,#1367);
#1126=LINE('',#10979,#1368);
#1127=LINE('',#10981,#1369);
#1128=LINE('',#10983,#1370);
#1129=LINE('',#10984,#1371);
#1130=LINE('',#10986,#1372);
#1131=LINE('',#10988,#1373);
#1132=LINE('',#10990,#1374);
#1133=LINE('',#10991,#1375);
#1134=LINE('',#10993,#1376);
#1135=LINE('',#10995,#1377);
#1136=LINE('',#10997,#1378);
#1137=LINE('',#10998,#1379);
#1138=LINE('',#11000,#1380);
#1139=LINE('',#11002,#1381);
#1140=LINE('',#11004,#1382);
#1141=LINE('',#11005,#1383);
#1142=LINE('',#11007,#1384);
#1143=LINE('',#11010,#1385);
#1144=LINE('',#11012,#1386);
#1145=LINE('',#11015,#1387);
#1146=LINE('',#11017,#1388);
#1147=LINE('',#11020,#1389);
#1148=LINE('',#11022,#1390);
#1149=LINE('',#11025,#1391);
#1150=LINE('',#11027,#1392);
#1151=LINE('',#11029,#1393);
#1152=LINE('',#11031,#1394);
#1153=LINE('',#11034,#1395);
#1154=LINE('',#11036,#1396);
#1155=LINE('',#11038,#1397);
#1156=LINE('',#11040,#1398);
#1157=LINE('',#11042,#1399);
#1158=LINE('',#11044,#1400);
#1159=LINE('',#11045,#1401);
#1160=LINE('',#11047,#1402);
#1161=LINE('',#11049,#1403);
#1162=LINE('',#11051,#1404);
#1163=LINE('',#11054,#1405);
#1164=LINE('',#11056,#1406);
#1165=LINE('',#11059,#1407);
#1166=LINE('',#11061,#1408);
#1167=LINE('',#11063,#1409);
#1168=LINE('',#11065,#1410);
#1169=LINE('',#11067,#1411);
#1170=LINE('',#11069,#1412);
#1171=LINE('',#11072,#1413);
#1172=LINE('',#11074,#1414);
#1173=LINE('',#11077,#1415);
#1174=LINE('',#11079,#1416);
#1175=LINE('',#11083,#1417);
#1176=LINE('',#11085,#1418);
#1177=LINE('',#11291,#1419);
#1178=LINE('',#11293,#1420);
#1179=LINE('',#11295,#1421);
#1180=LINE('',#11297,#1422);
#1181=LINE('',#11302,#1423);
#1182=LINE('',#11307,#1424);
#1183=VECTOR('',#6707,10.);
#1184=VECTOR('',#6710,10.);
#1185=VECTOR('',#6713,10.);
#1186=VECTOR('',#6714,10.);
#1187=VECTOR('',#6723,10.0000001490116);
#1188=VECTOR('',#6730,12.5);
#1189=VECTOR('',#6743,1.6);
#1190=VECTOR('',#6748,10.);
#1191=VECTOR('',#6751,10.);
#1192=VECTOR('',#6754,10.);
#1193=VECTOR('',#6755,10.);
#1194=VECTOR('',#6764,10.0000001490116);
#1195=VECTOR('',#6771,12.5);
#1196=VECTOR('',#6784,1.6);
#1197=VECTOR('',#6789,14.);
#1198=VECTOR('',#7218,12.5);
#1199=VECTOR('',#7223,14.);
#1200=VECTOR('',#7652,12.5);
#1201=VECTOR('',#7655,10.);
#1202=VECTOR('',#7662,10.);
#1203=VECTOR('',#7663,10.);
#1204=VECTOR('',#7664,10.);
#1205=VECTOR('',#7671,10.);
#1206=VECTOR('',#7678,10.);
#1207=VECTOR('',#7679,10.);
#1208=VECTOR('',#7680,10.);
#1209=VECTOR('',#7687,1000.);
#1210=VECTOR('',#7688,1000.);
#1211=VECTOR('',#7691,1000.);
#1212=VECTOR('',#7692,1000.);
#1213=VECTOR('',#7695,1000.);
#1214=VECTOR('',#7696,1000.);
#1215=VECTOR('',#7699,1000.);
#1216=VECTOR('',#7700,1000.);
#1217=VECTOR('',#7703,1000.);
#1218=VECTOR('',#7704,1000.);
#1219=VECTOR('',#7707,1000.);
#1220=VECTOR('',#7708,1000.);
#1221=VECTOR('',#7711,1000.);
#1222=VECTOR('',#7712,1000.);
#1223=VECTOR('',#7715,1000.);
#1224=VECTOR('',#7716,1000.);
#1225=VECTOR('',#7719,1000.);
#1226=VECTOR('',#7720,1000.);
#1227=VECTOR('',#7723,1000.);
#1228=VECTOR('',#7724,1000.);
#1229=VECTOR('',#7727,1000.);
#1230=VECTOR('',#7728,1000.);
#1231=VECTOR('',#7731,1000.);
#1232=VECTOR('',#7732,1000.);
#1233=VECTOR('',#7735,1000.);
#1234=VECTOR('',#7736,1000.);
#1235=VECTOR('',#7739,1000.);
#1236=VECTOR('',#7740,1000.);
#1237=VECTOR('',#7743,1000.);
#1238=VECTOR('',#7744,1000.);
#1239=VECTOR('',#7747,1000.);
#1240=VECTOR('',#7748,1000.);
#1241=VECTOR('',#7751,1000.);
#1242=VECTOR('',#7754,1000.);
#1243=VECTOR('',#7757,1000.);
#1244=VECTOR('',#7760,1000.);
#1245=VECTOR('',#7763,1000.);
#1246=VECTOR('',#7768,1000.);
#1247=VECTOR('',#7771,1000.);
#1248=VECTOR('',#7776,1000.);
#1249=VECTOR('',#7779,1000.);
#1250=VECTOR('',#7784,1000.);
#1251=VECTOR('',#7787,1000.);
#1252=VECTOR('',#7792,1000.);
#1253=VECTOR('',#7795,1000.);
#1254=VECTOR('',#7800,1000.);
#1255=VECTOR('',#7807,1000.);
#1256=VECTOR('',#7810,1000.);
#1257=VECTOR('',#7815,1000.);
#1258=VECTOR('',#7818,1000.);
#1259=VECTOR('',#7823,1000.);
#1260=VECTOR('',#7826,1000.);
#1261=VECTOR('',#7831,1000.);
#1262=VECTOR('',#7834,1000.);
#1263=VECTOR('',#7839,1000.);
#1264=VECTOR('',#7846,1000.);
#1265=VECTOR('',#7849,1000.);
#1266=VECTOR('',#7854,1000.);
#1267=VECTOR('',#7861,1000.);
#1268=VECTOR('',#7864,1000.);
#1269=VECTOR('',#7869,1000.);
#1270=VECTOR('',#7872,1000.);
#1271=VECTOR('',#7877,1000.);
#1272=VECTOR('',#7880,1000.);
#1273=VECTOR('',#7885,1000.);
#1274=VECTOR('',#7888,1000.);
#1275=VECTOR('',#7893,1000.);
#1276=VECTOR('',#7896,1000.);
#1277=VECTOR('',#7901,1000.);
#1278=VECTOR('',#7904,1000.);
#1279=VECTOR('',#7909,1000.);
#1280=VECTOR('',#7912,1000.);
#1281=VECTOR('',#7917,1000.);
#1282=VECTOR('',#7920,1000.);
#1283=VECTOR('',#7925,1000.);
#1284=VECTOR('',#7928,1000.);
#1285=VECTOR('',#7933,1000.);
#1286=VECTOR('',#7936,1000.);
#1287=VECTOR('',#7941,1000.);
#1288=VECTOR('',#7944,1000.);
#1289=VECTOR('',#7949,1000.);
#1290=VECTOR('',#7952,1000.);
#1291=VECTOR('',#7957,1000.);
#1292=VECTOR('',#7960,1000.);
#1293=VECTOR('',#7965,1000.);
#1294=VECTOR('',#7968,1000.);
#1295=VECTOR('',#7973,1000.);
#1296=VECTOR('',#7976,1000.);
#1297=VECTOR('',#7981,1000.);
#1298=VECTOR('',#7984,1000.);
#1299=VECTOR('',#7989,1000.);
#1300=VECTOR('',#7992,1000.);
#1301=VECTOR('',#7997,1000.);
#1302=VECTOR('',#8000,1000.);
#1303=VECTOR('',#8005,1000.);
#1304=VECTOR('',#8008,1000.);
#1305=VECTOR('',#8013,1000.);
#1306=VECTOR('',#8016,1000.);
#1307=VECTOR('',#8021,1000.);
#1308=VECTOR('',#8024,1000.);
#1309=VECTOR('',#8031,1000.);
#1310=VECTOR('',#8174,1000.);
#1311=VECTOR('',#8177,1000.);
#1312=VECTOR('',#8180,1000.);
#1313=VECTOR('',#8181,1000.);
#1314=VECTOR('',#8184,1000.);
#1315=VECTOR('',#8195,1000.);
#1316=VECTOR('',#8198,1000.);
#1317=VECTOR('',#8201,1000.);
#1318=VECTOR('',#8204,1000.);
#1319=VECTOR('',#8205,1000.);
#1320=VECTOR('',#8208,1000.);
#1321=VECTOR('',#8211,1000.);
#1322=VECTOR('',#8214,1000.);
#1323=VECTOR('',#8215,1000.);
#1324=VECTOR('',#8218,1000.);
#1325=VECTOR('',#8221,1000.);
#1326=VECTOR('',#8224,1000.);
#1327=VECTOR('',#8225,1000.);
#1328=VECTOR('',#8228,1000.);
#1329=VECTOR('',#8231,1000.);
#1330=VECTOR('',#8234,1000.);
#1331=VECTOR('',#8235,1000.);
#1332=VECTOR('',#8238,1000.);
#1333=VECTOR('',#8241,1000.);
#1334=VECTOR('',#8244,1000.);
#1335=VECTOR('',#8245,1000.);
#1336=VECTOR('',#8248,1000.);
#1337=VECTOR('',#8251,1000.);
#1338=VECTOR('',#8254,1000.);
#1339=VECTOR('',#8255,1000.);
#1340=VECTOR('',#8258,1000.);
#1341=VECTOR('',#8261,1000.);
#1342=VECTOR('',#8264,1000.);
#1343=VECTOR('',#8265,1000.);
#1344=VECTOR('',#8268,1000.);
#1345=VECTOR('',#8271,1000.);
#1346=VECTOR('',#8274,1000.);
#1347=VECTOR('',#8275,1000.);
#1348=VECTOR('',#8278,1000.);
#1349=VECTOR('',#8281,1000.);
#1350=VECTOR('',#8284,1000.);
#1351=VECTOR('',#8285,1000.);
#1352=VECTOR('',#8288,1000.);
#1353=VECTOR('',#8291,1000.);
#1354=VECTOR('',#8294,1000.);
#1355=VECTOR('',#8295,1000.);
#1356=VECTOR('',#8298,1000.);
#1357=VECTOR('',#8301,1000.);
#1358=VECTOR('',#8304,1000.);
#1359=VECTOR('',#8305,1000.);
#1360=VECTOR('',#8308,1000.);
#1361=VECTOR('',#8311,1000.);
#1362=VECTOR('',#8314,1000.);
#1363=VECTOR('',#8315,1000.);
#1364=VECTOR('',#8318,1000.);
#1365=VECTOR('',#8321,1000.);
#1366=VECTOR('',#8324,1000.);
#1367=VECTOR('',#8325,1000.);
#1368=VECTOR('',#8328,1000.);
#1369=VECTOR('',#8331,1000.);
#1370=VECTOR('',#8334,1000.);
#1371=VECTOR('',#8335,1000.);
#1372=VECTOR('',#8338,1000.);
#1373=VECTOR('',#8341,1000.);
#1374=VECTOR('',#8344,1000.);
#1375=VECTOR('',#8345,1000.);
#1376=VECTOR('',#8348,1000.);
#1377=VECTOR('',#8351,1000.);
#1378=VECTOR('',#8354,1000.);
#1379=VECTOR('',#8355,1000.);
#1380=VECTOR('',#8358,1000.);
#1381=VECTOR('',#8361,1000.);
#1382=VECTOR('',#8364,1000.);
#1383=VECTOR('',#8365,1000.);
#1384=VECTOR('',#8368,1000.);
#1385=VECTOR('',#8373,1000.);
#1386=VECTOR('',#8376,1000.);
#1387=VECTOR('',#8381,1000.);
#1388=VECTOR('',#8384,1000.);
#1389=VECTOR('',#8389,1000.);
#1390=VECTOR('',#8392,1000.);
#1391=VECTOR('',#8397,1000.);
#1392=VECTOR('',#8400,1000.);
#1393=VECTOR('',#8403,1000.);
#1394=VECTOR('',#8406,1000.);
#1395=VECTOR('',#8411,1000.);
#1396=VECTOR('',#8414,1000.);
#1397=VECTOR('',#8417,1000.);
#1398=VECTOR('',#8420,1000.);
#1399=VECTOR('',#8423,1000.);
#1400=VECTOR('',#8426,1000.);
#1401=VECTOR('',#8427,1000.);
#1402=VECTOR('',#8430,1000.);
#1403=VECTOR('',#8433,1000.);
#1404=VECTOR('',#8436,1000.);
#1405=VECTOR('',#8441,1000.);
#1406=VECTOR('',#8444,1000.);
#1407=VECTOR('',#8449,1000.);
#1408=VECTOR('',#8452,1000.);
#1409=VECTOR('',#8455,1000.);
#1410=VECTOR('',#8458,1000.);
#1411=VECTOR('',#8461,1000.);
#1412=VECTOR('',#8464,1000.);
#1413=VECTOR('',#8469,1000.);
#1414=VECTOR('',#8472,1000.);
#1415=VECTOR('',#8477,1000.);
#1416=VECTOR('',#8480,1000.);
#1417=VECTOR('',#8487,1000.);
#1418=VECTOR('',#8490,1000.);
#1419=VECTOR('',#8609,1.6);
#1420=VECTOR('',#8612,1.6);
#1421=VECTOR('',#8615,1.6);
#1422=VECTOR('',#8618,1.6);
#1423=VECTOR('',#8625,1.6);
#1424=VECTOR('',#8632,1.6);
#1425=CIRCLE('',#5858,10.1);
#1426=CIRCLE('',#5859,10.1);
#1427=CIRCLE('',#5862,1.6);
#1428=CIRCLE('',#5864,10.0000001490116);
#1429=CIRCLE('',#5865,10.0000001490116);
#1430=CIRCLE('',#5867,12.5);
#1431=CIRCLE('',#5868,12.5);
#1432=CIRCLE('',#5872,1.6);
#1433=CIRCLE('',#5875,10.1);
#1434=CIRCLE('',#5876,10.1);
#1435=CIRCLE('',#5879,1.6);
#1436=CIRCLE('',#5881,10.0000001490116);
#1437=CIRCLE('',#5882,10.0000001490116);
#1438=CIRCLE('',#5884,12.5);
#1439=CIRCLE('',#5885,12.5);
#1440=CIRCLE('',#5889,1.6);
#1441=CIRCLE('',#5892,15.5);
#1442=CIRCLE('',#5893,12.5);
#1443=CIRCLE('',#5895,8.0486833495517);
#1444=CIRCLE('',#5896,0.600000000000003);
#1445=CIRCLE('',#5897,32.5);
#1446=CIRCLE('',#5898,0.600000000000003);
#1447=CIRCLE('',#5899,8.04868334955171);
#1448=CIRCLE('',#5900,35.);
#1449=CIRCLE('',#5901,8.0486833495517);
#1450=CIRCLE('',#5902,0.600000000000003);
#1451=CIRCLE('',#5903,32.5);
#1452=CIRCLE('',#5904,0.600000000000003);
#1453=CIRCLE('',#5905,8.04868334955171);
#1454=CIRCLE('',#5906,35.);
#1455=CIRCLE('',#5907,8.04868334955171);
#1456=CIRCLE('',#5908,0.6);
#1457=CIRCLE('',#5909,32.5);
#1458=CIRCLE('',#5910,0.6);
#1459=CIRCLE('',#5911,8.04868334955171);
#1460=CIRCLE('',#5912,35.);
#1461=CIRCLE('',#5913,8.04868334955171);
#1462=CIRCLE('',#5914,0.6);
#1463=CIRCLE('',#5915,32.5);
#1464=CIRCLE('',#5916,0.6);
#1465=CIRCLE('',#5917,8.04868334955171);
#1466=CIRCLE('',#5918,35.);
#1467=CIRCLE('',#5919,8.04868334955171);
#1468=CIRCLE('',#5920,0.6);
#1469=CIRCLE('',#5921,32.5);
#1470=CIRCLE('',#5922,0.6);
#1471=CIRCLE('',#5923,8.04868334955171);
#1472=CIRCLE('',#5924,35.);
#1473=CIRCLE('',#5925,8.04868334955171);
#1474=CIRCLE('',#5926,0.6);
#1475=CIRCLE('',#5927,32.5);
#1476=CIRCLE('',#5928,0.6);
#1477=CIRCLE('',#5929,8.04868334955171);
#1478=CIRCLE('',#5930,35.);
#1479=CIRCLE('',#5931,8.0486833495517);
#1480=CIRCLE('',#5932,0.6);
#1481=CIRCLE('',#5933,32.5);
#1482=CIRCLE('',#5934,0.6);
#1483=CIRCLE('',#5935,8.04868334955171);
#1484=CIRCLE('',#5936,35.);
#1485=CIRCLE('',#5937,8.04868334955171);
#1486=CIRCLE('',#5938,0.6);
#1487=CIRCLE('',#5939,32.5);
#1488=CIRCLE('',#5940,0.6);
#1489=CIRCLE('',#5941,8.04868334955171);
#1490=CIRCLE('',#5942,35.);
#1491=CIRCLE('',#5943,8.0486833495517);
#1492=CIRCLE('',#5944,0.6);
#1493=CIRCLE('',#5945,32.5);
#1494=CIRCLE('',#5946,0.6);
#1495=CIRCLE('',#5947,8.0486833495517);
#1496=CIRCLE('',#5948,35.);
#1497=CIRCLE('',#5949,8.04868334955171);
#1498=CIRCLE('',#5950,0.6);
#1499=CIRCLE('',#5951,32.5);
#1500=CIRCLE('',#5952,0.6);
#1501=CIRCLE('',#5953,8.04868334955171);
#1502=CIRCLE('',#5954,35.);
#1503=CIRCLE('',#5955,8.04868334955171);
#1504=CIRCLE('',#5956,0.6);
#1505=CIRCLE('',#5957,32.5);
#1506=CIRCLE('',#5958,0.6);
#1507=CIRCLE('',#5959,8.04868334955171);
#1508=CIRCLE('',#5960,35.);
#1509=CIRCLE('',#5961,8.04868334955171);
#1510=CIRCLE('',#5962,0.6);
#1511=CIRCLE('',#5963,32.5);
#1512=CIRCLE('',#5964,0.6);
#1513=CIRCLE('',#5965,8.04868334955171);
#1514=CIRCLE('',#5966,35.);
#1515=CIRCLE('',#5967,8.04868334955171);
#1516=CIRCLE('',#5968,0.6);
#1517=CIRCLE('',#5969,32.5);
#1518=CIRCLE('',#5970,0.6);
#1519=CIRCLE('',#5971,8.04868334955171);
#1520=CIRCLE('',#5972,35.);
#1521=CIRCLE('',#5973,8.04868334955171);
#1522=CIRCLE('',#5974,0.6);
#1523=CIRCLE('',#5975,32.5);
#1524=CIRCLE('',#5976,0.6);
#1525=CIRCLE('',#5977,8.04868334955171);
#1526=CIRCLE('',#5978,35.);
#1527=CIRCLE('',#5979,8.04868334955171);
#1528=CIRCLE('',#5980,0.6);
#1529=CIRCLE('',#5981,32.5);
#1530=CIRCLE('',#5982,0.6);
#1531=CIRCLE('',#5983,8.0486833495517);
#1532=CIRCLE('',#5984,35.);
#1533=CIRCLE('',#5985,8.04868334955171);
#1534=CIRCLE('',#5986,0.6);
#1535=CIRCLE('',#5987,32.5);
#1536=CIRCLE('',#5988,0.6);
#1537=CIRCLE('',#5989,8.04868334955171);
#1538=CIRCLE('',#5990,35.);
#1539=CIRCLE('',#5991,8.04868334955171);
#1540=CIRCLE('',#5992,0.600000000000003);
#1541=CIRCLE('',#5993,32.5);
#1542=CIRCLE('',#5994,0.600000000000003);
#1543=CIRCLE('',#5995,8.04868334955171);
#1544=CIRCLE('',#5996,35.);
#1545=CIRCLE('',#5997,8.04868334955171);
#1546=CIRCLE('',#5998,0.600000000000003);
#1547=CIRCLE('',#5999,32.5);
#1548=CIRCLE('',#6000,0.600000000000003);
#1549=CIRCLE('',#6001,8.04868334955171);
#1550=CIRCLE('',#6002,35.);
#1551=CIRCLE('',#6003,8.04868334955171);
#1552=CIRCLE('',#6004,0.600000000000003);
#1553=CIRCLE('',#6005,32.5);
#1554=CIRCLE('',#6006,0.600000000000003);
#1555=CIRCLE('',#6007,8.04868334955171);
#1556=CIRCLE('',#6008,35.);
#1557=CIRCLE('',#6009,8.04868334955171);
#1558=CIRCLE('',#6010,0.6);
#1559=CIRCLE('',#6011,32.5);
#1560=CIRCLE('',#6012,0.6);
#1561=CIRCLE('',#6013,8.04868334955171);
#1562=CIRCLE('',#6014,35.);
#1563=CIRCLE('',#6015,8.04868334955171);
#1564=CIRCLE('',#6016,0.6);
#1565=CIRCLE('',#6017,32.5);
#1566=CIRCLE('',#6018,0.6);
#1567=CIRCLE('',#6019,8.04868334955171);
#1568=CIRCLE('',#6020,35.);
#1569=CIRCLE('',#6021,8.04868334955171);
#1570=CIRCLE('',#6022,0.6);
#1571=CIRCLE('',#6023,32.5);
#1572=CIRCLE('',#6024,0.6);
#1573=CIRCLE('',#6025,8.04868334955171);
#1574=CIRCLE('',#6026,35.);
#1575=CIRCLE('',#6027,8.04868334955171);
#1576=CIRCLE('',#6028,0.6);
#1577=CIRCLE('',#6029,32.5);
#1578=CIRCLE('',#6030,0.6);
#1579=CIRCLE('',#6031,8.04868334955171);
#1580=CIRCLE('',#6032,35.);
#1581=CIRCLE('',#6033,8.04868334955171);
#1582=CIRCLE('',#6034,0.6);
#1583=CIRCLE('',#6035,32.5);
#1584=CIRCLE('',#6036,0.6);
#1585=CIRCLE('',#6037,8.04868334955171);
#1586=CIRCLE('',#6038,35.);
#1587=CIRCLE('',#6039,8.04868334955171);
#1588=CIRCLE('',#6040,0.6);
#1589=CIRCLE('',#6041,32.5);
#1590=CIRCLE('',#6042,0.6);
#1591=CIRCLE('',#6043,8.04868334955171);
#1592=CIRCLE('',#6044,35.);
#1593=CIRCLE('',#6045,8.04868334955171);
#1594=CIRCLE('',#6046,0.6);
#1595=CIRCLE('',#6047,32.5);
#1596=CIRCLE('',#6048,0.6);
#1597=CIRCLE('',#6049,8.04868334955171);
#1598=CIRCLE('',#6050,35.);
#1599=CIRCLE('',#6051,8.0486833495517);
#1600=CIRCLE('',#6052,0.6);
#1601=CIRCLE('',#6053,32.5);
#1602=CIRCLE('',#6054,0.6);
#1603=CIRCLE('',#6055,8.0486833495517);
#1604=CIRCLE('',#6056,35.);
#1605=CIRCLE('',#6057,8.04868334955171);
#1606=CIRCLE('',#6058,0.6);
#1607=CIRCLE('',#6059,32.5);
#1608=CIRCLE('',#6060,0.6);
#1609=CIRCLE('',#6061,8.04868334955171);
#1610=CIRCLE('',#6062,35.);
#1611=CIRCLE('',#6063,8.04868334955171);
#1612=CIRCLE('',#6064,0.6);
#1613=CIRCLE('',#6065,32.5);
#1614=CIRCLE('',#6066,0.6);
#1615=CIRCLE('',#6067,8.0486833495517);
#1616=CIRCLE('',#6068,35.);
#1617=CIRCLE('',#6069,8.04868334955171);
#1618=CIRCLE('',#6070,0.6);
#1619=CIRCLE('',#6071,32.5);
#1620=CIRCLE('',#6072,0.6);
#1621=CIRCLE('',#6073,8.04868334955171);
#1622=CIRCLE('',#6074,35.);
#1623=CIRCLE('',#6075,8.04868334955171);
#1624=CIRCLE('',#6076,0.6);
#1625=CIRCLE('',#6077,32.5);
#1626=CIRCLE('',#6078,0.6);
#1627=CIRCLE('',#6079,8.04868334955171);
#1628=CIRCLE('',#6080,35.);
#1629=CIRCLE('',#6081,8.0486833495517);
#1630=CIRCLE('',#6082,0.6);
#1631=CIRCLE('',#6083,32.5);
#1632=CIRCLE('',#6084,0.6);
#1633=CIRCLE('',#6085,8.04868334955171);
#1634=CIRCLE('',#6086,35.);
#1635=CIRCLE('',#6087,8.04868334955171);
#1636=CIRCLE('',#6088,0.6);
#1637=CIRCLE('',#6089,32.5);
#1638=CIRCLE('',#6090,0.6);
#1639=CIRCLE('',#6091,8.04868334955171);
#1640=CIRCLE('',#6092,35.);
#1641=CIRCLE('',#6093,8.04868334955171);
#1642=CIRCLE('',#6094,0.600000000000003);
#1643=CIRCLE('',#6095,32.5);
#1644=CIRCLE('',#6096,0.600000000000003);
#1645=CIRCLE('',#6097,8.04868334955171);
#1646=CIRCLE('',#6098,35.);
#1647=CIRCLE('',#6099,8.04868334955171);
#1648=CIRCLE('',#6100,0.600000000000003);
#1649=CIRCLE('',#6101,32.5);
#1650=CIRCLE('',#6102,0.600000000000003);
#1651=CIRCLE('',#6103,8.04868334955171);
#1652=CIRCLE('',#6104,35.);
#1653=CIRCLE('',#6106,12.5);
#1654=CIRCLE('',#6108,15.5);
#1655=CIRCLE('',#6109,12.5);
#1656=CIRCLE('',#6111,8.04868334955171);
#1657=CIRCLE('',#6112,0.600000000000003);
#1658=CIRCLE('',#6113,32.5);
#1659=CIRCLE('',#6114,0.600000000000003);
#1660=CIRCLE('',#6115,8.0486833495517);
#1661=CIRCLE('',#6116,35.);
#1662=CIRCLE('',#6117,8.04868334955171);
#1663=CIRCLE('',#6118,0.600000000000003);
#1664=CIRCLE('',#6119,32.5);
#1665=CIRCLE('',#6120,0.600000000000003);
#1666=CIRCLE('',#6121,8.04868334955171);
#1667=CIRCLE('',#6122,35.);
#1668=CIRCLE('',#6123,8.04868334955171);
#1669=CIRCLE('',#6124,0.600000000000003);
#1670=CIRCLE('',#6125,32.5);
#1671=CIRCLE('',#6126,0.600000000000003);
#1672=CIRCLE('',#6127,8.04868334955171);
#1673=CIRCLE('',#6128,35.);
#1674=CIRCLE('',#6129,8.04868334955171);
#1675=CIRCLE('',#6130,0.6);
#1676=CIRCLE('',#6131,32.5);
#1677=CIRCLE('',#6132,0.6);
#1678=CIRCLE('',#6133,8.04868334955171);
#1679=CIRCLE('',#6134,35.);
#1680=CIRCLE('',#6135,8.04868334955171);
#1681=CIRCLE('',#6136,0.6);
#1682=CIRCLE('',#6137,32.5);
#1683=CIRCLE('',#6138,0.6);
#1684=CIRCLE('',#6139,8.0486833495517);
#1685=CIRCLE('',#6140,35.);
#1686=CIRCLE('',#6141,8.04868334955171);
#1687=CIRCLE('',#6142,0.6);
#1688=CIRCLE('',#6143,32.5);
#1689=CIRCLE('',#6144,0.6);
#1690=CIRCLE('',#6145,8.04868334955171);
#1691=CIRCLE('',#6146,35.);
#1692=CIRCLE('',#6147,8.04868334955171);
#1693=CIRCLE('',#6148,0.6);
#1694=CIRCLE('',#6149,32.5);
#1695=CIRCLE('',#6150,0.6);
#1696=CIRCLE('',#6151,8.04868334955171);
#1697=CIRCLE('',#6152,35.);
#1698=CIRCLE('',#6153,8.0486833495517);
#1699=CIRCLE('',#6154,0.6);
#1700=CIRCLE('',#6155,32.5);
#1701=CIRCLE('',#6156,0.6);
#1702=CIRCLE('',#6157,8.04868334955171);
#1703=CIRCLE('',#6158,35.);
#1704=CIRCLE('',#6159,8.04868334955171);
#1705=CIRCLE('',#6160,0.6);
#1706=CIRCLE('',#6161,32.5);
#1707=CIRCLE('',#6162,0.6);
#1708=CIRCLE('',#6163,8.04868334955171);
#1709=CIRCLE('',#6164,35.);
#1710=CIRCLE('',#6165,8.0486833495517);
#1711=CIRCLE('',#6166,0.6);
#1712=CIRCLE('',#6167,32.5);
#1713=CIRCLE('',#6168,0.6);
#1714=CIRCLE('',#6169,8.0486833495517);
#1715=CIRCLE('',#6170,35.);
#1716=CIRCLE('',#6171,8.04868334955171);
#1717=CIRCLE('',#6172,0.6);
#1718=CIRCLE('',#6173,32.5);
#1719=CIRCLE('',#6174,0.6);
#1720=CIRCLE('',#6175,8.04868334955171);
#1721=CIRCLE('',#6176,35.);
#1722=CIRCLE('',#6177,8.04868334955171);
#1723=CIRCLE('',#6178,0.6);
#1724=CIRCLE('',#6179,32.5);
#1725=CIRCLE('',#6180,0.6);
#1726=CIRCLE('',#6181,8.04868334955171);
#1727=CIRCLE('',#6182,35.);
#1728=CIRCLE('',#6183,8.04868334955171);
#1729=CIRCLE('',#6184,0.6);
#1730=CIRCLE('',#6185,32.5);
#1731=CIRCLE('',#6186,0.6);
#1732=CIRCLE('',#6187,8.04868334955171);
#1733=CIRCLE('',#6188,35.);
#1734=CIRCLE('',#6189,8.04868334955171);
#1735=CIRCLE('',#6190,0.6);
#1736=CIRCLE('',#6191,32.5);
#1737=CIRCLE('',#6192,0.6);
#1738=CIRCLE('',#6193,8.04868334955171);
#1739=CIRCLE('',#6194,35.);
#1740=CIRCLE('',#6195,8.04868334955171);
#1741=CIRCLE('',#6196,0.6);
#1742=CIRCLE('',#6197,32.5);
#1743=CIRCLE('',#6198,0.6);
#1744=CIRCLE('',#6199,8.04868334955171);
#1745=CIRCLE('',#6200,35.);
#1746=CIRCLE('',#6201,8.04868334955171);
#1747=CIRCLE('',#6202,0.6);
#1748=CIRCLE('',#6203,32.5);
#1749=CIRCLE('',#6204,0.6);
#1750=CIRCLE('',#6205,8.04868334955171);
#1751=CIRCLE('',#6206,35.);
#1752=CIRCLE('',#6207,8.04868334955171);
#1753=CIRCLE('',#6208,0.6);
#1754=CIRCLE('',#6209,32.5);
#1755=CIRCLE('',#6210,0.6);
#1756=CIRCLE('',#6211,8.04868334955171);
#1757=CIRCLE('',#6212,35.);
#1758=CIRCLE('',#6213,8.04868334955171);
#1759=CIRCLE('',#6214,0.600000000000003);
#1760=CIRCLE('',#6215,32.5);
#1761=CIRCLE('',#6216,0.600000000000003);
#1762=CIRCLE('',#6217,8.04868334955171);
#1763=CIRCLE('',#6218,35.);
#1764=CIRCLE('',#6219,8.04868334955171);
#1765=CIRCLE('',#6220,0.600000000000003);
#1766=CIRCLE('',#6221,32.5);
#1767=CIRCLE('',#6222,0.600000000000003);
#1768=CIRCLE('',#6223,8.04868334955171);
#1769=CIRCLE('',#6224,35.);
#1770=CIRCLE('',#6225,8.04868334955171);
#1771=CIRCLE('',#6226,0.600000000000003);
#1772=CIRCLE('',#6227,32.5);
#1773=CIRCLE('',#6228,0.600000000000003);
#1774=CIRCLE('',#6229,8.04868334955171);
#1775=CIRCLE('',#6230,35.);
#1776=CIRCLE('',#6231,8.04868334955171);
#1777=CIRCLE('',#6232,0.6);
#1778=CIRCLE('',#6233,32.5);
#1779=CIRCLE('',#6234,0.6);
#1780=CIRCLE('',#6235,8.04868334955171);
#1781=CIRCLE('',#6236,35.);
#1782=CIRCLE('',#6237,8.0486833495517);
#1783=CIRCLE('',#6238,0.6);
#1784=CIRCLE('',#6239,32.5);
#1785=CIRCLE('',#6240,0.6);
#1786=CIRCLE('',#6241,8.04868334955171);
#1787=CIRCLE('',#6242,35.);
#1788=CIRCLE('',#6243,8.04868334955171);
#1789=CIRCLE('',#6244,0.6);
#1790=CIRCLE('',#6245,32.5);
#1791=CIRCLE('',#6246,0.6);
#1792=CIRCLE('',#6247,8.04868334955171);
#1793=CIRCLE('',#6248,35.);
#1794=CIRCLE('',#6249,8.04868334955171);
#1795=CIRCLE('',#6250,0.6);
#1796=CIRCLE('',#6251,32.5);
#1797=CIRCLE('',#6252,0.6);
#1798=CIRCLE('',#6253,8.04868334955171);
#1799=CIRCLE('',#6254,35.);
#1800=CIRCLE('',#6255,8.04868334955171);
#1801=CIRCLE('',#6256,0.6);
#1802=CIRCLE('',#6257,32.5);
#1803=CIRCLE('',#6258,0.6);
#1804=CIRCLE('',#6259,8.04868334955171);
#1805=CIRCLE('',#6260,35.);
#1806=CIRCLE('',#6261,8.04868334955171);
#1807=CIRCLE('',#6262,0.6);
#1808=CIRCLE('',#6263,32.5);
#1809=CIRCLE('',#6264,0.6);
#1810=CIRCLE('',#6265,8.04868334955171);
#1811=CIRCLE('',#6266,35.);
#1812=CIRCLE('',#6267,8.04868334955171);
#1813=CIRCLE('',#6268,0.6);
#1814=CIRCLE('',#6269,32.5);
#1815=CIRCLE('',#6270,0.6);
#1816=CIRCLE('',#6271,8.04868334955171);
#1817=CIRCLE('',#6272,35.);
#1818=CIRCLE('',#6273,8.0486833495517);
#1819=CIRCLE('',#6274,0.6);
#1820=CIRCLE('',#6275,32.5);
#1821=CIRCLE('',#6276,0.6);
#1822=CIRCLE('',#6277,8.0486833495517);
#1823=CIRCLE('',#6278,35.);
#1824=CIRCLE('',#6279,8.04868334955171);
#1825=CIRCLE('',#6280,0.6);
#1826=CIRCLE('',#6281,32.5);
#1827=CIRCLE('',#6282,0.6);
#1828=CIRCLE('',#6283,8.04868334955171);
#1829=CIRCLE('',#6284,35.);
#1830=CIRCLE('',#6285,8.04868334955171);
#1831=CIRCLE('',#6286,0.6);
#1832=CIRCLE('',#6287,32.5);
#1833=CIRCLE('',#6288,0.6);
#1834=CIRCLE('',#6289,8.0486833495517);
#1835=CIRCLE('',#6290,35.);
#1836=CIRCLE('',#6291,8.04868334955171);
#1837=CIRCLE('',#6292,0.6);
#1838=CIRCLE('',#6293,32.5);
#1839=CIRCLE('',#6294,0.6);
#1840=CIRCLE('',#6295,8.04868334955171);
#1841=CIRCLE('',#6296,35.);
#1842=CIRCLE('',#6297,8.04868334955171);
#1843=CIRCLE('',#6298,0.6);
#1844=CIRCLE('',#6299,32.5);
#1845=CIRCLE('',#6300,0.6);
#1846=CIRCLE('',#6301,8.04868334955171);
#1847=CIRCLE('',#6302,35.);
#1848=CIRCLE('',#6303,8.04868334955171);
#1849=CIRCLE('',#6304,0.6);
#1850=CIRCLE('',#6305,32.5);
#1851=CIRCLE('',#6306,0.6);
#1852=CIRCLE('',#6307,8.04868334955171);
#1853=CIRCLE('',#6308,35.);
#1854=CIRCLE('',#6309,8.04868334955171);
#1855=CIRCLE('',#6310,0.6);
#1856=CIRCLE('',#6311,32.5);
#1857=CIRCLE('',#6312,0.6);
#1858=CIRCLE('',#6313,8.04868334955171);
#1859=CIRCLE('',#6314,35.);
#1860=CIRCLE('',#6315,8.04868334955171);
#1861=CIRCLE('',#6316,0.600000000000003);
#1862=CIRCLE('',#6317,32.5);
#1863=CIRCLE('',#6318,0.600000000000003);
#1864=CIRCLE('',#6319,8.0486833495517);
#1865=CIRCLE('',#6320,35.);
#1866=CIRCLE('',#6322,12.5);
#1867=CIRCLE('',#6324,10.);
#1868=CIRCLE('',#6325,1.6);
#1869=CIRCLE('',#6327,1.6);
#1870=CIRCLE('',#6328,1.6);
#1871=CIRCLE('',#6330,10.);
#1872=CIRCLE('',#6331,1.6);
#1873=CIRCLE('',#6333,1.6);
#1874=CIRCLE('',#6334,1.6);
#1875=CIRCLE('',#6357,37.);
#1876=CIRCLE('',#6358,37.);
#1877=CIRCLE('',#6360,37.);
#1878=CIRCLE('',#6361,37.);
#1879=CIRCLE('',#6363,37.);
#1880=CIRCLE('',#6364,37.);
#1881=CIRCLE('',#6366,37.);
#1882=CIRCLE('',#6367,37.);
#1883=CIRCLE('',#6369,37.);
#1884=CIRCLE('',#6370,37.);
#1885=CIRCLE('',#6372,37.);
#1886=CIRCLE('',#6373,37.);
#1887=CIRCLE('',#6375,37.);
#1888=CIRCLE('',#6376,37.);
#1889=CIRCLE('',#6378,37.);
#1890=CIRCLE('',#6379,37.);
#1891=CIRCLE('',#6381,37.);
#1892=CIRCLE('',#6382,37.);
#1893=CIRCLE('',#6384,37.);
#1894=CIRCLE('',#6385,37.);
#1895=CIRCLE('',#6387,37.);
#1896=CIRCLE('',#6388,37.);
#1897=CIRCLE('',#6390,37.);
#1898=CIRCLE('',#6391,37.);
#1899=CIRCLE('',#6393,37.);
#1900=CIRCLE('',#6394,37.);
#1901=CIRCLE('',#6396,37.);
#1902=CIRCLE('',#6397,37.);
#1903=CIRCLE('',#6399,37.);
#1904=CIRCLE('',#6400,37.);
#1905=CIRCLE('',#6402,37.);
#1906=CIRCLE('',#6403,37.);
#1907=CIRCLE('',#6405,37.);
#1908=CIRCLE('',#6406,37.);
#1909=CIRCLE('',#6408,37.);
#1910=CIRCLE('',#6409,37.);
#1911=CIRCLE('',#6411,37.);
#1912=CIRCLE('',#6412,37.);
#1913=CIRCLE('',#6414,37.);
#1914=CIRCLE('',#6415,37.);
#1915=CIRCLE('',#6417,37.);
#1916=CIRCLE('',#6418,37.);
#1917=CIRCLE('',#6420,37.);
#1918=CIRCLE('',#6421,37.);
#1919=CIRCLE('',#6423,37.);
#1920=CIRCLE('',#6424,37.);
#1921=CIRCLE('',#6426,37.);
#1922=CIRCLE('',#6427,37.);
#1923=CIRCLE('',#6429,37.);
#1924=CIRCLE('',#6430,37.);
#1925=CIRCLE('',#6432,37.);
#1926=CIRCLE('',#6433,37.);
#1927=CIRCLE('',#6435,37.);
#1928=CIRCLE('',#6436,37.);
#1929=CIRCLE('',#6438,37.);
#1930=CIRCLE('',#6439,37.);
#1931=CIRCLE('',#6441,37.);
#1932=CIRCLE('',#6442,37.);
#1933=CIRCLE('',#6444,37.);
#1934=CIRCLE('',#6445,37.);
#1935=CIRCLE('',#6447,37.);
#1936=CIRCLE('',#6448,37.);
#1937=CIRCLE('',#6450,37.);
#1938=CIRCLE('',#6451,37.);
#1939=CIRCLE('',#6453,37.);
#1940=CIRCLE('',#6454,37.);
#1941=CIRCLE('',#6456,37.);
#1942=CIRCLE('',#6457,37.);
#1943=CIRCLE('',#6527,37.);
#1944=CIRCLE('',#6528,37.);
#1945=CIRCLE('',#6686,10.);
#1946=CIRCLE('',#6688,10.);
#1947=CIRCLE('',#6696,1.6);
#1948=CIRCLE('',#6699,1.6);
#1949=VERTEX_POINT('',#8635);
#1950=VERTEX_POINT('',#8636);
#1951=VERTEX_POINT('',#8638);
#1952=VERTEX_POINT('',#8640);
#1953=VERTEX_POINT('',#8647);
#1954=VERTEX_POINT('',#8650);
#1955=VERTEX_POINT('',#8652);
#1956=VERTEX_POINT('',#8656);
#1957=VERTEX_POINT('',#8658);
#1958=VERTEX_POINT('',#8664);
#1959=VERTEX_POINT('',#8669);
#1960=VERTEX_POINT('',#8670);
#1961=VERTEX_POINT('',#8672);
#1962=VERTEX_POINT('',#8674);
#1963=VERTEX_POINT('',#8681);
#1964=VERTEX_POINT('',#8684);
#1965=VERTEX_POINT('',#8686);
#1966=VERTEX_POINT('',#8690);
#1967=VERTEX_POINT('',#8692);
#1968=VERTEX_POINT('',#8698);
#1969=VERTEX_POINT('',#8703);
#1970=VERTEX_POINT('',#8705);
#1971=VERTEX_POINT('',#8709);
#1972=VERTEX_POINT('',#8710);
#1973=VERTEX_POINT('',#8712);
#1974=VERTEX_POINT('',#8714);
#1975=VERTEX_POINT('',#8716);
#1976=VERTEX_POINT('',#8718);
#1977=VERTEX_POINT('',#8720);
#1978=VERTEX_POINT('',#8722);
#1979=VERTEX_POINT('',#8724);
#1980=VERTEX_POINT('',#8726);
#1981=VERTEX_POINT('',#8728);
#1982=VERTEX_POINT('',#8730);
#1983=VERTEX_POINT('',#8732);
#1984=VERTEX_POINT('',#8734);
#1985=VERTEX_POINT('',#8736);
#1986=VERTEX_POINT('',#8738);
#1987=VERTEX_POINT('',#8740);
#1988=VERTEX_POINT('',#8742);
#1989=VERTEX_POINT('',#8744);
#1990=VERTEX_POINT('',#8746);
#1991=VERTEX_POINT('',#8748);
#1992=VERTEX_POINT('',#8750);
#1993=VERTEX_POINT('',#8752);
#1994=VERTEX_POINT('',#8754);
#1995=VERTEX_POINT('',#8756);
#1996=VERTEX_POINT('',#8758);
#1997=VERTEX_POINT('',#8760);
#1998=VERTEX_POINT('',#8762);
#1999=VERTEX_POINT('',#8764);
#2000=VERTEX_POINT('',#8766);
#2001=VERTEX_POINT('',#8768);
#2002=VERTEX_POINT('',#8770);
#2003=VERTEX_POINT('',#8772);
#2004=VERTEX_POINT('',#8774);
#2005=VERTEX_POINT('',#8776);
#2006=VERTEX_POINT('',#8778);
#2007=VERTEX_POINT('',#8780);
#2008=VERTEX_POINT('',#8782);
#2009=VERTEX_POINT('',#8784);
#2010=VERTEX_POINT('',#8786);
#2011=VERTEX_POINT('',#8788);
#2012=VERTEX_POINT('',#8790);
#2013=VERTEX_POINT('',#8792);
#2014=VERTEX_POINT('',#8794);
#2015=VERTEX_POINT('',#8796);
#2016=VERTEX_POINT('',#8798);
#2017=VERTEX_POINT('',#8800);
#2018=VERTEX_POINT('',#8802);
#2019=VERTEX_POINT('',#8804);
#2020=VERTEX_POINT('',#8806);
#2021=VERTEX_POINT('',#8808);
#2022=VERTEX_POINT('',#8810);
#2023=VERTEX_POINT('',#8812);
#2024=VERTEX_POINT('',#8814);
#2025=VERTEX_POINT('',#8816);
#2026=VERTEX_POINT('',#8818);
#2027=VERTEX_POINT('',#8820);
#2028=VERTEX_POINT('',#8822);
#2029=VERTEX_POINT('',#8824);
#2030=VERTEX_POINT('',#8826);
#2031=VERTEX_POINT('',#8828);
#2032=VERTEX_POINT('',#8830);
#2033=VERTEX_POINT('',#8832);
#2034=VERTEX_POINT('',#8834);
#2035=VERTEX_POINT('',#8836);
#2036=VERTEX_POINT('',#8838);
#2037=VERTEX_POINT('',#8840);
#2038=VERTEX_POINT('',#8842);
#2039=VERTEX_POINT('',#8844);
#2040=VERTEX_POINT('',#8846);
#2041=VERTEX_POINT('',#8848);
#2042=VERTEX_POINT('',#8850);
#2043=VERTEX_POINT('',#8852);
#2044=VERTEX_POINT('',#8854);
#2045=VERTEX_POINT('',#8856);
#2046=VERTEX_POINT('',#8858);
#2047=VERTEX_POINT('',#8860);
#2048=VERTEX_POINT('',#8862);
#2049=VERTEX_POINT('',#8864);
#2050=VERTEX_POINT('',#8866);
#2051=VERTEX_POINT('',#8868);
#2052=VERTEX_POINT('',#8870);
#2053=VERTEX_POINT('',#8872);
#2054=VERTEX_POINT('',#8874);
#2055=VERTEX_POINT('',#8876);
#2056=VERTEX_POINT('',#8878);
#2057=VERTEX_POINT('',#8880);
#2058=VERTEX_POINT('',#8882);
#2059=VERTEX_POINT('',#8884);
#2060=VERTEX_POINT('',#8886);
#2061=VERTEX_POINT('',#8888);
#2062=VERTEX_POINT('',#8890);
#2063=VERTEX_POINT('',#8892);
#2064=VERTEX_POINT('',#8894);
#2065=VERTEX_POINT('',#8896);
#2066=VERTEX_POINT('',#8898);
#2067=VERTEX_POINT('',#8900);
#2068=VERTEX_POINT('',#8902);
#2069=VERTEX_POINT('',#8904);
#2070=VERTEX_POINT('',#8906);
#2071=VERTEX_POINT('',#8908);
#2072=VERTEX_POINT('',#8910);
#2073=VERTEX_POINT('',#8912);
#2074=VERTEX_POINT('',#8914);
#2075=VERTEX_POINT('',#8916);
#2076=VERTEX_POINT('',#8918);
#2077=VERTEX_POINT('',#8920);
#2078=VERTEX_POINT('',#8922);
#2079=VERTEX_POINT('',#8924);
#2080=VERTEX_POINT('',#8926);
#2081=VERTEX_POINT('',#8928);
#2082=VERTEX_POINT('',#8930);
#2083=VERTEX_POINT('',#8932);
#2084=VERTEX_POINT('',#8934);
#2085=VERTEX_POINT('',#8936);
#2086=VERTEX_POINT('',#8938);
#2087=VERTEX_POINT('',#8940);
#2088=VERTEX_POINT('',#8942);
#2089=VERTEX_POINT('',#8944);
#2090=VERTEX_POINT('',#8946);
#2091=VERTEX_POINT('',#8948);
#2092=VERTEX_POINT('',#8950);
#2093=VERTEX_POINT('',#8952);
#2094=VERTEX_POINT('',#8954);
#2095=VERTEX_POINT('',#8956);
#2096=VERTEX_POINT('',#8958);
#2097=VERTEX_POINT('',#8960);
#2098=VERTEX_POINT('',#8962);
#2099=VERTEX_POINT('',#8964);
#2100=VERTEX_POINT('',#8966);
#2101=VERTEX_POINT('',#8968);
#2102=VERTEX_POINT('',#8970);
#2103=VERTEX_POINT('',#8972);
#2104=VERTEX_POINT('',#8974);
#2105=VERTEX_POINT('',#8976);
#2106=VERTEX_POINT('',#8978);
#2107=VERTEX_POINT('',#8980);
#2108=VERTEX_POINT('',#8982);
#2109=VERTEX_POINT('',#8984);
#2110=VERTEX_POINT('',#8986);
#2111=VERTEX_POINT('',#8988);
#2112=VERTEX_POINT('',#8990);
#2113=VERTEX_POINT('',#8992);
#2114=VERTEX_POINT('',#8994);
#2115=VERTEX_POINT('',#8996);
#2116=VERTEX_POINT('',#8998);
#2117=VERTEX_POINT('',#9000);
#2118=VERTEX_POINT('',#9002);
#2119=VERTEX_POINT('',#9004);
#2120=VERTEX_POINT('',#9006);
#2121=VERTEX_POINT('',#9008);
#2122=VERTEX_POINT('',#9010);
#2123=VERTEX_POINT('',#9012);
#2124=VERTEX_POINT('',#9014);
#2125=VERTEX_POINT('',#9016);
#2126=VERTEX_POINT('',#9018);
#2127=VERTEX_POINT('',#9020);
#2128=VERTEX_POINT('',#9022);
#2129=VERTEX_POINT('',#9024);
#2130=VERTEX_POINT('',#9026);
#2131=VERTEX_POINT('',#9028);
#2132=VERTEX_POINT('',#9030);
#2133=VERTEX_POINT('',#9032);
#2134=VERTEX_POINT('',#9034);
#2135=VERTEX_POINT('',#9036);
#2136=VERTEX_POINT('',#9038);
#2137=VERTEX_POINT('',#9040);
#2138=VERTEX_POINT('',#9042);
#2139=VERTEX_POINT('',#9044);
#2140=VERTEX_POINT('',#9046);
#2141=VERTEX_POINT('',#9048);
#2142=VERTEX_POINT('',#9050);
#2143=VERTEX_POINT('',#9052);
#2144=VERTEX_POINT('',#9054);
#2145=VERTEX_POINT('',#9056);
#2146=VERTEX_POINT('',#9058);
#2147=VERTEX_POINT('',#9060);
#2148=VERTEX_POINT('',#9062);
#2149=VERTEX_POINT('',#9064);
#2150=VERTEX_POINT('',#9066);
#2151=VERTEX_POINT('',#9068);
#2152=VERTEX_POINT('',#9070);
#2153=VERTEX_POINT('',#9072);
#2154=VERTEX_POINT('',#9074);
#2155=VERTEX_POINT('',#9076);
#2156=VERTEX_POINT('',#9078);
#2157=VERTEX_POINT('',#9080);
#2158=VERTEX_POINT('',#9082);
#2159=VERTEX_POINT('',#9084);
#2160=VERTEX_POINT('',#9086);
#2161=VERTEX_POINT('',#9088);
#2162=VERTEX_POINT('',#9090);
#2163=VERTEX_POINT('',#9092);
#2164=VERTEX_POINT('',#9094);
#2165=VERTEX_POINT('',#9096);
#2166=VERTEX_POINT('',#9098);
#2167=VERTEX_POINT('',#9100);
#2168=VERTEX_POINT('',#9102);
#2169=VERTEX_POINT('',#9104);
#2170=VERTEX_POINT('',#9106);
#2171=VERTEX_POINT('',#9108);
#2172=VERTEX_POINT('',#9110);
#2173=VERTEX_POINT('',#9112);
#2174=VERTEX_POINT('',#9114);
#2175=VERTEX_POINT('',#9116);
#2176=VERTEX_POINT('',#9118);
#2177=VERTEX_POINT('',#9120);
#2178=VERTEX_POINT('',#9122);
#2179=VERTEX_POINT('',#9124);
#2180=VERTEX_POINT('',#9126);
#2181=VERTEX_POINT('',#9130);
#2182=VERTEX_POINT('',#9134);
#2183=VERTEX_POINT('',#9136);
#2184=VERTEX_POINT('',#9140);
#2185=VERTEX_POINT('',#9141);
#2186=VERTEX_POINT('',#9143);
#2187=VERTEX_POINT('',#9145);
#2188=VERTEX_POINT('',#9147);
#2189=VERTEX_POINT('',#9149);
#2190=VERTEX_POINT('',#9151);
#2191=VERTEX_POINT('',#9153);
#2192=VERTEX_POINT('',#9155);
#2193=VERTEX_POINT('',#9157);
#2194=VERTEX_POINT('',#9159);
#2195=VERTEX_POINT('',#9161);
#2196=VERTEX_POINT('',#9163);
#2197=VERTEX_POINT('',#9165);
#2198=VERTEX_POINT('',#9167);
#2199=VERTEX_POINT('',#9169);
#2200=VERTEX_POINT('',#9171);
#2201=VERTEX_POINT('',#9173);
#2202=VERTEX_POINT('',#9175);
#2203=VERTEX_POINT('',#9177);
#2204=VERTEX_POINT('',#9179);
#2205=VERTEX_POINT('',#9181);
#2206=VERTEX_POINT('',#9183);
#2207=VERTEX_POINT('',#9185);
#2208=VERTEX_POINT('',#9187);
#2209=VERTEX_POINT('',#9189);
#2210=VERTEX_POINT('',#9191);
#2211=VERTEX_POINT('',#9193);
#2212=VERTEX_POINT('',#9195);
#2213=VERTEX_POINT('',#9197);
#2214=VERTEX_POINT('',#9199);
#2215=VERTEX_POINT('',#9201);
#2216=VERTEX_POINT('',#9203);
#2217=VERTEX_POINT('',#9205);
#2218=VERTEX_POINT('',#9207);
#2219=VERTEX_POINT('',#9209);
#2220=VERTEX_POINT('',#9211);
#2221=VERTEX_POINT('',#9213);
#2222=VERTEX_POINT('',#9215);
#2223=VERTEX_POINT('',#9217);
#2224=VERTEX_POINT('',#9219);
#2225=VERTEX_POINT('',#9221);
#2226=VERTEX_POINT('',#9223);
#2227=VERTEX_POINT('',#9225);
#2228=VERTEX_POINT('',#9227);
#2229=VERTEX_POINT('',#9229);
#2230=VERTEX_POINT('',#9231);
#2231=VERTEX_POINT('',#9233);
#2232=VERTEX_POINT('',#9235);
#2233=VERTEX_POINT('',#9237);
#2234=VERTEX_POINT('',#9239);
#2235=VERTEX_POINT('',#9241);
#2236=VERTEX_POINT('',#9243);
#2237=VERTEX_POINT('',#9245);
#2238=VERTEX_POINT('',#9247);
#2239=VERTEX_POINT('',#9249);
#2240=VERTEX_POINT('',#9251);
#2241=VERTEX_POINT('',#9253);
#2242=VERTEX_POINT('',#9255);
#2243=VERTEX_POINT('',#9257);
#2244=VERTEX_POINT('',#9259);
#2245=VERTEX_POINT('',#9261);
#2246=VERTEX_POINT('',#9263);
#2247=VERTEX_POINT('',#9265);
#2248=VERTEX_POINT('',#9267);
#2249=VERTEX_POINT('',#9269);
#2250=VERTEX_POINT('',#9271);
#2251=VERTEX_POINT('',#9273);
#2252=VERTEX_POINT('',#9275);
#2253=VERTEX_POINT('',#9277);
#2254=VERTEX_POINT('',#9279);
#2255=VERTEX_POINT('',#9281);
#2256=VERTEX_POINT('',#9283);
#2257=VERTEX_POINT('',#9285);
#2258=VERTEX_POINT('',#9287);
#2259=VERTEX_POINT('',#9289);
#2260=VERTEX_POINT('',#9291);
#2261=VERTEX_POINT('',#9293);
#2262=VERTEX_POINT('',#9295);
#2263=VERTEX_POINT('',#9297);
#2264=VERTEX_POINT('',#9299);
#2265=VERTEX_POINT('',#9301);
#2266=VERTEX_POINT('',#9303);
#2267=VERTEX_POINT('',#9305);
#2268=VERTEX_POINT('',#9307);
#2269=VERTEX_POINT('',#9309);
#2270=VERTEX_POINT('',#9311);
#2271=VERTEX_POINT('',#9313);
#2272=VERTEX_POINT('',#9315);
#2273=VERTEX_POINT('',#9317);
#2274=VERTEX_POINT('',#9319);
#2275=VERTEX_POINT('',#9321);
#2276=VERTEX_POINT('',#9323);
#2277=VERTEX_POINT('',#9325);
#2278=VERTEX_POINT('',#9327);
#2279=VERTEX_POINT('',#9329);
#2280=VERTEX_POINT('',#9331);
#2281=VERTEX_POINT('',#9333);
#2282=VERTEX_POINT('',#9335);
#2283=VERTEX_POINT('',#9337);
#2284=VERTEX_POINT('',#9339);
#2285=VERTEX_POINT('',#9341);
#2286=VERTEX_POINT('',#9343);
#2287=VERTEX_POINT('',#9345);
#2288=VERTEX_POINT('',#9347);
#2289=VERTEX_POINT('',#9349);
#2290=VERTEX_POINT('',#9351);
#2291=VERTEX_POINT('',#9353);
#2292=VERTEX_POINT('',#9355);
#2293=VERTEX_POINT('',#9357);
#2294=VERTEX_POINT('',#9359);
#2295=VERTEX_POINT('',#9361);
#2296=VERTEX_POINT('',#9363);
#2297=VERTEX_POINT('',#9365);
#2298=VERTEX_POINT('',#9367);
#2299=VERTEX_POINT('',#9369);
#2300=VERTEX_POINT('',#9371);
#2301=VERTEX_POINT('',#9373);
#2302=VERTEX_POINT('',#9375);
#2303=VERTEX_POINT('',#9377);
#2304=VERTEX_POINT('',#9379);
#2305=VERTEX_POINT('',#9381);
#2306=VERTEX_POINT('',#9383);
#2307=VERTEX_POINT('',#9385);
#2308=VERTEX_POINT('',#9387);
#2309=VERTEX_POINT('',#9389);
#2310=VERTEX_POINT('',#9391);
#2311=VERTEX_POINT('',#9393);
#2312=VERTEX_POINT('',#9395);
#2313=VERTEX_POINT('',#9397);
#2314=VERTEX_POINT('',#9399);
#2315=VERTEX_POINT('',#9401);
#2316=VERTEX_POINT('',#9403);
#2317=VERTEX_POINT('',#9405);
#2318=VERTEX_POINT('',#9407);
#2319=VERTEX_POINT('',#9409);
#2320=VERTEX_POINT('',#9411);
#2321=VERTEX_POINT('',#9413);
#2322=VERTEX_POINT('',#9415);
#2323=VERTEX_POINT('',#9417);
#2324=VERTEX_POINT('',#9419);
#2325=VERTEX_POINT('',#9421);
#2326=VERTEX_POINT('',#9423);
#2327=VERTEX_POINT('',#9425);
#2328=VERTEX_POINT('',#9427);
#2329=VERTEX_POINT('',#9429);
#2330=VERTEX_POINT('',#9431);
#2331=VERTEX_POINT('',#9433);
#2332=VERTEX_POINT('',#9435);
#2333=VERTEX_POINT('',#9437);
#2334=VERTEX_POINT('',#9439);
#2335=VERTEX_POINT('',#9441);
#2336=VERTEX_POINT('',#9443);
#2337=VERTEX_POINT('',#9445);
#2338=VERTEX_POINT('',#9447);
#2339=VERTEX_POINT('',#9449);
#2340=VERTEX_POINT('',#9451);
#2341=VERTEX_POINT('',#9453);
#2342=VERTEX_POINT('',#9455);
#2343=VERTEX_POINT('',#9457);
#2344=VERTEX_POINT('',#9459);
#2345=VERTEX_POINT('',#9461);
#2346=VERTEX_POINT('',#9463);
#2347=VERTEX_POINT('',#9465);
#2348=VERTEX_POINT('',#9467);
#2349=VERTEX_POINT('',#9469);
#2350=VERTEX_POINT('',#9471);
#2351=VERTEX_POINT('',#9473);
#2352=VERTEX_POINT('',#9475);
#2353=VERTEX_POINT('',#9477);
#2354=VERTEX_POINT('',#9479);
#2355=VERTEX_POINT('',#9481);
#2356=VERTEX_POINT('',#9483);
#2357=VERTEX_POINT('',#9485);
#2358=VERTEX_POINT('',#9487);
#2359=VERTEX_POINT('',#9489);
#2360=VERTEX_POINT('',#9491);
#2361=VERTEX_POINT('',#9493);
#2362=VERTEX_POINT('',#9495);
#2363=VERTEX_POINT('',#9497);
#2364=VERTEX_POINT('',#9499);
#2365=VERTEX_POINT('',#9501);
#2366=VERTEX_POINT('',#9503);
#2367=VERTEX_POINT('',#9505);
#2368=VERTEX_POINT('',#9507);
#2369=VERTEX_POINT('',#9509);
#2370=VERTEX_POINT('',#9511);
#2371=VERTEX_POINT('',#9513);
#2372=VERTEX_POINT('',#9515);
#2373=VERTEX_POINT('',#9517);
#2374=VERTEX_POINT('',#9519);
#2375=VERTEX_POINT('',#9521);
#2376=VERTEX_POINT('',#9523);
#2377=VERTEX_POINT('',#9525);
#2378=VERTEX_POINT('',#9527);
#2379=VERTEX_POINT('',#9529);
#2380=VERTEX_POINT('',#9531);
#2381=VERTEX_POINT('',#9533);
#2382=VERTEX_POINT('',#9535);
#2383=VERTEX_POINT('',#9537);
#2384=VERTEX_POINT('',#9539);
#2385=VERTEX_POINT('',#9541);
#2386=VERTEX_POINT('',#9543);
#2387=VERTEX_POINT('',#9545);
#2388=VERTEX_POINT('',#9547);
#2389=VERTEX_POINT('',#9549);
#2390=VERTEX_POINT('',#9551);
#2391=VERTEX_POINT('',#9553);
#2392=VERTEX_POINT('',#9555);
#2393=VERTEX_POINT('',#9557);
#2394=VERTEX_POINT('',#9561);
#2395=VERTEX_POINT('',#9565);
#2396=VERTEX_POINT('',#9566);
#2397=VERTEX_POINT('',#9569);
#2398=VERTEX_POINT('',#9572);
#2399=VERTEX_POINT('',#9574);
#2400=VERTEX_POINT('',#9577);
#2401=VERTEX_POINT('',#9579);
#2402=VERTEX_POINT('',#9582);
#2403=VERTEX_POINT('',#9583);
#2404=VERTEX_POINT('',#9586);
#2405=VERTEX_POINT('',#9589);
#2406=VERTEX_POINT('',#9591);
#2407=VERTEX_POINT('',#9594);
#2408=VERTEX_POINT('',#9596);
#2409=VERTEX_POINT('',#9647);
#2410=VERTEX_POINT('',#9654);
#2411=VERTEX_POINT('',#9663);
#2412=VERTEX_POINT('',#9670);
#2413=VERTEX_POINT('',#9679);
#2414=VERTEX_POINT('',#9686);
#2415=VERTEX_POINT('',#9695);
#2416=VERTEX_POINT('',#9702);
#2417=VERTEX_POINT('',#9711);
#2418=VERTEX_POINT('',#9718);
#2419=VERTEX_POINT('',#9727);
#2420=VERTEX_POINT('',#9728);
#2421=VERTEX_POINT('',#9730);
#2422=VERTEX_POINT('',#9732);
#2423=VERTEX_POINT('',#9736);
#2424=VERTEX_POINT('',#9737);
#2425=VERTEX_POINT('',#9739);
#2426=VERTEX_POINT('',#9741);
#2427=VERTEX_POINT('',#9745);
#2428=VERTEX_POINT('',#9746);
#2429=VERTEX_POINT('',#9748);
#2430=VERTEX_POINT('',#9750);
#2431=VERTEX_POINT('',#9754);
#2432=VERTEX_POINT('',#9755);
#2433=VERTEX_POINT('',#9757);
#2434=VERTEX_POINT('',#9759);
#2435=VERTEX_POINT('',#9763);
#2436=VERTEX_POINT('',#9765);
#2437=VERTEX_POINT('',#9769);
#2438=VERTEX_POINT('',#9770);
#2439=VERTEX_POINT('',#9772);
#2440=VERTEX_POINT('',#9774);
#2441=VERTEX_POINT('',#9778);
#2442=VERTEX_POINT('',#9779);
#2443=VERTEX_POINT('',#9781);
#2444=VERTEX_POINT('',#9783);
#2445=VERTEX_POINT('',#9787);
#2446=VERTEX_POINT('',#9788);
#2447=VERTEX_POINT('',#9790);
#2448=VERTEX_POINT('',#9792);
#2449=VERTEX_POINT('',#9796);
#2450=VERTEX_POINT('',#9797);
#2451=VERTEX_POINT('',#9799);
#2452=VERTEX_POINT('',#9801);
#2453=VERTEX_POINT('',#9805);
#2454=VERTEX_POINT('',#9807);
#2455=VERTEX_POINT('',#9811);
#2456=VERTEX_POINT('',#9812);
#2457=VERTEX_POINT('',#9814);
#2458=VERTEX_POINT('',#9816);
#2459=VERTEX_POINT('',#9820);
#2460=VERTEX_POINT('',#9822);
#2461=VERTEX_POINT('',#9826);
#2462=VERTEX_POINT('',#9827);
#2463=VERTEX_POINT('',#9829);
#2464=VERTEX_POINT('',#9831);
#2465=VERTEX_POINT('',#9835);
#2466=VERTEX_POINT('',#9836);
#2467=VERTEX_POINT('',#9838);
#2468=VERTEX_POINT('',#9840);
#2469=VERTEX_POINT('',#9844);
#2470=VERTEX_POINT('',#9845);
#2471=VERTEX_POINT('',#9847);
#2472=VERTEX_POINT('',#9849);
#2473=VERTEX_POINT('',#9853);
#2474=VERTEX_POINT('',#9854);
#2475=VERTEX_POINT('',#9856);
#2476=VERTEX_POINT('',#9858);
#2477=VERTEX_POINT('',#9862);
#2478=VERTEX_POINT('',#9863);
#2479=VERTEX_POINT('',#9865);
#2480=VERTEX_POINT('',#9867);
#2481=VERTEX_POINT('',#9871);
#2482=VERTEX_POINT('',#9872);
#2483=VERTEX_POINT('',#9874);
#2484=VERTEX_POINT('',#9876);
#2485=VERTEX_POINT('',#9880);
#2486=VERTEX_POINT('',#9881);
#2487=VERTEX_POINT('',#9883);
#2488=VERTEX_POINT('',#9885);
#2489=VERTEX_POINT('',#9889);
#2490=VERTEX_POINT('',#9890);
#2491=VERTEX_POINT('',#9892);
#2492=VERTEX_POINT('',#9894);
#2493=VERTEX_POINT('',#9898);
#2494=VERTEX_POINT('',#9899);
#2495=VERTEX_POINT('',#9901);
#2496=VERTEX_POINT('',#9903);
#2497=VERTEX_POINT('',#9907);
#2498=VERTEX_POINT('',#9908);
#2499=VERTEX_POINT('',#9910);
#2500=VERTEX_POINT('',#9912);
#2501=VERTEX_POINT('',#9916);
#2502=VERTEX_POINT('',#9917);
#2503=VERTEX_POINT('',#9919);
#2504=VERTEX_POINT('',#9921);
#2505=VERTEX_POINT('',#9925);
#2506=VERTEX_POINT('',#9926);
#2507=VERTEX_POINT('',#9928);
#2508=VERTEX_POINT('',#9930);
#2509=VERTEX_POINT('',#9934);
#2510=VERTEX_POINT('',#9935);
#2511=VERTEX_POINT('',#9937);
#2512=VERTEX_POINT('',#9939);
#2513=VERTEX_POINT('',#9943);
#2514=VERTEX_POINT('',#9944);
#2515=VERTEX_POINT('',#9946);
#2516=VERTEX_POINT('',#9948);
#2517=VERTEX_POINT('',#9952);
#2518=VERTEX_POINT('',#9953);
#2519=VERTEX_POINT('',#9955);
#2520=VERTEX_POINT('',#9957);
#2521=VERTEX_POINT('',#9961);
#2522=VERTEX_POINT('',#9962);
#2523=VERTEX_POINT('',#9964);
#2524=VERTEX_POINT('',#9966);
#2525=VERTEX_POINT('',#9970);
#2526=VERTEX_POINT('',#9971);
#2527=VERTEX_POINT('',#9973);
#2528=VERTEX_POINT('',#9975);
#2529=VERTEX_POINT('',#9979);
#2530=VERTEX_POINT('',#9980);
#2531=VERTEX_POINT('',#9982);
#2532=VERTEX_POINT('',#9984);
#2533=VERTEX_POINT('',#9988);
#2534=VERTEX_POINT('',#9989);
#2535=VERTEX_POINT('',#9991);
#2536=VERTEX_POINT('',#9993);
#2537=VERTEX_POINT('',#9997);
#2538=VERTEX_POINT('',#9998);
#2539=VERTEX_POINT('',#10000);
#2540=VERTEX_POINT('',#10002);
#2541=VERTEX_POINT('',#10006);
#2542=VERTEX_POINT('',#10007);
#2543=VERTEX_POINT('',#10009);
#2544=VERTEX_POINT('',#10011);
#2545=VERTEX_POINT('',#10015);
#2546=VERTEX_POINT('',#10017);
#2547=VERTEX_POINT('',#10857);
#2548=VERTEX_POINT('',#10859);
#2549=VERTEX_POINT('',#11143);
#2550=VERTEX_POINT('',#11144);
#2551=VERTEX_POINT('',#11181);
#2552=VERTEX_POINT('',#11182);
#2553=VERTEX_POINT('',#11220);
#2554=VERTEX_POINT('',#11255);
#2555=VERTEX_POINT('',#11299);
#2556=VERTEX_POINT('',#11304);
#2557=EDGE_CURVE('',#1949,#1950,#1425,.T.);
#2558=EDGE_CURVE('',#1949,#1951,#941,.T.);
#2559=EDGE_CURVE('',#1951,#1952,#1426,.T.);
#2560=EDGE_CURVE('',#1950,#1952,#942,.T.);
#2561=EDGE_CURVE('',#1950,#1949,#943,.T.);
#2562=EDGE_CURVE('',#1952,#1951,#944,.T.);
#2563=EDGE_CURVE('',#1953,#1953,#1427,.T.);
#2564=EDGE_CURVE('',#1954,#1954,#1428,.T.);
#2565=EDGE_CURVE('',#1954,#1955,#945,.T.);
#2566=EDGE_CURVE('',#1955,#1955,#1429,.T.);
#2567=EDGE_CURVE('',#1956,#1956,#1430,.T.);
#2568=EDGE_CURVE('',#1956,#1957,#946,.T.);
#2569=EDGE_CURVE('',#1957,#1957,#1431,.T.);
#2570=EDGE_CURVE('',#1958,#1958,#1432,.T.);
#2571=EDGE_CURVE('',#1958,#1953,#947,.T.);
#2572=EDGE_CURVE('',#1959,#1960,#1433,.T.);
#2573=EDGE_CURVE('',#1959,#1961,#948,.T.);
#2574=EDGE_CURVE('',#1962,#1961,#1434,.T.);
#2575=EDGE_CURVE('',#1960,#1962,#949,.T.);
#2576=EDGE_CURVE('',#1960,#1959,#950,.T.);
#2577=EDGE_CURVE('',#1961,#1962,#951,.T.);
#2578=EDGE_CURVE('',#1963,#1963,#1435,.T.);
#2579=EDGE_CURVE('',#1964,#1964,#1436,.T.);
#2580=EDGE_CURVE('',#1964,#1965,#952,.T.);
#2581=EDGE_CURVE('',#1965,#1965,#1437,.T.);
#2582=EDGE_CURVE('',#1966,#1966,#1438,.T.);
#2583=EDGE_CURVE('',#1966,#1967,#953,.T.);
#2584=EDGE_CURVE('',#1967,#1967,#1439,.T.);
#2585=EDGE_CURVE('',#1968,#1968,#1440,.T.);
#2586=EDGE_CURVE('',#1968,#1963,#954,.T.);
#2587=EDGE_CURVE('',#1969,#1969,#1441,.T.);
#2588=EDGE_CURVE('',#1969,#1970,#955,.T.);
#2589=EDGE_CURVE('',#1970,#1970,#1442,.T.);
#2590=EDGE_CURVE('',#1971,#1972,#1443,.T.);
#2591=EDGE_CURVE('',#1972,#1973,#1444,.T.);
#2592=EDGE_CURVE('',#1973,#1974,#1445,.T.);
#2593=EDGE_CURVE('',#1974,#1975,#1446,.T.);
#2594=EDGE_CURVE('',#1975,#1976,#1447,.T.);
#2595=EDGE_CURVE('',#1976,#1977,#1448,.T.);
#2596=EDGE_CURVE('',#1977,#1978,#1449,.T.);
#2597=EDGE_CURVE('',#1978,#1979,#1450,.T.);
#2598=EDGE_CURVE('',#1979,#1980,#1451,.T.);
#2599=EDGE_CURVE('',#1980,#1981,#1452,.T.);
#2600=EDGE_CURVE('',#1981,#1982,#1453,.T.);
#2601=EDGE_CURVE('',#1982,#1983,#1454,.T.);
#2602=EDGE_CURVE('',#1983,#1984,#1455,.T.);
#2603=EDGE_CURVE('',#1984,#1985,#1456,.T.);
#2604=EDGE_CURVE('',#1985,#1986,#1457,.T.);
#2605=EDGE_CURVE('',#1986,#1987,#1458,.T.);
#2606=EDGE_CURVE('',#1987,#1988,#1459,.T.);
#2607=EDGE_CURVE('',#1988,#1989,#1460,.T.);
#2608=EDGE_CURVE('',#1989,#1990,#1461,.T.);
#2609=EDGE_CURVE('',#1990,#1991,#1462,.T.);
#2610=EDGE_CURVE('',#1991,#1992,#1463,.T.);
#2611=EDGE_CURVE('',#1992,#1993,#1464,.T.);
#2612=EDGE_CURVE('',#1993,#1994,#1465,.T.);
#2613=EDGE_CURVE('',#1994,#1995,#1466,.T.);
#2614=EDGE_CURVE('',#1995,#1996,#1467,.T.);
#2615=EDGE_CURVE('',#1996,#1997,#1468,.T.);
#2616=EDGE_CURVE('',#1997,#1998,#1469,.T.);
#2617=EDGE_CURVE('',#1998,#1999,#1470,.T.);
#2618=EDGE_CURVE('',#1999,#2000,#1471,.T.);
#2619=EDGE_CURVE('',#2000,#2001,#1472,.T.);
#2620=EDGE_CURVE('',#2001,#2002,#1473,.T.);
#2621=EDGE_CURVE('',#2002,#2003,#1474,.T.);
#2622=EDGE_CURVE('',#2003,#2004,#1475,.T.);
#2623=EDGE_CURVE('',#2004,#2005,#1476,.T.);
#2624=EDGE_CURVE('',#2005,#2006,#1477,.T.);
#2625=EDGE_CURVE('',#2006,#2007,#1478,.T.);
#2626=EDGE_CURVE('',#2007,#2008,#1479,.T.);
#2627=EDGE_CURVE('',#2008,#2009,#1480,.T.);
#2628=EDGE_CURVE('',#2009,#2010,#1481,.T.);
#2629=EDGE_CURVE('',#2010,#2011,#1482,.T.);
#2630=EDGE_CURVE('',#2011,#2012,#1483,.T.);
#2631=EDGE_CURVE('',#2012,#2013,#1484,.T.);
#2632=EDGE_CURVE('',#2013,#2014,#1485,.T.);
#2633=EDGE_CURVE('',#2014,#2015,#1486,.T.);
#2634=EDGE_CURVE('',#2015,#2016,#1487,.T.);
#2635=EDGE_CURVE('',#2016,#2017,#1488,.T.);
#2636=EDGE_CURVE('',#2017,#2018,#1489,.T.);
#2637=EDGE_CURVE('',#2018,#2019,#1490,.T.);
#2638=EDGE_CURVE('',#2019,#2020,#1491,.T.);
#2639=EDGE_CURVE('',#2020,#2021,#1492,.T.);
#2640=EDGE_CURVE('',#2021,#2022,#1493,.T.);
#2641=EDGE_CURVE('',#2022,#2023,#1494,.T.);
#2642=EDGE_CURVE('',#2023,#2024,#1495,.T.);
#2643=EDGE_CURVE('',#2024,#2025,#1496,.T.);
#2644=EDGE_CURVE('',#2025,#2026,#1497,.T.);
#2645=EDGE_CURVE('',#2026,#2027,#1498,.T.);
#2646=EDGE_CURVE('',#2027,#2028,#1499,.T.);
#2647=EDGE_CURVE('',#2028,#2029,#1500,.T.);
#2648=EDGE_CURVE('',#2029,#2030,#1501,.T.);
#2649=EDGE_CURVE('',#2030,#2031,#1502,.T.);
#2650=EDGE_CURVE('',#2031,#2032,#1503,.T.);
#2651=EDGE_CURVE('',#2032,#2033,#1504,.T.);
#2652=EDGE_CURVE('',#2033,#2034,#1505,.T.);
#2653=EDGE_CURVE('',#2034,#2035,#1506,.T.);
#2654=EDGE_CURVE('',#2035,#2036,#1507,.T.);
#2655=EDGE_CURVE('',#2036,#2037,#1508,.T.);
#2656=EDGE_CURVE('',#2037,#2038,#1509,.T.);
#2657=EDGE_CURVE('',#2038,#2039,#1510,.T.);
#2658=EDGE_CURVE('',#2039,#2040,#1511,.T.);
#2659=EDGE_CURVE('',#2040,#2041,#1512,.T.);
#2660=EDGE_CURVE('',#2041,#2042,#1513,.T.);
#2661=EDGE_CURVE('',#2042,#2043,#1514,.T.);
#2662=EDGE_CURVE('',#2043,#2044,#1515,.T.);
#2663=EDGE_CURVE('',#2044,#2045,#1516,.T.);
#2664=EDGE_CURVE('',#2045,#2046,#1517,.T.);
#2665=EDGE_CURVE('',#2046,#2047,#1518,.T.);
#2666=EDGE_CURVE('',#2047,#2048,#1519,.T.);
#2667=EDGE_CURVE('',#2048,#2049,#1520,.T.);
#2668=EDGE_CURVE('',#2049,#2050,#1521,.T.);
#2669=EDGE_CURVE('',#2050,#2051,#1522,.T.);
#2670=EDGE_CURVE('',#2051,#2052,#1523,.T.);
#2671=EDGE_CURVE('',#2052,#2053,#1524,.T.);
#2672=EDGE_CURVE('',#2053,#2054,#1525,.T.);
#2673=EDGE_CURVE('',#2054,#2055,#1526,.T.);
#2674=EDGE_CURVE('',#2055,#2056,#1527,.T.);
#2675=EDGE_CURVE('',#2056,#2057,#1528,.T.);
#2676=EDGE_CURVE('',#2057,#2058,#1529,.T.);
#2677=EDGE_CURVE('',#2058,#2059,#1530,.T.);
#2678=EDGE_CURVE('',#2059,#2060,#1531,.T.);
#2679=EDGE_CURVE('',#2060,#2061,#1532,.T.);
#2680=EDGE_CURVE('',#2061,#2062,#1533,.T.);
#2681=EDGE_CURVE('',#2062,#2063,#1534,.T.);
#2682=EDGE_CURVE('',#2063,#2064,#1535,.T.);
#2683=EDGE_CURVE('',#2064,#2065,#1536,.T.);
#2684=EDGE_CURVE('',#2065,#2066,#1537,.T.);
#2685=EDGE_CURVE('',#2066,#2067,#1538,.T.);
#2686=EDGE_CURVE('',#2067,#2068,#1539,.T.);
#2687=EDGE_CURVE('',#2068,#2069,#1540,.T.);
#2688=EDGE_CURVE('',#2069,#2070,#1541,.T.);
#2689=EDGE_CURVE('',#2070,#2071,#1542,.T.);
#2690=EDGE_CURVE('',#2071,#2072,#1543,.T.);
#2691=EDGE_CURVE('',#2072,#2073,#1544,.T.);
#2692=EDGE_CURVE('',#2073,#2074,#1545,.T.);
#2693=EDGE_CURVE('',#2074,#2075,#1546,.T.);
#2694=EDGE_CURVE('',#2075,#2076,#1547,.T.);
#2695=EDGE_CURVE('',#2076,#2077,#1548,.T.);
#2696=EDGE_CURVE('',#2077,#2078,#1549,.T.);
#2697=EDGE_CURVE('',#2078,#2079,#1550,.T.);
#2698=EDGE_CURVE('',#2079,#2080,#1551,.T.);
#2699=EDGE_CURVE('',#2080,#2081,#1552,.T.);
#2700=EDGE_CURVE('',#2081,#2082,#1553,.T.);
#2701=EDGE_CURVE('',#2082,#2083,#1554,.T.);
#2702=EDGE_CURVE('',#2083,#2084,#1555,.T.);
#2703=EDGE_CURVE('',#2084,#2085,#1556,.T.);
#2704=EDGE_CURVE('',#2085,#2086,#1557,.T.);
#2705=EDGE_CURVE('',#2086,#2087,#1558,.T.);
#2706=EDGE_CURVE('',#2087,#2088,#1559,.T.);
#2707=EDGE_CURVE('',#2088,#2089,#1560,.T.);
#2708=EDGE_CURVE('',#2089,#2090,#1561,.T.);
#2709=EDGE_CURVE('',#2090,#2091,#1562,.T.);
#2710=EDGE_CURVE('',#2091,#2092,#1563,.T.);
#2711=EDGE_CURVE('',#2092,#2093,#1564,.T.);
#2712=EDGE_CURVE('',#2093,#2094,#1565,.T.);
#2713=EDGE_CURVE('',#2094,#2095,#1566,.T.);
#2714=EDGE_CURVE('',#2095,#2096,#1567,.T.);
#2715=EDGE_CURVE('',#2096,#2097,#1568,.T.);
#2716=EDGE_CURVE('',#2097,#2098,#1569,.T.);
#2717=EDGE_CURVE('',#2098,#2099,#1570,.T.);
#2718=EDGE_CURVE('',#2099,#2100,#1571,.T.);
#2719=EDGE_CURVE('',#2100,#2101,#1572,.T.);
#2720=EDGE_CURVE('',#2101,#2102,#1573,.T.);
#2721=EDGE_CURVE('',#2102,#2103,#1574,.T.);
#2722=EDGE_CURVE('',#2103,#2104,#1575,.T.);
#2723=EDGE_CURVE('',#2104,#2105,#1576,.T.);
#2724=EDGE_CURVE('',#2105,#2106,#1577,.T.);
#2725=EDGE_CURVE('',#2106,#2107,#1578,.T.);
#2726=EDGE_CURVE('',#2107,#2108,#1579,.T.);
#2727=EDGE_CURVE('',#2108,#2109,#1580,.T.);
#2728=EDGE_CURVE('',#2109,#2110,#1581,.T.);
#2729=EDGE_CURVE('',#2110,#2111,#1582,.T.);
#2730=EDGE_CURVE('',#2111,#2112,#1583,.T.);
#2731=EDGE_CURVE('',#2112,#2113,#1584,.T.);
#2732=EDGE_CURVE('',#2113,#2114,#1585,.T.);
#2733=EDGE_CURVE('',#2114,#2115,#1586,.T.);
#2734=EDGE_CURVE('',#2115,#2116,#1587,.T.);
#2735=EDGE_CURVE('',#2116,#2117,#1588,.T.);
#2736=EDGE_CURVE('',#2117,#2118,#1589,.T.);
#2737=EDGE_CURVE('',#2118,#2119,#1590,.T.);
#2738=EDGE_CURVE('',#2119,#2120,#1591,.T.);
#2739=EDGE_CURVE('',#2120,#2121,#1592,.T.);
#2740=EDGE_CURVE('',#2121,#2122,#1593,.T.);
#2741=EDGE_CURVE('',#2122,#2123,#1594,.T.);
#2742=EDGE_CURVE('',#2123,#2124,#1595,.T.);
#2743=EDGE_CURVE('',#2124,#2125,#1596,.T.);
#2744=EDGE_CURVE('',#2125,#2126,#1597,.T.);
#2745=EDGE_CURVE('',#2126,#2127,#1598,.T.);
#2746=EDGE_CURVE('',#2127,#2128,#1599,.T.);
#2747=EDGE_CURVE('',#2128,#2129,#1600,.T.);
#2748=EDGE_CURVE('',#2129,#2130,#1601,.T.);
#2749=EDGE_CURVE('',#2130,#2131,#1602,.T.);
#2750=EDGE_CURVE('',#2131,#2132,#1603,.T.);
#2751=EDGE_CURVE('',#2132,#2133,#1604,.T.);
#2752=EDGE_CURVE('',#2133,#2134,#1605,.T.);
#2753=EDGE_CURVE('',#2134,#2135,#1606,.T.);
#2754=EDGE_CURVE('',#2135,#2136,#1607,.T.);
#2755=EDGE_CURVE('',#2136,#2137,#1608,.T.);
#2756=EDGE_CURVE('',#2137,#2138,#1609,.T.);
#2757=EDGE_CURVE('',#2138,#2139,#1610,.T.);
#2758=EDGE_CURVE('',#2139,#2140,#1611,.T.);
#2759=EDGE_CURVE('',#2140,#2141,#1612,.T.);
#2760=EDGE_CURVE('',#2141,#2142,#1613,.T.);
#2761=EDGE_CURVE('',#2142,#2143,#1614,.T.);
#2762=EDGE_CURVE('',#2143,#2144,#1615,.T.);
#2763=EDGE_CURVE('',#2144,#2145,#1616,.T.);
#2764=EDGE_CURVE('',#2145,#2146,#1617,.T.);
#2765=EDGE_CURVE('',#2146,#2147,#1618,.T.);
#2766=EDGE_CURVE('',#2147,#2148,#1619,.T.);
#2767=EDGE_CURVE('',#2148,#2149,#1620,.T.);
#2768=EDGE_CURVE('',#2149,#2150,#1621,.T.);
#2769=EDGE_CURVE('',#2150,#2151,#1622,.T.);
#2770=EDGE_CURVE('',#2151,#2152,#1623,.T.);
#2771=EDGE_CURVE('',#2152,#2153,#1624,.T.);
#2772=EDGE_CURVE('',#2153,#2154,#1625,.T.);
#2773=EDGE_CURVE('',#2154,#2155,#1626,.T.);
#2774=EDGE_CURVE('',#2155,#2156,#1627,.T.);
#2775=EDGE_CURVE('',#2156,#2157,#1628,.T.);
#2776=EDGE_CURVE('',#2157,#2158,#1629,.T.);
#2777=EDGE_CURVE('',#2158,#2159,#1630,.T.);
#2778=EDGE_CURVE('',#2159,#2160,#1631,.T.);
#2779=EDGE_CURVE('',#2160,#2161,#1632,.T.);
#2780=EDGE_CURVE('',#2161,#2162,#1633,.T.);
#2781=EDGE_CURVE('',#2162,#2163,#1634,.T.);
#2782=EDGE_CURVE('',#2163,#2164,#1635,.T.);
#2783=EDGE_CURVE('',#2164,#2165,#1636,.T.);
#2784=EDGE_CURVE('',#2165,#2166,#1637,.T.);
#2785=EDGE_CURVE('',#2166,#2167,#1638,.T.);
#2786=EDGE_CURVE('',#2167,#2168,#1639,.T.);
#2787=EDGE_CURVE('',#2168,#2169,#1640,.T.);
#2788=EDGE_CURVE('',#2169,#2170,#1641,.T.);
#2789=EDGE_CURVE('',#2170,#2171,#1642,.T.);
#2790=EDGE_CURVE('',#2171,#2172,#1643,.T.);
#2791=EDGE_CURVE('',#2172,#2173,#1644,.T.);
#2792=EDGE_CURVE('',#2173,#2174,#1645,.T.);
#2793=EDGE_CURVE('',#2174,#2175,#1646,.T.);
#2794=EDGE_CURVE('',#2175,#2176,#1647,.T.);
#2795=EDGE_CURVE('',#2176,#2177,#1648,.T.);
#2796=EDGE_CURVE('',#2177,#2178,#1649,.T.);
#2797=EDGE_CURVE('',#2178,#2179,#1650,.T.);
#2798=EDGE_CURVE('',#2179,#2180,#1651,.T.);
#2799=EDGE_CURVE('',#2180,#1971,#1652,.T.);
#2800=EDGE_CURVE('',#2181,#2181,#1653,.T.);
#2801=EDGE_CURVE('',#2181,#1970,#956,.T.);
#2802=EDGE_CURVE('',#2182,#2182,#1654,.T.);
#2803=EDGE_CURVE('',#2182,#2183,#957,.T.);
#2804=EDGE_CURVE('',#2183,#2183,#1655,.T.);
#2805=EDGE_CURVE('',#2184,#2185,#1656,.T.);
#2806=EDGE_CURVE('',#2184,#2186,#1657,.T.);
#2807=EDGE_CURVE('',#2187,#2186,#1658,.T.);
#2808=EDGE_CURVE('',#2187,#2188,#1659,.T.);
#2809=EDGE_CURVE('',#2189,#2188,#1660,.T.);
#2810=EDGE_CURVE('',#2189,#2190,#1661,.T.);
#2811=EDGE_CURVE('',#2191,#2190,#1662,.T.);
#2812=EDGE_CURVE('',#2191,#2192,#1663,.T.);
#2813=EDGE_CURVE('',#2193,#2192,#1664,.T.);
#2814=EDGE_CURVE('',#2193,#2194,#1665,.T.);
#2815=EDGE_CURVE('',#2195,#2194,#1666,.T.);
#2816=EDGE_CURVE('',#2195,#2196,#1667,.T.);
#2817=EDGE_CURVE('',#2197,#2196,#1668,.T.);
#2818=EDGE_CURVE('',#2197,#2198,#1669,.T.);
#2819=EDGE_CURVE('',#2199,#2198,#1670,.T.);
#2820=EDGE_CURVE('',#2199,#2200,#1671,.T.);
#2821=EDGE_CURVE('',#2201,#2200,#1672,.T.);
#2822=EDGE_CURVE('',#2201,#2202,#1673,.T.);
#2823=EDGE_CURVE('',#2203,#2202,#1674,.T.);
#2824=EDGE_CURVE('',#2203,#2204,#1675,.T.);
#2825=EDGE_CURVE('',#2205,#2204,#1676,.T.);
#2826=EDGE_CURVE('',#2205,#2206,#1677,.T.);
#2827=EDGE_CURVE('',#2207,#2206,#1678,.T.);
#2828=EDGE_CURVE('',#2207,#2208,#1679,.T.);
#2829=EDGE_CURVE('',#2209,#2208,#1680,.T.);
#2830=EDGE_CURVE('',#2209,#2210,#1681,.T.);
#2831=EDGE_CURVE('',#2211,#2210,#1682,.T.);
#2832=EDGE_CURVE('',#2211,#2212,#1683,.T.);
#2833=EDGE_CURVE('',#2213,#2212,#1684,.T.);
#2834=EDGE_CURVE('',#2213,#2214,#1685,.T.);
#2835=EDGE_CURVE('',#2215,#2214,#1686,.T.);
#2836=EDGE_CURVE('',#2215,#2216,#1687,.T.);
#2837=EDGE_CURVE('',#2217,#2216,#1688,.T.);
#2838=EDGE_CURVE('',#2217,#2218,#1689,.T.);
#2839=EDGE_CURVE('',#2219,#2218,#1690,.T.);
#2840=EDGE_CURVE('',#2219,#2220,#1691,.T.);
#2841=EDGE_CURVE('',#2221,#2220,#1692,.T.);
#2842=EDGE_CURVE('',#2221,#2222,#1693,.T.);
#2843=EDGE_CURVE('',#2223,#2222,#1694,.T.);
#2844=EDGE_CURVE('',#2223,#2224,#1695,.T.);
#2845=EDGE_CURVE('',#2225,#2224,#1696,.T.);
#2846=EDGE_CURVE('',#2225,#2226,#1697,.T.);
#2847=EDGE_CURVE('',#2227,#2226,#1698,.T.);
#2848=EDGE_CURVE('',#2227,#2228,#1699,.T.);
#2849=EDGE_CURVE('',#2229,#2228,#1700,.T.);
#2850=EDGE_CURVE('',#2229,#2230,#1701,.T.);
#2851=EDGE_CURVE('',#2231,#2230,#1702,.T.);
#2852=EDGE_CURVE('',#2231,#2232,#1703,.T.);
#2853=EDGE_CURVE('',#2233,#2232,#1704,.T.);
#2854=EDGE_CURVE('',#2233,#2234,#1705,.T.);
#2855=EDGE_CURVE('',#2235,#2234,#1706,.T.);
#2856=EDGE_CURVE('',#2235,#2236,#1707,.T.);
#2857=EDGE_CURVE('',#2237,#2236,#1708,.T.);
#2858=EDGE_CURVE('',#2237,#2238,#1709,.T.);
#2859=EDGE_CURVE('',#2239,#2238,#1710,.T.);
#2860=EDGE_CURVE('',#2239,#2240,#1711,.T.);
#2861=EDGE_CURVE('',#2241,#2240,#1712,.T.);
#2862=EDGE_CURVE('',#2241,#2242,#1713,.T.);
#2863=EDGE_CURVE('',#2243,#2242,#1714,.T.);
#2864=EDGE_CURVE('',#2243,#2244,#1715,.T.);
#2865=EDGE_CURVE('',#2245,#2244,#1716,.T.);
#2866=EDGE_CURVE('',#2245,#2246,#1717,.T.);
#2867=EDGE_CURVE('',#2247,#2246,#1718,.T.);
#2868=EDGE_CURVE('',#2247,#2248,#1719,.T.);
#2869=EDGE_CURVE('',#2249,#2248,#1720,.T.);
#2870=EDGE_CURVE('',#2249,#2250,#1721,.T.);
#2871=EDGE_CURVE('',#2251,#2250,#1722,.T.);
#2872=EDGE_CURVE('',#2251,#2252,#1723,.T.);
#2873=EDGE_CURVE('',#2253,#2252,#1724,.T.);
#2874=EDGE_CURVE('',#2253,#2254,#1725,.T.);
#2875=EDGE_CURVE('',#2255,#2254,#1726,.T.);
#2876=EDGE_CURVE('',#2255,#2256,#1727,.T.);
#2877=EDGE_CURVE('',#2257,#2256,#1728,.T.);
#2878=EDGE_CURVE('',#2257,#2258,#1729,.T.);
#2879=EDGE_CURVE('',#2259,#2258,#1730,.T.);
#2880=EDGE_CURVE('',#2259,#2260,#1731,.T.);
#2881=EDGE_CURVE('',#2261,#2260,#1732,.T.);
#2882=EDGE_CURVE('',#2261,#2262,#1733,.T.);
#2883=EDGE_CURVE('',#2263,#2262,#1734,.T.);
#2884=EDGE_CURVE('',#2263,#2264,#1735,.T.);
#2885=EDGE_CURVE('',#2265,#2264,#1736,.T.);
#2886=EDGE_CURVE('',#2265,#2266,#1737,.T.);
#2887=EDGE_CURVE('',#2267,#2266,#1738,.T.);
#2888=EDGE_CURVE('',#2267,#2268,#1739,.T.);
#2889=EDGE_CURVE('',#2269,#2268,#1740,.T.);
#2890=EDGE_CURVE('',#2269,#2270,#1741,.T.);
#2891=EDGE_CURVE('',#2271,#2270,#1742,.T.);
#2892=EDGE_CURVE('',#2271,#2272,#1743,.T.);
#2893=EDGE_CURVE('',#2273,#2272,#1744,.T.);
#2894=EDGE_CURVE('',#2273,#2274,#1745,.T.);
#2895=EDGE_CURVE('',#2275,#2274,#1746,.T.);
#2896=EDGE_CURVE('',#2275,#2276,#1747,.T.);
#2897=EDGE_CURVE('',#2277,#2276,#1748,.T.);
#2898=EDGE_CURVE('',#2277,#2278,#1749,.T.);
#2899=EDGE_CURVE('',#2279,#2278,#1750,.T.);
#2900=EDGE_CURVE('',#2279,#2280,#1751,.T.);
#2901=EDGE_CURVE('',#2281,#2280,#1752,.T.);
#2902=EDGE_CURVE('',#2281,#2282,#1753,.T.);
#2903=EDGE_CURVE('',#2283,#2282,#1754,.T.);
#2904=EDGE_CURVE('',#2283,#2284,#1755,.T.);
#2905=EDGE_CURVE('',#2285,#2284,#1756,.T.);
#2906=EDGE_CURVE('',#2285,#2286,#1757,.T.);
#2907=EDGE_CURVE('',#2287,#2286,#1758,.T.);
#2908=EDGE_CURVE('',#2287,#2288,#1759,.T.);
#2909=EDGE_CURVE('',#2289,#2288,#1760,.T.);
#2910=EDGE_CURVE('',#2289,#2290,#1761,.T.);
#2911=EDGE_CURVE('',#2291,#2290,#1762,.T.);
#2912=EDGE_CURVE('',#2291,#2292,#1763,.T.);
#2913=EDGE_CURVE('',#2293,#2292,#1764,.T.);
#2914=EDGE_CURVE('',#2293,#2294,#1765,.T.);
#2915=EDGE_CURVE('',#2295,#2294,#1766,.T.);
#2916=EDGE_CURVE('',#2295,#2296,#1767,.T.);
#2917=EDGE_CURVE('',#2297,#2296,#1768,.T.);
#2918=EDGE_CURVE('',#2297,#2298,#1769,.T.);
#2919=EDGE_CURVE('',#2299,#2298,#1770,.T.);
#2920=EDGE_CURVE('',#2299,#2300,#1771,.T.);
#2921=EDGE_CURVE('',#2301,#2300,#1772,.T.);
#2922=EDGE_CURVE('',#2301,#2302,#1773,.T.);
#2923=EDGE_CURVE('',#2303,#2302,#1774,.T.);
#2924=EDGE_CURVE('',#2303,#2304,#1775,.T.);
#2925=EDGE_CURVE('',#2305,#2304,#1776,.T.);
#2926=EDGE_CURVE('',#2305,#2306,#1777,.T.);
#2927=EDGE_CURVE('',#2307,#2306,#1778,.T.);
#2928=EDGE_CURVE('',#2307,#2308,#1779,.T.);
#2929=EDGE_CURVE('',#2309,#2308,#1780,.T.);
#2930=EDGE_CURVE('',#2309,#2310,#1781,.T.);
#2931=EDGE_CURVE('',#2311,#2310,#1782,.T.);
#2932=EDGE_CURVE('',#2311,#2312,#1783,.T.);
#2933=EDGE_CURVE('',#2313,#2312,#1784,.T.);
#2934=EDGE_CURVE('',#2313,#2314,#1785,.T.);
#2935=EDGE_CURVE('',#2315,#2314,#1786,.T.);
#2936=EDGE_CURVE('',#2315,#2316,#1787,.T.);
#2937=EDGE_CURVE('',#2317,#2316,#1788,.T.);
#2938=EDGE_CURVE('',#2317,#2318,#1789,.T.);
#2939=EDGE_CURVE('',#2319,#2318,#1790,.T.);
#2940=EDGE_CURVE('',#2319,#2320,#1791,.T.);
#2941=EDGE_CURVE('',#2321,#2320,#1792,.T.);
#2942=EDGE_CURVE('',#2321,#2322,#1793,.T.);
#2943=EDGE_CURVE('',#2323,#2322,#1794,.T.);
#2944=EDGE_CURVE('',#2323,#2324,#1795,.T.);
#2945=EDGE_CURVE('',#2325,#2324,#1796,.T.);
#2946=EDGE_CURVE('',#2325,#2326,#1797,.T.);
#2947=EDGE_CURVE('',#2327,#2326,#1798,.T.);
#2948=EDGE_CURVE('',#2327,#2328,#1799,.T.);
#2949=EDGE_CURVE('',#2329,#2328,#1800,.T.);
#2950=EDGE_CURVE('',#2329,#2330,#1801,.T.);
#2951=EDGE_CURVE('',#2331,#2330,#1802,.T.);
#2952=EDGE_CURVE('',#2331,#2332,#1803,.T.);
#2953=EDGE_CURVE('',#2333,#2332,#1804,.T.);
#2954=EDGE_CURVE('',#2333,#2334,#1805,.T.);
#2955=EDGE_CURVE('',#2335,#2334,#1806,.T.);
#2956=EDGE_CURVE('',#2335,#2336,#1807,.T.);
#2957=EDGE_CURVE('',#2337,#2336,#1808,.T.);
#2958=EDGE_CURVE('',#2337,#2338,#1809,.T.);
#2959=EDGE_CURVE('',#2339,#2338,#1810,.T.);
#2960=EDGE_CURVE('',#2339,#2340,#1811,.T.);
#2961=EDGE_CURVE('',#2341,#2340,#1812,.T.);
#2962=EDGE_CURVE('',#2341,#2342,#1813,.T.);
#2963=EDGE_CURVE('',#2343,#2342,#1814,.T.);
#2964=EDGE_CURVE('',#2343,#2344,#1815,.T.);
#2965=EDGE_CURVE('',#2345,#2344,#1816,.T.);
#2966=EDGE_CURVE('',#2345,#2346,#1817,.T.);
#2967=EDGE_CURVE('',#2347,#2346,#1818,.T.);
#2968=EDGE_CURVE('',#2347,#2348,#1819,.T.);
#2969=EDGE_CURVE('',#2349,#2348,#1820,.T.);
#2970=EDGE_CURVE('',#2349,#2350,#1821,.T.);
#2971=EDGE_CURVE('',#2351,#2350,#1822,.T.);
#2972=EDGE_CURVE('',#2351,#2352,#1823,.T.);
#2973=EDGE_CURVE('',#2353,#2352,#1824,.T.);
#2974=EDGE_CURVE('',#2353,#2354,#1825,.T.);
#2975=EDGE_CURVE('',#2355,#2354,#1826,.T.);
#2976=EDGE_CURVE('',#2355,#2356,#1827,.T.);
#2977=EDGE_CURVE('',#2357,#2356,#1828,.T.);
#2978=EDGE_CURVE('',#2357,#2358,#1829,.T.);
#2979=EDGE_CURVE('',#2359,#2358,#1830,.T.);
#2980=EDGE_CURVE('',#2359,#2360,#1831,.T.);
#2981=EDGE_CURVE('',#2361,#2360,#1832,.T.);
#2982=EDGE_CURVE('',#2361,#2362,#1833,.T.);
#2983=EDGE_CURVE('',#2363,#2362,#1834,.T.);
#2984=EDGE_CURVE('',#2363,#2364,#1835,.T.);
#2985=EDGE_CURVE('',#2365,#2364,#1836,.T.);
#2986=EDGE_CURVE('',#2365,#2366,#1837,.T.);
#2987=EDGE_CURVE('',#2367,#2366,#1838,.T.);
#2988=EDGE_CURVE('',#2367,#2368,#1839,.T.);
#2989=EDGE_CURVE('',#2369,#2368,#1840,.T.);
#2990=EDGE_CURVE('',#2369,#2370,#1841,.T.);
#2991=EDGE_CURVE('',#2371,#2370,#1842,.T.);
#2992=EDGE_CURVE('',#2371,#2372,#1843,.T.);
#2993=EDGE_CURVE('',#2373,#2372,#1844,.T.);
#2994=EDGE_CURVE('',#2373,#2374,#1845,.T.);
#2995=EDGE_CURVE('',#2375,#2374,#1846,.T.);
#2996=EDGE_CURVE('',#2375,#2376,#1847,.T.);
#2997=EDGE_CURVE('',#2377,#2376,#1848,.T.);
#2998=EDGE_CURVE('',#2377,#2378,#1849,.T.);
#2999=EDGE_CURVE('',#2379,#2378,#1850,.T.);
#3000=EDGE_CURVE('',#2379,#2380,#1851,.T.);
#3001=EDGE_CURVE('',#2381,#2380,#1852,.T.);
#3002=EDGE_CURVE('',#2381,#2382,#1853,.T.);
#3003=EDGE_CURVE('',#2383,#2382,#1854,.T.);
#3004=EDGE_CURVE('',#2383,#2384,#1855,.T.);
#3005=EDGE_CURVE('',#2385,#2384,#1856,.T.);
#3006=EDGE_CURVE('',#2385,#2386,#1857,.T.);
#3007=EDGE_CURVE('',#2387,#2386,#1858,.T.);
#3008=EDGE_CURVE('',#2387,#2388,#1859,.T.);
#3009=EDGE_CURVE('',#2389,#2388,#1860,.T.);
#3010=EDGE_CURVE('',#2389,#2390,#1861,.T.);
#3011=EDGE_CURVE('',#2391,#2390,#1862,.T.);
#3012=EDGE_CURVE('',#2391,#2392,#1863,.T.);
#3013=EDGE_CURVE('',#2393,#2392,#1864,.T.);
#3014=EDGE_CURVE('',#2393,#2185,#1865,.T.);
#3015=EDGE_CURVE('',#2394,#2394,#1866,.T.);
#3016=EDGE_CURVE('',#2394,#2183,#958,.T.);
#3017=EDGE_CURVE('',#2395,#2396,#959,.T.);
#3018=EDGE_CURVE('',#2396,#2395,#1867,.T.);
#3019=EDGE_CURVE('',#2397,#2397,#1868,.T.);
#3020=EDGE_CURVE('',#2398,#2396,#960,.T.);
#3021=EDGE_CURVE('',#2398,#2399,#961,.T.);
#3022=EDGE_CURVE('',#2399,#2395,#962,.T.);
#3023=EDGE_CURVE('',#2400,#2400,#1869,.T.);
#3024=EDGE_CURVE('',#2401,#2401,#1870,.T.);
#3025=EDGE_CURVE('',#2402,#2403,#963,.T.);
#3026=EDGE_CURVE('',#2403,#2402,#1871,.T.);
#3027=EDGE_CURVE('',#2404,#2404,#1872,.T.);
#3028=EDGE_CURVE('',#2405,#2403,#964,.T.);
#3029=EDGE_CURVE('',#2405,#2406,#965,.T.);
#3030=EDGE_CURVE('',#2406,#2402,#966,.T.);
#3031=EDGE_CURVE('',#2407,#2407,#1873,.T.);
#3032=EDGE_CURVE('',#2408,#2408,#1874,.T.);
#3033=EDGE_CURVE('',#2017,#2353,#967,.T.);
#3034=EDGE_CURVE('',#2354,#2016,#968,.T.);
#3035=EDGE_CURVE('',#2011,#2359,#969,.T.);
#3036=EDGE_CURVE('',#2360,#2010,#970,.T.);
#3037=EDGE_CURVE('',#2005,#2365,#971,.T.);
#3038=EDGE_CURVE('',#2366,#2004,#972,.T.);
#3039=EDGE_CURVE('',#1999,#2371,#973,.T.);
#3040=EDGE_CURVE('',#2372,#1998,#974,.T.);
#3041=EDGE_CURVE('',#1993,#2377,#975,.T.);
#3042=EDGE_CURVE('',#2378,#1992,#976,.T.);
#3043=EDGE_CURVE('',#1987,#2383,#977,.T.);
#3044=EDGE_CURVE('',#2384,#1986,#978,.T.);
#3045=EDGE_CURVE('',#1981,#2389,#979,.T.);
#3046=EDGE_CURVE('',#2390,#1980,#980,.T.);
#3047=EDGE_CURVE('',#1975,#2184,#981,.T.);
#3048=EDGE_CURVE('',#2186,#1974,#982,.T.);
#3049=EDGE_CURVE('',#2177,#2193,#983,.T.);
#3050=EDGE_CURVE('',#2194,#2176,#984,.T.);
#3051=EDGE_CURVE('',#2171,#2199,#985,.T.);
#3052=EDGE_CURVE('',#2200,#2170,#986,.T.);
#3053=EDGE_CURVE('',#2165,#2205,#987,.T.);
#3054=EDGE_CURVE('',#2206,#2164,#988,.T.);
#3055=EDGE_CURVE('',#2159,#2211,#989,.T.);
#3056=EDGE_CURVE('',#2212,#2158,#990,.T.);
#3057=EDGE_CURVE('',#2153,#2217,#991,.T.);
#3058=EDGE_CURVE('',#2218,#2152,#992,.T.);
#3059=EDGE_CURVE('',#2147,#2223,#993,.T.);
#3060=EDGE_CURVE('',#2224,#2146,#994,.T.);
#3061=EDGE_CURVE('',#2141,#2229,#995,.T.);
#3062=EDGE_CURVE('',#2230,#2140,#996,.T.);
#3063=EDGE_CURVE('',#2135,#2235,#997,.T.);
#3064=EDGE_CURVE('',#2236,#2134,#998,.T.);
#3065=EDGE_CURVE('',#2139,#2409,#13,.T.);
#3066=EDGE_CURVE('',#2409,#2410,#999,.T.);
#3067=EDGE_CURVE('',#2410,#2231,#14,.T.);
#3068=EDGE_CURVE('',#2145,#2411,#15,.T.);
#3069=EDGE_CURVE('',#2411,#2412,#1000,.T.);
#3070=EDGE_CURVE('',#2412,#2225,#16,.T.);
#3071=EDGE_CURVE('',#2352,#2413,#17,.T.);
#3072=EDGE_CURVE('',#2414,#2413,#1001,.T.);
#3073=EDGE_CURVE('',#2414,#2018,#18,.T.);
#3074=EDGE_CURVE('',#2415,#2012,#19,.T.);
#3075=EDGE_CURVE('',#2358,#2416,#20,.T.);
#3076=EDGE_CURVE('',#2415,#2416,#1002,.T.);
#3077=EDGE_CURVE('',#2133,#2417,#21,.T.);
#3078=EDGE_CURVE('',#2417,#2418,#1003,.T.);
#3079=EDGE_CURVE('',#2418,#2237,#22,.T.);
#3080=EDGE_CURVE('',#2419,#2420,#1875,.T.);
#3081=EDGE_CURVE('',#2420,#2421,#1004,.T.);
#3082=EDGE_CURVE('',#2421,#2422,#1876,.T.);
#3083=EDGE_CURVE('',#2419,#2422,#1005,.T.);
#3084=EDGE_CURVE('',#2423,#2424,#1877,.T.);
#3085=EDGE_CURVE('',#2425,#2424,#1006,.T.);
#3086=EDGE_CURVE('',#2425,#2426,#1878,.T.);
#3087=EDGE_CURVE('',#2426,#2423,#1007,.T.);
#3088=EDGE_CURVE('',#2427,#2428,#1879,.T.);
#3089=EDGE_CURVE('',#2429,#2428,#1008,.T.);
#3090=EDGE_CURVE('',#2429,#2430,#1880,.T.);
#3091=EDGE_CURVE('',#2430,#2427,#1009,.T.);
#3092=EDGE_CURVE('',#2431,#2432,#1881,.T.);
#3093=EDGE_CURVE('',#2433,#2432,#1010,.T.);
#3094=EDGE_CURVE('',#2433,#2434,#1882,.T.);
#3095=EDGE_CURVE('',#2434,#2431,#1011,.T.);
#3096=EDGE_CURVE('',#2411,#2435,#1883,.T.);
#3097=EDGE_CURVE('',#2435,#2436,#1012,.T.);
#3098=EDGE_CURVE('',#2436,#2412,#1884,.T.);
#3099=EDGE_CURVE('',#2437,#2438,#1885,.T.);
#3100=EDGE_CURVE('',#2438,#2439,#1013,.T.);
#3101=EDGE_CURVE('',#2439,#2440,#1886,.T.);
#3102=EDGE_CURVE('',#2437,#2440,#1014,.T.);
#3103=EDGE_CURVE('',#2441,#2442,#1887,.T.);
#3104=EDGE_CURVE('',#2443,#2442,#1015,.T.);
#3105=EDGE_CURVE('',#2443,#2444,#1888,.T.);
#3106=EDGE_CURVE('',#2444,#2441,#1016,.T.);
#3107=EDGE_CURVE('',#2445,#2446,#1889,.T.);
#3108=EDGE_CURVE('',#2447,#2446,#1017,.T.);
#3109=EDGE_CURVE('',#2447,#2448,#1890,.T.);
#3110=EDGE_CURVE('',#2448,#2445,#1018,.T.);
#3111=EDGE_CURVE('',#2449,#2450,#1891,.T.);
#3112=EDGE_CURVE('',#2450,#2451,#1019,.T.);
#3113=EDGE_CURVE('',#2451,#2452,#1892,.T.);
#3114=EDGE_CURVE('',#2449,#2452,#1020,.T.);
#3115=EDGE_CURVE('',#2413,#2453,#1893,.T.);
#3116=EDGE_CURVE('',#2454,#2453,#1021,.T.);
#3117=EDGE_CURVE('',#2454,#2414,#1894,.T.);
#3118=EDGE_CURVE('',#2455,#2456,#1895,.T.);
#3119=EDGE_CURVE('',#2456,#2457,#1022,.T.);
#3120=EDGE_CURVE('',#2457,#2458,#1896,.T.);
#3121=EDGE_CURVE('',#2455,#2458,#1023,.T.);
#3122=EDGE_CURVE('',#2416,#2459,#1897,.T.);
#3123=EDGE_CURVE('',#2460,#2459,#1024,.T.);
#3124=EDGE_CURVE('',#2460,#2415,#1898,.T.);
#3125=EDGE_CURVE('',#2461,#2462,#1899,.T.);
#3126=EDGE_CURVE('',#2462,#2463,#1025,.T.);
#3127=EDGE_CURVE('',#2463,#2464,#1900,.T.);
#3128=EDGE_CURVE('',#2461,#2464,#1026,.T.);
#3129=EDGE_CURVE('',#2465,#2466,#1901,.T.);
#3130=EDGE_CURVE('',#2467,#2466,#1027,.T.);
#3131=EDGE_CURVE('',#2467,#2468,#1902,.T.);
#3132=EDGE_CURVE('',#2468,#2465,#1028,.T.);
#3133=EDGE_CURVE('',#2469,#2470,#1903,.T.);
#3134=EDGE_CURVE('',#2471,#2470,#1029,.T.);
#3135=EDGE_CURVE('',#2471,#2472,#1904,.T.);
#3136=EDGE_CURVE('',#2472,#2469,#1030,.T.);
#3137=EDGE_CURVE('',#2473,#2474,#1905,.T.);
#3138=EDGE_CURVE('',#2475,#2474,#1031,.T.);
#3139=EDGE_CURVE('',#2475,#2476,#1906,.T.);
#3140=EDGE_CURVE('',#2476,#2473,#1032,.T.);
#3141=EDGE_CURVE('',#2477,#2478,#1907,.T.);
#3142=EDGE_CURVE('',#2478,#2479,#1033,.T.);
#3143=EDGE_CURVE('',#2479,#2480,#1908,.T.);
#3144=EDGE_CURVE('',#2477,#2480,#1034,.T.);
#3145=EDGE_CURVE('',#2481,#2482,#1909,.T.);
#3146=EDGE_CURVE('',#2483,#2482,#1035,.T.);
#3147=EDGE_CURVE('',#2483,#2484,#1910,.T.);
#3148=EDGE_CURVE('',#2484,#2481,#1036,.T.);
#3149=EDGE_CURVE('',#2485,#2486,#1911,.T.);
#3150=EDGE_CURVE('',#2486,#2487,#1037,.T.);
#3151=EDGE_CURVE('',#2487,#2488,#1912,.T.);
#3152=EDGE_CURVE('',#2485,#2488,#1038,.T.);
#3153=EDGE_CURVE('',#2489,#2490,#1913,.T.);
#3154=EDGE_CURVE('',#2491,#2490,#1039,.T.);
#3155=EDGE_CURVE('',#2491,#2492,#1914,.T.);
#3156=EDGE_CURVE('',#2492,#2489,#1040,.T.);
#3157=EDGE_CURVE('',#2493,#2494,#1915,.T.);
#3158=EDGE_CURVE('',#2494,#2495,#1041,.T.);
#3159=EDGE_CURVE('',#2495,#2496,#1916,.T.);
#3160=EDGE_CURVE('',#2493,#2496,#1042,.T.);
#3161=EDGE_CURVE('',#2497,#2498,#1917,.T.);
#3162=EDGE_CURVE('',#2499,#2498,#1043,.T.);
#3163=EDGE_CURVE('',#2499,#2500,#1918,.T.);
#3164=EDGE_CURVE('',#2500,#2497,#1044,.T.);
#3165=EDGE_CURVE('',#2501,#2502,#1919,.T.);
#3166=EDGE_CURVE('',#2503,#2502,#1045,.T.);
#3167=EDGE_CURVE('',#2503,#2504,#1920,.T.);
#3168=EDGE_CURVE('',#2504,#2501,#1046,.T.);
#3169=EDGE_CURVE('',#2505,#2506,#1921,.T.);
#3170=EDGE_CURVE('',#2507,#2506,#1047,.T.);
#3171=EDGE_CURVE('',#2507,#2508,#1922,.T.);
#3172=EDGE_CURVE('',#2508,#2505,#1048,.T.);
#3173=EDGE_CURVE('',#2509,#2510,#1923,.T.);
#3174=EDGE_CURVE('',#2510,#2511,#1049,.T.);
#3175=EDGE_CURVE('',#2511,#2512,#1924,.T.);
#3176=EDGE_CURVE('',#2509,#2512,#1050,.T.);
#3177=EDGE_CURVE('',#2513,#2514,#1925,.T.);
#3178=EDGE_CURVE('',#2515,#2514,#1051,.T.);
#3179=EDGE_CURVE('',#2515,#2516,#1926,.T.);
#3180=EDGE_CURVE('',#2516,#2513,#1052,.T.);
#3181=EDGE_CURVE('',#2517,#2518,#1927,.T.);
#3182=EDGE_CURVE('',#2518,#2519,#1053,.T.);
#3183=EDGE_CURVE('',#2519,#2520,#1928,.T.);
#3184=EDGE_CURVE('',#2517,#2520,#1054,.T.);
#3185=EDGE_CURVE('',#2521,#2522,#1929,.T.);
#3186=EDGE_CURVE('',#2522,#2523,#1055,.T.);
#3187=EDGE_CURVE('',#2523,#2524,#1930,.T.);
#3188=EDGE_CURVE('',#2521,#2524,#1056,.T.);
#3189=EDGE_CURVE('',#2525,#2526,#1931,.T.);
#3190=EDGE_CURVE('',#2527,#2526,#1057,.T.);
#3191=EDGE_CURVE('',#2527,#2528,#1932,.T.);
#3192=EDGE_CURVE('',#2528,#2525,#1058,.T.);
#3193=EDGE_CURVE('',#2529,#2530,#1933,.T.);
#3194=EDGE_CURVE('',#2531,#2530,#1059,.T.);
#3195=EDGE_CURVE('',#2531,#2532,#1934,.T.);
#3196=EDGE_CURVE('',#2532,#2529,#1060,.T.);
#3197=EDGE_CURVE('',#2533,#2534,#1935,.T.);
#3198=EDGE_CURVE('',#2535,#2534,#1061,.T.);
#3199=EDGE_CURVE('',#2535,#2536,#1936,.T.);
#3200=EDGE_CURVE('',#2536,#2533,#1062,.T.);
#3201=EDGE_CURVE('',#2537,#2538,#1937,.T.);
#3202=EDGE_CURVE('',#2539,#2538,#1063,.T.);
#3203=EDGE_CURVE('',#2539,#2540,#1938,.T.);
#3204=EDGE_CURVE('',#2540,#2537,#1064,.T.);
#3205=EDGE_CURVE('',#2541,#2542,#1939,.T.);
#3206=EDGE_CURVE('',#2542,#2543,#1065,.T.);
#3207=EDGE_CURVE('',#2543,#2544,#1940,.T.);
#3208=EDGE_CURVE('',#2541,#2544,#1066,.T.);
#3209=EDGE_CURVE('',#2545,#2410,#1941,.T.);
#3210=EDGE_CURVE('',#2409,#2546,#1942,.T.);
#3211=EDGE_CURVE('',#2546,#2545,#1067,.T.);
#3212=EDGE_CURVE('',#2420,#1976,#23,.T.);
#3213=EDGE_CURVE('',#1977,#2419,#24,.T.);
#3214=EDGE_CURVE('',#1971,#2425,#25,.T.);
#3215=EDGE_CURVE('',#2426,#2180,#26,.T.);
#3216=EDGE_CURVE('',#2175,#2429,#27,.T.);
#3217=EDGE_CURVE('',#2430,#2174,#28,.T.);
#3218=EDGE_CURVE('',#2169,#2433,#29,.T.);
#3219=EDGE_CURVE('',#2434,#2168,#30,.T.);
#3220=EDGE_CURVE('',#2435,#2144,#31,.T.);
#3221=EDGE_CURVE('',#2438,#2150,#32,.T.);
#3222=EDGE_CURVE('',#2151,#2437,#33,.T.);
#3223=EDGE_CURVE('',#2163,#2443,#34,.T.);
#3224=EDGE_CURVE('',#2444,#2162,#35,.T.);
#3225=EDGE_CURVE('',#2157,#2447,#36,.T.);
#3226=EDGE_CURVE('',#2448,#2156,#37,.T.);
#3227=EDGE_CURVE('',#2450,#2024,#38,.T.);
#3228=EDGE_CURVE('',#2025,#2449,#39,.T.);
#3229=EDGE_CURVE('',#2019,#2454,#40,.T.);
#3230=EDGE_CURVE('',#2456,#2006,#41,.T.);
#3231=EDGE_CURVE('',#2007,#2455,#42,.T.);
#3232=EDGE_CURVE('',#2013,#2460,#43,.T.);
#3233=EDGE_CURVE('',#2462,#1994,#44,.T.);
#3234=EDGE_CURVE('',#1995,#2461,#45,.T.);
#3235=EDGE_CURVE('',#2001,#2467,#46,.T.);
#3236=EDGE_CURVE('',#2468,#2000,#47,.T.);
#3237=EDGE_CURVE('',#1989,#2471,#48,.T.);
#3238=EDGE_CURVE('',#2472,#1988,#49,.T.);
#3239=EDGE_CURVE('',#1983,#2475,#50,.T.);
#3240=EDGE_CURVE('',#2476,#1982,#51,.T.);
#3241=EDGE_CURVE('',#2478,#2072,#52,.T.);
#3242=EDGE_CURVE('',#2073,#2477,#53,.T.);
#3243=EDGE_CURVE('',#2067,#2483,#54,.T.);
#3244=EDGE_CURVE('',#2484,#2066,#55,.T.);
#3245=EDGE_CURVE('',#2486,#2054,#56,.T.);
#3246=EDGE_CURVE('',#2055,#2485,#57,.T.);
#3247=EDGE_CURVE('',#2061,#2491,#58,.T.);
#3248=EDGE_CURVE('',#2492,#2060,#59,.T.);
#3249=EDGE_CURVE('',#2494,#2042,#60,.T.);
#3250=EDGE_CURVE('',#2043,#2493,#61,.T.);
#3251=EDGE_CURVE('',#2049,#2499,#62,.T.);
#3252=EDGE_CURVE('',#2500,#2048,#63,.T.);
#3253=EDGE_CURVE('',#2037,#2503,#64,.T.);
#3254=EDGE_CURVE('',#2504,#2036,#65,.T.);
#3255=EDGE_CURVE('',#2031,#2507,#66,.T.);
#3256=EDGE_CURVE('',#2508,#2030,#67,.T.);
#3257=EDGE_CURVE('',#2510,#2108,#68,.T.);
#3258=EDGE_CURVE('',#2109,#2509,#69,.T.);
#3259=EDGE_CURVE('',#2103,#2515,#70,.T.);
#3260=EDGE_CURVE('',#2516,#2102,#71,.T.);
#3261=EDGE_CURVE('',#2518,#2114,#72,.T.);
#3262=EDGE_CURVE('',#2115,#2517,#73,.T.);
#3263=EDGE_CURVE('',#2522,#2120,#74,.T.);
#3264=EDGE_CURVE('',#2121,#2521,#75,.T.);
#3265=EDGE_CURVE('',#2097,#2527,#76,.T.);
#3266=EDGE_CURVE('',#2528,#2096,#77,.T.);
#3267=EDGE_CURVE('',#2091,#2531,#78,.T.);
#3268=EDGE_CURVE('',#2532,#2090,#79,.T.);
#3269=EDGE_CURVE('',#2085,#2535,#80,.T.);
#3270=EDGE_CURVE('',#2536,#2084,#81,.T.);
#3271=EDGE_CURVE('',#2079,#2539,#82,.T.);
#3272=EDGE_CURVE('',#2540,#2078,#83,.T.);
#3273=EDGE_CURVE('',#2542,#2126,#84,.T.);
#3274=EDGE_CURVE('',#2127,#2541,#85,.T.);
#3275=EDGE_CURVE('',#2546,#2138,#86,.T.);
#3276=EDGE_CURVE('',#2185,#2421,#87,.T.);
#3277=EDGE_CURVE('',#2422,#2393,#88,.T.);
#3278=EDGE_CURVE('',#2424,#2189,#89,.T.);
#3279=EDGE_CURVE('',#2190,#2423,#90,.T.);
#3280=EDGE_CURVE('',#2428,#2195,#91,.T.);
#3281=EDGE_CURVE('',#2196,#2427,#92,.T.);
#3282=EDGE_CURVE('',#2432,#2201,#93,.T.);
#3283=EDGE_CURVE('',#2202,#2431,#94,.T.);
#3284=EDGE_CURVE('',#2226,#2436,#95,.T.);
#3285=EDGE_CURVE('',#2220,#2439,#96,.T.);
#3286=EDGE_CURVE('',#2440,#2219,#97,.T.);
#3287=EDGE_CURVE('',#2442,#2207,#98,.T.);
#3288=EDGE_CURVE('',#2208,#2441,#99,.T.);
#3289=EDGE_CURVE('',#2446,#2213,#100,.T.);
#3290=EDGE_CURVE('',#2214,#2445,#101,.T.);
#3291=EDGE_CURVE('',#2346,#2451,#102,.T.);
#3292=EDGE_CURVE('',#2452,#2345,#103,.T.);
#3293=EDGE_CURVE('',#2453,#2351,#104,.T.);
#3294=EDGE_CURVE('',#2364,#2457,#105,.T.);
#3295=EDGE_CURVE('',#2458,#2363,#106,.T.);
#3296=EDGE_CURVE('',#2459,#2357,#107,.T.);
#3297=EDGE_CURVE('',#2376,#2463,#108,.T.);
#3298=EDGE_CURVE('',#2464,#2375,#109,.T.);
#3299=EDGE_CURVE('',#2466,#2369,#110,.T.);
#3300=EDGE_CURVE('',#2370,#2465,#111,.T.);
#3301=EDGE_CURVE('',#2470,#2381,#112,.T.);
#3302=EDGE_CURVE('',#2382,#2469,#113,.T.);
#3303=EDGE_CURVE('',#2474,#2387,#114,.T.);
#3304=EDGE_CURVE('',#2388,#2473,#115,.T.);
#3305=EDGE_CURVE('',#2298,#2479,#116,.T.);
#3306=EDGE_CURVE('',#2480,#2297,#117,.T.);
#3307=EDGE_CURVE('',#2482,#2303,#118,.T.);
#3308=EDGE_CURVE('',#2304,#2481,#119,.T.);
#3309=EDGE_CURVE('',#2316,#2487,#120,.T.);
#3310=EDGE_CURVE('',#2488,#2315,#121,.T.);
#3311=EDGE_CURVE('',#2490,#2309,#122,.T.);
#3312=EDGE_CURVE('',#2310,#2489,#123,.T.);
#3313=EDGE_CURVE('',#2328,#2495,#124,.T.);
#3314=EDGE_CURVE('',#2496,#2327,#125,.T.);
#3315=EDGE_CURVE('',#2498,#2321,#126,.T.);
#3316=EDGE_CURVE('',#2322,#2497,#127,.T.);
#3317=EDGE_CURVE('',#2502,#2333,#128,.T.);
#3318=EDGE_CURVE('',#2334,#2501,#129,.T.);
#3319=EDGE_CURVE('',#2506,#2339,#130,.T.);
#3320=EDGE_CURVE('',#2340,#2505,#131,.T.);
#3321=EDGE_CURVE('',#2262,#2511,#132,.T.);
#3322=EDGE_CURVE('',#2512,#2261,#133,.T.);
#3323=EDGE_CURVE('',#2514,#2267,#134,.T.);
#3324=EDGE_CURVE('',#2268,#2513,#135,.T.);
#3325=EDGE_CURVE('',#2256,#2519,#136,.T.);
#3326=EDGE_CURVE('',#2520,#2255,#137,.T.);
#3327=EDGE_CURVE('',#2250,#2523,#138,.T.);
#3328=EDGE_CURVE('',#2524,#2249,#139,.T.);
#3329=EDGE_CURVE('',#2526,#2273,#140,.T.);
#3330=EDGE_CURVE('',#2274,#2525,#141,.T.);
#3331=EDGE_CURVE('',#2530,#2279,#142,.T.);
#3332=EDGE_CURVE('',#2280,#2529,#143,.T.);
#3333=EDGE_CURVE('',#2534,#2285,#144,.T.);
#3334=EDGE_CURVE('',#2286,#2533,#145,.T.);
#3335=EDGE_CURVE('',#2538,#2291,#146,.T.);
#3336=EDGE_CURVE('',#2292,#2537,#147,.T.);
#3337=EDGE_CURVE('',#2244,#2543,#148,.T.);
#3338=EDGE_CURVE('',#2544,#2243,#149,.T.);
#3339=EDGE_CURVE('',#2232,#2545,#150,.T.);
#3340=EDGE_CURVE('',#2547,#2418,#1943,.T.);
#3341=EDGE_CURVE('',#2417,#2548,#1944,.T.);
#3342=EDGE_CURVE('',#2548,#2547,#1068,.T.);
#3343=EDGE_CURVE('',#2548,#2132,#151,.T.);
#3344=EDGE_CURVE('',#2131,#2239,#1069,.T.);
#3345=EDGE_CURVE('',#2238,#2547,#152,.T.);
#3346=EDGE_CURVE('',#2240,#2130,#1070,.T.);
#3347=EDGE_CURVE('',#2129,#2241,#1071,.T.);
#3348=EDGE_CURVE('',#2242,#2128,#1072,.T.);
#3349=EDGE_CURVE('',#2137,#2233,#1073,.T.);
#3350=EDGE_CURVE('',#2234,#2136,#1074,.T.);
#3351=EDGE_CURVE('',#2125,#2245,#1075,.T.);
#3352=EDGE_CURVE('',#2246,#2124,#1076,.T.);
#3353=EDGE_CURVE('',#2123,#2247,#1077,.T.);
#3354=EDGE_CURVE('',#2248,#2122,#1078,.T.);
#3355=EDGE_CURVE('',#2077,#2293,#1079,.T.);
#3356=EDGE_CURVE('',#2294,#2076,#1080,.T.);
#3357=EDGE_CURVE('',#2075,#2295,#1081,.T.);
#3358=EDGE_CURVE('',#2296,#2074,#1082,.T.);
#3359=EDGE_CURVE('',#2083,#2287,#1083,.T.);
#3360=EDGE_CURVE('',#2288,#2082,#1084,.T.);
#3361=EDGE_CURVE('',#2081,#2289,#1085,.T.);
#3362=EDGE_CURVE('',#2290,#2080,#1086,.T.);
#3363=EDGE_CURVE('',#2089,#2281,#1087,.T.);
#3364=EDGE_CURVE('',#2282,#2088,#1088,.T.);
#3365=EDGE_CURVE('',#2087,#2283,#1089,.T.);
#3366=EDGE_CURVE('',#2284,#2086,#1090,.T.);
#3367=EDGE_CURVE('',#2095,#2275,#1091,.T.);
#3368=EDGE_CURVE('',#2276,#2094,#1092,.T.);
#3369=EDGE_CURVE('',#2093,#2277,#1093,.T.);
#3370=EDGE_CURVE('',#2278,#2092,#1094,.T.);
#3371=EDGE_CURVE('',#2119,#2251,#1095,.T.);
#3372=EDGE_CURVE('',#2252,#2118,#1096,.T.);
#3373=EDGE_CURVE('',#2117,#2253,#1097,.T.);
#3374=EDGE_CURVE('',#2254,#2116,#1098,.T.);
#3375=EDGE_CURVE('',#2113,#2257,#1099,.T.);
#3376=EDGE_CURVE('',#2258,#2112,#1100,.T.);
#3377=EDGE_CURVE('',#2111,#2259,#1101,.T.);
#3378=EDGE_CURVE('',#2260,#2110,#1102,.T.);
#3379=EDGE_CURVE('',#2101,#2269,#1103,.T.);
#3380=EDGE_CURVE('',#2270,#2100,#1104,.T.);
#3381=EDGE_CURVE('',#2099,#2271,#1105,.T.);
#3382=EDGE_CURVE('',#2272,#2098,#1106,.T.);
#3383=EDGE_CURVE('',#2107,#2263,#1107,.T.);
#3384=EDGE_CURVE('',#2264,#2106,#1108,.T.);
#3385=EDGE_CURVE('',#2105,#2265,#1109,.T.);
#3386=EDGE_CURVE('',#2266,#2104,#1110,.T.);
#3387=EDGE_CURVE('',#2029,#2341,#1111,.T.);
#3388=EDGE_CURVE('',#2342,#2028,#1112,.T.);
#3389=EDGE_CURVE('',#2027,#2343,#1113,.T.);
#3390=EDGE_CURVE('',#2344,#2026,#1114,.T.);
#3391=EDGE_CURVE('',#2035,#2335,#1115,.T.);
#3392=EDGE_CURVE('',#2336,#2034,#1116,.T.);
#3393=EDGE_CURVE('',#2033,#2337,#1117,.T.);
#3394=EDGE_CURVE('',#2338,#2032,#1118,.T.);
#3395=EDGE_CURVE('',#2047,#2323,#1119,.T.);
#3396=EDGE_CURVE('',#2324,#2046,#1120,.T.);
#3397=EDGE_CURVE('',#2045,#2325,#1121,.T.);
#3398=EDGE_CURVE('',#2326,#2044,#1122,.T.);
#3399=EDGE_CURVE('',#2041,#2329,#1123,.T.);
#3400=EDGE_CURVE('',#2330,#2040,#1124,.T.);
#3401=EDGE_CURVE('',#2039,#2331,#1125,.T.);
#3402=EDGE_CURVE('',#2332,#2038,#1126,.T.);
#3403=EDGE_CURVE('',#2059,#2311,#1127,.T.);
#3404=EDGE_CURVE('',#2312,#2058,#1128,.T.);
#3405=EDGE_CURVE('',#2057,#2313,#1129,.T.);
#3406=EDGE_CURVE('',#2314,#2056,#1130,.T.);
#3407=EDGE_CURVE('',#2053,#2317,#1131,.T.);
#3408=EDGE_CURVE('',#2318,#2052,#1132,.T.);
#3409=EDGE_CURVE('',#2051,#2319,#1133,.T.);
#3410=EDGE_CURVE('',#2320,#2050,#1134,.T.);
#3411=EDGE_CURVE('',#2065,#2305,#1135,.T.);
#3412=EDGE_CURVE('',#2306,#2064,#1136,.T.);
#3413=EDGE_CURVE('',#2063,#2307,#1137,.T.);
#3414=EDGE_CURVE('',#2308,#2062,#1138,.T.);
#3415=EDGE_CURVE('',#2071,#2299,#1139,.T.);
#3416=EDGE_CURVE('',#2300,#2070,#1140,.T.);
#3417=EDGE_CURVE('',#2069,#2301,#1141,.T.);
#3418=EDGE_CURVE('',#2302,#2068,#1142,.T.);
#3419=EDGE_CURVE('',#1979,#2391,#1143,.T.);
#3420=EDGE_CURVE('',#2392,#1978,#1144,.T.);
#3421=EDGE_CURVE('',#1985,#2385,#1145,.T.);
#3422=EDGE_CURVE('',#2386,#1984,#1146,.T.);
#3423=EDGE_CURVE('',#1997,#2373,#1147,.T.);
#3424=EDGE_CURVE('',#2374,#1996,#1148,.T.);
#3425=EDGE_CURVE('',#1991,#2379,#1149,.T.);
#3426=EDGE_CURVE('',#2380,#1990,#1150,.T.);
#3427=EDGE_CURVE('',#2009,#2361,#1151,.T.);
#3428=EDGE_CURVE('',#2362,#2008,#1152,.T.);
#3429=EDGE_CURVE('',#2003,#2367,#1153,.T.);
#3430=EDGE_CURVE('',#2368,#2002,#1154,.T.);
#3431=EDGE_CURVE('',#2015,#2355,#1155,.T.);
#3432=EDGE_CURVE('',#2356,#2014,#1156,.T.);
#3433=EDGE_CURVE('',#2023,#2347,#1157,.T.);
#3434=EDGE_CURVE('',#2348,#2022,#1158,.T.);
#3435=EDGE_CURVE('',#2021,#2349,#1159,.T.);
#3436=EDGE_CURVE('',#2350,#2020,#1160,.T.);
#3437=EDGE_CURVE('',#2155,#2215,#1161,.T.);
#3438=EDGE_CURVE('',#2216,#2154,#1162,.T.);
#3439=EDGE_CURVE('',#2161,#2209,#1163,.T.);
#3440=EDGE_CURVE('',#2210,#2160,#1164,.T.);
#3441=EDGE_CURVE('',#2149,#2221,#1165,.T.);
#3442=EDGE_CURVE('',#2222,#2148,#1166,.T.);
#3443=EDGE_CURVE('',#2143,#2227,#1167,.T.);
#3444=EDGE_CURVE('',#2228,#2142,#1168,.T.);
#3445=EDGE_CURVE('',#2167,#2203,#1169,.T.);
#3446=EDGE_CURVE('',#2204,#2166,#1170,.T.);
#3447=EDGE_CURVE('',#2173,#2197,#1171,.T.);
#3448=EDGE_CURVE('',#2198,#2172,#1172,.T.);
#3449=EDGE_CURVE('',#2179,#2191,#1173,.T.);
#3450=EDGE_CURVE('',#2192,#2178,#1174,.T.);
#3451=EDGE_CURVE('',#1973,#2187,#1175,.T.);
#3452=EDGE_CURVE('',#2188,#1972,#1176,.T.);
#3453=EDGE_CURVE('',#2406,#2405,#1945,.T.);
#3454=EDGE_CURVE('',#2399,#2398,#1946,.T.);
#3455=EDGE_CURVE('',#2549,#2550,#153,.T.);
#3456=EDGE_CURVE('',#2550,#2549,#154,.T.);
#3457=EDGE_CURVE('',#2551,#2552,#155,.T.);
#3458=EDGE_CURVE('',#2552,#2551,#156,.T.);
#3459=EDGE_CURVE('',#2553,#2553,#157,.T.);
#3460=EDGE_CURVE('',#2554,#2554,#158,.T.);
#3461=EDGE_CURVE('',#2400,#2552,#1177,.T.);
#3462=EDGE_CURVE('',#2401,#2550,#1178,.T.);
#3463=EDGE_CURVE('',#2407,#2554,#1179,.T.);
#3464=EDGE_CURVE('',#2408,#2553,#1180,.T.);
#3465=EDGE_CURVE('',#2555,#2555,#1947,.T.);
#3466=EDGE_CURVE('',#2397,#2555,#1181,.T.);
#3467=EDGE_CURVE('',#2556,#2556,#1948,.T.);
#3468=EDGE_CURVE('',#2404,#2556,#1182,.T.);
#3469=ORIENTED_EDGE('',*,*,#2557,.F.);
#3470=ORIENTED_EDGE('',*,*,#2558,.T.);
#3471=ORIENTED_EDGE('',*,*,#2559,.T.);
#3472=ORIENTED_EDGE('',*,*,#2560,.F.);
#3473=ORIENTED_EDGE('',*,*,#2561,.F.);
#3474=ORIENTED_EDGE('',*,*,#2560,.T.);
#3475=ORIENTED_EDGE('',*,*,#2562,.T.);
#3476=ORIENTED_EDGE('',*,*,#2558,.F.);
#3477=ORIENTED_EDGE('',*,*,#2562,.F.);
#3478=ORIENTED_EDGE('',*,*,#2559,.F.);
#3479=ORIENTED_EDGE('',*,*,#2563,.F.);
#3480=ORIENTED_EDGE('',*,*,#2564,.T.);
#3481=ORIENTED_EDGE('',*,*,#2565,.T.);
#3482=ORIENTED_EDGE('',*,*,#2566,.T.);
#3483=ORIENTED_EDGE('',*,*,#2565,.F.);
#3484=ORIENTED_EDGE('',*,*,#2567,.T.);
#3485=ORIENTED_EDGE('',*,*,#2568,.T.);
#3486=ORIENTED_EDGE('',*,*,#2569,.F.);
#3487=ORIENTED_EDGE('',*,*,#2568,.F.);
#3488=ORIENTED_EDGE('',*,*,#2569,.T.);
#3489=ORIENTED_EDGE('',*,*,#2557,.T.);
#3490=ORIENTED_EDGE('',*,*,#2561,.T.);
#3491=ORIENTED_EDGE('',*,*,#2567,.F.);
#3492=ORIENTED_EDGE('',*,*,#2566,.F.);
#3493=ORIENTED_EDGE('',*,*,#2564,.F.);
#3494=ORIENTED_EDGE('',*,*,#2570,.F.);
#3495=ORIENTED_EDGE('',*,*,#2570,.T.);
#3496=ORIENTED_EDGE('',*,*,#2571,.T.);
#3497=ORIENTED_EDGE('',*,*,#2563,.T.);
#3498=ORIENTED_EDGE('',*,*,#2571,.F.);
#3499=ORIENTED_EDGE('',*,*,#2572,.F.);
#3500=ORIENTED_EDGE('',*,*,#2573,.T.);
#3501=ORIENTED_EDGE('',*,*,#2574,.F.);
#3502=ORIENTED_EDGE('',*,*,#2575,.F.);
#3503=ORIENTED_EDGE('',*,*,#2576,.F.);
#3504=ORIENTED_EDGE('',*,*,#2575,.T.);
#3505=ORIENTED_EDGE('',*,*,#2577,.F.);
#3506=ORIENTED_EDGE('',*,*,#2573,.F.);
#3507=ORIENTED_EDGE('',*,*,#2576,.T.);
#3508=ORIENTED_EDGE('',*,*,#2572,.T.);
#3509=ORIENTED_EDGE('',*,*,#2578,.F.);
#3510=ORIENTED_EDGE('',*,*,#2579,.F.);
#3511=ORIENTED_EDGE('',*,*,#2580,.T.);
#3512=ORIENTED_EDGE('',*,*,#2581,.T.);
#3513=ORIENTED_EDGE('',*,*,#2580,.F.);
#3514=ORIENTED_EDGE('',*,*,#2582,.T.);
#3515=ORIENTED_EDGE('',*,*,#2583,.T.);
#3516=ORIENTED_EDGE('',*,*,#2584,.F.);
#3517=ORIENTED_EDGE('',*,*,#2583,.F.);
#3518=ORIENTED_EDGE('',*,*,#2584,.T.);
#3519=ORIENTED_EDGE('',*,*,#2574,.T.);
#3520=ORIENTED_EDGE('',*,*,#2577,.T.);
#3521=ORIENTED_EDGE('',*,*,#2582,.F.);
#3522=ORIENTED_EDGE('',*,*,#2581,.F.);
#3523=ORIENTED_EDGE('',*,*,#2579,.T.);
#3524=ORIENTED_EDGE('',*,*,#2585,.T.);
#3525=ORIENTED_EDGE('',*,*,#2585,.F.);
#3526=ORIENTED_EDGE('',*,*,#2586,.T.);
#3527=ORIENTED_EDGE('',*,*,#2578,.T.);
#3528=ORIENTED_EDGE('',*,*,#2586,.F.);
#3529=ORIENTED_EDGE('',*,*,#2587,.T.);
#3530=ORIENTED_EDGE('',*,*,#2588,.T.);
#3531=ORIENTED_EDGE('',*,*,#2589,.T.);
#3532=ORIENTED_EDGE('',*,*,#2588,.F.);
#3533=ORIENTED_EDGE('',*,*,#2590,.T.);
#3534=ORIENTED_EDGE('',*,*,#2591,.T.);
#3535=ORIENTED_EDGE('',*,*,#2592,.T.);
#3536=ORIENTED_EDGE('',*,*,#2593,.T.);
#3537=ORIENTED_EDGE('',*,*,#2594,.T.);
#3538=ORIENTED_EDGE('',*,*,#2595,.T.);
#3539=ORIENTED_EDGE('',*,*,#2596,.T.);
#3540=ORIENTED_EDGE('',*,*,#2597,.T.);
#3541=ORIENTED_EDGE('',*,*,#2598,.T.);
#3542=ORIENTED_EDGE('',*,*,#2599,.T.);
#3543=ORIENTED_EDGE('',*,*,#2600,.T.);
#3544=ORIENTED_EDGE('',*,*,#2601,.T.);
#3545=ORIENTED_EDGE('',*,*,#2602,.T.);
#3546=ORIENTED_EDGE('',*,*,#2603,.T.);
#3547=ORIENTED_EDGE('',*,*,#2604,.T.);
#3548=ORIENTED_EDGE('',*,*,#2605,.T.);
#3549=ORIENTED_EDGE('',*,*,#2606,.T.);
#3550=ORIENTED_EDGE('',*,*,#2607,.T.);
#3551=ORIENTED_EDGE('',*,*,#2608,.T.);
#3552=ORIENTED_EDGE('',*,*,#2609,.T.);
#3553=ORIENTED_EDGE('',*,*,#2610,.T.);
#3554=ORIENTED_EDGE('',*,*,#2611,.T.);
#3555=ORIENTED_EDGE('',*,*,#2612,.T.);
#3556=ORIENTED_EDGE('',*,*,#2613,.T.);
#3557=ORIENTED_EDGE('',*,*,#2614,.T.);
#3558=ORIENTED_EDGE('',*,*,#2615,.T.);
#3559=ORIENTED_EDGE('',*,*,#2616,.T.);
#3560=ORIENTED_EDGE('',*,*,#2617,.T.);
#3561=ORIENTED_EDGE('',*,*,#2618,.T.);
#3562=ORIENTED_EDGE('',*,*,#2619,.T.);
#3563=ORIENTED_EDGE('',*,*,#2620,.T.);
#3564=ORIENTED_EDGE('',*,*,#2621,.T.);
#3565=ORIENTED_EDGE('',*,*,#2622,.T.);
#3566=ORIENTED_EDGE('',*,*,#2623,.T.);
#3567=ORIENTED_EDGE('',*,*,#2624,.T.);
#3568=ORIENTED_EDGE('',*,*,#2625,.T.);
#3569=ORIENTED_EDGE('',*,*,#2626,.T.);
#3570=ORIENTED_EDGE('',*,*,#2627,.T.);
#3571=ORIENTED_EDGE('',*,*,#2628,.T.);
#3572=ORIENTED_EDGE('',*,*,#2629,.T.);
#3573=ORIENTED_EDGE('',*,*,#2630,.T.);
#3574=ORIENTED_EDGE('',*,*,#2631,.T.);
#3575=ORIENTED_EDGE('',*,*,#2632,.T.);
#3576=ORIENTED_EDGE('',*,*,#2633,.T.);
#3577=ORIENTED_EDGE('',*,*,#2634,.T.);
#3578=ORIENTED_EDGE('',*,*,#2635,.T.);
#3579=ORIENTED_EDGE('',*,*,#2636,.T.);
#3580=ORIENTED_EDGE('',*,*,#2637,.T.);
#3581=ORIENTED_EDGE('',*,*,#2638,.T.);
#3582=ORIENTED_EDGE('',*,*,#2639,.T.);
#3583=ORIENTED_EDGE('',*,*,#2640,.T.);
#3584=ORIENTED_EDGE('',*,*,#2641,.T.);
#3585=ORIENTED_EDGE('',*,*,#2642,.T.);
#3586=ORIENTED_EDGE('',*,*,#2643,.T.);
#3587=ORIENTED_EDGE('',*,*,#2644,.T.);
#3588=ORIENTED_EDGE('',*,*,#2645,.T.);
#3589=ORIENTED_EDGE('',*,*,#2646,.T.);
#3590=ORIENTED_EDGE('',*,*,#2647,.T.);
#3591=ORIENTED_EDGE('',*,*,#2648,.T.);
#3592=ORIENTED_EDGE('',*,*,#2649,.T.);
#3593=ORIENTED_EDGE('',*,*,#2650,.T.);
#3594=ORIENTED_EDGE('',*,*,#2651,.T.);
#3595=ORIENTED_EDGE('',*,*,#2652,.T.);
#3596=ORIENTED_EDGE('',*,*,#2653,.T.);
#3597=ORIENTED_EDGE('',*,*,#2654,.T.);
#3598=ORIENTED_EDGE('',*,*,#2655,.T.);
#3599=ORIENTED_EDGE('',*,*,#2656,.T.);
#3600=ORIENTED_EDGE('',*,*,#2657,.T.);
#3601=ORIENTED_EDGE('',*,*,#2658,.T.);
#3602=ORIENTED_EDGE('',*,*,#2659,.T.);
#3603=ORIENTED_EDGE('',*,*,#2660,.T.);
#3604=ORIENTED_EDGE('',*,*,#2661,.T.);
#3605=ORIENTED_EDGE('',*,*,#2662,.T.);
#3606=ORIENTED_EDGE('',*,*,#2663,.T.);
#3607=ORIENTED_EDGE('',*,*,#2664,.T.);
#3608=ORIENTED_EDGE('',*,*,#2665,.T.);
#3609=ORIENTED_EDGE('',*,*,#2666,.T.);
#3610=ORIENTED_EDGE('',*,*,#2667,.T.);
#3611=ORIENTED_EDGE('',*,*,#2668,.T.);
#3612=ORIENTED_EDGE('',*,*,#2669,.T.);
#3613=ORIENTED_EDGE('',*,*,#2670,.T.);
#3614=ORIENTED_EDGE('',*,*,#2671,.T.);
#3615=ORIENTED_EDGE('',*,*,#2672,.T.);
#3616=ORIENTED_EDGE('',*,*,#2673,.T.);
#3617=ORIENTED_EDGE('',*,*,#2674,.T.);
#3618=ORIENTED_EDGE('',*,*,#2675,.T.);
#3619=ORIENTED_EDGE('',*,*,#2676,.T.);
#3620=ORIENTED_EDGE('',*,*,#2677,.T.);
#3621=ORIENTED_EDGE('',*,*,#2678,.T.);
#3622=ORIENTED_EDGE('',*,*,#2679,.T.);
#3623=ORIENTED_EDGE('',*,*,#2680,.T.);
#3624=ORIENTED_EDGE('',*,*,#2681,.T.);
#3625=ORIENTED_EDGE('',*,*,#2682,.T.);
#3626=ORIENTED_EDGE('',*,*,#2683,.T.);
#3627=ORIENTED_EDGE('',*,*,#2684,.T.);
#3628=ORIENTED_EDGE('',*,*,#2685,.T.);
#3629=ORIENTED_EDGE('',*,*,#2686,.T.);
#3630=ORIENTED_EDGE('',*,*,#2687,.T.);
#3631=ORIENTED_EDGE('',*,*,#2688,.T.);
#3632=ORIENTED_EDGE('',*,*,#2689,.T.);
#3633=ORIENTED_EDGE('',*,*,#2690,.T.);
#3634=ORIENTED_EDGE('',*,*,#2691,.T.);
#3635=ORIENTED_EDGE('',*,*,#2692,.T.);
#3636=ORIENTED_EDGE('',*,*,#2693,.T.);
#3637=ORIENTED_EDGE('',*,*,#2694,.T.);
#3638=ORIENTED_EDGE('',*,*,#2695,.T.);
#3639=ORIENTED_EDGE('',*,*,#2696,.T.);
#3640=ORIENTED_EDGE('',*,*,#2697,.T.);
#3641=ORIENTED_EDGE('',*,*,#2698,.T.);
#3642=ORIENTED_EDGE('',*,*,#2699,.T.);
#3643=ORIENTED_EDGE('',*,*,#2700,.T.);
#3644=ORIENTED_EDGE('',*,*,#2701,.T.);
#3645=ORIENTED_EDGE('',*,*,#2702,.T.);
#3646=ORIENTED_EDGE('',*,*,#2703,.T.);
#3647=ORIENTED_EDGE('',*,*,#2704,.T.);
#3648=ORIENTED_EDGE('',*,*,#2705,.T.);
#3649=ORIENTED_EDGE('',*,*,#2706,.T.);
#3650=ORIENTED_EDGE('',*,*,#2707,.T.);
#3651=ORIENTED_EDGE('',*,*,#2708,.T.);
#3652=ORIENTED_EDGE('',*,*,#2709,.T.);
#3653=ORIENTED_EDGE('',*,*,#2710,.T.);
#3654=ORIENTED_EDGE('',*,*,#2711,.T.);
#3655=ORIENTED_EDGE('',*,*,#2712,.T.);
#3656=ORIENTED_EDGE('',*,*,#2713,.T.);
#3657=ORIENTED_EDGE('',*,*,#2714,.T.);
#3658=ORIENTED_EDGE('',*,*,#2715,.T.);
#3659=ORIENTED_EDGE('',*,*,#2716,.T.);
#3660=ORIENTED_EDGE('',*,*,#2717,.T.);
#3661=ORIENTED_EDGE('',*,*,#2718,.T.);
#3662=ORIENTED_EDGE('',*,*,#2719,.T.);
#3663=ORIENTED_EDGE('',*,*,#2720,.T.);
#3664=ORIENTED_EDGE('',*,*,#2721,.T.);
#3665=ORIENTED_EDGE('',*,*,#2722,.T.);
#3666=ORIENTED_EDGE('',*,*,#2723,.T.);
#3667=ORIENTED_EDGE('',*,*,#2724,.T.);
#3668=ORIENTED_EDGE('',*,*,#2725,.T.);
#3669=ORIENTED_EDGE('',*,*,#2726,.T.);
#3670=ORIENTED_EDGE('',*,*,#2727,.T.);
#3671=ORIENTED_EDGE('',*,*,#2728,.T.);
#3672=ORIENTED_EDGE('',*,*,#2729,.T.);
#3673=ORIENTED_EDGE('',*,*,#2730,.T.);
#3674=ORIENTED_EDGE('',*,*,#2731,.T.);
#3675=ORIENTED_EDGE('',*,*,#2732,.T.);
#3676=ORIENTED_EDGE('',*,*,#2733,.T.);
#3677=ORIENTED_EDGE('',*,*,#2734,.T.);
#3678=ORIENTED_EDGE('',*,*,#2735,.T.);
#3679=ORIENTED_EDGE('',*,*,#2736,.T.);
#3680=ORIENTED_EDGE('',*,*,#2737,.T.);
#3681=ORIENTED_EDGE('',*,*,#2738,.T.);
#3682=ORIENTED_EDGE('',*,*,#2739,.T.);
#3683=ORIENTED_EDGE('',*,*,#2740,.T.);
#3684=ORIENTED_EDGE('',*,*,#2741,.T.);
#3685=ORIENTED_EDGE('',*,*,#2742,.T.);
#3686=ORIENTED_EDGE('',*,*,#2743,.T.);
#3687=ORIENTED_EDGE('',*,*,#2744,.T.);
#3688=ORIENTED_EDGE('',*,*,#2745,.T.);
#3689=ORIENTED_EDGE('',*,*,#2746,.T.);
#3690=ORIENTED_EDGE('',*,*,#2747,.T.);
#3691=ORIENTED_EDGE('',*,*,#2748,.T.);
#3692=ORIENTED_EDGE('',*,*,#2749,.T.);
#3693=ORIENTED_EDGE('',*,*,#2750,.T.);
#3694=ORIENTED_EDGE('',*,*,#2751,.T.);
#3695=ORIENTED_EDGE('',*,*,#2752,.T.);
#3696=ORIENTED_EDGE('',*,*,#2753,.T.);
#3697=ORIENTED_EDGE('',*,*,#2754,.T.);
#3698=ORIENTED_EDGE('',*,*,#2755,.T.);
#3699=ORIENTED_EDGE('',*,*,#2756,.T.);
#3700=ORIENTED_EDGE('',*,*,#2757,.T.);
#3701=ORIENTED_EDGE('',*,*,#2758,.T.);
#3702=ORIENTED_EDGE('',*,*,#2759,.T.);
#3703=ORIENTED_EDGE('',*,*,#2760,.T.);
#3704=ORIENTED_EDGE('',*,*,#2761,.T.);
#3705=ORIENTED_EDGE('',*,*,#2762,.T.);
#3706=ORIENTED_EDGE('',*,*,#2763,.T.);
#3707=ORIENTED_EDGE('',*,*,#2764,.T.);
#3708=ORIENTED_EDGE('',*,*,#2765,.T.);
#3709=ORIENTED_EDGE('',*,*,#2766,.T.);
#3710=ORIENTED_EDGE('',*,*,#2767,.T.);
#3711=ORIENTED_EDGE('',*,*,#2768,.T.);
#3712=ORIENTED_EDGE('',*,*,#2769,.T.);
#3713=ORIENTED_EDGE('',*,*,#2770,.T.);
#3714=ORIENTED_EDGE('',*,*,#2771,.T.);
#3715=ORIENTED_EDGE('',*,*,#2772,.T.);
#3716=ORIENTED_EDGE('',*,*,#2773,.T.);
#3717=ORIENTED_EDGE('',*,*,#2774,.T.);
#3718=ORIENTED_EDGE('',*,*,#2775,.T.);
#3719=ORIENTED_EDGE('',*,*,#2776,.T.);
#3720=ORIENTED_EDGE('',*,*,#2777,.T.);
#3721=ORIENTED_EDGE('',*,*,#2778,.T.);
#3722=ORIENTED_EDGE('',*,*,#2779,.T.);
#3723=ORIENTED_EDGE('',*,*,#2780,.T.);
#3724=ORIENTED_EDGE('',*,*,#2781,.T.);
#3725=ORIENTED_EDGE('',*,*,#2782,.T.);
#3726=ORIENTED_EDGE('',*,*,#2783,.T.);
#3727=ORIENTED_EDGE('',*,*,#2784,.T.);
#3728=ORIENTED_EDGE('',*,*,#2785,.T.);
#3729=ORIENTED_EDGE('',*,*,#2786,.T.);
#3730=ORIENTED_EDGE('',*,*,#2787,.T.);
#3731=ORIENTED_EDGE('',*,*,#2788,.T.);
#3732=ORIENTED_EDGE('',*,*,#2789,.T.);
#3733=ORIENTED_EDGE('',*,*,#2790,.T.);
#3734=ORIENTED_EDGE('',*,*,#2791,.T.);
#3735=ORIENTED_EDGE('',*,*,#2792,.T.);
#3736=ORIENTED_EDGE('',*,*,#2793,.T.);
#3737=ORIENTED_EDGE('',*,*,#2794,.T.);
#3738=ORIENTED_EDGE('',*,*,#2795,.T.);
#3739=ORIENTED_EDGE('',*,*,#2796,.T.);
#3740=ORIENTED_EDGE('',*,*,#2797,.T.);
#3741=ORIENTED_EDGE('',*,*,#2798,.T.);
#3742=ORIENTED_EDGE('',*,*,#2799,.T.);
#3743=ORIENTED_EDGE('',*,*,#2587,.F.);
#3744=ORIENTED_EDGE('',*,*,#2800,.F.);
#3745=ORIENTED_EDGE('',*,*,#2801,.T.);
#3746=ORIENTED_EDGE('',*,*,#2589,.F.);
#3747=ORIENTED_EDGE('',*,*,#2801,.F.);
#3748=ORIENTED_EDGE('',*,*,#2802,.T.);
#3749=ORIENTED_EDGE('',*,*,#2803,.T.);
#3750=ORIENTED_EDGE('',*,*,#2804,.T.);
#3751=ORIENTED_EDGE('',*,*,#2803,.F.);
#3752=ORIENTED_EDGE('',*,*,#2805,.F.);
#3753=ORIENTED_EDGE('',*,*,#2806,.T.);
#3754=ORIENTED_EDGE('',*,*,#2807,.F.);
#3755=ORIENTED_EDGE('',*,*,#2808,.T.);
#3756=ORIENTED_EDGE('',*,*,#2809,.F.);
#3757=ORIENTED_EDGE('',*,*,#2810,.T.);
#3758=ORIENTED_EDGE('',*,*,#2811,.F.);
#3759=ORIENTED_EDGE('',*,*,#2812,.T.);
#3760=ORIENTED_EDGE('',*,*,#2813,.F.);
#3761=ORIENTED_EDGE('',*,*,#2814,.T.);
#3762=ORIENTED_EDGE('',*,*,#2815,.F.);
#3763=ORIENTED_EDGE('',*,*,#2816,.T.);
#3764=ORIENTED_EDGE('',*,*,#2817,.F.);
#3765=ORIENTED_EDGE('',*,*,#2818,.T.);
#3766=ORIENTED_EDGE('',*,*,#2819,.F.);
#3767=ORIENTED_EDGE('',*,*,#2820,.T.);
#3768=ORIENTED_EDGE('',*,*,#2821,.F.);
#3769=ORIENTED_EDGE('',*,*,#2822,.T.);
#3770=ORIENTED_EDGE('',*,*,#2823,.F.);
#3771=ORIENTED_EDGE('',*,*,#2824,.T.);
#3772=ORIENTED_EDGE('',*,*,#2825,.F.);
#3773=ORIENTED_EDGE('',*,*,#2826,.T.);
#3774=ORIENTED_EDGE('',*,*,#2827,.F.);
#3775=ORIENTED_EDGE('',*,*,#2828,.T.);
#3776=ORIENTED_EDGE('',*,*,#2829,.F.);
#3777=ORIENTED_EDGE('',*,*,#2830,.T.);
#3778=ORIENTED_EDGE('',*,*,#2831,.F.);
#3779=ORIENTED_EDGE('',*,*,#2832,.T.);
#3780=ORIENTED_EDGE('',*,*,#2833,.F.);
#3781=ORIENTED_EDGE('',*,*,#2834,.T.);
#3782=ORIENTED_EDGE('',*,*,#2835,.F.);
#3783=ORIENTED_EDGE('',*,*,#2836,.T.);
#3784=ORIENTED_EDGE('',*,*,#2837,.F.);
#3785=ORIENTED_EDGE('',*,*,#2838,.T.);
#3786=ORIENTED_EDGE('',*,*,#2839,.F.);
#3787=ORIENTED_EDGE('',*,*,#2840,.T.);
#3788=ORIENTED_EDGE('',*,*,#2841,.F.);
#3789=ORIENTED_EDGE('',*,*,#2842,.T.);
#3790=ORIENTED_EDGE('',*,*,#2843,.F.);
#3791=ORIENTED_EDGE('',*,*,#2844,.T.);
#3792=ORIENTED_EDGE('',*,*,#2845,.F.);
#3793=ORIENTED_EDGE('',*,*,#2846,.T.);
#3794=ORIENTED_EDGE('',*,*,#2847,.F.);
#3795=ORIENTED_EDGE('',*,*,#2848,.T.);
#3796=ORIENTED_EDGE('',*,*,#2849,.F.);
#3797=ORIENTED_EDGE('',*,*,#2850,.T.);
#3798=ORIENTED_EDGE('',*,*,#2851,.F.);
#3799=ORIENTED_EDGE('',*,*,#2852,.T.);
#3800=ORIENTED_EDGE('',*,*,#2853,.F.);
#3801=ORIENTED_EDGE('',*,*,#2854,.T.);
#3802=ORIENTED_EDGE('',*,*,#2855,.F.);
#3803=ORIENTED_EDGE('',*,*,#2856,.T.);
#3804=ORIENTED_EDGE('',*,*,#2857,.F.);
#3805=ORIENTED_EDGE('',*,*,#2858,.T.);
#3806=ORIENTED_EDGE('',*,*,#2859,.F.);
#3807=ORIENTED_EDGE('',*,*,#2860,.T.);
#3808=ORIENTED_EDGE('',*,*,#2861,.F.);
#3809=ORIENTED_EDGE('',*,*,#2862,.T.);
#3810=ORIENTED_EDGE('',*,*,#2863,.F.);
#3811=ORIENTED_EDGE('',*,*,#2864,.T.);
#3812=ORIENTED_EDGE('',*,*,#2865,.F.);
#3813=ORIENTED_EDGE('',*,*,#2866,.T.);
#3814=ORIENTED_EDGE('',*,*,#2867,.F.);
#3815=ORIENTED_EDGE('',*,*,#2868,.T.);
#3816=ORIENTED_EDGE('',*,*,#2869,.F.);
#3817=ORIENTED_EDGE('',*,*,#2870,.T.);
#3818=ORIENTED_EDGE('',*,*,#2871,.F.);
#3819=ORIENTED_EDGE('',*,*,#2872,.T.);
#3820=ORIENTED_EDGE('',*,*,#2873,.F.);
#3821=ORIENTED_EDGE('',*,*,#2874,.T.);
#3822=ORIENTED_EDGE('',*,*,#2875,.F.);
#3823=ORIENTED_EDGE('',*,*,#2876,.T.);
#3824=ORIENTED_EDGE('',*,*,#2877,.F.);
#3825=ORIENTED_EDGE('',*,*,#2878,.T.);
#3826=ORIENTED_EDGE('',*,*,#2879,.F.);
#3827=ORIENTED_EDGE('',*,*,#2880,.T.);
#3828=ORIENTED_EDGE('',*,*,#2881,.F.);
#3829=ORIENTED_EDGE('',*,*,#2882,.T.);
#3830=ORIENTED_EDGE('',*,*,#2883,.F.);
#3831=ORIENTED_EDGE('',*,*,#2884,.T.);
#3832=ORIENTED_EDGE('',*,*,#2885,.F.);
#3833=ORIENTED_EDGE('',*,*,#2886,.T.);
#3834=ORIENTED_EDGE('',*,*,#2887,.F.);
#3835=ORIENTED_EDGE('',*,*,#2888,.T.);
#3836=ORIENTED_EDGE('',*,*,#2889,.F.);
#3837=ORIENTED_EDGE('',*,*,#2890,.T.);
#3838=ORIENTED_EDGE('',*,*,#2891,.F.);
#3839=ORIENTED_EDGE('',*,*,#2892,.T.);
#3840=ORIENTED_EDGE('',*,*,#2893,.F.);
#3841=ORIENTED_EDGE('',*,*,#2894,.T.);
#3842=ORIENTED_EDGE('',*,*,#2895,.F.);
#3843=ORIENTED_EDGE('',*,*,#2896,.T.);
#3844=ORIENTED_EDGE('',*,*,#2897,.F.);
#3845=ORIENTED_EDGE('',*,*,#2898,.T.);
#3846=ORIENTED_EDGE('',*,*,#2899,.F.);
#3847=ORIENTED_EDGE('',*,*,#2900,.T.);
#3848=ORIENTED_EDGE('',*,*,#2901,.F.);
#3849=ORIENTED_EDGE('',*,*,#2902,.T.);
#3850=ORIENTED_EDGE('',*,*,#2903,.F.);
#3851=ORIENTED_EDGE('',*,*,#2904,.T.);
#3852=ORIENTED_EDGE('',*,*,#2905,.F.);
#3853=ORIENTED_EDGE('',*,*,#2906,.T.);
#3854=ORIENTED_EDGE('',*,*,#2907,.F.);
#3855=ORIENTED_EDGE('',*,*,#2908,.T.);
#3856=ORIENTED_EDGE('',*,*,#2909,.F.);
#3857=ORIENTED_EDGE('',*,*,#2910,.T.);
#3858=ORIENTED_EDGE('',*,*,#2911,.F.);
#3859=ORIENTED_EDGE('',*,*,#2912,.T.);
#3860=ORIENTED_EDGE('',*,*,#2913,.F.);
#3861=ORIENTED_EDGE('',*,*,#2914,.T.);
#3862=ORIENTED_EDGE('',*,*,#2915,.F.);
#3863=ORIENTED_EDGE('',*,*,#2916,.T.);
#3864=ORIENTED_EDGE('',*,*,#2917,.F.);
#3865=ORIENTED_EDGE('',*,*,#2918,.T.);
#3866=ORIENTED_EDGE('',*,*,#2919,.F.);
#3867=ORIENTED_EDGE('',*,*,#2920,.T.);
#3868=ORIENTED_EDGE('',*,*,#2921,.F.);
#3869=ORIENTED_EDGE('',*,*,#2922,.T.);
#3870=ORIENTED_EDGE('',*,*,#2923,.F.);
#3871=ORIENTED_EDGE('',*,*,#2924,.T.);
#3872=ORIENTED_EDGE('',*,*,#2925,.F.);
#3873=ORIENTED_EDGE('',*,*,#2926,.T.);
#3874=ORIENTED_EDGE('',*,*,#2927,.F.);
#3875=ORIENTED_EDGE('',*,*,#2928,.T.);
#3876=ORIENTED_EDGE('',*,*,#2929,.F.);
#3877=ORIENTED_EDGE('',*,*,#2930,.T.);
#3878=ORIENTED_EDGE('',*,*,#2931,.F.);
#3879=ORIENTED_EDGE('',*,*,#2932,.T.);
#3880=ORIENTED_EDGE('',*,*,#2933,.F.);
#3881=ORIENTED_EDGE('',*,*,#2934,.T.);
#3882=ORIENTED_EDGE('',*,*,#2935,.F.);
#3883=ORIENTED_EDGE('',*,*,#2936,.T.);
#3884=ORIENTED_EDGE('',*,*,#2937,.F.);
#3885=ORIENTED_EDGE('',*,*,#2938,.T.);
#3886=ORIENTED_EDGE('',*,*,#2939,.F.);
#3887=ORIENTED_EDGE('',*,*,#2940,.T.);
#3888=ORIENTED_EDGE('',*,*,#2941,.F.);
#3889=ORIENTED_EDGE('',*,*,#2942,.T.);
#3890=ORIENTED_EDGE('',*,*,#2943,.F.);
#3891=ORIENTED_EDGE('',*,*,#2944,.T.);
#3892=ORIENTED_EDGE('',*,*,#2945,.F.);
#3893=ORIENTED_EDGE('',*,*,#2946,.T.);
#3894=ORIENTED_EDGE('',*,*,#2947,.F.);
#3895=ORIENTED_EDGE('',*,*,#2948,.T.);
#3896=ORIENTED_EDGE('',*,*,#2949,.F.);
#3897=ORIENTED_EDGE('',*,*,#2950,.T.);
#3898=ORIENTED_EDGE('',*,*,#2951,.F.);
#3899=ORIENTED_EDGE('',*,*,#2952,.T.);
#3900=ORIENTED_EDGE('',*,*,#2953,.F.);
#3901=ORIENTED_EDGE('',*,*,#2954,.T.);
#3902=ORIENTED_EDGE('',*,*,#2955,.F.);
#3903=ORIENTED_EDGE('',*,*,#2956,.T.);
#3904=ORIENTED_EDGE('',*,*,#2957,.F.);
#3905=ORIENTED_EDGE('',*,*,#2958,.T.);
#3906=ORIENTED_EDGE('',*,*,#2959,.F.);
#3907=ORIENTED_EDGE('',*,*,#2960,.T.);
#3908=ORIENTED_EDGE('',*,*,#2961,.F.);
#3909=ORIENTED_EDGE('',*,*,#2962,.T.);
#3910=ORIENTED_EDGE('',*,*,#2963,.F.);
#3911=ORIENTED_EDGE('',*,*,#2964,.T.);
#3912=ORIENTED_EDGE('',*,*,#2965,.F.);
#3913=ORIENTED_EDGE('',*,*,#2966,.T.);
#3914=ORIENTED_EDGE('',*,*,#2967,.F.);
#3915=ORIENTED_EDGE('',*,*,#2968,.T.);
#3916=ORIENTED_EDGE('',*,*,#2969,.F.);
#3917=ORIENTED_EDGE('',*,*,#2970,.T.);
#3918=ORIENTED_EDGE('',*,*,#2971,.F.);
#3919=ORIENTED_EDGE('',*,*,#2972,.T.);
#3920=ORIENTED_EDGE('',*,*,#2973,.F.);
#3921=ORIENTED_EDGE('',*,*,#2974,.T.);
#3922=ORIENTED_EDGE('',*,*,#2975,.F.);
#3923=ORIENTED_EDGE('',*,*,#2976,.T.);
#3924=ORIENTED_EDGE('',*,*,#2977,.F.);
#3925=ORIENTED_EDGE('',*,*,#2978,.T.);
#3926=ORIENTED_EDGE('',*,*,#2979,.F.);
#3927=ORIENTED_EDGE('',*,*,#2980,.T.);
#3928=ORIENTED_EDGE('',*,*,#2981,.F.);
#3929=ORIENTED_EDGE('',*,*,#2982,.T.);
#3930=ORIENTED_EDGE('',*,*,#2983,.F.);
#3931=ORIENTED_EDGE('',*,*,#2984,.T.);
#3932=ORIENTED_EDGE('',*,*,#2985,.F.);
#3933=ORIENTED_EDGE('',*,*,#2986,.T.);
#3934=ORIENTED_EDGE('',*,*,#2987,.F.);
#3935=ORIENTED_EDGE('',*,*,#2988,.T.);
#3936=ORIENTED_EDGE('',*,*,#2989,.F.);
#3937=ORIENTED_EDGE('',*,*,#2990,.T.);
#3938=ORIENTED_EDGE('',*,*,#2991,.F.);
#3939=ORIENTED_EDGE('',*,*,#2992,.T.);
#3940=ORIENTED_EDGE('',*,*,#2993,.F.);
#3941=ORIENTED_EDGE('',*,*,#2994,.T.);
#3942=ORIENTED_EDGE('',*,*,#2995,.F.);
#3943=ORIENTED_EDGE('',*,*,#2996,.T.);
#3944=ORIENTED_EDGE('',*,*,#2997,.F.);
#3945=ORIENTED_EDGE('',*,*,#2998,.T.);
#3946=ORIENTED_EDGE('',*,*,#2999,.F.);
#3947=ORIENTED_EDGE('',*,*,#3000,.T.);
#3948=ORIENTED_EDGE('',*,*,#3001,.F.);
#3949=ORIENTED_EDGE('',*,*,#3002,.T.);
#3950=ORIENTED_EDGE('',*,*,#3003,.F.);
#3951=ORIENTED_EDGE('',*,*,#3004,.T.);
#3952=ORIENTED_EDGE('',*,*,#3005,.F.);
#3953=ORIENTED_EDGE('',*,*,#3006,.T.);
#3954=ORIENTED_EDGE('',*,*,#3007,.F.);
#3955=ORIENTED_EDGE('',*,*,#3008,.T.);
#3956=ORIENTED_EDGE('',*,*,#3009,.F.);
#3957=ORIENTED_EDGE('',*,*,#3010,.T.);
#3958=ORIENTED_EDGE('',*,*,#3011,.F.);
#3959=ORIENTED_EDGE('',*,*,#3012,.T.);
#3960=ORIENTED_EDGE('',*,*,#3013,.F.);
#3961=ORIENTED_EDGE('',*,*,#3014,.T.);
#3962=ORIENTED_EDGE('',*,*,#2802,.F.);
#3963=ORIENTED_EDGE('',*,*,#3015,.F.);
#3964=ORIENTED_EDGE('',*,*,#3016,.T.);
#3965=ORIENTED_EDGE('',*,*,#2804,.F.);
#3966=ORIENTED_EDGE('',*,*,#3016,.F.);
#3967=ORIENTED_EDGE('',*,*,#3017,.F.);
#3968=ORIENTED_EDGE('',*,*,#3018,.F.);
#3969=ORIENTED_EDGE('',*,*,#3019,.F.);
#3970=ORIENTED_EDGE('',*,*,#3017,.T.);
#3971=ORIENTED_EDGE('',*,*,#3020,.F.);
#3972=ORIENTED_EDGE('',*,*,#3021,.T.);
#3973=ORIENTED_EDGE('',*,*,#3022,.T.);
#3974=ORIENTED_EDGE('',*,*,#3023,.T.);
#3975=ORIENTED_EDGE('',*,*,#3024,.T.);
#3976=ORIENTED_EDGE('',*,*,#3025,.F.);
#3977=ORIENTED_EDGE('',*,*,#3026,.F.);
#3978=ORIENTED_EDGE('',*,*,#3027,.F.);
#3979=ORIENTED_EDGE('',*,*,#3025,.T.);
#3980=ORIENTED_EDGE('',*,*,#3028,.F.);
#3981=ORIENTED_EDGE('',*,*,#3029,.T.);
#3982=ORIENTED_EDGE('',*,*,#3030,.T.);
#3983=ORIENTED_EDGE('',*,*,#3031,.T.);
#3984=ORIENTED_EDGE('',*,*,#3032,.T.);
#3985=ORIENTED_EDGE('',*,*,#2974,.F.);
#3986=ORIENTED_EDGE('',*,*,#3033,.F.);
#3987=ORIENTED_EDGE('',*,*,#2635,.F.);
#3988=ORIENTED_EDGE('',*,*,#3034,.F.);
#3989=ORIENTED_EDGE('',*,*,#2980,.F.);
#3990=ORIENTED_EDGE('',*,*,#3035,.F.);
#3991=ORIENTED_EDGE('',*,*,#2629,.F.);
#3992=ORIENTED_EDGE('',*,*,#3036,.F.);
#3993=ORIENTED_EDGE('',*,*,#2986,.F.);
#3994=ORIENTED_EDGE('',*,*,#3037,.F.);
#3995=ORIENTED_EDGE('',*,*,#2623,.F.);
#3996=ORIENTED_EDGE('',*,*,#3038,.F.);
#3997=ORIENTED_EDGE('',*,*,#2992,.F.);
#3998=ORIENTED_EDGE('',*,*,#3039,.F.);
#3999=ORIENTED_EDGE('',*,*,#2617,.F.);
#4000=ORIENTED_EDGE('',*,*,#3040,.F.);
#4001=ORIENTED_EDGE('',*,*,#2998,.F.);
#4002=ORIENTED_EDGE('',*,*,#3041,.F.);
#4003=ORIENTED_EDGE('',*,*,#2611,.F.);
#4004=ORIENTED_EDGE('',*,*,#3042,.F.);
#4005=ORIENTED_EDGE('',*,*,#3004,.F.);
#4006=ORIENTED_EDGE('',*,*,#3043,.F.);
#4007=ORIENTED_EDGE('',*,*,#2605,.F.);
#4008=ORIENTED_EDGE('',*,*,#3044,.F.);
#4009=ORIENTED_EDGE('',*,*,#3010,.F.);
#4010=ORIENTED_EDGE('',*,*,#3045,.F.);
#4011=ORIENTED_EDGE('',*,*,#2599,.F.);
#4012=ORIENTED_EDGE('',*,*,#3046,.F.);
#4013=ORIENTED_EDGE('',*,*,#2806,.F.);
#4014=ORIENTED_EDGE('',*,*,#3047,.F.);
#4015=ORIENTED_EDGE('',*,*,#2593,.F.);
#4016=ORIENTED_EDGE('',*,*,#3048,.F.);
#4017=ORIENTED_EDGE('',*,*,#2814,.F.);
#4018=ORIENTED_EDGE('',*,*,#3049,.F.);
#4019=ORIENTED_EDGE('',*,*,#2795,.F.);
#4020=ORIENTED_EDGE('',*,*,#3050,.F.);
#4021=ORIENTED_EDGE('',*,*,#2820,.F.);
#4022=ORIENTED_EDGE('',*,*,#3051,.F.);
#4023=ORIENTED_EDGE('',*,*,#2789,.F.);
#4024=ORIENTED_EDGE('',*,*,#3052,.F.);
#4025=ORIENTED_EDGE('',*,*,#2826,.F.);
#4026=ORIENTED_EDGE('',*,*,#3053,.F.);
#4027=ORIENTED_EDGE('',*,*,#2783,.F.);
#4028=ORIENTED_EDGE('',*,*,#3054,.F.);
#4029=ORIENTED_EDGE('',*,*,#2832,.F.);
#4030=ORIENTED_EDGE('',*,*,#3055,.F.);
#4031=ORIENTED_EDGE('',*,*,#2777,.F.);
#4032=ORIENTED_EDGE('',*,*,#3056,.F.);
#4033=ORIENTED_EDGE('',*,*,#2838,.F.);
#4034=ORIENTED_EDGE('',*,*,#3057,.F.);
#4035=ORIENTED_EDGE('',*,*,#2771,.F.);
#4036=ORIENTED_EDGE('',*,*,#3058,.F.);
#4037=ORIENTED_EDGE('',*,*,#2844,.F.);
#4038=ORIENTED_EDGE('',*,*,#3059,.F.);
#4039=ORIENTED_EDGE('',*,*,#2765,.F.);
#4040=ORIENTED_EDGE('',*,*,#3060,.F.);
#4041=ORIENTED_EDGE('',*,*,#2850,.F.);
#4042=ORIENTED_EDGE('',*,*,#3061,.F.);
#4043=ORIENTED_EDGE('',*,*,#2759,.F.);
#4044=ORIENTED_EDGE('',*,*,#3062,.F.);
#4045=ORIENTED_EDGE('',*,*,#2856,.F.);
#4046=ORIENTED_EDGE('',*,*,#3063,.F.);
#4047=ORIENTED_EDGE('',*,*,#2753,.F.);
#4048=ORIENTED_EDGE('',*,*,#3064,.F.);
#4049=ORIENTED_EDGE('',*,*,#3065,.T.);
#4050=ORIENTED_EDGE('',*,*,#3066,.T.);
#4051=ORIENTED_EDGE('',*,*,#3067,.T.);
#4052=ORIENTED_EDGE('',*,*,#2851,.T.);
#4053=ORIENTED_EDGE('',*,*,#3062,.T.);
#4054=ORIENTED_EDGE('',*,*,#2758,.F.);
#4055=ORIENTED_EDGE('',*,*,#3068,.T.);
#4056=ORIENTED_EDGE('',*,*,#3069,.T.);
#4057=ORIENTED_EDGE('',*,*,#3070,.T.);
#4058=ORIENTED_EDGE('',*,*,#2845,.T.);
#4059=ORIENTED_EDGE('',*,*,#3060,.T.);
#4060=ORIENTED_EDGE('',*,*,#2764,.F.);
#4061=ORIENTED_EDGE('',*,*,#2636,.F.);
#4062=ORIENTED_EDGE('',*,*,#3033,.T.);
#4063=ORIENTED_EDGE('',*,*,#2973,.T.);
#4064=ORIENTED_EDGE('',*,*,#3071,.T.);
#4065=ORIENTED_EDGE('',*,*,#3072,.F.);
#4066=ORIENTED_EDGE('',*,*,#3073,.T.);
#4067=ORIENTED_EDGE('',*,*,#3074,.T.);
#4068=ORIENTED_EDGE('',*,*,#2630,.F.);
#4069=ORIENTED_EDGE('',*,*,#3035,.T.);
#4070=ORIENTED_EDGE('',*,*,#2979,.T.);
#4071=ORIENTED_EDGE('',*,*,#3075,.T.);
#4072=ORIENTED_EDGE('',*,*,#3076,.F.);
#4073=ORIENTED_EDGE('',*,*,#2752,.F.);
#4074=ORIENTED_EDGE('',*,*,#3077,.T.);
#4075=ORIENTED_EDGE('',*,*,#3078,.T.);
#4076=ORIENTED_EDGE('',*,*,#3079,.T.);
#4077=ORIENTED_EDGE('',*,*,#2857,.T.);
#4078=ORIENTED_EDGE('',*,*,#3064,.T.);
#4079=ORIENTED_EDGE('',*,*,#3080,.T.);
#4080=ORIENTED_EDGE('',*,*,#3081,.T.);
#4081=ORIENTED_EDGE('',*,*,#3082,.T.);
#4082=ORIENTED_EDGE('',*,*,#3083,.F.);
#4083=ORIENTED_EDGE('',*,*,#3084,.T.);
#4084=ORIENTED_EDGE('',*,*,#3085,.F.);
#4085=ORIENTED_EDGE('',*,*,#3086,.T.);
#4086=ORIENTED_EDGE('',*,*,#3087,.T.);
#4087=ORIENTED_EDGE('',*,*,#3088,.T.);
#4088=ORIENTED_EDGE('',*,*,#3089,.F.);
#4089=ORIENTED_EDGE('',*,*,#3090,.T.);
#4090=ORIENTED_EDGE('',*,*,#3091,.T.);
#4091=ORIENTED_EDGE('',*,*,#3092,.T.);
#4092=ORIENTED_EDGE('',*,*,#3093,.F.);
#4093=ORIENTED_EDGE('',*,*,#3094,.T.);
#4094=ORIENTED_EDGE('',*,*,#3095,.T.);
#4095=ORIENTED_EDGE('',*,*,#3096,.T.);
#4096=ORIENTED_EDGE('',*,*,#3097,.T.);
#4097=ORIENTED_EDGE('',*,*,#3098,.T.);
#4098=ORIENTED_EDGE('',*,*,#3069,.F.);
#4099=ORIENTED_EDGE('',*,*,#3099,.T.);
#4100=ORIENTED_EDGE('',*,*,#3100,.T.);
#4101=ORIENTED_EDGE('',*,*,#3101,.T.);
#4102=ORIENTED_EDGE('',*,*,#3102,.F.);
#4103=ORIENTED_EDGE('',*,*,#3103,.T.);
#4104=ORIENTED_EDGE('',*,*,#3104,.F.);
#4105=ORIENTED_EDGE('',*,*,#3105,.T.);
#4106=ORIENTED_EDGE('',*,*,#3106,.T.);
#4107=ORIENTED_EDGE('',*,*,#3107,.T.);
#4108=ORIENTED_EDGE('',*,*,#3108,.F.);
#4109=ORIENTED_EDGE('',*,*,#3109,.T.);
#4110=ORIENTED_EDGE('',*,*,#3110,.T.);
#4111=ORIENTED_EDGE('',*,*,#3111,.T.);
#4112=ORIENTED_EDGE('',*,*,#3112,.T.);
#4113=ORIENTED_EDGE('',*,*,#3113,.T.);
#4114=ORIENTED_EDGE('',*,*,#3114,.F.);
#4115=ORIENTED_EDGE('',*,*,#3115,.T.);
#4116=ORIENTED_EDGE('',*,*,#3116,.F.);
#4117=ORIENTED_EDGE('',*,*,#3117,.T.);
#4118=ORIENTED_EDGE('',*,*,#3072,.T.);
#4119=ORIENTED_EDGE('',*,*,#3118,.T.);
#4120=ORIENTED_EDGE('',*,*,#3119,.T.);
#4121=ORIENTED_EDGE('',*,*,#3120,.T.);
#4122=ORIENTED_EDGE('',*,*,#3121,.F.);
#4123=ORIENTED_EDGE('',*,*,#3122,.T.);
#4124=ORIENTED_EDGE('',*,*,#3123,.F.);
#4125=ORIENTED_EDGE('',*,*,#3124,.T.);
#4126=ORIENTED_EDGE('',*,*,#3076,.T.);
#4127=ORIENTED_EDGE('',*,*,#3125,.T.);
#4128=ORIENTED_EDGE('',*,*,#3126,.T.);
#4129=ORIENTED_EDGE('',*,*,#3127,.T.);
#4130=ORIENTED_EDGE('',*,*,#3128,.F.);
#4131=ORIENTED_EDGE('',*,*,#3129,.T.);
#4132=ORIENTED_EDGE('',*,*,#3130,.F.);
#4133=ORIENTED_EDGE('',*,*,#3131,.T.);
#4134=ORIENTED_EDGE('',*,*,#3132,.T.);
#4135=ORIENTED_EDGE('',*,*,#3133,.T.);
#4136=ORIENTED_EDGE('',*,*,#3134,.F.);
#4137=ORIENTED_EDGE('',*,*,#3135,.T.);
#4138=ORIENTED_EDGE('',*,*,#3136,.T.);
#4139=ORIENTED_EDGE('',*,*,#3137,.T.);
#4140=ORIENTED_EDGE('',*,*,#3138,.F.);
#4141=ORIENTED_EDGE('',*,*,#3139,.T.);
#4142=ORIENTED_EDGE('',*,*,#3140,.T.);
#4143=ORIENTED_EDGE('',*,*,#3141,.T.);
#4144=ORIENTED_EDGE('',*,*,#3142,.T.);
#4145=ORIENTED_EDGE('',*,*,#3143,.T.);
#4146=ORIENTED_EDGE('',*,*,#3144,.F.);
#4147=ORIENTED_EDGE('',*,*,#3145,.T.);
#4148=ORIENTED_EDGE('',*,*,#3146,.F.);
#4149=ORIENTED_EDGE('',*,*,#3147,.T.);
#4150=ORIENTED_EDGE('',*,*,#3148,.T.);
#4151=ORIENTED_EDGE('',*,*,#3149,.T.);
#4152=ORIENTED_EDGE('',*,*,#3150,.T.);
#4153=ORIENTED_EDGE('',*,*,#3151,.T.);
#4154=ORIENTED_EDGE('',*,*,#3152,.F.);
#4155=ORIENTED_EDGE('',*,*,#3153,.T.);
#4156=ORIENTED_EDGE('',*,*,#3154,.F.);
#4157=ORIENTED_EDGE('',*,*,#3155,.T.);
#4158=ORIENTED_EDGE('',*,*,#3156,.T.);
#4159=ORIENTED_EDGE('',*,*,#3157,.T.);
#4160=ORIENTED_EDGE('',*,*,#3158,.T.);
#4161=ORIENTED_EDGE('',*,*,#3159,.T.);
#4162=ORIENTED_EDGE('',*,*,#3160,.F.);
#4163=ORIENTED_EDGE('',*,*,#3161,.T.);
#4164=ORIENTED_EDGE('',*,*,#3162,.F.);
#4165=ORIENTED_EDGE('',*,*,#3163,.T.);
#4166=ORIENTED_EDGE('',*,*,#3164,.T.);
#4167=ORIENTED_EDGE('',*,*,#3165,.T.);
#4168=ORIENTED_EDGE('',*,*,#3166,.F.);
#4169=ORIENTED_EDGE('',*,*,#3167,.T.);
#4170=ORIENTED_EDGE('',*,*,#3168,.T.);
#4171=ORIENTED_EDGE('',*,*,#3169,.T.);
#4172=ORIENTED_EDGE('',*,*,#3170,.F.);
#4173=ORIENTED_EDGE('',*,*,#3171,.T.);
#4174=ORIENTED_EDGE('',*,*,#3172,.T.);
#4175=ORIENTED_EDGE('',*,*,#3173,.T.);
#4176=ORIENTED_EDGE('',*,*,#3174,.T.);
#4177=ORIENTED_EDGE('',*,*,#3175,.T.);
#4178=ORIENTED_EDGE('',*,*,#3176,.F.);
#4179=ORIENTED_EDGE('',*,*,#3177,.T.);
#4180=ORIENTED_EDGE('',*,*,#3178,.F.);
#4181=ORIENTED_EDGE('',*,*,#3179,.T.);
#4182=ORIENTED_EDGE('',*,*,#3180,.T.);
#4183=ORIENTED_EDGE('',*,*,#3181,.T.);
#4184=ORIENTED_EDGE('',*,*,#3182,.T.);
#4185=ORIENTED_EDGE('',*,*,#3183,.T.);
#4186=ORIENTED_EDGE('',*,*,#3184,.F.);
#4187=ORIENTED_EDGE('',*,*,#3185,.T.);
#4188=ORIENTED_EDGE('',*,*,#3186,.T.);
#4189=ORIENTED_EDGE('',*,*,#3187,.T.);
#4190=ORIENTED_EDGE('',*,*,#3188,.F.);
#4191=ORIENTED_EDGE('',*,*,#3189,.T.);
#4192=ORIENTED_EDGE('',*,*,#3190,.F.);
#4193=ORIENTED_EDGE('',*,*,#3191,.T.);
#4194=ORIENTED_EDGE('',*,*,#3192,.T.);
#4195=ORIENTED_EDGE('',*,*,#3193,.T.);
#4196=ORIENTED_EDGE('',*,*,#3194,.F.);
#4197=ORIENTED_EDGE('',*,*,#3195,.T.);
#4198=ORIENTED_EDGE('',*,*,#3196,.T.);
#4199=ORIENTED_EDGE('',*,*,#3197,.T.);
#4200=ORIENTED_EDGE('',*,*,#3198,.F.);
#4201=ORIENTED_EDGE('',*,*,#3199,.T.);
#4202=ORIENTED_EDGE('',*,*,#3200,.T.);
#4203=ORIENTED_EDGE('',*,*,#3201,.T.);
#4204=ORIENTED_EDGE('',*,*,#3202,.F.);
#4205=ORIENTED_EDGE('',*,*,#3203,.T.);
#4206=ORIENTED_EDGE('',*,*,#3204,.T.);
#4207=ORIENTED_EDGE('',*,*,#3205,.T.);
#4208=ORIENTED_EDGE('',*,*,#3206,.T.);
#4209=ORIENTED_EDGE('',*,*,#3207,.T.);
#4210=ORIENTED_EDGE('',*,*,#3208,.F.);
#4211=ORIENTED_EDGE('',*,*,#3209,.T.);
#4212=ORIENTED_EDGE('',*,*,#3066,.F.);
#4213=ORIENTED_EDGE('',*,*,#3210,.T.);
#4214=ORIENTED_EDGE('',*,*,#3211,.T.);
#4215=ORIENTED_EDGE('',*,*,#3212,.F.);
#4216=ORIENTED_EDGE('',*,*,#3080,.F.);
#4217=ORIENTED_EDGE('',*,*,#3213,.F.);
#4218=ORIENTED_EDGE('',*,*,#2595,.F.);
#4219=ORIENTED_EDGE('',*,*,#3214,.F.);
#4220=ORIENTED_EDGE('',*,*,#2799,.F.);
#4221=ORIENTED_EDGE('',*,*,#3215,.F.);
#4222=ORIENTED_EDGE('',*,*,#3086,.F.);
#4223=ORIENTED_EDGE('',*,*,#3216,.F.);
#4224=ORIENTED_EDGE('',*,*,#2793,.F.);
#4225=ORIENTED_EDGE('',*,*,#3217,.F.);
#4226=ORIENTED_EDGE('',*,*,#3090,.F.);
#4227=ORIENTED_EDGE('',*,*,#3218,.F.);
#4228=ORIENTED_EDGE('',*,*,#2787,.F.);
#4229=ORIENTED_EDGE('',*,*,#3219,.F.);
#4230=ORIENTED_EDGE('',*,*,#3094,.F.);
#4231=ORIENTED_EDGE('',*,*,#3220,.F.);
#4232=ORIENTED_EDGE('',*,*,#3096,.F.);
#4233=ORIENTED_EDGE('',*,*,#3068,.F.);
#4234=ORIENTED_EDGE('',*,*,#2763,.F.);
#4235=ORIENTED_EDGE('',*,*,#3221,.F.);
#4236=ORIENTED_EDGE('',*,*,#3099,.F.);
#4237=ORIENTED_EDGE('',*,*,#3222,.F.);
#4238=ORIENTED_EDGE('',*,*,#2769,.F.);
#4239=ORIENTED_EDGE('',*,*,#3223,.F.);
#4240=ORIENTED_EDGE('',*,*,#2781,.F.);
#4241=ORIENTED_EDGE('',*,*,#3224,.F.);
#4242=ORIENTED_EDGE('',*,*,#3105,.F.);
#4243=ORIENTED_EDGE('',*,*,#3225,.F.);
#4244=ORIENTED_EDGE('',*,*,#2775,.F.);
#4245=ORIENTED_EDGE('',*,*,#3226,.F.);
#4246=ORIENTED_EDGE('',*,*,#3109,.F.);
#4247=ORIENTED_EDGE('',*,*,#3227,.F.);
#4248=ORIENTED_EDGE('',*,*,#3111,.F.);
#4249=ORIENTED_EDGE('',*,*,#3228,.F.);
#4250=ORIENTED_EDGE('',*,*,#2643,.F.);
#4251=ORIENTED_EDGE('',*,*,#3229,.F.);
#4252=ORIENTED_EDGE('',*,*,#2637,.F.);
#4253=ORIENTED_EDGE('',*,*,#3073,.F.);
#4254=ORIENTED_EDGE('',*,*,#3117,.F.);
#4255=ORIENTED_EDGE('',*,*,#3230,.F.);
#4256=ORIENTED_EDGE('',*,*,#3118,.F.);
#4257=ORIENTED_EDGE('',*,*,#3231,.F.);
#4258=ORIENTED_EDGE('',*,*,#2625,.F.);
#4259=ORIENTED_EDGE('',*,*,#3232,.F.);
#4260=ORIENTED_EDGE('',*,*,#2631,.F.);
#4261=ORIENTED_EDGE('',*,*,#3074,.F.);
#4262=ORIENTED_EDGE('',*,*,#3124,.F.);
#4263=ORIENTED_EDGE('',*,*,#3233,.F.);
#4264=ORIENTED_EDGE('',*,*,#3125,.F.);
#4265=ORIENTED_EDGE('',*,*,#3234,.F.);
#4266=ORIENTED_EDGE('',*,*,#2613,.F.);
#4267=ORIENTED_EDGE('',*,*,#3235,.F.);
#4268=ORIENTED_EDGE('',*,*,#2619,.F.);
#4269=ORIENTED_EDGE('',*,*,#3236,.F.);
#4270=ORIENTED_EDGE('',*,*,#3131,.F.);
#4271=ORIENTED_EDGE('',*,*,#3237,.F.);
#4272=ORIENTED_EDGE('',*,*,#2607,.F.);
#4273=ORIENTED_EDGE('',*,*,#3238,.F.);
#4274=ORIENTED_EDGE('',*,*,#3135,.F.);
#4275=ORIENTED_EDGE('',*,*,#3239,.F.);
#4276=ORIENTED_EDGE('',*,*,#2601,.F.);
#4277=ORIENTED_EDGE('',*,*,#3240,.F.);
#4278=ORIENTED_EDGE('',*,*,#3139,.F.);
#4279=ORIENTED_EDGE('',*,*,#3241,.F.);
#4280=ORIENTED_EDGE('',*,*,#3141,.F.);
#4281=ORIENTED_EDGE('',*,*,#3242,.F.);
#4282=ORIENTED_EDGE('',*,*,#2691,.F.);
#4283=ORIENTED_EDGE('',*,*,#3243,.F.);
#4284=ORIENTED_EDGE('',*,*,#2685,.F.);
#4285=ORIENTED_EDGE('',*,*,#3244,.F.);
#4286=ORIENTED_EDGE('',*,*,#3147,.F.);
#4287=ORIENTED_EDGE('',*,*,#3245,.F.);
#4288=ORIENTED_EDGE('',*,*,#3149,.F.);
#4289=ORIENTED_EDGE('',*,*,#3246,.F.);
#4290=ORIENTED_EDGE('',*,*,#2673,.F.);
#4291=ORIENTED_EDGE('',*,*,#3247,.F.);
#4292=ORIENTED_EDGE('',*,*,#2679,.F.);
#4293=ORIENTED_EDGE('',*,*,#3248,.F.);
#4294=ORIENTED_EDGE('',*,*,#3155,.F.);
#4295=ORIENTED_EDGE('',*,*,#3249,.F.);
#4296=ORIENTED_EDGE('',*,*,#3157,.F.);
#4297=ORIENTED_EDGE('',*,*,#3250,.F.);
#4298=ORIENTED_EDGE('',*,*,#2661,.F.);
#4299=ORIENTED_EDGE('',*,*,#3251,.F.);
#4300=ORIENTED_EDGE('',*,*,#2667,.F.);
#4301=ORIENTED_EDGE('',*,*,#3252,.F.);
#4302=ORIENTED_EDGE('',*,*,#3163,.F.);
#4303=ORIENTED_EDGE('',*,*,#3253,.F.);
#4304=ORIENTED_EDGE('',*,*,#2655,.F.);
#4305=ORIENTED_EDGE('',*,*,#3254,.F.);
#4306=ORIENTED_EDGE('',*,*,#3167,.F.);
#4307=ORIENTED_EDGE('',*,*,#3255,.F.);
#4308=ORIENTED_EDGE('',*,*,#2649,.F.);
#4309=ORIENTED_EDGE('',*,*,#3256,.F.);
#4310=ORIENTED_EDGE('',*,*,#3171,.F.);
#4311=ORIENTED_EDGE('',*,*,#3257,.F.);
#4312=ORIENTED_EDGE('',*,*,#3173,.F.);
#4313=ORIENTED_EDGE('',*,*,#3258,.F.);
#4314=ORIENTED_EDGE('',*,*,#2727,.F.);
#4315=ORIENTED_EDGE('',*,*,#3259,.F.);
#4316=ORIENTED_EDGE('',*,*,#2721,.F.);
#4317=ORIENTED_EDGE('',*,*,#3260,.F.);
#4318=ORIENTED_EDGE('',*,*,#3179,.F.);
#4319=ORIENTED_EDGE('',*,*,#3261,.F.);
#4320=ORIENTED_EDGE('',*,*,#3181,.F.);
#4321=ORIENTED_EDGE('',*,*,#3262,.F.);
#4322=ORIENTED_EDGE('',*,*,#2733,.F.);
#4323=ORIENTED_EDGE('',*,*,#3263,.F.);
#4324=ORIENTED_EDGE('',*,*,#3185,.F.);
#4325=ORIENTED_EDGE('',*,*,#3264,.F.);
#4326=ORIENTED_EDGE('',*,*,#2739,.F.);
#4327=ORIENTED_EDGE('',*,*,#3265,.F.);
#4328=ORIENTED_EDGE('',*,*,#2715,.F.);
#4329=ORIENTED_EDGE('',*,*,#3266,.F.);
#4330=ORIENTED_EDGE('',*,*,#3191,.F.);
#4331=ORIENTED_EDGE('',*,*,#3267,.F.);
#4332=ORIENTED_EDGE('',*,*,#2709,.F.);
#4333=ORIENTED_EDGE('',*,*,#3268,.F.);
#4334=ORIENTED_EDGE('',*,*,#3195,.F.);
#4335=ORIENTED_EDGE('',*,*,#3269,.F.);
#4336=ORIENTED_EDGE('',*,*,#2703,.F.);
#4337=ORIENTED_EDGE('',*,*,#3270,.F.);
#4338=ORIENTED_EDGE('',*,*,#3199,.F.);
#4339=ORIENTED_EDGE('',*,*,#3271,.F.);
#4340=ORIENTED_EDGE('',*,*,#2697,.F.);
#4341=ORIENTED_EDGE('',*,*,#3272,.F.);
#4342=ORIENTED_EDGE('',*,*,#3203,.F.);
#4343=ORIENTED_EDGE('',*,*,#3273,.F.);
#4344=ORIENTED_EDGE('',*,*,#3205,.F.);
#4345=ORIENTED_EDGE('',*,*,#3274,.F.);
#4346=ORIENTED_EDGE('',*,*,#2745,.F.);
#4347=ORIENTED_EDGE('',*,*,#3065,.F.);
#4348=ORIENTED_EDGE('',*,*,#2757,.F.);
#4349=ORIENTED_EDGE('',*,*,#3275,.F.);
#4350=ORIENTED_EDGE('',*,*,#3210,.F.);
#4351=ORIENTED_EDGE('',*,*,#3276,.F.);
#4352=ORIENTED_EDGE('',*,*,#3014,.F.);
#4353=ORIENTED_EDGE('',*,*,#3277,.F.);
#4354=ORIENTED_EDGE('',*,*,#3082,.F.);
#4355=ORIENTED_EDGE('',*,*,#3278,.F.);
#4356=ORIENTED_EDGE('',*,*,#3084,.F.);
#4357=ORIENTED_EDGE('',*,*,#3279,.F.);
#4358=ORIENTED_EDGE('',*,*,#2810,.F.);
#4359=ORIENTED_EDGE('',*,*,#3280,.F.);
#4360=ORIENTED_EDGE('',*,*,#3088,.F.);
#4361=ORIENTED_EDGE('',*,*,#3281,.F.);
#4362=ORIENTED_EDGE('',*,*,#2816,.F.);
#4363=ORIENTED_EDGE('',*,*,#3282,.F.);
#4364=ORIENTED_EDGE('',*,*,#3092,.F.);
#4365=ORIENTED_EDGE('',*,*,#3283,.F.);
#4366=ORIENTED_EDGE('',*,*,#2822,.F.);
#4367=ORIENTED_EDGE('',*,*,#3284,.F.);
#4368=ORIENTED_EDGE('',*,*,#2846,.F.);
#4369=ORIENTED_EDGE('',*,*,#3070,.F.);
#4370=ORIENTED_EDGE('',*,*,#3098,.F.);
#4371=ORIENTED_EDGE('',*,*,#3285,.F.);
#4372=ORIENTED_EDGE('',*,*,#2840,.F.);
#4373=ORIENTED_EDGE('',*,*,#3286,.F.);
#4374=ORIENTED_EDGE('',*,*,#3101,.F.);
#4375=ORIENTED_EDGE('',*,*,#3287,.F.);
#4376=ORIENTED_EDGE('',*,*,#3103,.F.);
#4377=ORIENTED_EDGE('',*,*,#3288,.F.);
#4378=ORIENTED_EDGE('',*,*,#2828,.F.);
#4379=ORIENTED_EDGE('',*,*,#3289,.F.);
#4380=ORIENTED_EDGE('',*,*,#3107,.F.);
#4381=ORIENTED_EDGE('',*,*,#3290,.F.);
#4382=ORIENTED_EDGE('',*,*,#2834,.F.);
#4383=ORIENTED_EDGE('',*,*,#3291,.F.);
#4384=ORIENTED_EDGE('',*,*,#2966,.F.);
#4385=ORIENTED_EDGE('',*,*,#3292,.F.);
#4386=ORIENTED_EDGE('',*,*,#3113,.F.);
#4387=ORIENTED_EDGE('',*,*,#3293,.F.);
#4388=ORIENTED_EDGE('',*,*,#3115,.F.);
#4389=ORIENTED_EDGE('',*,*,#3071,.F.);
#4390=ORIENTED_EDGE('',*,*,#2972,.F.);
#4391=ORIENTED_EDGE('',*,*,#3294,.F.);
#4392=ORIENTED_EDGE('',*,*,#2984,.F.);
#4393=ORIENTED_EDGE('',*,*,#3295,.F.);
#4394=ORIENTED_EDGE('',*,*,#3120,.F.);
#4395=ORIENTED_EDGE('',*,*,#3296,.F.);
#4396=ORIENTED_EDGE('',*,*,#3122,.F.);
#4397=ORIENTED_EDGE('',*,*,#3075,.F.);
#4398=ORIENTED_EDGE('',*,*,#2978,.F.);
#4399=ORIENTED_EDGE('',*,*,#3297,.F.);
#4400=ORIENTED_EDGE('',*,*,#2996,.F.);
#4401=ORIENTED_EDGE('',*,*,#3298,.F.);
#4402=ORIENTED_EDGE('',*,*,#3127,.F.);
#4403=ORIENTED_EDGE('',*,*,#3299,.F.);
#4404=ORIENTED_EDGE('',*,*,#3129,.F.);
#4405=ORIENTED_EDGE('',*,*,#3300,.F.);
#4406=ORIENTED_EDGE('',*,*,#2990,.F.);
#4407=ORIENTED_EDGE('',*,*,#3301,.F.);
#4408=ORIENTED_EDGE('',*,*,#3133,.F.);
#4409=ORIENTED_EDGE('',*,*,#3302,.F.);
#4410=ORIENTED_EDGE('',*,*,#3002,.F.);
#4411=ORIENTED_EDGE('',*,*,#3303,.F.);
#4412=ORIENTED_EDGE('',*,*,#3137,.F.);
#4413=ORIENTED_EDGE('',*,*,#3304,.F.);
#4414=ORIENTED_EDGE('',*,*,#3008,.F.);
#4415=ORIENTED_EDGE('',*,*,#3305,.F.);
#4416=ORIENTED_EDGE('',*,*,#2918,.F.);
#4417=ORIENTED_EDGE('',*,*,#3306,.F.);
#4418=ORIENTED_EDGE('',*,*,#3143,.F.);
#4419=ORIENTED_EDGE('',*,*,#3307,.F.);
#4420=ORIENTED_EDGE('',*,*,#3145,.F.);
#4421=ORIENTED_EDGE('',*,*,#3308,.F.);
#4422=ORIENTED_EDGE('',*,*,#2924,.F.);
#4423=ORIENTED_EDGE('',*,*,#3309,.F.);
#4424=ORIENTED_EDGE('',*,*,#2936,.F.);
#4425=ORIENTED_EDGE('',*,*,#3310,.F.);
#4426=ORIENTED_EDGE('',*,*,#3151,.F.);
#4427=ORIENTED_EDGE('',*,*,#3311,.F.);
#4428=ORIENTED_EDGE('',*,*,#3153,.F.);
#4429=ORIENTED_EDGE('',*,*,#3312,.F.);
#4430=ORIENTED_EDGE('',*,*,#2930,.F.);
#4431=ORIENTED_EDGE('',*,*,#3313,.F.);
#4432=ORIENTED_EDGE('',*,*,#2948,.F.);
#4433=ORIENTED_EDGE('',*,*,#3314,.F.);
#4434=ORIENTED_EDGE('',*,*,#3159,.F.);
#4435=ORIENTED_EDGE('',*,*,#3315,.F.);
#4436=ORIENTED_EDGE('',*,*,#3161,.F.);
#4437=ORIENTED_EDGE('',*,*,#3316,.F.);
#4438=ORIENTED_EDGE('',*,*,#2942,.F.);
#4439=ORIENTED_EDGE('',*,*,#3317,.F.);
#4440=ORIENTED_EDGE('',*,*,#3165,.F.);
#4441=ORIENTED_EDGE('',*,*,#3318,.F.);
#4442=ORIENTED_EDGE('',*,*,#2954,.F.);
#4443=ORIENTED_EDGE('',*,*,#3319,.F.);
#4444=ORIENTED_EDGE('',*,*,#3169,.F.);
#4445=ORIENTED_EDGE('',*,*,#3320,.F.);
#4446=ORIENTED_EDGE('',*,*,#2960,.F.);
#4447=ORIENTED_EDGE('',*,*,#3321,.F.);
#4448=ORIENTED_EDGE('',*,*,#2882,.F.);
#4449=ORIENTED_EDGE('',*,*,#3322,.F.);
#4450=ORIENTED_EDGE('',*,*,#3175,.F.);
#4451=ORIENTED_EDGE('',*,*,#3323,.F.);
#4452=ORIENTED_EDGE('',*,*,#3177,.F.);
#4453=ORIENTED_EDGE('',*,*,#3324,.F.);
#4454=ORIENTED_EDGE('',*,*,#2888,.F.);
#4455=ORIENTED_EDGE('',*,*,#3325,.F.);
#4456=ORIENTED_EDGE('',*,*,#2876,.F.);
#4457=ORIENTED_EDGE('',*,*,#3326,.F.);
#4458=ORIENTED_EDGE('',*,*,#3183,.F.);
#4459=ORIENTED_EDGE('',*,*,#3327,.F.);
#4460=ORIENTED_EDGE('',*,*,#2870,.F.);
#4461=ORIENTED_EDGE('',*,*,#3328,.F.);
#4462=ORIENTED_EDGE('',*,*,#3187,.F.);
#4463=ORIENTED_EDGE('',*,*,#3329,.F.);
#4464=ORIENTED_EDGE('',*,*,#3189,.F.);
#4465=ORIENTED_EDGE('',*,*,#3330,.F.);
#4466=ORIENTED_EDGE('',*,*,#2894,.F.);
#4467=ORIENTED_EDGE('',*,*,#3331,.F.);
#4468=ORIENTED_EDGE('',*,*,#3193,.F.);
#4469=ORIENTED_EDGE('',*,*,#3332,.F.);
#4470=ORIENTED_EDGE('',*,*,#2900,.F.);
#4471=ORIENTED_EDGE('',*,*,#3333,.F.);
#4472=ORIENTED_EDGE('',*,*,#3197,.F.);
#4473=ORIENTED_EDGE('',*,*,#3334,.F.);
#4474=ORIENTED_EDGE('',*,*,#2906,.F.);
#4475=ORIENTED_EDGE('',*,*,#3335,.F.);
#4476=ORIENTED_EDGE('',*,*,#3201,.F.);
#4477=ORIENTED_EDGE('',*,*,#3336,.F.);
#4478=ORIENTED_EDGE('',*,*,#2912,.F.);
#4479=ORIENTED_EDGE('',*,*,#3337,.F.);
#4480=ORIENTED_EDGE('',*,*,#2864,.F.);
#4481=ORIENTED_EDGE('',*,*,#3338,.F.);
#4482=ORIENTED_EDGE('',*,*,#3207,.F.);
#4483=ORIENTED_EDGE('',*,*,#3067,.F.);
#4484=ORIENTED_EDGE('',*,*,#3209,.F.);
#4485=ORIENTED_EDGE('',*,*,#3339,.F.);
#4486=ORIENTED_EDGE('',*,*,#2852,.F.);
#4487=ORIENTED_EDGE('',*,*,#3340,.T.);
#4488=ORIENTED_EDGE('',*,*,#3078,.F.);
#4489=ORIENTED_EDGE('',*,*,#3341,.T.);
#4490=ORIENTED_EDGE('',*,*,#3342,.T.);
#4491=ORIENTED_EDGE('',*,*,#3342,.F.);
#4492=ORIENTED_EDGE('',*,*,#3343,.T.);
#4493=ORIENTED_EDGE('',*,*,#2750,.F.);
#4494=ORIENTED_EDGE('',*,*,#3344,.T.);
#4495=ORIENTED_EDGE('',*,*,#2859,.T.);
#4496=ORIENTED_EDGE('',*,*,#3345,.T.);
#4497=ORIENTED_EDGE('',*,*,#2861,.T.);
#4498=ORIENTED_EDGE('',*,*,#3346,.T.);
#4499=ORIENTED_EDGE('',*,*,#2748,.F.);
#4500=ORIENTED_EDGE('',*,*,#3347,.T.);
#4501=ORIENTED_EDGE('',*,*,#2746,.F.);
#4502=ORIENTED_EDGE('',*,*,#3274,.T.);
#4503=ORIENTED_EDGE('',*,*,#3208,.T.);
#4504=ORIENTED_EDGE('',*,*,#3338,.T.);
#4505=ORIENTED_EDGE('',*,*,#2863,.T.);
#4506=ORIENTED_EDGE('',*,*,#3348,.T.);
#4507=ORIENTED_EDGE('',*,*,#2749,.F.);
#4508=ORIENTED_EDGE('',*,*,#3346,.F.);
#4509=ORIENTED_EDGE('',*,*,#2860,.F.);
#4510=ORIENTED_EDGE('',*,*,#3344,.F.);
#4511=ORIENTED_EDGE('',*,*,#2747,.F.);
#4512=ORIENTED_EDGE('',*,*,#3348,.F.);
#4513=ORIENTED_EDGE('',*,*,#2862,.F.);
#4514=ORIENTED_EDGE('',*,*,#3347,.F.);
#4515=ORIENTED_EDGE('',*,*,#3077,.F.);
#4516=ORIENTED_EDGE('',*,*,#2751,.F.);
#4517=ORIENTED_EDGE('',*,*,#3343,.F.);
#4518=ORIENTED_EDGE('',*,*,#3341,.F.);
#4519=ORIENTED_EDGE('',*,*,#3079,.F.);
#4520=ORIENTED_EDGE('',*,*,#3340,.F.);
#4521=ORIENTED_EDGE('',*,*,#3345,.F.);
#4522=ORIENTED_EDGE('',*,*,#2858,.F.);
#4523=ORIENTED_EDGE('',*,*,#2756,.F.);
#4524=ORIENTED_EDGE('',*,*,#3349,.T.);
#4525=ORIENTED_EDGE('',*,*,#2853,.T.);
#4526=ORIENTED_EDGE('',*,*,#3339,.T.);
#4527=ORIENTED_EDGE('',*,*,#3211,.F.);
#4528=ORIENTED_EDGE('',*,*,#3275,.T.);
#4529=ORIENTED_EDGE('',*,*,#2855,.T.);
#4530=ORIENTED_EDGE('',*,*,#3350,.T.);
#4531=ORIENTED_EDGE('',*,*,#2754,.F.);
#4532=ORIENTED_EDGE('',*,*,#3063,.T.);
#4533=ORIENTED_EDGE('',*,*,#2744,.F.);
#4534=ORIENTED_EDGE('',*,*,#3351,.T.);
#4535=ORIENTED_EDGE('',*,*,#2865,.T.);
#4536=ORIENTED_EDGE('',*,*,#3337,.T.);
#4537=ORIENTED_EDGE('',*,*,#3206,.F.);
#4538=ORIENTED_EDGE('',*,*,#3273,.T.);
#4539=ORIENTED_EDGE('',*,*,#2867,.T.);
#4540=ORIENTED_EDGE('',*,*,#3352,.T.);
#4541=ORIENTED_EDGE('',*,*,#2742,.F.);
#4542=ORIENTED_EDGE('',*,*,#3353,.T.);
#4543=ORIENTED_EDGE('',*,*,#2869,.T.);
#4544=ORIENTED_EDGE('',*,*,#3354,.T.);
#4545=ORIENTED_EDGE('',*,*,#2740,.F.);
#4546=ORIENTED_EDGE('',*,*,#3264,.T.);
#4547=ORIENTED_EDGE('',*,*,#3188,.T.);
#4548=ORIENTED_EDGE('',*,*,#3328,.T.);
#4549=ORIENTED_EDGE('',*,*,#2696,.F.);
#4550=ORIENTED_EDGE('',*,*,#3355,.T.);
#4551=ORIENTED_EDGE('',*,*,#2913,.T.);
#4552=ORIENTED_EDGE('',*,*,#3336,.T.);
#4553=ORIENTED_EDGE('',*,*,#3204,.F.);
#4554=ORIENTED_EDGE('',*,*,#3272,.T.);
#4555=ORIENTED_EDGE('',*,*,#2915,.T.);
#4556=ORIENTED_EDGE('',*,*,#3356,.T.);
#4557=ORIENTED_EDGE('',*,*,#2694,.F.);
#4558=ORIENTED_EDGE('',*,*,#3357,.T.);
#4559=ORIENTED_EDGE('',*,*,#2917,.T.);
#4560=ORIENTED_EDGE('',*,*,#3358,.T.);
#4561=ORIENTED_EDGE('',*,*,#2692,.F.);
#4562=ORIENTED_EDGE('',*,*,#3242,.T.);
#4563=ORIENTED_EDGE('',*,*,#3144,.T.);
#4564=ORIENTED_EDGE('',*,*,#3306,.T.);
#4565=ORIENTED_EDGE('',*,*,#2702,.F.);
#4566=ORIENTED_EDGE('',*,*,#3359,.T.);
#4567=ORIENTED_EDGE('',*,*,#2907,.T.);
#4568=ORIENTED_EDGE('',*,*,#3334,.T.);
#4569=ORIENTED_EDGE('',*,*,#3200,.F.);
#4570=ORIENTED_EDGE('',*,*,#3270,.T.);
#4571=ORIENTED_EDGE('',*,*,#2909,.T.);
#4572=ORIENTED_EDGE('',*,*,#3360,.T.);
#4573=ORIENTED_EDGE('',*,*,#2700,.F.);
#4574=ORIENTED_EDGE('',*,*,#3361,.T.);
#4575=ORIENTED_EDGE('',*,*,#2911,.T.);
#4576=ORIENTED_EDGE('',*,*,#3362,.T.);
#4577=ORIENTED_EDGE('',*,*,#2698,.F.);
#4578=ORIENTED_EDGE('',*,*,#3271,.T.);
#4579=ORIENTED_EDGE('',*,*,#3202,.T.);
#4580=ORIENTED_EDGE('',*,*,#3335,.T.);
#4581=ORIENTED_EDGE('',*,*,#2708,.F.);
#4582=ORIENTED_EDGE('',*,*,#3363,.T.);
#4583=ORIENTED_EDGE('',*,*,#2901,.T.);
#4584=ORIENTED_EDGE('',*,*,#3332,.T.);
#4585=ORIENTED_EDGE('',*,*,#3196,.F.);
#4586=ORIENTED_EDGE('',*,*,#3268,.T.);
#4587=ORIENTED_EDGE('',*,*,#2903,.T.);
#4588=ORIENTED_EDGE('',*,*,#3364,.T.);
#4589=ORIENTED_EDGE('',*,*,#2706,.F.);
#4590=ORIENTED_EDGE('',*,*,#3365,.T.);
#4591=ORIENTED_EDGE('',*,*,#2905,.T.);
#4592=ORIENTED_EDGE('',*,*,#3366,.T.);
#4593=ORIENTED_EDGE('',*,*,#2704,.F.);
#4594=ORIENTED_EDGE('',*,*,#3269,.T.);
#4595=ORIENTED_EDGE('',*,*,#3198,.T.);
#4596=ORIENTED_EDGE('',*,*,#3333,.T.);
#4597=ORIENTED_EDGE('',*,*,#2714,.F.);
#4598=ORIENTED_EDGE('',*,*,#3367,.T.);
#4599=ORIENTED_EDGE('',*,*,#2895,.T.);
#4600=ORIENTED_EDGE('',*,*,#3330,.T.);
#4601=ORIENTED_EDGE('',*,*,#3192,.F.);
#4602=ORIENTED_EDGE('',*,*,#3266,.T.);
#4603=ORIENTED_EDGE('',*,*,#2897,.T.);
#4604=ORIENTED_EDGE('',*,*,#3368,.T.);
#4605=ORIENTED_EDGE('',*,*,#2712,.F.);
#4606=ORIENTED_EDGE('',*,*,#3369,.T.);
#4607=ORIENTED_EDGE('',*,*,#2899,.T.);
#4608=ORIENTED_EDGE('',*,*,#3370,.T.);
#4609=ORIENTED_EDGE('',*,*,#2710,.F.);
#4610=ORIENTED_EDGE('',*,*,#3267,.T.);
#4611=ORIENTED_EDGE('',*,*,#3194,.T.);
#4612=ORIENTED_EDGE('',*,*,#3331,.T.);
#4613=ORIENTED_EDGE('',*,*,#2738,.F.);
#4614=ORIENTED_EDGE('',*,*,#3371,.T.);
#4615=ORIENTED_EDGE('',*,*,#2871,.T.);
#4616=ORIENTED_EDGE('',*,*,#3327,.T.);
#4617=ORIENTED_EDGE('',*,*,#3186,.F.);
#4618=ORIENTED_EDGE('',*,*,#3263,.T.);
#4619=ORIENTED_EDGE('',*,*,#2873,.T.);
#4620=ORIENTED_EDGE('',*,*,#3372,.T.);
#4621=ORIENTED_EDGE('',*,*,#2736,.F.);
#4622=ORIENTED_EDGE('',*,*,#3373,.T.);
#4623=ORIENTED_EDGE('',*,*,#2875,.T.);
#4624=ORIENTED_EDGE('',*,*,#3374,.T.);
#4625=ORIENTED_EDGE('',*,*,#2734,.F.);
#4626=ORIENTED_EDGE('',*,*,#3262,.T.);
#4627=ORIENTED_EDGE('',*,*,#3184,.T.);
#4628=ORIENTED_EDGE('',*,*,#3326,.T.);
#4629=ORIENTED_EDGE('',*,*,#2732,.F.);
#4630=ORIENTED_EDGE('',*,*,#3375,.T.);
#4631=ORIENTED_EDGE('',*,*,#2877,.T.);
#4632=ORIENTED_EDGE('',*,*,#3325,.T.);
#4633=ORIENTED_EDGE('',*,*,#3182,.F.);
#4634=ORIENTED_EDGE('',*,*,#3261,.T.);
#4635=ORIENTED_EDGE('',*,*,#2879,.T.);
#4636=ORIENTED_EDGE('',*,*,#3376,.T.);
#4637=ORIENTED_EDGE('',*,*,#2730,.F.);
#4638=ORIENTED_EDGE('',*,*,#3377,.T.);
#4639=ORIENTED_EDGE('',*,*,#2881,.T.);
#4640=ORIENTED_EDGE('',*,*,#3378,.T.);
#4641=ORIENTED_EDGE('',*,*,#2728,.F.);
#4642=ORIENTED_EDGE('',*,*,#3258,.T.);
#4643=ORIENTED_EDGE('',*,*,#3176,.T.);
#4644=ORIENTED_EDGE('',*,*,#3322,.T.);
#4645=ORIENTED_EDGE('',*,*,#2720,.F.);
#4646=ORIENTED_EDGE('',*,*,#3379,.T.);
#4647=ORIENTED_EDGE('',*,*,#2889,.T.);
#4648=ORIENTED_EDGE('',*,*,#3324,.T.);
#4649=ORIENTED_EDGE('',*,*,#3180,.F.);
#4650=ORIENTED_EDGE('',*,*,#3260,.T.);
#4651=ORIENTED_EDGE('',*,*,#2891,.T.);
#4652=ORIENTED_EDGE('',*,*,#3380,.T.);
#4653=ORIENTED_EDGE('',*,*,#2718,.F.);
#4654=ORIENTED_EDGE('',*,*,#3381,.T.);
#4655=ORIENTED_EDGE('',*,*,#2893,.T.);
#4656=ORIENTED_EDGE('',*,*,#3382,.T.);
#4657=ORIENTED_EDGE('',*,*,#2716,.F.);
#4658=ORIENTED_EDGE('',*,*,#3265,.T.);
#4659=ORIENTED_EDGE('',*,*,#3190,.T.);
#4660=ORIENTED_EDGE('',*,*,#3329,.T.);
#4661=ORIENTED_EDGE('',*,*,#2726,.F.);
#4662=ORIENTED_EDGE('',*,*,#3383,.T.);
#4663=ORIENTED_EDGE('',*,*,#2883,.T.);
#4664=ORIENTED_EDGE('',*,*,#3321,.T.);
#4665=ORIENTED_EDGE('',*,*,#3174,.F.);
#4666=ORIENTED_EDGE('',*,*,#3257,.T.);
#4667=ORIENTED_EDGE('',*,*,#2885,.T.);
#4668=ORIENTED_EDGE('',*,*,#3384,.T.);
#4669=ORIENTED_EDGE('',*,*,#2724,.F.);
#4670=ORIENTED_EDGE('',*,*,#3385,.T.);
#4671=ORIENTED_EDGE('',*,*,#2887,.T.);
#4672=ORIENTED_EDGE('',*,*,#3386,.T.);
#4673=ORIENTED_EDGE('',*,*,#2722,.F.);
#4674=ORIENTED_EDGE('',*,*,#3259,.T.);
#4675=ORIENTED_EDGE('',*,*,#3178,.T.);
#4676=ORIENTED_EDGE('',*,*,#3323,.T.);
#4677=ORIENTED_EDGE('',*,*,#2648,.F.);
#4678=ORIENTED_EDGE('',*,*,#3387,.T.);
#4679=ORIENTED_EDGE('',*,*,#2961,.T.);
#4680=ORIENTED_EDGE('',*,*,#3320,.T.);
#4681=ORIENTED_EDGE('',*,*,#3172,.F.);
#4682=ORIENTED_EDGE('',*,*,#3256,.T.);
#4683=ORIENTED_EDGE('',*,*,#2963,.T.);
#4684=ORIENTED_EDGE('',*,*,#3388,.T.);
#4685=ORIENTED_EDGE('',*,*,#2646,.F.);
#4686=ORIENTED_EDGE('',*,*,#3389,.T.);
#4687=ORIENTED_EDGE('',*,*,#2965,.T.);
#4688=ORIENTED_EDGE('',*,*,#3390,.T.);
#4689=ORIENTED_EDGE('',*,*,#2644,.F.);
#4690=ORIENTED_EDGE('',*,*,#3228,.T.);
#4691=ORIENTED_EDGE('',*,*,#3114,.T.);
#4692=ORIENTED_EDGE('',*,*,#3292,.T.);
#4693=ORIENTED_EDGE('',*,*,#2654,.F.);
#4694=ORIENTED_EDGE('',*,*,#3391,.T.);
#4695=ORIENTED_EDGE('',*,*,#2955,.T.);
#4696=ORIENTED_EDGE('',*,*,#3318,.T.);
#4697=ORIENTED_EDGE('',*,*,#3168,.F.);
#4698=ORIENTED_EDGE('',*,*,#3254,.T.);
#4699=ORIENTED_EDGE('',*,*,#2957,.T.);
#4700=ORIENTED_EDGE('',*,*,#3392,.T.);
#4701=ORIENTED_EDGE('',*,*,#2652,.F.);
#4702=ORIENTED_EDGE('',*,*,#3393,.T.);
#4703=ORIENTED_EDGE('',*,*,#2959,.T.);
#4704=ORIENTED_EDGE('',*,*,#3394,.T.);
#4705=ORIENTED_EDGE('',*,*,#2650,.F.);
#4706=ORIENTED_EDGE('',*,*,#3255,.T.);
#4707=ORIENTED_EDGE('',*,*,#3170,.T.);
#4708=ORIENTED_EDGE('',*,*,#3319,.T.);
#4709=ORIENTED_EDGE('',*,*,#2666,.F.);
#4710=ORIENTED_EDGE('',*,*,#3395,.T.);
#4711=ORIENTED_EDGE('',*,*,#2943,.T.);
#4712=ORIENTED_EDGE('',*,*,#3316,.T.);
#4713=ORIENTED_EDGE('',*,*,#3164,.F.);
#4714=ORIENTED_EDGE('',*,*,#3252,.T.);
#4715=ORIENTED_EDGE('',*,*,#2945,.T.);
#4716=ORIENTED_EDGE('',*,*,#3396,.T.);
#4717=ORIENTED_EDGE('',*,*,#2664,.F.);
#4718=ORIENTED_EDGE('',*,*,#3397,.T.);
#4719=ORIENTED_EDGE('',*,*,#2947,.T.);
#4720=ORIENTED_EDGE('',*,*,#3398,.T.);
#4721=ORIENTED_EDGE('',*,*,#2662,.F.);
#4722=ORIENTED_EDGE('',*,*,#3250,.T.);
#4723=ORIENTED_EDGE('',*,*,#3160,.T.);
#4724=ORIENTED_EDGE('',*,*,#3314,.T.);
#4725=ORIENTED_EDGE('',*,*,#2660,.F.);
#4726=ORIENTED_EDGE('',*,*,#3399,.T.);
#4727=ORIENTED_EDGE('',*,*,#2949,.T.);
#4728=ORIENTED_EDGE('',*,*,#3313,.T.);
#4729=ORIENTED_EDGE('',*,*,#3158,.F.);
#4730=ORIENTED_EDGE('',*,*,#3249,.T.);
#4731=ORIENTED_EDGE('',*,*,#2951,.T.);
#4732=ORIENTED_EDGE('',*,*,#3400,.T.);
#4733=ORIENTED_EDGE('',*,*,#2658,.F.);
#4734=ORIENTED_EDGE('',*,*,#3401,.T.);
#4735=ORIENTED_EDGE('',*,*,#2953,.T.);
#4736=ORIENTED_EDGE('',*,*,#3402,.T.);
#4737=ORIENTED_EDGE('',*,*,#2656,.F.);
#4738=ORIENTED_EDGE('',*,*,#3253,.T.);
#4739=ORIENTED_EDGE('',*,*,#3166,.T.);
#4740=ORIENTED_EDGE('',*,*,#3317,.T.);
#4741=ORIENTED_EDGE('',*,*,#2678,.F.);
#4742=ORIENTED_EDGE('',*,*,#3403,.T.);
#4743=ORIENTED_EDGE('',*,*,#2931,.T.);
#4744=ORIENTED_EDGE('',*,*,#3312,.T.);
#4745=ORIENTED_EDGE('',*,*,#3156,.F.);
#4746=ORIENTED_EDGE('',*,*,#3248,.T.);
#4747=ORIENTED_EDGE('',*,*,#2933,.T.);
#4748=ORIENTED_EDGE('',*,*,#3404,.T.);
#4749=ORIENTED_EDGE('',*,*,#2676,.F.);
#4750=ORIENTED_EDGE('',*,*,#3405,.T.);
#4751=ORIENTED_EDGE('',*,*,#2935,.T.);
#4752=ORIENTED_EDGE('',*,*,#3406,.T.);
#4753=ORIENTED_EDGE('',*,*,#2674,.F.);
#4754=ORIENTED_EDGE('',*,*,#3246,.T.);
#4755=ORIENTED_EDGE('',*,*,#3152,.T.);
#4756=ORIENTED_EDGE('',*,*,#3310,.T.);
#4757=ORIENTED_EDGE('',*,*,#2672,.F.);
#4758=ORIENTED_EDGE('',*,*,#3407,.T.);
#4759=ORIENTED_EDGE('',*,*,#2937,.T.);
#4760=ORIENTED_EDGE('',*,*,#3309,.T.);
#4761=ORIENTED_EDGE('',*,*,#3150,.F.);
#4762=ORIENTED_EDGE('',*,*,#3245,.T.);
#4763=ORIENTED_EDGE('',*,*,#2939,.T.);
#4764=ORIENTED_EDGE('',*,*,#3408,.T.);
#4765=ORIENTED_EDGE('',*,*,#2670,.F.);
#4766=ORIENTED_EDGE('',*,*,#3409,.T.);
#4767=ORIENTED_EDGE('',*,*,#2941,.T.);
#4768=ORIENTED_EDGE('',*,*,#3410,.T.);
#4769=ORIENTED_EDGE('',*,*,#2668,.F.);
#4770=ORIENTED_EDGE('',*,*,#3251,.T.);
#4771=ORIENTED_EDGE('',*,*,#3162,.T.);
#4772=ORIENTED_EDGE('',*,*,#3315,.T.);
#4773=ORIENTED_EDGE('',*,*,#2684,.F.);
#4774=ORIENTED_EDGE('',*,*,#3411,.T.);
#4775=ORIENTED_EDGE('',*,*,#2925,.T.);
#4776=ORIENTED_EDGE('',*,*,#3308,.T.);
#4777=ORIENTED_EDGE('',*,*,#3148,.F.);
#4778=ORIENTED_EDGE('',*,*,#3244,.T.);
#4779=ORIENTED_EDGE('',*,*,#2927,.T.);
#4780=ORIENTED_EDGE('',*,*,#3412,.T.);
#4781=ORIENTED_EDGE('',*,*,#2682,.F.);
#4782=ORIENTED_EDGE('',*,*,#3413,.T.);
#4783=ORIENTED_EDGE('',*,*,#2929,.T.);
#4784=ORIENTED_EDGE('',*,*,#3414,.T.);
#4785=ORIENTED_EDGE('',*,*,#2680,.F.);
#4786=ORIENTED_EDGE('',*,*,#3247,.T.);
#4787=ORIENTED_EDGE('',*,*,#3154,.T.);
#4788=ORIENTED_EDGE('',*,*,#3311,.T.);
#4789=ORIENTED_EDGE('',*,*,#2690,.F.);
#4790=ORIENTED_EDGE('',*,*,#3415,.T.);
#4791=ORIENTED_EDGE('',*,*,#2919,.T.);
#4792=ORIENTED_EDGE('',*,*,#3305,.T.);
#4793=ORIENTED_EDGE('',*,*,#3142,.F.);
#4794=ORIENTED_EDGE('',*,*,#3241,.T.);
#4795=ORIENTED_EDGE('',*,*,#2921,.T.);
#4796=ORIENTED_EDGE('',*,*,#3416,.T.);
#4797=ORIENTED_EDGE('',*,*,#2688,.F.);
#4798=ORIENTED_EDGE('',*,*,#3417,.T.);
#4799=ORIENTED_EDGE('',*,*,#2923,.T.);
#4800=ORIENTED_EDGE('',*,*,#3418,.T.);
#4801=ORIENTED_EDGE('',*,*,#2686,.F.);
#4802=ORIENTED_EDGE('',*,*,#3243,.T.);
#4803=ORIENTED_EDGE('',*,*,#3146,.T.);
#4804=ORIENTED_EDGE('',*,*,#3307,.T.);
#4805=ORIENTED_EDGE('',*,*,#2600,.F.);
#4806=ORIENTED_EDGE('',*,*,#3045,.T.);
#4807=ORIENTED_EDGE('',*,*,#3009,.T.);
#4808=ORIENTED_EDGE('',*,*,#3304,.T.);
#4809=ORIENTED_EDGE('',*,*,#3140,.F.);
#4810=ORIENTED_EDGE('',*,*,#3240,.T.);
#4811=ORIENTED_EDGE('',*,*,#3011,.T.);
#4812=ORIENTED_EDGE('',*,*,#3046,.T.);
#4813=ORIENTED_EDGE('',*,*,#2598,.F.);
#4814=ORIENTED_EDGE('',*,*,#3419,.T.);
#4815=ORIENTED_EDGE('',*,*,#3013,.T.);
#4816=ORIENTED_EDGE('',*,*,#3420,.T.);
#4817=ORIENTED_EDGE('',*,*,#2596,.F.);
#4818=ORIENTED_EDGE('',*,*,#3213,.T.);
#4819=ORIENTED_EDGE('',*,*,#3083,.T.);
#4820=ORIENTED_EDGE('',*,*,#3277,.T.);
#4821=ORIENTED_EDGE('',*,*,#2606,.F.);
#4822=ORIENTED_EDGE('',*,*,#3043,.T.);
#4823=ORIENTED_EDGE('',*,*,#3003,.T.);
#4824=ORIENTED_EDGE('',*,*,#3302,.T.);
#4825=ORIENTED_EDGE('',*,*,#3136,.F.);
#4826=ORIENTED_EDGE('',*,*,#3238,.T.);
#4827=ORIENTED_EDGE('',*,*,#3005,.T.);
#4828=ORIENTED_EDGE('',*,*,#3044,.T.);
#4829=ORIENTED_EDGE('',*,*,#2604,.F.);
#4830=ORIENTED_EDGE('',*,*,#3421,.T.);
#4831=ORIENTED_EDGE('',*,*,#3007,.T.);
#4832=ORIENTED_EDGE('',*,*,#3422,.T.);
#4833=ORIENTED_EDGE('',*,*,#2602,.F.);
#4834=ORIENTED_EDGE('',*,*,#3239,.T.);
#4835=ORIENTED_EDGE('',*,*,#3138,.T.);
#4836=ORIENTED_EDGE('',*,*,#3303,.T.);
#4837=ORIENTED_EDGE('',*,*,#2618,.F.);
#4838=ORIENTED_EDGE('',*,*,#3039,.T.);
#4839=ORIENTED_EDGE('',*,*,#2991,.T.);
#4840=ORIENTED_EDGE('',*,*,#3300,.T.);
#4841=ORIENTED_EDGE('',*,*,#3132,.F.);
#4842=ORIENTED_EDGE('',*,*,#3236,.T.);
#4843=ORIENTED_EDGE('',*,*,#2993,.T.);
#4844=ORIENTED_EDGE('',*,*,#3040,.T.);
#4845=ORIENTED_EDGE('',*,*,#2616,.F.);
#4846=ORIENTED_EDGE('',*,*,#3423,.T.);
#4847=ORIENTED_EDGE('',*,*,#2995,.T.);
#4848=ORIENTED_EDGE('',*,*,#3424,.T.);
#4849=ORIENTED_EDGE('',*,*,#2614,.F.);
#4850=ORIENTED_EDGE('',*,*,#3234,.T.);
#4851=ORIENTED_EDGE('',*,*,#3128,.T.);
#4852=ORIENTED_EDGE('',*,*,#3298,.T.);
#4853=ORIENTED_EDGE('',*,*,#2612,.F.);
#4854=ORIENTED_EDGE('',*,*,#3041,.T.);
#4855=ORIENTED_EDGE('',*,*,#2997,.T.);
#4856=ORIENTED_EDGE('',*,*,#3297,.T.);
#4857=ORIENTED_EDGE('',*,*,#3126,.F.);
#4858=ORIENTED_EDGE('',*,*,#3233,.T.);
#4859=ORIENTED_EDGE('',*,*,#2999,.T.);
#4860=ORIENTED_EDGE('',*,*,#3042,.T.);
#4861=ORIENTED_EDGE('',*,*,#2610,.F.);
#4862=ORIENTED_EDGE('',*,*,#3425,.T.);
#4863=ORIENTED_EDGE('',*,*,#3001,.T.);
#4864=ORIENTED_EDGE('',*,*,#3426,.T.);
#4865=ORIENTED_EDGE('',*,*,#2608,.F.);
#4866=ORIENTED_EDGE('',*,*,#3237,.T.);
#4867=ORIENTED_EDGE('',*,*,#3134,.T.);
#4868=ORIENTED_EDGE('',*,*,#3301,.T.);
#4869=ORIENTED_EDGE('',*,*,#2981,.T.);
#4870=ORIENTED_EDGE('',*,*,#3036,.T.);
#4871=ORIENTED_EDGE('',*,*,#2628,.F.);
#4872=ORIENTED_EDGE('',*,*,#3427,.T.);
#4873=ORIENTED_EDGE('',*,*,#2983,.T.);
#4874=ORIENTED_EDGE('',*,*,#3428,.T.);
#4875=ORIENTED_EDGE('',*,*,#2626,.F.);
#4876=ORIENTED_EDGE('',*,*,#3231,.T.);
#4877=ORIENTED_EDGE('',*,*,#3121,.T.);
#4878=ORIENTED_EDGE('',*,*,#3295,.T.);
#4879=ORIENTED_EDGE('',*,*,#2624,.F.);
#4880=ORIENTED_EDGE('',*,*,#3037,.T.);
#4881=ORIENTED_EDGE('',*,*,#2985,.T.);
#4882=ORIENTED_EDGE('',*,*,#3294,.T.);
#4883=ORIENTED_EDGE('',*,*,#3119,.F.);
#4884=ORIENTED_EDGE('',*,*,#3230,.T.);
#4885=ORIENTED_EDGE('',*,*,#2987,.T.);
#4886=ORIENTED_EDGE('',*,*,#3038,.T.);
#4887=ORIENTED_EDGE('',*,*,#2622,.F.);
#4888=ORIENTED_EDGE('',*,*,#3429,.T.);
#4889=ORIENTED_EDGE('',*,*,#2989,.T.);
#4890=ORIENTED_EDGE('',*,*,#3430,.T.);
#4891=ORIENTED_EDGE('',*,*,#2620,.F.);
#4892=ORIENTED_EDGE('',*,*,#3235,.T.);
#4893=ORIENTED_EDGE('',*,*,#3130,.T.);
#4894=ORIENTED_EDGE('',*,*,#3299,.T.);
#4895=ORIENTED_EDGE('',*,*,#2975,.T.);
#4896=ORIENTED_EDGE('',*,*,#3034,.T.);
#4897=ORIENTED_EDGE('',*,*,#2634,.F.);
#4898=ORIENTED_EDGE('',*,*,#3431,.T.);
#4899=ORIENTED_EDGE('',*,*,#2977,.T.);
#4900=ORIENTED_EDGE('',*,*,#3432,.T.);
#4901=ORIENTED_EDGE('',*,*,#2632,.F.);
#4902=ORIENTED_EDGE('',*,*,#3232,.T.);
#4903=ORIENTED_EDGE('',*,*,#3123,.T.);
#4904=ORIENTED_EDGE('',*,*,#3296,.T.);
#4905=ORIENTED_EDGE('',*,*,#2642,.F.);
#4906=ORIENTED_EDGE('',*,*,#3433,.T.);
#4907=ORIENTED_EDGE('',*,*,#2967,.T.);
#4908=ORIENTED_EDGE('',*,*,#3291,.T.);
#4909=ORIENTED_EDGE('',*,*,#3112,.F.);
#4910=ORIENTED_EDGE('',*,*,#3227,.T.);
#4911=ORIENTED_EDGE('',*,*,#2969,.T.);
#4912=ORIENTED_EDGE('',*,*,#3434,.T.);
#4913=ORIENTED_EDGE('',*,*,#2640,.F.);
#4914=ORIENTED_EDGE('',*,*,#3435,.T.);
#4915=ORIENTED_EDGE('',*,*,#2971,.T.);
#4916=ORIENTED_EDGE('',*,*,#3436,.T.);
#4917=ORIENTED_EDGE('',*,*,#2638,.F.);
#4918=ORIENTED_EDGE('',*,*,#3229,.T.);
#4919=ORIENTED_EDGE('',*,*,#3116,.T.);
#4920=ORIENTED_EDGE('',*,*,#3293,.T.);
#4921=ORIENTED_EDGE('',*,*,#2774,.F.);
#4922=ORIENTED_EDGE('',*,*,#3437,.T.);
#4923=ORIENTED_EDGE('',*,*,#2835,.T.);
#4924=ORIENTED_EDGE('',*,*,#3290,.T.);
#4925=ORIENTED_EDGE('',*,*,#3110,.F.);
#4926=ORIENTED_EDGE('',*,*,#3226,.T.);
#4927=ORIENTED_EDGE('',*,*,#2837,.T.);
#4928=ORIENTED_EDGE('',*,*,#3438,.T.);
#4929=ORIENTED_EDGE('',*,*,#2772,.F.);
#4930=ORIENTED_EDGE('',*,*,#3057,.T.);
#4931=ORIENTED_EDGE('',*,*,#2839,.T.);
#4932=ORIENTED_EDGE('',*,*,#3058,.T.);
#4933=ORIENTED_EDGE('',*,*,#2770,.F.);
#4934=ORIENTED_EDGE('',*,*,#3222,.T.);
#4935=ORIENTED_EDGE('',*,*,#3102,.T.);
#4936=ORIENTED_EDGE('',*,*,#3286,.T.);
#4937=ORIENTED_EDGE('',*,*,#2780,.F.);
#4938=ORIENTED_EDGE('',*,*,#3439,.T.);
#4939=ORIENTED_EDGE('',*,*,#2829,.T.);
#4940=ORIENTED_EDGE('',*,*,#3288,.T.);
#4941=ORIENTED_EDGE('',*,*,#3106,.F.);
#4942=ORIENTED_EDGE('',*,*,#3224,.T.);
#4943=ORIENTED_EDGE('',*,*,#2831,.T.);
#4944=ORIENTED_EDGE('',*,*,#3440,.T.);
#4945=ORIENTED_EDGE('',*,*,#2778,.F.);
#4946=ORIENTED_EDGE('',*,*,#3055,.T.);
#4947=ORIENTED_EDGE('',*,*,#2833,.T.);
#4948=ORIENTED_EDGE('',*,*,#3056,.T.);
#4949=ORIENTED_EDGE('',*,*,#2776,.F.);
#4950=ORIENTED_EDGE('',*,*,#3225,.T.);
#4951=ORIENTED_EDGE('',*,*,#3108,.T.);
#4952=ORIENTED_EDGE('',*,*,#3289,.T.);
#4953=ORIENTED_EDGE('',*,*,#2768,.F.);
#4954=ORIENTED_EDGE('',*,*,#3441,.T.);
#4955=ORIENTED_EDGE('',*,*,#2841,.T.);
#4956=ORIENTED_EDGE('',*,*,#3285,.T.);
#4957=ORIENTED_EDGE('',*,*,#3100,.F.);
#4958=ORIENTED_EDGE('',*,*,#3221,.T.);
#4959=ORIENTED_EDGE('',*,*,#2843,.T.);
#4960=ORIENTED_EDGE('',*,*,#3442,.T.);
#4961=ORIENTED_EDGE('',*,*,#2766,.F.);
#4962=ORIENTED_EDGE('',*,*,#3059,.T.);
#4963=ORIENTED_EDGE('',*,*,#2762,.F.);
#4964=ORIENTED_EDGE('',*,*,#3443,.T.);
#4965=ORIENTED_EDGE('',*,*,#2847,.T.);
#4966=ORIENTED_EDGE('',*,*,#3284,.T.);
#4967=ORIENTED_EDGE('',*,*,#3097,.F.);
#4968=ORIENTED_EDGE('',*,*,#3220,.T.);
#4969=ORIENTED_EDGE('',*,*,#2849,.T.);
#4970=ORIENTED_EDGE('',*,*,#3444,.T.);
#4971=ORIENTED_EDGE('',*,*,#2760,.F.);
#4972=ORIENTED_EDGE('',*,*,#3061,.T.);
#4973=ORIENTED_EDGE('',*,*,#2786,.F.);
#4974=ORIENTED_EDGE('',*,*,#3445,.T.);
#4975=ORIENTED_EDGE('',*,*,#2823,.T.);
#4976=ORIENTED_EDGE('',*,*,#3283,.T.);
#4977=ORIENTED_EDGE('',*,*,#3095,.F.);
#4978=ORIENTED_EDGE('',*,*,#3219,.T.);
#4979=ORIENTED_EDGE('',*,*,#2825,.T.);
#4980=ORIENTED_EDGE('',*,*,#3446,.T.);
#4981=ORIENTED_EDGE('',*,*,#2784,.F.);
#4982=ORIENTED_EDGE('',*,*,#3053,.T.);
#4983=ORIENTED_EDGE('',*,*,#2827,.T.);
#4984=ORIENTED_EDGE('',*,*,#3054,.T.);
#4985=ORIENTED_EDGE('',*,*,#2782,.F.);
#4986=ORIENTED_EDGE('',*,*,#3223,.T.);
#4987=ORIENTED_EDGE('',*,*,#3104,.T.);
#4988=ORIENTED_EDGE('',*,*,#3287,.T.);
#4989=ORIENTED_EDGE('',*,*,#2792,.F.);
#4990=ORIENTED_EDGE('',*,*,#3447,.T.);
#4991=ORIENTED_EDGE('',*,*,#2817,.T.);
#4992=ORIENTED_EDGE('',*,*,#3281,.T.);
#4993=ORIENTED_EDGE('',*,*,#3091,.F.);
#4994=ORIENTED_EDGE('',*,*,#3217,.T.);
#4995=ORIENTED_EDGE('',*,*,#2819,.T.);
#4996=ORIENTED_EDGE('',*,*,#3448,.T.);
#4997=ORIENTED_EDGE('',*,*,#2790,.F.);
#4998=ORIENTED_EDGE('',*,*,#3051,.T.);
#4999=ORIENTED_EDGE('',*,*,#2821,.T.);
#5000=ORIENTED_EDGE('',*,*,#3052,.T.);
#5001=ORIENTED_EDGE('',*,*,#2788,.F.);
#5002=ORIENTED_EDGE('',*,*,#3218,.T.);
#5003=ORIENTED_EDGE('',*,*,#3093,.T.);
#5004=ORIENTED_EDGE('',*,*,#3282,.T.);
#5005=ORIENTED_EDGE('',*,*,#2798,.F.);
#5006=ORIENTED_EDGE('',*,*,#3449,.T.);
#5007=ORIENTED_EDGE('',*,*,#2811,.T.);
#5008=ORIENTED_EDGE('',*,*,#3279,.T.);
#5009=ORIENTED_EDGE('',*,*,#3087,.F.);
#5010=ORIENTED_EDGE('',*,*,#3215,.T.);
#5011=ORIENTED_EDGE('',*,*,#2813,.T.);
#5012=ORIENTED_EDGE('',*,*,#3450,.T.);
#5013=ORIENTED_EDGE('',*,*,#2796,.F.);
#5014=ORIENTED_EDGE('',*,*,#3049,.T.);
#5015=ORIENTED_EDGE('',*,*,#2815,.T.);
#5016=ORIENTED_EDGE('',*,*,#3050,.T.);
#5017=ORIENTED_EDGE('',*,*,#2794,.F.);
#5018=ORIENTED_EDGE('',*,*,#3216,.T.);
#5019=ORIENTED_EDGE('',*,*,#3089,.T.);
#5020=ORIENTED_EDGE('',*,*,#3280,.T.);
#5021=ORIENTED_EDGE('',*,*,#2594,.F.);
#5022=ORIENTED_EDGE('',*,*,#3047,.T.);
#5023=ORIENTED_EDGE('',*,*,#2805,.T.);
#5024=ORIENTED_EDGE('',*,*,#3276,.T.);
#5025=ORIENTED_EDGE('',*,*,#3081,.F.);
#5026=ORIENTED_EDGE('',*,*,#3212,.T.);
#5027=ORIENTED_EDGE('',*,*,#2807,.T.);
#5028=ORIENTED_EDGE('',*,*,#3048,.T.);
#5029=ORIENTED_EDGE('',*,*,#2592,.F.);
#5030=ORIENTED_EDGE('',*,*,#3451,.T.);
#5031=ORIENTED_EDGE('',*,*,#2809,.T.);
#5032=ORIENTED_EDGE('',*,*,#3452,.T.);
#5033=ORIENTED_EDGE('',*,*,#2590,.F.);
#5034=ORIENTED_EDGE('',*,*,#3214,.T.);
#5035=ORIENTED_EDGE('',*,*,#3085,.T.);
#5036=ORIENTED_EDGE('',*,*,#3278,.T.);
#5037=ORIENTED_EDGE('',*,*,#2755,.F.);
#5038=ORIENTED_EDGE('',*,*,#3350,.F.);
#5039=ORIENTED_EDGE('',*,*,#2854,.F.);
#5040=ORIENTED_EDGE('',*,*,#3349,.F.);
#5041=ORIENTED_EDGE('',*,*,#2761,.F.);
#5042=ORIENTED_EDGE('',*,*,#3444,.F.);
#5043=ORIENTED_EDGE('',*,*,#2848,.F.);
#5044=ORIENTED_EDGE('',*,*,#3443,.F.);
#5045=ORIENTED_EDGE('',*,*,#2767,.F.);
#5046=ORIENTED_EDGE('',*,*,#3442,.F.);
#5047=ORIENTED_EDGE('',*,*,#2842,.F.);
#5048=ORIENTED_EDGE('',*,*,#3441,.F.);
#5049=ORIENTED_EDGE('',*,*,#2773,.F.);
#5050=ORIENTED_EDGE('',*,*,#3438,.F.);
#5051=ORIENTED_EDGE('',*,*,#2836,.F.);
#5052=ORIENTED_EDGE('',*,*,#3437,.F.);
#5053=ORIENTED_EDGE('',*,*,#2779,.F.);
#5054=ORIENTED_EDGE('',*,*,#3440,.F.);
#5055=ORIENTED_EDGE('',*,*,#2830,.F.);
#5056=ORIENTED_EDGE('',*,*,#3439,.F.);
#5057=ORIENTED_EDGE('',*,*,#2785,.F.);
#5058=ORIENTED_EDGE('',*,*,#3446,.F.);
#5059=ORIENTED_EDGE('',*,*,#2824,.F.);
#5060=ORIENTED_EDGE('',*,*,#3445,.F.);
#5061=ORIENTED_EDGE('',*,*,#2791,.F.);
#5062=ORIENTED_EDGE('',*,*,#3448,.F.);
#5063=ORIENTED_EDGE('',*,*,#2818,.F.);
#5064=ORIENTED_EDGE('',*,*,#3447,.F.);
#5065=ORIENTED_EDGE('',*,*,#2797,.F.);
#5066=ORIENTED_EDGE('',*,*,#3450,.F.);
#5067=ORIENTED_EDGE('',*,*,#2812,.F.);
#5068=ORIENTED_EDGE('',*,*,#3449,.F.);
#5069=ORIENTED_EDGE('',*,*,#2591,.F.);
#5070=ORIENTED_EDGE('',*,*,#3452,.F.);
#5071=ORIENTED_EDGE('',*,*,#2808,.F.);
#5072=ORIENTED_EDGE('',*,*,#3451,.F.);
#5073=ORIENTED_EDGE('',*,*,#2597,.F.);
#5074=ORIENTED_EDGE('',*,*,#3420,.F.);
#5075=ORIENTED_EDGE('',*,*,#3012,.F.);
#5076=ORIENTED_EDGE('',*,*,#3419,.F.);
#5077=ORIENTED_EDGE('',*,*,#2603,.F.);
#5078=ORIENTED_EDGE('',*,*,#3422,.F.);
#5079=ORIENTED_EDGE('',*,*,#3006,.F.);
#5080=ORIENTED_EDGE('',*,*,#3421,.F.);
#5081=ORIENTED_EDGE('',*,*,#2609,.F.);
#5082=ORIENTED_EDGE('',*,*,#3426,.F.);
#5083=ORIENTED_EDGE('',*,*,#3000,.F.);
#5084=ORIENTED_EDGE('',*,*,#3425,.F.);
#5085=ORIENTED_EDGE('',*,*,#2615,.F.);
#5086=ORIENTED_EDGE('',*,*,#3424,.F.);
#5087=ORIENTED_EDGE('',*,*,#2994,.F.);
#5088=ORIENTED_EDGE('',*,*,#3423,.F.);
#5089=ORIENTED_EDGE('',*,*,#2621,.F.);
#5090=ORIENTED_EDGE('',*,*,#3430,.F.);
#5091=ORIENTED_EDGE('',*,*,#2988,.F.);
#5092=ORIENTED_EDGE('',*,*,#3429,.F.);
#5093=ORIENTED_EDGE('',*,*,#2627,.F.);
#5094=ORIENTED_EDGE('',*,*,#3428,.F.);
#5095=ORIENTED_EDGE('',*,*,#2982,.F.);
#5096=ORIENTED_EDGE('',*,*,#3427,.F.);
#5097=ORIENTED_EDGE('',*,*,#2633,.F.);
#5098=ORIENTED_EDGE('',*,*,#3432,.F.);
#5099=ORIENTED_EDGE('',*,*,#2976,.F.);
#5100=ORIENTED_EDGE('',*,*,#3431,.F.);
#5101=ORIENTED_EDGE('',*,*,#2641,.F.);
#5102=ORIENTED_EDGE('',*,*,#3434,.F.);
#5103=ORIENTED_EDGE('',*,*,#2968,.F.);
#5104=ORIENTED_EDGE('',*,*,#3433,.F.);
#5105=ORIENTED_EDGE('',*,*,#2639,.F.);
#5106=ORIENTED_EDGE('',*,*,#3436,.F.);
#5107=ORIENTED_EDGE('',*,*,#2970,.F.);
#5108=ORIENTED_EDGE('',*,*,#3435,.F.);
#5109=ORIENTED_EDGE('',*,*,#2647,.F.);
#5110=ORIENTED_EDGE('',*,*,#3388,.F.);
#5111=ORIENTED_EDGE('',*,*,#2962,.F.);
#5112=ORIENTED_EDGE('',*,*,#3387,.F.);
#5113=ORIENTED_EDGE('',*,*,#2645,.F.);
#5114=ORIENTED_EDGE('',*,*,#3390,.F.);
#5115=ORIENTED_EDGE('',*,*,#2964,.F.);
#5116=ORIENTED_EDGE('',*,*,#3389,.F.);
#5117=ORIENTED_EDGE('',*,*,#2653,.F.);
#5118=ORIENTED_EDGE('',*,*,#3392,.F.);
#5119=ORIENTED_EDGE('',*,*,#2956,.F.);
#5120=ORIENTED_EDGE('',*,*,#3391,.F.);
#5121=ORIENTED_EDGE('',*,*,#2651,.F.);
#5122=ORIENTED_EDGE('',*,*,#3394,.F.);
#5123=ORIENTED_EDGE('',*,*,#2958,.F.);
#5124=ORIENTED_EDGE('',*,*,#3393,.F.);
#5125=ORIENTED_EDGE('',*,*,#2659,.F.);
#5126=ORIENTED_EDGE('',*,*,#3400,.F.);
#5127=ORIENTED_EDGE('',*,*,#2950,.F.);
#5128=ORIENTED_EDGE('',*,*,#3399,.F.);
#5129=ORIENTED_EDGE('',*,*,#2657,.F.);
#5130=ORIENTED_EDGE('',*,*,#3402,.F.);
#5131=ORIENTED_EDGE('',*,*,#2952,.F.);
#5132=ORIENTED_EDGE('',*,*,#3401,.F.);
#5133=ORIENTED_EDGE('',*,*,#2665,.F.);
#5134=ORIENTED_EDGE('',*,*,#3396,.F.);
#5135=ORIENTED_EDGE('',*,*,#2944,.F.);
#5136=ORIENTED_EDGE('',*,*,#3395,.F.);
#5137=ORIENTED_EDGE('',*,*,#2663,.F.);
#5138=ORIENTED_EDGE('',*,*,#3398,.F.);
#5139=ORIENTED_EDGE('',*,*,#2946,.F.);
#5140=ORIENTED_EDGE('',*,*,#3397,.F.);
#5141=ORIENTED_EDGE('',*,*,#2671,.F.);
#5142=ORIENTED_EDGE('',*,*,#3408,.F.);
#5143=ORIENTED_EDGE('',*,*,#2938,.F.);
#5144=ORIENTED_EDGE('',*,*,#3407,.F.);
#5145=ORIENTED_EDGE('',*,*,#2669,.F.);
#5146=ORIENTED_EDGE('',*,*,#3410,.F.);
#5147=ORIENTED_EDGE('',*,*,#2940,.F.);
#5148=ORIENTED_EDGE('',*,*,#3409,.F.);
#5149=ORIENTED_EDGE('',*,*,#2677,.F.);
#5150=ORIENTED_EDGE('',*,*,#3404,.F.);
#5151=ORIENTED_EDGE('',*,*,#2932,.F.);
#5152=ORIENTED_EDGE('',*,*,#3403,.F.);
#5153=ORIENTED_EDGE('',*,*,#2675,.F.);
#5154=ORIENTED_EDGE('',*,*,#3406,.F.);
#5155=ORIENTED_EDGE('',*,*,#2934,.F.);
#5156=ORIENTED_EDGE('',*,*,#3405,.F.);
#5157=ORIENTED_EDGE('',*,*,#2683,.F.);
#5158=ORIENTED_EDGE('',*,*,#3412,.F.);
#5159=ORIENTED_EDGE('',*,*,#2926,.F.);
#5160=ORIENTED_EDGE('',*,*,#3411,.F.);
#5161=ORIENTED_EDGE('',*,*,#2681,.F.);
#5162=ORIENTED_EDGE('',*,*,#3414,.F.);
#5163=ORIENTED_EDGE('',*,*,#2928,.F.);
#5164=ORIENTED_EDGE('',*,*,#3413,.F.);
#5165=ORIENTED_EDGE('',*,*,#2689,.F.);
#5166=ORIENTED_EDGE('',*,*,#3416,.F.);
#5167=ORIENTED_EDGE('',*,*,#2920,.F.);
#5168=ORIENTED_EDGE('',*,*,#3415,.F.);
#5169=ORIENTED_EDGE('',*,*,#2687,.F.);
#5170=ORIENTED_EDGE('',*,*,#3418,.F.);
#5171=ORIENTED_EDGE('',*,*,#2922,.F.);
#5172=ORIENTED_EDGE('',*,*,#3417,.F.);
#5173=ORIENTED_EDGE('',*,*,#2695,.F.);
#5174=ORIENTED_EDGE('',*,*,#3356,.F.);
#5175=ORIENTED_EDGE('',*,*,#2914,.F.);
#5176=ORIENTED_EDGE('',*,*,#3355,.F.);
#5177=ORIENTED_EDGE('',*,*,#2693,.F.);
#5178=ORIENTED_EDGE('',*,*,#3358,.F.);
#5179=ORIENTED_EDGE('',*,*,#2916,.F.);
#5180=ORIENTED_EDGE('',*,*,#3357,.F.);
#5181=ORIENTED_EDGE('',*,*,#2701,.F.);
#5182=ORIENTED_EDGE('',*,*,#3360,.F.);
#5183=ORIENTED_EDGE('',*,*,#2908,.F.);
#5184=ORIENTED_EDGE('',*,*,#3359,.F.);
#5185=ORIENTED_EDGE('',*,*,#2699,.F.);
#5186=ORIENTED_EDGE('',*,*,#3362,.F.);
#5187=ORIENTED_EDGE('',*,*,#2910,.F.);
#5188=ORIENTED_EDGE('',*,*,#3361,.F.);
#5189=ORIENTED_EDGE('',*,*,#2707,.F.);
#5190=ORIENTED_EDGE('',*,*,#3364,.F.);
#5191=ORIENTED_EDGE('',*,*,#2902,.F.);
#5192=ORIENTED_EDGE('',*,*,#3363,.F.);
#5193=ORIENTED_EDGE('',*,*,#2705,.F.);
#5194=ORIENTED_EDGE('',*,*,#3366,.F.);
#5195=ORIENTED_EDGE('',*,*,#2904,.F.);
#5196=ORIENTED_EDGE('',*,*,#3365,.F.);
#5197=ORIENTED_EDGE('',*,*,#2713,.F.);
#5198=ORIENTED_EDGE('',*,*,#3368,.F.);
#5199=ORIENTED_EDGE('',*,*,#2896,.F.);
#5200=ORIENTED_EDGE('',*,*,#3367,.F.);
#5201=ORIENTED_EDGE('',*,*,#2711,.F.);
#5202=ORIENTED_EDGE('',*,*,#3370,.F.);
#5203=ORIENTED_EDGE('',*,*,#2898,.F.);
#5204=ORIENTED_EDGE('',*,*,#3369,.F.);
#5205=ORIENTED_EDGE('',*,*,#2719,.F.);
#5206=ORIENTED_EDGE('',*,*,#3380,.F.);
#5207=ORIENTED_EDGE('',*,*,#2890,.F.);
#5208=ORIENTED_EDGE('',*,*,#3379,.F.);
#5209=ORIENTED_EDGE('',*,*,#2717,.F.);
#5210=ORIENTED_EDGE('',*,*,#3382,.F.);
#5211=ORIENTED_EDGE('',*,*,#2892,.F.);
#5212=ORIENTED_EDGE('',*,*,#3381,.F.);
#5213=ORIENTED_EDGE('',*,*,#2725,.F.);
#5214=ORIENTED_EDGE('',*,*,#3384,.F.);
#5215=ORIENTED_EDGE('',*,*,#2884,.F.);
#5216=ORIENTED_EDGE('',*,*,#3383,.F.);
#5217=ORIENTED_EDGE('',*,*,#2723,.F.);
#5218=ORIENTED_EDGE('',*,*,#3386,.F.);
#5219=ORIENTED_EDGE('',*,*,#2886,.F.);
#5220=ORIENTED_EDGE('',*,*,#3385,.F.);
#5221=ORIENTED_EDGE('',*,*,#2731,.F.);
#5222=ORIENTED_EDGE('',*,*,#3376,.F.);
#5223=ORIENTED_EDGE('',*,*,#2878,.F.);
#5224=ORIENTED_EDGE('',*,*,#3375,.F.);
#5225=ORIENTED_EDGE('',*,*,#2729,.F.);
#5226=ORIENTED_EDGE('',*,*,#3378,.F.);
#5227=ORIENTED_EDGE('',*,*,#2880,.F.);
#5228=ORIENTED_EDGE('',*,*,#3377,.F.);
#5229=ORIENTED_EDGE('',*,*,#2737,.F.);
#5230=ORIENTED_EDGE('',*,*,#3372,.F.);
#5231=ORIENTED_EDGE('',*,*,#2872,.F.);
#5232=ORIENTED_EDGE('',*,*,#3371,.F.);
#5233=ORIENTED_EDGE('',*,*,#2735,.F.);
#5234=ORIENTED_EDGE('',*,*,#3374,.F.);
#5235=ORIENTED_EDGE('',*,*,#2874,.F.);
#5236=ORIENTED_EDGE('',*,*,#3373,.F.);
#5237=ORIENTED_EDGE('',*,*,#2743,.F.);
#5238=ORIENTED_EDGE('',*,*,#3352,.F.);
#5239=ORIENTED_EDGE('',*,*,#2866,.F.);
#5240=ORIENTED_EDGE('',*,*,#3351,.F.);
#5241=ORIENTED_EDGE('',*,*,#2741,.F.);
#5242=ORIENTED_EDGE('',*,*,#3354,.F.);
#5243=ORIENTED_EDGE('',*,*,#2868,.F.);
#5244=ORIENTED_EDGE('',*,*,#3353,.F.);
#5245=ORIENTED_EDGE('',*,*,#3015,.T.);
#5246=ORIENTED_EDGE('',*,*,#3029,.F.);
#5247=ORIENTED_EDGE('',*,*,#3453,.F.);
#5248=ORIENTED_EDGE('',*,*,#2800,.T.);
#5249=ORIENTED_EDGE('',*,*,#3021,.F.);
#5250=ORIENTED_EDGE('',*,*,#3454,.F.);
#5251=ORIENTED_EDGE('',*,*,#3018,.T.);
#5252=ORIENTED_EDGE('',*,*,#3022,.F.);
#5253=ORIENTED_EDGE('',*,*,#3454,.T.);
#5254=ORIENTED_EDGE('',*,*,#3020,.T.);
#5255=ORIENTED_EDGE('',*,*,#3455,.T.);
#5256=ORIENTED_EDGE('',*,*,#3456,.T.);
#5257=ORIENTED_EDGE('',*,*,#3457,.T.);
#5258=ORIENTED_EDGE('',*,*,#3458,.T.);
#5259=ORIENTED_EDGE('',*,*,#3026,.T.);
#5260=ORIENTED_EDGE('',*,*,#3030,.F.);
#5261=ORIENTED_EDGE('',*,*,#3453,.T.);
#5262=ORIENTED_EDGE('',*,*,#3028,.T.);
#5263=ORIENTED_EDGE('',*,*,#3459,.T.);
#5264=ORIENTED_EDGE('',*,*,#3460,.T.);
#5265=ORIENTED_EDGE('',*,*,#3023,.F.);
#5266=ORIENTED_EDGE('',*,*,#3461,.T.);
#5267=ORIENTED_EDGE('',*,*,#3457,.F.);
#5268=ORIENTED_EDGE('',*,*,#3458,.F.);
#5269=ORIENTED_EDGE('',*,*,#3461,.F.);
#5270=ORIENTED_EDGE('',*,*,#3024,.F.);
#5271=ORIENTED_EDGE('',*,*,#3462,.T.);
#5272=ORIENTED_EDGE('',*,*,#3455,.F.);
#5273=ORIENTED_EDGE('',*,*,#3456,.F.);
#5274=ORIENTED_EDGE('',*,*,#3462,.F.);
#5275=ORIENTED_EDGE('',*,*,#3031,.F.);
#5276=ORIENTED_EDGE('',*,*,#3463,.T.);
#5277=ORIENTED_EDGE('',*,*,#3460,.F.);
#5278=ORIENTED_EDGE('',*,*,#3463,.F.);
#5279=ORIENTED_EDGE('',*,*,#3032,.F.);
#5280=ORIENTED_EDGE('',*,*,#3464,.T.);
#5281=ORIENTED_EDGE('',*,*,#3459,.F.);
#5282=ORIENTED_EDGE('',*,*,#3464,.F.);
#5283=ORIENTED_EDGE('',*,*,#3465,.F.);
#5284=ORIENTED_EDGE('',*,*,#3019,.T.);
#5285=ORIENTED_EDGE('',*,*,#3466,.T.);
#5286=ORIENTED_EDGE('',*,*,#3465,.T.);
#5287=ORIENTED_EDGE('',*,*,#3466,.F.);
#5288=ORIENTED_EDGE('',*,*,#3467,.F.);
#5289=ORIENTED_EDGE('',*,*,#3027,.T.);
#5290=ORIENTED_EDGE('',*,*,#3468,.T.);
#5291=ORIENTED_EDGE('',*,*,#3467,.T.);
#5292=ORIENTED_EDGE('',*,*,#3468,.F.);
#5293=CYLINDRICAL_SURFACE('',#5857,10.1);
#5294=CYLINDRICAL_SURFACE('',#5863,10.0000001490116);
#5295=CYLINDRICAL_SURFACE('',#5866,12.5);
#5296=CYLINDRICAL_SURFACE('',#5873,1.6);
#5297=CYLINDRICAL_SURFACE('',#5874,10.1);
#5298=CYLINDRICAL_SURFACE('',#5880,10.0000001490116);
#5299=CYLINDRICAL_SURFACE('',#5883,12.5);
#5300=CYLINDRICAL_SURFACE('',#5890,1.6);
#5301=CYLINDRICAL_SURFACE('',#6105,12.5);
#5302=CYLINDRICAL_SURFACE('',#6321,12.5);
#5303=CYLINDRICAL_SURFACE('',#6335,0.6);
#5304=CYLINDRICAL_SURFACE('',#6336,0.6);
#5305=CYLINDRICAL_SURFACE('',#6337,0.6);
#5306=CYLINDRICAL_SURFACE('',#6338,0.6);
#5307=CYLINDRICAL_SURFACE('',#6339,0.6);
#5308=CYLINDRICAL_SURFACE('',#6340,0.6);
#5309=CYLINDRICAL_SURFACE('',#6341,0.600000000000003);
#5310=CYLINDRICAL_SURFACE('',#6342,0.600000000000003);
#5311=CYLINDRICAL_SURFACE('',#6343,0.600000000000003);
#5312=CYLINDRICAL_SURFACE('',#6344,0.6);
#5313=CYLINDRICAL_SURFACE('',#6345,0.6);
#5314=CYLINDRICAL_SURFACE('',#6346,0.6);
#5315=CYLINDRICAL_SURFACE('',#6347,0.6);
#5316=CYLINDRICAL_SURFACE('',#6348,0.6);
#5317=CYLINDRICAL_SURFACE('',#6349,0.6);
#5318=CYLINDRICAL_SURFACE('',#6350,0.6);
#5319=CYLINDRICAL_SURFACE('',#6351,8.0486833495517);
#5320=CYLINDRICAL_SURFACE('',#6352,8.0486833495517);
#5321=CYLINDRICAL_SURFACE('',#6353,8.0486833495517);
#5322=CYLINDRICAL_SURFACE('',#6354,8.0486833495517);
#5323=CYLINDRICAL_SURFACE('',#6355,8.0486833495517);
#5324=CYLINDRICAL_SURFACE('',#6356,37.);
#5325=CYLINDRICAL_SURFACE('',#6359,37.);
#5326=CYLINDRICAL_SURFACE('',#6362,37.);
#5327=CYLINDRICAL_SURFACE('',#6365,37.);
#5328=CYLINDRICAL_SURFACE('',#6368,37.);
#5329=CYLINDRICAL_SURFACE('',#6371,37.);
#5330=CYLINDRICAL_SURFACE('',#6374,37.);
#5331=CYLINDRICAL_SURFACE('',#6377,37.);
#5332=CYLINDRICAL_SURFACE('',#6380,37.);
#5333=CYLINDRICAL_SURFACE('',#6383,37.);
#5334=CYLINDRICAL_SURFACE('',#6386,37.);
#5335=CYLINDRICAL_SURFACE('',#6389,37.);
#5336=CYLINDRICAL_SURFACE('',#6392,37.);
#5337=CYLINDRICAL_SURFACE('',#6395,37.);
#5338=CYLINDRICAL_SURFACE('',#6398,37.);
#5339=CYLINDRICAL_SURFACE('',#6401,37.);
#5340=CYLINDRICAL_SURFACE('',#6404,37.);
#5341=CYLINDRICAL_SURFACE('',#6407,37.);
#5342=CYLINDRICAL_SURFACE('',#6410,37.);
#5343=CYLINDRICAL_SURFACE('',#6413,37.);
#5344=CYLINDRICAL_SURFACE('',#6416,37.);
#5345=CYLINDRICAL_SURFACE('',#6419,37.);
#5346=CYLINDRICAL_SURFACE('',#6422,37.);
#5347=CYLINDRICAL_SURFACE('',#6425,37.);
#5348=CYLINDRICAL_SURFACE('',#6428,37.);
#5349=CYLINDRICAL_SURFACE('',#6431,37.);
#5350=CYLINDRICAL_SURFACE('',#6434,37.);
#5351=CYLINDRICAL_SURFACE('',#6437,37.);
#5352=CYLINDRICAL_SURFACE('',#6440,37.);
#5353=CYLINDRICAL_SURFACE('',#6443,37.);
#5354=CYLINDRICAL_SURFACE('',#6446,37.);
#5355=CYLINDRICAL_SURFACE('',#6449,37.);
#5356=CYLINDRICAL_SURFACE('',#6452,37.);
#5357=CYLINDRICAL_SURFACE('',#6455,37.);
#5358=CYLINDRICAL_SURFACE('',#6526,37.);
#5359=CYLINDRICAL_SURFACE('',#6529,8.0486833495517);
#5360=CYLINDRICAL_SURFACE('',#6530,32.5);
#5361=CYLINDRICAL_SURFACE('',#6531,8.0486833495517);
#5362=CYLINDRICAL_SURFACE('',#6532,0.6);
#5363=CYLINDRICAL_SURFACE('',#6533,0.6);
#5364=CYLINDRICAL_SURFACE('',#6536,8.0486833495517);
#5365=CYLINDRICAL_SURFACE('',#6537,32.5);
#5366=CYLINDRICAL_SURFACE('',#6538,8.0486833495517);
#5367=CYLINDRICAL_SURFACE('',#6539,32.5);
#5368=CYLINDRICAL_SURFACE('',#6540,8.0486833495517);
#5369=CYLINDRICAL_SURFACE('',#6541,8.0486833495517);
#5370=CYLINDRICAL_SURFACE('',#6542,32.5);
#5371=CYLINDRICAL_SURFACE('',#6543,8.0486833495517);
#5372=CYLINDRICAL_SURFACE('',#6544,8.0486833495517);
#5373=CYLINDRICAL_SURFACE('',#6545,32.5);
#5374=CYLINDRICAL_SURFACE('',#6546,8.0486833495517);
#5375=CYLINDRICAL_SURFACE('',#6547,8.0486833495517);
#5376=CYLINDRICAL_SURFACE('',#6548,32.5);
#5377=CYLINDRICAL_SURFACE('',#6549,8.0486833495517);
#5378=CYLINDRICAL_SURFACE('',#6550,8.0486833495517);
#5379=CYLINDRICAL_SURFACE('',#6551,32.5);
#5380=CYLINDRICAL_SURFACE('',#6552,8.0486833495517);
#5381=CYLINDRICAL_SURFACE('',#6553,8.0486833495517);
#5382=CYLINDRICAL_SURFACE('',#6554,32.5);
#5383=CYLINDRICAL_SURFACE('',#6555,8.0486833495517);
#5384=CYLINDRICAL_SURFACE('',#6556,8.04868334955171);
#5385=CYLINDRICAL_SURFACE('',#6557,32.5);
#5386=CYLINDRICAL_SURFACE('',#6558,8.0486833495517);
#5387=CYLINDRICAL_SURFACE('',#6559,8.0486833495517);
#5388=CYLINDRICAL_SURFACE('',#6560,32.5);
#5389=CYLINDRICAL_SURFACE('',#6561,8.0486833495517);
#5390=CYLINDRICAL_SURFACE('',#6562,8.0486833495517);
#5391=CYLINDRICAL_SURFACE('',#6563,32.5);
#5392=CYLINDRICAL_SURFACE('',#6564,8.0486833495517);
#5393=CYLINDRICAL_SURFACE('',#6565,8.0486833495517);
#5394=CYLINDRICAL_SURFACE('',#6566,32.5);
#5395=CYLINDRICAL_SURFACE('',#6567,8.0486833495517);
#5396=CYLINDRICAL_SURFACE('',#6568,8.0486833495517);
#5397=CYLINDRICAL_SURFACE('',#6569,32.5);
#5398=CYLINDRICAL_SURFACE('',#6570,8.0486833495517);
#5399=CYLINDRICAL_SURFACE('',#6571,8.0486833495517);
#5400=CYLINDRICAL_SURFACE('',#6572,32.5);
#5401=CYLINDRICAL_SURFACE('',#6573,8.0486833495517);
#5402=CYLINDRICAL_SURFACE('',#6574,8.0486833495517);
#5403=CYLINDRICAL_SURFACE('',#6575,32.5);
#5404=CYLINDRICAL_SURFACE('',#6576,8.04868334955171);
#5405=CYLINDRICAL_SURFACE('',#6577,8.0486833495517);
#5406=CYLINDRICAL_SURFACE('',#6578,32.5);
#5407=CYLINDRICAL_SURFACE('',#6579,8.0486833495517);
#5408=CYLINDRICAL_SURFACE('',#6580,8.0486833495517);
#5409=CYLINDRICAL_SURFACE('',#6581,32.5);
#5410=CYLINDRICAL_SURFACE('',#6582,8.0486833495517);
#5411=CYLINDRICAL_SURFACE('',#6583,8.0486833495517);
#5412=CYLINDRICAL_SURFACE('',#6584,32.5);
#5413=CYLINDRICAL_SURFACE('',#6585,8.0486833495517);
#5414=CYLINDRICAL_SURFACE('',#6586,8.0486833495517);
#5415=CYLINDRICAL_SURFACE('',#6587,32.5);
#5416=CYLINDRICAL_SURFACE('',#6588,8.0486833495517);
#5417=CYLINDRICAL_SURFACE('',#6589,8.0486833495517);
#5418=CYLINDRICAL_SURFACE('',#6590,32.5);
#5419=CYLINDRICAL_SURFACE('',#6591,8.0486833495517);
#5420=CYLINDRICAL_SURFACE('',#6592,8.0486833495517);
#5421=CYLINDRICAL_SURFACE('',#6593,32.5);
#5422=CYLINDRICAL_SURFACE('',#6594,8.04868334955171);
#5423=CYLINDRICAL_SURFACE('',#6595,8.0486833495517);
#5424=CYLINDRICAL_SURFACE('',#6596,32.5);
#5425=CYLINDRICAL_SURFACE('',#6597,8.0486833495517);
#5426=CYLINDRICAL_SURFACE('',#6598,8.0486833495517);
#5427=CYLINDRICAL_SURFACE('',#6599,32.5);
#5428=CYLINDRICAL_SURFACE('',#6600,8.04868334955171);
#5429=CYLINDRICAL_SURFACE('',#6601,32.5);
#5430=CYLINDRICAL_SURFACE('',#6602,8.0486833495517);
#5431=CYLINDRICAL_SURFACE('',#6603,8.04868334955171);
#5432=CYLINDRICAL_SURFACE('',#6604,32.5);
#5433=CYLINDRICAL_SURFACE('',#6605,8.0486833495517);
#5434=CYLINDRICAL_SURFACE('',#6606,32.5);
#5435=CYLINDRICAL_SURFACE('',#6607,8.0486833495517);
#5436=CYLINDRICAL_SURFACE('',#6608,8.0486833495517);
#5437=CYLINDRICAL_SURFACE('',#6609,32.5);
#5438=CYLINDRICAL_SURFACE('',#6610,8.0486833495517);
#5439=CYLINDRICAL_SURFACE('',#6611,8.0486833495517);
#5440=CYLINDRICAL_SURFACE('',#6612,32.5);
#5441=CYLINDRICAL_SURFACE('',#6613,8.0486833495517);
#5442=CYLINDRICAL_SURFACE('',#6614,8.0486833495517);
#5443=CYLINDRICAL_SURFACE('',#6615,32.5);
#5444=CYLINDRICAL_SURFACE('',#6616,8.0486833495517);
#5445=CYLINDRICAL_SURFACE('',#6617,8.0486833495517);
#5446=CYLINDRICAL_SURFACE('',#6618,32.5);
#5447=CYLINDRICAL_SURFACE('',#6619,8.0486833495517);
#5448=CYLINDRICAL_SURFACE('',#6620,32.5);
#5449=CYLINDRICAL_SURFACE('',#6621,8.04868334955171);
#5450=CYLINDRICAL_SURFACE('',#6622,32.5);
#5451=CYLINDRICAL_SURFACE('',#6623,8.0486833495517);
#5452=CYLINDRICAL_SURFACE('',#6624,8.04868334955171);
#5453=CYLINDRICAL_SURFACE('',#6625,32.5);
#5454=CYLINDRICAL_SURFACE('',#6626,8.0486833495517);
#5455=CYLINDRICAL_SURFACE('',#6627,8.04868334955171);
#5456=CYLINDRICAL_SURFACE('',#6628,32.5);
#5457=CYLINDRICAL_SURFACE('',#6629,8.04868334955171);
#5458=CYLINDRICAL_SURFACE('',#6630,8.04868334955171);
#5459=CYLINDRICAL_SURFACE('',#6631,32.5);
#5460=CYLINDRICAL_SURFACE('',#6632,8.04868334955171);
#5461=CYLINDRICAL_SURFACE('',#6633,0.6);
#5462=CYLINDRICAL_SURFACE('',#6634,0.6);
#5463=CYLINDRICAL_SURFACE('',#6635,0.6);
#5464=CYLINDRICAL_SURFACE('',#6636,0.6);
#5465=CYLINDRICAL_SURFACE('',#6637,0.6);
#5466=CYLINDRICAL_SURFACE('',#6638,0.6);
#5467=CYLINDRICAL_SURFACE('',#6639,0.6);
#5468=CYLINDRICAL_SURFACE('',#6640,0.600000000000003);
#5469=CYLINDRICAL_SURFACE('',#6641,0.600000000000003);
#5470=CYLINDRICAL_SURFACE('',#6642,0.600000000000003);
#5471=CYLINDRICAL_SURFACE('',#6643,0.6);
#5472=CYLINDRICAL_SURFACE('',#6644,0.6);
#5473=CYLINDRICAL_SURFACE('',#6645,0.6);
#5474=CYLINDRICAL_SURFACE('',#6646,0.6);
#5475=CYLINDRICAL_SURFACE('',#6647,0.6);
#5476=CYLINDRICAL_SURFACE('',#6648,0.6);
#5477=CYLINDRICAL_SURFACE('',#6649,0.6);
#5478=CYLINDRICAL_SURFACE('',#6650,0.6);
#5479=CYLINDRICAL_SURFACE('',#6651,0.6);
#5480=CYLINDRICAL_SURFACE('',#6652,0.6);
#5481=CYLINDRICAL_SURFACE('',#6653,0.6);
#5482=CYLINDRICAL_SURFACE('',#6654,0.6);
#5483=CYLINDRICAL_SURFACE('',#6655,0.6);
#5484=CYLINDRICAL_SURFACE('',#6656,0.6);
#5485=CYLINDRICAL_SURFACE('',#6657,0.6);
#5486=CYLINDRICAL_SURFACE('',#6658,0.6);
#5487=CYLINDRICAL_SURFACE('',#6659,0.6);
#5488=CYLINDRICAL_SURFACE('',#6660,0.6);
#5489=CYLINDRICAL_SURFACE('',#6661,0.6);
#5490=CYLINDRICAL_SURFACE('',#6662,0.6);
#5491=CYLINDRICAL_SURFACE('',#6663,0.6);
#5492=CYLINDRICAL_SURFACE('',#6664,0.6);
#5493=CYLINDRICAL_SURFACE('',#6665,0.600000000000003);
#5494=CYLINDRICAL_SURFACE('',#6666,0.600000000000003);
#5495=CYLINDRICAL_SURFACE('',#6667,0.600000000000003);
#5496=CYLINDRICAL_SURFACE('',#6668,0.600000000000003);
#5497=CYLINDRICAL_SURFACE('',#6669,0.600000000000003);
#5498=CYLINDRICAL_SURFACE('',#6670,0.600000000000003);
#5499=CYLINDRICAL_SURFACE('',#6671,0.600000000000003);
#5500=CYLINDRICAL_SURFACE('',#6672,0.600000000000003);
#5501=CYLINDRICAL_SURFACE('',#6673,0.6);
#5502=CYLINDRICAL_SURFACE('',#6674,0.6);
#5503=CYLINDRICAL_SURFACE('',#6675,0.6);
#5504=CYLINDRICAL_SURFACE('',#6676,0.6);
#5505=CYLINDRICAL_SURFACE('',#6677,0.6);
#5506=CYLINDRICAL_SURFACE('',#6678,0.6);
#5507=CYLINDRICAL_SURFACE('',#6679,0.6);
#5508=CYLINDRICAL_SURFACE('',#6680,0.6);
#5509=CYLINDRICAL_SURFACE('',#6681,0.6);
#5510=CYLINDRICAL_SURFACE('',#6682,0.6);
#5511=CYLINDRICAL_SURFACE('',#6683,0.6);
#5512=CYLINDRICAL_SURFACE('',#6684,0.6);
#5513=CYLINDRICAL_SURFACE('',#6689,10.);
#5514=CYLINDRICAL_SURFACE('',#6690,10.);
#5515=CYLINDRICAL_SURFACE('',#6691,1.6);
#5516=CYLINDRICAL_SURFACE('',#6692,1.6);
#5517=CYLINDRICAL_SURFACE('',#6693,1.6);
#5518=CYLINDRICAL_SURFACE('',#6694,1.6);
#5519=CYLINDRICAL_SURFACE('',#6697,1.6);
#5520=CYLINDRICAL_SURFACE('',#6700,1.6);
#5521=ADVANCED_FACE('',(#279),#5293,.F.);
#5522=ADVANCED_FACE('',(#280),#259,.F.);
#5523=ADVANCED_FACE('',(#281,#237),#260,.T.);
#5524=ADVANCED_FACE('',(#282),#5294,.T.);
#5525=ADVANCED_FACE('',(#283),#5295,.T.);
#5526=ADVANCED_FACE('',(#284,#238),#261,.F.);
#5527=ADVANCED_FACE('',(#285,#239),#262,.T.);
#5528=ADVANCED_FACE('',(#286,#240),#263,.T.);
#5529=ADVANCED_FACE('',(#287),#5296,.F.);
#5530=ADVANCED_FACE('',(#288),#5297,.F.);
#5531=ADVANCED_FACE('',(#289),#264,.F.);
#5532=ADVANCED_FACE('',(#290,#241),#265,.T.);
#5533=ADVANCED_FACE('',(#291),#5298,.T.);
#5534=ADVANCED_FACE('',(#292),#5299,.T.);
#5535=ADVANCED_FACE('',(#293,#242),#266,.F.);
#5536=ADVANCED_FACE('',(#294,#243),#267,.T.);
#5537=ADVANCED_FACE('',(#295,#244),#268,.T.);
#5538=ADVANCED_FACE('',(#296),#5300,.F.);
#5539=ADVANCED_FACE('',(#297),#159,.T.);
#5540=ADVANCED_FACE('',(#298,#245),#269,.F.);
#5541=ADVANCED_FACE('',(#299),#5301,.T.);
#5542=ADVANCED_FACE('',(#300),#160,.T.);
#5543=ADVANCED_FACE('',(#301,#246),#270,.T.);
#5544=ADVANCED_FACE('',(#302),#5302,.T.);
#5545=ADVANCED_FACE('',(#303,#247),#271,.F.);
#5546=ADVANCED_FACE('',(#304,#248,#249),#272,.T.);
#5547=ADVANCED_FACE('',(#305,#250),#273,.F.);
#5548=ADVANCED_FACE('',(#306,#251,#252),#274,.T.);
#5549=ADVANCED_FACE('',(#307),#5303,.F.);
#5550=ADVANCED_FACE('',(#308),#5304,.F.);
#5551=ADVANCED_FACE('',(#309),#5305,.F.);
#5552=ADVANCED_FACE('',(#310),#5306,.F.);
#5553=ADVANCED_FACE('',(#311),#5307,.F.);
#5554=ADVANCED_FACE('',(#312),#5308,.F.);
#5555=ADVANCED_FACE('',(#313),#5309,.F.);
#5556=ADVANCED_FACE('',(#314),#5310,.F.);
#5557=ADVANCED_FACE('',(#315),#5311,.F.);
#5558=ADVANCED_FACE('',(#316),#5312,.F.);
#5559=ADVANCED_FACE('',(#317),#5313,.F.);
#5560=ADVANCED_FACE('',(#318),#5314,.F.);
#5561=ADVANCED_FACE('',(#319),#5315,.F.);
#5562=ADVANCED_FACE('',(#320),#5316,.F.);
#5563=ADVANCED_FACE('',(#321),#5317,.F.);
#5564=ADVANCED_FACE('',(#322),#5318,.F.);
#5565=ADVANCED_FACE('',(#323),#5319,.T.);
#5566=ADVANCED_FACE('',(#324),#5320,.T.);
#5567=ADVANCED_FACE('',(#325),#5321,.T.);
#5568=ADVANCED_FACE('',(#326),#5322,.T.);
#5569=ADVANCED_FACE('',(#327),#5323,.T.);
#5570=ADVANCED_FACE('',(#328),#5324,.T.);
#5571=ADVANCED_FACE('',(#329),#5325,.T.);
#5572=ADVANCED_FACE('',(#330),#5326,.T.);
#5573=ADVANCED_FACE('',(#331),#5327,.T.);
#5574=ADVANCED_FACE('',(#332),#5328,.T.);
#5575=ADVANCED_FACE('',(#333),#5329,.T.);
#5576=ADVANCED_FACE('',(#334),#5330,.T.);
#5577=ADVANCED_FACE('',(#335),#5331,.T.);
#5578=ADVANCED_FACE('',(#336),#5332,.T.);
#5579=ADVANCED_FACE('',(#337),#5333,.T.);
#5580=ADVANCED_FACE('',(#338),#5334,.T.);
#5581=ADVANCED_FACE('',(#339),#5335,.T.);
#5582=ADVANCED_FACE('',(#340),#5336,.T.);
#5583=ADVANCED_FACE('',(#341),#5337,.T.);
#5584=ADVANCED_FACE('',(#342),#5338,.T.);
#5585=ADVANCED_FACE('',(#343),#5339,.T.);
#5586=ADVANCED_FACE('',(#344),#5340,.T.);
#5587=ADVANCED_FACE('',(#345),#5341,.T.);
#5588=ADVANCED_FACE('',(#346),#5342,.T.);
#5589=ADVANCED_FACE('',(#347),#5343,.T.);
#5590=ADVANCED_FACE('',(#348),#5344,.T.);
#5591=ADVANCED_FACE('',(#349),#5345,.T.);
#5592=ADVANCED_FACE('',(#350),#5346,.T.);
#5593=ADVANCED_FACE('',(#351),#5347,.T.);
#5594=ADVANCED_FACE('',(#352),#5348,.T.);
#5595=ADVANCED_FACE('',(#353),#5349,.T.);
#5596=ADVANCED_FACE('',(#354),#5350,.T.);
#5597=ADVANCED_FACE('',(#355),#5351,.T.);
#5598=ADVANCED_FACE('',(#356),#5352,.T.);
#5599=ADVANCED_FACE('',(#357),#5353,.T.);
#5600=ADVANCED_FACE('',(#358),#5354,.T.);
#5601=ADVANCED_FACE('',(#359),#5355,.T.);
#5602=ADVANCED_FACE('',(#360),#5356,.T.);
#5603=ADVANCED_FACE('',(#361),#5357,.T.);
#5604=ADVANCED_FACE('',(#362),#161,.T.);
#5605=ADVANCED_FACE('',(#363),#162,.T.);
#5606=ADVANCED_FACE('',(#364),#163,.T.);
#5607=ADVANCED_FACE('',(#365),#164,.T.);
#5608=ADVANCED_FACE('',(#366),#165,.T.);
#5609=ADVANCED_FACE('',(#367),#166,.T.);
#5610=ADVANCED_FACE('',(#368),#167,.T.);
#5611=ADVANCED_FACE('',(#369),#168,.T.);
#5612=ADVANCED_FACE('',(#370),#169,.T.);
#5613=ADVANCED_FACE('',(#371),#170,.T.);
#5614=ADVANCED_FACE('',(#372),#171,.T.);
#5615=ADVANCED_FACE('',(#373),#172,.T.);
#5616=ADVANCED_FACE('',(#374),#173,.T.);
#5617=ADVANCED_FACE('',(#375),#174,.T.);
#5618=ADVANCED_FACE('',(#376),#175,.T.);
#5619=ADVANCED_FACE('',(#377),#176,.T.);
#5620=ADVANCED_FACE('',(#378),#177,.T.);
#5621=ADVANCED_FACE('',(#379),#178,.T.);
#5622=ADVANCED_FACE('',(#380),#179,.T.);
#5623=ADVANCED_FACE('',(#381),#180,.T.);
#5624=ADVANCED_FACE('',(#382),#181,.T.);
#5625=ADVANCED_FACE('',(#383),#182,.T.);
#5626=ADVANCED_FACE('',(#384),#183,.T.);
#5627=ADVANCED_FACE('',(#385),#184,.T.);
#5628=ADVANCED_FACE('',(#386),#185,.T.);
#5629=ADVANCED_FACE('',(#387),#186,.T.);
#5630=ADVANCED_FACE('',(#388),#187,.T.);
#5631=ADVANCED_FACE('',(#389),#188,.T.);
#5632=ADVANCED_FACE('',(#390),#189,.T.);
#5633=ADVANCED_FACE('',(#391),#190,.T.);
#5634=ADVANCED_FACE('',(#392),#191,.T.);
#5635=ADVANCED_FACE('',(#393),#192,.T.);
#5636=ADVANCED_FACE('',(#394),#193,.T.);
#5637=ADVANCED_FACE('',(#395),#194,.T.);
#5638=ADVANCED_FACE('',(#396),#195,.T.);
#5639=ADVANCED_FACE('',(#397),#196,.T.);
#5640=ADVANCED_FACE('',(#398),#197,.T.);
#5641=ADVANCED_FACE('',(#399),#198,.T.);
#5642=ADVANCED_FACE('',(#400),#199,.T.);
#5643=ADVANCED_FACE('',(#401),#200,.T.);
#5644=ADVANCED_FACE('',(#402),#201,.T.);
#5645=ADVANCED_FACE('',(#403),#202,.T.);
#5646=ADVANCED_FACE('',(#404),#203,.T.);
#5647=ADVANCED_FACE('',(#405),#204,.T.);
#5648=ADVANCED_FACE('',(#406),#205,.T.);
#5649=ADVANCED_FACE('',(#407),#206,.T.);
#5650=ADVANCED_FACE('',(#408),#207,.T.);
#5651=ADVANCED_FACE('',(#409),#208,.T.);
#5652=ADVANCED_FACE('',(#410),#209,.T.);
#5653=ADVANCED_FACE('',(#411),#210,.T.);
#5654=ADVANCED_FACE('',(#412),#211,.T.);
#5655=ADVANCED_FACE('',(#413),#212,.T.);
#5656=ADVANCED_FACE('',(#414),#213,.T.);
#5657=ADVANCED_FACE('',(#415),#214,.T.);
#5658=ADVANCED_FACE('',(#416),#215,.T.);
#5659=ADVANCED_FACE('',(#417),#216,.T.);
#5660=ADVANCED_FACE('',(#418),#217,.T.);
#5661=ADVANCED_FACE('',(#419),#218,.T.);
#5662=ADVANCED_FACE('',(#420),#219,.T.);
#5663=ADVANCED_FACE('',(#421),#220,.T.);
#5664=ADVANCED_FACE('',(#422),#221,.T.);
#5665=ADVANCED_FACE('',(#423),#222,.T.);
#5666=ADVANCED_FACE('',(#424),#223,.T.);
#5667=ADVANCED_FACE('',(#425),#224,.T.);
#5668=ADVANCED_FACE('',(#426),#225,.T.);
#5669=ADVANCED_FACE('',(#427),#226,.T.);
#5670=ADVANCED_FACE('',(#428),#227,.T.);
#5671=ADVANCED_FACE('',(#429),#228,.T.);
#5672=ADVANCED_FACE('',(#430),#5358,.T.);
#5673=ADVANCED_FACE('',(#431),#5359,.T.);
#5674=ADVANCED_FACE('',(#432),#5360,.T.);
#5675=ADVANCED_FACE('',(#433),#5361,.T.);
#5676=ADVANCED_FACE('',(#434),#5362,.F.);
#5677=ADVANCED_FACE('',(#435),#5363,.F.);
#5678=ADVANCED_FACE('',(#436),#229,.T.);
#5679=ADVANCED_FACE('',(#437),#230,.T.);
#5680=ADVANCED_FACE('',(#438),#5364,.T.);
#5681=ADVANCED_FACE('',(#439),#5365,.T.);
#5682=ADVANCED_FACE('',(#440),#5366,.T.);
#5683=ADVANCED_FACE('',(#441),#5367,.T.);
#5684=ADVANCED_FACE('',(#442),#5368,.T.);
#5685=ADVANCED_FACE('',(#443),#5369,.T.);
#5686=ADVANCED_FACE('',(#444),#5370,.T.);
#5687=ADVANCED_FACE('',(#445),#5371,.T.);
#5688=ADVANCED_FACE('',(#446),#5372,.T.);
#5689=ADVANCED_FACE('',(#447),#5373,.T.);
#5690=ADVANCED_FACE('',(#448),#5374,.T.);
#5691=ADVANCED_FACE('',(#449),#5375,.T.);
#5692=ADVANCED_FACE('',(#450),#5376,.T.);
#5693=ADVANCED_FACE('',(#451),#5377,.T.);
#5694=ADVANCED_FACE('',(#452),#5378,.T.);
#5695=ADVANCED_FACE('',(#453),#5379,.T.);
#5696=ADVANCED_FACE('',(#454),#5380,.T.);
#5697=ADVANCED_FACE('',(#455),#5381,.T.);
#5698=ADVANCED_FACE('',(#456),#5382,.T.);
#5699=ADVANCED_FACE('',(#457),#5383,.T.);
#5700=ADVANCED_FACE('',(#458),#5384,.T.);
#5701=ADVANCED_FACE('',(#459),#5385,.T.);
#5702=ADVANCED_FACE('',(#460),#5386,.T.);
#5703=ADVANCED_FACE('',(#461),#5387,.T.);
#5704=ADVANCED_FACE('',(#462),#5388,.T.);
#5705=ADVANCED_FACE('',(#463),#5389,.T.);
#5706=ADVANCED_FACE('',(#464),#5390,.T.);
#5707=ADVANCED_FACE('',(#465),#5391,.T.);
#5708=ADVANCED_FACE('',(#466),#5392,.T.);
#5709=ADVANCED_FACE('',(#467),#5393,.T.);
#5710=ADVANCED_FACE('',(#468),#5394,.T.);
#5711=ADVANCED_FACE('',(#469),#5395,.T.);
#5712=ADVANCED_FACE('',(#470),#5396,.T.);
#5713=ADVANCED_FACE('',(#471),#5397,.T.);
#5714=ADVANCED_FACE('',(#472),#5398,.T.);
#5715=ADVANCED_FACE('',(#473),#5399,.T.);
#5716=ADVANCED_FACE('',(#474),#5400,.T.);
#5717=ADVANCED_FACE('',(#475),#5401,.T.);
#5718=ADVANCED_FACE('',(#476),#5402,.T.);
#5719=ADVANCED_FACE('',(#477),#5403,.T.);
#5720=ADVANCED_FACE('',(#478),#5404,.T.);
#5721=ADVANCED_FACE('',(#479),#5405,.T.);
#5722=ADVANCED_FACE('',(#480),#5406,.T.);
#5723=ADVANCED_FACE('',(#481),#5407,.T.);
#5724=ADVANCED_FACE('',(#482),#5408,.T.);
#5725=ADVANCED_FACE('',(#483),#5409,.T.);
#5726=ADVANCED_FACE('',(#484),#5410,.T.);
#5727=ADVANCED_FACE('',(#485),#5411,.T.);
#5728=ADVANCED_FACE('',(#486),#5412,.T.);
#5729=ADVANCED_FACE('',(#487),#5413,.T.);
#5730=ADVANCED_FACE('',(#488),#5414,.T.);
#5731=ADVANCED_FACE('',(#489),#5415,.T.);
#5732=ADVANCED_FACE('',(#490),#5416,.T.);
#5733=ADVANCED_FACE('',(#491),#5417,.T.);
#5734=ADVANCED_FACE('',(#492),#5418,.T.);
#5735=ADVANCED_FACE('',(#493),#5419,.T.);
#5736=ADVANCED_FACE('',(#494),#5420,.T.);
#5737=ADVANCED_FACE('',(#495),#5421,.T.);
#5738=ADVANCED_FACE('',(#496),#5422,.T.);
#5739=ADVANCED_FACE('',(#497),#5423,.T.);
#5740=ADVANCED_FACE('',(#498),#5424,.T.);
#5741=ADVANCED_FACE('',(#499),#5425,.T.);
#5742=ADVANCED_FACE('',(#500),#5426,.T.);
#5743=ADVANCED_FACE('',(#501),#5427,.T.);
#5744=ADVANCED_FACE('',(#502),#5428,.T.);
#5745=ADVANCED_FACE('',(#503),#5429,.T.);
#5746=ADVANCED_FACE('',(#504),#5430,.T.);
#5747=ADVANCED_FACE('',(#505),#5431,.T.);
#5748=ADVANCED_FACE('',(#506),#5432,.T.);
#5749=ADVANCED_FACE('',(#507),#5433,.T.);
#5750=ADVANCED_FACE('',(#508),#5434,.T.);
#5751=ADVANCED_FACE('',(#509),#5435,.T.);
#5752=ADVANCED_FACE('',(#510),#5436,.T.);
#5753=ADVANCED_FACE('',(#511),#5437,.T.);
#5754=ADVANCED_FACE('',(#512),#5438,.T.);
#5755=ADVANCED_FACE('',(#513),#5439,.T.);
#5756=ADVANCED_FACE('',(#514),#5440,.T.);
#5757=ADVANCED_FACE('',(#515),#5441,.T.);
#5758=ADVANCED_FACE('',(#516),#5442,.T.);
#5759=ADVANCED_FACE('',(#517),#5443,.T.);
#5760=ADVANCED_FACE('',(#518),#5444,.T.);
#5761=ADVANCED_FACE('',(#519),#5445,.T.);
#5762=ADVANCED_FACE('',(#520),#5446,.T.);
#5763=ADVANCED_FACE('',(#521),#5447,.T.);
#5764=ADVANCED_FACE('',(#522),#5448,.T.);
#5765=ADVANCED_FACE('',(#523),#5449,.T.);
#5766=ADVANCED_FACE('',(#524),#5450,.T.);
#5767=ADVANCED_FACE('',(#525),#5451,.T.);
#5768=ADVANCED_FACE('',(#526),#5452,.T.);
#5769=ADVANCED_FACE('',(#527),#5453,.T.);
#5770=ADVANCED_FACE('',(#528),#5454,.T.);
#5771=ADVANCED_FACE('',(#529),#5455,.T.);
#5772=ADVANCED_FACE('',(#530),#5456,.T.);
#5773=ADVANCED_FACE('',(#531),#5457,.T.);
#5774=ADVANCED_FACE('',(#532),#5458,.T.);
#5775=ADVANCED_FACE('',(#533),#5459,.T.);
#5776=ADVANCED_FACE('',(#534),#5460,.T.);
#5777=ADVANCED_FACE('',(#535),#5461,.F.);
#5778=ADVANCED_FACE('',(#536),#5462,.F.);
#5779=ADVANCED_FACE('',(#537),#5463,.F.);
#5780=ADVANCED_FACE('',(#538),#5464,.F.);
#5781=ADVANCED_FACE('',(#539),#5465,.F.);
#5782=ADVANCED_FACE('',(#540),#5466,.F.);
#5783=ADVANCED_FACE('',(#541),#5467,.F.);
#5784=ADVANCED_FACE('',(#542),#5468,.F.);
#5785=ADVANCED_FACE('',(#543),#5469,.F.);
#5786=ADVANCED_FACE('',(#544),#5470,.F.);
#5787=ADVANCED_FACE('',(#545),#5471,.F.);
#5788=ADVANCED_FACE('',(#546),#5472,.F.);
#5789=ADVANCED_FACE('',(#547),#5473,.F.);
#5790=ADVANCED_FACE('',(#548),#5474,.F.);
#5791=ADVANCED_FACE('',(#549),#5475,.F.);
#5792=ADVANCED_FACE('',(#550),#5476,.F.);
#5793=ADVANCED_FACE('',(#551),#5477,.F.);
#5794=ADVANCED_FACE('',(#552),#5478,.F.);
#5795=ADVANCED_FACE('',(#553),#5479,.F.);
#5796=ADVANCED_FACE('',(#554),#5480,.F.);
#5797=ADVANCED_FACE('',(#555),#5481,.F.);
#5798=ADVANCED_FACE('',(#556),#5482,.F.);
#5799=ADVANCED_FACE('',(#557),#5483,.F.);
#5800=ADVANCED_FACE('',(#558),#5484,.F.);
#5801=ADVANCED_FACE('',(#559),#5485,.F.);
#5802=ADVANCED_FACE('',(#560),#5486,.F.);
#5803=ADVANCED_FACE('',(#561),#5487,.F.);
#5804=ADVANCED_FACE('',(#562),#5488,.F.);
#5805=ADVANCED_FACE('',(#563),#5489,.F.);
#5806=ADVANCED_FACE('',(#564),#5490,.F.);
#5807=ADVANCED_FACE('',(#565),#5491,.F.);
#5808=ADVANCED_FACE('',(#566),#5492,.F.);
#5809=ADVANCED_FACE('',(#567),#5493,.F.);
#5810=ADVANCED_FACE('',(#568),#5494,.F.);
#5811=ADVANCED_FACE('',(#569),#5495,.F.);
#5812=ADVANCED_FACE('',(#570),#5496,.F.);
#5813=ADVANCED_FACE('',(#571),#5497,.F.);
#5814=ADVANCED_FACE('',(#572),#5498,.F.);
#5815=ADVANCED_FACE('',(#573),#5499,.F.);
#5816=ADVANCED_FACE('',(#574),#5500,.F.);
#5817=ADVANCED_FACE('',(#575),#5501,.F.);
#5818=ADVANCED_FACE('',(#576),#5502,.F.);
#5819=ADVANCED_FACE('',(#577),#5503,.F.);
#5820=ADVANCED_FACE('',(#578),#5504,.F.);
#5821=ADVANCED_FACE('',(#579),#5505,.F.);
#5822=ADVANCED_FACE('',(#580),#5506,.F.);
#5823=ADVANCED_FACE('',(#581),#5507,.F.);
#5824=ADVANCED_FACE('',(#582),#5508,.F.);
#5825=ADVANCED_FACE('',(#583),#5509,.F.);
#5826=ADVANCED_FACE('',(#584),#5510,.F.);
#5827=ADVANCED_FACE('',(#585),#5511,.F.);
#5828=ADVANCED_FACE('',(#586),#5512,.F.);
#5829=ADVANCED_FACE('',(#587,#253),#275,.T.);
#5830=ADVANCED_FACE('',(#588,#254),#276,.T.);
#5831=ADVANCED_FACE('',(#589,#255,#256),#5513,.T.);
#5832=ADVANCED_FACE('',(#590,#257,#258),#5514,.T.);
#5833=ADVANCED_FACE('',(#591),#5515,.F.);
#5834=ADVANCED_FACE('',(#592),#5516,.F.);
#5835=ADVANCED_FACE('',(#593),#5517,.F.);
#5836=ADVANCED_FACE('',(#594),#5518,.F.);
#5837=ADVANCED_FACE('',(#595),#277,.T.);
#5838=ADVANCED_FACE('',(#596),#5519,.F.);
#5839=ADVANCED_FACE('',(#597),#278,.T.);
#5840=ADVANCED_FACE('',(#598),#5520,.F.);
#5841=CLOSED_SHELL('',(#5521,#5522,#5523,#5524,#5525,#5526,#5527,#5528,
#5529));
#5842=CLOSED_SHELL('',(#5530,#5531,#5532,#5533,#5534,#5535,#5536,#5537,
#5538));
#5843=CLOSED_SHELL('',(#5539,#5540,#5541,#5542,#5543,#5544,#5545,#5546,
#5547,#5548,#5549,#5550,#5551,#5552,#5553,#5554,#5555,#5556,#5557,#5558,
#5559,#5560,#5561,#5562,#5563,#5564,#5565,#5566,#5567,#5568,#5569,#5570,
#5571,#5572,#5573,#5574,#5575,#5576,#5577,#5578,#5579,#5580,#5581,#5582,
#5583,#5584,#5585,#5586,#5587,#5588,#5589,#5590,#5591,#5592,#5593,#5594,
#5595,#5596,#5597,#5598,#5599,#5600,#5601,#5602,#5603,#5604,#5605,#5606,
#5607,#5608,#5609,#5610,#5611,#5612,#5613,#5614,#5615,#5616,#5617,#5618,
#5619,#5620,#5621,#5622,#5623,#5624,#5625,#5626,#5627,#5628,#5629,#5630,
#5631,#5632,#5633,#5634,#5635,#5636,#5637,#5638,#5639,#5640,#5641,#5642,
#5643,#5644,#5645,#5646,#5647,#5648,#5649,#5650,#5651,#5652,#5653,#5654,
#5655,#5656,#5657,#5658,#5659,#5660,#5661,#5662,#5663,#5664,#5665,#5666,
#5667,#5668,#5669,#5670,#5671,#5672,#5673,#5674,#5675,#5676,#5677,#5678,
#5679,#5680,#5681,#5682,#5683,#5684,#5685,#5686,#5687,#5688,#5689,#5690,
#5691,#5692,#5693,#5694,#5695,#5696,#5697,#5698,#5699,#5700,#5701,#5702,
#5703,#5704,#5705,#5706,#5707,#5708,#5709,#5710,#5711,#5712,#5713,#5714,
#5715,#5716,#5717,#5718,#5719,#5720,#5721,#5722,#5723,#5724,#5725,#5726,
#5727,#5728,#5729,#5730,#5731,#5732,#5733,#5734,#5735,#5736,#5737,#5738,
#5739,#5740,#5741,#5742,#5743,#5744,#5745,#5746,#5747,#5748,#5749,#5750,
#5751,#5752,#5753,#5754,#5755,#5756,#5757,#5758,#5759,#5760,#5761,#5762,
#5763,#5764,#5765,#5766,#5767,#5768,#5769,#5770,#5771,#5772,#5773,#5774,
#5775,#5776,#5777,#5778,#5779,#5780,#5781,#5782,#5783,#5784,#5785,#5786,
#5787,#5788,#5789,#5790,#5791,#5792,#5793,#5794,#5795,#5796,#5797,#5798,
#5799,#5800,#5801,#5802,#5803,#5804,#5805,#5806,#5807,#5808,#5809,#5810,
#5811,#5812,#5813,#5814,#5815,#5816,#5817,#5818,#5819,#5820,#5821,#5822,
#5823,#5824,#5825,#5826,#5827,#5828,#5829,#5830,#5831,#5832,#5833,#5834,
#5835,#5836,#5837,#5838,#5839,#5840));
#5844=DERIVED_UNIT_ELEMENT(#5846,1.);
#5845=DERIVED_UNIT_ELEMENT(#11313,-3.);
#5846=(
MASS_UNIT()
NAMED_UNIT(*)
SI_UNIT(.KILO.,.GRAM.)
);
#5847=DERIVED_UNIT((#5844,#5845));
#5848=MEASURE_REPRESENTATION_ITEM('density measure',
POSITIVE_RATIO_MEASURE(7850.),#5847);
#5849=PROPERTY_DEFINITION_REPRESENTATION(#5854,#5851);
#5850=PROPERTY_DEFINITION_REPRESENTATION(#5855,#5852);
#5851=REPRESENTATION('material name',(#5853),#11310);
#5852=REPRESENTATION('density',(#5848),#11310);
#5853=DESCRIPTIVE_REPRESENTATION_ITEM('Steel','Steel');
#5854=PROPERTY_DEFINITION('material property','material name',#11320);
#5855=PROPERTY_DEFINITION('material property','density of part',#11320);
#5856=AXIS2_PLACEMENT_3D('',#8633,#6701,#6702);
#5857=AXIS2_PLACEMENT_3D('',#8634,#6703,#6704);
#5858=AXIS2_PLACEMENT_3D('',#8637,#6705,#6706);
#5859=AXIS2_PLACEMENT_3D('',#8641,#6708,#6709);
#5860=AXIS2_PLACEMENT_3D('',#8643,#6711,#6712);
#5861=AXIS2_PLACEMENT_3D('',#8646,#6715,#6716);
#5862=AXIS2_PLACEMENT_3D('',#8648,#6717,#6718);
#5863=AXIS2_PLACEMENT_3D('',#8649,#6719,#6720);
#5864=AXIS2_PLACEMENT_3D('',#8651,#6721,#6722);
#5865=AXIS2_PLACEMENT_3D('',#8654,#6724,#6725);
#5866=AXIS2_PLACEMENT_3D('',#8655,#6726,#6727);
#5867=AXIS2_PLACEMENT_3D('',#8657,#6728,#6729);
#5868=AXIS2_PLACEMENT_3D('',#8660,#6731,#6732);
#5869=AXIS2_PLACEMENT_3D('',#8661,#6733,#6734);
#5870=AXIS2_PLACEMENT_3D('',#8662,#6735,#6736);
#5871=AXIS2_PLACEMENT_3D('',#8663,#6737,#6738);
#5872=AXIS2_PLACEMENT_3D('',#8665,#6739,#6740);
#5873=AXIS2_PLACEMENT_3D('',#8666,#6741,#6742);
#5874=AXIS2_PLACEMENT_3D('',#8668,#6744,#6745);
#5875=AXIS2_PLACEMENT_3D('',#8671,#6746,#6747);
#5876=AXIS2_PLACEMENT_3D('',#8675,#6749,#6750);
#5877=AXIS2_PLACEMENT_3D('',#8677,#6752,#6753);
#5878=AXIS2_PLACEMENT_3D('',#8680,#6756,#6757);
#5879=AXIS2_PLACEMENT_3D('',#8682,#6758,#6759);
#5880=AXIS2_PLACEMENT_3D('',#8683,#6760,#6761);
#5881=AXIS2_PLACEMENT_3D('',#8685,#6762,#6763);
#5882=AXIS2_PLACEMENT_3D('',#8688,#6765,#6766);
#5883=AXIS2_PLACEMENT_3D('',#8689,#6767,#6768);
#5884=AXIS2_PLACEMENT_3D('',#8691,#6769,#6770);
#5885=AXIS2_PLACEMENT_3D('',#8694,#6772,#6773);
#5886=AXIS2_PLACEMENT_3D('',#8695,#6774,#6775);
#5887=AXIS2_PLACEMENT_3D('',#8696,#6776,#6777);
#5888=AXIS2_PLACEMENT_3D('',#8697,#6778,#6779);
#5889=AXIS2_PLACEMENT_3D('',#8699,#6780,#6781);
#5890=AXIS2_PLACEMENT_3D('',#8700,#6782,#6783);
#5891=AXIS2_PLACEMENT_3D('',#8702,#6785,#6786);
#5892=AXIS2_PLACEMENT_3D('',#8704,#6787,#6788);
#5893=AXIS2_PLACEMENT_3D('',#8707,#6790,#6791);
#5894=AXIS2_PLACEMENT_3D('',#8708,#6792,#6793);
#5895=AXIS2_PLACEMENT_3D('',#8711,#6794,#6795);
#5896=AXIS2_PLACEMENT_3D('',#8713,#6796,#6797);
#5897=AXIS2_PLACEMENT_3D('',#8715,#6798,#6799);
#5898=AXIS2_PLACEMENT_3D('',#8717,#6800,#6801);
#5899=AXIS2_PLACEMENT_3D('',#8719,#6802,#6803);
#5900=AXIS2_PLACEMENT_3D('',#8721,#6804,#6805);
#5901=AXIS2_PLACEMENT_3D('',#8723,#6806,#6807);
#5902=AXIS2_PLACEMENT_3D('',#8725,#6808,#6809);
#5903=AXIS2_PLACEMENT_3D('',#8727,#6810,#6811);
#5904=AXIS2_PLACEMENT_3D('',#8729,#6812,#6813);
#5905=AXIS2_PLACEMENT_3D('',#8731,#6814,#6815);
#5906=AXIS2_PLACEMENT_3D('',#8733,#6816,#6817);
#5907=AXIS2_PLACEMENT_3D('',#8735,#6818,#6819);
#5908=AXIS2_PLACEMENT_3D('',#8737,#6820,#6821);
#5909=AXIS2_PLACEMENT_3D('',#8739,#6822,#6823);
#5910=AXIS2_PLACEMENT_3D('',#8741,#6824,#6825);
#5911=AXIS2_PLACEMENT_3D('',#8743,#6826,#6827);
#5912=AXIS2_PLACEMENT_3D('',#8745,#6828,#6829);
#5913=AXIS2_PLACEMENT_3D('',#8747,#6830,#6831);
#5914=AXIS2_PLACEMENT_3D('',#8749,#6832,#6833);
#5915=AXIS2_PLACEMENT_3D('',#8751,#6834,#6835);
#5916=AXIS2_PLACEMENT_3D('',#8753,#6836,#6837);
#5917=AXIS2_PLACEMENT_3D('',#8755,#6838,#6839);
#5918=AXIS2_PLACEMENT_3D('',#8757,#6840,#6841);
#5919=AXIS2_PLACEMENT_3D('',#8759,#6842,#6843);
#5920=AXIS2_PLACEMENT_3D('',#8761,#6844,#6845);
#5921=AXIS2_PLACEMENT_3D('',#8763,#6846,#6847);
#5922=AXIS2_PLACEMENT_3D('',#8765,#6848,#6849);
#5923=AXIS2_PLACEMENT_3D('',#8767,#6850,#6851);
#5924=AXIS2_PLACEMENT_3D('',#8769,#6852,#6853);
#5925=AXIS2_PLACEMENT_3D('',#8771,#6854,#6855);
#5926=AXIS2_PLACEMENT_3D('',#8773,#6856,#6857);
#5927=AXIS2_PLACEMENT_3D('',#8775,#6858,#6859);
#5928=AXIS2_PLACEMENT_3D('',#8777,#6860,#6861);
#5929=AXIS2_PLACEMENT_3D('',#8779,#6862,#6863);
#5930=AXIS2_PLACEMENT_3D('',#8781,#6864,#6865);
#5931=AXIS2_PLACEMENT_3D('',#8783,#6866,#6867);
#5932=AXIS2_PLACEMENT_3D('',#8785,#6868,#6869);
#5933=AXIS2_PLACEMENT_3D('',#8787,#6870,#6871);
#5934=AXIS2_PLACEMENT_3D('',#8789,#6872,#6873);
#5935=AXIS2_PLACEMENT_3D('',#8791,#6874,#6875);
#5936=AXIS2_PLACEMENT_3D('',#8793,#6876,#6877);
#5937=AXIS2_PLACEMENT_3D('',#8795,#6878,#6879);
#5938=AXIS2_PLACEMENT_3D('',#8797,#6880,#6881);
#5939=AXIS2_PLACEMENT_3D('',#8799,#6882,#6883);
#5940=AXIS2_PLACEMENT_3D('',#8801,#6884,#6885);
#5941=AXIS2_PLACEMENT_3D('',#8803,#6886,#6887);
#5942=AXIS2_PLACEMENT_3D('',#8805,#6888,#6889);
#5943=AXIS2_PLACEMENT_3D('',#8807,#6890,#6891);
#5944=AXIS2_PLACEMENT_3D('',#8809,#6892,#6893);
#5945=AXIS2_PLACEMENT_3D('',#8811,#6894,#6895);
#5946=AXIS2_PLACEMENT_3D('',#8813,#6896,#6897);
#5947=AXIS2_PLACEMENT_3D('',#8815,#6898,#6899);
#5948=AXIS2_PLACEMENT_3D('',#8817,#6900,#6901);
#5949=AXIS2_PLACEMENT_3D('',#8819,#6902,#6903);
#5950=AXIS2_PLACEMENT_3D('',#8821,#6904,#6905);
#5951=AXIS2_PLACEMENT_3D('',#8823,#6906,#6907);
#5952=AXIS2_PLACEMENT_3D('',#8825,#6908,#6909);
#5953=AXIS2_PLACEMENT_3D('',#8827,#6910,#6911);
#5954=AXIS2_PLACEMENT_3D('',#8829,#6912,#6913);
#5955=AXIS2_PLACEMENT_3D('',#8831,#6914,#6915);
#5956=AXIS2_PLACEMENT_3D('',#8833,#6916,#6917);
#5957=AXIS2_PLACEMENT_3D('',#8835,#6918,#6919);
#5958=AXIS2_PLACEMENT_3D('',#8837,#6920,#6921);
#5959=AXIS2_PLACEMENT_3D('',#8839,#6922,#6923);
#5960=AXIS2_PLACEMENT_3D('',#8841,#6924,#6925);
#5961=AXIS2_PLACEMENT_3D('',#8843,#6926,#6927);
#5962=AXIS2_PLACEMENT_3D('',#8845,#6928,#6929);
#5963=AXIS2_PLACEMENT_3D('',#8847,#6930,#6931);
#5964=AXIS2_PLACEMENT_3D('',#8849,#6932,#6933);
#5965=AXIS2_PLACEMENT_3D('',#8851,#6934,#6935);
#5966=AXIS2_PLACEMENT_3D('',#8853,#6936,#6937);
#5967=AXIS2_PLACEMENT_3D('',#8855,#6938,#6939);
#5968=AXIS2_PLACEMENT_3D('',#8857,#6940,#6941);
#5969=AXIS2_PLACEMENT_3D('',#8859,#6942,#6943);
#5970=AXIS2_PLACEMENT_3D('',#8861,#6944,#6945);
#5971=AXIS2_PLACEMENT_3D('',#8863,#6946,#6947);
#5972=AXIS2_PLACEMENT_3D('',#8865,#6948,#6949);
#5973=AXIS2_PLACEMENT_3D('',#8867,#6950,#6951);
#5974=AXIS2_PLACEMENT_3D('',#8869,#6952,#6953);
#5975=AXIS2_PLACEMENT_3D('',#8871,#6954,#6955);
#5976=AXIS2_PLACEMENT_3D('',#8873,#6956,#6957);
#5977=AXIS2_PLACEMENT_3D('',#8875,#6958,#6959);
#5978=AXIS2_PLACEMENT_3D('',#8877,#6960,#6961);
#5979=AXIS2_PLACEMENT_3D('',#8879,#6962,#6963);
#5980=AXIS2_PLACEMENT_3D('',#8881,#6964,#6965);
#5981=AXIS2_PLACEMENT_3D('',#8883,#6966,#6967);
#5982=AXIS2_PLACEMENT_3D('',#8885,#6968,#6969);
#5983=AXIS2_PLACEMENT_3D('',#8887,#6970,#6971);
#5984=AXIS2_PLACEMENT_3D('',#8889,#6972,#6973);
#5985=AXIS2_PLACEMENT_3D('',#8891,#6974,#6975);
#5986=AXIS2_PLACEMENT_3D('',#8893,#6976,#6977);
#5987=AXIS2_PLACEMENT_3D('',#8895,#6978,#6979);
#5988=AXIS2_PLACEMENT_3D('',#8897,#6980,#6981);
#5989=AXIS2_PLACEMENT_3D('',#8899,#6982,#6983);
#5990=AXIS2_PLACEMENT_3D('',#8901,#6984,#6985);
#5991=AXIS2_PLACEMENT_3D('',#8903,#6986,#6987);
#5992=AXIS2_PLACEMENT_3D('',#8905,#6988,#6989);
#5993=AXIS2_PLACEMENT_3D('',#8907,#6990,#6991);
#5994=AXIS2_PLACEMENT_3D('',#8909,#6992,#6993);
#5995=AXIS2_PLACEMENT_3D('',#8911,#6994,#6995);
#5996=AXIS2_PLACEMENT_3D('',#8913,#6996,#6997);
#5997=AXIS2_PLACEMENT_3D('',#8915,#6998,#6999);
#5998=AXIS2_PLACEMENT_3D('',#8917,#7000,#7001);
#5999=AXIS2_PLACEMENT_3D('',#8919,#7002,#7003);
#6000=AXIS2_PLACEMENT_3D('',#8921,#7004,#7005);
#6001=AXIS2_PLACEMENT_3D('',#8923,#7006,#7007);
#6002=AXIS2_PLACEMENT_3D('',#8925,#7008,#7009);
#6003=AXIS2_PLACEMENT_3D('',#8927,#7010,#7011);
#6004=AXIS2_PLACEMENT_3D('',#8929,#7012,#7013);
#6005=AXIS2_PLACEMENT_3D('',#8931,#7014,#7015);
#6006=AXIS2_PLACEMENT_3D('',#8933,#7016,#7017);
#6007=AXIS2_PLACEMENT_3D('',#8935,#7018,#7019);
#6008=AXIS2_PLACEMENT_3D('',#8937,#7020,#7021);
#6009=AXIS2_PLACEMENT_3D('',#8939,#7022,#7023);
#6010=AXIS2_PLACEMENT_3D('',#8941,#7024,#7025);
#6011=AXIS2_PLACEMENT_3D('',#8943,#7026,#7027);
#6012=AXIS2_PLACEMENT_3D('',#8945,#7028,#7029);
#6013=AXIS2_PLACEMENT_3D('',#8947,#7030,#7031);
#6014=AXIS2_PLACEMENT_3D('',#8949,#7032,#7033);
#6015=AXIS2_PLACEMENT_3D('',#8951,#7034,#7035);
#6016=AXIS2_PLACEMENT_3D('',#8953,#7036,#7037);
#6017=AXIS2_PLACEMENT_3D('',#8955,#7038,#7039);
#6018=AXIS2_PLACEMENT_3D('',#8957,#7040,#7041);
#6019=AXIS2_PLACEMENT_3D('',#8959,#7042,#7043);
#6020=AXIS2_PLACEMENT_3D('',#8961,#7044,#7045);
#6021=AXIS2_PLACEMENT_3D('',#8963,#7046,#7047);
#6022=AXIS2_PLACEMENT_3D('',#8965,#7048,#7049);
#6023=AXIS2_PLACEMENT_3D('',#8967,#7050,#7051);
#6024=AXIS2_PLACEMENT_3D('',#8969,#7052,#7053);
#6025=AXIS2_PLACEMENT_3D('',#8971,#7054,#7055);
#6026=AXIS2_PLACEMENT_3D('',#8973,#7056,#7057);
#6027=AXIS2_PLACEMENT_3D('',#8975,#7058,#7059);
#6028=AXIS2_PLACEMENT_3D('',#8977,#7060,#7061);
#6029=AXIS2_PLACEMENT_3D('',#8979,#7062,#7063);
#6030=AXIS2_PLACEMENT_3D('',#8981,#7064,#7065);
#6031=AXIS2_PLACEMENT_3D('',#8983,#7066,#7067);
#6032=AXIS2_PLACEMENT_3D('',#8985,#7068,#7069);
#6033=AXIS2_PLACEMENT_3D('',#8987,#7070,#7071);
#6034=AXIS2_PLACEMENT_3D('',#8989,#7072,#7073);
#6035=AXIS2_PLACEMENT_3D('',#8991,#7074,#7075);
#6036=AXIS2_PLACEMENT_3D('',#8993,#7076,#7077);
#6037=AXIS2_PLACEMENT_3D('',#8995,#7078,#7079);
#6038=AXIS2_PLACEMENT_3D('',#8997,#7080,#7081);
#6039=AXIS2_PLACEMENT_3D('',#8999,#7082,#7083);
#6040=AXIS2_PLACEMENT_3D('',#9001,#7084,#7085);
#6041=AXIS2_PLACEMENT_3D('',#9003,#7086,#7087);
#6042=AXIS2_PLACEMENT_3D('',#9005,#7088,#7089);
#6043=AXIS2_PLACEMENT_3D('',#9007,#7090,#7091);
#6044=AXIS2_PLACEMENT_3D('',#9009,#7092,#7093);
#6045=AXIS2_PLACEMENT_3D('',#9011,#7094,#7095);
#6046=AXIS2_PLACEMENT_3D('',#9013,#7096,#7097);
#6047=AXIS2_PLACEMENT_3D('',#9015,#7098,#7099);
#6048=AXIS2_PLACEMENT_3D('',#9017,#7100,#7101);
#6049=AXIS2_PLACEMENT_3D('',#9019,#7102,#7103);
#6050=AXIS2_PLACEMENT_3D('',#9021,#7104,#7105);
#6051=AXIS2_PLACEMENT_3D('',#9023,#7106,#7107);
#6052=AXIS2_PLACEMENT_3D('',#9025,#7108,#7109);
#6053=AXIS2_PLACEMENT_3D('',#9027,#7110,#7111);
#6054=AXIS2_PLACEMENT_3D('',#9029,#7112,#7113);
#6055=AXIS2_PLACEMENT_3D('',#9031,#7114,#7115);
#6056=AXIS2_PLACEMENT_3D('',#9033,#7116,#7117);
#6057=AXIS2_PLACEMENT_3D('',#9035,#7118,#7119);
#6058=AXIS2_PLACEMENT_3D('',#9037,#7120,#7121);
#6059=AXIS2_PLACEMENT_3D('',#9039,#7122,#7123);
#6060=AXIS2_PLACEMENT_3D('',#9041,#7124,#7125);
#6061=AXIS2_PLACEMENT_3D('',#9043,#7126,#7127);
#6062=AXIS2_PLACEMENT_3D('',#9045,#7128,#7129);
#6063=AXIS2_PLACEMENT_3D('',#9047,#7130,#7131);
#6064=AXIS2_PLACEMENT_3D('',#9049,#7132,#7133);
#6065=AXIS2_PLACEMENT_3D('',#9051,#7134,#7135);
#6066=AXIS2_PLACEMENT_3D('',#9053,#7136,#7137);
#6067=AXIS2_PLACEMENT_3D('',#9055,#7138,#7139);
#6068=AXIS2_PLACEMENT_3D('',#9057,#7140,#7141);
#6069=AXIS2_PLACEMENT_3D('',#9059,#7142,#7143);
#6070=AXIS2_PLACEMENT_3D('',#9061,#7144,#7145);
#6071=AXIS2_PLACEMENT_3D('',#9063,#7146,#7147);
#6072=AXIS2_PLACEMENT_3D('',#9065,#7148,#7149);
#6073=AXIS2_PLACEMENT_3D('',#9067,#7150,#7151);
#6074=AXIS2_PLACEMENT_3D('',#9069,#7152,#7153);
#6075=AXIS2_PLACEMENT_3D('',#9071,#7154,#7155);
#6076=AXIS2_PLACEMENT_3D('',#9073,#7156,#7157);
#6077=AXIS2_PLACEMENT_3D('',#9075,#7158,#7159);
#6078=AXIS2_PLACEMENT_3D('',#9077,#7160,#7161);
#6079=AXIS2_PLACEMENT_3D('',#9079,#7162,#7163);
#6080=AXIS2_PLACEMENT_3D('',#9081,#7164,#7165);
#6081=AXIS2_PLACEMENT_3D('',#9083,#7166,#7167);
#6082=AXIS2_PLACEMENT_3D('',#9085,#7168,#7169);
#6083=AXIS2_PLACEMENT_3D('',#9087,#7170,#7171);
#6084=AXIS2_PLACEMENT_3D('',#9089,#7172,#7173);
#6085=AXIS2_PLACEMENT_3D('',#9091,#7174,#7175);
#6086=AXIS2_PLACEMENT_3D('',#9093,#7176,#7177);
#6087=AXIS2_PLACEMENT_3D('',#9095,#7178,#7179);
#6088=AXIS2_PLACEMENT_3D('',#9097,#7180,#7181);
#6089=AXIS2_PLACEMENT_3D('',#9099,#7182,#7183);
#6090=AXIS2_PLACEMENT_3D('',#9101,#7184,#7185);
#6091=AXIS2_PLACEMENT_3D('',#9103,#7186,#7187);
#6092=AXIS2_PLACEMENT_3D('',#9105,#7188,#7189);
#6093=AXIS2_PLACEMENT_3D('',#9107,#7190,#7191);
#6094=AXIS2_PLACEMENT_3D('',#9109,#7192,#7193);
#6095=AXIS2_PLACEMENT_3D('',#9111,#7194,#7195);
#6096=AXIS2_PLACEMENT_3D('',#9113,#7196,#7197);
#6097=AXIS2_PLACEMENT_3D('',#9115,#7198,#7199);
#6098=AXIS2_PLACEMENT_3D('',#9117,#7200,#7201);
#6099=AXIS2_PLACEMENT_3D('',#9119,#7202,#7203);
#6100=AXIS2_PLACEMENT_3D('',#9121,#7204,#7205);
#6101=AXIS2_PLACEMENT_3D('',#9123,#7206,#7207);
#6102=AXIS2_PLACEMENT_3D('',#9125,#7208,#7209);
#6103=AXIS2_PLACEMENT_3D('',#9127,#7210,#7211);
#6104=AXIS2_PLACEMENT_3D('',#9128,#7212,#7213);
#6105=AXIS2_PLACEMENT_3D('',#9129,#7214,#7215);
#6106=AXIS2_PLACEMENT_3D('',#9131,#7216,#7217);
#6107=AXIS2_PLACEMENT_3D('',#9133,#7219,#7220);
#6108=AXIS2_PLACEMENT_3D('',#9135,#7221,#7222);
#6109=AXIS2_PLACEMENT_3D('',#9138,#7224,#7225);
#6110=AXIS2_PLACEMENT_3D('',#9139,#7226,#7227);
#6111=AXIS2_PLACEMENT_3D('',#9142,#7228,#7229);
#6112=AXIS2_PLACEMENT_3D('',#9144,#7230,#7231);
#6113=AXIS2_PLACEMENT_3D('',#9146,#7232,#7233);
#6114=AXIS2_PLACEMENT_3D('',#9148,#7234,#7235);
#6115=AXIS2_PLACEMENT_3D('',#9150,#7236,#7237);
#6116=AXIS2_PLACEMENT_3D('',#9152,#7238,#7239);
#6117=AXIS2_PLACEMENT_3D('',#9154,#7240,#7241);
#6118=AXIS2_PLACEMENT_3D('',#9156,#7242,#7243);
#6119=AXIS2_PLACEMENT_3D('',#9158,#7244,#7245);
#6120=AXIS2_PLACEMENT_3D('',#9160,#7246,#7247);
#6121=AXIS2_PLACEMENT_3D('',#9162,#7248,#7249);
#6122=AXIS2_PLACEMENT_3D('',#9164,#7250,#7251);
#6123=AXIS2_PLACEMENT_3D('',#9166,#7252,#7253);
#6124=AXIS2_PLACEMENT_3D('',#9168,#7254,#7255);
#6125=AXIS2_PLACEMENT_3D('',#9170,#7256,#7257);
#6126=AXIS2_PLACEMENT_3D('',#9172,#7258,#7259);
#6127=AXIS2_PLACEMENT_3D('',#9174,#7260,#7261);
#6128=AXIS2_PLACEMENT_3D('',#9176,#7262,#7263);
#6129=AXIS2_PLACEMENT_3D('',#9178,#7264,#7265);
#6130=AXIS2_PLACEMENT_3D('',#9180,#7266,#7267);
#6131=AXIS2_PLACEMENT_3D('',#9182,#7268,#7269);
#6132=AXIS2_PLACEMENT_3D('',#9184,#7270,#7271);
#6133=AXIS2_PLACEMENT_3D('',#9186,#7272,#7273);
#6134=AXIS2_PLACEMENT_3D('',#9188,#7274,#7275);
#6135=AXIS2_PLACEMENT_3D('',#9190,#7276,#7277);
#6136=AXIS2_PLACEMENT_3D('',#9192,#7278,#7279);
#6137=AXIS2_PLACEMENT_3D('',#9194,#7280,#7281);
#6138=AXIS2_PLACEMENT_3D('',#9196,#7282,#7283);
#6139=AXIS2_PLACEMENT_3D('',#9198,#7284,#7285);
#6140=AXIS2_PLACEMENT_3D('',#9200,#7286,#7287);
#6141=AXIS2_PLACEMENT_3D('',#9202,#7288,#7289);
#6142=AXIS2_PLACEMENT_3D('',#9204,#7290,#7291);
#6143=AXIS2_PLACEMENT_3D('',#9206,#7292,#7293);
#6144=AXIS2_PLACEMENT_3D('',#9208,#7294,#7295);
#6145=AXIS2_PLACEMENT_3D('',#9210,#7296,#7297);
#6146=AXIS2_PLACEMENT_3D('',#9212,#7298,#7299);
#6147=AXIS2_PLACEMENT_3D('',#9214,#7300,#7301);
#6148=AXIS2_PLACEMENT_3D('',#9216,#7302,#7303);
#6149=AXIS2_PLACEMENT_3D('',#9218,#7304,#7305);
#6150=AXIS2_PLACEMENT_3D('',#9220,#7306,#7307);
#6151=AXIS2_PLACEMENT_3D('',#9222,#7308,#7309);
#6152=AXIS2_PLACEMENT_3D('',#9224,#7310,#7311);
#6153=AXIS2_PLACEMENT_3D('',#9226,#7312,#7313);
#6154=AXIS2_PLACEMENT_3D('',#9228,#7314,#7315);
#6155=AXIS2_PLACEMENT_3D('',#9230,#7316,#7317);
#6156=AXIS2_PLACEMENT_3D('',#9232,#7318,#7319);
#6157=AXIS2_PLACEMENT_3D('',#9234,#7320,#7321);
#6158=AXIS2_PLACEMENT_3D('',#9236,#7322,#7323);
#6159=AXIS2_PLACEMENT_3D('',#9238,#7324,#7325);
#6160=AXIS2_PLACEMENT_3D('',#9240,#7326,#7327);
#6161=AXIS2_PLACEMENT_3D('',#9242,#7328,#7329);
#6162=AXIS2_PLACEMENT_3D('',#9244,#7330,#7331);
#6163=AXIS2_PLACEMENT_3D('',#9246,#7332,#7333);
#6164=AXIS2_PLACEMENT_3D('',#9248,#7334,#7335);
#6165=AXIS2_PLACEMENT_3D('',#9250,#7336,#7337);
#6166=AXIS2_PLACEMENT_3D('',#9252,#7338,#7339);
#6167=AXIS2_PLACEMENT_3D('',#9254,#7340,#7341);
#6168=AXIS2_PLACEMENT_3D('',#9256,#7342,#7343);
#6169=AXIS2_PLACEMENT_3D('',#9258,#7344,#7345);
#6170=AXIS2_PLACEMENT_3D('',#9260,#7346,#7347);
#6171=AXIS2_PLACEMENT_3D('',#9262,#7348,#7349);
#6172=AXIS2_PLACEMENT_3D('',#9264,#7350,#7351);
#6173=AXIS2_PLACEMENT_3D('',#9266,#7352,#7353);
#6174=AXIS2_PLACEMENT_3D('',#9268,#7354,#7355);
#6175=AXIS2_PLACEMENT_3D('',#9270,#7356,#7357);
#6176=AXIS2_PLACEMENT_3D('',#9272,#7358,#7359);
#6177=AXIS2_PLACEMENT_3D('',#9274,#7360,#7361);
#6178=AXIS2_PLACEMENT_3D('',#9276,#7362,#7363);
#6179=AXIS2_PLACEMENT_3D('',#9278,#7364,#7365);
#6180=AXIS2_PLACEMENT_3D('',#9280,#7366,#7367);
#6181=AXIS2_PLACEMENT_3D('',#9282,#7368,#7369);
#6182=AXIS2_PLACEMENT_3D('',#9284,#7370,#7371);
#6183=AXIS2_PLACEMENT_3D('',#9286,#7372,#7373);
#6184=AXIS2_PLACEMENT_3D('',#9288,#7374,#7375);
#6185=AXIS2_PLACEMENT_3D('',#9290,#7376,#7377);
#6186=AXIS2_PLACEMENT_3D('',#9292,#7378,#7379);
#6187=AXIS2_PLACEMENT_3D('',#9294,#7380,#7381);
#6188=AXIS2_PLACEMENT_3D('',#9296,#7382,#7383);
#6189=AXIS2_PLACEMENT_3D('',#9298,#7384,#7385);
#6190=AXIS2_PLACEMENT_3D('',#9300,#7386,#7387);
#6191=AXIS2_PLACEMENT_3D('',#9302,#7388,#7389);
#6192=AXIS2_PLACEMENT_3D('',#9304,#7390,#7391);
#6193=AXIS2_PLACEMENT_3D('',#9306,#7392,#7393);
#6194=AXIS2_PLACEMENT_3D('',#9308,#7394,#7395);
#6195=AXIS2_PLACEMENT_3D('',#9310,#7396,#7397);
#6196=AXIS2_PLACEMENT_3D('',#9312,#7398,#7399);
#6197=AXIS2_PLACEMENT_3D('',#9314,#7400,#7401);
#6198=AXIS2_PLACEMENT_3D('',#9316,#7402,#7403);
#6199=AXIS2_PLACEMENT_3D('',#9318,#7404,#7405);
#6200=AXIS2_PLACEMENT_3D('',#9320,#7406,#7407);
#6201=AXIS2_PLACEMENT_3D('',#9322,#7408,#7409);
#6202=AXIS2_PLACEMENT_3D('',#9324,#7410,#7411);
#6203=AXIS2_PLACEMENT_3D('',#9326,#7412,#7413);
#6204=AXIS2_PLACEMENT_3D('',#9328,#7414,#7415);
#6205=AXIS2_PLACEMENT_3D('',#9330,#7416,#7417);
#6206=AXIS2_PLACEMENT_3D('',#9332,#7418,#7419);
#6207=AXIS2_PLACEMENT_3D('',#9334,#7420,#7421);
#6208=AXIS2_PLACEMENT_3D('',#9336,#7422,#7423);
#6209=AXIS2_PLACEMENT_3D('',#9338,#7424,#7425);
#6210=AXIS2_PLACEMENT_3D('',#9340,#7426,#7427);
#6211=AXIS2_PLACEMENT_3D('',#9342,#7428,#7429);
#6212=AXIS2_PLACEMENT_3D('',#9344,#7430,#7431);
#6213=AXIS2_PLACEMENT_3D('',#9346,#7432,#7433);
#6214=AXIS2_PLACEMENT_3D('',#9348,#7434,#7435);
#6215=AXIS2_PLACEMENT_3D('',#9350,#7436,#7437);
#6216=AXIS2_PLACEMENT_3D('',#9352,#7438,#7439);
#6217=AXIS2_PLACEMENT_3D('',#9354,#7440,#7441);
#6218=AXIS2_PLACEMENT_3D('',#9356,#7442,#7443);
#6219=AXIS2_PLACEMENT_3D('',#9358,#7444,#7445);
#6220=AXIS2_PLACEMENT_3D('',#9360,#7446,#7447);
#6221=AXIS2_PLACEMENT_3D('',#9362,#7448,#7449);
#6222=AXIS2_PLACEMENT_3D('',#9364,#7450,#7451);
#6223=AXIS2_PLACEMENT_3D('',#9366,#7452,#7453);
#6224=AXIS2_PLACEMENT_3D('',#9368,#7454,#7455);
#6225=AXIS2_PLACEMENT_3D('',#9370,#7456,#7457);
#6226=AXIS2_PLACEMENT_3D('',#9372,#7458,#7459);
#6227=AXIS2_PLACEMENT_3D('',#9374,#7460,#7461);
#6228=AXIS2_PLACEMENT_3D('',#9376,#7462,#7463);
#6229=AXIS2_PLACEMENT_3D('',#9378,#7464,#7465);
#6230=AXIS2_PLACEMENT_3D('',#9380,#7466,#7467);
#6231=AXIS2_PLACEMENT_3D('',#9382,#7468,#7469);
#6232=AXIS2_PLACEMENT_3D('',#9384,#7470,#7471);
#6233=AXIS2_PLACEMENT_3D('',#9386,#7472,#7473);
#6234=AXIS2_PLACEMENT_3D('',#9388,#7474,#7475);
#6235=AXIS2_PLACEMENT_3D('',#9390,#7476,#7477);
#6236=AXIS2_PLACEMENT_3D('',#9392,#7478,#7479);
#6237=AXIS2_PLACEMENT_3D('',#9394,#7480,#7481);
#6238=AXIS2_PLACEMENT_3D('',#9396,#7482,#7483);
#6239=AXIS2_PLACEMENT_3D('',#9398,#7484,#7485);
#6240=AXIS2_PLACEMENT_3D('',#9400,#7486,#7487);
#6241=AXIS2_PLACEMENT_3D('',#9402,#7488,#7489);
#6242=AXIS2_PLACEMENT_3D('',#9404,#7490,#7491);
#6243=AXIS2_PLACEMENT_3D('',#9406,#7492,#7493);
#6244=AXIS2_PLACEMENT_3D('',#9408,#7494,#7495);
#6245=AXIS2_PLACEMENT_3D('',#9410,#7496,#7497);
#6246=AXIS2_PLACEMENT_3D('',#9412,#7498,#7499);
#6247=AXIS2_PLACEMENT_3D('',#9414,#7500,#7501);
#6248=AXIS2_PLACEMENT_3D('',#9416,#7502,#7503);
#6249=AXIS2_PLACEMENT_3D('',#9418,#7504,#7505);
#6250=AXIS2_PLACEMENT_3D('',#9420,#7506,#7507);
#6251=AXIS2_PLACEMENT_3D('',#9422,#7508,#7509);
#6252=AXIS2_PLACEMENT_3D('',#9424,#7510,#7511);
#6253=AXIS2_PLACEMENT_3D('',#9426,#7512,#7513);
#6254=AXIS2_PLACEMENT_3D('',#9428,#7514,#7515);
#6255=AXIS2_PLACEMENT_3D('',#9430,#7516,#7517);
#6256=AXIS2_PLACEMENT_3D('',#9432,#7518,#7519);
#6257=AXIS2_PLACEMENT_3D('',#9434,#7520,#7521);
#6258=AXIS2_PLACEMENT_3D('',#9436,#7522,#7523);
#6259=AXIS2_PLACEMENT_3D('',#9438,#7524,#7525);
#6260=AXIS2_PLACEMENT_3D('',#9440,#7526,#7527);
#6261=AXIS2_PLACEMENT_3D('',#9442,#7528,#7529);
#6262=AXIS2_PLACEMENT_3D('',#9444,#7530,#7531);
#6263=AXIS2_PLACEMENT_3D('',#9446,#7532,#7533);
#6264=AXIS2_PLACEMENT_3D('',#9448,#7534,#7535);
#6265=AXIS2_PLACEMENT_3D('',#9450,#7536,#7537);
#6266=AXIS2_PLACEMENT_3D('',#9452,#7538,#7539);
#6267=AXIS2_PLACEMENT_3D('',#9454,#7540,#7541);
#6268=AXIS2_PLACEMENT_3D('',#9456,#7542,#7543);
#6269=AXIS2_PLACEMENT_3D('',#9458,#7544,#7545);
#6270=AXIS2_PLACEMENT_3D('',#9460,#7546,#7547);
#6271=AXIS2_PLACEMENT_3D('',#9462,#7548,#7549);
#6272=AXIS2_PLACEMENT_3D('',#9464,#7550,#7551);
#6273=AXIS2_PLACEMENT_3D('',#9466,#7552,#7553);
#6274=AXIS2_PLACEMENT_3D('',#9468,#7554,#7555);
#6275=AXIS2_PLACEMENT_3D('',#9470,#7556,#7557);
#6276=AXIS2_PLACEMENT_3D('',#9472,#7558,#7559);
#6277=AXIS2_PLACEMENT_3D('',#9474,#7560,#7561);
#6278=AXIS2_PLACEMENT_3D('',#9476,#7562,#7563);
#6279=AXIS2_PLACEMENT_3D('',#9478,#7564,#7565);
#6280=AXIS2_PLACEMENT_3D('',#9480,#7566,#7567);
#6281=AXIS2_PLACEMENT_3D('',#9482,#7568,#7569);
#6282=AXIS2_PLACEMENT_3D('',#9484,#7570,#7571);
#6283=AXIS2_PLACEMENT_3D('',#9486,#7572,#7573);
#6284=AXIS2_PLACEMENT_3D('',#9488,#7574,#7575);
#6285=AXIS2_PLACEMENT_3D('',#9490,#7576,#7577);
#6286=AXIS2_PLACEMENT_3D('',#9492,#7578,#7579);
#6287=AXIS2_PLACEMENT_3D('',#9494,#7580,#7581);
#6288=AXIS2_PLACEMENT_3D('',#9496,#7582,#7583);
#6289=AXIS2_PLACEMENT_3D('',#9498,#7584,#7585);
#6290=AXIS2_PLACEMENT_3D('',#9500,#7586,#7587);
#6291=AXIS2_PLACEMENT_3D('',#9502,#7588,#7589);
#6292=AXIS2_PLACEMENT_3D('',#9504,#7590,#7591);
#6293=AXIS2_PLACEMENT_3D('',#9506,#7592,#7593);
#6294=AXIS2_PLACEMENT_3D('',#9508,#7594,#7595);
#6295=AXIS2_PLACEMENT_3D('',#9510,#7596,#7597);
#6296=AXIS2_PLACEMENT_3D('',#9512,#7598,#7599);
#6297=AXIS2_PLACEMENT_3D('',#9514,#7600,#7601);
#6298=AXIS2_PLACEMENT_3D('',#9516,#7602,#7603);
#6299=AXIS2_PLACEMENT_3D('',#9518,#7604,#7605);
#6300=AXIS2_PLACEMENT_3D('',#9520,#7606,#7607);
#6301=AXIS2_PLACEMENT_3D('',#9522,#7608,#7609);
#6302=AXIS2_PLACEMENT_3D('',#9524,#7610,#7611);
#6303=AXIS2_PLACEMENT_3D('',#9526,#7612,#7613);
#6304=AXIS2_PLACEMENT_3D('',#9528,#7614,#7615);
#6305=AXIS2_PLACEMENT_3D('',#9530,#7616,#7617);
#6306=AXIS2_PLACEMENT_3D('',#9532,#7618,#7619);
#6307=AXIS2_PLACEMENT_3D('',#9534,#7620,#7621);
#6308=AXIS2_PLACEMENT_3D('',#9536,#7622,#7623);
#6309=AXIS2_PLACEMENT_3D('',#9538,#7624,#7625);
#6310=AXIS2_PLACEMENT_3D('',#9540,#7626,#7627);
#6311=AXIS2_PLACEMENT_3D('',#9542,#7628,#7629);
#6312=AXIS2_PLACEMENT_3D('',#9544,#7630,#7631);
#6313=AXIS2_PLACEMENT_3D('',#9546,#7632,#7633);
#6314=AXIS2_PLACEMENT_3D('',#9548,#7634,#7635);
#6315=AXIS2_PLACEMENT_3D('',#9550,#7636,#7637);
#6316=AXIS2_PLACEMENT_3D('',#9552,#7638,#7639);
#6317=AXIS2_PLACEMENT_3D('',#9554,#7640,#7641);
#6318=AXIS2_PLACEMENT_3D('',#9556,#7642,#7643);
#6319=AXIS2_PLACEMENT_3D('',#9558,#7644,#7645);
#6320=AXIS2_PLACEMENT_3D('',#9559,#7646,#7647);
#6321=AXIS2_PLACEMENT_3D('',#9560,#7648,#7649);
#6322=AXIS2_PLACEMENT_3D('',#9562,#7650,#7651);
#6323=AXIS2_PLACEMENT_3D('',#9564,#7653,#7654);
#6324=AXIS2_PLACEMENT_3D('',#9568,#7656,#7657);
#6325=AXIS2_PLACEMENT_3D('',#9570,#7658,#7659);
#6326=AXIS2_PLACEMENT_3D('',#9571,#7660,#7661);
#6327=AXIS2_PLACEMENT_3D('',#9578,#7665,#7666);
#6328=AXIS2_PLACEMENT_3D('',#9580,#7667,#7668);
#6329=AXIS2_PLACEMENT_3D('',#9581,#7669,#7670);
#6330=AXIS2_PLACEMENT_3D('',#9585,#7672,#7673);
#6331=AXIS2_PLACEMENT_3D('',#9587,#7674,#7675);
#6332=AXIS2_PLACEMENT_3D('',#9588,#7676,#7677);
#6333=AXIS2_PLACEMENT_3D('',#9595,#7681,#7682);
#6334=AXIS2_PLACEMENT_3D('',#9597,#7683,#7684);
#6335=AXIS2_PLACEMENT_3D('',#9598,#7685,#7686);
#6336=AXIS2_PLACEMENT_3D('',#9601,#7689,#7690);
#6337=AXIS2_PLACEMENT_3D('',#9604,#7693,#7694);
#6338=AXIS2_PLACEMENT_3D('',#9607,#7697,#7698);
#6339=AXIS2_PLACEMENT_3D('',#9610,#7701,#7702);
#6340=AXIS2_PLACEMENT_3D('',#9613,#7705,#7706);
#6341=AXIS2_PLACEMENT_3D('',#9616,#7709,#7710);
#6342=AXIS2_PLACEMENT_3D('',#9619,#7713,#7714);
#6343=AXIS2_PLACEMENT_3D('',#9622,#7717,#7718);
#6344=AXIS2_PLACEMENT_3D('',#9625,#7721,#7722);
#6345=AXIS2_PLACEMENT_3D('',#9628,#7725,#7726);
#6346=AXIS2_PLACEMENT_3D('',#9631,#7729,#7730);
#6347=AXIS2_PLACEMENT_3D('',#9634,#7733,#7734);
#6348=AXIS2_PLACEMENT_3D('',#9637,#7737,#7738);
#6349=AXIS2_PLACEMENT_3D('',#9640,#7741,#7742);
#6350=AXIS2_PLACEMENT_3D('',#9643,#7745,#7746);
#6351=AXIS2_PLACEMENT_3D('',#9646,#7749,#7750);
#6352=AXIS2_PLACEMENT_3D('',#9662,#7752,#7753);
#6353=AXIS2_PLACEMENT_3D('',#9678,#7755,#7756);
#6354=AXIS2_PLACEMENT_3D('',#9694,#7758,#7759);
#6355=AXIS2_PLACEMENT_3D('',#9710,#7761,#7762);
#6356=AXIS2_PLACEMENT_3D('',#9726,#7764,#7765);
#6357=AXIS2_PLACEMENT_3D('',#9729,#7766,#7767);
#6358=AXIS2_PLACEMENT_3D('',#9733,#7769,#7770);
#6359=AXIS2_PLACEMENT_3D('',#9735,#7772,#7773);
#6360=AXIS2_PLACEMENT_3D('',#9738,#7774,#7775);
#6361=AXIS2_PLACEMENT_3D('',#9742,#7777,#7778);
#6362=AXIS2_PLACEMENT_3D('',#9744,#7780,#7781);
#6363=AXIS2_PLACEMENT_3D('',#9747,#7782,#7783);
#6364=AXIS2_PLACEMENT_3D('',#9751,#7785,#7786);
#6365=AXIS2_PLACEMENT_3D('',#9753,#7788,#7789);
#6366=AXIS2_PLACEMENT_3D('',#9756,#7790,#7791);
#6367=AXIS2_PLACEMENT_3D('',#9760,#7793,#7794);
#6368=AXIS2_PLACEMENT_3D('',#9762,#7796,#7797);
#6369=AXIS2_PLACEMENT_3D('',#9764,#7798,#7799);
#6370=AXIS2_PLACEMENT_3D('',#9767,#7801,#7802);
#6371=AXIS2_PLACEMENT_3D('',#9768,#7803,#7804);
#6372=AXIS2_PLACEMENT_3D('',#9771,#7805,#7806);
#6373=AXIS2_PLACEMENT_3D('',#9775,#7808,#7809);
#6374=AXIS2_PLACEMENT_3D('',#9777,#7811,#7812);
#6375=AXIS2_PLACEMENT_3D('',#9780,#7813,#7814);
#6376=AXIS2_PLACEMENT_3D('',#9784,#7816,#7817);
#6377=AXIS2_PLACEMENT_3D('',#9786,#7819,#7820);
#6378=AXIS2_PLACEMENT_3D('',#9789,#7821,#7822);
#6379=AXIS2_PLACEMENT_3D('',#9793,#7824,#7825);
#6380=AXIS2_PLACEMENT_3D('',#9795,#7827,#7828);
#6381=AXIS2_PLACEMENT_3D('',#9798,#7829,#7830);
#6382=AXIS2_PLACEMENT_3D('',#9802,#7832,#7833);
#6383=AXIS2_PLACEMENT_3D('',#9804,#7835,#7836);
#6384=AXIS2_PLACEMENT_3D('',#9806,#7837,#7838);
#6385=AXIS2_PLACEMENT_3D('',#9809,#7840,#7841);
#6386=AXIS2_PLACEMENT_3D('',#9810,#7842,#7843);
#6387=AXIS2_PLACEMENT_3D('',#9813,#7844,#7845);
#6388=AXIS2_PLACEMENT_3D('',#9817,#7847,#7848);
#6389=AXIS2_PLACEMENT_3D('',#9819,#7850,#7851);
#6390=AXIS2_PLACEMENT_3D('',#9821,#7852,#7853);
#6391=AXIS2_PLACEMENT_3D('',#9824,#7855,#7856);
#6392=AXIS2_PLACEMENT_3D('',#9825,#7857,#7858);
#6393=AXIS2_PLACEMENT_3D('',#9828,#7859,#7860);
#6394=AXIS2_PLACEMENT_3D('',#9832,#7862,#7863);
#6395=AXIS2_PLACEMENT_3D('',#9834,#7865,#7866);
#6396=AXIS2_PLACEMENT_3D('',#9837,#7867,#7868);
#6397=AXIS2_PLACEMENT_3D('',#9841,#7870,#7871);
#6398=AXIS2_PLACEMENT_3D('',#9843,#7873,#7874);
#6399=AXIS2_PLACEMENT_3D('',#9846,#7875,#7876);
#6400=AXIS2_PLACEMENT_3D('',#9850,#7878,#7879);
#6401=AXIS2_PLACEMENT_3D('',#9852,#7881,#7882);
#6402=AXIS2_PLACEMENT_3D('',#9855,#7883,#7884);
#6403=AXIS2_PLACEMENT_3D('',#9859,#7886,#7887);
#6404=AXIS2_PLACEMENT_3D('',#9861,#7889,#7890);
#6405=AXIS2_PLACEMENT_3D('',#9864,#7891,#7892);
#6406=AXIS2_PLACEMENT_3D('',#9868,#7894,#7895);
#6407=AXIS2_PLACEMENT_3D('',#9870,#7897,#7898);
#6408=AXIS2_PLACEMENT_3D('',#9873,#7899,#7900);
#6409=AXIS2_PLACEMENT_3D('',#9877,#7902,#7903);
#6410=AXIS2_PLACEMENT_3D('',#9879,#7905,#7906);
#6411=AXIS2_PLACEMENT_3D('',#9882,#7907,#7908);
#6412=AXIS2_PLACEMENT_3D('',#9886,#7910,#7911);
#6413=AXIS2_PLACEMENT_3D('',#9888,#7913,#7914);
#6414=AXIS2_PLACEMENT_3D('',#9891,#7915,#7916);
#6415=AXIS2_PLACEMENT_3D('',#9895,#7918,#7919);
#6416=AXIS2_PLACEMENT_3D('',#9897,#7921,#7922);
#6417=AXIS2_PLACEMENT_3D('',#9900,#7923,#7924);
#6418=AXIS2_PLACEMENT_3D('',#9904,#7926,#7927);
#6419=AXIS2_PLACEMENT_3D('',#9906,#7929,#7930);
#6420=AXIS2_PLACEMENT_3D('',#9909,#7931,#7932);
#6421=AXIS2_PLACEMENT_3D('',#9913,#7934,#7935);
#6422=AXIS2_PLACEMENT_3D('',#9915,#7937,#7938);
#6423=AXIS2_PLACEMENT_3D('',#9918,#7939,#7940);
#6424=AXIS2_PLACEMENT_3D('',#9922,#7942,#7943);
#6425=AXIS2_PLACEMENT_3D('',#9924,#7945,#7946);
#6426=AXIS2_PLACEMENT_3D('',#9927,#7947,#7948);
#6427=AXIS2_PLACEMENT_3D('',#9931,#7950,#7951);
#6428=AXIS2_PLACEMENT_3D('',#9933,#7953,#7954);
#6429=AXIS2_PLACEMENT_3D('',#9936,#7955,#7956);
#6430=AXIS2_PLACEMENT_3D('',#9940,#7958,#7959);
#6431=AXIS2_PLACEMENT_3D('',#9942,#7961,#7962);
#6432=AXIS2_PLACEMENT_3D('',#9945,#7963,#7964);
#6433=AXIS2_PLACEMENT_3D('',#9949,#7966,#7967);
#6434=AXIS2_PLACEMENT_3D('',#9951,#7969,#7970);
#6435=AXIS2_PLACEMENT_3D('',#9954,#7971,#7972);
#6436=AXIS2_PLACEMENT_3D('',#9958,#7974,#7975);
#6437=AXIS2_PLACEMENT_3D('',#9960,#7977,#7978);
#6438=AXIS2_PLACEMENT_3D('',#9963,#7979,#7980);
#6439=AXIS2_PLACEMENT_3D('',#9967,#7982,#7983);
#6440=AXIS2_PLACEMENT_3D('',#9969,#7985,#7986);
#6441=AXIS2_PLACEMENT_3D('',#9972,#7987,#7988);
#6442=AXIS2_PLACEMENT_3D('',#9976,#7990,#7991);
#6443=AXIS2_PLACEMENT_3D('',#9978,#7993,#7994);
#6444=AXIS2_PLACEMENT_3D('',#9981,#7995,#7996);
#6445=AXIS2_PLACEMENT_3D('',#9985,#7998,#7999);
#6446=AXIS2_PLACEMENT_3D('',#9987,#8001,#8002);
#6447=AXIS2_PLACEMENT_3D('',#9990,#8003,#8004);
#6448=AXIS2_PLACEMENT_3D('',#9994,#8006,#8007);
#6449=AXIS2_PLACEMENT_3D('',#9996,#8009,#8010);
#6450=AXIS2_PLACEMENT_3D('',#9999,#8011,#8012);
#6451=AXIS2_PLACEMENT_3D('',#10003,#8014,#8015);
#6452=AXIS2_PLACEMENT_3D('',#10005,#8017,#8018);
#6453=AXIS2_PLACEMENT_3D('',#10008,#8019,#8020);
#6454=AXIS2_PLACEMENT_3D('',#10012,#8022,#8023);
#6455=AXIS2_PLACEMENT_3D('',#10014,#8025,#8026);
#6456=AXIS2_PLACEMENT_3D('',#10016,#8027,#8028);
#6457=AXIS2_PLACEMENT_3D('',#10018,#8029,#8030);
#6458=AXIS2_PLACEMENT_3D('',#10020,#8032,#8033);
#6459=AXIS2_PLACEMENT_3D('',#10033,#8034,#8035);
#6460=AXIS2_PLACEMENT_3D('',#10046,#8036,#8037);
#6461=AXIS2_PLACEMENT_3D('',#10059,#8038,#8039);
#6462=AXIS2_PLACEMENT_3D('',#10072,#8040,#8041);
#6463=AXIS2_PLACEMENT_3D('',#10079,#8042,#8043);
#6464=AXIS2_PLACEMENT_3D('',#10092,#8044,#8045);
#6465=AXIS2_PLACEMENT_3D('',#10105,#8046,#8047);
#6466=AXIS2_PLACEMENT_3D('',#10118,#8048,#8049);
#6467=AXIS2_PLACEMENT_3D('',#10131,#8050,#8051);
#6468=AXIS2_PLACEMENT_3D('',#10138,#8052,#8053);
#6469=AXIS2_PLACEMENT_3D('',#10151,#8054,#8055);
#6470=AXIS2_PLACEMENT_3D('',#10158,#8056,#8057);
#6471=AXIS2_PLACEMENT_3D('',#10171,#8058,#8059);
#6472=AXIS2_PLACEMENT_3D('',#10184,#8060,#8061);
#6473=AXIS2_PLACEMENT_3D('',#10197,#8062,#8063);
#6474=AXIS2_PLACEMENT_3D('',#10210,#8064,#8065);
#6475=AXIS2_PLACEMENT_3D('',#10223,#8066,#8067);
#6476=AXIS2_PLACEMENT_3D('',#10236,#8068,#8069);
#6477=AXIS2_PLACEMENT_3D('',#10249,#8070,#8071);
#6478=AXIS2_PLACEMENT_3D('',#10262,#8072,#8073);
#6479=AXIS2_PLACEMENT_3D('',#10275,#8074,#8075);
#6480=AXIS2_PLACEMENT_3D('',#10288,#8076,#8077);
#6481=AXIS2_PLACEMENT_3D('',#10301,#8078,#8079);
#6482=AXIS2_PLACEMENT_3D('',#10314,#8080,#8081);
#6483=AXIS2_PLACEMENT_3D('',#10327,#8082,#8083);
#6484=AXIS2_PLACEMENT_3D('',#10340,#8084,#8085);
#6485=AXIS2_PLACEMENT_3D('',#10353,#8086,#8087);
#6486=AXIS2_PLACEMENT_3D('',#10366,#8088,#8089);
#6487=AXIS2_PLACEMENT_3D('',#10379,#8090,#8091);
#6488=AXIS2_PLACEMENT_3D('',#10392,#8092,#8093);
#6489=AXIS2_PLACEMENT_3D('',#10405,#8094,#8095);
#6490=AXIS2_PLACEMENT_3D('',#10418,#8096,#8097);
#6491=AXIS2_PLACEMENT_3D('',#10431,#8098,#8099);
#6492=AXIS2_PLACEMENT_3D('',#10438,#8100,#8101);
#6493=AXIS2_PLACEMENT_3D('',#10451,#8102,#8103);
#6494=AXIS2_PLACEMENT_3D('',#10464,#8104,#8105);
#6495=AXIS2_PLACEMENT_3D('',#10477,#8106,#8107);
#6496=AXIS2_PLACEMENT_3D('',#10490,#8108,#8109);
#6497=AXIS2_PLACEMENT_3D('',#10497,#8110,#8111);
#6498=AXIS2_PLACEMENT_3D('',#10510,#8112,#8113);
#6499=AXIS2_PLACEMENT_3D('',#10523,#8114,#8115);
#6500=AXIS2_PLACEMENT_3D('',#10536,#8116,#8117);
#6501=AXIS2_PLACEMENT_3D('',#10549,#8118,#8119);
#6502=AXIS2_PLACEMENT_3D('',#10556,#8120,#8121);
#6503=AXIS2_PLACEMENT_3D('',#10569,#8122,#8123);
#6504=AXIS2_PLACEMENT_3D('',#10576,#8124,#8125);
#6505=AXIS2_PLACEMENT_3D('',#10589,#8126,#8127);
#6506=AXIS2_PLACEMENT_3D('',#10602,#8128,#8129);
#6507=AXIS2_PLACEMENT_3D('',#10615,#8130,#8131);
#6508=AXIS2_PLACEMENT_3D('',#10628,#8132,#8133);
#6509=AXIS2_PLACEMENT_3D('',#10641,#8134,#8135);
#6510=AXIS2_PLACEMENT_3D('',#10654,#8136,#8137);
#6511=AXIS2_PLACEMENT_3D('',#10667,#8138,#8139);
#6512=AXIS2_PLACEMENT_3D('',#10680,#8140,#8141);
#6513=AXIS2_PLACEMENT_3D('',#10693,#8142,#8143);
#6514=AXIS2_PLACEMENT_3D('',#10706,#8144,#8145);
#6515=AXIS2_PLACEMENT_3D('',#10719,#8146,#8147);
#6516=AXIS2_PLACEMENT_3D('',#10732,#8148,#8149);
#6517=AXIS2_PLACEMENT_3D('',#10745,#8150,#8151);
#6518=AXIS2_PLACEMENT_3D('',#10758,#8152,#8153);
#6519=AXIS2_PLACEMENT_3D('',#10771,#8154,#8155);
#6520=AXIS2_PLACEMENT_3D('',#10784,#8156,#8157);
#6521=AXIS2_PLACEMENT_3D('',#10797,#8158,#8159);
#6522=AXIS2_PLACEMENT_3D('',#10810,#8160,#8161);
#6523=AXIS2_PLACEMENT_3D('',#10823,#8162,#8163);
#6524=AXIS2_PLACEMENT_3D('',#10836,#8164,#8165);
#6525=AXIS2_PLACEMENT_3D('',#10849,#8166,#8167);
#6526=AXIS2_PLACEMENT_3D('',#10856,#8168,#8169);
#6527=AXIS2_PLACEMENT_3D('',#10858,#8170,#8171);
#6528=AXIS2_PLACEMENT_3D('',#10860,#8172,#8173);
#6529=AXIS2_PLACEMENT_3D('',#10862,#8175,#8176);
#6530=AXIS2_PLACEMENT_3D('',#10876,#8178,#8179);
#6531=AXIS2_PLACEMENT_3D('',#10879,#8182,#8183);
#6532=AXIS2_PLACEMENT_3D('',#10881,#8185,#8186);
#6533=AXIS2_PLACEMENT_3D('',#10882,#8187,#8188);
#6534=AXIS2_PLACEMENT_3D('',#10883,#8189,#8190);
#6535=AXIS2_PLACEMENT_3D('',#10884,#8191,#8192);
#6536=AXIS2_PLACEMENT_3D('',#10885,#8193,#8194);
#6537=AXIS2_PLACEMENT_3D('',#10887,#8196,#8197);
#6538=AXIS2_PLACEMENT_3D('',#10889,#8199,#8200);
#6539=AXIS2_PLACEMENT_3D('',#10891,#8202,#8203);
#6540=AXIS2_PLACEMENT_3D('',#10894,#8206,#8207);
#6541=AXIS2_PLACEMENT_3D('',#10896,#8209,#8210);
#6542=AXIS2_PLACEMENT_3D('',#10898,#8212,#8213);
#6543=AXIS2_PLACEMENT_3D('',#10901,#8216,#8217);
#6544=AXIS2_PLACEMENT_3D('',#10903,#8219,#8220);
#6545=AXIS2_PLACEMENT_3D('',#10905,#8222,#8223);
#6546=AXIS2_PLACEMENT_3D('',#10908,#8226,#8227);
#6547=AXIS2_PLACEMENT_3D('',#10910,#8229,#8230);
#6548=AXIS2_PLACEMENT_3D('',#10912,#8232,#8233);
#6549=AXIS2_PLACEMENT_3D('',#10915,#8236,#8237);
#6550=AXIS2_PLACEMENT_3D('',#10917,#8239,#8240);
#6551=AXIS2_PLACEMENT_3D('',#10919,#8242,#8243);
#6552=AXIS2_PLACEMENT_3D('',#10922,#8246,#8247);
#6553=AXIS2_PLACEMENT_3D('',#10924,#8249,#8250);
#6554=AXIS2_PLACEMENT_3D('',#10926,#8252,#8253);
#6555=AXIS2_PLACEMENT_3D('',#10929,#8256,#8257);
#6556=AXIS2_PLACEMENT_3D('',#10931,#8259,#8260);
#6557=AXIS2_PLACEMENT_3D('',#10933,#8262,#8263);
#6558=AXIS2_PLACEMENT_3D('',#10936,#8266,#8267);
#6559=AXIS2_PLACEMENT_3D('',#10938,#8269,#8270);
#6560=AXIS2_PLACEMENT_3D('',#10940,#8272,#8273);
#6561=AXIS2_PLACEMENT_3D('',#10943,#8276,#8277);
#6562=AXIS2_PLACEMENT_3D('',#10945,#8279,#8280);
#6563=AXIS2_PLACEMENT_3D('',#10947,#8282,#8283);
#6564=AXIS2_PLACEMENT_3D('',#10950,#8286,#8287);
#6565=AXIS2_PLACEMENT_3D('',#10952,#8289,#8290);
#6566=AXIS2_PLACEMENT_3D('',#10954,#8292,#8293);
#6567=AXIS2_PLACEMENT_3D('',#10957,#8296,#8297);
#6568=AXIS2_PLACEMENT_3D('',#10959,#8299,#8300);
#6569=AXIS2_PLACEMENT_3D('',#10961,#8302,#8303);
#6570=AXIS2_PLACEMENT_3D('',#10964,#8306,#8307);
#6571=AXIS2_PLACEMENT_3D('',#10966,#8309,#8310);
#6572=AXIS2_PLACEMENT_3D('',#10968,#8312,#8313);
#6573=AXIS2_PLACEMENT_3D('',#10971,#8316,#8317);
#6574=AXIS2_PLACEMENT_3D('',#10973,#8319,#8320);
#6575=AXIS2_PLACEMENT_3D('',#10975,#8322,#8323);
#6576=AXIS2_PLACEMENT_3D('',#10978,#8326,#8327);
#6577=AXIS2_PLACEMENT_3D('',#10980,#8329,#8330);
#6578=AXIS2_PLACEMENT_3D('',#10982,#8332,#8333);
#6579=AXIS2_PLACEMENT_3D('',#10985,#8336,#8337);
#6580=AXIS2_PLACEMENT_3D('',#10987,#8339,#8340);
#6581=AXIS2_PLACEMENT_3D('',#10989,#8342,#8343);
#6582=AXIS2_PLACEMENT_3D('',#10992,#8346,#8347);
#6583=AXIS2_PLACEMENT_3D('',#10994,#8349,#8350);
#6584=AXIS2_PLACEMENT_3D('',#10996,#8352,#8353);
#6585=AXIS2_PLACEMENT_3D('',#10999,#8356,#8357);
#6586=AXIS2_PLACEMENT_3D('',#11001,#8359,#8360);
#6587=AXIS2_PLACEMENT_3D('',#11003,#8362,#8363);
#6588=AXIS2_PLACEMENT_3D('',#11006,#8366,#8367);
#6589=AXIS2_PLACEMENT_3D('',#11008,#8369,#8370);
#6590=AXIS2_PLACEMENT_3D('',#11009,#8371,#8372);
#6591=AXIS2_PLACEMENT_3D('',#11011,#8374,#8375);
#6592=AXIS2_PLACEMENT_3D('',#11013,#8377,#8378);
#6593=AXIS2_PLACEMENT_3D('',#11014,#8379,#8380);
#6594=AXIS2_PLACEMENT_3D('',#11016,#8382,#8383);
#6595=AXIS2_PLACEMENT_3D('',#11018,#8385,#8386);
#6596=AXIS2_PLACEMENT_3D('',#11019,#8387,#8388);
#6597=AXIS2_PLACEMENT_3D('',#11021,#8390,#8391);
#6598=AXIS2_PLACEMENT_3D('',#11023,#8393,#8394);
#6599=AXIS2_PLACEMENT_3D('',#11024,#8395,#8396);
#6600=AXIS2_PLACEMENT_3D('',#11026,#8398,#8399);
#6601=AXIS2_PLACEMENT_3D('',#11028,#8401,#8402);
#6602=AXIS2_PLACEMENT_3D('',#11030,#8404,#8405);
#6603=AXIS2_PLACEMENT_3D('',#11032,#8407,#8408);
#6604=AXIS2_PLACEMENT_3D('',#11033,#8409,#8410);
#6605=AXIS2_PLACEMENT_3D('',#11035,#8412,#8413);
#6606=AXIS2_PLACEMENT_3D('',#11037,#8415,#8416);
#6607=AXIS2_PLACEMENT_3D('',#11039,#8418,#8419);
#6608=AXIS2_PLACEMENT_3D('',#11041,#8421,#8422);
#6609=AXIS2_PLACEMENT_3D('',#11043,#8424,#8425);
#6610=AXIS2_PLACEMENT_3D('',#11046,#8428,#8429);
#6611=AXIS2_PLACEMENT_3D('',#11048,#8431,#8432);
#6612=AXIS2_PLACEMENT_3D('',#11050,#8434,#8435);
#6613=AXIS2_PLACEMENT_3D('',#11052,#8437,#8438);
#6614=AXIS2_PLACEMENT_3D('',#11053,#8439,#8440);
#6615=AXIS2_PLACEMENT_3D('',#11055,#8442,#8443);
#6616=AXIS2_PLACEMENT_3D('',#11057,#8445,#8446);
#6617=AXIS2_PLACEMENT_3D('',#11058,#8447,#8448);
#6618=AXIS2_PLACEMENT_3D('',#11060,#8450,#8451);
#6619=AXIS2_PLACEMENT_3D('',#11062,#8453,#8454);
#6620=AXIS2_PLACEMENT_3D('',#11064,#8456,#8457);
#6621=AXIS2_PLACEMENT_3D('',#11066,#8459,#8460);
#6622=AXIS2_PLACEMENT_3D('',#11068,#8462,#8463);
#6623=AXIS2_PLACEMENT_3D('',#11070,#8465,#8466);
#6624=AXIS2_PLACEMENT_3D('',#11071,#8467,#8468);
#6625=AXIS2_PLACEMENT_3D('',#11073,#8470,#8471);
#6626=AXIS2_PLACEMENT_3D('',#11075,#8473,#8474);
#6627=AXIS2_PLACEMENT_3D('',#11076,#8475,#8476);
#6628=AXIS2_PLACEMENT_3D('',#11078,#8478,#8479);
#6629=AXIS2_PLACEMENT_3D('',#11080,#8481,#8482);
#6630=AXIS2_PLACEMENT_3D('',#11081,#8483,#8484);
#6631=AXIS2_PLACEMENT_3D('',#11082,#8485,#8486);
#6632=AXIS2_PLACEMENT_3D('',#11084,#8488,#8489);
#6633=AXIS2_PLACEMENT_3D('',#11086,#8491,#8492);
#6634=AXIS2_PLACEMENT_3D('',#11087,#8493,#8494);
#6635=AXIS2_PLACEMENT_3D('',#11088,#8495,#8496);
#6636=AXIS2_PLACEMENT_3D('',#11089,#8497,#8498);
#6637=AXIS2_PLACEMENT_3D('',#11090,#8499,#8500);
#6638=AXIS2_PLACEMENT_3D('',#11091,#8501,#8502);
#6639=AXIS2_PLACEMENT_3D('',#11092,#8503,#8504);
#6640=AXIS2_PLACEMENT_3D('',#11093,#8505,#8506);
#6641=AXIS2_PLACEMENT_3D('',#11094,#8507,#8508);
#6642=AXIS2_PLACEMENT_3D('',#11095,#8509,#8510);
#6643=AXIS2_PLACEMENT_3D('',#11096,#8511,#8512);
#6644=AXIS2_PLACEMENT_3D('',#11097,#8513,#8514);
#6645=AXIS2_PLACEMENT_3D('',#11098,#8515,#8516);
#6646=AXIS2_PLACEMENT_3D('',#11099,#8517,#8518);
#6647=AXIS2_PLACEMENT_3D('',#11100,#8519,#8520);
#6648=AXIS2_PLACEMENT_3D('',#11101,#8521,#8522);
#6649=AXIS2_PLACEMENT_3D('',#11102,#8523,#8524);
#6650=AXIS2_PLACEMENT_3D('',#11103,#8525,#8526);
#6651=AXIS2_PLACEMENT_3D('',#11104,#8527,#8528);
#6652=AXIS2_PLACEMENT_3D('',#11105,#8529,#8530);
#6653=AXIS2_PLACEMENT_3D('',#11106,#8531,#8532);
#6654=AXIS2_PLACEMENT_3D('',#11107,#8533,#8534);
#6655=AXIS2_PLACEMENT_3D('',#11108,#8535,#8536);
#6656=AXIS2_PLACEMENT_3D('',#11109,#8537,#8538);
#6657=AXIS2_PLACEMENT_3D('',#11110,#8539,#8540);
#6658=AXIS2_PLACEMENT_3D('',#11111,#8541,#8542);
#6659=AXIS2_PLACEMENT_3D('',#11112,#8543,#8544);
#6660=AXIS2_PLACEMENT_3D('',#11113,#8545,#8546);
#6661=AXIS2_PLACEMENT_3D('',#11114,#8547,#8548);
#6662=AXIS2_PLACEMENT_3D('',#11115,#8549,#8550);
#6663=AXIS2_PLACEMENT_3D('',#11116,#8551,#8552);
#6664=AXIS2_PLACEMENT_3D('',#11117,#8553,#8554);
#6665=AXIS2_PLACEMENT_3D('',#11118,#8555,#8556);
#6666=AXIS2_PLACEMENT_3D('',#11119,#8557,#8558);
#6667=AXIS2_PLACEMENT_3D('',#11120,#8559,#8560);
#6668=AXIS2_PLACEMENT_3D('',#11121,#8561,#8562);
#6669=AXIS2_PLACEMENT_3D('',#11122,#8563,#8564);
#6670=AXIS2_PLACEMENT_3D('',#11123,#8565,#8566);
#6671=AXIS2_PLACEMENT_3D('',#11124,#8567,#8568);
#6672=AXIS2_PLACEMENT_3D('',#11125,#8569,#8570);
#6673=AXIS2_PLACEMENT_3D('',#11126,#8571,#8572);
#6674=AXIS2_PLACEMENT_3D('',#11127,#8573,#8574);
#6675=AXIS2_PLACEMENT_3D('',#11128,#8575,#8576);
#6676=AXIS2_PLACEMENT_3D('',#11129,#8577,#8578);
#6677=AXIS2_PLACEMENT_3D('',#11130,#8579,#8580);
#6678=AXIS2_PLACEMENT_3D('',#11131,#8581,#8582);
#6679=AXIS2_PLACEMENT_3D('',#11132,#8583,#8584);
#6680=AXIS2_PLACEMENT_3D('',#11133,#8585,#8586);
#6681=AXIS2_PLACEMENT_3D('',#11134,#8587,#8588);
#6682=AXIS2_PLACEMENT_3D('',#11135,#8589,#8590);
#6683=AXIS2_PLACEMENT_3D('',#11136,#8591,#8592);
#6684=AXIS2_PLACEMENT_3D('',#11137,#8593,#8594);
#6685=AXIS2_PLACEMENT_3D('',#11138,#8595,#8596);
#6686=AXIS2_PLACEMENT_3D('',#11139,#8597,#8598);
#6687=AXIS2_PLACEMENT_3D('',#11140,#8599,#8600);
#6688=AXIS2_PLACEMENT_3D('',#11141,#8601,#8602);
#6689=AXIS2_PLACEMENT_3D('',#11142,#8603,#8604);
#6690=AXIS2_PLACEMENT_3D('',#11219,#8605,#8606);
#6691=AXIS2_PLACEMENT_3D('',#11290,#8607,#8608);
#6692=AXIS2_PLACEMENT_3D('',#11292,#8610,#8611);
#6693=AXIS2_PLACEMENT_3D('',#11294,#8613,#8614);
#6694=AXIS2_PLACEMENT_3D('',#11296,#8616,#8617);
#6695=AXIS2_PLACEMENT_3D('',#11298,#8619,#8620);
#6696=AXIS2_PLACEMENT_3D('',#11300,#8621,#8622);
#6697=AXIS2_PLACEMENT_3D('',#11301,#8623,#8624);
#6698=AXIS2_PLACEMENT_3D('',#11303,#8626,#8627);
#6699=AXIS2_PLACEMENT_3D('',#11305,#8628,#8629);
#6700=AXIS2_PLACEMENT_3D('',#11306,#8630,#8631);
#6701=DIRECTION('axis',(0.,0.,1.));
#6702=DIRECTION('refdir',(1.,0.,0.));
#6703=DIRECTION('center_axis',(1.,0.,0.));
#6704=DIRECTION('ref_axis',(0.,-1.,0.));
#6705=DIRECTION('center_axis',(1.,-4.93038065763133E-32,2.22044604925031E-16));
#6706=DIRECTION('ref_axis',(0.,-1.,0.));
#6707=DIRECTION('',(1.,0.,0.));
#6708=DIRECTION('center_axis',(1.,0.,0.));
#6709=DIRECTION('ref_axis',(0.,-1.,0.));
#6710=DIRECTION('',(1.,0.,0.));
#6711=DIRECTION('center_axis',(0.,1.,0.));
#6712=DIRECTION('ref_axis',(0.,0.,1.));
#6713=DIRECTION('',(-2.22044604925031E-16,0.,1.));
#6714=DIRECTION('',(0.,0.,1.));
#6715=DIRECTION('center_axis',(-1.,4.93038065763133E-32,-2.22044604925031E-16));
#6716=DIRECTION('ref_axis',(-2.22044604925031E-16,0.,1.));
#6717=DIRECTION('center_axis',(-1.,4.93038065763133E-32,-2.22044604925031E-16));
#6718=DIRECTION('ref_axis',(7.70371977754894E-32,1.,-2.22044604925031E-16));
#6719=DIRECTION('center_axis',(1.,-4.93038065763133E-32,2.22044604925031E-16));
#6720=DIRECTION('ref_axis',(9.86076116832586E-32,1.,-2.22044604925031E-16));
#6721=DIRECTION('center_axis',(-1.,4.93038065763133E-32,-2.22044604925031E-16));
#6722=DIRECTION('ref_axis',(9.86076116832586E-32,1.,-2.22044604925031E-16));
#6723=DIRECTION('',(-1.,4.93038065763133E-32,-2.22044604925031E-16));
#6724=DIRECTION('center_axis',(1.,-4.93038065763133E-32,2.22044604925031E-16));
#6725=DIRECTION('ref_axis',(9.86076116832586E-32,1.,-2.22044604925031E-16));
#6726=DIRECTION('center_axis',(1.,-4.93038065763133E-32,2.22044604925031E-16));
#6727=DIRECTION('ref_axis',(-7.88860905221012E-32,-1.,2.22044604925031E-16));
#6728=DIRECTION('center_axis',(-1.,4.93038065763133E-32,-2.22044604925031E-16));
#6729=DIRECTION('ref_axis',(-7.88860905221012E-32,-1.,2.22044604925031E-16));
#6730=DIRECTION('',(-1.,4.93038065763132E-32,-2.22044604925031E-16));
#6731=DIRECTION('center_axis',(-1.,4.93038065763133E-32,-2.22044604925031E-16));
#6732=DIRECTION('ref_axis',(-7.88860905221012E-32,-1.,2.22044604925031E-16));
#6733=DIRECTION('center_axis',(1.,-4.93038065763133E-32,2.22044604925031E-16));
#6734=DIRECTION('ref_axis',(-9.86076131526265E-32,-1.,2.22044604925031E-16));
#6735=DIRECTION('center_axis',(1.,-4.93038065763133E-32,2.22044604925031E-16));
#6736=DIRECTION('ref_axis',(-9.86076131526265E-32,-1.,2.22044604925031E-16));
#6737=DIRECTION('center_axis',(1.,-4.93038065763133E-32,2.22044604925031E-16));
#6738=DIRECTION('ref_axis',(9.86076131526265E-32,1.,-2.22044604925031E-16));
#6739=DIRECTION('center_axis',(1.,-4.93038065763133E-32,2.22044604925031E-16));
#6740=DIRECTION('ref_axis',(7.70371977754894E-32,1.,-2.22044604925031E-16));
#6741=DIRECTION('center_axis',(-1.,4.93038065763133E-32,-2.22044604925031E-16));
#6742=DIRECTION('ref_axis',(7.70371977754894E-32,1.,-2.22044604925031E-16));
#6743=DIRECTION('',(-1.,4.93038065763133E-32,-2.22044604925031E-16));
#6744=DIRECTION('center_axis',(1.,0.,0.));
#6745=DIRECTION('ref_axis',(0.,-1.,1.22464679914735E-16));
#6746=DIRECTION('center_axis',(1.,0.,0.));
#6747=DIRECTION('ref_axis',(0.,1.,0.));
#6748=DIRECTION('',(1.,0.,0.));
#6749=DIRECTION('center_axis',(-1.,4.93038065763133E-32,-2.22044604925031E-16));
#6750=DIRECTION('ref_axis',(0.,1.,0.));
#6751=DIRECTION('',(1.,0.,0.));
#6752=DIRECTION('center_axis',(0.,1.,0.));
#6753=DIRECTION('ref_axis',(0.,0.,1.));
#6754=DIRECTION('',(0.,0.,1.));
#6755=DIRECTION('',(2.22044604925031E-16,0.,-1.));
#6756=DIRECTION('center_axis',(1.,-4.93038065763133E-32,2.22044604925031E-16));
#6757=DIRECTION('ref_axis',(2.22044604925031E-16,0.,-1.));
#6758=DIRECTION('center_axis',(1.,-4.93038065763133E-32,2.22044604925031E-16));
#6759=DIRECTION('ref_axis',(-7.70371977754894E-32,-1.,2.22044604925031E-16));
#6760=DIRECTION('center_axis',(-1.,4.93038065763133E-32,-2.22044604925031E-16));
#6761=DIRECTION('ref_axis',(-9.86076116832586E-32,-1.,2.22044604925031E-16));
#6762=DIRECTION('center_axis',(-1.,4.93038065763133E-32,-2.22044604925031E-16));
#6763=DIRECTION('ref_axis',(-9.86076116832586E-32,-1.,2.22044604925031E-16));
#6764=DIRECTION('',(1.,-4.93038065763133E-32,2.22044604925031E-16));
#6765=DIRECTION('center_axis',(-1.,4.93038065763133E-32,-2.22044604925031E-16));
#6766=DIRECTION('ref_axis',(-9.86076116832586E-32,-1.,2.22044604925031E-16));
#6767=DIRECTION('center_axis',(-1.,4.93038065763133E-32,-2.22044604925031E-16));
#6768=DIRECTION('ref_axis',(7.88860905221012E-32,1.,-2.22044604925031E-16));
#6769=DIRECTION('center_axis',(1.,-4.93038065763133E-32,2.22044604925031E-16));
#6770=DIRECTION('ref_axis',(7.88860905221012E-32,1.,-2.22044604925031E-16));
#6771=DIRECTION('',(1.,-4.93038065763132E-32,2.22044604925031E-16));
#6772=DIRECTION('center_axis',(1.,-4.93038065763133E-32,2.22044604925031E-16));
#6773=DIRECTION('ref_axis',(7.88860905221012E-32,1.,-2.22044604925031E-16));
#6774=DIRECTION('center_axis',(-1.,4.93038065763133E-32,-2.22044604925031E-16));
#6775=DIRECTION('ref_axis',(-9.86076131526265E-32,-1.,2.22044604925031E-16));
#6776=DIRECTION('center_axis',(-1.,4.93038065763133E-32,-2.22044604925031E-16));
#6777=DIRECTION('ref_axis',(-9.86076131526265E-32,-1.,2.22044604925031E-16));
#6778=DIRECTION('center_axis',(-1.,4.93038065763133E-32,-2.22044604925031E-16));
#6779=DIRECTION('ref_axis',(-9.86076131526265E-32,-1.,2.22044604925031E-16));
#6780=DIRECTION('center_axis',(1.,-4.93038065763133E-32,2.22044604925031E-16));
#6781=DIRECTION('ref_axis',(-7.70371977754894E-32,-1.,2.22044604925031E-16));
#6782=DIRECTION('center_axis',(1.,-4.93038065763133E-32,2.22044604925031E-16));
#6783=DIRECTION('ref_axis',(-7.70371977754894E-32,-1.,2.22044604925031E-16));
#6784=DIRECTION('',(1.,-4.93038065763133E-32,2.22044604925031E-16));
#6785=DIRECTION('center_axis',(-1.,0.,0.));
#6786=DIRECTION('ref_axis',(8.98033619782848E-32,1.,-2.22044604925031E-16));
#6787=DIRECTION('center_axis',(1.,-4.93038065763133E-32,2.22044604925031E-16));
#6788=DIRECTION('ref_axis',(9.86076131526265E-32,1.,-2.22044604925031E-16));
#6789=DIRECTION('',(0.707106781186547,0.707106781186548,-2.43604851491927E-16));
#6790=DIRECTION('center_axis',(-1.,4.93038065763133E-32,-2.22044604925031E-16));
#6791=DIRECTION('ref_axis',(7.88860905221012E-32,1.,-2.22044604925031E-16));
#6792=DIRECTION('center_axis',(-1.,4.93038065763133E-32,-2.22044604925031E-16));
#6793=DIRECTION('ref_axis',(1.23259516440783E-31,1.,-2.22044604925031E-16));
#6794=DIRECTION('center_axis',(1.,-4.93038065763133E-32,2.22044604925031E-16));
#6795=DIRECTION('ref_axis',(2.21821020783012E-16,0.0448648303505181,-0.998993066541315));
#6796=DIRECTION('center_axis',(-1.,4.93038065763133E-32,-2.22044604925031E-16));
#6797=DIRECTION('ref_axis',(1.02716263700652E-31,1.,-2.22044604925031E-16));
#6798=DIRECTION('center_axis',(1.,-4.93038065763133E-32,2.22044604925031E-16));
#6799=DIRECTION('ref_axis',(-2.21821020783012E-16,-0.0448648303505184,0.998993066541314));
#6800=DIRECTION('center_axis',(-1.,4.93038065763133E-32,-2.22044604925031E-16));
#6801=DIRECTION('ref_axis',(1.02716263700652E-31,1.,-2.22044604925031E-16));
#6802=DIRECTION('center_axis',(1.,-4.93038065763133E-32,2.22044604925031E-16));
#6803=DIRECTION('ref_axis',(-2.21821020783012E-16,-0.0448648303505181,0.998993066541315));
#6804=DIRECTION('center_axis',(1.,-4.93038065763133E-32,2.22044604925031E-16));
#6805=DIRECTION('ref_axis',(1.12694415031573E-31,1.,-2.22044604925031E-16));
#6806=DIRECTION('center_axis',(1.,-4.93038065763133E-32,2.22044604925031E-16));
#6807=DIRECTION('ref_axis',(2.16477483090798E-16,0.222520933956318,-0.974927912181823));
#6808=DIRECTION('center_axis',(-1.,4.93038065763133E-32,-2.22044604925031E-16));
#6809=DIRECTION('ref_axis',(1.02716263700652E-31,1.,-2.22044604925031E-16));
#6810=DIRECTION('center_axis',(1.,-4.93038065763133E-32,2.22044604925031E-16));
#6811=DIRECTION('ref_axis',(-2.16477483090798E-16,-0.222520933956318,0.974927912181823));
#6812=DIRECTION('center_axis',(-1.,4.93038065763133E-32,-2.22044604925031E-16));
#6813=DIRECTION('ref_axis',(1.02716263700652E-31,1.,-2.22044604925031E-16));
#6814=DIRECTION('center_axis',(1.,-4.93038065763133E-32,2.22044604925031E-16));
#6815=DIRECTION('ref_axis',(-2.16477483090798E-16,-0.222520933956318,0.974927912181823));
#6816=DIRECTION('center_axis',(1.,-4.93038065763133E-32,2.22044604925031E-16));
#6817=DIRECTION('ref_axis',(1.12694415031573E-31,1.,-2.22044604925031E-16));
#6818=DIRECTION('center_axis',(1.,-4.93038065763133E-32,2.22044604925031E-16));
#6819=DIRECTION('ref_axis',(2.04176180973781E-16,0.393025031653927,-0.919527772551449));
#6820=DIRECTION('center_axis',(-1.,4.93038065763133E-32,-2.22044604925031E-16));
#6821=DIRECTION('ref_axis',(1.02716263700653E-31,1.,-2.22044604925031E-16));
#6822=DIRECTION('center_axis',(1.,-4.93038065763133E-32,2.22044604925031E-16));
#6823=DIRECTION('ref_axis',(-2.04176180973781E-16,-0.393025031653928,0.919527772551449));
#6824=DIRECTION('center_axis',(-1.,4.93038065763133E-32,-2.22044604925031E-16));
#6825=DIRECTION('ref_axis',(1.02716263700653E-31,1.,-2.22044604925031E-16));
#6826=DIRECTION('center_axis',(1.,-4.93038065763133E-32,2.22044604925031E-16));
#6827=DIRECTION('ref_axis',(-2.0417618097378E-16,-0.393025031653928,0.919527772551449));
#6828=DIRECTION('center_axis',(1.,-4.93038065763133E-32,2.22044604925031E-16));
#6829=DIRECTION('ref_axis',(1.12694415031573E-31,1.,-2.22044604925031E-16));
#6830=DIRECTION('center_axis',(1.,-4.93038065763133E-32,2.22044604925031E-16));
#6831=DIRECTION('ref_axis',(1.85312488403544E-16,0.550896981452106,-0.8345732537213));
#6832=DIRECTION('center_axis',(-1.,4.93038065763133E-32,-2.22044604925031E-16));
#6833=DIRECTION('ref_axis',(1.02716263700653E-31,1.,-2.22044604925031E-16));
#6834=DIRECTION('center_axis',(1.,-4.93038065763133E-32,2.22044604925031E-16));
#6835=DIRECTION('ref_axis',(-1.85312488403544E-16,-0.550896981452106,0.8345732537213));
#6836=DIRECTION('center_axis',(-1.,4.93038065763133E-32,-2.22044604925031E-16));
#6837=DIRECTION('ref_axis',(1.02716263700653E-31,1.,-2.22044604925031E-16));
#6838=DIRECTION('center_axis',(1.,-4.93038065763133E-32,2.22044604925031E-16));
#6839=DIRECTION('ref_axis',(-1.85312488403544E-16,-0.550896981452106,0.8345732537213));
#6840=DIRECTION('center_axis',(1.,-4.93038065763133E-32,2.22044604925031E-16));
#6841=DIRECTION('ref_axis',(-8.45208112736798E-32,1.,6.66133814775094E-16));
#6842=DIRECTION('center_axis',(1.,-4.93038065763133E-32,2.22044604925031E-16));
#6843=DIRECTION('ref_axis',(1.60492699980394E-16,0.691062648986868,-0.722794863827388));
#6844=DIRECTION('center_axis',(-1.,4.93038065763133E-32,-2.22044604925031E-16));
#6845=DIRECTION('ref_axis',(1.02716263700653E-31,1.,-2.22044604925031E-16));
#6846=DIRECTION('center_axis',(1.,-4.93038065763133E-32,2.22044604925031E-16));
#6847=DIRECTION('ref_axis',(-1.60492699980394E-16,-0.691062648986868,0.722794863827388));
#6848=DIRECTION('center_axis',(-1.,4.93038065763133E-32,-2.22044604925031E-16));
#6849=DIRECTION('ref_axis',(1.02716263700653E-31,1.,-2.22044604925031E-16));
#6850=DIRECTION('center_axis',(1.,-4.93038065763133E-32,2.22044604925031E-16));
#6851=DIRECTION('ref_axis',(-1.60492699980394E-16,-0.691062648986868,0.722794863827388));
#6852=DIRECTION('center_axis',(1.,-4.93038065763133E-32,2.22044604925031E-16));
#6853=DIRECTION('ref_axis',(1.12694415031573E-31,1.,-2.22044604925031E-16));
#6854=DIRECTION('center_axis',(1.,-4.93038065763133E-32,2.22044604925031E-16));
#6855=DIRECTION('ref_axis',(1.30514544126041E-16,0.809016994374951,-0.587785252292468));
#6856=DIRECTION('center_axis',(-1.,4.93038065763133E-32,-2.22044604925031E-16));
#6857=DIRECTION('ref_axis',(1.02716263700653E-31,1.,-2.22044604925031E-16));
#6858=DIRECTION('center_axis',(1.,-4.93038065763133E-32,2.22044604925031E-16));
#6859=DIRECTION('ref_axis',(-1.30514544126041E-16,-0.809016994374951,0.587785252292469));
#6860=DIRECTION('center_axis',(-1.,4.93038065763133E-32,-2.22044604925031E-16));
#6861=DIRECTION('ref_axis',(1.02716263700653E-31,1.,-2.22044604925031E-16));
#6862=DIRECTION('center_axis',(1.,-4.93038065763133E-32,2.22044604925031E-16));
#6863=DIRECTION('ref_axis',(-1.30514544126041E-16,-0.809016994374951,0.587785252292468));
#6864=DIRECTION('center_axis',(1.,-4.93038065763133E-32,2.22044604925031E-16));
#6865=DIRECTION('ref_axis',(1.12694415031573E-31,1.,-2.22044604925031E-16));
#6866=DIRECTION('center_axis',(1.,-4.93038065763133E-32,2.22044604925031E-16));
#6867=DIRECTION('ref_axis',(9.63415434357523E-17,0.900968867902422,-0.433883739117553));
#6868=DIRECTION('center_axis',(-1.,4.93038065763133E-32,-2.22044604925031E-16));
#6869=DIRECTION('ref_axis',(1.02716263700653E-31,1.,-2.22044604925031E-16));
#6870=DIRECTION('center_axis',(1.,-4.93038065763133E-32,2.22044604925031E-16));
#6871=DIRECTION('ref_axis',(-9.63415434357524E-17,-0.900968867902422,0.433883739117553));
#6872=DIRECTION('center_axis',(-1.,4.93038065763133E-32,-2.22044604925031E-16));
#6873=DIRECTION('ref_axis',(1.02716263700653E-31,1.,-2.22044604925031E-16));
#6874=DIRECTION('center_axis',(1.,-4.93038065763133E-32,2.22044604925031E-16));
#6875=DIRECTION('ref_axis',(-9.63415434357524E-17,-0.900968867902422,0.433883739117553));
#6876=DIRECTION('center_axis',(1.,-4.93038065763133E-32,2.22044604925031E-16));
#6877=DIRECTION('ref_axis',(1.12694415031573E-31,1.,-2.22044604925031E-16));
#6878=DIRECTION('center_axis',(1.,-4.93038065763133E-32,2.22044604925031E-16));
#6879=DIRECTION('ref_axis',(5.90720462693527E-17,0.963962860695855,-0.266036845566669));
#6880=DIRECTION('center_axis',(-1.,4.93038065763133E-32,-2.22044604925031E-16));
#6881=DIRECTION('ref_axis',(1.02716263700653E-31,1.,-2.22044604925031E-16));
#6882=DIRECTION('center_axis',(1.,-4.93038065763133E-32,2.22044604925031E-16));
#6883=DIRECTION('ref_axis',(-5.90720462693526E-17,-0.963962860695855,0.266036845566669));
#6884=DIRECTION('center_axis',(-1.,4.93038065763133E-32,-2.22044604925031E-16));
#6885=DIRECTION('ref_axis',(1.02716263700653E-31,1.,-2.22044604925031E-16));
#6886=DIRECTION('center_axis',(1.,-4.93038065763133E-32,2.22044604925031E-16));
#6887=DIRECTION('ref_axis',(-5.90720462693527E-17,-0.963962860695855,0.266036845566669));
#6888=DIRECTION('center_axis',(1.,-4.93038065763133E-32,2.22044604925031E-16));
#6889=DIRECTION('ref_axis',(1.12694415031573E-31,1.,-2.22044604925031E-16));
#6890=DIRECTION('center_axis',(1.,-4.93038065763133E-32,2.22044604925031E-16));
#6891=DIRECTION('ref_axis',(1.99039249312143E-17,0.99597429399524,-0.0896393089034269));
#6892=DIRECTION('center_axis',(-1.,4.93038065763133E-32,-2.22044604925031E-16));
#6893=DIRECTION('ref_axis',(1.02716263700653E-31,1.,-2.22044604925031E-16));
#6894=DIRECTION('center_axis',(1.,-4.93038065763133E-32,2.22044604925031E-16));
#6895=DIRECTION('ref_axis',(-1.99039249312143E-17,-0.99597429399524,0.0896393089034268));
#6896=DIRECTION('center_axis',(-1.,4.93038065763133E-32,-2.22044604925031E-16));
#6897=DIRECTION('ref_axis',(1.02716263700653E-31,1.,-2.22044604925031E-16));
#6898=DIRECTION('center_axis',(1.,-4.93038065763133E-32,2.22044604925031E-16));
#6899=DIRECTION('ref_axis',(-1.99039249312143E-17,-0.99597429399524,0.0896393089034269));
#6900=DIRECTION('center_axis',(1.,-4.93038065763133E-32,2.22044604925031E-16));
#6901=DIRECTION('ref_axis',(1.12694415031573E-31,1.,-2.22044604925031E-16));
#6902=DIRECTION('center_axis',(1.,-4.93038065763133E-32,2.22044604925031E-16));
#6903=DIRECTION('ref_axis',(-1.99039249312173E-17,0.995974293995238,0.0896393089034411));
#6904=DIRECTION('center_axis',(-1.,4.93038065763133E-32,-2.22044604925031E-16));
#6905=DIRECTION('ref_axis',(1.02716263700653E-31,1.,-2.22044604925031E-16));
#6906=DIRECTION('center_axis',(1.,-4.93038065763133E-32,2.22044604925031E-16));
#6907=DIRECTION('ref_axis',(1.99039249312172E-17,-0.995974293995238,-0.0896393089034407));
#6908=DIRECTION('center_axis',(-1.,4.93038065763133E-32,-2.22044604925031E-16));
#6909=DIRECTION('ref_axis',(1.02716263700653E-31,1.,-2.22044604925031E-16));
#6910=DIRECTION('center_axis',(1.,-4.93038065763133E-32,2.22044604925031E-16));
#6911=DIRECTION('ref_axis',(1.99039249312172E-17,-0.995974293995238,-0.0896393089034406));
#6912=DIRECTION('center_axis',(1.,-4.93038065763133E-32,2.22044604925031E-16));
#6913=DIRECTION('ref_axis',(1.12694415031573E-31,1.,-2.22044604925031E-16));
#6914=DIRECTION('center_axis',(1.,-4.93038065763133E-32,2.22044604925031E-16));
#6915=DIRECTION('ref_axis',(-5.90720462693555E-17,0.963962860695851,0.266036845566683));
#6916=DIRECTION('center_axis',(-1.,4.93038065763133E-32,-2.22044604925031E-16));
#6917=DIRECTION('ref_axis',(1.02716263700653E-31,1.,-2.22044604925031E-16));
#6918=DIRECTION('center_axis',(1.,-4.93038065763133E-32,2.22044604925031E-16));
#6919=DIRECTION('ref_axis',(5.90720462693555E-17,-0.963962860695851,-0.266036845566683));
#6920=DIRECTION('center_axis',(-1.,4.93038065763133E-32,-2.22044604925031E-16));
#6921=DIRECTION('ref_axis',(1.02716263700653E-31,1.,-2.22044604925031E-16));
#6922=DIRECTION('center_axis',(1.,-4.93038065763133E-32,2.22044604925031E-16));
#6923=DIRECTION('ref_axis',(5.90720462693555E-17,-0.963962860695851,-0.266036845566683));
#6924=DIRECTION('center_axis',(1.,-4.93038065763133E-32,2.22044604925031E-16));
#6925=DIRECTION('ref_axis',(1.12694415031573E-31,1.,-2.22044604925031E-16));
#6926=DIRECTION('center_axis',(1.,-4.93038065763133E-32,2.22044604925031E-16));
#6927=DIRECTION('ref_axis',(-9.63415434357552E-17,0.900968867902415,0.433883739117566));
#6928=DIRECTION('center_axis',(-1.,4.93038065763133E-32,-2.22044604925031E-16));
#6929=DIRECTION('ref_axis',(1.02716263700653E-31,1.,-2.22044604925031E-16));
#6930=DIRECTION('center_axis',(1.,-4.93038065763133E-32,2.22044604925031E-16));
#6931=DIRECTION('ref_axis',(9.63415434357551E-17,-0.900968867902416,-0.433883739117565));
#6932=DIRECTION('center_axis',(-1.,4.93038065763133E-32,-2.22044604925031E-16));
#6933=DIRECTION('ref_axis',(1.02716263700653E-31,1.,-2.22044604925031E-16));
#6934=DIRECTION('center_axis',(1.,-4.93038065763133E-32,2.22044604925031E-16));
#6935=DIRECTION('ref_axis',(9.63415434357551E-17,-0.900968867902415,-0.433883739117566));
#6936=DIRECTION('center_axis',(1.,-4.93038065763133E-32,2.22044604925031E-16));
#6937=DIRECTION('ref_axis',(1.12694415031573E-31,1.,-2.22044604925031E-16));
#6938=DIRECTION('center_axis',(1.,-4.93038065763133E-32,2.22044604925031E-16));
#6939=DIRECTION('ref_axis',(-1.30514544126044E-16,0.809016994374942,0.58778525229248));
#6940=DIRECTION('center_axis',(-1.,4.93038065763133E-32,-2.22044604925031E-16));
#6941=DIRECTION('ref_axis',(1.02716263700653E-31,1.,-2.22044604925031E-16));
#6942=DIRECTION('center_axis',(1.,-4.93038065763133E-32,2.22044604925031E-16));
#6943=DIRECTION('ref_axis',(1.30514544126044E-16,-0.809016994374942,-0.58778525229248));
#6944=DIRECTION('center_axis',(-1.,4.93038065763133E-32,-2.22044604925031E-16));
#6945=DIRECTION('ref_axis',(1.02716263700653E-31,1.,-2.22044604925031E-16));
#6946=DIRECTION('center_axis',(1.,-4.93038065763133E-32,2.22044604925031E-16));
#6947=DIRECTION('ref_axis',(1.30514544126044E-16,-0.809016994374942,-0.58778525229248));
#6948=DIRECTION('center_axis',(1.,-4.93038065763133E-32,2.22044604925031E-16));
#6949=DIRECTION('ref_axis',(1.12694415031573E-31,1.,-2.22044604925031E-16));
#6950=DIRECTION('center_axis',(1.,-4.93038065763133E-32,2.22044604925031E-16));
#6951=DIRECTION('ref_axis',(-1.60492699980396E-16,0.691062648986858,0.722794863827398));
#6952=DIRECTION('center_axis',(-1.,4.93038065763133E-32,-2.22044604925031E-16));
#6953=DIRECTION('ref_axis',(1.02716263700653E-31,1.,-2.22044604925031E-16));
#6954=DIRECTION('center_axis',(1.,-4.93038065763133E-32,2.22044604925031E-16));
#6955=DIRECTION('ref_axis',(1.60492699980396E-16,-0.691062648986858,-0.722794863827398));
#6956=DIRECTION('center_axis',(-1.,4.93038065763133E-32,-2.22044604925031E-16));
#6957=DIRECTION('ref_axis',(1.02716263700653E-31,1.,-2.22044604925031E-16));
#6958=DIRECTION('center_axis',(1.,-4.93038065763133E-32,2.22044604925031E-16));
#6959=DIRECTION('ref_axis',(1.60492699980396E-16,-0.691062648986858,-0.722794863827398));
#6960=DIRECTION('center_axis',(1.,-4.93038065763133E-32,2.22044604925031E-16));
#6961=DIRECTION('ref_axis',(1.12694415031573E-31,1.,-2.22044604925031E-16));
#6962=DIRECTION('center_axis',(1.,-4.93038065763133E-32,2.22044604925031E-16));
#6963=DIRECTION('ref_axis',(-1.85312488403546E-16,0.550896981452094,0.834573253721308));
#6964=DIRECTION('center_axis',(-1.,4.93038065763133E-32,-2.22044604925031E-16));
#6965=DIRECTION('ref_axis',(1.02716263700653E-31,1.,-2.22044604925031E-16));
#6966=DIRECTION('center_axis',(1.,-4.93038065763133E-32,2.22044604925031E-16));
#6967=DIRECTION('ref_axis',(1.85312488403546E-16,-0.550896981452095,-0.834573253721308));
#6968=DIRECTION('center_axis',(-1.,4.93038065763133E-32,-2.22044604925031E-16));
#6969=DIRECTION('ref_axis',(1.02716263700653E-31,1.,-2.22044604925031E-16));
#6970=DIRECTION('center_axis',(1.,-4.93038065763133E-32,2.22044604925031E-16));
#6971=DIRECTION('ref_axis',(1.85312488403546E-16,-0.550896981452095,-0.834573253721308));
#6972=DIRECTION('center_axis',(1.,-4.93038065763133E-32,2.22044604925031E-16));
#6973=DIRECTION('ref_axis',(1.12694415031573E-31,1.,-2.22044604925031E-16));
#6974=DIRECTION('center_axis',(1.,-4.93038065763133E-32,2.22044604925031E-16));
#6975=DIRECTION('ref_axis',(-2.04176180973782E-16,0.393025031653915,0.919527772551454));
#6976=DIRECTION('center_axis',(-1.,4.93038065763133E-32,-2.22044604925031E-16));
#6977=DIRECTION('ref_axis',(1.02716263700653E-31,1.,-2.22044604925031E-16));
#6978=DIRECTION('center_axis',(1.,-4.93038065763133E-32,2.22044604925031E-16));
#6979=DIRECTION('ref_axis',(2.04176180973782E-16,-0.393025031653915,-0.919527772551454));
#6980=DIRECTION('center_axis',(-1.,4.93038065763133E-32,-2.22044604925031E-16));
#6981=DIRECTION('ref_axis',(1.02716263700653E-31,1.,-2.22044604925031E-16));
#6982=DIRECTION('center_axis',(1.,-4.93038065763133E-32,2.22044604925031E-16));
#6983=DIRECTION('ref_axis',(2.04176180973782E-16,-0.393025031653915,-0.919527772551454));
#6984=DIRECTION('center_axis',(1.,-4.93038065763133E-32,2.22044604925031E-16));
#6985=DIRECTION('ref_axis',(1.12694415031573E-31,1.,-2.22044604925031E-16));
#6986=DIRECTION('center_axis',(1.,-4.93038065763133E-32,2.22044604925031E-16));
#6987=DIRECTION('ref_axis',(-2.16477483090799E-16,0.222520933956304,0.974927912181826));
#6988=DIRECTION('center_axis',(-1.,4.93038065763133E-32,-2.22044604925031E-16));
#6989=DIRECTION('ref_axis',(1.02716263700652E-31,1.,-2.22044604925031E-16));
#6990=DIRECTION('center_axis',(1.,-4.93038065763133E-32,2.22044604925031E-16));
#6991=DIRECTION('ref_axis',(2.16477483090799E-16,-0.222520933956304,-0.974927912181826));
#6992=DIRECTION('center_axis',(-1.,4.93038065763133E-32,-2.22044604925031E-16));
#6993=DIRECTION('ref_axis',(1.02716263700652E-31,1.,-2.22044604925031E-16));
#6994=DIRECTION('center_axis',(1.,-4.93038065763133E-32,2.22044604925031E-16));
#6995=DIRECTION('ref_axis',(2.16477483090799E-16,-0.222520933956304,-0.974927912181826));
#6996=DIRECTION('center_axis',(1.,-4.93038065763133E-32,2.22044604925031E-16));
#6997=DIRECTION('ref_axis',(1.12694415031573E-31,1.,-2.22044604925031E-16));
#6998=DIRECTION('center_axis',(1.,-4.93038065763133E-32,2.22044604925031E-16));
#6999=DIRECTION('ref_axis',(-2.21821020783012E-16,0.0448648303505048,0.998993066541315));
#7000=DIRECTION('center_axis',(-1.,4.93038065763133E-32,-2.22044604925031E-16));
#7001=DIRECTION('ref_axis',(1.02716263700652E-31,1.,-2.22044604925031E-16));
#7002=DIRECTION('center_axis',(1.,-4.93038065763133E-32,2.22044604925031E-16));
#7003=DIRECTION('ref_axis',(2.21821020783012E-16,-0.0448648303505047,-0.998993066541315));
#7004=DIRECTION('center_axis',(-1.,4.93038065763133E-32,-2.22044604925031E-16));
#7005=DIRECTION('ref_axis',(1.02716263700652E-31,1.,-2.22044604925031E-16));
#7006=DIRECTION('center_axis',(1.,-4.93038065763133E-32,2.22044604925031E-16));
#7007=DIRECTION('ref_axis',(2.21821020783012E-16,-0.0448648303505048,-0.998993066541315));
#7008=DIRECTION('center_axis',(1.,-4.93038065763133E-32,2.22044604925031E-16));
#7009=DIRECTION('ref_axis',(1.12694415031573E-31,1.,-2.22044604925031E-16));
#7010=DIRECTION('center_axis',(1.,-4.93038065763133E-32,2.22044604925031E-16));
#7011=DIRECTION('ref_axis',(-2.20035048352315E-16,-0.134233265817667,0.990949761767933));
#7012=DIRECTION('center_axis',(-1.,4.93038065763133E-32,-2.22044604925031E-16));
#7013=DIRECTION('ref_axis',(1.02716263700652E-31,1.,-2.22044604925031E-16));
#7014=DIRECTION('center_axis',(1.,-4.93038065763133E-32,2.22044604925031E-16));
#7015=DIRECTION('ref_axis',(2.20035048352315E-16,0.134233265817667,-0.990949761767933));
#7016=DIRECTION('center_axis',(-1.,4.93038065763133E-32,-2.22044604925031E-16));
#7017=DIRECTION('ref_axis',(1.02716263700652E-31,1.,-2.22044604925031E-16));
#7018=DIRECTION('center_axis',(1.,-4.93038065763133E-32,2.22044604925031E-16));
#7019=DIRECTION('ref_axis',(2.20035048352315E-16,0.134233265817666,-0.990949761767933));
#7020=DIRECTION('center_axis',(1.,-4.93038065763133E-32,2.22044604925031E-16));
#7021=DIRECTION('ref_axis',(1.12694415031573E-31,1.,-2.22044604925031E-16));
#7022=DIRECTION('center_axis',(1.,-4.93038065763133E-32,2.22044604925031E-16));
#7023=DIRECTION('ref_axis',(-2.11176968422133E-16,-0.309016994374958,0.95105651629515));
#7024=DIRECTION('center_axis',(-1.,4.93038065763133E-32,-2.22044604925031E-16));
#7025=DIRECTION('ref_axis',(1.02716263700653E-31,1.,-2.22044604925031E-16));
#7026=DIRECTION('center_axis',(1.,-4.93038065763133E-32,2.22044604925031E-16));
#7027=DIRECTION('ref_axis',(2.11176968422133E-16,0.309016994374958,-0.95105651629515));
#7028=DIRECTION('center_axis',(-1.,4.93038065763133E-32,-2.22044604925031E-16));
#7029=DIRECTION('ref_axis',(1.02716263700653E-31,1.,-2.22044604925031E-16));
#7030=DIRECTION('center_axis',(1.,-4.93038065763133E-32,2.22044604925031E-16));
#7031=DIRECTION('ref_axis',(2.11176968422133E-16,0.309016994374958,-0.95105651629515));
#7032=DIRECTION('center_axis',(1.,-4.93038065763133E-32,2.22044604925031E-16));
#7033=DIRECTION('ref_axis',(1.12694415031573E-31,1.,-2.22044604925031E-16));
#7034=DIRECTION('center_axis',(1.,-4.93038065763133E-32,2.22044604925031E-16));
#7035=DIRECTION('ref_axis',(-1.95531486969876E-16,-0.473868662473009,0.880595531856732));
#7036=DIRECTION('center_axis',(-1.,4.93038065763133E-32,-2.22044604925031E-16));
#7037=DIRECTION('ref_axis',(1.02716263700653E-31,1.,-2.22044604925031E-16));
#7038=DIRECTION('center_axis',(1.,-4.93038065763133E-32,2.22044604925031E-16));
#7039=DIRECTION('ref_axis',(1.95531486969876E-16,0.473868662473009,-0.880595531856732));
#7040=DIRECTION('center_axis',(-1.,4.93038065763133E-32,-2.22044604925031E-16));
#7041=DIRECTION('ref_axis',(1.02716263700653E-31,1.,-2.22044604925031E-16));
#7042=DIRECTION('center_axis',(1.,-4.93038065763133E-32,2.22044604925031E-16));
#7043=DIRECTION('ref_axis',(1.95531486969876E-16,0.473868662473009,-0.880595531856732));
#7044=DIRECTION('center_axis',(1.,-4.93038065763133E-32,2.22044604925031E-16));
#7045=DIRECTION('ref_axis',(1.12694415031573E-31,1.,-2.22044604925031E-16));
#7046=DIRECTION('center_axis',(1.,-4.93038065763133E-32,2.22044604925031E-16));
#7047=DIRECTION('ref_axis',(-1.73601462642564E-16,-0.623489801858743,0.781831482468022));
#7048=DIRECTION('center_axis',(-1.,4.93038065763133E-32,-2.22044604925031E-16));
#7049=DIRECTION('ref_axis',(1.02716263700653E-31,1.,-2.22044604925031E-16));
#7050=DIRECTION('center_axis',(1.,-4.93038065763133E-32,2.22044604925031E-16));
#7051=DIRECTION('ref_axis',(1.73601462642564E-16,0.623489801858743,-0.781831482468022));
#7052=DIRECTION('center_axis',(-1.,4.93038065763133E-32,-2.22044604925031E-16));
#7053=DIRECTION('ref_axis',(1.02716263700653E-31,1.,-2.22044604925031E-16));
#7054=DIRECTION('center_axis',(1.,-4.93038065763133E-32,2.22044604925031E-16));
#7055=DIRECTION('ref_axis',(1.73601462642564E-16,0.623489801858743,-0.781831482468022));
#7056=DIRECTION('center_axis',(1.,-4.93038065763133E-32,2.22044604925031E-16));
#7057=DIRECTION('ref_axis',(1.12694415031573E-31,1.,-2.22044604925031E-16));
#7058=DIRECTION('center_axis',(1.,-4.93038065763133E-32,2.22044604925031E-16));
#7059=DIRECTION('ref_axis',(-1.4609174446616E-16,-0.75307146600362,0.657938725939703));
#7060=DIRECTION('center_axis',(-1.,4.93038065763133E-32,-2.22044604925031E-16));
#7061=DIRECTION('ref_axis',(1.02716263700653E-31,1.,-2.22044604925031E-16));
#7062=DIRECTION('center_axis',(1.,-4.93038065763133E-32,2.22044604925031E-16));
#7063=DIRECTION('ref_axis',(1.4609174446616E-16,0.75307146600362,-0.657938725939703));
#7064=DIRECTION('center_axis',(-1.,4.93038065763133E-32,-2.22044604925031E-16));
#7065=DIRECTION('ref_axis',(1.02716263700653E-31,1.,-2.22044604925031E-16));
#7066=DIRECTION('center_axis',(1.,-4.93038065763133E-32,2.22044604925031E-16));
#7067=DIRECTION('ref_axis',(1.4609174446616E-16,0.753071466003619,-0.657938725939703));
#7068=DIRECTION('center_axis',(1.,-4.93038065763133E-32,2.22044604925031E-16));
#7069=DIRECTION('ref_axis',(-4.6204710162945E-30,1.,2.1094237467878E-14));
#7070=DIRECTION('center_axis',(1.,-4.93038065763133E-32,2.22044604925031E-16));
#7071=DIRECTION('ref_axis',(-1.13886517417926E-16,-0.858448793601873,0.512899277405895));
#7072=DIRECTION('center_axis',(-1.,4.93038065763133E-32,-2.22044604925031E-16));
#7073=DIRECTION('ref_axis',(1.02716263700653E-31,1.,-2.22044604925031E-16));
#7074=DIRECTION('center_axis',(1.,-4.93038065763133E-32,2.22044604925031E-16));
#7075=DIRECTION('ref_axis',(1.13886517417926E-16,0.858448793601873,-0.512899277405895));
#7076=DIRECTION('center_axis',(-1.,4.93038065763133E-32,-2.22044604925031E-16));
#7077=DIRECTION('ref_axis',(1.02716263700653E-31,1.,-2.22044604925031E-16));
#7078=DIRECTION('center_axis',(1.,-4.93038065763133E-32,2.22044604925031E-16));
#7079=DIRECTION('ref_axis',(1.13886517417926E-16,0.858448793601873,-0.512899277405895));
#7080=DIRECTION('center_axis',(1.,-4.93038065763133E-32,2.22044604925031E-16));
#7081=DIRECTION('ref_axis',(-4.6204710162945E-30,1.,2.1094237467878E-14));
#7082=DIRECTION('center_axis',(1.,-4.93038065763133E-32,2.22044604925031E-16));
#7083=DIRECTION('ref_axis',(-7.80208839937415E-17,-0.936234870639742,0.351374824081331));
#7084=DIRECTION('center_axis',(-1.,4.93038065763133E-32,-2.22044604925031E-16));
#7085=DIRECTION('ref_axis',(1.02716263700653E-31,1.,-2.22044604925031E-16));
#7086=DIRECTION('center_axis',(1.,-4.93038065763133E-32,2.22044604925031E-16));
#7087=DIRECTION('ref_axis',(7.80208839937415E-17,0.936234870639742,-0.351374824081331));
#7088=DIRECTION('center_axis',(-1.,4.93038065763133E-32,-2.22044604925031E-16));
#7089=DIRECTION('ref_axis',(1.02716263700653E-31,1.,-2.22044604925031E-16));
#7090=DIRECTION('center_axis',(1.,-4.93038065763133E-32,2.22044604925031E-16));
#7091=DIRECTION('ref_axis',(7.80208839937414E-17,0.936234870639742,-0.35137482408133));
#7092=DIRECTION('center_axis',(1.,-4.93038065763133E-32,2.22044604925031E-16));
#7093=DIRECTION('ref_axis',(-2.25388830063146E-30,1.,1.04360964314765E-14));
#7094=DIRECTION('center_axis',(1.,-4.93038065763133E-32,2.22044604925031E-16));
#7095=DIRECTION('ref_axis',(-3.96475951622007E-17,-0.983929588598632,0.178556894798623));
#7096=DIRECTION('center_axis',(-1.,4.93038065763133E-32,-2.22044604925031E-16));
#7097=DIRECTION('ref_axis',(1.02716263700653E-31,1.,-2.22044604925031E-16));
#7098=DIRECTION('center_axis',(1.,-4.93038065763133E-32,2.22044604925031E-16));
#7099=DIRECTION('ref_axis',(3.96475951622007E-17,0.983929588598632,-0.178556894798623));
#7100=DIRECTION('center_axis',(-1.,4.93038065763133E-32,-2.22044604925031E-16));
#7101=DIRECTION('ref_axis',(1.02716263700653E-31,1.,-2.22044604925031E-16));
#7102=DIRECTION('center_axis',(1.,-4.93038065763133E-32,2.22044604925031E-16));
#7103=DIRECTION('ref_axis',(3.96475951622007E-17,0.983929588598632,-0.178556894798623));
#7104=DIRECTION('center_axis',(1.,-4.93038065763133E-32,2.22044604925031E-16));
#7105=DIRECTION('ref_axis',(1.12694415031573E-31,1.,-2.22044604925031E-16));
#7106=DIRECTION('center_axis',(1.,-4.93038065763133E-32,2.22044604925031E-16));
#7107=DIRECTION('ref_axis',(-1.22513967651763E-31,-1.,2.22044604925031E-16));
#7108=DIRECTION('center_axis',(-1.,4.93038065763133E-32,-2.22044604925031E-16));
#7109=DIRECTION('ref_axis',(1.02716263700653E-31,1.,-2.22044604925031E-16));
#7110=DIRECTION('center_axis',(1.,-4.93038065763133E-32,2.22044604925031E-16));
#7111=DIRECTION('ref_axis',(1.21363216187848E-31,1.,-2.22044604925031E-16));
#7112=DIRECTION('center_axis',(-1.,4.93038065763133E-32,-2.22044604925031E-16));
#7113=DIRECTION('ref_axis',(1.02716263700653E-31,1.,-2.22044604925031E-16));
#7114=DIRECTION('center_axis',(1.,-4.93038065763133E-32,2.22044604925031E-16));
#7115=DIRECTION('ref_axis',(1.22513967651763E-31,1.,-2.22044604925031E-16));
#7116=DIRECTION('center_axis',(1.,-4.93038065763133E-32,2.22044604925031E-16));
#7117=DIRECTION('ref_axis',(2.87370758330512E-30,1.,-1.26565424807268E-14));
#7118=DIRECTION('center_axis',(1.,-4.93038065763133E-32,2.22044604925031E-16));
#7119=DIRECTION('ref_axis',(3.96475951622037E-17,-0.983929588598629,-0.178556894798637));
#7120=DIRECTION('center_axis',(-1.,4.93038065763133E-32,-2.22044604925031E-16));
#7121=DIRECTION('ref_axis',(1.02716263700653E-31,1.,-2.22044604925031E-16));
#7122=DIRECTION('center_axis',(1.,-4.93038065763133E-32,2.22044604925031E-16));
#7123=DIRECTION('ref_axis',(-3.96475951622036E-17,0.98392958859863,0.178556894798637));
#7124=DIRECTION('center_axis',(-1.,4.93038065763133E-32,-2.22044604925031E-16));
#7125=DIRECTION('ref_axis',(1.02716263700653E-31,1.,-2.22044604925031E-16));
#7126=DIRECTION('center_axis',(1.,-4.93038065763133E-32,2.22044604925031E-16));
#7127=DIRECTION('ref_axis',(-3.96475951622036E-17,0.98392958859863,0.178556894798637));
#7128=DIRECTION('center_axis',(1.,-4.93038065763133E-32,2.22044604925031E-16));
#7129=DIRECTION('ref_axis',(2.87370758330512E-30,1.,-1.26565424807268E-14));
#7130=DIRECTION('center_axis',(1.,-4.93038065763133E-32,2.22044604925031E-16));
#7131=DIRECTION('ref_axis',(7.80208839937441E-17,-0.936234870639737,-0.351374824081343));
#7132=DIRECTION('center_axis',(-1.,4.93038065763133E-32,-2.22044604925031E-16));
#7133=DIRECTION('ref_axis',(1.02716263700653E-31,1.,-2.22044604925031E-16));
#7134=DIRECTION('center_axis',(1.,-4.93038065763133E-32,2.22044604925031E-16));
#7135=DIRECTION('ref_axis',(-7.80208839937442E-17,0.936234870639737,0.351374824081343));
#7136=DIRECTION('center_axis',(-1.,4.93038065763133E-32,-2.22044604925031E-16));
#7137=DIRECTION('ref_axis',(1.02716263700653E-31,1.,-2.22044604925031E-16));
#7138=DIRECTION('center_axis',(1.,-4.93038065763133E-32,2.22044604925031E-16));
#7139=DIRECTION('ref_axis',(-7.80208839937442E-17,0.936234870639737,0.351374824081343));
#7140=DIRECTION('center_axis',(1.,-4.93038065763133E-32,2.22044604925031E-16));
#7141=DIRECTION('ref_axis',(-1.13257887106731E-29,1.,5.12923037376822E-14));
#7142=DIRECTION('center_axis',(1.,-4.93038065763133E-32,2.22044604925031E-16));
#7143=DIRECTION('ref_axis',(1.13886517417929E-16,-0.858448793601865,-0.512899277405907));
#7144=DIRECTION('center_axis',(-1.,4.93038065763133E-32,-2.22044604925031E-16));
#7145=DIRECTION('ref_axis',(1.02716263700653E-31,1.,-2.22044604925031E-16));
#7146=DIRECTION('center_axis',(1.,-4.93038065763133E-32,2.22044604925031E-16));
#7147=DIRECTION('ref_axis',(-1.13886517417929E-16,0.858448793601866,0.512899277405907));
#7148=DIRECTION('center_axis',(-1.,4.93038065763133E-32,-2.22044604925031E-16));
#7149=DIRECTION('ref_axis',(1.02716263700653E-31,1.,-2.22044604925031E-16));
#7150=DIRECTION('center_axis',(1.,-4.93038065763133E-32,2.22044604925031E-16));
#7151=DIRECTION('ref_axis',(-1.13886517417929E-16,0.858448793601866,0.512899277405907));
#7152=DIRECTION('center_axis',(1.,-4.93038065763133E-32,2.22044604925031E-16));
#7153=DIRECTION('ref_axis',(4.45142939374714E-30,1.,-1.97619698383278E-14));
#7154=DIRECTION('center_axis',(1.,-4.93038065763133E-32,2.22044604925031E-16));
#7155=DIRECTION('ref_axis',(1.46091744466162E-16,-0.75307146600361,-0.657938725939714));
#7156=DIRECTION('center_axis',(-1.,4.93038065763133E-32,-2.22044604925031E-16));
#7157=DIRECTION('ref_axis',(1.02716263700653E-31,1.,-2.22044604925031E-16));
#7158=DIRECTION('center_axis',(1.,-4.93038065763133E-32,2.22044604925031E-16));
#7159=DIRECTION('ref_axis',(-1.46091744466162E-16,0.75307146600361,0.657938725939714));
#7160=DIRECTION('center_axis',(-1.,4.93038065763133E-32,-2.22044604925031E-16));
#7161=DIRECTION('ref_axis',(1.02716263700653E-31,1.,-2.22044604925031E-16));
#7162=DIRECTION('center_axis',(1.,-4.93038065763133E-32,2.22044604925031E-16));
#7163=DIRECTION('ref_axis',(-1.46091744466162E-16,0.75307146600361,0.657938725939714));
#7164=DIRECTION('center_axis',(1.,-4.93038065763133E-32,2.22044604925031E-16));
#7165=DIRECTION('ref_axis',(-7.38148418456804E-30,1.,3.35287353436797E-14));
#7166=DIRECTION('center_axis',(1.,-4.93038065763133E-32,2.22044604925031E-16));
#7167=DIRECTION('ref_axis',(1.73601462642565E-16,-0.623489801858732,-0.781831482468031));
#7168=DIRECTION('center_axis',(-1.,4.93038065763133E-32,-2.22044604925031E-16));
#7169=DIRECTION('ref_axis',(1.02716263700653E-31,1.,-2.22044604925031E-16));
#7170=DIRECTION('center_axis',(1.,-4.93038065763133E-32,2.22044604925031E-16));
#7171=DIRECTION('ref_axis',(-1.73601462642565E-16,0.623489801858732,0.781831482468031));
#7172=DIRECTION('center_axis',(-1.,4.93038065763133E-32,-2.22044604925031E-16));
#7173=DIRECTION('ref_axis',(1.02716263700653E-31,1.,-2.22044604925031E-16));
#7174=DIRECTION('center_axis',(1.,-4.93038065763133E-32,2.22044604925031E-16));
#7175=DIRECTION('ref_axis',(-1.73601462642565E-16,0.623489801858732,0.781831482468031));
#7176=DIRECTION('center_axis',(1.,-4.93038065763133E-32,2.22044604925031E-16));
#7177=DIRECTION('ref_axis',(1.12694415031573E-31,1.,-2.22044604925031E-16));
#7178=DIRECTION('center_axis',(1.,-4.93038065763133E-32,2.22044604925031E-16));
#7179=DIRECTION('ref_axis',(1.95531486969877E-16,-0.473868662472997,-0.880595531856739));
#7180=DIRECTION('center_axis',(-1.,4.93038065763133E-32,-2.22044604925031E-16));
#7181=DIRECTION('ref_axis',(1.02716263700653E-31,1.,-2.22044604925031E-16));
#7182=DIRECTION('center_axis',(1.,-4.93038065763133E-32,2.22044604925031E-16));
#7183=DIRECTION('ref_axis',(-1.95531486969877E-16,0.473868662472997,0.880595531856739));
#7184=DIRECTION('center_axis',(-1.,4.93038065763133E-32,-2.22044604925031E-16));
#7185=DIRECTION('ref_axis',(1.02716263700653E-31,1.,-2.22044604925031E-16));
#7186=DIRECTION('center_axis',(1.,-4.93038065763133E-32,2.22044604925031E-16));
#7187=DIRECTION('ref_axis',(-1.95531486969877E-16,0.473868662472997,0.880595531856739));
#7188=DIRECTION('center_axis',(1.,-4.93038065763133E-32,2.22044604925031E-16));
#7189=DIRECTION('ref_axis',(-8.76199076870481E-30,1.,3.97459842815806E-14));
#7190=DIRECTION('center_axis',(1.,-4.93038065763133E-32,2.22044604925031E-16));
#7191=DIRECTION('ref_axis',(2.11176968422134E-16,-0.309016994374945,-0.951056516295154));
#7192=DIRECTION('center_axis',(-1.,4.93038065763133E-32,-2.22044604925031E-16));
#7193=DIRECTION('ref_axis',(1.02716263700652E-31,1.,-2.22044604925031E-16));
#7194=DIRECTION('center_axis',(1.,-4.93038065763133E-32,2.22044604925031E-16));
#7195=DIRECTION('ref_axis',(-2.11176968422134E-16,0.309016994374945,0.951056516295154));
#7196=DIRECTION('center_axis',(-1.,4.93038065763133E-32,-2.22044604925031E-16));
#7197=DIRECTION('ref_axis',(1.02716263700652E-31,1.,-2.22044604925031E-16));
#7198=DIRECTION('center_axis',(1.,-4.93038065763133E-32,2.22044604925031E-16));
#7199=DIRECTION('ref_axis',(-2.11176968422134E-16,0.309016994374945,0.951056516295154));
#7200=DIRECTION('center_axis',(1.,-4.93038065763133E-32,2.22044604925031E-16));
#7201=DIRECTION('ref_axis',(4.45142939374714E-30,1.,-1.97619698383278E-14));
#7202=DIRECTION('center_axis',(1.,-4.93038065763133E-32,2.22044604925031E-16));
#7203=DIRECTION('ref_axis',(2.20035048352315E-16,-0.134233265817653,-0.990949761767935));
#7204=DIRECTION('center_axis',(-1.,4.93038065763133E-32,-2.22044604925031E-16));
#7205=DIRECTION('ref_axis',(1.02716263700652E-31,1.,-2.22044604925031E-16));
#7206=DIRECTION('center_axis',(1.,-4.93038065763133E-32,2.22044604925031E-16));
#7207=DIRECTION('ref_axis',(-2.20035048352315E-16,0.134233265817652,0.990949761767935));
#7208=DIRECTION('center_axis',(-1.,4.93038065763133E-32,-2.22044604925031E-16));
#7209=DIRECTION('ref_axis',(1.02716263700652E-31,1.,-2.22044604925031E-16));
#7210=DIRECTION('center_axis',(1.,-4.93038065763133E-32,2.22044604925031E-16));
#7211=DIRECTION('ref_axis',(-2.20035048352315E-16,0.134233265817653,0.990949761767935));
#7212=DIRECTION('center_axis',(1.,-4.93038065763133E-32,2.22044604925031E-16));
#7213=DIRECTION('ref_axis',(9.14233441943637E-29,1.,-4.11448652926083E-13));
#7214=DIRECTION('center_axis',(1.,-4.93038065763133E-32,2.22044604925031E-16));
#7215=DIRECTION('ref_axis',(7.88860905221012E-32,1.,-2.22044604925031E-16));
#7216=DIRECTION('center_axis',(1.,-4.93038065763133E-32,2.22044604925031E-16));
#7217=DIRECTION('ref_axis',(7.88860905221012E-32,1.,-2.22044604925031E-16));
#7218=DIRECTION('',(-1.,4.93038065763132E-32,-2.22044604925031E-16));
#7219=DIRECTION('center_axis',(1.,0.,0.));
#7220=DIRECTION('ref_axis',(-8.98033619782848E-32,-1.,2.22044604925031E-16));
#7221=DIRECTION('center_axis',(-1.,4.93038065763133E-32,-2.22044604925031E-16));
#7222=DIRECTION('ref_axis',(-9.86076131526265E-32,-1.,2.22044604925031E-16));
#7223=DIRECTION('',(-0.707106781186548,-0.707106781186547,7.0413640244828E-17));
#7224=DIRECTION('center_axis',(1.,-4.93038065763133E-32,2.22044604925031E-16));
#7225=DIRECTION('ref_axis',(-7.88860905221012E-32,-1.,2.22044604925031E-16));
#7226=DIRECTION('center_axis',(-1.,4.93038065763133E-32,-2.22044604925031E-16));
#7227=DIRECTION('ref_axis',(1.23259516440783E-31,1.,-2.22044604925031E-16));
#7228=DIRECTION('center_axis',(1.,-4.93038065763133E-32,2.22044604925031E-16));
#7229=DIRECTION('ref_axis',(-2.21821020783012E-16,-0.0448648303505181,0.998993066541315));
#7230=DIRECTION('center_axis',(1.,-4.93038065763133E-32,2.22044604925031E-16));
#7231=DIRECTION('ref_axis',(1.02716263700652E-31,1.,-2.22044604925031E-16));
#7232=DIRECTION('center_axis',(1.,-4.93038065763133E-32,2.22044604925031E-16));
#7233=DIRECTION('ref_axis',(-2.21821020783012E-16,-0.0448648303505184,0.998993066541314));
#7234=DIRECTION('center_axis',(1.,-4.93038065763133E-32,2.22044604925031E-16));
#7235=DIRECTION('ref_axis',(-4.87902252578097E-31,1.,2.48846082628871E-15));
#7236=DIRECTION('center_axis',(1.,-4.93038065763133E-32,2.22044604925031E-16));
#7237=DIRECTION('ref_axis',(2.21821020783012E-16,0.0448648303505181,-0.998993066541315));
#7238=DIRECTION('center_axis',(-1.,4.93038065763133E-32,-2.22044604925031E-16));
#7239=DIRECTION('ref_axis',(1.12694415031573E-31,1.,-2.22044604925031E-16));
#7240=DIRECTION('center_axis',(1.,-4.93038065763133E-32,2.22044604925031E-16));
#7241=DIRECTION('ref_axis',(-2.20035048352315E-16,0.134233265817653,0.990949761767935));
#7242=DIRECTION('center_axis',(1.,-4.93038065763133E-32,2.22044604925031E-16));
#7243=DIRECTION('ref_axis',(1.02716263700652E-31,1.,-2.22044604925031E-16));
#7244=DIRECTION('center_axis',(1.,-4.93038065763133E-32,2.22044604925031E-16));
#7245=DIRECTION('ref_axis',(-2.20035048352315E-16,0.134233265817652,0.990949761767935));
#7246=DIRECTION('center_axis',(1.,-4.93038065763133E-32,2.22044604925031E-16));
#7247=DIRECTION('ref_axis',(-1.82321368068657E-30,1.,8.45157277495896E-15));
#7248=DIRECTION('center_axis',(1.,-4.93038065763133E-32,2.22044604925031E-16));
#7249=DIRECTION('ref_axis',(2.20035048352315E-16,-0.134233265817653,-0.990949761767935));
#7250=DIRECTION('center_axis',(-1.,4.93038065763133E-32,-2.22044604925031E-16));
#7251=DIRECTION('ref_axis',(1.12694415031573E-31,1.,-2.22044604925031E-16));
#7252=DIRECTION('center_axis',(1.,-4.93038065763133E-32,2.22044604925031E-16));
#7253=DIRECTION('ref_axis',(-2.11176968422134E-16,0.309016994374945,0.951056516295154));
#7254=DIRECTION('center_axis',(1.,-4.93038065763133E-32,2.22044604925031E-16));
#7255=DIRECTION('ref_axis',(1.02716263700652E-31,1.,-2.22044604925031E-16));
#7256=DIRECTION('center_axis',(1.,-4.93038065763133E-32,2.22044604925031E-16));
#7257=DIRECTION('ref_axis',(-2.11176968422134E-16,0.309016994374945,0.951056516295154));
#7258=DIRECTION('center_axis',(1.,-4.93038065763133E-32,2.22044604925031E-16));
#7259=DIRECTION('ref_axis',(1.02716263700652E-31,1.,-2.22044604925031E-16));
#7260=DIRECTION('center_axis',(1.,-4.93038065763133E-32,2.22044604925031E-16));
#7261=DIRECTION('ref_axis',(2.11176968422134E-16,-0.309016994374945,-0.951056516295154));
#7262=DIRECTION('center_axis',(-1.,4.93038065763133E-32,-2.22044604925031E-16));
#7263=DIRECTION('ref_axis',(1.12694415031573E-31,1.,-2.22044604925031E-16));
#7264=DIRECTION('center_axis',(1.,-4.93038065763133E-32,2.22044604925031E-16));
#7265=DIRECTION('ref_axis',(-1.95531486969877E-16,0.473868662472997,0.880595531856739));
#7266=DIRECTION('center_axis',(1.,-4.93038065763133E-32,2.22044604925031E-16));
#7267=DIRECTION('ref_axis',(1.02716263700653E-31,1.,-2.22044604925031E-16));
#7268=DIRECTION('center_axis',(1.,-4.93038065763133E-32,2.22044604925031E-16));
#7269=DIRECTION('ref_axis',(-1.95531486969877E-16,0.473868662472997,0.880595531856739));
#7270=DIRECTION('center_axis',(1.,-4.93038065763133E-32,2.22044604925031E-16));
#7271=DIRECTION('ref_axis',(2.67062285621697E-30,1.,-1.17868677781037E-14));
#7272=DIRECTION('center_axis',(1.,-4.93038065763133E-32,2.22044604925031E-16));
#7273=DIRECTION('ref_axis',(1.95531486969877E-16,-0.473868662472997,-0.880595531856739));
#7274=DIRECTION('center_axis',(-1.,4.93038065763133E-32,-2.22044604925031E-16));
#7275=DIRECTION('ref_axis',(1.12694415031573E-31,1.,-2.22044604925031E-16));
#7276=DIRECTION('center_axis',(1.,-4.93038065763133E-32,2.22044604925031E-16));
#7277=DIRECTION('ref_axis',(-1.73601462642565E-16,0.623489801858732,0.781831482468031));
#7278=DIRECTION('center_axis',(1.,-4.93038065763133E-32,2.22044604925031E-16));
#7279=DIRECTION('ref_axis',(1.02716263700653E-31,1.,-2.22044604925031E-16));
#7280=DIRECTION('center_axis',(1.,-4.93038065763133E-32,2.22044604925031E-16));
#7281=DIRECTION('ref_axis',(-1.73601462642565E-16,0.623489801858732,0.781831482468031));
#7282=DIRECTION('center_axis',(1.,-4.93038065763133E-32,2.22044604925031E-16));
#7283=DIRECTION('ref_axis',(1.02716263700653E-31,1.,-2.22044604925031E-16));
#7284=DIRECTION('center_axis',(1.,-4.93038065763133E-32,2.22044604925031E-16));
#7285=DIRECTION('ref_axis',(1.73601462642565E-16,-0.623489801858732,-0.781831482468031));
#7286=DIRECTION('center_axis',(-1.,4.93038065763133E-32,-2.22044604925031E-16));
#7287=DIRECTION('ref_axis',(1.12694415031573E-31,1.,-2.22044604925031E-16));
#7288=DIRECTION('center_axis',(1.,-4.93038065763133E-32,2.22044604925031E-16));
#7289=DIRECTION('ref_axis',(-1.46091744466162E-16,0.75307146600361,0.657938725939714));
#7290=DIRECTION('center_axis',(1.,-4.93038065763133E-32,2.22044604925031E-16));
#7291=DIRECTION('ref_axis',(1.02716263700653E-31,1.,-2.22044604925031E-16));
#7292=DIRECTION('center_axis',(1.,-4.93038065763133E-32,2.22044604925031E-16));
#7293=DIRECTION('ref_axis',(-1.46091744466162E-16,0.75307146600361,0.657938725939714));
#7294=DIRECTION('center_axis',(1.,-4.93038065763133E-32,2.22044604925031E-16));
#7295=DIRECTION('ref_axis',(-2.46519032881566E-30,1.,1.13427785682537E-14));
#7296=DIRECTION('center_axis',(1.,-4.93038065763133E-32,2.22044604925031E-16));
#7297=DIRECTION('ref_axis',(1.46091744466162E-16,-0.75307146600361,-0.657938725939714));
#7298=DIRECTION('center_axis',(-1.,4.93038065763133E-32,-2.22044604925031E-16));
#7299=DIRECTION('ref_axis',(1.12694415031573E-31,1.,-2.22044604925031E-16));
#7300=DIRECTION('center_axis',(1.,-4.93038065763133E-32,2.22044604925031E-16));
#7301=DIRECTION('ref_axis',(-1.13886517417929E-16,0.858448793601866,0.512899277405907));
#7302=DIRECTION('center_axis',(1.,-4.93038065763133E-32,2.22044604925031E-16));
#7303=DIRECTION('ref_axis',(1.02716263700653E-31,1.,-2.22044604925031E-16));
#7304=DIRECTION('center_axis',(1.,-4.93038065763133E-32,2.22044604925031E-16));
#7305=DIRECTION('ref_axis',(-1.13886517417929E-16,0.858448793601866,0.512899277405907));
#7306=DIRECTION('center_axis',(1.,-4.93038065763133E-32,2.22044604925031E-16));
#7307=DIRECTION('ref_axis',(-5.03309692133198E-30,1.,2.29076017414324E-14));
#7308=DIRECTION('center_axis',(1.,-4.93038065763133E-32,2.22044604925031E-16));
#7309=DIRECTION('ref_axis',(1.13886517417929E-16,-0.858448793601865,-0.512899277405907));
#7310=DIRECTION('center_axis',(-1.,4.93038065763133E-32,-2.22044604925031E-16));
#7311=DIRECTION('ref_axis',(1.12694415031573E-31,1.,-2.22044604925031E-16));
#7312=DIRECTION('center_axis',(1.,-4.93038065763133E-32,2.22044604925031E-16));
#7313=DIRECTION('ref_axis',(-7.80208839937442E-17,0.936234870639737,0.351374824081343));
#7314=DIRECTION('center_axis',(1.,-4.93038065763133E-32,2.22044604925031E-16));
#7315=DIRECTION('ref_axis',(1.02716263700653E-31,1.,-2.22044604925031E-16));
#7316=DIRECTION('center_axis',(1.,-4.93038065763133E-32,2.22044604925031E-16));
#7317=DIRECTION('ref_axis',(-7.80208839937442E-17,0.936234870639737,0.351374824081343));
#7318=DIRECTION('center_axis',(1.,-4.93038065763133E-32,2.22044604925031E-16));
#7319=DIRECTION('ref_axis',(1.03743426337659E-29,1.,-4.64813372976399E-14));
#7320=DIRECTION('center_axis',(1.,-4.93038065763133E-32,2.22044604925031E-16));
#7321=DIRECTION('ref_axis',(7.80208839937441E-17,-0.936234870639737,-0.351374824081343));
#7322=DIRECTION('center_axis',(-1.,4.93038065763133E-32,-2.22044604925031E-16));
#7323=DIRECTION('ref_axis',(1.12694415031573E-31,1.,-2.22044604925031E-16));
#7324=DIRECTION('center_axis',(1.,-4.93038065763133E-32,2.22044604925031E-16));
#7325=DIRECTION('ref_axis',(-3.96475951622036E-17,0.98392958859863,0.178556894798637));
#7326=DIRECTION('center_axis',(1.,-4.93038065763133E-32,2.22044604925031E-16));
#7327=DIRECTION('ref_axis',(1.02716263700653E-31,1.,-2.22044604925031E-16));
#7328=DIRECTION('center_axis',(1.,-4.93038065763133E-32,2.22044604925031E-16));
#7329=DIRECTION('ref_axis',(-3.96475951622036E-17,0.98392958859863,0.178556894798637));
#7330=DIRECTION('center_axis',(1.,-4.93038065763133E-32,2.22044604925031E-16));
#7331=DIRECTION('ref_axis',(1.55101558187985E-29,1.,-6.96109836439973E-14));
#7332=DIRECTION('center_axis',(1.,-4.93038065763133E-32,2.22044604925031E-16));
#7333=DIRECTION('ref_axis',(3.96475951622037E-17,-0.983929588598629,-0.178556894798637));
#7334=DIRECTION('center_axis',(-1.,4.93038065763133E-32,-2.22044604925031E-16));
#7335=DIRECTION('ref_axis',(1.12694415031573E-31,1.,-2.22044604925031E-16));
#7336=DIRECTION('center_axis',(1.,-4.93038065763133E-32,2.22044604925031E-16));
#7337=DIRECTION('ref_axis',(1.22513967651763E-31,1.,-2.22044604925031E-16));
#7338=DIRECTION('center_axis',(1.,-4.93038065763133E-32,2.22044604925031E-16));
#7339=DIRECTION('ref_axis',(1.02716263700653E-31,1.,-2.22044604925031E-16));
#7340=DIRECTION('center_axis',(1.,-4.93038065763133E-32,2.22044604925031E-16));
#7341=DIRECTION('ref_axis',(1.21363216187848E-31,1.,-2.22044604925031E-16));
#7342=DIRECTION('center_axis',(1.,-4.93038065763133E-32,2.22044604925031E-16));
#7343=DIRECTION('ref_axis',(1.02716263700653E-31,1.,-2.22044604925031E-16));
#7344=DIRECTION('center_axis',(1.,-4.93038065763133E-32,2.22044604925031E-16));
#7345=DIRECTION('ref_axis',(-1.22513967651763E-31,-1.,2.22044604925031E-16));
#7346=DIRECTION('center_axis',(-1.,4.93038065763133E-32,-2.22044604925031E-16));
#7347=DIRECTION('ref_axis',(1.12694415031573E-31,1.,-2.22044604925031E-16));
#7348=DIRECTION('center_axis',(1.,-4.93038065763133E-32,2.22044604925031E-16));
#7349=DIRECTION('ref_axis',(3.96475951622007E-17,0.983929588598632,-0.178556894798623));
#7350=DIRECTION('center_axis',(1.,-4.93038065763133E-32,2.22044604925031E-16));
#7351=DIRECTION('ref_axis',(2.67062285621697E-30,1.,-1.17868677781037E-14));
#7352=DIRECTION('center_axis',(1.,-4.93038065763133E-32,2.22044604925031E-16));
#7353=DIRECTION('ref_axis',(3.96475951622007E-17,0.983929588598632,-0.178556894798623));
#7354=DIRECTION('center_axis',(1.,-4.93038065763133E-32,2.22044604925031E-16));
#7355=DIRECTION('ref_axis',(1.02716263700653E-31,1.,-2.22044604925031E-16));
#7356=DIRECTION('center_axis',(1.,-4.93038065763133E-32,2.22044604925031E-16));
#7357=DIRECTION('ref_axis',(-3.96475951622007E-17,-0.983929588598632,0.178556894798623));
#7358=DIRECTION('center_axis',(-1.,4.93038065763133E-32,-2.22044604925031E-16));
#7359=DIRECTION('ref_axis',(1.12694415031573E-31,1.,-2.22044604925031E-16));
#7360=DIRECTION('center_axis',(1.,-4.93038065763133E-32,2.22044604925031E-16));
#7361=DIRECTION('ref_axis',(7.80208839937414E-17,0.936234870639742,-0.35137482408133));
#7362=DIRECTION('center_axis',(1.,-4.93038065763133E-32,2.22044604925031E-16));
#7363=DIRECTION('ref_axis',(1.38666955995881E-30,1.,-6.00445619151439E-15));
#7364=DIRECTION('center_axis',(1.,-4.93038065763133E-32,2.22044604925031E-16));
#7365=DIRECTION('ref_axis',(7.80208839937415E-17,0.936234870639742,-0.351374824081331));
#7366=DIRECTION('center_axis',(1.,-4.93038065763133E-32,2.22044604925031E-16));
#7367=DIRECTION('ref_axis',(-1.1812370325575E-30,1.,5.56036698166433E-15));
#7368=DIRECTION('center_axis',(1.,-4.93038065763133E-32,2.22044604925031E-16));
#7369=DIRECTION('ref_axis',(-7.80208839937415E-17,-0.936234870639742,0.351374824081331));
#7370=DIRECTION('center_axis',(-1.,4.93038065763133E-32,-2.22044604925031E-16));
#7371=DIRECTION('ref_axis',(1.12694415031573E-31,1.,-2.22044604925031E-16));
#7372=DIRECTION('center_axis',(1.,-4.93038065763133E-32,2.22044604925031E-16));
#7373=DIRECTION('ref_axis',(1.13886517417926E-16,0.858448793601873,-0.512899277405895));
#7374=DIRECTION('center_axis',(1.,-4.93038065763133E-32,2.22044604925031E-16));
#7375=DIRECTION('ref_axis',(2.67062285621697E-30,1.,-1.17868677781037E-14));
#7376=DIRECTION('center_axis',(1.,-4.93038065763133E-32,2.22044604925031E-16));
#7377=DIRECTION('ref_axis',(1.13886517417926E-16,0.858448793601873,-0.512899277405895));
#7378=DIRECTION('center_axis',(1.,-4.93038065763133E-32,2.22044604925031E-16));
#7379=DIRECTION('ref_axis',(-1.1812370325575E-30,1.,5.56036698166433E-15));
#7380=DIRECTION('center_axis',(1.,-4.93038065763133E-32,2.22044604925031E-16));
#7381=DIRECTION('ref_axis',(-1.13886517417926E-16,-0.858448793601873,0.512899277405895));
#7382=DIRECTION('center_axis',(-1.,4.93038065763133E-32,-2.22044604925031E-16));
#7383=DIRECTION('ref_axis',(1.12694415031573E-31,1.,-2.22044604925031E-16));
#7384=DIRECTION('center_axis',(1.,-4.93038065763133E-32,2.22044604925031E-16));
#7385=DIRECTION('ref_axis',(1.4609174446616E-16,0.753071466003619,-0.657938725939703));
#7386=DIRECTION('center_axis',(1.,-4.93038065763133E-32,2.22044604925031E-16));
#7387=DIRECTION('ref_axis',(-3.74914362507382E-30,1.,1.7125190154843E-14));
#7388=DIRECTION('center_axis',(1.,-4.93038065763133E-32,2.22044604925031E-16));
#7389=DIRECTION('ref_axis',(1.4609174446616E-16,0.75307146600362,-0.657938725939703));
#7390=DIRECTION('center_axis',(1.,-4.93038065763133E-32,2.22044604925031E-16));
#7391=DIRECTION('ref_axis',(1.02716263700653E-31,1.,-2.22044604925031E-16));
#7392=DIRECTION('center_axis',(1.,-4.93038065763133E-32,2.22044604925031E-16));
#7393=DIRECTION('ref_axis',(-1.4609174446616E-16,-0.75307146600362,0.657938725939703));
#7394=DIRECTION('center_axis',(-1.,4.93038065763133E-32,-2.22044604925031E-16));
#7395=DIRECTION('ref_axis',(1.12694415031573E-31,1.,-2.22044604925031E-16));
#7396=DIRECTION('center_axis',(1.,-4.93038065763133E-32,2.22044604925031E-16));
#7397=DIRECTION('ref_axis',(1.73601462642564E-16,0.623489801858743,-0.781831482468022));
#7398=DIRECTION('center_axis',(1.,-4.93038065763133E-32,2.22044604925031E-16));
#7399=DIRECTION('ref_axis',(1.02716263700653E-31,1.,-2.22044604925031E-16));
#7400=DIRECTION('center_axis',(1.,-4.93038065763133E-32,2.22044604925031E-16));
#7401=DIRECTION('ref_axis',(1.73601462642564E-16,0.623489801858743,-0.781831482468022));
#7402=DIRECTION('center_axis',(1.,-4.93038065763133E-32,2.22044604925031E-16));
#7403=DIRECTION('ref_axis',(1.02716263700653E-31,1.,-2.22044604925031E-16));
#7404=DIRECTION('center_axis',(1.,-4.93038065763133E-32,2.22044604925031E-16));
#7405=DIRECTION('ref_axis',(-1.73601462642564E-16,-0.623489801858743,0.781831482468022));
#7406=DIRECTION('center_axis',(-1.,4.93038065763133E-32,-2.22044604925031E-16));
#7407=DIRECTION('ref_axis',(1.12694415031573E-31,1.,-2.22044604925031E-16));
#7408=DIRECTION('center_axis',(1.,-4.93038065763133E-32,2.22044604925031E-16));
#7409=DIRECTION('ref_axis',(1.95531486969876E-16,0.473868662473009,-0.880595531856732));
#7410=DIRECTION('center_axis',(1.,-4.93038065763133E-32,2.22044604925031E-16));
#7411=DIRECTION('ref_axis',(-2.46519032881566E-30,1.,1.13427785682537E-14));
#7412=DIRECTION('center_axis',(1.,-4.93038065763133E-32,2.22044604925031E-16));
#7413=DIRECTION('ref_axis',(1.95531486969876E-16,0.473868662473009,-0.880595531856732));
#7414=DIRECTION('center_axis',(1.,-4.93038065763133E-32,2.22044604925031E-16));
#7415=DIRECTION('ref_axis',(7.44692911829731E-31,1.,-3.11325039821971E-15));
#7416=DIRECTION('center_axis',(1.,-4.93038065763133E-32,2.22044604925031E-16));
#7417=DIRECTION('ref_axis',(-1.95531486969876E-16,-0.473868662473009,0.880595531856732));
#7418=DIRECTION('center_axis',(-1.,4.93038065763133E-32,-2.22044604925031E-16));
#7419=DIRECTION('ref_axis',(1.12694415031573E-31,1.,-2.22044604925031E-16));
#7420=DIRECTION('center_axis',(1.,-4.93038065763133E-32,2.22044604925031E-16));
#7421=DIRECTION('ref_axis',(2.11176968422133E-16,0.309016994374958,-0.95105651629515));
#7422=DIRECTION('center_axis',(1.,-4.93038065763133E-32,2.22044604925031E-16));
#7423=DIRECTION('ref_axis',(-3.74914362507382E-30,1.,1.7125190154843E-14));
#7424=DIRECTION('center_axis',(1.,-4.93038065763133E-32,2.22044604925031E-16));
#7425=DIRECTION('ref_axis',(2.11176968422133E-16,0.309016994374958,-0.95105651629515));
#7426=DIRECTION('center_axis',(1.,-4.93038065763133E-32,2.22044604925031E-16));
#7427=DIRECTION('ref_axis',(7.44692911829731E-31,1.,-3.11325039821971E-15));
#7428=DIRECTION('center_axis',(1.,-4.93038065763133E-32,2.22044604925031E-16));
#7429=DIRECTION('ref_axis',(-2.11176968422133E-16,-0.309016994374958,0.95105651629515));
#7430=DIRECTION('center_axis',(-1.,4.93038065763133E-32,-2.22044604925031E-16));
#7431=DIRECTION('ref_axis',(1.12694415031573E-31,1.,-2.22044604925031E-16));
#7432=DIRECTION('center_axis',(1.,-4.93038065763133E-32,2.22044604925031E-16));
#7433=DIRECTION('ref_axis',(2.20035048352315E-16,0.134233265817666,-0.990949761767933));
#7434=DIRECTION('center_axis',(1.,-4.93038065763133E-32,2.22044604925031E-16));
#7435=DIRECTION('ref_axis',(1.69481835106076E-30,1.,-7.45005908816169E-15));
#7436=DIRECTION('center_axis',(1.,-4.93038065763133E-32,2.22044604925031E-16));
#7437=DIRECTION('ref_axis',(2.20035048352315E-16,0.134233265817667,-0.990949761767933));
#7438=DIRECTION('center_axis',(1.,-4.93038065763133E-32,2.22044604925031E-16));
#7439=DIRECTION('ref_axis',(1.02716263700652E-31,1.,-2.22044604925031E-16));
#7440=DIRECTION('center_axis',(1.,-4.93038065763133E-32,2.22044604925031E-16));
#7441=DIRECTION('ref_axis',(-2.20035048352315E-16,-0.134233265817667,0.990949761767933));
#7442=DIRECTION('center_axis',(-1.,4.93038065763133E-32,-2.22044604925031E-16));
#7443=DIRECTION('ref_axis',(1.12694415031573E-31,1.,-2.22044604925031E-16));
#7444=DIRECTION('center_axis',(1.,-4.93038065763133E-32,2.22044604925031E-16));
#7445=DIRECTION('ref_axis',(2.21821020783012E-16,-0.0448648303505048,-0.998993066541315));
#7446=DIRECTION('center_axis',(1.,-4.93038065763133E-32,2.22044604925031E-16));
#7447=DIRECTION('ref_axis',(-1.02716263700652E-31,1.,6.81457205479551E-16));
#7448=DIRECTION('center_axis',(1.,-4.93038065763133E-32,2.22044604925031E-16));
#7449=DIRECTION('ref_axis',(2.21821020783012E-16,-0.0448648303505047,-0.998993066541315));
#7450=DIRECTION('center_axis',(1.,-4.93038065763133E-32,2.22044604925031E-16));
#7451=DIRECTION('ref_axis',(-1.48938582365945E-30,1.,7.00596987831163E-15));
#7452=DIRECTION('center_axis',(1.,-4.93038065763133E-32,2.22044604925031E-16));
#7453=DIRECTION('ref_axis',(-2.21821020783012E-16,0.0448648303505048,0.998993066541315));
#7454=DIRECTION('center_axis',(-1.,4.93038065763133E-32,-2.22044604925031E-16));
#7455=DIRECTION('ref_axis',(1.12694415031573E-31,1.,-2.22044604925031E-16));
#7456=DIRECTION('center_axis',(1.,-4.93038065763133E-32,2.22044604925031E-16));
#7457=DIRECTION('ref_axis',(2.16477483090799E-16,-0.222520933956304,-0.974927912181826));
#7458=DIRECTION('center_axis',(1.,-4.93038065763133E-32,2.22044604925031E-16));
#7459=DIRECTION('ref_axis',(1.3866695599588E-30,1.,-6.00445619151436E-15));
#7460=DIRECTION('center_axis',(1.,-4.93038065763133E-32,2.22044604925031E-16));
#7461=DIRECTION('ref_axis',(2.16477483090799E-16,-0.222520933956304,-0.974927912181826));
#7462=DIRECTION('center_axis',(1.,-4.93038065763133E-32,2.22044604925031E-16));
#7463=DIRECTION('ref_axis',(3.9545761524751E-30,1.,-1.7569279364693E-14));
#7464=DIRECTION('center_axis',(1.,-4.93038065763133E-32,2.22044604925031E-16));
#7465=DIRECTION('ref_axis',(-2.16477483090799E-16,0.222520933956304,0.974927912181826));
#7466=DIRECTION('center_axis',(-1.,4.93038065763133E-32,-2.22044604925031E-16));
#7467=DIRECTION('ref_axis',(1.12694415031573E-31,1.,-2.22044604925031E-16));
#7468=DIRECTION('center_axis',(1.,-4.93038065763133E-32,2.22044604925031E-16));
#7469=DIRECTION('ref_axis',(2.04176180973782E-16,-0.393025031653915,-0.919527772551454));
#7470=DIRECTION('center_axis',(1.,-4.93038065763133E-32,2.22044604925031E-16));
#7471=DIRECTION('ref_axis',(1.02716263700653E-31,1.,-2.22044604925031E-16));
#7472=DIRECTION('center_axis',(1.,-4.93038065763133E-32,2.22044604925031E-16));
#7473=DIRECTION('ref_axis',(2.04176180973782E-16,-0.393025031653915,-0.919527772551454));
#7474=DIRECTION('center_axis',(1.,-4.93038065763133E-32,2.22044604925031E-16));
#7475=DIRECTION('ref_axis',(1.02716263700653E-31,1.,-2.22044604925031E-16));
#7476=DIRECTION('center_axis',(1.,-4.93038065763133E-32,2.22044604925031E-16));
#7477=DIRECTION('ref_axis',(-2.04176180973782E-16,0.393025031653915,0.919527772551454));
#7478=DIRECTION('center_axis',(-1.,4.93038065763133E-32,-2.22044604925031E-16));
#7479=DIRECTION('ref_axis',(1.12694415031573E-31,1.,-2.22044604925031E-16));
#7480=DIRECTION('center_axis',(1.,-4.93038065763133E-32,2.22044604925031E-16));
#7481=DIRECTION('ref_axis',(1.85312488403546E-16,-0.550896981452095,-0.834573253721308));
#7482=DIRECTION('center_axis',(1.,-4.93038065763133E-32,2.22044604925031E-16));
#7483=DIRECTION('ref_axis',(1.02716263700653E-31,1.,-2.22044604925031E-16));
#7484=DIRECTION('center_axis',(1.,-4.93038065763133E-32,2.22044604925031E-16));
#7485=DIRECTION('ref_axis',(1.85312488403546E-16,-0.550896981452095,-0.834573253721308));
#7486=DIRECTION('center_axis',(1.,-4.93038065763133E-32,2.22044604925031E-16));
#7487=DIRECTION('ref_axis',(-1.1812370325575E-30,1.,5.56036698166433E-15));
#7488=DIRECTION('center_axis',(1.,-4.93038065763133E-32,2.22044604925031E-16));
#7489=DIRECTION('ref_axis',(-1.85312488403546E-16,0.550896981452094,0.834573253721308));
#7490=DIRECTION('center_axis',(-1.,4.93038065763133E-32,-2.22044604925031E-16));
#7491=DIRECTION('ref_axis',(1.12694415031573E-31,1.,-2.22044604925031E-16));
#7492=DIRECTION('center_axis',(1.,-4.93038065763133E-32,2.22044604925031E-16));
#7493=DIRECTION('ref_axis',(1.60492699980396E-16,-0.691062648986858,-0.722794863827398));
#7494=DIRECTION('center_axis',(1.,-4.93038065763133E-32,2.22044604925031E-16));
#7495=DIRECTION('ref_axis',(1.02716263700653E-31,1.,-2.22044604925031E-16));
#7496=DIRECTION('center_axis',(1.,-4.93038065763133E-32,2.22044604925031E-16));
#7497=DIRECTION('ref_axis',(1.60492699980396E-16,-0.691062648986858,-0.722794863827398));
#7498=DIRECTION('center_axis',(1.,-4.93038065763133E-32,2.22044604925031E-16));
#7499=DIRECTION('ref_axis',(2.67062285621697E-30,1.,-1.17868677781037E-14));
#7500=DIRECTION('center_axis',(1.,-4.93038065763133E-32,2.22044604925031E-16));
#7501=DIRECTION('ref_axis',(-1.60492699980396E-16,0.691062648986858,0.722794863827398));
#7502=DIRECTION('center_axis',(-1.,4.93038065763133E-32,-2.22044604925031E-16));
#7503=DIRECTION('ref_axis',(1.12694415031573E-31,1.,-2.22044604925031E-16));
#7504=DIRECTION('center_axis',(1.,-4.93038065763133E-32,2.22044604925031E-16));
#7505=DIRECTION('ref_axis',(1.30514544126044E-16,-0.809016994374942,-0.58778525229248));
#7506=DIRECTION('center_axis',(1.,-4.93038065763133E-32,2.22044604925031E-16));
#7507=DIRECTION('ref_axis',(1.38666955995881E-30,1.,-6.00445619151439E-15));
#7508=DIRECTION('center_axis',(1.,-4.93038065763133E-32,2.22044604925031E-16));
#7509=DIRECTION('ref_axis',(1.30514544126044E-16,-0.809016994374942,-0.58778525229248));
#7510=DIRECTION('center_axis',(1.,-4.93038065763133E-32,2.22044604925031E-16));
#7511=DIRECTION('ref_axis',(1.38666955995881E-30,1.,-6.00445619151439E-15));
#7512=DIRECTION('center_axis',(1.,-4.93038065763133E-32,2.22044604925031E-16));
#7513=DIRECTION('ref_axis',(-1.30514544126044E-16,0.809016994374942,0.58778525229248));
#7514=DIRECTION('center_axis',(-1.,4.93038065763133E-32,-2.22044604925031E-16));
#7515=DIRECTION('ref_axis',(1.12694415031573E-31,1.,-2.22044604925031E-16));
#7516=DIRECTION('center_axis',(1.,-4.93038065763133E-32,2.22044604925031E-16));
#7517=DIRECTION('ref_axis',(9.63415434357551E-17,-0.900968867902415,-0.433883739117566));
#7518=DIRECTION('center_axis',(1.,-4.93038065763133E-32,2.22044604925031E-16));
#7519=DIRECTION('ref_axis',(1.02716263700653E-31,1.,-2.22044604925031E-16));
#7520=DIRECTION('center_axis',(1.,-4.93038065763133E-32,2.22044604925031E-16));
#7521=DIRECTION('ref_axis',(9.63415434357551E-17,-0.900968867902416,-0.433883739117565));
#7522=DIRECTION('center_axis',(1.,-4.93038065763133E-32,2.22044604925031E-16));
#7523=DIRECTION('ref_axis',(1.38666955995881E-30,1.,-6.00445619151439E-15));
#7524=DIRECTION('center_axis',(1.,-4.93038065763133E-32,2.22044604925031E-16));
#7525=DIRECTION('ref_axis',(-9.63415434357552E-17,0.900968867902415,0.433883739117566));
#7526=DIRECTION('center_axis',(-1.,4.93038065763133E-32,-2.22044604925031E-16));
#7527=DIRECTION('ref_axis',(1.12694415031573E-31,1.,-2.22044604925031E-16));
#7528=DIRECTION('center_axis',(1.,-4.93038065763133E-32,2.22044604925031E-16));
#7529=DIRECTION('ref_axis',(5.90720462693555E-17,-0.963962860695851,-0.266036845566683));
#7530=DIRECTION('center_axis',(1.,-4.93038065763133E-32,2.22044604925031E-16));
#7531=DIRECTION('ref_axis',(2.67062285621697E-30,1.,-1.17868677781037E-14));
#7532=DIRECTION('center_axis',(1.,-4.93038065763133E-32,2.22044604925031E-16));
#7533=DIRECTION('ref_axis',(5.90720462693555E-17,-0.963962860695851,-0.266036845566683));
#7534=DIRECTION('center_axis',(1.,-4.93038065763133E-32,2.22044604925031E-16));
#7535=DIRECTION('ref_axis',(2.67062285621697E-30,1.,-1.17868677781037E-14));
#7536=DIRECTION('center_axis',(1.,-4.93038065763133E-32,2.22044604925031E-16));
#7537=DIRECTION('ref_axis',(-5.90720462693555E-17,0.963962860695851,0.266036845566683));
#7538=DIRECTION('center_axis',(-1.,4.93038065763133E-32,-2.22044604925031E-16));
#7539=DIRECTION('ref_axis',(1.12694415031573E-31,1.,-2.22044604925031E-16));
#7540=DIRECTION('center_axis',(1.,-4.93038065763133E-32,2.22044604925031E-16));
#7541=DIRECTION('ref_axis',(1.99039249312172E-17,-0.995974293995238,-0.0896393089034406));
#7542=DIRECTION('center_axis',(1.,-4.93038065763133E-32,2.22044604925031E-16));
#7543=DIRECTION('ref_axis',(1.02716263700653E-31,1.,-2.22044604925031E-16));
#7544=DIRECTION('center_axis',(1.,-4.93038065763133E-32,2.22044604925031E-16));
#7545=DIRECTION('ref_axis',(1.99039249312172E-17,-0.995974293995238,-0.0896393089034407));
#7546=DIRECTION('center_axis',(1.,-4.93038065763133E-32,2.22044604925031E-16));
#7547=DIRECTION('ref_axis',(1.02716263700653E-31,1.,-2.22044604925031E-16));
#7548=DIRECTION('center_axis',(1.,-4.93038065763133E-32,2.22044604925031E-16));
#7549=DIRECTION('ref_axis',(-1.99039249312173E-17,0.995974293995238,0.0896393089034411));
#7550=DIRECTION('center_axis',(-1.,4.93038065763133E-32,-2.22044604925031E-16));
#7551=DIRECTION('ref_axis',(1.12694415031573E-31,1.,-2.22044604925031E-16));
#7552=DIRECTION('center_axis',(1.,-4.93038065763133E-32,2.22044604925031E-16));
#7553=DIRECTION('ref_axis',(-1.99039249312143E-17,-0.99597429399524,0.0896393089034269));
#7554=DIRECTION('center_axis',(1.,-4.93038065763133E-32,2.22044604925031E-16));
#7555=DIRECTION('ref_axis',(1.02716263700653E-31,1.,-2.22044604925031E-16));
#7556=DIRECTION('center_axis',(1.,-4.93038065763133E-32,2.22044604925031E-16));
#7557=DIRECTION('ref_axis',(-1.99039249312143E-17,-0.99597429399524,0.0896393089034268));
#7558=DIRECTION('center_axis',(1.,-4.93038065763133E-32,2.22044604925031E-16));
#7559=DIRECTION('ref_axis',(-2.46519032881566E-30,1.,1.13427785682537E-14));
#7560=DIRECTION('center_axis',(1.,-4.93038065763133E-32,2.22044604925031E-16));
#7561=DIRECTION('ref_axis',(1.99039249312143E-17,0.99597429399524,-0.0896393089034269));
#7562=DIRECTION('center_axis',(-1.,4.93038065763133E-32,-2.22044604925031E-16));
#7563=DIRECTION('ref_axis',(1.12694415031573E-31,1.,-2.22044604925031E-16));
#7564=DIRECTION('center_axis',(1.,-4.93038065763133E-32,2.22044604925031E-16));
#7565=DIRECTION('ref_axis',(-5.90720462693527E-17,-0.963962860695855,0.266036845566669));
#7566=DIRECTION('center_axis',(1.,-4.93038065763133E-32,2.22044604925031E-16));
#7567=DIRECTION('ref_axis',(1.02716263700653E-31,1.,-2.22044604925031E-16));
#7568=DIRECTION('center_axis',(1.,-4.93038065763133E-32,2.22044604925031E-16));
#7569=DIRECTION('ref_axis',(-5.90720462693526E-17,-0.963962860695855,0.266036845566669));
#7570=DIRECTION('center_axis',(1.,-4.93038065763133E-32,2.22044604925031E-16));
#7571=DIRECTION('ref_axis',(5.23852944873328E-30,1.,-2.33516909512825E-14));
#7572=DIRECTION('center_axis',(1.,-4.93038065763133E-32,2.22044604925031E-16));
#7573=DIRECTION('ref_axis',(5.90720462693527E-17,0.963962860695855,-0.266036845566669));
#7574=DIRECTION('center_axis',(-1.,4.93038065763133E-32,-2.22044604925031E-16));
#7575=DIRECTION('ref_axis',(1.12694415031573E-31,1.,-2.22044604925031E-16));
#7576=DIRECTION('center_axis',(1.,-4.93038065763133E-32,2.22044604925031E-16));
#7577=DIRECTION('ref_axis',(-9.63415434357524E-17,-0.900968867902422,0.433883739117553));
#7578=DIRECTION('center_axis',(1.,-4.93038065763133E-32,2.22044604925031E-16));
#7579=DIRECTION('ref_axis',(1.02716263700653E-31,1.,-2.22044604925031E-16));
#7580=DIRECTION('center_axis',(1.,-4.93038065763133E-32,2.22044604925031E-16));
#7581=DIRECTION('ref_axis',(-9.63415434357524E-17,-0.900968867902422,0.433883739117553));
#7582=DIRECTION('center_axis',(1.,-4.93038065763133E-32,2.22044604925031E-16));
#7583=DIRECTION('ref_axis',(1.38666955995881E-30,1.,-6.00445619151439E-15));
#7584=DIRECTION('center_axis',(1.,-4.93038065763133E-32,2.22044604925031E-16));
#7585=DIRECTION('ref_axis',(9.63415434357523E-17,0.900968867902422,-0.433883739117553));
#7586=DIRECTION('center_axis',(-1.,4.93038065763133E-32,-2.22044604925031E-16));
#7587=DIRECTION('ref_axis',(1.12694415031573E-31,1.,-2.22044604925031E-16));
#7588=DIRECTION('center_axis',(1.,-4.93038065763133E-32,2.22044604925031E-16));
#7589=DIRECTION('ref_axis',(-1.30514544126041E-16,-0.809016994374951,0.587785252292468));
#7590=DIRECTION('center_axis',(1.,-4.93038065763133E-32,2.22044604925031E-16));
#7591=DIRECTION('ref_axis',(-1.1812370325575E-30,1.,5.56036698166433E-15));
#7592=DIRECTION('center_axis',(1.,-4.93038065763133E-32,2.22044604925031E-16));
#7593=DIRECTION('ref_axis',(-1.30514544126041E-16,-0.809016994374951,0.587785252292469));
#7594=DIRECTION('center_axis',(1.,-4.93038065763133E-32,2.22044604925031E-16));
#7595=DIRECTION('ref_axis',(-1.1812370325575E-30,1.,5.56036698166433E-15));
#7596=DIRECTION('center_axis',(1.,-4.93038065763133E-32,2.22044604925031E-16));
#7597=DIRECTION('ref_axis',(1.30514544126041E-16,0.809016994374951,-0.587785252292468));
#7598=DIRECTION('center_axis',(-1.,4.93038065763133E-32,-2.22044604925031E-16));
#7599=DIRECTION('ref_axis',(1.12694415031573E-31,1.,-2.22044604925031E-16));
#7600=DIRECTION('center_axis',(1.,-4.93038065763133E-32,2.22044604925031E-16));
#7601=DIRECTION('ref_axis',(-1.60492699980394E-16,-0.691062648986868,0.722794863827388));
#7602=DIRECTION('center_axis',(1.,-4.93038065763133E-32,2.22044604925031E-16));
#7603=DIRECTION('ref_axis',(1.02716263700653E-31,1.,-2.22044604925031E-16));
#7604=DIRECTION('center_axis',(1.,-4.93038065763133E-32,2.22044604925031E-16));
#7605=DIRECTION('ref_axis',(-1.60492699980394E-16,-0.691062648986868,0.722794863827388));
#7606=DIRECTION('center_axis',(1.,-4.93038065763133E-32,2.22044604925031E-16));
#7607=DIRECTION('ref_axis',(-1.1812370325575E-30,1.,5.56036698166433E-15));
#7608=DIRECTION('center_axis',(1.,-4.93038065763133E-32,2.22044604925031E-16));
#7609=DIRECTION('ref_axis',(1.60492699980394E-16,0.691062648986868,-0.722794863827388));
#7610=DIRECTION('center_axis',(-1.,4.93038065763133E-32,-2.22044604925031E-16));
#7611=DIRECTION('ref_axis',(1.12694415031573E-31,1.,-2.22044604925031E-16));
#7612=DIRECTION('center_axis',(1.,-4.93038065763133E-32,2.22044604925031E-16));
#7613=DIRECTION('ref_axis',(-1.85312488403544E-16,-0.550896981452106,0.8345732537213));
#7614=DIRECTION('center_axis',(1.,-4.93038065763133E-32,2.22044604925031E-16));
#7615=DIRECTION('ref_axis',(-2.46519032881566E-30,1.,1.13427785682537E-14));
#7616=DIRECTION('center_axis',(1.,-4.93038065763133E-32,2.22044604925031E-16));
#7617=DIRECTION('ref_axis',(-1.85312488403544E-16,-0.550896981452106,0.8345732537213));
#7618=DIRECTION('center_axis',(1.,-4.93038065763133E-32,2.22044604925031E-16));
#7619=DIRECTION('ref_axis',(2.67062285621697E-30,1.,-1.17868677781037E-14));
#7620=DIRECTION('center_axis',(1.,-4.93038065763133E-32,2.22044604925031E-16));
#7621=DIRECTION('ref_axis',(1.85312488403544E-16,0.550896981452106,-0.8345732537213));
#7622=DIRECTION('center_axis',(-1.,4.93038065763133E-32,-2.22044604925031E-16));
#7623=DIRECTION('ref_axis',(1.12694415031573E-31,1.,-2.22044604925031E-16));
#7624=DIRECTION('center_axis',(1.,-4.93038065763133E-32,2.22044604925031E-16));
#7625=DIRECTION('ref_axis',(-2.0417618097378E-16,-0.393025031653928,0.919527772551449));
#7626=DIRECTION('center_axis',(1.,-4.93038065763133E-32,2.22044604925031E-16));
#7627=DIRECTION('ref_axis',(-3.10716697694474E-30,1.,1.42339843615484E-14));
#7628=DIRECTION('center_axis',(1.,-4.93038065763133E-32,2.22044604925031E-16));
#7629=DIRECTION('ref_axis',(-2.04176180973781E-16,-0.393025031653928,0.919527772551449));
#7630=DIRECTION('center_axis',(1.,-4.93038065763133E-32,2.22044604925031E-16));
#7631=DIRECTION('ref_axis',(-5.39260384428426E-31,1.,2.66916118836965E-15));
#7632=DIRECTION('center_axis',(1.,-4.93038065763133E-32,2.22044604925031E-16));
#7633=DIRECTION('ref_axis',(2.04176180973781E-16,0.393025031653927,-0.919527772551449));
#7634=DIRECTION('center_axis',(-1.,4.93038065763133E-32,-2.22044604925031E-16));
#7635=DIRECTION('ref_axis',(1.12694415031573E-31,1.,-2.22044604925031E-16));
#7636=DIRECTION('center_axis',(1.,-4.93038065763133E-32,2.22044604925031E-16));
#7637=DIRECTION('ref_axis',(-2.16477483090798E-16,-0.222520933956318,0.974927912181823));
#7638=DIRECTION('center_axis',(1.,-4.93038065763133E-32,2.22044604925031E-16));
#7639=DIRECTION('ref_axis',(3.9545761524751E-30,1.,-1.7569279364693E-14));
#7640=DIRECTION('center_axis',(1.,-4.93038065763133E-32,2.22044604925031E-16));
#7641=DIRECTION('ref_axis',(-2.16477483090798E-16,-0.222520933956318,0.974927912181823));
#7642=DIRECTION('center_axis',(1.,-4.93038065763133E-32,2.22044604925031E-16));
#7643=DIRECTION('ref_axis',(1.69481835106076E-30,1.,-7.45005908816169E-15));
#7644=DIRECTION('center_axis',(1.,-4.93038065763133E-32,2.22044604925031E-16));
#7645=DIRECTION('ref_axis',(2.16477483090798E-16,0.222520933956318,-0.974927912181823));
#7646=DIRECTION('center_axis',(-1.,4.93038065763133E-32,-2.22044604925031E-16));
#7647=DIRECTION('ref_axis',(1.12694415031573E-31,1.,-2.22044604925031E-16));
#7648=DIRECTION('center_axis',(-1.,4.93038065763133E-32,-2.22044604925031E-16));
#7649=DIRECTION('ref_axis',(-7.88860905221012E-32,-1.,2.22044604925031E-16));
#7650=DIRECTION('center_axis',(-1.,4.93038065763133E-32,-2.22044604925031E-16));
#7651=DIRECTION('ref_axis',(-7.88860905221012E-32,-1.,2.22044604925031E-16));
#7652=DIRECTION('',(1.,-4.93038065763132E-32,2.22044604925031E-16));
#7653=DIRECTION('center_axis',(-1.,4.93038065763133E-32,-2.22044604925031E-16));
#7654=DIRECTION('ref_axis',(-2.22044604925031E-16,0.,1.));
#7655=DIRECTION('',(2.22044604925031E-16,-2.22044604925031E-16,-1.));
#7656=DIRECTION('center_axis',(-1.,4.93038065763133E-32,-2.22044604925031E-16));
#7657=DIRECTION('ref_axis',(-9.86076131526265E-32,-1.,2.22044604925031E-16));
#7658=DIRECTION('center_axis',(1.,-4.93038065763133E-32,2.22044604925031E-16));
#7659=DIRECTION('ref_axis',(7.70371977754894E-32,1.,-2.22044604925031E-16));
#7660=DIRECTION('center_axis',(9.86076131526265E-32,1.,-2.22044604925031E-16));
#7661=DIRECTION('ref_axis',(-2.22044604925031E-16,2.22044604925031E-16,
1.));
#7662=DIRECTION('',(1.,-4.93038065763133E-32,2.22044604925031E-16));
#7663=DIRECTION('',(-2.22044604925031E-16,2.22044604925031E-16,1.));
#7664=DIRECTION('',(1.,0.,0.));
#7665=DIRECTION('center_axis',(-9.86076131526265E-32,-1.,2.22044604925031E-16));
#7666=DIRECTION('ref_axis',(2.22044604925031E-16,-2.22044604925031E-16,
-1.));
#7667=DIRECTION('center_axis',(-9.86076131526265E-32,-1.,2.22044604925031E-16));
#7668=DIRECTION('ref_axis',(2.22044604925031E-16,-2.22044604925031E-16,
-1.));
#7669=DIRECTION('center_axis',(1.,-4.93038065763133E-32,2.22044604925031E-16));
#7670=DIRECTION('ref_axis',(2.22044604925031E-16,0.,-1.));
#7671=DIRECTION('',(-2.22044604925031E-16,2.22044604925031E-16,1.));
#7672=DIRECTION('center_axis',(1.,-4.93038065763133E-32,2.22044604925031E-16));
#7673=DIRECTION('ref_axis',(-9.86076131526265E-32,-1.,2.22044604925031E-16));
#7674=DIRECTION('center_axis',(-1.,4.93038065763133E-32,-2.22044604925031E-16));
#7675=DIRECTION('ref_axis',(-7.70371977754894E-32,-1.,2.22044604925031E-16));
#7676=DIRECTION('center_axis',(9.86076131526265E-32,1.,-2.22044604925031E-16));
#7677=DIRECTION('ref_axis',(2.22044604925031E-16,-2.22044604925031E-16,
-1.));
#7678=DIRECTION('',(-1.,4.93038065763133E-32,-2.22044604925031E-16));
#7679=DIRECTION('',(2.22044604925031E-16,-2.22044604925031E-16,-1.));
#7680=DIRECTION('',(-1.,0.,0.));
#7681=DIRECTION('center_axis',(-9.86076131526265E-32,-1.,2.22044604925031E-16));
#7682=DIRECTION('ref_axis',(2.22044604925031E-16,-2.22044604925031E-16,
-1.));
#7683=DIRECTION('center_axis',(-9.86076131526265E-32,-1.,2.22044604925031E-16));
#7684=DIRECTION('ref_axis',(2.22044604925031E-16,-2.22044604925031E-16,
-1.));
#7685=DIRECTION('center_axis',(1.,-4.93038065763133E-32,2.22044604925031E-16));
#7686=DIRECTION('ref_axis',(-1.02716263700653E-31,-1.,2.22044604925031E-16));
#7687=DIRECTION('',(-1.,6.3108872417681E-32,-2.22044604925031E-16));
#7688=DIRECTION('',(1.,-6.3108872417681E-32,2.22044604925031E-16));
#7689=DIRECTION('center_axis',(1.,-4.93038065763133E-32,2.22044604925031E-16));
#7690=DIRECTION('ref_axis',(-1.02716263700653E-31,-1.,2.22044604925031E-16));
#7691=DIRECTION('',(-1.,6.3108872417681E-32,-2.22044604925031E-16));
#7692=DIRECTION('',(1.,-6.3108872417681E-32,2.22044604925031E-16));
#7693=DIRECTION('center_axis',(1.,-4.93038065763133E-32,2.22044604925031E-16));
#7694=DIRECTION('ref_axis',(-1.02716263700653E-31,-1.,2.22044604925031E-16));
#7695=DIRECTION('',(-1.,6.3108872417681E-32,-2.22044604925031E-16));
#7696=DIRECTION('',(1.,-6.3108872417681E-32,2.22044604925031E-16));
#7697=DIRECTION('center_axis',(1.,-4.93038065763133E-32,2.22044604925031E-16));
#7698=DIRECTION('ref_axis',(-1.02716263700653E-31,-1.,2.22044604925031E-16));
#7699=DIRECTION('',(-1.,6.3108872417681E-32,-2.22044604925031E-16));
#7700=DIRECTION('',(1.,-6.3108872417681E-32,2.22044604925031E-16));
#7701=DIRECTION('center_axis',(1.,-4.93038065763133E-32,2.22044604925031E-16));
#7702=DIRECTION('ref_axis',(-1.02716263700653E-31,-1.,2.22044604925031E-16));
#7703=DIRECTION('',(-1.,6.3108872417681E-32,-2.22044604925031E-16));
#7704=DIRECTION('',(1.,-6.3108872417681E-32,2.22044604925031E-16));
#7705=DIRECTION('center_axis',(1.,-4.93038065763133E-32,2.22044604925031E-16));
#7706=DIRECTION('ref_axis',(-1.02716263700653E-31,-1.,2.22044604925031E-16));
#7707=DIRECTION('',(-1.,6.3108872417681E-32,-2.22044604925031E-16));
#7708=DIRECTION('',(1.,-6.3108872417681E-32,2.22044604925031E-16));
#7709=DIRECTION('center_axis',(1.,-4.93038065763133E-32,2.22044604925031E-16));
#7710=DIRECTION('ref_axis',(-1.02716263700652E-31,-1.,2.22044604925031E-16));
#7711=DIRECTION('',(-1.,6.3108872417681E-32,-2.22044604925031E-16));
#7712=DIRECTION('',(1.,-6.3108872417681E-32,2.22044604925031E-16));
#7713=DIRECTION('center_axis',(1.,-4.93038065763133E-32,2.22044604925031E-16));
#7714=DIRECTION('ref_axis',(-1.02716263700652E-31,-1.,2.22044604925031E-16));
#7715=DIRECTION('',(-1.,6.3108872417681E-32,-2.22044604925031E-16));
#7716=DIRECTION('',(1.,-6.3108872417681E-32,2.22044604925031E-16));
#7717=DIRECTION('center_axis',(1.,-4.93038065763133E-32,2.22044604925031E-16));
#7718=DIRECTION('ref_axis',(-1.02716263700652E-31,-1.,2.22044604925031E-16));
#7719=DIRECTION('',(-1.,6.3108872417681E-32,-2.22044604925031E-16));
#7720=DIRECTION('',(1.,-6.3108872417681E-32,2.22044604925031E-16));
#7721=DIRECTION('center_axis',(1.,-4.93038065763133E-32,2.22044604925031E-16));
#7722=DIRECTION('ref_axis',(-1.02716263700653E-31,-1.,2.22044604925031E-16));
#7723=DIRECTION('',(-1.,6.3108872417681E-32,-2.22044604925031E-16));
#7724=DIRECTION('',(1.,-6.3108872417681E-32,2.22044604925031E-16));
#7725=DIRECTION('center_axis',(1.,-4.93038065763133E-32,2.22044604925031E-16));
#7726=DIRECTION('ref_axis',(-1.02716263700653E-31,-1.,2.22044604925031E-16));
#7727=DIRECTION('',(-1.,6.3108872417681E-32,-2.22044604925031E-16));
#7728=DIRECTION('',(1.,-6.3108872417681E-32,2.22044604925031E-16));
#7729=DIRECTION('center_axis',(1.,-4.93038065763133E-32,2.22044604925031E-16));
#7730=DIRECTION('ref_axis',(-1.02716263700653E-31,-1.,2.22044604925031E-16));
#7731=DIRECTION('',(-1.,6.3108872417681E-32,-2.22044604925031E-16));
#7732=DIRECTION('',(1.,-6.3108872417681E-32,2.22044604925031E-16));
#7733=DIRECTION('center_axis',(1.,-4.93038065763133E-32,2.22044604925031E-16));
#7734=DIRECTION('ref_axis',(-1.02716263700653E-31,-1.,2.22044604925031E-16));
#7735=DIRECTION('',(-1.,6.3108872417681E-32,-2.22044604925031E-16));
#7736=DIRECTION('',(1.,-6.3108872417681E-32,2.22044604925031E-16));
#7737=DIRECTION('center_axis',(1.,-4.93038065763133E-32,2.22044604925031E-16));
#7738=DIRECTION('ref_axis',(-1.02716263700653E-31,-1.,2.22044604925031E-16));
#7739=DIRECTION('',(-1.,6.3108872417681E-32,-2.22044604925031E-16));
#7740=DIRECTION('',(1.,-6.3108872417681E-32,2.22044604925031E-16));
#7741=DIRECTION('center_axis',(1.,-4.93038065763133E-32,2.22044604925031E-16));
#7742=DIRECTION('ref_axis',(-1.02716263700653E-31,-1.,2.22044604925031E-16));
#7743=DIRECTION('',(-1.,6.3108872417681E-32,-2.22044604925031E-16));
#7744=DIRECTION('',(1.,-6.3108872417681E-32,2.22044604925031E-16));
#7745=DIRECTION('center_axis',(1.,-4.93038065763133E-32,2.22044604925031E-16));
#7746=DIRECTION('ref_axis',(-1.02716263700653E-31,-1.,2.22044604925031E-16));
#7747=DIRECTION('',(-1.,6.3108872417681E-32,-2.22044604925031E-16));
#7748=DIRECTION('',(1.,-6.3108872417681E-32,2.22044604925031E-16));
#7749=DIRECTION('center_axis',(-1.,4.93038065763133E-32,-2.22044604925031E-16));
#7750=DIRECTION('ref_axis',(1.22513967651763E-31,1.,-2.22044604925031E-16));
#7751=DIRECTION('',(-1.,6.3108872417681E-32,-2.22044604925031E-16));
#7752=DIRECTION('center_axis',(-1.,4.93038065763133E-32,-2.22044604925031E-16));
#7753=DIRECTION('ref_axis',(1.22513967651763E-31,1.,-2.22044604925031E-16));
#7754=DIRECTION('',(-1.,6.3108872417681E-32,-2.22044604925031E-16));
#7755=DIRECTION('center_axis',(-1.,4.93038065763133E-32,-2.22044604925031E-16));
#7756=DIRECTION('ref_axis',(1.22513967651763E-31,1.,-2.22044604925031E-16));
#7757=DIRECTION('',(-1.,6.3108872417681E-32,-2.22044604925031E-16));
#7758=DIRECTION('center_axis',(-1.,4.93038065763133E-32,-2.22044604925031E-16));
#7759=DIRECTION('ref_axis',(1.22513967651763E-31,1.,-2.22044604925031E-16));
#7760=DIRECTION('',(-1.,6.3108872417681E-32,-2.22044604925031E-16));
#7761=DIRECTION('center_axis',(-1.,4.93038065763133E-32,-2.22044604925031E-16));
#7762=DIRECTION('ref_axis',(1.22513967651763E-31,1.,-2.22044604925031E-16));
#7763=DIRECTION('',(-1.,6.3108872417681E-32,-2.22044604925031E-16));
#7764=DIRECTION('center_axis',(1.,-4.93038065763133E-32,2.22044604925031E-16));
#7765=DIRECTION('ref_axis',(-1.06602825029866E-31,-1.,2.22044604925031E-16));
#7766=DIRECTION('center_axis',(-1.,4.93038065763133E-32,-2.22044604925031E-16));
#7767=DIRECTION('ref_axis',(1.06602825029866E-31,1.,-2.22044604925031E-16));
#7768=DIRECTION('',(-1.,6.3108872417681E-32,-2.22044604925031E-16));
#7769=DIRECTION('center_axis',(1.,-4.93038065763133E-32,2.22044604925031E-16));
#7770=DIRECTION('ref_axis',(1.06602825029866E-31,1.,-2.22044604925031E-16));
#7771=DIRECTION('',(-1.,6.3108872417681E-32,-2.22044604925031E-16));
#7772=DIRECTION('center_axis',(1.,-4.93038065763133E-32,2.22044604925031E-16));
#7773=DIRECTION('ref_axis',(-1.06602825029866E-31,-1.,2.22044604925031E-16));
#7774=DIRECTION('center_axis',(1.,-4.93038065763133E-32,2.22044604925031E-16));
#7775=DIRECTION('ref_axis',(8.98128800876625E-30,1.,-4.01900734914307E-14));
#7776=DIRECTION('',(-1.,6.3108872417681E-32,-2.22044604925031E-16));
#7777=DIRECTION('center_axis',(-1.,4.93038065763133E-32,-2.22044604925031E-16));
#7778=DIRECTION('ref_axis',(1.06602825029866E-31,1.,-2.22044604925031E-16));
#7779=DIRECTION('',(-1.,6.3108872417681E-32,-2.22044604925031E-16));
#7780=DIRECTION('center_axis',(1.,-4.93038065763133E-32,2.22044604925031E-16));
#7781=DIRECTION('ref_axis',(-1.06602825029866E-31,-1.,2.22044604925031E-16));
#7782=DIRECTION('center_axis',(1.,-4.93038065763133E-32,2.22044604925031E-16));
#7783=DIRECTION('ref_axis',(-1.98014747492977E-29,1.,8.94839757847876E-14));
#7784=DIRECTION('',(-1.,6.3108872417681E-32,-2.22044604925031E-16));
#7785=DIRECTION('center_axis',(-1.,4.93038065763133E-32,-2.22044604925031E-16));
#7786=DIRECTION('ref_axis',(1.06602825029866E-31,1.,-2.22044604925031E-16));
#7787=DIRECTION('',(-1.,6.3108872417681E-32,-2.22044604925031E-16));
#7788=DIRECTION('center_axis',(1.,-4.93038065763133E-32,2.22044604925031E-16));
#7789=DIRECTION('ref_axis',(-1.06602825029866E-31,-1.,2.22044604925031E-16));
#7790=DIRECTION('center_axis',(1.,-4.93038065763133E-32,2.22044604925031E-16));
#7791=DIRECTION('ref_axis',(1.29255925348713E-29,1.,-5.79536418854332E-14));
#7792=DIRECTION('',(-1.,6.3108872417681E-32,-2.22044604925031E-16));
#7793=DIRECTION('center_axis',(-1.,4.93038065763133E-32,-2.22044604925031E-16));
#7794=DIRECTION('ref_axis',(1.06602825029866E-31,1.,-2.22044604925031E-16));
#7795=DIRECTION('',(-1.,6.3108872417681E-32,-2.22044604925031E-16));
#7796=DIRECTION('center_axis',(1.,-4.93038065763133E-32,2.22044604925031E-16));
#7797=DIRECTION('ref_axis',(-1.06602825029866E-31,-1.,2.22044604925031E-16));
#7798=DIRECTION('center_axis',(-1.,4.93038065763133E-32,-2.22044604925031E-16));
#7799=DIRECTION('ref_axis',(1.06602825029866E-31,1.,-2.22044604925031E-16));
#7800=DIRECTION('',(-1.,6.3108872417681E-32,-2.22044604925031E-16));
#7801=DIRECTION('center_axis',(1.,-4.93038065763133E-32,2.22044604925031E-16));
#7802=DIRECTION('ref_axis',(6.60937515185172E-30,1.,-2.95319324550292E-14));
#7803=DIRECTION('center_axis',(1.,-4.93038065763133E-32,2.22044604925031E-16));
#7804=DIRECTION('ref_axis',(-1.06602825029866E-31,-1.,2.22044604925031E-16));
#7805=DIRECTION('center_axis',(-1.,4.93038065763133E-32,-2.22044604925031E-16));
#7806=DIRECTION('ref_axis',(1.06602825029866E-31,1.,-2.22044604925031E-16));
#7807=DIRECTION('',(-1.,6.3108872417681E-32,-2.22044604925031E-16));
#7808=DIRECTION('center_axis',(1.,-4.93038065763133E-32,2.22044604925031E-16));
#7809=DIRECTION('ref_axis',(-1.68432463547189E-29,1.,7.61612994892858E-14));
#7810=DIRECTION('',(-1.,6.3108872417681E-32,-2.22044604925031E-16));
#7811=DIRECTION('center_axis',(1.,-4.93038065763133E-32,2.22044604925031E-16));
#7812=DIRECTION('ref_axis',(-1.06602825029866E-31,-1.,2.22044604925031E-16));
#7813=DIRECTION('center_axis',(1.,-4.93038065763133E-32,2.22044604925031E-16));
#7814=DIRECTION('ref_axis',(1.06602825029866E-31,1.,-2.22044604925031E-16));
#7815=DIRECTION('',(-1.,6.3108872417681E-32,-2.22044604925031E-16));
#7816=DIRECTION('center_axis',(-1.,4.93038065763133E-32,-2.22044604925031E-16));
#7817=DIRECTION('ref_axis',(1.06602825029866E-31,1.,-2.22044604925031E-16));
#7818=DIRECTION('',(-1.,6.3108872417681E-32,-2.22044604925031E-16));
#7819=DIRECTION('center_axis',(1.,-4.93038065763133E-32,2.22044604925031E-16));
#7820=DIRECTION('ref_axis',(-1.06602825029866E-31,-1.,2.22044604925031E-16));
#7821=DIRECTION('center_axis',(1.,-4.93038065763133E-32,2.22044604925031E-16));
#7822=DIRECTION('ref_axis',(1.39116686663976E-29,1.,-6.23945339839338E-14));
#7823=DIRECTION('',(-1.,6.3108872417681E-32,-2.22044604925031E-16));
#7824=DIRECTION('center_axis',(-1.,4.93038065763133E-32,-2.22044604925031E-16));
#7825=DIRECTION('ref_axis',(1.06602825029866E-31,1.,-2.22044604925031E-16));
#7826=DIRECTION('',(-1.,6.3108872417681E-32,-2.22044604925031E-16));
#7827=DIRECTION('center_axis',(1.,-4.93038065763133E-32,2.22044604925031E-16));
#7828=DIRECTION('ref_axis',(-1.06602825029866E-31,-1.,2.22044604925031E-16));
#7829=DIRECTION('center_axis',(-1.,4.93038065763133E-32,-2.22044604925031E-16));
#7830=DIRECTION('ref_axis',(1.06602825029866E-31,1.,-2.22044604925031E-16));
#7831=DIRECTION('',(-1.,6.3108872417681E-32,-2.22044604925031E-16));
#7832=DIRECTION('center_axis',(1.,-4.93038065763133E-32,2.22044604925031E-16));
#7833=DIRECTION('ref_axis',(1.06602825029866E-31,1.,-2.22044604925031E-16));
#7834=DIRECTION('',(-1.,6.3108872417681E-32,-2.22044604925031E-16));
#7835=DIRECTION('center_axis',(1.,-4.93038065763133E-32,2.22044604925031E-16));
#7836=DIRECTION('ref_axis',(-1.06602825029866E-31,-1.,2.22044604925031E-16));
#7837=DIRECTION('center_axis',(1.,-4.93038065763133E-32,2.22044604925031E-16));
#7838=DIRECTION('ref_axis',(1.06602825029866E-31,1.,-2.22044604925031E-16));
#7839=DIRECTION('',(-1.,6.3108872417681E-32,-2.22044604925031E-16));
#7840=DIRECTION('center_axis',(-1.,4.93038065763133E-32,-2.22044604925031E-16));
#7841=DIRECTION('ref_axis',(1.06602825029866E-31,1.,-2.22044604925031E-16));
#7842=DIRECTION('center_axis',(1.,-4.93038065763133E-32,2.22044604925031E-16));
#7843=DIRECTION('ref_axis',(-1.06602825029866E-31,-1.,2.22044604925031E-16));
#7844=DIRECTION('center_axis',(-1.,4.93038065763133E-32,-2.22044604925031E-16));
#7845=DIRECTION('ref_axis',(1.06602825029866E-31,1.,-2.22044604925031E-16));
#7846=DIRECTION('',(-1.,6.3108872417681E-32,-2.22044604925031E-16));
#7847=DIRECTION('center_axis',(1.,-4.93038065763133E-32,2.22044604925031E-16));
#7848=DIRECTION('ref_axis',(1.06602825029866E-31,1.,-2.22044604925031E-16));
#7849=DIRECTION('',(-1.,6.3108872417681E-32,-2.22044604925031E-16));
#7850=DIRECTION('center_axis',(1.,-4.93038065763133E-32,2.22044604925031E-16));
#7851=DIRECTION('ref_axis',(-1.06602825029866E-31,-1.,2.22044604925031E-16));
#7852=DIRECTION('center_axis',(1.,-4.93038065763133E-32,2.22044604925031E-16));
#7853=DIRECTION('ref_axis',(1.06602825029866E-31,1.,-2.22044604925031E-16));
#7854=DIRECTION('',(-1.,6.3108872417681E-32,-2.22044604925031E-16));
#7855=DIRECTION('center_axis',(-1.,4.93038065763133E-32,-2.22044604925031E-16));
#7856=DIRECTION('ref_axis',(1.06602825029866E-31,1.,-2.22044604925031E-16));
#7857=DIRECTION('center_axis',(1.,-4.93038065763133E-32,2.22044604925031E-16));
#7858=DIRECTION('ref_axis',(-1.06602825029866E-31,-1.,2.22044604925031E-16));
#7859=DIRECTION('center_axis',(-1.,4.93038065763133E-32,-2.22044604925031E-16));
#7860=DIRECTION('ref_axis',(1.06602825029866E-31,1.,-2.22044604925031E-16));
#7861=DIRECTION('',(-1.,6.3108872417681E-32,-2.22044604925031E-16));
#7862=DIRECTION('center_axis',(1.,-4.93038065763133E-32,2.22044604925031E-16));
#7863=DIRECTION('ref_axis',(-2.93157768832133E-31,1.,1.55431223447522E-15));
#7864=DIRECTION('',(-1.,6.3108872417681E-32,-2.22044604925031E-16));
#7865=DIRECTION('center_axis',(1.,-4.93038065763133E-32,2.22044604925031E-16));
#7866=DIRECTION('ref_axis',(-1.06602825029866E-31,-1.,2.22044604925031E-16));
#7867=DIRECTION('center_axis',(1.,-4.93038065763133E-32,2.22044604925031E-16));
#7868=DIRECTION('ref_axis',(1.06602825029866E-31,1.,-2.22044604925031E-16));
#7869=DIRECTION('',(-1.,6.3108872417681E-32,-2.22044604925031E-16));
#7870=DIRECTION('center_axis',(-1.,4.93038065763133E-32,-2.22044604925031E-16));
#7871=DIRECTION('ref_axis',(1.06602825029866E-31,1.,-2.22044604925031E-16));
#7872=DIRECTION('',(-1.,6.3108872417681E-32,-2.22044604925031E-16));
#7873=DIRECTION('center_axis',(1.,-4.93038065763133E-32,2.22044604925031E-16));
#7874=DIRECTION('ref_axis',(-1.06602825029866E-31,-1.,2.22044604925031E-16));
#7875=DIRECTION('center_axis',(1.,-4.93038065763133E-32,2.22044604925031E-16));
#7876=DIRECTION('ref_axis',(-7.99521187723998E-32,1.,6.66133814775094E-16));
#7877=DIRECTION('',(-1.,6.3108872417681E-32,-2.22044604925031E-16));
#7878=DIRECTION('center_axis',(-1.,4.93038065763133E-32,-2.22044604925031E-16));
#7879=DIRECTION('ref_axis',(1.06602825029866E-31,1.,-2.22044604925031E-16));
#7880=DIRECTION('',(-1.,6.3108872417681E-32,-2.22044604925031E-16));
#7881=DIRECTION('center_axis',(1.,-4.93038065763133E-32,2.22044604925031E-16));
#7882=DIRECTION('ref_axis',(-1.06602825029866E-31,-1.,2.22044604925031E-16));
#7883=DIRECTION('center_axis',(1.,-4.93038065763133E-32,2.22044604925031E-16));
#7884=DIRECTION('ref_axis',(2.93157768832133E-31,1.,-1.11022302462516E-15));
#7885=DIRECTION('',(-1.,6.3108872417681E-32,-2.22044604925031E-16));
#7886=DIRECTION('center_axis',(-1.,4.93038065763133E-32,-2.22044604925031E-16));
#7887=DIRECTION('ref_axis',(1.06602825029866E-31,1.,-2.22044604925031E-16));
#7888=DIRECTION('',(-1.,6.3108872417681E-32,-2.22044604925031E-16));
#7889=DIRECTION('center_axis',(1.,-4.93038065763133E-32,2.22044604925031E-16));
#7890=DIRECTION('ref_axis',(-1.06602825029866E-31,-1.,2.22044604925031E-16));
#7891=DIRECTION('center_axis',(-1.,4.93038065763133E-32,-2.22044604925031E-16));
#7892=DIRECTION('ref_axis',(1.06602825029866E-31,1.,-2.22044604925031E-16));
#7893=DIRECTION('',(-1.,6.3108872417681E-32,-2.22044604925031E-16));
#7894=DIRECTION('center_axis',(1.,-4.93038065763133E-32,2.22044604925031E-16));
#7895=DIRECTION('ref_axis',(1.06602825029866E-31,1.,-2.22044604925031E-16));
#7896=DIRECTION('',(-1.,6.3108872417681E-32,-2.22044604925031E-16));
#7897=DIRECTION('center_axis',(1.,-4.93038065763133E-32,2.22044604925031E-16));
#7898=DIRECTION('ref_axis',(-1.06602825029866E-31,-1.,2.22044604925031E-16));
#7899=DIRECTION('center_axis',(1.,-4.93038065763133E-32,2.22044604925031E-16));
#7900=DIRECTION('ref_axis',(-6.98248503945625E-30,1.,3.17523785042795E-14));
#7901=DIRECTION('',(-1.,6.3108872417681E-32,-2.22044604925031E-16));
#7902=DIRECTION('center_axis',(-1.,4.93038065763133E-32,-2.22044604925031E-16));
#7903=DIRECTION('ref_axis',(1.06602825029866E-31,1.,-2.22044604925031E-16));
#7904=DIRECTION('',(-1.,6.3108872417681E-32,-2.22044604925031E-16));
#7905=DIRECTION('center_axis',(1.,-4.93038065763133E-32,2.22044604925031E-16));
#7906=DIRECTION('ref_axis',(-1.06602825029866E-31,-1.,2.22044604925031E-16));
#7907=DIRECTION('center_axis',(-1.,4.93038065763133E-32,-2.22044604925031E-16));
#7908=DIRECTION('ref_axis',(1.06602825029866E-31,1.,-2.22044604925031E-16));
#7909=DIRECTION('',(-1.,6.3108872417681E-32,-2.22044604925031E-16));
#7910=DIRECTION('center_axis',(1.,-4.93038065763133E-32,2.22044604925031E-16));
#7911=DIRECTION('ref_axis',(6.42282020804945E-30,1.,-2.8643754035329E-14));
#7912=DIRECTION('',(-1.,6.3108872417681E-32,-2.22044604925031E-16));
#7913=DIRECTION('center_axis',(1.,-4.93038065763133E-32,2.22044604925031E-16));
#7914=DIRECTION('ref_axis',(-1.06602825029866E-31,-1.,2.22044604925031E-16));
#7915=DIRECTION('center_axis',(1.,-4.93038065763133E-32,2.22044604925031E-16));
#7916=DIRECTION('ref_axis',(1.06602825029866E-31,1.,-2.22044604925031E-16));
#7917=DIRECTION('',(-1.,6.3108872417681E-32,-2.22044604925031E-16));
#7918=DIRECTION('center_axis',(-1.,4.93038065763133E-32,-2.22044604925031E-16));
#7919=DIRECTION('ref_axis',(1.06602825029866E-31,1.,-2.22044604925031E-16));
#7920=DIRECTION('',(-1.,6.3108872417681E-32,-2.22044604925031E-16));
#7921=DIRECTION('center_axis',(1.,-4.93038065763133E-32,2.22044604925031E-16));
#7922=DIRECTION('ref_axis',(-1.06602825029866E-31,-1.,2.22044604925031E-16));
#7923=DIRECTION('center_axis',(-1.,4.93038065763133E-32,-2.22044604925031E-16));
#7924=DIRECTION('ref_axis',(1.06602825029866E-31,1.,-2.22044604925031E-16));
#7925=DIRECTION('',(-1.,6.3108872417681E-32,-2.22044604925031E-16));
#7926=DIRECTION('center_axis',(1.,-4.93038065763133E-32,2.22044604925031E-16));
#7927=DIRECTION('ref_axis',(1.06602825029866E-31,1.,-2.22044604925031E-16));
#7928=DIRECTION('',(-1.,6.3108872417681E-32,-2.22044604925031E-16));
#7929=DIRECTION('center_axis',(1.,-4.93038065763133E-32,2.22044604925031E-16));
#7930=DIRECTION('ref_axis',(-1.06602825029866E-31,-1.,2.22044604925031E-16));
#7931=DIRECTION('center_axis',(1.,-4.93038065763133E-32,2.22044604925031E-16));
#7932=DIRECTION('ref_axis',(-5.62329902032546E-30,1.,2.55351295663786E-14));
#7933=DIRECTION('',(-1.,6.3108872417681E-32,-2.22044604925031E-16));
#7934=DIRECTION('center_axis',(-1.,4.93038065763133E-32,-2.22044604925031E-16));
#7935=DIRECTION('ref_axis',(1.06602825029866E-31,1.,-2.22044604925031E-16));
#7936=DIRECTION('',(-1.,6.3108872417681E-32,-2.22044604925031E-16));
#7937=DIRECTION('center_axis',(1.,-4.93038065763133E-32,2.22044604925031E-16));
#7938=DIRECTION('ref_axis',(-1.06602825029866E-31,-1.,2.22044604925031E-16));
#7939=DIRECTION('center_axis',(1.,-4.93038065763133E-32,2.22044604925031E-16));
#7940=DIRECTION('ref_axis',(1.06602825029866E-31,1.,-2.22044604925031E-16));
#7941=DIRECTION('',(-1.,6.3108872417681E-32,-2.22044604925031E-16));
#7942=DIRECTION('center_axis',(-1.,4.93038065763133E-32,-2.22044604925031E-16));
#7943=DIRECTION('ref_axis',(1.06602825029866E-31,1.,-2.22044604925031E-16));
#7944=DIRECTION('',(-1.,6.3108872417681E-32,-2.22044604925031E-16));
#7945=DIRECTION('center_axis',(1.,-4.93038065763133E-32,2.22044604925031E-16));
#7946=DIRECTION('ref_axis',(-1.06602825029866E-31,-1.,2.22044604925031E-16));
#7947=DIRECTION('center_axis',(1.,-4.93038065763133E-32,2.22044604925031E-16));
#7948=DIRECTION('ref_axis',(1.06602825029866E-31,1.,-2.22044604925031E-16));
#7949=DIRECTION('',(-1.,6.3108872417681E-32,-2.22044604925031E-16));
#7950=DIRECTION('center_axis',(-1.,4.93038065763133E-32,-2.22044604925031E-16));
#7951=DIRECTION('ref_axis',(1.06602825029866E-31,1.,-2.22044604925031E-16));
#7952=DIRECTION('',(-1.,6.3108872417681E-32,-2.22044604925031E-16));
#7953=DIRECTION('center_axis',(1.,-4.93038065763133E-32,2.22044604925031E-16));
#7954=DIRECTION('ref_axis',(-1.06602825029866E-31,-1.,2.22044604925031E-16));
#7955=DIRECTION('center_axis',(-1.,4.93038065763133E-32,-2.22044604925031E-16));
#7956=DIRECTION('ref_axis',(1.06602825029866E-31,1.,-2.22044604925031E-16));
#7957=DIRECTION('',(-1.,6.3108872417681E-32,-2.22044604925031E-16));
#7958=DIRECTION('center_axis',(1.,-4.93038065763133E-32,2.22044604925031E-16));
#7959=DIRECTION('ref_axis',(-1.01539190840948E-29,1.,4.59632332194815E-14));
#7960=DIRECTION('',(-1.,6.3108872417681E-32,-2.22044604925031E-16));
#7961=DIRECTION('center_axis',(1.,-4.93038065763133E-32,2.22044604925031E-16));
#7962=DIRECTION('ref_axis',(-1.06602825029866E-31,-1.,2.22044604925031E-16));
#7963=DIRECTION('center_axis',(1.,-4.93038065763133E-32,2.22044604925031E-16));
#7964=DIRECTION('ref_axis',(1.06602825029866E-31,1.,-2.22044604925031E-16));
#7965=DIRECTION('',(-1.,6.3108872417681E-32,-2.22044604925031E-16));
#7966=DIRECTION('center_axis',(-1.,4.93038065763133E-32,-2.22044604925031E-16));
#7967=DIRECTION('ref_axis',(1.06602825029866E-31,1.,-2.22044604925031E-16));
#7968=DIRECTION('',(-1.,6.3108872417681E-32,-2.22044604925031E-16));
#7969=DIRECTION('center_axis',(1.,-4.93038065763133E-32,2.22044604925031E-16));
#7970=DIRECTION('ref_axis',(-1.06602825029866E-31,-1.,2.22044604925031E-16));
#7971=DIRECTION('center_axis',(-1.,4.93038065763133E-32,-2.22044604925031E-16));
#7972=DIRECTION('ref_axis',(1.06602825029866E-31,1.,-2.22044604925031E-16));
#7973=DIRECTION('',(-1.,6.3108872417681E-32,-2.22044604925031E-16));
#7974=DIRECTION('center_axis',(1.,-4.93038065763133E-32,2.22044604925031E-16));
#7975=DIRECTION('ref_axis',(1.1139995215621E-29,1.,-4.99600361081321E-14));
#7976=DIRECTION('',(-1.,6.3108872417681E-32,-2.22044604925031E-16));
#7977=DIRECTION('center_axis',(1.,-4.93038065763133E-32,2.22044604925031E-16));
#7978=DIRECTION('ref_axis',(-1.06602825029866E-31,-1.,2.22044604925031E-16));
#7979=DIRECTION('center_axis',(-1.,4.93038065763133E-32,-2.22044604925031E-16));
#7980=DIRECTION('ref_axis',(1.06602825029866E-31,1.,-2.22044604925031E-16));
#7981=DIRECTION('',(-1.,6.3108872417681E-32,-2.22044604925031E-16));
#7982=DIRECTION('center_axis',(1.,-4.93038065763133E-32,2.22044604925031E-16));
#7983=DIRECTION('ref_axis',(1.06602825029866E-31,1.,-2.22044604925031E-16));
#7984=DIRECTION('',(-1.,6.3108872417681E-32,-2.22044604925031E-16));
#7985=DIRECTION('center_axis',(1.,-4.93038065763133E-32,2.22044604925031E-16));
#7986=DIRECTION('ref_axis',(-1.06602825029866E-31,-1.,2.22044604925031E-16));
#7987=DIRECTION('center_axis',(1.,-4.93038065763133E-32,2.22044604925031E-16));
#7988=DIRECTION('ref_axis',(1.06602825029866E-31,1.,-2.22044604925031E-16));
#7989=DIRECTION('',(-1.,6.3108872417681E-32,-2.22044604925031E-16));
#7990=DIRECTION('center_axis',(-1.,4.93038065763133E-32,-2.22044604925031E-16));
#7991=DIRECTION('ref_axis',(1.06602825029866E-31,1.,-2.22044604925031E-16));
#7992=DIRECTION('',(-1.,6.3108872417681E-32,-2.22044604925031E-16));
#7993=DIRECTION('center_axis',(1.,-4.93038065763133E-32,2.22044604925031E-16));
#7994=DIRECTION('ref_axis',(-1.06602825029866E-31,-1.,2.22044604925031E-16));
#7995=DIRECTION('center_axis',(1.,-4.93038065763133E-32,2.22044604925031E-16));
#7996=DIRECTION('ref_axis',(1.06602825029866E-31,1.,-2.22044604925031E-16));
#7997=DIRECTION('',(-1.,6.3108872417681E-32,-2.22044604925031E-16));
#7998=DIRECTION('center_axis',(-1.,4.93038065763133E-32,-2.22044604925031E-16));
#7999=DIRECTION('ref_axis',(1.06602825029866E-31,1.,-2.22044604925031E-16));
#8000=DIRECTION('',(-1.,6.3108872417681E-32,-2.22044604925031E-16));
#8001=DIRECTION('center_axis',(1.,-4.93038065763133E-32,2.22044604925031E-16));
#8002=DIRECTION('ref_axis',(-1.06602825029866E-31,-1.,2.22044604925031E-16));
#8003=DIRECTION('center_axis',(1.,-4.93038065763133E-32,2.22044604925031E-16));
#8004=DIRECTION('ref_axis',(1.06602825029866E-31,1.,-2.22044604925031E-16));
#8005=DIRECTION('',(-1.,6.3108872417681E-32,-2.22044604925031E-16));
#8006=DIRECTION('center_axis',(-1.,4.93038065763133E-32,-2.22044604925031E-16));
#8007=DIRECTION('ref_axis',(1.06602825029866E-31,1.,-2.22044604925031E-16));
#8008=DIRECTION('',(-1.,6.3108872417681E-32,-2.22044604925031E-16));
#8009=DIRECTION('center_axis',(1.,-4.93038065763133E-32,2.22044604925031E-16));
#8010=DIRECTION('ref_axis',(-1.06602825029866E-31,-1.,2.22044604925031E-16));
#8011=DIRECTION('center_axis',(1.,-4.93038065763133E-32,2.22044604925031E-16));
#8012=DIRECTION('ref_axis',(1.06602825029866E-31,1.,-2.22044604925031E-16));
#8013=DIRECTION('',(-1.,6.3108872417681E-32,-2.22044604925031E-16));
#8014=DIRECTION('center_axis',(-1.,4.93038065763133E-32,-2.22044604925031E-16));
#8015=DIRECTION('ref_axis',(1.06602825029866E-31,1.,-2.22044604925031E-16));
#8016=DIRECTION('',(-1.,6.3108872417681E-32,-2.22044604925031E-16));
#8017=DIRECTION('center_axis',(1.,-4.93038065763133E-32,2.22044604925031E-16));
#8018=DIRECTION('ref_axis',(-1.06602825029866E-31,-1.,2.22044604925031E-16));
#8019=DIRECTION('center_axis',(-1.,4.93038065763133E-32,-2.22044604925031E-16));
#8020=DIRECTION('ref_axis',(1.06602825029866E-31,1.,-2.22044604925031E-16));
#8021=DIRECTION('',(-1.,6.3108872417681E-32,-2.22044604925031E-16));
#8022=DIRECTION('center_axis',(1.,-4.93038065763133E-32,2.22044604925031E-16));
#8023=DIRECTION('ref_axis',(1.06602825029866E-31,1.,-2.22044604925031E-16));
#8024=DIRECTION('',(-1.,6.3108872417681E-32,-2.22044604925031E-16));
#8025=DIRECTION('center_axis',(1.,-4.93038065763133E-32,2.22044604925031E-16));
#8026=DIRECTION('ref_axis',(-1.06602825029866E-31,-1.,2.22044604925031E-16));
#8027=DIRECTION('center_axis',(1.,-4.93038065763133E-32,2.22044604925031E-16));
#8028=DIRECTION('ref_axis',(6.42282020804945E-30,1.,-2.8643754035329E-14));
#8029=DIRECTION('center_axis',(-1.,4.93038065763133E-32,-2.22044604925031E-16));
#8030=DIRECTION('ref_axis',(1.06602825029866E-31,1.,-2.22044604925031E-16));
#8031=DIRECTION('',(-1.,6.3108872417681E-32,-2.22044604925031E-16));
#8032=DIRECTION('center_axis',(-1.,4.93038065763133E-32,-2.22044604925031E-16));
#8033=DIRECTION('ref_axis',(1.06602825029866E-31,1.,-2.22044604925031E-16));
#8034=DIRECTION('center_axis',(-1.,4.93038065763133E-32,-2.22044604925031E-16));
#8035=DIRECTION('ref_axis',(1.06602825029866E-31,1.,-2.22044604925031E-16));
#8036=DIRECTION('center_axis',(-1.,4.93038065763133E-32,-2.22044604925031E-16));
#8037=DIRECTION('ref_axis',(1.06602825029866E-31,1.,-2.22044604925031E-16));
#8038=DIRECTION('center_axis',(-1.,4.93038065763133E-32,-2.22044604925031E-16));
#8039=DIRECTION('ref_axis',(1.06602825029866E-31,1.,-2.22044604925031E-16));
#8040=DIRECTION('center_axis',(-1.,4.93038065763133E-32,-2.22044604925031E-16));
#8041=DIRECTION('ref_axis',(1.06602825029866E-31,1.,-2.22044604925031E-16));
#8042=DIRECTION('center_axis',(-1.,4.93038065763133E-32,-2.22044604925031E-16));
#8043=DIRECTION('ref_axis',(1.06602825029866E-31,1.,-2.22044604925031E-16));
#8044=DIRECTION('center_axis',(-1.,4.93038065763133E-32,-2.22044604925031E-16));
#8045=DIRECTION('ref_axis',(1.06602825029866E-31,1.,-2.22044604925031E-16));
#8046=DIRECTION('center_axis',(-1.,4.93038065763133E-32,-2.22044604925031E-16));
#8047=DIRECTION('ref_axis',(1.06602825029866E-31,1.,-2.22044604925031E-16));
#8048=DIRECTION('center_axis',(-1.,4.93038065763133E-32,-2.22044604925031E-16));
#8049=DIRECTION('ref_axis',(1.06602825029866E-31,1.,-2.22044604925031E-16));
#8050=DIRECTION('center_axis',(-1.,4.93038065763133E-32,-2.22044604925031E-16));
#8051=DIRECTION('ref_axis',(1.06602825029866E-31,1.,-2.22044604925031E-16));
#8052=DIRECTION('center_axis',(-1.,4.93038065763133E-32,-2.22044604925031E-16));
#8053=DIRECTION('ref_axis',(1.06602825029866E-31,1.,-2.22044604925031E-16));
#8054=DIRECTION('center_axis',(-1.,4.93038065763133E-32,-2.22044604925031E-16));
#8055=DIRECTION('ref_axis',(1.06602825029866E-31,1.,-2.22044604925031E-16));
#8056=DIRECTION('center_axis',(-1.,4.93038065763133E-32,-2.22044604925031E-16));
#8057=DIRECTION('ref_axis',(1.06602825029866E-31,1.,-2.22044604925031E-16));
#8058=DIRECTION('center_axis',(-1.,4.93038065763133E-32,-2.22044604925031E-16));
#8059=DIRECTION('ref_axis',(1.06602825029866E-31,1.,-2.22044604925031E-16));
#8060=DIRECTION('center_axis',(-1.,4.93038065763133E-32,-2.22044604925031E-16));
#8061=DIRECTION('ref_axis',(1.06602825029866E-31,1.,-2.22044604925031E-16));
#8062=DIRECTION('center_axis',(-1.,4.93038065763133E-32,-2.22044604925031E-16));
#8063=DIRECTION('ref_axis',(1.06602825029866E-31,1.,-2.22044604925031E-16));
#8064=DIRECTION('center_axis',(-1.,4.93038065763133E-32,-2.22044604925031E-16));
#8065=DIRECTION('ref_axis',(1.06602825029866E-31,1.,-2.22044604925031E-16));
#8066=DIRECTION('center_axis',(-1.,4.93038065763133E-32,-2.22044604925031E-16));
#8067=DIRECTION('ref_axis',(1.06602825029866E-31,1.,-2.22044604925031E-16));
#8068=DIRECTION('center_axis',(-1.,4.93038065763133E-32,-2.22044604925031E-16));
#8069=DIRECTION('ref_axis',(1.06602825029866E-31,1.,-2.22044604925031E-16));
#8070=DIRECTION('center_axis',(-1.,4.93038065763133E-32,-2.22044604925031E-16));
#8071=DIRECTION('ref_axis',(1.06602825029866E-31,1.,-2.22044604925031E-16));
#8072=DIRECTION('center_axis',(-1.,4.93038065763133E-32,-2.22044604925031E-16));
#8073=DIRECTION('ref_axis',(1.06602825029866E-31,1.,-2.22044604925031E-16));
#8074=DIRECTION('center_axis',(-1.,4.93038065763133E-32,-2.22044604925031E-16));
#8075=DIRECTION('ref_axis',(1.06602825029866E-31,1.,-2.22044604925031E-16));
#8076=DIRECTION('center_axis',(-1.,4.93038065763133E-32,-2.22044604925031E-16));
#8077=DIRECTION('ref_axis',(1.06602825029866E-31,1.,-2.22044604925031E-16));
#8078=DIRECTION('center_axis',(-1.,4.93038065763133E-32,-2.22044604925031E-16));
#8079=DIRECTION('ref_axis',(1.06602825029866E-31,1.,-2.22044604925031E-16));
#8080=DIRECTION('center_axis',(-1.,4.93038065763133E-32,-2.22044604925031E-16));
#8081=DIRECTION('ref_axis',(1.06602825029866E-31,1.,-2.22044604925031E-16));
#8082=DIRECTION('center_axis',(-1.,4.93038065763133E-32,-2.22044604925031E-16));
#8083=DIRECTION('ref_axis',(1.06602825029866E-31,1.,-2.22044604925031E-16));
#8084=DIRECTION('center_axis',(-1.,4.93038065763133E-32,-2.22044604925031E-16));
#8085=DIRECTION('ref_axis',(1.06602825029866E-31,1.,-2.22044604925031E-16));
#8086=DIRECTION('center_axis',(-1.,4.93038065763133E-32,-2.22044604925031E-16));
#8087=DIRECTION('ref_axis',(1.06602825029866E-31,1.,-2.22044604925031E-16));
#8088=DIRECTION('center_axis',(-1.,4.93038065763133E-32,-2.22044604925031E-16));
#8089=DIRECTION('ref_axis',(1.06602825029866E-31,1.,-2.22044604925031E-16));
#8090=DIRECTION('center_axis',(-1.,4.93038065763133E-32,-2.22044604925031E-16));
#8091=DIRECTION('ref_axis',(1.06602825029866E-31,1.,-2.22044604925031E-16));
#8092=DIRECTION('center_axis',(-1.,4.93038065763133E-32,-2.22044604925031E-16));
#8093=DIRECTION('ref_axis',(1.06602825029866E-31,1.,-2.22044604925031E-16));
#8094=DIRECTION('center_axis',(-1.,4.93038065763133E-32,-2.22044604925031E-16));
#8095=DIRECTION('ref_axis',(1.06602825029866E-31,1.,-2.22044604925031E-16));
#8096=DIRECTION('center_axis',(-1.,4.93038065763133E-32,-2.22044604925031E-16));
#8097=DIRECTION('ref_axis',(1.06602825029866E-31,1.,-2.22044604925031E-16));
#8098=DIRECTION('center_axis',(-1.,4.93038065763133E-32,-2.22044604925031E-16));
#8099=DIRECTION('ref_axis',(1.06602825029866E-31,1.,-2.22044604925031E-16));
#8100=DIRECTION('center_axis',(1.,-4.93038065763133E-32,2.22044604925031E-16));
#8101=DIRECTION('ref_axis',(-1.12694415031573E-31,-1.,2.22044604925031E-16));
#8102=DIRECTION('center_axis',(1.,-4.93038065763133E-32,2.22044604925031E-16));
#8103=DIRECTION('ref_axis',(9.96199353020791E-18,0.998993066541315,-0.0448648303505115));
#8104=DIRECTION('center_axis',(1.,-4.93038065763133E-32,2.22044604925031E-16));
#8105=DIRECTION('ref_axis',(-1.12694415031573E-31,-1.,2.22044604925031E-16));
#8106=DIRECTION('center_axis',(1.,-4.93038065763133E-32,2.22044604925031E-16));
#8107=DIRECTION('ref_axis',(-1.12694415031573E-31,-1.,2.22044604925031E-16));
#8108=DIRECTION('center_axis',(1.,-4.93038065763133E-32,2.22044604925031E-16));
#8109=DIRECTION('ref_axis',(-1.12694415031573E-31,-1.,2.22044604925031E-16));
#8110=DIRECTION('center_axis',(1.,-4.93038065763133E-32,2.22044604925031E-16));
#8111=DIRECTION('ref_axis',(-1.12694415031573E-31,-1.,2.22044604925031E-16));
#8112=DIRECTION('center_axis',(1.,-4.93038065763133E-32,2.22044604925031E-16));
#8113=DIRECTION('ref_axis',(-1.12694415031573E-31,-1.,2.22044604925031E-16));
#8114=DIRECTION('center_axis',(1.,-4.93038065763133E-32,2.22044604925031E-16));
#8115=DIRECTION('ref_axis',(-1.12694415031573E-31,-1.,2.22044604925031E-16));
#8116=DIRECTION('center_axis',(1.,-4.93038065763133E-32,2.22044604925031E-16));
#8117=DIRECTION('ref_axis',(-1.12694415031573E-31,-1.,2.22044604925031E-16));
#8118=DIRECTION('center_axis',(1.,-4.93038065763133E-32,2.22044604925031E-16));
#8119=DIRECTION('ref_axis',(-1.12694415031573E-31,-1.,2.22044604925031E-16));
#8120=DIRECTION('center_axis',(1.,-4.93038065763133E-32,2.22044604925031E-16));
#8121=DIRECTION('ref_axis',(-1.12694415031573E-31,-1.,2.22044604925031E-16));
#8122=DIRECTION('center_axis',(1.,-4.93038065763133E-32,2.22044604925031E-16));
#8123=DIRECTION('ref_axis',(-1.12694415031573E-31,-1.,2.22044604925031E-16));
#8124=DIRECTION('center_axis',(1.,-4.93038065763133E-32,2.22044604925031E-16));
#8125=DIRECTION('ref_axis',(-1.12694415031573E-31,-1.,2.22044604925031E-16));
#8126=DIRECTION('center_axis',(1.,-4.93038065763133E-32,2.22044604925031E-16));
#8127=DIRECTION('ref_axis',(-1.12694415031573E-31,-1.,2.22044604925031E-16));
#8128=DIRECTION('center_axis',(1.,-4.93038065763133E-32,2.22044604925031E-16));
#8129=DIRECTION('ref_axis',(-1.12694415031573E-31,-1.,2.22044604925031E-16));
#8130=DIRECTION('center_axis',(1.,-4.93038065763133E-32,2.22044604925031E-16));
#8131=DIRECTION('ref_axis',(-1.12694415031573E-31,-1.,2.22044604925031E-16));
#8132=DIRECTION('center_axis',(1.,-4.93038065763133E-32,2.22044604925031E-16));
#8133=DIRECTION('ref_axis',(-1.12694415031573E-31,-1.,2.22044604925031E-16));
#8134=DIRECTION('center_axis',(1.,-4.93038065763133E-32,2.22044604925031E-16));
#8135=DIRECTION('ref_axis',(-1.12694415031573E-31,-1.,2.22044604925031E-16));
#8136=DIRECTION('center_axis',(1.,-4.93038065763133E-32,2.22044604925031E-16));
#8137=DIRECTION('ref_axis',(-1.12694415031573E-31,-1.,2.22044604925031E-16));
#8138=DIRECTION('center_axis',(1.,-4.93038065763133E-32,2.22044604925031E-16));
#8139=DIRECTION('ref_axis',(-1.12694415031573E-31,-1.,2.22044604925031E-16));
#8140=DIRECTION('center_axis',(1.,-4.93038065763133E-32,2.22044604925031E-16));
#8141=DIRECTION('ref_axis',(-1.12694415031573E-31,-1.,2.22044604925031E-16));
#8142=DIRECTION('center_axis',(1.,-4.93038065763133E-32,2.22044604925031E-16));
#8143=DIRECTION('ref_axis',(-1.12694415031573E-31,-1.,2.22044604925031E-16));
#8144=DIRECTION('center_axis',(1.,-4.93038065763133E-32,2.22044604925031E-16));
#8145=DIRECTION('ref_axis',(-1.12694415031573E-31,-1.,2.22044604925031E-16));
#8146=DIRECTION('center_axis',(1.,-4.93038065763133E-32,2.22044604925031E-16));
#8147=DIRECTION('ref_axis',(-1.12694415031573E-31,-1.,2.22044604925031E-16));
#8148=DIRECTION('center_axis',(1.,-4.93038065763133E-32,2.22044604925031E-16));
#8149=DIRECTION('ref_axis',(-1.12694415031573E-31,-1.,2.22044604925031E-16));
#8150=DIRECTION('center_axis',(1.,-4.93038065763133E-32,2.22044604925031E-16));
#8151=DIRECTION('ref_axis',(-1.12694415031573E-31,-1.,2.22044604925031E-16));
#8152=DIRECTION('center_axis',(1.,-4.93038065763133E-32,2.22044604925031E-16));
#8153=DIRECTION('ref_axis',(-1.12694415031573E-31,-1.,2.22044604925031E-16));
#8154=DIRECTION('center_axis',(1.,-4.93038065763133E-32,2.22044604925031E-16));
#8155=DIRECTION('ref_axis',(-1.12694415031573E-31,-1.,2.22044604925031E-16));
#8156=DIRECTION('center_axis',(1.,-4.93038065763133E-32,2.22044604925031E-16));
#8157=DIRECTION('ref_axis',(-1.12694415031573E-31,-1.,2.22044604925031E-16));
#8158=DIRECTION('center_axis',(1.,-4.93038065763133E-32,2.22044604925031E-16));
#8159=DIRECTION('ref_axis',(-1.12694415031573E-31,-1.,2.22044604925031E-16));
#8160=DIRECTION('center_axis',(1.,-4.93038065763133E-32,2.22044604925031E-16));
#8161=DIRECTION('ref_axis',(-1.12694415031573E-31,-1.,2.22044604925031E-16));
#8162=DIRECTION('center_axis',(1.,-4.93038065763133E-32,2.22044604925031E-16));
#8163=DIRECTION('ref_axis',(-1.12694415031573E-31,-1.,2.22044604925031E-16));
#8164=DIRECTION('center_axis',(1.,-4.93038065763133E-32,2.22044604925031E-16));
#8165=DIRECTION('ref_axis',(-1.12694415031573E-31,-1.,2.22044604925031E-16));
#8166=DIRECTION('center_axis',(1.,-4.93038065763133E-32,2.22044604925031E-16));
#8167=DIRECTION('ref_axis',(-1.12694415031573E-31,-1.,2.22044604925031E-16));
#8168=DIRECTION('center_axis',(1.,-4.93038065763133E-32,2.22044604925031E-16));
#8169=DIRECTION('ref_axis',(-1.06602825029866E-31,-1.,2.22044604925031E-16));
#8170=DIRECTION('center_axis',(1.,-4.93038065763133E-32,2.22044604925031E-16));
#8171=DIRECTION('ref_axis',(-1.19128656970876E-29,1.,5.39568389967826E-14));
#8172=DIRECTION('center_axis',(-1.,4.93038065763133E-32,-2.22044604925031E-16));
#8173=DIRECTION('ref_axis',(1.06602825029866E-31,1.,-2.22044604925031E-16));
#8174=DIRECTION('',(-1.,6.3108872417681E-32,-2.22044604925031E-16));
#8175=DIRECTION('center_axis',(-1.,4.93038065763133E-32,-2.22044604925031E-16));
#8176=DIRECTION('ref_axis',(1.22513967651763E-31,1.,-2.22044604925031E-16));
#8177=DIRECTION('',(-1.,6.3108872417681E-32,-2.22044604925031E-16));
#8178=DIRECTION('center_axis',(-1.,4.93038065763133E-32,-2.22044604925031E-16));
#8179=DIRECTION('ref_axis',(1.21363216187848E-31,1.,-2.22044604925031E-16));
#8180=DIRECTION('',(1.,-6.3108872417681E-32,2.22044604925031E-16));
#8181=DIRECTION('',(-1.,6.3108872417681E-32,-2.22044604925031E-16));
#8182=DIRECTION('center_axis',(-1.,4.93038065763133E-32,-2.22044604925031E-16));
#8183=DIRECTION('ref_axis',(1.22513967651763E-31,1.,-2.22044604925031E-16));
#8184=DIRECTION('',(1.,-6.3108872417681E-32,2.22044604925031E-16));
#8185=DIRECTION('center_axis',(1.,-4.93038065763133E-32,2.22044604925031E-16));
#8186=DIRECTION('ref_axis',(-1.02716263700653E-31,-1.,2.22044604925031E-16));
#8187=DIRECTION('center_axis',(1.,-4.93038065763133E-32,2.22044604925031E-16));
#8188=DIRECTION('ref_axis',(-1.02716263700653E-31,-1.,2.22044604925031E-16));
#8189=DIRECTION('center_axis',(-1.,4.93038065763133E-32,-2.22044604925031E-16));
#8190=DIRECTION('ref_axis',(1.06602825029866E-31,1.,-2.22044604925031E-16));
#8191=DIRECTION('center_axis',(1.,-4.93038065763133E-32,2.22044604925031E-16));
#8192=DIRECTION('ref_axis',(-1.12694415031573E-31,-1.,2.22044604925031E-16));
#8193=DIRECTION('center_axis',(-1.,4.93038065763133E-32,-2.22044604925031E-16));
#8194=DIRECTION('ref_axis',(1.22513967651763E-31,1.,-2.22044604925031E-16));
#8195=DIRECTION('',(-1.,6.3108872417681E-32,-2.22044604925031E-16));
#8196=DIRECTION('center_axis',(-1.,4.93038065763133E-32,-2.22044604925031E-16));
#8197=DIRECTION('ref_axis',(1.21363216187848E-31,1.,-2.22044604925031E-16));
#8198=DIRECTION('',(1.,-6.3108872417681E-32,2.22044604925031E-16));
#8199=DIRECTION('center_axis',(-1.,4.93038065763133E-32,-2.22044604925031E-16));
#8200=DIRECTION('ref_axis',(4.04533271607614E-17,-0.98326416141056,-0.182185589127102));
#8201=DIRECTION('',(-1.,6.3108872417681E-32,-2.22044604925031E-16));
#8202=DIRECTION('center_axis',(-1.,4.93038065763133E-32,-2.22044604925031E-16));
#8203=DIRECTION('ref_axis',(1.21363216187848E-31,1.,-2.22044604925031E-16));
#8204=DIRECTION('',(1.,-6.3108872417681E-32,2.22044604925031E-16));
#8205=DIRECTION('',(-1.,6.3108872417681E-32,-2.22044604925031E-16));
#8206=DIRECTION('center_axis',(-1.,4.93038065763133E-32,-2.22044604925031E-16));
#8207=DIRECTION('ref_axis',(1.22513967651763E-31,1.,-2.22044604925031E-16));
#8208=DIRECTION('',(1.,-6.3108872417681E-32,2.22044604925031E-16));
#8209=DIRECTION('center_axis',(-1.,4.93038065763133E-32,-2.22044604925031E-16));
#8210=DIRECTION('ref_axis',(1.22513967651763E-31,1.,-2.22044604925031E-16));
#8211=DIRECTION('',(-1.,6.3108872417681E-32,-2.22044604925031E-16));
#8212=DIRECTION('center_axis',(-1.,4.93038065763133E-32,-2.22044604925031E-16));
#8213=DIRECTION('ref_axis',(1.21363216187848E-31,1.,-2.22044604925031E-16));
#8214=DIRECTION('',(1.,-6.3108872417681E-32,2.22044604925031E-16));
#8215=DIRECTION('',(-1.,6.3108872417681E-32,-2.22044604925031E-16));
#8216=DIRECTION('center_axis',(-1.,4.93038065763133E-32,-2.22044604925031E-16));
#8217=DIRECTION('ref_axis',(1.22513967651763E-31,1.,-2.22044604925031E-16));
#8218=DIRECTION('',(1.,-6.3108872417681E-32,2.22044604925031E-16));
#8219=DIRECTION('center_axis',(-1.,4.93038065763133E-32,-2.22044604925031E-16));
#8220=DIRECTION('ref_axis',(1.22513967651763E-31,1.,-2.22044604925031E-16));
#8221=DIRECTION('',(-1.,6.3108872417681E-32,-2.22044604925031E-16));
#8222=DIRECTION('center_axis',(-1.,4.93038065763133E-32,-2.22044604925031E-16));
#8223=DIRECTION('ref_axis',(1.21363216187848E-31,1.,-2.22044604925031E-16));
#8224=DIRECTION('',(1.,-6.3108872417681E-32,2.22044604925031E-16));
#8225=DIRECTION('',(-1.,6.3108872417681E-32,-2.22044604925031E-16));
#8226=DIRECTION('center_axis',(-1.,4.93038065763133E-32,-2.22044604925031E-16));
#8227=DIRECTION('ref_axis',(1.22513967651763E-31,1.,-2.22044604925031E-16));
#8228=DIRECTION('',(1.,-6.3108872417681E-32,2.22044604925031E-16));
#8229=DIRECTION('center_axis',(-1.,4.93038065763133E-32,-2.22044604925031E-16));
#8230=DIRECTION('ref_axis',(1.22513967651763E-31,1.,-2.22044604925031E-16));
#8231=DIRECTION('',(-1.,6.3108872417681E-32,-2.22044604925031E-16));
#8232=DIRECTION('center_axis',(-1.,4.93038065763133E-32,-2.22044604925031E-16));
#8233=DIRECTION('ref_axis',(1.21363216187848E-31,1.,-2.22044604925031E-16));
#8234=DIRECTION('',(1.,-6.3108872417681E-32,2.22044604925031E-16));
#8235=DIRECTION('',(-1.,6.3108872417681E-32,-2.22044604925031E-16));
#8236=DIRECTION('center_axis',(-1.,4.93038065763133E-32,-2.22044604925031E-16));
#8237=DIRECTION('ref_axis',(1.22513967651763E-31,1.,-2.22044604925031E-16));
#8238=DIRECTION('',(1.,-6.3108872417681E-32,2.22044604925031E-16));
#8239=DIRECTION('center_axis',(-1.,4.93038065763133E-32,-2.22044604925031E-16));
#8240=DIRECTION('ref_axis',(1.22513967651763E-31,1.,-2.22044604925031E-16));
#8241=DIRECTION('',(-1.,6.3108872417681E-32,-2.22044604925031E-16));
#8242=DIRECTION('center_axis',(-1.,4.93038065763133E-32,-2.22044604925031E-16));
#8243=DIRECTION('ref_axis',(1.21363216187848E-31,1.,-2.22044604925031E-16));
#8244=DIRECTION('',(1.,-6.3108872417681E-32,2.22044604925031E-16));
#8245=DIRECTION('',(-1.,6.3108872417681E-32,-2.22044604925031E-16));
#8246=DIRECTION('center_axis',(-1.,4.93038065763133E-32,-2.22044604925031E-16));
#8247=DIRECTION('ref_axis',(1.22513967651763E-31,1.,-2.22044604925031E-16));
#8248=DIRECTION('',(1.,-6.3108872417681E-32,2.22044604925031E-16));
#8249=DIRECTION('center_axis',(-1.,4.93038065763133E-32,-2.22044604925031E-16));
#8250=DIRECTION('ref_axis',(8.19166141623323E-19,-0.999993194892064,-0.00368919633016944));
#8251=DIRECTION('',(-1.,6.3108872417681E-32,-2.22044604925031E-16));
#8252=DIRECTION('center_axis',(-1.,4.93038065763133E-32,-2.22044604925031E-16));
#8253=DIRECTION('ref_axis',(1.21363216187848E-31,1.,-2.22044604925031E-16));
#8254=DIRECTION('',(1.,-6.3108872417681E-32,2.22044604925031E-16));
#8255=DIRECTION('',(-1.,6.3108872417681E-32,-2.22044604925031E-16));
#8256=DIRECTION('center_axis',(-1.,4.93038065763133E-32,-2.22044604925031E-16));
#8257=DIRECTION('ref_axis',(1.22513967651763E-31,1.,-2.22044604925031E-16));
#8258=DIRECTION('',(1.,-6.3108872417681E-32,2.22044604925031E-16));
#8259=DIRECTION('center_axis',(-1.,4.93038065763133E-32,-2.22044604925031E-16));
#8260=DIRECTION('ref_axis',(-3.88413235513172E-17,-0.984581624292596,0.174925770272289));
#8261=DIRECTION('',(-1.,6.3108872417681E-32,-2.22044604925031E-16));
#8262=DIRECTION('center_axis',(-1.,4.93038065763133E-32,-2.22044604925031E-16));
#8263=DIRECTION('ref_axis',(1.21363216187848E-31,1.,-2.22044604925031E-16));
#8264=DIRECTION('',(1.,-6.3108872417681E-32,2.22044604925031E-16));
#8265=DIRECTION('',(-1.,6.3108872417681E-32,-2.22044604925031E-16));
#8266=DIRECTION('center_axis',(-1.,4.93038065763133E-32,-2.22044604925031E-16));
#8267=DIRECTION('ref_axis',(1.22513967651763E-31,1.,-2.22044604925031E-16));
#8268=DIRECTION('',(1.,-6.3108872417681E-32,2.22044604925031E-16));
#8269=DIRECTION('center_axis',(-1.,4.93038065763133E-32,-2.22044604925031E-16));
#8270=DIRECTION('ref_axis',(1.22513967651763E-31,1.,-2.22044604925031E-16));
#8271=DIRECTION('',(-1.,6.3108872417681E-32,-2.22044604925031E-16));
#8272=DIRECTION('center_axis',(-1.,4.93038065763133E-32,-2.22044604925031E-16));
#8273=DIRECTION('ref_axis',(1.21363216187848E-31,1.,-2.22044604925031E-16));
#8274=DIRECTION('',(1.,-6.3108872417681E-32,2.22044604925031E-16));
#8275=DIRECTION('',(-1.,6.3108872417681E-32,-2.22044604925031E-16));
#8276=DIRECTION('center_axis',(-1.,4.93038065763133E-32,-2.22044604925031E-16));
#8277=DIRECTION('ref_axis',(1.22513967651763E-31,1.,-2.22044604925031E-16));
#8278=DIRECTION('',(1.,-6.3108872417681E-32,2.22044604925031E-16));
#8279=DIRECTION('center_axis',(-1.,4.93038065763133E-32,-2.22044604925031E-16));
#8280=DIRECTION('ref_axis',(1.22513967651763E-31,1.,-2.22044604925031E-16));
#8281=DIRECTION('',(-1.,6.3108872417681E-32,-2.22044604925031E-16));
#8282=DIRECTION('center_axis',(-1.,4.93038065763133E-32,-2.22044604925031E-16));
#8283=DIRECTION('ref_axis',(1.21363216187848E-31,1.,-2.22044604925031E-16));
#8284=DIRECTION('',(1.,-6.3108872417681E-32,2.22044604925031E-16));
#8285=DIRECTION('',(-1.,6.3108872417681E-32,-2.22044604925031E-16));
#8286=DIRECTION('center_axis',(-1.,4.93038065763133E-32,-2.22044604925031E-16));
#8287=DIRECTION('ref_axis',(1.22513967651763E-31,1.,-2.22044604925031E-16));
#8288=DIRECTION('',(1.,-6.3108872417681E-32,2.22044604925031E-16));
#8289=DIRECTION('center_axis',(-1.,4.93038065763133E-32,-2.22044604925031E-16));
#8290=DIRECTION('ref_axis',(1.22513967651763E-31,1.,-2.22044604925031E-16));
#8291=DIRECTION('',(-1.,6.3108872417681E-32,-2.22044604925031E-16));
#8292=DIRECTION('center_axis',(-1.,4.93038065763133E-32,-2.22044604925031E-16));
#8293=DIRECTION('ref_axis',(1.21363216187848E-31,1.,-2.22044604925031E-16));
#8294=DIRECTION('',(1.,-6.3108872417681E-32,2.22044604925031E-16));
#8295=DIRECTION('',(-1.,6.3108872417681E-32,-2.22044604925031E-16));
#8296=DIRECTION('center_axis',(-1.,4.93038065763133E-32,-2.22044604925031E-16));
#8297=DIRECTION('ref_axis',(1.22513967651763E-31,1.,-2.22044604925031E-16));
#8298=DIRECTION('',(1.,-6.3108872417681E-32,2.22044604925031E-16));
#8299=DIRECTION('center_axis',(-1.,4.93038065763133E-32,-2.22044604925031E-16));
#8300=DIRECTION('ref_axis',(1.22513967651763E-31,1.,-2.22044604925031E-16));
#8301=DIRECTION('',(-1.,6.3108872417681E-32,-2.22044604925031E-16));
#8302=DIRECTION('center_axis',(-1.,4.93038065763133E-32,-2.22044604925031E-16));
#8303=DIRECTION('ref_axis',(1.21363216187848E-31,1.,-2.22044604925031E-16));
#8304=DIRECTION('',(1.,-6.3108872417681E-32,2.22044604925031E-16));
#8305=DIRECTION('',(-1.,6.3108872417681E-32,-2.22044604925031E-16));
#8306=DIRECTION('center_axis',(-1.,4.93038065763133E-32,-2.22044604925031E-16));
#8307=DIRECTION('ref_axis',(-2.07196579024225E-17,-0.995636819273223,0.0933130436085942));
#8308=DIRECTION('',(1.,-6.3108872417681E-32,2.22044604925031E-16));
#8309=DIRECTION('center_axis',(-1.,4.93038065763133E-32,-2.22044604925031E-16));
#8310=DIRECTION('ref_axis',(1.22513967651763E-31,1.,-2.22044604925031E-16));
#8311=DIRECTION('',(-1.,6.3108872417681E-32,-2.22044604925031E-16));
#8312=DIRECTION('center_axis',(-1.,4.93038065763133E-32,-2.22044604925031E-16));
#8313=DIRECTION('ref_axis',(1.21363216187848E-31,1.,-2.22044604925031E-16));
#8314=DIRECTION('',(1.,-6.3108872417681E-32,2.22044604925031E-16));
#8315=DIRECTION('',(-1.,6.3108872417681E-32,-2.22044604925031E-16));
#8316=DIRECTION('center_axis',(-1.,4.93038065763133E-32,-2.22044604925031E-16));
#8317=DIRECTION('ref_axis',(1.22513967651763E-31,1.,-2.22044604925031E-16));
#8318=DIRECTION('',(1.,-6.3108872417681E-32,2.22044604925031E-16));
#8319=DIRECTION('center_axis',(-1.,4.93038065763133E-32,-2.22044604925031E-16));
#8320=DIRECTION('ref_axis',(1.22513967651763E-31,1.,-2.22044604925031E-16));
#8321=DIRECTION('',(-1.,6.3108872417681E-32,-2.22044604925031E-16));
#8322=DIRECTION('center_axis',(-1.,4.93038065763133E-32,-2.22044604925031E-16));
#8323=DIRECTION('ref_axis',(1.21363216187848E-31,1.,-2.22044604925031E-16));
#8324=DIRECTION('',(1.,-6.3108872417681E-32,2.22044604925031E-16));
#8325=DIRECTION('',(-1.,6.3108872417681E-32,-2.22044604925031E-16));
#8326=DIRECTION('center_axis',(-1.,4.93038065763133E-32,-2.22044604925031E-16));
#8327=DIRECTION('ref_axis',(1.90879210632939E-17,-0.996298213292111,-0.085964354187928));
#8328=DIRECTION('',(1.,-6.3108872417681E-32,2.22044604925031E-16));
#8329=DIRECTION('center_axis',(-1.,4.93038065763133E-32,-2.22044604925031E-16));
#8330=DIRECTION('ref_axis',(1.22513967651763E-31,1.,-2.22044604925031E-16));
#8331=DIRECTION('',(-1.,6.3108872417681E-32,-2.22044604925031E-16));
#8332=DIRECTION('center_axis',(-1.,4.93038065763133E-32,-2.22044604925031E-16));
#8333=DIRECTION('ref_axis',(1.21363216187848E-31,1.,-2.22044604925031E-16));
#8334=DIRECTION('',(1.,-6.3108872417681E-32,2.22044604925031E-16));
#8335=DIRECTION('',(-1.,6.3108872417681E-32,-2.22044604925031E-16));
#8336=DIRECTION('center_axis',(-1.,4.93038065763133E-32,-2.22044604925031E-16));
#8337=DIRECTION('ref_axis',(1.22513967651763E-31,1.,-2.22044604925031E-16));
#8338=DIRECTION('',(1.,-6.3108872417681E-32,2.22044604925031E-16));
#8339=DIRECTION('center_axis',(-1.,4.93038065763133E-32,-2.22044604925031E-16));
#8340=DIRECTION('ref_axis',(1.22513967651763E-31,1.,-2.22044604925031E-16));
#8341=DIRECTION('',(-1.,6.3108872417681E-32,-2.22044604925031E-16));
#8342=DIRECTION('center_axis',(-1.,4.93038065763133E-32,-2.22044604925031E-16));
#8343=DIRECTION('ref_axis',(1.21363216187848E-31,1.,-2.22044604925031E-16));
#8344=DIRECTION('',(1.,-6.3108872417681E-32,2.22044604925031E-16));
#8345=DIRECTION('',(-1.,6.3108872417681E-32,-2.22044604925031E-16));
#8346=DIRECTION('center_axis',(-1.,4.93038065763133E-32,-2.22044604925031E-16));
#8347=DIRECTION('ref_axis',(1.22513967651763E-31,1.,-2.22044604925031E-16));
#8348=DIRECTION('',(1.,-6.3108872417681E-32,2.22044604925031E-16));
#8349=DIRECTION('center_axis',(-1.,4.93038065763133E-32,-2.22044604925031E-16));
#8350=DIRECTION('ref_axis',(1.22513967651763E-31,1.,-2.22044604925031E-16));
#8351=DIRECTION('',(-1.,6.3108872417681E-32,-2.22044604925031E-16));
#8352=DIRECTION('center_axis',(-1.,4.93038065763133E-32,-2.22044604925031E-16));
#8353=DIRECTION('ref_axis',(1.21363216187848E-31,1.,-2.22044604925031E-16));
#8354=DIRECTION('',(1.,-6.3108872417681E-32,2.22044604925031E-16));
#8355=DIRECTION('',(-1.,6.3108872417681E-32,-2.22044604925031E-16));
#8356=DIRECTION('center_axis',(-1.,4.93038065763133E-32,-2.22044604925031E-16));
#8357=DIRECTION('ref_axis',(1.22513967651763E-31,1.,-2.22044604925031E-16));
#8358=DIRECTION('',(1.,-6.3108872417681E-32,2.22044604925031E-16));
#8359=DIRECTION('center_axis',(-1.,4.93038065763133E-32,-2.22044604925031E-16));
#8360=DIRECTION('ref_axis',(1.22513967651763E-31,1.,-2.22044604925031E-16));
#8361=DIRECTION('',(-1.,6.3108872417681E-32,-2.22044604925031E-16));
#8362=DIRECTION('center_axis',(-1.,4.93038065763133E-32,-2.22044604925031E-16));
#8363=DIRECTION('ref_axis',(1.21363216187848E-31,1.,-2.22044604925031E-16));
#8364=DIRECTION('',(1.,-6.3108872417681E-32,2.22044604925031E-16));
#8365=DIRECTION('',(-1.,6.3108872417681E-32,-2.22044604925031E-16));
#8366=DIRECTION('center_axis',(-1.,4.93038065763133E-32,-2.22044604925031E-16));
#8367=DIRECTION('ref_axis',(1.22513967651763E-31,1.,-2.22044604925031E-16));
#8368=DIRECTION('',(1.,-6.3108872417681E-32,2.22044604925031E-16));
#8369=DIRECTION('center_axis',(-1.,4.93038065763133E-32,-2.22044604925031E-16));
#8370=DIRECTION('ref_axis',(1.22513967651763E-31,1.,-2.22044604925031E-16));
#8371=DIRECTION('center_axis',(-1.,4.93038065763133E-32,-2.22044604925031E-16));
#8372=DIRECTION('ref_axis',(1.21363216187848E-31,1.,-2.22044604925031E-16));
#8373=DIRECTION('',(-1.,6.3108872417681E-32,-2.22044604925031E-16));
#8374=DIRECTION('center_axis',(-1.,4.93038065763133E-32,-2.22044604925031E-16));
#8375=DIRECTION('ref_axis',(1.22513967651764E-31,1.,-2.22044604925031E-16));
#8376=DIRECTION('',(1.,-6.3108872417681E-32,2.22044604925031E-16));
#8377=DIRECTION('center_axis',(-1.,4.93038065763133E-32,-2.22044604925031E-16));
#8378=DIRECTION('ref_axis',(1.22513967651764E-31,1.,-2.22044604925031E-16));
#8379=DIRECTION('center_axis',(-1.,4.93038065763133E-32,-2.22044604925031E-16));
#8380=DIRECTION('ref_axis',(1.21363216187848E-31,1.,-2.22044604925031E-16));
#8381=DIRECTION('',(-1.,6.3108872417681E-32,-2.22044604925031E-16));
#8382=DIRECTION('center_axis',(-1.,4.93038065763133E-32,-2.22044604925031E-16));
#8383=DIRECTION('ref_axis',(1.22513967651763E-31,1.,-2.22044604925031E-16));
#8384=DIRECTION('',(1.,-6.3108872417681E-32,2.22044604925031E-16));
#8385=DIRECTION('center_axis',(-1.,4.93038065763133E-32,-2.22044604925031E-16));
#8386=DIRECTION('ref_axis',(1.22513967651763E-31,1.,-2.22044604925031E-16));
#8387=DIRECTION('center_axis',(-1.,4.93038065763133E-32,-2.22044604925031E-16));
#8388=DIRECTION('ref_axis',(1.21363216187848E-31,1.,-2.22044604925031E-16));
#8389=DIRECTION('',(-1.,6.3108872417681E-32,-2.22044604925031E-16));
#8390=DIRECTION('center_axis',(-1.,4.93038065763133E-32,-2.22044604925031E-16));
#8391=DIRECTION('ref_axis',(1.22513967651763E-31,1.,-2.22044604925031E-16));
#8392=DIRECTION('',(1.,-6.3108872417681E-32,2.22044604925031E-16));
#8393=DIRECTION('center_axis',(-1.,4.93038065763133E-32,-2.22044604925031E-16));
#8394=DIRECTION('ref_axis',(1.22513967651763E-31,1.,-2.22044604925031E-16));
#8395=DIRECTION('center_axis',(-1.,4.93038065763133E-32,-2.22044604925031E-16));
#8396=DIRECTION('ref_axis',(1.21363216187848E-31,1.,-2.22044604925031E-16));
#8397=DIRECTION('',(-1.,6.3108872417681E-32,-2.22044604925031E-16));
#8398=DIRECTION('center_axis',(-1.,4.93038065763133E-32,-2.22044604925031E-16));
#8399=DIRECTION('ref_axis',(1.22513967651763E-31,1.,-2.22044604925031E-16));
#8400=DIRECTION('',(1.,-6.3108872417681E-32,2.22044604925031E-16));
#8401=DIRECTION('center_axis',(-1.,4.93038065763133E-32,-2.22044604925031E-16));
#8402=DIRECTION('ref_axis',(1.21363216187848E-31,1.,-2.22044604925031E-16));
#8403=DIRECTION('',(-1.,6.3108872417681E-32,-2.22044604925031E-16));
#8404=DIRECTION('center_axis',(-1.,4.93038065763133E-32,-2.22044604925031E-16));
#8405=DIRECTION('ref_axis',(1.22513967651763E-31,1.,-2.22044604925031E-16));
#8406=DIRECTION('',(1.,-6.3108872417681E-32,2.22044604925031E-16));
#8407=DIRECTION('center_axis',(-1.,4.93038065763133E-32,-2.22044604925031E-16));
#8408=DIRECTION('ref_axis',(1.22513967651763E-31,1.,-2.22044604925031E-16));
#8409=DIRECTION('center_axis',(-1.,4.93038065763133E-32,-2.22044604925031E-16));
#8410=DIRECTION('ref_axis',(1.21363216187848E-31,1.,-2.22044604925031E-16));
#8411=DIRECTION('',(-1.,6.3108872417681E-32,-2.22044604925031E-16));
#8412=DIRECTION('center_axis',(-1.,4.93038065763133E-32,-2.22044604925031E-16));
#8413=DIRECTION('ref_axis',(1.22513967651764E-31,1.,-2.22044604925031E-16));
#8414=DIRECTION('',(1.,-6.3108872417681E-32,2.22044604925031E-16));
#8415=DIRECTION('center_axis',(-1.,4.93038065763133E-32,-2.22044604925031E-16));
#8416=DIRECTION('ref_axis',(1.21363216187848E-31,1.,-2.22044604925031E-16));
#8417=DIRECTION('',(-1.,6.3108872417681E-32,-2.22044604925031E-16));
#8418=DIRECTION('center_axis',(-1.,4.93038065763133E-32,-2.22044604925031E-16));
#8419=DIRECTION('ref_axis',(1.22513967651763E-31,1.,-2.22044604925031E-16));
#8420=DIRECTION('',(1.,-6.3108872417681E-32,2.22044604925031E-16));
#8421=DIRECTION('center_axis',(-1.,4.93038065763133E-32,-2.22044604925031E-16));
#8422=DIRECTION('ref_axis',(1.22513967651763E-31,1.,-2.22044604925031E-16));
#8423=DIRECTION('',(-1.,6.3108872417681E-32,-2.22044604925031E-16));
#8424=DIRECTION('center_axis',(-1.,4.93038065763133E-32,-2.22044604925031E-16));
#8425=DIRECTION('ref_axis',(1.21363216187848E-31,1.,-2.22044604925031E-16));
#8426=DIRECTION('',(1.,-6.3108872417681E-32,2.22044604925031E-16));
#8427=DIRECTION('',(-1.,6.3108872417681E-32,-2.22044604925031E-16));
#8428=DIRECTION('center_axis',(-1.,4.93038065763133E-32,-2.22044604925031E-16));
#8429=DIRECTION('ref_axis',(1.22513967651763E-31,1.,-2.22044604925031E-16));
#8430=DIRECTION('',(1.,-6.3108872417681E-32,2.22044604925031E-16));
#8431=DIRECTION('center_axis',(-1.,4.93038065763133E-32,-2.22044604925031E-16));
#8432=DIRECTION('ref_axis',(1.22513967651764E-31,1.,-2.22044604925031E-16));
#8433=DIRECTION('',(-1.,6.3108872417681E-32,-2.22044604925031E-16));
#8434=DIRECTION('center_axis',(-1.,4.93038065763133E-32,-2.22044604925031E-16));
#8435=DIRECTION('ref_axis',(1.21363216187848E-31,1.,-2.22044604925031E-16));
#8436=DIRECTION('',(1.,-6.3108872417681E-32,2.22044604925031E-16));
#8437=DIRECTION('center_axis',(-1.,4.93038065763133E-32,-2.22044604925031E-16));
#8438=DIRECTION('ref_axis',(1.22513967651763E-31,1.,-2.22044604925031E-16));
#8439=DIRECTION('center_axis',(-1.,4.93038065763133E-32,-2.22044604925031E-16));
#8440=DIRECTION('ref_axis',(1.22513967651763E-31,1.,-2.22044604925031E-16));
#8441=DIRECTION('',(-1.,6.3108872417681E-32,-2.22044604925031E-16));
#8442=DIRECTION('center_axis',(-1.,4.93038065763133E-32,-2.22044604925031E-16));
#8443=DIRECTION('ref_axis',(1.21363216187848E-31,1.,-2.22044604925031E-16));
#8444=DIRECTION('',(1.,-6.3108872417681E-32,2.22044604925031E-16));
#8445=DIRECTION('center_axis',(-1.,4.93038065763133E-32,-2.22044604925031E-16));
#8446=DIRECTION('ref_axis',(1.22513967651763E-31,1.,-2.22044604925031E-16));
#8447=DIRECTION('center_axis',(-1.,4.93038065763133E-32,-2.22044604925031E-16));
#8448=DIRECTION('ref_axis',(1.22513967651764E-31,1.,-2.22044604925031E-16));
#8449=DIRECTION('',(-1.,6.3108872417681E-32,-2.22044604925031E-16));
#8450=DIRECTION('center_axis',(-1.,4.93038065763133E-32,-2.22044604925031E-16));
#8451=DIRECTION('ref_axis',(1.21363216187848E-31,1.,-2.22044604925031E-16));
#8452=DIRECTION('',(1.,-6.3108872417681E-32,2.22044604925031E-16));
#8453=DIRECTION('center_axis',(-1.,4.93038065763133E-32,-2.22044604925031E-16));
#8454=DIRECTION('ref_axis',(1.22513967651763E-31,1.,-2.22044604925031E-16));
#8455=DIRECTION('',(-1.,6.3108872417681E-32,-2.22044604925031E-16));
#8456=DIRECTION('center_axis',(-1.,4.93038065763133E-32,-2.22044604925031E-16));
#8457=DIRECTION('ref_axis',(1.21363216187848E-31,1.,-2.22044604925031E-16));
#8458=DIRECTION('',(1.,-6.3108872417681E-32,2.22044604925031E-16));
#8459=DIRECTION('center_axis',(-1.,4.93038065763133E-32,-2.22044604925031E-16));
#8460=DIRECTION('ref_axis',(1.22513967651763E-31,1.,-2.22044604925031E-16));
#8461=DIRECTION('',(-1.,6.3108872417681E-32,-2.22044604925031E-16));
#8462=DIRECTION('center_axis',(-1.,4.93038065763133E-32,-2.22044604925031E-16));
#8463=DIRECTION('ref_axis',(1.21363216187848E-31,1.,-2.22044604925031E-16));
#8464=DIRECTION('',(1.,-6.3108872417681E-32,2.22044604925031E-16));
#8465=DIRECTION('center_axis',(-1.,4.93038065763133E-32,-2.22044604925031E-16));
#8466=DIRECTION('ref_axis',(1.22513967651763E-31,1.,-2.22044604925031E-16));
#8467=DIRECTION('center_axis',(-1.,4.93038065763133E-32,-2.22044604925031E-16));
#8468=DIRECTION('ref_axis',(1.22513967651763E-31,1.,-2.22044604925031E-16));
#8469=DIRECTION('',(-1.,6.3108872417681E-32,-2.22044604925031E-16));
#8470=DIRECTION('center_axis',(-1.,4.93038065763133E-32,-2.22044604925031E-16));
#8471=DIRECTION('ref_axis',(1.21363216187848E-31,1.,-2.22044604925031E-16));
#8472=DIRECTION('',(1.,-6.3108872417681E-32,2.22044604925031E-16));
#8473=DIRECTION('center_axis',(-1.,4.93038065763133E-32,-2.22044604925031E-16));
#8474=DIRECTION('ref_axis',(1.22513967651764E-31,1.,-2.22044604925031E-16));
#8475=DIRECTION('center_axis',(-1.,4.93038065763133E-32,-2.22044604925031E-16));
#8476=DIRECTION('ref_axis',(1.22513967651763E-31,1.,-2.22044604925031E-16));
#8477=DIRECTION('',(-1.,6.3108872417681E-32,-2.22044604925031E-16));
#8478=DIRECTION('center_axis',(-1.,4.93038065763133E-32,-2.22044604925031E-16));
#8479=DIRECTION('ref_axis',(1.21363216187848E-31,1.,-2.22044604925031E-16));
#8480=DIRECTION('',(1.,-6.3108872417681E-32,2.22044604925031E-16));
#8481=DIRECTION('center_axis',(-1.,4.93038065763133E-32,-2.22044604925031E-16));
#8482=DIRECTION('ref_axis',(1.22513967651763E-31,1.,-2.22044604925031E-16));
#8483=DIRECTION('center_axis',(-1.,4.93038065763133E-32,-2.22044604925031E-16));
#8484=DIRECTION('ref_axis',(1.22513967651763E-31,1.,-2.22044604925031E-16));
#8485=DIRECTION('center_axis',(-1.,4.93038065763133E-32,-2.22044604925031E-16));
#8486=DIRECTION('ref_axis',(1.21363216187848E-31,1.,-2.22044604925031E-16));
#8487=DIRECTION('',(-1.,6.3108872417681E-32,-2.22044604925031E-16));
#8488=DIRECTION('center_axis',(-1.,4.93038065763133E-32,-2.22044604925031E-16));
#8489=DIRECTION('ref_axis',(1.22513967651763E-31,1.,-2.22044604925031E-16));
#8490=DIRECTION('',(1.,-6.3108872417681E-32,2.22044604925031E-16));
#8491=DIRECTION('center_axis',(1.,-4.93038065763133E-32,2.22044604925031E-16));
#8492=DIRECTION('ref_axis',(-1.02716263700653E-31,-1.,2.22044604925031E-16));
#8493=DIRECTION('center_axis',(1.,-4.93038065763133E-32,2.22044604925031E-16));
#8494=DIRECTION('ref_axis',(-1.02716263700653E-31,-1.,2.22044604925031E-16));
#8495=DIRECTION('center_axis',(1.,-4.93038065763133E-32,2.22044604925031E-16));
#8496=DIRECTION('ref_axis',(-1.02716263700653E-31,-1.,2.22044604925031E-16));
#8497=DIRECTION('center_axis',(1.,-4.93038065763133E-32,2.22044604925031E-16));
#8498=DIRECTION('ref_axis',(-1.02716263700653E-31,-1.,2.22044604925031E-16));
#8499=DIRECTION('center_axis',(1.,-4.93038065763133E-32,2.22044604925031E-16));
#8500=DIRECTION('ref_axis',(-1.02716263700653E-31,-1.,2.22044604925031E-16));
#8501=DIRECTION('center_axis',(1.,-4.93038065763133E-32,2.22044604925031E-16));
#8502=DIRECTION('ref_axis',(-1.02716263700653E-31,-1.,2.22044604925031E-16));
#8503=DIRECTION('center_axis',(1.,-4.93038065763133E-32,2.22044604925031E-16));
#8504=DIRECTION('ref_axis',(-1.02716263700653E-31,-1.,2.22044604925031E-16));
#8505=DIRECTION('center_axis',(1.,-4.93038065763133E-32,2.22044604925031E-16));
#8506=DIRECTION('ref_axis',(-1.02716263700652E-31,-1.,2.22044604925031E-16));
#8507=DIRECTION('center_axis',(1.,-4.93038065763133E-32,2.22044604925031E-16));
#8508=DIRECTION('ref_axis',(-1.02716263700652E-31,-1.,2.22044604925031E-16));
#8509=DIRECTION('center_axis',(1.,-4.93038065763133E-32,2.22044604925031E-16));
#8510=DIRECTION('ref_axis',(-1.02716263700652E-31,-1.,2.22044604925031E-16));
#8511=DIRECTION('center_axis',(1.,-4.93038065763133E-32,2.22044604925031E-16));
#8512=DIRECTION('ref_axis',(-1.02716263700653E-31,-1.,2.22044604925031E-16));
#8513=DIRECTION('center_axis',(1.,-4.93038065763133E-32,2.22044604925031E-16));
#8514=DIRECTION('ref_axis',(-1.02716263700653E-31,-1.,2.22044604925031E-16));
#8515=DIRECTION('center_axis',(1.,-4.93038065763133E-32,2.22044604925031E-16));
#8516=DIRECTION('ref_axis',(-1.02716263700653E-31,-1.,2.22044604925031E-16));
#8517=DIRECTION('center_axis',(1.,-4.93038065763133E-32,2.22044604925031E-16));
#8518=DIRECTION('ref_axis',(-1.02716263700653E-31,-1.,2.22044604925031E-16));
#8519=DIRECTION('center_axis',(1.,-4.93038065763133E-32,2.22044604925031E-16));
#8520=DIRECTION('ref_axis',(-1.02716263700653E-31,-1.,2.22044604925031E-16));
#8521=DIRECTION('center_axis',(1.,-4.93038065763133E-32,2.22044604925031E-16));
#8522=DIRECTION('ref_axis',(-1.02716263700653E-31,-1.,2.22044604925031E-16));
#8523=DIRECTION('center_axis',(1.,-4.93038065763133E-32,2.22044604925031E-16));
#8524=DIRECTION('ref_axis',(-1.02716263700653E-31,-1.,2.22044604925031E-16));
#8525=DIRECTION('center_axis',(1.,-4.93038065763133E-32,2.22044604925031E-16));
#8526=DIRECTION('ref_axis',(-1.02716263700653E-31,-1.,2.22044604925031E-16));
#8527=DIRECTION('center_axis',(1.,-4.93038065763133E-32,2.22044604925031E-16));
#8528=DIRECTION('ref_axis',(-1.02716263700653E-31,-1.,2.22044604925031E-16));
#8529=DIRECTION('center_axis',(1.,-4.93038065763133E-32,2.22044604925031E-16));
#8530=DIRECTION('ref_axis',(-1.02716263700653E-31,-1.,2.22044604925031E-16));
#8531=DIRECTION('center_axis',(1.,-4.93038065763133E-32,2.22044604925031E-16));
#8532=DIRECTION('ref_axis',(-1.02716263700653E-31,-1.,2.22044604925031E-16));
#8533=DIRECTION('center_axis',(1.,-4.93038065763133E-32,2.22044604925031E-16));
#8534=DIRECTION('ref_axis',(1.20813672848826E-16,0.839022701971433,-0.544096412023234));
#8535=DIRECTION('center_axis',(1.,-4.93038065763133E-32,2.22044604925031E-16));
#8536=DIRECTION('ref_axis',(-1.02716263700653E-31,-1.,2.22044604925031E-16));
#8537=DIRECTION('center_axis',(1.,-4.93038065763133E-32,2.22044604925031E-16));
#8538=DIRECTION('ref_axis',(8.56069150035724E-17,0.922691427777612,-0.385539270510426));
#8539=DIRECTION('center_axis',(1.,-4.93038065763133E-32,2.22044604925031E-16));
#8540=DIRECTION('ref_axis',(-1.02716263700653E-31,-1.,2.22044604925031E-16));
#8541=DIRECTION('center_axis',(1.,-4.93038065763133E-32,2.22044604925031E-16));
#8542=DIRECTION('ref_axis',(4.76486804724996E-17,0.976704091901982,-0.214590579620645));
#8543=DIRECTION('center_axis',(1.,-4.93038065763133E-32,2.22044604925031E-16));
#8544=DIRECTION('ref_axis',(-1.02716263700653E-31,-1.,2.22044604925031E-16));
#8545=DIRECTION('center_axis',(1.,-4.93038065763133E-32,2.22044604925031E-16));
#8546=DIRECTION('ref_axis',(8.15897814557856E-18,0.999324682877817,-0.0367447709361514));
#8547=DIRECTION('center_axis',(1.,-4.93038065763133E-32,2.22044604925031E-16));
#8548=DIRECTION('ref_axis',(-1.02716263700653E-31,-1.,2.22044604925031E-16));
#8549=DIRECTION('center_axis',(1.,-4.93038065763133E-32,2.22044604925031E-16));
#8550=DIRECTION('ref_axis',(-3.1592960452176E-17,0.989826156298871,0.142282044919951));
#8551=DIRECTION('center_axis',(1.,-4.93038065763133E-32,2.22044604925031E-16));
#8552=DIRECTION('ref_axis',(-1.02716263700653E-31,-1.,2.22044604925031E-16));
#8553=DIRECTION('center_axis',(1.,-4.93038065763133E-32,2.22044604925031E-16));
#8554=DIRECTION('ref_axis',(-7.03294753062188E-17,0.948513802624807,0.31673579878225));
#8555=DIRECTION('center_axis',(1.,-4.93038065763133E-32,2.22044604925031E-16));
#8556=DIRECTION('ref_axis',(-1.02716263700652E-31,-1.,2.22044604925031E-16));
#8557=DIRECTION('center_axis',(1.,-4.93038065763133E-32,2.22044604925031E-16));
#8558=DIRECTION('ref_axis',(-1.06805542956636E-16,0.876715434894624,0.481009403460608));
#8559=DIRECTION('center_axis',(1.,-4.93038065763133E-32,2.22044604925031E-16));
#8560=DIRECTION('ref_axis',(-1.02716263700652E-31,-1.,2.22044604925031E-16));
#8561=DIRECTION('center_axis',(1.,-4.93038065763133E-32,2.22044604925031E-16));
#8562=DIRECTION('ref_axis',(-1.39848792576534E-16,0.776738711723063,0.629822970135891));
#8563=DIRECTION('center_axis',(1.,-4.93038065763133E-32,2.22044604925031E-16));
#8564=DIRECTION('ref_axis',(1.23825653443192E-16,0.830068685801648,-0.557661166705666));
#8565=DIRECTION('center_axis',(1.,-4.93038065763133E-32,2.22044604925031E-16));
#8566=DIRECTION('ref_axis',(-1.02716263700652E-31,-1.,2.22044604925031E-16));
#8567=DIRECTION('center_axis',(1.,-4.93038065763133E-32,2.22044604925031E-16));
#8568=DIRECTION('ref_axis',(8.89254970388258E-17,0.916303386806178,-0.400484835327792));
#8569=DIRECTION('center_axis',(1.,-4.93038065763133E-32,2.22044604925031E-16));
#8570=DIRECTION('ref_axis',(-1.02716263700652E-31,-1.,2.22044604925031E-16));
#8571=DIRECTION('center_axis',(1.,-4.93038065763133E-32,2.22044604925031E-16));
#8572=DIRECTION('ref_axis',(5.1167201991495E-17,0.973087343021805,-0.230436591822488));
#8573=DIRECTION('center_axis',(1.,-4.93038065763133E-32,2.22044604925031E-16));
#8574=DIRECTION('ref_axis',(-1.02716263700653E-31,-1.,2.22044604925031E-16));
#8575=DIRECTION('center_axis',(1.,-4.93038065763133E-32,2.22044604925031E-16));
#8576=DIRECTION('ref_axis',(1.17643509716424E-17,0.998595471373783,-0.0529819266521444));
#8577=DIRECTION('center_axis',(1.,-4.93038065763133E-32,2.22044604925031E-16));
#8578=DIRECTION('ref_axis',(-1.02716263700653E-31,-1.,2.22044604925031E-16));
#8579=DIRECTION('center_axis',(1.,-4.93038065763133E-32,2.22044604925031E-16));
#8580=DIRECTION('ref_axis',(-2.80166159681794E-17,0.992007919628717,0.126175621234475));
#8581=DIRECTION('center_axis',(1.,-4.93038065763133E-32,2.22044604925031E-16));
#8582=DIRECTION('ref_axis',(-1.02716263700653E-31,-1.,2.22044604925031E-16));
#8583=DIRECTION('center_axis',(1.,-4.93038065763133E-32,2.22044604925031E-16));
#8584=DIRECTION('ref_axis',(-6.6897105818639E-17,0.953536417119944,0.301277780836987));
#8585=DIRECTION('center_axis',(1.,-4.93038065763133E-32,2.22044604925031E-16));
#8586=DIRECTION('ref_axis',(-1.02716263700653E-31,-1.,2.22044604925031E-16));
#8587=DIRECTION('center_axis',(1.,-4.93038065763133E-32,2.22044604925031E-16));
#8588=DIRECTION('ref_axis',(-1.03627467644962E-16,0.884417469592561,0.4666966246712));
#8589=DIRECTION('center_axis',(1.,-4.93038065763133E-32,2.22044604925031E-16));
#8590=DIRECTION('ref_axis',(-1.02716263700653E-31,-1.,2.22044604925031E-16));
#8591=DIRECTION('center_axis',(1.,-4.93038065763133E-32,2.22044604925031E-16));
#8592=DIRECTION('ref_axis',(-1.3702715739621E-16,0.786872616891361,0.617115454989211));
#8593=DIRECTION('center_axis',(1.,-4.93038065763133E-32,2.22044604925031E-16));
#8594=DIRECTION('ref_axis',(-1.02716263700653E-31,-1.,2.22044604925031E-16));
#8595=DIRECTION('center_axis',(-1.,4.93038065763133E-32,-2.22044604925031E-16));
#8596=DIRECTION('ref_axis',(-9.86076131526265E-32,-1.,2.22044604925031E-16));
#8597=DIRECTION('center_axis',(-1.,4.93038065763133E-32,-2.22044604925031E-16));
#8598=DIRECTION('ref_axis',(-9.86076131526265E-32,-1.,2.22044604925031E-16));
#8599=DIRECTION('center_axis',(1.,-4.93038065763133E-32,2.22044604925031E-16));
#8600=DIRECTION('ref_axis',(-9.86076131526265E-32,-1.,2.22044604925031E-16));
#8601=DIRECTION('center_axis',(1.,-4.93038065763133E-32,2.22044604925031E-16));
#8602=DIRECTION('ref_axis',(-9.86076131526265E-32,-1.,2.22044604925031E-16));
#8603=DIRECTION('center_axis',(1.,-4.93038065763133E-32,2.22044604925031E-16));
#8604=DIRECTION('ref_axis',(-9.86076131526265E-32,-1.,2.22044604925031E-16));
#8605=DIRECTION('center_axis',(-1.,4.93038065763133E-32,-2.22044604925031E-16));
#8606=DIRECTION('ref_axis',(-9.86076131526265E-32,-1.,2.22044604925031E-16));
#8607=DIRECTION('center_axis',(-9.86076131526265E-32,-1.,2.22044604925031E-16));
#8608=DIRECTION('ref_axis',(2.22044604925031E-16,-2.22044604925031E-16,
-1.));
#8609=DIRECTION('',(-9.86076131526265E-32,-1.,2.22044604925031E-16));
#8610=DIRECTION('center_axis',(-9.86076131526265E-32,-1.,2.22044604925031E-16));
#8611=DIRECTION('ref_axis',(2.22044604925031E-16,-2.22044604925031E-16,
-1.));
#8612=DIRECTION('',(-9.86076131526265E-32,-1.,2.22044604925031E-16));
#8613=DIRECTION('center_axis',(-9.86076131526265E-32,-1.,2.22044604925031E-16));
#8614=DIRECTION('ref_axis',(2.22044604925031E-16,-2.22044604925031E-16,
-1.));
#8615=DIRECTION('',(-9.86076131526265E-32,-1.,2.22044604925031E-16));
#8616=DIRECTION('center_axis',(-9.86076131526265E-32,-1.,2.22044604925031E-16));
#8617=DIRECTION('ref_axis',(2.22044604925031E-16,-2.22044604925031E-16,
-1.));
#8618=DIRECTION('',(-9.86076131526265E-32,-1.,2.22044604925031E-16));
#8619=DIRECTION('center_axis',(1.,-4.93038065763133E-32,2.22044604925031E-16));
#8620=DIRECTION('ref_axis',(9.86076131526265E-32,1.,-2.22044604925031E-16));
#8621=DIRECTION('center_axis',(-1.,4.93038065763133E-32,-2.22044604925031E-16));
#8622=DIRECTION('ref_axis',(7.70371977754894E-32,1.,-2.22044604925031E-16));
#8623=DIRECTION('center_axis',(-1.,4.93038065763133E-32,-2.22044604925031E-16));
#8624=DIRECTION('ref_axis',(7.70371977754894E-32,1.,-2.22044604925031E-16));
#8625=DIRECTION('',(-1.,4.93038065763133E-32,-2.22044604925031E-16));
#8626=DIRECTION('center_axis',(-1.,4.93038065763133E-32,-2.22044604925031E-16));
#8627=DIRECTION('ref_axis',(-9.86076131526265E-32,-1.,2.22044604925031E-16));
#8628=DIRECTION('center_axis',(1.,-4.93038065763133E-32,2.22044604925031E-16));
#8629=DIRECTION('ref_axis',(-7.70371977754894E-32,-1.,2.22044604925031E-16));
#8630=DIRECTION('center_axis',(1.,-4.93038065763133E-32,2.22044604925031E-16));
#8631=DIRECTION('ref_axis',(-7.70371977754894E-32,-1.,2.22044604925031E-16));
#8632=DIRECTION('',(1.,-4.93038065763133E-32,2.22044604925031E-16));
#8633=CARTESIAN_POINT('',(0.,0.,0.));
#8634=CARTESIAN_POINT('Origin',(-56.9911468979801,-0.00885310201981598,
87.));
#8635=CARTESIAN_POINT('',(-56.9911468979801,5.09114697248581,95.7177978434948));
#8636=CARTESIAN_POINT('',(-56.9911468979801,5.09114697248581,78.2822021565052));
#8637=CARTESIAN_POINT('Origin',(-56.9911468979801,-0.00885310201981598,
87.));
#8638=CARTESIAN_POINT('',(-53.9911468979801,5.09114697248581,95.7177978434948));
#8639=CARTESIAN_POINT('',(-56.9911468979801,5.09114697248581,95.7177978434948));
#8640=CARTESIAN_POINT('',(-53.9911468979801,5.09114697248581,78.2822021565052));
#8641=CARTESIAN_POINT('Origin',(-53.9911468979801,-0.00885310201981598,
87.));
#8642=CARTESIAN_POINT('',(-56.9911468979801,5.09114697248581,78.2822021565052));
#8643=CARTESIAN_POINT('Origin',(-56.9911468979801,5.09114697248581,78.2822021565052));
#8644=CARTESIAN_POINT('',(-56.9911468979801,5.09114697248581,82.6411010782526));
#8645=CARTESIAN_POINT('',(-53.9911468979801,5.09114697248581,87.));
#8646=CARTESIAN_POINT('Origin',(-53.9911468979801,-0.00885310201982792,
87.0441097497048));
#8647=CARTESIAN_POINT('',(-53.9911468979801,-1.60885310201983,87.));
#8648=CARTESIAN_POINT('Origin',(-53.9911468979801,-0.00885310201983458,
87.));
#8649=CARTESIAN_POINT('Origin',(-49.9911468979801,-0.00885310201981682,
87.));
#8650=CARTESIAN_POINT('',(-26.9911468979801,-10.0088532510314,87.));
#8651=CARTESIAN_POINT('Origin',(-26.9911468979801,-0.00885310201981682,
87.));
#8652=CARTESIAN_POINT('',(-51.9911468979801,-10.0088532510314,87.));
#8653=CARTESIAN_POINT('',(-49.9911468979801,-10.0088532510314,87.));
#8654=CARTESIAN_POINT('Origin',(-51.9911468979801,-0.00885310201981682,
87.));
#8655=CARTESIAN_POINT('Origin',(-56.9911468979801,-0.00885310201981682,
87.));
#8656=CARTESIAN_POINT('',(-51.9911468979801,12.4911468979802,87.));
#8657=CARTESIAN_POINT('Origin',(-51.9911468979801,-0.00885310201981682,
87.));
#8658=CARTESIAN_POINT('',(-56.9911468979801,12.4911468979802,87.));
#8659=CARTESIAN_POINT('',(-56.9911468979801,12.4911468979802,87.));
#8660=CARTESIAN_POINT('Origin',(-56.9911468979801,-0.00885310201981682,
87.));
#8661=CARTESIAN_POINT('Origin',(-56.9911468979801,-0.00885310201981682,
87.));
#8662=CARTESIAN_POINT('Origin',(-51.9911468979801,-0.00885310201981682,
87.));
#8663=CARTESIAN_POINT('Origin',(-26.9911468979801,-0.00885310201983458,
87.));
#8664=CARTESIAN_POINT('',(-26.9911468979801,-1.60885310201984,87.));
#8665=CARTESIAN_POINT('Origin',(-26.9911468979801,-0.00885310201983458,
87.));
#8666=CARTESIAN_POINT('Origin',(-36.9911468979801,-0.00885310201983458,
87.));
#8667=CARTESIAN_POINT('',(-36.9911468979801,-1.60885310201983,87.));
#8668=CARTESIAN_POINT('Origin',(-121.99114689798,-0.00885310201981682,87.));
#8669=CARTESIAN_POINT('',(-121.99114689798,5.09114689798018,95.7177978870813));
#8670=CARTESIAN_POINT('',(-121.99114689798,5.09114689798018,78.2822021129186));
#8671=CARTESIAN_POINT('Origin',(-121.99114689798,-0.00885310201981682,87.));
#8672=CARTESIAN_POINT('',(-118.99114689798,5.09114689798018,95.7177978870813));
#8673=CARTESIAN_POINT('',(-121.99114689798,5.09114689798018,95.7177978870813));
#8674=CARTESIAN_POINT('',(-118.99114689798,5.09114689798018,78.2822021129186));
#8675=CARTESIAN_POINT('Origin',(-118.99114689798,-0.00885310201981682,87.));
#8676=CARTESIAN_POINT('',(-121.99114689798,5.09114689798018,78.2822021129186));
#8677=CARTESIAN_POINT('Origin',(-121.99114689798,5.09114689798018,78.2822021129186));
#8678=CARTESIAN_POINT('',(-121.99114689798,5.09114689798018,87.));
#8679=CARTESIAN_POINT('',(-118.99114689798,5.09114689798018,82.6411010564594));
#8680=CARTESIAN_POINT('Origin',(-121.99114689798,-0.00885310201982792,87.0441097497048));
#8681=CARTESIAN_POINT('',(-121.99114689798,1.59114689798018,86.9999999999999));
#8682=CARTESIAN_POINT('Origin',(-121.99114689798,-0.00885310201981682,86.9999999999999));
#8683=CARTESIAN_POINT('Origin',(-123.99114689798,-0.00885310201981682,86.9999999999999));
#8684=CARTESIAN_POINT('',(-148.99114689798,9.9911470469918,86.9999999999999));
#8685=CARTESIAN_POINT('Origin',(-148.99114689798,-0.00885310201981682,86.9999999999999));
#8686=CARTESIAN_POINT('',(-123.99114689798,9.9911470469918,86.9999999999999));
#8687=CARTESIAN_POINT('',(-123.99114689798,9.9911470469918,86.9999999999999));
#8688=CARTESIAN_POINT('Origin',(-123.99114689798,-0.00885310201981682,86.9999999999999));
#8689=CARTESIAN_POINT('Origin',(-118.99114689798,-0.00885310201965695,87.0000000000001));
#8690=CARTESIAN_POINT('',(-123.99114689798,-12.5088531020196,87.0000000000001));
#8691=CARTESIAN_POINT('Origin',(-123.99114689798,-0.00885310201965695,87.0000000000001));
#8692=CARTESIAN_POINT('',(-118.99114689798,-12.5088531020197,87.0000000000001));
#8693=CARTESIAN_POINT('',(-118.99114689798,-12.5088531020197,87.0000000000001));
#8694=CARTESIAN_POINT('Origin',(-118.99114689798,-0.00885310201965695,87.0000000000001));
#8695=CARTESIAN_POINT('Origin',(-118.99114689798,-0.00885310201965695,87.0000000000001));
#8696=CARTESIAN_POINT('Origin',(-123.99114689798,-0.00885310201965695,87.0000000000001));
#8697=CARTESIAN_POINT('Origin',(-148.99114689798,-0.00885310201981682,86.9999999999999));
#8698=CARTESIAN_POINT('',(-148.99114689798,1.59114689798018,86.9999999999999));
#8699=CARTESIAN_POINT('Origin',(-148.99114689798,-0.00885310201981682,86.9999999999999));
#8700=CARTESIAN_POINT('Origin',(-136.99114689798,-0.00885310201981682,86.9999999999999));
#8701=CARTESIAN_POINT('',(-136.99114689798,1.59114689798018,86.9999999999999));
#8702=CARTESIAN_POINT('Origin',(-77.4911468979801,-0.00885310201981682,
87.));
#8703=CARTESIAN_POINT('',(-78.9911468979801,-15.5088531020198,87.));
#8704=CARTESIAN_POINT('Origin',(-78.9911468979801,-0.00885310201981682,
87.));
#8705=CARTESIAN_POINT('',(-75.9911468979802,-12.5088531020198,87.));
#8706=CARTESIAN_POINT('',(-77.4911468979801,-14.0088531020198,87.));
#8707=CARTESIAN_POINT('Origin',(-75.9911468979802,-0.00885310201981682,
87.));
#8708=CARTESIAN_POINT('Origin',(-78.9911468979801,-0.00885310201981682,
87.));
#8709=CARTESIAN_POINT('',(-78.9911468979801,34.9911468979802,87.0000000000002));
#8710=CARTESIAN_POINT('',(-78.9911468979801,33.0428866483238,87.3562096731862));
#8711=CARTESIAN_POINT('Origin',(-78.9911468979801,32.5804326122659,79.3208229416166));
#8712=CARTESIAN_POINT('',(-78.9911468979801,32.4776108077576,87.9379033205663));
#8713=CARTESIAN_POINT('Origin',(-78.9911468979801,33.0773609107073,87.9552184587921));
#8714=CARTESIAN_POINT('',(-78.9911468979801,32.4309028603964,88.9779365760521));
#8715=CARTESIAN_POINT('Origin',(-78.9911468979801,-0.00885310201981682,
87.));
#8716=CARTESIAN_POINT('',(-78.9911468979801,32.9417604500721,89.6079594315112));
#8717=CARTESIAN_POINT('Origin',(-78.9911468979801,33.0297906627794,89.0144523282254));
#8718=CARTESIAN_POINT('',(-78.9911468979801,34.8502471878135,90.1373758116202));
#8719=CARTESIAN_POINT('Origin',(-78.9911468979801,31.7608816046144,97.5695439982731));
#8720=CARTESIAN_POINT('',(-78.9911468979801,34.4286824989322,93.2494913179524));
#8721=CARTESIAN_POINT('Origin',(-78.9911468979801,-0.00885310201981682,
87.));
#8722=CARTESIAN_POINT('',(-78.9911468979801,32.4481278998634,93.252101254707));
#8723=CARTESIAN_POINT('Origin',(-78.9911468979801,33.4278793937144,85.2632721370173));
#8724=CARTESIAN_POINT('',(-78.9911468979801,31.78807086321,93.7235129470679));
#8725=CARTESIAN_POINT('Origin',(-78.9911468979801,32.3750909979528,93.8476393399369));
#8726=CARTESIAN_POINT('',(-78.9911468979801,31.5564084231917,94.7384924142237));
#8727=CARTESIAN_POINT('Origin',(-78.9911468979801,-0.00885310201981682,
87.));
#8728=CARTESIAN_POINT('',(-78.9911468979801,31.946561396511,95.4496076881001));
#8729=CARTESIAN_POINT('Origin',(-78.9911468979801,32.139151712888,94.8813568895633));
#8730=CARTESIAN_POINT('',(-78.9911468979801,33.729847022335,96.3112895948337));
#8731=CARTESIAN_POINT('Origin',(-78.9911468979801,29.3630639419972,103.072392255689));
#8732=CARTESIAN_POINT('',(-78.9911468979801,32.7593673703709,99.2981188428472));
#8733=CARTESIAN_POINT('Origin',(-78.9911468979801,-0.00885310201981682,
87.));
#8734=CARTESIAN_POINT('',(-78.9911468979801,30.8101750763095,98.9470451576554));
#8735=CARTESIAN_POINT('Origin',(-78.9911468979801,33.2006420809149,91.2615411949186));
#8736=CARTESIAN_POINT('',(-78.9911468979801,30.0765516198238,99.2930233353259));
#8737=CARTESIAN_POINT('Origin',(-78.9911468979801,30.6319744762271,99.5199714584396));
#8738=CARTESIAN_POINT('',(-78.9911468979801,29.6673805085831,100.250326738949));
#8739=CARTESIAN_POINT('Origin',(-78.9911468979801,-0.00885310201981682,
87.));
#8740=CARTESIAN_POINT('',(-78.9911468979801,29.9242890279644,101.019678601233));
#8741=CARTESIAN_POINT('Origin',(-78.9911468979801,30.2152494367789,100.494948155669));
#8742=CARTESIAN_POINT('',(-78.9911468979801,31.5250572745648,102.185930869115));
#8743=CARTESIAN_POINT('Origin',(-78.9911468979801,26.0212086982914,108.058660601599));
#8744=CARTESIAN_POINT('',(-78.9911468979801,30.0368546740454,104.951474709207));
#8745=CARTESIAN_POINT('Origin',(-78.9911468979801,-0.00885310201981682,
87.));
#8746=CARTESIAN_POINT('',(-78.9911468979801,28.1816733291232,104.258001199175));
#8747=CARTESIAN_POINT('Origin',(-78.9911468979801,31.9060242680721,97.1228408124075));
#8748=CARTESIAN_POINT('',(-78.9911468979801,27.3980627143241,104.467425838853));
#8749=CARTESIAN_POINT('Origin',(-78.9911468979801,27.9040365447797,104.789901392801));
#8750=CARTESIAN_POINT('',(-78.9911468979801,26.8245340280434,105.33628465988));
#8751=CARTESIAN_POINT('Origin',(-78.9911468979801,-0.00885310201981682,
87.));
#8752=CARTESIAN_POINT('',(-78.9911468979801,26.9399408422888,106.139145508693));
#8753=CARTESIAN_POINT('Origin',(-78.9911468979801,27.3199196365984,105.67480068437));
#8754=CARTESIAN_POINT('',(-78.9911468979801,28.3067417011033,107.572483830237));
#8755=CARTESIAN_POINT('Origin',(-78.9911468979801,21.8427258507174,112.368086268649));
#8756=CARTESIAN_POINT('',(-78.9911468979801,26.3486482081064,110.02785540789));
#8757=CARTESIAN_POINT('Origin',(-78.9911468979801,-0.00885310201981682,
87.));
#8758=CARTESIAN_POINT('',(-78.9911468979801,24.6471048671977,109.014270882223));
#8759=CARTESIAN_POINT('Origin',(-78.9911468979801,29.5856360369061,102.658783997084));
#8760=CARTESIAN_POINT('',(-78.9911468979801,23.8386929840016,109.080410903674));
#8761=CARTESIAN_POINT('Origin',(-78.9911468979801,24.278955373282,109.488049258819));
#8762=CARTESIAN_POINT('',(-78.9911468979801,23.119240406559,109.832899304697));
#8763=CARTESIAN_POINT('Origin',(-78.9911468979801,-0.00885310201981682,
87.));
#8764=CARTESIAN_POINT('',(-78.9911468979801,23.0894362457015,110.643464531761));
#8765=CARTESIAN_POINT('Origin',(-78.9911468979801,23.5462205944096,110.254429753399));
#8766=CARTESIAN_POINT('',(-78.9911468979801,24.1783396125204,112.297820233959));
#8767=CARTESIAN_POINT('Origin',(-78.9911468979801,16.9619152760634,115.862160770095));
#8768=CARTESIAN_POINT('',(-78.9911468979801,21.8132899630356,114.364101886381));
#8769=CARTESIAN_POINT('Origin',(-78.9911468979801,-0.00885310201981682,
87.));
#8770=CARTESIAN_POINT('',(-78.9911468979801,20.3200736291516,113.062983785714));
#8771=CARTESIAN_POINT('Origin',(-78.9911468979801,26.3140565743882,107.691440980005));
#8772=CARTESIAN_POINT('',(-78.9911468979801,19.5128435006481,112.983713394228));
#8773=CARTESIAN_POINT('Origin',(-78.9911468979801,19.8732440533127,113.463412718429));
#8774=CARTESIAN_POINT('',(-78.9911468979801,18.67059082985,113.595645778889));
#8775=CARTESIAN_POINT('Origin',(-78.9911468979801,-0.00885310201981682,
87.));
#8776=CARTESIAN_POINT('',(-78.9911468979801,18.4965336241427,114.387863150872));
#8777=CARTESIAN_POINT('Origin',(-78.9911468979801,19.0154421024384,114.086642316345));
#8778=CARTESIAN_POINT('',(-78.9911468979801,19.2725412488037,116.210063880246));
#8779=CARTESIAN_POINT('Origin',(-78.9911468979801,11.5356502421431,118.428581676524));
#8780=CARTESIAN_POINT('',(-78.9911468979801,16.5765500845349,117.820843614986));
#8781=CARTESIAN_POINT('Origin',(-78.9911468979801,-0.00885310201981682,
87.));
#8782=CARTESIAN_POINT('',(-78.9911468979801,15.3396539592691,116.274010945637));
#8783=CARTESIAN_POINT('Origin',(-78.9911468979801,22.1964371363083,112.059058024853));
#8784=CARTESIAN_POINT('',(-78.9911468979801,14.5595506259794,116.051877956821));
#8785=CARTESIAN_POINT('Origin',(-78.9911468979801,14.828505771727,116.588220319101));
#8786=CARTESIAN_POINT('',(-78.9911468979801,13.6215685556732,116.503586314777));
#8787=CARTESIAN_POINT('Origin',(-78.9911468979801,-0.00885310201981682,
87.));
#8788=CARTESIAN_POINT('',(-78.9911468979801,13.3088526469222,117.251993313504));
#8789=CARTESIAN_POINT('Origin',(-78.9911468979801,13.8732071093537,117.04826790828));
#8790=CARTESIAN_POINT('',(-78.9911468979801,13.7470230058674,119.183472039301));
#8791=CARTESIAN_POINT('Origin',(-78.9911468979801,5.73833537189234,119.984862108347));
#8792=CARTESIAN_POINT('',(-78.9911468979801,10.806741701103,120.28697807033));
#8793=CARTESIAN_POINT('Origin',(-78.9911468979801,-0.00885310201981682,
87.));
#8794=CARTESIAN_POINT('',(-78.9911468979801,9.86592064364309,118.544147307031));
#8795=CARTESIAN_POINT('Origin',(-78.9911468979801,17.3651213993948,115.621256326121));
#8796=CARTESIAN_POINT('',(-78.9911468979801,9.13801726857022,118.186291257917));
#8797=CARTESIAN_POINT('Origin',(-78.9911468979801,9.30688256771958,118.762038173448));
#8798=CARTESIAN_POINT('',(-78.9911468979801,8.13445331426978,118.463257310876));
#8799=CARTESIAN_POINT('Origin',(-78.9911468979801,-0.00885310201981682,
87.));
#8800=CARTESIAN_POINT('',(-78.9911468979801,7.69312964908579,119.143799519618));
#8801=CARTESIAN_POINT('Origin',(-78.9911468979801,8.28479127887821,119.044117445846));
#8802=CARTESIAN_POINT('',(-78.9911468979801,7.77937958645103,121.122476926364));
#8803=CARTESIAN_POINT('Origin',(-78.9911468979801,-0.243698864712361,120.480981931973));
#8804=CARTESIAN_POINT('',(-78.9911468979801,4.6893112015978,121.683241661878));
#8805=CARTESIAN_POINT('Origin',(-78.9911468979801,-0.00885310201981682,
87.));
#8806=CARTESIAN_POINT('',(-78.9911468979801,4.07480397484056,119.800428819366));
#8807=CARTESIAN_POINT('Origin',(-78.9911468979801,11.9753918266521,118.26354389942));
#8808=CARTESIAN_POINT('',(-78.9911468979801,3.42249597138032,119.318351497817));
#8809=CARTESIAN_POINT('Origin',(-78.9911468979801,3.48584395427386,119.914997987008));
#8810=CARTESIAN_POINT('',(-78.9911468979801,2.38560550431199,119.41167332895));
#8811=CARTESIAN_POINT('Origin',(-78.9911468979801,-0.00885310201981682,
87.));
#8812=CARTESIAN_POINT('',(-78.9911468979801,1.82985858841636,120.002477561164));
#8813=CARTESIAN_POINT('Origin',(-78.9911468979801,2.42981089396734,120.010042682715));
#8814=CARTESIAN_POINT('',(-78.9911468979801,1.56141596024803,121.964757328946));
#8815=CARTESIAN_POINT('Origin',(-78.9911468979801,-6.21818496527238,119.900995448061));
#8816=CARTESIAN_POINT('',(-78.9911468979801,-1.57912216428818,121.964757328946));
#8817=CARTESIAN_POINT('Origin',(-78.9911468979801,-0.00885310201981682,
87.));
#8818=CARTESIAN_POINT('',(-78.9911468979801,-1.8475647924565,120.002477561164));
#8819=CARTESIAN_POINT('Origin',(-78.9911468979801,6.20047876123225,119.900995448061));
#8820=CARTESIAN_POINT('',(-78.9911468979801,-2.40331170835208,119.41167332895));
#8821=CARTESIAN_POINT('Origin',(-78.9911468979801,-2.44751709800745,120.010042682715));
#8822=CARTESIAN_POINT('',(-78.9911468979801,-3.44020217542042,119.318351497817));
#8823=CARTESIAN_POINT('Origin',(-78.9911468979801,-0.00885310201981682,
87.));
#8824=CARTESIAN_POINT('',(-78.9911468979801,-4.09251017888069,119.800428819366));
#8825=CARTESIAN_POINT('Origin',(-78.9911468979801,-3.50355015831397,119.914997987008));
#8826=CARTESIAN_POINT('',(-78.9911468979801,-4.70701740563795,121.683241661878));
#8827=CARTESIAN_POINT('Origin',(-78.9911468979801,-11.9930980306922,118.26354389942));
#8828=CARTESIAN_POINT('',(-78.9911468979801,-7.79708579049117,121.122476926364));
#8829=CARTESIAN_POINT('Origin',(-78.9911468979801,-0.00885310201981682,
87.));
#8830=CARTESIAN_POINT('',(-78.9911468979801,-7.7108358531259,119.143799519618));
#8831=CARTESIAN_POINT('Origin',(-78.9911468979801,0.22599266067223,120.480981931973));
#8832=CARTESIAN_POINT('',(-78.9911468979801,-8.15215951830988,118.463257310876));
#8833=CARTESIAN_POINT('Origin',(-78.9911468979801,-8.30249748291831,119.044117445846));
#8834=CARTESIAN_POINT('',(-78.9911468979801,-9.15572347261032,118.186291257917));
#8835=CARTESIAN_POINT('Origin',(-78.9911468979801,-0.00885310201981682,
87.));
#8836=CARTESIAN_POINT('',(-78.9911468979801,-9.88362684768319,118.544147307031));
#8837=CARTESIAN_POINT('Origin',(-78.9911468979801,-9.32458877175968,118.762038173447));
#8838=CARTESIAN_POINT('',(-78.9911468979801,-10.8244479051432,120.28697807033));
#8839=CARTESIAN_POINT('Origin',(-78.9911468979801,-17.3828276034349,115.621256326121));
#8840=CARTESIAN_POINT('',(-78.9911468979801,-13.7647292099075,119.183472039301));
#8841=CARTESIAN_POINT('Origin',(-78.9911468979801,-0.00885310201981682,
87.));
#8842=CARTESIAN_POINT('',(-78.9911468979801,-13.3265588509622,117.251993313504));
#8843=CARTESIAN_POINT('Origin',(-78.9911468979801,-5.75604157593247,119.984862108347));
#8844=CARTESIAN_POINT('',(-78.9911468979801,-13.6392747597133,116.503586314777));
#8845=CARTESIAN_POINT('Origin',(-78.9911468979801,-13.8909133133938,117.04826790828));
#8846=CARTESIAN_POINT('',(-78.9911468979801,-14.5772568300194,116.051877956821));
#8847=CARTESIAN_POINT('Origin',(-78.9911468979801,-0.00885310201981682,
87.));
#8848=CARTESIAN_POINT('',(-78.9911468979801,-15.3573601633092,116.274010945637));
#8849=CARTESIAN_POINT('Origin',(-78.9911468979801,-14.8462119757671,116.5882203191));
#8850=CARTESIAN_POINT('',(-78.9911468979801,-16.594256288575,117.820843614986));
#8851=CARTESIAN_POINT('Origin',(-78.9911468979801,-22.2141433403483,112.059058024853));
#8852=CARTESIAN_POINT('',(-78.9911468979801,-19.2902474528437,116.210063880245));
#8853=CARTESIAN_POINT('Origin',(-78.9911468979801,-0.00885310201981682,
87.));
#8854=CARTESIAN_POINT('',(-78.9911468979801,-18.5142398281828,114.387863150871));
#8855=CARTESIAN_POINT('Origin',(-78.9911468979801,-11.5533564461832,118.428581676524));
#8856=CARTESIAN_POINT('',(-78.9911468979801,-18.6882970338901,113.595645778889));
#8857=CARTESIAN_POINT('Origin',(-78.9911468979801,-19.0331483064785,114.086642316345));
#8858=CARTESIAN_POINT('',(-78.9911468979801,-19.5305497046881,112.983713394228));
#8859=CARTESIAN_POINT('Origin',(-78.9911468979801,-0.00885310201981682,
87.));
#8860=CARTESIAN_POINT('',(-78.9911468979801,-20.3377798331917,113.062983785713));
#8861=CARTESIAN_POINT('Origin',(-78.9911468979801,-19.8909502573527,113.463412718429));
#8862=CARTESIAN_POINT('',(-78.9911468979801,-21.8309961670757,114.364101886381));
#8863=CARTESIAN_POINT('Origin',(-78.9911468979801,-26.3317627784281,107.691440980004));
#8864=CARTESIAN_POINT('',(-78.9911468979801,-24.1960458165604,112.297820233958));
#8865=CARTESIAN_POINT('Origin',(-78.9911468979801,-0.00885310201981682,
87.));
#8866=CARTESIAN_POINT('',(-78.9911468979801,-23.1071424497415,110.643464531761));
#8867=CARTESIAN_POINT('Origin',(-78.9911468979801,-16.9796214801035,115.862160770095));
#8868=CARTESIAN_POINT('',(-78.9911468979801,-23.1369466105989,109.832899304697));
#8869=CARTESIAN_POINT('Origin',(-78.9911468979801,-23.5639267984496,110.254429753399));
#8870=CARTESIAN_POINT('',(-78.9911468979801,-23.8563991880415,109.080410903674));
#8871=CARTESIAN_POINT('Origin',(-78.9911468979801,-0.00885310201981682,
87.));
#8872=CARTESIAN_POINT('',(-78.9911468979801,-24.6648110712376,109.014270882223));
#8873=CARTESIAN_POINT('Origin',(-78.9911468979801,-24.2966615773219,109.488049258818));
#8874=CARTESIAN_POINT('',(-78.9911468979801,-26.3663544121464,110.02785540789));
#8875=CARTESIAN_POINT('Origin',(-78.9911468979801,-29.6033422409459,102.658783997084));
#8876=CARTESIAN_POINT('',(-78.9911468979801,-28.3244479051432,107.572483830236));
#8877=CARTESIAN_POINT('Origin',(-78.9911468979801,-0.00885310201981682,
87.));
#8878=CARTESIAN_POINT('',(-78.9911468979801,-26.9576470463287,106.139145508692));
#8879=CARTESIAN_POINT('Origin',(-78.9911468979801,-21.8604320547574,112.368086268649));
#8880=CARTESIAN_POINT('',(-78.9911468979801,-26.8422402320833,105.33628465988));
#8881=CARTESIAN_POINT('Origin',(-78.9911468979801,-27.3376258406383,105.67480068437));
#8882=CARTESIAN_POINT('',(-78.9911468979801,-27.415768918364,104.467425838853));
#8883=CARTESIAN_POINT('Origin',(-78.9911468979801,-0.00885310201981682,
87.));
#8884=CARTESIAN_POINT('',(-78.9911468979801,-28.1993795331631,104.258001199175));
#8885=CARTESIAN_POINT('Origin',(-78.9911468979801,-27.9217427488195,104.789901392801));
#8886=CARTESIAN_POINT('',(-78.9911468979801,-30.0545608780853,104.951474709206));
#8887=CARTESIAN_POINT('Origin',(-78.9911468979801,-31.9237304721119,97.122840812407));
#8888=CARTESIAN_POINT('',(-78.9911468979801,-31.5427634786047,102.185930869114));
#8889=CARTESIAN_POINT('Origin',(-78.9911468979801,-0.00885310201981682,
87.));
#8890=CARTESIAN_POINT('',(-78.9911468979801,-29.9419952320043,101.019678601233));
#8891=CARTESIAN_POINT('Origin',(-78.9911468979801,-26.0389149023313,108.058660601598));
#8892=CARTESIAN_POINT('',(-78.9911468979801,-29.685086712623,100.250326738949));
#8893=CARTESIAN_POINT('Origin',(-78.9911468979801,-30.2329556408187,100.494948155668));
#8894=CARTESIAN_POINT('',(-78.9911468979801,-30.0942578238636,99.2930233353255));
#8895=CARTESIAN_POINT('Origin',(-78.9911468979801,-0.00885310201981682,
87.));
#8896=CARTESIAN_POINT('',(-78.9911468979801,-30.8278812803493,98.947045157655));
#8897=CARTESIAN_POINT('Origin',(-78.9911468979801,-30.6496806802669,99.5199714584392));
#8898=CARTESIAN_POINT('',(-78.9911468979801,-32.7770735744107,99.2981188428467));
#8899=CARTESIAN_POINT('Origin',(-78.9911468979801,-33.2183482849546,91.2615411949181));
#8900=CARTESIAN_POINT('',(-78.9911468979801,-33.7475532263748,96.3112895948332));
#8901=CARTESIAN_POINT('Origin',(-78.9911468979801,-0.00885310201981682,
87.));
#8902=CARTESIAN_POINT('',(-78.9911468979801,-31.9642676005508,95.4496076880997));
#8903=CARTESIAN_POINT('Origin',(-78.9911468979801,-29.3807701460371,103.072392255689));
#8904=CARTESIAN_POINT('',(-78.9911468979801,-31.5741146272315,94.7384924142233));
#8905=CARTESIAN_POINT('Origin',(-78.9911468979801,-32.1568579169277,94.8813568895628));
#8906=CARTESIAN_POINT('',(-78.9911468979801,-31.8057770672498,93.7235129470675));
#8907=CARTESIAN_POINT('Origin',(-78.9911468979801,-0.00885310201981682,
87.));
#8908=CARTESIAN_POINT('',(-78.9911468979801,-32.4658341039031,93.2521012547065));
#8909=CARTESIAN_POINT('Origin',(-78.9911468979801,-32.3927972019925,93.8476393399364));
#8910=CARTESIAN_POINT('',(-78.9911468979801,-34.4463887029719,93.249491317952));
#8911=CARTESIAN_POINT('Origin',(-78.9911468979801,-33.4455855977541,85.2632721370168));
#8912=CARTESIAN_POINT('',(-78.9911468979801,-34.8679533918532,90.1373758116197));
#8913=CARTESIAN_POINT('Origin',(-78.9911468979801,-0.00885310201981682,
87.));
#8914=CARTESIAN_POINT('',(-78.9911468979801,-32.9594666541118,89.6079594315107));
#8915=CARTESIAN_POINT('Origin',(-78.9911468979801,-31.7785878086542,97.5695439982726));
#8916=CARTESIAN_POINT('',(-78.9911468979801,-32.448609064436,88.9779365760517));
#8917=CARTESIAN_POINT('Origin',(-78.9911468979801,-33.0474968668191,89.0144523282249));
#8918=CARTESIAN_POINT('',(-78.9911468979801,-32.4953170117973,87.9379033205659));
#8919=CARTESIAN_POINT('Origin',(-78.9911468979801,-0.00885310201981682,
87.));
#8920=CARTESIAN_POINT('',(-78.9911468979801,-33.0605928523634,87.3562096731857));
#8921=CARTESIAN_POINT('Origin',(-78.9911468979801,-33.095067114747,87.9552184587917));
#8922=CARTESIAN_POINT('',(-78.9911468979801,-35.0088531020198,86.9999999999997));
#8923=CARTESIAN_POINT('Origin',(-78.9911468979801,-32.5981388163055,79.3208229416162));
#8924=CARTESIAN_POINT('',(-78.9911468979801,-34.8679533918531,83.8626241883793));
#8925=CARTESIAN_POINT('Origin',(-78.9911468979801,-0.00885310201981682,
87.));
#8926=CARTESIAN_POINT('',(-78.9911468979801,-32.8956058762535,83.6824892129568));
#8927=CARTESIAN_POINT('Origin',(-78.9911468979801,-33.1553000575753,91.7269819001024));
#8928=CARTESIAN_POINT('',(-78.9911468979801,-32.2804630534884,83.1538082288741));
#8929=CARTESIAN_POINT('Origin',(-78.9911468979801,-32.8762466218232,83.082801611561));
#8930=CARTESIAN_POINT('',(-78.9911468979801,-32.1407152763329,82.1221487096318));
#8931=CARTESIAN_POINT('Origin',(-78.9911468979801,-0.00885310201981682,
87.));
#8932=CARTESIAN_POINT('',(-78.9911468979801,-32.5930414901857,81.4488692196785));
#8933=CARTESIAN_POINT('Origin',(-78.9911468979801,-32.7339188857049,82.032096070425));
#8934=CARTESIAN_POINT('',(-78.9911468979801,-34.4463887029718,80.7505086820474));
#8935=CARTESIAN_POINT('Origin',(-78.9911468979801,-30.7032455774462,73.6251888153199));
#8936=CARTESIAN_POINT('',(-78.9911468979801,-33.7475532263745,77.6887104051659));
#8937=CARTESIAN_POINT('Origin',(-78.9911468979801,-0.00885310201981682,
87.));
#8938=CARTESIAN_POINT('',(-78.9911468979801,-31.774737804921,77.8636465207555));
#8939=CARTESIAN_POINT('Origin',(-78.9911468979801,-33.4666582283575,85.7324907142892));
#8940=CARTESIAN_POINT('',(-78.9911468979801,-31.0750809455314,77.4532996498776));
#8941=CARTESIAN_POINT('Origin',(-78.9911468979801,-31.6486113057193,77.2770528741831));
#8942=CARTESIAN_POINT('',(-78.9911468979801,-30.7533690524019,76.4631722526796));
#8943=CARTESIAN_POINT('Origin',(-78.9911468979801,-0.00885310201981682,
87.));
#8944=CARTESIAN_POINT('',(-78.9911468979801,-31.0782075028527,75.7199466769363));
#8945=CARTESIAN_POINT('Origin',(-78.9911468979801,-31.3209601161013,76.2686462019598));
#8946=CARTESIAN_POINT('',(-78.9911468979801,-32.7770735744105,74.7018811571527));
#8947=CARTESIAN_POINT('Origin',(-78.9911468979801,-27.8218093089964,68.3594321253306));
#8948=CARTESIAN_POINT('',(-78.9911468979801,-31.5427634786043,71.814069130885));
#8949=CARTESIAN_POINT('Origin',(-78.9911468979801,-0.00885310201981682,
87.));
#8950=CARTESIAN_POINT('',(-78.9911468979801,-29.6328880621803,72.3384537467937));
#8951=CARTESIAN_POINT('Origin',(-78.9911468979801,-32.7026550132054,79.7787383198288));
#8952=CARTESIAN_POINT('',(-78.9911468979801,-28.8712047133066,72.0596298751853));
#8953=CARTESIAN_POINT('Origin',(-78.9911468979801,-29.4040481276688,71.7838076574964));
#8954=CARTESIAN_POINT('',(-78.9911468979801,-28.3778687891536,71.142858109257));
#8955=CARTESIAN_POINT('Origin',(-78.9911468979801,-0.00885310201981682,
87.));
#8956=CARTESIAN_POINT('',(-78.9911468979801,-28.5647789011271,70.3535743292563));
#8957=CARTESIAN_POINT('Origin',(-78.9911468979801,-28.9016044633777,70.850110874351));
#8958=CARTESIAN_POINT('',(-78.9911468979801,-30.054560878085,69.048525290793));
#8959=CARTESIAN_POINT('Origin',(-78.9911468979801,-24.0464417434778,63.6927986243435));
#8960=CARTESIAN_POINT('',(-78.9911468979801,-28.3244479051427,66.427516169763));
#8961=CARTESIAN_POINT('Origin',(-78.9911468979801,-0.00885310201981682,
87.));
#8962=CARTESIAN_POINT('',(-78.9911468979801,-26.5388974610828,67.2844951329704));
#8963=CARTESIAN_POINT('Origin',(-78.9911468979801,-30.887846104078,74.0570832174431));
#8964=CARTESIAN_POINT('',(-78.9911468979801,-25.739668752273,67.146155889282));
#8965=CARTESIAN_POINT('Origin',(-78.9911468979801,-26.2146991950469,66.7796233826226));
#8966=CARTESIAN_POINT('',(-78.9911468979801,-25.090565019617,66.3322055535027));
#8967=CARTESIAN_POINT('Origin',(-78.9911468979801,-0.00885310201981682,
87.));
#8968=CARTESIAN_POINT('',(-78.9911468979801,-25.1335393483241,65.5222317993586));
#8969=CARTESIAN_POINT('Origin',(-78.9911468979801,-25.553612008865,65.9506462714135));
#8970=CARTESIAN_POINT('',(-78.9911468979801,-26.366354412146,63.9721445921098));
#8971=CARTESIAN_POINT('Origin',(-78.9911468979801,-19.4984863008289,59.7752777527992));
#8972=CARTESIAN_POINT('',(-78.9911468979801,-24.1960458165597,61.7021797660409));
#8973=CARTESIAN_POINT('Origin',(-78.9911468979801,-0.00885310201981682,
87.));
#8974=CARTESIAN_POINT('',(-78.9911468979801,-22.5922094052918,62.8642090675449));
#8975=CARTESIAN_POINT('Origin',(-78.9911468979801,-28.0805609525444,68.7514241099161));
#8976=CARTESIAN_POINT('',(-78.9911468979801,-21.7811232048546,62.8708007888946));
#8977=CARTESIAN_POINT('Origin',(-78.9911468979801,-22.183072806753,62.4253386496126));
#8978=CARTESIAN_POINT('',(-78.9911468979801,-20.9971143917475,62.1858329167767));
#8979=CARTESIAN_POINT('Origin',(-78.9911468979801,-0.00885310201981682,
87.));
#8980=CARTESIAN_POINT('',(-78.9911468979801,-20.8947717069042,61.381202411396));
#8981=CARTESIAN_POINT('Origin',(-78.9911468979801,-21.3845899847886,61.7277252167788));
#8982=CARTESIAN_POINT('',(-78.9911468979801,-21.8309961670752,59.6358981136187));
#8983=CARTESIAN_POINT('Origin',(-78.9911468979801,-14.3241180110467,56.7327818548559));
#8984=CARTESIAN_POINT('',(-78.9911468979801,-19.290247452843,57.7899361197541));
#8985=CARTESIAN_POINT('Origin',(-78.9911468979801,-0.00885310201981682,
87.));
#8986=CARTESIAN_POINT('',(-78.9911468979801,-17.9196736962663,59.2196671816835));
#8987=CARTESIAN_POINT('Origin',(-78.9911468979801,-24.3710280132167,64.0322892464747));
#8988=CARTESIAN_POINT('',(-78.9911468979801,-17.1227989820476,59.3709780047233));
#8989=CARTESIAN_POINT('Origin',(-78.9911468979801,-17.4387487521404,58.8609037525028));
#8990=CARTESIAN_POINT('',(-78.9911468979801,-16.2290837768272,58.8370080272703));
#8991=CARTESIAN_POINT('Origin',(-78.9911468979801,-0.00885310201981682,
87.));
#8992=CARTESIAN_POINT('',(-78.9911468979801,-15.9847134565323,58.0635822571481));
#8993=CARTESIAN_POINT('Origin',(-78.9911468979801,-16.5285341892852,58.3170758677737));
#8994=CARTESIAN_POINT('',(-78.9911468979801,-16.5942562885744,56.179156385014));
#8995=CARTESIAN_POINT('Origin',(-78.9911468979801,-8.68964532844913,54.6630992520477));
#8996=CARTESIAN_POINT('',(-78.9911468979801,-13.7647292099066,54.816527960699));
#8997=CARTESIAN_POINT('Origin',(-78.9911468979801,-0.00885310201981682,
87.));
#8998=CARTESIAN_POINT('',(-78.9911468979801,-12.6714694762693,56.4680080503367));
#8999=CARTESIAN_POINT('Origin',(-78.9911468979801,-19.8784747269789,60.051355504547));
#9000=CARTESIAN_POINT('',(-78.9911468979801,-11.9144184572549,56.7591747207152));
#9001=CARTESIAN_POINT('Origin',(-78.9911468979801,-12.1342135099669,56.200882561713));
#9002=CARTESIAN_POINT('',(-78.9911468979801,-10.9397216019684,56.3933648723543));
#9003=CARTESIAN_POINT('Origin',(-78.9911468979801,-0.00885310201981682,
87.));
#9004=CARTESIAN_POINT('',(-78.9911468979801,-10.5611779093846,55.6760023781193));
#9005=CARTESIAN_POINT('Origin',(-78.9911468979801,-11.1415222511982,55.828319300767));
#9006=CARTESIAN_POINT('',(-78.9911468979801,-10.8244479051426,53.7130219296695));
#9007=CARTESIAN_POINT('Origin',(-78.9911468979801,-2.77616484111453,53.6327512461692));
#9008=CARTESIAN_POINT('',(-78.9911468979801,-7.79708579049029,52.877523073636));
#9009=CARTESIAN_POINT('Origin',(-78.9911468979801,-0.00885310201981682,
87.));
#9010=CARTESIAN_POINT('',(-78.9911468979801,-7.01627834716856,54.6976722620587));
#9011=CARTESIAN_POINT('Origin',(-78.9911468979801,-14.7472954529358,56.9365733701216));
#9012=CARTESIAN_POINT('',(-78.9911468979801,-6.32338326601312,55.1193364434173));
#9013=CARTESIAN_POINT('Origin',(-78.9911468979801,-6.43995920750223,54.5307703469881));
#9014=CARTESIAN_POINT('',(-78.9911468979801,-5.29903231957267,54.9334441536642));
#9015=CARTESIAN_POINT('Origin',(-78.9911468979801,-0.00885310201981682,
87.));
#9016=CARTESIAN_POINT('',(-78.9911468979801,-4.79848196044644,54.2952015561287));
#9017=CARTESIAN_POINT('Origin',(-78.9911468979801,-5.39669716666594,54.341446199578));
#9018=CARTESIAN_POINT('',(-78.9911468979801,-4.70701740563735,52.3167583381222));
#9019=CARTESIAN_POINT('Origin',(-78.9911468979801,3.22625932246629,53.6748540699026));
#9020=CARTESIAN_POINT('',(-78.9911468979801,-1.57912216428777,52.035242671054));
#9021=CARTESIAN_POINT('Origin',(-78.9911468979801,-0.00885310201981682,
87.));
#9022=CARTESIAN_POINT('',(-78.9911468979801,-1.13586280496047,53.965559865722));
#9023=CARTESIAN_POINT('Origin',(-78.9911468979801,-9.14241051490393,54.7880545038505));
#9024=CARTESIAN_POINT('',(-78.9911468979801,-0.529393879688378,54.5041689243253));
#9025=CARTESIAN_POINT('Origin',(-78.9911468979801,-0.539003863276104,53.904245889082));
#9026=CARTESIAN_POINT('',(-78.9911468979801,0.511687675648727,54.5041689243253));
#9027=CARTESIAN_POINT('Origin',(-78.9911468979801,-0.00885310201981682,
87.));
#9028=CARTESIAN_POINT('',(-78.9911468979801,1.11815660092082,53.965559865722));
#9029=CARTESIAN_POINT('Origin',(-78.9911468979801,0.521297659236453,53.904245889082));
#9030=CARTESIAN_POINT('',(-78.9911468979801,1.56141596024812,52.035242671054));
#9031=CARTESIAN_POINT('Origin',(-78.9911468979801,9.12470431086428,54.7880545038505));
#9032=CARTESIAN_POINT('',(-78.9911468979801,4.68931120159819,52.3167583381223));
#9033=CARTESIAN_POINT('Origin',(-78.9911468979801,-0.00885310201981682,
87.));
#9034=CARTESIAN_POINT('',(-78.9911468979801,4.78077575640725,54.2952015561288));
#9035=CARTESIAN_POINT('Origin',(-78.9911468979801,-3.24396552650546,53.6748540699025));
#9036=CARTESIAN_POINT('',(-78.9911468979801,5.28132611553346,54.9334441536642));
#9037=CARTESIAN_POINT('Origin',(-78.9911468979801,5.37899096262676,54.341446199578));
#9038=CARTESIAN_POINT('',(-78.9911468979801,6.30567706197393,55.1193364434174));
#9039=CARTESIAN_POINT('Origin',(-78.9911468979801,-0.00885310201981682,
87.));
#9040=CARTESIAN_POINT('',(-78.9911468979801,6.99857214312937,54.6976722620588));
#9041=CARTESIAN_POINT('Origin',(-78.9911468979801,6.42225300346304,54.5307703469881));
#9042=CARTESIAN_POINT('',(-78.9911468979801,7.77937958645111,52.8775230736361));
#9043=CARTESIAN_POINT('Origin',(-78.9911468979801,14.7295892488966,56.9365733701218));
#9044=CARTESIAN_POINT('',(-78.9911468979801,10.8067417011034,53.7130219296696));
#9045=CARTESIAN_POINT('Origin',(-78.9911468979801,-0.00885310201981682,
87.));
#9046=CARTESIAN_POINT('',(-78.9911468979801,10.5434717053454,55.6760023781194));
#9047=CARTESIAN_POINT('Origin',(-78.9911468979801,2.75845863707534,53.6327512461692));
#9048=CARTESIAN_POINT('',(-78.9911468979801,10.9220153979292,56.3933648723545));
#9049=CARTESIAN_POINT('Origin',(-78.9911468979801,11.123816047159,55.8283193007672));
#9050=CARTESIAN_POINT('',(-78.9911468979801,11.8967122532156,56.7591747207154));
#9051=CARTESIAN_POINT('Origin',(-78.9911468979801,-0.00885310201981682,
87.));
#9052=CARTESIAN_POINT('',(-78.9911468979801,12.6537632722301,56.4680080503369));
#9053=CARTESIAN_POINT('Origin',(-78.9911468979801,12.1165073059277,56.2008825617132));
#9054=CARTESIAN_POINT('',(-78.9911468979801,13.7470230058675,54.8165279606992));
#9055=CARTESIAN_POINT('Origin',(-78.9911468979801,19.8607685229397,60.0513555045472));
#9056=CARTESIAN_POINT('',(-78.9911468979801,16.5765500845352,56.1791563850142));
#9057=CARTESIAN_POINT('Origin',(-78.9911468979801,-0.00885310201981682,
87.));
#9058=CARTESIAN_POINT('',(-78.9911468979801,15.967007252493,58.0635822571483));
#9059=CARTESIAN_POINT('Origin',(-78.9911468979801,8.67193912440994,54.6630992520478));
#9060=CARTESIAN_POINT('',(-78.9911468979801,16.211377572788,58.8370080272705));
#9061=CARTESIAN_POINT('Origin',(-78.9911468979801,16.510827985246,58.3170758677739));
#9062=CARTESIAN_POINT('',(-78.9911468979801,17.1050927780083,59.3709780047235));
#9063=CARTESIAN_POINT('Origin',(-78.9911468979801,-0.00885310201981682,
87.));
#9064=CARTESIAN_POINT('',(-78.9911468979801,17.901967492227,59.2196671816837));
#9065=CARTESIAN_POINT('Origin',(-78.9911468979801,17.4210425481011,58.860903752503));
#9066=CARTESIAN_POINT('',(-78.9911468979801,19.2725412488037,57.7899361197543));
#9067=CARTESIAN_POINT('Origin',(-78.9911468979801,24.3533218091774,64.0322892464751));
#9068=CARTESIAN_POINT('',(-78.9911468979801,21.8132899630359,59.635898113619));
#9069=CARTESIAN_POINT('Origin',(-78.9911468979801,-0.00885310201981682,
87.));
#9070=CARTESIAN_POINT('',(-78.9911468979801,20.8770655028649,61.3812024113963));
#9071=CARTESIAN_POINT('Origin',(-78.9911468979801,14.3064118070075,56.7327818548561));
#9072=CARTESIAN_POINT('',(-78.9911468979801,20.9794081877082,62.185832916777));
#9073=CARTESIAN_POINT('Origin',(-78.9911468979801,21.3668837807493,61.7277252167791));
#9074=CARTESIAN_POINT('',(-78.9911468979801,21.7634170008152,62.8708007888949));
#9075=CARTESIAN_POINT('Origin',(-78.9911468979801,-0.00885310201981682,
87.));
#9076=CARTESIAN_POINT('',(-78.9911468979801,22.5745032012525,62.8642090675453));
#9077=CARTESIAN_POINT('Origin',(-78.9911468979801,22.1653666027137,62.4253386496129));
#9078=CARTESIAN_POINT('',(-78.9911468979801,24.1783396125204,61.7021797660412));
#9079=CARTESIAN_POINT('Origin',(-78.9911468979801,28.062854748505,68.7514241099165));
#9080=CARTESIAN_POINT('',(-78.9911468979801,26.3486482081067,63.9721445921101));
#9081=CARTESIAN_POINT('Origin',(-78.9911468979801,-0.00885310201981682,
87.));
#9082=CARTESIAN_POINT('',(-78.9911468979801,25.1158331442848,65.5222317993589));
#9083=CARTESIAN_POINT('Origin',(-78.9911468979801,19.4807800967896,59.7752777527994));
#9084=CARTESIAN_POINT('',(-78.9911468979801,25.0728588155777,66.332205553503));
#9085=CARTESIAN_POINT('Origin',(-78.9911468979801,25.5359058048256,65.9506462714139));
#9086=CARTESIAN_POINT('',(-78.9911468979801,25.7219625482336,67.1461558892824));
#9087=CARTESIAN_POINT('Origin',(-78.9911468979801,-0.00885310201981682,
87.));
#9088=CARTESIAN_POINT('',(-78.9911468979801,26.5211912570435,67.2844951329708));
#9089=CARTESIAN_POINT('Origin',(-78.9911468979801,26.1969929910075,66.779623382623));
#9090=CARTESIAN_POINT('',(-78.9911468979801,28.3067417011033,66.4275161697634));
#9091=CARTESIAN_POINT('Origin',(-78.9911468979801,30.8701399000386,74.0570832174435));
#9092=CARTESIAN_POINT('',(-78.9911468979801,30.0368546740455,69.0485252907934));
#9093=CARTESIAN_POINT('Origin',(-78.9911468979801,-0.00885310201981682,
87.));
#9094=CARTESIAN_POINT('',(-78.9911468979801,28.5470726970877,70.3535743292567));
#9095=CARTESIAN_POINT('Origin',(-78.9911468979801,24.0287355394385,63.6927986243438));
#9096=CARTESIAN_POINT('',(-78.9911468979801,28.3601625851142,71.1428581092574));
#9097=CARTESIAN_POINT('Origin',(-78.9911468979801,28.8838982593382,70.8501108743514));
#9098=CARTESIAN_POINT('',(-78.9911468979801,28.8534985092671,72.0596298751857));
#9099=CARTESIAN_POINT('Origin',(-78.9911468979801,-0.00885310201981682,
87.));
#9100=CARTESIAN_POINT('',(-78.9911468979801,29.6151818581408,72.3384537467941));
#9101=CARTESIAN_POINT('Origin',(-78.9911468979801,29.3863419236293,71.7838076574968));
#9102=CARTESIAN_POINT('',(-78.9911468979801,31.5250572745648,71.8140691308854));
#9103=CARTESIAN_POINT('Origin',(-78.9911468979801,32.6849488091659,79.7787383198293));
#9104=CARTESIAN_POINT('',(-78.9911468979801,32.759367370371,74.7018811571531));
#9105=CARTESIAN_POINT('Origin',(-78.9911468979801,-0.00885310201981682,
87.));
#9106=CARTESIAN_POINT('',(-78.9911468979801,31.0605012988133,75.7199466769368));
#9107=CARTESIAN_POINT('Origin',(-78.9911468979801,27.804103104957,68.359432125331));
#9108=CARTESIAN_POINT('',(-78.9911468979801,30.7356628483624,76.46317225268));
#9109=CARTESIAN_POINT('Origin',(-78.9911468979801,31.3032539120618,76.2686462019603));
#9110=CARTESIAN_POINT('',(-78.9911468979801,31.0573747414919,77.453299649878));
#9111=CARTESIAN_POINT('Origin',(-78.9911468979801,-0.00885310201981682,
87.));
#9112=CARTESIAN_POINT('',(-78.9911468979801,31.7570316008815,77.8636465207559));
#9113=CARTESIAN_POINT('Origin',(-78.9911468979801,31.6309051016798,77.2770528741835));
#9114=CARTESIAN_POINT('',(-78.9911468979801,33.729847022335,77.6887104051663));
#9115=CARTESIAN_POINT('Origin',(-78.9911468979801,33.4489520243179,85.7324907142896));
#9116=CARTESIAN_POINT('',(-78.9911468979801,34.4286824989322,80.7505086820479));
#9117=CARTESIAN_POINT('Origin',(-78.9911468979801,-0.00885310201981682,
87.));
#9118=CARTESIAN_POINT('',(-78.9911468979801,32.5753352861461,81.4488692196789));
#9119=CARTESIAN_POINT('Origin',(-78.9911468979801,30.6855393734067,73.6251888153203));
#9120=CARTESIAN_POINT('',(-78.9911468979801,32.1230090722934,82.1221487096322));
#9121=CARTESIAN_POINT('Origin',(-78.9911468979801,32.7162126816653,82.0320960704255));
#9122=CARTESIAN_POINT('',(-78.9911468979801,32.2627568494488,83.1538082288745));
#9123=CARTESIAN_POINT('Origin',(-78.9911468979801,-0.00885310201981682,
87.));
#9124=CARTESIAN_POINT('',(-78.9911468979801,32.8778996722139,83.6824892129573));
#9125=CARTESIAN_POINT('Origin',(-78.9911468979801,32.8585404177836,83.0828016115615));
#9126=CARTESIAN_POINT('',(-78.9911468979801,34.8502471878135,83.8626241883798));
#9127=CARTESIAN_POINT('Origin',(-78.9911468979801,33.1375938535356,91.7269819001029));
#9128=CARTESIAN_POINT('Origin',(-78.9911468979801,-0.00885310201981682,
87.));
#9129=CARTESIAN_POINT('Origin',(-78.9911468979801,-0.00885310201981682,
87.));
#9130=CARTESIAN_POINT('',(-71.9911468979802,-12.5088531020198,87.));
#9131=CARTESIAN_POINT('Origin',(-71.9911468979802,-0.00885310201981682,
87.));
#9132=CARTESIAN_POINT('',(-78.9911468979801,-12.5088531020198,87.));
#9133=CARTESIAN_POINT('Origin',(-100.49114689798,-0.00885310201983458,87.));
#9134=CARTESIAN_POINT('',(-98.9911468979801,15.4911468979802,87.));
#9135=CARTESIAN_POINT('Origin',(-98.9911468979801,-0.00885310201983458,
87.));
#9136=CARTESIAN_POINT('',(-101.99114689798,12.4911468979802,87.));
#9137=CARTESIAN_POINT('',(-100.49114689798,13.9911468979802,87.));
#9138=CARTESIAN_POINT('Origin',(-101.99114689798,-0.00885310201983458,87.));
#9139=CARTESIAN_POINT('Origin',(-98.9911468979801,-0.00885310201983458,
87.));
#9140=CARTESIAN_POINT('',(-98.9911468979801,32.9417604500721,89.6079594315112));
#9141=CARTESIAN_POINT('',(-98.9911468979801,34.8502471878136,90.1373758116202));
#9142=CARTESIAN_POINT('Origin',(-98.9911468979801,31.7608816046144,97.5695439982731));
#9143=CARTESIAN_POINT('',(-98.9911468979801,32.4309028603964,88.9779365760521));
#9144=CARTESIAN_POINT('Origin',(-98.9911468979801,33.0297906627794,89.0144523282254));
#9145=CARTESIAN_POINT('',(-98.9911468979801,32.4776108077576,87.9379033205663));
#9146=CARTESIAN_POINT('Origin',(-98.9911468979801,-0.00885310201983458,
87.));
#9147=CARTESIAN_POINT('',(-98.9911468979801,33.0428866483238,87.3562096731862));
#9148=CARTESIAN_POINT('Origin',(-98.9911468979801,33.0773609107073,87.9552184587921));
#9149=CARTESIAN_POINT('',(-98.9911468979801,34.9911468979802,87.0000000000001));
#9150=CARTESIAN_POINT('Origin',(-98.9911468979801,32.5804326122659,79.3208229416166));
#9151=CARTESIAN_POINT('',(-98.9911468979801,34.8502471878136,83.8626241883798));
#9152=CARTESIAN_POINT('Origin',(-98.9911468979801,-0.00885310201983458,
87.));
#9153=CARTESIAN_POINT('',(-98.9911468979801,32.8778996722139,83.6824892129573));
#9154=CARTESIAN_POINT('Origin',(-98.9911468979801,33.1375938535356,91.7269819001029));
#9155=CARTESIAN_POINT('',(-98.9911468979801,32.2627568494488,83.1538082288745));
#9156=CARTESIAN_POINT('Origin',(-98.9911468979801,32.8585404177836,83.0828016115615));
#9157=CARTESIAN_POINT('',(-98.9911468979801,32.1230090722934,82.1221487096322));
#9158=CARTESIAN_POINT('Origin',(-98.9911468979801,-0.00885310201983458,
87.));
#9159=CARTESIAN_POINT('',(-98.9911468979801,32.5753352861461,81.4488692196789));
#9160=CARTESIAN_POINT('Origin',(-98.9911468979801,32.7162126816653,82.0320960704254));
#9161=CARTESIAN_POINT('',(-98.9911468979801,34.4286824989323,80.7505086820478));
#9162=CARTESIAN_POINT('Origin',(-98.9911468979801,30.6855393734067,73.6251888153203));
#9163=CARTESIAN_POINT('',(-98.9911468979801,33.7298470223351,77.6887104051663));
#9164=CARTESIAN_POINT('Origin',(-98.9911468979801,-0.00885310201983458,
87.));
#9165=CARTESIAN_POINT('',(-98.9911468979801,31.7570316008815,77.8636465207559));
#9166=CARTESIAN_POINT('Origin',(-98.9911468979801,33.4489520243179,85.7324907142896));
#9167=CARTESIAN_POINT('',(-98.9911468979801,31.0573747414919,77.453299649878));
#9168=CARTESIAN_POINT('Origin',(-98.9911468979801,31.6309051016798,77.2770528741835));
#9169=CARTESIAN_POINT('',(-98.9911468979801,30.7356628483624,76.46317225268));
#9170=CARTESIAN_POINT('Origin',(-98.9911468979801,-0.00885310201983458,
87.));
#9171=CARTESIAN_POINT('',(-98.9911468979801,31.0605012988133,75.7199466769368));
#9172=CARTESIAN_POINT('Origin',(-98.9911468979801,31.3032539120618,76.2686462019603));
#9173=CARTESIAN_POINT('',(-98.9911468979801,32.7593673703711,74.7018811571531));
#9174=CARTESIAN_POINT('Origin',(-98.9911468979801,27.804103104957,68.359432125331));
#9175=CARTESIAN_POINT('',(-98.9911468979801,31.5250572745649,71.8140691308854));
#9176=CARTESIAN_POINT('Origin',(-98.9911468979801,-0.00885310201983458,
87.));
#9177=CARTESIAN_POINT('',(-98.9911468979801,29.6151818581408,72.3384537467941));
#9178=CARTESIAN_POINT('Origin',(-98.9911468979801,32.6849488091659,79.7787383198293));
#9179=CARTESIAN_POINT('',(-98.9911468979801,28.8534985092671,72.0596298751857));
#9180=CARTESIAN_POINT('Origin',(-98.9911468979801,29.3863419236293,71.7838076574968));
#9181=CARTESIAN_POINT('',(-98.9911468979801,28.3601625851142,71.1428581092574));
#9182=CARTESIAN_POINT('Origin',(-98.9911468979801,-0.00885310201983458,
87.));
#9183=CARTESIAN_POINT('',(-98.9911468979801,28.5470726970877,70.3535743292567));
#9184=CARTESIAN_POINT('Origin',(-98.9911468979801,28.8838982593382,70.8501108743514));
#9185=CARTESIAN_POINT('',(-98.9911468979801,30.0368546740456,69.0485252907933));
#9186=CARTESIAN_POINT('Origin',(-98.9911468979801,24.0287355394385,63.6927986243438));
#9187=CARTESIAN_POINT('',(-98.9911468979801,28.3067417011034,66.4275161697634));
#9188=CARTESIAN_POINT('Origin',(-98.9911468979801,-0.00885310201983458,
87.));
#9189=CARTESIAN_POINT('',(-98.9911468979801,26.5211912570434,67.2844951329708));
#9190=CARTESIAN_POINT('Origin',(-98.9911468979801,30.8701399000386,74.0570832174435));
#9191=CARTESIAN_POINT('',(-98.9911468979801,25.7219625482336,67.1461558892824));
#9192=CARTESIAN_POINT('Origin',(-98.9911468979801,26.1969929910075,66.779623382623));
#9193=CARTESIAN_POINT('',(-98.9911468979801,25.0728588155777,66.332205553503));
#9194=CARTESIAN_POINT('Origin',(-98.9911468979801,-0.00885310201983458,
87.));
#9195=CARTESIAN_POINT('',(-98.9911468979801,25.1158331442848,65.5222317993589));
#9196=CARTESIAN_POINT('Origin',(-98.9911468979801,25.5359058048256,65.9506462714139));
#9197=CARTESIAN_POINT('',(-98.9911468979801,26.3486482081067,63.9721445921101));
#9198=CARTESIAN_POINT('Origin',(-98.9911468979801,19.4807800967896,59.7752777527994));
#9199=CARTESIAN_POINT('',(-98.9911468979801,24.1783396125205,61.7021797660412));
#9200=CARTESIAN_POINT('Origin',(-98.9911468979801,-0.00885310201983458,
87.));
#9201=CARTESIAN_POINT('',(-98.9911468979801,22.5745032012525,62.8642090675452));
#9202=CARTESIAN_POINT('Origin',(-98.9911468979801,28.062854748505,68.7514241099165));
#9203=CARTESIAN_POINT('',(-98.9911468979801,21.7634170008152,62.8708007888949));
#9204=CARTESIAN_POINT('Origin',(-98.9911468979801,22.1653666027137,62.4253386496129));
#9205=CARTESIAN_POINT('',(-98.9911468979801,20.9794081877082,62.185832916777));
#9206=CARTESIAN_POINT('Origin',(-98.9911468979801,-0.00885310201983458,
87.));
#9207=CARTESIAN_POINT('',(-98.9911468979801,20.8770655028649,61.3812024113963));
#9208=CARTESIAN_POINT('Origin',(-98.9911468979801,21.3668837807493,61.7277252167791));
#9209=CARTESIAN_POINT('',(-98.9911468979801,21.813289963036,59.6358981136189));
#9210=CARTESIAN_POINT('Origin',(-98.9911468979801,14.3064118070075,56.7327818548561));
#9211=CARTESIAN_POINT('',(-98.9911468979801,19.2725412488038,57.7899361197543));
#9212=CARTESIAN_POINT('Origin',(-98.9911468979801,-0.00885310201983458,
87.));
#9213=CARTESIAN_POINT('',(-98.9911468979801,17.901967492227,59.2196671816837));
#9214=CARTESIAN_POINT('Origin',(-98.9911468979801,24.3533218091774,64.032289246475));
#9215=CARTESIAN_POINT('',(-98.9911468979801,17.1050927780083,59.3709780047235));
#9216=CARTESIAN_POINT('Origin',(-98.9911468979801,17.4210425481011,58.860903752503));
#9217=CARTESIAN_POINT('',(-98.9911468979801,16.211377572788,58.8370080272705));
#9218=CARTESIAN_POINT('Origin',(-98.9911468979801,-0.00885310201983458,
87.));
#9219=CARTESIAN_POINT('',(-98.9911468979801,15.967007252493,58.0635822571483));
#9220=CARTESIAN_POINT('Origin',(-98.9911468979801,16.510827985246,58.3170758677739));
#9221=CARTESIAN_POINT('',(-98.9911468979801,16.5765500845352,56.1791563850141));
#9222=CARTESIAN_POINT('Origin',(-98.9911468979801,8.67193912440994,54.6630992520478));
#9223=CARTESIAN_POINT('',(-98.9911468979801,13.7470230058675,54.8165279606991));
#9224=CARTESIAN_POINT('Origin',(-98.9911468979801,-0.00885310201983458,
87.));
#9225=CARTESIAN_POINT('',(-98.9911468979801,12.6537632722301,56.4680080503369));
#9226=CARTESIAN_POINT('Origin',(-98.9911468979801,19.8607685229397,60.0513555045472));
#9227=CARTESIAN_POINT('',(-98.9911468979801,11.8967122532156,56.7591747207154));
#9228=CARTESIAN_POINT('Origin',(-98.9911468979801,12.1165073059277,56.2008825617132));
#9229=CARTESIAN_POINT('',(-98.9911468979801,10.9220153979292,56.3933648723545));
#9230=CARTESIAN_POINT('Origin',(-98.9911468979801,-0.00885310201983458,
87.));
#9231=CARTESIAN_POINT('',(-98.9911468979801,10.5434717053454,55.6760023781194));
#9232=CARTESIAN_POINT('Origin',(-98.9911468979801,11.123816047159,55.8283193007672));
#9233=CARTESIAN_POINT('',(-98.9911468979801,10.8067417011034,53.7130219296696));
#9234=CARTESIAN_POINT('Origin',(-98.9911468979801,2.75845863707534,53.6327512461692));
#9235=CARTESIAN_POINT('',(-98.9911468979801,7.77937958645113,52.8775230736361));
#9236=CARTESIAN_POINT('Origin',(-98.9911468979801,-0.00885310201983458,
87.));
#9237=CARTESIAN_POINT('',(-98.9911468979801,6.99857214312937,54.6976722620588));
#9238=CARTESIAN_POINT('Origin',(-98.9911468979801,14.7295892488966,56.9365733701218));
#9239=CARTESIAN_POINT('',(-98.9911468979801,6.30567706197393,55.1193364434174));
#9240=CARTESIAN_POINT('Origin',(-98.9911468979801,6.42225300346304,54.5307703469881));
#9241=CARTESIAN_POINT('',(-98.9911468979801,5.28132611553346,54.9334441536642));
#9242=CARTESIAN_POINT('Origin',(-98.9911468979801,-0.00885310201983458,
87.));
#9243=CARTESIAN_POINT('',(-98.9911468979801,4.78077575640725,54.2952015561288));
#9244=CARTESIAN_POINT('Origin',(-98.9911468979801,5.37899096262676,54.341446199578));
#9245=CARTESIAN_POINT('',(-98.9911468979801,4.68931120159819,52.3167583381222));
#9246=CARTESIAN_POINT('Origin',(-98.9911468979801,-3.24396552650546,53.6748540699025));
#9247=CARTESIAN_POINT('',(-98.9911468979801,1.56141596024813,52.0352426710539));
#9248=CARTESIAN_POINT('Origin',(-98.9911468979801,-0.00885310201983458,
87.));
#9249=CARTESIAN_POINT('',(-98.9911468979801,1.11815660092082,53.965559865722));
#9250=CARTESIAN_POINT('Origin',(-98.9911468979801,9.12470431086426,54.7880545038505));
#9251=CARTESIAN_POINT('',(-98.9911468979801,0.511687675648727,54.5041689243253));
#9252=CARTESIAN_POINT('Origin',(-98.9911468979801,0.521297659236453,53.904245889082));
#9253=CARTESIAN_POINT('',(-98.9911468979801,-0.529393879688396,54.5041689243253));
#9254=CARTESIAN_POINT('Origin',(-98.9911468979801,-0.00885310201983458,
87.));
#9255=CARTESIAN_POINT('',(-98.9911468979801,-1.13586280496047,53.965559865722));
#9256=CARTESIAN_POINT('Origin',(-98.9911468979801,-0.539003863276122,53.904245889082));
#9257=CARTESIAN_POINT('',(-98.9911468979801,-1.5791221642878,52.0352426710539));
#9258=CARTESIAN_POINT('Origin',(-98.9911468979801,-9.14241051490393,54.7880545038505));
#9259=CARTESIAN_POINT('',(-98.9911468979801,-4.70701740563735,52.3167583381221));
#9260=CARTESIAN_POINT('Origin',(-98.9911468979801,-0.00885310201983458,
87.));
#9261=CARTESIAN_POINT('',(-98.9911468979801,-4.79848196044644,54.2952015561287));
#9262=CARTESIAN_POINT('Origin',(-98.9911468979801,3.22625932246629,53.6748540699026));
#9263=CARTESIAN_POINT('',(-98.9911468979801,-5.29903231957267,54.9334441536642));
#9264=CARTESIAN_POINT('Origin',(-98.9911468979801,-5.39669716666594,54.341446199578));
#9265=CARTESIAN_POINT('',(-98.9911468979801,-6.32338326601314,55.1193364434173));
#9266=CARTESIAN_POINT('Origin',(-98.9911468979801,-0.00885310201983458,
87.));
#9267=CARTESIAN_POINT('',(-98.9911468979801,-7.01627834716856,54.6976722620587));
#9268=CARTESIAN_POINT('Origin',(-98.9911468979801,-6.43995920750225,54.5307703469881));
#9269=CARTESIAN_POINT('',(-98.9911468979801,-7.7970857904903,52.877523073636));
#9270=CARTESIAN_POINT('Origin',(-98.9911468979801,-14.7472954529358,56.9365733701216));
#9271=CARTESIAN_POINT('',(-98.9911468979801,-10.8244479051426,53.7130219296694));
#9272=CARTESIAN_POINT('Origin',(-98.9911468979801,-0.00885310201983458,
87.));
#9273=CARTESIAN_POINT('',(-98.9911468979801,-10.5611779093846,55.6760023781192));
#9274=CARTESIAN_POINT('Origin',(-98.9911468979801,-2.77616484111453,53.6327512461692));
#9275=CARTESIAN_POINT('',(-98.9911468979801,-10.9397216019684,56.3933648723543));
#9276=CARTESIAN_POINT('Origin',(-98.9911468979801,-11.1415222511983,55.828319300767));
#9277=CARTESIAN_POINT('',(-98.9911468979801,-11.9144184572549,56.7591747207152));
#9278=CARTESIAN_POINT('Origin',(-98.9911468979801,-0.00885310201983458,
87.));
#9279=CARTESIAN_POINT('',(-98.9911468979801,-12.6714694762694,56.4680080503367));
#9280=CARTESIAN_POINT('Origin',(-98.9911468979801,-12.1342135099669,56.200882561713));
#9281=CARTESIAN_POINT('',(-98.9911468979801,-13.7647292099067,54.8165279606989));
#9282=CARTESIAN_POINT('Origin',(-98.9911468979801,-19.8784747269789,60.051355504547));
#9283=CARTESIAN_POINT('',(-98.9911468979801,-16.5942562885744,56.1791563850139));
#9284=CARTESIAN_POINT('Origin',(-98.9911468979801,-0.00885310201983458,
87.));
#9285=CARTESIAN_POINT('',(-98.9911468979801,-15.9847134565323,58.0635822571481));
#9286=CARTESIAN_POINT('Origin',(-98.9911468979801,-8.68964532844915,54.6630992520477));
#9287=CARTESIAN_POINT('',(-98.9911468979801,-16.2290837768272,58.8370080272703));
#9288=CARTESIAN_POINT('Origin',(-98.9911468979801,-16.5285341892852,58.3170758677737));
#9289=CARTESIAN_POINT('',(-98.9911468979801,-17.1227989820476,59.3709780047233));
#9290=CARTESIAN_POINT('Origin',(-98.9911468979801,-0.00885310201983458,
87.));
#9291=CARTESIAN_POINT('',(-98.9911468979801,-17.9196736962663,59.2196671816835));
#9292=CARTESIAN_POINT('Origin',(-98.9911468979801,-17.4387487521404,58.8609037525028));
#9293=CARTESIAN_POINT('',(-98.9911468979801,-19.290247452843,57.789936119754));
#9294=CARTESIAN_POINT('Origin',(-98.9911468979801,-24.3710280132168,64.0322892464747));
#9295=CARTESIAN_POINT('',(-98.9911468979801,-21.8309961670752,59.6358981136186));
#9296=CARTESIAN_POINT('Origin',(-98.9911468979801,-0.00885310201983458,
87.));
#9297=CARTESIAN_POINT('',(-98.9911468979801,-20.8947717069042,61.381202411396));
#9298=CARTESIAN_POINT('Origin',(-98.9911468979801,-14.3241180110467,56.7327818548559));
#9299=CARTESIAN_POINT('',(-98.9911468979801,-20.9971143917475,62.1858329167767));
#9300=CARTESIAN_POINT('Origin',(-98.9911468979801,-21.3845899847886,61.7277252167788));
#9301=CARTESIAN_POINT('',(-98.9911468979801,-21.7811232048546,62.8708007888945));
#9302=CARTESIAN_POINT('Origin',(-98.9911468979801,-0.00885310201983458,
87.));
#9303=CARTESIAN_POINT('',(-98.9911468979801,-22.5922094052919,62.8642090675449));
#9304=CARTESIAN_POINT('Origin',(-98.9911468979801,-22.183072806753,62.4253386496126));
#9305=CARTESIAN_POINT('',(-98.9911468979801,-24.1960458165597,61.7021797660409));
#9306=CARTESIAN_POINT('Origin',(-98.9911468979801,-28.0805609525444,68.7514241099161));
#9307=CARTESIAN_POINT('',(-98.9911468979801,-26.366354412146,63.9721445921097));
#9308=CARTESIAN_POINT('Origin',(-98.9911468979801,-0.00885310201983458,
87.));
#9309=CARTESIAN_POINT('',(-98.9911468979801,-25.1335393483241,65.5222317993586));
#9310=CARTESIAN_POINT('Origin',(-98.9911468979801,-19.4984863008289,59.7752777527992));
#9311=CARTESIAN_POINT('',(-98.9911468979801,-25.090565019617,66.3322055535027));
#9312=CARTESIAN_POINT('Origin',(-98.9911468979801,-25.553612008865,65.9506462714135));
#9313=CARTESIAN_POINT('',(-98.9911468979801,-25.739668752273,67.146155889282));
#9314=CARTESIAN_POINT('Origin',(-98.9911468979801,-0.00885310201983458,
87.));
#9315=CARTESIAN_POINT('',(-98.9911468979801,-26.5388974610828,67.2844951329704));
#9316=CARTESIAN_POINT('Origin',(-98.9911468979801,-26.2146991950469,66.7796233826226));
#9317=CARTESIAN_POINT('',(-98.9911468979801,-28.3244479051428,66.427516169763));
#9318=CARTESIAN_POINT('Origin',(-98.9911468979801,-30.887846104078,74.0570832174431));
#9319=CARTESIAN_POINT('',(-98.9911468979801,-30.054560878085,69.0485252907929));
#9320=CARTESIAN_POINT('Origin',(-98.9911468979801,-0.00885310201983458,
87.));
#9321=CARTESIAN_POINT('',(-98.9911468979801,-28.5647789011271,70.3535743292563));
#9322=CARTESIAN_POINT('Origin',(-98.9911468979801,-24.0464417434778,63.6927986243435));
#9323=CARTESIAN_POINT('',(-98.9911468979801,-28.3778687891537,71.142858109257));
#9324=CARTESIAN_POINT('Origin',(-98.9911468979801,-28.9016044633777,70.850110874351));
#9325=CARTESIAN_POINT('',(-98.9911468979801,-28.8712047133066,72.0596298751853));
#9326=CARTESIAN_POINT('Origin',(-98.9911468979801,-0.00885310201983458,
87.));
#9327=CARTESIAN_POINT('',(-98.9911468979801,-29.6328880621803,72.3384537467937));
#9328=CARTESIAN_POINT('Origin',(-98.9911468979801,-29.4040481276688,71.7838076574964));
#9329=CARTESIAN_POINT('',(-98.9911468979801,-31.5427634786043,71.814069130885));
#9330=CARTESIAN_POINT('Origin',(-98.9911468979801,-32.7026550132054,79.7787383198288));
#9331=CARTESIAN_POINT('',(-98.9911468979801,-32.7770735744106,74.7018811571526));
#9332=CARTESIAN_POINT('Origin',(-98.9911468979801,-0.00885310201983458,
87.));
#9333=CARTESIAN_POINT('',(-98.9911468979801,-31.0782075028527,75.7199466769363));
#9334=CARTESIAN_POINT('Origin',(-98.9911468979801,-27.8218093089964,68.3594321253306));
#9335=CARTESIAN_POINT('',(-98.9911468979801,-30.7533690524019,76.4631722526796));
#9336=CARTESIAN_POINT('Origin',(-98.9911468979801,-31.3209601161013,76.2686462019598));
#9337=CARTESIAN_POINT('',(-98.9911468979801,-31.0750809455314,77.4532996498776));
#9338=CARTESIAN_POINT('Origin',(-98.9911468979801,-0.00885310201983458,
87.));
#9339=CARTESIAN_POINT('',(-98.9911468979801,-31.774737804921,77.8636465207555));
#9340=CARTESIAN_POINT('Origin',(-98.9911468979801,-31.6486113057193,77.2770528741831));
#9341=CARTESIAN_POINT('',(-98.9911468979801,-33.7475532263746,77.6887104051659));
#9342=CARTESIAN_POINT('Origin',(-98.9911468979801,-33.4666582283575,85.7324907142892));
#9343=CARTESIAN_POINT('',(-98.9911468979801,-34.4463887029719,80.7505086820473));
#9344=CARTESIAN_POINT('Origin',(-98.9911468979801,-0.00885310201983458,
87.));
#9345=CARTESIAN_POINT('',(-98.9911468979801,-32.5930414901857,81.4488692196784));
#9346=CARTESIAN_POINT('Origin',(-98.9911468979801,-30.7032455774462,73.6251888153199));
#9347=CARTESIAN_POINT('',(-98.9911468979801,-32.1407152763329,82.1221487096318));
#9348=CARTESIAN_POINT('Origin',(-98.9911468979801,-32.7339188857049,82.032096070425));
#9349=CARTESIAN_POINT('',(-98.9911468979801,-32.2804630534884,83.1538082288741));
#9350=CARTESIAN_POINT('Origin',(-98.9911468979801,-0.00885310201983458,
87.));
#9351=CARTESIAN_POINT('',(-98.9911468979801,-32.8956058762535,83.6824892129568));
#9352=CARTESIAN_POINT('Origin',(-98.9911468979801,-32.8762466218232,83.082801611561));
#9353=CARTESIAN_POINT('',(-98.9911468979801,-34.8679533918532,83.8626241883793));
#9354=CARTESIAN_POINT('Origin',(-98.9911468979801,-33.1553000575753,91.7269819001024));
#9355=CARTESIAN_POINT('',(-98.9911468979801,-35.0088531020199,86.9999999999997));
#9356=CARTESIAN_POINT('Origin',(-98.9911468979801,-0.00885310201983458,
87.));
#9357=CARTESIAN_POINT('',(-98.9911468979801,-33.0605928523634,87.3562096731857));
#9358=CARTESIAN_POINT('Origin',(-98.9911468979801,-32.5981388163055,79.3208229416162));
#9359=CARTESIAN_POINT('',(-98.9911468979801,-32.4953170117973,87.9379033205659));
#9360=CARTESIAN_POINT('Origin',(-98.9911468979801,-33.095067114747,87.9552184587917));
#9361=CARTESIAN_POINT('',(-98.9911468979801,-32.448609064436,88.9779365760517));
#9362=CARTESIAN_POINT('Origin',(-98.9911468979801,-0.00885310201983458,
87.));
#9363=CARTESIAN_POINT('',(-98.9911468979801,-32.9594666541118,89.6079594315107));
#9364=CARTESIAN_POINT('Origin',(-98.9911468979801,-33.0474968668191,89.0144523282249));
#9365=CARTESIAN_POINT('',(-98.9911468979801,-34.8679533918533,90.1373758116197));
#9366=CARTESIAN_POINT('Origin',(-98.9911468979801,-31.7785878086542,97.5695439982726));
#9367=CARTESIAN_POINT('',(-98.9911468979801,-34.446388702972,93.249491317952));
#9368=CARTESIAN_POINT('Origin',(-98.9911468979801,-0.00885310201983458,
87.));
#9369=CARTESIAN_POINT('',(-98.9911468979801,-32.4658341039031,93.2521012547065));
#9370=CARTESIAN_POINT('Origin',(-98.9911468979801,-33.4455855977541,85.2632721370168));
#9371=CARTESIAN_POINT('',(-98.9911468979801,-31.8057770672498,93.7235129470675));
#9372=CARTESIAN_POINT('Origin',(-98.9911468979801,-32.3927972019925,93.8476393399364));
#9373=CARTESIAN_POINT('',(-98.9911468979801,-31.5741146272315,94.7384924142233));
#9374=CARTESIAN_POINT('Origin',(-98.9911468979801,-0.00885310201983458,
87.));
#9375=CARTESIAN_POINT('',(-98.9911468979801,-31.9642676005508,95.4496076880997));
#9376=CARTESIAN_POINT('Origin',(-98.9911468979801,-32.1568579169277,94.8813568895628));
#9377=CARTESIAN_POINT('',(-98.9911468979801,-33.7475532263748,96.3112895948332));
#9378=CARTESIAN_POINT('Origin',(-98.9911468979801,-29.3807701460371,103.072392255689));
#9379=CARTESIAN_POINT('',(-98.9911468979801,-32.7770735744108,99.2981188428467));
#9380=CARTESIAN_POINT('Origin',(-98.9911468979801,-0.00885310201983458,
87.));
#9381=CARTESIAN_POINT('',(-98.9911468979801,-30.8278812803493,98.947045157655));
#9382=CARTESIAN_POINT('Origin',(-98.9911468979801,-33.2183482849546,91.2615411949181));
#9383=CARTESIAN_POINT('',(-98.9911468979801,-30.0942578238636,99.2930233353255));
#9384=CARTESIAN_POINT('Origin',(-98.9911468979801,-30.6496806802669,99.5199714584392));
#9385=CARTESIAN_POINT('',(-98.9911468979801,-29.685086712623,100.250326738949));
#9386=CARTESIAN_POINT('Origin',(-98.9911468979801,-0.00885310201983458,
87.));
#9387=CARTESIAN_POINT('',(-98.9911468979801,-29.9419952320043,101.019678601233));
#9388=CARTESIAN_POINT('Origin',(-98.9911468979801,-30.2329556408187,100.494948155668));
#9389=CARTESIAN_POINT('',(-98.9911468979801,-31.5427634786047,102.185930869114));
#9390=CARTESIAN_POINT('Origin',(-98.9911468979801,-26.0389149023313,108.058660601598));
#9391=CARTESIAN_POINT('',(-98.9911468979801,-30.0545608780853,104.951474709206));
#9392=CARTESIAN_POINT('Origin',(-98.9911468979801,-0.00885310201983458,
87.));
#9393=CARTESIAN_POINT('',(-98.9911468979801,-28.1993795331631,104.258001199175));
#9394=CARTESIAN_POINT('Origin',(-98.9911468979801,-31.9237304721119,97.122840812407));
#9395=CARTESIAN_POINT('',(-98.9911468979801,-27.415768918364,104.467425838853));
#9396=CARTESIAN_POINT('Origin',(-98.9911468979801,-27.9217427488196,104.789901392801));
#9397=CARTESIAN_POINT('',(-98.9911468979801,-26.8422402320833,105.33628465988));
#9398=CARTESIAN_POINT('Origin',(-98.9911468979801,-0.00885310201983458,
87.));
#9399=CARTESIAN_POINT('',(-98.9911468979801,-26.9576470463287,106.139145508692));
#9400=CARTESIAN_POINT('Origin',(-98.9911468979801,-27.3376258406383,105.67480068437));
#9401=CARTESIAN_POINT('',(-98.9911468979801,-28.3244479051433,107.572483830236));
#9402=CARTESIAN_POINT('Origin',(-98.9911468979801,-21.8604320547574,112.368086268649));
#9403=CARTESIAN_POINT('',(-98.9911468979801,-26.3663544121464,110.02785540789));
#9404=CARTESIAN_POINT('Origin',(-98.9911468979801,-0.00885310201983458,
87.));
#9405=CARTESIAN_POINT('',(-98.9911468979801,-24.6648110712376,109.014270882223));
#9406=CARTESIAN_POINT('Origin',(-98.9911468979801,-29.603342240946,102.658783997084));
#9407=CARTESIAN_POINT('',(-98.9911468979801,-23.8563991880415,109.080410903674));
#9408=CARTESIAN_POINT('Origin',(-98.9911468979801,-24.2966615773219,109.488049258818));
#9409=CARTESIAN_POINT('',(-98.9911468979801,-23.1369466105989,109.832899304697));
#9410=CARTESIAN_POINT('Origin',(-98.9911468979801,-0.00885310201983458,
87.));
#9411=CARTESIAN_POINT('',(-98.9911468979801,-23.1071424497415,110.643464531761));
#9412=CARTESIAN_POINT('Origin',(-98.9911468979801,-23.5639267984496,110.254429753399));
#9413=CARTESIAN_POINT('',(-98.9911468979801,-24.1960458165604,112.297820233958));
#9414=CARTESIAN_POINT('Origin',(-98.9911468979801,-16.9796214801035,115.862160770095));
#9415=CARTESIAN_POINT('',(-98.9911468979801,-21.8309961670757,114.364101886381));
#9416=CARTESIAN_POINT('Origin',(-98.9911468979801,-0.00885310201983458,
87.));
#9417=CARTESIAN_POINT('',(-98.9911468979801,-20.3377798331916,113.062983785713));
#9418=CARTESIAN_POINT('Origin',(-98.9911468979801,-26.3317627784281,107.691440980004));
#9419=CARTESIAN_POINT('',(-98.9911468979801,-19.5305497046881,112.983713394228));
#9420=CARTESIAN_POINT('Origin',(-98.9911468979801,-19.8909502573527,113.463412718429));
#9421=CARTESIAN_POINT('',(-98.9911468979801,-18.6882970338901,113.595645778889));
#9422=CARTESIAN_POINT('Origin',(-98.9911468979801,-0.00885310201983458,
87.));
#9423=CARTESIAN_POINT('',(-98.9911468979801,-18.5142398281828,114.387863150871));
#9424=CARTESIAN_POINT('Origin',(-98.9911468979801,-19.0331483064784,114.086642316345));
#9425=CARTESIAN_POINT('',(-98.9911468979801,-19.2902474528437,116.210063880245));
#9426=CARTESIAN_POINT('Origin',(-98.9911468979801,-11.5533564461832,118.428581676524));
#9427=CARTESIAN_POINT('',(-98.9911468979801,-16.594256288575,117.820843614986));
#9428=CARTESIAN_POINT('Origin',(-98.9911468979801,-0.00885310201983458,
87.));
#9429=CARTESIAN_POINT('',(-98.9911468979801,-15.3573601633092,116.274010945637));
#9430=CARTESIAN_POINT('Origin',(-98.9911468979801,-22.2141433403483,112.059058024853));
#9431=CARTESIAN_POINT('',(-98.9911468979801,-14.5772568300194,116.051877956821));
#9432=CARTESIAN_POINT('Origin',(-98.9911468979801,-14.8462119757671,116.5882203191));
#9433=CARTESIAN_POINT('',(-98.9911468979801,-13.6392747597132,116.503586314777));
#9434=CARTESIAN_POINT('Origin',(-98.9911468979801,-0.00885310201983458,
87.));
#9435=CARTESIAN_POINT('',(-98.9911468979801,-13.3265588509622,117.251993313504));
#9436=CARTESIAN_POINT('Origin',(-98.9911468979801,-13.8909133133937,117.04826790828));
#9437=CARTESIAN_POINT('',(-98.9911468979801,-13.7647292099075,119.183472039301));
#9438=CARTESIAN_POINT('Origin',(-98.9911468979801,-5.75604157593245,119.984862108347));
#9439=CARTESIAN_POINT('',(-98.9911468979801,-10.8244479051432,120.28697807033));
#9440=CARTESIAN_POINT('Origin',(-98.9911468979801,-0.00885310201983458,
87.));
#9441=CARTESIAN_POINT('',(-98.9911468979801,-9.88362684768319,118.544147307031));
#9442=CARTESIAN_POINT('Origin',(-98.9911468979801,-17.3828276034349,115.621256326121));
#9443=CARTESIAN_POINT('',(-98.9911468979801,-9.1557234726103,118.186291257917));
#9444=CARTESIAN_POINT('Origin',(-98.9911468979801,-9.32458877175966,118.762038173447));
#9445=CARTESIAN_POINT('',(-98.9911468979801,-8.15215951830986,118.463257310876));
#9446=CARTESIAN_POINT('Origin',(-98.9911468979801,-0.00885310201983458,
87.));
#9447=CARTESIAN_POINT('',(-98.9911468979801,-7.71083585312589,119.143799519618));
#9448=CARTESIAN_POINT('Origin',(-98.9911468979801,-8.30249748291829,119.044117445846));
#9449=CARTESIAN_POINT('',(-98.9911468979801,-7.79708579049116,121.122476926364));
#9450=CARTESIAN_POINT('Origin',(-98.9911468979801,0.22599266067223,120.480981931973));
#9451=CARTESIAN_POINT('',(-98.9911468979801,-4.70701740563795,121.683241661878));
#9452=CARTESIAN_POINT('Origin',(-98.9911468979801,-0.00885310201983458,
87.));
#9453=CARTESIAN_POINT('',(-98.9911468979801,-4.09251017888067,119.800428819366));
#9454=CARTESIAN_POINT('Origin',(-98.9911468979801,-11.9930980306922,118.26354389942));
#9455=CARTESIAN_POINT('',(-98.9911468979801,-3.44020217542042,119.318351497817));
#9456=CARTESIAN_POINT('Origin',(-98.9911468979801,-3.50355015831397,119.914997987008));
#9457=CARTESIAN_POINT('',(-98.9911468979801,-2.40331170835207,119.41167332895));
#9458=CARTESIAN_POINT('Origin',(-98.9911468979801,-0.00885310201983458,
87.));
#9459=CARTESIAN_POINT('',(-98.9911468979801,-1.84756479245648,120.002477561164));
#9460=CARTESIAN_POINT('Origin',(-98.9911468979801,-2.44751709800743,120.010042682715));
#9461=CARTESIAN_POINT('',(-98.9911468979801,-1.57912216428816,121.964757328946));
#9462=CARTESIAN_POINT('Origin',(-98.9911468979801,6.20047876123227,119.900995448061));
#9463=CARTESIAN_POINT('',(-98.9911468979801,1.56141596024803,121.964757328946));
#9464=CARTESIAN_POINT('Origin',(-98.9911468979801,-0.00885310201983458,
87.));
#9465=CARTESIAN_POINT('',(-98.9911468979801,1.82985858841638,120.002477561164));
#9466=CARTESIAN_POINT('Origin',(-98.9911468979801,-6.21818496527236,119.900995448061));
#9467=CARTESIAN_POINT('',(-98.9911468979801,2.38560550431199,119.41167332895));
#9468=CARTESIAN_POINT('Origin',(-98.9911468979801,2.42981089396736,120.010042682715));
#9469=CARTESIAN_POINT('',(-98.9911468979801,3.42249597138034,119.318351497817));
#9470=CARTESIAN_POINT('Origin',(-98.9911468979801,-0.00885310201983458,
87.));
#9471=CARTESIAN_POINT('',(-98.9911468979801,4.07480397484058,119.800428819366));
#9472=CARTESIAN_POINT('Origin',(-98.9911468979801,3.48584395427388,119.914997987008));
#9473=CARTESIAN_POINT('',(-98.9911468979801,4.68931120159784,121.683241661878));
#9474=CARTESIAN_POINT('Origin',(-98.9911468979801,11.9753918266521,118.26354389942));
#9475=CARTESIAN_POINT('',(-98.9911468979801,7.77937958645104,121.122476926364));
#9476=CARTESIAN_POINT('Origin',(-98.9911468979801,-0.00885310201983458,
87.));
#9477=CARTESIAN_POINT('',(-98.9911468979801,7.69312964908579,119.143799519618));
#9478=CARTESIAN_POINT('Origin',(-98.9911468979801,-0.243698864712343,120.480981931973));
#9479=CARTESIAN_POINT('',(-98.9911468979801,8.1344533142698,118.463257310876));
#9480=CARTESIAN_POINT('Origin',(-98.9911468979801,8.28479127887823,119.044117445846));
#9481=CARTESIAN_POINT('',(-98.9911468979801,9.13801726857024,118.186291257917));
#9482=CARTESIAN_POINT('Origin',(-98.9911468979801,-0.00885310201983458,
87.));
#9483=CARTESIAN_POINT('',(-98.9911468979801,9.86592064364311,118.544147307031));
#9484=CARTESIAN_POINT('Origin',(-98.9911468979801,9.3068825677196,118.762038173448));
#9485=CARTESIAN_POINT('',(-98.9911468979801,10.8067417011031,120.28697807033));
#9486=CARTESIAN_POINT('Origin',(-98.9911468979801,17.3651213993948,115.621256326121));
#9487=CARTESIAN_POINT('',(-98.9911468979801,13.7470230058674,119.183472039301));
#9488=CARTESIAN_POINT('Origin',(-98.9911468979801,-0.00885310201983458,
87.));
#9489=CARTESIAN_POINT('',(-98.9911468979801,13.3088526469222,117.251993313504));
#9490=CARTESIAN_POINT('Origin',(-98.9911468979801,5.73833537189236,119.984862108347));
#9491=CARTESIAN_POINT('',(-98.9911468979801,13.6215685556732,116.503586314777));
#9492=CARTESIAN_POINT('Origin',(-98.9911468979801,13.8732071093537,117.04826790828));
#9493=CARTESIAN_POINT('',(-98.9911468979801,14.5595506259794,116.051877956821));
#9494=CARTESIAN_POINT('Origin',(-98.9911468979801,-0.00885310201983458,
87.));
#9495=CARTESIAN_POINT('',(-98.9911468979801,15.3396539592691,116.274010945637));
#9496=CARTESIAN_POINT('Origin',(-98.9911468979801,14.8285057717271,116.588220319101));
#9497=CARTESIAN_POINT('',(-98.9911468979801,16.5765500845349,117.820843614986));
#9498=CARTESIAN_POINT('Origin',(-98.9911468979801,22.1964371363083,112.059058024853));
#9499=CARTESIAN_POINT('',(-98.9911468979801,19.2725412488037,116.210063880246));
#9500=CARTESIAN_POINT('Origin',(-98.9911468979801,-0.00885310201983458,
87.));
#9501=CARTESIAN_POINT('',(-98.9911468979801,18.4965336241427,114.387863150872));
#9502=CARTESIAN_POINT('Origin',(-98.9911468979801,11.5356502421431,118.428581676524));
#9503=CARTESIAN_POINT('',(-98.9911468979801,18.6705908298501,113.595645778889));
#9504=CARTESIAN_POINT('Origin',(-98.9911468979801,19.0154421024384,114.086642316345));
#9505=CARTESIAN_POINT('',(-98.9911468979801,19.5128435006481,112.983713394228));
#9506=CARTESIAN_POINT('Origin',(-98.9911468979801,-0.00885310201983458,
87.));
#9507=CARTESIAN_POINT('',(-98.9911468979801,20.3200736291516,113.062983785714));
#9508=CARTESIAN_POINT('Origin',(-98.9911468979801,19.8732440533127,113.463412718429));
#9509=CARTESIAN_POINT('',(-98.9911468979801,21.8132899630357,114.364101886381));
#9510=CARTESIAN_POINT('Origin',(-98.9911468979801,26.3140565743882,107.691440980005));
#9511=CARTESIAN_POINT('',(-98.9911468979801,24.1783396125204,112.297820233959));
#9512=CARTESIAN_POINT('Origin',(-98.9911468979801,-0.00885310201983458,
87.));
#9513=CARTESIAN_POINT('',(-98.9911468979801,23.0894362457015,110.643464531761));
#9514=CARTESIAN_POINT('Origin',(-98.9911468979801,16.9619152760634,115.862160770095));
#9515=CARTESIAN_POINT('',(-98.9911468979801,23.119240406559,109.832899304697));
#9516=CARTESIAN_POINT('Origin',(-98.9911468979801,23.5462205944097,110.254429753399));
#9517=CARTESIAN_POINT('',(-98.9911468979801,23.8386929840016,109.080410903674));
#9518=CARTESIAN_POINT('Origin',(-98.9911468979801,-0.00885310201983458,
87.));
#9519=CARTESIAN_POINT('',(-98.9911468979801,24.6471048671977,109.014270882223));
#9520=CARTESIAN_POINT('Origin',(-98.9911468979801,24.278955373282,109.488049258819));
#9521=CARTESIAN_POINT('',(-98.9911468979801,26.3486482081064,110.02785540789));
#9522=CARTESIAN_POINT('Origin',(-98.9911468979801,29.5856360369061,102.658783997084));
#9523=CARTESIAN_POINT('',(-98.9911468979801,28.3067417011033,107.572483830237));
#9524=CARTESIAN_POINT('Origin',(-98.9911468979801,-0.00885310201983458,
87.));
#9525=CARTESIAN_POINT('',(-98.9911468979801,26.9399408422888,106.139145508693));
#9526=CARTESIAN_POINT('Origin',(-98.9911468979801,21.8427258507174,112.368086268649));
#9527=CARTESIAN_POINT('',(-98.9911468979801,26.8245340280434,105.33628465988));
#9528=CARTESIAN_POINT('Origin',(-98.9911468979801,27.3199196365984,105.67480068437));
#9529=CARTESIAN_POINT('',(-98.9911468979801,27.3980627143241,104.467425838853));
#9530=CARTESIAN_POINT('Origin',(-98.9911468979801,-0.00885310201983458,
87.));
#9531=CARTESIAN_POINT('',(-98.9911468979801,28.1816733291232,104.258001199175));
#9532=CARTESIAN_POINT('Origin',(-98.9911468979801,27.9040365447796,104.789901392801));
#9533=CARTESIAN_POINT('',(-98.9911468979801,30.0368546740454,104.951474709207));
#9534=CARTESIAN_POINT('Origin',(-98.9911468979801,31.9060242680721,97.1228408124075));
#9535=CARTESIAN_POINT('',(-98.9911468979801,31.5250572745648,102.185930869115));
#9536=CARTESIAN_POINT('Origin',(-98.9911468979801,-0.00885310201983458,
87.));
#9537=CARTESIAN_POINT('',(-98.9911468979801,29.9242890279644,101.019678601233));
#9538=CARTESIAN_POINT('Origin',(-98.9911468979801,26.0212086982914,108.058660601599));
#9539=CARTESIAN_POINT('',(-98.9911468979801,29.6673805085831,100.250326738949));
#9540=CARTESIAN_POINT('Origin',(-98.9911468979801,30.2152494367789,100.494948155669));
#9541=CARTESIAN_POINT('',(-98.9911468979801,30.0765516198238,99.2930233353259));
#9542=CARTESIAN_POINT('Origin',(-98.9911468979801,-0.00885310201983458,
87.));
#9543=CARTESIAN_POINT('',(-98.9911468979801,30.8101750763095,98.9470451576554));
#9544=CARTESIAN_POINT('Origin',(-98.9911468979801,30.6319744762271,99.5199714584396));
#9545=CARTESIAN_POINT('',(-98.9911468979801,32.7593673703709,99.2981188428472));
#9546=CARTESIAN_POINT('Origin',(-98.9911468979801,33.2006420809149,91.2615411949186));
#9547=CARTESIAN_POINT('',(-98.9911468979801,33.7298470223351,96.3112895948337));
#9548=CARTESIAN_POINT('Origin',(-98.9911468979801,-0.00885310201983458,
87.));
#9549=CARTESIAN_POINT('',(-98.9911468979801,31.946561396511,95.4496076881001));
#9550=CARTESIAN_POINT('Origin',(-98.9911468979801,29.3630639419972,103.072392255689));
#9551=CARTESIAN_POINT('',(-98.9911468979801,31.5564084231917,94.7384924142237));
#9552=CARTESIAN_POINT('Origin',(-98.9911468979801,32.139151712888,94.8813568895632));
#9553=CARTESIAN_POINT('',(-98.9911468979801,31.78807086321,93.7235129470679));
#9554=CARTESIAN_POINT('Origin',(-98.9911468979801,-0.00885310201983458,
87.));
#9555=CARTESIAN_POINT('',(-98.9911468979801,32.4481278998634,93.252101254707));
#9556=CARTESIAN_POINT('Origin',(-98.9911468979801,32.3750909979528,93.8476393399369));
#9557=CARTESIAN_POINT('',(-98.9911468979801,34.4286824989322,93.2494913179524));
#9558=CARTESIAN_POINT('Origin',(-98.9911468979801,33.4278793937144,85.2632721370172));
#9559=CARTESIAN_POINT('Origin',(-98.9911468979801,-0.00885310201983458,
87.));
#9560=CARTESIAN_POINT('Origin',(-98.9911468979801,-0.00885310201983458,
87.));
#9561=CARTESIAN_POINT('',(-103.99114689798,12.4911468979802,87.));
#9562=CARTESIAN_POINT('Origin',(-103.99114689798,-0.00885310201983458,87.));
#9563=CARTESIAN_POINT('',(-98.9911468979801,12.4911468979802,87.));
#9564=CARTESIAN_POINT('Origin',(-53.9911468979801,-0.00885310201982792,
87.0441097497048));
#9565=CARTESIAN_POINT('',(-53.9911468979801,4.99114697248581,95.6602539948285));
#9566=CARTESIAN_POINT('',(-53.9911468979801,4.99114697248581,78.3397460051714));
#9567=CARTESIAN_POINT('',(-53.9911468979801,4.99114697248581,82.6919278774381));
#9568=CARTESIAN_POINT('Origin',(-53.9911468979801,-0.00885310201981682,
87.));
#9569=CARTESIAN_POINT('',(-53.9911468979801,-1.60885310201983,87.));
#9570=CARTESIAN_POINT('Origin',(-53.9911468979801,-0.00885310201983458,
87.));
#9571=CARTESIAN_POINT('Origin',(-67.9911468979801,4.99114697248581,78.3397460051714));
#9572=CARTESIAN_POINT('',(-71.9911468979801,4.99114697248581,78.3397460051714));
#9573=CARTESIAN_POINT('',(-83.9911468979801,4.99114697248581,78.3397460051714));
#9574=CARTESIAN_POINT('',(-71.9911468979801,4.99114697248581,95.6602539948285));
#9575=CARTESIAN_POINT('',(-71.9911468979801,4.99114697248581,82.6698730025857));
#9576=CARTESIAN_POINT('',(-56.9911468979801,4.99114697248581,95.6602539948285));
#9577=CARTESIAN_POINT('',(-66.9911468979801,4.99114697248581,92.2602539948285));
#9578=CARTESIAN_POINT('Origin',(-66.9911468979801,4.99114697248581,90.6602539948285));
#9579=CARTESIAN_POINT('',(-61.9911484178986,4.99114697248581,84.9397460051714));
#9580=CARTESIAN_POINT('Origin',(-61.9911484178986,4.99114697248581,83.3397460051714));
#9581=CARTESIAN_POINT('Origin',(-121.99114689798,-0.00885310201982792,87.0441097497048));
#9582=CARTESIAN_POINT('',(-121.99114689798,4.99114697248597,78.3397460051715));
#9583=CARTESIAN_POINT('',(-121.99114689798,4.99114697248599,95.6602539948286));
#9584=CARTESIAN_POINT('',(-121.99114689798,4.99114697248597,91.3521818722667));
#9585=CARTESIAN_POINT('Origin',(-121.99114689798,-0.00885310201965695,87.0000000000001));
#9586=CARTESIAN_POINT('',(-121.99114689798,1.59114689798018,86.9999999999999));
#9587=CARTESIAN_POINT('Origin',(-121.99114689798,-0.00885310201981682,86.9999999999999));
#9588=CARTESIAN_POINT('Origin',(-109.99114689798,4.99114697248597,95.6602539948287));
#9589=CARTESIAN_POINT('',(-103.99114689798,4.99114697248597,95.6602539948287));
#9590=CARTESIAN_POINT('',(-98.9911468979801,4.99114697248597,95.6602539948287));
#9591=CARTESIAN_POINT('',(-103.99114689798,4.99114697248597,78.3397460051716));
#9592=CARTESIAN_POINT('',(-103.99114689798,4.99114697248597,91.3301269974144));
#9593=CARTESIAN_POINT('',(-118.99114689798,4.99114697248597,78.3397460051715));
#9594=CARTESIAN_POINT('',(-113.99114689798,4.99114697248597,84.9397460051716));
#9595=CARTESIAN_POINT('Origin',(-113.99114689798,4.99114697248597,83.3397460051715));
#9596=CARTESIAN_POINT('',(-108.99114689798,4.99114697248597,92.2602539948286));
#9597=CARTESIAN_POINT('Origin',(-108.99114689798,4.99114697248597,90.6602539948287));
#9598=CARTESIAN_POINT('Origin',(-78.9911468979801,8.28479127887821,119.044117445846));
#9599=CARTESIAN_POINT('',(-78.9911468979801,7.69312964908579,119.143799519618));
#9600=CARTESIAN_POINT('',(-78.9911468979801,8.13445331426978,118.463257310876));
#9601=CARTESIAN_POINT('Origin',(-78.9911468979801,13.8732071093537,117.04826790828));
#9602=CARTESIAN_POINT('',(-78.9911468979801,13.3088526469222,117.251993313504));
#9603=CARTESIAN_POINT('',(-78.9911468979801,13.6215685556732,116.503586314777));
#9604=CARTESIAN_POINT('Origin',(-78.9911468979801,19.0154421024384,114.086642316345));
#9605=CARTESIAN_POINT('',(-78.9911468979801,18.4965336241427,114.387863150872));
#9606=CARTESIAN_POINT('',(-78.9911468979801,18.67059082985,113.595645778889));
#9607=CARTESIAN_POINT('Origin',(-78.9911468979801,23.5462205944096,110.254429753399));
#9608=CARTESIAN_POINT('',(-78.9911468979801,23.0894362457015,110.643464531761));
#9609=CARTESIAN_POINT('',(-78.9911468979801,23.119240406559,109.832899304697));
#9610=CARTESIAN_POINT('Origin',(-78.9911468979801,27.3199196365984,105.67480068437));
#9611=CARTESIAN_POINT('',(-78.9911468979801,26.9399408422888,106.139145508693));
#9612=CARTESIAN_POINT('',(-78.9911468979801,26.8245340280434,105.33628465988));
#9613=CARTESIAN_POINT('Origin',(-78.9911468979801,30.2152494367789,100.494948155669));
#9614=CARTESIAN_POINT('',(-78.9911468979801,29.9242890279644,101.019678601233));
#9615=CARTESIAN_POINT('',(-78.9911468979801,29.6673805085831,100.250326738949));
#9616=CARTESIAN_POINT('Origin',(-78.9911468979801,32.139151712888,94.8813568895633));
#9617=CARTESIAN_POINT('',(-78.9911468979801,31.946561396511,95.4496076881001));
#9618=CARTESIAN_POINT('',(-78.9911468979801,31.5564084231917,94.7384924142237));
#9619=CARTESIAN_POINT('Origin',(-78.9911468979801,33.0297906627794,89.0144523282254));
#9620=CARTESIAN_POINT('',(-78.9911468979801,32.9417604500721,89.6079594315112));
#9621=CARTESIAN_POINT('',(-78.9911468979801,32.4309028603964,88.9779365760521));
#9622=CARTESIAN_POINT('Origin',(-78.9911468979801,32.7162126816653,82.0320960704255));
#9623=CARTESIAN_POINT('',(-78.9911468979801,32.1230090722934,82.1221487096322));
#9624=CARTESIAN_POINT('',(-78.9911468979801,32.5753352861461,81.4488692196789));
#9625=CARTESIAN_POINT('Origin',(-78.9911468979801,31.3032539120618,76.2686462019603));
#9626=CARTESIAN_POINT('',(-78.9911468979801,30.7356628483624,76.46317225268));
#9627=CARTESIAN_POINT('',(-78.9911468979801,31.0605012988133,75.7199466769368));
#9628=CARTESIAN_POINT('Origin',(-78.9911468979801,28.8838982593382,70.8501108743514));
#9629=CARTESIAN_POINT('',(-78.9911468979801,28.3601625851142,71.1428581092574));
#9630=CARTESIAN_POINT('',(-78.9911468979801,28.5470726970877,70.3535743292567));
#9631=CARTESIAN_POINT('Origin',(-78.9911468979801,25.5359058048256,65.9506462714139));
#9632=CARTESIAN_POINT('',(-78.9911468979801,25.0728588155777,66.332205553503));
#9633=CARTESIAN_POINT('',(-78.9911468979801,25.1158331442848,65.5222317993589));
#9634=CARTESIAN_POINT('Origin',(-78.9911468979801,21.3668837807493,61.7277252167791));
#9635=CARTESIAN_POINT('',(-78.9911468979801,20.9794081877082,62.185832916777));
#9636=CARTESIAN_POINT('',(-78.9911468979801,20.8770655028649,61.3812024113963));
#9637=CARTESIAN_POINT('Origin',(-78.9911468979801,16.510827985246,58.3170758677739));
#9638=CARTESIAN_POINT('',(-78.9911468979801,16.211377572788,58.8370080272705));
#9639=CARTESIAN_POINT('',(-78.9911468979801,15.967007252493,58.0635822571483));
#9640=CARTESIAN_POINT('Origin',(-78.9911468979801,11.123816047159,55.8283193007672));
#9641=CARTESIAN_POINT('',(-78.9911468979801,10.9220153979292,56.3933648723545));
#9642=CARTESIAN_POINT('',(-78.9911468979801,10.5434717053454,55.6760023781194));
#9643=CARTESIAN_POINT('Origin',(-78.9911468979801,5.37899096262676,54.341446199578));
#9644=CARTESIAN_POINT('',(-78.9911468979801,5.28132611553346,54.9334441536642));
#9645=CARTESIAN_POINT('',(-78.9911468979801,4.78077575640725,54.2952015561288));
#9646=CARTESIAN_POINT('Origin',(-78.9911468979801,2.75845863707534,53.6327512461692));
#9647=CARTESIAN_POINT('',(-80.9911468979801,10.5281839880876,51.5321152398159));
#9648=CARTESIAN_POINT('Ctrl Pts',(-78.9911468979801,10.8067417011034,53.7130219296697));
#9649=CARTESIAN_POINT('Ctrl Pts',(-79.2975135380554,10.8099441613949,53.3919295232888));
#9650=CARTESIAN_POINT('Ctrl Pts',(-79.602023891628,10.7939203902711,53.0669459722951));
#9651=CARTESIAN_POINT('Ctrl Pts',(-80.2734969074161,10.7126175491445,52.3375439635781));
#9652=CARTESIAN_POINT('Ctrl Pts',(-80.6381535805171,10.6364374320463,51.9325175585975));
#9653=CARTESIAN_POINT('Ctrl Pts',(-80.9911468979801,10.5281839880876,51.5321152398159));
#9654=CARTESIAN_POINT('',(-96.9911468979802,10.5281839880876,51.5321152398158));
#9655=CARTESIAN_POINT('',(-78.9911468979801,10.5281839880876,51.5321152398158));
#9656=CARTESIAN_POINT('Ctrl Pts',(-96.9911468979971,10.5281839880928,51.5321152398351));
#9657=CARTESIAN_POINT('Ctrl Pts',(-97.344140215455,10.6364374320487,51.9325175586105));
#9658=CARTESIAN_POINT('Ctrl Pts',(-97.7087968885502,10.7126175491452,52.3375439635846));
#9659=CARTESIAN_POINT('Ctrl Pts',(-98.3802699043323,10.7939203902711,53.0669459722951));
#9660=CARTESIAN_POINT('Ctrl Pts',(-98.6847802579049,10.8099441613949,53.3919295232887));
#9661=CARTESIAN_POINT('Ctrl Pts',(-98.9911468979802,10.8067417011034,53.7130219296696));
#9662=CARTESIAN_POINT('Origin',(-78.9911468979801,8.67193912440994,54.6630992520478));
#9663=CARTESIAN_POINT('',(-80.9911468979801,16.6918848349525,53.983559362636));
#9664=CARTESIAN_POINT('Ctrl Pts',(-78.9911468979801,16.5765500845352,56.1791563850143));
#9665=CARTESIAN_POINT('Ctrl Pts',(-79.2975135380554,16.6370343429991,55.8637958870671));
#9666=CARTESIAN_POINT('Ctrl Pts',(-79.602023891628,16.6792961341955,55.5411738006217));
#9667=CARTESIAN_POINT('Ctrl Pts',(-80.2734969074161,16.7295396209103,54.8089763994119));
#9668=CARTESIAN_POINT('Ctrl Pts',(-80.6381535805171,16.7269040068193,54.3968564502334));
#9669=CARTESIAN_POINT('Ctrl Pts',(-80.9911468979802,16.6918848349524,53.983559362636));
#9670=CARTESIAN_POINT('',(-96.9911468979802,16.6918848349524,53.983559362636));
#9671=CARTESIAN_POINT('',(-78.9911468979801,16.6918848349525,53.983559362636));
#9672=CARTESIAN_POINT('Ctrl Pts',(-96.9911468979971,16.6918848349541,53.9835593626559));
#9673=CARTESIAN_POINT('Ctrl Pts',(-97.344140215455,16.7269040068194,54.3968564502465));
#9674=CARTESIAN_POINT('Ctrl Pts',(-97.7087968885502,16.7295396209098,54.8089763994184));
#9675=CARTESIAN_POINT('Ctrl Pts',(-98.3802699043323,16.6792961341955,55.5411738006217));
#9676=CARTESIAN_POINT('Ctrl Pts',(-98.6847802579049,16.6370343429991,55.863795887067));
#9677=CARTESIAN_POINT('Ctrl Pts',(-98.9911468979802,16.5765500845352,56.1791563850142));
#9678=CARTESIAN_POINT('Origin',(-78.9911468979801,-0.243698864712361,120.480981931973));
#9679=CARTESIAN_POINT('',(-96.9911468979802,7.30644829643179,123.269634206176));
#9680=CARTESIAN_POINT('Ctrl Pts',(-98.9911468979801,7.77937958645101,121.122476926364));
#9681=CARTESIAN_POINT('Ctrl Pts',(-98.6847802579048,7.75378665317672,121.442563775444));
#9682=CARTESIAN_POINT('Ctrl Pts',(-98.3802699043322,7.70869608812855,121.764802678435));
#9683=CARTESIAN_POINT('Ctrl Pts',(-97.7087968885442,7.56233745636345,122.483980398615));
#9684=CARTESIAN_POINT('Ctrl Pts',(-97.3441402154433,7.45015773099001,122.880547553316));
#9685=CARTESIAN_POINT('Ctrl Pts',(-96.9911468979802,7.30644829643177,123.269634206176));
#9686=CARTESIAN_POINT('',(-80.9911468979801,7.30644829643177,123.269634206176));
#9687=CARTESIAN_POINT('',(-78.9911468979801,7.30644829643177,123.269634206176));
#9688=CARTESIAN_POINT('Ctrl Pts',(-80.9911468979801,7.30644829643178,123.269634206176));
#9689=CARTESIAN_POINT('Ctrl Pts',(-80.638153580517,7.45015773099001,122.880547553316));
#9690=CARTESIAN_POINT('Ctrl Pts',(-80.2734969074161,7.56233745636343,122.483980398615));
#9691=CARTESIAN_POINT('Ctrl Pts',(-79.602023891628,7.70869608812854,121.764802678435));
#9692=CARTESIAN_POINT('Ctrl Pts',(-79.2975135380555,7.75378665317673,121.442563775444));
#9693=CARTESIAN_POINT('Ctrl Pts',(-78.9911468979801,7.77937958645102,121.122476926364));
#9694=CARTESIAN_POINT('Origin',(-78.9911468979801,5.73833537189234,119.984862108347));
#9695=CARTESIAN_POINT('',(-80.9911468979801,13.6650816527709,121.380568760882));
#9696=CARTESIAN_POINT('Ctrl Pts',(-80.9911468979632,13.6650816527743,121.380568760862));
#9697=CARTESIAN_POINT('Ctrl Pts',(-80.6381535805054,13.7370075130525,120.972074580203));
#9698=CARTESIAN_POINT('Ctrl Pts',(-80.2734969074101,13.7765746643646,120.561849959411));
#9699=CARTESIAN_POINT('Ctrl Pts',(-79.602023891628,13.7921671121812,119.828096378256));
#9700=CARTESIAN_POINT('Ctrl Pts',(-79.2975135380554,13.7789950753973,119.502984755726));
#9701=CARTESIAN_POINT('Ctrl Pts',(-78.9911468979801,13.7470230058674,119.183472039301));
#9702=CARTESIAN_POINT('',(-96.9911468979801,13.6650816527709,121.380568760882));
#9703=CARTESIAN_POINT('Ctrl Pts',(-98.9911468979802,13.7470230058674,119.183472039301));
#9704=CARTESIAN_POINT('Ctrl Pts',(-98.6847802579049,13.7789950753973,119.502984755726));
#9705=CARTESIAN_POINT('Ctrl Pts',(-98.3802699043323,13.7921671121813,119.828096378256));
#9706=CARTESIAN_POINT('Ctrl Pts',(-97.7087968885442,13.7765746643645,120.561849959417));
#9707=CARTESIAN_POINT('Ctrl Pts',(-97.3441402154433,13.7370075130512,120.972074580216));
#9708=CARTESIAN_POINT('Ctrl Pts',(-96.9911468979802,13.6650816527709,121.380568760882));
#9709=CARTESIAN_POINT('',(-78.9911468979801,13.6650816527709,121.380568760882));
#9710=CARTESIAN_POINT('Origin',(-78.9911468979801,-3.24396552650546,53.6748540699025));
#9711=CARTESIAN_POINT('',(-80.9911468979802,4.0258140992437,50.2206381162607));
#9712=CARTESIAN_POINT('Ctrl Pts',(-78.9911468979801,4.6893112015982,52.3167583381223));
#9713=CARTESIAN_POINT('Ctrl Pts',(-79.2975135380555,4.63512893400848,52.0002541974444));
#9714=CARTESIAN_POINT('Ctrl Pts',(-79.6020238916281,4.56133461775282,51.6833544206287));
#9715=CARTESIAN_POINT('Ctrl Pts',(-80.2734969074161,4.35109858899477,50.9801913851187));
#9716=CARTESIAN_POINT('Ctrl Pts',(-80.6381535805171,4.20382246053418,50.595276406249));
#9717=CARTESIAN_POINT('Ctrl Pts',(-80.9911468979802,4.0258140992437,50.2206381162607));
#9718=CARTESIAN_POINT('',(-96.9911468979802,4.0258140992437,50.2206381162607));
#9719=CARTESIAN_POINT('',(-78.9911468979801,4.0258140992437,50.2206381162607));
#9720=CARTESIAN_POINT('Ctrl Pts',(-96.9911468979802,4.0258140992437,50.2206381162608));
#9721=CARTESIAN_POINT('Ctrl Pts',(-97.3441402154433,4.20382246053419,50.595276406249));
#9722=CARTESIAN_POINT('Ctrl Pts',(-97.7087968885442,4.35109858899477,50.9801913851187));
#9723=CARTESIAN_POINT('Ctrl Pts',(-98.3802699043323,4.56133461775281,51.6833544206287));
#9724=CARTESIAN_POINT('Ctrl Pts',(-98.6847802579048,4.63512893400847,52.0002541974443));
#9725=CARTESIAN_POINT('Ctrl Pts',(-98.9911468979801,4.68931120159819,52.3167583381222));
#9726=CARTESIAN_POINT('Origin',(-98.9911468979801,-0.00885310201983458,
87.));
#9727=CARTESIAN_POINT('',(-80.9911468979801,36.5524597521441,92.6807043911782));
#9728=CARTESIAN_POINT('',(-80.9911468979801,36.7461713045018,91.2506682858107));
#9729=CARTESIAN_POINT('Origin',(-80.9911468979801,-0.00885310201983458,
87.));
#9730=CARTESIAN_POINT('',(-96.9911468979802,36.7461713045018,91.2506682858107));
#9731=CARTESIAN_POINT('',(-78.9911468979801,36.7461713045018,91.2506682858107));
#9732=CARTESIAN_POINT('',(-96.9911468979802,36.552459752144,92.6807043911782));
#9733=CARTESIAN_POINT('Origin',(-96.9911468979802,-0.00885310201983458,
87.));
#9734=CARTESIAN_POINT('',(-78.9911468979801,36.5524597521441,92.6807043911782));
#9735=CARTESIAN_POINT('Origin',(-98.9911468979801,-0.00885310201983458,
87.));
#9736=CARTESIAN_POINT('',(-96.9911468979802,36.914489071155,84.6194952714503));
#9737=CARTESIAN_POINT('',(-96.9911468979802,36.9792333495612,86.0611386415614));
#9738=CARTESIAN_POINT('Origin',(-96.9911468979802,-0.00885310201983458,
87.));
#9739=CARTESIAN_POINT('',(-80.9911468979801,36.9792333495612,86.0611386415614));
#9740=CARTESIAN_POINT('',(-78.9911468979801,36.9792333495612,86.0611386415614));
#9741=CARTESIAN_POINT('',(-80.9911468979801,36.914489071155,84.6194952714503));
#9742=CARTESIAN_POINT('Origin',(-80.9911468979801,-0.00885310201983458,
87.));
#9743=CARTESIAN_POINT('',(-78.9911468979801,36.914489071155,84.6194952714503));
#9744=CARTESIAN_POINT('Origin',(-98.9911468979801,-0.00885310201983458,
87.));
#9745=CARTESIAN_POINT('',(-96.9911468979802,35.8960602397352,78.0648336377514));
#9746=CARTESIAN_POINT('',(-96.9911468979802,36.2171794145256,79.4717486685025));
#9747=CARTESIAN_POINT('Origin',(-96.9911468979802,-0.00885310201983458,
87.));
#9748=CARTESIAN_POINT('',(-80.9911468979801,36.2171794145256,79.4717486685025));
#9749=CARTESIAN_POINT('',(-78.9911468979801,36.2171794145256,79.4717486685025));
#9750=CARTESIAN_POINT('',(-80.9911468979801,35.8960602397352,78.0648336377514));
#9751=CARTESIAN_POINT('Origin',(-80.9911468979801,-0.00885310201983458,
87.));
#9752=CARTESIAN_POINT('',(-78.9911468979801,35.8960602397352,78.0648336377514));
#9753=CARTESIAN_POINT('Origin',(-98.9911468979801,-0.00885310201983458,
87.));
#9754=CARTESIAN_POINT('',(-96.9911468979802,33.7236179508503,71.7973556028144));
#9755=CARTESIAN_POINT('',(-96.9911468979802,34.2907909875294,73.1243228875037));
#9756=CARTESIAN_POINT('Origin',(-96.9911468979802,-0.00885310201983458,
87.));
#9757=CARTESIAN_POINT('',(-80.9911468979801,34.2907909875294,73.1243228875037));
#9758=CARTESIAN_POINT('',(-78.9911468979801,34.2907909875294,73.1243228875037));
#9759=CARTESIAN_POINT('',(-80.9911468979801,33.7236179508503,71.7973556028144));
#9760=CARTESIAN_POINT('Origin',(-80.9911468979801,-0.00885310201983458,
87.));
#9761=CARTESIAN_POINT('',(-78.9911468979801,33.7236179508503,71.7973556028144));
#9762=CARTESIAN_POINT('Origin',(-98.9911468979801,-0.00885310201983458,
87.));
#9763=CARTESIAN_POINT('',(-80.9911468979801,15.3916998400907,53.3574232693562));
#9764=CARTESIAN_POINT('Origin',(-80.9911468979801,-0.00885310201983458,
87.));
#9765=CARTESIAN_POINT('',(-96.9911468979802,15.3916998400907,53.3574232693562));
#9766=CARTESIAN_POINT('',(-78.9911468979801,15.3916998400907,53.3574232693562));
#9767=CARTESIAN_POINT('Origin',(-96.9911468979802,-0.00885310201983458,
87.));
#9768=CARTESIAN_POINT('Origin',(-98.9911468979801,-0.00885310201983458,
87.));
#9769=CARTESIAN_POINT('',(-80.9911468979801,22.3188102231101,57.496179053559));
#9770=CARTESIAN_POINT('',(-80.9911468979801,21.151320652551,56.6479482295451));
#9771=CARTESIAN_POINT('Origin',(-80.9911468979801,-0.00885310201983458,
87.));
#9772=CARTESIAN_POINT('',(-96.9911468979802,21.151320652551,56.6479482295451));
#9773=CARTESIAN_POINT('',(-78.9911468979801,21.151320652551,56.6479482295451));
#9774=CARTESIAN_POINT('',(-96.9911468979802,22.3188102231101,57.496179053559));
#9775=CARTESIAN_POINT('Origin',(-96.9911468979802,-0.00885310201983458,
87.));
#9776=CARTESIAN_POINT('',(-78.9911468979801,22.3188102231101,57.496179053559));
#9777=CARTESIAN_POINT('Origin',(-98.9911468979801,-0.00885310201983458,
87.));
#9778=CARTESIAN_POINT('',(-96.9911468979802,30.4669862871566,66.0185030675805));
#9779=CARTESIAN_POINT('',(-96.9911468979802,31.2619837776539,67.2228727858458));
#9780=CARTESIAN_POINT('Origin',(-96.9911468979802,-0.00885310201983458,
87.));
#9781=CARTESIAN_POINT('',(-80.9911468979801,31.2619837776539,67.2228727858458));
#9782=CARTESIAN_POINT('',(-78.9911468979801,31.2619837776539,67.2228727858458));
#9783=CARTESIAN_POINT('',(-80.9911468979801,30.4669862871566,66.0185030675806));
#9784=CARTESIAN_POINT('Origin',(-80.9911468979801,-0.00885310201983458,
87.));
#9785=CARTESIAN_POINT('',(-78.9911468979801,30.4669862871566,66.0185030675806));
#9786=CARTESIAN_POINT('Origin',(-98.9911468979801,-0.00885310201983458,
87.));
#9787=CARTESIAN_POINT('',(-96.9911468979802,26.2308360698905,60.9140131073878));
#9788=CARTESIAN_POINT('',(-96.9911468979802,27.2281061407354,61.9570758255253));
#9789=CARTESIAN_POINT('Origin',(-96.9911468979802,-0.00885310201983458,
87.));
#9790=CARTESIAN_POINT('',(-80.9911468979801,27.2281061407354,61.9570758255253));
#9791=CARTESIAN_POINT('',(-78.9911468979801,27.2281061407354,61.9570758255253));
#9792=CARTESIAN_POINT('',(-80.9911468979801,26.2308360698905,60.9140131073878));
#9793=CARTESIAN_POINT('Origin',(-80.9911468979801,-0.00885310201983458,
87.));
#9794=CARTESIAN_POINT('',(-78.9911468979801,26.2308360698905,60.9140131073878));
#9795=CARTESIAN_POINT('Origin',(-98.9911468979801,-0.00885310201983458,
87.));
#9796=CARTESIAN_POINT('',(-80.9911468979801,-0.730401338136613,123.992963765329));
#9797=CARTESIAN_POINT('',(-80.9911468979801,0.712695134096428,123.992963765329));
#9798=CARTESIAN_POINT('Origin',(-80.9911468979801,-0.00885310201983458,
87.));
#9799=CARTESIAN_POINT('',(-96.9911468979802,0.712695134096428,123.992963765329));
#9800=CARTESIAN_POINT('',(-78.9911468979801,0.712695134096428,123.992963765329));
#9801=CARTESIAN_POINT('',(-96.9911468979802,-0.730401338136595,123.992963765329));
#9802=CARTESIAN_POINT('Origin',(-96.9911468979802,-0.00885310201983458,
87.));
#9803=CARTESIAN_POINT('',(-78.9911468979801,-0.730401338136613,123.992963765329));
#9804=CARTESIAN_POINT('Origin',(-98.9911468979801,-0.00885310201983458,
87.));
#9805=CARTESIAN_POINT('',(-96.9911468979802,5.88654297819941,123.527309031153));
#9806=CARTESIAN_POINT('Origin',(-96.9911468979802,-0.00885310201983458,
87.));
#9807=CARTESIAN_POINT('',(-80.9911468979801,5.88654297819939,123.527309031153));
#9808=CARTESIAN_POINT('',(-78.9911468979801,5.88654297819939,123.527309031153));
#9809=CARTESIAN_POINT('Origin',(-80.9911468979801,-0.00885310201983458,
87.));
#9810=CARTESIAN_POINT('Origin',(-98.9911468979801,-0.00885310201983458,
87.));
#9811=CARTESIAN_POINT('',(-80.9911468979801,18.3453990695004,119.126646685022));
#9812=CARTESIAN_POINT('',(-80.9911468979801,19.58422349514,118.386483547187));
#9813=CARTESIAN_POINT('Origin',(-80.9911468979801,-0.00885310201983458,
87.));
#9814=CARTESIAN_POINT('',(-96.9911468979801,19.58422349514,118.386483547187));
#9815=CARTESIAN_POINT('',(-78.9911468979801,19.58422349514,118.386483547187));
#9816=CARTESIAN_POINT('',(-96.9911468979802,18.3453990695004,119.126646685022));
#9817=CARTESIAN_POINT('Origin',(-96.9911468979802,-0.00885310201983458,
87.));
#9818=CARTESIAN_POINT('',(-78.9911468979801,18.3453990695004,119.126646685022));
#9819=CARTESIAN_POINT('Origin',(-98.9911468979801,-0.00885310201983458,
87.));
#9820=CARTESIAN_POINT('',(-96.9911468979802,12.3140044137691,121.887636529945));
#9821=CARTESIAN_POINT('Origin',(-96.9911468979802,-0.00885310201983458,
87.));
#9822=CARTESIAN_POINT('',(-80.9911468979801,12.3140044137691,121.887636529945));
#9823=CARTESIAN_POINT('',(-78.9911468979801,12.3140044137691,121.887636529945));
#9824=CARTESIAN_POINT('Origin',(-80.9911468979801,-0.00885310201983458,
87.));
#9825=CARTESIAN_POINT('Origin',(-98.9911468979801,-0.00885310201983458,
87.));
#9826=CARTESIAN_POINT('',(-80.9911468979801,28.4635326327457,110.628864775328));
#9827=CARTESIAN_POINT('',(-80.9911468979801,29.3632885662813,109.500606521097));
#9828=CARTESIAN_POINT('Origin',(-80.9911468979801,-0.00885310201983458,
87.));
#9829=CARTESIAN_POINT('',(-96.9911468979802,29.3632885662813,109.500606521097));
#9830=CARTESIAN_POINT('',(-78.9911468979801,29.3632885662813,109.500606521097));
#9831=CARTESIAN_POINT('',(-96.9911468979802,28.4635326327457,110.628864775328));
#9832=CARTESIAN_POINT('Origin',(-96.9911468979802,-0.00885310201983458,
87.));
#9833=CARTESIAN_POINT('',(-78.9911468979801,28.4635326327457,110.628864775328));
#9834=CARTESIAN_POINT('Origin',(-98.9911468979801,-0.00885310201983458,
87.));
#9835=CARTESIAN_POINT('',(-96.9911468979801,24.8736277344392,114.3836109274));
#9836=CARTESIAN_POINT('',(-96.9911468979802,23.7868729585101,115.33307998175));
#9837=CARTESIAN_POINT('Origin',(-96.9911468979802,-0.00885310201983458,
87.));
#9838=CARTESIAN_POINT('',(-80.9911468979801,23.7868729585101,115.33307998175));
#9839=CARTESIAN_POINT('',(-78.9911468979801,23.7868729585101,115.33307998175));
#9840=CARTESIAN_POINT('',(-80.9911468979801,24.8736277344392,114.3836109274));
#9841=CARTESIAN_POINT('Origin',(-80.9911468979801,-0.00885310201983458,
87.));
#9842=CARTESIAN_POINT('',(-78.9911468979801,24.8736277344392,114.3836109274));
#9843=CARTESIAN_POINT('Origin',(-98.9911468979801,-0.00885310201983458,
87.));
#9844=CARTESIAN_POINT('',(-96.9911468979801,32.9089045974255,103.894414107645));
#9845=CARTESIAN_POINT('',(-96.9911468979802,32.2250664023089,105.165198413132));
#9846=CARTESIAN_POINT('Origin',(-96.9911468979802,-0.00885310201983458,
87.));
#9847=CARTESIAN_POINT('',(-80.9911468979801,32.2250664023089,105.165198413132));
#9848=CARTESIAN_POINT('',(-78.9911468979801,32.2250664023089,105.165198413132));
#9849=CARTESIAN_POINT('',(-80.9911468979801,32.9089045974255,103.894414107645));
#9850=CARTESIAN_POINT('Origin',(-80.9911468979801,-0.00885310201983458,
87.));
#9851=CARTESIAN_POINT('',(-78.9911468979801,32.9089045974255,103.894414107645));
#9852=CARTESIAN_POINT('Origin',(-98.9911468979801,-0.00885310201983458,
87.));
#9853=CARTESIAN_POINT('',(-96.9911468979802,35.3965168112882,97.7452213240036));
#9854=CARTESIAN_POINT('',(-96.9911468979802,34.9505754768457,99.1176876275634));
#9855=CARTESIAN_POINT('Origin',(-96.9911468979802,-0.00885310201983458,
87.));
#9856=CARTESIAN_POINT('',(-80.9911468979801,34.9505754768457,99.1176876275634));
#9857=CARTESIAN_POINT('',(-78.9911468979801,34.9505754768457,99.1176876275634));
#9858=CARTESIAN_POINT('',(-80.9911468979801,35.3965168112882,97.7452213240036));
#9859=CARTESIAN_POINT('Origin',(-80.9911468979801,-0.00885310201983458,
87.));
#9860=CARTESIAN_POINT('',(-78.9911468979801,35.3965168112882,97.7452213240036));
#9861=CARTESIAN_POINT('Origin',(-98.9911468979801,-0.00885310201983458,
87.));
#9862=CARTESIAN_POINT('',(-80.9911468979801,-36.7638775085415,91.2506682858102));
#9863=CARTESIAN_POINT('',(-80.9911468979801,-36.5701659561838,92.6807043911776));
#9864=CARTESIAN_POINT('Origin',(-80.9911468979801,-0.00885310201983458,
87.));
#9865=CARTESIAN_POINT('',(-96.9911468979802,-36.5701659561838,92.6807043911776));
#9866=CARTESIAN_POINT('',(-78.9911468979801,-36.5701659561838,92.6807043911776));
#9867=CARTESIAN_POINT('',(-96.9911468979802,-36.7638775085415,91.2506682858102));
#9868=CARTESIAN_POINT('Origin',(-96.9911468979802,-0.00885310201983458,
87.));
#9869=CARTESIAN_POINT('',(-78.9911468979801,-36.7638775085415,91.2506682858102));
#9870=CARTESIAN_POINT('Origin',(-98.9911468979801,-0.00885310201983458,
87.));
#9871=CARTESIAN_POINT('',(-96.9911468979802,-34.9682816808855,99.1176876275629));
#9872=CARTESIAN_POINT('',(-96.9911468979802,-35.414223015328,97.7452213240031));
#9873=CARTESIAN_POINT('Origin',(-96.9911468979802,-0.00885310201983458,
87.));
#9874=CARTESIAN_POINT('',(-80.9911468979801,-35.414223015328,97.7452213240031));
#9875=CARTESIAN_POINT('',(-78.9911468979801,-35.414223015328,97.7452213240031));
#9876=CARTESIAN_POINT('',(-80.9911468979801,-34.9682816808855,99.1176876275629));
#9877=CARTESIAN_POINT('Origin',(-80.9911468979801,-0.00885310201983458,
87.));
#9878=CARTESIAN_POINT('',(-78.9911468979801,-34.9682816808855,99.1176876275629));
#9879=CARTESIAN_POINT('Origin',(-98.9911468979801,-0.00885310201983458,
87.));
#9880=CARTESIAN_POINT('',(-80.9911468979801,-29.3809947703213,109.500606521097));
#9881=CARTESIAN_POINT('',(-80.9911468979802,-28.4812388367857,110.628864775327));
#9882=CARTESIAN_POINT('Origin',(-80.9911468979801,-0.00885310201983458,
87.));
#9883=CARTESIAN_POINT('',(-96.9911468979802,-28.4812388367857,110.628864775327));
#9884=CARTESIAN_POINT('',(-78.9911468979801,-28.4812388367857,110.628864775327));
#9885=CARTESIAN_POINT('',(-96.9911468979802,-29.3809947703213,109.500606521097));
#9886=CARTESIAN_POINT('Origin',(-96.9911468979802,-0.00885310201983458,
87.));
#9887=CARTESIAN_POINT('',(-78.9911468979801,-29.3809947703213,109.500606521097));
#9888=CARTESIAN_POINT('Origin',(-98.9911468979801,-0.00885310201983458,
87.));
#9889=CARTESIAN_POINT('',(-96.9911468979802,-32.2427726063488,105.165198413132));
#9890=CARTESIAN_POINT('',(-96.9911468979802,-32.9266108014654,103.894414107645));
#9891=CARTESIAN_POINT('Origin',(-96.9911468979802,-0.00885310201983458,
87.));
#9892=CARTESIAN_POINT('',(-80.9911468979801,-32.9266108014654,103.894414107645));
#9893=CARTESIAN_POINT('',(-78.9911468979801,-32.9266108014654,103.894414107645));
#9894=CARTESIAN_POINT('',(-80.9911468979801,-32.2427726063488,105.165198413132));
#9895=CARTESIAN_POINT('Origin',(-80.9911468979801,-0.00885310201983458,
87.));
#9896=CARTESIAN_POINT('',(-78.9911468979801,-32.2427726063488,105.165198413132));
#9897=CARTESIAN_POINT('Origin',(-98.9911468979801,-0.00885310201983458,
87.));
#9898=CARTESIAN_POINT('',(-80.9911468979801,-19.6019296991801,118.386483547187));
#9899=CARTESIAN_POINT('',(-80.9911468979801,-18.3631052735405,119.126646685022));
#9900=CARTESIAN_POINT('Origin',(-80.9911468979801,-0.00885310201983458,
87.));
#9901=CARTESIAN_POINT('',(-96.9911468979802,-18.3631052735405,119.126646685022));
#9902=CARTESIAN_POINT('',(-78.9911468979801,-18.3631052735405,119.126646685022));
#9903=CARTESIAN_POINT('',(-96.9911468979802,-19.6019296991801,118.386483547187));
#9904=CARTESIAN_POINT('Origin',(-96.9911468979802,-0.00885310201983458,
87.));
#9905=CARTESIAN_POINT('',(-78.9911468979801,-19.6019296991801,118.386483547187));
#9906=CARTESIAN_POINT('Origin',(-98.9911468979801,-0.00885310201983458,
87.));
#9907=CARTESIAN_POINT('',(-96.9911468979802,-23.8045791625501,115.333079981749));
#9908=CARTESIAN_POINT('',(-96.9911468979802,-24.8913339384793,114.3836109274));
#9909=CARTESIAN_POINT('Origin',(-96.9911468979802,-0.00885310201983458,
87.));
#9910=CARTESIAN_POINT('',(-80.9911468979802,-24.8913339384793,114.3836109274));
#9911=CARTESIAN_POINT('',(-78.9911468979801,-24.8913339384793,114.3836109274));
#9912=CARTESIAN_POINT('',(-80.9911468979801,-23.8045791625501,115.333079981749));
#9913=CARTESIAN_POINT('Origin',(-80.9911468979801,-0.00885310201983458,
87.));
#9914=CARTESIAN_POINT('',(-78.9911468979801,-23.8045791625501,115.333079981749));
#9915=CARTESIAN_POINT('Origin',(-98.9911468979801,-0.00885310201983458,
87.));
#9916=CARTESIAN_POINT('',(-96.9911468979802,-12.3317106178092,121.887636529945));
#9917=CARTESIAN_POINT('',(-96.9911468979802,-13.682787856811,121.380568760882));
#9918=CARTESIAN_POINT('Origin',(-96.9911468979802,-0.00885310201983458,
87.));
#9919=CARTESIAN_POINT('',(-80.9911468979801,-13.682787856811,121.380568760882));
#9920=CARTESIAN_POINT('',(-78.9911468979801,-13.682787856811,121.380568760882));
#9921=CARTESIAN_POINT('',(-80.9911468979801,-12.3317106178093,121.887636529945));
#9922=CARTESIAN_POINT('Origin',(-80.9911468979801,-0.00885310201983458,
87.));
#9923=CARTESIAN_POINT('',(-78.9911468979801,-12.3317106178093,121.887636529945));
#9924=CARTESIAN_POINT('Origin',(-98.9911468979801,-0.00885310201983458,
87.));
#9925=CARTESIAN_POINT('',(-96.9911468979802,-5.90424918223956,123.527309031153));
#9926=CARTESIAN_POINT('',(-96.9911468979802,-7.32415450047194,123.269634206176));
#9927=CARTESIAN_POINT('Origin',(-96.9911468979802,-0.00885310201983458,
87.));
#9928=CARTESIAN_POINT('',(-80.9911468979801,-7.32415450047196,123.269634206176));
#9929=CARTESIAN_POINT('',(-78.9911468979801,-7.32415450047196,123.269634206176));
#9930=CARTESIAN_POINT('',(-80.9911468979801,-5.90424918223958,123.527309031153));
#9931=CARTESIAN_POINT('Origin',(-80.9911468979801,-0.00885310201983458,
87.));
#9932=CARTESIAN_POINT('',(-78.9911468979801,-5.90424918223958,123.527309031153));
#9933=CARTESIAN_POINT('Origin',(-98.9911468979801,-0.00885310201983458,
87.));
#9934=CARTESIAN_POINT('',(-80.9911468979801,-21.1690268565902,56.6479482295448));
#9935=CARTESIAN_POINT('',(-80.9911468979802,-22.3365164271493,57.4961790535586));
#9936=CARTESIAN_POINT('Origin',(-80.9911468979801,-0.00885310201983458,
87.));
#9937=CARTESIAN_POINT('',(-96.9911468979802,-22.3365164271493,57.4961790535586));
#9938=CARTESIAN_POINT('',(-78.9911468979801,-22.3365164271493,57.4961790535586));
#9939=CARTESIAN_POINT('',(-96.9911468979802,-21.1690268565902,56.6479482295448));
#9940=CARTESIAN_POINT('Origin',(-96.9911468979802,-0.00885310201983458,
87.));
#9941=CARTESIAN_POINT('',(-78.9911468979801,-21.1690268565902,56.6479482295448));
#9942=CARTESIAN_POINT('Origin',(-98.9911468979801,-0.00885310201983458,
87.));
#9943=CARTESIAN_POINT('',(-96.9911468979802,-27.2458123447747,61.9570758255249));
#9944=CARTESIAN_POINT('',(-96.9911468979802,-26.2485422739297,60.9140131073874));
#9945=CARTESIAN_POINT('Origin',(-96.9911468979802,-0.00885310201983458,
87.));
#9946=CARTESIAN_POINT('',(-80.9911468979802,-26.2485422739297,60.9140131073874));
#9947=CARTESIAN_POINT('',(-78.9911468979801,-26.2485422739297,60.9140131073874));
#9948=CARTESIAN_POINT('',(-80.9911468979801,-27.2458123447747,61.9570758255249));
#9949=CARTESIAN_POINT('Origin',(-80.9911468979801,-0.00885310201983458,
87.));
#9950=CARTESIAN_POINT('',(-78.9911468979801,-27.2458123447747,61.9570758255249));
#9951=CARTESIAN_POINT('Origin',(-98.9911468979801,-0.00885310201983458,
87.));
#9952=CARTESIAN_POINT('',(-80.9911468979802,-15.4094060441299,53.357423269356));
#9953=CARTESIAN_POINT('',(-80.9911468979801,-16.7095910389916,53.9835593626358));
#9954=CARTESIAN_POINT('Origin',(-80.9911468979801,-0.00885310201983458,
87.));
#9955=CARTESIAN_POINT('',(-96.9911468979802,-16.7095910389916,53.9835593626358));
#9956=CARTESIAN_POINT('',(-78.9911468979801,-16.7095910389916,53.9835593626358));
#9957=CARTESIAN_POINT('',(-96.9911468979802,-15.4094060441299,53.357423269356));
#9958=CARTESIAN_POINT('Origin',(-96.9911468979802,-0.00885310201983458,
87.));
#9959=CARTESIAN_POINT('',(-78.9911468979801,-15.4094060441299,53.357423269356));
#9960=CARTESIAN_POINT('Origin',(-98.9911468979801,-0.00885310201983458,
87.));
#9961=CARTESIAN_POINT('',(-80.9911468979801,-9.1547987884929,51.1481984064944));
#9962=CARTESIAN_POINT('',(-80.9911468979802,-10.5458901921268,51.5321152398157));
#9963=CARTESIAN_POINT('Origin',(-80.9911468979801,-0.00885310201983458,
87.));
#9964=CARTESIAN_POINT('',(-96.9911468979802,-10.5458901921268,51.5321152398157));
#9965=CARTESIAN_POINT('',(-78.9911468979801,-10.5458901921268,51.5321152398157));
#9966=CARTESIAN_POINT('',(-96.9911468979802,-9.1547987884929,51.1481984064944));
#9967=CARTESIAN_POINT('Origin',(-96.9911468979802,-0.00885310201983458,
87.));
#9968=CARTESIAN_POINT('',(-78.9911468979801,-9.1547987884929,51.1481984064944));
#9969=CARTESIAN_POINT('Origin',(-98.9911468979801,-0.00885310201983458,
87.));
#9970=CARTESIAN_POINT('',(-96.9911468979802,-31.2796899816933,67.2228727858453));
#9971=CARTESIAN_POINT('',(-96.9911468979802,-30.4846924911959,66.0185030675801));
#9972=CARTESIAN_POINT('Origin',(-96.9911468979802,-0.00885310201983458,
87.));
#9973=CARTESIAN_POINT('',(-80.9911468979801,-30.4846924911959,66.0185030675801));
#9974=CARTESIAN_POINT('',(-78.9911468979801,-30.4846924911959,66.0185030675801));
#9975=CARTESIAN_POINT('',(-80.9911468979801,-31.2796899816933,67.2228727858454));
#9976=CARTESIAN_POINT('Origin',(-80.9911468979801,-0.00885310201983458,
87.));
#9977=CARTESIAN_POINT('',(-78.9911468979801,-31.2796899816933,67.2228727858454));
#9978=CARTESIAN_POINT('Origin',(-98.9911468979801,-0.00885310201983458,
87.));
#9979=CARTESIAN_POINT('',(-96.9911468979802,-34.3084971915689,73.1243228875033));
#9980=CARTESIAN_POINT('',(-96.9911468979802,-33.7413241548898,71.797355602814));
#9981=CARTESIAN_POINT('Origin',(-96.9911468979802,-0.00885310201983458,
87.));
#9982=CARTESIAN_POINT('',(-80.9911468979801,-33.7413241548898,71.797355602814));
#9983=CARTESIAN_POINT('',(-78.9911468979801,-33.7413241548898,71.797355602814));
#9984=CARTESIAN_POINT('',(-80.9911468979801,-34.3084971915689,73.1243228875033));
#9985=CARTESIAN_POINT('Origin',(-80.9911468979801,-0.00885310201983458,
87.));
#9986=CARTESIAN_POINT('',(-78.9911468979801,-34.3084971915689,73.1243228875033));
#9987=CARTESIAN_POINT('Origin',(-98.9911468979801,-0.00885310201983458,
87.));
#9988=CARTESIAN_POINT('',(-96.9911468979802,-36.2348856185651,79.4717486685019));
#9989=CARTESIAN_POINT('',(-96.9911468979802,-35.9137664437748,78.0648336377509));
#9990=CARTESIAN_POINT('Origin',(-96.9911468979802,-0.00885310201983458,
87.));
#9991=CARTESIAN_POINT('',(-80.9911468979801,-35.9137664437748,78.0648336377509));
#9992=CARTESIAN_POINT('',(-78.9911468979801,-35.9137664437748,78.0648336377509));
#9993=CARTESIAN_POINT('',(-80.9911468979801,-36.2348856185651,79.4717486685019));
#9994=CARTESIAN_POINT('Origin',(-80.9911468979801,-0.00885310201983458,
87.));
#9995=CARTESIAN_POINT('',(-78.9911468979801,-36.2348856185651,79.4717486685019));
#9996=CARTESIAN_POINT('Origin',(-98.9911468979801,-0.00885310201983458,
87.));
#9997=CARTESIAN_POINT('',(-96.9911468979802,-36.9969395536008,86.0611386415608));
#9998=CARTESIAN_POINT('',(-96.9911468979802,-36.9321952751947,84.6194952714498));
#9999=CARTESIAN_POINT('Origin',(-96.9911468979802,-0.00885310201983458,
87.));
#10000=CARTESIAN_POINT('',(-80.9911468979801,-36.9321952751946,84.6194952714498));
#10001=CARTESIAN_POINT('',(-78.9911468979801,-36.9321952751946,84.6194952714498));
#10002=CARTESIAN_POINT('',(-80.9911468979801,-36.9969395536008,86.0611386415608));
#10003=CARTESIAN_POINT('Origin',(-80.9911468979801,-0.00885310201983458,
87.));
#10004=CARTESIAN_POINT('',(-78.9911468979801,-36.9969395536008,86.0611386415608));
#10005=CARTESIAN_POINT('Origin',(-98.9911468979801,-0.00885310201983458,
87.));
#10006=CARTESIAN_POINT('',(-80.9911468979801,-2.60623331318405,50.0912799458088));
#10007=CARTESIAN_POINT('',(-80.9911468979801,-4.04352030328283,50.2206381162607));
#10008=CARTESIAN_POINT('Origin',(-80.9911468979801,-0.00885310201983458,
87.));
#10009=CARTESIAN_POINT('',(-96.9911468979802,-4.04352030328283,50.2206381162607));
#10010=CARTESIAN_POINT('',(-78.9911468979801,-4.04352030328283,50.2206381162607));
#10011=CARTESIAN_POINT('',(-96.9911468979802,-2.60623331318405,50.0912799458088));
#10012=CARTESIAN_POINT('Origin',(-96.9911468979802,-0.00885310201983458,
87.));
#10013=CARTESIAN_POINT('',(-78.9911468979801,-2.60623331318405,50.0912799458088));
#10014=CARTESIAN_POINT('Origin',(-98.9911468979801,-0.00885310201983458,
87.));
#10015=CARTESIAN_POINT('',(-96.9911468979802,9.13709258445376,51.1481984064946));
#10016=CARTESIAN_POINT('Origin',(-96.9911468979802,-0.00885310201983458,
87.));
#10017=CARTESIAN_POINT('',(-80.9911468979801,9.13709258445376,51.1481984064946));
#10018=CARTESIAN_POINT('Origin',(-80.9911468979801,-0.00885310201983458,
87.));
#10019=CARTESIAN_POINT('',(-78.9911468979801,9.13709258445376,51.1481984064946));
#10020=CARTESIAN_POINT('Origin',(-80.9911468979801,-0.00885310201983458,
87.));
#10021=CARTESIAN_POINT('Ctrl Pts',(-80.9911468979801,36.7461713045018,91.2506682858107));
#10022=CARTESIAN_POINT('Ctrl Pts',(-80.638153580517,36.4205365654266,90.9937581036029));
#10023=CARTESIAN_POINT('Ctrl Pts',(-80.2734969074161,36.0780442303642,90.7645228545767));
#10024=CARTESIAN_POINT('Ctrl Pts',(-79.602023891628,35.4392928777015,90.403089386609));
#10025=CARTESIAN_POINT('Ctrl Pts',(-79.2975135380555,35.1467592200936,90.2606284136234));
#10026=CARTESIAN_POINT('Ctrl Pts',(-78.9911468979801,34.8502471878135,90.1373758116202));
#10027=CARTESIAN_POINT('Ctrl Pts',(-78.9911468979801,34.4286824989322,93.2494913179524));
#10028=CARTESIAN_POINT('Ctrl Pts',(-79.2975135380555,34.7472988192444,93.2095635128776));
#10029=CARTESIAN_POINT('Ctrl Pts',(-79.602023891628,35.0671902685514,93.150061157313));
#10030=CARTESIAN_POINT('Ctrl Pts',(-80.273496907416,35.7790774694378,92.9715841125434));
#10031=CARTESIAN_POINT('Ctrl Pts',(-80.638153580517,36.1702123830546,92.8417254265706));
#10032=CARTESIAN_POINT('Ctrl Pts',(-80.9911468979801,36.552459752144,92.6807043911782));
#10033=CARTESIAN_POINT('Origin',(-80.9911468979801,-0.00885310201983458,
87.));
#10034=CARTESIAN_POINT('Ctrl Pts',(-78.9911468979801,34.9911468979802,87.0000000000002));
#10035=CARTESIAN_POINT('Ctrl Pts',(-79.2975135380555,35.2975135380555,86.9038227103921));
#10036=CARTESIAN_POINT('Ctrl Pts',(-79.602023891628,35.6016396443255,86.7881577582999));
#10037=CARTESIAN_POINT('Ctrl Pts',(-80.2734969074161,36.2702182181154,86.4854365450283));
#10038=CARTESIAN_POINT('Ctrl Pts',(-80.638153580517,36.631880269027,86.2878249059403));
#10039=CARTESIAN_POINT('Ctrl Pts',(-80.9911468979801,36.9792333495612,86.0611386415614));
#10040=CARTESIAN_POINT('Ctrl Pts',(-80.9911468979802,36.914489071155,84.6194952714503));
#10041=CARTESIAN_POINT('Ctrl Pts',(-80.6381535805171,36.5482143319261,84.4248580694116));
#10042=CARTESIAN_POINT('Ctrl Pts',(-80.2734969074161,36.1702944553455,84.2604610929861));
#10043=CARTESIAN_POINT('Ctrl Pts',(-79.602023891628,35.4772716619866,84.0188894676227));
#10044=CARTESIAN_POINT('Ctrl Pts',(-79.2975135380555,35.1640017516389,83.9309518026082));
#10045=CARTESIAN_POINT('Ctrl Pts',(-78.9911468979801,34.8502471878135,83.8626241883798));
#10046=CARTESIAN_POINT('Origin',(-80.9911468979801,-0.00885310201983458,
87.));
#10047=CARTESIAN_POINT('Ctrl Pts',(-78.9911468979801,34.4286824989322,80.7505086820479));
#10048=CARTESIAN_POINT('Ctrl Pts',(-79.2975135380555,34.7129525828793,80.6011731251295));
#10049=CARTESIAN_POINT('Ctrl Pts',(-79.602023891628,34.9915384828211,80.4330631432394));
#10050=CARTESIAN_POINT('Ctrl Pts',(-80.2734969074161,35.5953197640446,80.0158274703401));
#10051=CARTESIAN_POINT('Ctrl Pts',(-80.6381535805171,35.9158848363582,79.7568142788128));
#10052=CARTESIAN_POINT('Ctrl Pts',(-80.9911468979802,36.2171794145256,79.4717486685025));
#10053=CARTESIAN_POINT('Ctrl Pts',(-80.9911468979802,35.8960602397353,78.0648336377513));
#10054=CARTESIAN_POINT('Ctrl Pts',(-80.6381535805171,35.5009178718433,77.9387252157033));
#10055=CARTESIAN_POINT('Ctrl Pts',(-80.2734969074161,35.0997171095313,77.844450365967));
#10056=CARTESIAN_POINT('Ctrl Pts',(-79.602023891628,34.3746971982759,77.730504894013));
#10057=CARTESIAN_POINT('Ctrl Pts',(-79.2975135380555,34.0507597878663,77.6999169258784));
#10058=CARTESIAN_POINT('Ctrl Pts',(-78.9911468979801,33.729847022335,77.6887104051663));
#10059=CARTESIAN_POINT('Origin',(-80.9911468979801,-0.00885310201983458,
87.));
#10060=CARTESIAN_POINT('Ctrl Pts',(-78.9911468979801,32.759367370371,74.7018811571531));
#10061=CARTESIAN_POINT('Ctrl Pts',(-79.2975135380555,33.0124042237936,74.5041871005975));
#10062=CARTESIAN_POINT('Ctrl Pts',(-79.6020238916281,33.2564959373617,74.2890352820488));
#10063=CARTESIAN_POINT('Ctrl Pts',(-80.2734969074161,33.7760738988474,73.7706954473515));
#10064=CARTESIAN_POINT('Ctrl Pts',(-80.6381535805171,34.045238767377,73.4586056004772));
#10065=CARTESIAN_POINT('Ctrl Pts',(-80.9911468979802,34.2907909875294,73.1243228875037));
#10066=CARTESIAN_POINT('Ctrl Pts',(-80.9911468979802,33.7236179508503,71.7973556028144));
#10067=CARTESIAN_POINT('Ctrl Pts',(-80.6381535805171,33.3123081551237,71.743829189204));
#10068=CARTESIAN_POINT('Ctrl Pts',(-80.2734969074161,32.90072142969,71.7227065373971));
#10069=CARTESIAN_POINT('Ctrl Pts',(-79.602023891628,32.1670071370342,71.7400495200756));
#10070=CARTESIAN_POINT('Ctrl Pts',(-79.2975135380555,31.8428138414699,71.7677943712848));
#10071=CARTESIAN_POINT('Ctrl Pts',(-78.9911468979801,31.5250572745648,71.8140691308854));
#10072=CARTESIAN_POINT('Origin',(-80.9911468979801,-0.00885310201983458,
87.));
#10073=CARTESIAN_POINT('Ctrl Pts',(-80.9911468979801,15.3916998400907,53.3574232693562));
#10074=CARTESIAN_POINT('Ctrl Pts',(-80.638153580517,15.0467370688662,53.5877306975556));
#10075=CARTESIAN_POINT('Ctrl Pts',(-80.2734969074161,14.7228854395379,53.842622676939));
#10076=CARTESIAN_POINT('Ctrl Pts',(-79.602023891628,14.1817567614673,54.3384222292433));
#10077=CARTESIAN_POINT('Ctrl Pts',(-79.2975135380555,13.9558704531641,54.5726154088592));
#10078=CARTESIAN_POINT('Ctrl Pts',(-78.9911468979801,13.7470230058675,54.8165279606992));
#10079=CARTESIAN_POINT('Origin',(-80.9911468979801,-0.00885310201983458,
87.));
#10080=CARTESIAN_POINT('Ctrl Pts',(-80.9911468979802,21.151320652551,56.6479482295451));
#10081=CARTESIAN_POINT('Ctrl Pts',(-80.6381535805171,20.77077859575,56.8129590413736));
#10082=CARTESIAN_POINT('Ctrl Pts',(-80.2734969074161,20.4066186749902,57.005928860477));
#10083=CARTESIAN_POINT('Ctrl Pts',(-79.6020238916281,19.7856577288952,57.3971384535604));
#10084=CARTESIAN_POINT('Ctrl Pts',(-79.2975135380555,19.5215846995612,57.5872344946443));
#10085=CARTESIAN_POINT('Ctrl Pts',(-78.9911468979801,19.2725412488037,57.7899361197544));
#10086=CARTESIAN_POINT('Ctrl Pts',(-78.9911468979801,21.8132899630359,59.635898113619));
#10087=CARTESIAN_POINT('Ctrl Pts',(-79.2975135380555,21.9291120058386,59.3364054699891));
#10088=CARTESIAN_POINT('Ctrl Pts',(-79.6020238916281,22.0283010306131,59.0265141874048));
#10089=CARTESIAN_POINT('Ctrl Pts',(-80.2734969074161,22.2084759781657,58.3150548206311));
#10090=CARTESIAN_POINT('Ctrl Pts',(-80.6381535805171,22.2794695778874,57.9090872015146));
#10091=CARTESIAN_POINT('Ctrl Pts',(-80.9911468979802,22.3188102231101,57.496179053559));
#10092=CARTESIAN_POINT('Origin',(-80.9911468979801,-0.00885310201983458,
87.));
#10093=CARTESIAN_POINT('Ctrl Pts',(-78.9911468979801,30.0368546740455,69.0485252907934));
#10094=CARTESIAN_POINT('Ctrl Pts',(-79.2975135380555,30.2505254842752,68.8088267842415));
#10095=CARTESIAN_POINT('Ctrl Pts',(-79.602023891628,30.4522777029563,68.5535482855098));
#10096=CARTESIAN_POINT('Ctrl Pts',(-80.2734969074161,30.8709526815119,67.9507641577931));
#10097=CARTESIAN_POINT('Ctrl Pts',(-80.638153580517,31.0800661659133,67.5956284800387));
#10098=CARTESIAN_POINT('Ctrl Pts',(-80.9911468979801,31.2619837776539,67.2228727858458));
#10099=CARTESIAN_POINT('Ctrl Pts',(-80.9911468979802,30.4669862871566,66.0185030675805));
#10100=CARTESIAN_POINT('Ctrl Pts',(-80.6381535805171,30.0527288988567,66.0392790453829));
#10101=CARTESIAN_POINT('Ctrl Pts',(-80.2734969074161,29.6439849463115,66.0919874909142));
#10102=CARTESIAN_POINT('Ctrl Pts',(-79.602023891628,28.9251584533234,66.2400615104921));
#10103=CARTESIAN_POINT('Ctrl Pts',(-79.2975135380555,28.6111291118709,66.3252474386986));
#10104=CARTESIAN_POINT('Ctrl Pts',(-78.9911468979801,28.3067417011033,66.4275161697634));
#10105=CARTESIAN_POINT('Origin',(-80.9911468979801,-0.00885310201983458,
87.));
#10106=CARTESIAN_POINT('Ctrl Pts',(-78.9911468979801,26.3486482081066,63.9721445921101));
#10107=CARTESIAN_POINT('Ctrl Pts',(-79.2975135380555,26.5160854194937,63.6981457427871));
#10108=CARTESIAN_POINT('Ctrl Pts',(-79.602023891628,26.669013660977,63.4109454248655));
#10109=CARTESIAN_POINT('Ctrl Pts',(-80.2734969074161,26.9733290983048,62.7430909819667));
#10110=CARTESIAN_POINT('Ctrl Pts',(-80.6381535805171,27.1156701191302,62.3563238262219));
#10111=CARTESIAN_POINT('Ctrl Pts',(-80.9911468979802,27.2281061407354,61.9570758255253));
#10112=CARTESIAN_POINT('Ctrl Pts',(-80.9911468979802,26.2308360698905,60.9140131073878));
#10113=CARTESIAN_POINT('Ctrl Pts',(-80.6381535805171,25.8269456623295,61.0084237195818));
#10114=CARTESIAN_POINT('Ctrl Pts',(-80.2734969074161,25.4341818496232,61.1332691696432));
#10115=CARTESIAN_POINT('Ctrl Pts',(-79.602023891628,24.7533468312398,61.4073150052957));
#10116=CARTESIAN_POINT('Ctrl Pts',(-79.2975135380555,24.4595746053176,61.5472040646757));
#10117=CARTESIAN_POINT('Ctrl Pts',(-78.9911468979801,24.1783396125204,61.7021797660412));
#10118=CARTESIAN_POINT('Origin',(-80.9911468979801,-0.00885310201983458,
87.));
#10119=CARTESIAN_POINT('Ctrl Pts',(-80.9911468979801,0.712695134096411,
123.992963765329));
#10120=CARTESIAN_POINT('Ctrl Pts',(-80.638153580517,0.923569203461275,123.63579020544));
#10121=CARTESIAN_POINT('Ctrl Pts',(-80.2734969074161,1.10475595421963,123.265626511485));
#10122=CARTESIAN_POINT('Ctrl Pts',(-79.6020238916281,1.37717668308385,122.584139615954));
#10123=CARTESIAN_POINT('Ctrl Pts',(-79.2975135380555,1.47908060210285,122.275130455983));
#10124=CARTESIAN_POINT('Ctrl Pts',(-78.9911468979801,1.56141596024802,121.964757328946));
#10125=CARTESIAN_POINT('Ctrl Pts',(-78.9911468979801,-1.57912216428818,
121.964757328946));
#10126=CARTESIAN_POINT('Ctrl Pts',(-79.2975135380555,-1.49678680614301,
122.275130455983));
#10127=CARTESIAN_POINT('Ctrl Pts',(-79.6020238916281,-1.39488288712401,
122.584139615954));
#10128=CARTESIAN_POINT('Ctrl Pts',(-80.2734969074161,-1.1224621582598,123.265626511485));
#10129=CARTESIAN_POINT('Ctrl Pts',(-80.6381535805171,-0.941275407501456,
123.63579020544));
#10130=CARTESIAN_POINT('Ctrl Pts',(-80.9911468979801,-0.730401338136608,
123.992963765329));
#10131=CARTESIAN_POINT('Origin',(-80.9911468979801,-0.00885310201983458,
87.));
#10132=CARTESIAN_POINT('Ctrl Pts',(-78.9911468979801,4.68931120159781,121.683241661878));
#10133=CARTESIAN_POINT('Ctrl Pts',(-79.2975135380555,4.82574265845732,121.973925419192));
#10134=CARTESIAN_POINT('Ctrl Pts',(-79.6020238916281,4.98118465564302,122.259773027488));
#10135=CARTESIAN_POINT('Ctrl Pts',(-80.2734969074161,5.37091165523213,122.881665548819));
#10136=CARTESIAN_POINT('Ctrl Pts',(-80.638153580517,5.61528194012507,123.213528416332));
#10137=CARTESIAN_POINT('Ctrl Pts',(-80.9911468979801,5.8865429781994,123.527309031153));
#10138=CARTESIAN_POINT('Origin',(-80.9911468979801,-0.00885310201983458,
87.));
#10139=CARTESIAN_POINT('Ctrl Pts',(-80.9911468979801,19.58422349514,118.386483547187));
#10140=CARTESIAN_POINT('Ctrl Pts',(-80.638153580517,19.5820540248123,117.971711177792));
#10141=CARTESIAN_POINT('Ctrl Pts',(-80.2734969074161,19.5477368812662,117.561014047742));
#10142=CARTESIAN_POINT('Ctrl Pts',(-79.602023891628,19.4320619910323,116.836268049433));
#10143=CARTESIAN_POINT('Ctrl Pts',(-79.2975135380555,19.3610507125165,116.518733062414));
#10144=CARTESIAN_POINT('Ctrl Pts',(-78.9911468979801,19.2725412488037,116.210063880246));
#10145=CARTESIAN_POINT('Ctrl Pts',(-78.9911468979801,16.5765500845349,117.820843614986));
#10146=CARTESIAN_POINT('Ctrl Pts',(-79.2975135380555,16.8064209259887,118.045053305759));
#10147=CARTESIAN_POINT('Ctrl Pts',(-79.6020238916281,17.0523907971948,118.258055399919));
#10148=CARTESIAN_POINT('Ctrl Pts',(-80.2734969074161,17.63578417952,118.703352608258));
#10149=CARTESIAN_POINT('Ctrl Pts',(-80.638153580517,17.9811804182764,118.928188631229));
#10150=CARTESIAN_POINT('Ctrl Pts',(-80.9911468979801,18.3453990695004,119.126646685022));
#10151=CARTESIAN_POINT('Origin',(-80.9911468979801,-0.00885310201983458,
87.));
#10152=CARTESIAN_POINT('Ctrl Pts',(-78.9911468979801,10.806741701103,120.28697807033));
#10153=CARTESIAN_POINT('Ctrl Pts',(-79.2975135380555,10.9928842373972,120.548629642788));
#10154=CARTESIAN_POINT('Ctrl Pts',(-79.602023891628,11.196868279062,120.802128322081));
#10155=CARTESIAN_POINT('Ctrl Pts',(-80.2734969074161,11.6913754029408,121.344438331881));
#10156=CARTESIAN_POINT('Ctrl Pts',(-80.638153580517,11.9910749599433,121.627334027332));
#10157=CARTESIAN_POINT('Ctrl Pts',(-80.9911468979801,12.3140044137691,121.887636529945));
#10158=CARTESIAN_POINT('Origin',(-80.9911468979801,-0.00885310201983458,
87.));
#10159=CARTESIAN_POINT('Ctrl Pts',(-80.9911468979801,29.3632885662813,109.500606521097));
#10160=CARTESIAN_POINT('Ctrl Pts',(-80.638153580517,29.2155168641799,109.113044462747));
#10161=CARTESIAN_POINT('Ctrl Pts',(-80.273496907416,29.0390793259092,108.740593668599));
#10162=CARTESIAN_POINT('Ctrl Pts',(-79.602023891628,28.6761229623553,108.102706436832));
#10163=CARTESIAN_POINT('Ctrl Pts',(-79.2975135380555,28.4980659269967,107.830370684833));
#10164=CARTESIAN_POINT('Ctrl Pts',(-78.9911468979801,28.3067417011033,107.572483830237));
#10165=CARTESIAN_POINT('Ctrl Pts',(-78.9911468979801,26.3486482081064,110.02785540789));
#10166=CARTESIAN_POINT('Ctrl Pts',(-79.2975135380555,26.6426429462716,110.15699751225));
#10167=CARTESIAN_POINT('Ctrl Pts',(-79.602023891628,26.9477720901857,110.269989880097));
#10168=CARTESIAN_POINT('Ctrl Pts',(-80.2734969074161,27.6504315462632,110.481902907258));
#10169=CARTESIAN_POINT('Ctrl Pts',(-80.638153580517,28.0528052671934,110.571038689509));
#10170=CARTESIAN_POINT('Ctrl Pts',(-80.9911468979801,28.4635326327457,110.628864775328));
#10171=CARTESIAN_POINT('Origin',(-80.9911468979801,-0.00885310201983458,
87.));
#10172=CARTESIAN_POINT('Ctrl Pts',(-78.9911468979801,21.8132899630356,114.364101886381));
#10173=CARTESIAN_POINT('Ctrl Pts',(-79.2975135380555,22.0795008716664,114.543663411529));
#10174=CARTESIAN_POINT('Ctrl Pts',(-79.6020238916281,22.3595508983686,114.709322857989));
#10175=CARTESIAN_POINT('Ctrl Pts',(-80.2734969074161,23.0130797958145,115.043295046201));
#10176=CARTESIAN_POINT('Ctrl Pts',(-80.6381535805171,23.3930713970183,115.202844981917));
#10177=CARTESIAN_POINT('Ctrl Pts',(-80.9911468979801,23.7868729585101,115.33307998175));
#10178=CARTESIAN_POINT('Ctrl Pts',(-80.9911468979801,24.8736277344392,114.3836109274));
#10179=CARTESIAN_POINT('Ctrl Pts',(-80.638153580517,24.7974326620649,113.975891494505));
#10180=CARTESIAN_POINT('Ctrl Pts',(-80.2734969074161,24.6903342048892,113.577921998886));
#10181=CARTESIAN_POINT('Ctrl Pts',(-79.602023891628,24.4471098627544,112.885477516138));
#10182=CARTESIAN_POINT('Ctrl Pts',(-79.2975135380555,24.3205417034265,112.585725000382));
#10183=CARTESIAN_POINT('Ctrl Pts',(-78.9911468979801,24.1783396125204,112.297820233959));
#10184=CARTESIAN_POINT('Origin',(-80.9911468979801,-0.00885310201983458,
87.));
#10185=CARTESIAN_POINT('Ctrl Pts',(-78.9911468979801,30.0368546740453,104.951474709207));
#10186=CARTESIAN_POINT('Ctrl Pts',(-79.2975135380555,30.3491840089607,105.026046659287));
#10187=CARTESIAN_POINT('Ctrl Pts',(-79.602023891628,30.6695851683403,105.082740280847));
#10188=CARTESIAN_POINT('Ctrl Pts',(-80.2734969074161,31.3987911299808,105.165783087903));
#10189=CARTESIAN_POINT('Ctrl Pts',(-80.638153580517,31.8106143481726,105.181639819304));
#10190=CARTESIAN_POINT('Ctrl Pts',(-80.9911468979801,32.2250664023089,105.165198413132));
#10191=CARTESIAN_POINT('Ctrl Pts',(-80.9911468979801,32.9089045974255,103.894414107645));
#10192=CARTESIAN_POINT('Ctrl Pts',(-80.638153580517,32.6943057696895,103.539465987283));
#10193=CARTESIAN_POINT('Ctrl Pts',(-80.2734969074161,32.4541999979771,103.204504769583));
#10194=CARTESIAN_POINT('Ctrl Pts',(-79.602023891628,31.9831773291702,102.641677009282));
#10195=CARTESIAN_POINT('Ctrl Pts',(-79.2975135380555,31.7593543174032,102.405511116187));
#10196=CARTESIAN_POINT('Ctrl Pts',(-78.9911468979801,31.5250572745648,102.185930869115));
#10197=CARTESIAN_POINT('Origin',(-80.9911468979801,-0.00885310201983458,
87.));
#10198=CARTESIAN_POINT('Ctrl Pts',(-78.9911468979801,32.7593673703709,99.2981188428472));
#10199=CARTESIAN_POINT('Ctrl Pts',(-79.2975135380555,33.0799927802268,99.3157238348133));
#10200=CARTESIAN_POINT('Ctrl Pts',(-79.602023891628,33.4053679981825,99.3142965304429));
#10201=CARTESIAN_POINT('Ctrl Pts',(-80.2734969074161,34.1376831857862,99.2658000532457));
#10202=CARTESIAN_POINT('Ctrl Pts',(-80.638153580517,34.5457195641576,99.2078680854032));
#10203=CARTESIAN_POINT('Ctrl Pts',(-80.9911468979801,34.9505754768457,99.1176876275634));
#10204=CARTESIAN_POINT('Ctrl Pts',(-80.9911468979801,35.3965168112882,97.7452213240036));
#10205=CARTESIAN_POINT('Ctrl Pts',(-80.638153580517,35.1219882408137,97.4342954662692));
#10206=CARTESIAN_POINT('Ctrl Pts',(-80.273496907416,34.825931432722,97.1475897541615));
#10207=CARTESIAN_POINT('Ctrl Pts',(-79.602023891628,34.2619815147964,96.6779112126383));
#10208=CARTESIAN_POINT('Ctrl Pts',(-79.2975135380555,33.9995863823813,96.4855057445707));
#10209=CARTESIAN_POINT('Ctrl Pts',(-78.9911468979801,33.729847022335,96.3112895948336));
#10210=CARTESIAN_POINT('Origin',(-80.9911468979801,-0.00885310201983458,
87.));
#10211=CARTESIAN_POINT('Ctrl Pts',(-80.9911468979801,-36.5701659561838,
92.6807043911776));
#10212=CARTESIAN_POINT('Ctrl Pts',(-80.638153580517,-36.1879185870943,92.8417254265701));
#10213=CARTESIAN_POINT('Ctrl Pts',(-80.2734969074161,-35.7967836734775,
92.9715841125429));
#10214=CARTESIAN_POINT('Ctrl Pts',(-79.6020238916281,-35.0848964725911,
93.1500611573125));
#10215=CARTESIAN_POINT('Ctrl Pts',(-79.2975135380555,-34.7650050232841,
93.2095635128771));
#10216=CARTESIAN_POINT('Ctrl Pts',(-78.9911468979801,-34.4463887029719,
93.249491317952));
#10217=CARTESIAN_POINT('Ctrl Pts',(-78.9911468979801,-34.8679533918532,
90.1373758116197));
#10218=CARTESIAN_POINT('Ctrl Pts',(-79.2975135380555,-35.1644654241333,
90.2606284136229));
#10219=CARTESIAN_POINT('Ctrl Pts',(-79.6020238916281,-35.4569990817412,
90.4030893866085));
#10220=CARTESIAN_POINT('Ctrl Pts',(-80.2734969074161,-36.0957504344039,
90.7645228545762));
#10221=CARTESIAN_POINT('Ctrl Pts',(-80.638153580517,-36.4382427694663,90.9937581036024));
#10222=CARTESIAN_POINT('Ctrl Pts',(-80.9911468979801,-36.7638775085415,
91.2506682858102));
#10223=CARTESIAN_POINT('Origin',(-80.9911468979801,-0.00885310201983458,
87.));
#10224=CARTESIAN_POINT('Ctrl Pts',(-78.9911468979801,-33.7475532263748,
96.3112895948332));
#10225=CARTESIAN_POINT('Ctrl Pts',(-79.2975135380555,-34.0172925864211,
96.4855057445703));
#10226=CARTESIAN_POINT('Ctrl Pts',(-79.6020238916281,-34.2796877188362,
96.6779112126379));
#10227=CARTESIAN_POINT('Ctrl Pts',(-80.2734969074161,-34.8436376367618,
97.147589754161));
#10228=CARTESIAN_POINT('Ctrl Pts',(-80.638153580517,-35.1396944448535,97.4342954662687));
#10229=CARTESIAN_POINT('Ctrl Pts',(-80.9911468979801,-35.414223015328,97.7452213240031));
#10230=CARTESIAN_POINT('Ctrl Pts',(-80.9911468979801,-34.9682816808855,
99.1176876275629));
#10231=CARTESIAN_POINT('Ctrl Pts',(-80.638153580517,-34.5634257681975,99.2078680854027));
#10232=CARTESIAN_POINT('Ctrl Pts',(-80.2734969074161,-34.155389389826,99.2658000532452));
#10233=CARTESIAN_POINT('Ctrl Pts',(-79.6020238916281,-33.4230742022223,
99.3142965304424));
#10234=CARTESIAN_POINT('Ctrl Pts',(-79.2975135380555,-33.0976989842666,
99.3157238348129));
#10235=CARTESIAN_POINT('Ctrl Pts',(-78.9911468979801,-32.7770735744107,
99.2981188428467));
#10236=CARTESIAN_POINT('Origin',(-80.9911468979801,-0.00885310201983458,
87.));
#10237=CARTESIAN_POINT('Ctrl Pts',(-80.9911468979801,-28.4812388367857,
110.628864775327));
#10238=CARTESIAN_POINT('Ctrl Pts',(-80.638153580517,-28.0705114712334,110.571038689508));
#10239=CARTESIAN_POINT('Ctrl Pts',(-80.2734969074161,-27.6681377503032,
110.481902907258));
#10240=CARTESIAN_POINT('Ctrl Pts',(-79.602023891628,-26.9654782942257,110.269989880097));
#10241=CARTESIAN_POINT('Ctrl Pts',(-79.2975135380555,-26.6603491503116,
110.15699751225));
#10242=CARTESIAN_POINT('Ctrl Pts',(-78.9911468979801,-26.3663544121464,
110.02785540789));
#10243=CARTESIAN_POINT('Ctrl Pts',(-78.9911468979801,-28.3244479051432,
107.572483830236));
#10244=CARTESIAN_POINT('Ctrl Pts',(-79.2975135380555,-28.5157721310366,
107.830370684833));
#10245=CARTESIAN_POINT('Ctrl Pts',(-79.6020238916281,-28.6938291663952,
108.102706436832));
#10246=CARTESIAN_POINT('Ctrl Pts',(-80.2734969074161,-29.0567855299491,
108.740593668599));
#10247=CARTESIAN_POINT('Ctrl Pts',(-80.638153580517,-29.2332230682199,109.113044462747));
#10248=CARTESIAN_POINT('Ctrl Pts',(-80.9911468979801,-29.3809947703212,
109.500606521097));
#10249=CARTESIAN_POINT('Origin',(-80.9911468979801,-0.00885310201983458,
87.));
#10250=CARTESIAN_POINT('Ctrl Pts',(-78.9911468979801,-31.5427634786047,
102.185930869114));
#10251=CARTESIAN_POINT('Ctrl Pts',(-79.2975135380555,-31.7770605214431,
102.405511116187));
#10252=CARTESIAN_POINT('Ctrl Pts',(-79.6020238916281,-32.0008835332101,
102.641677009281));
#10253=CARTESIAN_POINT('Ctrl Pts',(-80.2734969074161,-32.4719062020169,
103.204504769582));
#10254=CARTESIAN_POINT('Ctrl Pts',(-80.6381535805171,-32.7120119737294,
103.539465987282));
#10255=CARTESIAN_POINT('Ctrl Pts',(-80.9911468979801,-32.9266108014654,
103.894414107645));
#10256=CARTESIAN_POINT('Ctrl Pts',(-80.9911468979801,-32.2427726063488,
105.165198413132));
#10257=CARTESIAN_POINT('Ctrl Pts',(-80.638153580517,-31.8283205522125,105.181639819303));
#10258=CARTESIAN_POINT('Ctrl Pts',(-80.2734969074161,-31.4164973340207,
105.165783087902));
#10259=CARTESIAN_POINT('Ctrl Pts',(-79.6020238916281,-30.6872913723802,
105.082740280847));
#10260=CARTESIAN_POINT('Ctrl Pts',(-79.2975135380555,-30.3668902130006,
105.026046659286));
#10261=CARTESIAN_POINT('Ctrl Pts',(-78.9911468979801,-30.0545608780853,
104.951474709206));
#10262=CARTESIAN_POINT('Origin',(-80.9911468979801,-0.00885310201983458,
87.));
#10263=CARTESIAN_POINT('Ctrl Pts',(-80.9911468979802,-18.3631052735405,
119.126646685022));
#10264=CARTESIAN_POINT('Ctrl Pts',(-80.6381535805171,-17.9988866223165,
118.928188631229));
#10265=CARTESIAN_POINT('Ctrl Pts',(-80.2734969074161,-17.6534903835601,
118.703352608258));
#10266=CARTESIAN_POINT('Ctrl Pts',(-79.6020238916281,-17.0700970012349,
118.258055399919));
#10267=CARTESIAN_POINT('Ctrl Pts',(-79.2975135380555,-16.8241271300288,
118.045053305759));
#10268=CARTESIAN_POINT('Ctrl Pts',(-78.9911468979801,-16.594256288575,117.820843614986));
#10269=CARTESIAN_POINT('Ctrl Pts',(-78.9911468979801,-19.2902474528437,
116.210063880245));
#10270=CARTESIAN_POINT('Ctrl Pts',(-79.2975135380555,-19.3787569165565,
116.518733062414));
#10271=CARTESIAN_POINT('Ctrl Pts',(-79.6020238916281,-19.4497681950723,
116.836268049433));
#10272=CARTESIAN_POINT('Ctrl Pts',(-80.2734969074161,-19.5654430853062,
117.561014047742));
#10273=CARTESIAN_POINT('Ctrl Pts',(-80.638153580517,-19.5997602288524,117.971711177792));
#10274=CARTESIAN_POINT('Ctrl Pts',(-80.9911468979801,-19.6019296991801,
118.386483547187));
#10275=CARTESIAN_POINT('Origin',(-80.9911468979801,-0.00885310201983458,
87.));
#10276=CARTESIAN_POINT('Ctrl Pts',(-78.9911468979801,-24.1960458165604,
112.297820233958));
#10277=CARTESIAN_POINT('Ctrl Pts',(-79.2975135380555,-24.3382479074665,
112.585725000382));
#10278=CARTESIAN_POINT('Ctrl Pts',(-79.6020238916281,-24.4648160667944,
112.885477516137));
#10279=CARTESIAN_POINT('Ctrl Pts',(-80.2734969074161,-24.7080404089292,
113.577921998886));
#10280=CARTESIAN_POINT('Ctrl Pts',(-80.6381535805171,-24.8151388661049,
113.975891494505));
#10281=CARTESIAN_POINT('Ctrl Pts',(-80.9911468979801,-24.8913339384793,
114.3836109274));
#10282=CARTESIAN_POINT('Ctrl Pts',(-80.9911468979801,-23.8045791625501,
115.333079981749));
#10283=CARTESIAN_POINT('Ctrl Pts',(-80.638153580517,-23.4107776010583,115.202844981917));
#10284=CARTESIAN_POINT('Ctrl Pts',(-80.2734969074161,-23.0307859998546,
115.0432950462));
#10285=CARTESIAN_POINT('Ctrl Pts',(-79.6020238916281,-22.3772571024086,
114.709322857989));
#10286=CARTESIAN_POINT('Ctrl Pts',(-79.2975135380555,-22.0972070757064,
114.543663411529));
#10287=CARTESIAN_POINT('Ctrl Pts',(-78.9911468979801,-21.8309961670757,
114.364101886381));
#10288=CARTESIAN_POINT('Origin',(-80.9911468979801,-0.00885310201983458,
87.));
#10289=CARTESIAN_POINT('Ctrl Pts',(-78.9911468979801,-13.7647292099075,
119.183472039301));
#10290=CARTESIAN_POINT('Ctrl Pts',(-79.2975135380555,-13.7967012794375,
119.502984755726));
#10291=CARTESIAN_POINT('Ctrl Pts',(-79.602023891628,-13.8098733162214,119.828096378256));
#10292=CARTESIAN_POINT('Ctrl Pts',(-80.2734969074161,-13.7942808684046,
120.561849959417));
#10293=CARTESIAN_POINT('Ctrl Pts',(-80.6381535805171,-13.7547137170914,
120.972074580216));
#10294=CARTESIAN_POINT('Ctrl Pts',(-80.9911468979802,-13.682787856811,121.380568760882));
#10295=CARTESIAN_POINT('Ctrl Pts',(-80.9911468979801,-12.3317106178092,
121.887636529945));
#10296=CARTESIAN_POINT('Ctrl Pts',(-80.638153580517,-12.0087811639835,121.627334027332));
#10297=CARTESIAN_POINT('Ctrl Pts',(-80.2734969074161,-11.7090816069809,
121.344438331881));
#10298=CARTESIAN_POINT('Ctrl Pts',(-79.602023891628,-11.2145744831022,120.802128322081));
#10299=CARTESIAN_POINT('Ctrl Pts',(-79.2975135380555,-11.0105904414374,
120.548629642788));
#10300=CARTESIAN_POINT('Ctrl Pts',(-78.9911468979801,-10.8244479051432,
120.28697807033));
#10301=CARTESIAN_POINT('Origin',(-80.9911468979801,-0.00885310201983458,
87.));
#10302=CARTESIAN_POINT('Ctrl Pts',(-78.9911468979801,-7.79708579049116,
121.122476926364));
#10303=CARTESIAN_POINT('Ctrl Pts',(-79.2975135380555,-7.77149285721687,
121.442563775443));
#10304=CARTESIAN_POINT('Ctrl Pts',(-79.6020238916281,-7.7264022921687,121.764802678435));
#10305=CARTESIAN_POINT('Ctrl Pts',(-80.2734969074161,-7.58004366040361,
122.483980398615));
#10306=CARTESIAN_POINT('Ctrl Pts',(-80.638153580517,-7.46786393503017,122.880547553316));
#10307=CARTESIAN_POINT('Ctrl Pts',(-80.9911468979801,-7.32415450047194,
123.269634206176));
#10308=CARTESIAN_POINT('Ctrl Pts',(-80.9911468979801,-5.90424918223957,
123.527309031153));
#10309=CARTESIAN_POINT('Ctrl Pts',(-80.638153580517,-5.63298814416523,123.213528416332));
#10310=CARTESIAN_POINT('Ctrl Pts',(-80.2734969074161,-5.38861785927229,
122.881665548819));
#10311=CARTESIAN_POINT('Ctrl Pts',(-79.6020238916281,-4.99889085968318,
122.259773027488));
#10312=CARTESIAN_POINT('Ctrl Pts',(-79.2975135380555,-4.84344886249746,
121.973925419192));
#10313=CARTESIAN_POINT('Ctrl Pts',(-78.9911468979801,-4.70701740563795,
121.683241661878));
#10314=CARTESIAN_POINT('Origin',(-80.9911468979801,-0.00885310201983458,
87.));
#10315=CARTESIAN_POINT('Ctrl Pts',(-80.9911468979802,-22.3365164271493,
57.4961790535586));
#10316=CARTESIAN_POINT('Ctrl Pts',(-80.6381535805171,-22.2971757819266,
57.9090872015142));
#10317=CARTESIAN_POINT('Ctrl Pts',(-80.2734969074161,-22.226182182205,58.3150548206308));
#10318=CARTESIAN_POINT('Ctrl Pts',(-79.6020238916281,-22.0460072346523,
59.0265141874045));
#10319=CARTESIAN_POINT('Ctrl Pts',(-79.2975135380555,-21.9468182098778,
59.3364054699888));
#10320=CARTESIAN_POINT('Ctrl Pts',(-78.9911468979801,-21.8309961670752,
59.6358981136187));
#10321=CARTESIAN_POINT('Ctrl Pts',(-78.9911468979801,-19.290247452843,57.7899361197541));
#10322=CARTESIAN_POINT('Ctrl Pts',(-79.2975135380555,-19.5392909036004,
57.5872344946441));
#10323=CARTESIAN_POINT('Ctrl Pts',(-79.6020238916281,-19.8033639329344,
57.3971384535601));
#10324=CARTESIAN_POINT('Ctrl Pts',(-80.2734969074161,-20.4243248790294,
57.0059288604767));
#10325=CARTESIAN_POINT('Ctrl Pts',(-80.638153580517,-20.7884847997892,56.8129590413733));
#10326=CARTESIAN_POINT('Ctrl Pts',(-80.9911468979801,-21.1690268565902,
56.6479482295448));
#10327=CARTESIAN_POINT('Origin',(-80.9911468979801,-0.00885310201983458,
87.));
#10328=CARTESIAN_POINT('Ctrl Pts',(-78.9911468979801,-24.1960458165597,
61.7021797660409));
#10329=CARTESIAN_POINT('Ctrl Pts',(-79.2975135380555,-24.4772808093569,
61.5472040646753));
#10330=CARTESIAN_POINT('Ctrl Pts',(-79.6020238916281,-24.771053035279,61.4073150052953));
#10331=CARTESIAN_POINT('Ctrl Pts',(-80.2734969074161,-25.4518880536625,
61.1332691696429));
#10332=CARTESIAN_POINT('Ctrl Pts',(-80.638153580517,-25.8446518663687,61.0084237195815));
#10333=CARTESIAN_POINT('Ctrl Pts',(-80.9911468979801,-26.2485422739298,
60.9140131073874));
#10334=CARTESIAN_POINT('Ctrl Pts',(-80.9911468979801,-27.2458123447747,
61.9570758255249));
#10335=CARTESIAN_POINT('Ctrl Pts',(-80.638153580517,-27.1333763231695,62.3563238262215));
#10336=CARTESIAN_POINT('Ctrl Pts',(-80.2734969074161,-26.991035302344,62.7430909819664));
#10337=CARTESIAN_POINT('Ctrl Pts',(-79.6020238916281,-26.6867198650163,
63.4109454248651));
#10338=CARTESIAN_POINT('Ctrl Pts',(-79.2975135380555,-26.533791623533,63.6981457427867));
#10339=CARTESIAN_POINT('Ctrl Pts',(-78.9911468979801,-26.366354412146,63.9721445921097));
#10340=CARTESIAN_POINT('Origin',(-80.9911468979801,-0.00885310201983458,
87.));
#10341=CARTESIAN_POINT('Ctrl Pts',(-80.9911468979801,-16.7095910389916,
53.9835593626358));
#10342=CARTESIAN_POINT('Ctrl Pts',(-80.638153580517,-16.7446102108585,54.3968564502331));
#10343=CARTESIAN_POINT('Ctrl Pts',(-80.2734969074161,-16.7472458249495,
54.8089763994117));
#10344=CARTESIAN_POINT('Ctrl Pts',(-79.6020238916281,-16.6970023382348,
55.5411738006215));
#10345=CARTESIAN_POINT('Ctrl Pts',(-79.2975135380555,-16.6547405470383,
55.8637958870668));
#10346=CARTESIAN_POINT('Ctrl Pts',(-78.9911468979801,-16.5942562885744,
56.1791563850139));
#10347=CARTESIAN_POINT('Ctrl Pts',(-78.9911468979801,-13.7647292099067,
54.816527960699));
#10348=CARTESIAN_POINT('Ctrl Pts',(-79.2975135380555,-13.9735766572033,
54.572615408859));
#10349=CARTESIAN_POINT('Ctrl Pts',(-79.6020238916281,-14.1994629655065,
54.3384222292431));
#10350=CARTESIAN_POINT('Ctrl Pts',(-80.2734969074161,-14.7405916435771,
53.8426226769388));
#10351=CARTESIAN_POINT('Ctrl Pts',(-80.6381535805171,-15.0644432729055,
53.5877306975554));
#10352=CARTESIAN_POINT('Ctrl Pts',(-80.9911468979802,-15.4094060441299,
53.357423269356));
#10353=CARTESIAN_POINT('Origin',(-80.9911468979801,-0.00885310201983458,
87.));
#10354=CARTESIAN_POINT('Ctrl Pts',(-80.9911468979801,-10.5458901921268,
51.5321152398157));
#10355=CARTESIAN_POINT('Ctrl Pts',(-80.638153580517,-10.6541436360854,51.9325175585974));
#10356=CARTESIAN_POINT('Ctrl Pts',(-80.2734969074161,-10.7303237531836,
52.337543963578));
#10357=CARTESIAN_POINT('Ctrl Pts',(-79.6020238916281,-10.8116265943103,
53.0669459722949));
#10358=CARTESIAN_POINT('Ctrl Pts',(-79.2975135380555,-10.8276503654341,
53.3919295232885));
#10359=CARTESIAN_POINT('Ctrl Pts',(-78.9911468979801,-10.8244479051426,
53.7130219296695));
#10360=CARTESIAN_POINT('Ctrl Pts',(-78.9911468979801,-7.79708579049028,
52.877523073636));
#10361=CARTESIAN_POINT('Ctrl Pts',(-79.2975135380555,-7.95902470552982,
52.6002391451742));
#10362=CARTESIAN_POINT('Ctrl Pts',(-79.6020238916281,-8.13946412099339,
52.329475988514));
#10363=CARTESIAN_POINT('Ctrl Pts',(-80.2734969074161,-8.58336821008431,
51.745021882545));
#10364=CARTESIAN_POINT('Ctrl Pts',(-80.638153580517,-8.85650269014855,51.4364001808249));
#10365=CARTESIAN_POINT('Ctrl Pts',(-80.9911468979801,-9.1547987884929,51.1481984064944));
#10366=CARTESIAN_POINT('Origin',(-80.9911468979801,-0.00885310201983458,
87.));
#10367=CARTESIAN_POINT('Ctrl Pts',(-78.9911468979801,-28.3244479051427,
66.427516169763));
#10368=CARTESIAN_POINT('Ctrl Pts',(-79.2975135380555,-28.6288353159103,
66.3252474386982));
#10369=CARTESIAN_POINT('Ctrl Pts',(-79.6020238916281,-28.9428646573627,
66.2400615104917));
#10370=CARTESIAN_POINT('Ctrl Pts',(-80.2734969074161,-29.6616911503509,
66.0919874909138));
#10371=CARTESIAN_POINT('Ctrl Pts',(-80.638153580517,-30.0704351028961,66.0392790453825));
#10372=CARTESIAN_POINT('Ctrl Pts',(-80.9911468979801,-30.4846924911959,
66.0185030675801));
#10373=CARTESIAN_POINT('Ctrl Pts',(-80.9911468979801,-31.2796899816933,
67.2228727858453));
#10374=CARTESIAN_POINT('Ctrl Pts',(-80.638153580517,-31.0977723699527,67.5956284800383));
#10375=CARTESIAN_POINT('Ctrl Pts',(-80.2734969074161,-30.8886588855512,
67.9507641577927));
#10376=CARTESIAN_POINT('Ctrl Pts',(-79.6020238916281,-30.4699839069957,
68.5535482855093));
#10377=CARTESIAN_POINT('Ctrl Pts',(-79.2975135380555,-30.2682316883146,
68.8088267842411));
#10378=CARTESIAN_POINT('Ctrl Pts',(-78.9911468979801,-30.054560878085,69.0485252907929));
#10379=CARTESIAN_POINT('Origin',(-80.9911468979801,-0.00885310201983458,
87.));
#10380=CARTESIAN_POINT('Ctrl Pts',(-78.9911468979801,-31.5427634786043,
71.814069130885));
#10381=CARTESIAN_POINT('Ctrl Pts',(-79.2975135380555,-31.8605200455094,
71.7677943712843));
#10382=CARTESIAN_POINT('Ctrl Pts',(-79.6020238916281,-32.1847133410736,
71.7400495200751));
#10383=CARTESIAN_POINT('Ctrl Pts',(-80.2734969074161,-32.9184276337295,
71.7227065373966));
#10384=CARTESIAN_POINT('Ctrl Pts',(-80.638153580517,-33.3300143591632,71.7438291892036));
#10385=CARTESIAN_POINT('Ctrl Pts',(-80.9911468979801,-33.7413241548898,
71.797355602814));
#10386=CARTESIAN_POINT('Ctrl Pts',(-80.9911468979801,-34.3084971915689,
73.1243228875033));
#10387=CARTESIAN_POINT('Ctrl Pts',(-80.638153580517,-34.0629449714165,73.4586056004767));
#10388=CARTESIAN_POINT('Ctrl Pts',(-80.2734969074161,-33.7937801028869,
73.7706954473511));
#10389=CARTESIAN_POINT('Ctrl Pts',(-79.6020238916281,-33.2742021414012,
74.2890352820483));
#10390=CARTESIAN_POINT('Ctrl Pts',(-79.2975135380555,-33.0301104278331,
74.5041871005971));
#10391=CARTESIAN_POINT('Ctrl Pts',(-78.9911468979801,-32.7770735744105,
74.7018811571527));
#10392=CARTESIAN_POINT('Origin',(-80.9911468979801,-0.00885310201983458,
87.));
#10393=CARTESIAN_POINT('Ctrl Pts',(-78.9911468979801,-33.7475532263746,
77.6887104051659));
#10394=CARTESIAN_POINT('Ctrl Pts',(-79.2975135380555,-34.0684659919059,
77.699916925878));
#10395=CARTESIAN_POINT('Ctrl Pts',(-79.6020238916281,-34.3924034023154,
77.7305048940125));
#10396=CARTESIAN_POINT('Ctrl Pts',(-80.2734969074161,-35.1174233135708,
77.8444503659665));
#10397=CARTESIAN_POINT('Ctrl Pts',(-80.638153580517,-35.5186240758829,77.9387252157028));
#10398=CARTESIAN_POINT('Ctrl Pts',(-80.9911468979801,-35.9137664437748,
78.0648336377509));
#10399=CARTESIAN_POINT('Ctrl Pts',(-80.9911468979801,-36.2348856185652,
79.4717486685019));
#10400=CARTESIAN_POINT('Ctrl Pts',(-80.638153580517,-35.9335910403977,79.7568142788122));
#10401=CARTESIAN_POINT('Ctrl Pts',(-80.2734969074161,-35.6130259680841,
80.0158274703396));
#10402=CARTESIAN_POINT('Ctrl Pts',(-79.6020238916281,-35.0092446868606,
80.4330631432388));
#10403=CARTESIAN_POINT('Ctrl Pts',(-79.2975135380555,-34.7306587869189,
80.601173125129));
#10404=CARTESIAN_POINT('Ctrl Pts',(-78.9911468979801,-34.4463887029718,
80.7505086820474));
#10405=CARTESIAN_POINT('Origin',(-80.9911468979801,-0.00885310201983458,
87.));
#10406=CARTESIAN_POINT('Ctrl Pts',(-78.9911468979801,-34.8679533918531,
83.8626241883793));
#10407=CARTESIAN_POINT('Ctrl Pts',(-79.2975135380555,-35.1817079556786,
83.9309518026077));
#10408=CARTESIAN_POINT('Ctrl Pts',(-79.6020238916281,-35.4949778660262,
84.0188894676222));
#10409=CARTESIAN_POINT('Ctrl Pts',(-80.2734969074161,-36.1880006593851,
84.2604610929856));
#10410=CARTESIAN_POINT('Ctrl Pts',(-80.638153580517,-36.5659205359657,84.4248580694111));
#10411=CARTESIAN_POINT('Ctrl Pts',(-80.9911468979801,-36.9321952751947,
84.6194952714498));
#10412=CARTESIAN_POINT('Ctrl Pts',(-80.9911468979801,-36.9969395536008,
86.0611386415608));
#10413=CARTESIAN_POINT('Ctrl Pts',(-80.638153580517,-36.6495864730667,86.2878249059398));
#10414=CARTESIAN_POINT('Ctrl Pts',(-80.2734969074161,-36.2879244221551,
86.4854365450278));
#10415=CARTESIAN_POINT('Ctrl Pts',(-79.6020238916281,-35.6193458483651,
86.7881577582993));
#10416=CARTESIAN_POINT('Ctrl Pts',(-79.2975135380555,-35.3152197420952,
86.9038227103916));
#10417=CARTESIAN_POINT('Ctrl Pts',(-78.9911468979801,-35.0088531020198,
86.9999999999997));
#10418=CARTESIAN_POINT('Origin',(-80.9911468979801,-0.00885310201983458,
87.));
#10419=CARTESIAN_POINT('Ctrl Pts',(-80.9911468979801,-4.04352030328282,
50.2206381162607));
#10420=CARTESIAN_POINT('Ctrl Pts',(-80.6381535805171,-4.22152866457331,
50.595276406249));
#10421=CARTESIAN_POINT('Ctrl Pts',(-80.2734969074161,-4.3688047930339,50.9801913851187));
#10422=CARTESIAN_POINT('Ctrl Pts',(-79.6020238916281,-4.57904082179196,
51.6833544206287));
#10423=CARTESIAN_POINT('Ctrl Pts',(-79.2975135380555,-4.65283513804763,
52.0002541974443));
#10424=CARTESIAN_POINT('Ctrl Pts',(-78.9911468979801,-4.70701740563735,
52.3167583381222));
#10425=CARTESIAN_POINT('Ctrl Pts',(-78.9911468979801,-1.57912216428778,
52.0352426710539));
#10426=CARTESIAN_POINT('Ctrl Pts',(-79.2975135380555,-1.68894769709703,
51.733499499581));
#10427=CARTESIAN_POINT('Ctrl Pts',(-79.6020238916281,-1.81814074844196,
51.4348689165162));
#10428=CARTESIAN_POINT('Ctrl Pts',(-80.2734969074161,-2.15055280588432,
50.7805450927389));
#10429=CARTESIAN_POINT('Ctrl Pts',(-80.638153580517,-2.36419136975941,50.42811302411));
#10430=CARTESIAN_POINT('Ctrl Pts',(-80.9911468979801,-2.60623331318405,
50.0912799458088));
#10431=CARTESIAN_POINT('Origin',(-80.9911468979801,-0.00885310201983458,
87.));
#10432=CARTESIAN_POINT('Ctrl Pts',(-80.9911468979802,9.13709258445375,51.1481984064946));
#10433=CARTESIAN_POINT('Ctrl Pts',(-80.6381535805171,8.83879648610939,51.436400180825));
#10434=CARTESIAN_POINT('Ctrl Pts',(-80.2734969074161,8.56566200604517,51.7450218825451));
#10435=CARTESIAN_POINT('Ctrl Pts',(-79.6020238916281,8.12175791695423,52.3294759885141));
#10436=CARTESIAN_POINT('Ctrl Pts',(-79.2975135380555,7.94131850149064,52.6002391451743));
#10437=CARTESIAN_POINT('Ctrl Pts',(-78.9911468979801,7.7793795864511,52.8775230736361));
#10438=CARTESIAN_POINT('Origin',(-98.9911468979801,-0.00885310201983458,
87.));
#10439=CARTESIAN_POINT('Ctrl Pts',(-98.9911468979801,34.8502471878136,90.1373758116202));
#10440=CARTESIAN_POINT('Ctrl Pts',(-98.6847802579048,35.1467592200936,90.2606284136234));
#10441=CARTESIAN_POINT('Ctrl Pts',(-98.3802699043322,35.4392928777015,90.403089386609));
#10442=CARTESIAN_POINT('Ctrl Pts',(-97.7087968885442,36.0780442303642,90.7645228545767));
#10443=CARTESIAN_POINT('Ctrl Pts',(-97.3441402154433,36.4205365654266,90.9937581036029));
#10444=CARTESIAN_POINT('Ctrl Pts',(-96.9911468979802,36.7461713045018,91.2506682858107));
#10445=CARTESIAN_POINT('Ctrl Pts',(-96.9911468979802,36.5524597521441,92.6807043911782));
#10446=CARTESIAN_POINT('Ctrl Pts',(-97.3441402154433,36.1702123830546,92.8417254265706));
#10447=CARTESIAN_POINT('Ctrl Pts',(-97.7087968885442,35.7790774694378,92.9715841125434));
#10448=CARTESIAN_POINT('Ctrl Pts',(-98.3802699043322,35.0671902685514,93.1500611573129));
#10449=CARTESIAN_POINT('Ctrl Pts',(-98.6847802579048,34.7472988192444,93.2095635128776));
#10450=CARTESIAN_POINT('Ctrl Pts',(-98.9911468979801,34.4286824989322,93.2494913179524));
#10451=CARTESIAN_POINT('Origin',(-98.9911468979801,-0.00885310201983458,
87.));
#10452=CARTESIAN_POINT('Ctrl Pts',(-96.9911468979802,36.9792333495612,86.0611386415613));
#10453=CARTESIAN_POINT('Ctrl Pts',(-97.3441402154433,36.631880269027,86.2878249059403));
#10454=CARTESIAN_POINT('Ctrl Pts',(-97.7087968885442,36.2702182181154,86.4854365450283));
#10455=CARTESIAN_POINT('Ctrl Pts',(-98.3802699043322,35.6016396443255,86.7881577582998));
#10456=CARTESIAN_POINT('Ctrl Pts',(-98.6847802579048,35.2975135380555,86.903822710392));
#10457=CARTESIAN_POINT('Ctrl Pts',(-98.9911468979801,34.9911468979802,87.0000000000001));
#10458=CARTESIAN_POINT('Ctrl Pts',(-98.9911468979801,34.8502471878136,83.8626241883798));
#10459=CARTESIAN_POINT('Ctrl Pts',(-98.6847802579048,35.164001751639,83.9309518026082));
#10460=CARTESIAN_POINT('Ctrl Pts',(-98.3802699043323,35.4772716619866,84.0188894676227));
#10461=CARTESIAN_POINT('Ctrl Pts',(-97.7087968885442,36.1702944553455,84.2604610929861));
#10462=CARTESIAN_POINT('Ctrl Pts',(-97.3441402154433,36.5482143319261,84.4248580694116));
#10463=CARTESIAN_POINT('Ctrl Pts',(-96.9911468979802,36.914489071155,84.6194952714503));
#10464=CARTESIAN_POINT('Origin',(-98.9911468979801,-0.00885310201983458,
87.));
#10465=CARTESIAN_POINT('Ctrl Pts',(-96.9911468979802,36.2171794145256,79.4717486685025));
#10466=CARTESIAN_POINT('Ctrl Pts',(-97.3441402154433,35.9158848363582,79.7568142788128));
#10467=CARTESIAN_POINT('Ctrl Pts',(-97.7087968885442,35.5953197640446,80.0158274703401));
#10468=CARTESIAN_POINT('Ctrl Pts',(-98.3802699043322,34.9915384828211,80.4330631432393));
#10469=CARTESIAN_POINT('Ctrl Pts',(-98.6847802579048,34.7129525828794,80.6011731251295));
#10470=CARTESIAN_POINT('Ctrl Pts',(-98.9911468979801,34.4286824989323,80.7505086820478));
#10471=CARTESIAN_POINT('Ctrl Pts',(-98.9911468979801,33.7298470223351,77.6887104051663));
#10472=CARTESIAN_POINT('Ctrl Pts',(-98.6847802579048,34.0507597878664,77.6999169258784));
#10473=CARTESIAN_POINT('Ctrl Pts',(-98.3802699043323,34.3746971982759,77.730504894013));
#10474=CARTESIAN_POINT('Ctrl Pts',(-97.7087968885442,35.0997171095313,77.844450365967));
#10475=CARTESIAN_POINT('Ctrl Pts',(-97.3441402154433,35.5009178718433,77.9387252157033));
#10476=CARTESIAN_POINT('Ctrl Pts',(-96.9911468979802,35.8960602397352,78.0648336377513));
#10477=CARTESIAN_POINT('Origin',(-98.9911468979801,-0.00885310201983458,
87.));
#10478=CARTESIAN_POINT('Ctrl Pts',(-96.9911468979802,34.2907909875294,73.1243228875038));
#10479=CARTESIAN_POINT('Ctrl Pts',(-97.3441402154433,34.045238767377,73.4586056004772));
#10480=CARTESIAN_POINT('Ctrl Pts',(-97.7087968885442,33.7760738988475,73.7706954473515));
#10481=CARTESIAN_POINT('Ctrl Pts',(-98.3802699043322,33.2564959373617,74.2890352820488));
#10482=CARTESIAN_POINT('Ctrl Pts',(-98.6847802579048,33.0124042237937,74.5041871005975));
#10483=CARTESIAN_POINT('Ctrl Pts',(-98.9911468979801,32.7593673703711,74.7018811571531));
#10484=CARTESIAN_POINT('Ctrl Pts',(-98.9911468979801,31.5250572745649,71.8140691308854));
#10485=CARTESIAN_POINT('Ctrl Pts',(-98.6847802579048,31.84281384147,71.7677943712848));
#10486=CARTESIAN_POINT('Ctrl Pts',(-98.3802699043323,32.1670071370342,71.7400495200756));
#10487=CARTESIAN_POINT('Ctrl Pts',(-97.7087968885442,32.90072142969,71.7227065373971));
#10488=CARTESIAN_POINT('Ctrl Pts',(-97.3441402154433,33.3123081551237,71.743829189204));
#10489=CARTESIAN_POINT('Ctrl Pts',(-96.9911468979802,33.7236179508503,71.7973556028144));
#10490=CARTESIAN_POINT('Origin',(-98.9911468979801,-0.00885310201983458,
87.));
#10491=CARTESIAN_POINT('Ctrl Pts',(-98.9911468979801,13.7470230058675,54.8165279606991));
#10492=CARTESIAN_POINT('Ctrl Pts',(-98.6847802579048,13.9558704531642,54.5726154088592));
#10493=CARTESIAN_POINT('Ctrl Pts',(-98.3802699043323,14.1817567614673,54.3384222292433));
#10494=CARTESIAN_POINT('Ctrl Pts',(-97.7087968885442,14.7228854395379,53.842622676939));
#10495=CARTESIAN_POINT('Ctrl Pts',(-97.3441402154433,15.0467370688663,53.5877306975556));
#10496=CARTESIAN_POINT('Ctrl Pts',(-96.9911468979802,15.3916998400907,53.3574232693562));
#10497=CARTESIAN_POINT('Origin',(-98.9911468979801,-0.00885310201983458,
87.));
#10498=CARTESIAN_POINT('Ctrl Pts',(-98.9911468979801,19.2725412488038,57.7899361197543));
#10499=CARTESIAN_POINT('Ctrl Pts',(-98.6847802579048,19.5215846995612,57.5872344946443));
#10500=CARTESIAN_POINT('Ctrl Pts',(-98.3802699043323,19.7856577288952,57.3971384535604));
#10501=CARTESIAN_POINT('Ctrl Pts',(-97.7087968885442,20.4066186749902,57.005928860477));
#10502=CARTESIAN_POINT('Ctrl Pts',(-97.3441402154433,20.77077859575,56.8129590413736));
#10503=CARTESIAN_POINT('Ctrl Pts',(-96.9911468979802,21.151320652551,56.6479482295451));
#10504=CARTESIAN_POINT('Ctrl Pts',(-96.9911468979802,22.3188102231101,57.496179053559));
#10505=CARTESIAN_POINT('Ctrl Pts',(-97.3441402154433,22.2794695778874,57.9090872015146));
#10506=CARTESIAN_POINT('Ctrl Pts',(-97.7087968885442,22.2084759781657,58.3150548206311));
#10507=CARTESIAN_POINT('Ctrl Pts',(-98.3802699043323,22.0283010306131,59.0265141874048));
#10508=CARTESIAN_POINT('Ctrl Pts',(-98.6847802579048,21.9291120058386,59.336405469989));
#10509=CARTESIAN_POINT('Ctrl Pts',(-98.9911468979801,21.813289963036,59.6358981136189));
#10510=CARTESIAN_POINT('Origin',(-98.9911468979801,-0.00885310201983458,
87.));
#10511=CARTESIAN_POINT('Ctrl Pts',(-96.9911468979802,31.2619837776539,67.2228727858458));
#10512=CARTESIAN_POINT('Ctrl Pts',(-97.3441402154433,31.0800661659133,67.5956284800387));
#10513=CARTESIAN_POINT('Ctrl Pts',(-97.7087968885442,30.8709526815118,67.9507641577931));
#10514=CARTESIAN_POINT('Ctrl Pts',(-98.3802699043323,30.4522777029563,68.5535482855097));
#10515=CARTESIAN_POINT('Ctrl Pts',(-98.6847802579048,30.2505254842753,68.8088267842415));
#10516=CARTESIAN_POINT('Ctrl Pts',(-98.9911468979801,30.0368546740456,69.0485252907933));
#10517=CARTESIAN_POINT('Ctrl Pts',(-98.9911468979801,28.3067417011034,66.4275161697634));
#10518=CARTESIAN_POINT('Ctrl Pts',(-98.6847802579048,28.6111291118709,66.3252474386986));
#10519=CARTESIAN_POINT('Ctrl Pts',(-98.3802699043323,28.9251584533234,66.2400615104921));
#10520=CARTESIAN_POINT('Ctrl Pts',(-97.7087968885442,29.6439849463115,66.0919874909142));
#10521=CARTESIAN_POINT('Ctrl Pts',(-97.3441402154433,30.0527288988567,66.0392790453829));
#10522=CARTESIAN_POINT('Ctrl Pts',(-96.9911468979802,30.4669862871566,66.0185030675805));
#10523=CARTESIAN_POINT('Origin',(-98.9911468979801,-0.00885310201983458,
87.));
#10524=CARTESIAN_POINT('Ctrl Pts',(-96.9911468979802,27.2281061407354,61.9570758255253));
#10525=CARTESIAN_POINT('Ctrl Pts',(-97.3441402154433,27.1156701191302,62.3563238262219));
#10526=CARTESIAN_POINT('Ctrl Pts',(-97.7087968885442,26.9733290983047,62.7430909819667));
#10527=CARTESIAN_POINT('Ctrl Pts',(-98.3802699043322,26.669013660977,63.4109454248655));
#10528=CARTESIAN_POINT('Ctrl Pts',(-98.6847802579048,26.5160854194937,63.6981457427871));
#10529=CARTESIAN_POINT('Ctrl Pts',(-98.9911468979801,26.3486482081067,63.9721445921101));
#10530=CARTESIAN_POINT('Ctrl Pts',(-98.9911468979801,24.1783396125205,61.7021797660412));
#10531=CARTESIAN_POINT('Ctrl Pts',(-98.6847802579048,24.4595746053177,61.5472040646757));
#10532=CARTESIAN_POINT('Ctrl Pts',(-98.3802699043323,24.7533468312398,61.4073150052957));
#10533=CARTESIAN_POINT('Ctrl Pts',(-97.7087968885442,25.4341818496232,61.1332691696433));
#10534=CARTESIAN_POINT('Ctrl Pts',(-97.3441402154433,25.8269456623295,61.0084237195818));
#10535=CARTESIAN_POINT('Ctrl Pts',(-96.9911468979802,26.2308360698905,60.9140131073878));
#10536=CARTESIAN_POINT('Origin',(-98.9911468979801,-0.00885310201983458,
87.));
#10537=CARTESIAN_POINT('Ctrl Pts',(-98.9911468979801,1.561415960248,121.964757328946));
#10538=CARTESIAN_POINT('Ctrl Pts',(-98.6847802579048,1.47908060210283,122.275130455983));
#10539=CARTESIAN_POINT('Ctrl Pts',(-98.3802699043322,1.37717668308385,122.584139615954));
#10540=CARTESIAN_POINT('Ctrl Pts',(-97.7087968885442,1.10475595421964,123.265626511485));
#10541=CARTESIAN_POINT('Ctrl Pts',(-97.3441402154433,0.923569203461271,
123.63579020544));
#10542=CARTESIAN_POINT('Ctrl Pts',(-96.9911468979802,0.712695134096411,
123.992963765329));
#10543=CARTESIAN_POINT('Ctrl Pts',(-96.9911468979802,-0.730401338136602,
123.992963765329));
#10544=CARTESIAN_POINT('Ctrl Pts',(-97.3441402154433,-0.941275407501459,
123.63579020544));
#10545=CARTESIAN_POINT('Ctrl Pts',(-97.7087968885442,-1.12246215825978,
123.265626511485));
#10546=CARTESIAN_POINT('Ctrl Pts',(-98.3802699043322,-1.39488288712399,
122.584139615954));
#10547=CARTESIAN_POINT('Ctrl Pts',(-98.6847802579048,-1.496786806143,122.275130455983));
#10548=CARTESIAN_POINT('Ctrl Pts',(-98.9911468979801,-1.57912216428816,
121.964757328946));
#10549=CARTESIAN_POINT('Origin',(-98.9911468979801,-0.00885310201983458,
87.));
#10550=CARTESIAN_POINT('Ctrl Pts',(-96.9911468979802,5.88654297819942,123.527309031153));
#10551=CARTESIAN_POINT('Ctrl Pts',(-97.3441402154433,5.61528194012509,123.213528416332));
#10552=CARTESIAN_POINT('Ctrl Pts',(-97.7087968885442,5.37091165523215,122.881665548819));
#10553=CARTESIAN_POINT('Ctrl Pts',(-98.3802699043322,4.98118465564305,122.259773027488));
#10554=CARTESIAN_POINT('Ctrl Pts',(-98.6847802579048,4.82574265845734,121.973925419192));
#10555=CARTESIAN_POINT('Ctrl Pts',(-98.9911468979801,4.68931120159784,121.683241661878));
#10556=CARTESIAN_POINT('Origin',(-98.9911468979801,-0.00885310201983458,
87.));
#10557=CARTESIAN_POINT('Ctrl Pts',(-98.9911468979801,19.2725412488037,116.210063880246));
#10558=CARTESIAN_POINT('Ctrl Pts',(-98.6847802579048,19.3610507125165,116.518733062414));
#10559=CARTESIAN_POINT('Ctrl Pts',(-98.3802699043322,19.4320619910323,116.836268049433));
#10560=CARTESIAN_POINT('Ctrl Pts',(-97.7087968885442,19.5477368812662,117.561014047742));
#10561=CARTESIAN_POINT('Ctrl Pts',(-97.3441402154433,19.5820540248123,117.971711177792));
#10562=CARTESIAN_POINT('Ctrl Pts',(-96.9911468979802,19.58422349514,118.386483547187));
#10563=CARTESIAN_POINT('Ctrl Pts',(-96.9911468979802,18.3453990695004,119.126646685022));
#10564=CARTESIAN_POINT('Ctrl Pts',(-97.3441402154433,17.9811804182764,118.928188631229));
#10565=CARTESIAN_POINT('Ctrl Pts',(-97.7087968885442,17.63578417952,118.703352608258));
#10566=CARTESIAN_POINT('Ctrl Pts',(-98.3802699043323,17.0523907971948,118.258055399919));
#10567=CARTESIAN_POINT('Ctrl Pts',(-98.6847802579048,16.8064209259887,118.045053305759));
#10568=CARTESIAN_POINT('Ctrl Pts',(-98.9911468979801,16.5765500845349,117.820843614986));
#10569=CARTESIAN_POINT('Origin',(-98.9911468979801,-0.00885310201983458,
87.));
#10570=CARTESIAN_POINT('Ctrl Pts',(-96.9911468979802,12.3140044137691,121.887636529945));
#10571=CARTESIAN_POINT('Ctrl Pts',(-97.3441402154433,11.9910749599433,121.627334027332));
#10572=CARTESIAN_POINT('Ctrl Pts',(-97.7087968885442,11.6913754029408,121.344438331881));
#10573=CARTESIAN_POINT('Ctrl Pts',(-98.3802699043322,11.1968682790621,120.802128322081));
#10574=CARTESIAN_POINT('Ctrl Pts',(-98.6847802579048,10.9928842373973,120.548629642788));
#10575=CARTESIAN_POINT('Ctrl Pts',(-98.9911468979801,10.8067417011031,120.28697807033));
#10576=CARTESIAN_POINT('Origin',(-98.9911468979801,-0.00885310201983458,
87.));
#10577=CARTESIAN_POINT('Ctrl Pts',(-98.9911468979801,28.3067417011033,107.572483830237));
#10578=CARTESIAN_POINT('Ctrl Pts',(-98.6847802579048,28.4980659269967,107.830370684833));
#10579=CARTESIAN_POINT('Ctrl Pts',(-98.3802699043322,28.6761229623553,108.102706436832));
#10580=CARTESIAN_POINT('Ctrl Pts',(-97.7087968885442,29.0390793259091,108.740593668599));
#10581=CARTESIAN_POINT('Ctrl Pts',(-97.3441402154433,29.2155168641799,109.113044462747));
#10582=CARTESIAN_POINT('Ctrl Pts',(-96.9911468979802,29.3632885662813,109.500606521097));
#10583=CARTESIAN_POINT('Ctrl Pts',(-96.9911468979802,28.4635326327457,110.628864775328));
#10584=CARTESIAN_POINT('Ctrl Pts',(-97.3441402154433,28.0528052671934,110.571038689509));
#10585=CARTESIAN_POINT('Ctrl Pts',(-97.7087968885442,27.6504315462632,110.481902907258));
#10586=CARTESIAN_POINT('Ctrl Pts',(-98.3802699043322,26.9477720901858,110.269989880097));
#10587=CARTESIAN_POINT('Ctrl Pts',(-98.6847802579048,26.6426429462716,110.15699751225));
#10588=CARTESIAN_POINT('Ctrl Pts',(-98.9911468979801,26.3486482081064,110.02785540789));
#10589=CARTESIAN_POINT('Origin',(-98.9911468979801,-0.00885310201983458,
87.));
#10590=CARTESIAN_POINT('Ctrl Pts',(-96.9911468979802,23.7868729585101,115.33307998175));
#10591=CARTESIAN_POINT('Ctrl Pts',(-97.3441402154433,23.3930713970183,115.202844981917));
#10592=CARTESIAN_POINT('Ctrl Pts',(-97.7087968885442,23.0130797958145,115.043295046201));
#10593=CARTESIAN_POINT('Ctrl Pts',(-98.3802699043322,22.3595508983686,114.709322857989));
#10594=CARTESIAN_POINT('Ctrl Pts',(-98.6847802579048,22.0795008716664,114.543663411529));
#10595=CARTESIAN_POINT('Ctrl Pts',(-98.9911468979801,21.8132899630357,114.364101886381));
#10596=CARTESIAN_POINT('Ctrl Pts',(-98.9911468979801,24.1783396125204,112.297820233959));
#10597=CARTESIAN_POINT('Ctrl Pts',(-98.6847802579048,24.3205417034265,112.585725000382));
#10598=CARTESIAN_POINT('Ctrl Pts',(-98.3802699043322,24.4471098627544,112.885477516138));
#10599=CARTESIAN_POINT('Ctrl Pts',(-97.7087968885442,24.6903342048892,113.577921998886));
#10600=CARTESIAN_POINT('Ctrl Pts',(-97.3441402154433,24.7974326620649,113.975891494505));
#10601=CARTESIAN_POINT('Ctrl Pts',(-96.9911468979802,24.8736277344392,114.3836109274));
#10602=CARTESIAN_POINT('Origin',(-98.9911468979801,-0.00885310201983458,
87.));
#10603=CARTESIAN_POINT('Ctrl Pts',(-96.9911468979802,32.2250664023089,105.165198413132));
#10604=CARTESIAN_POINT('Ctrl Pts',(-97.3441402154433,31.8106143481726,105.181639819304));
#10605=CARTESIAN_POINT('Ctrl Pts',(-97.7087968885442,31.3987911299808,105.165783087903));
#10606=CARTESIAN_POINT('Ctrl Pts',(-98.3802699043322,30.6695851683403,105.082740280847));
#10607=CARTESIAN_POINT('Ctrl Pts',(-98.6847802579048,30.3491840089608,105.026046659287));
#10608=CARTESIAN_POINT('Ctrl Pts',(-98.9911468979801,30.0368546740454,104.951474709207));
#10609=CARTESIAN_POINT('Ctrl Pts',(-98.9911468979801,31.5250572745648,102.185930869115));
#10610=CARTESIAN_POINT('Ctrl Pts',(-98.6847802579048,31.7593543174032,102.405511116187));
#10611=CARTESIAN_POINT('Ctrl Pts',(-98.3802699043322,31.9831773291702,102.641677009282));
#10612=CARTESIAN_POINT('Ctrl Pts',(-97.7087968885442,32.4541999979771,103.204504769583));
#10613=CARTESIAN_POINT('Ctrl Pts',(-97.3441402154433,32.6943057696895,103.539465987283));
#10614=CARTESIAN_POINT('Ctrl Pts',(-96.9911468979802,32.9089045974255,103.894414107645));
#10615=CARTESIAN_POINT('Origin',(-98.9911468979801,-0.00885310201983458,
87.));
#10616=CARTESIAN_POINT('Ctrl Pts',(-96.9911468979802,34.9505754768457,99.1176876275634));
#10617=CARTESIAN_POINT('Ctrl Pts',(-97.3441402154433,34.5457195641576,99.2078680854032));
#10618=CARTESIAN_POINT('Ctrl Pts',(-97.7087968885442,34.1376831857862,99.2658000532456));
#10619=CARTESIAN_POINT('Ctrl Pts',(-98.3802699043322,33.4053679981825,99.3142965304429));
#10620=CARTESIAN_POINT('Ctrl Pts',(-98.6847802579048,33.0799927802269,99.3157238348133));
#10621=CARTESIAN_POINT('Ctrl Pts',(-98.9911468979801,32.759367370371,99.2981188428472));
#10622=CARTESIAN_POINT('Ctrl Pts',(-98.9911468979801,33.7298470223351,96.3112895948337));
#10623=CARTESIAN_POINT('Ctrl Pts',(-98.6847802579048,33.9995863823814,96.4855057445707));
#10624=CARTESIAN_POINT('Ctrl Pts',(-98.3802699043322,34.2619815147964,96.6779112126383));
#10625=CARTESIAN_POINT('Ctrl Pts',(-97.7087968885442,34.825931432722,97.1475897541615));
#10626=CARTESIAN_POINT('Ctrl Pts',(-97.3441402154433,35.1219882408137,97.4342954662692));
#10627=CARTESIAN_POINT('Ctrl Pts',(-96.9911468979802,35.3965168112882,97.7452213240036));
#10628=CARTESIAN_POINT('Origin',(-98.9911468979801,-0.00885310201983458,
87.));
#10629=CARTESIAN_POINT('Ctrl Pts',(-98.9911468979801,-34.446388702972,93.249491317952));
#10630=CARTESIAN_POINT('Ctrl Pts',(-98.6847802579048,-34.7650050232842,
93.2095635128771));
#10631=CARTESIAN_POINT('Ctrl Pts',(-98.3802699043322,-35.0848964725911,
93.1500611573125));
#10632=CARTESIAN_POINT('Ctrl Pts',(-97.7087968885442,-35.7967836734775,
92.9715841125429));
#10633=CARTESIAN_POINT('Ctrl Pts',(-97.3441402154433,-36.1879185870944,
92.8417254265701));
#10634=CARTESIAN_POINT('Ctrl Pts',(-96.9911468979802,-36.5701659561838,
92.6807043911776));
#10635=CARTESIAN_POINT('Ctrl Pts',(-96.9911468979802,-36.7638775085416,
91.2506682858102));
#10636=CARTESIAN_POINT('Ctrl Pts',(-97.3441402154433,-36.4382427694663,
90.9937581036023));
#10637=CARTESIAN_POINT('Ctrl Pts',(-97.7087968885442,-36.0957504344039,
90.7645228545762));
#10638=CARTESIAN_POINT('Ctrl Pts',(-98.3802699043322,-35.4569990817412,
90.4030893866085));
#10639=CARTESIAN_POINT('Ctrl Pts',(-98.6847802579048,-35.1644654241333,
90.2606284136229));
#10640=CARTESIAN_POINT('Ctrl Pts',(-98.9911468979801,-34.8679533918533,
90.1373758116197));
#10641=CARTESIAN_POINT('Origin',(-98.9911468979801,-0.00885310201983458,
87.));
#10642=CARTESIAN_POINT('Ctrl Pts',(-96.9911468979802,-35.414223015328,97.7452213240031));
#10643=CARTESIAN_POINT('Ctrl Pts',(-97.3441402154433,-35.1396944448535,
97.4342954662687));
#10644=CARTESIAN_POINT('Ctrl Pts',(-97.7087968885442,-34.8436376367618,
97.147589754161));
#10645=CARTESIAN_POINT('Ctrl Pts',(-98.3802699043322,-34.2796877188362,
96.6779112126379));
#10646=CARTESIAN_POINT('Ctrl Pts',(-98.6847802579048,-34.0172925864212,
96.4855057445703));
#10647=CARTESIAN_POINT('Ctrl Pts',(-98.9911468979801,-33.7475532263749,
96.3112895948332));
#10648=CARTESIAN_POINT('Ctrl Pts',(-98.9911468979801,-32.7770735744108,
99.2981188428467));
#10649=CARTESIAN_POINT('Ctrl Pts',(-98.6847802579048,-33.0976989842667,
99.3157238348129));
#10650=CARTESIAN_POINT('Ctrl Pts',(-98.3802699043322,-33.4230742022223,
99.3142965304424));
#10651=CARTESIAN_POINT('Ctrl Pts',(-97.7087968885442,-34.155389389826,99.2658000532452));
#10652=CARTESIAN_POINT('Ctrl Pts',(-97.3441402154433,-34.5634257681975,
99.2078680854027));
#10653=CARTESIAN_POINT('Ctrl Pts',(-96.9911468979802,-34.9682816808855,
99.1176876275629));
#10654=CARTESIAN_POINT('Origin',(-98.9911468979801,-0.00885310201983458,
87.));
#10655=CARTESIAN_POINT('Ctrl Pts',(-98.9911468979801,-26.3663544121464,
110.02785540789));
#10656=CARTESIAN_POINT('Ctrl Pts',(-98.6847802579048,-26.6603491503116,
110.15699751225));
#10657=CARTESIAN_POINT('Ctrl Pts',(-98.3802699043322,-26.9654782942257,
110.269989880097));
#10658=CARTESIAN_POINT('Ctrl Pts',(-97.7087968885442,-27.6681377503031,
110.481902907258));
#10659=CARTESIAN_POINT('Ctrl Pts',(-97.3441402154433,-28.0705114712334,
110.571038689508));
#10660=CARTESIAN_POINT('Ctrl Pts',(-96.9911468979802,-28.4812388367857,
110.628864775327));
#10661=CARTESIAN_POINT('Ctrl Pts',(-96.9911468979802,-29.3809947703213,
109.500606521097));
#10662=CARTESIAN_POINT('Ctrl Pts',(-97.3441402154433,-29.2332230682199,
109.113044462747));
#10663=CARTESIAN_POINT('Ctrl Pts',(-97.7087968885442,-29.0567855299491,
108.740593668599));
#10664=CARTESIAN_POINT('Ctrl Pts',(-98.3802699043322,-28.6938291663952,
108.102706436832));
#10665=CARTESIAN_POINT('Ctrl Pts',(-98.6847802579048,-28.5157721310366,
107.830370684833));
#10666=CARTESIAN_POINT('Ctrl Pts',(-98.9911468979801,-28.3244479051433,
107.572483830236));
#10667=CARTESIAN_POINT('Origin',(-98.9911468979801,-0.00885310201983458,
87.));
#10668=CARTESIAN_POINT('Ctrl Pts',(-96.9911468979802,-32.9266108014654,
103.894414107645));
#10669=CARTESIAN_POINT('Ctrl Pts',(-97.3441402154433,-32.7120119737294,
103.539465987282));
#10670=CARTESIAN_POINT('Ctrl Pts',(-97.7087968885442,-32.471906202017,103.204504769582));
#10671=CARTESIAN_POINT('Ctrl Pts',(-98.3802699043322,-32.0008835332101,
102.641677009281));
#10672=CARTESIAN_POINT('Ctrl Pts',(-98.6847802579048,-31.7770605214431,
102.405511116187));
#10673=CARTESIAN_POINT('Ctrl Pts',(-98.9911468979801,-31.5427634786047,
102.185930869114));
#10674=CARTESIAN_POINT('Ctrl Pts',(-98.9911468979801,-30.0545608780853,
104.951474709206));
#10675=CARTESIAN_POINT('Ctrl Pts',(-98.6847802579048,-30.3668902130007,
105.026046659286));
#10676=CARTESIAN_POINT('Ctrl Pts',(-98.3802699043322,-30.6872913723803,
105.082740280847));
#10677=CARTESIAN_POINT('Ctrl Pts',(-97.7087968885442,-31.4164973340207,
105.165783087902));
#10678=CARTESIAN_POINT('Ctrl Pts',(-97.3441402154433,-31.8283205522125,
105.181639819303));
#10679=CARTESIAN_POINT('Ctrl Pts',(-96.9911468979802,-32.2427726063488,
105.165198413132));
#10680=CARTESIAN_POINT('Origin',(-98.9911468979801,-0.00885310201983458,
87.));
#10681=CARTESIAN_POINT('Ctrl Pts',(-98.9911468979801,-16.594256288575,117.820843614986));
#10682=CARTESIAN_POINT('Ctrl Pts',(-98.6847802579048,-16.8241271300288,
118.045053305759));
#10683=CARTESIAN_POINT('Ctrl Pts',(-98.3802699043322,-17.0700970012349,
118.258055399919));
#10684=CARTESIAN_POINT('Ctrl Pts',(-97.7087968885442,-17.65349038356,118.703352608258));
#10685=CARTESIAN_POINT('Ctrl Pts',(-97.3441402154433,-17.9988866223165,
118.928188631229));
#10686=CARTESIAN_POINT('Ctrl Pts',(-96.9911468979802,-18.3631052735405,
119.126646685022));
#10687=CARTESIAN_POINT('Ctrl Pts',(-96.9911468979802,-19.6019296991801,
118.386483547187));
#10688=CARTESIAN_POINT('Ctrl Pts',(-97.3441402154433,-19.5997602288524,
117.971711177792));
#10689=CARTESIAN_POINT('Ctrl Pts',(-97.7087968885442,-19.5654430853062,
117.561014047742));
#10690=CARTESIAN_POINT('Ctrl Pts',(-98.3802699043322,-19.4497681950723,
116.836268049433));
#10691=CARTESIAN_POINT('Ctrl Pts',(-98.6847802579048,-19.3787569165566,
116.518733062414));
#10692=CARTESIAN_POINT('Ctrl Pts',(-98.9911468979801,-19.2902474528437,
116.210063880245));
#10693=CARTESIAN_POINT('Origin',(-98.9911468979801,-0.00885310201983458,
87.));
#10694=CARTESIAN_POINT('Ctrl Pts',(-96.9911468979802,-24.8913339384793,
114.3836109274));
#10695=CARTESIAN_POINT('Ctrl Pts',(-97.3441402154433,-24.8151388661049,
113.975891494505));
#10696=CARTESIAN_POINT('Ctrl Pts',(-97.7087968885442,-24.7080404089292,
113.577921998886));
#10697=CARTESIAN_POINT('Ctrl Pts',(-98.3802699043322,-24.4648160667944,
112.885477516137));
#10698=CARTESIAN_POINT('Ctrl Pts',(-98.6847802579048,-24.3382479074665,
112.585725000382));
#10699=CARTESIAN_POINT('Ctrl Pts',(-98.9911468979801,-24.1960458165604,
112.297820233958));
#10700=CARTESIAN_POINT('Ctrl Pts',(-98.9911468979801,-21.8309961670757,
114.364101886381));
#10701=CARTESIAN_POINT('Ctrl Pts',(-98.6847802579048,-22.0972070757065,
114.543663411529));
#10702=CARTESIAN_POINT('Ctrl Pts',(-98.3802699043322,-22.3772571024086,
114.709322857989));
#10703=CARTESIAN_POINT('Ctrl Pts',(-97.7087968885442,-23.0307859998545,
115.0432950462));
#10704=CARTESIAN_POINT('Ctrl Pts',(-97.3441402154433,-23.4107776010583,
115.202844981917));
#10705=CARTESIAN_POINT('Ctrl Pts',(-96.9911468979802,-23.8045791625501,
115.333079981749));
#10706=CARTESIAN_POINT('Origin',(-98.9911468979801,-0.00885310201983458,
87.));
#10707=CARTESIAN_POINT('Ctrl Pts',(-96.9911468979802,-13.682787856811,121.380568760882));
#10708=CARTESIAN_POINT('Ctrl Pts',(-97.3441402154432,-13.7547137170914,
120.972074580216));
#10709=CARTESIAN_POINT('Ctrl Pts',(-97.7087968885442,-13.7942808684046,
120.561849959417));
#10710=CARTESIAN_POINT('Ctrl Pts',(-98.3802699043322,-13.8098733162213,
119.828096378256));
#10711=CARTESIAN_POINT('Ctrl Pts',(-98.6847802579048,-13.7967012794375,
119.502984755726));
#10712=CARTESIAN_POINT('Ctrl Pts',(-98.9911468979801,-13.7647292099075,
119.183472039301));
#10713=CARTESIAN_POINT('Ctrl Pts',(-98.9911468979801,-10.8244479051432,
120.28697807033));
#10714=CARTESIAN_POINT('Ctrl Pts',(-98.6847802579048,-11.0105904414374,
120.548629642788));
#10715=CARTESIAN_POINT('Ctrl Pts',(-98.3802699043322,-11.2145744831022,
120.802128322081));
#10716=CARTESIAN_POINT('Ctrl Pts',(-97.7087968885442,-11.7090816069809,
121.344438331881));
#10717=CARTESIAN_POINT('Ctrl Pts',(-97.3441402154433,-12.0087811639835,
121.627334027332));
#10718=CARTESIAN_POINT('Ctrl Pts',(-96.9911468979802,-12.3317106178092,
121.887636529945));
#10719=CARTESIAN_POINT('Origin',(-98.9911468979801,-0.00885310201983458,
87.));
#10720=CARTESIAN_POINT('Ctrl Pts',(-96.9911468979802,-7.32415450047194,
123.269634206176));
#10721=CARTESIAN_POINT('Ctrl Pts',(-97.3441402154433,-7.46786393503017,
122.880547553316));
#10722=CARTESIAN_POINT('Ctrl Pts',(-97.7087968885442,-7.58004366040359,
122.483980398615));
#10723=CARTESIAN_POINT('Ctrl Pts',(-98.3802699043322,-7.72640229216868,
121.764802678435));
#10724=CARTESIAN_POINT('Ctrl Pts',(-98.6847802579048,-7.77149285721686,
121.442563775444));
#10725=CARTESIAN_POINT('Ctrl Pts',(-98.9911468979801,-7.79708579049115,
121.122476926364));
#10726=CARTESIAN_POINT('Ctrl Pts',(-98.9911468979801,-4.70701740563797,
121.683241661878));
#10727=CARTESIAN_POINT('Ctrl Pts',(-98.6847802579048,-4.84344886249748,
121.973925419192));
#10728=CARTESIAN_POINT('Ctrl Pts',(-98.3802699043322,-4.99889085968318,
122.259773027488));
#10729=CARTESIAN_POINT('Ctrl Pts',(-97.7087968885442,-5.38861785927229,
122.881665548819));
#10730=CARTESIAN_POINT('Ctrl Pts',(-97.3441402154433,-5.63298814416524,
123.213528416332));
#10731=CARTESIAN_POINT('Ctrl Pts',(-96.9911468979802,-5.90424918223957,
123.527309031153));
#10732=CARTESIAN_POINT('Origin',(-98.9911468979801,-0.00885310201983458,
87.));
#10733=CARTESIAN_POINT('Ctrl Pts',(-98.9911468979801,-21.8309961670752,
59.6358981136186));
#10734=CARTESIAN_POINT('Ctrl Pts',(-98.6847802579048,-21.9468182098779,
59.3364054699887));
#10735=CARTESIAN_POINT('Ctrl Pts',(-98.3802699043323,-22.0460072346523,
59.0265141874045));
#10736=CARTESIAN_POINT('Ctrl Pts',(-97.7087968885442,-22.226182182205,58.3150548206308));
#10737=CARTESIAN_POINT('Ctrl Pts',(-97.3441402154433,-22.2971757819266,
57.9090872015142));
#10738=CARTESIAN_POINT('Ctrl Pts',(-96.9911468979802,-22.3365164271493,
57.4961790535586));
#10739=CARTESIAN_POINT('Ctrl Pts',(-96.9911468979802,-21.1690268565902,
56.6479482295448));
#10740=CARTESIAN_POINT('Ctrl Pts',(-97.3441402154433,-20.7884847997892,
56.8129590413733));
#10741=CARTESIAN_POINT('Ctrl Pts',(-97.7087968885442,-20.4243248790294,
57.0059288604767));
#10742=CARTESIAN_POINT('Ctrl Pts',(-98.3802699043323,-19.8033639329345,
57.3971384535601));
#10743=CARTESIAN_POINT('Ctrl Pts',(-98.6847802579048,-19.5392909036004,
57.5872344946441));
#10744=CARTESIAN_POINT('Ctrl Pts',(-98.9911468979801,-19.290247452843,57.789936119754));
#10745=CARTESIAN_POINT('Origin',(-98.9911468979801,-0.00885310201983458,
87.));
#10746=CARTESIAN_POINT('Ctrl Pts',(-96.9911468979802,-26.2485422739297,
60.9140131073874));
#10747=CARTESIAN_POINT('Ctrl Pts',(-97.3441402154433,-25.8446518663687,
61.0084237195815));
#10748=CARTESIAN_POINT('Ctrl Pts',(-97.7087968885442,-25.4518880536625,
61.1332691696429));
#10749=CARTESIAN_POINT('Ctrl Pts',(-98.3802699043323,-24.7710530352791,
61.4073150052953));
#10750=CARTESIAN_POINT('Ctrl Pts',(-98.6847802579048,-24.477280809357,61.5472040646753));
#10751=CARTESIAN_POINT('Ctrl Pts',(-98.9911468979801,-24.1960458165598,
61.7021797660409));
#10752=CARTESIAN_POINT('Ctrl Pts',(-98.9911468979801,-26.366354412146,63.9721445921097));
#10753=CARTESIAN_POINT('Ctrl Pts',(-98.6847802579048,-26.533791623533,63.6981457427867));
#10754=CARTESIAN_POINT('Ctrl Pts',(-98.3802699043323,-26.6867198650163,
63.4109454248651));
#10755=CARTESIAN_POINT('Ctrl Pts',(-97.7087968885442,-26.9910353023441,
62.7430909819664));
#10756=CARTESIAN_POINT('Ctrl Pts',(-97.3441402154433,-27.1333763231695,
62.3563238262215));
#10757=CARTESIAN_POINT('Ctrl Pts',(-96.9911468979802,-27.2458123447747,
61.9570758255249));
#10758=CARTESIAN_POINT('Origin',(-98.9911468979801,-0.00885310201983458,
87.));
#10759=CARTESIAN_POINT('Ctrl Pts',(-98.9911468979801,-16.5942562885744,
56.1791563850139));
#10760=CARTESIAN_POINT('Ctrl Pts',(-98.6847802579048,-16.6547405470383,
55.8637958870667));
#10761=CARTESIAN_POINT('Ctrl Pts',(-98.3802699043323,-16.6970023382348,
55.5411738006215));
#10762=CARTESIAN_POINT('Ctrl Pts',(-97.7087968885442,-16.7472458249495,
54.8089763994117));
#10763=CARTESIAN_POINT('Ctrl Pts',(-97.3441402154433,-16.7446102108585,
54.3968564502331));
#10764=CARTESIAN_POINT('Ctrl Pts',(-96.9911468979802,-16.7095910389916,
53.9835593626358));
#10765=CARTESIAN_POINT('Ctrl Pts',(-96.9911468979802,-15.4094060441299,
53.357423269356));
#10766=CARTESIAN_POINT('Ctrl Pts',(-97.3441402154433,-15.0644432729054,
53.5877306975554));
#10767=CARTESIAN_POINT('Ctrl Pts',(-97.7087968885442,-14.7405916435771,
53.8426226769388));
#10768=CARTESIAN_POINT('Ctrl Pts',(-98.3802699043323,-14.1994629655065,
54.3384222292431));
#10769=CARTESIAN_POINT('Ctrl Pts',(-98.6847802579048,-13.9735766572034,
54.572615408859));
#10770=CARTESIAN_POINT('Ctrl Pts',(-98.9911468979801,-13.7647292099067,
54.8165279606989));
#10771=CARTESIAN_POINT('Origin',(-98.9911468979801,-0.00885310201983458,
87.));
#10772=CARTESIAN_POINT('Ctrl Pts',(-98.9911468979801,-10.8244479051426,
53.7130219296694));
#10773=CARTESIAN_POINT('Ctrl Pts',(-98.6847802579048,-10.8276503654341,
53.3919295232885));
#10774=CARTESIAN_POINT('Ctrl Pts',(-98.3802699043323,-10.8116265943103,
53.0669459722949));
#10775=CARTESIAN_POINT('Ctrl Pts',(-97.7087968885442,-10.7303237531836,
52.337543963578));
#10776=CARTESIAN_POINT('Ctrl Pts',(-97.3441402154433,-10.6541436360854,
51.9325175585974));
#10777=CARTESIAN_POINT('Ctrl Pts',(-96.9911468979802,-10.5458901921268,
51.5321152398157));
#10778=CARTESIAN_POINT('Ctrl Pts',(-96.9911468979802,-9.15479878849291,
51.1481984064944));
#10779=CARTESIAN_POINT('Ctrl Pts',(-97.3441402154433,-8.85650269014855,
51.4364001808249));
#10780=CARTESIAN_POINT('Ctrl Pts',(-97.7087968885442,-8.58336821008431,
51.745021882545));
#10781=CARTESIAN_POINT('Ctrl Pts',(-98.3802699043322,-8.1394641209934,52.3294759885139));
#10782=CARTESIAN_POINT('Ctrl Pts',(-98.6847802579048,-7.95902470552984,
52.6002391451741));
#10783=CARTESIAN_POINT('Ctrl Pts',(-98.9911468979801,-7.79708579049031,
52.877523073636));
#10784=CARTESIAN_POINT('Origin',(-98.9911468979801,-0.00885310201983458,
87.));
#10785=CARTESIAN_POINT('Ctrl Pts',(-96.9911468979802,-30.4846924911959,
66.0185030675801));
#10786=CARTESIAN_POINT('Ctrl Pts',(-97.3441402154433,-30.0704351028961,
66.0392790453825));
#10787=CARTESIAN_POINT('Ctrl Pts',(-97.7087968885442,-29.6616911503509,
66.0919874909138));
#10788=CARTESIAN_POINT('Ctrl Pts',(-98.3802699043323,-28.9428646573627,
66.2400615104917));
#10789=CARTESIAN_POINT('Ctrl Pts',(-98.6847802579048,-28.6288353159103,
66.3252474386982));
#10790=CARTESIAN_POINT('Ctrl Pts',(-98.9911468979801,-28.3244479051427,
66.427516169763));
#10791=CARTESIAN_POINT('Ctrl Pts',(-98.9911468979801,-30.054560878085,69.0485252907929));
#10792=CARTESIAN_POINT('Ctrl Pts',(-98.6847802579048,-30.2682316883147,
68.808826784241));
#10793=CARTESIAN_POINT('Ctrl Pts',(-98.3802699043323,-30.4699839069957,
68.5535482855093));
#10794=CARTESIAN_POINT('Ctrl Pts',(-97.7087968885442,-30.8886588855512,
67.9507641577927));
#10795=CARTESIAN_POINT('Ctrl Pts',(-97.3441402154433,-31.0977723699527,
67.5956284800383));
#10796=CARTESIAN_POINT('Ctrl Pts',(-96.9911468979802,-31.2796899816933,
67.2228727858453));
#10797=CARTESIAN_POINT('Origin',(-98.9911468979801,-0.00885310201983458,
87.));
#10798=CARTESIAN_POINT('Ctrl Pts',(-96.9911468979802,-33.7413241548898,
71.797355602814));
#10799=CARTESIAN_POINT('Ctrl Pts',(-97.3441402154433,-33.3300143591632,
71.7438291892036));
#10800=CARTESIAN_POINT('Ctrl Pts',(-97.7087968885442,-32.9184276337295,
71.7227065373966));
#10801=CARTESIAN_POINT('Ctrl Pts',(-98.3802699043323,-32.1847133410737,
71.7400495200751));
#10802=CARTESIAN_POINT('Ctrl Pts',(-98.6847802579048,-31.8605200455094,
71.7677943712843));
#10803=CARTESIAN_POINT('Ctrl Pts',(-98.9911468979801,-31.5427634786043,
71.814069130885));
#10804=CARTESIAN_POINT('Ctrl Pts',(-98.9911468979801,-32.7770735744106,
74.7018811571526));
#10805=CARTESIAN_POINT('Ctrl Pts',(-98.6847802579048,-33.0301104278332,
74.5041871005971));
#10806=CARTESIAN_POINT('Ctrl Pts',(-98.3802699043323,-33.2742021414012,
74.2890352820483));
#10807=CARTESIAN_POINT('Ctrl Pts',(-97.7087968885442,-33.7937801028869,
73.7706954473511));
#10808=CARTESIAN_POINT('Ctrl Pts',(-97.3441402154433,-34.0629449714165,
73.4586056004767));
#10809=CARTESIAN_POINT('Ctrl Pts',(-96.9911468979802,-34.3084971915689,
73.1243228875033));
#10810=CARTESIAN_POINT('Origin',(-98.9911468979801,-0.00885310201983458,
87.));
#10811=CARTESIAN_POINT('Ctrl Pts',(-96.9911468979802,-35.9137664437748,
78.0648336377509));
#10812=CARTESIAN_POINT('Ctrl Pts',(-97.3441402154433,-35.5186240758829,
77.9387252157028));
#10813=CARTESIAN_POINT('Ctrl Pts',(-97.7087968885442,-35.1174233135708,
77.8444503659665));
#10814=CARTESIAN_POINT('Ctrl Pts',(-98.3802699043323,-34.3924034023154,
77.7305048940125));
#10815=CARTESIAN_POINT('Ctrl Pts',(-98.6847802579048,-34.0684659919059,
77.699916925878));
#10816=CARTESIAN_POINT('Ctrl Pts',(-98.9911468979801,-33.7475532263746,
77.6887104051659));
#10817=CARTESIAN_POINT('Ctrl Pts',(-98.9911468979801,-34.4463887029719,
80.7505086820473));
#10818=CARTESIAN_POINT('Ctrl Pts',(-98.6847802579048,-34.7306587869189,
80.601173125129));
#10819=CARTESIAN_POINT('Ctrl Pts',(-98.3802699043323,-35.0092446868606,
80.4330631432388));
#10820=CARTESIAN_POINT('Ctrl Pts',(-97.7087968885442,-35.6130259680842,
80.0158274703396));
#10821=CARTESIAN_POINT('Ctrl Pts',(-97.3441402154433,-35.9335910403977,
79.7568142788122));
#10822=CARTESIAN_POINT('Ctrl Pts',(-96.9911468979802,-36.2348856185652,
79.4717486685019));
#10823=CARTESIAN_POINT('Origin',(-98.9911468979801,-0.00885310201983458,
87.));
#10824=CARTESIAN_POINT('Ctrl Pts',(-96.9911468979802,-36.9321952751947,
84.6194952714498));
#10825=CARTESIAN_POINT('Ctrl Pts',(-97.3441402154433,-36.5659205359657,
84.4248580694111));
#10826=CARTESIAN_POINT('Ctrl Pts',(-97.7087968885442,-36.1880006593851,
84.2604610929856));
#10827=CARTESIAN_POINT('Ctrl Pts',(-98.3802699043323,-35.4949778660262,
84.0188894676222));
#10828=CARTESIAN_POINT('Ctrl Pts',(-98.6847802579048,-35.1817079556786,
83.9309518026077));
#10829=CARTESIAN_POINT('Ctrl Pts',(-98.9911468979801,-34.8679533918532,
83.8626241883794));
#10830=CARTESIAN_POINT('Ctrl Pts',(-98.9911468979801,-35.0088531020199,
86.9999999999996));
#10831=CARTESIAN_POINT('Ctrl Pts',(-98.6847802579048,-35.3152197420952,
86.9038227103916));
#10832=CARTESIAN_POINT('Ctrl Pts',(-98.3802699043322,-35.6193458483652,
86.7881577582993));
#10833=CARTESIAN_POINT('Ctrl Pts',(-97.7087968885442,-36.2879244221551,
86.4854365450278));
#10834=CARTESIAN_POINT('Ctrl Pts',(-97.3441402154433,-36.6495864730667,
86.2878249059398));
#10835=CARTESIAN_POINT('Ctrl Pts',(-96.9911468979802,-36.9969395536008,
86.0611386415608));
#10836=CARTESIAN_POINT('Origin',(-98.9911468979801,-0.00885310201983458,
87.));
#10837=CARTESIAN_POINT('Ctrl Pts',(-98.9911468979801,-4.70701740563734,
52.3167583381221));
#10838=CARTESIAN_POINT('Ctrl Pts',(-98.6847802579048,-4.65283513804762,
52.0002541974443));
#10839=CARTESIAN_POINT('Ctrl Pts',(-98.3802699043323,-4.57904082179197,
51.6833544206287));
#10840=CARTESIAN_POINT('Ctrl Pts',(-97.7087968885442,-4.36880479303392,
50.9801913851187));
#10841=CARTESIAN_POINT('Ctrl Pts',(-97.3441402154433,-4.22152866457331,
50.595276406249));
#10842=CARTESIAN_POINT('Ctrl Pts',(-96.9911468979802,-4.04352030328282,
50.2206381162607));
#10843=CARTESIAN_POINT('Ctrl Pts',(-96.9911468979802,-2.60623331318405,
50.0912799458088));
#10844=CARTESIAN_POINT('Ctrl Pts',(-97.3441402154433,-2.3641913697594,50.42811302411));
#10845=CARTESIAN_POINT('Ctrl Pts',(-97.7087968885442,-2.15055280588433,
50.7805450927389));
#10846=CARTESIAN_POINT('Ctrl Pts',(-98.3802699043323,-1.81814074844197,
51.4348689165161));
#10847=CARTESIAN_POINT('Ctrl Pts',(-98.6847802579048,-1.68894769709704,
51.7334994995809));
#10848=CARTESIAN_POINT('Ctrl Pts',(-98.9911468979801,-1.5791221642878,52.0352426710539));
#10849=CARTESIAN_POINT('Origin',(-98.9911468979801,-0.00885310201983458,
87.));
#10850=CARTESIAN_POINT('Ctrl Pts',(-98.9911468979801,7.77937958645114,52.8775230736361));
#10851=CARTESIAN_POINT('Ctrl Pts',(-98.6847802579048,7.94131850149067,52.6002391451742));
#10852=CARTESIAN_POINT('Ctrl Pts',(-98.3802699043322,8.12175791695424,52.329475988514));
#10853=CARTESIAN_POINT('Ctrl Pts',(-97.7087968885442,8.56566200604517,51.7450218825451));
#10854=CARTESIAN_POINT('Ctrl Pts',(-97.3441402154433,8.8387964861094,51.436400180825));
#10855=CARTESIAN_POINT('Ctrl Pts',(-96.9911468979802,9.13709258445375,51.1481984064946));
#10856=CARTESIAN_POINT('Origin',(-98.9911468979801,-0.00885310201983458,
87.));
#10857=CARTESIAN_POINT('',(-96.9911468979802,2.58852710914439,50.0912799458088));
#10858=CARTESIAN_POINT('Origin',(-96.9911468979802,-0.00885310201983458,
87.));
#10859=CARTESIAN_POINT('',(-80.9911468979801,2.58852710914439,50.0912799458088));
#10860=CARTESIAN_POINT('Origin',(-80.9911468979801,-0.00885310201983458,
87.));
#10861=CARTESIAN_POINT('',(-78.9911468979801,2.58852710914439,50.0912799458088));
#10862=CARTESIAN_POINT('Origin',(-78.9911468979801,9.12470431086428,54.7880545038505));
#10863=CARTESIAN_POINT('Ctrl Pts',(-80.9911468979801,2.5885271091444,50.0912799458088));
#10864=CARTESIAN_POINT('Ctrl Pts',(-80.638153580517,2.34648516571976,50.42811302411));
#10865=CARTESIAN_POINT('Ctrl Pts',(-80.2734969074161,2.13284660184467,50.7805450927388));
#10866=CARTESIAN_POINT('Ctrl Pts',(-79.602023891628,1.80043454440231,51.4348689165162));
#10867=CARTESIAN_POINT('Ctrl Pts',(-79.2975135380555,1.67124149305738,51.733499499581));
#10868=CARTESIAN_POINT('Ctrl Pts',(-78.9911468979801,1.56141596024813,52.035242671054));
#10869=CARTESIAN_POINT('',(-78.9911468979801,1.11815660092082,53.965559865722));
#10870=CARTESIAN_POINT('Ctrl Pts',(-98.9911468979801,1.56141596024815,52.0352426710539));
#10871=CARTESIAN_POINT('Ctrl Pts',(-98.6847802579048,1.67124149305739,51.7334994995809));
#10872=CARTESIAN_POINT('Ctrl Pts',(-98.3802699043323,1.8004345444023,51.4348689165161));
#10873=CARTESIAN_POINT('Ctrl Pts',(-97.7087968885442,2.13284660184466,50.7805450927388));
#10874=CARTESIAN_POINT('Ctrl Pts',(-97.3441402154433,2.34648516571976,50.42811302411));
#10875=CARTESIAN_POINT('Ctrl Pts',(-96.9911468979802,2.5885271091444,50.0912799458088));
#10876=CARTESIAN_POINT('Origin',(-78.9911468979801,-0.00885310201981682,
87.));
#10877=CARTESIAN_POINT('',(-78.9911468979801,0.511687675648727,54.5041689243253));
#10878=CARTESIAN_POINT('',(-78.9911468979801,-0.529393879688378,54.5041689243253));
#10879=CARTESIAN_POINT('Origin',(-78.9911468979801,-9.14241051490393,54.7880545038505));
#10880=CARTESIAN_POINT('',(-78.9911468979801,-1.13586280496047,53.965559865722));
#10881=CARTESIAN_POINT('Origin',(-78.9911468979801,0.521297659236453,53.904245889082));
#10882=CARTESIAN_POINT('Origin',(-78.9911468979801,-0.539003863276104,53.904245889082));
#10883=CARTESIAN_POINT('Origin',(-80.9911468979801,-0.00885310201983458,
87.));
#10884=CARTESIAN_POINT('Origin',(-98.9911468979801,-0.00885310201983458,
87.));
#10885=CARTESIAN_POINT('Origin',(-78.9911468979801,14.7295892488966,56.9365733701218));
#10886=CARTESIAN_POINT('',(-78.9911468979801,6.99857214312937,54.6976722620588));
#10887=CARTESIAN_POINT('Origin',(-78.9911468979801,-0.00885310201981682,
87.));
#10888=CARTESIAN_POINT('',(-78.9911468979801,6.30567706197393,55.1193364434174));
#10889=CARTESIAN_POINT('Origin',(-78.9911468979801,3.22625932246629,53.6748540699026));
#10890=CARTESIAN_POINT('',(-78.9911468979801,-4.79848196044644,54.2952015561287));
#10891=CARTESIAN_POINT('Origin',(-78.9911468979801,-0.00885310201981682,
87.));
#10892=CARTESIAN_POINT('',(-78.9911468979801,-5.29903231957267,54.9334441536642));
#10893=CARTESIAN_POINT('',(-78.9911468979801,-6.32338326601312,55.1193364434173));
#10894=CARTESIAN_POINT('Origin',(-78.9911468979801,-14.7472954529358,56.9365733701216));
#10895=CARTESIAN_POINT('',(-78.9911468979801,-7.01627834716856,54.6976722620587));
#10896=CARTESIAN_POINT('Origin',(-78.9911468979801,-32.5981388163055,79.3208229416162));
#10897=CARTESIAN_POINT('',(-78.9911468979801,-33.0605928523634,87.3562096731857));
#10898=CARTESIAN_POINT('Origin',(-78.9911468979801,-0.00885310201981682,
87.));
#10899=CARTESIAN_POINT('',(-78.9911468979801,-32.4953170117973,87.9379033205659));
#10900=CARTESIAN_POINT('',(-78.9911468979801,-32.448609064436,88.9779365760517));
#10901=CARTESIAN_POINT('Origin',(-78.9911468979801,-31.7785878086542,97.5695439982726));
#10902=CARTESIAN_POINT('',(-78.9911468979801,-32.9594666541118,89.6079594315107));
#10903=CARTESIAN_POINT('Origin',(-78.9911468979801,-30.7032455774462,73.6251888153199));
#10904=CARTESIAN_POINT('',(-78.9911468979801,-32.5930414901857,81.4488692196785));
#10905=CARTESIAN_POINT('Origin',(-78.9911468979801,-0.00885310201981682,
87.));
#10906=CARTESIAN_POINT('',(-78.9911468979801,-32.1407152763329,82.1221487096318));
#10907=CARTESIAN_POINT('',(-78.9911468979801,-32.2804630534884,83.1538082288741));
#10908=CARTESIAN_POINT('Origin',(-78.9911468979801,-33.1553000575753,91.7269819001024));
#10909=CARTESIAN_POINT('',(-78.9911468979801,-32.8956058762535,83.6824892129568));
#10910=CARTESIAN_POINT('Origin',(-78.9911468979801,-27.8218093089964,68.3594321253306));
#10911=CARTESIAN_POINT('',(-78.9911468979801,-31.0782075028527,75.7199466769363));
#10912=CARTESIAN_POINT('Origin',(-78.9911468979801,-0.00885310201981682,
87.));
#10913=CARTESIAN_POINT('',(-78.9911468979801,-30.7533690524019,76.4631722526796));
#10914=CARTESIAN_POINT('',(-78.9911468979801,-31.0750809455314,77.4532996498776));
#10915=CARTESIAN_POINT('Origin',(-78.9911468979801,-33.4666582283575,85.7324907142892));
#10916=CARTESIAN_POINT('',(-78.9911468979801,-31.774737804921,77.8636465207555));
#10917=CARTESIAN_POINT('Origin',(-78.9911468979801,-24.0464417434778,63.6927986243435));
#10918=CARTESIAN_POINT('',(-78.9911468979801,-28.5647789011271,70.3535743292563));
#10919=CARTESIAN_POINT('Origin',(-78.9911468979801,-0.00885310201981682,
87.));
#10920=CARTESIAN_POINT('',(-78.9911468979801,-28.3778687891536,71.142858109257));
#10921=CARTESIAN_POINT('',(-78.9911468979801,-28.8712047133066,72.0596298751853));
#10922=CARTESIAN_POINT('Origin',(-78.9911468979801,-32.7026550132054,79.7787383198288));
#10923=CARTESIAN_POINT('',(-78.9911468979801,-29.6328880621803,72.3384537467937));
#10924=CARTESIAN_POINT('Origin',(-78.9911468979801,-2.77616484111453,53.6327512461692));
#10925=CARTESIAN_POINT('',(-78.9911468979801,-10.5611779093846,55.6760023781193));
#10926=CARTESIAN_POINT('Origin',(-78.9911468979801,-0.00885310201981682,
87.));
#10927=CARTESIAN_POINT('',(-78.9911468979801,-10.9397216019684,56.3933648723543));
#10928=CARTESIAN_POINT('',(-78.9911468979801,-11.9144184572549,56.7591747207152));
#10929=CARTESIAN_POINT('Origin',(-78.9911468979801,-19.8784747269789,60.051355504547));
#10930=CARTESIAN_POINT('',(-78.9911468979801,-12.6714694762693,56.4680080503367));
#10931=CARTESIAN_POINT('Origin',(-78.9911468979801,-8.68964532844913,54.6630992520477));
#10932=CARTESIAN_POINT('',(-78.9911468979801,-15.9847134565323,58.0635822571481));
#10933=CARTESIAN_POINT('Origin',(-78.9911468979801,-0.00885310201981682,
87.));
#10934=CARTESIAN_POINT('',(-78.9911468979801,-16.2290837768272,58.8370080272703));
#10935=CARTESIAN_POINT('',(-78.9911468979801,-17.1227989820476,59.3709780047233));
#10936=CARTESIAN_POINT('Origin',(-78.9911468979801,-24.3710280132167,64.0322892464747));
#10937=CARTESIAN_POINT('',(-78.9911468979801,-17.9196736962663,59.2196671816835));
#10938=CARTESIAN_POINT('Origin',(-78.9911468979801,-19.4984863008289,59.7752777527992));
#10939=CARTESIAN_POINT('',(-78.9911468979801,-25.1335393483241,65.5222317993586));
#10940=CARTESIAN_POINT('Origin',(-78.9911468979801,-0.00885310201981682,
87.));
#10941=CARTESIAN_POINT('',(-78.9911468979801,-25.090565019617,66.3322055535027));
#10942=CARTESIAN_POINT('',(-78.9911468979801,-25.739668752273,67.146155889282));
#10943=CARTESIAN_POINT('Origin',(-78.9911468979801,-30.887846104078,74.0570832174431));
#10944=CARTESIAN_POINT('',(-78.9911468979801,-26.5388974610828,67.2844951329704));
#10945=CARTESIAN_POINT('Origin',(-78.9911468979801,-14.3241180110467,56.7327818548559));
#10946=CARTESIAN_POINT('',(-78.9911468979801,-20.8947717069042,61.381202411396));
#10947=CARTESIAN_POINT('Origin',(-78.9911468979801,-0.00885310201981682,
87.));
#10948=CARTESIAN_POINT('',(-78.9911468979801,-20.9971143917475,62.1858329167767));
#10949=CARTESIAN_POINT('',(-78.9911468979801,-21.7811232048546,62.8708007888946));
#10950=CARTESIAN_POINT('Origin',(-78.9911468979801,-28.0805609525444,68.7514241099161));
#10951=CARTESIAN_POINT('',(-78.9911468979801,-22.5922094052918,62.8642090675449));
#10952=CARTESIAN_POINT('Origin',(-78.9911468979801,-11.9930980306922,118.26354389942));
#10953=CARTESIAN_POINT('',(-78.9911468979801,-4.09251017888069,119.800428819366));
#10954=CARTESIAN_POINT('Origin',(-78.9911468979801,-0.00885310201981682,
87.));
#10955=CARTESIAN_POINT('',(-78.9911468979801,-3.44020217542043,119.318351497817));
#10956=CARTESIAN_POINT('',(-78.9911468979801,-2.40331170835208,119.41167332895));
#10957=CARTESIAN_POINT('Origin',(-78.9911468979801,6.20047876123225,119.900995448061));
#10958=CARTESIAN_POINT('',(-78.9911468979801,-1.8475647924565,120.002477561164));
#10959=CARTESIAN_POINT('Origin',(-78.9911468979801,-17.3828276034349,115.621256326121));
#10960=CARTESIAN_POINT('',(-78.9911468979801,-9.88362684768319,118.544147307031));
#10961=CARTESIAN_POINT('Origin',(-78.9911468979801,-0.00885310201981682,
87.));
#10962=CARTESIAN_POINT('',(-78.9911468979801,-9.15572347261032,118.186291257917));
#10963=CARTESIAN_POINT('',(-78.9911468979801,-8.15215951830988,118.463257310876));
#10964=CARTESIAN_POINT('Origin',(-78.9911468979801,0.22599266067223,120.480981931973));
#10965=CARTESIAN_POINT('',(-78.9911468979801,-7.7108358531259,119.143799519618));
#10966=CARTESIAN_POINT('Origin',(-78.9911468979801,-26.3317627784281,107.691440980004));
#10967=CARTESIAN_POINT('',(-78.9911468979801,-20.3377798331917,113.062983785713));
#10968=CARTESIAN_POINT('Origin',(-78.9911468979801,-0.00885310201981682,
87.));
#10969=CARTESIAN_POINT('',(-78.9911468979801,-19.5305497046881,112.983713394228));
#10970=CARTESIAN_POINT('',(-78.9911468979801,-18.6882970338901,113.595645778889));
#10971=CARTESIAN_POINT('Origin',(-78.9911468979801,-11.5533564461832,118.428581676524));
#10972=CARTESIAN_POINT('',(-78.9911468979801,-18.5142398281828,114.387863150871));
#10973=CARTESIAN_POINT('Origin',(-78.9911468979801,-22.2141433403483,112.059058024853));
#10974=CARTESIAN_POINT('',(-78.9911468979801,-15.3573601633092,116.274010945637));
#10975=CARTESIAN_POINT('Origin',(-78.9911468979801,-0.00885310201981682,
87.));
#10976=CARTESIAN_POINT('',(-78.9911468979801,-14.5772568300194,116.051877956821));
#10977=CARTESIAN_POINT('',(-78.9911468979801,-13.6392747597133,116.503586314777));
#10978=CARTESIAN_POINT('Origin',(-78.9911468979801,-5.75604157593247,119.984862108347));
#10979=CARTESIAN_POINT('',(-78.9911468979801,-13.3265588509622,117.251993313504));
#10980=CARTESIAN_POINT('Origin',(-78.9911468979801,-31.9237304721119,97.122840812407));
#10981=CARTESIAN_POINT('',(-78.9911468979801,-28.1993795331631,104.258001199175));
#10982=CARTESIAN_POINT('Origin',(-78.9911468979801,-0.00885310201981682,
87.));
#10983=CARTESIAN_POINT('',(-78.9911468979801,-27.415768918364,104.467425838853));
#10984=CARTESIAN_POINT('',(-78.9911468979801,-26.8422402320833,105.33628465988));
#10985=CARTESIAN_POINT('Origin',(-78.9911468979801,-21.8604320547574,112.368086268649));
#10986=CARTESIAN_POINT('',(-78.9911468979801,-26.9576470463287,106.139145508692));
#10987=CARTESIAN_POINT('Origin',(-78.9911468979801,-29.6033422409459,102.658783997084));
#10988=CARTESIAN_POINT('',(-78.9911468979801,-24.6648110712376,109.014270882223));
#10989=CARTESIAN_POINT('Origin',(-78.9911468979801,-0.00885310201981682,
87.));
#10990=CARTESIAN_POINT('',(-78.9911468979801,-23.8563991880415,109.080410903674));
#10991=CARTESIAN_POINT('',(-78.9911468979801,-23.1369466105989,109.832899304697));
#10992=CARTESIAN_POINT('Origin',(-78.9911468979801,-16.9796214801035,115.862160770095));
#10993=CARTESIAN_POINT('',(-78.9911468979801,-23.1071424497415,110.643464531761));
#10994=CARTESIAN_POINT('Origin',(-78.9911468979801,-33.2183482849546,91.2615411949181));
#10995=CARTESIAN_POINT('',(-78.9911468979801,-30.8278812803493,98.947045157655));
#10996=CARTESIAN_POINT('Origin',(-78.9911468979801,-0.00885310201981682,
87.));
#10997=CARTESIAN_POINT('',(-78.9911468979801,-30.0942578238636,99.2930233353255));
#10998=CARTESIAN_POINT('',(-78.9911468979801,-29.685086712623,100.250326738949));
#10999=CARTESIAN_POINT('Origin',(-78.9911468979801,-26.0389149023313,108.058660601598));
#11000=CARTESIAN_POINT('',(-78.9911468979801,-29.9419952320043,101.019678601233));
#11001=CARTESIAN_POINT('Origin',(-78.9911468979801,-33.4455855977541,85.2632721370168));
#11002=CARTESIAN_POINT('',(-78.9911468979801,-32.4658341039031,93.2521012547065));
#11003=CARTESIAN_POINT('Origin',(-78.9911468979801,-0.00885310201981682,
87.));
#11004=CARTESIAN_POINT('',(-78.9911468979801,-31.8057770672498,93.7235129470675));
#11005=CARTESIAN_POINT('',(-78.9911468979801,-31.5741146272315,94.7384924142233));
#11006=CARTESIAN_POINT('Origin',(-78.9911468979801,-29.3807701460371,103.072392255689));
#11007=CARTESIAN_POINT('',(-78.9911468979801,-31.9642676005508,95.4496076880997));
#11008=CARTESIAN_POINT('Origin',(-78.9911468979801,29.3630639419972,103.072392255689));
#11009=CARTESIAN_POINT('Origin',(-78.9911468979801,-0.00885310201981682,
87.));
#11010=CARTESIAN_POINT('',(-78.9911468979801,31.78807086321,93.7235129470679));
#11011=CARTESIAN_POINT('Origin',(-78.9911468979801,33.4278793937144,85.2632721370173));
#11012=CARTESIAN_POINT('',(-78.9911468979801,32.4481278998634,93.252101254707));
#11013=CARTESIAN_POINT('Origin',(-78.9911468979801,26.0212086982914,108.058660601599));
#11014=CARTESIAN_POINT('Origin',(-78.9911468979801,-0.00885310201981682,
87.));
#11015=CARTESIAN_POINT('',(-78.9911468979801,30.0765516198238,99.2930233353259));
#11016=CARTESIAN_POINT('Origin',(-78.9911468979801,33.2006420809149,91.2615411949186));
#11017=CARTESIAN_POINT('',(-78.9911468979801,30.8101750763095,98.9470451576555));
#11018=CARTESIAN_POINT('Origin',(-78.9911468979801,16.9619152760634,115.862160770095));
#11019=CARTESIAN_POINT('Origin',(-78.9911468979801,-0.00885310201981682,
87.));
#11020=CARTESIAN_POINT('',(-78.9911468979801,23.8386929840016,109.080410903674));
#11021=CARTESIAN_POINT('Origin',(-78.9911468979801,29.5856360369061,102.658783997084));
#11022=CARTESIAN_POINT('',(-78.9911468979801,24.6471048671977,109.014270882223));
#11023=CARTESIAN_POINT('Origin',(-78.9911468979801,21.8427258507174,112.368086268649));
#11024=CARTESIAN_POINT('Origin',(-78.9911468979801,-0.00885310201981682,
87.));
#11025=CARTESIAN_POINT('',(-78.9911468979801,27.3980627143241,104.467425838853));
#11026=CARTESIAN_POINT('Origin',(-78.9911468979801,31.9060242680721,97.1228408124075));
#11027=CARTESIAN_POINT('',(-78.9911468979801,28.1816733291232,104.258001199175));
#11028=CARTESIAN_POINT('Origin',(-78.9911468979801,-0.00885310201981682,
87.));
#11029=CARTESIAN_POINT('',(-78.9911468979801,14.5595506259794,116.051877956821));
#11030=CARTESIAN_POINT('Origin',(-78.9911468979801,22.1964371363083,112.059058024853));
#11031=CARTESIAN_POINT('',(-78.9911468979801,15.3396539592691,116.274010945637));
#11032=CARTESIAN_POINT('Origin',(-78.9911468979801,11.5356502421431,118.428581676524));
#11033=CARTESIAN_POINT('Origin',(-78.9911468979801,-0.00885310201981682,
87.));
#11034=CARTESIAN_POINT('',(-78.9911468979801,19.5128435006481,112.983713394228));
#11035=CARTESIAN_POINT('Origin',(-78.9911468979801,26.3140565743882,107.691440980005));
#11036=CARTESIAN_POINT('',(-78.9911468979801,20.3200736291516,113.062983785714));
#11037=CARTESIAN_POINT('Origin',(-78.9911468979801,-0.00885310201981682,
87.));
#11038=CARTESIAN_POINT('',(-78.9911468979801,9.13801726857024,118.186291257917));
#11039=CARTESIAN_POINT('Origin',(-78.9911468979801,17.3651213993948,115.621256326121));
#11040=CARTESIAN_POINT('',(-78.9911468979801,9.86592064364309,118.544147307031));
#11041=CARTESIAN_POINT('Origin',(-78.9911468979801,-6.21818496527238,119.900995448061));
#11042=CARTESIAN_POINT('',(-78.9911468979801,1.82985858841636,120.002477561164));
#11043=CARTESIAN_POINT('Origin',(-78.9911468979801,-0.00885310201981682,
87.));
#11044=CARTESIAN_POINT('',(-78.9911468979801,2.38560550431199,119.41167332895));
#11045=CARTESIAN_POINT('',(-78.9911468979801,3.42249597138032,119.318351497817));
#11046=CARTESIAN_POINT('Origin',(-78.9911468979801,11.9753918266521,118.26354389942));
#11047=CARTESIAN_POINT('',(-78.9911468979801,4.07480397484056,119.800428819366));
#11048=CARTESIAN_POINT('Origin',(-78.9911468979801,28.062854748505,68.7514241099165));
#11049=CARTESIAN_POINT('',(-78.9911468979801,22.5745032012525,62.8642090675453));
#11050=CARTESIAN_POINT('Origin',(-78.9911468979801,-0.00885310201981682,
87.));
#11051=CARTESIAN_POINT('',(-78.9911468979801,21.7634170008153,62.8708007888949));
#11052=CARTESIAN_POINT('Origin',(-78.9911468979801,14.3064118070075,56.7327818548561));
#11053=CARTESIAN_POINT('Origin',(-78.9911468979801,30.8701399000386,74.0570832174435));
#11054=CARTESIAN_POINT('',(-78.9911468979801,26.5211912570435,67.2844951329708));
#11055=CARTESIAN_POINT('Origin',(-78.9911468979801,-0.00885310201981682,
87.));
#11056=CARTESIAN_POINT('',(-78.9911468979801,25.7219625482336,67.1461558892824));
#11057=CARTESIAN_POINT('Origin',(-78.9911468979801,19.4807800967896,59.7752777527994));
#11058=CARTESIAN_POINT('Origin',(-78.9911468979801,24.3533218091774,64.0322892464751));
#11059=CARTESIAN_POINT('',(-78.9911468979801,17.901967492227,59.2196671816837));
#11060=CARTESIAN_POINT('Origin',(-78.9911468979801,-0.00885310201981682,
87.));
#11061=CARTESIAN_POINT('',(-78.9911468979801,17.1050927780083,59.3709780047235));
#11062=CARTESIAN_POINT('Origin',(-78.9911468979801,19.8607685229397,60.0513555045472));
#11063=CARTESIAN_POINT('',(-78.9911468979801,12.6537632722301,56.4680080503369));
#11064=CARTESIAN_POINT('Origin',(-78.9911468979801,-0.00885310201981682,
87.));
#11065=CARTESIAN_POINT('',(-78.9911468979801,11.8967122532156,56.7591747207154));
#11066=CARTESIAN_POINT('Origin',(-78.9911468979801,32.6849488091659,79.7787383198293));
#11067=CARTESIAN_POINT('',(-78.9911468979801,29.6151818581408,72.3384537467941));
#11068=CARTESIAN_POINT('Origin',(-78.9911468979801,-0.00885310201981682,
87.));
#11069=CARTESIAN_POINT('',(-78.9911468979801,28.8534985092671,72.0596298751857));
#11070=CARTESIAN_POINT('Origin',(-78.9911468979801,24.0287355394385,63.6927986243438));
#11071=CARTESIAN_POINT('Origin',(-78.9911468979801,33.4489520243179,85.7324907142896));
#11072=CARTESIAN_POINT('',(-78.9911468979801,31.7570316008815,77.8636465207559));
#11073=CARTESIAN_POINT('Origin',(-78.9911468979801,-0.00885310201981682,
87.));
#11074=CARTESIAN_POINT('',(-78.9911468979801,31.0573747414919,77.453299649878));
#11075=CARTESIAN_POINT('Origin',(-78.9911468979801,27.804103104957,68.359432125331));
#11076=CARTESIAN_POINT('Origin',(-78.9911468979801,33.1375938535356,91.7269819001029));
#11077=CARTESIAN_POINT('',(-78.9911468979801,32.8778996722139,83.6824892129573));
#11078=CARTESIAN_POINT('Origin',(-78.9911468979801,-0.00885310201981682,
87.));
#11079=CARTESIAN_POINT('',(-78.9911468979801,32.2627568494488,83.1538082288745));
#11080=CARTESIAN_POINT('Origin',(-78.9911468979801,30.6855393734067,73.6251888153203));
#11081=CARTESIAN_POINT('Origin',(-78.9911468979801,31.7608816046144,97.5695439982731));
#11082=CARTESIAN_POINT('Origin',(-78.9911468979801,-0.00885310201981682,
87.));
#11083=CARTESIAN_POINT('',(-78.9911468979801,32.4776108077576,87.9379033205663));
#11084=CARTESIAN_POINT('Origin',(-78.9911468979801,32.5804326122659,79.3208229416166));
#11085=CARTESIAN_POINT('',(-78.9911468979801,33.0428866483238,87.3562096731862));
#11086=CARTESIAN_POINT('Origin',(-78.9911468979801,6.42225300346304,54.5307703469881));
#11087=CARTESIAN_POINT('Origin',(-78.9911468979801,12.1165073059277,56.2008825617132));
#11088=CARTESIAN_POINT('Origin',(-78.9911468979801,17.4210425481011,58.860903752503));
#11089=CARTESIAN_POINT('Origin',(-78.9911468979801,22.1653666027137,62.4253386496129));
#11090=CARTESIAN_POINT('Origin',(-78.9911468979801,26.1969929910075,66.779623382623));
#11091=CARTESIAN_POINT('Origin',(-78.9911468979801,29.3863419236293,71.7838076574968));
#11092=CARTESIAN_POINT('Origin',(-78.9911468979801,31.6309051016798,77.2770528741835));
#11093=CARTESIAN_POINT('Origin',(-78.9911468979801,32.8585404177836,83.0828016115615));
#11094=CARTESIAN_POINT('Origin',(-78.9911468979801,33.0773609107073,87.9552184587921));
#11095=CARTESIAN_POINT('Origin',(-78.9911468979801,32.3750909979528,93.8476393399369));
#11096=CARTESIAN_POINT('Origin',(-78.9911468979801,30.6319744762271,99.5199714584396));
#11097=CARTESIAN_POINT('Origin',(-78.9911468979801,27.9040365447797,104.789901392801));
#11098=CARTESIAN_POINT('Origin',(-78.9911468979801,24.278955373282,109.488049258819));
#11099=CARTESIAN_POINT('Origin',(-78.9911468979801,19.8732440533127,113.463412718429));
#11100=CARTESIAN_POINT('Origin',(-78.9911468979801,14.828505771727,116.588220319101));
#11101=CARTESIAN_POINT('Origin',(-78.9911468979801,9.30688256771958,118.762038173448));
#11102=CARTESIAN_POINT('Origin',(-78.9911468979801,2.42981089396734,120.010042682715));
#11103=CARTESIAN_POINT('Origin',(-78.9911468979801,3.48584395427386,119.914997987008));
#11104=CARTESIAN_POINT('Origin',(-78.9911468979801,-3.50355015831397,119.914997987008));
#11105=CARTESIAN_POINT('Origin',(-78.9911468979801,-2.44751709800745,120.010042682715));
#11106=CARTESIAN_POINT('Origin',(-78.9911468979801,-9.32458877175968,118.762038173447));
#11107=CARTESIAN_POINT('Origin',(-78.9911468979801,-8.30249748291831,119.044117445846));
#11108=CARTESIAN_POINT('Origin',(-78.9911468979801,-14.8462119757671,116.5882203191));
#11109=CARTESIAN_POINT('Origin',(-78.9911468979801,-13.8909133133938,117.04826790828));
#11110=CARTESIAN_POINT('Origin',(-78.9911468979801,-19.8909502573527,113.463412718429));
#11111=CARTESIAN_POINT('Origin',(-78.9911468979801,-19.0331483064785,114.086642316345));
#11112=CARTESIAN_POINT('Origin',(-78.9911468979801,-24.2966615773219,109.488049258818));
#11113=CARTESIAN_POINT('Origin',(-78.9911468979801,-23.5639267984496,110.254429753399));
#11114=CARTESIAN_POINT('Origin',(-78.9911468979801,-27.9217427488195,104.789901392801));
#11115=CARTESIAN_POINT('Origin',(-78.9911468979801,-27.3376258406383,105.67480068437));
#11116=CARTESIAN_POINT('Origin',(-78.9911468979801,-30.6496806802669,99.5199714584392));
#11117=CARTESIAN_POINT('Origin',(-78.9911468979801,-30.2329556408187,100.494948155668));
#11118=CARTESIAN_POINT('Origin',(-78.9911468979801,-32.3927972019925,93.8476393399364));
#11119=CARTESIAN_POINT('Origin',(-78.9911468979801,-32.1568579169277,94.8813568895628));
#11120=CARTESIAN_POINT('Origin',(-78.9911468979801,-33.095067114747,87.9552184587917));
#11121=CARTESIAN_POINT('Origin',(-78.9911468979801,-33.0474968668191,89.0144523282249));
#11122=CARTESIAN_POINT('Origin',(-78.9911468979801,-32.7339188857049,82.032096070425));
#11123=CARTESIAN_POINT('Origin',(-78.9911468979801,-32.8762466218232,83.082801611561));
#11124=CARTESIAN_POINT('Origin',(-78.9911468979801,-31.3209601161013,76.2686462019598));
#11125=CARTESIAN_POINT('Origin',(-78.9911468979801,-31.6486113057193,77.2770528741831));
#11126=CARTESIAN_POINT('Origin',(-78.9911468979801,-28.9016044633777,70.850110874351));
#11127=CARTESIAN_POINT('Origin',(-78.9911468979801,-29.4040481276688,71.7838076574964));
#11128=CARTESIAN_POINT('Origin',(-78.9911468979801,-25.553612008865,65.9506462714135));
#11129=CARTESIAN_POINT('Origin',(-78.9911468979801,-26.2146991950469,66.7796233826226));
#11130=CARTESIAN_POINT('Origin',(-78.9911468979801,-21.3845899847886,61.7277252167788));
#11131=CARTESIAN_POINT('Origin',(-78.9911468979801,-22.183072806753,62.4253386496126));
#11132=CARTESIAN_POINT('Origin',(-78.9911468979801,-16.5285341892852,58.3170758677737));
#11133=CARTESIAN_POINT('Origin',(-78.9911468979801,-17.4387487521404,58.8609037525028));
#11134=CARTESIAN_POINT('Origin',(-78.9911468979801,-11.1415222511982,55.828319300767));
#11135=CARTESIAN_POINT('Origin',(-78.9911468979801,-12.1342135099669,56.200882561713));
#11136=CARTESIAN_POINT('Origin',(-78.9911468979801,-5.39669716666594,54.341446199578));
#11137=CARTESIAN_POINT('Origin',(-78.9911468979801,-6.43995920750223,54.5307703469881));
#11138=CARTESIAN_POINT('Origin',(-103.99114689798,-0.00885310201965695,
87.0000000000001));
#11139=CARTESIAN_POINT('Origin',(-103.99114689798,-0.00885310201965695,
87.0000000000001));
#11140=CARTESIAN_POINT('Origin',(-71.9911468979801,-0.00885310201981682,
87.));
#11141=CARTESIAN_POINT('Origin',(-71.9911468979802,-0.00885310201981682,
87.));
#11142=CARTESIAN_POINT('Origin',(-78.9911468979801,-0.00885310201981682,
87.));
#11143=CARTESIAN_POINT('',(-61.9911484178986,-8.51354168596517,81.7397460051714));
#11144=CARTESIAN_POINT('',(-61.9911484178986,-9.79431954347231,84.9397460051714));
#11145=CARTESIAN_POINT('Ctrl Pts',(-61.9911484178986,-8.51354168596517,
81.7397460051714));
#11146=CARTESIAN_POINT('Ctrl Pts',(-62.1927405261301,-8.51354168596517,
81.7397460051714));
#11147=CARTESIAN_POINT('Ctrl Pts',(-62.4047201859327,-8.53893120471934,
81.7802120341329));
#11148=CARTESIAN_POINT('Ctrl Pts',(-62.7893990841682,-8.63327369540626,
81.9376104491156));
#11149=CARTESIAN_POINT('Ctrl Pts',(-62.962352577109,-8.70152712217838,82.0543397942113));
#11150=CARTESIAN_POINT('Ctrl Pts',(-63.2491126793233,-8.8525606212259,82.3292377231297));
#11151=CARTESIAN_POINT('Ctrl Pts',(-63.3774036059879,-8.94772357411789,
82.5115810803803));
#11152=CARTESIAN_POINT('Ctrl Pts',(-63.5484784950973,-9.13815199377595,
82.912799068024));
#11153=CARTESIAN_POINT('Ctrl Pts',(-63.5911484178986,-9.23313462716548,
83.1318564849118));
#11154=CARTESIAN_POINT('Ctrl Pts',(-63.5911484178986,-9.39239469242882,
83.5367687972098));
#11155=CARTESIAN_POINT('Ctrl Pts',(-63.5524430907263,-9.46852652194687,
83.7506361337173));
#11156=CARTESIAN_POINT('Ctrl Pts',(-63.3880222340352,-9.59617413955165,
84.1491997588565));
#11157=CARTESIAN_POINT('Ctrl Pts',(-63.2621324003207,-9.64802969508597,
84.3337152121657));
#11158=CARTESIAN_POINT('Ctrl Pts',(-62.9735089433486,-9.72203913431137,
84.617905830047));
#11159=CARTESIAN_POINT('Ctrl Pts',(-62.7954853543264,-9.75023126704837,
84.738949469831));
#11160=CARTESIAN_POINT('Ctrl Pts',(-62.4043150142262,-9.78618908129187,
84.8998811740123));
#11161=CARTESIAN_POINT('Ctrl Pts',(-62.1911923224801,-9.79431954347232,
84.9397460051714));
#11162=CARTESIAN_POINT('Ctrl Pts',(-61.9911484178986,-9.79431954347232,
84.9397460051714));
#11163=CARTESIAN_POINT('Ctrl Pts',(-61.9911484178986,-9.79431954347232,
84.9397460051714));
#11164=CARTESIAN_POINT('Ctrl Pts',(-61.791104513317,-9.79431954347232,84.9397460051714));
#11165=CARTESIAN_POINT('Ctrl Pts',(-61.5779818215709,-9.78618908129187,
84.8998811740123));
#11166=CARTESIAN_POINT('Ctrl Pts',(-61.1868114814708,-9.75023126704837,
84.738949469831));
#11167=CARTESIAN_POINT('Ctrl Pts',(-61.0087878924485,-9.72203913431137,
84.617905830047));
#11168=CARTESIAN_POINT('Ctrl Pts',(-60.7201644354765,-9.64802969508597,
84.3337152121657));
#11169=CARTESIAN_POINT('Ctrl Pts',(-60.594274601762,-9.59617413955165,84.1491997588565));
#11170=CARTESIAN_POINT('Ctrl Pts',(-60.4298537450708,-9.46852652194687,
83.7506361337173));
#11171=CARTESIAN_POINT('Ctrl Pts',(-60.3911484178986,-9.39239469242882,
83.5367687972098));
#11172=CARTESIAN_POINT('Ctrl Pts',(-60.3911484178986,-9.23313462716548,
83.1318564849118));
#11173=CARTESIAN_POINT('Ctrl Pts',(-60.4338183406998,-9.13815199377595,
82.912799068024));
#11174=CARTESIAN_POINT('Ctrl Pts',(-60.6048932298092,-8.94772357411789,
82.5115810803803));
#11175=CARTESIAN_POINT('Ctrl Pts',(-60.7331841564739,-8.8525606212259,82.3292377231297));
#11176=CARTESIAN_POINT('Ctrl Pts',(-61.0199442586881,-8.70152712217838,
82.0543397942113));
#11177=CARTESIAN_POINT('Ctrl Pts',(-61.192897751629,-8.63327369540626,81.9376104491156));
#11178=CARTESIAN_POINT('Ctrl Pts',(-61.5775766498644,-8.53893120471934,
81.7802120341329));
#11179=CARTESIAN_POINT('Ctrl Pts',(-61.7895563096671,-8.51354168596517,
81.7397460051714));
#11180=CARTESIAN_POINT('Ctrl Pts',(-61.9911484178986,-8.51354168596517,
81.7397460051714));
#11181=CARTESIAN_POINT('',(-66.9911468979801,-9.79431954347232,89.0602539948285));
#11182=CARTESIAN_POINT('',(-66.9911468979801,-8.51354168596516,92.2602539948285));
#11183=CARTESIAN_POINT('Ctrl Pts',(-66.9911468979801,-9.79431954347232,
89.0602539948285));
#11184=CARTESIAN_POINT('Ctrl Pts',(-67.1911908025617,-9.79431954347232,
89.0602539948285));
#11185=CARTESIAN_POINT('Ctrl Pts',(-67.4043134943078,-9.78618908129187,
89.1001188259876));
#11186=CARTESIAN_POINT('Ctrl Pts',(-67.7954838344079,-9.75023126704837,
89.261050530169));
#11187=CARTESIAN_POINT('Ctrl Pts',(-67.9735074234302,-9.72203913431137,
89.3820941699529));
#11188=CARTESIAN_POINT('Ctrl Pts',(-68.2621308804022,-9.64802969508597,
89.6662847878342));
#11189=CARTESIAN_POINT('Ctrl Pts',(-68.3880207141167,-9.59617413955167,
89.8508002411434));
#11190=CARTESIAN_POINT('Ctrl Pts',(-68.5524415708079,-9.46852652194687,
90.2493638662826));
#11191=CARTESIAN_POINT('Ctrl Pts',(-68.5911468979801,-9.39239469242882,
90.4632312027901));
#11192=CARTESIAN_POINT('Ctrl Pts',(-68.5911468979801,-9.23313462716548,
90.8681435150882));
#11193=CARTESIAN_POINT('Ctrl Pts',(-68.5484769751789,-9.13815199377595,
91.087200931976));
#11194=CARTESIAN_POINT('Ctrl Pts',(-68.3774020860695,-8.94772357411789,
91.4884189196196));
#11195=CARTESIAN_POINT('Ctrl Pts',(-68.2491111594048,-8.8525606212259,91.6707622768703));
#11196=CARTESIAN_POINT('Ctrl Pts',(-67.9623510571906,-8.70152712217838,
91.9456602057886));
#11197=CARTESIAN_POINT('Ctrl Pts',(-67.7893975642497,-8.63327369540626,
92.0623895508843));
#11198=CARTESIAN_POINT('Ctrl Pts',(-67.4047186660143,-8.53893120471934,
92.219787965867));
#11199=CARTESIAN_POINT('Ctrl Pts',(-67.1927390062116,-8.51354168596517,
92.2602539948285));
#11200=CARTESIAN_POINT('Ctrl Pts',(-66.9911468979801,-8.51354168596516,
92.2602539948285));
#11201=CARTESIAN_POINT('Ctrl Pts',(-66.9911468979801,-8.51354168596516,
92.2602539948285));
#11202=CARTESIAN_POINT('Ctrl Pts',(-66.7895547897487,-8.51354168596516,
92.2602539948285));
#11203=CARTESIAN_POINT('Ctrl Pts',(-66.577575129946,-8.53893120471934,92.219787965867));
#11204=CARTESIAN_POINT('Ctrl Pts',(-66.1928962317105,-8.63327369540626,
92.0623895508843));
#11205=CARTESIAN_POINT('Ctrl Pts',(-66.0199427387697,-8.70152712217838,
91.9456602057886));
#11206=CARTESIAN_POINT('Ctrl Pts',(-65.7331826365554,-8.8525606212259,91.6707622768703));
#11207=CARTESIAN_POINT('Ctrl Pts',(-65.6048917098908,-8.94772357411789,
91.4884189196196));
#11208=CARTESIAN_POINT('Ctrl Pts',(-65.4338168207814,-9.13815199377595,
91.087200931976));
#11209=CARTESIAN_POINT('Ctrl Pts',(-65.3911468979801,-9.23313462716548,
90.8681435150882));
#11210=CARTESIAN_POINT('Ctrl Pts',(-65.3911468979801,-9.39239469242882,
90.4632312027901));
#11211=CARTESIAN_POINT('Ctrl Pts',(-65.4298522251523,-9.46852652194687,
90.2493638662826));
#11212=CARTESIAN_POINT('Ctrl Pts',(-65.5942730818435,-9.59617413955167,
89.8508002411434));
#11213=CARTESIAN_POINT('Ctrl Pts',(-65.720162915558,-9.64802969508597,89.6662847878342));
#11214=CARTESIAN_POINT('Ctrl Pts',(-66.0087863725301,-9.72203913431137,
89.3820941699529));
#11215=CARTESIAN_POINT('Ctrl Pts',(-66.1868099615523,-9.75023126704837,
89.261050530169));
#11216=CARTESIAN_POINT('Ctrl Pts',(-66.5779803016525,-9.78618908129187,
89.1001188259876));
#11217=CARTESIAN_POINT('Ctrl Pts',(-66.7911029933986,-9.79431954347232,
89.0602539948285));
#11218=CARTESIAN_POINT('Ctrl Pts',(-66.9911468979801,-9.79431954347232,
89.0602539948285));
#11219=CARTESIAN_POINT('Origin',(-98.9911468979801,-0.00885310201965695,
87.0000000000001));
#11220=CARTESIAN_POINT('',(-108.99114689798,-8.51354168596501,92.2602539948286));
#11221=CARTESIAN_POINT('Ctrl Pts',(-108.99114689798,-8.51354168596501,92.2602539948287));
#11222=CARTESIAN_POINT('Ctrl Pts',(-108.789554789749,-8.51354168596501,
92.2602539948287));
#11223=CARTESIAN_POINT('Ctrl Pts',(-108.577575129946,-8.53893120471918,
92.2197879658672));
#11224=CARTESIAN_POINT('Ctrl Pts',(-108.192896231711,-8.6332736954061,92.0623895508844));
#11225=CARTESIAN_POINT('Ctrl Pts',(-108.01994273877,-8.70152712217822,91.9456602057887));
#11226=CARTESIAN_POINT('Ctrl Pts',(-107.733182636555,-8.85256062122574,
91.6707622768704));
#11227=CARTESIAN_POINT('Ctrl Pts',(-107.604891709891,-8.94772357411773,
91.4884189196197));
#11228=CARTESIAN_POINT('Ctrl Pts',(-107.433816820781,-9.13815199377579,
91.0872009319761));
#11229=CARTESIAN_POINT('Ctrl Pts',(-107.39114689798,-9.23313462716532,90.8681435150883));
#11230=CARTESIAN_POINT('Ctrl Pts',(-107.39114689798,-9.39239469242866,90.4632312027902));
#11231=CARTESIAN_POINT('Ctrl Pts',(-107.429852225152,-9.46852652194671,
90.2493638662828));
#11232=CARTESIAN_POINT('Ctrl Pts',(-107.594273081844,-9.59617413955151,
89.8508002411436));
#11233=CARTESIAN_POINT('Ctrl Pts',(-107.720162915558,-9.64802969508581,
89.6662847878344));
#11234=CARTESIAN_POINT('Ctrl Pts',(-108.00878637253,-9.72203913431121,89.382094169953));
#11235=CARTESIAN_POINT('Ctrl Pts',(-108.186809961552,-9.75023126704821,
89.2610505301691));
#11236=CARTESIAN_POINT('Ctrl Pts',(-108.577980301652,-9.78618908129171,
89.1001188259878));
#11237=CARTESIAN_POINT('Ctrl Pts',(-108.791102993399,-9.79431954347216,
89.0602539948286));
#11238=CARTESIAN_POINT('Ctrl Pts',(-109.191190802562,-9.79431954347216,
89.0602539948286));
#11239=CARTESIAN_POINT('Ctrl Pts',(-109.404313494308,-9.78618908129171,
89.1001188259878));
#11240=CARTESIAN_POINT('Ctrl Pts',(-109.795483834408,-9.75023126704821,
89.2610505301691));
#11241=CARTESIAN_POINT('Ctrl Pts',(-109.97350742343,-9.72203913431121,89.3820941699531));
#11242=CARTESIAN_POINT('Ctrl Pts',(-110.262130880402,-9.64802969508581,
89.6662847878344));
#11243=CARTESIAN_POINT('Ctrl Pts',(-110.388020714117,-9.59617413955151,
89.8508002411436));
#11244=CARTESIAN_POINT('Ctrl Pts',(-110.552441570808,-9.46852652194671,
90.2493638662828));
#11245=CARTESIAN_POINT('Ctrl Pts',(-110.59114689798,-9.39239469242866,90.4632312027903));
#11246=CARTESIAN_POINT('Ctrl Pts',(-110.59114689798,-9.23313462716532,90.8681435150883));
#11247=CARTESIAN_POINT('Ctrl Pts',(-110.548476975179,-9.13815199377579,
91.0872009319761));
#11248=CARTESIAN_POINT('Ctrl Pts',(-110.377402086069,-8.94772357411773,
91.4884189196197));
#11249=CARTESIAN_POINT('Ctrl Pts',(-110.249111159405,-8.85256062122574,
91.6707622768704));
#11250=CARTESIAN_POINT('Ctrl Pts',(-109.962351057191,-8.70152712217822,
91.9456602057888));
#11251=CARTESIAN_POINT('Ctrl Pts',(-109.78939756425,-8.6332736954061,92.0623895508844));
#11252=CARTESIAN_POINT('Ctrl Pts',(-109.404718666014,-8.53893120471918,
92.2197879658672));
#11253=CARTESIAN_POINT('Ctrl Pts',(-109.192739006212,-8.51354168596501,
92.2602539948286));
#11254=CARTESIAN_POINT('Ctrl Pts',(-108.99114689798,-8.51354168596501,92.2602539948286));
#11255=CARTESIAN_POINT('',(-113.99114689798,-9.79431954347216,84.9397460051716));
#11256=CARTESIAN_POINT('Ctrl Pts',(-113.99114689798,-9.79431954347216,84.9397460051715));
#11257=CARTESIAN_POINT('Ctrl Pts',(-113.791102993399,-9.79431954347216,
84.9397460051715));
#11258=CARTESIAN_POINT('Ctrl Pts',(-113.577980301652,-9.78618908129171,
84.8998811740124));
#11259=CARTESIAN_POINT('Ctrl Pts',(-113.186809961552,-9.75023126704821,
84.7389494698311));
#11260=CARTESIAN_POINT('Ctrl Pts',(-113.00878637253,-9.72203913431121,84.6179058300471));
#11261=CARTESIAN_POINT('Ctrl Pts',(-112.720162915558,-9.64802969508581,
84.3337152121658));
#11262=CARTESIAN_POINT('Ctrl Pts',(-112.594273081844,-9.59617413955151,
84.1491997588566));
#11263=CARTESIAN_POINT('Ctrl Pts',(-112.429852225152,-9.46852652194671,
83.7506361337174));
#11264=CARTESIAN_POINT('Ctrl Pts',(-112.39114689798,-9.39239469242866,83.5367687972099));
#11265=CARTESIAN_POINT('Ctrl Pts',(-112.39114689798,-9.23313462716532,83.1318564849119));
#11266=CARTESIAN_POINT('Ctrl Pts',(-112.433816820781,-9.13815199377579,
82.9127990680241));
#11267=CARTESIAN_POINT('Ctrl Pts',(-112.604891709891,-8.94772357411773,
82.5115810803805));
#11268=CARTESIAN_POINT('Ctrl Pts',(-112.733182636555,-8.85256062122574,
82.3292377231298));
#11269=CARTESIAN_POINT('Ctrl Pts',(-113.01994273877,-8.70152712217822,82.0543397942115));
#11270=CARTESIAN_POINT('Ctrl Pts',(-113.192896231711,-8.6332736954061,81.9376104491158));
#11271=CARTESIAN_POINT('Ctrl Pts',(-113.577575129946,-8.53893120471918,
81.780212034133));
#11272=CARTESIAN_POINT('Ctrl Pts',(-113.789554789749,-8.51354168596503,
81.7397460051716));
#11273=CARTESIAN_POINT('Ctrl Pts',(-114.192739006212,-8.51354168596503,
81.7397460051716));
#11274=CARTESIAN_POINT('Ctrl Pts',(-114.404718666014,-8.53893120471918,
81.780212034133));
#11275=CARTESIAN_POINT('Ctrl Pts',(-114.78939756425,-8.6332736954061,81.9376104491158));
#11276=CARTESIAN_POINT('Ctrl Pts',(-114.962351057191,-8.70152712217822,
82.0543397942114));
#11277=CARTESIAN_POINT('Ctrl Pts',(-115.249111159405,-8.85256062122574,
82.3292377231298));
#11278=CARTESIAN_POINT('Ctrl Pts',(-115.377402086069,-8.94772357411773,
82.5115810803805));
#11279=CARTESIAN_POINT('Ctrl Pts',(-115.548476975179,-9.13815199377579,
82.9127990680241));
#11280=CARTESIAN_POINT('Ctrl Pts',(-115.59114689798,-9.23313462716532,83.1318564849119));
#11281=CARTESIAN_POINT('Ctrl Pts',(-115.59114689798,-9.39239469242866,83.5367687972099));
#11282=CARTESIAN_POINT('Ctrl Pts',(-115.552441570808,-9.46852652194671,
83.7506361337174));
#11283=CARTESIAN_POINT('Ctrl Pts',(-115.388020714117,-9.59617413955151,
84.1491997588566));
#11284=CARTESIAN_POINT('Ctrl Pts',(-115.262130880402,-9.64802969508581,
84.3337152121658));
#11285=CARTESIAN_POINT('Ctrl Pts',(-114.97350742343,-9.72203913431121,84.6179058300471));
#11286=CARTESIAN_POINT('Ctrl Pts',(-114.795483834408,-9.75023126704821,
84.7389494698311));
#11287=CARTESIAN_POINT('Ctrl Pts',(-114.404313494308,-9.78618908129171,
84.8998811740124));
#11288=CARTESIAN_POINT('Ctrl Pts',(-114.191190802562,-9.79431954347216,
84.9397460051716));
#11289=CARTESIAN_POINT('Ctrl Pts',(-113.99114689798,-9.79431954347216,84.9397460051716));
#11290=CARTESIAN_POINT('Origin',(-66.9911468979801,4.99114697248581,90.6602539948285));
#11291=CARTESIAN_POINT('',(-66.9911468979801,4.99114697248581,92.2602539948285));
#11292=CARTESIAN_POINT('Origin',(-61.9911484178986,4.99114697248581,83.3397460051714));
#11293=CARTESIAN_POINT('',(-61.9911484178986,4.99114697248581,84.9397460051714));
#11294=CARTESIAN_POINT('Origin',(-113.99114689798,4.99114697248597,83.3397460051715));
#11295=CARTESIAN_POINT('',(-113.99114689798,4.99114697248597,84.9397460051716));
#11296=CARTESIAN_POINT('Origin',(-108.99114689798,4.99114697248597,90.6602539948287));
#11297=CARTESIAN_POINT('',(-108.99114689798,4.99114697248597,92.2602539948286));
#11298=CARTESIAN_POINT('Origin',(-71.9911468979801,-0.00885310201981682,
87.));
#11299=CARTESIAN_POINT('',(-71.9911468979801,-1.60885310201982,87.));
#11300=CARTESIAN_POINT('Origin',(-71.9911468979801,-0.00885310201981682,
87.));
#11301=CARTESIAN_POINT('Origin',(-36.9911468979801,-0.00885310201983458,
87.));
#11302=CARTESIAN_POINT('',(-36.9911468979801,-1.60885310201983,87.));
#11303=CARTESIAN_POINT('Origin',(-102.99114689798,-0.00885310201983458,
87.));
#11304=CARTESIAN_POINT('',(-102.99114689798,1.59114689798017,87.));
#11305=CARTESIAN_POINT('Origin',(-102.99114689798,-0.00885310201983458,
87.));
#11306=CARTESIAN_POINT('Origin',(-136.99114689798,-0.00885310201981682,
86.9999999999999));
#11307=CARTESIAN_POINT('',(-136.99114689798,1.59114689798018,86.9999999999999));
#11308=UNCERTAINTY_MEASURE_WITH_UNIT(LENGTH_MEASURE(0.01),#11312,
'DISTANCE_ACCURACY_VALUE',
'Maximum model space distance between geometric entities at asserted c
onnectivities');
#11309=UNCERTAINTY_MEASURE_WITH_UNIT(LENGTH_MEASURE(0.01),#11312,
'DISTANCE_ACCURACY_VALUE',
'Maximum model space distance between geometric entities at asserted c
onnectivities');
#11310=(
GEOMETRIC_REPRESENTATION_CONTEXT(3)
GLOBAL_UNCERTAINTY_ASSIGNED_CONTEXT((#11308))
GLOBAL_UNIT_ASSIGNED_CONTEXT((#11312,#11314,#11315))
REPRESENTATION_CONTEXT('','3D')
);
#11311=(
GEOMETRIC_REPRESENTATION_CONTEXT(3)
GLOBAL_UNCERTAINTY_ASSIGNED_CONTEXT((#11309))
GLOBAL_UNIT_ASSIGNED_CONTEXT((#11312,#11314,#11315))
REPRESENTATION_CONTEXT('','3D')
);
#11312=(
LENGTH_UNIT()
NAMED_UNIT(*)
SI_UNIT(.MILLI.,.METRE.)
);
#11313=(
LENGTH_UNIT()
NAMED_UNIT(*)
SI_UNIT($,.METRE.)
);
#11314=(
NAMED_UNIT(*)
PLANE_ANGLE_UNIT()
SI_UNIT($,.RADIAN.)
);
#11315=(
NAMED_UNIT(*)
SI_UNIT($,.STERADIAN.)
SOLID_ANGLE_UNIT()
);
#11316=SHAPE_DEFINITION_REPRESENTATION(#11317,#11318);
#11317=PRODUCT_DEFINITION_SHAPE('',$,#11320);
#11318=SHAPE_REPRESENTATION('',(#5856),#11310);
#11319=PRODUCT_DEFINITION_CONTEXT('part definition',#11324,'design');
#11320=PRODUCT_DEFINITION('2026-09-26-21-37-34-989','elbow big gear 2',
#11321,#11319);
#11321=PRODUCT_DEFINITION_FORMATION('',$,#11326);
#11322=PRODUCT_RELATED_PRODUCT_CATEGORY('elbow big gear 2',
'elbow big gear 2',(#11326));
#11323=APPLICATION_PROTOCOL_DEFINITION('international standard',
'automotive_design',2009,#11324);
#11324=APPLICATION_CONTEXT(
'Core Data for Automotive Mechanical Design Process');
#11325=PRODUCT_CONTEXT('part definition',#11324,'mechanical');
#11326=PRODUCT('2026-09-26-21-37-34-989','elbow big gear 2',
'STEP AP203',(#11325));
#11327=PRESENTATION_STYLE_ASSIGNMENT((#11328));
#11328=SURFACE_STYLE_USAGE(.BOTH.,#11329);
#11329=SURFACE_SIDE_STYLE('',(#11330));
#11330=SURFACE_STYLE_FILL_AREA(#11331);
#11331=FILL_AREA_STYLE('Steel - Satin',(#11332));
#11332=FILL_AREA_STYLE_COLOUR('Steel - Satin',#11333);
#11333=COLOUR_RGB('Steel - Satin',0.627450980392157,0.627450980392157,0.627450980392157);
ENDSEC;
END-ISO-10303-21;
