ISO-10303-21;
HEADER;
/* Generated by software containing ST-Developer
 * from STEP Tools, Inc. (www.steptools.com) 
 */

FILE_DESCRIPTION(
/* description */ ('STEP AP203'),
/* implementation_level */ '2;1');

FILE_NAME(
/* name */ 'elbow small gear .step',
/* time_stamp */ '2026-09-26T21:37:45-07:00',
/* author */ (''),
/* organization */ (''),
/* preprocessor_version */ 'ST-DEVELOPER v20.2',
/* originating_system */ 'Autodesk Translation Framework v15.15.0.0',
/* authorisation */ '');

FILE_SCHEMA (('AUTOMOTIVE_DESIGN { 1 0 10303 214 3 1 1 }'));
ENDSEC;

DATA;
#10=MECHANICAL_DESIGN_GEOMETRIC_PRESENTATION_REPRESENTATION('',(#13),#10421);
#11=SHAPE_REPRESENTATION_RELATIONSHIP('SRR','None',#10428,#12);
#12=ADVANCED_BREP_SHAPE_REPRESENTATION('',(#14),#10420);
#13=STYLED_ITEM('',(#10437),#14);
#14=MANIFOLD_SOLID_BREP('Body1',#5917);
#15=B_SPLINE_CURVE_WITH_KNOTS('',3,(#9363,#9364,#9365,#9366,#9367,#9368),
 .UNSPECIFIED.,.F.,.F.,(4,2,4),(2.64086075565742,2.86781504565443,2.91823303941866),
 .UNSPECIFIED.);
#16=B_SPLINE_CURVE_WITH_KNOTS('',3,(#9371,#9372,#9373,#9374,#9375,#9376),
 .UNSPECIFIED.,.F.,.F.,(4,2,4),(3.47713393331688,3.52755192708111,3.75450621707813),
 .UNSPECIFIED.);
#17=B_SPLINE_CURVE_WITH_KNOTS('',3,(#9379,#9380,#9381,#9382,#9383,#9384),
 .UNSPECIFIED.,.F.,.F.,(4,2,4),(0.344082043518862,0.571036333515876,0.621454327280105),
 .UNSPECIFIED.);
#18=B_SPLINE_CURVE_WITH_KNOTS('',3,(#9388,#9389,#9390,#9391,#9392,#9393),
 .UNSPECIFIED.,.F.,.F.,(4,2,4),(5.77391264545544,5.82433063921967,6.05128492921668),
 .UNSPECIFIED.);
#19=B_SPLINE_CURVE_WITH_KNOTS('',3,(#9770,#9771,#9772,#9773,#9774,#9775),
 .UNSPECIFIED.,.F.,.F.,(4,2,4),(3.47713393331688,3.52755192708111,3.75450621707813),
 .UNSPECIFIED.);
#20=B_SPLINE_CURVE_WITH_KNOTS('',3,(#9776,#9777,#9778,#9779,#9780,#9781),
 .UNSPECIFIED.,.F.,.F.,(4,2,4),(0.344082043518861,0.571036333515876,0.621454327280104),
 .UNSPECIFIED.);
#21=B_SPLINE_CURVE_WITH_KNOTS('',3,(#9783,#9784,#9785,#9786,#9787,#9788),
 .UNSPECIFIED.,.F.,.F.,(4,2,4),(0.344082043518862,0.571036333515876,0.621454327280104),
 .UNSPECIFIED.);
#22=B_SPLINE_CURVE_WITH_KNOTS('',3,(#9789,#9790,#9791,#9792,#9793,#9794),
 .UNSPECIFIED.,.F.,.F.,(4,2,4),(3.47713393331688,3.52755192708111,3.75450621707813),
 .UNSPECIFIED.);
#23=B_SPLINE_CURVE_WITH_KNOTS('',3,(#9796,#9797,#9798,#9799,#9800,#9801),
 .UNSPECIFIED.,.F.,.F.,(4,2,4),(3.47713393331688,3.52755192708111,3.75450621707813),
 .UNSPECIFIED.);
#24=B_SPLINE_CURVE_WITH_KNOTS('',3,(#9802,#9803,#9804,#9805,#9806,#9807),
 .UNSPECIFIED.,.F.,.F.,(4,2,4),(0.344082043518862,0.571036333515876,0.621454327280105),
 .UNSPECIFIED.);
#25=B_SPLINE_CURVE_WITH_KNOTS('',3,(#9809,#9810,#9811,#9812,#9813,#9814),
 .UNSPECIFIED.,.F.,.F.,(4,2,4),(3.47713393331688,3.52755192708111,3.75450621707813),
 .UNSPECIFIED.);
#26=B_SPLINE_CURVE_WITH_KNOTS('',3,(#9815,#9816,#9817,#9818,#9819,#9820),
 .UNSPECIFIED.,.F.,.F.,(4,2,4),(0.344082043518862,0.571036333515876,0.621454327280105),
 .UNSPECIFIED.);
#27=B_SPLINE_CURVE_WITH_KNOTS('',3,(#9822,#9823,#9824,#9825,#9826,#9827),
 .UNSPECIFIED.,.F.,.F.,(4,2,4),(0.344082043518861,0.571036333515876,0.621454327280104),
 .UNSPECIFIED.);
#28=B_SPLINE_CURVE_WITH_KNOTS('',3,(#9829,#9830,#9831,#9832,#9833,#9834),
 .UNSPECIFIED.,.F.,.F.,(4,2,4),(0.344082043518862,0.571036333515876,0.621454327280104),
 .UNSPECIFIED.);
#29=B_SPLINE_CURVE_WITH_KNOTS('',3,(#9835,#9836,#9837,#9838,#9839,#9840),
 .UNSPECIFIED.,.F.,.F.,(4,2,4),(3.47713393331688,3.52755192708111,3.75450621707813),
 .UNSPECIFIED.);
#30=B_SPLINE_CURVE_WITH_KNOTS('',3,(#9842,#9843,#9844,#9845,#9846,#9847),
 .UNSPECIFIED.,.F.,.F.,(4,2,4),(0.344082043518861,0.571036333515876,0.621454327280104),
 .UNSPECIFIED.);
#31=B_SPLINE_CURVE_WITH_KNOTS('',3,(#9848,#9849,#9850,#9851,#9852,#9853),
 .UNSPECIFIED.,.F.,.F.,(4,2,4),(3.47713393331688,3.52755192708111,3.75450621707813),
 .UNSPECIFIED.);
#32=B_SPLINE_CURVE_WITH_KNOTS('',3,(#9855,#9856,#9857,#9858,#9859,#9860),
 .UNSPECIFIED.,.F.,.F.,(4,2,4),(0.344082043518862,0.571036333515876,0.621454327280104),
 .UNSPECIFIED.);
#33=B_SPLINE_CURVE_WITH_KNOTS('',3,(#9861,#9862,#9863,#9864,#9865,#9866),
 .UNSPECIFIED.,.F.,.F.,(4,2,4),(3.47713393331688,3.52755192708111,3.75450621707813),
 .UNSPECIFIED.);
#34=B_SPLINE_CURVE_WITH_KNOTS('',3,(#9868,#9869,#9870,#9871,#9872,#9873),
 .UNSPECIFIED.,.F.,.F.,(4,2,4),(3.47713393331688,3.52755192708111,3.75450621707813),
 .UNSPECIFIED.);
#35=B_SPLINE_CURVE_WITH_KNOTS('',3,(#9874,#9875,#9876,#9877,#9878,#9879),
 .UNSPECIFIED.,.F.,.F.,(4,2,4),(0.344082043518862,0.571036333515877,0.621454327280105),
 .UNSPECIFIED.);
#36=B_SPLINE_CURVE_WITH_KNOTS('',3,(#9881,#9882,#9883,#9884,#9885,#9886),
 .UNSPECIFIED.,.F.,.F.,(4,2,4),(3.47713393331688,3.52755192708111,3.75450621707813),
 .UNSPECIFIED.);
#37=B_SPLINE_CURVE_WITH_KNOTS('',3,(#9887,#9888,#9889,#9890,#9891,#9892),
 .UNSPECIFIED.,.F.,.F.,(4,2,4),(0.344082043518861,0.571036333515876,0.621454327280103),
 .UNSPECIFIED.);
#38=B_SPLINE_CURVE_WITH_KNOTS('',3,(#9894,#9895,#9896,#9897,#9898,#9899),
 .UNSPECIFIED.,.F.,.F.,(4,2,4),(3.47713393331688,3.52755192708111,3.75450621707813),
 .UNSPECIFIED.);
#39=B_SPLINE_CURVE_WITH_KNOTS('',3,(#9900,#9901,#9902,#9903,#9904,#9905),
 .UNSPECIFIED.,.F.,.F.,(4,2,4),(0.344082043518862,0.571036333515876,0.621454327280105),
 .UNSPECIFIED.);
#40=B_SPLINE_CURVE_WITH_KNOTS('',3,(#9907,#9908,#9909,#9910,#9911,#9912),
 .UNSPECIFIED.,.F.,.F.,(4,2,4),(0.344082043518862,0.571036333515876,0.621454327280105),
 .UNSPECIFIED.);
#41=B_SPLINE_CURVE_WITH_KNOTS('',3,(#9913,#9914,#9915,#9916,#9917,#9918),
 .UNSPECIFIED.,.F.,.F.,(4,2,4),(3.47713393331688,3.52755192708111,3.75450621707813),
 .UNSPECIFIED.);
#42=B_SPLINE_CURVE_WITH_KNOTS('',3,(#9920,#9921,#9922,#9923,#9924,#9925),
 .UNSPECIFIED.,.F.,.F.,(4,2,4),(3.47713393331688,3.52755192708111,3.75450621707813),
 .UNSPECIFIED.);
#43=B_SPLINE_CURVE_WITH_KNOTS('',3,(#9926,#9927,#9928,#9929,#9930,#9931),
 .UNSPECIFIED.,.F.,.F.,(4,2,4),(0.344082043518861,0.571036333515876,0.621454327280103),
 .UNSPECIFIED.);
#44=B_SPLINE_CURVE_WITH_KNOTS('',3,(#9933,#9934,#9935,#9936,#9937,#9938),
 .UNSPECIFIED.,.F.,.F.,(4,2,4),(3.47713393331688,3.52755192708111,3.75450621707813),
 .UNSPECIFIED.);
#45=B_SPLINE_CURVE_WITH_KNOTS('',3,(#9939,#9940,#9941,#9942,#9943,#9944),
 .UNSPECIFIED.,.F.,.F.,(4,2,4),(0.344082043518861,0.571036333515876,0.621454327280104),
 .UNSPECIFIED.);
#46=B_SPLINE_CURVE_WITH_KNOTS('',3,(#9946,#9947,#9948,#9949,#9950,#9951),
 .UNSPECIFIED.,.F.,.F.,(4,2,4),(3.47713393331688,3.52755192708111,3.75450621707813),
 .UNSPECIFIED.);
#47=B_SPLINE_CURVE_WITH_KNOTS('',3,(#9952,#9953,#9954,#9955,#9956,#9957),
 .UNSPECIFIED.,.F.,.F.,(4,2,4),(0.344082043518862,0.571036333515876,0.621454327280104),
 .UNSPECIFIED.);
#48=B_SPLINE_CURVE_WITH_KNOTS('',3,(#9959,#9960,#9961,#9962,#9963,#9964),
 .UNSPECIFIED.,.F.,.F.,(4,2,4),(3.47713393331688,3.52755192708111,3.75450621707813),
 .UNSPECIFIED.);
#49=B_SPLINE_CURVE_WITH_KNOTS('',3,(#9965,#9966,#9967,#9968,#9969,#9970),
 .UNSPECIFIED.,.F.,.F.,(4,2,4),(0.344082043518863,0.571036333515876,0.621454327280104),
 .UNSPECIFIED.);
#50=B_SPLINE_CURVE_WITH_KNOTS('',3,(#9972,#9973,#9974,#9975,#9976,#9977),
 .UNSPECIFIED.,.F.,.F.,(4,2,4),(3.47713393331688,3.52755192708111,3.75450621707813),
 .UNSPECIFIED.);
#51=B_SPLINE_CURVE_WITH_KNOTS('',3,(#9978,#9979,#9980,#9981,#9982,#9983),
 .UNSPECIFIED.,.F.,.F.,(4,2,4),(0.344082043518862,0.571036333515876,0.621454327280106),
 .UNSPECIFIED.);
#52=B_SPLINE_CURVE_WITH_KNOTS('',3,(#9985,#9986,#9987,#9988,#9989,#9990),
 .UNSPECIFIED.,.F.,.F.,(4,2,4),(3.47713393331688,3.52755192708111,3.75450621707813),
 .UNSPECIFIED.);
#53=B_SPLINE_CURVE_WITH_KNOTS('',3,(#9991,#9992,#9993,#9994,#9995,#9996),
 .UNSPECIFIED.,.F.,.F.,(4,2,4),(0.344082043518862,0.571036333515876,0.621454327280105),
 .UNSPECIFIED.);
#54=B_SPLINE_CURVE_WITH_KNOTS('',3,(#9998,#9999,#10000,#10001,#10002,#10003),
 .UNSPECIFIED.,.F.,.F.,(4,2,4),(0.344082043518861,0.571036333515876,0.621454327280104),
 .UNSPECIFIED.);
#55=B_SPLINE_CURVE_WITH_KNOTS('',3,(#10004,#10005,#10006,#10007,#10008,
#10009),.UNSPECIFIED.,.F.,.F.,(4,2,4),(3.47713393331688,3.52755192708111,
3.75450621707813),.UNSPECIFIED.);
#56=B_SPLINE_CURVE_WITH_KNOTS('',3,(#10011,#10012,#10013,#10014,#10015,
#10016),.UNSPECIFIED.,.F.,.F.,(4,2,4),(2.64086075565742,2.86781504565443,
2.91823303941866),.UNSPECIFIED.);
#57=B_SPLINE_CURVE_WITH_KNOTS('',3,(#10017,#10018,#10019,#10020,#10021,
#10022),.UNSPECIFIED.,.F.,.F.,(4,2,4),(5.77391264545544,5.82433063921967,
6.05128492921668),.UNSPECIFIED.);
#58=B_SPLINE_CURVE_WITH_KNOTS('',3,(#10024,#10025,#10026,#10027,#10028,
#10029),.UNSPECIFIED.,.F.,.F.,(4,2,4),(5.77391264545544,5.82433063921967,
6.05128492921668),.UNSPECIFIED.);
#59=B_SPLINE_CURVE_WITH_KNOTS('',3,(#10030,#10031,#10032,#10033,#10034,
#10035),.UNSPECIFIED.,.F.,.F.,(4,2,4),(2.64086075565742,2.86781504565443,
2.91823303941866),.UNSPECIFIED.);
#60=B_SPLINE_CURVE_WITH_KNOTS('',3,(#10037,#10038,#10039,#10040,#10041,
#10042),.UNSPECIFIED.,.F.,.F.,(4,2,4),(2.64086075565741,2.86781504565443,
2.91823303941866),.UNSPECIFIED.);
#61=B_SPLINE_CURVE_WITH_KNOTS('',3,(#10043,#10044,#10045,#10046,#10047,
#10048),.UNSPECIFIED.,.F.,.F.,(4,2,4),(5.77391264545544,5.82433063921967,
6.05128492921668),.UNSPECIFIED.);
#62=B_SPLINE_CURVE_WITH_KNOTS('',3,(#10050,#10051,#10052,#10053,#10054,
#10055),.UNSPECIFIED.,.F.,.F.,(4,2,4),(2.64086075565742,2.86781504565443,
2.91823303941866),.UNSPECIFIED.);
#63=B_SPLINE_CURVE_WITH_KNOTS('',3,(#10056,#10057,#10058,#10059,#10060,
#10061),.UNSPECIFIED.,.F.,.F.,(4,2,4),(5.77391264545544,5.82433063921967,
6.05128492921668),.UNSPECIFIED.);
#64=B_SPLINE_CURVE_WITH_KNOTS('',3,(#10063,#10064,#10065,#10066,#10067,
#10068),.UNSPECIFIED.,.F.,.F.,(4,2,4),(5.77391264545544,5.82433063921966,
6.05128492921668),.UNSPECIFIED.);
#65=B_SPLINE_CURVE_WITH_KNOTS('',3,(#10070,#10071,#10072,#10073,#10074,
#10075),.UNSPECIFIED.,.F.,.F.,(4,2,4),(5.77391264545544,5.82433063921967,
6.05128492921668),.UNSPECIFIED.);
#66=B_SPLINE_CURVE_WITH_KNOTS('',3,(#10076,#10077,#10078,#10079,#10080,
#10081),.UNSPECIFIED.,.F.,.F.,(4,2,4),(2.64086075565742,2.86781504565443,
2.91823303941865),.UNSPECIFIED.);
#67=B_SPLINE_CURVE_WITH_KNOTS('',3,(#10083,#10084,#10085,#10086,#10087,
#10088),.UNSPECIFIED.,.F.,.F.,(4,2,4),(5.77391264545544,5.82433063921967,
6.05128492921668),.UNSPECIFIED.);
#68=B_SPLINE_CURVE_WITH_KNOTS('',3,(#10089,#10090,#10091,#10092,#10093,
#10094),.UNSPECIFIED.,.F.,.F.,(4,2,4),(2.64086075565742,2.86781504565443,
2.91823303941865),.UNSPECIFIED.);
#69=B_SPLINE_CURVE_WITH_KNOTS('',3,(#10096,#10097,#10098,#10099,#10100,
#10101),.UNSPECIFIED.,.F.,.F.,(4,2,4),(5.77391264545544,5.82433063921967,
6.05128492921668),.UNSPECIFIED.);
#70=B_SPLINE_CURVE_WITH_KNOTS('',3,(#10102,#10103,#10104,#10105,#10106,
#10107),.UNSPECIFIED.,.F.,.F.,(4,2,4),(2.64086075565742,2.86781504565443,
2.91823303941866),.UNSPECIFIED.);
#71=B_SPLINE_CURVE_WITH_KNOTS('',3,(#10109,#10110,#10111,#10112,#10113,
#10114),.UNSPECIFIED.,.F.,.F.,(4,2,4),(2.64086075565742,2.86781504565443,
2.91823303941865),.UNSPECIFIED.);
#72=B_SPLINE_CURVE_WITH_KNOTS('',3,(#10115,#10116,#10117,#10118,#10119,
#10120),.UNSPECIFIED.,.F.,.F.,(4,2,4),(5.77391264545544,5.82433063921967,
6.05128492921668),.UNSPECIFIED.);
#73=B_SPLINE_CURVE_WITH_KNOTS('',3,(#10122,#10123,#10124,#10125,#10126,
#10127),.UNSPECIFIED.,.F.,.F.,(4,2,4),(2.64086075565742,2.86781504565443,
2.91823303941866),.UNSPECIFIED.);
#74=B_SPLINE_CURVE_WITH_KNOTS('',3,(#10128,#10129,#10130,#10131,#10132,
#10133),.UNSPECIFIED.,.F.,.F.,(4,2,4),(5.77391264545544,5.82433063921967,
6.05128492921668),.UNSPECIFIED.);
#75=B_SPLINE_CURVE_WITH_KNOTS('',3,(#10135,#10136,#10137,#10138,#10139,
#10140),.UNSPECIFIED.,.F.,.F.,(4,2,4),(2.64086075565741,2.86781504565443,
2.91823303941866),.UNSPECIFIED.);
#76=B_SPLINE_CURVE_WITH_KNOTS('',3,(#10141,#10142,#10143,#10144,#10145,
#10146),.UNSPECIFIED.,.F.,.F.,(4,2,4),(5.77391264545544,5.82433063921967,
6.05128492921668),.UNSPECIFIED.);
#77=B_SPLINE_CURVE_WITH_KNOTS('',3,(#10148,#10149,#10150,#10151,#10152,
#10153),.UNSPECIFIED.,.F.,.F.,(4,2,4),(5.77391264545544,5.82433063921967,
6.05128492921668),.UNSPECIFIED.);
#78=B_SPLINE_CURVE_WITH_KNOTS('',3,(#10154,#10155,#10156,#10157,#10158,
#10159),.UNSPECIFIED.,.F.,.F.,(4,2,4),(2.64086075565742,2.86781504565443,
2.91823303941865),.UNSPECIFIED.);
#79=B_SPLINE_CURVE_WITH_KNOTS('',3,(#10161,#10162,#10163,#10164,#10165,
#10166),.UNSPECIFIED.,.F.,.F.,(4,2,4),(2.64086075565742,2.86781504565443,
2.91823303941866),.UNSPECIFIED.);
#80=B_SPLINE_CURVE_WITH_KNOTS('',3,(#10167,#10168,#10169,#10170,#10171,
#10172),.UNSPECIFIED.,.F.,.F.,(4,2,4),(5.77391264545544,5.82433063921966,
6.05128492921668),.UNSPECIFIED.);
#81=B_SPLINE_CURVE_WITH_KNOTS('',3,(#10174,#10175,#10176,#10177,#10178,
#10179),.UNSPECIFIED.,.F.,.F.,(4,2,4),(2.64086075565742,2.86781504565443,
2.91823303941865),.UNSPECIFIED.);
#82=B_SPLINE_CURVE_WITH_KNOTS('',3,(#10180,#10181,#10182,#10183,#10184,
#10185),.UNSPECIFIED.,.F.,.F.,(4,2,4),(5.77391264545544,5.82433063921967,
6.05128492921668),.UNSPECIFIED.);
#83=B_SPLINE_CURVE_WITH_KNOTS('',3,(#10187,#10188,#10189,#10190,#10191,
#10192),.UNSPECIFIED.,.F.,.F.,(4,2,4),(2.64086075565742,2.86781504565443,
2.91823303941866),.UNSPECIFIED.);
#84=B_SPLINE_CURVE_WITH_KNOTS('',3,(#10193,#10194,#10195,#10196,#10197,
#10198),.UNSPECIFIED.,.F.,.F.,(4,2,4),(5.77391264545544,5.82433063921967,
6.05128492921668),.UNSPECIFIED.);
#85=B_SPLINE_CURVE_WITH_KNOTS('',3,(#10200,#10201,#10202,#10203,#10204,
#10205),.UNSPECIFIED.,.F.,.F.,(4,2,4),(2.64086075565742,2.86781504565443,
2.91823303941865),.UNSPECIFIED.);
#86=B_SPLINE_CURVE_WITH_KNOTS('',3,(#10206,#10207,#10208,#10209,#10210,
#10211),.UNSPECIFIED.,.F.,.F.,(4,2,4),(5.77391264545544,5.82433063921967,
6.05128492921668),.UNSPECIFIED.);
#87=B_SPLINE_CURVE_WITH_KNOTS('',3,(#10213,#10214,#10215,#10216,#10217,
#10218),.UNSPECIFIED.,.F.,.F.,(4,2,4),(2.64086075565742,2.86781504565443,
2.91823303941866),.UNSPECIFIED.);
#88=B_SPLINE_CURVE_WITH_KNOTS('',3,(#10219,#10220,#10221,#10222,#10223,
#10224),.UNSPECIFIED.,.F.,.F.,(4,2,4),(5.77391264545544,5.82433063921967,
6.05128492921668),.UNSPECIFIED.);
#89=B_SPLINE_CURVE_WITH_KNOTS('',3,(#10226,#10227,#10228,#10229,#10230,
#10231),.UNSPECIFIED.,.F.,.F.,(4,2,4),(2.64086075565741,2.86781504565443,
2.91823303941866),.UNSPECIFIED.);
#90=B_SPLINE_CURVE_WITH_KNOTS('',3,(#10232,#10233,#10234,#10235,#10236,
#10237),.UNSPECIFIED.,.F.,.F.,(4,2,4),(5.77391264545544,5.82433063921967,
6.05128492921668),.UNSPECIFIED.);
#91=B_SPLINE_CURVE_WITH_KNOTS('',3,(#10239,#10240,#10241,#10242,#10243,
#10244),.UNSPECIFIED.,.F.,.F.,(4,2,4),(5.77391264545544,5.82433063921966,
6.05128492921668),.UNSPECIFIED.);
#92=B_SPLINE_CURVE_WITH_KNOTS('',3,(#10245,#10246,#10247,#10248,#10249,
#10250),.UNSPECIFIED.,.F.,.F.,(4,2,4),(2.64086075565741,2.86781504565443,
2.91823303941865),.UNSPECIFIED.);
#93=B_SPLINE_CURVE_WITH_KNOTS('',3,(#10258,#10259,#10260,#10261,#10262,
#10263),.UNSPECIFIED.,.F.,.F.,(4,2,4),(3.47713393331688,3.52755192708111,
3.75450621707813),.UNSPECIFIED.);
#94=B_SPLINE_CURVE_WITH_KNOTS('',3,(#10265,#10266,#10267,#10268,#10269,
#10270),.UNSPECIFIED.,.F.,.F.,(4,2,4),(2.64086075565741,2.86781504565443,
2.91823303941865),.UNSPECIFIED.);
#95=FACE_BOUND('',#594,.T.);
#96=FACE_BOUND('',#596,.T.);
#97=FACE_BOUND('',#599,.T.);
#98=FACE_BOUND('',#738,.T.);
#99=FACE_BOUND('',#739,.T.);
#100=FACE_BOUND('',#740,.T.);
#101=FACE_BOUND('',#741,.T.);
#102=FACE_BOUND('',#742,.T.);
#103=FACE_BOUND('',#757,.T.);
#104=PLANE('',#5937);
#105=PLANE('',#6058);
#106=PLANE('',#6063);
#107=PLANE('',#6066);
#108=PLANE('',#6067);
#109=PLANE('',#6068);
#110=PLANE('',#6069);
#111=PLANE('',#6070);
#112=PLANE('',#6071);
#113=PLANE('',#6072);
#114=PLANE('',#6073);
#115=PLANE('',#6074);
#116=PLANE('',#6075);
#117=PLANE('',#6076);
#118=PLANE('',#6077);
#119=PLANE('',#6078);
#120=PLANE('',#6079);
#121=PLANE('',#6080);
#122=PLANE('',#6081);
#123=PLANE('',#6082);
#124=PLANE('',#6083);
#125=PLANE('',#6084);
#126=PLANE('',#6085);
#127=PLANE('',#6086);
#128=PLANE('',#6087);
#129=PLANE('',#6088);
#130=PLANE('',#6089);
#131=PLANE('',#6090);
#132=PLANE('',#6091);
#133=PLANE('',#6092);
#134=PLANE('',#6093);
#135=PLANE('',#6094);
#136=PLANE('',#6095);
#137=PLANE('',#6096);
#138=PLANE('',#6097);
#139=PLANE('',#6098);
#140=PLANE('',#6099);
#141=PLANE('',#6100);
#142=PLANE('',#6101);
#143=PLANE('',#6102);
#144=PLANE('',#6103);
#145=PLANE('',#6104);
#146=PLANE('',#6105);
#147=PLANE('',#6106);
#148=PLANE('',#6107);
#149=PLANE('',#6108);
#150=PLANE('',#6109);
#151=PLANE('',#6110);
#152=PLANE('',#6111);
#153=PLANE('',#6112);
#154=PLANE('',#6113);
#155=PLANE('',#6114);
#156=PLANE('',#6115);
#157=PLANE('',#6116);
#158=PLANE('',#6117);
#159=PLANE('',#6118);
#160=PLANE('',#6119);
#161=PLANE('',#6120);
#162=PLANE('',#6121);
#163=PLANE('',#6122);
#164=PLANE('',#6123);
#165=PLANE('',#6124);
#166=PLANE('',#6125);
#167=PLANE('',#6126);
#168=PLANE('',#6127);
#169=PLANE('',#6128);
#170=PLANE('',#6129);
#171=PLANE('',#6130);
#172=PLANE('',#6131);
#173=PLANE('',#6132);
#174=PLANE('',#6133);
#175=PLANE('',#6134);
#176=PLANE('',#6135);
#177=PLANE('',#6136);
#178=PLANE('',#6137);
#179=PLANE('',#6138);
#180=PLANE('',#6139);
#181=PLANE('',#6140);
#182=PLANE('',#6141);
#183=PLANE('',#6142);
#184=PLANE('',#6143);
#185=PLANE('',#6144);
#186=PLANE('',#6145);
#187=PLANE('',#6146);
#188=PLANE('',#6147);
#189=PLANE('',#6148);
#190=PLANE('',#6149);
#191=PLANE('',#6150);
#192=PLANE('',#6151);
#193=PLANE('',#6152);
#194=PLANE('',#6153);
#195=PLANE('',#6154);
#196=PLANE('',#6155);
#197=PLANE('',#6156);
#198=PLANE('',#6157);
#199=PLANE('',#6158);
#200=PLANE('',#6159);
#201=PLANE('',#6160);
#202=PLANE('',#6161);
#203=PLANE('',#6162);
#204=PLANE('',#6163);
#205=PLANE('',#6164);
#206=PLANE('',#6165);
#207=PLANE('',#6166);
#208=PLANE('',#6167);
#209=PLANE('',#6168);
#210=PLANE('',#6169);
#211=PLANE('',#6170);
#212=PLANE('',#6171);
#213=PLANE('',#6172);
#214=PLANE('',#6173);
#215=PLANE('',#6174);
#216=PLANE('',#6175);
#217=PLANE('',#6176);
#218=PLANE('',#6177);
#219=PLANE('',#6178);
#220=PLANE('',#6179);
#221=PLANE('',#6180);
#222=PLANE('',#6181);
#223=PLANE('',#6182);
#224=PLANE('',#6183);
#225=PLANE('',#6184);
#226=PLANE('',#6185);
#227=PLANE('',#6186);
#228=PLANE('',#6187);
#229=PLANE('',#6188);
#230=PLANE('',#6189);
#231=PLANE('',#6190);
#232=PLANE('',#6191);
#233=PLANE('',#6192);
#234=PLANE('',#6193);
#235=PLANE('',#6194);
#236=PLANE('',#6195);
#237=PLANE('',#6196);
#238=PLANE('',#6197);
#239=PLANE('',#6198);
#240=PLANE('',#6199);
#241=PLANE('',#6200);
#242=PLANE('',#6201);
#243=PLANE('',#6202);
#244=PLANE('',#6229);
#245=CONICAL_SURFACE('',#5934,9.,0.785398163397448);
#246=CONICAL_SURFACE('',#6394,22.,0.78539816339745);
#247=CONICAL_SURFACE('',#6395,22.,0.78539816339745);
#248=CONICAL_SURFACE('',#6396,22.,0.78539816339745);
#249=CONICAL_SURFACE('',#6397,22.,0.78539816339745);
#250=CONICAL_SURFACE('',#6398,22.,0.78539816339745);
#251=CONICAL_SURFACE('',#6399,22.,0.78539816339745);
#252=CONICAL_SURFACE('',#6400,22.,0.78539816339745);
#253=CONICAL_SURFACE('',#6401,22.,0.78539816339745);
#254=CONICAL_SURFACE('',#6402,22.,0.78539816339745);
#255=CONICAL_SURFACE('',#6403,22.,0.78539816339745);
#256=CONICAL_SURFACE('',#6404,22.,0.78539816339745);
#257=CONICAL_SURFACE('',#6405,22.,0.78539816339745);
#258=CONICAL_SURFACE('',#6406,22.,0.78539816339745);
#259=CONICAL_SURFACE('',#6407,22.,0.78539816339745);
#260=CONICAL_SURFACE('',#6408,22.,0.78539816339745);
#261=CONICAL_SURFACE('',#6409,22.,0.78539816339745);
#262=CONICAL_SURFACE('',#6410,22.,0.78539816339745);
#263=CONICAL_SURFACE('',#6411,22.,0.78539816339745);
#264=CONICAL_SURFACE('',#6412,22.,0.78539816339745);
#265=CONICAL_SURFACE('',#6413,20.,0.785398163397448);
#266=CONICAL_SURFACE('',#6414,20.,0.785398163397448);
#267=CONICAL_SURFACE('',#6415,20.,0.785398163397448);
#268=CONICAL_SURFACE('',#6416,20.,0.785398163397448);
#269=CONICAL_SURFACE('',#6417,20.,0.785398163397448);
#270=CONICAL_SURFACE('',#6418,20.,0.785398163397448);
#271=CONICAL_SURFACE('',#6419,20.,0.785398163397448);
#272=CONICAL_SURFACE('',#6420,20.,0.785398163397448);
#273=CONICAL_SURFACE('',#6421,20.,0.785398163397448);
#274=CONICAL_SURFACE('',#6422,20.,0.785398163397448);
#275=CONICAL_SURFACE('',#6423,20.,0.785398163397448);
#276=CONICAL_SURFACE('',#6424,20.,0.785398163397448);
#277=CONICAL_SURFACE('',#6425,20.,0.785398163397448);
#278=CONICAL_SURFACE('',#6426,20.,0.785398163397448);
#279=CONICAL_SURFACE('',#6427,20.,0.785398163397448);
#280=CONICAL_SURFACE('',#6428,20.,0.785398163397448);
#281=CONICAL_SURFACE('',#6429,20.,0.785398163397448);
#282=CONICAL_SURFACE('',#6430,20.,0.785398163397448);
#283=CONICAL_SURFACE('',#6431,20.,0.785398163397448);
#284=CONICAL_SURFACE('',#6440,22.,0.78539816339745);
#285=CONICAL_SURFACE('',#6441,20.,0.785398163397448);
#286=FACE_OUTER_BOUND('',#591,.T.);
#287=FACE_OUTER_BOUND('',#592,.T.);
#288=FACE_OUTER_BOUND('',#593,.T.);
#289=FACE_OUTER_BOUND('',#595,.T.);
#290=FACE_OUTER_BOUND('',#597,.T.);
#291=FACE_OUTER_BOUND('',#598,.T.);
#292=FACE_OUTER_BOUND('',#600,.T.);
#293=FACE_OUTER_BOUND('',#601,.T.);
#294=FACE_OUTER_BOUND('',#602,.T.);
#295=FACE_OUTER_BOUND('',#603,.T.);
#296=FACE_OUTER_BOUND('',#604,.T.);
#297=FACE_OUTER_BOUND('',#605,.T.);
#298=FACE_OUTER_BOUND('',#606,.T.);
#299=FACE_OUTER_BOUND('',#607,.T.);
#300=FACE_OUTER_BOUND('',#608,.T.);
#301=FACE_OUTER_BOUND('',#609,.T.);
#302=FACE_OUTER_BOUND('',#610,.T.);
#303=FACE_OUTER_BOUND('',#611,.T.);
#304=FACE_OUTER_BOUND('',#612,.T.);
#305=FACE_OUTER_BOUND('',#613,.T.);
#306=FACE_OUTER_BOUND('',#614,.T.);
#307=FACE_OUTER_BOUND('',#615,.T.);
#308=FACE_OUTER_BOUND('',#616,.T.);
#309=FACE_OUTER_BOUND('',#617,.T.);
#310=FACE_OUTER_BOUND('',#618,.T.);
#311=FACE_OUTER_BOUND('',#619,.T.);
#312=FACE_OUTER_BOUND('',#620,.T.);
#313=FACE_OUTER_BOUND('',#621,.T.);
#314=FACE_OUTER_BOUND('',#622,.T.);
#315=FACE_OUTER_BOUND('',#623,.T.);
#316=FACE_OUTER_BOUND('',#624,.T.);
#317=FACE_OUTER_BOUND('',#625,.T.);
#318=FACE_OUTER_BOUND('',#626,.T.);
#319=FACE_OUTER_BOUND('',#627,.T.);
#320=FACE_OUTER_BOUND('',#628,.T.);
#321=FACE_OUTER_BOUND('',#629,.T.);
#322=FACE_OUTER_BOUND('',#630,.T.);
#323=FACE_OUTER_BOUND('',#631,.T.);
#324=FACE_OUTER_BOUND('',#632,.T.);
#325=FACE_OUTER_BOUND('',#633,.T.);
#326=FACE_OUTER_BOUND('',#634,.T.);
#327=FACE_OUTER_BOUND('',#635,.T.);
#328=FACE_OUTER_BOUND('',#636,.T.);
#329=FACE_OUTER_BOUND('',#637,.T.);
#330=FACE_OUTER_BOUND('',#638,.T.);
#331=FACE_OUTER_BOUND('',#639,.T.);
#332=FACE_OUTER_BOUND('',#640,.T.);
#333=FACE_OUTER_BOUND('',#641,.T.);
#334=FACE_OUTER_BOUND('',#642,.T.);
#335=FACE_OUTER_BOUND('',#643,.T.);
#336=FACE_OUTER_BOUND('',#644,.T.);
#337=FACE_OUTER_BOUND('',#645,.T.);
#338=FACE_OUTER_BOUND('',#646,.T.);
#339=FACE_OUTER_BOUND('',#647,.T.);
#340=FACE_OUTER_BOUND('',#648,.T.);
#341=FACE_OUTER_BOUND('',#649,.T.);
#342=FACE_OUTER_BOUND('',#650,.T.);
#343=FACE_OUTER_BOUND('',#651,.T.);
#344=FACE_OUTER_BOUND('',#652,.T.);
#345=FACE_OUTER_BOUND('',#653,.T.);
#346=FACE_OUTER_BOUND('',#654,.T.);
#347=FACE_OUTER_BOUND('',#655,.T.);
#348=FACE_OUTER_BOUND('',#656,.T.);
#349=FACE_OUTER_BOUND('',#657,.T.);
#350=FACE_OUTER_BOUND('',#658,.T.);
#351=FACE_OUTER_BOUND('',#659,.T.);
#352=FACE_OUTER_BOUND('',#660,.T.);
#353=FACE_OUTER_BOUND('',#661,.T.);
#354=FACE_OUTER_BOUND('',#662,.T.);
#355=FACE_OUTER_BOUND('',#663,.T.);
#356=FACE_OUTER_BOUND('',#664,.T.);
#357=FACE_OUTER_BOUND('',#665,.T.);
#358=FACE_OUTER_BOUND('',#666,.T.);
#359=FACE_OUTER_BOUND('',#667,.T.);
#360=FACE_OUTER_BOUND('',#668,.T.);
#361=FACE_OUTER_BOUND('',#669,.T.);
#362=FACE_OUTER_BOUND('',#670,.T.);
#363=FACE_OUTER_BOUND('',#671,.T.);
#364=FACE_OUTER_BOUND('',#672,.T.);
#365=FACE_OUTER_BOUND('',#673,.T.);
#366=FACE_OUTER_BOUND('',#674,.T.);
#367=FACE_OUTER_BOUND('',#675,.T.);
#368=FACE_OUTER_BOUND('',#676,.T.);
#369=FACE_OUTER_BOUND('',#677,.T.);
#370=FACE_OUTER_BOUND('',#678,.T.);
#371=FACE_OUTER_BOUND('',#679,.T.);
#372=FACE_OUTER_BOUND('',#680,.T.);
#373=FACE_OUTER_BOUND('',#681,.T.);
#374=FACE_OUTER_BOUND('',#682,.T.);
#375=FACE_OUTER_BOUND('',#683,.T.);
#376=FACE_OUTER_BOUND('',#684,.T.);
#377=FACE_OUTER_BOUND('',#685,.T.);
#378=FACE_OUTER_BOUND('',#686,.T.);
#379=FACE_OUTER_BOUND('',#687,.T.);
#380=FACE_OUTER_BOUND('',#688,.T.);
#381=FACE_OUTER_BOUND('',#689,.T.);
#382=FACE_OUTER_BOUND('',#690,.T.);
#383=FACE_OUTER_BOUND('',#691,.T.);
#384=FACE_OUTER_BOUND('',#692,.T.);
#385=FACE_OUTER_BOUND('',#693,.T.);
#386=FACE_OUTER_BOUND('',#694,.T.);
#387=FACE_OUTER_BOUND('',#695,.T.);
#388=FACE_OUTER_BOUND('',#696,.T.);
#389=FACE_OUTER_BOUND('',#697,.T.);
#390=FACE_OUTER_BOUND('',#698,.T.);
#391=FACE_OUTER_BOUND('',#699,.T.);
#392=FACE_OUTER_BOUND('',#700,.T.);
#393=FACE_OUTER_BOUND('',#701,.T.);
#394=FACE_OUTER_BOUND('',#702,.T.);
#395=FACE_OUTER_BOUND('',#703,.T.);
#396=FACE_OUTER_BOUND('',#704,.T.);
#397=FACE_OUTER_BOUND('',#705,.T.);
#398=FACE_OUTER_BOUND('',#706,.T.);
#399=FACE_OUTER_BOUND('',#707,.T.);
#400=FACE_OUTER_BOUND('',#708,.T.);
#401=FACE_OUTER_BOUND('',#709,.T.);
#402=FACE_OUTER_BOUND('',#710,.T.);
#403=FACE_OUTER_BOUND('',#711,.T.);
#404=FACE_OUTER_BOUND('',#712,.T.);
#405=FACE_OUTER_BOUND('',#713,.T.);
#406=FACE_OUTER_BOUND('',#714,.T.);
#407=FACE_OUTER_BOUND('',#715,.T.);
#408=FACE_OUTER_BOUND('',#716,.T.);
#409=FACE_OUTER_BOUND('',#717,.T.);
#410=FACE_OUTER_BOUND('',#718,.T.);
#411=FACE_OUTER_BOUND('',#719,.T.);
#412=FACE_OUTER_BOUND('',#720,.T.);
#413=FACE_OUTER_BOUND('',#721,.T.);
#414=FACE_OUTER_BOUND('',#722,.T.);
#415=FACE_OUTER_BOUND('',#723,.T.);
#416=FACE_OUTER_BOUND('',#724,.T.);
#417=FACE_OUTER_BOUND('',#725,.T.);
#418=FACE_OUTER_BOUND('',#726,.T.);
#419=FACE_OUTER_BOUND('',#727,.T.);
#420=FACE_OUTER_BOUND('',#728,.T.);
#421=FACE_OUTER_BOUND('',#729,.T.);
#422=FACE_OUTER_BOUND('',#730,.T.);
#423=FACE_OUTER_BOUND('',#731,.T.);
#424=FACE_OUTER_BOUND('',#732,.T.);
#425=FACE_OUTER_BOUND('',#733,.T.);
#426=FACE_OUTER_BOUND('',#734,.T.);
#427=FACE_OUTER_BOUND('',#735,.T.);
#428=FACE_OUTER_BOUND('',#736,.T.);
#429=FACE_OUTER_BOUND('',#737,.T.);
#430=FACE_OUTER_BOUND('',#743,.T.);
#431=FACE_OUTER_BOUND('',#744,.T.);
#432=FACE_OUTER_BOUND('',#745,.T.);
#433=FACE_OUTER_BOUND('',#746,.T.);
#434=FACE_OUTER_BOUND('',#747,.T.);
#435=FACE_OUTER_BOUND('',#748,.T.);
#436=FACE_OUTER_BOUND('',#749,.T.);
#437=FACE_OUTER_BOUND('',#750,.T.);
#438=FACE_OUTER_BOUND('',#751,.T.);
#439=FACE_OUTER_BOUND('',#752,.T.);
#440=FACE_OUTER_BOUND('',#753,.T.);
#441=FACE_OUTER_BOUND('',#754,.T.);
#442=FACE_OUTER_BOUND('',#755,.T.);
#443=FACE_OUTER_BOUND('',#756,.T.);
#444=FACE_OUTER_BOUND('',#758,.T.);
#445=FACE_OUTER_BOUND('',#759,.T.);
#446=FACE_OUTER_BOUND('',#760,.T.);
#447=FACE_OUTER_BOUND('',#761,.T.);
#448=FACE_OUTER_BOUND('',#762,.T.);
#449=FACE_OUTER_BOUND('',#763,.T.);
#450=FACE_OUTER_BOUND('',#764,.T.);
#451=FACE_OUTER_BOUND('',#765,.T.);
#452=FACE_OUTER_BOUND('',#766,.T.);
#453=FACE_OUTER_BOUND('',#767,.T.);
#454=FACE_OUTER_BOUND('',#768,.T.);
#455=FACE_OUTER_BOUND('',#769,.T.);
#456=FACE_OUTER_BOUND('',#770,.T.);
#457=FACE_OUTER_BOUND('',#771,.T.);
#458=FACE_OUTER_BOUND('',#772,.T.);
#459=FACE_OUTER_BOUND('',#773,.T.);
#460=FACE_OUTER_BOUND('',#774,.T.);
#461=FACE_OUTER_BOUND('',#775,.T.);
#462=FACE_OUTER_BOUND('',#776,.T.);
#463=FACE_OUTER_BOUND('',#777,.T.);
#464=FACE_OUTER_BOUND('',#778,.T.);
#465=FACE_OUTER_BOUND('',#779,.T.);
#466=FACE_OUTER_BOUND('',#780,.T.);
#467=FACE_OUTER_BOUND('',#781,.T.);
#468=FACE_OUTER_BOUND('',#782,.T.);
#469=FACE_OUTER_BOUND('',#783,.T.);
#470=FACE_OUTER_BOUND('',#784,.T.);
#471=FACE_OUTER_BOUND('',#785,.T.);
#472=FACE_OUTER_BOUND('',#786,.T.);
#473=FACE_OUTER_BOUND('',#787,.T.);
#474=FACE_OUTER_BOUND('',#788,.T.);
#475=FACE_OUTER_BOUND('',#789,.T.);
#476=FACE_OUTER_BOUND('',#790,.T.);
#477=FACE_OUTER_BOUND('',#791,.T.);
#478=FACE_OUTER_BOUND('',#792,.T.);
#479=FACE_OUTER_BOUND('',#793,.T.);
#480=FACE_OUTER_BOUND('',#794,.T.);
#481=FACE_OUTER_BOUND('',#795,.T.);
#482=FACE_OUTER_BOUND('',#796,.T.);
#483=FACE_OUTER_BOUND('',#797,.T.);
#484=FACE_OUTER_BOUND('',#798,.T.);
#485=FACE_OUTER_BOUND('',#799,.T.);
#486=FACE_OUTER_BOUND('',#800,.T.);
#487=FACE_OUTER_BOUND('',#801,.T.);
#488=FACE_OUTER_BOUND('',#802,.T.);
#489=FACE_OUTER_BOUND('',#803,.T.);
#490=FACE_OUTER_BOUND('',#804,.T.);
#491=FACE_OUTER_BOUND('',#805,.T.);
#492=FACE_OUTER_BOUND('',#806,.T.);
#493=FACE_OUTER_BOUND('',#807,.T.);
#494=FACE_OUTER_BOUND('',#808,.T.);
#495=FACE_OUTER_BOUND('',#809,.T.);
#496=FACE_OUTER_BOUND('',#810,.T.);
#497=FACE_OUTER_BOUND('',#811,.T.);
#498=FACE_OUTER_BOUND('',#812,.T.);
#499=FACE_OUTER_BOUND('',#813,.T.);
#500=FACE_OUTER_BOUND('',#814,.T.);
#501=FACE_OUTER_BOUND('',#815,.T.);
#502=FACE_OUTER_BOUND('',#816,.T.);
#503=FACE_OUTER_BOUND('',#817,.T.);
#504=FACE_OUTER_BOUND('',#818,.T.);
#505=FACE_OUTER_BOUND('',#819,.T.);
#506=FACE_OUTER_BOUND('',#820,.T.);
#507=FACE_OUTER_BOUND('',#821,.T.);
#508=FACE_OUTER_BOUND('',#822,.T.);
#509=FACE_OUTER_BOUND('',#823,.T.);
#510=FACE_OUTER_BOUND('',#824,.T.);
#511=FACE_OUTER_BOUND('',#825,.T.);
#512=FACE_OUTER_BOUND('',#826,.T.);
#513=FACE_OUTER_BOUND('',#827,.T.);
#514=FACE_OUTER_BOUND('',#828,.T.);
#515=FACE_OUTER_BOUND('',#829,.T.);
#516=FACE_OUTER_BOUND('',#830,.T.);
#517=FACE_OUTER_BOUND('',#831,.T.);
#518=FACE_OUTER_BOUND('',#832,.T.);
#519=FACE_OUTER_BOUND('',#833,.T.);
#520=FACE_OUTER_BOUND('',#834,.T.);
#521=FACE_OUTER_BOUND('',#835,.T.);
#522=FACE_OUTER_BOUND('',#836,.T.);
#523=FACE_OUTER_BOUND('',#837,.T.);
#524=FACE_OUTER_BOUND('',#838,.T.);
#525=FACE_OUTER_BOUND('',#839,.T.);
#526=FACE_OUTER_BOUND('',#840,.T.);
#527=FACE_OUTER_BOUND('',#841,.T.);
#528=FACE_OUTER_BOUND('',#842,.T.);
#529=FACE_OUTER_BOUND('',#843,.T.);
#530=FACE_OUTER_BOUND('',#844,.T.);
#531=FACE_OUTER_BOUND('',#845,.T.);
#532=FACE_OUTER_BOUND('',#846,.T.);
#533=FACE_OUTER_BOUND('',#847,.T.);
#534=FACE_OUTER_BOUND('',#848,.T.);
#535=FACE_OUTER_BOUND('',#849,.T.);
#536=FACE_OUTER_BOUND('',#850,.T.);
#537=FACE_OUTER_BOUND('',#851,.T.);
#538=FACE_OUTER_BOUND('',#852,.T.);
#539=FACE_OUTER_BOUND('',#853,.T.);
#540=FACE_OUTER_BOUND('',#854,.T.);
#541=FACE_OUTER_BOUND('',#855,.T.);
#542=FACE_OUTER_BOUND('',#856,.T.);
#543=FACE_OUTER_BOUND('',#857,.T.);
#544=FACE_OUTER_BOUND('',#858,.T.);
#545=FACE_OUTER_BOUND('',#859,.T.);
#546=FACE_OUTER_BOUND('',#860,.T.);
#547=FACE_OUTER_BOUND('',#861,.T.);
#548=FACE_OUTER_BOUND('',#862,.T.);
#549=FACE_OUTER_BOUND('',#863,.T.);
#550=FACE_OUTER_BOUND('',#864,.T.);
#551=FACE_OUTER_BOUND('',#865,.T.);
#552=FACE_OUTER_BOUND('',#866,.T.);
#553=FACE_OUTER_BOUND('',#867,.T.);
#554=FACE_OUTER_BOUND('',#868,.T.);
#555=FACE_OUTER_BOUND('',#869,.T.);
#556=FACE_OUTER_BOUND('',#870,.T.);
#557=FACE_OUTER_BOUND('',#871,.T.);
#558=FACE_OUTER_BOUND('',#872,.T.);
#559=FACE_OUTER_BOUND('',#873,.T.);
#560=FACE_OUTER_BOUND('',#874,.T.);
#561=FACE_OUTER_BOUND('',#875,.T.);
#562=FACE_OUTER_BOUND('',#876,.T.);
#563=FACE_OUTER_BOUND('',#877,.T.);
#564=FACE_OUTER_BOUND('',#878,.T.);
#565=FACE_OUTER_BOUND('',#879,.T.);
#566=FACE_OUTER_BOUND('',#880,.T.);
#567=FACE_OUTER_BOUND('',#881,.T.);
#568=FACE_OUTER_BOUND('',#882,.T.);
#569=FACE_OUTER_BOUND('',#883,.T.);
#570=FACE_OUTER_BOUND('',#884,.T.);
#571=FACE_OUTER_BOUND('',#885,.T.);
#572=FACE_OUTER_BOUND('',#886,.T.);
#573=FACE_OUTER_BOUND('',#887,.T.);
#574=FACE_OUTER_BOUND('',#888,.T.);
#575=FACE_OUTER_BOUND('',#889,.T.);
#576=FACE_OUTER_BOUND('',#890,.T.);
#577=FACE_OUTER_BOUND('',#891,.T.);
#578=FACE_OUTER_BOUND('',#892,.T.);
#579=FACE_OUTER_BOUND('',#893,.T.);
#580=FACE_OUTER_BOUND('',#894,.T.);
#581=FACE_OUTER_BOUND('',#895,.T.);
#582=FACE_OUTER_BOUND('',#896,.T.);
#583=FACE_OUTER_BOUND('',#897,.T.);
#584=FACE_OUTER_BOUND('',#898,.T.);
#585=FACE_OUTER_BOUND('',#899,.T.);
#586=FACE_OUTER_BOUND('',#900,.T.);
#587=FACE_OUTER_BOUND('',#901,.T.);
#588=FACE_OUTER_BOUND('',#902,.T.);
#589=FACE_OUTER_BOUND('',#903,.T.);
#590=FACE_OUTER_BOUND('',#904,.T.);
#591=EDGE_LOOP('',(#3713,#3714,#3715,#3716));
#592=EDGE_LOOP('',(#3717,#3718,#3719,#3720));
#593=EDGE_LOOP('',(#3721,#3722,#3723,#3724,#3725,#3726,#3727,#3728,#3729,
#3730,#3731,#3732,#3733,#3734,#3735,#3736,#3737,#3738,#3739,#3740,#3741,
#3742,#3743,#3744,#3745,#3746,#3747,#3748,#3749,#3750,#3751,#3752,#3753,
#3754,#3755,#3756,#3757,#3758,#3759,#3760,#3761,#3762,#3763,#3764,#3765,
#3766,#3767,#3768,#3769,#3770,#3771,#3772,#3773,#3774,#3775,#3776,#3777,
#3778,#3779,#3780,#3781,#3782,#3783,#3784,#3785,#3786,#3787,#3788,#3789,
#3790,#3791,#3792,#3793,#3794,#3795,#3796,#3797,#3798,#3799,#3800,#3801,
#3802,#3803,#3804,#3805,#3806,#3807,#3808,#3809,#3810,#3811,#3812,#3813,
#3814,#3815,#3816,#3817,#3818,#3819,#3820,#3821,#3822,#3823,#3824,#3825,
#3826,#3827,#3828,#3829,#3830,#3831,#3832,#3833,#3834,#3835,#3836,#3837,
#3838,#3839,#3840));
#594=EDGE_LOOP('',(#3841));
#595=EDGE_LOOP('',(#3842));
#596=EDGE_LOOP('',(#3843));
#597=EDGE_LOOP('',(#3844,#3845,#3846,#3847));
#598=EDGE_LOOP('',(#3848));
#599=EDGE_LOOP('',(#3849));
#600=EDGE_LOOP('',(#3850,#3851,#3852,#3853));
#601=EDGE_LOOP('',(#3854,#3855,#3856,#3857));
#602=EDGE_LOOP('',(#3858,#3859,#3860,#3861));
#603=EDGE_LOOP('',(#3862,#3863,#3864,#3865));
#604=EDGE_LOOP('',(#3866,#3867,#3868,#3869));
#605=EDGE_LOOP('',(#3870,#3871,#3872,#3873));
#606=EDGE_LOOP('',(#3874,#3875,#3876,#3877));
#607=EDGE_LOOP('',(#3878,#3879,#3880,#3881));
#608=EDGE_LOOP('',(#3882,#3883,#3884,#3885));
#609=EDGE_LOOP('',(#3886,#3887,#3888,#3889));
#610=EDGE_LOOP('',(#3890,#3891,#3892,#3893));
#611=EDGE_LOOP('',(#3894,#3895,#3896,#3897));
#612=EDGE_LOOP('',(#3898,#3899,#3900,#3901));
#613=EDGE_LOOP('',(#3902,#3903,#3904,#3905));
#614=EDGE_LOOP('',(#3906,#3907,#3908,#3909));
#615=EDGE_LOOP('',(#3910,#3911,#3912,#3913));
#616=EDGE_LOOP('',(#3914,#3915,#3916,#3917));
#617=EDGE_LOOP('',(#3918,#3919,#3920,#3921));
#618=EDGE_LOOP('',(#3922,#3923,#3924,#3925));
#619=EDGE_LOOP('',(#3926,#3927,#3928,#3929));
#620=EDGE_LOOP('',(#3930,#3931,#3932,#3933));
#621=EDGE_LOOP('',(#3934,#3935,#3936,#3937));
#622=EDGE_LOOP('',(#3938,#3939,#3940,#3941));
#623=EDGE_LOOP('',(#3942,#3943,#3944,#3945));
#624=EDGE_LOOP('',(#3946,#3947,#3948,#3949));
#625=EDGE_LOOP('',(#3950,#3951,#3952,#3953));
#626=EDGE_LOOP('',(#3954,#3955,#3956,#3957));
#627=EDGE_LOOP('',(#3958,#3959,#3960,#3961));
#628=EDGE_LOOP('',(#3962,#3963,#3964,#3965));
#629=EDGE_LOOP('',(#3966,#3967,#3968,#3969));
#630=EDGE_LOOP('',(#3970,#3971,#3972,#3973));
#631=EDGE_LOOP('',(#3974,#3975,#3976,#3977));
#632=EDGE_LOOP('',(#3978,#3979,#3980,#3981));
#633=EDGE_LOOP('',(#3982,#3983,#3984,#3985));
#634=EDGE_LOOP('',(#3986,#3987,#3988,#3989,#3990,#3991,#3992,#3993,#3994,
#3995,#3996,#3997,#3998,#3999,#4000,#4001,#4002,#4003,#4004,#4005,#4006,
#4007,#4008,#4009,#4010,#4011,#4012,#4013,#4014,#4015,#4016,#4017,#4018));
#635=EDGE_LOOP('',(#4019,#4020,#4021,#4022));
#636=EDGE_LOOP('',(#4023,#4024,#4025,#4026));
#637=EDGE_LOOP('',(#4027,#4028,#4029,#4030));
#638=EDGE_LOOP('',(#4031,#4032,#4033,#4034));
#639=EDGE_LOOP('',(#4035,#4036,#4037,#4038));
#640=EDGE_LOOP('',(#4039,#4040,#4041,#4042));
#641=EDGE_LOOP('',(#4043,#4044,#4045,#4046));
#642=EDGE_LOOP('',(#4047,#4048,#4049,#4050));
#643=EDGE_LOOP('',(#4051,#4052,#4053,#4054));
#644=EDGE_LOOP('',(#4055,#4056,#4057,#4058));
#645=EDGE_LOOP('',(#4059,#4060,#4061,#4062));
#646=EDGE_LOOP('',(#4063,#4064,#4065,#4066));
#647=EDGE_LOOP('',(#4067,#4068,#4069,#4070));
#648=EDGE_LOOP('',(#4071,#4072,#4073,#4074));
#649=EDGE_LOOP('',(#4075,#4076,#4077,#4078));
#650=EDGE_LOOP('',(#4079,#4080,#4081,#4082));
#651=EDGE_LOOP('',(#4083,#4084,#4085,#4086));
#652=EDGE_LOOP('',(#4087,#4088,#4089,#4090));
#653=EDGE_LOOP('',(#4091,#4092,#4093,#4094));
#654=EDGE_LOOP('',(#4095,#4096,#4097,#4098));
#655=EDGE_LOOP('',(#4099,#4100,#4101,#4102));
#656=EDGE_LOOP('',(#4103,#4104,#4105,#4106));
#657=EDGE_LOOP('',(#4107,#4108,#4109,#4110));
#658=EDGE_LOOP('',(#4111,#4112,#4113,#4114));
#659=EDGE_LOOP('',(#4115,#4116,#4117,#4118));
#660=EDGE_LOOP('',(#4119,#4120,#4121,#4122));
#661=EDGE_LOOP('',(#4123,#4124,#4125,#4126));
#662=EDGE_LOOP('',(#4127,#4128,#4129,#4130));
#663=EDGE_LOOP('',(#4131,#4132,#4133,#4134));
#664=EDGE_LOOP('',(#4135,#4136,#4137,#4138));
#665=EDGE_LOOP('',(#4139,#4140,#4141,#4142));
#666=EDGE_LOOP('',(#4143,#4144,#4145,#4146));
#667=EDGE_LOOP('',(#4147,#4148,#4149,#4150));
#668=EDGE_LOOP('',(#4151,#4152,#4153,#4154,#4155,#4156,#4157,#4158,#4159,
#4160,#4161,#4162,#4163,#4164,#4165,#4166,#4167,#4168,#4169,#4170,#4171,
#4172,#4173,#4174,#4175,#4176,#4177,#4178,#4179,#4180,#4181,#4182,#4183));
#669=EDGE_LOOP('',(#4184,#4185,#4186,#4187));
#670=EDGE_LOOP('',(#4188,#4189,#4190,#4191));
#671=EDGE_LOOP('',(#4192,#4193,#4194,#4195));
#672=EDGE_LOOP('',(#4196,#4197,#4198,#4199));
#673=EDGE_LOOP('',(#4200,#4201,#4202,#4203));
#674=EDGE_LOOP('',(#4204,#4205,#4206,#4207));
#675=EDGE_LOOP('',(#4208,#4209,#4210,#4211));
#676=EDGE_LOOP('',(#4212,#4213,#4214,#4215));
#677=EDGE_LOOP('',(#4216,#4217,#4218,#4219));
#678=EDGE_LOOP('',(#4220,#4221,#4222,#4223));
#679=EDGE_LOOP('',(#4224,#4225,#4226,#4227));
#680=EDGE_LOOP('',(#4228,#4229,#4230,#4231));
#681=EDGE_LOOP('',(#4232,#4233,#4234,#4235));
#682=EDGE_LOOP('',(#4236,#4237,#4238,#4239));
#683=EDGE_LOOP('',(#4240,#4241,#4242,#4243));
#684=EDGE_LOOP('',(#4244,#4245,#4246,#4247));
#685=EDGE_LOOP('',(#4248,#4249,#4250,#4251));
#686=EDGE_LOOP('',(#4252,#4253,#4254,#4255));
#687=EDGE_LOOP('',(#4256,#4257,#4258,#4259));
#688=EDGE_LOOP('',(#4260,#4261,#4262,#4263));
#689=EDGE_LOOP('',(#4264,#4265,#4266,#4267));
#690=EDGE_LOOP('',(#4268,#4269,#4270,#4271));
#691=EDGE_LOOP('',(#4272,#4273,#4274,#4275));
#692=EDGE_LOOP('',(#4276,#4277,#4278,#4279));
#693=EDGE_LOOP('',(#4280,#4281,#4282,#4283));
#694=EDGE_LOOP('',(#4284,#4285,#4286,#4287));
#695=EDGE_LOOP('',(#4288,#4289,#4290,#4291));
#696=EDGE_LOOP('',(#4292,#4293,#4294,#4295));
#697=EDGE_LOOP('',(#4296,#4297,#4298,#4299));
#698=EDGE_LOOP('',(#4300,#4301,#4302,#4303));
#699=EDGE_LOOP('',(#4304,#4305,#4306,#4307));
#700=EDGE_LOOP('',(#4308,#4309,#4310,#4311));
#701=EDGE_LOOP('',(#4312,#4313,#4314,#4315));
#702=EDGE_LOOP('',(#4316,#4317,#4318,#4319,#4320,#4321,#4322,#4323,#4324,
#4325,#4326,#4327,#4328,#4329,#4330,#4331,#4332,#4333,#4334,#4335,#4336,
#4337,#4338,#4339,#4340,#4341,#4342,#4343,#4344,#4345,#4346,#4347,#4348));
#703=EDGE_LOOP('',(#4349,#4350,#4351,#4352));
#704=EDGE_LOOP('',(#4353,#4354,#4355,#4356));
#705=EDGE_LOOP('',(#4357,#4358,#4359,#4360));
#706=EDGE_LOOP('',(#4361,#4362,#4363,#4364));
#707=EDGE_LOOP('',(#4365,#4366,#4367,#4368));
#708=EDGE_LOOP('',(#4369,#4370,#4371,#4372));
#709=EDGE_LOOP('',(#4373,#4374,#4375,#4376));
#710=EDGE_LOOP('',(#4377,#4378,#4379,#4380));
#711=EDGE_LOOP('',(#4381,#4382,#4383,#4384));
#712=EDGE_LOOP('',(#4385,#4386,#4387,#4388));
#713=EDGE_LOOP('',(#4389,#4390,#4391,#4392));
#714=EDGE_LOOP('',(#4393,#4394,#4395,#4396));
#715=EDGE_LOOP('',(#4397,#4398,#4399,#4400));
#716=EDGE_LOOP('',(#4401,#4402,#4403,#4404));
#717=EDGE_LOOP('',(#4405,#4406,#4407,#4408));
#718=EDGE_LOOP('',(#4409,#4410,#4411,#4412));
#719=EDGE_LOOP('',(#4413,#4414,#4415,#4416));
#720=EDGE_LOOP('',(#4417,#4418,#4419,#4420));
#721=EDGE_LOOP('',(#4421,#4422,#4423,#4424));
#722=EDGE_LOOP('',(#4425,#4426,#4427,#4428));
#723=EDGE_LOOP('',(#4429,#4430,#4431,#4432));
#724=EDGE_LOOP('',(#4433,#4434,#4435,#4436));
#725=EDGE_LOOP('',(#4437,#4438,#4439,#4440));
#726=EDGE_LOOP('',(#4441,#4442,#4443,#4444));
#727=EDGE_LOOP('',(#4445,#4446,#4447,#4448));
#728=EDGE_LOOP('',(#4449,#4450,#4451,#4452));
#729=EDGE_LOOP('',(#4453,#4454,#4455,#4456));
#730=EDGE_LOOP('',(#4457,#4458,#4459,#4460));
#731=EDGE_LOOP('',(#4461,#4462,#4463,#4464));
#732=EDGE_LOOP('',(#4465,#4466,#4467,#4468));
#733=EDGE_LOOP('',(#4469,#4470,#4471,#4472));
#734=EDGE_LOOP('',(#4473,#4474,#4475,#4476));
#735=EDGE_LOOP('',(#4477,#4478,#4479,#4480));
#736=EDGE_LOOP('',(#4481,#4482,#4483,#4484,#4485,#4486,#4487,#4488,#4489,
#4490,#4491,#4492,#4493,#4494,#4495,#4496,#4497,#4498,#4499,#4500,#4501,
#4502,#4503,#4504,#4505,#4506,#4507,#4508,#4509,#4510,#4511,#4512,#4513));
#737=EDGE_LOOP('',(#4514));
#738=EDGE_LOOP('',(#4515));
#739=EDGE_LOOP('',(#4516,#4517,#4518,#4519,#4520,#4521,#4522,#4523,#4524,
#4525,#4526,#4527,#4528,#4529,#4530,#4531,#4532,#4533,#4534,#4535,#4536,
#4537,#4538,#4539,#4540,#4541,#4542,#4543,#4544,#4545,#4546,#4547,#4548));
#740=EDGE_LOOP('',(#4549,#4550,#4551,#4552,#4553,#4554,#4555,#4556,#4557,
#4558,#4559,#4560,#4561,#4562,#4563,#4564,#4565,#4566,#4567,#4568,#4569,
#4570,#4571,#4572,#4573,#4574,#4575,#4576,#4577,#4578,#4579,#4580,#4581));
#741=EDGE_LOOP('',(#4582,#4583,#4584,#4585,#4586,#4587,#4588,#4589,#4590,
#4591,#4592,#4593,#4594,#4595,#4596,#4597,#4598,#4599,#4600,#4601,#4602,
#4603,#4604,#4605,#4606,#4607,#4608,#4609,#4610,#4611,#4612,#4613,#4614));
#742=EDGE_LOOP('',(#4615,#4616,#4617,#4618,#4619,#4620,#4621,#4622,#4623,
#4624,#4625,#4626,#4627,#4628,#4629,#4630,#4631,#4632,#4633,#4634,#4635,
#4636,#4637,#4638,#4639,#4640,#4641,#4642,#4643,#4644,#4645,#4646,#4647));
#743=EDGE_LOOP('',(#4648,#4649,#4650,#4651));
#744=EDGE_LOOP('',(#4652,#4653,#4654,#4655));
#745=EDGE_LOOP('',(#4656,#4657,#4658,#4659));
#746=EDGE_LOOP('',(#4660,#4661,#4662,#4663));
#747=EDGE_LOOP('',(#4664,#4665,#4666,#4667));
#748=EDGE_LOOP('',(#4668,#4669,#4670,#4671));
#749=EDGE_LOOP('',(#4672,#4673,#4674,#4675));
#750=EDGE_LOOP('',(#4676,#4677,#4678,#4679));
#751=EDGE_LOOP('',(#4680,#4681,#4682,#4683));
#752=EDGE_LOOP('',(#4684,#4685,#4686,#4687));
#753=EDGE_LOOP('',(#4688,#4689,#4690,#4691));
#754=EDGE_LOOP('',(#4692,#4693,#4694,#4695,#4696,#4697));
#755=EDGE_LOOP('',(#4698,#4699,#4700,#4701,#4702,#4703));
#756=EDGE_LOOP('',(#4704,#4705,#4706,#4707,#4708,#4709,#4710,#4711,#4712,
#4713,#4714,#4715,#4716,#4717,#4718,#4719,#4720,#4721,#4722,#4723,#4724,
#4725,#4726,#4727,#4728,#4729,#4730,#4731,#4732,#4733,#4734,#4735,#4736,
#4737,#4738,#4739,#4740,#4741,#4742,#4743,#4744,#4745,#4746,#4747,#4748,
#4749,#4750,#4751,#4752,#4753,#4754,#4755,#4756,#4757,#4758,#4759,#4760,
#4761,#4762,#4763,#4764,#4765,#4766,#4767,#4768,#4769,#4770,#4771,#4772,
#4773,#4774,#4775,#4776,#4777,#4778,#4779,#4780,#4781,#4782,#4783,#4784,
#4785,#4786,#4787,#4788,#4789,#4790,#4791,#4792,#4793,#4794,#4795,#4796,
#4797,#4798,#4799,#4800,#4801,#4802,#4803,#4804,#4805,#4806,#4807,#4808,
#4809,#4810,#4811,#4812,#4813,#4814,#4815,#4816,#4817,#4818,#4819,#4820,
#4821,#4822,#4823));
#757=EDGE_LOOP('',(#4824));
#758=EDGE_LOOP('',(#4825,#4826,#4827,#4828));
#759=EDGE_LOOP('',(#4829,#4830,#4831,#4832));
#760=EDGE_LOOP('',(#4833,#4834,#4835,#4836));
#761=EDGE_LOOP('',(#4837,#4838,#4839,#4840));
#762=EDGE_LOOP('',(#4841,#4842,#4843,#4844));
#763=EDGE_LOOP('',(#4845,#4846,#4847,#4848));
#764=EDGE_LOOP('',(#4849,#4850,#4851,#4852));
#765=EDGE_LOOP('',(#4853,#4854,#4855,#4856));
#766=EDGE_LOOP('',(#4857,#4858,#4859,#4860));
#767=EDGE_LOOP('',(#4861,#4862,#4863,#4864));
#768=EDGE_LOOP('',(#4865,#4866,#4867,#4868));
#769=EDGE_LOOP('',(#4869,#4870,#4871,#4872));
#770=EDGE_LOOP('',(#4873,#4874,#4875,#4876));
#771=EDGE_LOOP('',(#4877,#4878,#4879,#4880));
#772=EDGE_LOOP('',(#4881,#4882,#4883,#4884));
#773=EDGE_LOOP('',(#4885,#4886,#4887,#4888));
#774=EDGE_LOOP('',(#4889,#4890,#4891,#4892));
#775=EDGE_LOOP('',(#4893,#4894,#4895,#4896));
#776=EDGE_LOOP('',(#4897,#4898,#4899,#4900));
#777=EDGE_LOOP('',(#4901,#4902,#4903,#4904));
#778=EDGE_LOOP('',(#4905,#4906,#4907,#4908));
#779=EDGE_LOOP('',(#4909,#4910,#4911,#4912));
#780=EDGE_LOOP('',(#4913,#4914,#4915,#4916));
#781=EDGE_LOOP('',(#4917,#4918,#4919,#4920));
#782=EDGE_LOOP('',(#4921,#4922,#4923,#4924));
#783=EDGE_LOOP('',(#4925,#4926,#4927,#4928));
#784=EDGE_LOOP('',(#4929,#4930,#4931,#4932));
#785=EDGE_LOOP('',(#4933,#4934,#4935,#4936));
#786=EDGE_LOOP('',(#4937,#4938,#4939,#4940));
#787=EDGE_LOOP('',(#4941,#4942,#4943,#4944));
#788=EDGE_LOOP('',(#4945,#4946,#4947,#4948));
#789=EDGE_LOOP('',(#4949,#4950,#4951,#4952));
#790=EDGE_LOOP('',(#4953,#4954,#4955,#4956));
#791=EDGE_LOOP('',(#4957,#4958,#4959,#4960));
#792=EDGE_LOOP('',(#4961,#4962,#4963,#4964));
#793=EDGE_LOOP('',(#4965,#4966,#4967,#4968));
#794=EDGE_LOOP('',(#4969,#4970,#4971,#4972));
#795=EDGE_LOOP('',(#4973,#4974,#4975,#4976));
#796=EDGE_LOOP('',(#4977,#4978,#4979,#4980));
#797=EDGE_LOOP('',(#4981,#4982,#4983,#4984));
#798=EDGE_LOOP('',(#4985,#4986,#4987,#4988));
#799=EDGE_LOOP('',(#4989,#4990,#4991,#4992));
#800=EDGE_LOOP('',(#4993,#4994,#4995,#4996));
#801=EDGE_LOOP('',(#4997,#4998,#4999,#5000));
#802=EDGE_LOOP('',(#5001,#5002,#5003,#5004));
#803=EDGE_LOOP('',(#5005,#5006,#5007,#5008));
#804=EDGE_LOOP('',(#5009,#5010,#5011,#5012));
#805=EDGE_LOOP('',(#5013,#5014,#5015,#5016));
#806=EDGE_LOOP('',(#5017,#5018,#5019,#5020));
#807=EDGE_LOOP('',(#5021,#5022,#5023,#5024));
#808=EDGE_LOOP('',(#5025,#5026,#5027,#5028));
#809=EDGE_LOOP('',(#5029,#5030,#5031,#5032));
#810=EDGE_LOOP('',(#5033,#5034,#5035,#5036));
#811=EDGE_LOOP('',(#5037,#5038,#5039,#5040));
#812=EDGE_LOOP('',(#5041,#5042,#5043,#5044));
#813=EDGE_LOOP('',(#5045,#5046,#5047,#5048));
#814=EDGE_LOOP('',(#5049,#5050,#5051,#5052));
#815=EDGE_LOOP('',(#5053,#5054,#5055,#5056));
#816=EDGE_LOOP('',(#5057,#5058,#5059,#5060,#5061,#5062));
#817=EDGE_LOOP('',(#5063,#5064,#5065,#5066));
#818=EDGE_LOOP('',(#5067,#5068,#5069,#5070,#5071,#5072));
#819=EDGE_LOOP('',(#5073,#5074,#5075,#5076));
#820=EDGE_LOOP('',(#5077,#5078,#5079,#5080));
#821=EDGE_LOOP('',(#5081,#5082,#5083,#5084));
#822=EDGE_LOOP('',(#5085,#5086,#5087,#5088));
#823=EDGE_LOOP('',(#5089,#5090,#5091,#5092,#5093,#5094));
#824=EDGE_LOOP('',(#5095,#5096,#5097,#5098));
#825=EDGE_LOOP('',(#5099,#5100,#5101,#5102,#5103,#5104));
#826=EDGE_LOOP('',(#5105,#5106,#5107,#5108));
#827=EDGE_LOOP('',(#5109,#5110,#5111,#5112,#5113,#5114));
#828=EDGE_LOOP('',(#5115,#5116,#5117,#5118,#5119,#5120));
#829=EDGE_LOOP('',(#5121,#5122,#5123,#5124));
#830=EDGE_LOOP('',(#5125,#5126,#5127,#5128,#5129,#5130));
#831=EDGE_LOOP('',(#5131,#5132,#5133,#5134,#5135,#5136));
#832=EDGE_LOOP('',(#5137,#5138,#5139,#5140));
#833=EDGE_LOOP('',(#5141,#5142,#5143,#5144,#5145,#5146));
#834=EDGE_LOOP('',(#5147,#5148,#5149,#5150,#5151,#5152));
#835=EDGE_LOOP('',(#5153,#5154,#5155,#5156));
#836=EDGE_LOOP('',(#5157,#5158,#5159,#5160,#5161,#5162));
#837=EDGE_LOOP('',(#5163,#5164,#5165,#5166,#5167,#5168));
#838=EDGE_LOOP('',(#5169,#5170,#5171,#5172));
#839=EDGE_LOOP('',(#5173,#5174,#5175,#5176,#5177,#5178));
#840=EDGE_LOOP('',(#5179,#5180,#5181,#5182,#5183,#5184));
#841=EDGE_LOOP('',(#5185,#5186,#5187,#5188));
#842=EDGE_LOOP('',(#5189,#5190,#5191,#5192,#5193,#5194));
#843=EDGE_LOOP('',(#5195,#5196,#5197,#5198,#5199,#5200));
#844=EDGE_LOOP('',(#5201,#5202,#5203,#5204));
#845=EDGE_LOOP('',(#5205,#5206,#5207,#5208,#5209,#5210));
#846=EDGE_LOOP('',(#5211,#5212,#5213,#5214,#5215,#5216));
#847=EDGE_LOOP('',(#5217,#5218,#5219,#5220));
#848=EDGE_LOOP('',(#5221,#5222,#5223,#5224,#5225,#5226));
#849=EDGE_LOOP('',(#5227,#5228,#5229,#5230,#5231,#5232));
#850=EDGE_LOOP('',(#5233,#5234,#5235,#5236));
#851=EDGE_LOOP('',(#5237,#5238,#5239,#5240,#5241,#5242));
#852=EDGE_LOOP('',(#5243,#5244,#5245,#5246,#5247,#5248));
#853=EDGE_LOOP('',(#5249,#5250,#5251,#5252));
#854=EDGE_LOOP('',(#5253,#5254,#5255,#5256,#5257,#5258));
#855=EDGE_LOOP('',(#5259,#5260,#5261,#5262,#5263,#5264));
#856=EDGE_LOOP('',(#5265,#5266,#5267,#5268));
#857=EDGE_LOOP('',(#5269,#5270,#5271,#5272,#5273,#5274));
#858=EDGE_LOOP('',(#5275,#5276,#5277,#5278,#5279,#5280));
#859=EDGE_LOOP('',(#5281,#5282,#5283,#5284));
#860=EDGE_LOOP('',(#5285,#5286,#5287,#5288,#5289,#5290));
#861=EDGE_LOOP('',(#5291,#5292,#5293,#5294,#5295,#5296));
#862=EDGE_LOOP('',(#5297,#5298,#5299,#5300));
#863=EDGE_LOOP('',(#5301,#5302,#5303,#5304,#5305,#5306));
#864=EDGE_LOOP('',(#5307,#5308,#5309,#5310));
#865=EDGE_LOOP('',(#5311,#5312,#5313,#5314,#5315,#5316));
#866=EDGE_LOOP('',(#5317,#5318,#5319,#5320,#5321,#5322));
#867=EDGE_LOOP('',(#5323,#5324,#5325,#5326,#5327,#5328));
#868=EDGE_LOOP('',(#5329,#5330,#5331,#5332,#5333,#5334));
#869=EDGE_LOOP('',(#5335,#5336,#5337,#5338));
#870=EDGE_LOOP('',(#5339,#5340,#5341,#5342,#5343,#5344));
#871=EDGE_LOOP('',(#5345,#5346,#5347,#5348,#5349,#5350));
#872=EDGE_LOOP('',(#5351,#5352,#5353,#5354));
#873=EDGE_LOOP('',(#5355,#5356,#5357,#5358,#5359,#5360));
#874=EDGE_LOOP('',(#5361,#5362,#5363,#5364,#5365,#5366));
#875=EDGE_LOOP('',(#5367,#5368,#5369,#5370));
#876=EDGE_LOOP('',(#5371,#5372,#5373,#5374,#5375,#5376));
#877=EDGE_LOOP('',(#5377,#5378,#5379,#5380));
#878=EDGE_LOOP('',(#5381,#5382,#5383,#5384));
#879=EDGE_LOOP('',(#5385,#5386,#5387,#5388));
#880=EDGE_LOOP('',(#5389,#5390,#5391,#5392));
#881=EDGE_LOOP('',(#5393,#5394,#5395,#5396));
#882=EDGE_LOOP('',(#5397,#5398,#5399,#5400));
#883=EDGE_LOOP('',(#5401,#5402,#5403,#5404));
#884=EDGE_LOOP('',(#5405,#5406,#5407,#5408));
#885=EDGE_LOOP('',(#5409,#5410,#5411,#5412));
#886=EDGE_LOOP('',(#5413,#5414,#5415,#5416));
#887=EDGE_LOOP('',(#5417,#5418,#5419,#5420));
#888=EDGE_LOOP('',(#5421,#5422,#5423,#5424));
#889=EDGE_LOOP('',(#5425,#5426,#5427,#5428));
#890=EDGE_LOOP('',(#5429,#5430,#5431,#5432));
#891=EDGE_LOOP('',(#5433,#5434,#5435,#5436));
#892=EDGE_LOOP('',(#5437,#5438,#5439,#5440));
#893=EDGE_LOOP('',(#5441,#5442,#5443,#5444));
#894=EDGE_LOOP('',(#5445,#5446,#5447,#5448));
#895=EDGE_LOOP('',(#5449,#5450,#5451,#5452));
#896=EDGE_LOOP('',(#5453,#5454,#5455,#5456));
#897=EDGE_LOOP('',(#5457,#5458,#5459,#5460));
#898=EDGE_LOOP('',(#5461,#5462,#5463,#5464));
#899=EDGE_LOOP('',(#5465,#5466,#5467,#5468));
#900=EDGE_LOOP('',(#5469,#5470,#5471,#5472));
#901=EDGE_LOOP('',(#5473,#5474,#5475,#5476));
#902=EDGE_LOOP('',(#5477,#5478,#5479,#5480));
#903=EDGE_LOOP('',(#5481,#5482,#5483,#5484));
#904=EDGE_LOOP('',(#5485,#5486,#5487,#5488));
#905=LINE('',#8237,#1425);
#906=LINE('',#8243,#1426);
#907=LINE('',#8493,#1427);
#908=LINE('',#8499,#1428);
#909=LINE('',#8503,#1429);
#910=LINE('',#8505,#1430);
#911=LINE('',#8507,#1431);
#912=LINE('',#8508,#1432);
#913=LINE('',#8511,#1433);
#914=LINE('',#8513,#1434);
#915=LINE('',#8514,#1435);
#916=LINE('',#8517,#1436);
#917=LINE('',#8519,#1437);
#918=LINE('',#8520,#1438);
#919=LINE('',#8523,#1439);
#920=LINE('',#8525,#1440);
#921=LINE('',#8526,#1441);
#922=LINE('',#8529,#1442);
#923=LINE('',#8531,#1443);
#924=LINE('',#8532,#1444);
#925=LINE('',#8535,#1445);
#926=LINE('',#8537,#1446);
#927=LINE('',#8538,#1447);
#928=LINE('',#8541,#1448);
#929=LINE('',#8543,#1449);
#930=LINE('',#8544,#1450);
#931=LINE('',#8547,#1451);
#932=LINE('',#8549,#1452);
#933=LINE('',#8550,#1453);
#934=LINE('',#8553,#1454);
#935=LINE('',#8555,#1455);
#936=LINE('',#8556,#1456);
#937=LINE('',#8559,#1457);
#938=LINE('',#8561,#1458);
#939=LINE('',#8562,#1459);
#940=LINE('',#8565,#1460);
#941=LINE('',#8567,#1461);
#942=LINE('',#8568,#1462);
#943=LINE('',#8571,#1463);
#944=LINE('',#8573,#1464);
#945=LINE('',#8574,#1465);
#946=LINE('',#8577,#1466);
#947=LINE('',#8579,#1467);
#948=LINE('',#8580,#1468);
#949=LINE('',#8583,#1469);
#950=LINE('',#8585,#1470);
#951=LINE('',#8586,#1471);
#952=LINE('',#8589,#1472);
#953=LINE('',#8591,#1473);
#954=LINE('',#8592,#1474);
#955=LINE('',#8595,#1475);
#956=LINE('',#8597,#1476);
#957=LINE('',#8598,#1477);
#958=LINE('',#8601,#1478);
#959=LINE('',#8603,#1479);
#960=LINE('',#8604,#1480);
#961=LINE('',#8607,#1481);
#962=LINE('',#8609,#1482);
#963=LINE('',#8610,#1483);
#964=LINE('',#8613,#1484);
#965=LINE('',#8615,#1485);
#966=LINE('',#8616,#1486);
#967=LINE('',#8619,#1487);
#968=LINE('',#8621,#1488);
#969=LINE('',#8622,#1489);
#970=LINE('',#8625,#1490);
#971=LINE('',#8627,#1491);
#972=LINE('',#8628,#1492);
#973=LINE('',#8631,#1493);
#974=LINE('',#8633,#1494);
#975=LINE('',#8634,#1495);
#976=LINE('',#8637,#1496);
#977=LINE('',#8639,#1497);
#978=LINE('',#8640,#1498);
#979=LINE('',#8643,#1499);
#980=LINE('',#8645,#1500);
#981=LINE('',#8646,#1501);
#982=LINE('',#8649,#1502);
#983=LINE('',#8651,#1503);
#984=LINE('',#8652,#1504);
#985=LINE('',#8655,#1505);
#986=LINE('',#8657,#1506);
#987=LINE('',#8658,#1507);
#988=LINE('',#8661,#1508);
#989=LINE('',#8663,#1509);
#990=LINE('',#8664,#1510);
#991=LINE('',#8667,#1511);
#992=LINE('',#8669,#1512);
#993=LINE('',#8670,#1513);
#994=LINE('',#8673,#1514);
#995=LINE('',#8675,#1515);
#996=LINE('',#8676,#1516);
#997=LINE('',#8679,#1517);
#998=LINE('',#8681,#1518);
#999=LINE('',#8682,#1519);
#1000=LINE('',#8685,#1520);
#1001=LINE('',#8687,#1521);
#1002=LINE('',#8688,#1522);
#1003=LINE('',#8691,#1523);
#1004=LINE('',#8693,#1524);
#1005=LINE('',#8694,#1525);
#1006=LINE('',#8696,#1526);
#1007=LINE('',#8697,#1527);
#1008=LINE('',#8702,#1528);
#1009=LINE('',#8704,#1529);
#1010=LINE('',#8706,#1530);
#1011=LINE('',#8707,#1531);
#1012=LINE('',#8710,#1532);
#1013=LINE('',#8712,#1533);
#1014=LINE('',#8713,#1534);
#1015=LINE('',#8716,#1535);
#1016=LINE('',#8718,#1536);
#1017=LINE('',#8719,#1537);
#1018=LINE('',#8722,#1538);
#1019=LINE('',#8724,#1539);
#1020=LINE('',#8725,#1540);
#1021=LINE('',#8728,#1541);
#1022=LINE('',#8730,#1542);
#1023=LINE('',#8731,#1543);
#1024=LINE('',#8734,#1544);
#1025=LINE('',#8736,#1545);
#1026=LINE('',#8737,#1546);
#1027=LINE('',#8740,#1547);
#1028=LINE('',#8742,#1548);
#1029=LINE('',#8743,#1549);
#1030=LINE('',#8746,#1550);
#1031=LINE('',#8748,#1551);
#1032=LINE('',#8749,#1552);
#1033=LINE('',#8752,#1553);
#1034=LINE('',#8754,#1554);
#1035=LINE('',#8755,#1555);
#1036=LINE('',#8758,#1556);
#1037=LINE('',#8760,#1557);
#1038=LINE('',#8761,#1558);
#1039=LINE('',#8764,#1559);
#1040=LINE('',#8766,#1560);
#1041=LINE('',#8767,#1561);
#1042=LINE('',#8770,#1562);
#1043=LINE('',#8772,#1563);
#1044=LINE('',#8773,#1564);
#1045=LINE('',#8776,#1565);
#1046=LINE('',#8778,#1566);
#1047=LINE('',#8779,#1567);
#1048=LINE('',#8782,#1568);
#1049=LINE('',#8784,#1569);
#1050=LINE('',#8785,#1570);
#1051=LINE('',#8788,#1571);
#1052=LINE('',#8790,#1572);
#1053=LINE('',#8791,#1573);
#1054=LINE('',#8794,#1574);
#1055=LINE('',#8796,#1575);
#1056=LINE('',#8797,#1576);
#1057=LINE('',#8800,#1577);
#1058=LINE('',#8802,#1578);
#1059=LINE('',#8803,#1579);
#1060=LINE('',#8806,#1580);
#1061=LINE('',#8808,#1581);
#1062=LINE('',#8809,#1582);
#1063=LINE('',#8812,#1583);
#1064=LINE('',#8814,#1584);
#1065=LINE('',#8815,#1585);
#1066=LINE('',#8818,#1586);
#1067=LINE('',#8820,#1587);
#1068=LINE('',#8821,#1588);
#1069=LINE('',#8824,#1589);
#1070=LINE('',#8826,#1590);
#1071=LINE('',#8827,#1591);
#1072=LINE('',#8830,#1592);
#1073=LINE('',#8832,#1593);
#1074=LINE('',#8833,#1594);
#1075=LINE('',#8836,#1595);
#1076=LINE('',#8838,#1596);
#1077=LINE('',#8839,#1597);
#1078=LINE('',#8842,#1598);
#1079=LINE('',#8844,#1599);
#1080=LINE('',#8845,#1600);
#1081=LINE('',#8848,#1601);
#1082=LINE('',#8850,#1602);
#1083=LINE('',#8851,#1603);
#1084=LINE('',#8854,#1604);
#1085=LINE('',#8856,#1605);
#1086=LINE('',#8857,#1606);
#1087=LINE('',#8860,#1607);
#1088=LINE('',#8862,#1608);
#1089=LINE('',#8863,#1609);
#1090=LINE('',#8866,#1610);
#1091=LINE('',#8868,#1611);
#1092=LINE('',#8869,#1612);
#1093=LINE('',#8872,#1613);
#1094=LINE('',#8874,#1614);
#1095=LINE('',#8875,#1615);
#1096=LINE('',#8878,#1616);
#1097=LINE('',#8880,#1617);
#1098=LINE('',#8881,#1618);
#1099=LINE('',#8884,#1619);
#1100=LINE('',#8886,#1620);
#1101=LINE('',#8887,#1621);
#1102=LINE('',#8890,#1622);
#1103=LINE('',#8892,#1623);
#1104=LINE('',#8893,#1624);
#1105=LINE('',#8895,#1625);
#1106=LINE('',#8896,#1626);
#1107=LINE('',#8901,#1627);
#1108=LINE('',#8903,#1628);
#1109=LINE('',#8905,#1629);
#1110=LINE('',#8906,#1630);
#1111=LINE('',#8909,#1631);
#1112=LINE('',#8911,#1632);
#1113=LINE('',#8912,#1633);
#1114=LINE('',#8915,#1634);
#1115=LINE('',#8917,#1635);
#1116=LINE('',#8918,#1636);
#1117=LINE('',#8921,#1637);
#1118=LINE('',#8923,#1638);
#1119=LINE('',#8924,#1639);
#1120=LINE('',#8927,#1640);
#1121=LINE('',#8929,#1641);
#1122=LINE('',#8930,#1642);
#1123=LINE('',#8933,#1643);
#1124=LINE('',#8935,#1644);
#1125=LINE('',#8936,#1645);
#1126=LINE('',#8939,#1646);
#1127=LINE('',#8941,#1647);
#1128=LINE('',#8942,#1648);
#1129=LINE('',#8945,#1649);
#1130=LINE('',#8947,#1650);
#1131=LINE('',#8948,#1651);
#1132=LINE('',#8951,#1652);
#1133=LINE('',#8953,#1653);
#1134=LINE('',#8954,#1654);
#1135=LINE('',#8957,#1655);
#1136=LINE('',#8959,#1656);
#1137=LINE('',#8960,#1657);
#1138=LINE('',#8963,#1658);
#1139=LINE('',#8965,#1659);
#1140=LINE('',#8966,#1660);
#1141=LINE('',#8969,#1661);
#1142=LINE('',#8971,#1662);
#1143=LINE('',#8972,#1663);
#1144=LINE('',#8975,#1664);
#1145=LINE('',#8977,#1665);
#1146=LINE('',#8978,#1666);
#1147=LINE('',#8981,#1667);
#1148=LINE('',#8983,#1668);
#1149=LINE('',#8984,#1669);
#1150=LINE('',#8987,#1670);
#1151=LINE('',#8989,#1671);
#1152=LINE('',#8990,#1672);
#1153=LINE('',#8993,#1673);
#1154=LINE('',#8995,#1674);
#1155=LINE('',#8996,#1675);
#1156=LINE('',#8999,#1676);
#1157=LINE('',#9001,#1677);
#1158=LINE('',#9002,#1678);
#1159=LINE('',#9005,#1679);
#1160=LINE('',#9007,#1680);
#1161=LINE('',#9008,#1681);
#1162=LINE('',#9011,#1682);
#1163=LINE('',#9013,#1683);
#1164=LINE('',#9014,#1684);
#1165=LINE('',#9017,#1685);
#1166=LINE('',#9019,#1686);
#1167=LINE('',#9020,#1687);
#1168=LINE('',#9023,#1688);
#1169=LINE('',#9025,#1689);
#1170=LINE('',#9026,#1690);
#1171=LINE('',#9029,#1691);
#1172=LINE('',#9031,#1692);
#1173=LINE('',#9032,#1693);
#1174=LINE('',#9035,#1694);
#1175=LINE('',#9037,#1695);
#1176=LINE('',#9038,#1696);
#1177=LINE('',#9041,#1697);
#1178=LINE('',#9043,#1698);
#1179=LINE('',#9044,#1699);
#1180=LINE('',#9047,#1700);
#1181=LINE('',#9049,#1701);
#1182=LINE('',#9050,#1702);
#1183=LINE('',#9053,#1703);
#1184=LINE('',#9055,#1704);
#1185=LINE('',#9056,#1705);
#1186=LINE('',#9059,#1706);
#1187=LINE('',#9061,#1707);
#1188=LINE('',#9062,#1708);
#1189=LINE('',#9065,#1709);
#1190=LINE('',#9067,#1710);
#1191=LINE('',#9068,#1711);
#1192=LINE('',#9071,#1712);
#1193=LINE('',#9073,#1713);
#1194=LINE('',#9074,#1714);
#1195=LINE('',#9077,#1715);
#1196=LINE('',#9079,#1716);
#1197=LINE('',#9080,#1717);
#1198=LINE('',#9083,#1718);
#1199=LINE('',#9085,#1719);
#1200=LINE('',#9086,#1720);
#1201=LINE('',#9089,#1721);
#1202=LINE('',#9091,#1722);
#1203=LINE('',#9092,#1723);
#1204=LINE('',#9094,#1724);
#1205=LINE('',#9095,#1725);
#1206=LINE('',#9100,#1726);
#1207=LINE('',#9102,#1727);
#1208=LINE('',#9104,#1728);
#1209=LINE('',#9105,#1729);
#1210=LINE('',#9108,#1730);
#1211=LINE('',#9110,#1731);
#1212=LINE('',#9111,#1732);
#1213=LINE('',#9114,#1733);
#1214=LINE('',#9116,#1734);
#1215=LINE('',#9117,#1735);
#1216=LINE('',#9120,#1736);
#1217=LINE('',#9122,#1737);
#1218=LINE('',#9123,#1738);
#1219=LINE('',#9126,#1739);
#1220=LINE('',#9128,#1740);
#1221=LINE('',#9129,#1741);
#1222=LINE('',#9132,#1742);
#1223=LINE('',#9134,#1743);
#1224=LINE('',#9135,#1744);
#1225=LINE('',#9138,#1745);
#1226=LINE('',#9140,#1746);
#1227=LINE('',#9141,#1747);
#1228=LINE('',#9144,#1748);
#1229=LINE('',#9146,#1749);
#1230=LINE('',#9147,#1750);
#1231=LINE('',#9150,#1751);
#1232=LINE('',#9152,#1752);
#1233=LINE('',#9153,#1753);
#1234=LINE('',#9156,#1754);
#1235=LINE('',#9158,#1755);
#1236=LINE('',#9159,#1756);
#1237=LINE('',#9162,#1757);
#1238=LINE('',#9164,#1758);
#1239=LINE('',#9165,#1759);
#1240=LINE('',#9168,#1760);
#1241=LINE('',#9170,#1761);
#1242=LINE('',#9171,#1762);
#1243=LINE('',#9174,#1763);
#1244=LINE('',#9176,#1764);
#1245=LINE('',#9177,#1765);
#1246=LINE('',#9180,#1766);
#1247=LINE('',#9182,#1767);
#1248=LINE('',#9183,#1768);
#1249=LINE('',#9186,#1769);
#1250=LINE('',#9188,#1770);
#1251=LINE('',#9189,#1771);
#1252=LINE('',#9192,#1772);
#1253=LINE('',#9194,#1773);
#1254=LINE('',#9195,#1774);
#1255=LINE('',#9198,#1775);
#1256=LINE('',#9200,#1776);
#1257=LINE('',#9201,#1777);
#1258=LINE('',#9204,#1778);
#1259=LINE('',#9206,#1779);
#1260=LINE('',#9207,#1780);
#1261=LINE('',#9210,#1781);
#1262=LINE('',#9212,#1782);
#1263=LINE('',#9213,#1783);
#1264=LINE('',#9216,#1784);
#1265=LINE('',#9218,#1785);
#1266=LINE('',#9219,#1786);
#1267=LINE('',#9222,#1787);
#1268=LINE('',#9224,#1788);
#1269=LINE('',#9225,#1789);
#1270=LINE('',#9228,#1790);
#1271=LINE('',#9230,#1791);
#1272=LINE('',#9231,#1792);
#1273=LINE('',#9234,#1793);
#1274=LINE('',#9236,#1794);
#1275=LINE('',#9237,#1795);
#1276=LINE('',#9240,#1796);
#1277=LINE('',#9242,#1797);
#1278=LINE('',#9243,#1798);
#1279=LINE('',#9246,#1799);
#1280=LINE('',#9248,#1800);
#1281=LINE('',#9249,#1801);
#1282=LINE('',#9252,#1802);
#1283=LINE('',#9254,#1803);
#1284=LINE('',#9255,#1804);
#1285=LINE('',#9258,#1805);
#1286=LINE('',#9260,#1806);
#1287=LINE('',#9261,#1807);
#1288=LINE('',#9264,#1808);
#1289=LINE('',#9266,#1809);
#1290=LINE('',#9267,#1810);
#1291=LINE('',#9270,#1811);
#1292=LINE('',#9272,#1812);
#1293=LINE('',#9273,#1813);
#1294=LINE('',#9276,#1814);
#1295=LINE('',#9278,#1815);
#1296=LINE('',#9279,#1816);
#1297=LINE('',#9282,#1817);
#1298=LINE('',#9284,#1818);
#1299=LINE('',#9285,#1819);
#1300=LINE('',#9288,#1820);
#1301=LINE('',#9290,#1821);
#1302=LINE('',#9291,#1822);
#1303=LINE('',#9293,#1823);
#1304=LINE('',#9294,#1824);
#1305=LINE('',#9301,#1825);
#1306=LINE('',#9302,#1826);
#1307=LINE('',#9307,#1827);
#1308=LINE('',#9308,#1828);
#1309=LINE('',#9313,#1829);
#1310=LINE('',#9314,#1830);
#1311=LINE('',#9319,#1831);
#1312=LINE('',#9320,#1832);
#1313=LINE('',#9325,#1833);
#1314=LINE('',#9326,#1834);
#1315=LINE('',#9331,#1835);
#1316=LINE('',#9332,#1836);
#1317=LINE('',#9337,#1837);
#1318=LINE('',#9338,#1838);
#1319=LINE('',#9343,#1839);
#1320=LINE('',#9344,#1840);
#1321=LINE('',#9349,#1841);
#1322=LINE('',#9350,#1842);
#1323=LINE('',#9355,#1843);
#1324=LINE('',#9356,#1844);
#1325=LINE('',#9370,#1845);
#1326=LINE('',#9386,#1846);
#1327=LINE('',#9606,#1847);
#1328=LINE('',#9609,#1848);
#1329=LINE('',#9615,#1849);
#1330=LINE('',#9618,#1850);
#1331=LINE('',#9624,#1851);
#1332=LINE('',#9627,#1852);
#1333=LINE('',#9633,#1853);
#1334=LINE('',#9636,#1854);
#1335=LINE('',#9642,#1855);
#1336=LINE('',#9648,#1856);
#1337=LINE('',#9651,#1857);
#1338=LINE('',#9657,#1858);
#1339=LINE('',#9660,#1859);
#1340=LINE('',#9666,#1860);
#1341=LINE('',#9669,#1861);
#1342=LINE('',#9675,#1862);
#1343=LINE('',#9678,#1863);
#1344=LINE('',#9684,#1864);
#1345=LINE('',#9687,#1865);
#1346=LINE('',#9693,#1866);
#1347=LINE('',#9696,#1867);
#1348=LINE('',#9702,#1868);
#1349=LINE('',#9705,#1869);
#1350=LINE('',#9711,#1870);
#1351=LINE('',#9714,#1871);
#1352=LINE('',#9720,#1872);
#1353=LINE('',#9723,#1873);
#1354=LINE('',#9729,#1874);
#1355=LINE('',#9732,#1875);
#1356=LINE('',#9738,#1876);
#1357=LINE('',#9741,#1877);
#1358=LINE('',#9747,#1878);
#1359=LINE('',#9750,#1879);
#1360=LINE('',#9756,#1880);
#1361=LINE('',#9759,#1881);
#1362=LINE('',#9765,#1882);
#1363=LINE('',#9768,#1883);
#1364=LINE('',#10256,#1884);
#1365=LINE('',#10264,#1885);
#1366=LINE('',#10272,#1886);
#1367=LINE('',#10273,#1887);
#1368=LINE('',#10275,#1888);
#1369=LINE('',#10281,#1889);
#1370=LINE('',#10283,#1890);
#1371=LINE('',#10285,#1891);
#1372=LINE('',#10287,#1892);
#1373=LINE('',#10288,#1893);
#1374=LINE('',#10290,#1894);
#1375=LINE('',#10292,#1895);
#1376=LINE('',#10294,#1896);
#1377=LINE('',#10295,#1897);
#1378=LINE('',#10297,#1898);
#1379=LINE('',#10299,#1899);
#1380=LINE('',#10301,#1900);
#1381=LINE('',#10302,#1901);
#1382=LINE('',#10304,#1902);
#1383=LINE('',#10306,#1903);
#1384=LINE('',#10308,#1904);
#1385=LINE('',#10309,#1905);
#1386=LINE('',#10311,#1906);
#1387=LINE('',#10313,#1907);
#1388=LINE('',#10315,#1908);
#1389=LINE('',#10316,#1909);
#1390=LINE('',#10318,#1910);
#1391=LINE('',#10320,#1911);
#1392=LINE('',#10322,#1912);
#1393=LINE('',#10323,#1913);
#1394=LINE('',#10325,#1914);
#1395=LINE('',#10327,#1915);
#1396=LINE('',#10329,#1916);
#1397=LINE('',#10330,#1917);
#1398=LINE('',#10332,#1918);
#1399=LINE('',#10334,#1919);
#1400=LINE('',#10336,#1920);
#1401=LINE('',#10337,#1921);
#1402=LINE('',#10339,#1922);
#1403=LINE('',#10341,#1923);
#1404=LINE('',#10343,#1924);
#1405=LINE('',#10344,#1925);
#1406=LINE('',#10346,#1926);
#1407=LINE('',#10348,#1927);
#1408=LINE('',#10350,#1928);
#1409=LINE('',#10351,#1929);
#1410=LINE('',#10353,#1930);
#1411=LINE('',#10356,#1931);
#1412=LINE('',#10358,#1932);
#1413=LINE('',#10361,#1933);
#1414=LINE('',#10363,#1934);
#1415=LINE('',#10366,#1935);
#1416=LINE('',#10368,#1936);
#1417=LINE('',#10370,#1937);
#1418=LINE('',#10372,#1938);
#1419=LINE('',#10376,#1939);
#1420=LINE('',#10378,#1940);
#1421=LINE('',#10381,#1941);
#1422=LINE('',#10383,#1942);
#1423=LINE('',#10386,#1943);
#1424=LINE('',#10388,#1944);
#1425=VECTOR('',#6530,11.);
#1426=VECTOR('',#6537,9.);
#1427=VECTOR('',#6790,4.9);
#1428=VECTOR('',#6799,1.6);
#1429=VECTOR('',#6802,10.);
#1430=VECTOR('',#6803,10.);
#1431=VECTOR('',#6804,10.);
#1432=VECTOR('',#6805,10.);
#1433=VECTOR('',#6808,10.);
#1434=VECTOR('',#6809,10.);
#1435=VECTOR('',#6810,10.);
#1436=VECTOR('',#6813,10.);
#1437=VECTOR('',#6814,10.);
#1438=VECTOR('',#6815,10.);
#1439=VECTOR('',#6818,10.);
#1440=VECTOR('',#6819,10.);
#1441=VECTOR('',#6820,10.);
#1442=VECTOR('',#6823,10.);
#1443=VECTOR('',#6824,10.);
#1444=VECTOR('',#6825,10.);
#1445=VECTOR('',#6828,10.);
#1446=VECTOR('',#6829,10.);
#1447=VECTOR('',#6830,10.);
#1448=VECTOR('',#6833,10.);
#1449=VECTOR('',#6834,10.);
#1450=VECTOR('',#6835,10.);
#1451=VECTOR('',#6838,10.);
#1452=VECTOR('',#6839,10.);
#1453=VECTOR('',#6840,10.);
#1454=VECTOR('',#6843,10.);
#1455=VECTOR('',#6844,10.);
#1456=VECTOR('',#6845,10.);
#1457=VECTOR('',#6848,10.);
#1458=VECTOR('',#6849,10.);
#1459=VECTOR('',#6850,10.);
#1460=VECTOR('',#6853,10.);
#1461=VECTOR('',#6854,10.);
#1462=VECTOR('',#6855,10.);
#1463=VECTOR('',#6858,10.);
#1464=VECTOR('',#6859,10.);
#1465=VECTOR('',#6860,10.);
#1466=VECTOR('',#6863,10.);
#1467=VECTOR('',#6864,10.);
#1468=VECTOR('',#6865,10.);
#1469=VECTOR('',#6868,10.);
#1470=VECTOR('',#6869,10.);
#1471=VECTOR('',#6870,10.);
#1472=VECTOR('',#6873,10.);
#1473=VECTOR('',#6874,10.);
#1474=VECTOR('',#6875,10.);
#1475=VECTOR('',#6878,10.);
#1476=VECTOR('',#6879,10.);
#1477=VECTOR('',#6880,10.);
#1478=VECTOR('',#6883,10.);
#1479=VECTOR('',#6884,10.);
#1480=VECTOR('',#6885,10.);
#1481=VECTOR('',#6888,10.);
#1482=VECTOR('',#6889,10.);
#1483=VECTOR('',#6890,10.);
#1484=VECTOR('',#6893,10.);
#1485=VECTOR('',#6894,10.);
#1486=VECTOR('',#6895,10.);
#1487=VECTOR('',#6898,10.);
#1488=VECTOR('',#6899,10.);
#1489=VECTOR('',#6900,10.);
#1490=VECTOR('',#6903,10.);
#1491=VECTOR('',#6904,10.);
#1492=VECTOR('',#6905,10.);
#1493=VECTOR('',#6908,10.);
#1494=VECTOR('',#6909,10.);
#1495=VECTOR('',#6910,10.);
#1496=VECTOR('',#6913,10.);
#1497=VECTOR('',#6914,10.);
#1498=VECTOR('',#6915,10.);
#1499=VECTOR('',#6918,10.);
#1500=VECTOR('',#6919,10.);
#1501=VECTOR('',#6920,10.);
#1502=VECTOR('',#6923,10.);
#1503=VECTOR('',#6924,10.);
#1504=VECTOR('',#6925,10.);
#1505=VECTOR('',#6928,10.);
#1506=VECTOR('',#6929,10.);
#1507=VECTOR('',#6930,10.);
#1508=VECTOR('',#6933,10.);
#1509=VECTOR('',#6934,10.);
#1510=VECTOR('',#6935,10.);
#1511=VECTOR('',#6938,10.);
#1512=VECTOR('',#6939,10.);
#1513=VECTOR('',#6940,10.);
#1514=VECTOR('',#6943,10.);
#1515=VECTOR('',#6944,10.);
#1516=VECTOR('',#6945,10.);
#1517=VECTOR('',#6948,10.);
#1518=VECTOR('',#6949,10.);
#1519=VECTOR('',#6950,10.);
#1520=VECTOR('',#6953,10.);
#1521=VECTOR('',#6954,10.);
#1522=VECTOR('',#6955,10.);
#1523=VECTOR('',#6958,10.);
#1524=VECTOR('',#6959,10.);
#1525=VECTOR('',#6960,10.);
#1526=VECTOR('',#6963,10.);
#1527=VECTOR('',#6964,10.);
#1528=VECTOR('',#6969,10.);
#1529=VECTOR('',#6970,10.);
#1530=VECTOR('',#6971,10.);
#1531=VECTOR('',#6972,10.);
#1532=VECTOR('',#6975,10.);
#1533=VECTOR('',#6976,10.);
#1534=VECTOR('',#6977,10.);
#1535=VECTOR('',#6980,10.);
#1536=VECTOR('',#6981,10.);
#1537=VECTOR('',#6982,10.);
#1538=VECTOR('',#6985,10.);
#1539=VECTOR('',#6986,10.);
#1540=VECTOR('',#6987,10.);
#1541=VECTOR('',#6990,10.);
#1542=VECTOR('',#6991,10.);
#1543=VECTOR('',#6992,10.);
#1544=VECTOR('',#6995,10.);
#1545=VECTOR('',#6996,10.);
#1546=VECTOR('',#6997,10.);
#1547=VECTOR('',#7000,10.);
#1548=VECTOR('',#7001,10.);
#1549=VECTOR('',#7002,10.);
#1550=VECTOR('',#7005,10.);
#1551=VECTOR('',#7006,10.);
#1552=VECTOR('',#7007,10.);
#1553=VECTOR('',#7010,10.);
#1554=VECTOR('',#7011,10.);
#1555=VECTOR('',#7012,10.);
#1556=VECTOR('',#7015,10.);
#1557=VECTOR('',#7016,10.);
#1558=VECTOR('',#7017,10.);
#1559=VECTOR('',#7020,10.);
#1560=VECTOR('',#7021,10.);
#1561=VECTOR('',#7022,10.);
#1562=VECTOR('',#7025,10.);
#1563=VECTOR('',#7026,10.);
#1564=VECTOR('',#7027,10.);
#1565=VECTOR('',#7030,10.);
#1566=VECTOR('',#7031,10.);
#1567=VECTOR('',#7032,10.);
#1568=VECTOR('',#7035,10.);
#1569=VECTOR('',#7036,10.);
#1570=VECTOR('',#7037,10.);
#1571=VECTOR('',#7040,10.);
#1572=VECTOR('',#7041,10.);
#1573=VECTOR('',#7042,10.);
#1574=VECTOR('',#7045,10.);
#1575=VECTOR('',#7046,10.);
#1576=VECTOR('',#7047,10.);
#1577=VECTOR('',#7050,10.);
#1578=VECTOR('',#7051,10.);
#1579=VECTOR('',#7052,10.);
#1580=VECTOR('',#7055,10.);
#1581=VECTOR('',#7056,10.);
#1582=VECTOR('',#7057,10.);
#1583=VECTOR('',#7060,10.);
#1584=VECTOR('',#7061,10.);
#1585=VECTOR('',#7062,10.);
#1586=VECTOR('',#7065,10.);
#1587=VECTOR('',#7066,10.);
#1588=VECTOR('',#7067,10.);
#1589=VECTOR('',#7070,10.);
#1590=VECTOR('',#7071,10.);
#1591=VECTOR('',#7072,10.);
#1592=VECTOR('',#7075,10.);
#1593=VECTOR('',#7076,10.);
#1594=VECTOR('',#7077,10.);
#1595=VECTOR('',#7080,10.);
#1596=VECTOR('',#7081,10.);
#1597=VECTOR('',#7082,10.);
#1598=VECTOR('',#7085,10.);
#1599=VECTOR('',#7086,10.);
#1600=VECTOR('',#7087,10.);
#1601=VECTOR('',#7090,10.);
#1602=VECTOR('',#7091,10.);
#1603=VECTOR('',#7092,10.);
#1604=VECTOR('',#7095,10.);
#1605=VECTOR('',#7096,10.);
#1606=VECTOR('',#7097,10.);
#1607=VECTOR('',#7100,10.);
#1608=VECTOR('',#7101,10.);
#1609=VECTOR('',#7102,10.);
#1610=VECTOR('',#7105,10.);
#1611=VECTOR('',#7106,10.);
#1612=VECTOR('',#7107,10.);
#1613=VECTOR('',#7110,10.);
#1614=VECTOR('',#7111,10.);
#1615=VECTOR('',#7112,10.);
#1616=VECTOR('',#7115,10.);
#1617=VECTOR('',#7116,10.);
#1618=VECTOR('',#7117,10.);
#1619=VECTOR('',#7120,10.);
#1620=VECTOR('',#7121,10.);
#1621=VECTOR('',#7122,10.);
#1622=VECTOR('',#7125,10.);
#1623=VECTOR('',#7126,10.);
#1624=VECTOR('',#7127,10.);
#1625=VECTOR('',#7130,10.);
#1626=VECTOR('',#7131,10.);
#1627=VECTOR('',#7136,10.);
#1628=VECTOR('',#7137,10.);
#1629=VECTOR('',#7138,10.);
#1630=VECTOR('',#7139,10.);
#1631=VECTOR('',#7142,10.);
#1632=VECTOR('',#7143,10.);
#1633=VECTOR('',#7144,10.);
#1634=VECTOR('',#7147,10.);
#1635=VECTOR('',#7148,10.);
#1636=VECTOR('',#7149,10.);
#1637=VECTOR('',#7152,10.);
#1638=VECTOR('',#7153,10.);
#1639=VECTOR('',#7154,10.);
#1640=VECTOR('',#7157,10.);
#1641=VECTOR('',#7158,10.);
#1642=VECTOR('',#7159,10.);
#1643=VECTOR('',#7162,10.);
#1644=VECTOR('',#7163,10.);
#1645=VECTOR('',#7164,10.);
#1646=VECTOR('',#7167,10.);
#1647=VECTOR('',#7168,10.);
#1648=VECTOR('',#7169,10.);
#1649=VECTOR('',#7172,10.);
#1650=VECTOR('',#7173,10.);
#1651=VECTOR('',#7174,10.);
#1652=VECTOR('',#7177,10.);
#1653=VECTOR('',#7178,10.);
#1654=VECTOR('',#7179,10.);
#1655=VECTOR('',#7182,10.);
#1656=VECTOR('',#7183,10.);
#1657=VECTOR('',#7184,10.);
#1658=VECTOR('',#7187,10.);
#1659=VECTOR('',#7188,10.);
#1660=VECTOR('',#7189,10.);
#1661=VECTOR('',#7192,10.);
#1662=VECTOR('',#7193,10.);
#1663=VECTOR('',#7194,10.);
#1664=VECTOR('',#7197,10.);
#1665=VECTOR('',#7198,10.);
#1666=VECTOR('',#7199,10.);
#1667=VECTOR('',#7202,10.);
#1668=VECTOR('',#7203,10.);
#1669=VECTOR('',#7204,10.);
#1670=VECTOR('',#7207,10.);
#1671=VECTOR('',#7208,10.);
#1672=VECTOR('',#7209,10.);
#1673=VECTOR('',#7212,10.);
#1674=VECTOR('',#7213,10.);
#1675=VECTOR('',#7214,10.);
#1676=VECTOR('',#7217,10.);
#1677=VECTOR('',#7218,10.);
#1678=VECTOR('',#7219,10.);
#1679=VECTOR('',#7222,10.);
#1680=VECTOR('',#7223,10.);
#1681=VECTOR('',#7224,10.);
#1682=VECTOR('',#7227,10.);
#1683=VECTOR('',#7228,10.);
#1684=VECTOR('',#7229,10.);
#1685=VECTOR('',#7232,10.);
#1686=VECTOR('',#7233,10.);
#1687=VECTOR('',#7234,10.);
#1688=VECTOR('',#7237,10.);
#1689=VECTOR('',#7238,10.);
#1690=VECTOR('',#7239,10.);
#1691=VECTOR('',#7242,10.);
#1692=VECTOR('',#7243,10.);
#1693=VECTOR('',#7244,10.);
#1694=VECTOR('',#7247,10.);
#1695=VECTOR('',#7248,10.);
#1696=VECTOR('',#7249,10.);
#1697=VECTOR('',#7252,10.);
#1698=VECTOR('',#7253,10.);
#1699=VECTOR('',#7254,10.);
#1700=VECTOR('',#7257,10.);
#1701=VECTOR('',#7258,10.);
#1702=VECTOR('',#7259,10.);
#1703=VECTOR('',#7262,10.);
#1704=VECTOR('',#7263,10.);
#1705=VECTOR('',#7264,10.);
#1706=VECTOR('',#7267,10.);
#1707=VECTOR('',#7268,10.);
#1708=VECTOR('',#7269,10.);
#1709=VECTOR('',#7272,10.);
#1710=VECTOR('',#7273,10.);
#1711=VECTOR('',#7274,10.);
#1712=VECTOR('',#7277,10.);
#1713=VECTOR('',#7278,10.);
#1714=VECTOR('',#7279,10.);
#1715=VECTOR('',#7282,10.);
#1716=VECTOR('',#7283,10.);
#1717=VECTOR('',#7284,10.);
#1718=VECTOR('',#7287,10.);
#1719=VECTOR('',#7288,10.);
#1720=VECTOR('',#7289,10.);
#1721=VECTOR('',#7292,10.);
#1722=VECTOR('',#7293,10.);
#1723=VECTOR('',#7294,10.);
#1724=VECTOR('',#7297,10.);
#1725=VECTOR('',#7298,10.);
#1726=VECTOR('',#7303,10.);
#1727=VECTOR('',#7304,10.);
#1728=VECTOR('',#7305,10.);
#1729=VECTOR('',#7306,10.);
#1730=VECTOR('',#7309,10.);
#1731=VECTOR('',#7310,10.);
#1732=VECTOR('',#7311,10.);
#1733=VECTOR('',#7314,10.);
#1734=VECTOR('',#7315,10.);
#1735=VECTOR('',#7316,10.);
#1736=VECTOR('',#7319,10.);
#1737=VECTOR('',#7320,10.);
#1738=VECTOR('',#7321,10.);
#1739=VECTOR('',#7324,10.);
#1740=VECTOR('',#7325,10.);
#1741=VECTOR('',#7326,10.);
#1742=VECTOR('',#7329,10.);
#1743=VECTOR('',#7330,10.);
#1744=VECTOR('',#7331,10.);
#1745=VECTOR('',#7334,10.);
#1746=VECTOR('',#7335,10.);
#1747=VECTOR('',#7336,10.);
#1748=VECTOR('',#7339,10.);
#1749=VECTOR('',#7340,10.);
#1750=VECTOR('',#7341,10.);
#1751=VECTOR('',#7344,10.);
#1752=VECTOR('',#7345,10.);
#1753=VECTOR('',#7346,10.);
#1754=VECTOR('',#7349,10.);
#1755=VECTOR('',#7350,10.);
#1756=VECTOR('',#7351,10.);
#1757=VECTOR('',#7354,10.);
#1758=VECTOR('',#7355,10.);
#1759=VECTOR('',#7356,10.);
#1760=VECTOR('',#7359,10.);
#1761=VECTOR('',#7360,10.);
#1762=VECTOR('',#7361,10.);
#1763=VECTOR('',#7364,10.);
#1764=VECTOR('',#7365,10.);
#1765=VECTOR('',#7366,10.);
#1766=VECTOR('',#7369,10.);
#1767=VECTOR('',#7370,10.);
#1768=VECTOR('',#7371,10.);
#1769=VECTOR('',#7374,10.);
#1770=VECTOR('',#7375,10.);
#1771=VECTOR('',#7376,10.);
#1772=VECTOR('',#7379,10.);
#1773=VECTOR('',#7380,10.);
#1774=VECTOR('',#7381,10.);
#1775=VECTOR('',#7384,10.);
#1776=VECTOR('',#7385,10.);
#1777=VECTOR('',#7386,10.);
#1778=VECTOR('',#7389,10.);
#1779=VECTOR('',#7390,10.);
#1780=VECTOR('',#7391,10.);
#1781=VECTOR('',#7394,10.);
#1782=VECTOR('',#7395,10.);
#1783=VECTOR('',#7396,10.);
#1784=VECTOR('',#7399,10.);
#1785=VECTOR('',#7400,10.);
#1786=VECTOR('',#7401,10.);
#1787=VECTOR('',#7404,10.);
#1788=VECTOR('',#7405,10.);
#1789=VECTOR('',#7406,10.);
#1790=VECTOR('',#7409,10.);
#1791=VECTOR('',#7410,10.);
#1792=VECTOR('',#7411,10.);
#1793=VECTOR('',#7414,10.);
#1794=VECTOR('',#7415,10.);
#1795=VECTOR('',#7416,10.);
#1796=VECTOR('',#7419,10.);
#1797=VECTOR('',#7420,10.);
#1798=VECTOR('',#7421,10.);
#1799=VECTOR('',#7424,10.);
#1800=VECTOR('',#7425,10.);
#1801=VECTOR('',#7426,10.);
#1802=VECTOR('',#7429,10.);
#1803=VECTOR('',#7430,10.);
#1804=VECTOR('',#7431,10.);
#1805=VECTOR('',#7434,10.);
#1806=VECTOR('',#7435,10.);
#1807=VECTOR('',#7436,10.);
#1808=VECTOR('',#7439,10.);
#1809=VECTOR('',#7440,10.);
#1810=VECTOR('',#7441,10.);
#1811=VECTOR('',#7444,10.);
#1812=VECTOR('',#7445,10.);
#1813=VECTOR('',#7446,10.);
#1814=VECTOR('',#7449,10.);
#1815=VECTOR('',#7450,10.);
#1816=VECTOR('',#7451,10.);
#1817=VECTOR('',#7454,10.);
#1818=VECTOR('',#7455,10.);
#1819=VECTOR('',#7456,10.);
#1820=VECTOR('',#7459,10.);
#1821=VECTOR('',#7460,10.);
#1822=VECTOR('',#7461,10.);
#1823=VECTOR('',#7464,10.);
#1824=VECTOR('',#7465,10.);
#1825=VECTOR('',#7474,1000.);
#1826=VECTOR('',#7475,1000.);
#1827=VECTOR('',#7480,1000.);
#1828=VECTOR('',#7481,1000.);
#1829=VECTOR('',#7486,1000.);
#1830=VECTOR('',#7487,1000.);
#1831=VECTOR('',#7492,1000.);
#1832=VECTOR('',#7493,1000.);
#1833=VECTOR('',#7498,1000.);
#1834=VECTOR('',#7499,1000.);
#1835=VECTOR('',#7504,1000.);
#1836=VECTOR('',#7505,1000.);
#1837=VECTOR('',#7510,1000.);
#1838=VECTOR('',#7511,1000.);
#1839=VECTOR('',#7516,1000.);
#1840=VECTOR('',#7517,1000.);
#1841=VECTOR('',#7522,1000.);
#1842=VECTOR('',#7523,1000.);
#1843=VECTOR('',#7528,1000.);
#1844=VECTOR('',#7529,1000.);
#1845=VECTOR('',#7538,1000.);
#1846=VECTOR('',#7541,1000.);
#1847=VECTOR('',#7764,1000.);
#1848=VECTOR('',#7767,1000.);
#1849=VECTOR('',#7772,1000.);
#1850=VECTOR('',#7775,1000.);
#1851=VECTOR('',#7780,1000.);
#1852=VECTOR('',#7783,1000.);
#1853=VECTOR('',#7788,1000.);
#1854=VECTOR('',#7791,1000.);
#1855=VECTOR('',#7798,1000.);
#1856=VECTOR('',#7803,1000.);
#1857=VECTOR('',#7806,1000.);
#1858=VECTOR('',#7811,1000.);
#1859=VECTOR('',#7814,1000.);
#1860=VECTOR('',#7819,1000.);
#1861=VECTOR('',#7822,1000.);
#1862=VECTOR('',#7827,1000.);
#1863=VECTOR('',#7830,1000.);
#1864=VECTOR('',#7835,1000.);
#1865=VECTOR('',#7838,1000.);
#1866=VECTOR('',#7843,1000.);
#1867=VECTOR('',#7846,1000.);
#1868=VECTOR('',#7851,1000.);
#1869=VECTOR('',#7854,1000.);
#1870=VECTOR('',#7859,1000.);
#1871=VECTOR('',#7862,1000.);
#1872=VECTOR('',#7867,1000.);
#1873=VECTOR('',#7870,1000.);
#1874=VECTOR('',#7875,1000.);
#1875=VECTOR('',#7878,1000.);
#1876=VECTOR('',#7883,1000.);
#1877=VECTOR('',#7886,1000.);
#1878=VECTOR('',#7891,1000.);
#1879=VECTOR('',#7894,1000.);
#1880=VECTOR('',#7899,1000.);
#1881=VECTOR('',#7902,1000.);
#1882=VECTOR('',#7907,1000.);
#1883=VECTOR('',#7910,1000.);
#1884=VECTOR('',#7993,1000.);
#1885=VECTOR('',#7996,1000.);
#1886=VECTOR('',#7999,1000.);
#1887=VECTOR('',#8000,1000.);
#1888=VECTOR('',#8003,1000.);
#1889=VECTOR('',#8014,1000.);
#1890=VECTOR('',#8017,1000.);
#1891=VECTOR('',#8020,1000.);
#1892=VECTOR('',#8023,1000.);
#1893=VECTOR('',#8024,1000.);
#1894=VECTOR('',#8027,1000.);
#1895=VECTOR('',#8030,1000.);
#1896=VECTOR('',#8033,1000.);
#1897=VECTOR('',#8034,1000.);
#1898=VECTOR('',#8037,1000.);
#1899=VECTOR('',#8040,1000.);
#1900=VECTOR('',#8043,1000.);
#1901=VECTOR('',#8044,1000.);
#1902=VECTOR('',#8047,1000.);
#1903=VECTOR('',#8050,1000.);
#1904=VECTOR('',#8053,1000.);
#1905=VECTOR('',#8054,1000.);
#1906=VECTOR('',#8057,1000.);
#1907=VECTOR('',#8060,1000.);
#1908=VECTOR('',#8063,1000.);
#1909=VECTOR('',#8064,1000.);
#1910=VECTOR('',#8067,1000.);
#1911=VECTOR('',#8070,1000.);
#1912=VECTOR('',#8073,1000.);
#1913=VECTOR('',#8074,1000.);
#1914=VECTOR('',#8077,1000.);
#1915=VECTOR('',#8080,1000.);
#1916=VECTOR('',#8083,1000.);
#1917=VECTOR('',#8084,1000.);
#1918=VECTOR('',#8087,1000.);
#1919=VECTOR('',#8090,1000.);
#1920=VECTOR('',#8093,1000.);
#1921=VECTOR('',#8094,1000.);
#1922=VECTOR('',#8097,1000.);
#1923=VECTOR('',#8100,1000.);
#1924=VECTOR('',#8103,1000.);
#1925=VECTOR('',#8104,1000.);
#1926=VECTOR('',#8107,1000.);
#1927=VECTOR('',#8110,1000.);
#1928=VECTOR('',#8113,1000.);
#1929=VECTOR('',#8114,1000.);
#1930=VECTOR('',#8117,1000.);
#1931=VECTOR('',#8122,1000.);
#1932=VECTOR('',#8125,1000.);
#1933=VECTOR('',#8130,1000.);
#1934=VECTOR('',#8133,1000.);
#1935=VECTOR('',#8138,1000.);
#1936=VECTOR('',#8141,1000.);
#1937=VECTOR('',#8144,1000.);
#1938=VECTOR('',#8147,1000.);
#1939=VECTOR('',#8154,1000.);
#1940=VECTOR('',#8157,1000.);
#1941=VECTOR('',#8162,1000.);
#1942=VECTOR('',#8165,1000.);
#1943=VECTOR('',#8170,1000.);
#1944=VECTOR('',#8173,1000.);
#1945=CIRCLE('',#5932,11.);
#1946=CIRCLE('',#5933,11.);
#1947=CIRCLE('',#5935,11.5);
#1948=CIRCLE('',#5936,6.5);
#1949=CIRCLE('',#5938,8.77025984963195);
#1950=CIRCLE('',#5939,0.6);
#1951=CIRCLE('',#5940,17.5);
#1952=CIRCLE('',#5941,0.6);
#1953=CIRCLE('',#5942,8.77025984963196);
#1954=CIRCLE('',#5943,20.);
#1955=CIRCLE('',#5944,8.77025984963196);
#1956=CIRCLE('',#5945,0.6);
#1957=CIRCLE('',#5946,17.5);
#1958=CIRCLE('',#5947,0.6);
#1959=CIRCLE('',#5948,8.77025984963196);
#1960=CIRCLE('',#5949,20.);
#1961=CIRCLE('',#5950,8.77025984963196);
#1962=CIRCLE('',#5951,0.6);
#1963=CIRCLE('',#5952,17.5);
#1964=CIRCLE('',#5953,0.6);
#1965=CIRCLE('',#5954,8.77025984963196);
#1966=CIRCLE('',#5955,20.);
#1967=CIRCLE('',#5956,8.77025984963196);
#1968=CIRCLE('',#5957,0.6);
#1969=CIRCLE('',#5958,17.5);
#1970=CIRCLE('',#5959,0.6);
#1971=CIRCLE('',#5960,8.77025984963196);
#1972=CIRCLE('',#5961,20.);
#1973=CIRCLE('',#5962,8.77025984963196);
#1974=CIRCLE('',#5963,0.6);
#1975=CIRCLE('',#5964,17.5);
#1976=CIRCLE('',#5965,0.6);
#1977=CIRCLE('',#5966,8.77025984963195);
#1978=CIRCLE('',#5967,20.);
#1979=CIRCLE('',#5968,8.77025984963196);
#1980=CIRCLE('',#5969,0.6);
#1981=CIRCLE('',#5970,17.5);
#1982=CIRCLE('',#5971,0.6);
#1983=CIRCLE('',#5972,8.77025984963196);
#1984=CIRCLE('',#5973,20.);
#1985=CIRCLE('',#5974,8.77025984963195);
#1986=CIRCLE('',#5975,0.6);
#1987=CIRCLE('',#5976,17.5);
#1988=CIRCLE('',#5977,0.6);
#1989=CIRCLE('',#5978,8.77025984963195);
#1990=CIRCLE('',#5979,20.);
#1991=CIRCLE('',#5980,8.77025984963195);
#1992=CIRCLE('',#5981,0.6);
#1993=CIRCLE('',#5982,17.5);
#1994=CIRCLE('',#5983,0.6);
#1995=CIRCLE('',#5984,8.77025984963195);
#1996=CIRCLE('',#5985,20.);
#1997=CIRCLE('',#5986,8.77025984963196);
#1998=CIRCLE('',#5987,0.6);
#1999=CIRCLE('',#5988,17.5);
#2000=CIRCLE('',#5989,0.6);
#2001=CIRCLE('',#5990,8.77025984963195);
#2002=CIRCLE('',#5991,20.);
#2003=CIRCLE('',#5992,8.77025984963196);
#2004=CIRCLE('',#5993,0.6);
#2005=CIRCLE('',#5994,17.5);
#2006=CIRCLE('',#5995,0.6);
#2007=CIRCLE('',#5996,8.77025984963195);
#2008=CIRCLE('',#5997,20.);
#2009=CIRCLE('',#5998,8.77025984963196);
#2010=CIRCLE('',#5999,0.6);
#2011=CIRCLE('',#6000,17.5);
#2012=CIRCLE('',#6001,0.6);
#2013=CIRCLE('',#6002,8.77025984963196);
#2014=CIRCLE('',#6003,20.);
#2015=CIRCLE('',#6004,8.77025984963195);
#2016=CIRCLE('',#6005,0.6);
#2017=CIRCLE('',#6006,17.5);
#2018=CIRCLE('',#6007,0.6);
#2019=CIRCLE('',#6008,8.77025984963195);
#2020=CIRCLE('',#6009,20.);
#2021=CIRCLE('',#6010,8.77025984963196);
#2022=CIRCLE('',#6011,0.6);
#2023=CIRCLE('',#6012,17.5);
#2024=CIRCLE('',#6013,0.6);
#2025=CIRCLE('',#6014,8.77025984963196);
#2026=CIRCLE('',#6015,20.);
#2027=CIRCLE('',#6016,8.77025984963196);
#2028=CIRCLE('',#6017,0.6);
#2029=CIRCLE('',#6018,17.5);
#2030=CIRCLE('',#6019,0.6);
#2031=CIRCLE('',#6020,8.77025984963196);
#2032=CIRCLE('',#6021,20.);
#2033=CIRCLE('',#6022,8.77025984963196);
#2034=CIRCLE('',#6023,0.6);
#2035=CIRCLE('',#6024,17.5);
#2036=CIRCLE('',#6025,0.6);
#2037=CIRCLE('',#6026,8.77025984963196);
#2038=CIRCLE('',#6027,20.);
#2039=CIRCLE('',#6028,8.77025984963196);
#2040=CIRCLE('',#6029,0.6);
#2041=CIRCLE('',#6030,17.5);
#2042=CIRCLE('',#6031,0.6);
#2043=CIRCLE('',#6032,8.77025984963196);
#2044=CIRCLE('',#6033,20.);
#2045=CIRCLE('',#6034,8.77025984963195);
#2046=CIRCLE('',#6035,0.6);
#2047=CIRCLE('',#6036,17.5);
#2048=CIRCLE('',#6037,0.6);
#2049=CIRCLE('',#6038,8.77025984963195);
#2050=CIRCLE('',#6039,20.);
#2051=CIRCLE('',#6040,8.77025984963195);
#2052=CIRCLE('',#6041,0.6);
#2053=CIRCLE('',#6042,17.5);
#2054=CIRCLE('',#6043,0.6);
#2055=CIRCLE('',#6044,8.77025984963195);
#2056=CIRCLE('',#6045,20.);
#2057=CIRCLE('',#6046,8.77025984963196);
#2058=CIRCLE('',#6047,0.6);
#2059=CIRCLE('',#6048,17.5);
#2060=CIRCLE('',#6049,0.6);
#2061=CIRCLE('',#6050,8.77025984963196);
#2062=CIRCLE('',#6051,20.);
#2063=CIRCLE('',#6052,8.77025984963196);
#2064=CIRCLE('',#6053,0.6);
#2065=CIRCLE('',#6054,17.5);
#2066=CIRCLE('',#6055,0.6);
#2067=CIRCLE('',#6056,8.77025984963196);
#2068=CIRCLE('',#6057,20.);
#2069=CIRCLE('',#6059,4.9);
#2070=CIRCLE('',#6060,1.6);
#2071=CIRCLE('',#6062,4.9);
#2072=CIRCLE('',#6065,1.6);
#2073=CIRCLE('',#6204,0.6);
#2074=CIRCLE('',#6206,0.6);
#2075=CIRCLE('',#6208,0.6);
#2076=CIRCLE('',#6210,0.6);
#2077=CIRCLE('',#6212,0.6);
#2078=CIRCLE('',#6214,0.6);
#2079=CIRCLE('',#6216,0.6);
#2080=CIRCLE('',#6218,0.6);
#2081=CIRCLE('',#6220,0.6);
#2082=CIRCLE('',#6222,0.6);
#2083=CIRCLE('',#6224,17.5);
#2084=CIRCLE('',#6226,8.77025984963195);
#2085=CIRCLE('',#6228,8.77025984963196);
#2086=CIRCLE('',#6230,8.77025984963196);
#2087=CIRCLE('',#6231,0.6);
#2088=CIRCLE('',#6232,17.5);
#2089=CIRCLE('',#6233,8.77025984963195);
#2090=CIRCLE('',#6234,20.);
#2091=CIRCLE('',#6235,8.77025984963196);
#2092=CIRCLE('',#6236,0.6);
#2093=CIRCLE('',#6237,17.5);
#2094=CIRCLE('',#6238,8.77025984963196);
#2095=CIRCLE('',#6239,20.);
#2096=CIRCLE('',#6240,8.77025984963196);
#2097=CIRCLE('',#6241,0.6);
#2098=CIRCLE('',#6242,17.5);
#2099=CIRCLE('',#6243,20.);
#2100=CIRCLE('',#6244,8.77025984963195);
#2101=CIRCLE('',#6245,0.6);
#2102=CIRCLE('',#6246,17.5);
#2103=CIRCLE('',#6247,0.6);
#2104=CIRCLE('',#6248,8.77025984963195);
#2105=CIRCLE('',#6249,20.);
#2106=CIRCLE('',#6250,8.77025984963195);
#2107=CIRCLE('',#6251,0.6);
#2108=CIRCLE('',#6252,17.5);
#2109=CIRCLE('',#6253,0.6);
#2110=CIRCLE('',#6254,8.77025984963195);
#2111=CIRCLE('',#6255,20.);
#2112=CIRCLE('',#6256,8.77025984963196);
#2113=CIRCLE('',#6257,0.6);
#2114=CIRCLE('',#6258,17.5);
#2115=CIRCLE('',#6259,0.6);
#2116=CIRCLE('',#6260,8.77025984963196);
#2117=CIRCLE('',#6261,20.);
#2118=CIRCLE('',#6262,8.77025984963196);
#2119=CIRCLE('',#6263,0.6);
#2120=CIRCLE('',#6264,17.5);
#2121=CIRCLE('',#6265,0.6);
#2122=CIRCLE('',#6266,8.77025984963196);
#2123=CIRCLE('',#6267,20.);
#2124=CIRCLE('',#6268,8.77025984963196);
#2125=CIRCLE('',#6269,0.6);
#2126=CIRCLE('',#6270,17.5);
#2127=CIRCLE('',#6271,0.6);
#2128=CIRCLE('',#6272,8.77025984963196);
#2129=CIRCLE('',#6273,20.);
#2130=CIRCLE('',#6274,8.77025984963196);
#2131=CIRCLE('',#6275,0.6);
#2132=CIRCLE('',#6276,17.5);
#2133=CIRCLE('',#6277,0.6);
#2134=CIRCLE('',#6278,8.77025984963196);
#2135=CIRCLE('',#6279,20.);
#2136=CIRCLE('',#6280,8.77025984963195);
#2137=CIRCLE('',#6281,0.6);
#2138=CIRCLE('',#6282,17.5);
#2139=CIRCLE('',#6283,0.6);
#2140=CIRCLE('',#6284,8.77025984963195);
#2141=CIRCLE('',#6285,20.);
#2142=CIRCLE('',#6286,8.77025984963196);
#2143=CIRCLE('',#6287,0.6);
#2144=CIRCLE('',#6288,17.5);
#2145=CIRCLE('',#6289,0.6);
#2146=CIRCLE('',#6290,8.77025984963196);
#2147=CIRCLE('',#6291,20.);
#2148=CIRCLE('',#6292,8.77025984963195);
#2149=CIRCLE('',#6293,0.6);
#2150=CIRCLE('',#6294,17.5);
#2151=CIRCLE('',#6295,0.6);
#2152=CIRCLE('',#6296,8.77025984963196);
#2153=CIRCLE('',#6297,20.);
#2154=CIRCLE('',#6298,8.77025984963195);
#2155=CIRCLE('',#6299,0.6);
#2156=CIRCLE('',#6300,17.5);
#2157=CIRCLE('',#6301,0.6);
#2158=CIRCLE('',#6302,8.77025984963196);
#2159=CIRCLE('',#6303,20.);
#2160=CIRCLE('',#6304,8.77025984963195);
#2161=CIRCLE('',#6305,0.6);
#2162=CIRCLE('',#6306,17.5);
#2163=CIRCLE('',#6307,0.6);
#2164=CIRCLE('',#6308,8.77025984963195);
#2165=CIRCLE('',#6309,20.);
#2166=CIRCLE('',#6310,17.5);
#2167=CIRCLE('',#6311,0.6);
#2168=CIRCLE('',#6312,8.77025984963195);
#2169=CIRCLE('',#6313,20.);
#2170=CIRCLE('',#6314,8.77025984963196);
#2171=CIRCLE('',#6315,17.5);
#2172=CIRCLE('',#6316,0.6);
#2173=CIRCLE('',#6317,8.77025984963196);
#2174=CIRCLE('',#6318,20.);
#2175=CIRCLE('',#6319,8.77025984963195);
#2176=CIRCLE('',#6320,17.5);
#2177=CIRCLE('',#6321,0.6);
#2178=CIRCLE('',#6322,8.77025984963196);
#2179=CIRCLE('',#6323,20.);
#2180=CIRCLE('',#6324,8.77025984963196);
#2181=CIRCLE('',#6325,17.5);
#2182=CIRCLE('',#6326,0.6);
#2183=CIRCLE('',#6327,8.77025984963196);
#2184=CIRCLE('',#6328,20.);
#2185=CIRCLE('',#6329,8.77025984963196);
#2186=CIRCLE('',#6330,8.77025984963196);
#2187=CIRCLE('',#6331,20.);
#2188=CIRCLE('',#6332,8.77025984963196);
#2189=CIRCLE('',#6333,0.6);
#2190=CIRCLE('',#6334,17.5);
#2191=CIRCLE('',#6335,8.77025984963196);
#2192=CIRCLE('',#6336,20.);
#2193=CIRCLE('',#6338,22.);
#2194=CIRCLE('',#6339,22.);
#2195=CIRCLE('',#6341,22.);
#2196=CIRCLE('',#6342,22.);
#2197=CIRCLE('',#6344,22.);
#2198=CIRCLE('',#6345,22.);
#2199=CIRCLE('',#6347,22.);
#2200=CIRCLE('',#6348,22.);
#2201=CIRCLE('',#6350,22.);
#2202=CIRCLE('',#6351,22.);
#2203=CIRCLE('',#6353,22.);
#2204=CIRCLE('',#6354,22.);
#2205=CIRCLE('',#6356,22.);
#2206=CIRCLE('',#6357,22.);
#2207=CIRCLE('',#6359,22.);
#2208=CIRCLE('',#6360,22.);
#2209=CIRCLE('',#6362,22.);
#2210=CIRCLE('',#6363,22.);
#2211=CIRCLE('',#6365,22.);
#2212=CIRCLE('',#6366,22.);
#2213=CIRCLE('',#6368,22.);
#2214=CIRCLE('',#6369,22.);
#2215=CIRCLE('',#6371,22.);
#2216=CIRCLE('',#6372,22.);
#2217=CIRCLE('',#6374,22.);
#2218=CIRCLE('',#6375,22.);
#2219=CIRCLE('',#6377,22.);
#2220=CIRCLE('',#6378,22.);
#2221=CIRCLE('',#6380,22.);
#2222=CIRCLE('',#6381,22.);
#2223=CIRCLE('',#6383,22.);
#2224=CIRCLE('',#6384,22.);
#2225=CIRCLE('',#6386,22.);
#2226=CIRCLE('',#6387,22.);
#2227=CIRCLE('',#6389,22.);
#2228=CIRCLE('',#6390,22.);
#2229=CIRCLE('',#6392,22.);
#2230=CIRCLE('',#6393,22.);
#2231=CIRCLE('',#6433,22.);
#2232=CIRCLE('',#6434,22.);
#2233=VERTEX_POINT('',#8234);
#2234=VERTEX_POINT('',#8236);
#2235=VERTEX_POINT('',#8240);
#2236=VERTEX_POINT('',#8242);
#2237=VERTEX_POINT('',#8246);
#2238=VERTEX_POINT('',#8247);
#2239=VERTEX_POINT('',#8249);
#2240=VERTEX_POINT('',#8251);
#2241=VERTEX_POINT('',#8253);
#2242=VERTEX_POINT('',#8255);
#2243=VERTEX_POINT('',#8257);
#2244=VERTEX_POINT('',#8259);
#2245=VERTEX_POINT('',#8261);
#2246=VERTEX_POINT('',#8263);
#2247=VERTEX_POINT('',#8265);
#2248=VERTEX_POINT('',#8267);
#2249=VERTEX_POINT('',#8269);
#2250=VERTEX_POINT('',#8271);
#2251=VERTEX_POINT('',#8273);
#2252=VERTEX_POINT('',#8275);
#2253=VERTEX_POINT('',#8277);
#2254=VERTEX_POINT('',#8279);
#2255=VERTEX_POINT('',#8281);
#2256=VERTEX_POINT('',#8283);
#2257=VERTEX_POINT('',#8285);
#2258=VERTEX_POINT('',#8287);
#2259=VERTEX_POINT('',#8289);
#2260=VERTEX_POINT('',#8291);
#2261=VERTEX_POINT('',#8293);
#2262=VERTEX_POINT('',#8295);
#2263=VERTEX_POINT('',#8297);
#2264=VERTEX_POINT('',#8299);
#2265=VERTEX_POINT('',#8301);
#2266=VERTEX_POINT('',#8303);
#2267=VERTEX_POINT('',#8305);
#2268=VERTEX_POINT('',#8307);
#2269=VERTEX_POINT('',#8309);
#2270=VERTEX_POINT('',#8311);
#2271=VERTEX_POINT('',#8313);
#2272=VERTEX_POINT('',#8315);
#2273=VERTEX_POINT('',#8317);
#2274=VERTEX_POINT('',#8319);
#2275=VERTEX_POINT('',#8321);
#2276=VERTEX_POINT('',#8323);
#2277=VERTEX_POINT('',#8325);
#2278=VERTEX_POINT('',#8327);
#2279=VERTEX_POINT('',#8329);
#2280=VERTEX_POINT('',#8331);
#2281=VERTEX_POINT('',#8333);
#2282=VERTEX_POINT('',#8335);
#2283=VERTEX_POINT('',#8337);
#2284=VERTEX_POINT('',#8339);
#2285=VERTEX_POINT('',#8341);
#2286=VERTEX_POINT('',#8343);
#2287=VERTEX_POINT('',#8345);
#2288=VERTEX_POINT('',#8347);
#2289=VERTEX_POINT('',#8349);
#2290=VERTEX_POINT('',#8351);
#2291=VERTEX_POINT('',#8353);
#2292=VERTEX_POINT('',#8355);
#2293=VERTEX_POINT('',#8357);
#2294=VERTEX_POINT('',#8359);
#2295=VERTEX_POINT('',#8361);
#2296=VERTEX_POINT('',#8363);
#2297=VERTEX_POINT('',#8365);
#2298=VERTEX_POINT('',#8367);
#2299=VERTEX_POINT('',#8369);
#2300=VERTEX_POINT('',#8371);
#2301=VERTEX_POINT('',#8373);
#2302=VERTEX_POINT('',#8375);
#2303=VERTEX_POINT('',#8377);
#2304=VERTEX_POINT('',#8379);
#2305=VERTEX_POINT('',#8381);
#2306=VERTEX_POINT('',#8383);
#2307=VERTEX_POINT('',#8385);
#2308=VERTEX_POINT('',#8387);
#2309=VERTEX_POINT('',#8389);
#2310=VERTEX_POINT('',#8391);
#2311=VERTEX_POINT('',#8393);
#2312=VERTEX_POINT('',#8395);
#2313=VERTEX_POINT('',#8397);
#2314=VERTEX_POINT('',#8399);
#2315=VERTEX_POINT('',#8401);
#2316=VERTEX_POINT('',#8403);
#2317=VERTEX_POINT('',#8405);
#2318=VERTEX_POINT('',#8407);
#2319=VERTEX_POINT('',#8409);
#2320=VERTEX_POINT('',#8411);
#2321=VERTEX_POINT('',#8413);
#2322=VERTEX_POINT('',#8415);
#2323=VERTEX_POINT('',#8417);
#2324=VERTEX_POINT('',#8419);
#2325=VERTEX_POINT('',#8421);
#2326=VERTEX_POINT('',#8423);
#2327=VERTEX_POINT('',#8425);
#2328=VERTEX_POINT('',#8427);
#2329=VERTEX_POINT('',#8429);
#2330=VERTEX_POINT('',#8431);
#2331=VERTEX_POINT('',#8433);
#2332=VERTEX_POINT('',#8435);
#2333=VERTEX_POINT('',#8437);
#2334=VERTEX_POINT('',#8439);
#2335=VERTEX_POINT('',#8441);
#2336=VERTEX_POINT('',#8443);
#2337=VERTEX_POINT('',#8445);
#2338=VERTEX_POINT('',#8447);
#2339=VERTEX_POINT('',#8449);
#2340=VERTEX_POINT('',#8451);
#2341=VERTEX_POINT('',#8453);
#2342=VERTEX_POINT('',#8455);
#2343=VERTEX_POINT('',#8457);
#2344=VERTEX_POINT('',#8459);
#2345=VERTEX_POINT('',#8461);
#2346=VERTEX_POINT('',#8463);
#2347=VERTEX_POINT('',#8465);
#2348=VERTEX_POINT('',#8467);
#2349=VERTEX_POINT('',#8469);
#2350=VERTEX_POINT('',#8471);
#2351=VERTEX_POINT('',#8473);
#2352=VERTEX_POINT('',#8475);
#2353=VERTEX_POINT('',#8477);
#2354=VERTEX_POINT('',#8479);
#2355=VERTEX_POINT('',#8481);
#2356=VERTEX_POINT('',#8483);
#2357=VERTEX_POINT('',#8487);
#2358=VERTEX_POINT('',#8489);
#2359=VERTEX_POINT('',#8492);
#2360=VERTEX_POINT('',#8497);
#2361=VERTEX_POINT('',#8501);
#2362=VERTEX_POINT('',#8502);
#2363=VERTEX_POINT('',#8504);
#2364=VERTEX_POINT('',#8506);
#2365=VERTEX_POINT('',#8510);
#2366=VERTEX_POINT('',#8512);
#2367=VERTEX_POINT('',#8516);
#2368=VERTEX_POINT('',#8518);
#2369=VERTEX_POINT('',#8522);
#2370=VERTEX_POINT('',#8524);
#2371=VERTEX_POINT('',#8528);
#2372=VERTEX_POINT('',#8530);
#2373=VERTEX_POINT('',#8534);
#2374=VERTEX_POINT('',#8536);
#2375=VERTEX_POINT('',#8540);
#2376=VERTEX_POINT('',#8542);
#2377=VERTEX_POINT('',#8546);
#2378=VERTEX_POINT('',#8548);
#2379=VERTEX_POINT('',#8552);
#2380=VERTEX_POINT('',#8554);
#2381=VERTEX_POINT('',#8558);
#2382=VERTEX_POINT('',#8560);
#2383=VERTEX_POINT('',#8564);
#2384=VERTEX_POINT('',#8566);
#2385=VERTEX_POINT('',#8570);
#2386=VERTEX_POINT('',#8572);
#2387=VERTEX_POINT('',#8576);
#2388=VERTEX_POINT('',#8578);
#2389=VERTEX_POINT('',#8582);
#2390=VERTEX_POINT('',#8584);
#2391=VERTEX_POINT('',#8588);
#2392=VERTEX_POINT('',#8590);
#2393=VERTEX_POINT('',#8594);
#2394=VERTEX_POINT('',#8596);
#2395=VERTEX_POINT('',#8600);
#2396=VERTEX_POINT('',#8602);
#2397=VERTEX_POINT('',#8606);
#2398=VERTEX_POINT('',#8608);
#2399=VERTEX_POINT('',#8612);
#2400=VERTEX_POINT('',#8614);
#2401=VERTEX_POINT('',#8618);
#2402=VERTEX_POINT('',#8620);
#2403=VERTEX_POINT('',#8624);
#2404=VERTEX_POINT('',#8626);
#2405=VERTEX_POINT('',#8630);
#2406=VERTEX_POINT('',#8632);
#2407=VERTEX_POINT('',#8636);
#2408=VERTEX_POINT('',#8638);
#2409=VERTEX_POINT('',#8642);
#2410=VERTEX_POINT('',#8644);
#2411=VERTEX_POINT('',#8648);
#2412=VERTEX_POINT('',#8650);
#2413=VERTEX_POINT('',#8654);
#2414=VERTEX_POINT('',#8656);
#2415=VERTEX_POINT('',#8660);
#2416=VERTEX_POINT('',#8662);
#2417=VERTEX_POINT('',#8666);
#2418=VERTEX_POINT('',#8668);
#2419=VERTEX_POINT('',#8672);
#2420=VERTEX_POINT('',#8674);
#2421=VERTEX_POINT('',#8678);
#2422=VERTEX_POINT('',#8680);
#2423=VERTEX_POINT('',#8684);
#2424=VERTEX_POINT('',#8686);
#2425=VERTEX_POINT('',#8690);
#2426=VERTEX_POINT('',#8692);
#2427=VERTEX_POINT('',#8700);
#2428=VERTEX_POINT('',#8701);
#2429=VERTEX_POINT('',#8703);
#2430=VERTEX_POINT('',#8705);
#2431=VERTEX_POINT('',#8709);
#2432=VERTEX_POINT('',#8711);
#2433=VERTEX_POINT('',#8715);
#2434=VERTEX_POINT('',#8717);
#2435=VERTEX_POINT('',#8721);
#2436=VERTEX_POINT('',#8723);
#2437=VERTEX_POINT('',#8727);
#2438=VERTEX_POINT('',#8729);
#2439=VERTEX_POINT('',#8733);
#2440=VERTEX_POINT('',#8735);
#2441=VERTEX_POINT('',#8739);
#2442=VERTEX_POINT('',#8741);
#2443=VERTEX_POINT('',#8745);
#2444=VERTEX_POINT('',#8747);
#2445=VERTEX_POINT('',#8751);
#2446=VERTEX_POINT('',#8753);
#2447=VERTEX_POINT('',#8757);
#2448=VERTEX_POINT('',#8759);
#2449=VERTEX_POINT('',#8763);
#2450=VERTEX_POINT('',#8765);
#2451=VERTEX_POINT('',#8769);
#2452=VERTEX_POINT('',#8771);
#2453=VERTEX_POINT('',#8775);
#2454=VERTEX_POINT('',#8777);
#2455=VERTEX_POINT('',#8781);
#2456=VERTEX_POINT('',#8783);
#2457=VERTEX_POINT('',#8787);
#2458=VERTEX_POINT('',#8789);
#2459=VERTEX_POINT('',#8793);
#2460=VERTEX_POINT('',#8795);
#2461=VERTEX_POINT('',#8799);
#2462=VERTEX_POINT('',#8801);
#2463=VERTEX_POINT('',#8805);
#2464=VERTEX_POINT('',#8807);
#2465=VERTEX_POINT('',#8811);
#2466=VERTEX_POINT('',#8813);
#2467=VERTEX_POINT('',#8817);
#2468=VERTEX_POINT('',#8819);
#2469=VERTEX_POINT('',#8823);
#2470=VERTEX_POINT('',#8825);
#2471=VERTEX_POINT('',#8829);
#2472=VERTEX_POINT('',#8831);
#2473=VERTEX_POINT('',#8835);
#2474=VERTEX_POINT('',#8837);
#2475=VERTEX_POINT('',#8841);
#2476=VERTEX_POINT('',#8843);
#2477=VERTEX_POINT('',#8847);
#2478=VERTEX_POINT('',#8849);
#2479=VERTEX_POINT('',#8853);
#2480=VERTEX_POINT('',#8855);
#2481=VERTEX_POINT('',#8859);
#2482=VERTEX_POINT('',#8861);
#2483=VERTEX_POINT('',#8865);
#2484=VERTEX_POINT('',#8867);
#2485=VERTEX_POINT('',#8871);
#2486=VERTEX_POINT('',#8873);
#2487=VERTEX_POINT('',#8877);
#2488=VERTEX_POINT('',#8879);
#2489=VERTEX_POINT('',#8883);
#2490=VERTEX_POINT('',#8885);
#2491=VERTEX_POINT('',#8889);
#2492=VERTEX_POINT('',#8891);
#2493=VERTEX_POINT('',#8899);
#2494=VERTEX_POINT('',#8900);
#2495=VERTEX_POINT('',#8902);
#2496=VERTEX_POINT('',#8904);
#2497=VERTEX_POINT('',#8908);
#2498=VERTEX_POINT('',#8910);
#2499=VERTEX_POINT('',#8914);
#2500=VERTEX_POINT('',#8916);
#2501=VERTEX_POINT('',#8920);
#2502=VERTEX_POINT('',#8922);
#2503=VERTEX_POINT('',#8926);
#2504=VERTEX_POINT('',#8928);
#2505=VERTEX_POINT('',#8932);
#2506=VERTEX_POINT('',#8934);
#2507=VERTEX_POINT('',#8938);
#2508=VERTEX_POINT('',#8940);
#2509=VERTEX_POINT('',#8944);
#2510=VERTEX_POINT('',#8946);
#2511=VERTEX_POINT('',#8950);
#2512=VERTEX_POINT('',#8952);
#2513=VERTEX_POINT('',#8956);
#2514=VERTEX_POINT('',#8958);
#2515=VERTEX_POINT('',#8962);
#2516=VERTEX_POINT('',#8964);
#2517=VERTEX_POINT('',#8968);
#2518=VERTEX_POINT('',#8970);
#2519=VERTEX_POINT('',#8974);
#2520=VERTEX_POINT('',#8976);
#2521=VERTEX_POINT('',#8980);
#2522=VERTEX_POINT('',#8982);
#2523=VERTEX_POINT('',#8986);
#2524=VERTEX_POINT('',#8988);
#2525=VERTEX_POINT('',#8992);
#2526=VERTEX_POINT('',#8994);
#2527=VERTEX_POINT('',#8998);
#2528=VERTEX_POINT('',#9000);
#2529=VERTEX_POINT('',#9004);
#2530=VERTEX_POINT('',#9006);
#2531=VERTEX_POINT('',#9010);
#2532=VERTEX_POINT('',#9012);
#2533=VERTEX_POINT('',#9016);
#2534=VERTEX_POINT('',#9018);
#2535=VERTEX_POINT('',#9022);
#2536=VERTEX_POINT('',#9024);
#2537=VERTEX_POINT('',#9028);
#2538=VERTEX_POINT('',#9030);
#2539=VERTEX_POINT('',#9034);
#2540=VERTEX_POINT('',#9036);
#2541=VERTEX_POINT('',#9040);
#2542=VERTEX_POINT('',#9042);
#2543=VERTEX_POINT('',#9046);
#2544=VERTEX_POINT('',#9048);
#2545=VERTEX_POINT('',#9052);
#2546=VERTEX_POINT('',#9054);
#2547=VERTEX_POINT('',#9058);
#2548=VERTEX_POINT('',#9060);
#2549=VERTEX_POINT('',#9064);
#2550=VERTEX_POINT('',#9066);
#2551=VERTEX_POINT('',#9070);
#2552=VERTEX_POINT('',#9072);
#2553=VERTEX_POINT('',#9076);
#2554=VERTEX_POINT('',#9078);
#2555=VERTEX_POINT('',#9082);
#2556=VERTEX_POINT('',#9084);
#2557=VERTEX_POINT('',#9088);
#2558=VERTEX_POINT('',#9090);
#2559=VERTEX_POINT('',#9098);
#2560=VERTEX_POINT('',#9099);
#2561=VERTEX_POINT('',#9101);
#2562=VERTEX_POINT('',#9103);
#2563=VERTEX_POINT('',#9107);
#2564=VERTEX_POINT('',#9109);
#2565=VERTEX_POINT('',#9113);
#2566=VERTEX_POINT('',#9115);
#2567=VERTEX_POINT('',#9119);
#2568=VERTEX_POINT('',#9121);
#2569=VERTEX_POINT('',#9125);
#2570=VERTEX_POINT('',#9127);
#2571=VERTEX_POINT('',#9131);
#2572=VERTEX_POINT('',#9133);
#2573=VERTEX_POINT('',#9137);
#2574=VERTEX_POINT('',#9139);
#2575=VERTEX_POINT('',#9143);
#2576=VERTEX_POINT('',#9145);
#2577=VERTEX_POINT('',#9149);
#2578=VERTEX_POINT('',#9151);
#2579=VERTEX_POINT('',#9155);
#2580=VERTEX_POINT('',#9157);
#2581=VERTEX_POINT('',#9161);
#2582=VERTEX_POINT('',#9163);
#2583=VERTEX_POINT('',#9167);
#2584=VERTEX_POINT('',#9169);
#2585=VERTEX_POINT('',#9173);
#2586=VERTEX_POINT('',#9175);
#2587=VERTEX_POINT('',#9179);
#2588=VERTEX_POINT('',#9181);
#2589=VERTEX_POINT('',#9185);
#2590=VERTEX_POINT('',#9187);
#2591=VERTEX_POINT('',#9191);
#2592=VERTEX_POINT('',#9193);
#2593=VERTEX_POINT('',#9197);
#2594=VERTEX_POINT('',#9199);
#2595=VERTEX_POINT('',#9203);
#2596=VERTEX_POINT('',#9205);
#2597=VERTEX_POINT('',#9209);
#2598=VERTEX_POINT('',#9211);
#2599=VERTEX_POINT('',#9215);
#2600=VERTEX_POINT('',#9217);
#2601=VERTEX_POINT('',#9221);
#2602=VERTEX_POINT('',#9223);
#2603=VERTEX_POINT('',#9227);
#2604=VERTEX_POINT('',#9229);
#2605=VERTEX_POINT('',#9233);
#2606=VERTEX_POINT('',#9235);
#2607=VERTEX_POINT('',#9239);
#2608=VERTEX_POINT('',#9241);
#2609=VERTEX_POINT('',#9245);
#2610=VERTEX_POINT('',#9247);
#2611=VERTEX_POINT('',#9251);
#2612=VERTEX_POINT('',#9253);
#2613=VERTEX_POINT('',#9257);
#2614=VERTEX_POINT('',#9259);
#2615=VERTEX_POINT('',#9263);
#2616=VERTEX_POINT('',#9265);
#2617=VERTEX_POINT('',#9269);
#2618=VERTEX_POINT('',#9271);
#2619=VERTEX_POINT('',#9275);
#2620=VERTEX_POINT('',#9277);
#2621=VERTEX_POINT('',#9281);
#2622=VERTEX_POINT('',#9283);
#2623=VERTEX_POINT('',#9287);
#2624=VERTEX_POINT('',#9289);
#2625=VERTEX_POINT('',#9298);
#2626=VERTEX_POINT('',#9299);
#2627=VERTEX_POINT('',#9304);
#2628=VERTEX_POINT('',#9305);
#2629=VERTEX_POINT('',#9310);
#2630=VERTEX_POINT('',#9311);
#2631=VERTEX_POINT('',#9316);
#2632=VERTEX_POINT('',#9317);
#2633=VERTEX_POINT('',#9322);
#2634=VERTEX_POINT('',#9323);
#2635=VERTEX_POINT('',#9328);
#2636=VERTEX_POINT('',#9329);
#2637=VERTEX_POINT('',#9334);
#2638=VERTEX_POINT('',#9335);
#2639=VERTEX_POINT('',#9340);
#2640=VERTEX_POINT('',#9341);
#2641=VERTEX_POINT('',#9346);
#2642=VERTEX_POINT('',#9347);
#2643=VERTEX_POINT('',#9352);
#2644=VERTEX_POINT('',#9353);
#2645=VERTEX_POINT('',#9360);
#2646=VERTEX_POINT('',#9362);
#2647=VERTEX_POINT('',#9369);
#2648=VERTEX_POINT('',#9378);
#2649=VERTEX_POINT('',#9385);
#2650=VERTEX_POINT('',#9387);
#2651=VERTEX_POINT('',#9396);
#2652=VERTEX_POINT('',#9397);
#2653=VERTEX_POINT('',#9399);
#2654=VERTEX_POINT('',#9402);
#2655=VERTEX_POINT('',#9404);
#2656=VERTEX_POINT('',#9406);
#2657=VERTEX_POINT('',#9408);
#2658=VERTEX_POINT('',#9411);
#2659=VERTEX_POINT('',#9413);
#2660=VERTEX_POINT('',#9415);
#2661=VERTEX_POINT('',#9417);
#2662=VERTEX_POINT('',#9420);
#2663=VERTEX_POINT('',#9422);
#2664=VERTEX_POINT('',#9424);
#2665=VERTEX_POINT('',#9426);
#2666=VERTEX_POINT('',#9428);
#2667=VERTEX_POINT('',#9430);
#2668=VERTEX_POINT('',#9432);
#2669=VERTEX_POINT('',#9434);
#2670=VERTEX_POINT('',#9436);
#2671=VERTEX_POINT('',#9438);
#2672=VERTEX_POINT('',#9440);
#2673=VERTEX_POINT('',#9442);
#2674=VERTEX_POINT('',#9444);
#2675=VERTEX_POINT('',#9446);
#2676=VERTEX_POINT('',#9448);
#2677=VERTEX_POINT('',#9450);
#2678=VERTEX_POINT('',#9452);
#2679=VERTEX_POINT('',#9454);
#2680=VERTEX_POINT('',#9456);
#2681=VERTEX_POINT('',#9458);
#2682=VERTEX_POINT('',#9460);
#2683=VERTEX_POINT('',#9462);
#2684=VERTEX_POINT('',#9464);
#2685=VERTEX_POINT('',#9466);
#2686=VERTEX_POINT('',#9468);
#2687=VERTEX_POINT('',#9470);
#2688=VERTEX_POINT('',#9472);
#2689=VERTEX_POINT('',#9474);
#2690=VERTEX_POINT('',#9476);
#2691=VERTEX_POINT('',#9478);
#2692=VERTEX_POINT('',#9480);
#2693=VERTEX_POINT('',#9482);
#2694=VERTEX_POINT('',#9484);
#2695=VERTEX_POINT('',#9486);
#2696=VERTEX_POINT('',#9488);
#2697=VERTEX_POINT('',#9490);
#2698=VERTEX_POINT('',#9492);
#2699=VERTEX_POINT('',#9494);
#2700=VERTEX_POINT('',#9496);
#2701=VERTEX_POINT('',#9498);
#2702=VERTEX_POINT('',#9500);
#2703=VERTEX_POINT('',#9502);
#2704=VERTEX_POINT('',#9504);
#2705=VERTEX_POINT('',#9506);
#2706=VERTEX_POINT('',#9508);
#2707=VERTEX_POINT('',#9510);
#2708=VERTEX_POINT('',#9512);
#2709=VERTEX_POINT('',#9514);
#2710=VERTEX_POINT('',#9516);
#2711=VERTEX_POINT('',#9518);
#2712=VERTEX_POINT('',#9520);
#2713=VERTEX_POINT('',#9522);
#2714=VERTEX_POINT('',#9524);
#2715=VERTEX_POINT('',#9526);
#2716=VERTEX_POINT('',#9528);
#2717=VERTEX_POINT('',#9530);
#2718=VERTEX_POINT('',#9532);
#2719=VERTEX_POINT('',#9534);
#2720=VERTEX_POINT('',#9536);
#2721=VERTEX_POINT('',#9538);
#2722=VERTEX_POINT('',#9540);
#2723=VERTEX_POINT('',#9542);
#2724=VERTEX_POINT('',#9544);
#2725=VERTEX_POINT('',#9546);
#2726=VERTEX_POINT('',#9548);
#2727=VERTEX_POINT('',#9550);
#2728=VERTEX_POINT('',#9553);
#2729=VERTEX_POINT('',#9555);
#2730=VERTEX_POINT('',#9557);
#2731=VERTEX_POINT('',#9559);
#2732=VERTEX_POINT('',#9562);
#2733=VERTEX_POINT('',#9564);
#2734=VERTEX_POINT('',#9566);
#2735=VERTEX_POINT('',#9568);
#2736=VERTEX_POINT('',#9571);
#2737=VERTEX_POINT('',#9573);
#2738=VERTEX_POINT('',#9575);
#2739=VERTEX_POINT('',#9577);
#2740=VERTEX_POINT('',#9580);
#2741=VERTEX_POINT('',#9582);
#2742=VERTEX_POINT('',#9584);
#2743=VERTEX_POINT('',#9586);
#2744=VERTEX_POINT('',#9589);
#2745=VERTEX_POINT('',#9591);
#2746=VERTEX_POINT('',#9593);
#2747=VERTEX_POINT('',#9595);
#2748=VERTEX_POINT('',#9598);
#2749=VERTEX_POINT('',#9602);
#2750=VERTEX_POINT('',#9603);
#2751=VERTEX_POINT('',#9605);
#2752=VERTEX_POINT('',#9607);
#2753=VERTEX_POINT('',#9611);
#2754=VERTEX_POINT('',#9612);
#2755=VERTEX_POINT('',#9614);
#2756=VERTEX_POINT('',#9616);
#2757=VERTEX_POINT('',#9620);
#2758=VERTEX_POINT('',#9621);
#2759=VERTEX_POINT('',#9623);
#2760=VERTEX_POINT('',#9625);
#2761=VERTEX_POINT('',#9629);
#2762=VERTEX_POINT('',#9630);
#2763=VERTEX_POINT('',#9632);
#2764=VERTEX_POINT('',#9634);
#2765=VERTEX_POINT('',#9638);
#2766=VERTEX_POINT('',#9640);
#2767=VERTEX_POINT('',#9644);
#2768=VERTEX_POINT('',#9645);
#2769=VERTEX_POINT('',#9647);
#2770=VERTEX_POINT('',#9649);
#2771=VERTEX_POINT('',#9653);
#2772=VERTEX_POINT('',#9654);
#2773=VERTEX_POINT('',#9656);
#2774=VERTEX_POINT('',#9658);
#2775=VERTEX_POINT('',#9662);
#2776=VERTEX_POINT('',#9663);
#2777=VERTEX_POINT('',#9665);
#2778=VERTEX_POINT('',#9667);
#2779=VERTEX_POINT('',#9671);
#2780=VERTEX_POINT('',#9672);
#2781=VERTEX_POINT('',#9674);
#2782=VERTEX_POINT('',#9676);
#2783=VERTEX_POINT('',#9680);
#2784=VERTEX_POINT('',#9681);
#2785=VERTEX_POINT('',#9683);
#2786=VERTEX_POINT('',#9685);
#2787=VERTEX_POINT('',#9689);
#2788=VERTEX_POINT('',#9690);
#2789=VERTEX_POINT('',#9692);
#2790=VERTEX_POINT('',#9694);
#2791=VERTEX_POINT('',#9698);
#2792=VERTEX_POINT('',#9699);
#2793=VERTEX_POINT('',#9701);
#2794=VERTEX_POINT('',#9703);
#2795=VERTEX_POINT('',#9707);
#2796=VERTEX_POINT('',#9708);
#2797=VERTEX_POINT('',#9710);
#2798=VERTEX_POINT('',#9712);
#2799=VERTEX_POINT('',#9716);
#2800=VERTEX_POINT('',#9717);
#2801=VERTEX_POINT('',#9719);
#2802=VERTEX_POINT('',#9721);
#2803=VERTEX_POINT('',#9725);
#2804=VERTEX_POINT('',#9726);
#2805=VERTEX_POINT('',#9728);
#2806=VERTEX_POINT('',#9730);
#2807=VERTEX_POINT('',#9734);
#2808=VERTEX_POINT('',#9735);
#2809=VERTEX_POINT('',#9737);
#2810=VERTEX_POINT('',#9739);
#2811=VERTEX_POINT('',#9743);
#2812=VERTEX_POINT('',#9744);
#2813=VERTEX_POINT('',#9746);
#2814=VERTEX_POINT('',#9748);
#2815=VERTEX_POINT('',#9752);
#2816=VERTEX_POINT('',#9753);
#2817=VERTEX_POINT('',#9755);
#2818=VERTEX_POINT('',#9757);
#2819=VERTEX_POINT('',#9761);
#2820=VERTEX_POINT('',#9762);
#2821=VERTEX_POINT('',#9764);
#2822=VERTEX_POINT('',#9766);
#2823=VERTEX_POINT('',#10252);
#2824=VERTEX_POINT('',#10254);
#2825=EDGE_CURVE('',#2233,#2233,#1945,.T.);
#2826=EDGE_CURVE('',#2233,#2234,#905,.T.);
#2827=EDGE_CURVE('',#2234,#2234,#1946,.T.);
#2828=EDGE_CURVE('',#2235,#2235,#1947,.T.);
#2829=EDGE_CURVE('',#2235,#2236,#906,.T.);
#2830=EDGE_CURVE('',#2236,#2236,#1948,.T.);
#2831=EDGE_CURVE('',#2237,#2238,#1949,.T.);
#2832=EDGE_CURVE('',#2238,#2239,#1950,.T.);
#2833=EDGE_CURVE('',#2239,#2240,#1951,.T.);
#2834=EDGE_CURVE('',#2240,#2241,#1952,.T.);
#2835=EDGE_CURVE('',#2241,#2242,#1953,.T.);
#2836=EDGE_CURVE('',#2242,#2243,#1954,.T.);
#2837=EDGE_CURVE('',#2243,#2244,#1955,.T.);
#2838=EDGE_CURVE('',#2244,#2245,#1956,.T.);
#2839=EDGE_CURVE('',#2245,#2246,#1957,.T.);
#2840=EDGE_CURVE('',#2246,#2247,#1958,.T.);
#2841=EDGE_CURVE('',#2247,#2248,#1959,.T.);
#2842=EDGE_CURVE('',#2248,#2249,#1960,.T.);
#2843=EDGE_CURVE('',#2249,#2250,#1961,.T.);
#2844=EDGE_CURVE('',#2250,#2251,#1962,.T.);
#2845=EDGE_CURVE('',#2251,#2252,#1963,.T.);
#2846=EDGE_CURVE('',#2252,#2253,#1964,.T.);
#2847=EDGE_CURVE('',#2253,#2254,#1965,.T.);
#2848=EDGE_CURVE('',#2254,#2255,#1966,.T.);
#2849=EDGE_CURVE('',#2255,#2256,#1967,.T.);
#2850=EDGE_CURVE('',#2256,#2257,#1968,.T.);
#2851=EDGE_CURVE('',#2257,#2258,#1969,.T.);
#2852=EDGE_CURVE('',#2258,#2259,#1970,.T.);
#2853=EDGE_CURVE('',#2259,#2260,#1971,.T.);
#2854=EDGE_CURVE('',#2260,#2261,#1972,.T.);
#2855=EDGE_CURVE('',#2261,#2262,#1973,.T.);
#2856=EDGE_CURVE('',#2262,#2263,#1974,.T.);
#2857=EDGE_CURVE('',#2263,#2264,#1975,.T.);
#2858=EDGE_CURVE('',#2264,#2265,#1976,.T.);
#2859=EDGE_CURVE('',#2265,#2266,#1977,.T.);
#2860=EDGE_CURVE('',#2266,#2267,#1978,.T.);
#2861=EDGE_CURVE('',#2267,#2268,#1979,.T.);
#2862=EDGE_CURVE('',#2268,#2269,#1980,.T.);
#2863=EDGE_CURVE('',#2269,#2270,#1981,.T.);
#2864=EDGE_CURVE('',#2270,#2271,#1982,.T.);
#2865=EDGE_CURVE('',#2271,#2272,#1983,.T.);
#2866=EDGE_CURVE('',#2272,#2273,#1984,.T.);
#2867=EDGE_CURVE('',#2273,#2274,#1985,.T.);
#2868=EDGE_CURVE('',#2274,#2275,#1986,.T.);
#2869=EDGE_CURVE('',#2275,#2276,#1987,.T.);
#2870=EDGE_CURVE('',#2276,#2277,#1988,.T.);
#2871=EDGE_CURVE('',#2277,#2278,#1989,.T.);
#2872=EDGE_CURVE('',#2278,#2279,#1990,.T.);
#2873=EDGE_CURVE('',#2279,#2280,#1991,.T.);
#2874=EDGE_CURVE('',#2280,#2281,#1992,.T.);
#2875=EDGE_CURVE('',#2281,#2282,#1993,.T.);
#2876=EDGE_CURVE('',#2282,#2283,#1994,.T.);
#2877=EDGE_CURVE('',#2283,#2284,#1995,.T.);
#2878=EDGE_CURVE('',#2284,#2285,#1996,.T.);
#2879=EDGE_CURVE('',#2285,#2286,#1997,.T.);
#2880=EDGE_CURVE('',#2286,#2287,#1998,.T.);
#2881=EDGE_CURVE('',#2287,#2288,#1999,.T.);
#2882=EDGE_CURVE('',#2288,#2289,#2000,.T.);
#2883=EDGE_CURVE('',#2289,#2290,#2001,.T.);
#2884=EDGE_CURVE('',#2290,#2291,#2002,.T.);
#2885=EDGE_CURVE('',#2291,#2292,#2003,.T.);
#2886=EDGE_CURVE('',#2292,#2293,#2004,.T.);
#2887=EDGE_CURVE('',#2293,#2294,#2005,.T.);
#2888=EDGE_CURVE('',#2294,#2295,#2006,.T.);
#2889=EDGE_CURVE('',#2295,#2296,#2007,.T.);
#2890=EDGE_CURVE('',#2296,#2297,#2008,.T.);
#2891=EDGE_CURVE('',#2297,#2298,#2009,.T.);
#2892=EDGE_CURVE('',#2298,#2299,#2010,.T.);
#2893=EDGE_CURVE('',#2299,#2300,#2011,.T.);
#2894=EDGE_CURVE('',#2300,#2301,#2012,.T.);
#2895=EDGE_CURVE('',#2301,#2302,#2013,.T.);
#2896=EDGE_CURVE('',#2302,#2303,#2014,.T.);
#2897=EDGE_CURVE('',#2303,#2304,#2015,.T.);
#2898=EDGE_CURVE('',#2304,#2305,#2016,.T.);
#2899=EDGE_CURVE('',#2305,#2306,#2017,.T.);
#2900=EDGE_CURVE('',#2306,#2307,#2018,.T.);
#2901=EDGE_CURVE('',#2307,#2308,#2019,.T.);
#2902=EDGE_CURVE('',#2308,#2309,#2020,.T.);
#2903=EDGE_CURVE('',#2309,#2310,#2021,.T.);
#2904=EDGE_CURVE('',#2310,#2311,#2022,.T.);
#2905=EDGE_CURVE('',#2311,#2312,#2023,.T.);
#2906=EDGE_CURVE('',#2312,#2313,#2024,.T.);
#2907=EDGE_CURVE('',#2313,#2314,#2025,.T.);
#2908=EDGE_CURVE('',#2314,#2315,#2026,.T.);
#2909=EDGE_CURVE('',#2315,#2316,#2027,.T.);
#2910=EDGE_CURVE('',#2316,#2317,#2028,.T.);
#2911=EDGE_CURVE('',#2317,#2318,#2029,.T.);
#2912=EDGE_CURVE('',#2318,#2319,#2030,.T.);
#2913=EDGE_CURVE('',#2319,#2320,#2031,.T.);
#2914=EDGE_CURVE('',#2320,#2321,#2032,.T.);
#2915=EDGE_CURVE('',#2321,#2322,#2033,.T.);
#2916=EDGE_CURVE('',#2322,#2323,#2034,.T.);
#2917=EDGE_CURVE('',#2323,#2324,#2035,.T.);
#2918=EDGE_CURVE('',#2324,#2325,#2036,.T.);
#2919=EDGE_CURVE('',#2325,#2326,#2037,.T.);
#2920=EDGE_CURVE('',#2326,#2327,#2038,.T.);
#2921=EDGE_CURVE('',#2327,#2328,#2039,.T.);
#2922=EDGE_CURVE('',#2328,#2329,#2040,.T.);
#2923=EDGE_CURVE('',#2329,#2330,#2041,.T.);
#2924=EDGE_CURVE('',#2330,#2331,#2042,.T.);
#2925=EDGE_CURVE('',#2331,#2332,#2043,.T.);
#2926=EDGE_CURVE('',#2332,#2333,#2044,.T.);
#2927=EDGE_CURVE('',#2333,#2334,#2045,.T.);
#2928=EDGE_CURVE('',#2334,#2335,#2046,.T.);
#2929=EDGE_CURVE('',#2335,#2336,#2047,.T.);
#2930=EDGE_CURVE('',#2336,#2337,#2048,.T.);
#2931=EDGE_CURVE('',#2337,#2338,#2049,.T.);
#2932=EDGE_CURVE('',#2338,#2339,#2050,.T.);
#2933=EDGE_CURVE('',#2339,#2340,#2051,.T.);
#2934=EDGE_CURVE('',#2340,#2341,#2052,.T.);
#2935=EDGE_CURVE('',#2341,#2342,#2053,.T.);
#2936=EDGE_CURVE('',#2342,#2343,#2054,.T.);
#2937=EDGE_CURVE('',#2343,#2344,#2055,.T.);
#2938=EDGE_CURVE('',#2344,#2345,#2056,.T.);
#2939=EDGE_CURVE('',#2345,#2346,#2057,.T.);
#2940=EDGE_CURVE('',#2346,#2347,#2058,.T.);
#2941=EDGE_CURVE('',#2347,#2348,#2059,.T.);
#2942=EDGE_CURVE('',#2348,#2349,#2060,.T.);
#2943=EDGE_CURVE('',#2349,#2350,#2061,.T.);
#2944=EDGE_CURVE('',#2350,#2351,#2062,.T.);
#2945=EDGE_CURVE('',#2351,#2352,#2063,.T.);
#2946=EDGE_CURVE('',#2352,#2353,#2064,.T.);
#2947=EDGE_CURVE('',#2353,#2354,#2065,.T.);
#2948=EDGE_CURVE('',#2354,#2355,#2066,.T.);
#2949=EDGE_CURVE('',#2355,#2356,#2067,.T.);
#2950=EDGE_CURVE('',#2356,#2237,#2068,.T.);
#2951=EDGE_CURVE('',#2357,#2357,#2069,.T.);
#2952=EDGE_CURVE('',#2358,#2358,#2070,.T.);
#2953=EDGE_CURVE('',#2357,#2359,#907,.T.);
#2954=EDGE_CURVE('',#2359,#2359,#2071,.T.);
#2955=EDGE_CURVE('',#2360,#2360,#2072,.T.);
#2956=EDGE_CURVE('',#2360,#2358,#908,.T.);
#2957=EDGE_CURVE('',#2361,#2362,#909,.T.);
#2958=EDGE_CURVE('',#2361,#2363,#910,.T.);
#2959=EDGE_CURVE('',#2363,#2364,#911,.T.);
#2960=EDGE_CURVE('',#2362,#2364,#912,.T.);
#2961=EDGE_CURVE('',#2362,#2365,#913,.T.);
#2962=EDGE_CURVE('',#2364,#2366,#914,.T.);
#2963=EDGE_CURVE('',#2365,#2366,#915,.T.);
#2964=EDGE_CURVE('',#2365,#2367,#916,.T.);
#2965=EDGE_CURVE('',#2366,#2368,#917,.T.);
#2966=EDGE_CURVE('',#2367,#2368,#918,.T.);
#2967=EDGE_CURVE('',#2367,#2369,#919,.T.);
#2968=EDGE_CURVE('',#2368,#2370,#920,.T.);
#2969=EDGE_CURVE('',#2369,#2370,#921,.T.);
#2970=EDGE_CURVE('',#2369,#2371,#922,.T.);
#2971=EDGE_CURVE('',#2370,#2372,#923,.T.);
#2972=EDGE_CURVE('',#2371,#2372,#924,.T.);
#2973=EDGE_CURVE('',#2371,#2373,#925,.T.);
#2974=EDGE_CURVE('',#2372,#2374,#926,.T.);
#2975=EDGE_CURVE('',#2373,#2374,#927,.T.);
#2976=EDGE_CURVE('',#2373,#2375,#928,.T.);
#2977=EDGE_CURVE('',#2374,#2376,#929,.T.);
#2978=EDGE_CURVE('',#2375,#2376,#930,.T.);
#2979=EDGE_CURVE('',#2375,#2377,#931,.T.);
#2980=EDGE_CURVE('',#2376,#2378,#932,.T.);
#2981=EDGE_CURVE('',#2377,#2378,#933,.T.);
#2982=EDGE_CURVE('',#2377,#2379,#934,.T.);
#2983=EDGE_CURVE('',#2378,#2380,#935,.T.);
#2984=EDGE_CURVE('',#2379,#2380,#936,.T.);
#2985=EDGE_CURVE('',#2379,#2381,#937,.T.);
#2986=EDGE_CURVE('',#2380,#2382,#938,.T.);
#2987=EDGE_CURVE('',#2381,#2382,#939,.T.);
#2988=EDGE_CURVE('',#2381,#2383,#940,.T.);
#2989=EDGE_CURVE('',#2382,#2384,#941,.T.);
#2990=EDGE_CURVE('',#2383,#2384,#942,.T.);
#2991=EDGE_CURVE('',#2383,#2385,#943,.T.);
#2992=EDGE_CURVE('',#2384,#2386,#944,.T.);
#2993=EDGE_CURVE('',#2385,#2386,#945,.T.);
#2994=EDGE_CURVE('',#2385,#2387,#946,.T.);
#2995=EDGE_CURVE('',#2386,#2388,#947,.T.);
#2996=EDGE_CURVE('',#2387,#2388,#948,.T.);
#2997=EDGE_CURVE('',#2387,#2389,#949,.T.);
#2998=EDGE_CURVE('',#2388,#2390,#950,.T.);
#2999=EDGE_CURVE('',#2389,#2390,#951,.T.);
#3000=EDGE_CURVE('',#2389,#2391,#952,.T.);
#3001=EDGE_CURVE('',#2390,#2392,#953,.T.);
#3002=EDGE_CURVE('',#2391,#2392,#954,.T.);
#3003=EDGE_CURVE('',#2391,#2393,#955,.T.);
#3004=EDGE_CURVE('',#2392,#2394,#956,.T.);
#3005=EDGE_CURVE('',#2393,#2394,#957,.T.);
#3006=EDGE_CURVE('',#2393,#2395,#958,.T.);
#3007=EDGE_CURVE('',#2394,#2396,#959,.T.);
#3008=EDGE_CURVE('',#2395,#2396,#960,.T.);
#3009=EDGE_CURVE('',#2397,#2361,#961,.T.);
#3010=EDGE_CURVE('',#2397,#2398,#962,.T.);
#3011=EDGE_CURVE('',#2398,#2363,#963,.T.);
#3012=EDGE_CURVE('',#2399,#2397,#964,.T.);
#3013=EDGE_CURVE('',#2399,#2400,#965,.T.);
#3014=EDGE_CURVE('',#2400,#2398,#966,.T.);
#3015=EDGE_CURVE('',#2401,#2399,#967,.T.);
#3016=EDGE_CURVE('',#2401,#2402,#968,.T.);
#3017=EDGE_CURVE('',#2402,#2400,#969,.T.);
#3018=EDGE_CURVE('',#2403,#2401,#970,.T.);
#3019=EDGE_CURVE('',#2403,#2404,#971,.T.);
#3020=EDGE_CURVE('',#2404,#2402,#972,.T.);
#3021=EDGE_CURVE('',#2405,#2403,#973,.T.);
#3022=EDGE_CURVE('',#2405,#2406,#974,.T.);
#3023=EDGE_CURVE('',#2406,#2404,#975,.T.);
#3024=EDGE_CURVE('',#2407,#2405,#976,.T.);
#3025=EDGE_CURVE('',#2407,#2408,#977,.T.);
#3026=EDGE_CURVE('',#2408,#2406,#978,.T.);
#3027=EDGE_CURVE('',#2409,#2407,#979,.T.);
#3028=EDGE_CURVE('',#2409,#2410,#980,.T.);
#3029=EDGE_CURVE('',#2410,#2408,#981,.T.);
#3030=EDGE_CURVE('',#2411,#2409,#982,.T.);
#3031=EDGE_CURVE('',#2411,#2412,#983,.T.);
#3032=EDGE_CURVE('',#2412,#2410,#984,.T.);
#3033=EDGE_CURVE('',#2413,#2411,#985,.T.);
#3034=EDGE_CURVE('',#2413,#2414,#986,.T.);
#3035=EDGE_CURVE('',#2414,#2412,#987,.T.);
#3036=EDGE_CURVE('',#2415,#2413,#988,.T.);
#3037=EDGE_CURVE('',#2415,#2416,#989,.T.);
#3038=EDGE_CURVE('',#2416,#2414,#990,.T.);
#3039=EDGE_CURVE('',#2417,#2415,#991,.T.);
#3040=EDGE_CURVE('',#2417,#2418,#992,.T.);
#3041=EDGE_CURVE('',#2418,#2416,#993,.T.);
#3042=EDGE_CURVE('',#2419,#2417,#994,.T.);
#3043=EDGE_CURVE('',#2419,#2420,#995,.T.);
#3044=EDGE_CURVE('',#2420,#2418,#996,.T.);
#3045=EDGE_CURVE('',#2421,#2419,#997,.T.);
#3046=EDGE_CURVE('',#2421,#2422,#998,.T.);
#3047=EDGE_CURVE('',#2422,#2420,#999,.T.);
#3048=EDGE_CURVE('',#2423,#2421,#1000,.T.);
#3049=EDGE_CURVE('',#2423,#2424,#1001,.T.);
#3050=EDGE_CURVE('',#2424,#2422,#1002,.T.);
#3051=EDGE_CURVE('',#2425,#2423,#1003,.T.);
#3052=EDGE_CURVE('',#2425,#2426,#1004,.T.);
#3053=EDGE_CURVE('',#2426,#2424,#1005,.T.);
#3054=EDGE_CURVE('',#2395,#2425,#1006,.T.);
#3055=EDGE_CURVE('',#2396,#2426,#1007,.T.);
#3056=EDGE_CURVE('',#2427,#2428,#1008,.T.);
#3057=EDGE_CURVE('',#2427,#2429,#1009,.T.);
#3058=EDGE_CURVE('',#2429,#2430,#1010,.T.);
#3059=EDGE_CURVE('',#2428,#2430,#1011,.T.);
#3060=EDGE_CURVE('',#2428,#2431,#1012,.T.);
#3061=EDGE_CURVE('',#2430,#2432,#1013,.T.);
#3062=EDGE_CURVE('',#2431,#2432,#1014,.T.);
#3063=EDGE_CURVE('',#2431,#2433,#1015,.T.);
#3064=EDGE_CURVE('',#2432,#2434,#1016,.T.);
#3065=EDGE_CURVE('',#2433,#2434,#1017,.T.);
#3066=EDGE_CURVE('',#2433,#2435,#1018,.T.);
#3067=EDGE_CURVE('',#2434,#2436,#1019,.T.);
#3068=EDGE_CURVE('',#2435,#2436,#1020,.T.);
#3069=EDGE_CURVE('',#2435,#2437,#1021,.T.);
#3070=EDGE_CURVE('',#2436,#2438,#1022,.T.);
#3071=EDGE_CURVE('',#2437,#2438,#1023,.T.);
#3072=EDGE_CURVE('',#2437,#2439,#1024,.T.);
#3073=EDGE_CURVE('',#2438,#2440,#1025,.T.);
#3074=EDGE_CURVE('',#2439,#2440,#1026,.T.);
#3075=EDGE_CURVE('',#2439,#2441,#1027,.T.);
#3076=EDGE_CURVE('',#2440,#2442,#1028,.T.);
#3077=EDGE_CURVE('',#2441,#2442,#1029,.T.);
#3078=EDGE_CURVE('',#2441,#2443,#1030,.T.);
#3079=EDGE_CURVE('',#2442,#2444,#1031,.T.);
#3080=EDGE_CURVE('',#2443,#2444,#1032,.T.);
#3081=EDGE_CURVE('',#2443,#2445,#1033,.T.);
#3082=EDGE_CURVE('',#2444,#2446,#1034,.T.);
#3083=EDGE_CURVE('',#2445,#2446,#1035,.T.);
#3084=EDGE_CURVE('',#2445,#2447,#1036,.T.);
#3085=EDGE_CURVE('',#2446,#2448,#1037,.T.);
#3086=EDGE_CURVE('',#2447,#2448,#1038,.T.);
#3087=EDGE_CURVE('',#2447,#2449,#1039,.T.);
#3088=EDGE_CURVE('',#2448,#2450,#1040,.T.);
#3089=EDGE_CURVE('',#2449,#2450,#1041,.T.);
#3090=EDGE_CURVE('',#2449,#2451,#1042,.T.);
#3091=EDGE_CURVE('',#2450,#2452,#1043,.T.);
#3092=EDGE_CURVE('',#2451,#2452,#1044,.T.);
#3093=EDGE_CURVE('',#2451,#2453,#1045,.T.);
#3094=EDGE_CURVE('',#2452,#2454,#1046,.T.);
#3095=EDGE_CURVE('',#2453,#2454,#1047,.T.);
#3096=EDGE_CURVE('',#2453,#2455,#1048,.T.);
#3097=EDGE_CURVE('',#2454,#2456,#1049,.T.);
#3098=EDGE_CURVE('',#2455,#2456,#1050,.T.);
#3099=EDGE_CURVE('',#2455,#2457,#1051,.T.);
#3100=EDGE_CURVE('',#2456,#2458,#1052,.T.);
#3101=EDGE_CURVE('',#2457,#2458,#1053,.T.);
#3102=EDGE_CURVE('',#2457,#2459,#1054,.T.);
#3103=EDGE_CURVE('',#2458,#2460,#1055,.T.);
#3104=EDGE_CURVE('',#2459,#2460,#1056,.T.);
#3105=EDGE_CURVE('',#2459,#2461,#1057,.T.);
#3106=EDGE_CURVE('',#2460,#2462,#1058,.T.);
#3107=EDGE_CURVE('',#2461,#2462,#1059,.T.);
#3108=EDGE_CURVE('',#2463,#2427,#1060,.T.);
#3109=EDGE_CURVE('',#2463,#2464,#1061,.T.);
#3110=EDGE_CURVE('',#2464,#2429,#1062,.T.);
#3111=EDGE_CURVE('',#2465,#2463,#1063,.T.);
#3112=EDGE_CURVE('',#2465,#2466,#1064,.T.);
#3113=EDGE_CURVE('',#2466,#2464,#1065,.T.);
#3114=EDGE_CURVE('',#2467,#2465,#1066,.T.);
#3115=EDGE_CURVE('',#2467,#2468,#1067,.T.);
#3116=EDGE_CURVE('',#2468,#2466,#1068,.T.);
#3117=EDGE_CURVE('',#2469,#2467,#1069,.T.);
#3118=EDGE_CURVE('',#2469,#2470,#1070,.T.);
#3119=EDGE_CURVE('',#2470,#2468,#1071,.T.);
#3120=EDGE_CURVE('',#2471,#2469,#1072,.T.);
#3121=EDGE_CURVE('',#2471,#2472,#1073,.T.);
#3122=EDGE_CURVE('',#2472,#2470,#1074,.T.);
#3123=EDGE_CURVE('',#2473,#2471,#1075,.T.);
#3124=EDGE_CURVE('',#2473,#2474,#1076,.T.);
#3125=EDGE_CURVE('',#2474,#2472,#1077,.T.);
#3126=EDGE_CURVE('',#2475,#2473,#1078,.T.);
#3127=EDGE_CURVE('',#2475,#2476,#1079,.T.);
#3128=EDGE_CURVE('',#2476,#2474,#1080,.T.);
#3129=EDGE_CURVE('',#2477,#2475,#1081,.T.);
#3130=EDGE_CURVE('',#2477,#2478,#1082,.T.);
#3131=EDGE_CURVE('',#2478,#2476,#1083,.T.);
#3132=EDGE_CURVE('',#2479,#2477,#1084,.T.);
#3133=EDGE_CURVE('',#2479,#2480,#1085,.T.);
#3134=EDGE_CURVE('',#2480,#2478,#1086,.T.);
#3135=EDGE_CURVE('',#2481,#2479,#1087,.T.);
#3136=EDGE_CURVE('',#2481,#2482,#1088,.T.);
#3137=EDGE_CURVE('',#2482,#2480,#1089,.T.);
#3138=EDGE_CURVE('',#2483,#2481,#1090,.T.);
#3139=EDGE_CURVE('',#2483,#2484,#1091,.T.);
#3140=EDGE_CURVE('',#2484,#2482,#1092,.T.);
#3141=EDGE_CURVE('',#2485,#2483,#1093,.T.);
#3142=EDGE_CURVE('',#2485,#2486,#1094,.T.);
#3143=EDGE_CURVE('',#2486,#2484,#1095,.T.);
#3144=EDGE_CURVE('',#2487,#2485,#1096,.T.);
#3145=EDGE_CURVE('',#2487,#2488,#1097,.T.);
#3146=EDGE_CURVE('',#2488,#2486,#1098,.T.);
#3147=EDGE_CURVE('',#2489,#2487,#1099,.T.);
#3148=EDGE_CURVE('',#2489,#2490,#1100,.T.);
#3149=EDGE_CURVE('',#2490,#2488,#1101,.T.);
#3150=EDGE_CURVE('',#2491,#2489,#1102,.T.);
#3151=EDGE_CURVE('',#2491,#2492,#1103,.T.);
#3152=EDGE_CURVE('',#2492,#2490,#1104,.T.);
#3153=EDGE_CURVE('',#2461,#2491,#1105,.T.);
#3154=EDGE_CURVE('',#2462,#2492,#1106,.T.);
#3155=EDGE_CURVE('',#2493,#2494,#1107,.T.);
#3156=EDGE_CURVE('',#2493,#2495,#1108,.T.);
#3157=EDGE_CURVE('',#2495,#2496,#1109,.T.);
#3158=EDGE_CURVE('',#2494,#2496,#1110,.T.);
#3159=EDGE_CURVE('',#2494,#2497,#1111,.T.);
#3160=EDGE_CURVE('',#2496,#2498,#1112,.T.);
#3161=EDGE_CURVE('',#2497,#2498,#1113,.T.);
#3162=EDGE_CURVE('',#2497,#2499,#1114,.T.);
#3163=EDGE_CURVE('',#2498,#2500,#1115,.T.);
#3164=EDGE_CURVE('',#2499,#2500,#1116,.T.);
#3165=EDGE_CURVE('',#2499,#2501,#1117,.T.);
#3166=EDGE_CURVE('',#2500,#2502,#1118,.T.);
#3167=EDGE_CURVE('',#2501,#2502,#1119,.T.);
#3168=EDGE_CURVE('',#2501,#2503,#1120,.T.);
#3169=EDGE_CURVE('',#2502,#2504,#1121,.T.);
#3170=EDGE_CURVE('',#2503,#2504,#1122,.T.);
#3171=EDGE_CURVE('',#2503,#2505,#1123,.T.);
#3172=EDGE_CURVE('',#2504,#2506,#1124,.T.);
#3173=EDGE_CURVE('',#2505,#2506,#1125,.T.);
#3174=EDGE_CURVE('',#2505,#2507,#1126,.T.);
#3175=EDGE_CURVE('',#2506,#2508,#1127,.T.);
#3176=EDGE_CURVE('',#2507,#2508,#1128,.T.);
#3177=EDGE_CURVE('',#2507,#2509,#1129,.T.);
#3178=EDGE_CURVE('',#2508,#2510,#1130,.T.);
#3179=EDGE_CURVE('',#2509,#2510,#1131,.T.);
#3180=EDGE_CURVE('',#2509,#2511,#1132,.T.);
#3181=EDGE_CURVE('',#2510,#2512,#1133,.T.);
#3182=EDGE_CURVE('',#2511,#2512,#1134,.T.);
#3183=EDGE_CURVE('',#2511,#2513,#1135,.T.);
#3184=EDGE_CURVE('',#2512,#2514,#1136,.T.);
#3185=EDGE_CURVE('',#2513,#2514,#1137,.T.);
#3186=EDGE_CURVE('',#2513,#2515,#1138,.T.);
#3187=EDGE_CURVE('',#2514,#2516,#1139,.T.);
#3188=EDGE_CURVE('',#2515,#2516,#1140,.T.);
#3189=EDGE_CURVE('',#2515,#2517,#1141,.T.);
#3190=EDGE_CURVE('',#2516,#2518,#1142,.T.);
#3191=EDGE_CURVE('',#2517,#2518,#1143,.T.);
#3192=EDGE_CURVE('',#2517,#2519,#1144,.T.);
#3193=EDGE_CURVE('',#2518,#2520,#1145,.T.);
#3194=EDGE_CURVE('',#2519,#2520,#1146,.T.);
#3195=EDGE_CURVE('',#2519,#2521,#1147,.T.);
#3196=EDGE_CURVE('',#2520,#2522,#1148,.T.);
#3197=EDGE_CURVE('',#2521,#2522,#1149,.T.);
#3198=EDGE_CURVE('',#2521,#2523,#1150,.T.);
#3199=EDGE_CURVE('',#2522,#2524,#1151,.T.);
#3200=EDGE_CURVE('',#2523,#2524,#1152,.T.);
#3201=EDGE_CURVE('',#2523,#2525,#1153,.T.);
#3202=EDGE_CURVE('',#2524,#2526,#1154,.T.);
#3203=EDGE_CURVE('',#2525,#2526,#1155,.T.);
#3204=EDGE_CURVE('',#2525,#2527,#1156,.T.);
#3205=EDGE_CURVE('',#2526,#2528,#1157,.T.);
#3206=EDGE_CURVE('',#2527,#2528,#1158,.T.);
#3207=EDGE_CURVE('',#2529,#2493,#1159,.T.);
#3208=EDGE_CURVE('',#2529,#2530,#1160,.T.);
#3209=EDGE_CURVE('',#2530,#2495,#1161,.T.);
#3210=EDGE_CURVE('',#2531,#2529,#1162,.T.);
#3211=EDGE_CURVE('',#2531,#2532,#1163,.T.);
#3212=EDGE_CURVE('',#2532,#2530,#1164,.T.);
#3213=EDGE_CURVE('',#2533,#2531,#1165,.T.);
#3214=EDGE_CURVE('',#2533,#2534,#1166,.T.);
#3215=EDGE_CURVE('',#2534,#2532,#1167,.T.);
#3216=EDGE_CURVE('',#2535,#2533,#1168,.T.);
#3217=EDGE_CURVE('',#2535,#2536,#1169,.T.);
#3218=EDGE_CURVE('',#2536,#2534,#1170,.T.);
#3219=EDGE_CURVE('',#2537,#2535,#1171,.T.);
#3220=EDGE_CURVE('',#2537,#2538,#1172,.T.);
#3221=EDGE_CURVE('',#2538,#2536,#1173,.T.);
#3222=EDGE_CURVE('',#2539,#2537,#1174,.T.);
#3223=EDGE_CURVE('',#2539,#2540,#1175,.T.);
#3224=EDGE_CURVE('',#2540,#2538,#1176,.T.);
#3225=EDGE_CURVE('',#2541,#2539,#1177,.T.);
#3226=EDGE_CURVE('',#2541,#2542,#1178,.T.);
#3227=EDGE_CURVE('',#2542,#2540,#1179,.T.);
#3228=EDGE_CURVE('',#2543,#2541,#1180,.T.);
#3229=EDGE_CURVE('',#2543,#2544,#1181,.T.);
#3230=EDGE_CURVE('',#2544,#2542,#1182,.T.);
#3231=EDGE_CURVE('',#2545,#2543,#1183,.T.);
#3232=EDGE_CURVE('',#2545,#2546,#1184,.T.);
#3233=EDGE_CURVE('',#2546,#2544,#1185,.T.);
#3234=EDGE_CURVE('',#2547,#2545,#1186,.T.);
#3235=EDGE_CURVE('',#2547,#2548,#1187,.T.);
#3236=EDGE_CURVE('',#2548,#2546,#1188,.T.);
#3237=EDGE_CURVE('',#2549,#2547,#1189,.T.);
#3238=EDGE_CURVE('',#2549,#2550,#1190,.T.);
#3239=EDGE_CURVE('',#2550,#2548,#1191,.T.);
#3240=EDGE_CURVE('',#2551,#2549,#1192,.T.);
#3241=EDGE_CURVE('',#2551,#2552,#1193,.T.);
#3242=EDGE_CURVE('',#2552,#2550,#1194,.T.);
#3243=EDGE_CURVE('',#2553,#2551,#1195,.T.);
#3244=EDGE_CURVE('',#2553,#2554,#1196,.T.);
#3245=EDGE_CURVE('',#2554,#2552,#1197,.T.);
#3246=EDGE_CURVE('',#2555,#2553,#1198,.T.);
#3247=EDGE_CURVE('',#2555,#2556,#1199,.T.);
#3248=EDGE_CURVE('',#2556,#2554,#1200,.T.);
#3249=EDGE_CURVE('',#2557,#2555,#1201,.T.);
#3250=EDGE_CURVE('',#2557,#2558,#1202,.T.);
#3251=EDGE_CURVE('',#2558,#2556,#1203,.T.);
#3252=EDGE_CURVE('',#2527,#2557,#1204,.T.);
#3253=EDGE_CURVE('',#2528,#2558,#1205,.T.);
#3254=EDGE_CURVE('',#2559,#2560,#1206,.T.);
#3255=EDGE_CURVE('',#2559,#2561,#1207,.T.);
#3256=EDGE_CURVE('',#2561,#2562,#1208,.T.);
#3257=EDGE_CURVE('',#2560,#2562,#1209,.T.);
#3258=EDGE_CURVE('',#2560,#2563,#1210,.T.);
#3259=EDGE_CURVE('',#2562,#2564,#1211,.T.);
#3260=EDGE_CURVE('',#2563,#2564,#1212,.T.);
#3261=EDGE_CURVE('',#2563,#2565,#1213,.T.);
#3262=EDGE_CURVE('',#2564,#2566,#1214,.T.);
#3263=EDGE_CURVE('',#2565,#2566,#1215,.T.);
#3264=EDGE_CURVE('',#2565,#2567,#1216,.T.);
#3265=EDGE_CURVE('',#2566,#2568,#1217,.T.);
#3266=EDGE_CURVE('',#2567,#2568,#1218,.T.);
#3267=EDGE_CURVE('',#2567,#2569,#1219,.T.);
#3268=EDGE_CURVE('',#2568,#2570,#1220,.T.);
#3269=EDGE_CURVE('',#2569,#2570,#1221,.T.);
#3270=EDGE_CURVE('',#2569,#2571,#1222,.T.);
#3271=EDGE_CURVE('',#2570,#2572,#1223,.T.);
#3272=EDGE_CURVE('',#2571,#2572,#1224,.T.);
#3273=EDGE_CURVE('',#2571,#2573,#1225,.T.);
#3274=EDGE_CURVE('',#2572,#2574,#1226,.T.);
#3275=EDGE_CURVE('',#2573,#2574,#1227,.T.);
#3276=EDGE_CURVE('',#2573,#2575,#1228,.T.);
#3277=EDGE_CURVE('',#2574,#2576,#1229,.T.);
#3278=EDGE_CURVE('',#2575,#2576,#1230,.T.);
#3279=EDGE_CURVE('',#2575,#2577,#1231,.T.);
#3280=EDGE_CURVE('',#2576,#2578,#1232,.T.);
#3281=EDGE_CURVE('',#2577,#2578,#1233,.T.);
#3282=EDGE_CURVE('',#2577,#2579,#1234,.T.);
#3283=EDGE_CURVE('',#2578,#2580,#1235,.T.);
#3284=EDGE_CURVE('',#2579,#2580,#1236,.T.);
#3285=EDGE_CURVE('',#2579,#2581,#1237,.T.);
#3286=EDGE_CURVE('',#2580,#2582,#1238,.T.);
#3287=EDGE_CURVE('',#2581,#2582,#1239,.T.);
#3288=EDGE_CURVE('',#2581,#2583,#1240,.T.);
#3289=EDGE_CURVE('',#2582,#2584,#1241,.T.);
#3290=EDGE_CURVE('',#2583,#2584,#1242,.T.);
#3291=EDGE_CURVE('',#2583,#2585,#1243,.T.);
#3292=EDGE_CURVE('',#2584,#2586,#1244,.T.);
#3293=EDGE_CURVE('',#2585,#2586,#1245,.T.);
#3294=EDGE_CURVE('',#2585,#2587,#1246,.T.);
#3295=EDGE_CURVE('',#2586,#2588,#1247,.T.);
#3296=EDGE_CURVE('',#2587,#2588,#1248,.T.);
#3297=EDGE_CURVE('',#2587,#2589,#1249,.T.);
#3298=EDGE_CURVE('',#2588,#2590,#1250,.T.);
#3299=EDGE_CURVE('',#2589,#2590,#1251,.T.);
#3300=EDGE_CURVE('',#2589,#2591,#1252,.T.);
#3301=EDGE_CURVE('',#2590,#2592,#1253,.T.);
#3302=EDGE_CURVE('',#2591,#2592,#1254,.T.);
#3303=EDGE_CURVE('',#2591,#2593,#1255,.T.);
#3304=EDGE_CURVE('',#2592,#2594,#1256,.T.);
#3305=EDGE_CURVE('',#2593,#2594,#1257,.T.);
#3306=EDGE_CURVE('',#2595,#2559,#1258,.T.);
#3307=EDGE_CURVE('',#2595,#2596,#1259,.T.);
#3308=EDGE_CURVE('',#2596,#2561,#1260,.T.);
#3309=EDGE_CURVE('',#2597,#2595,#1261,.T.);
#3310=EDGE_CURVE('',#2597,#2598,#1262,.T.);
#3311=EDGE_CURVE('',#2598,#2596,#1263,.T.);
#3312=EDGE_CURVE('',#2599,#2597,#1264,.T.);
#3313=EDGE_CURVE('',#2599,#2600,#1265,.T.);
#3314=EDGE_CURVE('',#2600,#2598,#1266,.T.);
#3315=EDGE_CURVE('',#2601,#2599,#1267,.T.);
#3316=EDGE_CURVE('',#2601,#2602,#1268,.T.);
#3317=EDGE_CURVE('',#2602,#2600,#1269,.T.);
#3318=EDGE_CURVE('',#2603,#2601,#1270,.T.);
#3319=EDGE_CURVE('',#2603,#2604,#1271,.T.);
#3320=EDGE_CURVE('',#2604,#2602,#1272,.T.);
#3321=EDGE_CURVE('',#2605,#2603,#1273,.T.);
#3322=EDGE_CURVE('',#2605,#2606,#1274,.T.);
#3323=EDGE_CURVE('',#2606,#2604,#1275,.T.);
#3324=EDGE_CURVE('',#2607,#2605,#1276,.T.);
#3325=EDGE_CURVE('',#2607,#2608,#1277,.T.);
#3326=EDGE_CURVE('',#2608,#2606,#1278,.T.);
#3327=EDGE_CURVE('',#2609,#2607,#1279,.T.);
#3328=EDGE_CURVE('',#2609,#2610,#1280,.T.);
#3329=EDGE_CURVE('',#2610,#2608,#1281,.T.);
#3330=EDGE_CURVE('',#2611,#2609,#1282,.T.);
#3331=EDGE_CURVE('',#2611,#2612,#1283,.T.);
#3332=EDGE_CURVE('',#2612,#2610,#1284,.T.);
#3333=EDGE_CURVE('',#2613,#2611,#1285,.T.);
#3334=EDGE_CURVE('',#2613,#2614,#1286,.T.);
#3335=EDGE_CURVE('',#2614,#2612,#1287,.T.);
#3336=EDGE_CURVE('',#2615,#2613,#1288,.T.);
#3337=EDGE_CURVE('',#2615,#2616,#1289,.T.);
#3338=EDGE_CURVE('',#2616,#2614,#1290,.T.);
#3339=EDGE_CURVE('',#2617,#2615,#1291,.T.);
#3340=EDGE_CURVE('',#2617,#2618,#1292,.T.);
#3341=EDGE_CURVE('',#2618,#2616,#1293,.T.);
#3342=EDGE_CURVE('',#2619,#2617,#1294,.T.);
#3343=EDGE_CURVE('',#2619,#2620,#1295,.T.);
#3344=EDGE_CURVE('',#2620,#2618,#1296,.T.);
#3345=EDGE_CURVE('',#2621,#2619,#1297,.T.);
#3346=EDGE_CURVE('',#2621,#2622,#1298,.T.);
#3347=EDGE_CURVE('',#2622,#2620,#1299,.T.);
#3348=EDGE_CURVE('',#2623,#2621,#1300,.T.);
#3349=EDGE_CURVE('',#2623,#2624,#1301,.T.);
#3350=EDGE_CURVE('',#2624,#2622,#1302,.T.);
#3351=EDGE_CURVE('',#2593,#2623,#1303,.T.);
#3352=EDGE_CURVE('',#2594,#2624,#1304,.T.);
#3353=EDGE_CURVE('',#2625,#2626,#2073,.T.);
#3354=EDGE_CURVE('',#2277,#2625,#1305,.T.);
#3355=EDGE_CURVE('',#2626,#2276,#1306,.T.);
#3356=EDGE_CURVE('',#2627,#2628,#2074,.T.);
#3357=EDGE_CURVE('',#2271,#2627,#1307,.T.);
#3358=EDGE_CURVE('',#2628,#2270,#1308,.T.);
#3359=EDGE_CURVE('',#2629,#2630,#2075,.T.);
#3360=EDGE_CURVE('',#2265,#2629,#1309,.T.);
#3361=EDGE_CURVE('',#2630,#2264,#1310,.T.);
#3362=EDGE_CURVE('',#2631,#2632,#2076,.T.);
#3363=EDGE_CURVE('',#2259,#2631,#1311,.T.);
#3364=EDGE_CURVE('',#2632,#2258,#1312,.T.);
#3365=EDGE_CURVE('',#2633,#2634,#2077,.T.);
#3366=EDGE_CURVE('',#2251,#2633,#1313,.T.);
#3367=EDGE_CURVE('',#2634,#2250,#1314,.T.);
#3368=EDGE_CURVE('',#2635,#2636,#2078,.T.);
#3369=EDGE_CURVE('',#2253,#2635,#1315,.T.);
#3370=EDGE_CURVE('',#2636,#2252,#1316,.T.);
#3371=EDGE_CURVE('',#2637,#2638,#2079,.T.);
#3372=EDGE_CURVE('',#2245,#2637,#1317,.T.);
#3373=EDGE_CURVE('',#2638,#2244,#1318,.T.);
#3374=EDGE_CURVE('',#2639,#2640,#2080,.T.);
#3375=EDGE_CURVE('',#2239,#2639,#1319,.T.);
#3376=EDGE_CURVE('',#2640,#2238,#1320,.T.);
#3377=EDGE_CURVE('',#2641,#2642,#2081,.T.);
#3378=EDGE_CURVE('',#2353,#2641,#1321,.T.);
#3379=EDGE_CURVE('',#2642,#2352,#1322,.T.);
#3380=EDGE_CURVE('',#2643,#2644,#2082,.T.);
#3381=EDGE_CURVE('',#2347,#2643,#1323,.T.);
#3382=EDGE_CURVE('',#2644,#2346,#1324,.T.);
#3383=EDGE_CURVE('',#2633,#2636,#2083,.T.);
#3384=EDGE_CURVE('',#2625,#2645,#2084,.T.);
#3385=EDGE_CURVE('',#2645,#2646,#15,.T.);
#3386=EDGE_CURVE('',#2647,#2646,#1325,.T.);
#3387=EDGE_CURVE('',#2647,#2278,#16,.T.);
#3388=EDGE_CURVE('',#2345,#2648,#17,.T.);
#3389=EDGE_CURVE('',#2648,#2649,#1326,.T.);
#3390=EDGE_CURVE('',#2649,#2650,#18,.T.);
#3391=EDGE_CURVE('',#2650,#2644,#2085,.T.);
#3392=EDGE_CURVE('',#2651,#2652,#2086,.T.);
#3393=EDGE_CURVE('',#2651,#2653,#2087,.T.);
#3394=EDGE_CURVE('',#2639,#2653,#2088,.T.);
#3395=EDGE_CURVE('',#2654,#2640,#2089,.T.);
#3396=EDGE_CURVE('',#2654,#2655,#2090,.T.);
#3397=EDGE_CURVE('',#2656,#2655,#2091,.T.);
#3398=EDGE_CURVE('',#2656,#2657,#2092,.T.);
#3399=EDGE_CURVE('',#2641,#2657,#2093,.T.);
#3400=EDGE_CURVE('',#2658,#2642,#2094,.T.);
#3401=EDGE_CURVE('',#2658,#2659,#2095,.T.);
#3402=EDGE_CURVE('',#2660,#2659,#2096,.T.);
#3403=EDGE_CURVE('',#2660,#2661,#2097,.T.);
#3404=EDGE_CURVE('',#2643,#2661,#2098,.T.);
#3405=EDGE_CURVE('',#2650,#2662,#2099,.T.);
#3406=EDGE_CURVE('',#2663,#2662,#2100,.T.);
#3407=EDGE_CURVE('',#2663,#2664,#2101,.T.);
#3408=EDGE_CURVE('',#2665,#2664,#2102,.T.);
#3409=EDGE_CURVE('',#2665,#2666,#2103,.T.);
#3410=EDGE_CURVE('',#2667,#2666,#2104,.T.);
#3411=EDGE_CURVE('',#2667,#2668,#2105,.T.);
#3412=EDGE_CURVE('',#2669,#2668,#2106,.T.);
#3413=EDGE_CURVE('',#2669,#2670,#2107,.T.);
#3414=EDGE_CURVE('',#2671,#2670,#2108,.T.);
#3415=EDGE_CURVE('',#2671,#2672,#2109,.T.);
#3416=EDGE_CURVE('',#2673,#2672,#2110,.T.);
#3417=EDGE_CURVE('',#2673,#2674,#2111,.T.);
#3418=EDGE_CURVE('',#2675,#2674,#2112,.T.);
#3419=EDGE_CURVE('',#2675,#2676,#2113,.T.);
#3420=EDGE_CURVE('',#2677,#2676,#2114,.T.);
#3421=EDGE_CURVE('',#2677,#2678,#2115,.T.);
#3422=EDGE_CURVE('',#2679,#2678,#2116,.T.);
#3423=EDGE_CURVE('',#2679,#2680,#2117,.T.);
#3424=EDGE_CURVE('',#2681,#2680,#2118,.T.);
#3425=EDGE_CURVE('',#2681,#2682,#2119,.T.);
#3426=EDGE_CURVE('',#2683,#2682,#2120,.T.);
#3427=EDGE_CURVE('',#2683,#2684,#2121,.T.);
#3428=EDGE_CURVE('',#2685,#2684,#2122,.T.);
#3429=EDGE_CURVE('',#2685,#2686,#2123,.T.);
#3430=EDGE_CURVE('',#2687,#2686,#2124,.T.);
#3431=EDGE_CURVE('',#2687,#2688,#2125,.T.);
#3432=EDGE_CURVE('',#2689,#2688,#2126,.T.);
#3433=EDGE_CURVE('',#2689,#2690,#2127,.T.);
#3434=EDGE_CURVE('',#2691,#2690,#2128,.T.);
#3435=EDGE_CURVE('',#2691,#2692,#2129,.T.);
#3436=EDGE_CURVE('',#2693,#2692,#2130,.T.);
#3437=EDGE_CURVE('',#2693,#2694,#2131,.T.);
#3438=EDGE_CURVE('',#2695,#2694,#2132,.T.);
#3439=EDGE_CURVE('',#2695,#2696,#2133,.T.);
#3440=EDGE_CURVE('',#2697,#2696,#2134,.T.);
#3441=EDGE_CURVE('',#2697,#2698,#2135,.T.);
#3442=EDGE_CURVE('',#2699,#2698,#2136,.T.);
#3443=EDGE_CURVE('',#2699,#2700,#2137,.T.);
#3444=EDGE_CURVE('',#2701,#2700,#2138,.T.);
#3445=EDGE_CURVE('',#2701,#2702,#2139,.T.);
#3446=EDGE_CURVE('',#2703,#2702,#2140,.T.);
#3447=EDGE_CURVE('',#2703,#2704,#2141,.T.);
#3448=EDGE_CURVE('',#2705,#2704,#2142,.T.);
#3449=EDGE_CURVE('',#2705,#2706,#2143,.T.);
#3450=EDGE_CURVE('',#2707,#2706,#2144,.T.);
#3451=EDGE_CURVE('',#2707,#2708,#2145,.T.);
#3452=EDGE_CURVE('',#2709,#2708,#2146,.T.);
#3453=EDGE_CURVE('',#2709,#2710,#2147,.T.);
#3454=EDGE_CURVE('',#2711,#2710,#2148,.T.);
#3455=EDGE_CURVE('',#2711,#2712,#2149,.T.);
#3456=EDGE_CURVE('',#2713,#2712,#2150,.T.);
#3457=EDGE_CURVE('',#2713,#2714,#2151,.T.);
#3458=EDGE_CURVE('',#2715,#2714,#2152,.T.);
#3459=EDGE_CURVE('',#2715,#2716,#2153,.T.);
#3460=EDGE_CURVE('',#2717,#2716,#2154,.T.);
#3461=EDGE_CURVE('',#2717,#2718,#2155,.T.);
#3462=EDGE_CURVE('',#2719,#2718,#2156,.T.);
#3463=EDGE_CURVE('',#2719,#2720,#2157,.T.);
#3464=EDGE_CURVE('',#2721,#2720,#2158,.T.);
#3465=EDGE_CURVE('',#2721,#2722,#2159,.T.);
#3466=EDGE_CURVE('',#2723,#2722,#2160,.T.);
#3467=EDGE_CURVE('',#2723,#2724,#2161,.T.);
#3468=EDGE_CURVE('',#2725,#2724,#2162,.T.);
#3469=EDGE_CURVE('',#2725,#2726,#2163,.T.);
#3470=EDGE_CURVE('',#2727,#2726,#2164,.T.);
#3471=EDGE_CURVE('',#2727,#2645,#2165,.T.);
#3472=EDGE_CURVE('',#2728,#2626,#2166,.T.);
#3473=EDGE_CURVE('',#2728,#2729,#2167,.T.);
#3474=EDGE_CURVE('',#2730,#2729,#2168,.T.);
#3475=EDGE_CURVE('',#2730,#2731,#2169,.T.);
#3476=EDGE_CURVE('',#2627,#2731,#2170,.T.);
#3477=EDGE_CURVE('',#2732,#2628,#2171,.T.);
#3478=EDGE_CURVE('',#2732,#2733,#2172,.T.);
#3479=EDGE_CURVE('',#2734,#2733,#2173,.T.);
#3480=EDGE_CURVE('',#2734,#2735,#2174,.T.);
#3481=EDGE_CURVE('',#2629,#2735,#2175,.T.);
#3482=EDGE_CURVE('',#2736,#2630,#2176,.T.);
#3483=EDGE_CURVE('',#2736,#2737,#2177,.T.);
#3484=EDGE_CURVE('',#2738,#2737,#2178,.T.);
#3485=EDGE_CURVE('',#2738,#2739,#2179,.T.);
#3486=EDGE_CURVE('',#2631,#2739,#2180,.T.);
#3487=EDGE_CURVE('',#2740,#2632,#2181,.T.);
#3488=EDGE_CURVE('',#2740,#2741,#2182,.T.);
#3489=EDGE_CURVE('',#2742,#2741,#2183,.T.);
#3490=EDGE_CURVE('',#2742,#2743,#2184,.T.);
#3491=EDGE_CURVE('',#2635,#2743,#2185,.T.);
#3492=EDGE_CURVE('',#2744,#2634,#2186,.T.);
#3493=EDGE_CURVE('',#2744,#2745,#2187,.T.);
#3494=EDGE_CURVE('',#2746,#2745,#2188,.T.);
#3495=EDGE_CURVE('',#2746,#2747,#2189,.T.);
#3496=EDGE_CURVE('',#2637,#2747,#2190,.T.);
#3497=EDGE_CURVE('',#2748,#2638,#2191,.T.);
#3498=EDGE_CURVE('',#2748,#2652,#2192,.T.);
#3499=EDGE_CURVE('',#2749,#2750,#2193,.T.);
#3500=EDGE_CURVE('',#2750,#2751,#1327,.T.);
#3501=EDGE_CURVE('',#2751,#2752,#2194,.T.);
#3502=EDGE_CURVE('',#2749,#2752,#1328,.T.);
#3503=EDGE_CURVE('',#2753,#2754,#2195,.T.);
#3504=EDGE_CURVE('',#2755,#2754,#1329,.T.);
#3505=EDGE_CURVE('',#2755,#2756,#2196,.T.);
#3506=EDGE_CURVE('',#2756,#2753,#1330,.T.);
#3507=EDGE_CURVE('',#2757,#2758,#2197,.T.);
#3508=EDGE_CURVE('',#2758,#2759,#1331,.T.);
#3509=EDGE_CURVE('',#2759,#2760,#2198,.T.);
#3510=EDGE_CURVE('',#2757,#2760,#1332,.T.);
#3511=EDGE_CURVE('',#2761,#2762,#2199,.T.);
#3512=EDGE_CURVE('',#2762,#2763,#1333,.T.);
#3513=EDGE_CURVE('',#2763,#2764,#2200,.T.);
#3514=EDGE_CURVE('',#2761,#2764,#1334,.T.);
#3515=EDGE_CURVE('',#2765,#2647,#2201,.T.);
#3516=EDGE_CURVE('',#2646,#2766,#2202,.T.);
#3517=EDGE_CURVE('',#2765,#2766,#1335,.T.);
#3518=EDGE_CURVE('',#2767,#2768,#2203,.T.);
#3519=EDGE_CURVE('',#2769,#2768,#1336,.T.);
#3520=EDGE_CURVE('',#2769,#2770,#2204,.T.);
#3521=EDGE_CURVE('',#2770,#2767,#1337,.T.);
#3522=EDGE_CURVE('',#2771,#2772,#2205,.T.);
#3523=EDGE_CURVE('',#2773,#2772,#1338,.T.);
#3524=EDGE_CURVE('',#2773,#2774,#2206,.T.);
#3525=EDGE_CURVE('',#2774,#2771,#1339,.T.);
#3526=EDGE_CURVE('',#2775,#2776,#2207,.T.);
#3527=EDGE_CURVE('',#2777,#2776,#1340,.T.);
#3528=EDGE_CURVE('',#2777,#2778,#2208,.T.);
#3529=EDGE_CURVE('',#2778,#2775,#1341,.T.);
#3530=EDGE_CURVE('',#2779,#2780,#2209,.T.);
#3531=EDGE_CURVE('',#2780,#2781,#1342,.T.);
#3532=EDGE_CURVE('',#2781,#2782,#2210,.T.);
#3533=EDGE_CURVE('',#2779,#2782,#1343,.T.);
#3534=EDGE_CURVE('',#2783,#2784,#2211,.T.);
#3535=EDGE_CURVE('',#2784,#2785,#1344,.T.);
#3536=EDGE_CURVE('',#2785,#2786,#2212,.T.);
#3537=EDGE_CURVE('',#2783,#2786,#1345,.T.);
#3538=EDGE_CURVE('',#2787,#2788,#2213,.T.);
#3539=EDGE_CURVE('',#2788,#2789,#1346,.T.);
#3540=EDGE_CURVE('',#2789,#2790,#2214,.T.);
#3541=EDGE_CURVE('',#2787,#2790,#1347,.T.);
#3542=EDGE_CURVE('',#2791,#2792,#2215,.T.);
#3543=EDGE_CURVE('',#2793,#2792,#1348,.T.);
#3544=EDGE_CURVE('',#2793,#2794,#2216,.T.);
#3545=EDGE_CURVE('',#2794,#2791,#1349,.T.);
#3546=EDGE_CURVE('',#2795,#2796,#2217,.T.);
#3547=EDGE_CURVE('',#2796,#2797,#1350,.T.);
#3548=EDGE_CURVE('',#2797,#2798,#2218,.T.);
#3549=EDGE_CURVE('',#2795,#2798,#1351,.T.);
#3550=EDGE_CURVE('',#2799,#2800,#2219,.T.);
#3551=EDGE_CURVE('',#2800,#2801,#1352,.T.);
#3552=EDGE_CURVE('',#2801,#2802,#2220,.T.);
#3553=EDGE_CURVE('',#2799,#2802,#1353,.T.);
#3554=EDGE_CURVE('',#2803,#2804,#2221,.T.);
#3555=EDGE_CURVE('',#2804,#2805,#1354,.T.);
#3556=EDGE_CURVE('',#2805,#2806,#2222,.T.);
#3557=EDGE_CURVE('',#2803,#2806,#1355,.T.);
#3558=EDGE_CURVE('',#2807,#2808,#2223,.T.);
#3559=EDGE_CURVE('',#2808,#2809,#1356,.T.);
#3560=EDGE_CURVE('',#2809,#2810,#2224,.T.);
#3561=EDGE_CURVE('',#2807,#2810,#1357,.T.);
#3562=EDGE_CURVE('',#2811,#2812,#2225,.T.);
#3563=EDGE_CURVE('',#2812,#2813,#1358,.T.);
#3564=EDGE_CURVE('',#2813,#2814,#2226,.T.);
#3565=EDGE_CURVE('',#2811,#2814,#1359,.T.);
#3566=EDGE_CURVE('',#2815,#2816,#2227,.T.);
#3567=EDGE_CURVE('',#2816,#2817,#1360,.T.);
#3568=EDGE_CURVE('',#2817,#2818,#2228,.T.);
#3569=EDGE_CURVE('',#2815,#2818,#1361,.T.);
#3570=EDGE_CURVE('',#2819,#2820,#2229,.T.);
#3571=EDGE_CURVE('',#2821,#2820,#1362,.T.);
#3572=EDGE_CURVE('',#2821,#2822,#2230,.T.);
#3573=EDGE_CURVE('',#2822,#2819,#1363,.T.);
#3574=EDGE_CURVE('',#2750,#2242,#19,.T.);
#3575=EDGE_CURVE('',#2243,#2749,#20,.T.);
#3576=EDGE_CURVE('',#2237,#2755,#21,.T.);
#3577=EDGE_CURVE('',#2756,#2356,#22,.T.);
#3578=EDGE_CURVE('',#2758,#2248,#23,.T.);
#3579=EDGE_CURVE('',#2249,#2757,#24,.T.);
#3580=EDGE_CURVE('',#2762,#2254,#25,.T.);
#3581=EDGE_CURVE('',#2255,#2761,#26,.T.);
#3582=EDGE_CURVE('',#2279,#2765,#27,.T.);
#3583=EDGE_CURVE('',#2273,#2769,#28,.T.);
#3584=EDGE_CURVE('',#2770,#2272,#29,.T.);
#3585=EDGE_CURVE('',#2267,#2773,#30,.T.);
#3586=EDGE_CURVE('',#2774,#2266,#31,.T.);
#3587=EDGE_CURVE('',#2261,#2777,#32,.T.);
#3588=EDGE_CURVE('',#2778,#2260,#33,.T.);
#3589=EDGE_CURVE('',#2780,#2284,#34,.T.);
#3590=EDGE_CURVE('',#2285,#2779,#35,.T.);
#3591=EDGE_CURVE('',#2784,#2290,#36,.T.);
#3592=EDGE_CURVE('',#2291,#2783,#37,.T.);
#3593=EDGE_CURVE('',#2788,#2302,#38,.T.);
#3594=EDGE_CURVE('',#2303,#2787,#39,.T.);
#3595=EDGE_CURVE('',#2297,#2793,#40,.T.);
#3596=EDGE_CURVE('',#2794,#2296,#41,.T.);
#3597=EDGE_CURVE('',#2796,#2308,#42,.T.);
#3598=EDGE_CURVE('',#2309,#2795,#43,.T.);
#3599=EDGE_CURVE('',#2800,#2314,#44,.T.);
#3600=EDGE_CURVE('',#2315,#2799,#45,.T.);
#3601=EDGE_CURVE('',#2804,#2320,#46,.T.);
#3602=EDGE_CURVE('',#2321,#2803,#47,.T.);
#3603=EDGE_CURVE('',#2808,#2326,#48,.T.);
#3604=EDGE_CURVE('',#2327,#2807,#49,.T.);
#3605=EDGE_CURVE('',#2812,#2332,#50,.T.);
#3606=EDGE_CURVE('',#2333,#2811,#51,.T.);
#3607=EDGE_CURVE('',#2816,#2338,#52,.T.);
#3608=EDGE_CURVE('',#2339,#2815,#53,.T.);
#3609=EDGE_CURVE('',#2351,#2821,#54,.T.);
#3610=EDGE_CURVE('',#2822,#2350,#55,.T.);
#3611=EDGE_CURVE('',#2652,#2751,#56,.T.);
#3612=EDGE_CURVE('',#2752,#2748,#57,.T.);
#3613=EDGE_CURVE('',#2754,#2654,#58,.T.);
#3614=EDGE_CURVE('',#2655,#2753,#59,.T.);
#3615=EDGE_CURVE('',#2745,#2759,#60,.T.);
#3616=EDGE_CURVE('',#2760,#2744,#61,.T.);
#3617=EDGE_CURVE('',#2743,#2763,#62,.T.);
#3618=EDGE_CURVE('',#2764,#2742,#63,.T.);
#3619=EDGE_CURVE('',#2766,#2727,#64,.T.);
#3620=EDGE_CURVE('',#2768,#2730,#65,.T.);
#3621=EDGE_CURVE('',#2731,#2767,#66,.T.);
#3622=EDGE_CURVE('',#2772,#2734,#67,.T.);
#3623=EDGE_CURVE('',#2735,#2771,#68,.T.);
#3624=EDGE_CURVE('',#2776,#2738,#69,.T.);
#3625=EDGE_CURVE('',#2739,#2775,#70,.T.);
#3626=EDGE_CURVE('',#2722,#2781,#71,.T.);
#3627=EDGE_CURVE('',#2782,#2721,#72,.T.);
#3628=EDGE_CURVE('',#2716,#2785,#73,.T.);
#3629=EDGE_CURVE('',#2786,#2715,#74,.T.);
#3630=EDGE_CURVE('',#2704,#2789,#75,.T.);
#3631=EDGE_CURVE('',#2790,#2703,#76,.T.);
#3632=EDGE_CURVE('',#2792,#2709,#77,.T.);
#3633=EDGE_CURVE('',#2710,#2791,#78,.T.);
#3634=EDGE_CURVE('',#2698,#2797,#79,.T.);
#3635=EDGE_CURVE('',#2798,#2697,#80,.T.);
#3636=EDGE_CURVE('',#2692,#2801,#81,.T.);
#3637=EDGE_CURVE('',#2802,#2691,#82,.T.);
#3638=EDGE_CURVE('',#2686,#2805,#83,.T.);
#3639=EDGE_CURVE('',#2806,#2685,#84,.T.);
#3640=EDGE_CURVE('',#2680,#2809,#85,.T.);
#3641=EDGE_CURVE('',#2810,#2679,#86,.T.);
#3642=EDGE_CURVE('',#2674,#2813,#87,.T.);
#3643=EDGE_CURVE('',#2814,#2673,#88,.T.);
#3644=EDGE_CURVE('',#2668,#2817,#89,.T.);
#3645=EDGE_CURVE('',#2818,#2667,#90,.T.);
#3646=EDGE_CURVE('',#2820,#2658,#91,.T.);
#3647=EDGE_CURVE('',#2659,#2819,#92,.T.);
#3648=EDGE_CURVE('',#2823,#2649,#2231,.T.);
#3649=EDGE_CURVE('',#2648,#2824,#2232,.T.);
#3650=EDGE_CURVE('',#2824,#2823,#1364,.T.);
#3651=EDGE_CURVE('',#2824,#2344,#93,.T.);
#3652=EDGE_CURVE('',#2343,#2663,#1365,.T.);
#3653=EDGE_CURVE('',#2662,#2823,#94,.T.);
#3654=EDGE_CURVE('',#2664,#2342,#1366,.T.);
#3655=EDGE_CURVE('',#2341,#2665,#1367,.T.);
#3656=EDGE_CURVE('',#2666,#2340,#1368,.T.);
#3657=EDGE_CURVE('',#2349,#2660,#1369,.T.);
#3658=EDGE_CURVE('',#2661,#2348,#1370,.T.);
#3659=EDGE_CURVE('',#2337,#2669,#1371,.T.);
#3660=EDGE_CURVE('',#2670,#2336,#1372,.T.);
#3661=EDGE_CURVE('',#2335,#2671,#1373,.T.);
#3662=EDGE_CURVE('',#2672,#2334,#1374,.T.);
#3663=EDGE_CURVE('',#2331,#2675,#1375,.T.);
#3664=EDGE_CURVE('',#2676,#2330,#1376,.T.);
#3665=EDGE_CURVE('',#2329,#2677,#1377,.T.);
#3666=EDGE_CURVE('',#2678,#2328,#1378,.T.);
#3667=EDGE_CURVE('',#2325,#2681,#1379,.T.);
#3668=EDGE_CURVE('',#2682,#2324,#1380,.T.);
#3669=EDGE_CURVE('',#2323,#2683,#1381,.T.);
#3670=EDGE_CURVE('',#2684,#2322,#1382,.T.);
#3671=EDGE_CURVE('',#2319,#2687,#1383,.T.);
#3672=EDGE_CURVE('',#2688,#2318,#1384,.T.);
#3673=EDGE_CURVE('',#2317,#2689,#1385,.T.);
#3674=EDGE_CURVE('',#2690,#2316,#1386,.T.);
#3675=EDGE_CURVE('',#2313,#2693,#1387,.T.);
#3676=EDGE_CURVE('',#2694,#2312,#1388,.T.);
#3677=EDGE_CURVE('',#2311,#2695,#1389,.T.);
#3678=EDGE_CURVE('',#2696,#2310,#1390,.T.);
#3679=EDGE_CURVE('',#2307,#2699,#1391,.T.);
#3680=EDGE_CURVE('',#2700,#2306,#1392,.T.);
#3681=EDGE_CURVE('',#2305,#2701,#1393,.T.);
#3682=EDGE_CURVE('',#2702,#2304,#1394,.T.);
#3683=EDGE_CURVE('',#2295,#2711,#1395,.T.);
#3684=EDGE_CURVE('',#2712,#2294,#1396,.T.);
#3685=EDGE_CURVE('',#2293,#2713,#1397,.T.);
#3686=EDGE_CURVE('',#2714,#2292,#1398,.T.);
#3687=EDGE_CURVE('',#2301,#2705,#1399,.T.);
#3688=EDGE_CURVE('',#2706,#2300,#1400,.T.);
#3689=EDGE_CURVE('',#2299,#2707,#1401,.T.);
#3690=EDGE_CURVE('',#2708,#2298,#1402,.T.);
#3691=EDGE_CURVE('',#2289,#2717,#1403,.T.);
#3692=EDGE_CURVE('',#2718,#2288,#1404,.T.);
#3693=EDGE_CURVE('',#2287,#2719,#1405,.T.);
#3694=EDGE_CURVE('',#2720,#2286,#1406,.T.);
#3695=EDGE_CURVE('',#2283,#2723,#1407,.T.);
#3696=EDGE_CURVE('',#2724,#2282,#1408,.T.);
#3697=EDGE_CURVE('',#2281,#2725,#1409,.T.);
#3698=EDGE_CURVE('',#2726,#2280,#1410,.T.);
#3699=EDGE_CURVE('',#2257,#2740,#1411,.T.);
#3700=EDGE_CURVE('',#2741,#2256,#1412,.T.);
#3701=EDGE_CURVE('',#2263,#2736,#1413,.T.);
#3702=EDGE_CURVE('',#2737,#2262,#1414,.T.);
#3703=EDGE_CURVE('',#2269,#2732,#1415,.T.);
#3704=EDGE_CURVE('',#2733,#2268,#1416,.T.);
#3705=EDGE_CURVE('',#2275,#2728,#1417,.T.);
#3706=EDGE_CURVE('',#2729,#2274,#1418,.T.);
#3707=EDGE_CURVE('',#2247,#2746,#1419,.T.);
#3708=EDGE_CURVE('',#2747,#2246,#1420,.T.);
#3709=EDGE_CURVE('',#2355,#2656,#1421,.T.);
#3710=EDGE_CURVE('',#2657,#2354,#1422,.T.);
#3711=EDGE_CURVE('',#2241,#2651,#1423,.T.);
#3712=EDGE_CURVE('',#2653,#2240,#1424,.T.);
#3713=ORIENTED_EDGE('',*,*,#2825,.F.);
#3714=ORIENTED_EDGE('',*,*,#2826,.T.);
#3715=ORIENTED_EDGE('',*,*,#2827,.T.);
#3716=ORIENTED_EDGE('',*,*,#2826,.F.);
#3717=ORIENTED_EDGE('',*,*,#2828,.T.);
#3718=ORIENTED_EDGE('',*,*,#2829,.T.);
#3719=ORIENTED_EDGE('',*,*,#2830,.F.);
#3720=ORIENTED_EDGE('',*,*,#2829,.F.);
#3721=ORIENTED_EDGE('',*,*,#2831,.T.);
#3722=ORIENTED_EDGE('',*,*,#2832,.T.);
#3723=ORIENTED_EDGE('',*,*,#2833,.T.);
#3724=ORIENTED_EDGE('',*,*,#2834,.T.);
#3725=ORIENTED_EDGE('',*,*,#2835,.T.);
#3726=ORIENTED_EDGE('',*,*,#2836,.T.);
#3727=ORIENTED_EDGE('',*,*,#2837,.T.);
#3728=ORIENTED_EDGE('',*,*,#2838,.T.);
#3729=ORIENTED_EDGE('',*,*,#2839,.T.);
#3730=ORIENTED_EDGE('',*,*,#2840,.T.);
#3731=ORIENTED_EDGE('',*,*,#2841,.T.);
#3732=ORIENTED_EDGE('',*,*,#2842,.T.);
#3733=ORIENTED_EDGE('',*,*,#2843,.T.);
#3734=ORIENTED_EDGE('',*,*,#2844,.T.);
#3735=ORIENTED_EDGE('',*,*,#2845,.T.);
#3736=ORIENTED_EDGE('',*,*,#2846,.T.);
#3737=ORIENTED_EDGE('',*,*,#2847,.T.);
#3738=ORIENTED_EDGE('',*,*,#2848,.T.);
#3739=ORIENTED_EDGE('',*,*,#2849,.T.);
#3740=ORIENTED_EDGE('',*,*,#2850,.T.);
#3741=ORIENTED_EDGE('',*,*,#2851,.T.);
#3742=ORIENTED_EDGE('',*,*,#2852,.T.);
#3743=ORIENTED_EDGE('',*,*,#2853,.T.);
#3744=ORIENTED_EDGE('',*,*,#2854,.T.);
#3745=ORIENTED_EDGE('',*,*,#2855,.T.);
#3746=ORIENTED_EDGE('',*,*,#2856,.T.);
#3747=ORIENTED_EDGE('',*,*,#2857,.T.);
#3748=ORIENTED_EDGE('',*,*,#2858,.T.);
#3749=ORIENTED_EDGE('',*,*,#2859,.T.);
#3750=ORIENTED_EDGE('',*,*,#2860,.T.);
#3751=ORIENTED_EDGE('',*,*,#2861,.T.);
#3752=ORIENTED_EDGE('',*,*,#2862,.T.);
#3753=ORIENTED_EDGE('',*,*,#2863,.T.);
#3754=ORIENTED_EDGE('',*,*,#2864,.T.);
#3755=ORIENTED_EDGE('',*,*,#2865,.T.);
#3756=ORIENTED_EDGE('',*,*,#2866,.T.);
#3757=ORIENTED_EDGE('',*,*,#2867,.T.);
#3758=ORIENTED_EDGE('',*,*,#2868,.T.);
#3759=ORIENTED_EDGE('',*,*,#2869,.T.);
#3760=ORIENTED_EDGE('',*,*,#2870,.T.);
#3761=ORIENTED_EDGE('',*,*,#2871,.T.);
#3762=ORIENTED_EDGE('',*,*,#2872,.T.);
#3763=ORIENTED_EDGE('',*,*,#2873,.T.);
#3764=ORIENTED_EDGE('',*,*,#2874,.T.);
#3765=ORIENTED_EDGE('',*,*,#2875,.T.);
#3766=ORIENTED_EDGE('',*,*,#2876,.T.);
#3767=ORIENTED_EDGE('',*,*,#2877,.T.);
#3768=ORIENTED_EDGE('',*,*,#2878,.T.);
#3769=ORIENTED_EDGE('',*,*,#2879,.T.);
#3770=ORIENTED_EDGE('',*,*,#2880,.T.);
#3771=ORIENTED_EDGE('',*,*,#2881,.T.);
#3772=ORIENTED_EDGE('',*,*,#2882,.T.);
#3773=ORIENTED_EDGE('',*,*,#2883,.T.);
#3774=ORIENTED_EDGE('',*,*,#2884,.T.);
#3775=ORIENTED_EDGE('',*,*,#2885,.T.);
#3776=ORIENTED_EDGE('',*,*,#2886,.T.);
#3777=ORIENTED_EDGE('',*,*,#2887,.T.);
#3778=ORIENTED_EDGE('',*,*,#2888,.T.);
#3779=ORIENTED_EDGE('',*,*,#2889,.T.);
#3780=ORIENTED_EDGE('',*,*,#2890,.T.);
#3781=ORIENTED_EDGE('',*,*,#2891,.T.);
#3782=ORIENTED_EDGE('',*,*,#2892,.T.);
#3783=ORIENTED_EDGE('',*,*,#2893,.T.);
#3784=ORIENTED_EDGE('',*,*,#2894,.T.);
#3785=ORIENTED_EDGE('',*,*,#2895,.T.);
#3786=ORIENTED_EDGE('',*,*,#2896,.T.);
#3787=ORIENTED_EDGE('',*,*,#2897,.T.);
#3788=ORIENTED_EDGE('',*,*,#2898,.T.);
#3789=ORIENTED_EDGE('',*,*,#2899,.T.);
#3790=ORIENTED_EDGE('',*,*,#2900,.T.);
#3791=ORIENTED_EDGE('',*,*,#2901,.T.);
#3792=ORIENTED_EDGE('',*,*,#2902,.T.);
#3793=ORIENTED_EDGE('',*,*,#2903,.T.);
#3794=ORIENTED_EDGE('',*,*,#2904,.T.);
#3795=ORIENTED_EDGE('',*,*,#2905,.T.);
#3796=ORIENTED_EDGE('',*,*,#2906,.T.);
#3797=ORIENTED_EDGE('',*,*,#2907,.T.);
#3798=ORIENTED_EDGE('',*,*,#2908,.T.);
#3799=ORIENTED_EDGE('',*,*,#2909,.T.);
#3800=ORIENTED_EDGE('',*,*,#2910,.T.);
#3801=ORIENTED_EDGE('',*,*,#2911,.T.);
#3802=ORIENTED_EDGE('',*,*,#2912,.T.);
#3803=ORIENTED_EDGE('',*,*,#2913,.T.);
#3804=ORIENTED_EDGE('',*,*,#2914,.T.);
#3805=ORIENTED_EDGE('',*,*,#2915,.T.);
#3806=ORIENTED_EDGE('',*,*,#2916,.T.);
#3807=ORIENTED_EDGE('',*,*,#2917,.T.);
#3808=ORIENTED_EDGE('',*,*,#2918,.T.);
#3809=ORIENTED_EDGE('',*,*,#2919,.T.);
#3810=ORIENTED_EDGE('',*,*,#2920,.T.);
#3811=ORIENTED_EDGE('',*,*,#2921,.T.);
#3812=ORIENTED_EDGE('',*,*,#2922,.T.);
#3813=ORIENTED_EDGE('',*,*,#2923,.T.);
#3814=ORIENTED_EDGE('',*,*,#2924,.T.);
#3815=ORIENTED_EDGE('',*,*,#2925,.T.);
#3816=ORIENTED_EDGE('',*,*,#2926,.T.);
#3817=ORIENTED_EDGE('',*,*,#2927,.T.);
#3818=ORIENTED_EDGE('',*,*,#2928,.T.);
#3819=ORIENTED_EDGE('',*,*,#2929,.T.);
#3820=ORIENTED_EDGE('',*,*,#2930,.T.);
#3821=ORIENTED_EDGE('',*,*,#2931,.T.);
#3822=ORIENTED_EDGE('',*,*,#2932,.T.);
#3823=ORIENTED_EDGE('',*,*,#2933,.T.);
#3824=ORIENTED_EDGE('',*,*,#2934,.T.);
#3825=ORIENTED_EDGE('',*,*,#2935,.T.);
#3826=ORIENTED_EDGE('',*,*,#2936,.T.);
#3827=ORIENTED_EDGE('',*,*,#2937,.T.);
#3828=ORIENTED_EDGE('',*,*,#2938,.T.);
#3829=ORIENTED_EDGE('',*,*,#2939,.T.);
#3830=ORIENTED_EDGE('',*,*,#2940,.T.);
#3831=ORIENTED_EDGE('',*,*,#2941,.T.);
#3832=ORIENTED_EDGE('',*,*,#2942,.T.);
#3833=ORIENTED_EDGE('',*,*,#2943,.T.);
#3834=ORIENTED_EDGE('',*,*,#2944,.T.);
#3835=ORIENTED_EDGE('',*,*,#2945,.T.);
#3836=ORIENTED_EDGE('',*,*,#2946,.T.);
#3837=ORIENTED_EDGE('',*,*,#2947,.T.);
#3838=ORIENTED_EDGE('',*,*,#2948,.T.);
#3839=ORIENTED_EDGE('',*,*,#2949,.T.);
#3840=ORIENTED_EDGE('',*,*,#2950,.T.);
#3841=ORIENTED_EDGE('',*,*,#2828,.F.);
#3842=ORIENTED_EDGE('',*,*,#2951,.F.);
#3843=ORIENTED_EDGE('',*,*,#2952,.F.);
#3844=ORIENTED_EDGE('',*,*,#2951,.T.);
#3845=ORIENTED_EDGE('',*,*,#2953,.T.);
#3846=ORIENTED_EDGE('',*,*,#2954,.F.);
#3847=ORIENTED_EDGE('',*,*,#2953,.F.);
#3848=ORIENTED_EDGE('',*,*,#2830,.T.);
#3849=ORIENTED_EDGE('',*,*,#2954,.T.);
#3850=ORIENTED_EDGE('',*,*,#2955,.F.);
#3851=ORIENTED_EDGE('',*,*,#2956,.T.);
#3852=ORIENTED_EDGE('',*,*,#2952,.T.);
#3853=ORIENTED_EDGE('',*,*,#2956,.F.);
#3854=ORIENTED_EDGE('',*,*,#2957,.F.);
#3855=ORIENTED_EDGE('',*,*,#2958,.T.);
#3856=ORIENTED_EDGE('',*,*,#2959,.T.);
#3857=ORIENTED_EDGE('',*,*,#2960,.F.);
#3858=ORIENTED_EDGE('',*,*,#2961,.F.);
#3859=ORIENTED_EDGE('',*,*,#2960,.T.);
#3860=ORIENTED_EDGE('',*,*,#2962,.T.);
#3861=ORIENTED_EDGE('',*,*,#2963,.F.);
#3862=ORIENTED_EDGE('',*,*,#2964,.F.);
#3863=ORIENTED_EDGE('',*,*,#2963,.T.);
#3864=ORIENTED_EDGE('',*,*,#2965,.T.);
#3865=ORIENTED_EDGE('',*,*,#2966,.F.);
#3866=ORIENTED_EDGE('',*,*,#2967,.F.);
#3867=ORIENTED_EDGE('',*,*,#2966,.T.);
#3868=ORIENTED_EDGE('',*,*,#2968,.T.);
#3869=ORIENTED_EDGE('',*,*,#2969,.F.);
#3870=ORIENTED_EDGE('',*,*,#2970,.F.);
#3871=ORIENTED_EDGE('',*,*,#2969,.T.);
#3872=ORIENTED_EDGE('',*,*,#2971,.T.);
#3873=ORIENTED_EDGE('',*,*,#2972,.F.);
#3874=ORIENTED_EDGE('',*,*,#2973,.F.);
#3875=ORIENTED_EDGE('',*,*,#2972,.T.);
#3876=ORIENTED_EDGE('',*,*,#2974,.T.);
#3877=ORIENTED_EDGE('',*,*,#2975,.F.);
#3878=ORIENTED_EDGE('',*,*,#2976,.F.);
#3879=ORIENTED_EDGE('',*,*,#2975,.T.);
#3880=ORIENTED_EDGE('',*,*,#2977,.T.);
#3881=ORIENTED_EDGE('',*,*,#2978,.F.);
#3882=ORIENTED_EDGE('',*,*,#2979,.F.);
#3883=ORIENTED_EDGE('',*,*,#2978,.T.);
#3884=ORIENTED_EDGE('',*,*,#2980,.T.);
#3885=ORIENTED_EDGE('',*,*,#2981,.F.);
#3886=ORIENTED_EDGE('',*,*,#2982,.F.);
#3887=ORIENTED_EDGE('',*,*,#2981,.T.);
#3888=ORIENTED_EDGE('',*,*,#2983,.T.);
#3889=ORIENTED_EDGE('',*,*,#2984,.F.);
#3890=ORIENTED_EDGE('',*,*,#2985,.F.);
#3891=ORIENTED_EDGE('',*,*,#2984,.T.);
#3892=ORIENTED_EDGE('',*,*,#2986,.T.);
#3893=ORIENTED_EDGE('',*,*,#2987,.F.);
#3894=ORIENTED_EDGE('',*,*,#2988,.F.);
#3895=ORIENTED_EDGE('',*,*,#2987,.T.);
#3896=ORIENTED_EDGE('',*,*,#2989,.T.);
#3897=ORIENTED_EDGE('',*,*,#2990,.F.);
#3898=ORIENTED_EDGE('',*,*,#2991,.F.);
#3899=ORIENTED_EDGE('',*,*,#2990,.T.);
#3900=ORIENTED_EDGE('',*,*,#2992,.T.);
#3901=ORIENTED_EDGE('',*,*,#2993,.F.);
#3902=ORIENTED_EDGE('',*,*,#2994,.F.);
#3903=ORIENTED_EDGE('',*,*,#2993,.T.);
#3904=ORIENTED_EDGE('',*,*,#2995,.T.);
#3905=ORIENTED_EDGE('',*,*,#2996,.F.);
#3906=ORIENTED_EDGE('',*,*,#2997,.F.);
#3907=ORIENTED_EDGE('',*,*,#2996,.T.);
#3908=ORIENTED_EDGE('',*,*,#2998,.T.);
#3909=ORIENTED_EDGE('',*,*,#2999,.F.);
#3910=ORIENTED_EDGE('',*,*,#3000,.F.);
#3911=ORIENTED_EDGE('',*,*,#2999,.T.);
#3912=ORIENTED_EDGE('',*,*,#3001,.T.);
#3913=ORIENTED_EDGE('',*,*,#3002,.F.);
#3914=ORIENTED_EDGE('',*,*,#3003,.F.);
#3915=ORIENTED_EDGE('',*,*,#3002,.T.);
#3916=ORIENTED_EDGE('',*,*,#3004,.T.);
#3917=ORIENTED_EDGE('',*,*,#3005,.F.);
#3918=ORIENTED_EDGE('',*,*,#3006,.F.);
#3919=ORIENTED_EDGE('',*,*,#3005,.T.);
#3920=ORIENTED_EDGE('',*,*,#3007,.T.);
#3921=ORIENTED_EDGE('',*,*,#3008,.F.);
#3922=ORIENTED_EDGE('',*,*,#3009,.F.);
#3923=ORIENTED_EDGE('',*,*,#3010,.T.);
#3924=ORIENTED_EDGE('',*,*,#3011,.T.);
#3925=ORIENTED_EDGE('',*,*,#2958,.F.);
#3926=ORIENTED_EDGE('',*,*,#3012,.F.);
#3927=ORIENTED_EDGE('',*,*,#3013,.T.);
#3928=ORIENTED_EDGE('',*,*,#3014,.T.);
#3929=ORIENTED_EDGE('',*,*,#3010,.F.);
#3930=ORIENTED_EDGE('',*,*,#3015,.F.);
#3931=ORIENTED_EDGE('',*,*,#3016,.T.);
#3932=ORIENTED_EDGE('',*,*,#3017,.T.);
#3933=ORIENTED_EDGE('',*,*,#3013,.F.);
#3934=ORIENTED_EDGE('',*,*,#3018,.F.);
#3935=ORIENTED_EDGE('',*,*,#3019,.T.);
#3936=ORIENTED_EDGE('',*,*,#3020,.T.);
#3937=ORIENTED_EDGE('',*,*,#3016,.F.);
#3938=ORIENTED_EDGE('',*,*,#3021,.F.);
#3939=ORIENTED_EDGE('',*,*,#3022,.T.);
#3940=ORIENTED_EDGE('',*,*,#3023,.T.);
#3941=ORIENTED_EDGE('',*,*,#3019,.F.);
#3942=ORIENTED_EDGE('',*,*,#3024,.F.);
#3943=ORIENTED_EDGE('',*,*,#3025,.T.);
#3944=ORIENTED_EDGE('',*,*,#3026,.T.);
#3945=ORIENTED_EDGE('',*,*,#3022,.F.);
#3946=ORIENTED_EDGE('',*,*,#3027,.F.);
#3947=ORIENTED_EDGE('',*,*,#3028,.T.);
#3948=ORIENTED_EDGE('',*,*,#3029,.T.);
#3949=ORIENTED_EDGE('',*,*,#3025,.F.);
#3950=ORIENTED_EDGE('',*,*,#3030,.F.);
#3951=ORIENTED_EDGE('',*,*,#3031,.T.);
#3952=ORIENTED_EDGE('',*,*,#3032,.T.);
#3953=ORIENTED_EDGE('',*,*,#3028,.F.);
#3954=ORIENTED_EDGE('',*,*,#3033,.F.);
#3955=ORIENTED_EDGE('',*,*,#3034,.T.);
#3956=ORIENTED_EDGE('',*,*,#3035,.T.);
#3957=ORIENTED_EDGE('',*,*,#3031,.F.);
#3958=ORIENTED_EDGE('',*,*,#3036,.F.);
#3959=ORIENTED_EDGE('',*,*,#3037,.T.);
#3960=ORIENTED_EDGE('',*,*,#3038,.T.);
#3961=ORIENTED_EDGE('',*,*,#3034,.F.);
#3962=ORIENTED_EDGE('',*,*,#3039,.F.);
#3963=ORIENTED_EDGE('',*,*,#3040,.T.);
#3964=ORIENTED_EDGE('',*,*,#3041,.T.);
#3965=ORIENTED_EDGE('',*,*,#3037,.F.);
#3966=ORIENTED_EDGE('',*,*,#3042,.F.);
#3967=ORIENTED_EDGE('',*,*,#3043,.T.);
#3968=ORIENTED_EDGE('',*,*,#3044,.T.);
#3969=ORIENTED_EDGE('',*,*,#3040,.F.);
#3970=ORIENTED_EDGE('',*,*,#3045,.F.);
#3971=ORIENTED_EDGE('',*,*,#3046,.T.);
#3972=ORIENTED_EDGE('',*,*,#3047,.T.);
#3973=ORIENTED_EDGE('',*,*,#3043,.F.);
#3974=ORIENTED_EDGE('',*,*,#3048,.F.);
#3975=ORIENTED_EDGE('',*,*,#3049,.T.);
#3976=ORIENTED_EDGE('',*,*,#3050,.T.);
#3977=ORIENTED_EDGE('',*,*,#3046,.F.);
#3978=ORIENTED_EDGE('',*,*,#3051,.F.);
#3979=ORIENTED_EDGE('',*,*,#3052,.T.);
#3980=ORIENTED_EDGE('',*,*,#3053,.T.);
#3981=ORIENTED_EDGE('',*,*,#3049,.F.);
#3982=ORIENTED_EDGE('',*,*,#3054,.F.);
#3983=ORIENTED_EDGE('',*,*,#3008,.T.);
#3984=ORIENTED_EDGE('',*,*,#3055,.T.);
#3985=ORIENTED_EDGE('',*,*,#3052,.F.);
#3986=ORIENTED_EDGE('',*,*,#3055,.F.);
#3987=ORIENTED_EDGE('',*,*,#3007,.F.);
#3988=ORIENTED_EDGE('',*,*,#3004,.F.);
#3989=ORIENTED_EDGE('',*,*,#3001,.F.);
#3990=ORIENTED_EDGE('',*,*,#2998,.F.);
#3991=ORIENTED_EDGE('',*,*,#2995,.F.);
#3992=ORIENTED_EDGE('',*,*,#2992,.F.);
#3993=ORIENTED_EDGE('',*,*,#2989,.F.);
#3994=ORIENTED_EDGE('',*,*,#2986,.F.);
#3995=ORIENTED_EDGE('',*,*,#2983,.F.);
#3996=ORIENTED_EDGE('',*,*,#2980,.F.);
#3997=ORIENTED_EDGE('',*,*,#2977,.F.);
#3998=ORIENTED_EDGE('',*,*,#2974,.F.);
#3999=ORIENTED_EDGE('',*,*,#2971,.F.);
#4000=ORIENTED_EDGE('',*,*,#2968,.F.);
#4001=ORIENTED_EDGE('',*,*,#2965,.F.);
#4002=ORIENTED_EDGE('',*,*,#2962,.F.);
#4003=ORIENTED_EDGE('',*,*,#2959,.F.);
#4004=ORIENTED_EDGE('',*,*,#3011,.F.);
#4005=ORIENTED_EDGE('',*,*,#3014,.F.);
#4006=ORIENTED_EDGE('',*,*,#3017,.F.);
#4007=ORIENTED_EDGE('',*,*,#3020,.F.);
#4008=ORIENTED_EDGE('',*,*,#3023,.F.);
#4009=ORIENTED_EDGE('',*,*,#3026,.F.);
#4010=ORIENTED_EDGE('',*,*,#3029,.F.);
#4011=ORIENTED_EDGE('',*,*,#3032,.F.);
#4012=ORIENTED_EDGE('',*,*,#3035,.F.);
#4013=ORIENTED_EDGE('',*,*,#3038,.F.);
#4014=ORIENTED_EDGE('',*,*,#3041,.F.);
#4015=ORIENTED_EDGE('',*,*,#3044,.F.);
#4016=ORIENTED_EDGE('',*,*,#3047,.F.);
#4017=ORIENTED_EDGE('',*,*,#3050,.F.);
#4018=ORIENTED_EDGE('',*,*,#3053,.F.);
#4019=ORIENTED_EDGE('',*,*,#3056,.F.);
#4020=ORIENTED_EDGE('',*,*,#3057,.T.);
#4021=ORIENTED_EDGE('',*,*,#3058,.T.);
#4022=ORIENTED_EDGE('',*,*,#3059,.F.);
#4023=ORIENTED_EDGE('',*,*,#3060,.F.);
#4024=ORIENTED_EDGE('',*,*,#3059,.T.);
#4025=ORIENTED_EDGE('',*,*,#3061,.T.);
#4026=ORIENTED_EDGE('',*,*,#3062,.F.);
#4027=ORIENTED_EDGE('',*,*,#3063,.F.);
#4028=ORIENTED_EDGE('',*,*,#3062,.T.);
#4029=ORIENTED_EDGE('',*,*,#3064,.T.);
#4030=ORIENTED_EDGE('',*,*,#3065,.F.);
#4031=ORIENTED_EDGE('',*,*,#3066,.F.);
#4032=ORIENTED_EDGE('',*,*,#3065,.T.);
#4033=ORIENTED_EDGE('',*,*,#3067,.T.);
#4034=ORIENTED_EDGE('',*,*,#3068,.F.);
#4035=ORIENTED_EDGE('',*,*,#3069,.F.);
#4036=ORIENTED_EDGE('',*,*,#3068,.T.);
#4037=ORIENTED_EDGE('',*,*,#3070,.T.);
#4038=ORIENTED_EDGE('',*,*,#3071,.F.);
#4039=ORIENTED_EDGE('',*,*,#3072,.F.);
#4040=ORIENTED_EDGE('',*,*,#3071,.T.);
#4041=ORIENTED_EDGE('',*,*,#3073,.T.);
#4042=ORIENTED_EDGE('',*,*,#3074,.F.);
#4043=ORIENTED_EDGE('',*,*,#3075,.F.);
#4044=ORIENTED_EDGE('',*,*,#3074,.T.);
#4045=ORIENTED_EDGE('',*,*,#3076,.T.);
#4046=ORIENTED_EDGE('',*,*,#3077,.F.);
#4047=ORIENTED_EDGE('',*,*,#3078,.F.);
#4048=ORIENTED_EDGE('',*,*,#3077,.T.);
#4049=ORIENTED_EDGE('',*,*,#3079,.T.);
#4050=ORIENTED_EDGE('',*,*,#3080,.F.);
#4051=ORIENTED_EDGE('',*,*,#3081,.F.);
#4052=ORIENTED_EDGE('',*,*,#3080,.T.);
#4053=ORIENTED_EDGE('',*,*,#3082,.T.);
#4054=ORIENTED_EDGE('',*,*,#3083,.F.);
#4055=ORIENTED_EDGE('',*,*,#3084,.F.);
#4056=ORIENTED_EDGE('',*,*,#3083,.T.);
#4057=ORIENTED_EDGE('',*,*,#3085,.T.);
#4058=ORIENTED_EDGE('',*,*,#3086,.F.);
#4059=ORIENTED_EDGE('',*,*,#3087,.F.);
#4060=ORIENTED_EDGE('',*,*,#3086,.T.);
#4061=ORIENTED_EDGE('',*,*,#3088,.T.);
#4062=ORIENTED_EDGE('',*,*,#3089,.F.);
#4063=ORIENTED_EDGE('',*,*,#3090,.F.);
#4064=ORIENTED_EDGE('',*,*,#3089,.T.);
#4065=ORIENTED_EDGE('',*,*,#3091,.T.);
#4066=ORIENTED_EDGE('',*,*,#3092,.F.);
#4067=ORIENTED_EDGE('',*,*,#3093,.F.);
#4068=ORIENTED_EDGE('',*,*,#3092,.T.);
#4069=ORIENTED_EDGE('',*,*,#3094,.T.);
#4070=ORIENTED_EDGE('',*,*,#3095,.F.);
#4071=ORIENTED_EDGE('',*,*,#3096,.F.);
#4072=ORIENTED_EDGE('',*,*,#3095,.T.);
#4073=ORIENTED_EDGE('',*,*,#3097,.T.);
#4074=ORIENTED_EDGE('',*,*,#3098,.F.);
#4075=ORIENTED_EDGE('',*,*,#3099,.F.);
#4076=ORIENTED_EDGE('',*,*,#3098,.T.);
#4077=ORIENTED_EDGE('',*,*,#3100,.T.);
#4078=ORIENTED_EDGE('',*,*,#3101,.F.);
#4079=ORIENTED_EDGE('',*,*,#3102,.F.);
#4080=ORIENTED_EDGE('',*,*,#3101,.T.);
#4081=ORIENTED_EDGE('',*,*,#3103,.T.);
#4082=ORIENTED_EDGE('',*,*,#3104,.F.);
#4083=ORIENTED_EDGE('',*,*,#3105,.F.);
#4084=ORIENTED_EDGE('',*,*,#3104,.T.);
#4085=ORIENTED_EDGE('',*,*,#3106,.T.);
#4086=ORIENTED_EDGE('',*,*,#3107,.F.);
#4087=ORIENTED_EDGE('',*,*,#3108,.F.);
#4088=ORIENTED_EDGE('',*,*,#3109,.T.);
#4089=ORIENTED_EDGE('',*,*,#3110,.T.);
#4090=ORIENTED_EDGE('',*,*,#3057,.F.);
#4091=ORIENTED_EDGE('',*,*,#3111,.F.);
#4092=ORIENTED_EDGE('',*,*,#3112,.T.);
#4093=ORIENTED_EDGE('',*,*,#3113,.T.);
#4094=ORIENTED_EDGE('',*,*,#3109,.F.);
#4095=ORIENTED_EDGE('',*,*,#3114,.F.);
#4096=ORIENTED_EDGE('',*,*,#3115,.T.);
#4097=ORIENTED_EDGE('',*,*,#3116,.T.);
#4098=ORIENTED_EDGE('',*,*,#3112,.F.);
#4099=ORIENTED_EDGE('',*,*,#3117,.F.);
#4100=ORIENTED_EDGE('',*,*,#3118,.T.);
#4101=ORIENTED_EDGE('',*,*,#3119,.T.);
#4102=ORIENTED_EDGE('',*,*,#3115,.F.);
#4103=ORIENTED_EDGE('',*,*,#3120,.F.);
#4104=ORIENTED_EDGE('',*,*,#3121,.T.);
#4105=ORIENTED_EDGE('',*,*,#3122,.T.);
#4106=ORIENTED_EDGE('',*,*,#3118,.F.);
#4107=ORIENTED_EDGE('',*,*,#3123,.F.);
#4108=ORIENTED_EDGE('',*,*,#3124,.T.);
#4109=ORIENTED_EDGE('',*,*,#3125,.T.);
#4110=ORIENTED_EDGE('',*,*,#3121,.F.);
#4111=ORIENTED_EDGE('',*,*,#3126,.F.);
#4112=ORIENTED_EDGE('',*,*,#3127,.T.);
#4113=ORIENTED_EDGE('',*,*,#3128,.T.);
#4114=ORIENTED_EDGE('',*,*,#3124,.F.);
#4115=ORIENTED_EDGE('',*,*,#3129,.F.);
#4116=ORIENTED_EDGE('',*,*,#3130,.T.);
#4117=ORIENTED_EDGE('',*,*,#3131,.T.);
#4118=ORIENTED_EDGE('',*,*,#3127,.F.);
#4119=ORIENTED_EDGE('',*,*,#3132,.F.);
#4120=ORIENTED_EDGE('',*,*,#3133,.T.);
#4121=ORIENTED_EDGE('',*,*,#3134,.T.);
#4122=ORIENTED_EDGE('',*,*,#3130,.F.);
#4123=ORIENTED_EDGE('',*,*,#3135,.F.);
#4124=ORIENTED_EDGE('',*,*,#3136,.T.);
#4125=ORIENTED_EDGE('',*,*,#3137,.T.);
#4126=ORIENTED_EDGE('',*,*,#3133,.F.);
#4127=ORIENTED_EDGE('',*,*,#3138,.F.);
#4128=ORIENTED_EDGE('',*,*,#3139,.T.);
#4129=ORIENTED_EDGE('',*,*,#3140,.T.);
#4130=ORIENTED_EDGE('',*,*,#3136,.F.);
#4131=ORIENTED_EDGE('',*,*,#3141,.F.);
#4132=ORIENTED_EDGE('',*,*,#3142,.T.);
#4133=ORIENTED_EDGE('',*,*,#3143,.T.);
#4134=ORIENTED_EDGE('',*,*,#3139,.F.);
#4135=ORIENTED_EDGE('',*,*,#3144,.F.);
#4136=ORIENTED_EDGE('',*,*,#3145,.T.);
#4137=ORIENTED_EDGE('',*,*,#3146,.T.);
#4138=ORIENTED_EDGE('',*,*,#3142,.F.);
#4139=ORIENTED_EDGE('',*,*,#3147,.F.);
#4140=ORIENTED_EDGE('',*,*,#3148,.T.);
#4141=ORIENTED_EDGE('',*,*,#3149,.T.);
#4142=ORIENTED_EDGE('',*,*,#3145,.F.);
#4143=ORIENTED_EDGE('',*,*,#3150,.F.);
#4144=ORIENTED_EDGE('',*,*,#3151,.T.);
#4145=ORIENTED_EDGE('',*,*,#3152,.T.);
#4146=ORIENTED_EDGE('',*,*,#3148,.F.);
#4147=ORIENTED_EDGE('',*,*,#3153,.F.);
#4148=ORIENTED_EDGE('',*,*,#3107,.T.);
#4149=ORIENTED_EDGE('',*,*,#3154,.T.);
#4150=ORIENTED_EDGE('',*,*,#3151,.F.);
#4151=ORIENTED_EDGE('',*,*,#3154,.F.);
#4152=ORIENTED_EDGE('',*,*,#3106,.F.);
#4153=ORIENTED_EDGE('',*,*,#3103,.F.);
#4154=ORIENTED_EDGE('',*,*,#3100,.F.);
#4155=ORIENTED_EDGE('',*,*,#3097,.F.);
#4156=ORIENTED_EDGE('',*,*,#3094,.F.);
#4157=ORIENTED_EDGE('',*,*,#3091,.F.);
#4158=ORIENTED_EDGE('',*,*,#3088,.F.);
#4159=ORIENTED_EDGE('',*,*,#3085,.F.);
#4160=ORIENTED_EDGE('',*,*,#3082,.F.);
#4161=ORIENTED_EDGE('',*,*,#3079,.F.);
#4162=ORIENTED_EDGE('',*,*,#3076,.F.);
#4163=ORIENTED_EDGE('',*,*,#3073,.F.);
#4164=ORIENTED_EDGE('',*,*,#3070,.F.);
#4165=ORIENTED_EDGE('',*,*,#3067,.F.);
#4166=ORIENTED_EDGE('',*,*,#3064,.F.);
#4167=ORIENTED_EDGE('',*,*,#3061,.F.);
#4168=ORIENTED_EDGE('',*,*,#3058,.F.);
#4169=ORIENTED_EDGE('',*,*,#3110,.F.);
#4170=ORIENTED_EDGE('',*,*,#3113,.F.);
#4171=ORIENTED_EDGE('',*,*,#3116,.F.);
#4172=ORIENTED_EDGE('',*,*,#3119,.F.);
#4173=ORIENTED_EDGE('',*,*,#3122,.F.);
#4174=ORIENTED_EDGE('',*,*,#3125,.F.);
#4175=ORIENTED_EDGE('',*,*,#3128,.F.);
#4176=ORIENTED_EDGE('',*,*,#3131,.F.);
#4177=ORIENTED_EDGE('',*,*,#3134,.F.);
#4178=ORIENTED_EDGE('',*,*,#3137,.F.);
#4179=ORIENTED_EDGE('',*,*,#3140,.F.);
#4180=ORIENTED_EDGE('',*,*,#3143,.F.);
#4181=ORIENTED_EDGE('',*,*,#3146,.F.);
#4182=ORIENTED_EDGE('',*,*,#3149,.F.);
#4183=ORIENTED_EDGE('',*,*,#3152,.F.);
#4184=ORIENTED_EDGE('',*,*,#3155,.F.);
#4185=ORIENTED_EDGE('',*,*,#3156,.T.);
#4186=ORIENTED_EDGE('',*,*,#3157,.T.);
#4187=ORIENTED_EDGE('',*,*,#3158,.F.);
#4188=ORIENTED_EDGE('',*,*,#3159,.F.);
#4189=ORIENTED_EDGE('',*,*,#3158,.T.);
#4190=ORIENTED_EDGE('',*,*,#3160,.T.);
#4191=ORIENTED_EDGE('',*,*,#3161,.F.);
#4192=ORIENTED_EDGE('',*,*,#3162,.F.);
#4193=ORIENTED_EDGE('',*,*,#3161,.T.);
#4194=ORIENTED_EDGE('',*,*,#3163,.T.);
#4195=ORIENTED_EDGE('',*,*,#3164,.F.);
#4196=ORIENTED_EDGE('',*,*,#3165,.F.);
#4197=ORIENTED_EDGE('',*,*,#3164,.T.);
#4198=ORIENTED_EDGE('',*,*,#3166,.T.);
#4199=ORIENTED_EDGE('',*,*,#3167,.F.);
#4200=ORIENTED_EDGE('',*,*,#3168,.F.);
#4201=ORIENTED_EDGE('',*,*,#3167,.T.);
#4202=ORIENTED_EDGE('',*,*,#3169,.T.);
#4203=ORIENTED_EDGE('',*,*,#3170,.F.);
#4204=ORIENTED_EDGE('',*,*,#3171,.F.);
#4205=ORIENTED_EDGE('',*,*,#3170,.T.);
#4206=ORIENTED_EDGE('',*,*,#3172,.T.);
#4207=ORIENTED_EDGE('',*,*,#3173,.F.);
#4208=ORIENTED_EDGE('',*,*,#3174,.F.);
#4209=ORIENTED_EDGE('',*,*,#3173,.T.);
#4210=ORIENTED_EDGE('',*,*,#3175,.T.);
#4211=ORIENTED_EDGE('',*,*,#3176,.F.);
#4212=ORIENTED_EDGE('',*,*,#3177,.F.);
#4213=ORIENTED_EDGE('',*,*,#3176,.T.);
#4214=ORIENTED_EDGE('',*,*,#3178,.T.);
#4215=ORIENTED_EDGE('',*,*,#3179,.F.);
#4216=ORIENTED_EDGE('',*,*,#3180,.F.);
#4217=ORIENTED_EDGE('',*,*,#3179,.T.);
#4218=ORIENTED_EDGE('',*,*,#3181,.T.);
#4219=ORIENTED_EDGE('',*,*,#3182,.F.);
#4220=ORIENTED_EDGE('',*,*,#3183,.F.);
#4221=ORIENTED_EDGE('',*,*,#3182,.T.);
#4222=ORIENTED_EDGE('',*,*,#3184,.T.);
#4223=ORIENTED_EDGE('',*,*,#3185,.F.);
#4224=ORIENTED_EDGE('',*,*,#3186,.F.);
#4225=ORIENTED_EDGE('',*,*,#3185,.T.);
#4226=ORIENTED_EDGE('',*,*,#3187,.T.);
#4227=ORIENTED_EDGE('',*,*,#3188,.F.);
#4228=ORIENTED_EDGE('',*,*,#3189,.F.);
#4229=ORIENTED_EDGE('',*,*,#3188,.T.);
#4230=ORIENTED_EDGE('',*,*,#3190,.T.);
#4231=ORIENTED_EDGE('',*,*,#3191,.F.);
#4232=ORIENTED_EDGE('',*,*,#3192,.F.);
#4233=ORIENTED_EDGE('',*,*,#3191,.T.);
#4234=ORIENTED_EDGE('',*,*,#3193,.T.);
#4235=ORIENTED_EDGE('',*,*,#3194,.F.);
#4236=ORIENTED_EDGE('',*,*,#3195,.F.);
#4237=ORIENTED_EDGE('',*,*,#3194,.T.);
#4238=ORIENTED_EDGE('',*,*,#3196,.T.);
#4239=ORIENTED_EDGE('',*,*,#3197,.F.);
#4240=ORIENTED_EDGE('',*,*,#3198,.F.);
#4241=ORIENTED_EDGE('',*,*,#3197,.T.);
#4242=ORIENTED_EDGE('',*,*,#3199,.T.);
#4243=ORIENTED_EDGE('',*,*,#3200,.F.);
#4244=ORIENTED_EDGE('',*,*,#3201,.F.);
#4245=ORIENTED_EDGE('',*,*,#3200,.T.);
#4246=ORIENTED_EDGE('',*,*,#3202,.T.);
#4247=ORIENTED_EDGE('',*,*,#3203,.F.);
#4248=ORIENTED_EDGE('',*,*,#3204,.F.);
#4249=ORIENTED_EDGE('',*,*,#3203,.T.);
#4250=ORIENTED_EDGE('',*,*,#3205,.T.);
#4251=ORIENTED_EDGE('',*,*,#3206,.F.);
#4252=ORIENTED_EDGE('',*,*,#3207,.F.);
#4253=ORIENTED_EDGE('',*,*,#3208,.T.);
#4254=ORIENTED_EDGE('',*,*,#3209,.T.);
#4255=ORIENTED_EDGE('',*,*,#3156,.F.);
#4256=ORIENTED_EDGE('',*,*,#3210,.F.);
#4257=ORIENTED_EDGE('',*,*,#3211,.T.);
#4258=ORIENTED_EDGE('',*,*,#3212,.T.);
#4259=ORIENTED_EDGE('',*,*,#3208,.F.);
#4260=ORIENTED_EDGE('',*,*,#3213,.F.);
#4261=ORIENTED_EDGE('',*,*,#3214,.T.);
#4262=ORIENTED_EDGE('',*,*,#3215,.T.);
#4263=ORIENTED_EDGE('',*,*,#3211,.F.);
#4264=ORIENTED_EDGE('',*,*,#3216,.F.);
#4265=ORIENTED_EDGE('',*,*,#3217,.T.);
#4266=ORIENTED_EDGE('',*,*,#3218,.T.);
#4267=ORIENTED_EDGE('',*,*,#3214,.F.);
#4268=ORIENTED_EDGE('',*,*,#3219,.F.);
#4269=ORIENTED_EDGE('',*,*,#3220,.T.);
#4270=ORIENTED_EDGE('',*,*,#3221,.T.);
#4271=ORIENTED_EDGE('',*,*,#3217,.F.);
#4272=ORIENTED_EDGE('',*,*,#3222,.F.);
#4273=ORIENTED_EDGE('',*,*,#3223,.T.);
#4274=ORIENTED_EDGE('',*,*,#3224,.T.);
#4275=ORIENTED_EDGE('',*,*,#3220,.F.);
#4276=ORIENTED_EDGE('',*,*,#3225,.F.);
#4277=ORIENTED_EDGE('',*,*,#3226,.T.);
#4278=ORIENTED_EDGE('',*,*,#3227,.T.);
#4279=ORIENTED_EDGE('',*,*,#3223,.F.);
#4280=ORIENTED_EDGE('',*,*,#3228,.F.);
#4281=ORIENTED_EDGE('',*,*,#3229,.T.);
#4282=ORIENTED_EDGE('',*,*,#3230,.T.);
#4283=ORIENTED_EDGE('',*,*,#3226,.F.);
#4284=ORIENTED_EDGE('',*,*,#3231,.F.);
#4285=ORIENTED_EDGE('',*,*,#3232,.T.);
#4286=ORIENTED_EDGE('',*,*,#3233,.T.);
#4287=ORIENTED_EDGE('',*,*,#3229,.F.);
#4288=ORIENTED_EDGE('',*,*,#3234,.F.);
#4289=ORIENTED_EDGE('',*,*,#3235,.T.);
#4290=ORIENTED_EDGE('',*,*,#3236,.T.);
#4291=ORIENTED_EDGE('',*,*,#3232,.F.);
#4292=ORIENTED_EDGE('',*,*,#3237,.F.);
#4293=ORIENTED_EDGE('',*,*,#3238,.T.);
#4294=ORIENTED_EDGE('',*,*,#3239,.T.);
#4295=ORIENTED_EDGE('',*,*,#3235,.F.);
#4296=ORIENTED_EDGE('',*,*,#3240,.F.);
#4297=ORIENTED_EDGE('',*,*,#3241,.T.);
#4298=ORIENTED_EDGE('',*,*,#3242,.T.);
#4299=ORIENTED_EDGE('',*,*,#3238,.F.);
#4300=ORIENTED_EDGE('',*,*,#3243,.F.);
#4301=ORIENTED_EDGE('',*,*,#3244,.T.);
#4302=ORIENTED_EDGE('',*,*,#3245,.T.);
#4303=ORIENTED_EDGE('',*,*,#3241,.F.);
#4304=ORIENTED_EDGE('',*,*,#3246,.F.);
#4305=ORIENTED_EDGE('',*,*,#3247,.T.);
#4306=ORIENTED_EDGE('',*,*,#3248,.T.);
#4307=ORIENTED_EDGE('',*,*,#3244,.F.);
#4308=ORIENTED_EDGE('',*,*,#3249,.F.);
#4309=ORIENTED_EDGE('',*,*,#3250,.T.);
#4310=ORIENTED_EDGE('',*,*,#3251,.T.);
#4311=ORIENTED_EDGE('',*,*,#3247,.F.);
#4312=ORIENTED_EDGE('',*,*,#3252,.F.);
#4313=ORIENTED_EDGE('',*,*,#3206,.T.);
#4314=ORIENTED_EDGE('',*,*,#3253,.T.);
#4315=ORIENTED_EDGE('',*,*,#3250,.F.);
#4316=ORIENTED_EDGE('',*,*,#3253,.F.);
#4317=ORIENTED_EDGE('',*,*,#3205,.F.);
#4318=ORIENTED_EDGE('',*,*,#3202,.F.);
#4319=ORIENTED_EDGE('',*,*,#3199,.F.);
#4320=ORIENTED_EDGE('',*,*,#3196,.F.);
#4321=ORIENTED_EDGE('',*,*,#3193,.F.);
#4322=ORIENTED_EDGE('',*,*,#3190,.F.);
#4323=ORIENTED_EDGE('',*,*,#3187,.F.);
#4324=ORIENTED_EDGE('',*,*,#3184,.F.);
#4325=ORIENTED_EDGE('',*,*,#3181,.F.);
#4326=ORIENTED_EDGE('',*,*,#3178,.F.);
#4327=ORIENTED_EDGE('',*,*,#3175,.F.);
#4328=ORIENTED_EDGE('',*,*,#3172,.F.);
#4329=ORIENTED_EDGE('',*,*,#3169,.F.);
#4330=ORIENTED_EDGE('',*,*,#3166,.F.);
#4331=ORIENTED_EDGE('',*,*,#3163,.F.);
#4332=ORIENTED_EDGE('',*,*,#3160,.F.);
#4333=ORIENTED_EDGE('',*,*,#3157,.F.);
#4334=ORIENTED_EDGE('',*,*,#3209,.F.);
#4335=ORIENTED_EDGE('',*,*,#3212,.F.);
#4336=ORIENTED_EDGE('',*,*,#3215,.F.);
#4337=ORIENTED_EDGE('',*,*,#3218,.F.);
#4338=ORIENTED_EDGE('',*,*,#3221,.F.);
#4339=ORIENTED_EDGE('',*,*,#3224,.F.);
#4340=ORIENTED_EDGE('',*,*,#3227,.F.);
#4341=ORIENTED_EDGE('',*,*,#3230,.F.);
#4342=ORIENTED_EDGE('',*,*,#3233,.F.);
#4343=ORIENTED_EDGE('',*,*,#3236,.F.);
#4344=ORIENTED_EDGE('',*,*,#3239,.F.);
#4345=ORIENTED_EDGE('',*,*,#3242,.F.);
#4346=ORIENTED_EDGE('',*,*,#3245,.F.);
#4347=ORIENTED_EDGE('',*,*,#3248,.F.);
#4348=ORIENTED_EDGE('',*,*,#3251,.F.);
#4349=ORIENTED_EDGE('',*,*,#3254,.F.);
#4350=ORIENTED_EDGE('',*,*,#3255,.T.);
#4351=ORIENTED_EDGE('',*,*,#3256,.T.);
#4352=ORIENTED_EDGE('',*,*,#3257,.F.);
#4353=ORIENTED_EDGE('',*,*,#3258,.F.);
#4354=ORIENTED_EDGE('',*,*,#3257,.T.);
#4355=ORIENTED_EDGE('',*,*,#3259,.T.);
#4356=ORIENTED_EDGE('',*,*,#3260,.F.);
#4357=ORIENTED_EDGE('',*,*,#3261,.F.);
#4358=ORIENTED_EDGE('',*,*,#3260,.T.);
#4359=ORIENTED_EDGE('',*,*,#3262,.T.);
#4360=ORIENTED_EDGE('',*,*,#3263,.F.);
#4361=ORIENTED_EDGE('',*,*,#3264,.F.);
#4362=ORIENTED_EDGE('',*,*,#3263,.T.);
#4363=ORIENTED_EDGE('',*,*,#3265,.T.);
#4364=ORIENTED_EDGE('',*,*,#3266,.F.);
#4365=ORIENTED_EDGE('',*,*,#3267,.F.);
#4366=ORIENTED_EDGE('',*,*,#3266,.T.);
#4367=ORIENTED_EDGE('',*,*,#3268,.T.);
#4368=ORIENTED_EDGE('',*,*,#3269,.F.);
#4369=ORIENTED_EDGE('',*,*,#3270,.F.);
#4370=ORIENTED_EDGE('',*,*,#3269,.T.);
#4371=ORIENTED_EDGE('',*,*,#3271,.T.);
#4372=ORIENTED_EDGE('',*,*,#3272,.F.);
#4373=ORIENTED_EDGE('',*,*,#3273,.F.);
#4374=ORIENTED_EDGE('',*,*,#3272,.T.);
#4375=ORIENTED_EDGE('',*,*,#3274,.T.);
#4376=ORIENTED_EDGE('',*,*,#3275,.F.);
#4377=ORIENTED_EDGE('',*,*,#3276,.F.);
#4378=ORIENTED_EDGE('',*,*,#3275,.T.);
#4379=ORIENTED_EDGE('',*,*,#3277,.T.);
#4380=ORIENTED_EDGE('',*,*,#3278,.F.);
#4381=ORIENTED_EDGE('',*,*,#3279,.F.);
#4382=ORIENTED_EDGE('',*,*,#3278,.T.);
#4383=ORIENTED_EDGE('',*,*,#3280,.T.);
#4384=ORIENTED_EDGE('',*,*,#3281,.F.);
#4385=ORIENTED_EDGE('',*,*,#3282,.F.);
#4386=ORIENTED_EDGE('',*,*,#3281,.T.);
#4387=ORIENTED_EDGE('',*,*,#3283,.T.);
#4388=ORIENTED_EDGE('',*,*,#3284,.F.);
#4389=ORIENTED_EDGE('',*,*,#3285,.F.);
#4390=ORIENTED_EDGE('',*,*,#3284,.T.);
#4391=ORIENTED_EDGE('',*,*,#3286,.T.);
#4392=ORIENTED_EDGE('',*,*,#3287,.F.);
#4393=ORIENTED_EDGE('',*,*,#3288,.F.);
#4394=ORIENTED_EDGE('',*,*,#3287,.T.);
#4395=ORIENTED_EDGE('',*,*,#3289,.T.);
#4396=ORIENTED_EDGE('',*,*,#3290,.F.);
#4397=ORIENTED_EDGE('',*,*,#3291,.F.);
#4398=ORIENTED_EDGE('',*,*,#3290,.T.);
#4399=ORIENTED_EDGE('',*,*,#3292,.T.);
#4400=ORIENTED_EDGE('',*,*,#3293,.F.);
#4401=ORIENTED_EDGE('',*,*,#3294,.F.);
#4402=ORIENTED_EDGE('',*,*,#3293,.T.);
#4403=ORIENTED_EDGE('',*,*,#3295,.T.);
#4404=ORIENTED_EDGE('',*,*,#3296,.F.);
#4405=ORIENTED_EDGE('',*,*,#3297,.F.);
#4406=ORIENTED_EDGE('',*,*,#3296,.T.);
#4407=ORIENTED_EDGE('',*,*,#3298,.T.);
#4408=ORIENTED_EDGE('',*,*,#3299,.F.);
#4409=ORIENTED_EDGE('',*,*,#3300,.F.);
#4410=ORIENTED_EDGE('',*,*,#3299,.T.);
#4411=ORIENTED_EDGE('',*,*,#3301,.T.);
#4412=ORIENTED_EDGE('',*,*,#3302,.F.);
#4413=ORIENTED_EDGE('',*,*,#3303,.F.);
#4414=ORIENTED_EDGE('',*,*,#3302,.T.);
#4415=ORIENTED_EDGE('',*,*,#3304,.T.);
#4416=ORIENTED_EDGE('',*,*,#3305,.F.);
#4417=ORIENTED_EDGE('',*,*,#3306,.F.);
#4418=ORIENTED_EDGE('',*,*,#3307,.T.);
#4419=ORIENTED_EDGE('',*,*,#3308,.T.);
#4420=ORIENTED_EDGE('',*,*,#3255,.F.);
#4421=ORIENTED_EDGE('',*,*,#3309,.F.);
#4422=ORIENTED_EDGE('',*,*,#3310,.T.);
#4423=ORIENTED_EDGE('',*,*,#3311,.T.);
#4424=ORIENTED_EDGE('',*,*,#3307,.F.);
#4425=ORIENTED_EDGE('',*,*,#3312,.F.);
#4426=ORIENTED_EDGE('',*,*,#3313,.T.);
#4427=ORIENTED_EDGE('',*,*,#3314,.T.);
#4428=ORIENTED_EDGE('',*,*,#3310,.F.);
#4429=ORIENTED_EDGE('',*,*,#3315,.F.);
#4430=ORIENTED_EDGE('',*,*,#3316,.T.);
#4431=ORIENTED_EDGE('',*,*,#3317,.T.);
#4432=ORIENTED_EDGE('',*,*,#3313,.F.);
#4433=ORIENTED_EDGE('',*,*,#3318,.F.);
#4434=ORIENTED_EDGE('',*,*,#3319,.T.);
#4435=ORIENTED_EDGE('',*,*,#3320,.T.);
#4436=ORIENTED_EDGE('',*,*,#3316,.F.);
#4437=ORIENTED_EDGE('',*,*,#3321,.F.);
#4438=ORIENTED_EDGE('',*,*,#3322,.T.);
#4439=ORIENTED_EDGE('',*,*,#3323,.T.);
#4440=ORIENTED_EDGE('',*,*,#3319,.F.);
#4441=ORIENTED_EDGE('',*,*,#3324,.F.);
#4442=ORIENTED_EDGE('',*,*,#3325,.T.);
#4443=ORIENTED_EDGE('',*,*,#3326,.T.);
#4444=ORIENTED_EDGE('',*,*,#3322,.F.);
#4445=ORIENTED_EDGE('',*,*,#3327,.F.);
#4446=ORIENTED_EDGE('',*,*,#3328,.T.);
#4447=ORIENTED_EDGE('',*,*,#3329,.T.);
#4448=ORIENTED_EDGE('',*,*,#3325,.F.);
#4449=ORIENTED_EDGE('',*,*,#3330,.F.);
#4450=ORIENTED_EDGE('',*,*,#3331,.T.);
#4451=ORIENTED_EDGE('',*,*,#3332,.T.);
#4452=ORIENTED_EDGE('',*,*,#3328,.F.);
#4453=ORIENTED_EDGE('',*,*,#3333,.F.);
#4454=ORIENTED_EDGE('',*,*,#3334,.T.);
#4455=ORIENTED_EDGE('',*,*,#3335,.T.);
#4456=ORIENTED_EDGE('',*,*,#3331,.F.);
#4457=ORIENTED_EDGE('',*,*,#3336,.F.);
#4458=ORIENTED_EDGE('',*,*,#3337,.T.);
#4459=ORIENTED_EDGE('',*,*,#3338,.T.);
#4460=ORIENTED_EDGE('',*,*,#3334,.F.);
#4461=ORIENTED_EDGE('',*,*,#3339,.F.);
#4462=ORIENTED_EDGE('',*,*,#3340,.T.);
#4463=ORIENTED_EDGE('',*,*,#3341,.T.);
#4464=ORIENTED_EDGE('',*,*,#3337,.F.);
#4465=ORIENTED_EDGE('',*,*,#3342,.F.);
#4466=ORIENTED_EDGE('',*,*,#3343,.T.);
#4467=ORIENTED_EDGE('',*,*,#3344,.T.);
#4468=ORIENTED_EDGE('',*,*,#3340,.F.);
#4469=ORIENTED_EDGE('',*,*,#3345,.F.);
#4470=ORIENTED_EDGE('',*,*,#3346,.T.);
#4471=ORIENTED_EDGE('',*,*,#3347,.T.);
#4472=ORIENTED_EDGE('',*,*,#3343,.F.);
#4473=ORIENTED_EDGE('',*,*,#3348,.F.);
#4474=ORIENTED_EDGE('',*,*,#3349,.T.);
#4475=ORIENTED_EDGE('',*,*,#3350,.T.);
#4476=ORIENTED_EDGE('',*,*,#3346,.F.);
#4477=ORIENTED_EDGE('',*,*,#3351,.F.);
#4478=ORIENTED_EDGE('',*,*,#3305,.T.);
#4479=ORIENTED_EDGE('',*,*,#3352,.T.);
#4480=ORIENTED_EDGE('',*,*,#3349,.F.);
#4481=ORIENTED_EDGE('',*,*,#3352,.F.);
#4482=ORIENTED_EDGE('',*,*,#3304,.F.);
#4483=ORIENTED_EDGE('',*,*,#3301,.F.);
#4484=ORIENTED_EDGE('',*,*,#3298,.F.);
#4485=ORIENTED_EDGE('',*,*,#3295,.F.);
#4486=ORIENTED_EDGE('',*,*,#3292,.F.);
#4487=ORIENTED_EDGE('',*,*,#3289,.F.);
#4488=ORIENTED_EDGE('',*,*,#3286,.F.);
#4489=ORIENTED_EDGE('',*,*,#3283,.F.);
#4490=ORIENTED_EDGE('',*,*,#3280,.F.);
#4491=ORIENTED_EDGE('',*,*,#3277,.F.);
#4492=ORIENTED_EDGE('',*,*,#3274,.F.);
#4493=ORIENTED_EDGE('',*,*,#3271,.F.);
#4494=ORIENTED_EDGE('',*,*,#3268,.F.);
#4495=ORIENTED_EDGE('',*,*,#3265,.F.);
#4496=ORIENTED_EDGE('',*,*,#3262,.F.);
#4497=ORIENTED_EDGE('',*,*,#3259,.F.);
#4498=ORIENTED_EDGE('',*,*,#3256,.F.);
#4499=ORIENTED_EDGE('',*,*,#3308,.F.);
#4500=ORIENTED_EDGE('',*,*,#3311,.F.);
#4501=ORIENTED_EDGE('',*,*,#3314,.F.);
#4502=ORIENTED_EDGE('',*,*,#3317,.F.);
#4503=ORIENTED_EDGE('',*,*,#3320,.F.);
#4504=ORIENTED_EDGE('',*,*,#3323,.F.);
#4505=ORIENTED_EDGE('',*,*,#3326,.F.);
#4506=ORIENTED_EDGE('',*,*,#3329,.F.);
#4507=ORIENTED_EDGE('',*,*,#3332,.F.);
#4508=ORIENTED_EDGE('',*,*,#3335,.F.);
#4509=ORIENTED_EDGE('',*,*,#3338,.F.);
#4510=ORIENTED_EDGE('',*,*,#3341,.F.);
#4511=ORIENTED_EDGE('',*,*,#3344,.F.);
#4512=ORIENTED_EDGE('',*,*,#3347,.F.);
#4513=ORIENTED_EDGE('',*,*,#3350,.F.);
#4514=ORIENTED_EDGE('',*,*,#2827,.F.);
#4515=ORIENTED_EDGE('',*,*,#2955,.T.);
#4516=ORIENTED_EDGE('',*,*,#3006,.T.);
#4517=ORIENTED_EDGE('',*,*,#3054,.T.);
#4518=ORIENTED_EDGE('',*,*,#3051,.T.);
#4519=ORIENTED_EDGE('',*,*,#3048,.T.);
#4520=ORIENTED_EDGE('',*,*,#3045,.T.);
#4521=ORIENTED_EDGE('',*,*,#3042,.T.);
#4522=ORIENTED_EDGE('',*,*,#3039,.T.);
#4523=ORIENTED_EDGE('',*,*,#3036,.T.);
#4524=ORIENTED_EDGE('',*,*,#3033,.T.);
#4525=ORIENTED_EDGE('',*,*,#3030,.T.);
#4526=ORIENTED_EDGE('',*,*,#3027,.T.);
#4527=ORIENTED_EDGE('',*,*,#3024,.T.);
#4528=ORIENTED_EDGE('',*,*,#3021,.T.);
#4529=ORIENTED_EDGE('',*,*,#3018,.T.);
#4530=ORIENTED_EDGE('',*,*,#3015,.T.);
#4531=ORIENTED_EDGE('',*,*,#3012,.T.);
#4532=ORIENTED_EDGE('',*,*,#3009,.T.);
#4533=ORIENTED_EDGE('',*,*,#2957,.T.);
#4534=ORIENTED_EDGE('',*,*,#2961,.T.);
#4535=ORIENTED_EDGE('',*,*,#2964,.T.);
#4536=ORIENTED_EDGE('',*,*,#2967,.T.);
#4537=ORIENTED_EDGE('',*,*,#2970,.T.);
#4538=ORIENTED_EDGE('',*,*,#2973,.T.);
#4539=ORIENTED_EDGE('',*,*,#2976,.T.);
#4540=ORIENTED_EDGE('',*,*,#2979,.T.);
#4541=ORIENTED_EDGE('',*,*,#2982,.T.);
#4542=ORIENTED_EDGE('',*,*,#2985,.T.);
#4543=ORIENTED_EDGE('',*,*,#2988,.T.);
#4544=ORIENTED_EDGE('',*,*,#2991,.T.);
#4545=ORIENTED_EDGE('',*,*,#2994,.T.);
#4546=ORIENTED_EDGE('',*,*,#2997,.T.);
#4547=ORIENTED_EDGE('',*,*,#3000,.T.);
#4548=ORIENTED_EDGE('',*,*,#3003,.T.);
#4549=ORIENTED_EDGE('',*,*,#3105,.T.);
#4550=ORIENTED_EDGE('',*,*,#3153,.T.);
#4551=ORIENTED_EDGE('',*,*,#3150,.T.);
#4552=ORIENTED_EDGE('',*,*,#3147,.T.);
#4553=ORIENTED_EDGE('',*,*,#3144,.T.);
#4554=ORIENTED_EDGE('',*,*,#3141,.T.);
#4555=ORIENTED_EDGE('',*,*,#3138,.T.);
#4556=ORIENTED_EDGE('',*,*,#3135,.T.);
#4557=ORIENTED_EDGE('',*,*,#3132,.T.);
#4558=ORIENTED_EDGE('',*,*,#3129,.T.);
#4559=ORIENTED_EDGE('',*,*,#3126,.T.);
#4560=ORIENTED_EDGE('',*,*,#3123,.T.);
#4561=ORIENTED_EDGE('',*,*,#3120,.T.);
#4562=ORIENTED_EDGE('',*,*,#3117,.T.);
#4563=ORIENTED_EDGE('',*,*,#3114,.T.);
#4564=ORIENTED_EDGE('',*,*,#3111,.T.);
#4565=ORIENTED_EDGE('',*,*,#3108,.T.);
#4566=ORIENTED_EDGE('',*,*,#3056,.T.);
#4567=ORIENTED_EDGE('',*,*,#3060,.T.);
#4568=ORIENTED_EDGE('',*,*,#3063,.T.);
#4569=ORIENTED_EDGE('',*,*,#3066,.T.);
#4570=ORIENTED_EDGE('',*,*,#3069,.T.);
#4571=ORIENTED_EDGE('',*,*,#3072,.T.);
#4572=ORIENTED_EDGE('',*,*,#3075,.T.);
#4573=ORIENTED_EDGE('',*,*,#3078,.T.);
#4574=ORIENTED_EDGE('',*,*,#3081,.T.);
#4575=ORIENTED_EDGE('',*,*,#3084,.T.);
#4576=ORIENTED_EDGE('',*,*,#3087,.T.);
#4577=ORIENTED_EDGE('',*,*,#3090,.T.);
#4578=ORIENTED_EDGE('',*,*,#3093,.T.);
#4579=ORIENTED_EDGE('',*,*,#3096,.T.);
#4580=ORIENTED_EDGE('',*,*,#3099,.T.);
#4581=ORIENTED_EDGE('',*,*,#3102,.T.);
#4582=ORIENTED_EDGE('',*,*,#3204,.T.);
#4583=ORIENTED_EDGE('',*,*,#3252,.T.);
#4584=ORIENTED_EDGE('',*,*,#3249,.T.);
#4585=ORIENTED_EDGE('',*,*,#3246,.T.);
#4586=ORIENTED_EDGE('',*,*,#3243,.T.);
#4587=ORIENTED_EDGE('',*,*,#3240,.T.);
#4588=ORIENTED_EDGE('',*,*,#3237,.T.);
#4589=ORIENTED_EDGE('',*,*,#3234,.T.);
#4590=ORIENTED_EDGE('',*,*,#3231,.T.);
#4591=ORIENTED_EDGE('',*,*,#3228,.T.);
#4592=ORIENTED_EDGE('',*,*,#3225,.T.);
#4593=ORIENTED_EDGE('',*,*,#3222,.T.);
#4594=ORIENTED_EDGE('',*,*,#3219,.T.);
#4595=ORIENTED_EDGE('',*,*,#3216,.T.);
#4596=ORIENTED_EDGE('',*,*,#3213,.T.);
#4597=ORIENTED_EDGE('',*,*,#3210,.T.);
#4598=ORIENTED_EDGE('',*,*,#3207,.T.);
#4599=ORIENTED_EDGE('',*,*,#3155,.T.);
#4600=ORIENTED_EDGE('',*,*,#3159,.T.);
#4601=ORIENTED_EDGE('',*,*,#3162,.T.);
#4602=ORIENTED_EDGE('',*,*,#3165,.T.);
#4603=ORIENTED_EDGE('',*,*,#3168,.T.);
#4604=ORIENTED_EDGE('',*,*,#3171,.T.);
#4605=ORIENTED_EDGE('',*,*,#3174,.T.);
#4606=ORIENTED_EDGE('',*,*,#3177,.T.);
#4607=ORIENTED_EDGE('',*,*,#3180,.T.);
#4608=ORIENTED_EDGE('',*,*,#3183,.T.);
#4609=ORIENTED_EDGE('',*,*,#3186,.T.);
#4610=ORIENTED_EDGE('',*,*,#3189,.T.);
#4611=ORIENTED_EDGE('',*,*,#3192,.T.);
#4612=ORIENTED_EDGE('',*,*,#3195,.T.);
#4613=ORIENTED_EDGE('',*,*,#3198,.T.);
#4614=ORIENTED_EDGE('',*,*,#3201,.T.);
#4615=ORIENTED_EDGE('',*,*,#3303,.T.);
#4616=ORIENTED_EDGE('',*,*,#3351,.T.);
#4617=ORIENTED_EDGE('',*,*,#3348,.T.);
#4618=ORIENTED_EDGE('',*,*,#3345,.T.);
#4619=ORIENTED_EDGE('',*,*,#3342,.T.);
#4620=ORIENTED_EDGE('',*,*,#3339,.T.);
#4621=ORIENTED_EDGE('',*,*,#3336,.T.);
#4622=ORIENTED_EDGE('',*,*,#3333,.T.);
#4623=ORIENTED_EDGE('',*,*,#3330,.T.);
#4624=ORIENTED_EDGE('',*,*,#3327,.T.);
#4625=ORIENTED_EDGE('',*,*,#3324,.T.);
#4626=ORIENTED_EDGE('',*,*,#3321,.T.);
#4627=ORIENTED_EDGE('',*,*,#3318,.T.);
#4628=ORIENTED_EDGE('',*,*,#3315,.T.);
#4629=ORIENTED_EDGE('',*,*,#3312,.T.);
#4630=ORIENTED_EDGE('',*,*,#3309,.T.);
#4631=ORIENTED_EDGE('',*,*,#3306,.T.);
#4632=ORIENTED_EDGE('',*,*,#3254,.T.);
#4633=ORIENTED_EDGE('',*,*,#3258,.T.);
#4634=ORIENTED_EDGE('',*,*,#3261,.T.);
#4635=ORIENTED_EDGE('',*,*,#3264,.T.);
#4636=ORIENTED_EDGE('',*,*,#3267,.T.);
#4637=ORIENTED_EDGE('',*,*,#3270,.T.);
#4638=ORIENTED_EDGE('',*,*,#3273,.T.);
#4639=ORIENTED_EDGE('',*,*,#3276,.T.);
#4640=ORIENTED_EDGE('',*,*,#3279,.T.);
#4641=ORIENTED_EDGE('',*,*,#3282,.T.);
#4642=ORIENTED_EDGE('',*,*,#3285,.T.);
#4643=ORIENTED_EDGE('',*,*,#3288,.T.);
#4644=ORIENTED_EDGE('',*,*,#3291,.T.);
#4645=ORIENTED_EDGE('',*,*,#3294,.T.);
#4646=ORIENTED_EDGE('',*,*,#3297,.T.);
#4647=ORIENTED_EDGE('',*,*,#3300,.T.);
#4648=ORIENTED_EDGE('',*,*,#3353,.F.);
#4649=ORIENTED_EDGE('',*,*,#3354,.F.);
#4650=ORIENTED_EDGE('',*,*,#2870,.F.);
#4651=ORIENTED_EDGE('',*,*,#3355,.F.);
#4652=ORIENTED_EDGE('',*,*,#3356,.F.);
#4653=ORIENTED_EDGE('',*,*,#3357,.F.);
#4654=ORIENTED_EDGE('',*,*,#2864,.F.);
#4655=ORIENTED_EDGE('',*,*,#3358,.F.);
#4656=ORIENTED_EDGE('',*,*,#3359,.F.);
#4657=ORIENTED_EDGE('',*,*,#3360,.F.);
#4658=ORIENTED_EDGE('',*,*,#2858,.F.);
#4659=ORIENTED_EDGE('',*,*,#3361,.F.);
#4660=ORIENTED_EDGE('',*,*,#3362,.F.);
#4661=ORIENTED_EDGE('',*,*,#3363,.F.);
#4662=ORIENTED_EDGE('',*,*,#2852,.F.);
#4663=ORIENTED_EDGE('',*,*,#3364,.F.);
#4664=ORIENTED_EDGE('',*,*,#3365,.F.);
#4665=ORIENTED_EDGE('',*,*,#3366,.F.);
#4666=ORIENTED_EDGE('',*,*,#2844,.F.);
#4667=ORIENTED_EDGE('',*,*,#3367,.F.);
#4668=ORIENTED_EDGE('',*,*,#3368,.F.);
#4669=ORIENTED_EDGE('',*,*,#3369,.F.);
#4670=ORIENTED_EDGE('',*,*,#2846,.F.);
#4671=ORIENTED_EDGE('',*,*,#3370,.F.);
#4672=ORIENTED_EDGE('',*,*,#3371,.F.);
#4673=ORIENTED_EDGE('',*,*,#3372,.F.);
#4674=ORIENTED_EDGE('',*,*,#2838,.F.);
#4675=ORIENTED_EDGE('',*,*,#3373,.F.);
#4676=ORIENTED_EDGE('',*,*,#3374,.F.);
#4677=ORIENTED_EDGE('',*,*,#3375,.F.);
#4678=ORIENTED_EDGE('',*,*,#2832,.F.);
#4679=ORIENTED_EDGE('',*,*,#3376,.F.);
#4680=ORIENTED_EDGE('',*,*,#3377,.F.);
#4681=ORIENTED_EDGE('',*,*,#3378,.F.);
#4682=ORIENTED_EDGE('',*,*,#2946,.F.);
#4683=ORIENTED_EDGE('',*,*,#3379,.F.);
#4684=ORIENTED_EDGE('',*,*,#3380,.F.);
#4685=ORIENTED_EDGE('',*,*,#3381,.F.);
#4686=ORIENTED_EDGE('',*,*,#2940,.F.);
#4687=ORIENTED_EDGE('',*,*,#3382,.F.);
#4688=ORIENTED_EDGE('',*,*,#2845,.F.);
#4689=ORIENTED_EDGE('',*,*,#3366,.T.);
#4690=ORIENTED_EDGE('',*,*,#3383,.T.);
#4691=ORIENTED_EDGE('',*,*,#3370,.T.);
#4692=ORIENTED_EDGE('',*,*,#2871,.F.);
#4693=ORIENTED_EDGE('',*,*,#3354,.T.);
#4694=ORIENTED_EDGE('',*,*,#3384,.T.);
#4695=ORIENTED_EDGE('',*,*,#3385,.T.);
#4696=ORIENTED_EDGE('',*,*,#3386,.F.);
#4697=ORIENTED_EDGE('',*,*,#3387,.T.);
#4698=ORIENTED_EDGE('',*,*,#2939,.F.);
#4699=ORIENTED_EDGE('',*,*,#3388,.T.);
#4700=ORIENTED_EDGE('',*,*,#3389,.T.);
#4701=ORIENTED_EDGE('',*,*,#3390,.T.);
#4702=ORIENTED_EDGE('',*,*,#3391,.T.);
#4703=ORIENTED_EDGE('',*,*,#3382,.T.);
#4704=ORIENTED_EDGE('',*,*,#3392,.F.);
#4705=ORIENTED_EDGE('',*,*,#3393,.T.);
#4706=ORIENTED_EDGE('',*,*,#3394,.F.);
#4707=ORIENTED_EDGE('',*,*,#3374,.T.);
#4708=ORIENTED_EDGE('',*,*,#3395,.F.);
#4709=ORIENTED_EDGE('',*,*,#3396,.T.);
#4710=ORIENTED_EDGE('',*,*,#3397,.F.);
#4711=ORIENTED_EDGE('',*,*,#3398,.T.);
#4712=ORIENTED_EDGE('',*,*,#3399,.F.);
#4713=ORIENTED_EDGE('',*,*,#3377,.T.);
#4714=ORIENTED_EDGE('',*,*,#3400,.F.);
#4715=ORIENTED_EDGE('',*,*,#3401,.T.);
#4716=ORIENTED_EDGE('',*,*,#3402,.F.);
#4717=ORIENTED_EDGE('',*,*,#3403,.T.);
#4718=ORIENTED_EDGE('',*,*,#3404,.F.);
#4719=ORIENTED_EDGE('',*,*,#3380,.T.);
#4720=ORIENTED_EDGE('',*,*,#3391,.F.);
#4721=ORIENTED_EDGE('',*,*,#3405,.T.);
#4722=ORIENTED_EDGE('',*,*,#3406,.F.);
#4723=ORIENTED_EDGE('',*,*,#3407,.T.);
#4724=ORIENTED_EDGE('',*,*,#3408,.F.);
#4725=ORIENTED_EDGE('',*,*,#3409,.T.);
#4726=ORIENTED_EDGE('',*,*,#3410,.F.);
#4727=ORIENTED_EDGE('',*,*,#3411,.T.);
#4728=ORIENTED_EDGE('',*,*,#3412,.F.);
#4729=ORIENTED_EDGE('',*,*,#3413,.T.);
#4730=ORIENTED_EDGE('',*,*,#3414,.F.);
#4731=ORIENTED_EDGE('',*,*,#3415,.T.);
#4732=ORIENTED_EDGE('',*,*,#3416,.F.);
#4733=ORIENTED_EDGE('',*,*,#3417,.T.);
#4734=ORIENTED_EDGE('',*,*,#3418,.F.);
#4735=ORIENTED_EDGE('',*,*,#3419,.T.);
#4736=ORIENTED_EDGE('',*,*,#3420,.F.);
#4737=ORIENTED_EDGE('',*,*,#3421,.T.);
#4738=ORIENTED_EDGE('',*,*,#3422,.F.);
#4739=ORIENTED_EDGE('',*,*,#3423,.T.);
#4740=ORIENTED_EDGE('',*,*,#3424,.F.);
#4741=ORIENTED_EDGE('',*,*,#3425,.T.);
#4742=ORIENTED_EDGE('',*,*,#3426,.F.);
#4743=ORIENTED_EDGE('',*,*,#3427,.T.);
#4744=ORIENTED_EDGE('',*,*,#3428,.F.);
#4745=ORIENTED_EDGE('',*,*,#3429,.T.);
#4746=ORIENTED_EDGE('',*,*,#3430,.F.);
#4747=ORIENTED_EDGE('',*,*,#3431,.T.);
#4748=ORIENTED_EDGE('',*,*,#3432,.F.);
#4749=ORIENTED_EDGE('',*,*,#3433,.T.);
#4750=ORIENTED_EDGE('',*,*,#3434,.F.);
#4751=ORIENTED_EDGE('',*,*,#3435,.T.);
#4752=ORIENTED_EDGE('',*,*,#3436,.F.);
#4753=ORIENTED_EDGE('',*,*,#3437,.T.);
#4754=ORIENTED_EDGE('',*,*,#3438,.F.);
#4755=ORIENTED_EDGE('',*,*,#3439,.T.);
#4756=ORIENTED_EDGE('',*,*,#3440,.F.);
#4757=ORIENTED_EDGE('',*,*,#3441,.T.);
#4758=ORIENTED_EDGE('',*,*,#3442,.F.);
#4759=ORIENTED_EDGE('',*,*,#3443,.T.);
#4760=ORIENTED_EDGE('',*,*,#3444,.F.);
#4761=ORIENTED_EDGE('',*,*,#3445,.T.);
#4762=ORIENTED_EDGE('',*,*,#3446,.F.);
#4763=ORIENTED_EDGE('',*,*,#3447,.T.);
#4764=ORIENTED_EDGE('',*,*,#3448,.F.);
#4765=ORIENTED_EDGE('',*,*,#3449,.T.);
#4766=ORIENTED_EDGE('',*,*,#3450,.F.);
#4767=ORIENTED_EDGE('',*,*,#3451,.T.);
#4768=ORIENTED_EDGE('',*,*,#3452,.F.);
#4769=ORIENTED_EDGE('',*,*,#3453,.T.);
#4770=ORIENTED_EDGE('',*,*,#3454,.F.);
#4771=ORIENTED_EDGE('',*,*,#3455,.T.);
#4772=ORIENTED_EDGE('',*,*,#3456,.F.);
#4773=ORIENTED_EDGE('',*,*,#3457,.T.);
#4774=ORIENTED_EDGE('',*,*,#3458,.F.);
#4775=ORIENTED_EDGE('',*,*,#3459,.T.);
#4776=ORIENTED_EDGE('',*,*,#3460,.F.);
#4777=ORIENTED_EDGE('',*,*,#3461,.T.);
#4778=ORIENTED_EDGE('',*,*,#3462,.F.);
#4779=ORIENTED_EDGE('',*,*,#3463,.T.);
#4780=ORIENTED_EDGE('',*,*,#3464,.F.);
#4781=ORIENTED_EDGE('',*,*,#3465,.T.);
#4782=ORIENTED_EDGE('',*,*,#3466,.F.);
#4783=ORIENTED_EDGE('',*,*,#3467,.T.);
#4784=ORIENTED_EDGE('',*,*,#3468,.F.);
#4785=ORIENTED_EDGE('',*,*,#3469,.T.);
#4786=ORIENTED_EDGE('',*,*,#3470,.F.);
#4787=ORIENTED_EDGE('',*,*,#3471,.T.);
#4788=ORIENTED_EDGE('',*,*,#3384,.F.);
#4789=ORIENTED_EDGE('',*,*,#3353,.T.);
#4790=ORIENTED_EDGE('',*,*,#3472,.F.);
#4791=ORIENTED_EDGE('',*,*,#3473,.T.);
#4792=ORIENTED_EDGE('',*,*,#3474,.F.);
#4793=ORIENTED_EDGE('',*,*,#3475,.T.);
#4794=ORIENTED_EDGE('',*,*,#3476,.F.);
#4795=ORIENTED_EDGE('',*,*,#3356,.T.);
#4796=ORIENTED_EDGE('',*,*,#3477,.F.);
#4797=ORIENTED_EDGE('',*,*,#3478,.T.);
#4798=ORIENTED_EDGE('',*,*,#3479,.F.);
#4799=ORIENTED_EDGE('',*,*,#3480,.T.);
#4800=ORIENTED_EDGE('',*,*,#3481,.F.);
#4801=ORIENTED_EDGE('',*,*,#3359,.T.);
#4802=ORIENTED_EDGE('',*,*,#3482,.F.);
#4803=ORIENTED_EDGE('',*,*,#3483,.T.);
#4804=ORIENTED_EDGE('',*,*,#3484,.F.);
#4805=ORIENTED_EDGE('',*,*,#3485,.T.);
#4806=ORIENTED_EDGE('',*,*,#3486,.F.);
#4807=ORIENTED_EDGE('',*,*,#3362,.T.);
#4808=ORIENTED_EDGE('',*,*,#3487,.F.);
#4809=ORIENTED_EDGE('',*,*,#3488,.T.);
#4810=ORIENTED_EDGE('',*,*,#3489,.F.);
#4811=ORIENTED_EDGE('',*,*,#3490,.T.);
#4812=ORIENTED_EDGE('',*,*,#3491,.F.);
#4813=ORIENTED_EDGE('',*,*,#3368,.T.);
#4814=ORIENTED_EDGE('',*,*,#3383,.F.);
#4815=ORIENTED_EDGE('',*,*,#3365,.T.);
#4816=ORIENTED_EDGE('',*,*,#3492,.F.);
#4817=ORIENTED_EDGE('',*,*,#3493,.T.);
#4818=ORIENTED_EDGE('',*,*,#3494,.F.);
#4819=ORIENTED_EDGE('',*,*,#3495,.T.);
#4820=ORIENTED_EDGE('',*,*,#3496,.F.);
#4821=ORIENTED_EDGE('',*,*,#3371,.T.);
#4822=ORIENTED_EDGE('',*,*,#3497,.F.);
#4823=ORIENTED_EDGE('',*,*,#3498,.T.);
#4824=ORIENTED_EDGE('',*,*,#2825,.T.);
#4825=ORIENTED_EDGE('',*,*,#3499,.T.);
#4826=ORIENTED_EDGE('',*,*,#3500,.T.);
#4827=ORIENTED_EDGE('',*,*,#3501,.T.);
#4828=ORIENTED_EDGE('',*,*,#3502,.F.);
#4829=ORIENTED_EDGE('',*,*,#3503,.T.);
#4830=ORIENTED_EDGE('',*,*,#3504,.F.);
#4831=ORIENTED_EDGE('',*,*,#3505,.T.);
#4832=ORIENTED_EDGE('',*,*,#3506,.T.);
#4833=ORIENTED_EDGE('',*,*,#3507,.T.);
#4834=ORIENTED_EDGE('',*,*,#3508,.T.);
#4835=ORIENTED_EDGE('',*,*,#3509,.T.);
#4836=ORIENTED_EDGE('',*,*,#3510,.F.);
#4837=ORIENTED_EDGE('',*,*,#3511,.T.);
#4838=ORIENTED_EDGE('',*,*,#3512,.T.);
#4839=ORIENTED_EDGE('',*,*,#3513,.T.);
#4840=ORIENTED_EDGE('',*,*,#3514,.F.);
#4841=ORIENTED_EDGE('',*,*,#3515,.T.);
#4842=ORIENTED_EDGE('',*,*,#3386,.T.);
#4843=ORIENTED_EDGE('',*,*,#3516,.T.);
#4844=ORIENTED_EDGE('',*,*,#3517,.F.);
#4845=ORIENTED_EDGE('',*,*,#3518,.T.);
#4846=ORIENTED_EDGE('',*,*,#3519,.F.);
#4847=ORIENTED_EDGE('',*,*,#3520,.T.);
#4848=ORIENTED_EDGE('',*,*,#3521,.T.);
#4849=ORIENTED_EDGE('',*,*,#3522,.T.);
#4850=ORIENTED_EDGE('',*,*,#3523,.F.);
#4851=ORIENTED_EDGE('',*,*,#3524,.T.);
#4852=ORIENTED_EDGE('',*,*,#3525,.T.);
#4853=ORIENTED_EDGE('',*,*,#3526,.T.);
#4854=ORIENTED_EDGE('',*,*,#3527,.F.);
#4855=ORIENTED_EDGE('',*,*,#3528,.T.);
#4856=ORIENTED_EDGE('',*,*,#3529,.T.);
#4857=ORIENTED_EDGE('',*,*,#3530,.T.);
#4858=ORIENTED_EDGE('',*,*,#3531,.T.);
#4859=ORIENTED_EDGE('',*,*,#3532,.T.);
#4860=ORIENTED_EDGE('',*,*,#3533,.F.);
#4861=ORIENTED_EDGE('',*,*,#3534,.T.);
#4862=ORIENTED_EDGE('',*,*,#3535,.T.);
#4863=ORIENTED_EDGE('',*,*,#3536,.T.);
#4864=ORIENTED_EDGE('',*,*,#3537,.F.);
#4865=ORIENTED_EDGE('',*,*,#3538,.T.);
#4866=ORIENTED_EDGE('',*,*,#3539,.T.);
#4867=ORIENTED_EDGE('',*,*,#3540,.T.);
#4868=ORIENTED_EDGE('',*,*,#3541,.F.);
#4869=ORIENTED_EDGE('',*,*,#3542,.T.);
#4870=ORIENTED_EDGE('',*,*,#3543,.F.);
#4871=ORIENTED_EDGE('',*,*,#3544,.T.);
#4872=ORIENTED_EDGE('',*,*,#3545,.T.);
#4873=ORIENTED_EDGE('',*,*,#3546,.T.);
#4874=ORIENTED_EDGE('',*,*,#3547,.T.);
#4875=ORIENTED_EDGE('',*,*,#3548,.T.);
#4876=ORIENTED_EDGE('',*,*,#3549,.F.);
#4877=ORIENTED_EDGE('',*,*,#3550,.T.);
#4878=ORIENTED_EDGE('',*,*,#3551,.T.);
#4879=ORIENTED_EDGE('',*,*,#3552,.T.);
#4880=ORIENTED_EDGE('',*,*,#3553,.F.);
#4881=ORIENTED_EDGE('',*,*,#3554,.T.);
#4882=ORIENTED_EDGE('',*,*,#3555,.T.);
#4883=ORIENTED_EDGE('',*,*,#3556,.T.);
#4884=ORIENTED_EDGE('',*,*,#3557,.F.);
#4885=ORIENTED_EDGE('',*,*,#3558,.T.);
#4886=ORIENTED_EDGE('',*,*,#3559,.T.);
#4887=ORIENTED_EDGE('',*,*,#3560,.T.);
#4888=ORIENTED_EDGE('',*,*,#3561,.F.);
#4889=ORIENTED_EDGE('',*,*,#3562,.T.);
#4890=ORIENTED_EDGE('',*,*,#3563,.T.);
#4891=ORIENTED_EDGE('',*,*,#3564,.T.);
#4892=ORIENTED_EDGE('',*,*,#3565,.F.);
#4893=ORIENTED_EDGE('',*,*,#3566,.T.);
#4894=ORIENTED_EDGE('',*,*,#3567,.T.);
#4895=ORIENTED_EDGE('',*,*,#3568,.T.);
#4896=ORIENTED_EDGE('',*,*,#3569,.F.);
#4897=ORIENTED_EDGE('',*,*,#3570,.T.);
#4898=ORIENTED_EDGE('',*,*,#3571,.F.);
#4899=ORIENTED_EDGE('',*,*,#3572,.T.);
#4900=ORIENTED_EDGE('',*,*,#3573,.T.);
#4901=ORIENTED_EDGE('',*,*,#3574,.F.);
#4902=ORIENTED_EDGE('',*,*,#3499,.F.);
#4903=ORIENTED_EDGE('',*,*,#3575,.F.);
#4904=ORIENTED_EDGE('',*,*,#2836,.F.);
#4905=ORIENTED_EDGE('',*,*,#3576,.F.);
#4906=ORIENTED_EDGE('',*,*,#2950,.F.);
#4907=ORIENTED_EDGE('',*,*,#3577,.F.);
#4908=ORIENTED_EDGE('',*,*,#3505,.F.);
#4909=ORIENTED_EDGE('',*,*,#3578,.F.);
#4910=ORIENTED_EDGE('',*,*,#3507,.F.);
#4911=ORIENTED_EDGE('',*,*,#3579,.F.);
#4912=ORIENTED_EDGE('',*,*,#2842,.F.);
#4913=ORIENTED_EDGE('',*,*,#3580,.F.);
#4914=ORIENTED_EDGE('',*,*,#3511,.F.);
#4915=ORIENTED_EDGE('',*,*,#3581,.F.);
#4916=ORIENTED_EDGE('',*,*,#2848,.F.);
#4917=ORIENTED_EDGE('',*,*,#3387,.F.);
#4918=ORIENTED_EDGE('',*,*,#3515,.F.);
#4919=ORIENTED_EDGE('',*,*,#3582,.F.);
#4920=ORIENTED_EDGE('',*,*,#2872,.F.);
#4921=ORIENTED_EDGE('',*,*,#3583,.F.);
#4922=ORIENTED_EDGE('',*,*,#2866,.F.);
#4923=ORIENTED_EDGE('',*,*,#3584,.F.);
#4924=ORIENTED_EDGE('',*,*,#3520,.F.);
#4925=ORIENTED_EDGE('',*,*,#3585,.F.);
#4926=ORIENTED_EDGE('',*,*,#2860,.F.);
#4927=ORIENTED_EDGE('',*,*,#3586,.F.);
#4928=ORIENTED_EDGE('',*,*,#3524,.F.);
#4929=ORIENTED_EDGE('',*,*,#3587,.F.);
#4930=ORIENTED_EDGE('',*,*,#2854,.F.);
#4931=ORIENTED_EDGE('',*,*,#3588,.F.);
#4932=ORIENTED_EDGE('',*,*,#3528,.F.);
#4933=ORIENTED_EDGE('',*,*,#3589,.F.);
#4934=ORIENTED_EDGE('',*,*,#3530,.F.);
#4935=ORIENTED_EDGE('',*,*,#3590,.F.);
#4936=ORIENTED_EDGE('',*,*,#2878,.F.);
#4937=ORIENTED_EDGE('',*,*,#3591,.F.);
#4938=ORIENTED_EDGE('',*,*,#3534,.F.);
#4939=ORIENTED_EDGE('',*,*,#3592,.F.);
#4940=ORIENTED_EDGE('',*,*,#2884,.F.);
#4941=ORIENTED_EDGE('',*,*,#3593,.F.);
#4942=ORIENTED_EDGE('',*,*,#3538,.F.);
#4943=ORIENTED_EDGE('',*,*,#3594,.F.);
#4944=ORIENTED_EDGE('',*,*,#2896,.F.);
#4945=ORIENTED_EDGE('',*,*,#3595,.F.);
#4946=ORIENTED_EDGE('',*,*,#2890,.F.);
#4947=ORIENTED_EDGE('',*,*,#3596,.F.);
#4948=ORIENTED_EDGE('',*,*,#3544,.F.);
#4949=ORIENTED_EDGE('',*,*,#3597,.F.);
#4950=ORIENTED_EDGE('',*,*,#3546,.F.);
#4951=ORIENTED_EDGE('',*,*,#3598,.F.);
#4952=ORIENTED_EDGE('',*,*,#2902,.F.);
#4953=ORIENTED_EDGE('',*,*,#3599,.F.);
#4954=ORIENTED_EDGE('',*,*,#3550,.F.);
#4955=ORIENTED_EDGE('',*,*,#3600,.F.);
#4956=ORIENTED_EDGE('',*,*,#2908,.F.);
#4957=ORIENTED_EDGE('',*,*,#3601,.F.);
#4958=ORIENTED_EDGE('',*,*,#3554,.F.);
#4959=ORIENTED_EDGE('',*,*,#3602,.F.);
#4960=ORIENTED_EDGE('',*,*,#2914,.F.);
#4961=ORIENTED_EDGE('',*,*,#3603,.F.);
#4962=ORIENTED_EDGE('',*,*,#3558,.F.);
#4963=ORIENTED_EDGE('',*,*,#3604,.F.);
#4964=ORIENTED_EDGE('',*,*,#2920,.F.);
#4965=ORIENTED_EDGE('',*,*,#3605,.F.);
#4966=ORIENTED_EDGE('',*,*,#3562,.F.);
#4967=ORIENTED_EDGE('',*,*,#3606,.F.);
#4968=ORIENTED_EDGE('',*,*,#2926,.F.);
#4969=ORIENTED_EDGE('',*,*,#3607,.F.);
#4970=ORIENTED_EDGE('',*,*,#3566,.F.);
#4971=ORIENTED_EDGE('',*,*,#3608,.F.);
#4972=ORIENTED_EDGE('',*,*,#2932,.F.);
#4973=ORIENTED_EDGE('',*,*,#3609,.F.);
#4974=ORIENTED_EDGE('',*,*,#2944,.F.);
#4975=ORIENTED_EDGE('',*,*,#3610,.F.);
#4976=ORIENTED_EDGE('',*,*,#3572,.F.);
#4977=ORIENTED_EDGE('',*,*,#3611,.F.);
#4978=ORIENTED_EDGE('',*,*,#3498,.F.);
#4979=ORIENTED_EDGE('',*,*,#3612,.F.);
#4980=ORIENTED_EDGE('',*,*,#3501,.F.);
#4981=ORIENTED_EDGE('',*,*,#3613,.F.);
#4982=ORIENTED_EDGE('',*,*,#3503,.F.);
#4983=ORIENTED_EDGE('',*,*,#3614,.F.);
#4984=ORIENTED_EDGE('',*,*,#3396,.F.);
#4985=ORIENTED_EDGE('',*,*,#3615,.F.);
#4986=ORIENTED_EDGE('',*,*,#3493,.F.);
#4987=ORIENTED_EDGE('',*,*,#3616,.F.);
#4988=ORIENTED_EDGE('',*,*,#3509,.F.);
#4989=ORIENTED_EDGE('',*,*,#3617,.F.);
#4990=ORIENTED_EDGE('',*,*,#3490,.F.);
#4991=ORIENTED_EDGE('',*,*,#3618,.F.);
#4992=ORIENTED_EDGE('',*,*,#3513,.F.);
#4993=ORIENTED_EDGE('',*,*,#3385,.F.);
#4994=ORIENTED_EDGE('',*,*,#3471,.F.);
#4995=ORIENTED_EDGE('',*,*,#3619,.F.);
#4996=ORIENTED_EDGE('',*,*,#3516,.F.);
#4997=ORIENTED_EDGE('',*,*,#3620,.F.);
#4998=ORIENTED_EDGE('',*,*,#3518,.F.);
#4999=ORIENTED_EDGE('',*,*,#3621,.F.);
#5000=ORIENTED_EDGE('',*,*,#3475,.F.);
#5001=ORIENTED_EDGE('',*,*,#3622,.F.);
#5002=ORIENTED_EDGE('',*,*,#3522,.F.);
#5003=ORIENTED_EDGE('',*,*,#3623,.F.);
#5004=ORIENTED_EDGE('',*,*,#3480,.F.);
#5005=ORIENTED_EDGE('',*,*,#3624,.F.);
#5006=ORIENTED_EDGE('',*,*,#3526,.F.);
#5007=ORIENTED_EDGE('',*,*,#3625,.F.);
#5008=ORIENTED_EDGE('',*,*,#3485,.F.);
#5009=ORIENTED_EDGE('',*,*,#3626,.F.);
#5010=ORIENTED_EDGE('',*,*,#3465,.F.);
#5011=ORIENTED_EDGE('',*,*,#3627,.F.);
#5012=ORIENTED_EDGE('',*,*,#3532,.F.);
#5013=ORIENTED_EDGE('',*,*,#3628,.F.);
#5014=ORIENTED_EDGE('',*,*,#3459,.F.);
#5015=ORIENTED_EDGE('',*,*,#3629,.F.);
#5016=ORIENTED_EDGE('',*,*,#3536,.F.);
#5017=ORIENTED_EDGE('',*,*,#3630,.F.);
#5018=ORIENTED_EDGE('',*,*,#3447,.F.);
#5019=ORIENTED_EDGE('',*,*,#3631,.F.);
#5020=ORIENTED_EDGE('',*,*,#3540,.F.);
#5021=ORIENTED_EDGE('',*,*,#3632,.F.);
#5022=ORIENTED_EDGE('',*,*,#3542,.F.);
#5023=ORIENTED_EDGE('',*,*,#3633,.F.);
#5024=ORIENTED_EDGE('',*,*,#3453,.F.);
#5025=ORIENTED_EDGE('',*,*,#3634,.F.);
#5026=ORIENTED_EDGE('',*,*,#3441,.F.);
#5027=ORIENTED_EDGE('',*,*,#3635,.F.);
#5028=ORIENTED_EDGE('',*,*,#3548,.F.);
#5029=ORIENTED_EDGE('',*,*,#3636,.F.);
#5030=ORIENTED_EDGE('',*,*,#3435,.F.);
#5031=ORIENTED_EDGE('',*,*,#3637,.F.);
#5032=ORIENTED_EDGE('',*,*,#3552,.F.);
#5033=ORIENTED_EDGE('',*,*,#3638,.F.);
#5034=ORIENTED_EDGE('',*,*,#3429,.F.);
#5035=ORIENTED_EDGE('',*,*,#3639,.F.);
#5036=ORIENTED_EDGE('',*,*,#3556,.F.);
#5037=ORIENTED_EDGE('',*,*,#3640,.F.);
#5038=ORIENTED_EDGE('',*,*,#3423,.F.);
#5039=ORIENTED_EDGE('',*,*,#3641,.F.);
#5040=ORIENTED_EDGE('',*,*,#3560,.F.);
#5041=ORIENTED_EDGE('',*,*,#3642,.F.);
#5042=ORIENTED_EDGE('',*,*,#3417,.F.);
#5043=ORIENTED_EDGE('',*,*,#3643,.F.);
#5044=ORIENTED_EDGE('',*,*,#3564,.F.);
#5045=ORIENTED_EDGE('',*,*,#3644,.F.);
#5046=ORIENTED_EDGE('',*,*,#3411,.F.);
#5047=ORIENTED_EDGE('',*,*,#3645,.F.);
#5048=ORIENTED_EDGE('',*,*,#3568,.F.);
#5049=ORIENTED_EDGE('',*,*,#3646,.F.);
#5050=ORIENTED_EDGE('',*,*,#3570,.F.);
#5051=ORIENTED_EDGE('',*,*,#3647,.F.);
#5052=ORIENTED_EDGE('',*,*,#3401,.F.);
#5053=ORIENTED_EDGE('',*,*,#3648,.T.);
#5054=ORIENTED_EDGE('',*,*,#3389,.F.);
#5055=ORIENTED_EDGE('',*,*,#3649,.T.);
#5056=ORIENTED_EDGE('',*,*,#3650,.T.);
#5057=ORIENTED_EDGE('',*,*,#3650,.F.);
#5058=ORIENTED_EDGE('',*,*,#3651,.T.);
#5059=ORIENTED_EDGE('',*,*,#2937,.F.);
#5060=ORIENTED_EDGE('',*,*,#3652,.T.);
#5061=ORIENTED_EDGE('',*,*,#3406,.T.);
#5062=ORIENTED_EDGE('',*,*,#3653,.T.);
#5063=ORIENTED_EDGE('',*,*,#3408,.T.);
#5064=ORIENTED_EDGE('',*,*,#3654,.T.);
#5065=ORIENTED_EDGE('',*,*,#2935,.F.);
#5066=ORIENTED_EDGE('',*,*,#3655,.T.);
#5067=ORIENTED_EDGE('',*,*,#2933,.F.);
#5068=ORIENTED_EDGE('',*,*,#3608,.T.);
#5069=ORIENTED_EDGE('',*,*,#3569,.T.);
#5070=ORIENTED_EDGE('',*,*,#3645,.T.);
#5071=ORIENTED_EDGE('',*,*,#3410,.T.);
#5072=ORIENTED_EDGE('',*,*,#3656,.T.);
#5073=ORIENTED_EDGE('',*,*,#2936,.F.);
#5074=ORIENTED_EDGE('',*,*,#3654,.F.);
#5075=ORIENTED_EDGE('',*,*,#3407,.F.);
#5076=ORIENTED_EDGE('',*,*,#3652,.F.);
#5077=ORIENTED_EDGE('',*,*,#2934,.F.);
#5078=ORIENTED_EDGE('',*,*,#3656,.F.);
#5079=ORIENTED_EDGE('',*,*,#3409,.F.);
#5080=ORIENTED_EDGE('',*,*,#3655,.F.);
#5081=ORIENTED_EDGE('',*,*,#3388,.F.);
#5082=ORIENTED_EDGE('',*,*,#2938,.F.);
#5083=ORIENTED_EDGE('',*,*,#3651,.F.);
#5084=ORIENTED_EDGE('',*,*,#3649,.F.);
#5085=ORIENTED_EDGE('',*,*,#3390,.F.);
#5086=ORIENTED_EDGE('',*,*,#3648,.F.);
#5087=ORIENTED_EDGE('',*,*,#3653,.F.);
#5088=ORIENTED_EDGE('',*,*,#3405,.F.);
#5089=ORIENTED_EDGE('',*,*,#2943,.F.);
#5090=ORIENTED_EDGE('',*,*,#3657,.T.);
#5091=ORIENTED_EDGE('',*,*,#3402,.T.);
#5092=ORIENTED_EDGE('',*,*,#3647,.T.);
#5093=ORIENTED_EDGE('',*,*,#3573,.F.);
#5094=ORIENTED_EDGE('',*,*,#3610,.T.);
#5095=ORIENTED_EDGE('',*,*,#3404,.T.);
#5096=ORIENTED_EDGE('',*,*,#3658,.T.);
#5097=ORIENTED_EDGE('',*,*,#2941,.F.);
#5098=ORIENTED_EDGE('',*,*,#3381,.T.);
#5099=ORIENTED_EDGE('',*,*,#2931,.F.);
#5100=ORIENTED_EDGE('',*,*,#3659,.T.);
#5101=ORIENTED_EDGE('',*,*,#3412,.T.);
#5102=ORIENTED_EDGE('',*,*,#3644,.T.);
#5103=ORIENTED_EDGE('',*,*,#3567,.F.);
#5104=ORIENTED_EDGE('',*,*,#3607,.T.);
#5105=ORIENTED_EDGE('',*,*,#3414,.T.);
#5106=ORIENTED_EDGE('',*,*,#3660,.T.);
#5107=ORIENTED_EDGE('',*,*,#2929,.F.);
#5108=ORIENTED_EDGE('',*,*,#3661,.T.);
#5109=ORIENTED_EDGE('',*,*,#3416,.T.);
#5110=ORIENTED_EDGE('',*,*,#3662,.T.);
#5111=ORIENTED_EDGE('',*,*,#2927,.F.);
#5112=ORIENTED_EDGE('',*,*,#3606,.T.);
#5113=ORIENTED_EDGE('',*,*,#3565,.T.);
#5114=ORIENTED_EDGE('',*,*,#3643,.T.);
#5115=ORIENTED_EDGE('',*,*,#2925,.F.);
#5116=ORIENTED_EDGE('',*,*,#3663,.T.);
#5117=ORIENTED_EDGE('',*,*,#3418,.T.);
#5118=ORIENTED_EDGE('',*,*,#3642,.T.);
#5119=ORIENTED_EDGE('',*,*,#3563,.F.);
#5120=ORIENTED_EDGE('',*,*,#3605,.T.);
#5121=ORIENTED_EDGE('',*,*,#3420,.T.);
#5122=ORIENTED_EDGE('',*,*,#3664,.T.);
#5123=ORIENTED_EDGE('',*,*,#2923,.F.);
#5124=ORIENTED_EDGE('',*,*,#3665,.T.);
#5125=ORIENTED_EDGE('',*,*,#3422,.T.);
#5126=ORIENTED_EDGE('',*,*,#3666,.T.);
#5127=ORIENTED_EDGE('',*,*,#2921,.F.);
#5128=ORIENTED_EDGE('',*,*,#3604,.T.);
#5129=ORIENTED_EDGE('',*,*,#3561,.T.);
#5130=ORIENTED_EDGE('',*,*,#3641,.T.);
#5131=ORIENTED_EDGE('',*,*,#2919,.F.);
#5132=ORIENTED_EDGE('',*,*,#3667,.T.);
#5133=ORIENTED_EDGE('',*,*,#3424,.T.);
#5134=ORIENTED_EDGE('',*,*,#3640,.T.);
#5135=ORIENTED_EDGE('',*,*,#3559,.F.);
#5136=ORIENTED_EDGE('',*,*,#3603,.T.);
#5137=ORIENTED_EDGE('',*,*,#3426,.T.);
#5138=ORIENTED_EDGE('',*,*,#3668,.T.);
#5139=ORIENTED_EDGE('',*,*,#2917,.F.);
#5140=ORIENTED_EDGE('',*,*,#3669,.T.);
#5141=ORIENTED_EDGE('',*,*,#3428,.T.);
#5142=ORIENTED_EDGE('',*,*,#3670,.T.);
#5143=ORIENTED_EDGE('',*,*,#2915,.F.);
#5144=ORIENTED_EDGE('',*,*,#3602,.T.);
#5145=ORIENTED_EDGE('',*,*,#3557,.T.);
#5146=ORIENTED_EDGE('',*,*,#3639,.T.);
#5147=ORIENTED_EDGE('',*,*,#2913,.F.);
#5148=ORIENTED_EDGE('',*,*,#3671,.T.);
#5149=ORIENTED_EDGE('',*,*,#3430,.T.);
#5150=ORIENTED_EDGE('',*,*,#3638,.T.);
#5151=ORIENTED_EDGE('',*,*,#3555,.F.);
#5152=ORIENTED_EDGE('',*,*,#3601,.T.);
#5153=ORIENTED_EDGE('',*,*,#3432,.T.);
#5154=ORIENTED_EDGE('',*,*,#3672,.T.);
#5155=ORIENTED_EDGE('',*,*,#2911,.F.);
#5156=ORIENTED_EDGE('',*,*,#3673,.T.);
#5157=ORIENTED_EDGE('',*,*,#3434,.T.);
#5158=ORIENTED_EDGE('',*,*,#3674,.T.);
#5159=ORIENTED_EDGE('',*,*,#2909,.F.);
#5160=ORIENTED_EDGE('',*,*,#3600,.T.);
#5161=ORIENTED_EDGE('',*,*,#3553,.T.);
#5162=ORIENTED_EDGE('',*,*,#3637,.T.);
#5163=ORIENTED_EDGE('',*,*,#2907,.F.);
#5164=ORIENTED_EDGE('',*,*,#3675,.T.);
#5165=ORIENTED_EDGE('',*,*,#3436,.T.);
#5166=ORIENTED_EDGE('',*,*,#3636,.T.);
#5167=ORIENTED_EDGE('',*,*,#3551,.F.);
#5168=ORIENTED_EDGE('',*,*,#3599,.T.);
#5169=ORIENTED_EDGE('',*,*,#3438,.T.);
#5170=ORIENTED_EDGE('',*,*,#3676,.T.);
#5171=ORIENTED_EDGE('',*,*,#2905,.F.);
#5172=ORIENTED_EDGE('',*,*,#3677,.T.);
#5173=ORIENTED_EDGE('',*,*,#3440,.T.);
#5174=ORIENTED_EDGE('',*,*,#3678,.T.);
#5175=ORIENTED_EDGE('',*,*,#2903,.F.);
#5176=ORIENTED_EDGE('',*,*,#3598,.T.);
#5177=ORIENTED_EDGE('',*,*,#3549,.T.);
#5178=ORIENTED_EDGE('',*,*,#3635,.T.);
#5179=ORIENTED_EDGE('',*,*,#2901,.F.);
#5180=ORIENTED_EDGE('',*,*,#3679,.T.);
#5181=ORIENTED_EDGE('',*,*,#3442,.T.);
#5182=ORIENTED_EDGE('',*,*,#3634,.T.);
#5183=ORIENTED_EDGE('',*,*,#3547,.F.);
#5184=ORIENTED_EDGE('',*,*,#3597,.T.);
#5185=ORIENTED_EDGE('',*,*,#3444,.T.);
#5186=ORIENTED_EDGE('',*,*,#3680,.T.);
#5187=ORIENTED_EDGE('',*,*,#2899,.F.);
#5188=ORIENTED_EDGE('',*,*,#3681,.T.);
#5189=ORIENTED_EDGE('',*,*,#3446,.T.);
#5190=ORIENTED_EDGE('',*,*,#3682,.T.);
#5191=ORIENTED_EDGE('',*,*,#2897,.F.);
#5192=ORIENTED_EDGE('',*,*,#3594,.T.);
#5193=ORIENTED_EDGE('',*,*,#3541,.T.);
#5194=ORIENTED_EDGE('',*,*,#3631,.T.);
#5195=ORIENTED_EDGE('',*,*,#2889,.F.);
#5196=ORIENTED_EDGE('',*,*,#3683,.T.);
#5197=ORIENTED_EDGE('',*,*,#3454,.T.);
#5198=ORIENTED_EDGE('',*,*,#3633,.T.);
#5199=ORIENTED_EDGE('',*,*,#3545,.F.);
#5200=ORIENTED_EDGE('',*,*,#3596,.T.);
#5201=ORIENTED_EDGE('',*,*,#3456,.T.);
#5202=ORIENTED_EDGE('',*,*,#3684,.T.);
#5203=ORIENTED_EDGE('',*,*,#2887,.F.);
#5204=ORIENTED_EDGE('',*,*,#3685,.T.);
#5205=ORIENTED_EDGE('',*,*,#3458,.T.);
#5206=ORIENTED_EDGE('',*,*,#3686,.T.);
#5207=ORIENTED_EDGE('',*,*,#2885,.F.);
#5208=ORIENTED_EDGE('',*,*,#3592,.T.);
#5209=ORIENTED_EDGE('',*,*,#3537,.T.);
#5210=ORIENTED_EDGE('',*,*,#3629,.T.);
#5211=ORIENTED_EDGE('',*,*,#2895,.F.);
#5212=ORIENTED_EDGE('',*,*,#3687,.T.);
#5213=ORIENTED_EDGE('',*,*,#3448,.T.);
#5214=ORIENTED_EDGE('',*,*,#3630,.T.);
#5215=ORIENTED_EDGE('',*,*,#3539,.F.);
#5216=ORIENTED_EDGE('',*,*,#3593,.T.);
#5217=ORIENTED_EDGE('',*,*,#3450,.T.);
#5218=ORIENTED_EDGE('',*,*,#3688,.T.);
#5219=ORIENTED_EDGE('',*,*,#2893,.F.);
#5220=ORIENTED_EDGE('',*,*,#3689,.T.);
#5221=ORIENTED_EDGE('',*,*,#3452,.T.);
#5222=ORIENTED_EDGE('',*,*,#3690,.T.);
#5223=ORIENTED_EDGE('',*,*,#2891,.F.);
#5224=ORIENTED_EDGE('',*,*,#3595,.T.);
#5225=ORIENTED_EDGE('',*,*,#3543,.T.);
#5226=ORIENTED_EDGE('',*,*,#3632,.T.);
#5227=ORIENTED_EDGE('',*,*,#2883,.F.);
#5228=ORIENTED_EDGE('',*,*,#3691,.T.);
#5229=ORIENTED_EDGE('',*,*,#3460,.T.);
#5230=ORIENTED_EDGE('',*,*,#3628,.T.);
#5231=ORIENTED_EDGE('',*,*,#3535,.F.);
#5232=ORIENTED_EDGE('',*,*,#3591,.T.);
#5233=ORIENTED_EDGE('',*,*,#3462,.T.);
#5234=ORIENTED_EDGE('',*,*,#3692,.T.);
#5235=ORIENTED_EDGE('',*,*,#2881,.F.);
#5236=ORIENTED_EDGE('',*,*,#3693,.T.);
#5237=ORIENTED_EDGE('',*,*,#3464,.T.);
#5238=ORIENTED_EDGE('',*,*,#3694,.T.);
#5239=ORIENTED_EDGE('',*,*,#2879,.F.);
#5240=ORIENTED_EDGE('',*,*,#3590,.T.);
#5241=ORIENTED_EDGE('',*,*,#3533,.T.);
#5242=ORIENTED_EDGE('',*,*,#3627,.T.);
#5243=ORIENTED_EDGE('',*,*,#2877,.F.);
#5244=ORIENTED_EDGE('',*,*,#3695,.T.);
#5245=ORIENTED_EDGE('',*,*,#3466,.T.);
#5246=ORIENTED_EDGE('',*,*,#3626,.T.);
#5247=ORIENTED_EDGE('',*,*,#3531,.F.);
#5248=ORIENTED_EDGE('',*,*,#3589,.T.);
#5249=ORIENTED_EDGE('',*,*,#3468,.T.);
#5250=ORIENTED_EDGE('',*,*,#3696,.T.);
#5251=ORIENTED_EDGE('',*,*,#2875,.F.);
#5252=ORIENTED_EDGE('',*,*,#3697,.T.);
#5253=ORIENTED_EDGE('',*,*,#3470,.T.);
#5254=ORIENTED_EDGE('',*,*,#3698,.T.);
#5255=ORIENTED_EDGE('',*,*,#2873,.F.);
#5256=ORIENTED_EDGE('',*,*,#3582,.T.);
#5257=ORIENTED_EDGE('',*,*,#3517,.T.);
#5258=ORIENTED_EDGE('',*,*,#3619,.T.);
#5259=ORIENTED_EDGE('',*,*,#2853,.F.);
#5260=ORIENTED_EDGE('',*,*,#3363,.T.);
#5261=ORIENTED_EDGE('',*,*,#3486,.T.);
#5262=ORIENTED_EDGE('',*,*,#3625,.T.);
#5263=ORIENTED_EDGE('',*,*,#3529,.F.);
#5264=ORIENTED_EDGE('',*,*,#3588,.T.);
#5265=ORIENTED_EDGE('',*,*,#3487,.T.);
#5266=ORIENTED_EDGE('',*,*,#3364,.T.);
#5267=ORIENTED_EDGE('',*,*,#2851,.F.);
#5268=ORIENTED_EDGE('',*,*,#3699,.T.);
#5269=ORIENTED_EDGE('',*,*,#3489,.T.);
#5270=ORIENTED_EDGE('',*,*,#3700,.T.);
#5271=ORIENTED_EDGE('',*,*,#2849,.F.);
#5272=ORIENTED_EDGE('',*,*,#3581,.T.);
#5273=ORIENTED_EDGE('',*,*,#3514,.T.);
#5274=ORIENTED_EDGE('',*,*,#3618,.T.);
#5275=ORIENTED_EDGE('',*,*,#2859,.F.);
#5276=ORIENTED_EDGE('',*,*,#3360,.T.);
#5277=ORIENTED_EDGE('',*,*,#3481,.T.);
#5278=ORIENTED_EDGE('',*,*,#3623,.T.);
#5279=ORIENTED_EDGE('',*,*,#3525,.F.);
#5280=ORIENTED_EDGE('',*,*,#3586,.T.);
#5281=ORIENTED_EDGE('',*,*,#3482,.T.);
#5282=ORIENTED_EDGE('',*,*,#3361,.T.);
#5283=ORIENTED_EDGE('',*,*,#2857,.F.);
#5284=ORIENTED_EDGE('',*,*,#3701,.T.);
#5285=ORIENTED_EDGE('',*,*,#3484,.T.);
#5286=ORIENTED_EDGE('',*,*,#3702,.T.);
#5287=ORIENTED_EDGE('',*,*,#2855,.F.);
#5288=ORIENTED_EDGE('',*,*,#3587,.T.);
#5289=ORIENTED_EDGE('',*,*,#3527,.T.);
#5290=ORIENTED_EDGE('',*,*,#3624,.T.);
#5291=ORIENTED_EDGE('',*,*,#2865,.F.);
#5292=ORIENTED_EDGE('',*,*,#3357,.T.);
#5293=ORIENTED_EDGE('',*,*,#3476,.T.);
#5294=ORIENTED_EDGE('',*,*,#3621,.T.);
#5295=ORIENTED_EDGE('',*,*,#3521,.F.);
#5296=ORIENTED_EDGE('',*,*,#3584,.T.);
#5297=ORIENTED_EDGE('',*,*,#3477,.T.);
#5298=ORIENTED_EDGE('',*,*,#3358,.T.);
#5299=ORIENTED_EDGE('',*,*,#2863,.F.);
#5300=ORIENTED_EDGE('',*,*,#3703,.T.);
#5301=ORIENTED_EDGE('',*,*,#3479,.T.);
#5302=ORIENTED_EDGE('',*,*,#3704,.T.);
#5303=ORIENTED_EDGE('',*,*,#2861,.F.);
#5304=ORIENTED_EDGE('',*,*,#3585,.T.);
#5305=ORIENTED_EDGE('',*,*,#3523,.T.);
#5306=ORIENTED_EDGE('',*,*,#3622,.T.);
#5307=ORIENTED_EDGE('',*,*,#3472,.T.);
#5308=ORIENTED_EDGE('',*,*,#3355,.T.);
#5309=ORIENTED_EDGE('',*,*,#2869,.F.);
#5310=ORIENTED_EDGE('',*,*,#3705,.T.);
#5311=ORIENTED_EDGE('',*,*,#3474,.T.);
#5312=ORIENTED_EDGE('',*,*,#3706,.T.);
#5313=ORIENTED_EDGE('',*,*,#2867,.F.);
#5314=ORIENTED_EDGE('',*,*,#3583,.T.);
#5315=ORIENTED_EDGE('',*,*,#3519,.T.);
#5316=ORIENTED_EDGE('',*,*,#3620,.T.);
#5317=ORIENTED_EDGE('',*,*,#2847,.F.);
#5318=ORIENTED_EDGE('',*,*,#3369,.T.);
#5319=ORIENTED_EDGE('',*,*,#3491,.T.);
#5320=ORIENTED_EDGE('',*,*,#3617,.T.);
#5321=ORIENTED_EDGE('',*,*,#3512,.F.);
#5322=ORIENTED_EDGE('',*,*,#3580,.T.);
#5323=ORIENTED_EDGE('',*,*,#3492,.T.);
#5324=ORIENTED_EDGE('',*,*,#3367,.T.);
#5325=ORIENTED_EDGE('',*,*,#2843,.F.);
#5326=ORIENTED_EDGE('',*,*,#3579,.T.);
#5327=ORIENTED_EDGE('',*,*,#3510,.T.);
#5328=ORIENTED_EDGE('',*,*,#3616,.T.);
#5329=ORIENTED_EDGE('',*,*,#2841,.F.);
#5330=ORIENTED_EDGE('',*,*,#3707,.T.);
#5331=ORIENTED_EDGE('',*,*,#3494,.T.);
#5332=ORIENTED_EDGE('',*,*,#3615,.T.);
#5333=ORIENTED_EDGE('',*,*,#3508,.F.);
#5334=ORIENTED_EDGE('',*,*,#3578,.T.);
#5335=ORIENTED_EDGE('',*,*,#3496,.T.);
#5336=ORIENTED_EDGE('',*,*,#3708,.T.);
#5337=ORIENTED_EDGE('',*,*,#2839,.F.);
#5338=ORIENTED_EDGE('',*,*,#3372,.T.);
#5339=ORIENTED_EDGE('',*,*,#3497,.T.);
#5340=ORIENTED_EDGE('',*,*,#3373,.T.);
#5341=ORIENTED_EDGE('',*,*,#2837,.F.);
#5342=ORIENTED_EDGE('',*,*,#3575,.T.);
#5343=ORIENTED_EDGE('',*,*,#3502,.T.);
#5344=ORIENTED_EDGE('',*,*,#3612,.T.);
#5345=ORIENTED_EDGE('',*,*,#2949,.F.);
#5346=ORIENTED_EDGE('',*,*,#3709,.T.);
#5347=ORIENTED_EDGE('',*,*,#3397,.T.);
#5348=ORIENTED_EDGE('',*,*,#3614,.T.);
#5349=ORIENTED_EDGE('',*,*,#3506,.F.);
#5350=ORIENTED_EDGE('',*,*,#3577,.T.);
#5351=ORIENTED_EDGE('',*,*,#3399,.T.);
#5352=ORIENTED_EDGE('',*,*,#3710,.T.);
#5353=ORIENTED_EDGE('',*,*,#2947,.F.);
#5354=ORIENTED_EDGE('',*,*,#3378,.T.);
#5355=ORIENTED_EDGE('',*,*,#3400,.T.);
#5356=ORIENTED_EDGE('',*,*,#3379,.T.);
#5357=ORIENTED_EDGE('',*,*,#2945,.F.);
#5358=ORIENTED_EDGE('',*,*,#3609,.T.);
#5359=ORIENTED_EDGE('',*,*,#3571,.T.);
#5360=ORIENTED_EDGE('',*,*,#3646,.T.);
#5361=ORIENTED_EDGE('',*,*,#2835,.F.);
#5362=ORIENTED_EDGE('',*,*,#3711,.T.);
#5363=ORIENTED_EDGE('',*,*,#3392,.T.);
#5364=ORIENTED_EDGE('',*,*,#3611,.T.);
#5365=ORIENTED_EDGE('',*,*,#3500,.F.);
#5366=ORIENTED_EDGE('',*,*,#3574,.T.);
#5367=ORIENTED_EDGE('',*,*,#3394,.T.);
#5368=ORIENTED_EDGE('',*,*,#3712,.T.);
#5369=ORIENTED_EDGE('',*,*,#2833,.F.);
#5370=ORIENTED_EDGE('',*,*,#3375,.T.);
#5371=ORIENTED_EDGE('',*,*,#3395,.T.);
#5372=ORIENTED_EDGE('',*,*,#3376,.T.);
#5373=ORIENTED_EDGE('',*,*,#2831,.F.);
#5374=ORIENTED_EDGE('',*,*,#3576,.T.);
#5375=ORIENTED_EDGE('',*,*,#3504,.T.);
#5376=ORIENTED_EDGE('',*,*,#3613,.T.);
#5377=ORIENTED_EDGE('',*,*,#2942,.F.);
#5378=ORIENTED_EDGE('',*,*,#3658,.F.);
#5379=ORIENTED_EDGE('',*,*,#3403,.F.);
#5380=ORIENTED_EDGE('',*,*,#3657,.F.);
#5381=ORIENTED_EDGE('',*,*,#2948,.F.);
#5382=ORIENTED_EDGE('',*,*,#3710,.F.);
#5383=ORIENTED_EDGE('',*,*,#3398,.F.);
#5384=ORIENTED_EDGE('',*,*,#3709,.F.);
#5385=ORIENTED_EDGE('',*,*,#2834,.F.);
#5386=ORIENTED_EDGE('',*,*,#3712,.F.);
#5387=ORIENTED_EDGE('',*,*,#3393,.F.);
#5388=ORIENTED_EDGE('',*,*,#3711,.F.);
#5389=ORIENTED_EDGE('',*,*,#2840,.F.);
#5390=ORIENTED_EDGE('',*,*,#3708,.F.);
#5391=ORIENTED_EDGE('',*,*,#3495,.F.);
#5392=ORIENTED_EDGE('',*,*,#3707,.F.);
#5393=ORIENTED_EDGE('',*,*,#2850,.F.);
#5394=ORIENTED_EDGE('',*,*,#3700,.F.);
#5395=ORIENTED_EDGE('',*,*,#3488,.F.);
#5396=ORIENTED_EDGE('',*,*,#3699,.F.);
#5397=ORIENTED_EDGE('',*,*,#2856,.F.);
#5398=ORIENTED_EDGE('',*,*,#3702,.F.);
#5399=ORIENTED_EDGE('',*,*,#3483,.F.);
#5400=ORIENTED_EDGE('',*,*,#3701,.F.);
#5401=ORIENTED_EDGE('',*,*,#2862,.F.);
#5402=ORIENTED_EDGE('',*,*,#3704,.F.);
#5403=ORIENTED_EDGE('',*,*,#3478,.F.);
#5404=ORIENTED_EDGE('',*,*,#3703,.F.);
#5405=ORIENTED_EDGE('',*,*,#2868,.F.);
#5406=ORIENTED_EDGE('',*,*,#3706,.F.);
#5407=ORIENTED_EDGE('',*,*,#3473,.F.);
#5408=ORIENTED_EDGE('',*,*,#3705,.F.);
#5409=ORIENTED_EDGE('',*,*,#2876,.F.);
#5410=ORIENTED_EDGE('',*,*,#3696,.F.);
#5411=ORIENTED_EDGE('',*,*,#3467,.F.);
#5412=ORIENTED_EDGE('',*,*,#3695,.F.);
#5413=ORIENTED_EDGE('',*,*,#2874,.F.);
#5414=ORIENTED_EDGE('',*,*,#3698,.F.);
#5415=ORIENTED_EDGE('',*,*,#3469,.F.);
#5416=ORIENTED_EDGE('',*,*,#3697,.F.);
#5417=ORIENTED_EDGE('',*,*,#2882,.F.);
#5418=ORIENTED_EDGE('',*,*,#3692,.F.);
#5419=ORIENTED_EDGE('',*,*,#3461,.F.);
#5420=ORIENTED_EDGE('',*,*,#3691,.F.);
#5421=ORIENTED_EDGE('',*,*,#2880,.F.);
#5422=ORIENTED_EDGE('',*,*,#3694,.F.);
#5423=ORIENTED_EDGE('',*,*,#3463,.F.);
#5424=ORIENTED_EDGE('',*,*,#3693,.F.);
#5425=ORIENTED_EDGE('',*,*,#2888,.F.);
#5426=ORIENTED_EDGE('',*,*,#3684,.F.);
#5427=ORIENTED_EDGE('',*,*,#3455,.F.);
#5428=ORIENTED_EDGE('',*,*,#3683,.F.);
#5429=ORIENTED_EDGE('',*,*,#2886,.F.);
#5430=ORIENTED_EDGE('',*,*,#3686,.F.);
#5431=ORIENTED_EDGE('',*,*,#3457,.F.);
#5432=ORIENTED_EDGE('',*,*,#3685,.F.);
#5433=ORIENTED_EDGE('',*,*,#2894,.F.);
#5434=ORIENTED_EDGE('',*,*,#3688,.F.);
#5435=ORIENTED_EDGE('',*,*,#3449,.F.);
#5436=ORIENTED_EDGE('',*,*,#3687,.F.);
#5437=ORIENTED_EDGE('',*,*,#2892,.F.);
#5438=ORIENTED_EDGE('',*,*,#3690,.F.);
#5439=ORIENTED_EDGE('',*,*,#3451,.F.);
#5440=ORIENTED_EDGE('',*,*,#3689,.F.);
#5441=ORIENTED_EDGE('',*,*,#2900,.F.);
#5442=ORIENTED_EDGE('',*,*,#3680,.F.);
#5443=ORIENTED_EDGE('',*,*,#3443,.F.);
#5444=ORIENTED_EDGE('',*,*,#3679,.F.);
#5445=ORIENTED_EDGE('',*,*,#2898,.F.);
#5446=ORIENTED_EDGE('',*,*,#3682,.F.);
#5447=ORIENTED_EDGE('',*,*,#3445,.F.);
#5448=ORIENTED_EDGE('',*,*,#3681,.F.);
#5449=ORIENTED_EDGE('',*,*,#2906,.F.);
#5450=ORIENTED_EDGE('',*,*,#3676,.F.);
#5451=ORIENTED_EDGE('',*,*,#3437,.F.);
#5452=ORIENTED_EDGE('',*,*,#3675,.F.);
#5453=ORIENTED_EDGE('',*,*,#2904,.F.);
#5454=ORIENTED_EDGE('',*,*,#3678,.F.);
#5455=ORIENTED_EDGE('',*,*,#3439,.F.);
#5456=ORIENTED_EDGE('',*,*,#3677,.F.);
#5457=ORIENTED_EDGE('',*,*,#2912,.F.);
#5458=ORIENTED_EDGE('',*,*,#3672,.F.);
#5459=ORIENTED_EDGE('',*,*,#3431,.F.);
#5460=ORIENTED_EDGE('',*,*,#3671,.F.);
#5461=ORIENTED_EDGE('',*,*,#2910,.F.);
#5462=ORIENTED_EDGE('',*,*,#3674,.F.);
#5463=ORIENTED_EDGE('',*,*,#3433,.F.);
#5464=ORIENTED_EDGE('',*,*,#3673,.F.);
#5465=ORIENTED_EDGE('',*,*,#2918,.F.);
#5466=ORIENTED_EDGE('',*,*,#3668,.F.);
#5467=ORIENTED_EDGE('',*,*,#3425,.F.);
#5468=ORIENTED_EDGE('',*,*,#3667,.F.);
#5469=ORIENTED_EDGE('',*,*,#2916,.F.);
#5470=ORIENTED_EDGE('',*,*,#3670,.F.);
#5471=ORIENTED_EDGE('',*,*,#3427,.F.);
#5472=ORIENTED_EDGE('',*,*,#3669,.F.);
#5473=ORIENTED_EDGE('',*,*,#2924,.F.);
#5474=ORIENTED_EDGE('',*,*,#3664,.F.);
#5475=ORIENTED_EDGE('',*,*,#3419,.F.);
#5476=ORIENTED_EDGE('',*,*,#3663,.F.);
#5477=ORIENTED_EDGE('',*,*,#2922,.F.);
#5478=ORIENTED_EDGE('',*,*,#3666,.F.);
#5479=ORIENTED_EDGE('',*,*,#3421,.F.);
#5480=ORIENTED_EDGE('',*,*,#3665,.F.);
#5481=ORIENTED_EDGE('',*,*,#2930,.F.);
#5482=ORIENTED_EDGE('',*,*,#3660,.F.);
#5483=ORIENTED_EDGE('',*,*,#3413,.F.);
#5484=ORIENTED_EDGE('',*,*,#3659,.F.);
#5485=ORIENTED_EDGE('',*,*,#2928,.F.);
#5486=ORIENTED_EDGE('',*,*,#3662,.F.);
#5487=ORIENTED_EDGE('',*,*,#3415,.F.);
#5488=ORIENTED_EDGE('',*,*,#3661,.F.);
#5489=CYLINDRICAL_SURFACE('',#5931,11.);
#5490=CYLINDRICAL_SURFACE('',#6061,4.9);
#5491=CYLINDRICAL_SURFACE('',#6064,1.6);
#5492=CYLINDRICAL_SURFACE('',#6203,0.6);
#5493=CYLINDRICAL_SURFACE('',#6205,0.6);
#5494=CYLINDRICAL_SURFACE('',#6207,0.6);
#5495=CYLINDRICAL_SURFACE('',#6209,0.6);
#5496=CYLINDRICAL_SURFACE('',#6211,0.6);
#5497=CYLINDRICAL_SURFACE('',#6213,0.6);
#5498=CYLINDRICAL_SURFACE('',#6215,0.6);
#5499=CYLINDRICAL_SURFACE('',#6217,0.6);
#5500=CYLINDRICAL_SURFACE('',#6219,0.6);
#5501=CYLINDRICAL_SURFACE('',#6221,0.6);
#5502=CYLINDRICAL_SURFACE('',#6223,17.5);
#5503=CYLINDRICAL_SURFACE('',#6225,8.77025984963195);
#5504=CYLINDRICAL_SURFACE('',#6227,8.77025984963195);
#5505=CYLINDRICAL_SURFACE('',#6337,22.);
#5506=CYLINDRICAL_SURFACE('',#6340,22.);
#5507=CYLINDRICAL_SURFACE('',#6343,22.);
#5508=CYLINDRICAL_SURFACE('',#6346,22.);
#5509=CYLINDRICAL_SURFACE('',#6349,22.);
#5510=CYLINDRICAL_SURFACE('',#6352,22.);
#5511=CYLINDRICAL_SURFACE('',#6355,22.);
#5512=CYLINDRICAL_SURFACE('',#6358,22.);
#5513=CYLINDRICAL_SURFACE('',#6361,22.);
#5514=CYLINDRICAL_SURFACE('',#6364,22.);
#5515=CYLINDRICAL_SURFACE('',#6367,22.);
#5516=CYLINDRICAL_SURFACE('',#6370,22.);
#5517=CYLINDRICAL_SURFACE('',#6373,22.);
#5518=CYLINDRICAL_SURFACE('',#6376,22.);
#5519=CYLINDRICAL_SURFACE('',#6379,22.);
#5520=CYLINDRICAL_SURFACE('',#6382,22.);
#5521=CYLINDRICAL_SURFACE('',#6385,22.);
#5522=CYLINDRICAL_SURFACE('',#6388,22.);
#5523=CYLINDRICAL_SURFACE('',#6391,22.);
#5524=CYLINDRICAL_SURFACE('',#6432,22.);
#5525=CYLINDRICAL_SURFACE('',#6435,8.77025984963195);
#5526=CYLINDRICAL_SURFACE('',#6436,17.5);
#5527=CYLINDRICAL_SURFACE('',#6437,8.77025984963195);
#5528=CYLINDRICAL_SURFACE('',#6438,0.6);
#5529=CYLINDRICAL_SURFACE('',#6439,0.6);
#5530=CYLINDRICAL_SURFACE('',#6442,8.77025984963195);
#5531=CYLINDRICAL_SURFACE('',#6443,17.5);
#5532=CYLINDRICAL_SURFACE('',#6444,8.77025984963195);
#5533=CYLINDRICAL_SURFACE('',#6445,17.5);
#5534=CYLINDRICAL_SURFACE('',#6446,8.77025984963195);
#5535=CYLINDRICAL_SURFACE('',#6447,8.77025984963195);
#5536=CYLINDRICAL_SURFACE('',#6448,17.5);
#5537=CYLINDRICAL_SURFACE('',#6449,8.77025984963195);
#5538=CYLINDRICAL_SURFACE('',#6450,8.77025984963195);
#5539=CYLINDRICAL_SURFACE('',#6451,17.5);
#5540=CYLINDRICAL_SURFACE('',#6452,8.77025984963195);
#5541=CYLINDRICAL_SURFACE('',#6453,8.77025984963195);
#5542=CYLINDRICAL_SURFACE('',#6454,17.5);
#5543=CYLINDRICAL_SURFACE('',#6455,8.77025984963195);
#5544=CYLINDRICAL_SURFACE('',#6456,8.77025984963195);
#5545=CYLINDRICAL_SURFACE('',#6457,17.5);
#5546=CYLINDRICAL_SURFACE('',#6458,8.77025984963195);
#5547=CYLINDRICAL_SURFACE('',#6459,8.77025984963195);
#5548=CYLINDRICAL_SURFACE('',#6460,17.5);
#5549=CYLINDRICAL_SURFACE('',#6461,8.77025984963195);
#5550=CYLINDRICAL_SURFACE('',#6462,8.77025984963195);
#5551=CYLINDRICAL_SURFACE('',#6463,17.5);
#5552=CYLINDRICAL_SURFACE('',#6464,8.77025984963195);
#5553=CYLINDRICAL_SURFACE('',#6465,8.77025984963195);
#5554=CYLINDRICAL_SURFACE('',#6466,17.5);
#5555=CYLINDRICAL_SURFACE('',#6467,8.77025984963195);
#5556=CYLINDRICAL_SURFACE('',#6468,8.77025984963195);
#5557=CYLINDRICAL_SURFACE('',#6469,17.5);
#5558=CYLINDRICAL_SURFACE('',#6470,8.77025984963195);
#5559=CYLINDRICAL_SURFACE('',#6471,8.77025984963195);
#5560=CYLINDRICAL_SURFACE('',#6472,17.5);
#5561=CYLINDRICAL_SURFACE('',#6473,8.77025984963195);
#5562=CYLINDRICAL_SURFACE('',#6474,8.77025984963195);
#5563=CYLINDRICAL_SURFACE('',#6475,17.5);
#5564=CYLINDRICAL_SURFACE('',#6476,8.77025984963195);
#5565=CYLINDRICAL_SURFACE('',#6477,8.77025984963195);
#5566=CYLINDRICAL_SURFACE('',#6478,17.5);
#5567=CYLINDRICAL_SURFACE('',#6479,8.77025984963195);
#5568=CYLINDRICAL_SURFACE('',#6480,8.77025984963195);
#5569=CYLINDRICAL_SURFACE('',#6481,17.5);
#5570=CYLINDRICAL_SURFACE('',#6482,8.77025984963195);
#5571=CYLINDRICAL_SURFACE('',#6483,17.5);
#5572=CYLINDRICAL_SURFACE('',#6484,8.77025984963195);
#5573=CYLINDRICAL_SURFACE('',#6485,8.77025984963195);
#5574=CYLINDRICAL_SURFACE('',#6486,8.77025984963195);
#5575=CYLINDRICAL_SURFACE('',#6487,8.77025984963195);
#5576=CYLINDRICAL_SURFACE('',#6488,17.5);
#5577=CYLINDRICAL_SURFACE('',#6489,8.77025984963195);
#5578=CYLINDRICAL_SURFACE('',#6490,8.77025984963195);
#5579=CYLINDRICAL_SURFACE('',#6491,17.5);
#5580=CYLINDRICAL_SURFACE('',#6492,8.77025984963195);
#5581=CYLINDRICAL_SURFACE('',#6493,8.77025984963195);
#5582=CYLINDRICAL_SURFACE('',#6494,17.5);
#5583=CYLINDRICAL_SURFACE('',#6495,8.77025984963195);
#5584=CYLINDRICAL_SURFACE('',#6496,0.6);
#5585=CYLINDRICAL_SURFACE('',#6497,0.6);
#5586=CYLINDRICAL_SURFACE('',#6498,0.6);
#5587=CYLINDRICAL_SURFACE('',#6499,0.6);
#5588=CYLINDRICAL_SURFACE('',#6500,0.6);
#5589=CYLINDRICAL_SURFACE('',#6501,0.6);
#5590=CYLINDRICAL_SURFACE('',#6502,0.6);
#5591=CYLINDRICAL_SURFACE('',#6503,0.6);
#5592=CYLINDRICAL_SURFACE('',#6504,0.6);
#5593=CYLINDRICAL_SURFACE('',#6505,0.6);
#5594=CYLINDRICAL_SURFACE('',#6506,0.6);
#5595=CYLINDRICAL_SURFACE('',#6507,0.6);
#5596=CYLINDRICAL_SURFACE('',#6508,0.6);
#5597=CYLINDRICAL_SURFACE('',#6509,0.6);
#5598=CYLINDRICAL_SURFACE('',#6510,0.6);
#5599=CYLINDRICAL_SURFACE('',#6511,0.6);
#5600=CYLINDRICAL_SURFACE('',#6512,0.6);
#5601=CYLINDRICAL_SURFACE('',#6513,0.6);
#5602=CYLINDRICAL_SURFACE('',#6514,0.6);
#5603=CYLINDRICAL_SURFACE('',#6515,0.6);
#5604=CYLINDRICAL_SURFACE('',#6516,0.6);
#5605=CYLINDRICAL_SURFACE('',#6517,0.6);
#5606=CYLINDRICAL_SURFACE('',#6518,0.6);
#5607=CYLINDRICAL_SURFACE('',#6519,0.6);
#5608=CYLINDRICAL_SURFACE('',#6520,0.6);
#5609=CYLINDRICAL_SURFACE('',#6521,0.6);
#5610=CYLINDRICAL_SURFACE('',#6522,0.6);
#5611=CYLINDRICAL_SURFACE('',#6523,0.6);
#5612=ADVANCED_FACE('',(#286),#5489,.F.);
#5613=ADVANCED_FACE('',(#287),#245,.T.);
#5614=ADVANCED_FACE('',(#288,#95),#104,.F.);
#5615=ADVANCED_FACE('',(#289,#96),#105,.T.);
#5616=ADVANCED_FACE('',(#290),#5490,.T.);
#5617=ADVANCED_FACE('',(#291,#97),#106,.T.);
#5618=ADVANCED_FACE('',(#292),#5491,.F.);
#5619=ADVANCED_FACE('',(#293),#107,.F.);
#5620=ADVANCED_FACE('',(#294),#108,.F.);
#5621=ADVANCED_FACE('',(#295),#109,.F.);
#5622=ADVANCED_FACE('',(#296),#110,.F.);
#5623=ADVANCED_FACE('',(#297),#111,.F.);
#5624=ADVANCED_FACE('',(#298),#112,.F.);
#5625=ADVANCED_FACE('',(#299),#113,.F.);
#5626=ADVANCED_FACE('',(#300),#114,.F.);
#5627=ADVANCED_FACE('',(#301),#115,.F.);
#5628=ADVANCED_FACE('',(#302),#116,.F.);
#5629=ADVANCED_FACE('',(#303),#117,.F.);
#5630=ADVANCED_FACE('',(#304),#118,.F.);
#5631=ADVANCED_FACE('',(#305),#119,.F.);
#5632=ADVANCED_FACE('',(#306),#120,.F.);
#5633=ADVANCED_FACE('',(#307),#121,.F.);
#5634=ADVANCED_FACE('',(#308),#122,.F.);
#5635=ADVANCED_FACE('',(#309),#123,.F.);
#5636=ADVANCED_FACE('',(#310),#124,.F.);
#5637=ADVANCED_FACE('',(#311),#125,.F.);
#5638=ADVANCED_FACE('',(#312),#126,.F.);
#5639=ADVANCED_FACE('',(#313),#127,.F.);
#5640=ADVANCED_FACE('',(#314),#128,.F.);
#5641=ADVANCED_FACE('',(#315),#129,.F.);
#5642=ADVANCED_FACE('',(#316),#130,.F.);
#5643=ADVANCED_FACE('',(#317),#131,.F.);
#5644=ADVANCED_FACE('',(#318),#132,.F.);
#5645=ADVANCED_FACE('',(#319),#133,.F.);
#5646=ADVANCED_FACE('',(#320),#134,.F.);
#5647=ADVANCED_FACE('',(#321),#135,.F.);
#5648=ADVANCED_FACE('',(#322),#136,.F.);
#5649=ADVANCED_FACE('',(#323),#137,.F.);
#5650=ADVANCED_FACE('',(#324),#138,.F.);
#5651=ADVANCED_FACE('',(#325),#139,.F.);
#5652=ADVANCED_FACE('',(#326),#140,.F.);
#5653=ADVANCED_FACE('',(#327),#141,.F.);
#5654=ADVANCED_FACE('',(#328),#142,.F.);
#5655=ADVANCED_FACE('',(#329),#143,.F.);
#5656=ADVANCED_FACE('',(#330),#144,.F.);
#5657=ADVANCED_FACE('',(#331),#145,.F.);
#5658=ADVANCED_FACE('',(#332),#146,.F.);
#5659=ADVANCED_FACE('',(#333),#147,.F.);
#5660=ADVANCED_FACE('',(#334),#148,.F.);
#5661=ADVANCED_FACE('',(#335),#149,.F.);
#5662=ADVANCED_FACE('',(#336),#150,.F.);
#5663=ADVANCED_FACE('',(#337),#151,.F.);
#5664=ADVANCED_FACE('',(#338),#152,.F.);
#5665=ADVANCED_FACE('',(#339),#153,.F.);
#5666=ADVANCED_FACE('',(#340),#154,.F.);
#5667=ADVANCED_FACE('',(#341),#155,.F.);
#5668=ADVANCED_FACE('',(#342),#156,.F.);
#5669=ADVANCED_FACE('',(#343),#157,.F.);
#5670=ADVANCED_FACE('',(#344),#158,.F.);
#5671=ADVANCED_FACE('',(#345),#159,.F.);
#5672=ADVANCED_FACE('',(#346),#160,.F.);
#5673=ADVANCED_FACE('',(#347),#161,.F.);
#5674=ADVANCED_FACE('',(#348),#162,.F.);
#5675=ADVANCED_FACE('',(#349),#163,.F.);
#5676=ADVANCED_FACE('',(#350),#164,.F.);
#5677=ADVANCED_FACE('',(#351),#165,.F.);
#5678=ADVANCED_FACE('',(#352),#166,.F.);
#5679=ADVANCED_FACE('',(#353),#167,.F.);
#5680=ADVANCED_FACE('',(#354),#168,.F.);
#5681=ADVANCED_FACE('',(#355),#169,.F.);
#5682=ADVANCED_FACE('',(#356),#170,.F.);
#5683=ADVANCED_FACE('',(#357),#171,.F.);
#5684=ADVANCED_FACE('',(#358),#172,.F.);
#5685=ADVANCED_FACE('',(#359),#173,.F.);
#5686=ADVANCED_FACE('',(#360),#174,.F.);
#5687=ADVANCED_FACE('',(#361),#175,.F.);
#5688=ADVANCED_FACE('',(#362),#176,.F.);
#5689=ADVANCED_FACE('',(#363),#177,.F.);
#5690=ADVANCED_FACE('',(#364),#178,.F.);
#5691=ADVANCED_FACE('',(#365),#179,.F.);
#5692=ADVANCED_FACE('',(#366),#180,.F.);
#5693=ADVANCED_FACE('',(#367),#181,.F.);
#5694=ADVANCED_FACE('',(#368),#182,.F.);
#5695=ADVANCED_FACE('',(#369),#183,.F.);
#5696=ADVANCED_FACE('',(#370),#184,.F.);
#5697=ADVANCED_FACE('',(#371),#185,.F.);
#5698=ADVANCED_FACE('',(#372),#186,.F.);
#5699=ADVANCED_FACE('',(#373),#187,.F.);
#5700=ADVANCED_FACE('',(#374),#188,.F.);
#5701=ADVANCED_FACE('',(#375),#189,.F.);
#5702=ADVANCED_FACE('',(#376),#190,.F.);
#5703=ADVANCED_FACE('',(#377),#191,.F.);
#5704=ADVANCED_FACE('',(#378),#192,.F.);
#5705=ADVANCED_FACE('',(#379),#193,.F.);
#5706=ADVANCED_FACE('',(#380),#194,.F.);
#5707=ADVANCED_FACE('',(#381),#195,.F.);
#5708=ADVANCED_FACE('',(#382),#196,.F.);
#5709=ADVANCED_FACE('',(#383),#197,.F.);
#5710=ADVANCED_FACE('',(#384),#198,.F.);
#5711=ADVANCED_FACE('',(#385),#199,.F.);
#5712=ADVANCED_FACE('',(#386),#200,.F.);
#5713=ADVANCED_FACE('',(#387),#201,.F.);
#5714=ADVANCED_FACE('',(#388),#202,.F.);
#5715=ADVANCED_FACE('',(#389),#203,.F.);
#5716=ADVANCED_FACE('',(#390),#204,.F.);
#5717=ADVANCED_FACE('',(#391),#205,.F.);
#5718=ADVANCED_FACE('',(#392),#206,.F.);
#5719=ADVANCED_FACE('',(#393),#207,.F.);
#5720=ADVANCED_FACE('',(#394),#208,.F.);
#5721=ADVANCED_FACE('',(#395),#209,.F.);
#5722=ADVANCED_FACE('',(#396),#210,.F.);
#5723=ADVANCED_FACE('',(#397),#211,.F.);
#5724=ADVANCED_FACE('',(#398),#212,.F.);
#5725=ADVANCED_FACE('',(#399),#213,.F.);
#5726=ADVANCED_FACE('',(#400),#214,.F.);
#5727=ADVANCED_FACE('',(#401),#215,.F.);
#5728=ADVANCED_FACE('',(#402),#216,.F.);
#5729=ADVANCED_FACE('',(#403),#217,.F.);
#5730=ADVANCED_FACE('',(#404),#218,.F.);
#5731=ADVANCED_FACE('',(#405),#219,.F.);
#5732=ADVANCED_FACE('',(#406),#220,.F.);
#5733=ADVANCED_FACE('',(#407),#221,.F.);
#5734=ADVANCED_FACE('',(#408),#222,.F.);
#5735=ADVANCED_FACE('',(#409),#223,.F.);
#5736=ADVANCED_FACE('',(#410),#224,.F.);
#5737=ADVANCED_FACE('',(#411),#225,.F.);
#5738=ADVANCED_FACE('',(#412),#226,.F.);
#5739=ADVANCED_FACE('',(#413),#227,.F.);
#5740=ADVANCED_FACE('',(#414),#228,.F.);
#5741=ADVANCED_FACE('',(#415),#229,.F.);
#5742=ADVANCED_FACE('',(#416),#230,.F.);
#5743=ADVANCED_FACE('',(#417),#231,.F.);
#5744=ADVANCED_FACE('',(#418),#232,.F.);
#5745=ADVANCED_FACE('',(#419),#233,.F.);
#5746=ADVANCED_FACE('',(#420),#234,.F.);
#5747=ADVANCED_FACE('',(#421),#235,.F.);
#5748=ADVANCED_FACE('',(#422),#236,.F.);
#5749=ADVANCED_FACE('',(#423),#237,.F.);
#5750=ADVANCED_FACE('',(#424),#238,.F.);
#5751=ADVANCED_FACE('',(#425),#239,.F.);
#5752=ADVANCED_FACE('',(#426),#240,.F.);
#5753=ADVANCED_FACE('',(#427),#241,.F.);
#5754=ADVANCED_FACE('',(#428),#242,.F.);
#5755=ADVANCED_FACE('',(#429,#98,#99,#100,#101,#102),#243,.T.);
#5756=ADVANCED_FACE('',(#430),#5492,.F.);
#5757=ADVANCED_FACE('',(#431),#5493,.F.);
#5758=ADVANCED_FACE('',(#432),#5494,.F.);
#5759=ADVANCED_FACE('',(#433),#5495,.F.);
#5760=ADVANCED_FACE('',(#434),#5496,.F.);
#5761=ADVANCED_FACE('',(#435),#5497,.F.);
#5762=ADVANCED_FACE('',(#436),#5498,.F.);
#5763=ADVANCED_FACE('',(#437),#5499,.F.);
#5764=ADVANCED_FACE('',(#438),#5500,.F.);
#5765=ADVANCED_FACE('',(#439),#5501,.F.);
#5766=ADVANCED_FACE('',(#440),#5502,.T.);
#5767=ADVANCED_FACE('',(#441),#5503,.T.);
#5768=ADVANCED_FACE('',(#442),#5504,.T.);
#5769=ADVANCED_FACE('',(#443,#103),#244,.T.);
#5770=ADVANCED_FACE('',(#444),#5505,.T.);
#5771=ADVANCED_FACE('',(#445),#5506,.T.);
#5772=ADVANCED_FACE('',(#446),#5507,.T.);
#5773=ADVANCED_FACE('',(#447),#5508,.T.);
#5774=ADVANCED_FACE('',(#448),#5509,.T.);
#5775=ADVANCED_FACE('',(#449),#5510,.T.);
#5776=ADVANCED_FACE('',(#450),#5511,.T.);
#5777=ADVANCED_FACE('',(#451),#5512,.T.);
#5778=ADVANCED_FACE('',(#452),#5513,.T.);
#5779=ADVANCED_FACE('',(#453),#5514,.T.);
#5780=ADVANCED_FACE('',(#454),#5515,.T.);
#5781=ADVANCED_FACE('',(#455),#5516,.T.);
#5782=ADVANCED_FACE('',(#456),#5517,.T.);
#5783=ADVANCED_FACE('',(#457),#5518,.T.);
#5784=ADVANCED_FACE('',(#458),#5519,.T.);
#5785=ADVANCED_FACE('',(#459),#5520,.T.);
#5786=ADVANCED_FACE('',(#460),#5521,.T.);
#5787=ADVANCED_FACE('',(#461),#5522,.T.);
#5788=ADVANCED_FACE('',(#462),#5523,.T.);
#5789=ADVANCED_FACE('',(#463),#246,.T.);
#5790=ADVANCED_FACE('',(#464),#247,.T.);
#5791=ADVANCED_FACE('',(#465),#248,.T.);
#5792=ADVANCED_FACE('',(#466),#249,.T.);
#5793=ADVANCED_FACE('',(#467),#250,.T.);
#5794=ADVANCED_FACE('',(#468),#251,.T.);
#5795=ADVANCED_FACE('',(#469),#252,.T.);
#5796=ADVANCED_FACE('',(#470),#253,.T.);
#5797=ADVANCED_FACE('',(#471),#254,.T.);
#5798=ADVANCED_FACE('',(#472),#255,.T.);
#5799=ADVANCED_FACE('',(#473),#256,.T.);
#5800=ADVANCED_FACE('',(#474),#257,.T.);
#5801=ADVANCED_FACE('',(#475),#258,.T.);
#5802=ADVANCED_FACE('',(#476),#259,.T.);
#5803=ADVANCED_FACE('',(#477),#260,.T.);
#5804=ADVANCED_FACE('',(#478),#261,.T.);
#5805=ADVANCED_FACE('',(#479),#262,.T.);
#5806=ADVANCED_FACE('',(#480),#263,.T.);
#5807=ADVANCED_FACE('',(#481),#264,.T.);
#5808=ADVANCED_FACE('',(#482),#265,.T.);
#5809=ADVANCED_FACE('',(#483),#266,.T.);
#5810=ADVANCED_FACE('',(#484),#267,.T.);
#5811=ADVANCED_FACE('',(#485),#268,.T.);
#5812=ADVANCED_FACE('',(#486),#269,.T.);
#5813=ADVANCED_FACE('',(#487),#270,.T.);
#5814=ADVANCED_FACE('',(#488),#271,.T.);
#5815=ADVANCED_FACE('',(#489),#272,.T.);
#5816=ADVANCED_FACE('',(#490),#273,.T.);
#5817=ADVANCED_FACE('',(#491),#274,.T.);
#5818=ADVANCED_FACE('',(#492),#275,.T.);
#5819=ADVANCED_FACE('',(#493),#276,.T.);
#5820=ADVANCED_FACE('',(#494),#277,.T.);
#5821=ADVANCED_FACE('',(#495),#278,.T.);
#5822=ADVANCED_FACE('',(#496),#279,.T.);
#5823=ADVANCED_FACE('',(#497),#280,.T.);
#5824=ADVANCED_FACE('',(#498),#281,.T.);
#5825=ADVANCED_FACE('',(#499),#282,.T.);
#5826=ADVANCED_FACE('',(#500),#283,.T.);
#5827=ADVANCED_FACE('',(#501),#5524,.T.);
#5828=ADVANCED_FACE('',(#502),#5525,.T.);
#5829=ADVANCED_FACE('',(#503),#5526,.T.);
#5830=ADVANCED_FACE('',(#504),#5527,.T.);
#5831=ADVANCED_FACE('',(#505),#5528,.F.);
#5832=ADVANCED_FACE('',(#506),#5529,.F.);
#5833=ADVANCED_FACE('',(#507),#284,.T.);
#5834=ADVANCED_FACE('',(#508),#285,.T.);
#5835=ADVANCED_FACE('',(#509),#5530,.T.);
#5836=ADVANCED_FACE('',(#510),#5531,.T.);
#5837=ADVANCED_FACE('',(#511),#5532,.T.);
#5838=ADVANCED_FACE('',(#512),#5533,.T.);
#5839=ADVANCED_FACE('',(#513),#5534,.T.);
#5840=ADVANCED_FACE('',(#514),#5535,.T.);
#5841=ADVANCED_FACE('',(#515),#5536,.T.);
#5842=ADVANCED_FACE('',(#516),#5537,.T.);
#5843=ADVANCED_FACE('',(#517),#5538,.T.);
#5844=ADVANCED_FACE('',(#518),#5539,.T.);
#5845=ADVANCED_FACE('',(#519),#5540,.T.);
#5846=ADVANCED_FACE('',(#520),#5541,.T.);
#5847=ADVANCED_FACE('',(#521),#5542,.T.);
#5848=ADVANCED_FACE('',(#522),#5543,.T.);
#5849=ADVANCED_FACE('',(#523),#5544,.T.);
#5850=ADVANCED_FACE('',(#524),#5545,.T.);
#5851=ADVANCED_FACE('',(#525),#5546,.T.);
#5852=ADVANCED_FACE('',(#526),#5547,.T.);
#5853=ADVANCED_FACE('',(#527),#5548,.T.);
#5854=ADVANCED_FACE('',(#528),#5549,.T.);
#5855=ADVANCED_FACE('',(#529),#5550,.T.);
#5856=ADVANCED_FACE('',(#530),#5551,.T.);
#5857=ADVANCED_FACE('',(#531),#5552,.T.);
#5858=ADVANCED_FACE('',(#532),#5553,.T.);
#5859=ADVANCED_FACE('',(#533),#5554,.T.);
#5860=ADVANCED_FACE('',(#534),#5555,.T.);
#5861=ADVANCED_FACE('',(#535),#5556,.T.);
#5862=ADVANCED_FACE('',(#536),#5557,.T.);
#5863=ADVANCED_FACE('',(#537),#5558,.T.);
#5864=ADVANCED_FACE('',(#538),#5559,.T.);
#5865=ADVANCED_FACE('',(#539),#5560,.T.);
#5866=ADVANCED_FACE('',(#540),#5561,.T.);
#5867=ADVANCED_FACE('',(#541),#5562,.T.);
#5868=ADVANCED_FACE('',(#542),#5563,.T.);
#5869=ADVANCED_FACE('',(#543),#5564,.T.);
#5870=ADVANCED_FACE('',(#544),#5565,.T.);
#5871=ADVANCED_FACE('',(#545),#5566,.T.);
#5872=ADVANCED_FACE('',(#546),#5567,.T.);
#5873=ADVANCED_FACE('',(#547),#5568,.T.);
#5874=ADVANCED_FACE('',(#548),#5569,.T.);
#5875=ADVANCED_FACE('',(#549),#5570,.T.);
#5876=ADVANCED_FACE('',(#550),#5571,.T.);
#5877=ADVANCED_FACE('',(#551),#5572,.T.);
#5878=ADVANCED_FACE('',(#552),#5573,.T.);
#5879=ADVANCED_FACE('',(#553),#5574,.T.);
#5880=ADVANCED_FACE('',(#554),#5575,.T.);
#5881=ADVANCED_FACE('',(#555),#5576,.T.);
#5882=ADVANCED_FACE('',(#556),#5577,.T.);
#5883=ADVANCED_FACE('',(#557),#5578,.T.);
#5884=ADVANCED_FACE('',(#558),#5579,.T.);
#5885=ADVANCED_FACE('',(#559),#5580,.T.);
#5886=ADVANCED_FACE('',(#560),#5581,.T.);
#5887=ADVANCED_FACE('',(#561),#5582,.T.);
#5888=ADVANCED_FACE('',(#562),#5583,.T.);
#5889=ADVANCED_FACE('',(#563),#5584,.F.);
#5890=ADVANCED_FACE('',(#564),#5585,.F.);
#5891=ADVANCED_FACE('',(#565),#5586,.F.);
#5892=ADVANCED_FACE('',(#566),#5587,.F.);
#5893=ADVANCED_FACE('',(#567),#5588,.F.);
#5894=ADVANCED_FACE('',(#568),#5589,.F.);
#5895=ADVANCED_FACE('',(#569),#5590,.F.);
#5896=ADVANCED_FACE('',(#570),#5591,.F.);
#5897=ADVANCED_FACE('',(#571),#5592,.F.);
#5898=ADVANCED_FACE('',(#572),#5593,.F.);
#5899=ADVANCED_FACE('',(#573),#5594,.F.);
#5900=ADVANCED_FACE('',(#574),#5595,.F.);
#5901=ADVANCED_FACE('',(#575),#5596,.F.);
#5902=ADVANCED_FACE('',(#576),#5597,.F.);
#5903=ADVANCED_FACE('',(#577),#5598,.F.);
#5904=ADVANCED_FACE('',(#578),#5599,.F.);
#5905=ADVANCED_FACE('',(#579),#5600,.F.);
#5906=ADVANCED_FACE('',(#580),#5601,.F.);
#5907=ADVANCED_FACE('',(#581),#5602,.F.);
#5908=ADVANCED_FACE('',(#582),#5603,.F.);
#5909=ADVANCED_FACE('',(#583),#5604,.F.);
#5910=ADVANCED_FACE('',(#584),#5605,.F.);
#5911=ADVANCED_FACE('',(#585),#5606,.F.);
#5912=ADVANCED_FACE('',(#586),#5607,.F.);
#5913=ADVANCED_FACE('',(#587),#5608,.F.);
#5914=ADVANCED_FACE('',(#588),#5609,.F.);
#5915=ADVANCED_FACE('',(#589),#5610,.F.);
#5916=ADVANCED_FACE('',(#590),#5611,.F.);
#5917=CLOSED_SHELL('',(#5612,#5613,#5614,#5615,#5616,#5617,#5618,#5619,
#5620,#5621,#5622,#5623,#5624,#5625,#5626,#5627,#5628,#5629,#5630,#5631,
#5632,#5633,#5634,#5635,#5636,#5637,#5638,#5639,#5640,#5641,#5642,#5643,
#5644,#5645,#5646,#5647,#5648,#5649,#5650,#5651,#5652,#5653,#5654,#5655,
#5656,#5657,#5658,#5659,#5660,#5661,#5662,#5663,#5664,#5665,#5666,#5667,
#5668,#5669,#5670,#5671,#5672,#5673,#5674,#5675,#5676,#5677,#5678,#5679,
#5680,#5681,#5682,#5683,#5684,#5685,#5686,#5687,#5688,#5689,#5690,#5691,
#5692,#5693,#5694,#5695,#5696,#5697,#5698,#5699,#5700,#5701,#5702,#5703,
#5704,#5705,#5706,#5707,#5708,#5709,#5710,#5711,#5712,#5713,#5714,#5715,
#5716,#5717,#5718,#5719,#5720,#5721,#5722,#5723,#5724,#5725,#5726,#5727,
#5728,#5729,#5730,#5731,#5732,#5733,#5734,#5735,#5736,#5737,#5738,#5739,
#5740,#5741,#5742,#5743,#5744,#5745,#5746,#5747,#5748,#5749,#5750,#5751,
#5752,#5753,#5754,#5755,#5756,#5757,#5758,#5759,#5760,#5761,#5762,#5763,
#5764,#5765,#5766,#5767,#5768,#5769,#5770,#5771,#5772,#5773,#5774,#5775,
#5776,#5777,#5778,#5779,#5780,#5781,#5782,#5783,#5784,#5785,#5786,#5787,
#5788,#5789,#5790,#5791,#5792,#5793,#5794,#5795,#5796,#5797,#5798,#5799,
#5800,#5801,#5802,#5803,#5804,#5805,#5806,#5807,#5808,#5809,#5810,#5811,
#5812,#5813,#5814,#5815,#5816,#5817,#5818,#5819,#5820,#5821,#5822,#5823,
#5824,#5825,#5826,#5827,#5828,#5829,#5830,#5831,#5832,#5833,#5834,#5835,
#5836,#5837,#5838,#5839,#5840,#5841,#5842,#5843,#5844,#5845,#5846,#5847,
#5848,#5849,#5850,#5851,#5852,#5853,#5854,#5855,#5856,#5857,#5858,#5859,
#5860,#5861,#5862,#5863,#5864,#5865,#5866,#5867,#5868,#5869,#5870,#5871,
#5872,#5873,#5874,#5875,#5876,#5877,#5878,#5879,#5880,#5881,#5882,#5883,
#5884,#5885,#5886,#5887,#5888,#5889,#5890,#5891,#5892,#5893,#5894,#5895,
#5896,#5897,#5898,#5899,#5900,#5901,#5902,#5903,#5904,#5905,#5906,#5907,
#5908,#5909,#5910,#5911,#5912,#5913,#5914,#5915,#5916));
#5918=DERIVED_UNIT_ELEMENT(#5920,1.);
#5919=DERIVED_UNIT_ELEMENT(#10423,-3.);
#5920=(
MASS_UNIT()
NAMED_UNIT(*)
SI_UNIT(.KILO.,.GRAM.)
);
#5921=DERIVED_UNIT((#5918,#5919));
#5922=MEASURE_REPRESENTATION_ITEM('density measure',
POSITIVE_RATIO_MEASURE(7850.),#5921);
#5923=PROPERTY_DEFINITION_REPRESENTATION(#5928,#5925);
#5924=PROPERTY_DEFINITION_REPRESENTATION(#5929,#5926);
#5925=REPRESENTATION('material name',(#5927),#10420);
#5926=REPRESENTATION('density',(#5922),#10420);
#5927=DESCRIPTIVE_REPRESENTATION_ITEM('Steel','Steel');
#5928=PROPERTY_DEFINITION('material property','material name',#10430);
#5929=PROPERTY_DEFINITION('material property','density of part',#10430);
#5930=AXIS2_PLACEMENT_3D('',#8232,#6524,#6525);
#5931=AXIS2_PLACEMENT_3D('',#8233,#6526,#6527);
#5932=AXIS2_PLACEMENT_3D('',#8235,#6528,#6529);
#5933=AXIS2_PLACEMENT_3D('',#8238,#6531,#6532);
#5934=AXIS2_PLACEMENT_3D('',#8239,#6533,#6534);
#5935=AXIS2_PLACEMENT_3D('',#8241,#6535,#6536);
#5936=AXIS2_PLACEMENT_3D('',#8244,#6538,#6539);
#5937=AXIS2_PLACEMENT_3D('',#8245,#6540,#6541);
#5938=AXIS2_PLACEMENT_3D('',#8248,#6542,#6543);
#5939=AXIS2_PLACEMENT_3D('',#8250,#6544,#6545);
#5940=AXIS2_PLACEMENT_3D('',#8252,#6546,#6547);
#5941=AXIS2_PLACEMENT_3D('',#8254,#6548,#6549);
#5942=AXIS2_PLACEMENT_3D('',#8256,#6550,#6551);
#5943=AXIS2_PLACEMENT_3D('',#8258,#6552,#6553);
#5944=AXIS2_PLACEMENT_3D('',#8260,#6554,#6555);
#5945=AXIS2_PLACEMENT_3D('',#8262,#6556,#6557);
#5946=AXIS2_PLACEMENT_3D('',#8264,#6558,#6559);
#5947=AXIS2_PLACEMENT_3D('',#8266,#6560,#6561);
#5948=AXIS2_PLACEMENT_3D('',#8268,#6562,#6563);
#5949=AXIS2_PLACEMENT_3D('',#8270,#6564,#6565);
#5950=AXIS2_PLACEMENT_3D('',#8272,#6566,#6567);
#5951=AXIS2_PLACEMENT_3D('',#8274,#6568,#6569);
#5952=AXIS2_PLACEMENT_3D('',#8276,#6570,#6571);
#5953=AXIS2_PLACEMENT_3D('',#8278,#6572,#6573);
#5954=AXIS2_PLACEMENT_3D('',#8280,#6574,#6575);
#5955=AXIS2_PLACEMENT_3D('',#8282,#6576,#6577);
#5956=AXIS2_PLACEMENT_3D('',#8284,#6578,#6579);
#5957=AXIS2_PLACEMENT_3D('',#8286,#6580,#6581);
#5958=AXIS2_PLACEMENT_3D('',#8288,#6582,#6583);
#5959=AXIS2_PLACEMENT_3D('',#8290,#6584,#6585);
#5960=AXIS2_PLACEMENT_3D('',#8292,#6586,#6587);
#5961=AXIS2_PLACEMENT_3D('',#8294,#6588,#6589);
#5962=AXIS2_PLACEMENT_3D('',#8296,#6590,#6591);
#5963=AXIS2_PLACEMENT_3D('',#8298,#6592,#6593);
#5964=AXIS2_PLACEMENT_3D('',#8300,#6594,#6595);
#5965=AXIS2_PLACEMENT_3D('',#8302,#6596,#6597);
#5966=AXIS2_PLACEMENT_3D('',#8304,#6598,#6599);
#5967=AXIS2_PLACEMENT_3D('',#8306,#6600,#6601);
#5968=AXIS2_PLACEMENT_3D('',#8308,#6602,#6603);
#5969=AXIS2_PLACEMENT_3D('',#8310,#6604,#6605);
#5970=AXIS2_PLACEMENT_3D('',#8312,#6606,#6607);
#5971=AXIS2_PLACEMENT_3D('',#8314,#6608,#6609);
#5972=AXIS2_PLACEMENT_3D('',#8316,#6610,#6611);
#5973=AXIS2_PLACEMENT_3D('',#8318,#6612,#6613);
#5974=AXIS2_PLACEMENT_3D('',#8320,#6614,#6615);
#5975=AXIS2_PLACEMENT_3D('',#8322,#6616,#6617);
#5976=AXIS2_PLACEMENT_3D('',#8324,#6618,#6619);
#5977=AXIS2_PLACEMENT_3D('',#8326,#6620,#6621);
#5978=AXIS2_PLACEMENT_3D('',#8328,#6622,#6623);
#5979=AXIS2_PLACEMENT_3D('',#8330,#6624,#6625);
#5980=AXIS2_PLACEMENT_3D('',#8332,#6626,#6627);
#5981=AXIS2_PLACEMENT_3D('',#8334,#6628,#6629);
#5982=AXIS2_PLACEMENT_3D('',#8336,#6630,#6631);
#5983=AXIS2_PLACEMENT_3D('',#8338,#6632,#6633);
#5984=AXIS2_PLACEMENT_3D('',#8340,#6634,#6635);
#5985=AXIS2_PLACEMENT_3D('',#8342,#6636,#6637);
#5986=AXIS2_PLACEMENT_3D('',#8344,#6638,#6639);
#5987=AXIS2_PLACEMENT_3D('',#8346,#6640,#6641);
#5988=AXIS2_PLACEMENT_3D('',#8348,#6642,#6643);
#5989=AXIS2_PLACEMENT_3D('',#8350,#6644,#6645);
#5990=AXIS2_PLACEMENT_3D('',#8352,#6646,#6647);
#5991=AXIS2_PLACEMENT_3D('',#8354,#6648,#6649);
#5992=AXIS2_PLACEMENT_3D('',#8356,#6650,#6651);
#5993=AXIS2_PLACEMENT_3D('',#8358,#6652,#6653);
#5994=AXIS2_PLACEMENT_3D('',#8360,#6654,#6655);
#5995=AXIS2_PLACEMENT_3D('',#8362,#6656,#6657);
#5996=AXIS2_PLACEMENT_3D('',#8364,#6658,#6659);
#5997=AXIS2_PLACEMENT_3D('',#8366,#6660,#6661);
#5998=AXIS2_PLACEMENT_3D('',#8368,#6662,#6663);
#5999=AXIS2_PLACEMENT_3D('',#8370,#6664,#6665);
#6000=AXIS2_PLACEMENT_3D('',#8372,#6666,#6667);
#6001=AXIS2_PLACEMENT_3D('',#8374,#6668,#6669);
#6002=AXIS2_PLACEMENT_3D('',#8376,#6670,#6671);
#6003=AXIS2_PLACEMENT_3D('',#8378,#6672,#6673);
#6004=AXIS2_PLACEMENT_3D('',#8380,#6674,#6675);
#6005=AXIS2_PLACEMENT_3D('',#8382,#6676,#6677);
#6006=AXIS2_PLACEMENT_3D('',#8384,#6678,#6679);
#6007=AXIS2_PLACEMENT_3D('',#8386,#6680,#6681);
#6008=AXIS2_PLACEMENT_3D('',#8388,#6682,#6683);
#6009=AXIS2_PLACEMENT_3D('',#8390,#6684,#6685);
#6010=AXIS2_PLACEMENT_3D('',#8392,#6686,#6687);
#6011=AXIS2_PLACEMENT_3D('',#8394,#6688,#6689);
#6012=AXIS2_PLACEMENT_3D('',#8396,#6690,#6691);
#6013=AXIS2_PLACEMENT_3D('',#8398,#6692,#6693);
#6014=AXIS2_PLACEMENT_3D('',#8400,#6694,#6695);
#6015=AXIS2_PLACEMENT_3D('',#8402,#6696,#6697);
#6016=AXIS2_PLACEMENT_3D('',#8404,#6698,#6699);
#6017=AXIS2_PLACEMENT_3D('',#8406,#6700,#6701);
#6018=AXIS2_PLACEMENT_3D('',#8408,#6702,#6703);
#6019=AXIS2_PLACEMENT_3D('',#8410,#6704,#6705);
#6020=AXIS2_PLACEMENT_3D('',#8412,#6706,#6707);
#6021=AXIS2_PLACEMENT_3D('',#8414,#6708,#6709);
#6022=AXIS2_PLACEMENT_3D('',#8416,#6710,#6711);
#6023=AXIS2_PLACEMENT_3D('',#8418,#6712,#6713);
#6024=AXIS2_PLACEMENT_3D('',#8420,#6714,#6715);
#6025=AXIS2_PLACEMENT_3D('',#8422,#6716,#6717);
#6026=AXIS2_PLACEMENT_3D('',#8424,#6718,#6719);
#6027=AXIS2_PLACEMENT_3D('',#8426,#6720,#6721);
#6028=AXIS2_PLACEMENT_3D('',#8428,#6722,#6723);
#6029=AXIS2_PLACEMENT_3D('',#8430,#6724,#6725);
#6030=AXIS2_PLACEMENT_3D('',#8432,#6726,#6727);
#6031=AXIS2_PLACEMENT_3D('',#8434,#6728,#6729);
#6032=AXIS2_PLACEMENT_3D('',#8436,#6730,#6731);
#6033=AXIS2_PLACEMENT_3D('',#8438,#6732,#6733);
#6034=AXIS2_PLACEMENT_3D('',#8440,#6734,#6735);
#6035=AXIS2_PLACEMENT_3D('',#8442,#6736,#6737);
#6036=AXIS2_PLACEMENT_3D('',#8444,#6738,#6739);
#6037=AXIS2_PLACEMENT_3D('',#8446,#6740,#6741);
#6038=AXIS2_PLACEMENT_3D('',#8448,#6742,#6743);
#6039=AXIS2_PLACEMENT_3D('',#8450,#6744,#6745);
#6040=AXIS2_PLACEMENT_3D('',#8452,#6746,#6747);
#6041=AXIS2_PLACEMENT_3D('',#8454,#6748,#6749);
#6042=AXIS2_PLACEMENT_3D('',#8456,#6750,#6751);
#6043=AXIS2_PLACEMENT_3D('',#8458,#6752,#6753);
#6044=AXIS2_PLACEMENT_3D('',#8460,#6754,#6755);
#6045=AXIS2_PLACEMENT_3D('',#8462,#6756,#6757);
#6046=AXIS2_PLACEMENT_3D('',#8464,#6758,#6759);
#6047=AXIS2_PLACEMENT_3D('',#8466,#6760,#6761);
#6048=AXIS2_PLACEMENT_3D('',#8468,#6762,#6763);
#6049=AXIS2_PLACEMENT_3D('',#8470,#6764,#6765);
#6050=AXIS2_PLACEMENT_3D('',#8472,#6766,#6767);
#6051=AXIS2_PLACEMENT_3D('',#8474,#6768,#6769);
#6052=AXIS2_PLACEMENT_3D('',#8476,#6770,#6771);
#6053=AXIS2_PLACEMENT_3D('',#8478,#6772,#6773);
#6054=AXIS2_PLACEMENT_3D('',#8480,#6774,#6775);
#6055=AXIS2_PLACEMENT_3D('',#8482,#6776,#6777);
#6056=AXIS2_PLACEMENT_3D('',#8484,#6778,#6779);
#6057=AXIS2_PLACEMENT_3D('',#8485,#6780,#6781);
#6058=AXIS2_PLACEMENT_3D('',#8486,#6782,#6783);
#6059=AXIS2_PLACEMENT_3D('',#8488,#6784,#6785);
#6060=AXIS2_PLACEMENT_3D('',#8490,#6786,#6787);
#6061=AXIS2_PLACEMENT_3D('',#8491,#6788,#6789);
#6062=AXIS2_PLACEMENT_3D('',#8494,#6791,#6792);
#6063=AXIS2_PLACEMENT_3D('',#8495,#6793,#6794);
#6064=AXIS2_PLACEMENT_3D('',#8496,#6795,#6796);
#6065=AXIS2_PLACEMENT_3D('',#8498,#6797,#6798);
#6066=AXIS2_PLACEMENT_3D('',#8500,#6800,#6801);
#6067=AXIS2_PLACEMENT_3D('',#8509,#6806,#6807);
#6068=AXIS2_PLACEMENT_3D('',#8515,#6811,#6812);
#6069=AXIS2_PLACEMENT_3D('',#8521,#6816,#6817);
#6070=AXIS2_PLACEMENT_3D('',#8527,#6821,#6822);
#6071=AXIS2_PLACEMENT_3D('',#8533,#6826,#6827);
#6072=AXIS2_PLACEMENT_3D('',#8539,#6831,#6832);
#6073=AXIS2_PLACEMENT_3D('',#8545,#6836,#6837);
#6074=AXIS2_PLACEMENT_3D('',#8551,#6841,#6842);
#6075=AXIS2_PLACEMENT_3D('',#8557,#6846,#6847);
#6076=AXIS2_PLACEMENT_3D('',#8563,#6851,#6852);
#6077=AXIS2_PLACEMENT_3D('',#8569,#6856,#6857);
#6078=AXIS2_PLACEMENT_3D('',#8575,#6861,#6862);
#6079=AXIS2_PLACEMENT_3D('',#8581,#6866,#6867);
#6080=AXIS2_PLACEMENT_3D('',#8587,#6871,#6872);
#6081=AXIS2_PLACEMENT_3D('',#8593,#6876,#6877);
#6082=AXIS2_PLACEMENT_3D('',#8599,#6881,#6882);
#6083=AXIS2_PLACEMENT_3D('',#8605,#6886,#6887);
#6084=AXIS2_PLACEMENT_3D('',#8611,#6891,#6892);
#6085=AXIS2_PLACEMENT_3D('',#8617,#6896,#6897);
#6086=AXIS2_PLACEMENT_3D('',#8623,#6901,#6902);
#6087=AXIS2_PLACEMENT_3D('',#8629,#6906,#6907);
#6088=AXIS2_PLACEMENT_3D('',#8635,#6911,#6912);
#6089=AXIS2_PLACEMENT_3D('',#8641,#6916,#6917);
#6090=AXIS2_PLACEMENT_3D('',#8647,#6921,#6922);
#6091=AXIS2_PLACEMENT_3D('',#8653,#6926,#6927);
#6092=AXIS2_PLACEMENT_3D('',#8659,#6931,#6932);
#6093=AXIS2_PLACEMENT_3D('',#8665,#6936,#6937);
#6094=AXIS2_PLACEMENT_3D('',#8671,#6941,#6942);
#6095=AXIS2_PLACEMENT_3D('',#8677,#6946,#6947);
#6096=AXIS2_PLACEMENT_3D('',#8683,#6951,#6952);
#6097=AXIS2_PLACEMENT_3D('',#8689,#6956,#6957);
#6098=AXIS2_PLACEMENT_3D('',#8695,#6961,#6962);
#6099=AXIS2_PLACEMENT_3D('',#8698,#6965,#6966);
#6100=AXIS2_PLACEMENT_3D('',#8699,#6967,#6968);
#6101=AXIS2_PLACEMENT_3D('',#8708,#6973,#6974);
#6102=AXIS2_PLACEMENT_3D('',#8714,#6978,#6979);
#6103=AXIS2_PLACEMENT_3D('',#8720,#6983,#6984);
#6104=AXIS2_PLACEMENT_3D('',#8726,#6988,#6989);
#6105=AXIS2_PLACEMENT_3D('',#8732,#6993,#6994);
#6106=AXIS2_PLACEMENT_3D('',#8738,#6998,#6999);
#6107=AXIS2_PLACEMENT_3D('',#8744,#7003,#7004);
#6108=AXIS2_PLACEMENT_3D('',#8750,#7008,#7009);
#6109=AXIS2_PLACEMENT_3D('',#8756,#7013,#7014);
#6110=AXIS2_PLACEMENT_3D('',#8762,#7018,#7019);
#6111=AXIS2_PLACEMENT_3D('',#8768,#7023,#7024);
#6112=AXIS2_PLACEMENT_3D('',#8774,#7028,#7029);
#6113=AXIS2_PLACEMENT_3D('',#8780,#7033,#7034);
#6114=AXIS2_PLACEMENT_3D('',#8786,#7038,#7039);
#6115=AXIS2_PLACEMENT_3D('',#8792,#7043,#7044);
#6116=AXIS2_PLACEMENT_3D('',#8798,#7048,#7049);
#6117=AXIS2_PLACEMENT_3D('',#8804,#7053,#7054);
#6118=AXIS2_PLACEMENT_3D('',#8810,#7058,#7059);
#6119=AXIS2_PLACEMENT_3D('',#8816,#7063,#7064);
#6120=AXIS2_PLACEMENT_3D('',#8822,#7068,#7069);
#6121=AXIS2_PLACEMENT_3D('',#8828,#7073,#7074);
#6122=AXIS2_PLACEMENT_3D('',#8834,#7078,#7079);
#6123=AXIS2_PLACEMENT_3D('',#8840,#7083,#7084);
#6124=AXIS2_PLACEMENT_3D('',#8846,#7088,#7089);
#6125=AXIS2_PLACEMENT_3D('',#8852,#7093,#7094);
#6126=AXIS2_PLACEMENT_3D('',#8858,#7098,#7099);
#6127=AXIS2_PLACEMENT_3D('',#8864,#7103,#7104);
#6128=AXIS2_PLACEMENT_3D('',#8870,#7108,#7109);
#6129=AXIS2_PLACEMENT_3D('',#8876,#7113,#7114);
#6130=AXIS2_PLACEMENT_3D('',#8882,#7118,#7119);
#6131=AXIS2_PLACEMENT_3D('',#8888,#7123,#7124);
#6132=AXIS2_PLACEMENT_3D('',#8894,#7128,#7129);
#6133=AXIS2_PLACEMENT_3D('',#8897,#7132,#7133);
#6134=AXIS2_PLACEMENT_3D('',#8898,#7134,#7135);
#6135=AXIS2_PLACEMENT_3D('',#8907,#7140,#7141);
#6136=AXIS2_PLACEMENT_3D('',#8913,#7145,#7146);
#6137=AXIS2_PLACEMENT_3D('',#8919,#7150,#7151);
#6138=AXIS2_PLACEMENT_3D('',#8925,#7155,#7156);
#6139=AXIS2_PLACEMENT_3D('',#8931,#7160,#7161);
#6140=AXIS2_PLACEMENT_3D('',#8937,#7165,#7166);
#6141=AXIS2_PLACEMENT_3D('',#8943,#7170,#7171);
#6142=AXIS2_PLACEMENT_3D('',#8949,#7175,#7176);
#6143=AXIS2_PLACEMENT_3D('',#8955,#7180,#7181);
#6144=AXIS2_PLACEMENT_3D('',#8961,#7185,#7186);
#6145=AXIS2_PLACEMENT_3D('',#8967,#7190,#7191);
#6146=AXIS2_PLACEMENT_3D('',#8973,#7195,#7196);
#6147=AXIS2_PLACEMENT_3D('',#8979,#7200,#7201);
#6148=AXIS2_PLACEMENT_3D('',#8985,#7205,#7206);
#6149=AXIS2_PLACEMENT_3D('',#8991,#7210,#7211);
#6150=AXIS2_PLACEMENT_3D('',#8997,#7215,#7216);
#6151=AXIS2_PLACEMENT_3D('',#9003,#7220,#7221);
#6152=AXIS2_PLACEMENT_3D('',#9009,#7225,#7226);
#6153=AXIS2_PLACEMENT_3D('',#9015,#7230,#7231);
#6154=AXIS2_PLACEMENT_3D('',#9021,#7235,#7236);
#6155=AXIS2_PLACEMENT_3D('',#9027,#7240,#7241);
#6156=AXIS2_PLACEMENT_3D('',#9033,#7245,#7246);
#6157=AXIS2_PLACEMENT_3D('',#9039,#7250,#7251);
#6158=AXIS2_PLACEMENT_3D('',#9045,#7255,#7256);
#6159=AXIS2_PLACEMENT_3D('',#9051,#7260,#7261);
#6160=AXIS2_PLACEMENT_3D('',#9057,#7265,#7266);
#6161=AXIS2_PLACEMENT_3D('',#9063,#7270,#7271);
#6162=AXIS2_PLACEMENT_3D('',#9069,#7275,#7276);
#6163=AXIS2_PLACEMENT_3D('',#9075,#7280,#7281);
#6164=AXIS2_PLACEMENT_3D('',#9081,#7285,#7286);
#6165=AXIS2_PLACEMENT_3D('',#9087,#7290,#7291);
#6166=AXIS2_PLACEMENT_3D('',#9093,#7295,#7296);
#6167=AXIS2_PLACEMENT_3D('',#9096,#7299,#7300);
#6168=AXIS2_PLACEMENT_3D('',#9097,#7301,#7302);
#6169=AXIS2_PLACEMENT_3D('',#9106,#7307,#7308);
#6170=AXIS2_PLACEMENT_3D('',#9112,#7312,#7313);
#6171=AXIS2_PLACEMENT_3D('',#9118,#7317,#7318);
#6172=AXIS2_PLACEMENT_3D('',#9124,#7322,#7323);
#6173=AXIS2_PLACEMENT_3D('',#9130,#7327,#7328);
#6174=AXIS2_PLACEMENT_3D('',#9136,#7332,#7333);
#6175=AXIS2_PLACEMENT_3D('',#9142,#7337,#7338);
#6176=AXIS2_PLACEMENT_3D('',#9148,#7342,#7343);
#6177=AXIS2_PLACEMENT_3D('',#9154,#7347,#7348);
#6178=AXIS2_PLACEMENT_3D('',#9160,#7352,#7353);
#6179=AXIS2_PLACEMENT_3D('',#9166,#7357,#7358);
#6180=AXIS2_PLACEMENT_3D('',#9172,#7362,#7363);
#6181=AXIS2_PLACEMENT_3D('',#9178,#7367,#7368);
#6182=AXIS2_PLACEMENT_3D('',#9184,#7372,#7373);
#6183=AXIS2_PLACEMENT_3D('',#9190,#7377,#7378);
#6184=AXIS2_PLACEMENT_3D('',#9196,#7382,#7383);
#6185=AXIS2_PLACEMENT_3D('',#9202,#7387,#7388);
#6186=AXIS2_PLACEMENT_3D('',#9208,#7392,#7393);
#6187=AXIS2_PLACEMENT_3D('',#9214,#7397,#7398);
#6188=AXIS2_PLACEMENT_3D('',#9220,#7402,#7403);
#6189=AXIS2_PLACEMENT_3D('',#9226,#7407,#7408);
#6190=AXIS2_PLACEMENT_3D('',#9232,#7412,#7413);
#6191=AXIS2_PLACEMENT_3D('',#9238,#7417,#7418);
#6192=AXIS2_PLACEMENT_3D('',#9244,#7422,#7423);
#6193=AXIS2_PLACEMENT_3D('',#9250,#7427,#7428);
#6194=AXIS2_PLACEMENT_3D('',#9256,#7432,#7433);
#6195=AXIS2_PLACEMENT_3D('',#9262,#7437,#7438);
#6196=AXIS2_PLACEMENT_3D('',#9268,#7442,#7443);
#6197=AXIS2_PLACEMENT_3D('',#9274,#7447,#7448);
#6198=AXIS2_PLACEMENT_3D('',#9280,#7452,#7453);
#6199=AXIS2_PLACEMENT_3D('',#9286,#7457,#7458);
#6200=AXIS2_PLACEMENT_3D('',#9292,#7462,#7463);
#6201=AXIS2_PLACEMENT_3D('',#9295,#7466,#7467);
#6202=AXIS2_PLACEMENT_3D('',#9296,#7468,#7469);
#6203=AXIS2_PLACEMENT_3D('',#9297,#7470,#7471);
#6204=AXIS2_PLACEMENT_3D('',#9300,#7472,#7473);
#6205=AXIS2_PLACEMENT_3D('',#9303,#7476,#7477);
#6206=AXIS2_PLACEMENT_3D('',#9306,#7478,#7479);
#6207=AXIS2_PLACEMENT_3D('',#9309,#7482,#7483);
#6208=AXIS2_PLACEMENT_3D('',#9312,#7484,#7485);
#6209=AXIS2_PLACEMENT_3D('',#9315,#7488,#7489);
#6210=AXIS2_PLACEMENT_3D('',#9318,#7490,#7491);
#6211=AXIS2_PLACEMENT_3D('',#9321,#7494,#7495);
#6212=AXIS2_PLACEMENT_3D('',#9324,#7496,#7497);
#6213=AXIS2_PLACEMENT_3D('',#9327,#7500,#7501);
#6214=AXIS2_PLACEMENT_3D('',#9330,#7502,#7503);
#6215=AXIS2_PLACEMENT_3D('',#9333,#7506,#7507);
#6216=AXIS2_PLACEMENT_3D('',#9336,#7508,#7509);
#6217=AXIS2_PLACEMENT_3D('',#9339,#7512,#7513);
#6218=AXIS2_PLACEMENT_3D('',#9342,#7514,#7515);
#6219=AXIS2_PLACEMENT_3D('',#9345,#7518,#7519);
#6220=AXIS2_PLACEMENT_3D('',#9348,#7520,#7521);
#6221=AXIS2_PLACEMENT_3D('',#9351,#7524,#7525);
#6222=AXIS2_PLACEMENT_3D('',#9354,#7526,#7527);
#6223=AXIS2_PLACEMENT_3D('',#9357,#7530,#7531);
#6224=AXIS2_PLACEMENT_3D('',#9358,#7532,#7533);
#6225=AXIS2_PLACEMENT_3D('',#9359,#7534,#7535);
#6226=AXIS2_PLACEMENT_3D('',#9361,#7536,#7537);
#6227=AXIS2_PLACEMENT_3D('',#9377,#7539,#7540);
#6228=AXIS2_PLACEMENT_3D('',#9394,#7542,#7543);
#6229=AXIS2_PLACEMENT_3D('',#9395,#7544,#7545);
#6230=AXIS2_PLACEMENT_3D('',#9398,#7546,#7547);
#6231=AXIS2_PLACEMENT_3D('',#9400,#7548,#7549);
#6232=AXIS2_PLACEMENT_3D('',#9401,#7550,#7551);
#6233=AXIS2_PLACEMENT_3D('',#9403,#7552,#7553);
#6234=AXIS2_PLACEMENT_3D('',#9405,#7554,#7555);
#6235=AXIS2_PLACEMENT_3D('',#9407,#7556,#7557);
#6236=AXIS2_PLACEMENT_3D('',#9409,#7558,#7559);
#6237=AXIS2_PLACEMENT_3D('',#9410,#7560,#7561);
#6238=AXIS2_PLACEMENT_3D('',#9412,#7562,#7563);
#6239=AXIS2_PLACEMENT_3D('',#9414,#7564,#7565);
#6240=AXIS2_PLACEMENT_3D('',#9416,#7566,#7567);
#6241=AXIS2_PLACEMENT_3D('',#9418,#7568,#7569);
#6242=AXIS2_PLACEMENT_3D('',#9419,#7570,#7571);
#6243=AXIS2_PLACEMENT_3D('',#9421,#7572,#7573);
#6244=AXIS2_PLACEMENT_3D('',#9423,#7574,#7575);
#6245=AXIS2_PLACEMENT_3D('',#9425,#7576,#7577);
#6246=AXIS2_PLACEMENT_3D('',#9427,#7578,#7579);
#6247=AXIS2_PLACEMENT_3D('',#9429,#7580,#7581);
#6248=AXIS2_PLACEMENT_3D('',#9431,#7582,#7583);
#6249=AXIS2_PLACEMENT_3D('',#9433,#7584,#7585);
#6250=AXIS2_PLACEMENT_3D('',#9435,#7586,#7587);
#6251=AXIS2_PLACEMENT_3D('',#9437,#7588,#7589);
#6252=AXIS2_PLACEMENT_3D('',#9439,#7590,#7591);
#6253=AXIS2_PLACEMENT_3D('',#9441,#7592,#7593);
#6254=AXIS2_PLACEMENT_3D('',#9443,#7594,#7595);
#6255=AXIS2_PLACEMENT_3D('',#9445,#7596,#7597);
#6256=AXIS2_PLACEMENT_3D('',#9447,#7598,#7599);
#6257=AXIS2_PLACEMENT_3D('',#9449,#7600,#7601);
#6258=AXIS2_PLACEMENT_3D('',#9451,#7602,#7603);
#6259=AXIS2_PLACEMENT_3D('',#9453,#7604,#7605);
#6260=AXIS2_PLACEMENT_3D('',#9455,#7606,#7607);
#6261=AXIS2_PLACEMENT_3D('',#9457,#7608,#7609);
#6262=AXIS2_PLACEMENT_3D('',#9459,#7610,#7611);
#6263=AXIS2_PLACEMENT_3D('',#9461,#7612,#7613);
#6264=AXIS2_PLACEMENT_3D('',#9463,#7614,#7615);
#6265=AXIS2_PLACEMENT_3D('',#9465,#7616,#7617);
#6266=AXIS2_PLACEMENT_3D('',#9467,#7618,#7619);
#6267=AXIS2_PLACEMENT_3D('',#9469,#7620,#7621);
#6268=AXIS2_PLACEMENT_3D('',#9471,#7622,#7623);
#6269=AXIS2_PLACEMENT_3D('',#9473,#7624,#7625);
#6270=AXIS2_PLACEMENT_3D('',#9475,#7626,#7627);
#6271=AXIS2_PLACEMENT_3D('',#9477,#7628,#7629);
#6272=AXIS2_PLACEMENT_3D('',#9479,#7630,#7631);
#6273=AXIS2_PLACEMENT_3D('',#9481,#7632,#7633);
#6274=AXIS2_PLACEMENT_3D('',#9483,#7634,#7635);
#6275=AXIS2_PLACEMENT_3D('',#9485,#7636,#7637);
#6276=AXIS2_PLACEMENT_3D('',#9487,#7638,#7639);
#6277=AXIS2_PLACEMENT_3D('',#9489,#7640,#7641);
#6278=AXIS2_PLACEMENT_3D('',#9491,#7642,#7643);
#6279=AXIS2_PLACEMENT_3D('',#9493,#7644,#7645);
#6280=AXIS2_PLACEMENT_3D('',#9495,#7646,#7647);
#6281=AXIS2_PLACEMENT_3D('',#9497,#7648,#7649);
#6282=AXIS2_PLACEMENT_3D('',#9499,#7650,#7651);
#6283=AXIS2_PLACEMENT_3D('',#9501,#7652,#7653);
#6284=AXIS2_PLACEMENT_3D('',#9503,#7654,#7655);
#6285=AXIS2_PLACEMENT_3D('',#9505,#7656,#7657);
#6286=AXIS2_PLACEMENT_3D('',#9507,#7658,#7659);
#6287=AXIS2_PLACEMENT_3D('',#9509,#7660,#7661);
#6288=AXIS2_PLACEMENT_3D('',#9511,#7662,#7663);
#6289=AXIS2_PLACEMENT_3D('',#9513,#7664,#7665);
#6290=AXIS2_PLACEMENT_3D('',#9515,#7666,#7667);
#6291=AXIS2_PLACEMENT_3D('',#9517,#7668,#7669);
#6292=AXIS2_PLACEMENT_3D('',#9519,#7670,#7671);
#6293=AXIS2_PLACEMENT_3D('',#9521,#7672,#7673);
#6294=AXIS2_PLACEMENT_3D('',#9523,#7674,#7675);
#6295=AXIS2_PLACEMENT_3D('',#9525,#7676,#7677);
#6296=AXIS2_PLACEMENT_3D('',#9527,#7678,#7679);
#6297=AXIS2_PLACEMENT_3D('',#9529,#7680,#7681);
#6298=AXIS2_PLACEMENT_3D('',#9531,#7682,#7683);
#6299=AXIS2_PLACEMENT_3D('',#9533,#7684,#7685);
#6300=AXIS2_PLACEMENT_3D('',#9535,#7686,#7687);
#6301=AXIS2_PLACEMENT_3D('',#9537,#7688,#7689);
#6302=AXIS2_PLACEMENT_3D('',#9539,#7690,#7691);
#6303=AXIS2_PLACEMENT_3D('',#9541,#7692,#7693);
#6304=AXIS2_PLACEMENT_3D('',#9543,#7694,#7695);
#6305=AXIS2_PLACEMENT_3D('',#9545,#7696,#7697);
#6306=AXIS2_PLACEMENT_3D('',#9547,#7698,#7699);
#6307=AXIS2_PLACEMENT_3D('',#9549,#7700,#7701);
#6308=AXIS2_PLACEMENT_3D('',#9551,#7702,#7703);
#6309=AXIS2_PLACEMENT_3D('',#9552,#7704,#7705);
#6310=AXIS2_PLACEMENT_3D('',#9554,#7706,#7707);
#6311=AXIS2_PLACEMENT_3D('',#9556,#7708,#7709);
#6312=AXIS2_PLACEMENT_3D('',#9558,#7710,#7711);
#6313=AXIS2_PLACEMENT_3D('',#9560,#7712,#7713);
#6314=AXIS2_PLACEMENT_3D('',#9561,#7714,#7715);
#6315=AXIS2_PLACEMENT_3D('',#9563,#7716,#7717);
#6316=AXIS2_PLACEMENT_3D('',#9565,#7718,#7719);
#6317=AXIS2_PLACEMENT_3D('',#9567,#7720,#7721);
#6318=AXIS2_PLACEMENT_3D('',#9569,#7722,#7723);
#6319=AXIS2_PLACEMENT_3D('',#9570,#7724,#7725);
#6320=AXIS2_PLACEMENT_3D('',#9572,#7726,#7727);
#6321=AXIS2_PLACEMENT_3D('',#9574,#7728,#7729);
#6322=AXIS2_PLACEMENT_3D('',#9576,#7730,#7731);
#6323=AXIS2_PLACEMENT_3D('',#9578,#7732,#7733);
#6324=AXIS2_PLACEMENT_3D('',#9579,#7734,#7735);
#6325=AXIS2_PLACEMENT_3D('',#9581,#7736,#7737);
#6326=AXIS2_PLACEMENT_3D('',#9583,#7738,#7739);
#6327=AXIS2_PLACEMENT_3D('',#9585,#7740,#7741);
#6328=AXIS2_PLACEMENT_3D('',#9587,#7742,#7743);
#6329=AXIS2_PLACEMENT_3D('',#9588,#7744,#7745);
#6330=AXIS2_PLACEMENT_3D('',#9590,#7746,#7747);
#6331=AXIS2_PLACEMENT_3D('',#9592,#7748,#7749);
#6332=AXIS2_PLACEMENT_3D('',#9594,#7750,#7751);
#6333=AXIS2_PLACEMENT_3D('',#9596,#7752,#7753);
#6334=AXIS2_PLACEMENT_3D('',#9597,#7754,#7755);
#6335=AXIS2_PLACEMENT_3D('',#9599,#7756,#7757);
#6336=AXIS2_PLACEMENT_3D('',#9600,#7758,#7759);
#6337=AXIS2_PLACEMENT_3D('',#9601,#7760,#7761);
#6338=AXIS2_PLACEMENT_3D('',#9604,#7762,#7763);
#6339=AXIS2_PLACEMENT_3D('',#9608,#7765,#7766);
#6340=AXIS2_PLACEMENT_3D('',#9610,#7768,#7769);
#6341=AXIS2_PLACEMENT_3D('',#9613,#7770,#7771);
#6342=AXIS2_PLACEMENT_3D('',#9617,#7773,#7774);
#6343=AXIS2_PLACEMENT_3D('',#9619,#7776,#7777);
#6344=AXIS2_PLACEMENT_3D('',#9622,#7778,#7779);
#6345=AXIS2_PLACEMENT_3D('',#9626,#7781,#7782);
#6346=AXIS2_PLACEMENT_3D('',#9628,#7784,#7785);
#6347=AXIS2_PLACEMENT_3D('',#9631,#7786,#7787);
#6348=AXIS2_PLACEMENT_3D('',#9635,#7789,#7790);
#6349=AXIS2_PLACEMENT_3D('',#9637,#7792,#7793);
#6350=AXIS2_PLACEMENT_3D('',#9639,#7794,#7795);
#6351=AXIS2_PLACEMENT_3D('',#9641,#7796,#7797);
#6352=AXIS2_PLACEMENT_3D('',#9643,#7799,#7800);
#6353=AXIS2_PLACEMENT_3D('',#9646,#7801,#7802);
#6354=AXIS2_PLACEMENT_3D('',#9650,#7804,#7805);
#6355=AXIS2_PLACEMENT_3D('',#9652,#7807,#7808);
#6356=AXIS2_PLACEMENT_3D('',#9655,#7809,#7810);
#6357=AXIS2_PLACEMENT_3D('',#9659,#7812,#7813);
#6358=AXIS2_PLACEMENT_3D('',#9661,#7815,#7816);
#6359=AXIS2_PLACEMENT_3D('',#9664,#7817,#7818);
#6360=AXIS2_PLACEMENT_3D('',#9668,#7820,#7821);
#6361=AXIS2_PLACEMENT_3D('',#9670,#7823,#7824);
#6362=AXIS2_PLACEMENT_3D('',#9673,#7825,#7826);
#6363=AXIS2_PLACEMENT_3D('',#9677,#7828,#7829);
#6364=AXIS2_PLACEMENT_3D('',#9679,#7831,#7832);
#6365=AXIS2_PLACEMENT_3D('',#9682,#7833,#7834);
#6366=AXIS2_PLACEMENT_3D('',#9686,#7836,#7837);
#6367=AXIS2_PLACEMENT_3D('',#9688,#7839,#7840);
#6368=AXIS2_PLACEMENT_3D('',#9691,#7841,#7842);
#6369=AXIS2_PLACEMENT_3D('',#9695,#7844,#7845);
#6370=AXIS2_PLACEMENT_3D('',#9697,#7847,#7848);
#6371=AXIS2_PLACEMENT_3D('',#9700,#7849,#7850);
#6372=AXIS2_PLACEMENT_3D('',#9704,#7852,#7853);
#6373=AXIS2_PLACEMENT_3D('',#9706,#7855,#7856);
#6374=AXIS2_PLACEMENT_3D('',#9709,#7857,#7858);
#6375=AXIS2_PLACEMENT_3D('',#9713,#7860,#7861);
#6376=AXIS2_PLACEMENT_3D('',#9715,#7863,#7864);
#6377=AXIS2_PLACEMENT_3D('',#9718,#7865,#7866);
#6378=AXIS2_PLACEMENT_3D('',#9722,#7868,#7869);
#6379=AXIS2_PLACEMENT_3D('',#9724,#7871,#7872);
#6380=AXIS2_PLACEMENT_3D('',#9727,#7873,#7874);
#6381=AXIS2_PLACEMENT_3D('',#9731,#7876,#7877);
#6382=AXIS2_PLACEMENT_3D('',#9733,#7879,#7880);
#6383=AXIS2_PLACEMENT_3D('',#9736,#7881,#7882);
#6384=AXIS2_PLACEMENT_3D('',#9740,#7884,#7885);
#6385=AXIS2_PLACEMENT_3D('',#9742,#7887,#7888);
#6386=AXIS2_PLACEMENT_3D('',#9745,#7889,#7890);
#6387=AXIS2_PLACEMENT_3D('',#9749,#7892,#7893);
#6388=AXIS2_PLACEMENT_3D('',#9751,#7895,#7896);
#6389=AXIS2_PLACEMENT_3D('',#9754,#7897,#7898);
#6390=AXIS2_PLACEMENT_3D('',#9758,#7900,#7901);
#6391=AXIS2_PLACEMENT_3D('',#9760,#7903,#7904);
#6392=AXIS2_PLACEMENT_3D('',#9763,#7905,#7906);
#6393=AXIS2_PLACEMENT_3D('',#9767,#7908,#7909);
#6394=AXIS2_PLACEMENT_3D('',#9769,#7911,#7912);
#6395=AXIS2_PLACEMENT_3D('',#9782,#7913,#7914);
#6396=AXIS2_PLACEMENT_3D('',#9795,#7915,#7916);
#6397=AXIS2_PLACEMENT_3D('',#9808,#7917,#7918);
#6398=AXIS2_PLACEMENT_3D('',#9821,#7919,#7920);
#6399=AXIS2_PLACEMENT_3D('',#9828,#7921,#7922);
#6400=AXIS2_PLACEMENT_3D('',#9841,#7923,#7924);
#6401=AXIS2_PLACEMENT_3D('',#9854,#7925,#7926);
#6402=AXIS2_PLACEMENT_3D('',#9867,#7927,#7928);
#6403=AXIS2_PLACEMENT_3D('',#9880,#7929,#7930);
#6404=AXIS2_PLACEMENT_3D('',#9893,#7931,#7932);
#6405=AXIS2_PLACEMENT_3D('',#9906,#7933,#7934);
#6406=AXIS2_PLACEMENT_3D('',#9919,#7935,#7936);
#6407=AXIS2_PLACEMENT_3D('',#9932,#7937,#7938);
#6408=AXIS2_PLACEMENT_3D('',#9945,#7939,#7940);
#6409=AXIS2_PLACEMENT_3D('',#9958,#7941,#7942);
#6410=AXIS2_PLACEMENT_3D('',#9971,#7943,#7944);
#6411=AXIS2_PLACEMENT_3D('',#9984,#7945,#7946);
#6412=AXIS2_PLACEMENT_3D('',#9997,#7947,#7948);
#6413=AXIS2_PLACEMENT_3D('',#10010,#7949,#7950);
#6414=AXIS2_PLACEMENT_3D('',#10023,#7951,#7952);
#6415=AXIS2_PLACEMENT_3D('',#10036,#7953,#7954);
#6416=AXIS2_PLACEMENT_3D('',#10049,#7955,#7956);
#6417=AXIS2_PLACEMENT_3D('',#10062,#7957,#7958);
#6418=AXIS2_PLACEMENT_3D('',#10069,#7959,#7960);
#6419=AXIS2_PLACEMENT_3D('',#10082,#7961,#7962);
#6420=AXIS2_PLACEMENT_3D('',#10095,#7963,#7964);
#6421=AXIS2_PLACEMENT_3D('',#10108,#7965,#7966);
#6422=AXIS2_PLACEMENT_3D('',#10121,#7967,#7968);
#6423=AXIS2_PLACEMENT_3D('',#10134,#7969,#7970);
#6424=AXIS2_PLACEMENT_3D('',#10147,#7971,#7972);
#6425=AXIS2_PLACEMENT_3D('',#10160,#7973,#7974);
#6426=AXIS2_PLACEMENT_3D('',#10173,#7975,#7976);
#6427=AXIS2_PLACEMENT_3D('',#10186,#7977,#7978);
#6428=AXIS2_PLACEMENT_3D('',#10199,#7979,#7980);
#6429=AXIS2_PLACEMENT_3D('',#10212,#7981,#7982);
#6430=AXIS2_PLACEMENT_3D('',#10225,#7983,#7984);
#6431=AXIS2_PLACEMENT_3D('',#10238,#7985,#7986);
#6432=AXIS2_PLACEMENT_3D('',#10251,#7987,#7988);
#6433=AXIS2_PLACEMENT_3D('',#10253,#7989,#7990);
#6434=AXIS2_PLACEMENT_3D('',#10255,#7991,#7992);
#6435=AXIS2_PLACEMENT_3D('',#10257,#7994,#7995);
#6436=AXIS2_PLACEMENT_3D('',#10271,#7997,#7998);
#6437=AXIS2_PLACEMENT_3D('',#10274,#8001,#8002);
#6438=AXIS2_PLACEMENT_3D('',#10276,#8004,#8005);
#6439=AXIS2_PLACEMENT_3D('',#10277,#8006,#8007);
#6440=AXIS2_PLACEMENT_3D('',#10278,#8008,#8009);
#6441=AXIS2_PLACEMENT_3D('',#10279,#8010,#8011);
#6442=AXIS2_PLACEMENT_3D('',#10280,#8012,#8013);
#6443=AXIS2_PLACEMENT_3D('',#10282,#8015,#8016);
#6444=AXIS2_PLACEMENT_3D('',#10284,#8018,#8019);
#6445=AXIS2_PLACEMENT_3D('',#10286,#8021,#8022);
#6446=AXIS2_PLACEMENT_3D('',#10289,#8025,#8026);
#6447=AXIS2_PLACEMENT_3D('',#10291,#8028,#8029);
#6448=AXIS2_PLACEMENT_3D('',#10293,#8031,#8032);
#6449=AXIS2_PLACEMENT_3D('',#10296,#8035,#8036);
#6450=AXIS2_PLACEMENT_3D('',#10298,#8038,#8039);
#6451=AXIS2_PLACEMENT_3D('',#10300,#8041,#8042);
#6452=AXIS2_PLACEMENT_3D('',#10303,#8045,#8046);
#6453=AXIS2_PLACEMENT_3D('',#10305,#8048,#8049);
#6454=AXIS2_PLACEMENT_3D('',#10307,#8051,#8052);
#6455=AXIS2_PLACEMENT_3D('',#10310,#8055,#8056);
#6456=AXIS2_PLACEMENT_3D('',#10312,#8058,#8059);
#6457=AXIS2_PLACEMENT_3D('',#10314,#8061,#8062);
#6458=AXIS2_PLACEMENT_3D('',#10317,#8065,#8066);
#6459=AXIS2_PLACEMENT_3D('',#10319,#8068,#8069);
#6460=AXIS2_PLACEMENT_3D('',#10321,#8071,#8072);
#6461=AXIS2_PLACEMENT_3D('',#10324,#8075,#8076);
#6462=AXIS2_PLACEMENT_3D('',#10326,#8078,#8079);
#6463=AXIS2_PLACEMENT_3D('',#10328,#8081,#8082);
#6464=AXIS2_PLACEMENT_3D('',#10331,#8085,#8086);
#6465=AXIS2_PLACEMENT_3D('',#10333,#8088,#8089);
#6466=AXIS2_PLACEMENT_3D('',#10335,#8091,#8092);
#6467=AXIS2_PLACEMENT_3D('',#10338,#8095,#8096);
#6468=AXIS2_PLACEMENT_3D('',#10340,#8098,#8099);
#6469=AXIS2_PLACEMENT_3D('',#10342,#8101,#8102);
#6470=AXIS2_PLACEMENT_3D('',#10345,#8105,#8106);
#6471=AXIS2_PLACEMENT_3D('',#10347,#8108,#8109);
#6472=AXIS2_PLACEMENT_3D('',#10349,#8111,#8112);
#6473=AXIS2_PLACEMENT_3D('',#10352,#8115,#8116);
#6474=AXIS2_PLACEMENT_3D('',#10354,#8118,#8119);
#6475=AXIS2_PLACEMENT_3D('',#10355,#8120,#8121);
#6476=AXIS2_PLACEMENT_3D('',#10357,#8123,#8124);
#6477=AXIS2_PLACEMENT_3D('',#10359,#8126,#8127);
#6478=AXIS2_PLACEMENT_3D('',#10360,#8128,#8129);
#6479=AXIS2_PLACEMENT_3D('',#10362,#8131,#8132);
#6480=AXIS2_PLACEMENT_3D('',#10364,#8134,#8135);
#6481=AXIS2_PLACEMENT_3D('',#10365,#8136,#8137);
#6482=AXIS2_PLACEMENT_3D('',#10367,#8139,#8140);
#6483=AXIS2_PLACEMENT_3D('',#10369,#8142,#8143);
#6484=AXIS2_PLACEMENT_3D('',#10371,#8145,#8146);
#6485=AXIS2_PLACEMENT_3D('',#10373,#8148,#8149);
#6486=AXIS2_PLACEMENT_3D('',#10374,#8150,#8151);
#6487=AXIS2_PLACEMENT_3D('',#10375,#8152,#8153);
#6488=AXIS2_PLACEMENT_3D('',#10377,#8155,#8156);
#6489=AXIS2_PLACEMENT_3D('',#10379,#8158,#8159);
#6490=AXIS2_PLACEMENT_3D('',#10380,#8160,#8161);
#6491=AXIS2_PLACEMENT_3D('',#10382,#8163,#8164);
#6492=AXIS2_PLACEMENT_3D('',#10384,#8166,#8167);
#6493=AXIS2_PLACEMENT_3D('',#10385,#8168,#8169);
#6494=AXIS2_PLACEMENT_3D('',#10387,#8171,#8172);
#6495=AXIS2_PLACEMENT_3D('',#10389,#8174,#8175);
#6496=AXIS2_PLACEMENT_3D('',#10390,#8176,#8177);
#6497=AXIS2_PLACEMENT_3D('',#10391,#8178,#8179);
#6498=AXIS2_PLACEMENT_3D('',#10392,#8180,#8181);
#6499=AXIS2_PLACEMENT_3D('',#10393,#8182,#8183);
#6500=AXIS2_PLACEMENT_3D('',#10394,#8184,#8185);
#6501=AXIS2_PLACEMENT_3D('',#10395,#8186,#8187);
#6502=AXIS2_PLACEMENT_3D('',#10396,#8188,#8189);
#6503=AXIS2_PLACEMENT_3D('',#10397,#8190,#8191);
#6504=AXIS2_PLACEMENT_3D('',#10398,#8192,#8193);
#6505=AXIS2_PLACEMENT_3D('',#10399,#8194,#8195);
#6506=AXIS2_PLACEMENT_3D('',#10400,#8196,#8197);
#6507=AXIS2_PLACEMENT_3D('',#10401,#8198,#8199);
#6508=AXIS2_PLACEMENT_3D('',#10402,#8200,#8201);
#6509=AXIS2_PLACEMENT_3D('',#10403,#8202,#8203);
#6510=AXIS2_PLACEMENT_3D('',#10404,#8204,#8205);
#6511=AXIS2_PLACEMENT_3D('',#10405,#8206,#8207);
#6512=AXIS2_PLACEMENT_3D('',#10406,#8208,#8209);
#6513=AXIS2_PLACEMENT_3D('',#10407,#8210,#8211);
#6514=AXIS2_PLACEMENT_3D('',#10408,#8212,#8213);
#6515=AXIS2_PLACEMENT_3D('',#10409,#8214,#8215);
#6516=AXIS2_PLACEMENT_3D('',#10410,#8216,#8217);
#6517=AXIS2_PLACEMENT_3D('',#10411,#8218,#8219);
#6518=AXIS2_PLACEMENT_3D('',#10412,#8220,#8221);
#6519=AXIS2_PLACEMENT_3D('',#10413,#8222,#8223);
#6520=AXIS2_PLACEMENT_3D('',#10414,#8224,#8225);
#6521=AXIS2_PLACEMENT_3D('',#10415,#8226,#8227);
#6522=AXIS2_PLACEMENT_3D('',#10416,#8228,#8229);
#6523=AXIS2_PLACEMENT_3D('',#10417,#8230,#8231);
#6524=DIRECTION('axis',(0.,0.,1.));
#6525=DIRECTION('refdir',(1.,0.,0.));
#6526=DIRECTION('center_axis',(0.,0.,-1.));
#6527=DIRECTION('ref_axis',(-1.,0.,0.));
#6528=DIRECTION('center_axis',(0.,0.,-1.));
#6529=DIRECTION('ref_axis',(-1.,0.,0.));
#6530=DIRECTION('',(0.,0.,-1.));
#6531=DIRECTION('center_axis',(0.,0.,-1.));
#6532=DIRECTION('ref_axis',(-1.,0.,0.));
#6533=DIRECTION('center_axis',(0.,0.,1.));
#6534=DIRECTION('ref_axis',(1.,0.,0.));
#6535=DIRECTION('center_axis',(0.,0.,-1.));
#6536=DIRECTION('ref_axis',(1.,0.,0.));
#6537=DIRECTION('',(0.707106781186547,8.65956056235493E-17,-0.707106781186548));
#6538=DIRECTION('center_axis',(0.,0.,-1.));
#6539=DIRECTION('ref_axis',(1.,0.,0.));
#6540=DIRECTION('center_axis',(0.,0.,1.));
#6541=DIRECTION('ref_axis',(1.,0.,0.));
#6542=DIRECTION('center_axis',(0.,0.,-1.));
#6543=DIRECTION('ref_axis',(-0.587785252292471,0.809016994374949,0.));
#6544=DIRECTION('center_axis',(0.,0.,1.));
#6545=DIRECTION('ref_axis',(1.,0.,0.));
#6546=DIRECTION('center_axis',(0.,0.,-1.));
#6547=DIRECTION('ref_axis',(0.587785252292471,-0.809016994374949,0.));
#6548=DIRECTION('center_axis',(0.,0.,1.));
#6549=DIRECTION('ref_axis',(1.,0.,0.));
#6550=DIRECTION('center_axis',(0.,0.,-1.));
#6551=DIRECTION('ref_axis',(0.587785252292471,-0.809016994374949,0.));
#6552=DIRECTION('center_axis',(0.,0.,-1.));
#6553=DIRECTION('ref_axis',(1.,-2.66453525910038E-15,0.));
#6554=DIRECTION('center_axis',(0.,0.,-1.));
#6555=DIRECTION('ref_axis',(-0.309016994374945,0.951056516295154,0.));
#6556=DIRECTION('center_axis',(0.,0.,1.));
#6557=DIRECTION('ref_axis',(1.,0.,0.));
#6558=DIRECTION('center_axis',(0.,0.,-1.));
#6559=DIRECTION('ref_axis',(0.309016994374945,-0.951056516295154,0.));
#6560=DIRECTION('center_axis',(0.,0.,1.));
#6561=DIRECTION('ref_axis',(1.,0.,0.));
#6562=DIRECTION('center_axis',(0.,0.,-1.));
#6563=DIRECTION('ref_axis',(0.309016994374945,-0.951056516295154,0.));
#6564=DIRECTION('center_axis',(0.,0.,-1.));
#6565=DIRECTION('ref_axis',(1.,0.,0.));
#6566=DIRECTION('center_axis',(0.,0.,-1.));
#6567=DIRECTION('ref_axis',(3.56033037822624E-15,1.,0.));
#6568=DIRECTION('center_axis',(0.,0.,1.));
#6569=DIRECTION('ref_axis',(1.,0.,0.));
#6570=DIRECTION('center_axis',(0.,0.,-1.));
#6571=DIRECTION('ref_axis',(-3.49148133884313E-15,-1.,0.));
#6572=DIRECTION('center_axis',(0.,0.,1.));
#6573=DIRECTION('ref_axis',(1.,0.,0.));
#6574=DIRECTION('center_axis',(0.,0.,-1.));
#6575=DIRECTION('ref_axis',(-3.56033037822624E-15,-1.,0.));
#6576=DIRECTION('center_axis',(0.,0.,-1.));
#6577=DIRECTION('ref_axis',(1.,0.,0.));
#6578=DIRECTION('center_axis',(0.,0.,-1.));
#6579=DIRECTION('ref_axis',(0.309016994374952,0.951056516295152,0.));
#6580=DIRECTION('center_axis',(0.,0.,1.));
#6581=DIRECTION('ref_axis',(1.,0.,0.));
#6582=DIRECTION('center_axis',(0.,0.,-1.));
#6583=DIRECTION('ref_axis',(-0.309016994374952,-0.951056516295152,0.));
#6584=DIRECTION('center_axis',(0.,0.,1.));
#6585=DIRECTION('ref_axis',(1.,0.,0.));
#6586=DIRECTION('center_axis',(0.,0.,-1.));
#6587=DIRECTION('ref_axis',(-0.309016994374951,-0.951056516295152,0.));
#6588=DIRECTION('center_axis',(0.,0.,-1.));
#6589=DIRECTION('ref_axis',(1.,0.,0.));
#6590=DIRECTION('center_axis',(0.,0.,-1.));
#6591=DIRECTION('ref_axis',(0.587785252292477,0.809016994374945,0.));
#6592=DIRECTION('center_axis',(0.,0.,1.));
#6593=DIRECTION('ref_axis',(1.,0.,0.));
#6594=DIRECTION('center_axis',(0.,0.,-1.));
#6595=DIRECTION('ref_axis',(-0.587785252292477,-0.809016994374945,0.));
#6596=DIRECTION('center_axis',(0.,0.,1.));
#6597=DIRECTION('ref_axis',(1.,0.,0.));
#6598=DIRECTION('center_axis',(0.,0.,-1.));
#6599=DIRECTION('ref_axis',(-0.587785252292477,-0.809016994374945,0.));
#6600=DIRECTION('center_axis',(0.,0.,-1.));
#6601=DIRECTION('ref_axis',(1.,0.,0.));
#6602=DIRECTION('center_axis',(0.,0.,-1.));
#6603=DIRECTION('ref_axis',(0.809016994374951,0.587785252292468,0.));
#6604=DIRECTION('center_axis',(0.,0.,1.));
#6605=DIRECTION('ref_axis',(1.,0.,0.));
#6606=DIRECTION('center_axis',(0.,0.,-1.));
#6607=DIRECTION('ref_axis',(-0.809016994374951,-0.587785252292469,0.));
#6608=DIRECTION('center_axis',(0.,0.,1.));
#6609=DIRECTION('ref_axis',(1.,0.,0.));
#6610=DIRECTION('center_axis',(0.,0.,-1.));
#6611=DIRECTION('ref_axis',(-0.809016994374951,-0.587785252292469,0.));
#6612=DIRECTION('center_axis',(0.,0.,-1.));
#6613=DIRECTION('ref_axis',(1.,0.,0.));
#6614=DIRECTION('center_axis',(0.,0.,-1.));
#6615=DIRECTION('ref_axis',(0.951056516295156,0.309016994374941,0.));
#6616=DIRECTION('center_axis',(0.,0.,1.));
#6617=DIRECTION('ref_axis',(1.,0.,0.));
#6618=DIRECTION('center_axis',(0.,0.,-1.));
#6619=DIRECTION('ref_axis',(-0.951056516295156,-0.309016994374941,0.));
#6620=DIRECTION('center_axis',(0.,0.,1.));
#6621=DIRECTION('ref_axis',(1.,0.,0.));
#6622=DIRECTION('center_axis',(0.,0.,-1.));
#6623=DIRECTION('ref_axis',(-0.951056516295156,-0.309016994374941,0.));
#6624=DIRECTION('center_axis',(0.,0.,-1.));
#6625=DIRECTION('ref_axis',(1.,0.,0.));
#6626=DIRECTION('center_axis',(0.,0.,-1.));
#6627=DIRECTION('ref_axis',(1.,0.,0.));
#6628=DIRECTION('center_axis',(0.,0.,1.));
#6629=DIRECTION('ref_axis',(1.,0.,0.));
#6630=DIRECTION('center_axis',(0.,0.,-1.));
#6631=DIRECTION('ref_axis',(-1.,0.,0.));
#6632=DIRECTION('center_axis',(0.,0.,1.));
#6633=DIRECTION('ref_axis',(1.,0.,0.));
#6634=DIRECTION('center_axis',(0.,0.,-1.));
#6635=DIRECTION('ref_axis',(-1.,0.,0.));
#6636=DIRECTION('center_axis',(0.,0.,-1.));
#6637=DIRECTION('ref_axis',(1.,0.,0.));
#6638=DIRECTION('center_axis',(0.,0.,-1.));
#6639=DIRECTION('ref_axis',(0.951056516295151,-0.309016994374955,0.));
#6640=DIRECTION('center_axis',(0.,0.,1.));
#6641=DIRECTION('ref_axis',(1.,0.,0.));
#6642=DIRECTION('center_axis',(0.,0.,-1.));
#6643=DIRECTION('ref_axis',(-0.951056516295151,0.309016994374955,0.));
#6644=DIRECTION('center_axis',(0.,0.,1.));
#6645=DIRECTION('ref_axis',(1.,0.,0.));
#6646=DIRECTION('center_axis',(0.,0.,-1.));
#6647=DIRECTION('ref_axis',(-0.951056516295151,0.309016994374955,0.));
#6648=DIRECTION('center_axis',(0.,0.,-1.));
#6649=DIRECTION('ref_axis',(1.,2.66453525910038E-15,0.));
#6650=DIRECTION('center_axis',(0.,0.,-1.));
#6651=DIRECTION('ref_axis',(0.809016994374942,-0.58778525229248,0.));
#6652=DIRECTION('center_axis',(0.,0.,1.));
#6653=DIRECTION('ref_axis',(1.,0.,0.));
#6654=DIRECTION('center_axis',(0.,0.,-1.));
#6655=DIRECTION('ref_axis',(-0.809016994374942,0.58778525229248,0.));
#6656=DIRECTION('center_axis',(0.,0.,1.));
#6657=DIRECTION('ref_axis',(1.,0.,0.));
#6658=DIRECTION('center_axis',(0.,0.,-1.));
#6659=DIRECTION('ref_axis',(-0.809016994374942,0.58778525229248,0.));
#6660=DIRECTION('center_axis',(0.,0.,-1.));
#6661=DIRECTION('ref_axis',(1.,0.,0.));
#6662=DIRECTION('center_axis',(0.,0.,-1.));
#6663=DIRECTION('ref_axis',(0.587785252292465,-0.809016994374953,0.));
#6664=DIRECTION('center_axis',(0.,0.,1.));
#6665=DIRECTION('ref_axis',(1.,0.,0.));
#6666=DIRECTION('center_axis',(0.,0.,-1.));
#6667=DIRECTION('ref_axis',(-0.587785252292465,0.809016994374953,0.));
#6668=DIRECTION('center_axis',(0.,0.,1.));
#6669=DIRECTION('ref_axis',(1.,0.,0.));
#6670=DIRECTION('center_axis',(0.,0.,-1.));
#6671=DIRECTION('ref_axis',(-0.587785252292465,0.809016994374953,0.));
#6672=DIRECTION('center_axis',(0.,0.,-1.));
#6673=DIRECTION('ref_axis',(1.,0.,0.));
#6674=DIRECTION('center_axis',(0.,0.,-1.));
#6675=DIRECTION('ref_axis',(0.309016994374938,-0.951056516295157,0.));
#6676=DIRECTION('center_axis',(0.,0.,1.));
#6677=DIRECTION('ref_axis',(1.,0.,0.));
#6678=DIRECTION('center_axis',(0.,0.,-1.));
#6679=DIRECTION('ref_axis',(-0.309016994374938,0.951056516295157,0.));
#6680=DIRECTION('center_axis',(0.,0.,1.));
#6681=DIRECTION('ref_axis',(1.,0.,0.));
#6682=DIRECTION('center_axis',(0.,0.,-1.));
#6683=DIRECTION('ref_axis',(-0.309016994374938,0.951056516295157,0.));
#6684=DIRECTION('center_axis',(0.,0.,-1.));
#6685=DIRECTION('ref_axis',(1.,-7.99360577730113E-15,0.));
#6686=DIRECTION('center_axis',(0.,0.,-1.));
#6687=DIRECTION('ref_axis',(-1.02853988704314E-14,-1.,0.));
#6688=DIRECTION('center_axis',(0.,0.,1.));
#6689=DIRECTION('ref_axis',(1.,0.,0.));
#6690=DIRECTION('center_axis',(0.,0.,-1.));
#6691=DIRECTION('ref_axis',(1.04744440165294E-14,1.,0.));
#6692=DIRECTION('center_axis',(0.,0.,1.));
#6693=DIRECTION('ref_axis',(1.,0.,0.));
#6694=DIRECTION('center_axis',(0.,0.,-1.));
#6695=DIRECTION('ref_axis',(1.02853988704314E-14,1.,0.));
#6696=DIRECTION('center_axis',(0.,0.,-1.));
#6697=DIRECTION('ref_axis',(1.,0.,0.));
#6698=DIRECTION('center_axis',(0.,0.,-1.));
#6699=DIRECTION('ref_axis',(-0.309016994374958,-0.95105651629515,0.));
#6700=DIRECTION('center_axis',(0.,0.,1.));
#6701=DIRECTION('ref_axis',(1.,0.,0.));
#6702=DIRECTION('center_axis',(0.,0.,-1.));
#6703=DIRECTION('ref_axis',(0.309016994374958,0.95105651629515,0.));
#6704=DIRECTION('center_axis',(0.,0.,1.));
#6705=DIRECTION('ref_axis',(1.,0.,0.));
#6706=DIRECTION('center_axis',(0.,0.,-1.));
#6707=DIRECTION('ref_axis',(0.309016994374958,0.95105651629515,0.));
#6708=DIRECTION('center_axis',(0.,0.,-1.));
#6709=DIRECTION('ref_axis',(1.,0.,0.));
#6710=DIRECTION('center_axis',(0.,0.,-1.));
#6711=DIRECTION('ref_axis',(-0.587785252292483,-0.80901699437494,0.));
#6712=DIRECTION('center_axis',(0.,0.,1.));
#6713=DIRECTION('ref_axis',(1.,0.,0.));
#6714=DIRECTION('center_axis',(0.,0.,-1.));
#6715=DIRECTION('ref_axis',(0.587785252292483,0.80901699437494,0.));
#6716=DIRECTION('center_axis',(0.,0.,1.));
#6717=DIRECTION('ref_axis',(1.,0.,0.));
#6718=DIRECTION('center_axis',(0.,0.,-1.));
#6719=DIRECTION('ref_axis',(0.587785252292483,0.80901699437494,0.));
#6720=DIRECTION('center_axis',(0.,0.,-1.));
#6721=DIRECTION('ref_axis',(1.,1.06581410364015E-14,0.));
#6722=DIRECTION('center_axis',(0.,0.,-1.));
#6723=DIRECTION('ref_axis',(-0.809016994374955,-0.587785252292462,0.));
#6724=DIRECTION('center_axis',(0.,0.,1.));
#6725=DIRECTION('ref_axis',(1.,0.,0.));
#6726=DIRECTION('center_axis',(0.,0.,-1.));
#6727=DIRECTION('ref_axis',(0.809016994374955,0.587785252292462,0.));
#6728=DIRECTION('center_axis',(0.,0.,1.));
#6729=DIRECTION('ref_axis',(1.,0.,0.));
#6730=DIRECTION('center_axis',(0.,0.,-1.));
#6731=DIRECTION('ref_axis',(0.809016994374955,0.587785252292462,0.));
#6732=DIRECTION('center_axis',(0.,0.,-1.));
#6733=DIRECTION('ref_axis',(1.,-1.24344978758018E-14,0.));
#6734=DIRECTION('center_axis',(0.,0.,-1.));
#6735=DIRECTION('ref_axis',(-0.951056516295158,-0.309016994374935,0.));
#6736=DIRECTION('center_axis',(0.,0.,1.));
#6737=DIRECTION('ref_axis',(1.,0.,0.));
#6738=DIRECTION('center_axis',(0.,0.,-1.));
#6739=DIRECTION('ref_axis',(0.951056516295158,0.309016994374935,0.));
#6740=DIRECTION('center_axis',(0.,0.,1.));
#6741=DIRECTION('ref_axis',(1.,0.,0.));
#6742=DIRECTION('center_axis',(0.,0.,-1.));
#6743=DIRECTION('ref_axis',(0.951056516295158,0.309016994374935,0.));
#6744=DIRECTION('center_axis',(0.,0.,-1.));
#6745=DIRECTION('ref_axis',(1.,-1.24344978758018E-14,0.));
#6746=DIRECTION('center_axis',(0.,0.,-1.));
#6747=DIRECTION('ref_axis',(-1.,0.,0.));
#6748=DIRECTION('center_axis',(0.,0.,1.));
#6749=DIRECTION('ref_axis',(1.,0.,0.));
#6750=DIRECTION('center_axis',(0.,0.,-1.));
#6751=DIRECTION('ref_axis',(1.,0.,0.));
#6752=DIRECTION('center_axis',(0.,0.,1.));
#6753=DIRECTION('ref_axis',(1.,0.,0.));
#6754=DIRECTION('center_axis',(0.,0.,-1.));
#6755=DIRECTION('ref_axis',(1.,0.,0.));
#6756=DIRECTION('center_axis',(0.,0.,-1.));
#6757=DIRECTION('ref_axis',(1.,0.,0.));
#6758=DIRECTION('center_axis',(0.,0.,-1.));
#6759=DIRECTION('ref_axis',(-0.951056516295153,0.309016994374948,0.));
#6760=DIRECTION('center_axis',(0.,0.,1.));
#6761=DIRECTION('ref_axis',(1.,0.,0.));
#6762=DIRECTION('center_axis',(0.,0.,-1.));
#6763=DIRECTION('ref_axis',(0.951056516295153,-0.309016994374948,0.));
#6764=DIRECTION('center_axis',(0.,0.,1.));
#6765=DIRECTION('ref_axis',(1.,0.,0.));
#6766=DIRECTION('center_axis',(0.,0.,-1.));
#6767=DIRECTION('ref_axis',(0.951056516295153,-0.309016994374948,0.));
#6768=DIRECTION('center_axis',(0.,0.,-1.));
#6769=DIRECTION('ref_axis',(1.,-3.01980662698043E-14,0.));
#6770=DIRECTION('center_axis',(0.,0.,-1.));
#6771=DIRECTION('ref_axis',(-0.809016994374947,0.587785252292474,0.));
#6772=DIRECTION('center_axis',(0.,0.,1.));
#6773=DIRECTION('ref_axis',(1.,0.,0.));
#6774=DIRECTION('center_axis',(0.,0.,-1.));
#6775=DIRECTION('ref_axis',(0.809016994374947,-0.587785252292474,0.));
#6776=DIRECTION('center_axis',(0.,0.,1.));
#6777=DIRECTION('ref_axis',(1.,0.,0.));
#6778=DIRECTION('center_axis',(0.,0.,-1.));
#6779=DIRECTION('ref_axis',(0.809016994374947,-0.587785252292474,0.));
#6780=DIRECTION('center_axis',(0.,0.,-1.));
#6781=DIRECTION('ref_axis',(1.,0.,0.));
#6782=DIRECTION('center_axis',(0.,0.,-1.));
#6783=DIRECTION('ref_axis',(1.,0.,0.));
#6784=DIRECTION('center_axis',(0.,0.,1.));
#6785=DIRECTION('ref_axis',(1.,0.,0.));
#6786=DIRECTION('center_axis',(0.,0.,-1.));
#6787=DIRECTION('ref_axis',(-1.,0.,0.));
#6788=DIRECTION('center_axis',(0.,0.,-1.));
#6789=DIRECTION('ref_axis',(1.,0.,0.));
#6790=DIRECTION('',(0.,0.,1.));
#6791=DIRECTION('center_axis',(0.,0.,1.));
#6792=DIRECTION('ref_axis',(1.,0.,0.));
#6793=DIRECTION('center_axis',(0.,0.,-1.));
#6794=DIRECTION('ref_axis',(1.,0.,0.));
#6795=DIRECTION('center_axis',(0.,0.,-1.));
#6796=DIRECTION('ref_axis',(-1.,0.,0.));
#6797=DIRECTION('center_axis',(0.,0.,-1.));
#6798=DIRECTION('ref_axis',(-1.,0.,0.));
#6799=DIRECTION('',(0.,0.,-1.));
#6800=DIRECTION('center_axis',(0.946248042865446,-0.323441867069359,0.));
#6801=DIRECTION('ref_axis',(-0.323441867069359,-0.946248042865446,0.));
#6802=DIRECTION('',(-0.323441867069359,-0.946248042865446,0.));
#6803=DIRECTION('',(0.,0.,-1.));
#6804=DIRECTION('',(-0.323441867069359,-0.946248042865446,0.));
#6805=DIRECTION('',(0.,0.,-1.));
#6806=DIRECTION('center_axis',(0.868064028115451,-0.496452256608808,0.));
#6807=DIRECTION('ref_axis',(-0.496452256608808,-0.868064028115451,0.));
#6808=DIRECTION('',(-0.496452256608808,-0.868064028115451,0.));
#6809=DIRECTION('',(-0.496452256608808,-0.868064028115451,0.));
#6810=DIRECTION('',(0.,0.,-1.));
#6811=DIRECTION('center_axis',(0.758310412066364,-0.651893640827813,0.));
#6812=DIRECTION('ref_axis',(-0.651893640827813,-0.758310412066364,0.));
#6813=DIRECTION('',(-0.651893640827813,-0.758310412066364,0.));
#6814=DIRECTION('',(-0.651893640827813,-0.758310412066364,0.));
#6815=DIRECTION('',(0.,0.,-1.));
#6816=DIRECTION('center_axis',(0.621293826550557,-0.783577680316487,0.));
#6817=DIRECTION('ref_axis',(-0.783577680316487,-0.621293826550557,0.));
#6818=DIRECTION('',(-0.783577680316487,-0.621293826550557,0.));
#6819=DIRECTION('',(-0.783577680316487,-0.621293826550557,0.));
#6820=DIRECTION('',(0.,0.,-1.));
#6821=DIRECTION('center_axis',(0.461802868654165,-0.886982587485675,0.));
#6822=DIRECTION('ref_axis',(-0.886982587485675,-0.461802868654165,0.));
#6823=DIRECTION('',(-0.886982587485675,-0.461802868654165,0.));
#6824=DIRECTION('',(-0.886982587485675,-0.461802868654165,0.));
#6825=DIRECTION('',(0.,0.,-1.));
#6826=DIRECTION('center_axis',(0.285520213058995,-0.958372687389799,0.));
#6827=DIRECTION('ref_axis',(-0.958372687389799,-0.285520213058995,0.));
#6828=DIRECTION('',(-0.958372687389799,-0.285520213058995,0.));
#6829=DIRECTION('',(-0.958372687389799,-0.285520213058995,0.));
#6830=DIRECTION('',(0.,0.,-1.));
#6831=DIRECTION('center_axis',(0.0989822846592412,-0.995089195662196,0.));
#6832=DIRECTION('ref_axis',(-0.995089195662196,-0.0989822846592412,0.));
#6833=DIRECTION('',(-0.995089195662196,-0.0989822846592412,0.));
#6834=DIRECTION('',(-0.995089195662196,-0.0989822846592412,0.));
#6835=DIRECTION('',(0.,0.,-1.));
#6836=DIRECTION('center_axis',(-0.0910965739573418,-0.995842062886096,0.));
#6837=DIRECTION('ref_axis',(-0.995842062886096,0.0910965739573418,0.));
#6838=DIRECTION('',(-0.995842062886096,0.0910965739573418,0.));
#6839=DIRECTION('',(-0.995842062886096,0.0910965739573418,0.));
#6840=DIRECTION('',(0.,0.,-1.));
#6841=DIRECTION('center_axis',(-0.277980101021898,-0.960586832845347,0.));
#6842=DIRECTION('ref_axis',(-0.960586832845347,0.277980101021898,0.));
#6843=DIRECTION('',(-0.960586832845347,0.277980101021898,0.));
#6844=DIRECTION('',(-0.960586832845347,0.277980101021898,0.));
#6845=DIRECTION('',(0.,0.,-1.));
#6846=DIRECTION('center_axis',(-0.454662024910175,-0.890664046150163,0.));
#6847=DIRECTION('ref_axis',(-0.890664046150163,0.454662024910175,0.));
#6848=DIRECTION('',(-0.890664046150163,0.454662024910175,0.));
#6849=DIRECTION('',(-0.890664046150163,0.454662024910175,0.));
#6850=DIRECTION('',(0.,0.,-1.));
#6851=DIRECTION('center_axis',(-0.614997492609366,-0.788529063563413,0.));
#6852=DIRECTION('ref_axis',(-0.788529063563413,0.614997492609366,0.));
#6853=DIRECTION('',(-0.788529063563413,0.614997492609366,0.));
#6854=DIRECTION('',(-0.788529063563413,0.614997492609366,0.));
#6855=DIRECTION('',(0.,0.,-1.));
#6856=DIRECTION('center_axis',(-0.753193250003337,-0.65779930689338,0.));
#6857=DIRECTION('ref_axis',(-0.65779930689338,0.753193250003337,0.));
#6858=DIRECTION('',(-0.65779930689338,0.753193250003337,0.));
#6859=DIRECTION('',(-0.65779930689338,0.753193250003337,0.));
#6860=DIRECTION('',(0.,0.,-1.));
#6861=DIRECTION('center_axis',(-0.863945310530217,-0.503585643573014,0.));
#6862=DIRECTION('ref_axis',(-0.503585643573014,0.863945310530217,0.));
#6863=DIRECTION('',(-0.503585643573014,0.863945310530217,0.));
#6864=DIRECTION('',(-0.503585643573014,0.863945310530217,0.));
#6865=DIRECTION('',(0.,0.,-1.));
#6866=DIRECTION('center_axis',(-0.943673643542972,-0.330877703211219,0.));
#6867=DIRECTION('ref_axis',(-0.330877703211219,0.943673643542972,0.));
#6868=DIRECTION('',(-0.330877703211219,0.943673643542972,0.));
#6869=DIRECTION('',(-0.330877703211219,0.943673643542972,0.));
#6870=DIRECTION('',(0.,0.,-1.));
#6871=DIRECTION('center_axis',(-0.989243824676115,-0.146275956124619,0.));
#6872=DIRECTION('ref_axis',(-0.146275956124619,0.989243824676115,0.));
#6873=DIRECTION('',(-0.146275956124619,0.989243824676115,0.));
#6874=DIRECTION('',(-0.146275956124619,0.989243824676115,0.));
#6875=DIRECTION('',(0.,0.,-1.));
#6876=DIRECTION('center_axis',(-0.999042813321324,0.0437430811787901,0.));
#6877=DIRECTION('ref_axis',(0.0437430811787901,0.999042813321324,0.));
#6878=DIRECTION('',(0.0437430811787901,0.999042813321324,0.));
#6879=DIRECTION('',(0.0437430811787901,0.999042813321324,0.));
#6880=DIRECTION('',(0.,0.,-1.));
#6881=DIRECTION('center_axis',(-0.97272730836685,0.231951683670078,0.));
#6882=DIRECTION('ref_axis',(0.231951683670078,0.97272730836685,0.));
#6883=DIRECTION('',(0.231951683670078,0.97272730836685,0.));
#6884=DIRECTION('',(0.231951683670078,0.97272730836685,0.));
#6885=DIRECTION('',(0.,0.,-1.));
#6886=DIRECTION('center_axis',(0.990396430540646,-0.13825668292111,0.));
#6887=DIRECTION('ref_axis',(-0.13825668292111,-0.990396430540645,0.));
#6888=DIRECTION('',(-0.13825668292111,-0.990396430540645,0.));
#6889=DIRECTION('',(0.,0.,-1.));
#6890=DIRECTION('',(-0.13825668292111,-0.990396430540645,0.));
#6891=DIRECTION('center_axis',(0.998669376198749,0.0515701177311221,0.));
#6892=DIRECTION('ref_axis',(0.0515701177311221,-0.998669376198749,0.));
#6893=DIRECTION('',(0.0515701177311221,-0.998669376198749,0.));
#6894=DIRECTION('',(0.,0.,-1.));
#6895=DIRECTION('',(0.0515701177311221,-0.998669376198749,0.));
#6896=DIRECTION('center_axis',(0.970923814739436,0.239388692238838,0.));
#6897=DIRECTION('ref_axis',(0.239388692238838,-0.970923814739436,0.));
#6898=DIRECTION('',(0.239388692238838,-0.970923814739436,0.));
#6899=DIRECTION('',(0.,0.,-1.));
#6900=DIRECTION('',(0.239388692238838,-0.970923814739436,0.));
#6901=DIRECTION('center_axis',(0.907918272391792,0.419147242215791,0.));
#6902=DIRECTION('ref_axis',(0.419147242215791,-0.907918272391792,0.));
#6903=DIRECTION('',(0.419147242215791,-0.907918272391792,0.));
#6904=DIRECTION('',(0.,0.,-1.));
#6905=DIRECTION('',(0.419147242215791,-0.907918272391792,0.));
#6906=DIRECTION('center_axis',(0.812356641222973,0.583160944732181,0.));
#6907=DIRECTION('ref_axis',(0.583160944732181,-0.812356641222973,0.));
#6908=DIRECTION('',(0.583160944732181,-0.812356641222973,0.));
#6909=DIRECTION('',(0.,0.,-1.));
#6910=DIRECTION('',(0.583160944732181,-0.812356641222973,0.));
#6911=DIRECTION('center_axis',(0.687144760748429,0.726520528117399,0.));
#6912=DIRECTION('ref_axis',(0.726520528117399,-0.687144760748429,0.));
#6913=DIRECTION('',(0.726520528117399,-0.687144760748429,0.));
#6914=DIRECTION('',(0.,0.,-1.));
#6915=DIRECTION('',(0.726520528117399,-0.687144760748429,0.));
#6916=DIRECTION('center_axis',(0.537284434554368,0.843401112392907,0.));
#6917=DIRECTION('ref_axis',(0.843401112392907,-0.537284434554368,0.));
#6918=DIRECTION('',(0.843401112392907,-0.537284434554368,0.));
#6919=DIRECTION('',(0.,0.,-1.));
#6920=DIRECTION('',(0.843401112392907,-0.537284434554368,0.));
#6921=DIRECTION('center_axis',(0.367997854249174,0.929826639362416,0.));
#6922=DIRECTION('ref_axis',(0.929826639362416,-0.367997854249174,0.));
#6923=DIRECTION('',(0.929826639362416,-0.367997854249174,0.));
#6924=DIRECTION('',(0.,0.,-1.));
#6925=DIRECTION('',(0.929826639362416,-0.367997854249174,0.));
#6926=DIRECTION('center_axis',(0.185330183345873,0.982676306390352,0.));
#6927=DIRECTION('ref_axis',(0.982676306390352,-0.185330183345873,0.));
#6928=DIRECTION('',(0.982676306390352,-0.185330183345873,0.));
#6929=DIRECTION('',(0.,0.,-1.));
#6930=DIRECTION('',(0.982676306390352,-0.185330183345873,0.));
#6931=DIRECTION('center_axis',(-0.00396264946555121,0.999992148673785,0.));
#6932=DIRECTION('ref_axis',(0.999992148673785,0.00396264946555121,0.));
#6933=DIRECTION('',(0.999992148673785,0.00396264946555121,0.));
#6934=DIRECTION('',(0.,0.,-1.));
#6935=DIRECTION('',(0.999992148673785,0.00396264946555121,0.));
#6936=DIRECTION('center_axis',(-0.193186957560092,0.981161963912521,0.));
#6937=DIRECTION('ref_axis',(0.981161963912521,0.193186957560092,0.));
#6938=DIRECTION('',(0.981161963912521,0.193186957560092,0.));
#6939=DIRECTION('',(0.,0.,-1.));
#6940=DIRECTION('',(0.981161963912521,0.193186957560092,0.));
#6941=DIRECTION('center_axis',(-0.375348751199418,0.926883657733287,0.));
#6942=DIRECTION('ref_axis',(0.926883657733287,0.375348751199418,0.));
#6943=DIRECTION('',(0.926883657733287,0.375348751199418,0.));
#6944=DIRECTION('',(0.,0.,-1.));
#6945=DIRECTION('',(0.926883657733287,0.375348751199418,0.));
#6946=DIRECTION('center_axis',(-0.543940589102666,0.83912373076123,0.));
#6947=DIRECTION('ref_axis',(0.83912373076123,0.543940589102666,0.));
#6948=DIRECTION('',(0.83912373076123,0.543940589102666,0.));
#6949=DIRECTION('',(0.,0.,-1.));
#6950=DIRECTION('',(0.83912373076123,0.543940589102666,0.));
#6951=DIRECTION('center_axis',(-0.692872118722784,0.72106048782096,0.));
#6952=DIRECTION('ref_axis',(0.72106048782096,0.692872118722784,0.));
#6953=DIRECTION('',(0.72106048782096,0.692872118722784,0.));
#6954=DIRECTION('',(0.,0.,-1.));
#6955=DIRECTION('',(0.72106048782096,0.692872118722784,0.));
#6956=DIRECTION('center_axis',(-0.81693449385453,0.576730468027,0.));
#6957=DIRECTION('ref_axis',(0.576730468027,0.81693449385453,0.));
#6958=DIRECTION('',(0.576730468027,0.81693449385453,0.));
#6959=DIRECTION('',(0.,0.,-1.));
#6960=DIRECTION('',(0.576730468027,0.81693449385453,0.));
#6961=DIRECTION('center_axis',(-0.911295315411477,0.411753382632247,0.));
#6962=DIRECTION('ref_axis',(0.411753382632247,0.911295315411476,0.));
#6963=DIRECTION('',(0.411753382632247,0.911295315411476,0.));
#6964=DIRECTION('',(0.411753382632247,0.911295315411476,0.));
#6965=DIRECTION('center_axis',(0.,0.,-1.));
#6966=DIRECTION('ref_axis',(-1.,0.,0.));
#6967=DIRECTION('center_axis',(-0.0911463206433933,-0.995837510959078,0.));
#6968=DIRECTION('ref_axis',(-0.995837510959078,0.0911463206433933,0.));
#6969=DIRECTION('',(-0.995837510959078,0.0911463206433933,0.));
#6970=DIRECTION('',(0.,0.,-1.));
#6971=DIRECTION('',(-0.995837510959078,0.0911463206433933,0.));
#6972=DIRECTION('',(0.,0.,-1.));
#6973=DIRECTION('center_axis',(-0.277826667372264,-0.96063122107124,0.));
#6974=DIRECTION('ref_axis',(-0.96063122107124,0.277826667372264,0.));
#6975=DIRECTION('',(-0.96063122107124,0.277826667372264,0.));
#6976=DIRECTION('',(-0.96063122107124,0.277826667372264,0.));
#6977=DIRECTION('',(0.,0.,-1.));
#6978=DIRECTION('center_axis',(-0.45474328903864,-0.890622558143639,0.));
#6979=DIRECTION('ref_axis',(-0.890622558143639,0.45474328903864,0.));
#6980=DIRECTION('',(-0.890622558143639,0.45474328903864,0.));
#6981=DIRECTION('',(-0.890622558143639,0.45474328903864,0.));
#6982=DIRECTION('',(0.,0.,-1.));
#6983=DIRECTION('center_axis',(-0.614981897780034,-0.788541226191039,0.));
#6984=DIRECTION('ref_axis',(-0.788541226191039,0.614981897780034,0.));
#6985=DIRECTION('',(-0.788541226191039,0.614981897780034,0.));
#6986=DIRECTION('',(-0.788541226191039,0.614981897780034,0.));
#6987=DIRECTION('',(0.,0.,-1.));
#6988=DIRECTION('center_axis',(-0.75298356453703,-0.658039323701181,0.));
#6989=DIRECTION('ref_axis',(-0.658039323701181,0.75298356453703,0.));
#6990=DIRECTION('',(-0.658039323701181,0.75298356453703,0.));
#6991=DIRECTION('',(-0.658039323701181,0.75298356453703,0.));
#6992=DIRECTION('',(0.,0.,-1.));
#6993=DIRECTION('center_axis',(-0.864132578332087,-0.503264231855534,0.));
#6994=DIRECTION('ref_axis',(-0.503264231855534,0.864132578332087,0.));
#6995=DIRECTION('',(-0.503264231855534,0.864132578332087,0.));
#6996=DIRECTION('',(-0.503264231855534,0.864132578332087,0.));
#6997=DIRECTION('',(0.,0.,-1.));
#6998=DIRECTION('center_axis',(-0.943736282960477,-0.33069899942991,0.));
#6999=DIRECTION('ref_axis',(-0.33069899942991,0.943736282960477,0.));
#7000=DIRECTION('',(-0.33069899942991,0.943736282960477,0.));
#7001=DIRECTION('',(-0.33069899942991,0.943736282960477,0.));
#7002=DIRECTION('',(0.,0.,-1.));
#7003=DIRECTION('center_axis',(-0.989243287993552,-0.146279585587688,0.));
#7004=DIRECTION('ref_axis',(-0.146279585587688,0.989243287993552,0.));
#7005=DIRECTION('',(-0.146279585587688,0.989243287993552,0.));
#7006=DIRECTION('',(-0.146279585587688,0.989243287993552,0.));
#7007=DIRECTION('',(0.,0.,-1.));
#7008=DIRECTION('center_axis',(-0.999051657352457,0.0435406240344404,0.));
#7009=DIRECTION('ref_axis',(0.0435406240344404,0.999051657352457,0.));
#7010=DIRECTION('',(0.0435406240344404,0.999051657352457,0.));
#7011=DIRECTION('',(0.0435406240344404,0.999051657352457,0.));
#7012=DIRECTION('',(0.,0.,-1.));
#7013=DIRECTION('center_axis',(-0.972724609344069,0.231963002171526,0.));
#7014=DIRECTION('ref_axis',(0.231963002171526,0.972724609344069,0.));
#7015=DIRECTION('',(0.231963002171526,0.972724609344069,0.));
#7016=DIRECTION('',(0.231963002171526,0.972724609344069,0.));
#7017=DIRECTION('',(0.,0.,-1.));
#7018=DIRECTION('center_axis',(-0.911291062767028,0.411762794483596,0.));
#7019=DIRECTION('ref_axis',(0.411762794483596,0.911291062767028,0.));
#7020=DIRECTION('',(0.411762794483596,0.911291062767028,0.));
#7021=DIRECTION('',(0.411762794483596,0.911291062767028,0.));
#7022=DIRECTION('',(0.,0.,-1.));
#7023=DIRECTION('center_axis',(-0.816839947146679,0.576864369453869,0.));
#7024=DIRECTION('ref_axis',(0.576864369453869,0.816839947146679,0.));
#7025=DIRECTION('',(0.576864369453869,0.816839947146679,0.));
#7026=DIRECTION('',(0.576864369453869,0.816839947146679,0.));
#7027=DIRECTION('',(0.,0.,-1.));
#7028=DIRECTION('center_axis',(-0.692972361300506,0.720964150616105,0.));
#7029=DIRECTION('ref_axis',(0.720964150616105,0.692972361300506,0.));
#7030=DIRECTION('',(0.720964150616105,0.692972361300506,0.));
#7031=DIRECTION('',(0.720964150616105,0.692972361300506,0.));
#7032=DIRECTION('',(0.,0.,-1.));
#7033=DIRECTION('center_axis',(-0.543975908738328,0.839100834651182,0.));
#7034=DIRECTION('ref_axis',(0.839100834651182,0.543975908738328,0.));
#7035=DIRECTION('',(0.839100834651182,0.543975908738328,0.));
#7036=DIRECTION('',(0.839100834651182,0.543975908738328,0.));
#7037=DIRECTION('',(0.,0.,-1.));
#7038=DIRECTION('center_axis',(-0.375370300421272,0.926874930916596,0.));
#7039=DIRECTION('ref_axis',(0.926874930916596,0.375370300421272,0.));
#7040=DIRECTION('',(0.926874930916596,0.375370300421272,0.));
#7041=DIRECTION('',(0.926874930916596,0.375370300421272,0.));
#7042=DIRECTION('',(0.,0.,-1.));
#7043=DIRECTION('center_axis',(-0.193148925020755,0.98116945160524,0.));
#7044=DIRECTION('ref_axis',(0.98116945160524,0.193148925020755,0.));
#7045=DIRECTION('',(0.98116945160524,0.193148925020755,0.));
#7046=DIRECTION('',(0.98116945160524,0.193148925020755,0.));
#7047=DIRECTION('',(0.,0.,-1.));
#7048=DIRECTION('center_axis',(-0.00396264946555121,0.999992148673785,0.));
#7049=DIRECTION('ref_axis',(0.999992148673785,0.00396264946555121,0.));
#7050=DIRECTION('',(0.999992148673785,0.00396264946555121,0.));
#7051=DIRECTION('',(0.999992148673785,0.00396264946555121,0.));
#7052=DIRECTION('',(0.,0.,-1.));
#7053=DIRECTION('center_axis',(0.0990020491714345,-0.995087229472802,0.));
#7054=DIRECTION('ref_axis',(-0.995087229472802,-0.0990020491714345,0.));
#7055=DIRECTION('',(-0.995087229472802,-0.0990020491714345,0.));
#7056=DIRECTION('',(0.,0.,-1.));
#7057=DIRECTION('',(-0.995087229472802,-0.0990020491714345,0.));
#7058=DIRECTION('center_axis',(0.285543251034607,-0.958365823570826,0.));
#7059=DIRECTION('ref_axis',(-0.958365823570826,-0.285543251034607,0.));
#7060=DIRECTION('',(-0.958365823570826,-0.285543251034607,0.));
#7061=DIRECTION('',(0.,0.,-1.));
#7062=DIRECTION('',(-0.958365823570826,-0.285543251034607,0.));
#7063=DIRECTION('center_axis',(0.461720682676956,-0.887025372347559,0.));
#7064=DIRECTION('ref_axis',(-0.887025372347559,-0.461720682676956,0.));
#7065=DIRECTION('',(-0.887025372347559,-0.461720682676956,0.));
#7066=DIRECTION('',(0.,0.,-1.));
#7067=DIRECTION('',(-0.887025372347559,-0.461720682676956,0.));
#7068=DIRECTION('center_axis',(0.621278425679053,-0.783589891324382,0.));
#7069=DIRECTION('ref_axis',(-0.783589891324382,-0.621278425679053,0.));
#7070=DIRECTION('',(-0.783589891324382,-0.621278425679053,0.));
#7071=DIRECTION('',(0.,0.,-1.));
#7072=DIRECTION('',(-0.783589891324382,-0.621278425679053,0.));
#7073=DIRECTION('center_axis',(0.758420258036793,-0.651765841540813,0.));
#7074=DIRECTION('ref_axis',(-0.651765841540813,-0.758420258036793,0.));
#7075=DIRECTION('',(-0.651765841540813,-0.758420258036793,0.));
#7076=DIRECTION('',(0.,0.,-1.));
#7077=DIRECTION('',(-0.651765841540813,-0.758420258036793,0.));
#7078=DIRECTION('center_axis',(0.867971359736022,-0.496614255411583,0.));
#7079=DIRECTION('ref_axis',(-0.496614255411583,-0.867971359736022,0.));
#7080=DIRECTION('',(-0.496614255411583,-0.867971359736022,0.));
#7081=DIRECTION('',(0.,0.,-1.));
#7082=DIRECTION('',(-0.496614255411583,-0.867971359736022,0.));
#7083=DIRECTION('center_axis',(0.946309438849702,-0.323262193805528,0.));
#7084=DIRECTION('ref_axis',(-0.323262193805528,-0.946309438849702,0.));
#7085=DIRECTION('',(-0.323262193805528,-0.946309438849702,0.));
#7086=DIRECTION('',(0.,0.,-1.));
#7087=DIRECTION('',(-0.323262193805528,-0.946309438849702,0.));
#7088=DIRECTION('center_axis',(0.990369415993238,-0.138450062712928,0.));
#7089=DIRECTION('ref_axis',(-0.138450062712928,-0.990369415993237,0.));
#7090=DIRECTION('',(-0.138450062712928,-0.990369415993237,0.));
#7091=DIRECTION('',(0.,0.,-1.));
#7092=DIRECTION('',(-0.138450062712928,-0.990369415993237,0.));
#7093=DIRECTION('center_axis',(0.998669442903219,0.0515688259646629,0.));
#7094=DIRECTION('ref_axis',(0.0515688259646629,-0.998669442903219,0.));
#7095=DIRECTION('',(0.0515688259646629,-0.998669442903219,0.));
#7096=DIRECTION('',(0.,0.,-1.));
#7097=DIRECTION('',(0.0515688259646629,-0.998669442903219,0.));
#7098=DIRECTION('center_axis',(0.970829029554722,0.239772799487009,0.));
#7099=DIRECTION('ref_axis',(0.239772799487009,-0.970829029554722,0.));
#7100=DIRECTION('',(0.239772799487009,-0.970829029554722,0.));
#7101=DIRECTION('',(0.,0.,-1.));
#7102=DIRECTION('',(0.239772799487009,-0.970829029554722,0.));
#7103=DIRECTION('center_axis',(0.907999022474904,0.418972284506527,0.));
#7104=DIRECTION('ref_axis',(0.418972284506527,-0.907999022474904,0.));
#7105=DIRECTION('',(0.418972284506527,-0.907999022474904,0.));
#7106=DIRECTION('',(0.,0.,-1.));
#7107=DIRECTION('',(0.418972284506527,-0.907999022474904,0.));
#7108=DIRECTION('center_axis',(0.812253041212341,0.583305234882479,0.));
#7109=DIRECTION('ref_axis',(0.583305234882479,-0.812253041212341,0.));
#7110=DIRECTION('',(0.583305234882479,-0.812253041212341,0.));
#7111=DIRECTION('',(0.,0.,-1.));
#7112=DIRECTION('',(0.583305234882479,-0.812253041212341,0.));
#7113=DIRECTION('center_axis',(0.687258169921539,0.726413248692572,0.));
#7114=DIRECTION('ref_axis',(0.726413248692572,-0.687258169921539,0.));
#7115=DIRECTION('',(0.726413248692572,-0.687258169921539,0.));
#7116=DIRECTION('',(0.,0.,-1.));
#7117=DIRECTION('',(0.726413248692572,-0.687258169921539,0.));
#7118=DIRECTION('center_axis',(0.537284434554368,0.843401112392907,0.));
#7119=DIRECTION('ref_axis',(0.843401112392907,-0.537284434554368,0.));
#7120=DIRECTION('',(0.843401112392907,-0.537284434554368,0.));
#7121=DIRECTION('',(0.,0.,-1.));
#7122=DIRECTION('',(0.843401112392907,-0.537284434554368,0.));
#7123=DIRECTION('center_axis',(0.367976168923456,0.929835221479815,0.));
#7124=DIRECTION('ref_axis',(0.929835221479815,-0.367976168923456,0.));
#7125=DIRECTION('',(0.929835221479815,-0.367976168923456,0.));
#7126=DIRECTION('',(0.,0.,-1.));
#7127=DIRECTION('',(0.929835221479815,-0.367976168923456,0.));
#7128=DIRECTION('center_axis',(0.185366728723298,0.982669413323943,0.));
#7129=DIRECTION('ref_axis',(0.982669413323943,-0.185366728723298,0.));
#7130=DIRECTION('',(0.982669413323943,-0.185366728723298,0.));
#7131=DIRECTION('',(0.982669413323943,-0.185366728723298,0.));
#7132=DIRECTION('center_axis',(0.,0.,-1.));
#7133=DIRECTION('ref_axis',(-1.,0.,0.));
#7134=DIRECTION('center_axis',(-0.911291062767028,0.411762794483596,0.));
#7135=DIRECTION('ref_axis',(0.411762794483596,0.911291062767028,0.));
#7136=DIRECTION('',(0.411762794483596,0.911291062767028,0.));
#7137=DIRECTION('',(0.,0.,-1.));
#7138=DIRECTION('',(0.411762794483596,0.911291062767028,0.));
#7139=DIRECTION('',(0.,0.,-1.));
#7140=DIRECTION('center_axis',(-0.816839947146679,0.576864369453869,0.));
#7141=DIRECTION('ref_axis',(0.576864369453869,0.816839947146679,0.));
#7142=DIRECTION('',(0.576864369453869,0.816839947146679,0.));
#7143=DIRECTION('',(0.576864369453869,0.816839947146679,0.));
#7144=DIRECTION('',(0.,0.,-1.));
#7145=DIRECTION('center_axis',(-0.692985398445147,0.720951619418267,0.));
#7146=DIRECTION('ref_axis',(0.720951619418267,0.692985398445147,0.));
#7147=DIRECTION('',(0.720951619418267,0.692985398445147,0.));
#7148=DIRECTION('',(0.720951619418267,0.692985398445147,0.));
#7149=DIRECTION('',(0.,0.,-1.));
#7150=DIRECTION('center_axis',(-0.544049845902905,0.839052897720415,0.));
#7151=DIRECTION('ref_axis',(0.839052897720415,0.544049845902905,0.));
#7152=DIRECTION('',(0.839052897720415,0.544049845902905,0.));
#7153=DIRECTION('',(0.839052897720415,0.544049845902905,0.));
#7154=DIRECTION('',(0.,0.,-1.));
#7155=DIRECTION('center_axis',(-0.375370300421272,0.926874930916596,0.));
#7156=DIRECTION('ref_axis',(0.926874930916596,0.375370300421272,0.));
#7157=DIRECTION('',(0.926874930916596,0.375370300421272,0.));
#7158=DIRECTION('',(0.926874930916596,0.375370300421272,0.));
#7159=DIRECTION('',(0.,0.,-1.));
#7160=DIRECTION('center_axis',(-0.193110907163348,0.981176934876961,0.));
#7161=DIRECTION('ref_axis',(0.981176934876961,0.193110907163348,0.));
#7162=DIRECTION('',(0.981176934876961,0.193110907163348,0.));
#7163=DIRECTION('',(0.981176934876961,0.193110907163348,0.));
#7164=DIRECTION('',(0.,0.,-1.));
#7165=DIRECTION('center_axis',(-0.00396344468674787,0.999992145522261,0.));
#7166=DIRECTION('ref_axis',(0.999992145522261,0.00396344468674787,0.));
#7167=DIRECTION('',(0.999992145522261,0.00396344468674787,0.));
#7168=DIRECTION('',(0.999992145522261,0.00396344468674787,0.));
#7169=DIRECTION('',(0.,0.,-1.));
#7170=DIRECTION('center_axis',(0.185330183345873,0.982676306390352,0.));
#7171=DIRECTION('ref_axis',(0.982676306390352,-0.185330183345873,0.));
#7172=DIRECTION('',(0.982676306390352,-0.185330183345873,0.));
#7173=DIRECTION('',(0.982676306390352,-0.185330183345873,0.));
#7174=DIRECTION('',(0.,0.,-1.));
#7175=DIRECTION('center_axis',(0.368044836281594,0.929808043892101,0.));
#7176=DIRECTION('ref_axis',(0.929808043892101,-0.368044836281594,0.));
#7177=DIRECTION('',(0.929808043892101,-0.368044836281594,0.));
#7178=DIRECTION('',(0.929808043892101,-0.368044836281594,0.));
#7179=DIRECTION('',(0.,0.,-1.));
#7180=DIRECTION('center_axis',(0.537284434554368,0.843401112392907,0.));
#7181=DIRECTION('ref_axis',(0.843401112392907,-0.537284434554368,0.));
#7182=DIRECTION('',(0.843401112392907,-0.537284434554368,0.));
#7183=DIRECTION('',(0.843401112392907,-0.537284434554368,0.));
#7184=DIRECTION('',(0.,0.,-1.));
#7185=DIRECTION('center_axis',(0.687157998491004,0.726508007602007,0.));
#7186=DIRECTION('ref_axis',(0.726508007602007,-0.687157998491004,0.));
#7187=DIRECTION('',(0.726508007602007,-0.687157998491004,0.));
#7188=DIRECTION('',(0.726508007602007,-0.687157998491004,0.));
#7189=DIRECTION('',(0.,0.,-1.));
#7190=DIRECTION('center_axis',(0.812253041212341,0.583305234882479,0.));
#7191=DIRECTION('ref_axis',(0.583305234882479,-0.812253041212341,0.));
#7192=DIRECTION('',(0.583305234882479,-0.812253041212341,0.));
#7193=DIRECTION('',(0.583305234882479,-0.812253041212341,0.));
#7194=DIRECTION('',(0.,0.,-1.));
#7195=DIRECTION('center_axis',(0.907999022474904,0.418972284506527,0.));
#7196=DIRECTION('ref_axis',(0.418972284506527,-0.907999022474904,0.));
#7197=DIRECTION('',(0.418972284506527,-0.907999022474904,0.));
#7198=DIRECTION('',(0.418972284506527,-0.907999022474904,0.));
#7199=DIRECTION('',(0.,0.,-1.));
#7200=DIRECTION('center_axis',(0.970875719595619,0.239583674526644,0.));
#7201=DIRECTION('ref_axis',(0.239583674526644,-0.970875719595619,0.));
#7202=DIRECTION('',(0.239583674526644,-0.970875719595619,0.));
#7203=DIRECTION('',(0.239583674526644,-0.970875719595619,0.));
#7204=DIRECTION('',(0.,0.,-1.));
#7205=DIRECTION('center_axis',(0.998659089086265,0.0517689461491373,0.));
#7206=DIRECTION('ref_axis',(0.0517689461491373,-0.998659089086265,0.));
#7207=DIRECTION('',(0.0517689461491373,-0.998659089086265,0.));
#7208=DIRECTION('',(0.0517689461491373,-0.998659089086265,0.));
#7209=DIRECTION('',(0.,0.,-1.));
#7210=DIRECTION('center_axis',(0.990369415993238,-0.138450062712928,0.));
#7211=DIRECTION('ref_axis',(-0.138450062712928,-0.990369415993237,0.));
#7212=DIRECTION('',(-0.138450062712928,-0.990369415993237,0.));
#7213=DIRECTION('',(-0.138450062712928,-0.990369415993237,0.));
#7214=DIRECTION('',(0.,0.,-1.));
#7215=DIRECTION('center_axis',(0.946248042865446,-0.323441867069359,0.));
#7216=DIRECTION('ref_axis',(-0.323441867069359,-0.946248042865446,0.));
#7217=DIRECTION('',(-0.323441867069359,-0.946248042865446,0.));
#7218=DIRECTION('',(-0.323441867069359,-0.946248042865446,0.));
#7219=DIRECTION('',(0.,0.,-1.));
#7220=DIRECTION('center_axis',(-0.972724609344069,0.231963002171526,0.));
#7221=DIRECTION('ref_axis',(0.231963002171526,0.972724609344069,0.));
#7222=DIRECTION('',(0.231963002171526,0.972724609344069,0.));
#7223=DIRECTION('',(0.,0.,-1.));
#7224=DIRECTION('',(0.231963002171526,0.972724609344069,0.));
#7225=DIRECTION('center_axis',(-0.999051657352457,0.0435406240344404,0.));
#7226=DIRECTION('ref_axis',(0.0435406240344404,0.999051657352457,0.));
#7227=DIRECTION('',(0.0435406240344404,0.999051657352457,0.));
#7228=DIRECTION('',(0.,0.,-1.));
#7229=DIRECTION('',(0.0435406240344404,0.999051657352457,0.));
#7230=DIRECTION('center_axis',(-0.989243287993552,-0.146279585587688,0.));
#7231=DIRECTION('ref_axis',(-0.146279585587688,0.989243287993552,0.));
#7232=DIRECTION('',(-0.146279585587688,0.989243287993552,0.));
#7233=DIRECTION('',(0.,0.,-1.));
#7234=DIRECTION('',(-0.146279585587688,0.989243287993552,0.));
#7235=DIRECTION('center_axis',(-0.943736282960477,-0.33069899942991,0.));
#7236=DIRECTION('ref_axis',(-0.33069899942991,0.943736282960477,0.));
#7237=DIRECTION('',(-0.33069899942991,0.943736282960477,0.));
#7238=DIRECTION('',(0.,0.,-1.));
#7239=DIRECTION('',(-0.33069899942991,0.943736282960477,0.));
#7240=DIRECTION('center_axis',(-0.864045308175342,-0.503414049684928,0.));
#7241=DIRECTION('ref_axis',(-0.503414049684928,0.864045308175342,0.));
#7242=DIRECTION('',(-0.503414049684928,0.864045308175342,0.));
#7243=DIRECTION('',(0.,0.,-1.));
#7244=DIRECTION('',(-0.503414049684928,0.864045308175342,0.));
#7245=DIRECTION('center_axis',(-0.753082975696254,-0.657925551803907,0.));
#7246=DIRECTION('ref_axis',(-0.657925551803907,0.753082975696253,0.));
#7247=DIRECTION('',(-0.657925551803907,0.753082975696253,0.));
#7248=DIRECTION('',(0.,0.,-1.));
#7249=DIRECTION('',(-0.657925551803907,0.753082975696253,0.));
#7250=DIRECTION('center_axis',(-0.615079209781311,-0.788465323076924,0.));
#7251=DIRECTION('ref_axis',(-0.788465323076924,0.615079209781311,0.));
#7252=DIRECTION('',(-0.788465323076924,0.615079209781311,0.));
#7253=DIRECTION('',(0.,0.,-1.));
#7254=DIRECTION('',(-0.788465323076924,0.615079209781311,0.));
#7255=DIRECTION('center_axis',(-0.454662024910175,-0.890664046150163,0.));
#7256=DIRECTION('ref_axis',(-0.890664046150163,0.454662024910175,0.));
#7257=DIRECTION('',(-0.890664046150163,0.454662024910175,0.));
#7258=DIRECTION('',(0.,0.,-1.));
#7259=DIRECTION('',(-0.890664046150163,0.454662024910175,0.));
#7260=DIRECTION('center_axis',(-0.277880224020802,-0.960615730195039,0.));
#7261=DIRECTION('ref_axis',(-0.96061573019504,0.277880224020802,0.));
#7262=DIRECTION('',(-0.96061573019504,0.277880224020802,0.));
#7263=DIRECTION('',(0.,0.,-1.));
#7264=DIRECTION('',(-0.96061573019504,0.277880224020802,0.));
#7265=DIRECTION('center_axis',(-0.0911463206433933,-0.995837510959078,0.));
#7266=DIRECTION('ref_axis',(-0.995837510959078,0.0911463206433933,0.));
#7267=DIRECTION('',(-0.995837510959078,0.0911463206433933,0.));
#7268=DIRECTION('',(0.,0.,-1.));
#7269=DIRECTION('',(-0.995837510959078,0.0911463206433933,0.));
#7270=DIRECTION('center_axis',(0.0990020491714345,-0.995087229472802,0.));
#7271=DIRECTION('ref_axis',(-0.995087229472802,-0.0990020491714345,0.));
#7272=DIRECTION('',(-0.995087229472802,-0.0990020491714345,0.));
#7273=DIRECTION('',(0.,0.,-1.));
#7274=DIRECTION('',(-0.995087229472802,-0.0990020491714345,0.));
#7275=DIRECTION('center_axis',(0.285543251034607,-0.958365823570826,0.));
#7276=DIRECTION('ref_axis',(-0.958365823570826,-0.285543251034607,0.));
#7277=DIRECTION('',(-0.958365823570826,-0.285543251034607,0.));
#7278=DIRECTION('',(0.,0.,-1.));
#7279=DIRECTION('',(-0.958365823570826,-0.285543251034607,0.));
#7280=DIRECTION('center_axis',(0.461720682676956,-0.887025372347559,0.));
#7281=DIRECTION('ref_axis',(-0.887025372347559,-0.461720682676956,0.));
#7282=DIRECTION('',(-0.887025372347559,-0.461720682676956,0.));
#7283=DIRECTION('',(0.,0.,-1.));
#7284=DIRECTION('',(-0.887025372347559,-0.461720682676956,0.));
#7285=DIRECTION('center_axis',(0.621278425679053,-0.783589891324382,0.));
#7286=DIRECTION('ref_axis',(-0.783589891324382,-0.621278425679053,0.));
#7287=DIRECTION('',(-0.783589891324382,-0.621278425679053,0.));
#7288=DIRECTION('',(0.,0.,-1.));
#7289=DIRECTION('',(-0.783589891324382,-0.621278425679053,0.));
#7290=DIRECTION('center_axis',(0.758321070125994,-0.651881242714474,0.));
#7291=DIRECTION('ref_axis',(-0.651881242714474,-0.758321070125994,0.));
#7292=DIRECTION('',(-0.651881242714474,-0.758321070125994,0.));
#7293=DIRECTION('',(0.,0.,-1.));
#7294=DIRECTION('',(-0.651881242714474,-0.758321070125994,0.));
#7295=DIRECTION('center_axis',(0.868057845717311,-0.496463066590679,0.));
#7296=DIRECTION('ref_axis',(-0.496463066590679,-0.868057845717311,0.));
#7297=DIRECTION('',(-0.496463066590679,-0.868057845717311,0.));
#7298=DIRECTION('',(-0.496463066590679,-0.868057845717311,0.));
#7299=DIRECTION('center_axis',(0.,0.,-1.));
#7300=DIRECTION('ref_axis',(-1.,0.,0.));
#7301=DIRECTION('center_axis',(0.998669576297123,0.0515662426256187,0.));
#7302=DIRECTION('ref_axis',(0.0515662426256187,-0.998669576297123,0.));
#7303=DIRECTION('',(0.0515662426256187,-0.998669576297123,0.));
#7304=DIRECTION('',(0.,0.,-1.));
#7305=DIRECTION('',(0.0515662426256187,-0.998669576297123,0.));
#7306=DIRECTION('',(0.,0.,-1.));
#7307=DIRECTION('center_axis',(0.990395951066302,-0.138260117573636,0.));
#7308=DIRECTION('ref_axis',(-0.138260117573636,-0.990395951066302,0.));
#7309=DIRECTION('',(-0.138260117573636,-0.990395951066302,0.));
#7310=DIRECTION('',(-0.138260117573636,-0.990395951066302,0.));
#7311=DIRECTION('',(0.,0.,-1.));
#7312=DIRECTION('center_axis',(0.946248042865446,-0.323441867069359,0.));
#7313=DIRECTION('ref_axis',(-0.323441867069359,-0.946248042865446,0.));
#7314=DIRECTION('',(-0.323441867069359,-0.946248042865446,0.));
#7315=DIRECTION('',(-0.323441867069359,-0.946248042865446,0.));
#7316=DIRECTION('',(0.,0.,-1.));
#7317=DIRECTION('center_axis',(0.868064028115451,-0.496452256608808,0.));
#7318=DIRECTION('ref_axis',(-0.496452256608808,-0.868064028115451,0.));
#7319=DIRECTION('',(-0.496452256608808,-0.868064028115451,0.));
#7320=DIRECTION('',(-0.496452256608808,-0.868064028115451,0.));
#7321=DIRECTION('',(0.,0.,-1.));
#7322=DIRECTION('center_axis',(0.758310412066364,-0.651893640827813,0.));
#7323=DIRECTION('ref_axis',(-0.651893640827813,-0.758310412066364,0.));
#7324=DIRECTION('',(-0.651893640827813,-0.758310412066364,0.));
#7325=DIRECTION('',(-0.651893640827813,-0.758310412066364,0.));
#7326=DIRECTION('',(0.,0.,-1.));
#7327=DIRECTION('center_axis',(0.621293826550557,-0.783577680316487,0.));
#7328=DIRECTION('ref_axis',(-0.783577680316487,-0.621293826550557,0.));
#7329=DIRECTION('',(-0.783577680316487,-0.621293826550557,0.));
#7330=DIRECTION('',(-0.783577680316487,-0.621293826550557,0.));
#7331=DIRECTION('',(0.,0.,-1.));
#7332=DIRECTION('center_axis',(0.461783133497764,-0.886992862213099,0.));
#7333=DIRECTION('ref_axis',(-0.886992862213099,-0.461783133497764,0.));
#7334=DIRECTION('',(-0.886992862213099,-0.461783133497764,0.));
#7335=DIRECTION('',(-0.886992862213099,-0.461783133497764,0.));
#7336=DIRECTION('',(0.,0.,-1.));
#7337=DIRECTION('center_axis',(0.285543251034607,-0.958365823570826,0.));
#7338=DIRECTION('ref_axis',(-0.958365823570826,-0.285543251034607,0.));
#7339=DIRECTION('',(-0.958365823570826,-0.285543251034607,0.));
#7340=DIRECTION('',(-0.958365823570826,-0.285543251034607,0.));
#7341=DIRECTION('',(0.,0.,-1.));
#7342=DIRECTION('center_axis',(0.0989822846592412,-0.995089195662196,0.));
#7343=DIRECTION('ref_axis',(-0.995089195662196,-0.0989822846592412,0.));
#7344=DIRECTION('',(-0.995089195662196,-0.0989822846592412,0.));
#7345=DIRECTION('',(-0.995089195662196,-0.0989822846592412,0.));
#7346=DIRECTION('',(0.,0.,-1.));
#7347=DIRECTION('center_axis',(-0.0910965739573418,-0.995842062886096,0.));
#7348=DIRECTION('ref_axis',(-0.995842062886096,0.0910965739573418,0.));
#7349=DIRECTION('',(-0.995842062886096,0.0910965739573418,0.));
#7350=DIRECTION('',(-0.995842062886096,0.0910965739573418,0.));
#7351=DIRECTION('',(0.,0.,-1.));
#7352=DIRECTION('center_axis',(-0.278003250577763,-0.960580133392419,0.));
#7353=DIRECTION('ref_axis',(-0.960580133392419,0.278003250577763,0.));
#7354=DIRECTION('',(-0.960580133392419,0.278003250577763,0.));
#7355=DIRECTION('',(-0.960580133392419,0.278003250577763,0.));
#7356=DIRECTION('',(0.,0.,-1.));
#7357=DIRECTION('center_axis',(-0.454662024910175,-0.890664046150163,0.));
#7358=DIRECTION('ref_axis',(-0.890664046150163,0.454662024910175,0.));
#7359=DIRECTION('',(-0.890664046150163,0.454662024910175,0.));
#7360=DIRECTION('',(-0.890664046150163,0.454662024910175,0.));
#7361=DIRECTION('',(0.,0.,-1.));
#7362=DIRECTION('center_axis',(-0.614981897780034,-0.788541226191039,0.));
#7363=DIRECTION('ref_axis',(-0.788541226191039,0.614981897780034,0.));
#7364=DIRECTION('',(-0.788541226191039,0.614981897780034,0.));
#7365=DIRECTION('',(-0.788541226191039,0.614981897780034,0.));
#7366=DIRECTION('',(0.,0.,-1.));
#7367=DIRECTION('center_axis',(-0.753115543104512,-0.657888272227432,0.));
#7368=DIRECTION('ref_axis',(-0.657888272227432,0.753115543104512,0.));
#7369=DIRECTION('',(-0.657888272227432,0.753115543104512,0.));
#7370=DIRECTION('',(-0.657888272227432,0.753115543104512,0.));
#7371=DIRECTION('',(0.,0.,-1.));
#7372=DIRECTION('center_axis',(-0.864026238251651,-0.503446779324987,0.));
#7373=DIRECTION('ref_axis',(-0.503446779324987,0.864026238251651,0.));
#7374=DIRECTION('',(-0.503446779324987,0.864026238251651,0.));
#7375=DIRECTION('',(-0.503446779324986,0.864026238251651,0.));
#7376=DIRECTION('',(0.,0.,-1.));
#7377=DIRECTION('center_axis',(-0.943673643542972,-0.330877703211219,0.));
#7378=DIRECTION('ref_axis',(-0.330877703211219,0.943673643542972,0.));
#7379=DIRECTION('',(-0.330877703211219,0.943673643542972,0.));
#7380=DIRECTION('',(-0.330877703211219,0.943673643542972,0.));
#7381=DIRECTION('',(0.,0.,-1.));
#7382=DIRECTION('center_axis',(-0.989243287993552,-0.146279585587688,0.));
#7383=DIRECTION('ref_axis',(-0.146279585587688,0.989243287993552,0.));
#7384=DIRECTION('',(-0.146279585587688,0.989243287993552,0.));
#7385=DIRECTION('',(-0.146279585587688,0.989243287993552,0.));
#7386=DIRECTION('',(0.,0.,-1.));
#7387=DIRECTION('center_axis',(0.970920939710685,0.239400352613191,0.));
#7388=DIRECTION('ref_axis',(0.239400352613191,-0.970920939710685,0.));
#7389=DIRECTION('',(0.239400352613191,-0.970920939710685,0.));
#7390=DIRECTION('',(0.,0.,-1.));
#7391=DIRECTION('',(0.239400352613191,-0.970920939710685,0.));
#7392=DIRECTION('center_axis',(0.907918272391792,0.419147242215791,0.));
#7393=DIRECTION('ref_axis',(0.419147242215791,-0.907918272391792,0.));
#7394=DIRECTION('',(0.419147242215791,-0.907918272391792,0.));
#7395=DIRECTION('',(0.,0.,-1.));
#7396=DIRECTION('',(0.419147242215791,-0.907918272391792,0.));
#7397=DIRECTION('center_axis',(0.812348110359916,0.583172828237628,0.));
#7398=DIRECTION('ref_axis',(0.583172828237628,-0.812348110359916,0.));
#7399=DIRECTION('',(0.583172828237628,-0.812348110359916,0.));
#7400=DIRECTION('',(0.,0.,-1.));
#7401=DIRECTION('',(0.583172828237628,-0.812348110359916,0.));
#7402=DIRECTION('center_axis',(0.687157998491004,0.726508007602007,0.));
#7403=DIRECTION('ref_axis',(0.726508007602007,-0.687157998491004,0.));
#7404=DIRECTION('',(0.726508007602007,-0.687157998491004,0.));
#7405=DIRECTION('',(0.,0.,-1.));
#7406=DIRECTION('',(0.726508007602007,-0.687157998491004,0.));
#7407=DIRECTION('center_axis',(0.537320117900134,0.843378379435818,0.));
#7408=DIRECTION('ref_axis',(0.843378379435818,-0.537320117900134,0.));
#7409=DIRECTION('',(0.843378379435818,-0.537320117900134,0.));
#7410=DIRECTION('',(0.,0.,-1.));
#7411=DIRECTION('',(0.843378379435818,-0.537320117900134,0.));
#7412=DIRECTION('center_axis',(0.367954482997294,0.929843803249876,0.));
#7413=DIRECTION('ref_axis',(0.929843803249876,-0.367954482997294,0.));
#7414=DIRECTION('',(0.929843803249876,-0.367954482997294,0.));
#7415=DIRECTION('',(0.,0.,-1.));
#7416=DIRECTION('',(0.929843803249876,-0.367954482997294,0.));
#7417=DIRECTION('center_axis',(0.18535440030778,0.982671738825608,0.));
#7418=DIRECTION('ref_axis',(0.982671738825608,-0.18535440030778,0.));
#7419=DIRECTION('',(0.982671738825608,-0.18535440030778,0.));
#7420=DIRECTION('',(0.,0.,-1.));
#7421=DIRECTION('',(0.982671738825608,-0.18535440030778,0.));
#7422=DIRECTION('center_axis',(-0.00398852938189401,0.99999204578505,0.));
#7423=DIRECTION('ref_axis',(0.99999204578505,0.00398852938189401,0.));
#7424=DIRECTION('',(0.99999204578505,0.00398852938189401,0.));
#7425=DIRECTION('',(0.,0.,-1.));
#7426=DIRECTION('',(0.99999204578505,0.00398852938189401,0.));
#7427=DIRECTION('center_axis',(-0.193124779511812,0.981174204480791,0.));
#7428=DIRECTION('ref_axis',(0.981174204480791,0.193124779511812,0.));
#7429=DIRECTION('',(0.981174204480791,0.193124779511812,0.));
#7430=DIRECTION('',(0.,0.,-1.));
#7431=DIRECTION('',(0.981174204480791,0.193124779511812,0.));
#7432=DIRECTION('center_axis',(-0.375370300421272,0.926874930916596,0.));
#7433=DIRECTION('ref_axis',(0.926874930916596,0.375370300421272,0.));
#7434=DIRECTION('',(0.926874930916596,0.375370300421272,0.));
#7435=DIRECTION('',(0.,0.,-1.));
#7436=DIRECTION('',(0.926874930916596,0.375370300421272,0.));
#7437=DIRECTION('center_axis',(-0.543958249281898,0.839112282735852,0.));
#7438=DIRECTION('ref_axis',(0.839112282735852,0.543958249281898,0.));
#7439=DIRECTION('',(0.839112282735852,0.543958249281898,0.));
#7440=DIRECTION('',(0.,0.,-1.));
#7441=DIRECTION('',(0.839112282735852,0.543958249281898,0.));
#7442=DIRECTION('center_axis',(-0.69295932347604,0.720976682013801,0.));
#7443=DIRECTION('ref_axis',(0.720976682013801,0.69295932347604,0.));
#7444=DIRECTION('',(0.720976682013801,0.69295932347604,0.));
#7445=DIRECTION('',(0.,0.,-1.));
#7446=DIRECTION('',(0.720976682013801,0.69295932347604,0.));
#7447=DIRECTION('center_axis',(-0.816839947146679,0.576864369453869,0.));
#7448=DIRECTION('ref_axis',(0.576864369453869,0.816839947146679,0.));
#7449=DIRECTION('',(0.576864369453869,0.816839947146679,0.));
#7450=DIRECTION('',(0.,0.,-1.));
#7451=DIRECTION('',(0.576864369453869,0.816839947146679,0.));
#7452=DIRECTION('center_axis',(-0.911295315411477,0.411753382632247,0.));
#7453=DIRECTION('ref_axis',(0.411753382632247,0.911295315411476,0.));
#7454=DIRECTION('',(0.411753382632247,0.911295315411476,0.));
#7455=DIRECTION('',(0.,0.,-1.));
#7456=DIRECTION('',(0.411753382632247,0.911295315411476,0.));
#7457=DIRECTION('center_axis',(-0.972723259684507,0.231968661824712,0.));
#7458=DIRECTION('ref_axis',(0.231968661824712,0.972723259684507,0.));
#7459=DIRECTION('',(0.231968661824712,0.972723259684507,0.));
#7460=DIRECTION('',(0.,0.,-1.));
#7461=DIRECTION('',(0.231968661824712,0.972723259684507,0.));
#7462=DIRECTION('center_axis',(-0.999042957285328,0.0437397930789178,0.));
#7463=DIRECTION('ref_axis',(0.0437397930789178,0.999042957285328,0.));
#7464=DIRECTION('',(0.0437397930789178,0.999042957285328,0.));
#7465=DIRECTION('',(0.0437397930789178,0.999042957285328,0.));
#7466=DIRECTION('center_axis',(0.,0.,-1.));
#7467=DIRECTION('ref_axis',(-1.,0.,0.));
#7468=DIRECTION('center_axis',(0.,0.,1.));
#7469=DIRECTION('ref_axis',(-1.,0.,0.));
#7470=DIRECTION('center_axis',(0.,0.,-1.));
#7471=DIRECTION('ref_axis',(-1.,0.,0.));
#7472=DIRECTION('center_axis',(0.,0.,-1.));
#7473=DIRECTION('ref_axis',(1.,0.,0.));
#7474=DIRECTION('',(0.,0.,1.));
#7475=DIRECTION('',(0.,0.,-1.));
#7476=DIRECTION('center_axis',(0.,0.,-1.));
#7477=DIRECTION('ref_axis',(-1.,0.,0.));
#7478=DIRECTION('center_axis',(0.,0.,-1.));
#7479=DIRECTION('ref_axis',(1.,-2.89120579329468E-15,0.));
#7480=DIRECTION('',(0.,0.,1.));
#7481=DIRECTION('',(0.,0.,-1.));
#7482=DIRECTION('center_axis',(0.,0.,-1.));
#7483=DIRECTION('ref_axis',(-1.,0.,0.));
#7484=DIRECTION('center_axis',(0.,0.,-1.));
#7485=DIRECTION('ref_axis',(1.,2.89120579329468E-15,0.));
#7486=DIRECTION('',(0.,0.,1.));
#7487=DIRECTION('',(0.,0.,-1.));
#7488=DIRECTION('center_axis',(0.,0.,-1.));
#7489=DIRECTION('ref_axis',(-1.,0.,0.));
#7490=DIRECTION('center_axis',(0.,0.,-1.));
#7491=DIRECTION('ref_axis',(1.,2.45752492430048E-14,0.));
#7492=DIRECTION('',(0.,0.,1.));
#7493=DIRECTION('',(0.,0.,-1.));
#7494=DIRECTION('center_axis',(0.,0.,-1.));
#7495=DIRECTION('ref_axis',(-1.,0.,0.));
#7496=DIRECTION('center_axis',(0.,0.,-1.));
#7497=DIRECTION('ref_axis',(1.,-1.80700362080917E-15,0.));
#7498=DIRECTION('',(0.,0.,1.));
#7499=DIRECTION('',(0.,0.,-1.));
#7500=DIRECTION('center_axis',(0.,0.,-1.));
#7501=DIRECTION('ref_axis',(-1.,0.,0.));
#7502=DIRECTION('center_axis',(0.,0.,-1.));
#7503=DIRECTION('ref_axis',(1.,0.,0.));
#7504=DIRECTION('',(0.,0.,1.));
#7505=DIRECTION('',(0.,0.,-1.));
#7506=DIRECTION('center_axis',(0.,0.,-1.));
#7507=DIRECTION('ref_axis',(-1.,0.,0.));
#7508=DIRECTION('center_axis',(0.,0.,-1.));
#7509=DIRECTION('ref_axis',(1.,-1.44560289664734E-15,0.));
#7510=DIRECTION('',(0.,0.,1.));
#7511=DIRECTION('',(0.,0.,-1.));
#7512=DIRECTION('center_axis',(0.,0.,-1.));
#7513=DIRECTION('ref_axis',(-1.,0.,0.));
#7514=DIRECTION('center_axis',(0.,0.,-1.));
#7515=DIRECTION('ref_axis',(1.,0.,0.));
#7516=DIRECTION('',(0.,0.,1.));
#7517=DIRECTION('',(0.,0.,-1.));
#7518=DIRECTION('center_axis',(0.,0.,-1.));
#7519=DIRECTION('ref_axis',(-1.,0.,0.));
#7520=DIRECTION('center_axis',(0.,0.,-1.));
#7521=DIRECTION('ref_axis',(1.,5.78241158658936E-15,0.));
#7522=DIRECTION('',(0.,0.,1.));
#7523=DIRECTION('',(0.,0.,-1.));
#7524=DIRECTION('center_axis',(0.,0.,-1.));
#7525=DIRECTION('ref_axis',(-1.,0.,0.));
#7526=DIRECTION('center_axis',(0.,0.,-1.));
#7527=DIRECTION('ref_axis',(1.,5.78241158658936E-15,0.));
#7528=DIRECTION('',(0.,0.,1.));
#7529=DIRECTION('',(0.,0.,-1.));
#7530=DIRECTION('center_axis',(0.,0.,1.));
#7531=DIRECTION('ref_axis',(1.,0.,0.));
#7532=DIRECTION('center_axis',(0.,0.,-1.));
#7533=DIRECTION('ref_axis',(-3.49148133884313E-15,-1.,0.));
#7534=DIRECTION('center_axis',(0.,0.,1.));
#7535=DIRECTION('ref_axis',(1.,0.,0.));
#7536=DIRECTION('center_axis',(0.,0.,-1.));
#7537=DIRECTION('ref_axis',(-0.951056516295156,-0.309016994374941,0.));
#7538=DIRECTION('',(0.,0.,1.));
#7539=DIRECTION('center_axis',(0.,0.,1.));
#7540=DIRECTION('ref_axis',(1.,0.,0.));
#7541=DIRECTION('',(0.,0.,1.));
#7542=DIRECTION('center_axis',(0.,0.,-1.));
#7543=DIRECTION('ref_axis',(-0.951056516295153,0.309016994374948,0.));
#7544=DIRECTION('center_axis',(0.,0.,1.));
#7545=DIRECTION('ref_axis',(1.,0.,0.));
#7546=DIRECTION('center_axis',(0.,0.,-1.));
#7547=DIRECTION('ref_axis',(0.587785252292471,-0.809016994374949,0.));
#7548=DIRECTION('center_axis',(0.,0.,-1.));
#7549=DIRECTION('ref_axis',(1.,-2.89120579329468E-15,0.));
#7550=DIRECTION('center_axis',(0.,0.,-1.));
#7551=DIRECTION('ref_axis',(0.587785252292471,-0.809016994374949,0.));
#7552=DIRECTION('center_axis',(0.,0.,-1.));
#7553=DIRECTION('ref_axis',(-0.587785252292471,0.809016994374949,0.));
#7554=DIRECTION('center_axis',(0.,0.,1.));
#7555=DIRECTION('ref_axis',(1.,0.,0.));
#7556=DIRECTION('center_axis',(0.,0.,-1.));
#7557=DIRECTION('ref_axis',(0.809016994374947,-0.587785252292474,0.));
#7558=DIRECTION('center_axis',(0.,0.,-1.));
#7559=DIRECTION('ref_axis',(1.,2.89120579329468E-15,0.));
#7560=DIRECTION('center_axis',(0.,0.,-1.));
#7561=DIRECTION('ref_axis',(0.809016994374947,-0.587785252292474,0.));
#7562=DIRECTION('center_axis',(0.,0.,-1.));
#7563=DIRECTION('ref_axis',(-0.809016994374947,0.587785252292474,0.));
#7564=DIRECTION('center_axis',(0.,0.,1.));
#7565=DIRECTION('ref_axis',(1.,0.,0.));
#7566=DIRECTION('center_axis',(0.,0.,-1.));
#7567=DIRECTION('ref_axis',(0.951056516295153,-0.309016994374948,0.));
#7568=DIRECTION('center_axis',(0.,0.,-1.));
#7569=DIRECTION('ref_axis',(1.,0.,0.));
#7570=DIRECTION('center_axis',(0.,0.,-1.));
#7571=DIRECTION('ref_axis',(0.951056516295153,-0.309016994374948,0.));
#7572=DIRECTION('center_axis',(0.,0.,1.));
#7573=DIRECTION('ref_axis',(1.,0.,0.));
#7574=DIRECTION('center_axis',(0.,0.,-1.));
#7575=DIRECTION('ref_axis',(1.,0.,0.));
#7576=DIRECTION('center_axis',(0.,0.,-1.));
#7577=DIRECTION('ref_axis',(1.,0.,0.));
#7578=DIRECTION('center_axis',(0.,0.,-1.));
#7579=DIRECTION('ref_axis',(1.,0.,0.));
#7580=DIRECTION('center_axis',(0.,0.,-1.));
#7581=DIRECTION('ref_axis',(1.,0.,0.));
#7582=DIRECTION('center_axis',(0.,0.,-1.));
#7583=DIRECTION('ref_axis',(-1.,0.,0.));
#7584=DIRECTION('center_axis',(0.,0.,1.));
#7585=DIRECTION('ref_axis',(1.,0.,0.));
#7586=DIRECTION('center_axis',(0.,0.,-1.));
#7587=DIRECTION('ref_axis',(0.951056516295158,0.309016994374935,0.));
#7588=DIRECTION('center_axis',(0.,0.,-1.));
#7589=DIRECTION('ref_axis',(1.,0.,0.));
#7590=DIRECTION('center_axis',(0.,0.,-1.));
#7591=DIRECTION('ref_axis',(0.951056516295158,0.309016994374935,0.));
#7592=DIRECTION('center_axis',(0.,0.,-1.));
#7593=DIRECTION('ref_axis',(1.,-5.78241158658936E-15,0.));
#7594=DIRECTION('center_axis',(0.,0.,-1.));
#7595=DIRECTION('ref_axis',(-0.951056516295158,-0.309016994374935,0.));
#7596=DIRECTION('center_axis',(0.,0.,1.));
#7597=DIRECTION('ref_axis',(1.,0.,0.));
#7598=DIRECTION('center_axis',(0.,0.,-1.));
#7599=DIRECTION('ref_axis',(0.809016994374955,0.587785252292462,0.));
#7600=DIRECTION('center_axis',(0.,0.,-1.));
#7601=DIRECTION('ref_axis',(1.,0.,0.));
#7602=DIRECTION('center_axis',(0.,0.,-1.));
#7603=DIRECTION('ref_axis',(0.809016994374955,0.587785252292462,0.));
#7604=DIRECTION('center_axis',(0.,0.,-1.));
#7605=DIRECTION('ref_axis',(1.,0.,0.));
#7606=DIRECTION('center_axis',(0.,0.,-1.));
#7607=DIRECTION('ref_axis',(-0.809016994374955,-0.587785252292462,0.));
#7608=DIRECTION('center_axis',(0.,0.,1.));
#7609=DIRECTION('ref_axis',(1.,0.,0.));
#7610=DIRECTION('center_axis',(0.,0.,-1.));
#7611=DIRECTION('ref_axis',(0.587785252292483,0.80901699437494,0.));
#7612=DIRECTION('center_axis',(0.,0.,-1.));
#7613=DIRECTION('ref_axis',(1.,8.67361737988404E-15,0.));
#7614=DIRECTION('center_axis',(0.,0.,-1.));
#7615=DIRECTION('ref_axis',(0.587785252292483,0.80901699437494,0.));
#7616=DIRECTION('center_axis',(0.,0.,-1.));
#7617=DIRECTION('ref_axis',(1.,0.,0.));
#7618=DIRECTION('center_axis',(0.,0.,-1.));
#7619=DIRECTION('ref_axis',(-0.587785252292483,-0.80901699437494,0.));
#7620=DIRECTION('center_axis',(0.,0.,1.));
#7621=DIRECTION('ref_axis',(1.,0.,0.));
#7622=DIRECTION('center_axis',(0.,0.,-1.));
#7623=DIRECTION('ref_axis',(0.309016994374958,0.95105651629515,0.));
#7624=DIRECTION('center_axis',(0.,0.,-1.));
#7625=DIRECTION('ref_axis',(1.,0.,0.));
#7626=DIRECTION('center_axis',(0.,0.,-1.));
#7627=DIRECTION('ref_axis',(0.309016994374958,0.95105651629515,0.));
#7628=DIRECTION('center_axis',(0.,0.,-1.));
#7629=DIRECTION('ref_axis',(1.,0.,0.));
#7630=DIRECTION('center_axis',(0.,0.,-1.));
#7631=DIRECTION('ref_axis',(-0.309016994374958,-0.95105651629515,0.));
#7632=DIRECTION('center_axis',(0.,0.,1.));
#7633=DIRECTION('ref_axis',(1.,0.,0.));
#7634=DIRECTION('center_axis',(0.,0.,-1.));
#7635=DIRECTION('ref_axis',(1.02853988704314E-14,1.,0.));
#7636=DIRECTION('center_axis',(0.,0.,-1.));
#7637=DIRECTION('ref_axis',(1.,0.,0.));
#7638=DIRECTION('center_axis',(0.,0.,-1.));
#7639=DIRECTION('ref_axis',(1.04744440165294E-14,1.,0.));
#7640=DIRECTION('center_axis',(0.,0.,-1.));
#7641=DIRECTION('ref_axis',(1.,0.,0.));
#7642=DIRECTION('center_axis',(0.,0.,-1.));
#7643=DIRECTION('ref_axis',(-1.02853988704314E-14,-1.,0.));
#7644=DIRECTION('center_axis',(0.,0.,1.));
#7645=DIRECTION('ref_axis',(1.,0.,0.));
#7646=DIRECTION('center_axis',(0.,0.,-1.));
#7647=DIRECTION('ref_axis',(-0.309016994374938,0.951056516295157,0.));
#7648=DIRECTION('center_axis',(0.,0.,-1.));
#7649=DIRECTION('ref_axis',(1.,2.89120579329468E-15,0.));
#7650=DIRECTION('center_axis',(0.,0.,-1.));
#7651=DIRECTION('ref_axis',(-0.309016994374938,0.951056516295157,0.));
#7652=DIRECTION('center_axis',(0.,0.,-1.));
#7653=DIRECTION('ref_axis',(1.,-7.2280144832367E-15,0.));
#7654=DIRECTION('center_axis',(0.,0.,-1.));
#7655=DIRECTION('ref_axis',(0.309016994374938,-0.951056516295157,0.));
#7656=DIRECTION('center_axis',(0.,0.,1.));
#7657=DIRECTION('ref_axis',(1.,0.,0.));
#7658=DIRECTION('center_axis',(0.,0.,-1.));
#7659=DIRECTION('ref_axis',(-0.587785252292465,0.809016994374953,0.));
#7660=DIRECTION('center_axis',(0.,0.,-1.));
#7661=DIRECTION('ref_axis',(1.,2.89120579329468E-15,0.));
#7662=DIRECTION('center_axis',(0.,0.,-1.));
#7663=DIRECTION('ref_axis',(-0.587785252292465,0.809016994374953,0.));
#7664=DIRECTION('center_axis',(0.,0.,-1.));
#7665=DIRECTION('ref_axis',(1.,2.89120579329468E-15,0.));
#7666=DIRECTION('center_axis',(0.,0.,-1.));
#7667=DIRECTION('ref_axis',(0.587785252292465,-0.809016994374953,0.));
#7668=DIRECTION('center_axis',(0.,0.,1.));
#7669=DIRECTION('ref_axis',(1.,0.,0.));
#7670=DIRECTION('center_axis',(0.,0.,-1.));
#7671=DIRECTION('ref_axis',(-0.809016994374942,0.58778525229248,0.));
#7672=DIRECTION('center_axis',(0.,0.,-1.));
#7673=DIRECTION('ref_axis',(1.,-2.89120579329468E-15,0.));
#7674=DIRECTION('center_axis',(0.,0.,-1.));
#7675=DIRECTION('ref_axis',(-0.809016994374942,0.58778525229248,0.));
#7676=DIRECTION('center_axis',(0.,0.,-1.));
#7677=DIRECTION('ref_axis',(1.,2.89120579329468E-15,0.));
#7678=DIRECTION('center_axis',(0.,0.,-1.));
#7679=DIRECTION('ref_axis',(0.809016994374942,-0.58778525229248,0.));
#7680=DIRECTION('center_axis',(0.,0.,1.));
#7681=DIRECTION('ref_axis',(1.,0.,0.));
#7682=DIRECTION('center_axis',(0.,0.,-1.));
#7683=DIRECTION('ref_axis',(-0.951056516295151,0.309016994374955,0.));
#7684=DIRECTION('center_axis',(0.,0.,-1.));
#7685=DIRECTION('ref_axis',(1.,0.,0.));
#7686=DIRECTION('center_axis',(0.,0.,-1.));
#7687=DIRECTION('ref_axis',(-0.951056516295151,0.309016994374955,0.));
#7688=DIRECTION('center_axis',(0.,0.,-1.));
#7689=DIRECTION('ref_axis',(1.,5.78241158658936E-15,0.));
#7690=DIRECTION('center_axis',(0.,0.,-1.));
#7691=DIRECTION('ref_axis',(0.951056516295151,-0.309016994374955,0.));
#7692=DIRECTION('center_axis',(0.,0.,1.));
#7693=DIRECTION('ref_axis',(1.,0.,0.));
#7694=DIRECTION('center_axis',(0.,0.,-1.));
#7695=DIRECTION('ref_axis',(-1.,0.,0.));
#7696=DIRECTION('center_axis',(0.,0.,-1.));
#7697=DIRECTION('ref_axis',(1.,0.,0.));
#7698=DIRECTION('center_axis',(0.,0.,-1.));
#7699=DIRECTION('ref_axis',(-1.,0.,0.));
#7700=DIRECTION('center_axis',(0.,0.,-1.));
#7701=DIRECTION('ref_axis',(1.,0.,0.));
#7702=DIRECTION('center_axis',(0.,0.,-1.));
#7703=DIRECTION('ref_axis',(1.,0.,0.));
#7704=DIRECTION('center_axis',(0.,0.,1.));
#7705=DIRECTION('ref_axis',(1.,0.,0.));
#7706=DIRECTION('center_axis',(0.,0.,-1.));
#7707=DIRECTION('ref_axis',(-0.951056516295156,-0.309016994374941,0.));
#7708=DIRECTION('center_axis',(0.,0.,-1.));
#7709=DIRECTION('ref_axis',(1.,-5.78241158658936E-15,0.));
#7710=DIRECTION('center_axis',(0.,0.,-1.));
#7711=DIRECTION('ref_axis',(0.951056516295156,0.309016994374941,0.));
#7712=DIRECTION('center_axis',(0.,0.,1.));
#7713=DIRECTION('ref_axis',(1.,0.,0.));
#7714=DIRECTION('center_axis',(0.,0.,-1.));
#7715=DIRECTION('ref_axis',(-0.809016994374951,-0.587785252292469,0.));
#7716=DIRECTION('center_axis',(0.,0.,-1.));
#7717=DIRECTION('ref_axis',(-0.809016994374951,-0.587785252292469,0.));
#7718=DIRECTION('center_axis',(0.,0.,-1.));
#7719=DIRECTION('ref_axis',(1.,-2.89120579329468E-15,0.));
#7720=DIRECTION('center_axis',(0.,0.,-1.));
#7721=DIRECTION('ref_axis',(0.809016994374951,0.587785252292468,0.));
#7722=DIRECTION('center_axis',(0.,0.,1.));
#7723=DIRECTION('ref_axis',(1.,0.,0.));
#7724=DIRECTION('center_axis',(0.,0.,-1.));
#7725=DIRECTION('ref_axis',(-0.587785252292477,-0.809016994374945,0.));
#7726=DIRECTION('center_axis',(0.,0.,-1.));
#7727=DIRECTION('ref_axis',(-0.587785252292477,-0.809016994374945,0.));
#7728=DIRECTION('center_axis',(0.,0.,-1.));
#7729=DIRECTION('ref_axis',(1.,5.78241158658936E-15,0.));
#7730=DIRECTION('center_axis',(0.,0.,-1.));
#7731=DIRECTION('ref_axis',(0.587785252292477,0.809016994374945,0.));
#7732=DIRECTION('center_axis',(0.,0.,1.));
#7733=DIRECTION('ref_axis',(1.,0.,0.));
#7734=DIRECTION('center_axis',(0.,0.,-1.));
#7735=DIRECTION('ref_axis',(-0.309016994374951,-0.951056516295152,0.));
#7736=DIRECTION('center_axis',(0.,0.,-1.));
#7737=DIRECTION('ref_axis',(-0.309016994374952,-0.951056516295152,0.));
#7738=DIRECTION('center_axis',(0.,0.,-1.));
#7739=DIRECTION('ref_axis',(1.,1.44560289664734E-15,0.));
#7740=DIRECTION('center_axis',(0.,0.,-1.));
#7741=DIRECTION('ref_axis',(0.309016994374952,0.951056516295152,0.));
#7742=DIRECTION('center_axis',(0.,0.,1.));
#7743=DIRECTION('ref_axis',(1.,0.,0.));
#7744=DIRECTION('center_axis',(0.,0.,-1.));
#7745=DIRECTION('ref_axis',(-3.56033037822624E-15,-1.,0.));
#7746=DIRECTION('center_axis',(0.,0.,-1.));
#7747=DIRECTION('ref_axis',(3.56033037822624E-15,1.,0.));
#7748=DIRECTION('center_axis',(0.,0.,1.));
#7749=DIRECTION('ref_axis',(1.,0.,0.));
#7750=DIRECTION('center_axis',(0.,0.,-1.));
#7751=DIRECTION('ref_axis',(0.309016994374945,-0.951056516295154,0.));
#7752=DIRECTION('center_axis',(0.,0.,-1.));
#7753=DIRECTION('ref_axis',(1.,-1.44560289664734E-15,0.));
#7754=DIRECTION('center_axis',(0.,0.,-1.));
#7755=DIRECTION('ref_axis',(0.309016994374945,-0.951056516295154,0.));
#7756=DIRECTION('center_axis',(0.,0.,-1.));
#7757=DIRECTION('ref_axis',(-0.309016994374945,0.951056516295154,0.));
#7758=DIRECTION('center_axis',(0.,0.,1.));
#7759=DIRECTION('ref_axis',(1.,0.,0.));
#7760=DIRECTION('center_axis',(0.,0.,-1.));
#7761=DIRECTION('ref_axis',(-1.,0.,0.));
#7762=DIRECTION('center_axis',(0.,0.,1.));
#7763=DIRECTION('ref_axis',(1.,0.,0.));
#7764=DIRECTION('',(0.,0.,1.));
#7765=DIRECTION('center_axis',(0.,0.,-1.));
#7766=DIRECTION('ref_axis',(1.,-1.95399252334028E-14,0.));
#7767=DIRECTION('',(0.,0.,1.));
#7768=DIRECTION('center_axis',(0.,0.,-1.));
#7769=DIRECTION('ref_axis',(-1.,0.,0.));
#7770=DIRECTION('center_axis',(0.,0.,-1.));
#7771=DIRECTION('ref_axis',(1.,8.88178419700125E-16,0.));
#7772=DIRECTION('',(0.,0.,1.));
#7773=DIRECTION('center_axis',(0.,0.,1.));
#7774=DIRECTION('ref_axis',(1.,0.,0.));
#7775=DIRECTION('',(0.,0.,1.));
#7776=DIRECTION('center_axis',(0.,0.,-1.));
#7777=DIRECTION('ref_axis',(-1.,0.,0.));
#7778=DIRECTION('center_axis',(0.,0.,1.));
#7779=DIRECTION('ref_axis',(1.,0.,0.));
#7780=DIRECTION('',(0.,0.,1.));
#7781=DIRECTION('center_axis',(0.,0.,-1.));
#7782=DIRECTION('ref_axis',(1.,-8.88178419700125E-16,0.));
#7783=DIRECTION('',(0.,0.,1.));
#7784=DIRECTION('center_axis',(0.,0.,-1.));
#7785=DIRECTION('ref_axis',(-1.,0.,0.));
#7786=DIRECTION('center_axis',(0.,0.,1.));
#7787=DIRECTION('ref_axis',(1.,0.,0.));
#7788=DIRECTION('',(0.,0.,1.));
#7789=DIRECTION('center_axis',(0.,0.,-1.));
#7790=DIRECTION('ref_axis',(1.,0.,0.));
#7791=DIRECTION('',(0.,0.,1.));
#7792=DIRECTION('center_axis',(0.,0.,-1.));
#7793=DIRECTION('ref_axis',(-1.,0.,0.));
#7794=DIRECTION('center_axis',(0.,0.,1.));
#7795=DIRECTION('ref_axis',(1.,0.,0.));
#7796=DIRECTION('center_axis',(0.,0.,-1.));
#7797=DIRECTION('ref_axis',(1.,0.,0.));
#7798=DIRECTION('',(0.,0.,1.));
#7799=DIRECTION('center_axis',(0.,0.,-1.));
#7800=DIRECTION('ref_axis',(-1.,0.,0.));
#7801=DIRECTION('center_axis',(0.,0.,-1.));
#7802=DIRECTION('ref_axis',(1.,0.,0.));
#7803=DIRECTION('',(0.,0.,1.));
#7804=DIRECTION('center_axis',(0.,0.,1.));
#7805=DIRECTION('ref_axis',(1.,0.,0.));
#7806=DIRECTION('',(0.,0.,1.));
#7807=DIRECTION('center_axis',(0.,0.,-1.));
#7808=DIRECTION('ref_axis',(-1.,0.,0.));
#7809=DIRECTION('center_axis',(0.,0.,-1.));
#7810=DIRECTION('ref_axis',(1.,0.,0.));
#7811=DIRECTION('',(0.,0.,1.));
#7812=DIRECTION('center_axis',(0.,0.,1.));
#7813=DIRECTION('ref_axis',(1.,0.,0.));
#7814=DIRECTION('',(0.,0.,1.));
#7815=DIRECTION('center_axis',(0.,0.,-1.));
#7816=DIRECTION('ref_axis',(-1.,0.,0.));
#7817=DIRECTION('center_axis',(0.,0.,-1.));
#7818=DIRECTION('ref_axis',(1.,0.,0.));
#7819=DIRECTION('',(0.,0.,1.));
#7820=DIRECTION('center_axis',(0.,0.,1.));
#7821=DIRECTION('ref_axis',(1.,0.,0.));
#7822=DIRECTION('',(0.,0.,1.));
#7823=DIRECTION('center_axis',(0.,0.,-1.));
#7824=DIRECTION('ref_axis',(-1.,0.,0.));
#7825=DIRECTION('center_axis',(0.,0.,1.));
#7826=DIRECTION('ref_axis',(1.,0.,0.));
#7827=DIRECTION('',(0.,0.,1.));
#7828=DIRECTION('center_axis',(0.,0.,-1.));
#7829=DIRECTION('ref_axis',(1.,0.,0.));
#7830=DIRECTION('',(0.,0.,1.));
#7831=DIRECTION('center_axis',(0.,0.,-1.));
#7832=DIRECTION('ref_axis',(-1.,0.,0.));
#7833=DIRECTION('center_axis',(0.,0.,1.));
#7834=DIRECTION('ref_axis',(1.,0.,0.));
#7835=DIRECTION('',(0.,0.,1.));
#7836=DIRECTION('center_axis',(0.,0.,-1.));
#7837=DIRECTION('ref_axis',(1.,0.,0.));
#7838=DIRECTION('',(0.,0.,1.));
#7839=DIRECTION('center_axis',(0.,0.,-1.));
#7840=DIRECTION('ref_axis',(-1.,0.,0.));
#7841=DIRECTION('center_axis',(0.,0.,1.));
#7842=DIRECTION('ref_axis',(1.,0.,0.));
#7843=DIRECTION('',(0.,0.,1.));
#7844=DIRECTION('center_axis',(0.,0.,-1.));
#7845=DIRECTION('ref_axis',(1.,0.,0.));
#7846=DIRECTION('',(0.,0.,1.));
#7847=DIRECTION('center_axis',(0.,0.,-1.));
#7848=DIRECTION('ref_axis',(-1.,0.,0.));
#7849=DIRECTION('center_axis',(0.,0.,-1.));
#7850=DIRECTION('ref_axis',(1.,1.24344978758018E-14,0.));
#7851=DIRECTION('',(0.,0.,1.));
#7852=DIRECTION('center_axis',(0.,0.,1.));
#7853=DIRECTION('ref_axis',(1.,0.,0.));
#7854=DIRECTION('',(0.,0.,1.));
#7855=DIRECTION('center_axis',(0.,0.,-1.));
#7856=DIRECTION('ref_axis',(-1.,0.,0.));
#7857=DIRECTION('center_axis',(0.,0.,1.));
#7858=DIRECTION('ref_axis',(1.,0.,0.));
#7859=DIRECTION('',(0.,0.,1.));
#7860=DIRECTION('center_axis',(0.,0.,-1.));
#7861=DIRECTION('ref_axis',(1.,8.88178419700125E-16,0.));
#7862=DIRECTION('',(0.,0.,1.));
#7863=DIRECTION('center_axis',(0.,0.,-1.));
#7864=DIRECTION('ref_axis',(-1.,0.,0.));
#7865=DIRECTION('center_axis',(0.,0.,1.));
#7866=DIRECTION('ref_axis',(1.,0.,0.));
#7867=DIRECTION('',(0.,0.,1.));
#7868=DIRECTION('center_axis',(0.,0.,-1.));
#7869=DIRECTION('ref_axis',(1.,0.,0.));
#7870=DIRECTION('',(0.,0.,1.));
#7871=DIRECTION('center_axis',(0.,0.,-1.));
#7872=DIRECTION('ref_axis',(-1.,0.,0.));
#7873=DIRECTION('center_axis',(0.,0.,1.));
#7874=DIRECTION('ref_axis',(1.,0.,0.));
#7875=DIRECTION('',(0.,0.,1.));
#7876=DIRECTION('center_axis',(0.,0.,-1.));
#7877=DIRECTION('ref_axis',(1.,0.,0.));
#7878=DIRECTION('',(0.,0.,1.));
#7879=DIRECTION('center_axis',(0.,0.,-1.));
#7880=DIRECTION('ref_axis',(-1.,0.,0.));
#7881=DIRECTION('center_axis',(0.,0.,1.));
#7882=DIRECTION('ref_axis',(1.,0.,0.));
#7883=DIRECTION('',(0.,0.,1.));
#7884=DIRECTION('center_axis',(0.,0.,-1.));
#7885=DIRECTION('ref_axis',(1.,0.,0.));
#7886=DIRECTION('',(0.,0.,1.));
#7887=DIRECTION('center_axis',(0.,0.,-1.));
#7888=DIRECTION('ref_axis',(-1.,0.,0.));
#7889=DIRECTION('center_axis',(0.,0.,1.));
#7890=DIRECTION('ref_axis',(1.,0.,0.));
#7891=DIRECTION('',(0.,0.,1.));
#7892=DIRECTION('center_axis',(0.,0.,-1.));
#7893=DIRECTION('ref_axis',(1.,2.22044604925031E-14,0.));
#7894=DIRECTION('',(0.,0.,1.));
#7895=DIRECTION('center_axis',(0.,0.,-1.));
#7896=DIRECTION('ref_axis',(-1.,0.,0.));
#7897=DIRECTION('center_axis',(0.,0.,1.));
#7898=DIRECTION('ref_axis',(1.,0.,0.));
#7899=DIRECTION('',(0.,0.,1.));
#7900=DIRECTION('center_axis',(0.,0.,-1.));
#7901=DIRECTION('ref_axis',(1.,-3.64153152077051E-14,0.));
#7902=DIRECTION('',(0.,0.,1.));
#7903=DIRECTION('center_axis',(0.,0.,-1.));
#7904=DIRECTION('ref_axis',(-1.,0.,0.));
#7905=DIRECTION('center_axis',(0.,0.,-1.));
#7906=DIRECTION('ref_axis',(1.,0.,0.));
#7907=DIRECTION('',(0.,0.,1.));
#7908=DIRECTION('center_axis',(0.,0.,1.));
#7909=DIRECTION('ref_axis',(1.,0.,0.));
#7910=DIRECTION('',(0.,0.,1.));
#7911=DIRECTION('center_axis',(0.,0.,1.));
#7912=DIRECTION('ref_axis',(1.,0.,0.));
#7913=DIRECTION('center_axis',(0.,0.,1.));
#7914=DIRECTION('ref_axis',(1.,0.,0.));
#7915=DIRECTION('center_axis',(0.,0.,1.));
#7916=DIRECTION('ref_axis',(1.,0.,0.));
#7917=DIRECTION('center_axis',(0.,0.,1.));
#7918=DIRECTION('ref_axis',(1.,0.,0.));
#7919=DIRECTION('center_axis',(0.,0.,1.));
#7920=DIRECTION('ref_axis',(1.,0.,0.));
#7921=DIRECTION('center_axis',(0.,0.,1.));
#7922=DIRECTION('ref_axis',(1.,0.,0.));
#7923=DIRECTION('center_axis',(0.,0.,1.));
#7924=DIRECTION('ref_axis',(1.,0.,0.));
#7925=DIRECTION('center_axis',(0.,0.,1.));
#7926=DIRECTION('ref_axis',(1.,0.,0.));
#7927=DIRECTION('center_axis',(0.,0.,1.));
#7928=DIRECTION('ref_axis',(1.,0.,0.));
#7929=DIRECTION('center_axis',(0.,0.,1.));
#7930=DIRECTION('ref_axis',(1.,0.,0.));
#7931=DIRECTION('center_axis',(0.,0.,1.));
#7932=DIRECTION('ref_axis',(1.,0.,0.));
#7933=DIRECTION('center_axis',(0.,0.,1.));
#7934=DIRECTION('ref_axis',(1.,0.,0.));
#7935=DIRECTION('center_axis',(0.,0.,1.));
#7936=DIRECTION('ref_axis',(1.,0.,0.));
#7937=DIRECTION('center_axis',(0.,0.,1.));
#7938=DIRECTION('ref_axis',(1.,0.,0.));
#7939=DIRECTION('center_axis',(0.,0.,1.));
#7940=DIRECTION('ref_axis',(1.,0.,0.));
#7941=DIRECTION('center_axis',(0.,0.,1.));
#7942=DIRECTION('ref_axis',(1.,0.,0.));
#7943=DIRECTION('center_axis',(0.,0.,1.));
#7944=DIRECTION('ref_axis',(1.,0.,0.));
#7945=DIRECTION('center_axis',(0.,0.,1.));
#7946=DIRECTION('ref_axis',(1.,0.,0.));
#7947=DIRECTION('center_axis',(0.,0.,1.));
#7948=DIRECTION('ref_axis',(1.,0.,0.));
#7949=DIRECTION('center_axis',(0.,0.,-1.));
#7950=DIRECTION('ref_axis',(-1.,0.,0.));
#7951=DIRECTION('center_axis',(0.,0.,-1.));
#7952=DIRECTION('ref_axis',(-1.,0.,0.));
#7953=DIRECTION('center_axis',(0.,0.,-1.));
#7954=DIRECTION('ref_axis',(-1.,0.,0.));
#7955=DIRECTION('center_axis',(0.,0.,-1.));
#7956=DIRECTION('ref_axis',(-1.,0.,0.));
#7957=DIRECTION('center_axis',(0.,0.,-1.));
#7958=DIRECTION('ref_axis',(-1.,0.,0.));
#7959=DIRECTION('center_axis',(0.,0.,-1.));
#7960=DIRECTION('ref_axis',(-1.,0.,0.));
#7961=DIRECTION('center_axis',(0.,0.,-1.));
#7962=DIRECTION('ref_axis',(-1.,0.,0.));
#7963=DIRECTION('center_axis',(0.,0.,-1.));
#7964=DIRECTION('ref_axis',(-1.,0.,0.));
#7965=DIRECTION('center_axis',(0.,0.,-1.));
#7966=DIRECTION('ref_axis',(-1.,0.,0.));
#7967=DIRECTION('center_axis',(0.,0.,-1.));
#7968=DIRECTION('ref_axis',(-1.,0.,0.));
#7969=DIRECTION('center_axis',(0.,0.,-1.));
#7970=DIRECTION('ref_axis',(-1.,0.,0.));
#7971=DIRECTION('center_axis',(0.,0.,-1.));
#7972=DIRECTION('ref_axis',(-1.,0.,0.));
#7973=DIRECTION('center_axis',(0.,0.,-1.));
#7974=DIRECTION('ref_axis',(-1.,0.,0.));
#7975=DIRECTION('center_axis',(0.,0.,-1.));
#7976=DIRECTION('ref_axis',(-1.,0.,0.));
#7977=DIRECTION('center_axis',(0.,0.,-1.));
#7978=DIRECTION('ref_axis',(-1.,0.,0.));
#7979=DIRECTION('center_axis',(0.,0.,-1.));
#7980=DIRECTION('ref_axis',(-1.,0.,0.));
#7981=DIRECTION('center_axis',(0.,0.,-1.));
#7982=DIRECTION('ref_axis',(-1.,0.,0.));
#7983=DIRECTION('center_axis',(0.,0.,-1.));
#7984=DIRECTION('ref_axis',(-1.,0.,0.));
#7985=DIRECTION('center_axis',(0.,0.,-1.));
#7986=DIRECTION('ref_axis',(-1.,0.,0.));
#7987=DIRECTION('center_axis',(0.,0.,-1.));
#7988=DIRECTION('ref_axis',(-1.,0.,0.));
#7989=DIRECTION('center_axis',(0.,0.,-1.));
#7990=DIRECTION('ref_axis',(1.,-1.4210854715202E-14,0.));
#7991=DIRECTION('center_axis',(0.,0.,1.));
#7992=DIRECTION('ref_axis',(1.,0.,0.));
#7993=DIRECTION('',(0.,0.,1.));
#7994=DIRECTION('center_axis',(0.,0.,1.));
#7995=DIRECTION('ref_axis',(1.,0.,0.));
#7996=DIRECTION('',(0.,0.,1.));
#7997=DIRECTION('center_axis',(0.,0.,1.));
#7998=DIRECTION('ref_axis',(1.,0.,0.));
#7999=DIRECTION('',(0.,0.,-1.));
#8000=DIRECTION('',(0.,0.,1.));
#8001=DIRECTION('center_axis',(0.,0.,1.));
#8002=DIRECTION('ref_axis',(1.,0.,0.));
#8003=DIRECTION('',(0.,0.,-1.));
#8004=DIRECTION('center_axis',(0.,0.,-1.));
#8005=DIRECTION('ref_axis',(-1.,0.,0.));
#8006=DIRECTION('center_axis',(0.,0.,-1.));
#8007=DIRECTION('ref_axis',(-1.,0.,0.));
#8008=DIRECTION('center_axis',(0.,0.,1.));
#8009=DIRECTION('ref_axis',(1.,0.,0.));
#8010=DIRECTION('center_axis',(0.,0.,-1.));
#8011=DIRECTION('ref_axis',(-1.,0.,0.));
#8012=DIRECTION('center_axis',(0.,0.,1.));
#8013=DIRECTION('ref_axis',(1.,0.,0.));
#8014=DIRECTION('',(0.,0.,1.));
#8015=DIRECTION('center_axis',(0.,0.,1.));
#8016=DIRECTION('ref_axis',(1.,0.,0.));
#8017=DIRECTION('',(0.,0.,-1.));
#8018=DIRECTION('center_axis',(0.,0.,1.));
#8019=DIRECTION('ref_axis',(-0.998991492656416,0.0448998619163323,0.));
#8020=DIRECTION('',(0.,0.,1.));
#8021=DIRECTION('center_axis',(0.,0.,1.));
#8022=DIRECTION('ref_axis',(1.,0.,0.));
#8023=DIRECTION('',(0.,0.,-1.));
#8024=DIRECTION('',(0.,0.,1.));
#8025=DIRECTION('center_axis',(0.,0.,1.));
#8026=DIRECTION('ref_axis',(1.,0.,0.));
#8027=DIRECTION('',(0.,0.,-1.));
#8028=DIRECTION('center_axis',(0.,0.,1.));
#8029=DIRECTION('ref_axis',(1.,0.,0.));
#8030=DIRECTION('',(0.,0.,1.));
#8031=DIRECTION('center_axis',(0.,0.,1.));
#8032=DIRECTION('ref_axis',(1.,0.,0.));
#8033=DIRECTION('',(0.,0.,-1.));
#8034=DIRECTION('',(0.,0.,1.));
#8035=DIRECTION('center_axis',(0.,0.,1.));
#8036=DIRECTION('ref_axis',(1.,0.,0.));
#8037=DIRECTION('',(0.,0.,-1.));
#8038=DIRECTION('center_axis',(0.,0.,1.));
#8039=DIRECTION('ref_axis',(1.,0.,0.));
#8040=DIRECTION('',(0.,0.,1.));
#8041=DIRECTION('center_axis',(0.,0.,1.));
#8042=DIRECTION('ref_axis',(1.,0.,0.));
#8043=DIRECTION('',(0.,0.,-1.));
#8044=DIRECTION('',(0.,0.,1.));
#8045=DIRECTION('center_axis',(0.,0.,1.));
#8046=DIRECTION('ref_axis',(1.,0.,0.));
#8047=DIRECTION('',(0.,0.,-1.));
#8048=DIRECTION('center_axis',(0.,0.,1.));
#8049=DIRECTION('ref_axis',(1.,0.,0.));
#8050=DIRECTION('',(0.,0.,1.));
#8051=DIRECTION('center_axis',(0.,0.,1.));
#8052=DIRECTION('ref_axis',(1.,0.,0.));
#8053=DIRECTION('',(0.,0.,-1.));
#8054=DIRECTION('',(0.,0.,1.));
#8055=DIRECTION('center_axis',(0.,0.,1.));
#8056=DIRECTION('ref_axis',(1.,0.,0.));
#8057=DIRECTION('',(0.,0.,-1.));
#8058=DIRECTION('center_axis',(0.,0.,1.));
#8059=DIRECTION('ref_axis',(1.,0.,0.));
#8060=DIRECTION('',(0.,0.,1.));
#8061=DIRECTION('center_axis',(0.,0.,1.));
#8062=DIRECTION('ref_axis',(-1.,1.03365165064662E-14,0.));
#8063=DIRECTION('',(0.,0.,-1.));
#8064=DIRECTION('',(0.,0.,1.));
#8065=DIRECTION('center_axis',(0.,0.,1.));
#8066=DIRECTION('ref_axis',(1.,0.,0.));
#8067=DIRECTION('',(0.,0.,-1.));
#8068=DIRECTION('center_axis',(0.,0.,1.));
#8069=DIRECTION('ref_axis',(1.,0.,0.));
#8070=DIRECTION('',(0.,0.,1.));
#8071=DIRECTION('center_axis',(0.,0.,1.));
#8072=DIRECTION('ref_axis',(1.,0.,0.));
#8073=DIRECTION('',(0.,0.,-1.));
#8074=DIRECTION('',(0.,0.,1.));
#8075=DIRECTION('center_axis',(0.,0.,1.));
#8076=DIRECTION('ref_axis',(1.,0.,0.));
#8077=DIRECTION('',(0.,0.,-1.));
#8078=DIRECTION('center_axis',(0.,0.,1.));
#8079=DIRECTION('ref_axis',(1.,0.,0.));
#8080=DIRECTION('',(0.,0.,1.));
#8081=DIRECTION('center_axis',(0.,0.,1.));
#8082=DIRECTION('ref_axis',(1.,0.,0.));
#8083=DIRECTION('',(0.,0.,-1.));
#8084=DIRECTION('',(0.,0.,1.));
#8085=DIRECTION('center_axis',(0.,0.,1.));
#8086=DIRECTION('ref_axis',(1.,0.,0.));
#8087=DIRECTION('',(0.,0.,-1.));
#8088=DIRECTION('center_axis',(0.,0.,1.));
#8089=DIRECTION('ref_axis',(1.,0.,0.));
#8090=DIRECTION('',(0.,0.,1.));
#8091=DIRECTION('center_axis',(0.,0.,1.));
#8092=DIRECTION('ref_axis',(1.,0.,0.));
#8093=DIRECTION('',(0.,0.,-1.));
#8094=DIRECTION('',(0.,0.,1.));
#8095=DIRECTION('center_axis',(0.,0.,1.));
#8096=DIRECTION('ref_axis',(1.,0.,0.));
#8097=DIRECTION('',(0.,0.,-1.));
#8098=DIRECTION('center_axis',(0.,0.,1.));
#8099=DIRECTION('ref_axis',(1.,0.,0.));
#8100=DIRECTION('',(0.,0.,1.));
#8101=DIRECTION('center_axis',(0.,0.,1.));
#8102=DIRECTION('ref_axis',(1.,0.,0.));
#8103=DIRECTION('',(0.,0.,-1.));
#8104=DIRECTION('',(0.,0.,1.));
#8105=DIRECTION('center_axis',(0.,0.,1.));
#8106=DIRECTION('ref_axis',(-0.998991492656417,-0.0448998619163108,0.));
#8107=DIRECTION('',(0.,0.,-1.));
#8108=DIRECTION('center_axis',(0.,0.,1.));
#8109=DIRECTION('ref_axis',(1.,0.,0.));
#8110=DIRECTION('',(0.,0.,1.));
#8111=DIRECTION('center_axis',(0.,0.,1.));
#8112=DIRECTION('ref_axis',(1.,0.,0.));
#8113=DIRECTION('',(0.,0.,-1.));
#8114=DIRECTION('',(0.,0.,1.));
#8115=DIRECTION('center_axis',(0.,0.,1.));
#8116=DIRECTION('ref_axis',(1.,0.,0.));
#8117=DIRECTION('',(0.,0.,-1.));
#8118=DIRECTION('center_axis',(0.,0.,1.));
#8119=DIRECTION('ref_axis',(1.,0.,0.));
#8120=DIRECTION('center_axis',(0.,0.,1.));
#8121=DIRECTION('ref_axis',(1.,0.,0.));
#8122=DIRECTION('',(0.,0.,1.));
#8123=DIRECTION('center_axis',(0.,0.,1.));
#8124=DIRECTION('ref_axis',(1.,0.,0.));
#8125=DIRECTION('',(0.,0.,-1.));
#8126=DIRECTION('center_axis',(0.,0.,1.));
#8127=DIRECTION('ref_axis',(1.,0.,0.));
#8128=DIRECTION('center_axis',(0.,0.,1.));
#8129=DIRECTION('ref_axis',(1.,0.,0.));
#8130=DIRECTION('',(0.,0.,1.));
#8131=DIRECTION('center_axis',(0.,0.,1.));
#8132=DIRECTION('ref_axis',(1.,0.,0.));
#8133=DIRECTION('',(0.,0.,-1.));
#8134=DIRECTION('center_axis',(0.,0.,1.));
#8135=DIRECTION('ref_axis',(1.,0.,0.));
#8136=DIRECTION('center_axis',(0.,0.,1.));
#8137=DIRECTION('ref_axis',(1.,0.,0.));
#8138=DIRECTION('',(0.,0.,1.));
#8139=DIRECTION('center_axis',(0.,0.,1.));
#8140=DIRECTION('ref_axis',(1.,0.,0.));
#8141=DIRECTION('',(0.,0.,-1.));
#8142=DIRECTION('center_axis',(0.,0.,1.));
#8143=DIRECTION('ref_axis',(1.,0.,0.));
#8144=DIRECTION('',(0.,0.,1.));
#8145=DIRECTION('center_axis',(0.,0.,1.));
#8146=DIRECTION('ref_axis',(1.,0.,0.));
#8147=DIRECTION('',(0.,0.,-1.));
#8148=DIRECTION('center_axis',(0.,0.,1.));
#8149=DIRECTION('ref_axis',(1.,0.,0.));
#8150=DIRECTION('center_axis',(0.,0.,1.));
#8151=DIRECTION('ref_axis',(1.,0.,0.));
#8152=DIRECTION('center_axis',(0.,0.,1.));
#8153=DIRECTION('ref_axis',(1.,0.,0.));
#8154=DIRECTION('',(0.,0.,1.));
#8155=DIRECTION('center_axis',(0.,0.,1.));
#8156=DIRECTION('ref_axis',(1.,0.,0.));
#8157=DIRECTION('',(0.,0.,-1.));
#8158=DIRECTION('center_axis',(0.,0.,1.));
#8159=DIRECTION('ref_axis',(1.,0.,0.));
#8160=DIRECTION('center_axis',(0.,0.,1.));
#8161=DIRECTION('ref_axis',(1.,0.,0.));
#8162=DIRECTION('',(0.,0.,1.));
#8163=DIRECTION('center_axis',(0.,0.,1.));
#8164=DIRECTION('ref_axis',(1.,0.,0.));
#8165=DIRECTION('',(0.,0.,-1.));
#8166=DIRECTION('center_axis',(0.,0.,1.));
#8167=DIRECTION('ref_axis',(1.,0.,0.));
#8168=DIRECTION('center_axis',(0.,0.,1.));
#8169=DIRECTION('ref_axis',(1.,0.,0.));
#8170=DIRECTION('',(0.,0.,1.));
#8171=DIRECTION('center_axis',(0.,0.,1.));
#8172=DIRECTION('ref_axis',(1.,0.,0.));
#8173=DIRECTION('',(0.,0.,-1.));
#8174=DIRECTION('center_axis',(0.,0.,1.));
#8175=DIRECTION('ref_axis',(1.,0.,0.));
#8176=DIRECTION('center_axis',(0.,0.,-1.));
#8177=DIRECTION('ref_axis',(-1.,0.,0.));
#8178=DIRECTION('center_axis',(0.,0.,-1.));
#8179=DIRECTION('ref_axis',(-1.,0.,0.));
#8180=DIRECTION('center_axis',(0.,0.,-1.));
#8181=DIRECTION('ref_axis',(-1.,0.,0.));
#8182=DIRECTION('center_axis',(0.,0.,-1.));
#8183=DIRECTION('ref_axis',(-1.,0.,0.));
#8184=DIRECTION('center_axis',(0.,0.,-1.));
#8185=DIRECTION('ref_axis',(-1.,0.,0.));
#8186=DIRECTION('center_axis',(0.,0.,-1.));
#8187=DIRECTION('ref_axis',(-1.,0.,0.));
#8188=DIRECTION('center_axis',(0.,0.,-1.));
#8189=DIRECTION('ref_axis',(-1.,0.,0.));
#8190=DIRECTION('center_axis',(0.,0.,-1.));
#8191=DIRECTION('ref_axis',(-1.,0.,0.));
#8192=DIRECTION('center_axis',(0.,0.,-1.));
#8193=DIRECTION('ref_axis',(-1.,0.,0.));
#8194=DIRECTION('center_axis',(0.,0.,-1.));
#8195=DIRECTION('ref_axis',(-1.,0.,0.));
#8196=DIRECTION('center_axis',(0.,0.,-1.));
#8197=DIRECTION('ref_axis',(-1.,0.,0.));
#8198=DIRECTION('center_axis',(0.,0.,-1.));
#8199=DIRECTION('ref_axis',(0.854031767931729,0.520220856332582,0.));
#8200=DIRECTION('center_axis',(0.,0.,-1.));
#8201=DIRECTION('ref_axis',(-1.,0.,0.));
#8202=DIRECTION('center_axis',(0.,0.,-1.));
#8203=DIRECTION('ref_axis',(0.972989563449598,0.230849105300757,0.));
#8204=DIRECTION('center_axis',(0.,0.,-1.));
#8205=DIRECTION('ref_axis',(-1.,0.,0.));
#8206=DIRECTION('center_axis',(0.,0.,-1.));
#8207=DIRECTION('ref_axis',(0.996704361280103,-0.0811197645781959,0.));
#8208=DIRECTION('center_axis',(0.,0.,-1.));
#8209=DIRECTION('ref_axis',(-1.,0.,0.));
#8210=DIRECTION('center_axis',(0.,0.,-1.));
#8211=DIRECTION('ref_axis',(0.922854791780883,-0.385148066705603,0.));
#8212=DIRECTION('center_axis',(0.,0.,-1.));
#8213=DIRECTION('ref_axis',(0.758669765354741,0.651475392579476,0.));
#8214=DIRECTION('center_axis',(0.,0.,-1.));
#8215=DIRECTION('ref_axis',(0.758669765354728,-0.651475392579491,0.));
#8216=DIRECTION('center_axis',(0.,0.,-1.));
#8217=DIRECTION('ref_axis',(0.922854791780891,0.385148066705582,0.));
#8218=DIRECTION('center_axis',(0.,0.,-1.));
#8219=DIRECTION('ref_axis',(-1.,0.,0.));
#8220=DIRECTION('center_axis',(0.,0.,-1.));
#8221=DIRECTION('ref_axis',(0.996704361280105,0.0811197645781718,0.));
#8222=DIRECTION('center_axis',(0.,0.,-1.));
#8223=DIRECTION('ref_axis',(-1.,0.,0.));
#8224=DIRECTION('center_axis',(0.,0.,-1.));
#8225=DIRECTION('ref_axis',(0.972989563449594,-0.230849105300776,0.));
#8226=DIRECTION('center_axis',(0.,0.,-1.));
#8227=DIRECTION('ref_axis',(-1.,0.,0.));
#8228=DIRECTION('center_axis',(0.,0.,-1.));
#8229=DIRECTION('ref_axis',(0.854031767931721,-0.520220856332595,0.));
#8230=DIRECTION('center_axis',(0.,0.,-1.));
#8231=DIRECTION('ref_axis',(-1.,0.,0.));
#8232=CARTESIAN_POINT('',(0.,0.,0.));
#8233=CARTESIAN_POINT('Origin',(0.,0.,149.));
#8234=CARTESIAN_POINT('',(11.,1.34711147906209E-15,149.));
#8235=CARTESIAN_POINT('Origin',(0.,0.,149.));
#8236=CARTESIAN_POINT('',(11.,1.34711147906209E-15,146.));
#8237=CARTESIAN_POINT('',(11.,-1.34711147906209E-15,149.));
#8238=CARTESIAN_POINT('Origin',(0.,0.,146.));
#8239=CARTESIAN_POINT('Origin',(0.,0.,126.5));
#8240=CARTESIAN_POINT('',(-11.5,1.40834381901946E-15,129.));
#8241=CARTESIAN_POINT('Origin',(0.,0.,129.));
#8242=CARTESIAN_POINT('',(-6.5,7.9602041944578E-16,124.));
#8243=CARTESIAN_POINT('',(-9.,-1.10218211923262E-15,126.5));
#8244=CARTESIAN_POINT('Origin',(0.,0.,124.));
#8245=CARTESIAN_POINT('Origin',(0.,0.,129.));
#8246=CARTESIAN_POINT('',(15.2081193120007,12.9889609666036,129.));
#8247=CARTESIAN_POINT('',(13.9268736842319,11.4868407097743,129.));
#8248=CARTESIAN_POINT('Origin',(7.93724437558485,17.8932280361122,129.));
#8249=CARTESIAN_POINT('',(13.8613945271687,10.6823097578275,129.));
#8250=CARTESIAN_POINT('Origin',(14.3366423395288,11.0485603780959,129.));
#8251=CARTESIAN_POINT('',(14.4428867788962,9.88195433565569,129.));
#8252=CARTESIAN_POINT('Origin',(0.,0.,129.));
#8253=CARTESIAN_POINT('',(15.2282753556163,9.69561497800989,129.));
#8254=CARTESIAN_POINT('Origin',(14.9380714684584,10.2207641985925,129.));
#8255=CARTESIAN_POINT('',(17.0528032870818,10.449971294319,129.));
#8256=CARTESIAN_POINT('Origin',(19.4702145218624,2.01945643744199,129.));
#8257=CARTESIAN_POINT('',(18.4775906502257,7.65366864730171,129.));
#8258=CARTESIAN_POINT('Origin',(0.,0.,129.));
#8259=CARTESIAN_POINT('',(16.7948729600065,6.62099406173444,129.));
#8260=CARTESIAN_POINT('Origin',(13.078079532212,14.564727720737,129.));
#8261=CARTESIAN_POINT('',(16.4839848443478,5.87607382963415,129.));
#8262=CARTESIAN_POINT('Origin',(17.0491500390112,6.07753921807874,129.));
#8263=CARTESIAN_POINT('',(16.7896934125372,4.93519960214429,129.));
#8264=CARTESIAN_POINT('Origin',(0.,0.,129.));
#8265=CARTESIAN_POINT('',(17.4790603080171,4.51528192441857,129.));
#8266=CARTESIAN_POINT('Origin',(17.3653400438242,5.10440644564638,129.));
#8267=CARTESIAN_POINT('',(19.4473984079535,4.66890727711808,129.));
#8268=CARTESIAN_POINT('Origin',(19.1413207532512,-4.09600996717797,129.));
#8269=CARTESIAN_POINT('',(19.9383466746626,1.5691819145568,129.));
#8270=CARTESIAN_POINT('Origin',(0.,0.,129.));
#8271=CARTESIAN_POINT('',(18.018873053695,1.10703838375376,129.));
#8272=CARTESIAN_POINT('Origin',(16.9387411438881,9.81053037763089,129.));
#8273=CARTESIAN_POINT('',(17.4930078742864,0.494646853982411,129.));
#8274=CARTESIAN_POINT('Origin',(18.0927681442619,0.511606174690379,129.));
#8275=CARTESIAN_POINT('',(17.4930078742864,-0.49464685398253,129.));
#8276=CARTESIAN_POINT('Origin',(0.,0.,129.));
#8277=CARTESIAN_POINT('',(18.018873053695,-1.10703838375389,129.));
#8278=CARTESIAN_POINT('Origin',(18.0927681442619,-0.511606174690503,129.));
#8279=CARTESIAN_POINT('',(19.9383466746625,-1.56918191455694,129.));
#8280=CARTESIAN_POINT('Origin',(16.938741143888,-9.81053037763101,129.));
#8281=CARTESIAN_POINT('',(19.4473984079535,-4.66890727711822,129.));
#8282=CARTESIAN_POINT('Origin',(0.,0.,129.));
#8283=CARTESIAN_POINT('',(17.479060308017,-4.5152819244187,129.));
#8284=CARTESIAN_POINT('Origin',(19.1413207532512,4.09600996717784,129.));
#8285=CARTESIAN_POINT('',(16.7896934125372,-4.93519960214441,129.));
#8286=CARTESIAN_POINT('Origin',(17.3653400438241,-5.10440644564651,129.));
#8287=CARTESIAN_POINT('',(16.4839848443478,-5.87607382963426,129.));
#8288=CARTESIAN_POINT('Origin',(0.,0.,129.));
#8289=CARTESIAN_POINT('',(16.7948729600064,-6.62099406173456,129.));
#8290=CARTESIAN_POINT('Origin',(17.0491500390111,-6.07753921807887,129.));
#8291=CARTESIAN_POINT('',(18.4775906502257,-7.65366864730185,129.));
#8292=CARTESIAN_POINT('Origin',(13.0780795322119,-14.5647277207371,129.));
#8293=CARTESIAN_POINT('',(17.0528032870818,-10.4499712943191,129.));
#8294=CARTESIAN_POINT('Origin',(0.,0.,129.));
#8295=CARTESIAN_POINT('',(15.2282753556162,-9.69561497801,129.));
#8296=CARTESIAN_POINT('Origin',(19.4702145218624,-2.01945643744213,129.));
#8297=CARTESIAN_POINT('',(14.4428867788962,-9.88195433565579,129.));
#8298=CARTESIAN_POINT('Origin',(14.9380714684583,-10.2207641985926,129.));
#8299=CARTESIAN_POINT('',(13.8613945271686,-10.6823097578276,129.));
#8300=CARTESIAN_POINT('Origin',(0.,0.,129.));
#8301=CARTESIAN_POINT('',(13.9268736842318,-11.4868407097744,129.));
#8302=CARTESIAN_POINT('Origin',(14.3366423395287,-11.048560378096,129.));
#8303=CARTESIAN_POINT('',(15.2081193120006,-12.9889609666037,129.));
#8304=CARTESIAN_POINT('Origin',(7.93724437558472,-17.8932280361123,129.));
#8305=CARTESIAN_POINT('',(12.9889609666036,-15.2081193120007,129.));
#8306=CARTESIAN_POINT('Origin',(0.,0.,129.));
#8307=CARTESIAN_POINT('',(11.4868407097743,-13.9268736842319,129.));
#8308=CARTESIAN_POINT('Origin',(17.8932280361122,-7.93724437558491,129.));
#8309=CARTESIAN_POINT('',(10.6823097578275,-13.8613945271687,129.));
#8310=CARTESIAN_POINT('Origin',(11.0485603780959,-14.3366423395288,129.));
#8311=CARTESIAN_POINT('',(9.88195433565564,-14.4428867788963,129.));
#8312=CARTESIAN_POINT('Origin',(0.,0.,129.));
#8313=CARTESIAN_POINT('',(9.69561497800984,-15.2282753556163,129.));
#8314=CARTESIAN_POINT('Origin',(10.2207641985924,-14.9380714684584,129.));
#8315=CARTESIAN_POINT('',(10.4499712943189,-17.0528032870819,129.));
#8316=CARTESIAN_POINT('Origin',(2.01945643744193,-19.4702145218624,129.));
#8317=CARTESIAN_POINT('',(7.65366864730164,-18.4775906502258,129.));
#8318=CARTESIAN_POINT('Origin',(0.,0.,129.));
#8319=CARTESIAN_POINT('',(6.62099406173437,-16.7948729600065,129.));
#8320=CARTESIAN_POINT('Origin',(14.5647277207369,-13.078079532212,129.));
#8321=CARTESIAN_POINT('',(5.87607382963408,-16.4839848443478,129.));
#8322=CARTESIAN_POINT('Origin',(6.07753921807868,-17.0491500390112,129.));
#8323=CARTESIAN_POINT('',(4.93519960214423,-16.7896934125372,129.));
#8324=CARTESIAN_POINT('Origin',(0.,0.,129.));
#8325=CARTESIAN_POINT('',(4.51528192441851,-17.4790603080171,129.));
#8326=CARTESIAN_POINT('Origin',(5.10440644564632,-17.3653400438242,129.));
#8327=CARTESIAN_POINT('',(4.668907277118,-19.4473984079535,129.));
#8328=CARTESIAN_POINT('Origin',(-4.09600996717804,-19.1413207532512,129.));
#8329=CARTESIAN_POINT('',(1.56918191455687,-19.9383466746625,129.));
#8330=CARTESIAN_POINT('Origin',(0.,0.,129.));
#8331=CARTESIAN_POINT('',(1.10703838375382,-18.018873053695,129.));
#8332=CARTESIAN_POINT('Origin',(9.81053037763095,-16.9387411438881,129.));
#8333=CARTESIAN_POINT('',(0.49464685398247,-17.4930078742864,129.));
#8334=CARTESIAN_POINT('Origin',(0.51160617469044,-18.0927681442619,129.));
#8335=CARTESIAN_POINT('',(-0.494646853982468,-17.4930078742864,129.));
#8336=CARTESIAN_POINT('Origin',(0.,0.,129.));
#8337=CARTESIAN_POINT('',(-1.10703838375382,-18.018873053695,129.));
#8338=CARTESIAN_POINT('Origin',(-0.511606174690439,-18.0927681442619,129.));
#8339=CARTESIAN_POINT('',(-1.56918191455687,-19.9383466746625,129.));
#8340=CARTESIAN_POINT('Origin',(-9.81053037763095,-16.9387411438881,129.));
#8341=CARTESIAN_POINT('',(-4.66890727711828,-19.4473984079535,129.));
#8342=CARTESIAN_POINT('Origin',(0.,0.,129.));
#8343=CARTESIAN_POINT('',(-4.51528192441876,-17.479060308017,129.));
#8344=CARTESIAN_POINT('Origin',(4.09600996717777,-19.1413207532512,129.));
#8345=CARTESIAN_POINT('',(-4.93519960214447,-16.7896934125371,129.));
#8346=CARTESIAN_POINT('Origin',(-5.10440644564657,-17.3653400438241,129.));
#8347=CARTESIAN_POINT('',(-5.87607382963432,-16.4839848443478,129.));
#8348=CARTESIAN_POINT('Origin',(0.,0.,129.));
#8349=CARTESIAN_POINT('',(-6.62099406173461,-16.7948729600064,129.));
#8350=CARTESIAN_POINT('Origin',(-6.07753921807892,-17.0491500390111,129.));
#8351=CARTESIAN_POINT('',(-7.65366864730191,-18.4775906502257,129.));
#8352=CARTESIAN_POINT('Origin',(-14.5647277207371,-13.0780795322118,129.));
#8353=CARTESIAN_POINT('',(-10.4499712943191,-17.0528032870817,129.));
#8354=CARTESIAN_POINT('Origin',(0.,0.,129.));
#8355=CARTESIAN_POINT('',(-9.69561497801006,-15.2282753556161,129.));
#8356=CARTESIAN_POINT('Origin',(-2.01945643744221,-19.4702145218624,129.));
#8357=CARTESIAN_POINT('',(-9.88195433565584,-14.4428867788961,129.));
#8358=CARTESIAN_POINT('Origin',(-10.2207641985926,-14.9380714684583,129.));
#8359=CARTESIAN_POINT('',(-10.6823097578277,-13.8613945271686,129.));
#8360=CARTESIAN_POINT('Origin',(0.,0.,129.));
#8361=CARTESIAN_POINT('',(-11.4868407097745,-13.9268736842317,129.));
#8362=CARTESIAN_POINT('Origin',(-11.0485603780961,-14.3366423395287,129.));
#8363=CARTESIAN_POINT('',(-12.9889609666038,-15.2081193120005,129.));
#8364=CARTESIAN_POINT('Origin',(-17.8932280361123,-7.93724437558465,129.));
#8365=CARTESIAN_POINT('',(-15.2081193120008,-12.9889609666035,129.));
#8366=CARTESIAN_POINT('Origin',(0.,0.,129.));
#8367=CARTESIAN_POINT('',(-13.926873684232,-11.4868407097742,129.));
#8368=CARTESIAN_POINT('Origin',(-7.93724437558498,-17.8932280361122,129.));
#8369=CARTESIAN_POINT('',(-13.8613945271688,-10.6823097578274,129.));
#8370=CARTESIAN_POINT('Origin',(-14.3366423395289,-11.0485603780958,129.));
#8371=CARTESIAN_POINT('',(-14.4428867788963,-9.88195433565558,129.));
#8372=CARTESIAN_POINT('Origin',(0.,0.,129.));
#8373=CARTESIAN_POINT('',(-15.2282753556163,-9.69561497800978,129.));
#8374=CARTESIAN_POINT('Origin',(-14.9380714684585,-10.2207641985923,129.));
#8375=CARTESIAN_POINT('',(-17.0528032870819,-10.4499712943188,129.));
#8376=CARTESIAN_POINT('Origin',(-19.4702145218624,-2.01945643744185,129.));
#8377=CARTESIAN_POINT('',(-18.4775906502258,-7.65366864730159,129.));
#8378=CARTESIAN_POINT('Origin',(0.,0.,129.));
#8379=CARTESIAN_POINT('',(-16.7948729600065,-6.62099406173432,129.));
#8380=CARTESIAN_POINT('Origin',(-13.0780795322121,-14.5647277207369,129.));
#8381=CARTESIAN_POINT('',(-16.4839848443479,-5.87607382963403,129.));
#8382=CARTESIAN_POINT('Origin',(-17.0491500390112,-6.07753921807863,129.));
#8383=CARTESIAN_POINT('',(-16.7896934125372,-4.93519960214418,129.));
#8384=CARTESIAN_POINT('Origin',(0.,0.,129.));
#8385=CARTESIAN_POINT('',(-17.4790603080171,-4.51528192441845,129.));
#8386=CARTESIAN_POINT('Origin',(-17.3653400438242,-5.10440644564626,129.));
#8387=CARTESIAN_POINT('',(-19.4473984079536,-4.66890727711794,129.));
#8388=CARTESIAN_POINT('Origin',(-19.1413207532512,4.0960099671781,129.));
#8389=CARTESIAN_POINT('',(-19.9383466746626,-1.56918191455666,129.));
#8390=CARTESIAN_POINT('Origin',(0.,0.,129.));
#8391=CARTESIAN_POINT('',(-18.018873053695,-1.10703838375364,129.));
#8392=CARTESIAN_POINT('Origin',(-16.9387411438882,-9.81053037763077,129.));
#8393=CARTESIAN_POINT('',(-17.4930078742864,-0.494646853982288,129.));
#8394=CARTESIAN_POINT('Origin',(-18.0927681442619,-0.511606174690252,129.));
#8395=CARTESIAN_POINT('',(-17.4930078742864,0.494646853982652,129.));
#8396=CARTESIAN_POINT('Origin',(0.,0.,129.));
#8397=CARTESIAN_POINT('',(-18.018873053695,1.10703838375401,129.));
#8398=CARTESIAN_POINT('Origin',(-18.0927681442619,0.511606174690629,129.));
#8399=CARTESIAN_POINT('',(-19.9383466746625,1.56918191455708,129.));
#8400=CARTESIAN_POINT('Origin',(-16.938741143888,9.81053037763113,129.));
#8401=CARTESIAN_POINT('',(-19.4473984079535,4.66890727711835,129.));
#8402=CARTESIAN_POINT('Origin',(0.,0.,129.));
#8403=CARTESIAN_POINT('',(-17.479060308017,4.51528192441882,129.));
#8404=CARTESIAN_POINT('Origin',(-19.1413207532513,-4.0960099671777,129.));
#8405=CARTESIAN_POINT('',(-16.7896934125371,4.93519960214453,129.));
#8406=CARTESIAN_POINT('Origin',(-17.3653400438241,5.10440644564663,129.));
#8407=CARTESIAN_POINT('',(-16.4839848443477,5.87607382963438,129.));
#8408=CARTESIAN_POINT('Origin',(0.,0.,129.));
#8409=CARTESIAN_POINT('',(-16.7948729600064,6.62099406173467,129.));
#8410=CARTESIAN_POINT('Origin',(-17.0491500390111,6.07753921807898,129.));
#8411=CARTESIAN_POINT('',(-18.4775906502256,7.65366864730197,129.));
#8412=CARTESIAN_POINT('Origin',(-13.0780795322118,14.5647277207372,129.));
#8413=CARTESIAN_POINT('',(-17.0528032870817,10.4499712943192,129.));
#8414=CARTESIAN_POINT('Origin',(0.,0.,129.));
#8415=CARTESIAN_POINT('',(-15.2282753556161,9.69561497801011,129.));
#8416=CARTESIAN_POINT('Origin',(-19.4702145218623,2.01945643744228,129.));
#8417=CARTESIAN_POINT('',(-14.4428867788961,9.88195433565589,129.));
#8418=CARTESIAN_POINT('Origin',(-14.9380714684582,10.2207641985927,129.));
#8419=CARTESIAN_POINT('',(-13.8613945271686,10.6823097578277,129.));
#8420=CARTESIAN_POINT('Origin',(0.,0.,129.));
#8421=CARTESIAN_POINT('',(-13.9268736842317,11.4868407097745,129.));
#8422=CARTESIAN_POINT('Origin',(-14.3366423395286,11.0485603780961,129.));
#8423=CARTESIAN_POINT('',(-15.2081193120005,12.9889609666038,129.));
#8424=CARTESIAN_POINT('Origin',(-7.93724437558459,17.8932280361124,129.));
#8425=CARTESIAN_POINT('',(-12.9889609666034,15.2081193120008,129.));
#8426=CARTESIAN_POINT('Origin',(0.,0.,129.));
#8427=CARTESIAN_POINT('',(-11.4868407097742,13.926873684232,129.));
#8428=CARTESIAN_POINT('Origin',(-17.8932280361122,7.93724437558504,129.));
#8429=CARTESIAN_POINT('',(-10.6823097578274,13.8613945271688,129.));
#8430=CARTESIAN_POINT('Origin',(-11.0485603780957,14.3366423395289,129.));
#8431=CARTESIAN_POINT('',(-9.88195433565553,14.4428867788963,129.));
#8432=CARTESIAN_POINT('Origin',(0.,0.,129.));
#8433=CARTESIAN_POINT('',(-9.69561497800973,15.2282753556164,129.));
#8434=CARTESIAN_POINT('Origin',(-10.2207641985923,14.9380714684585,129.));
#8435=CARTESIAN_POINT('',(-10.4499712943188,17.052803287082,129.));
#8436=CARTESIAN_POINT('Origin',(-2.01945643744178,19.4702145218624,129.));
#8437=CARTESIAN_POINT('',(-7.65366864730152,18.4775906502258,129.));
#8438=CARTESIAN_POINT('Origin',(0.,0.,129.));
#8439=CARTESIAN_POINT('',(-6.62099406173426,16.7948729600065,129.));
#8440=CARTESIAN_POINT('Origin',(-14.5647277207368,13.0780795322121,129.));
#8441=CARTESIAN_POINT('',(-5.87607382963397,16.4839848443479,129.));
#8442=CARTESIAN_POINT('Origin',(-6.07753921807857,17.0491500390112,129.));
#8443=CARTESIAN_POINT('',(-4.93519960214412,16.7896934125372,129.));
#8444=CARTESIAN_POINT('Origin',(0.,0.,129.));
#8445=CARTESIAN_POINT('',(-4.51528192441839,17.4790603080171,129.));
#8446=CARTESIAN_POINT('Origin',(-5.1044064456462,17.3653400438242,129.));
#8447=CARTESIAN_POINT('',(-4.66890727711788,19.4473984079536,129.));
#8448=CARTESIAN_POINT('Origin',(4.09600996717817,19.1413207532512,129.));
#8449=CARTESIAN_POINT('',(-1.56918191455687,19.9383466746625,129.));
#8450=CARTESIAN_POINT('Origin',(0.,0.,129.));
#8451=CARTESIAN_POINT('',(-1.10703838375382,18.018873053695,129.));
#8452=CARTESIAN_POINT('Origin',(-9.81053037763095,16.9387411438881,129.));
#8453=CARTESIAN_POINT('',(-0.49464685398247,17.4930078742864,129.));
#8454=CARTESIAN_POINT('Origin',(-0.51160617469044,18.0927681442619,129.));
#8455=CARTESIAN_POINT('',(0.494646853982468,17.4930078742864,129.));
#8456=CARTESIAN_POINT('Origin',(0.,0.,129.));
#8457=CARTESIAN_POINT('',(1.10703838375382,18.018873053695,129.));
#8458=CARTESIAN_POINT('Origin',(0.511606174690439,18.0927681442619,129.));
#8459=CARTESIAN_POINT('',(1.56918191455687,19.9383466746625,129.));
#8460=CARTESIAN_POINT('Origin',(9.81053037763095,16.9387411438881,129.));
#8461=CARTESIAN_POINT('',(4.66890727711815,19.4473984079535,129.));
#8462=CARTESIAN_POINT('Origin',(0.,0.,129.));
#8463=CARTESIAN_POINT('',(4.51528192441863,17.4790603080171,129.));
#8464=CARTESIAN_POINT('Origin',(-4.0960099671779,19.1413207532512,129.));
#8465=CARTESIAN_POINT('',(4.93519960214435,16.7896934125372,129.));
#8466=CARTESIAN_POINT('Origin',(5.10440644564644,17.3653400438242,129.));
#8467=CARTESIAN_POINT('',(5.8760738296342,16.4839848443478,129.));
#8468=CARTESIAN_POINT('Origin',(0.,0.,129.));
#8469=CARTESIAN_POINT('',(6.62099406173449,16.7948729600064,129.));
#8470=CARTESIAN_POINT('Origin',(6.0775392180788,17.0491500390112,129.));
#8471=CARTESIAN_POINT('',(7.65366864730177,18.4775906502257,129.));
#8472=CARTESIAN_POINT('Origin',(14.564727720737,13.0780795322119,129.));
#8473=CARTESIAN_POINT('',(10.449971294319,17.0528032870818,129.));
#8474=CARTESIAN_POINT('Origin',(0.,0.,129.));
#8475=CARTESIAN_POINT('',(9.69561497800994,15.2282753556162,129.));
#8476=CARTESIAN_POINT('Origin',(2.01945643744206,19.4702145218624,129.));
#8477=CARTESIAN_POINT('',(9.88195433565574,14.4428867788962,129.));
#8478=CARTESIAN_POINT('Origin',(10.2207641985925,14.9380714684584,129.));
#8479=CARTESIAN_POINT('',(10.6823097578276,13.8613945271687,129.));
#8480=CARTESIAN_POINT('Origin',(0.,0.,129.));
#8481=CARTESIAN_POINT('',(11.4868407097744,13.9268736842318,129.));
#8482=CARTESIAN_POINT('Origin',(11.048560378096,14.3366423395287,129.));
#8483=CARTESIAN_POINT('',(12.9889609666037,15.2081193120006,129.));
#8484=CARTESIAN_POINT('Origin',(17.8932280361123,7.93724437558479,129.));
#8485=CARTESIAN_POINT('Origin',(0.,0.,129.));
#8486=CARTESIAN_POINT('Origin',(0.,0.,111.));
#8487=CARTESIAN_POINT('',(-4.9,6.00076931582203E-16,111.));
#8488=CARTESIAN_POINT('Origin',(0.,0.,111.));
#8489=CARTESIAN_POINT('',(1.6,-1.95943487863577E-16,111.));
#8490=CARTESIAN_POINT('Origin',(0.,0.,111.));
#8491=CARTESIAN_POINT('Origin',(0.,0.,124.));
#8492=CARTESIAN_POINT('',(-4.9,6.00076931582203E-16,124.));
#8493=CARTESIAN_POINT('',(-4.9,6.00076931582203E-16,124.));
#8494=CARTESIAN_POINT('Origin',(0.,0.,124.));
#8495=CARTESIAN_POINT('Origin',(0.,0.,124.));
#8496=CARTESIAN_POINT('Origin',(0.,0.,146.));
#8497=CARTESIAN_POINT('',(1.6,1.95943487863577E-16,146.));
#8498=CARTESIAN_POINT('Origin',(0.,0.,146.));
#8499=CARTESIAN_POINT('',(1.6,-1.95943487863577E-16,146.));
#8500=CARTESIAN_POINT('Origin',(0.972728729247838,-7.48191595077533,169.000000119209));
#8501=CARTESIAN_POINT('',(0.972728729247838,-7.48191595077533,146.));
#8502=CARTESIAN_POINT('',(0.911235809325963,-7.66181707382221,146.));
#8503=CARTESIAN_POINT('',(2.06679140402484,-4.2811717980158,146.));
#8504=CARTESIAN_POINT('',(0.972728729247838,-7.48191595077533,134.000000119209));
#8505=CARTESIAN_POINT('',(0.972728729247838,-7.48191595077533,169.000000119209));
#8506=CARTESIAN_POINT('',(0.911235809325963,-7.66181707382221,134.000000119209));
#8507=CARTESIAN_POINT('',(0.972728729247838,-7.48191595077533,134.000000119209));
#8508=CARTESIAN_POINT('',(0.911235809325963,-7.66181707382221,169.000000119209));
#8509=CARTESIAN_POINT('Origin',(0.911235809325963,-7.66181707382221,169.000000119209));
#8510=CARTESIAN_POINT('',(0.816860198974401,-7.82683610916156,146.));
#8511=CARTESIAN_POINT('',(2.44988103385303,-4.97144241309018,146.));
#8512=CARTESIAN_POINT('',(0.816860198974401,-7.82683610916156,134.000000119209));
#8513=CARTESIAN_POINT('',(0.911235809325963,-7.66181707382221,134.000000119209));
#8514=CARTESIAN_POINT('',(0.816860198974401,-7.82683610916156,169.000000119209));
#8515=CARTESIAN_POINT('Origin',(0.816860198974401,-7.82683610916156,169.000000119209));
#8516=CARTESIAN_POINT('',(0.692920684814244,-7.97100782394428,146.));
#8517=CARTESIAN_POINT('',(2.57784179024963,-5.77838741678674,146.));
#8518=CARTESIAN_POINT('',(0.692920684814244,-7.97100782394428,134.000000119209));
#8519=CARTESIAN_POINT('',(0.816860198974401,-7.82683610916156,134.000000119209));
#8520=CARTESIAN_POINT('',(0.692920684814244,-7.97100782394428,169.000000119209));
#8521=CARTESIAN_POINT('Origin',(0.692920684814244,-7.97100782394428,169.000000119209));
#8522=CARTESIAN_POINT('',(0.543956756591588,-8.08912038803119,146.));
#8523=CARTESIAN_POINT('',(2.42046686233336,-6.60124729842736,146.));
#8524=CARTESIAN_POINT('',(0.543956756591588,-8.08912038803119,134.000000119209));
#8525=CARTESIAN_POINT('',(0.692920684814244,-7.97100782394428,134.000000119209));
#8526=CARTESIAN_POINT('',(0.543956756591588,-8.08912038803119,169.000000119209));
#8527=CARTESIAN_POINT('Origin',(0.543956756591588,-8.08912038803119,169.000000119209));
#8528=CARTESIAN_POINT('',(0.375347137450963,-8.17690610885639,146.));
#8529=CARTESIAN_POINT('',(1.98667776477835,-7.33797520249052,146.));
#8530=CARTESIAN_POINT('',(0.375347137450963,-8.17690610885639,134.000000119209));
#8531=CARTESIAN_POINT('',(0.543956756591588,-8.08912038803119,134.000000119209));
#8532=CARTESIAN_POINT('',(0.375347137450963,-8.17690610885639,169.000000119209));
#8533=CARTESIAN_POINT('Origin',(0.375347137450963,-8.17690610885639,169.000000119209));
#8534=CARTESIAN_POINT('',(0.193157196044713,-8.23118448257465,146.));
#8535=CARTESIAN_POINT('',(1.32171598149374,-7.89496210362872,146.));
#8536=CARTESIAN_POINT('',(0.193157196044713,-8.23118448257465,134.000000119209));
#8537=CARTESIAN_POINT('',(0.375347137450963,-8.17690610885639,134.000000119209));
#8538=CARTESIAN_POINT('',(0.193157196044713,-8.23118448257465,169.000000119209));
#8539=CARTESIAN_POINT('Origin',(0.193157196044713,-8.23118448257465,169.000000119209));
#8540=CARTESIAN_POINT('',(0.00394821166971315,-8.25000524520893,146.));
#8541=CARTESIAN_POINT('',(0.502895030985175,-8.20037462283397,146.));
#8542=CARTESIAN_POINT('',(0.00394821166971315,-8.25000524520893,134.000000119209));
#8543=CARTESIAN_POINT('',(0.193157196044713,-8.23118448257465,134.000000119209));
#8544=CARTESIAN_POINT('',(0.00394821166971315,-8.25000524520893,169.000000119209));
#8545=CARTESIAN_POINT('Origin',(0.00394821166971315,-8.25000524520893,169.000000119209));
#8546=CARTESIAN_POINT('',(-0.185375213623256,-8.23268651962299,146.));
#8547=CARTESIAN_POINT('',(-0.37222067533801,-8.21559447053605,146.));
#8548=CARTESIAN_POINT('',(-0.185375213623256,-8.23268651962299,134.000000119209));
#8549=CARTESIAN_POINT('',(0.00394821166971315,-8.25000524520893,134.000000119209));
#8550=CARTESIAN_POINT('',(-0.185375213623256,-8.23268651962299,169.000000119209));
#8551=CARTESIAN_POINT('Origin',(-0.185375213623256,-8.23268651962299,169.000000119209));
#8552=CARTESIAN_POINT('',(-0.367946624756068,-8.17985296249408,146.));
#8553=CARTESIAN_POINT('',(-1.19901239520893,-7.93935440585446,146.));
#8554=CARTESIAN_POINT('',(-0.367946624756068,-8.17985296249408,134.000000119209));
#8555=CARTESIAN_POINT('',(-0.185375213623256,-8.23268651962299,134.000000119209));
#8556=CARTESIAN_POINT('',(-0.367946624756068,-8.17985296249408,169.000000119209));
#8557=CARTESIAN_POINT('Origin',(-0.367946624756068,-8.17985296249408,169.000000119209));
#8558=CARTESIAN_POINT('',(-0.537281036377162,-8.09341192245502,146.));
#8559=CARTESIAN_POINT('',(-1.87822413018117,-7.4088935510741,146.));
#8560=CARTESIAN_POINT('',(-0.537281036377162,-8.09341192245502,134.000000119209));
#8561=CARTESIAN_POINT('',(-0.367946624756068,-8.17985296249408,134.000000119209));
#8562=CARTESIAN_POINT('',(-0.537281036377162,-8.09341192245502,169.000000119209));
#8563=CARTESIAN_POINT('Origin',(-0.537281036377162,-8.09341192245502,169.000000119209));
#8564=CARTESIAN_POINT('',(-0.687198638916224,-7.97648668289203,146.));
#8565=CARTESIAN_POINT('',(-2.33266958492999,-6.69313448609803,146.));
#8566=CARTESIAN_POINT('',(-0.687198638916224,-7.97648668289203,134.000000119209));
#8567=CARTESIAN_POINT('',(-0.537281036377162,-8.09341192245502,134.000000119209));
#8568=CARTESIAN_POINT('',(-0.687198638916224,-7.97648668289203,169.000000119209));
#8569=CARTESIAN_POINT('Origin',(-0.687198638916224,-7.97648668289203,169.000000119209));
#8570=CARTESIAN_POINT('',(-0.812244415283412,-7.83330678939838,146.));
#8571=CARTESIAN_POINT('',(-2.51449839285557,-5.88419223080476,146.));
#8572=CARTESIAN_POINT('',(-0.812244415283412,-7.83330678939838,134.000000119209));
#8573=CARTESIAN_POINT('',(-0.687198638916224,-7.97648668289203,134.000000119209));
#8574=CARTESIAN_POINT('',(-0.812244415283412,-7.83330678939838,169.000000119209));
#8575=CARTESIAN_POINT('Origin',(-0.812244415283412,-7.83330678939838,169.000000119209));
#8576=CARTESIAN_POINT('',(-0.907993316650599,-7.66904115676899,146.));
#8577=CARTESIAN_POINT('',(-2.41327260779324,-5.08660259598349,146.));
#8578=CARTESIAN_POINT('',(-0.907993316650599,-7.66904115676899,134.000000119209));
#8579=CARTESIAN_POINT('',(-0.812244415283412,-7.83330678939838,134.000000119209));
#8580=CARTESIAN_POINT('',(-0.907993316650599,-7.66904115676899,169.000000119209));
#8581=CARTESIAN_POINT('Origin',(-0.907993316650599,-7.66904115676899,169.000000119209));
#8582=CARTESIAN_POINT('',(-0.970897674560756,-7.48963594436664,146.));
#8583=CARTESIAN_POINT('',(-2.05558262023096,-4.39608027457468,146.));
#8584=CARTESIAN_POINT('',(-0.970897674560756,-7.48963594436664,134.000000119209));
#8585=CARTESIAN_POINT('',(-0.907993316650599,-7.66904115676899,134.000000119209));
#8586=CARTESIAN_POINT('',(-0.970897674560756,-7.48963594436664,169.000000119209));
#8587=CARTESIAN_POINT('Origin',(-0.970897674560756,-7.48963594436664,169.000000119209));
#8588=CARTESIAN_POINT('',(-0.998706817627162,-7.30156660079975,146.));
#8589=CARTESIAN_POINT('',(-1.50239553888263,-3.89519025391412,146.));
#8590=CARTESIAN_POINT('',(-0.998706817627162,-7.30156660079975,134.000000119209));
#8591=CARTESIAN_POINT('',(-0.970897674560756,-7.48963594436664,134.000000119209));
#8592=CARTESIAN_POINT('',(-0.998706817627162,-7.30156660079975,169.000000119209));
#8593=CARTESIAN_POINT('Origin',(-0.998706817627162,-7.30156660079975,169.000000119209));
#8594=CARTESIAN_POINT('',(-0.990390777588099,-7.11163759231586,146.));
#8595=CARTESIAN_POINT('',(-0.838207675372888,-3.63594656918852,146.));
#8596=CARTESIAN_POINT('',(-0.990390777588099,-7.11163759231586,134.000000119209));
#8597=CARTESIAN_POINT('',(-0.998706817627162,-7.30156660079975,134.000000119209));
#8598=CARTESIAN_POINT('',(-0.990390777588099,-7.11163759231586,169.000000119209));
#8599=CARTESIAN_POINT('Origin',(-0.990390777588099,-7.11163759231586,169.000000119209));
#8600=CARTESIAN_POINT('',(-0.946292877197474,-6.92670583724994,146.));
#8601=CARTESIAN_POINT('',(-0.161464245236685,-3.63539865371455,146.));
#8602=CARTESIAN_POINT('',(-0.946292877197474,-6.92670583724994,134.000000119209));
#8603=CARTESIAN_POINT('',(-0.990390777588099,-7.11163759231586,134.000000119209));
#8604=CARTESIAN_POINT('',(-0.946292877197474,-6.92670583724994,169.000000119209));
#8605=CARTESIAN_POINT('Origin',(0.999011993407994,-7.29363679885883,169.000000119209));
#8606=CARTESIAN_POINT('',(0.999011993407994,-7.29363679885883,146.));
#8607=CARTESIAN_POINT('',(1.48881890511542,-3.78492382557007,146.));
#8608=CARTESIAN_POINT('',(0.999011993407994,-7.29363679885883,134.000000119209));
#8609=CARTESIAN_POINT('',(0.999011993407994,-7.29363679885883,169.000000119209));
#8610=CARTESIAN_POINT('',(0.999011993407994,-7.29363679885883,134.000000119209));
#8611=CARTESIAN_POINT('Origin',(0.989208221435338,-7.10378408432025,169.000000119209));
#8612=CARTESIAN_POINT('',(0.989208221435338,-7.10378408432025,146.));
#8613=CARTESIAN_POINT('',(0.804965074720521,-3.53586536522958,146.));
#8614=CARTESIAN_POINT('',(0.989208221435338,-7.10378408432025,134.000000119209));
#8615=CARTESIAN_POINT('',(0.989208221435338,-7.10378408432025,169.000000119209));
#8616=CARTESIAN_POINT('',(0.989208221435338,-7.10378408432025,134.000000119209));
#8617=CARTESIAN_POINT('Origin',(0.943698883056432,-6.91920518875141,169.000000119209));
#8618=CARTESIAN_POINT('',(0.943698883056432,-6.91920518875141,146.));
#8619=CARTESIAN_POINT('',(0.112549490202721,-3.54819074533415,146.));
#8620=CARTESIAN_POINT('',(0.943698883056432,-6.91920518875141,134.000000119209));
#8621=CARTESIAN_POINT('',(0.943698883056432,-6.91920518875141,169.000000119209));
#8622=CARTESIAN_POINT('',(0.943698883056432,-6.91920518875141,134.000000119209));
#8623=CARTESIAN_POINT('Origin',(0.864009857177526,-6.74659013748188,169.000000119209));
#8624=CARTESIAN_POINT('',(0.864009857177526,-6.74659013748188,146.));
#8625=CARTESIAN_POINT('',(-0.495598970159181,-3.80153032719054,146.));
#8626=CARTESIAN_POINT('',(0.864009857177526,-6.74659013748188,134.000000119209));
#8627=CARTESIAN_POINT('',(0.864009857177526,-6.74659013748188,169.000000119209));
#8628=CARTESIAN_POINT('',(0.864009857177526,-6.74659013748188,134.000000119209));
#8629=CARTESIAN_POINT('Origin',(0.753154754638463,-6.59216642379779,169.000000119209));
#8630=CARTESIAN_POINT('',(0.753154754638463,-6.59216642379779,146.));
#8631=CARTESIAN_POINT('',(-0.936379313080393,-4.23860651399587,146.));
#8632=CARTESIAN_POINT('',(0.753154754638463,-6.59216642379779,134.000000119209));
#8633=CARTESIAN_POINT('',(0.753154754638463,-6.59216642379779,169.000000119209));
#8634=CARTESIAN_POINT('',(0.753154754638463,-6.59216642379779,134.000000119209));
#8635=CARTESIAN_POINT('Origin',(0.615024566650182,-6.4615225791933,169.000000119209));
#8636=CARTESIAN_POINT('',(0.615024566650182,-6.4615225791933,146.));
#8637=CARTESIAN_POINT('',(-1.16016635697086,-4.78254298359231,146.));
#8638=CARTESIAN_POINT('',(0.615024566650182,-6.4615225791933,134.000000119209));
#8639=CARTESIAN_POINT('',(0.615024566650182,-6.4615225791933,169.000000119209));
#8640=CARTESIAN_POINT('',(0.615024566650182,-6.4615225791933,134.000000119209));
#8641=CARTESIAN_POINT('Origin',(0.454692840575963,-6.35938405990619,169.000000119209));
#8642=CARTESIAN_POINT('',(0.454692840575963,-6.35938405990619,146.));
#8643=CARTESIAN_POINT('',(-1.14789009704503,-5.33846666388425,146.));
#8644=CARTESIAN_POINT('',(0.454692840575963,-6.35938405990619,134.000000119209));
#8645=CARTESIAN_POINT('',(0.454692840575963,-6.35938405990619,169.000000119209));
#8646=CARTESIAN_POINT('',(0.454692840575963,-6.35938405990619,134.000000119209));
#8647=CARTESIAN_POINT('Origin',(0.277919769286901,-6.28942251205463,169.000000119209));
#8648=CARTESIAN_POINT('',(0.277919769286901,-6.28942251205463,146.));
#8649=CARTESIAN_POINT('',(-0.91826091515638,-5.81600961277345,146.));
#8650=CARTESIAN_POINT('',(0.277919769286901,-6.28942251205463,134.000000119209));
#8651=CARTESIAN_POINT('',(0.277919769286901,-6.28942251205463,169.000000119209));
#8652=CARTESIAN_POINT('',(0.277919769286901,-6.28942251205463,134.000000119209));
#8653=CARTESIAN_POINT('Origin',(0.0910758972165882,-6.25418424606342,169.000000119209));
#8654=CARTESIAN_POINT('',(0.0910758972165882,-6.25418424606342,146.));
#8655=CARTESIAN_POINT('',(-0.522402651034207,-6.1384837950739,146.));
#8656=CARTESIAN_POINT('',(0.0910758972165882,-6.25418424606342,134.000000119209));
#8657=CARTESIAN_POINT('',(0.0910758972165882,-6.25418424606342,169.000000119209));
#8658=CARTESIAN_POINT('',(0.0910758972165882,-6.25418424606342,134.000000119209));
#8659=CARTESIAN_POINT('Origin',(-0.0990486145021618,-6.25493764877338,169.000000119209));
#8660=CARTESIAN_POINT('',(-0.0990486145021618,-6.25493764877338,146.));
#8661=CARTESIAN_POINT('',(-0.0371321195475055,-6.25469229348137,146.));
#8662=CARTESIAN_POINT('',(-0.0990486145021618,-6.25493764877338,134.000000119209));
#8663=CARTESIAN_POINT('',(-0.0990486145021618,-6.25493764877338,169.000000119209));
#8664=CARTESIAN_POINT('',(-0.0990486145021618,-6.25493764877338,134.000000119209));
#8665=CARTESIAN_POINT('Origin',(-0.285549163818568,-6.2916588783266,169.000000119209));
#8666=CARTESIAN_POINT('',(-0.285549163818568,-6.2916588783266,146.));
#8667=CARTESIAN_POINT('',(0.448181617338792,-6.14719015400433,146.));
#8668=CARTESIAN_POINT('',(-0.285549163818568,-6.2916588783266,134.000000119209));
#8669=CARTESIAN_POINT('',(-0.285549163818568,-6.2916588783266,169.000000119209));
#8670=CARTESIAN_POINT('',(-0.285549163818568,-6.2916588783266,134.000000119209));
#8671=CARTESIAN_POINT('Origin',(-0.461750030517787,-6.36301279068012,169.000000119209));
#8672=CARTESIAN_POINT('',(-0.461750030517787,-6.36301279068012,146.));
#8673=CARTESIAN_POINT('',(0.843458553619999,-5.83445841600384,146.));
#8674=CARTESIAN_POINT('',(-0.461750030517787,-6.36301279068012,134.000000119209));
#8675=CARTESIAN_POINT('',(-0.461750030517787,-6.36301279068012,169.000000119209));
#8676=CARTESIAN_POINT('',(-0.461750030517787,-6.36301279068012,134.000000119209));
#8677=CARTESIAN_POINT('Origin',(-0.621280670166224,-6.46642446517963,169.000000119209));
#8678=CARTESIAN_POINT('',(-0.621280670166224,-6.46642446517963,146.));
#8679=CARTESIAN_POINT('',(1.07319631984138,-5.36802290843958,146.));
#8680=CARTESIAN_POINT('',(-0.621280670166224,-6.46642446517963,134.000000119209));
#8681=CARTESIAN_POINT('',(-0.621280670166224,-6.46642446517963,169.000000119209));
#8682=CARTESIAN_POINT('',(-0.621280670166224,-6.46642446517963,134.000000119209));
#8683=CARTESIAN_POINT('Origin',(-0.758380889892787,-6.59816503524799,169.000000119209));
#8684=CARTESIAN_POINT('',(-0.758380889892787,-6.59816503524799,146.));
#8685=CARTESIAN_POINT('',(1.08700148534915,-4.82492406894358,146.));
#8686=CARTESIAN_POINT('',(-0.758380889892787,-6.59816503524799,134.000000119209));
#8687=CARTESIAN_POINT('',(-0.758380889892787,-6.59816503524799,169.000000119209));
#8688=CARTESIAN_POINT('',(-0.758380889892787,-6.59816503524799,134.000000119209));
#8689=CARTESIAN_POINT('Origin',(-0.868015289306849,-6.75346136093158,169.000000119209));
#8690=CARTESIAN_POINT('',(-0.868015289306849,-6.75346136093158,146.));
#8691=CARTESIAN_POINT('',(0.867293560346047,-4.29540905510801,146.));
#8692=CARTESIAN_POINT('',(-0.868015289306849,-6.75346136093158,134.000000119209));
#8693=CARTESIAN_POINT('',(-0.868015289306849,-6.75346136093158,169.000000119209));
#8694=CARTESIAN_POINT('',(-0.868015289306849,-6.75346136093158,134.000000119209));
#8695=CARTESIAN_POINT('Origin',(-0.946292877197474,-6.92670583724994,169.000000119209));
#8696=CARTESIAN_POINT('',(0.433474976639695,-3.87299447847728,146.));
#8697=CARTESIAN_POINT('',(-0.946292877197474,-6.92670583724994,134.000000119209));
#8698=CARTESIAN_POINT('Origin',(0.000152587890416278,-7.25209474563617,
134.000000119209));
#8699=CARTESIAN_POINT('Origin',(7.25397109985331,-1.00001096725483,169.000000119209));
#8700=CARTESIAN_POINT('',(7.25397109985331,-1.00001096725483,146.));
#8701=CARTESIAN_POINT('',(7.06464767456034,-0.982682704925724,146.));
#8702=CARTESIAN_POINT('',(3.61173332256547,-0.666646770129497,146.));
#8703=CARTESIAN_POINT('',(7.25397109985331,-1.00001096725483,134.000000119209));
#8704=CARTESIAN_POINT('',(7.25397109985331,-1.00001096725483,169.000000119209));
#8705=CARTESIAN_POINT('',(7.06464767456034,-0.982682704925724,134.000000119209));
#8706=CARTESIAN_POINT('',(7.25397109985331,-1.00001096725483,134.000000119209));
#8707=CARTESIAN_POINT('',(7.06464767456034,-0.982682704925724,169.000000119209));
#8708=CARTESIAN_POINT('Origin',(7.06464767456034,-0.982682704925724,169.000000119209));
#8709=CARTESIAN_POINT('',(6.88199996948221,-0.929858684539981,146.));
#8710=CARTESIAN_POINT('',(3.6738420505766,-0.00201894389575602,146.));
#8711=CARTESIAN_POINT('',(6.88199996948221,-0.929858684539981,134.000000119209));
#8712=CARTESIAN_POINT('',(7.06464767456034,-0.982682704925724,134.000000119209));
#8713=CARTESIAN_POINT('',(6.88199996948221,-0.929858684539981,169.000000119209));
#8714=CARTESIAN_POINT('Origin',(6.88199996948221,-0.929858684539981,169.000000119209));
#8715=CARTESIAN_POINT('',(6.71270370483378,-0.843417644500919,146.));
#8716=CARTESIAN_POINT('',(3.96427085486412,0.559905662851773,146.));
#8717=CARTESIAN_POINT('',(6.71270370483378,-0.843417644500919,134.000000119209));
#8718=CARTESIAN_POINT('',(6.88199996948221,-0.929858684539981,134.000000119209));
#8719=CARTESIAN_POINT('',(6.71270370483378,-0.843417644500919,169.000000119209));
#8720=CARTESIAN_POINT('Origin',(6.71270370483378,-0.843417644500919,169.000000119209));
#8721=CARTESIAN_POINT('',(6.56278610229471,-0.726497173309513,146.));
#8722=CARTESIAN_POINT('',(4.42123042393639,0.943698285766384,146.));
#8723=CARTESIAN_POINT('',(6.56278610229471,-0.726497173309513,134.000000119209));
#8724=CARTESIAN_POINT('',(6.71270370483378,-0.843417644500919,134.000000119209));
#8725=CARTESIAN_POINT('',(6.56278610229471,-0.726497173309513,169.000000119209));
#8726=CARTESIAN_POINT('Origin',(6.56278610229471,-0.726497173309513,169.000000119209));
#8727=CARTESIAN_POINT('',(6.43766403198221,-0.583322048187442,146.));
#8728=CARTESIAN_POINT('',(4.96190416647651,1.10536566986416,146.));
#8729=CARTESIAN_POINT('',(6.43766403198221,-0.583322048187442,134.000000119209));
#8730=CARTESIAN_POINT('',(6.56278610229471,-0.726497173309513,134.000000119209));
#8731=CARTESIAN_POINT('',(6.43766403198221,-0.583322048187442,169.000000119209));
#8732=CARTESIAN_POINT('Origin',(6.43766403198221,-0.583322048187442,169.000000119209));
#8733=CARTESIAN_POINT('',(6.34199142456034,-0.419046878814884,146.));
#8734=CARTESIAN_POINT('',(5.4955751235409,1.0342968206678,146.));
#8735=CARTESIAN_POINT('',(6.34199142456034,-0.419046878814884,134.000000119209));
#8736=CARTESIAN_POINT('',(6.43766403198221,-0.583322048187442,134.000000119209));
#8737=CARTESIAN_POINT('',(6.34199142456034,-0.419046878814884,169.000000119209));
#8738=CARTESIAN_POINT('Origin',(6.34199142456034,-0.419046878814884,169.000000119209));
#8739=CARTESIAN_POINT('',(6.27912521362284,-0.23964166641254,146.));
#8740=CARTESIAN_POINT('',(5.92981481188554,0.757207131749191,146.));
#8741=CARTESIAN_POINT('',(6.27912521362284,-0.23964166641254,134.000000119209));
#8742=CARTESIAN_POINT('',(6.34199142456034,-0.419046878814884,134.000000119209));
#8743=CARTESIAN_POINT('',(6.27912521362284,-0.23964166641254,169.000000119209));
#8744=CARTESIAN_POINT('Origin',(6.27912521362284,-0.23964166641254,169.000000119209));
#8745=CARTESIAN_POINT('',(6.25131607055643,-0.0515770912172275,146.));
#8746=CARTESIAN_POINT('',(6.19460693569918,0.331929129422366,146.));
#8747=CARTESIAN_POINT('',(6.25131607055643,-0.0515770912172275,134.000000119209));
#8748=CARTESIAN_POINT('',(6.27912521362284,-0.23964166641254,134.000000119209));
#8749=CARTESIAN_POINT('',(6.25131607055643,-0.0515770912172275,169.000000119209));
#8750=CARTESIAN_POINT('Origin',(6.25131607055643,-0.0515770912172275,169.000000119209));
#8751=CARTESIAN_POINT('',(6.25959396362284,0.138361454009823,146.));
#8752=CARTESIAN_POINT('',(6.24651227651861,-0.161801473653032,146.));
#8753=CARTESIAN_POINT('',(6.25959396362284,0.138361454009823,134.000000119209));
#8754=CARTESIAN_POINT('',(6.25131607055643,-0.0515770912172275,134.000000119209));
#8755=CARTESIAN_POINT('',(6.25959396362284,0.138361454009823,169.000000119209));
#8756=CARTESIAN_POINT('Origin',(6.25959396362284,0.138361454009823,169.000000119209));
#8757=CARTESIAN_POINT('',(6.30369186401346,0.323283672332577,146.));
#8758=CARTESIAN_POINT('',(6.07557982492418,-0.633292126534368,146.));
#8759=CARTESIAN_POINT('',(6.30369186401346,0.323283672332577,134.000000119209));
#8760=CARTESIAN_POINT('',(6.25959396362284,0.138361454009823,134.000000119209));
#8761=CARTESIAN_POINT('',(6.30369186401346,0.323283672332577,169.000000119209));
#8762=CARTESIAN_POINT('Origin',(6.30369186401346,0.323283672332577,169.000000119209));
#8763=CARTESIAN_POINT('',(6.38196945190409,0.496523380279354,146.));
#8764=CARTESIAN_POINT('',(5.70864700585942,-0.993637303641747,146.));
#8765=CARTESIAN_POINT('',(6.38196945190409,0.496523380279354,134.000000119209));
#8766=CARTESIAN_POINT('',(6.30369186401346,0.323283672332577,134.000000119209));
#8767=CARTESIAN_POINT('',(6.38196945190409,0.496523380279354,169.000000119209));
#8768=CARTESIAN_POINT('Origin',(6.38196945190409,0.496523380279354,169.000000119209));
#8769=CARTESIAN_POINT('',(6.49164199829081,0.651819705962948,146.));
#8770=CARTESIAN_POINT('',(5.20311512133926,-1.17273435180045,146.));
#8771=CARTESIAN_POINT('',(6.49164199829081,0.651819705962948,134.000000119209));
#8772=CARTESIAN_POINT('',(6.38196945190409,0.496523380279354,134.000000119209));
#8773=CARTESIAN_POINT('',(6.49164199829081,0.651819705962948,169.000000119209));
#8774=CARTESIAN_POINT('Origin',(6.49164199829081,0.651819705962948,169.000000119209));
#8775=CARTESIAN_POINT('',(6.62870407104471,0.783560276031308,146.));
#8776=CARTESIAN_POINT('',(4.64167170746378,-1.12632457440753,146.));
#8777=CARTESIAN_POINT('',(6.62870407104471,0.783560276031308,134.000000119209));
#8778=CARTESIAN_POINT('',(6.49164199829081,0.651819705962948,134.000000119209));
#8779=CARTESIAN_POINT('',(6.62870407104471,0.783560276031308,169.000000119209));
#8780=CARTESIAN_POINT('Origin',(6.62870407104471,0.783560276031308,169.000000119209));
#8781=CARTESIAN_POINT('',(6.78823471069315,0.886981487273983,146.));
#8782=CARTESIAN_POINT('',(4.11627295361369,-0.845209406715028,146.));
#8783=CARTESIAN_POINT('',(6.78823471069315,0.886981487273983,134.000000119209));
#8784=CARTESIAN_POINT('',(6.62870407104471,0.783560276031308,134.000000119209));
#8785=CARTESIAN_POINT('',(6.78823471069315,0.886981487273983,169.000000119209));
#8786=CARTESIAN_POINT('Origin',(6.78823471069315,0.886981487273983,169.000000119209));
#8787=CARTESIAN_POINT('',(6.96443557739237,0.958340167999081,146.));
#8788=CARTESIAN_POINT('',(3.71805832066892,-0.356393422790765,146.));
#8789=CARTESIAN_POINT('',(6.96443557739237,0.958340167999081,134.000000119209));
#8790=CARTESIAN_POINT('',(6.78823471069315,0.886981487273983,134.000000119209));
#8791=CARTESIAN_POINT('',(6.96443557739237,0.958340167999081,169.000000119209));
#8792=CARTESIAN_POINT('Origin',(6.96443557739237,0.958340167999081,169.000000119209));
#8793=CARTESIAN_POINT('',(7.15097427368143,0.995061397552304,146.));
#8794=CARTESIAN_POINT('',(3.521318774802,0.280542558163998,146.));
#8795=CARTESIAN_POINT('',(7.15097427368143,0.995061397552304,134.000000119209));
#8796=CARTESIAN_POINT('',(6.96443557739237,0.958340167999081,134.000000119209));
#8797=CARTESIAN_POINT('',(7.15097427368143,0.995061397552304,169.000000119209));
#8798=CARTESIAN_POINT('Origin',(7.15097427368143,0.995061397552304,169.000000119209));
#8799=CARTESIAN_POINT('',(7.34109878540018,0.995814800262265,146.));
#8800=CARTESIAN_POINT('',(3.57357175697369,0.980885294080197,146.));
#8801=CARTESIAN_POINT('',(7.34109878540018,0.995814800262265,134.000000119209));
#8802=CARTESIAN_POINT('',(7.15097427368143,0.995061397552304,134.000000119209));
#8803=CARTESIAN_POINT('',(7.34109878540018,0.995814800262265,169.000000119209));
#8804=CARTESIAN_POINT('Origin',(7.44314193725565,-0.981190204620548,169.000000119209));
#8805=CARTESIAN_POINT('',(7.44314193725565,-0.981190204620548,146.));
#8806=CARTESIAN_POINT('',(3.80637890325061,-1.34301475834151,146.));
#8807=CARTESIAN_POINT('',(7.44314193725565,-0.981190204620548,134.000000119209));
#8808=CARTESIAN_POINT('',(7.44314193725565,-0.981190204620548,169.000000119209));
#8809=CARTESIAN_POINT('',(7.44314193725565,-0.981190204620548,134.000000119209));
#8810=CARTESIAN_POINT('Origin',(7.6253318786619,-0.926907062530704,169.000000119209));
#8811=CARTESIAN_POINT('',(7.6253318786619,-0.926907062530704,146.));
#8812=CARTESIAN_POINT('',(4.25035778572413,-1.93247409231514,146.));
#8813=CARTESIAN_POINT('',(7.6253318786619,-0.926907062530704,134.000000119209));
#8814=CARTESIAN_POINT('',(7.6253318786619,-0.926907062530704,169.000000119209));
#8815=CARTESIAN_POINT('',(7.6253318786619,-0.926907062530704,134.000000119209));
#8816=CARTESIAN_POINT('Origin',(7.79397964477518,-0.839121341705509,169.000000119209));
#8817=CARTESIAN_POINT('',(7.79397964477518,-0.839121341705509,146.));
#8818=CARTESIAN_POINT('',(4.89960786371108,-2.34572008886085,146.));
#8819=CARTESIAN_POINT('',(7.79397964477518,-0.839121341705509,134.000000119209));
#8820=CARTESIAN_POINT('',(7.79397964477518,-0.839121341705509,169.000000119209));
#8821=CARTESIAN_POINT('',(7.79397964477518,-0.839121341705509,134.000000119209));
#8822=CARTESIAN_POINT('Origin',(7.94294357299784,-0.721013545990177,169.000000119209));
#8823=CARTESIAN_POINT('',(7.94294357299784,-0.721013545990177,146.));
#8824=CARTESIAN_POINT('',(5.67991240806033,-2.51528431821607,146.));
#8825=CARTESIAN_POINT('',(7.94294357299784,-0.721013545990177,134.000000119209));
#8826=CARTESIAN_POINT('',(7.94294357299784,-0.721013545990177,169.000000119209));
#8827=CARTESIAN_POINT('',(7.94294357299784,-0.721013545990177,134.000000119209));
#8828=CARTESIAN_POINT('Origin',(8.06684494018534,-0.57683706283588,169.000000119209));
#8829=CARTESIAN_POINT('',(8.06684494018534,-0.57683706283588,146.));
#8830=CARTESIAN_POINT('',(6.49602113071456,-2.40470916502024,146.));
#8831=CARTESIAN_POINT('',(8.06684494018534,-0.57683706283588,134.000000119209));
#8832=CARTESIAN_POINT('',(8.06684494018534,-0.57683706283588,169.000000119209));
#8833=CARTESIAN_POINT('',(8.06684494018534,-0.57683706283588,134.000000119209));
#8834=CARTESIAN_POINT('Origin',(8.16125869750956,-0.411822795868106,169.000000119209));
#8835=CARTESIAN_POINT('',(8.16125869750956,-0.411822795868106,146.));
#8836=CARTESIAN_POINT('',(7.24362803187401,-2.01563728147335,146.));
#8837=CARTESIAN_POINT('',(8.16125869750956,-0.411822795868106,134.000000119209));
#8838=CARTESIAN_POINT('',(8.16125869750956,-0.411822795868106,169.000000119209));
#8839=CARTESIAN_POINT('',(8.16125869750956,-0.411822795868106,134.000000119209));
#8840=CARTESIAN_POINT('Origin',(8.22271347045877,-0.231921672821231,169.000000119209));
#8841=CARTESIAN_POINT('',(8.22271347045877,-0.231921672821231,146.));
#8842=CARTESIAN_POINT('',(7.82855620409222,-1.38576752520154,146.));
#8843=CARTESIAN_POINT('',(8.22271347045877,-0.231921672821231,134.000000119209));
#8844=CARTESIAN_POINT('',(8.22271347045877,-0.231921672821231,169.000000119209));
#8845=CARTESIAN_POINT('',(8.22271347045877,-0.231921672821231,134.000000119209));
#8846=CARTESIAN_POINT('Origin',(8.24903488159159,-0.0436377525331455,169.000000119209));
#8847=CARTESIAN_POINT('',(8.24903488159159,-0.0436377525331455,146.));
#8848=CARTESIAN_POINT('',(8.17296613202556,-0.587777362200533,146.));
#8849=CARTESIAN_POINT('',(8.24903488159159,-0.0436377525331455,134.000000119209));
#8850=CARTESIAN_POINT('',(8.24903488159159,-0.0436377525331455,169.000000119209));
#8851=CARTESIAN_POINT('',(8.24903488159159,-0.0436377525331455,134.000000119209));
#8852=CARTESIAN_POINT('Origin',(8.23923110961893,0.146219730377011,169.000000119209));
#8853=CARTESIAN_POINT('',(8.23923110961893,0.146219730377011,146.));
#8854=CARTESIAN_POINT('',(8.23204080894927,0.285465358520619,146.));
#8855=CARTESIAN_POINT('',(8.23923110961893,0.146219730377011,134.000000119209));
#8856=CARTESIAN_POINT('',(8.23923110961893,0.146219730377011,169.000000119209));
#8857=CARTESIAN_POINT('',(8.23923110961893,0.146219730377011,134.000000119209));
#8858=CARTESIAN_POINT('Origin',(8.19364547729471,0.330793857574276,169.000000119209));
#8859=CARTESIAN_POINT('',(8.19364547729471,0.330793857574276,146.));
#8860=CARTESIAN_POINT('',(7.99661589167494,1.12855758144146,146.));
#8861=CARTESIAN_POINT('',(8.19364547729471,0.330793857574276,134.000000119209));
#8862=CARTESIAN_POINT('',(8.19364547729471,0.330793857574276,169.000000119209));
#8863=CARTESIAN_POINT('',(8.19364547729471,0.330793857574276,134.000000119209));
#8864=CARTESIAN_POINT('Origin',(8.11399459838846,0.50341367721539,169.000000119209));
#8865=CARTESIAN_POINT('',(8.11399459838846,0.50341367721539,146.));
#8866=CARTESIAN_POINT('',(7.4975942512611,1.83927987491401,146.));
#8867=CARTESIAN_POINT('',(8.11399459838846,0.50341367721539,134.000000119209));
#8868=CARTESIAN_POINT('',(8.11399459838846,0.50341367721539,169.000000119209));
#8869=CARTESIAN_POINT('',(8.11399459838846,0.50341367721539,134.000000119209));
#8870=CARTESIAN_POINT('Origin',(8.00310134887674,0.65783262252789,169.000000119209));
#8871=CARTESIAN_POINT('',(8.00310134887674,0.65783262252789,146.));
#8872=CARTESIAN_POINT('',(6.79743148785932,2.33672894086244,146.));
#8873=CARTESIAN_POINT('',(8.00310134887674,0.65783262252789,134.000000119209));
#8874=CARTESIAN_POINT('',(8.00310134887674,0.65783262252789,169.000000119209));
#8875=CARTESIAN_POINT('',(8.00310134887674,0.65783262252789,134.000000119209));
#8876=CARTESIAN_POINT('Origin',(7.86500930786112,0.788481235503964,169.000000119209));
#8877=CARTESIAN_POINT('',(7.86500930786112,0.788481235503964,146.));
#8878=CARTESIAN_POINT('',(5.98673826436983,2.56550983773524,146.));
#8879=CARTESIAN_POINT('',(7.86500930786112,0.788481235503964,134.000000119209));
#8880=CARTESIAN_POINT('',(7.86500930786112,0.788481235503964,169.000000119209));
#8881=CARTESIAN_POINT('',(7.86500930786112,0.788481235503964,134.000000119209));
#8882=CARTESIAN_POINT('Origin',(7.7046775817869,0.890619754791073,169.000000119209));
#8883=CARTESIAN_POINT('',(7.7046775817869,0.890619754791073,146.));
#8884=CARTESIAN_POINT('',(5.16620152899122,2.50774315030867,146.));
#8885=CARTESIAN_POINT('',(7.7046775817869,0.890619754791073,134.000000119209));
#8886=CARTESIAN_POINT('',(7.7046775817869,0.890619754791073,169.000000119209));
#8887=CARTESIAN_POINT('',(7.7046775817869,0.890619754791073,134.000000119209));
#8888=CARTESIAN_POINT('Origin',(7.52790451049784,0.960576534271054,169.000000119209));
#8889=CARTESIAN_POINT('',(7.52790451049784,0.960576534271054,146.));
#8890=CARTESIAN_POINT('',(4.43794979900331,2.1834057739219,146.));
#8891=CARTESIAN_POINT('',(7.52790451049784,0.960576534271054,134.000000119209));
#8892=CARTESIAN_POINT('',(7.52790451049784,0.960576534271054,169.000000119209));
#8893=CARTESIAN_POINT('',(7.52790451049784,0.960576534271054,134.000000119209));
#8894=CARTESIAN_POINT('Origin',(7.34109878540018,0.995814800262265,169.000000119209));
#8895=CARTESIAN_POINT('',(3.88736842619418,1.64731233330628,146.));
#8896=CARTESIAN_POINT('',(7.34109878540018,0.995814800262265,134.000000119209));
#8897=CARTESIAN_POINT('Origin',(7.25017547607401,-0.00209808349628027,134.000000119209));
#8898=CARTESIAN_POINT('Origin',(-8.19627761840841,0.323283672332577,169.000000119209));
#8899=CARTESIAN_POINT('',(-8.19627761840841,0.323283672332577,146.));
#8900=CARTESIAN_POINT('',(-8.11800003051779,0.496523380279354,146.));
#8901=CARTESIAN_POINT('',(-7.56209772149194,1.72681619151339,146.));
#8902=CARTESIAN_POINT('',(-8.19627761840841,0.323283672332577,134.000000119209));
#8903=CARTESIAN_POINT('',(-8.19627761840841,0.323283672332577,169.000000119209));
#8904=CARTESIAN_POINT('',(-8.11800003051779,0.496523380279354,134.000000119209));
#8905=CARTESIAN_POINT('',(-8.19627761840841,0.323283672332577,134.000000119209));
#8906=CARTESIAN_POINT('',(-8.11800003051779,0.496523380279354,169.000000119209));
#8907=CARTESIAN_POINT('Origin',(-8.11800003051779,0.496523380279354,169.000000119209));
#8908=CARTESIAN_POINT('',(-8.00832748413107,0.651819705962948,146.));
#8909=CARTESIAN_POINT('',(-6.88425880838379,2.2435009508211,146.));
#8910=CARTESIAN_POINT('',(-8.00832748413107,0.651819705962948,134.000000119209));
#8911=CARTESIAN_POINT('',(-8.11800003051779,0.496523380279354,134.000000119209));
#8912=CARTESIAN_POINT('',(-8.00832748413107,0.651819705962948,169.000000119209));
#8913=CARTESIAN_POINT('Origin',(-8.00832748413107,0.651819705962948,169.000000119209));
#8914=CARTESIAN_POINT('',(-7.87126541137716,0.78356504440289,146.));
#8915=CARTESIAN_POINT('',(-6.0899058184897,2.49582444434332,146.));
#8916=CARTESIAN_POINT('',(-7.87126541137716,0.78356504440289,134.000000119209));
#8917=CARTESIAN_POINT('',(-8.00832748413107,0.651819705962948,134.000000119209));
#8918=CARTESIAN_POINT('',(-7.87126541137716,0.78356504440289,169.000000119209));
#8919=CARTESIAN_POINT('Origin',(-7.87126541137716,0.78356504440289,169.000000119209));
#8920=CARTESIAN_POINT('',(-7.71177291870138,0.886981487273983,146.));
#8921=CARTESIAN_POINT('',(-5.27938502582329,2.46416483517939,146.));
#8922=CARTESIAN_POINT('',(-7.71177291870138,0.886981487273983,134.000000119209));
#8923=CARTESIAN_POINT('',(-7.87126541137716,0.78356504440289,134.000000119209));
#8924=CARTESIAN_POINT('',(-7.71177291870138,0.886981487273983,169.000000119209));
#8925=CARTESIAN_POINT('Origin',(-7.71177291870138,0.886981487273983,169.000000119209));
#8926=CARTESIAN_POINT('',(-7.53557205200216,0.958340167999081,146.));
#8927=CARTESIAN_POINT('',(-4.55349178420819,2.16603748363928,146.));
#8928=CARTESIAN_POINT('',(-7.53557205200216,0.958340167999081,134.000000119209));
#8929=CARTESIAN_POINT('',(-7.71177291870138,0.886981487273983,134.000000119209));
#8930=CARTESIAN_POINT('',(-7.53557205200216,0.958340167999081,169.000000119209));
#8931=CARTESIAN_POINT('Origin',(-7.53557205200216,0.958340167999081,169.000000119209));
#8932=CARTESIAN_POINT('',(-7.34899520874044,0.995061397552304,146.));
#8933=CARTESIAN_POINT('',(-3.99908484906427,1.65437594672083,146.));
#8934=CARTESIAN_POINT('',(-7.34899520874044,0.995061397552304,134.000000119209));
#8935=CARTESIAN_POINT('',(-7.53557205200216,0.958340167999081,134.000000119209));
#8936=CARTESIAN_POINT('',(-7.34899520874044,0.995061397552304,169.000000119209));
#8937=CARTESIAN_POINT('Origin',(-7.34899520874044,0.995061397552304,169.000000119209));
#8938=CARTESIAN_POINT('',(-7.15890884399435,0.995814800262265,146.));
#8939=CARTESIAN_POINT('',(-3.67652724657884,1.0096171355119,146.));
#8940=CARTESIAN_POINT('',(-7.15890884399435,0.995814800262265,134.000000119209));
#8941=CARTESIAN_POINT('',(-7.34899520874044,0.995061397552304,134.000000119209));
#8942=CARTESIAN_POINT('',(-7.15890884399435,0.995814800262265,169.000000119209));
#8943=CARTESIAN_POINT('Origin',(-7.15890884399435,0.995814800262265,169.000000119209));
#8944=CARTESIAN_POINT('',(-6.97206497192404,0.960576534271054,146.));
#8945=CARTESIAN_POINT('',(-3.61172024742655,0.326824300858527,146.));
#8946=CARTESIAN_POINT('',(-6.97206497192404,0.960576534271054,134.000000119209));
#8947=CARTESIAN_POINT('',(-7.15890884399435,0.995814800262265,134.000000119209));
#8948=CARTESIAN_POINT('',(-6.97206497192404,0.960576534271054,169.000000119209));
#8949=CARTESIAN_POINT('Origin',(-6.97206497192404,0.960576534271054,169.000000119209));
#8950=CARTESIAN_POINT('',(-6.79533004760763,0.890619754791073,146.));
#8951=CARTESIAN_POINT('',(-3.79388004183228,-0.297440709128906,146.));
#8952=CARTESIAN_POINT('',(-6.79533004760763,0.890619754791073,134.000000119209));
#8953=CARTESIAN_POINT('',(-6.97206497192404,0.960576534271054,134.000000119209));
#8954=CARTESIAN_POINT('',(-6.79533004760763,0.890619754791073,169.000000119209));
#8955=CARTESIAN_POINT('Origin',(-6.79533004760763,0.890619754791073,169.000000119209));
#8956=CARTESIAN_POINT('',(-6.63499832153341,0.788481235503964,146.));
#8957=CARTESIAN_POINT('',(-4.17669397311657,-0.777569179172719,146.));
#8958=CARTESIAN_POINT('',(-6.63499832153341,0.788481235503964,134.000000119209));
#8959=CARTESIAN_POINT('',(-6.79533004760763,0.890619754791073,134.000000119209));
#8960=CARTESIAN_POINT('',(-6.63499832153341,0.788481235503964,169.000000119209));
#8961=CARTESIAN_POINT('Origin',(-6.63499832153341,0.788481235503964,169.000000119209));
#8962=CARTESIAN_POINT('',(-6.49686813354513,0.65783262252789,146.));
#8963=CARTESIAN_POINT('',(-4.68716111742733,-1.05385484414608,146.));
#8964=CARTESIAN_POINT('',(-6.49686813354513,0.65783262252789,134.000000119209));
#8965=CARTESIAN_POINT('',(-6.63499832153341,0.788481235503964,134.000000119209));
#8966=CARTESIAN_POINT('',(-6.49686813354513,0.65783262252789,169.000000119209));
#8967=CARTESIAN_POINT('Origin',(-6.49686813354513,0.65783262252789,169.000000119209));
#8968=CARTESIAN_POINT('',(-6.38597488403341,0.50341367721539,146.));
#8969=CARTESIAN_POINT('',(-5.23576695773974,-1.09825184931945,146.));
#8970=CARTESIAN_POINT('',(-6.38597488403341,0.50341367721539,134.000000119209));
#8971=CARTESIAN_POINT('',(-6.49686813354513,0.65783262252789,134.000000119209));
#8972=CARTESIAN_POINT('',(-6.38597488403341,0.50341367721539,169.000000119209));
#8973=CARTESIAN_POINT('Origin',(-6.38597488403341,0.50341367721539,169.000000119209));
#8974=CARTESIAN_POINT('',(-6.30632400512716,0.330793857574276,146.));
#8975=CARTESIAN_POINT('',(-5.72972903956618,-0.918805899865451,146.));
#8976=CARTESIAN_POINT('',(-6.30632400512716,0.330793857574276,134.000000119209));
#8977=CARTESIAN_POINT('',(-6.38597488403341,0.50341367721539,134.000000119209));
#8978=CARTESIAN_POINT('',(-6.30632400512716,0.330793857574276,169.000000119209));
#8979=CARTESIAN_POINT('Origin',(-6.30632400512716,0.330793857574276,169.000000119209));
#8980=CARTESIAN_POINT('',(-6.2607765197756,0.146219730377011,146.));
#8981=CARTESIAN_POINT('',(-6.08685912979602,-0.558553545515958,146.));
#8982=CARTESIAN_POINT('',(-6.2607765197756,0.146219730377011,134.000000119209));
#8983=CARTESIAN_POINT('',(-6.30632400512716,0.330793857574276,134.000000119209));
#8984=CARTESIAN_POINT('',(-6.2607765197756,0.146219730377011,169.000000119209));
#8985=CARTESIAN_POINT('Origin',(-6.2607765197756,0.146219730377011,169.000000119209));
#8986=CARTESIAN_POINT('',(-6.25093460083029,-0.0436377525331455,146.));
#8987=CARTESIAN_POINT('',(-6.24860725921502,-0.0885337960183307,146.));
#8988=CARTESIAN_POINT('',(-6.25093460083029,-0.0436377525331455,134.000000119209));
#8989=CARTESIAN_POINT('',(-6.2607765197756,0.146219730377011,134.000000119209));
#8990=CARTESIAN_POINT('',(-6.25093460083029,-0.0436377525331455,169.000000119209));
#8991=CARTESIAN_POINT('Origin',(-6.25093460083029,-0.0436377525331455,169.000000119209));
#8992=CARTESIAN_POINT('',(-6.2772560119631,-0.231921672821231,146.));
#8993=CARTESIAN_POINT('',(-6.18803259886039,0.406316676775461,146.));
#8994=CARTESIAN_POINT('',(-6.2772560119631,-0.231921672821231,134.000000119209));
#8995=CARTESIAN_POINT('',(-6.25093460083029,-0.0436377525331455,134.000000119209));
#8996=CARTESIAN_POINT('',(-6.2772560119631,-0.231921672821231,169.000000119209));
#8997=CARTESIAN_POINT('Origin',(-6.2772560119631,-0.231921672821231,169.000000119209));
#8998=CARTESIAN_POINT('',(-6.33874893188497,-0.411822795868106,146.));
#8999=CARTESIAN_POINT('',(-5.91341903186513,0.832504628755698,146.));
#9000=CARTESIAN_POINT('',(-6.33874893188497,-0.411822795868106,134.000000119209));
#9001=CARTESIAN_POINT('',(-6.2772560119631,-0.231921672821231,134.000000119209));
#9002=CARTESIAN_POINT('',(-6.33874893188497,-0.411822795868106,169.000000119209));
#9003=CARTESIAN_POINT('Origin',(-8.24037551879904,0.138361454009823,169.000000119209));
#9004=CARTESIAN_POINT('',(-8.24037551879904,0.138361454009823,146.));
#9005=CARTESIAN_POINT('',(-8.03429092929573,1.00256630538608,146.));
#9006=CARTESIAN_POINT('',(-8.24037551879904,0.138361454009823,134.000000119209));
#9007=CARTESIAN_POINT('',(-8.24037551879904,0.138361454009823,169.000000119209));
#9008=CARTESIAN_POINT('',(-8.24037551879904,0.138361454009823,134.000000119209));
#9009=CARTESIAN_POINT('Origin',(-8.24865341186544,-0.0515770912172275,169.000000119209));
#9010=CARTESIAN_POINT('',(-8.24865341186544,-0.0515770912172275,146.));
#9011=CARTESIAN_POINT('',(-8.23971278675618,0.153568023977145,146.));
#9012=CARTESIAN_POINT('',(-8.24865341186544,-0.0515770912172275,134.000000119209));
#9013=CARTESIAN_POINT('',(-8.24865341186544,-0.0515770912172275,169.000000119209));
#9014=CARTESIAN_POINT('',(-8.24865341186544,-0.0515770912172275,134.000000119209));
#9015=CARTESIAN_POINT('Origin',(-8.22084426879904,-0.23964166641254,169.000000119209));
#9016=CARTESIAN_POINT('',(-8.22084426879904,-0.23964166641254,146.));
#9017=CARTESIAN_POINT('',(-8.15022942381809,-0.717187874582768,146.));
#9018=CARTESIAN_POINT('',(-8.22084426879904,-0.23964166641254,134.000000119209));
#9019=CARTESIAN_POINT('',(-8.22084426879904,-0.23964166641254,169.000000119209));
#9020=CARTESIAN_POINT('',(-8.22084426879904,-0.23964166641254,134.000000119209));
#9021=CARTESIAN_POINT('Origin',(-8.15797805786154,-0.419046878814884,169.000000119209));
#9022=CARTESIAN_POINT('',(-8.15797805786154,-0.419046878814884,146.));
#9023=CARTESIAN_POINT('',(-7.77728308464182,-1.50545977872528,146.));
#9024=CARTESIAN_POINT('',(-8.15797805786154,-0.419046878814884,134.000000119209));
#9025=CARTESIAN_POINT('',(-8.15797805786154,-0.419046878814884,169.000000119209));
#9026=CARTESIAN_POINT('',(-8.15797805786154,-0.419046878814884,134.000000119209));
#9027=CARTESIAN_POINT('Origin',(-8.06226730346701,-0.583322048187442,169.000000119209));
#9028=CARTESIAN_POINT('',(-8.06226730346701,-0.583322048187442,146.));
#9029=CARTESIAN_POINT('',(-7.1675389528482,-2.11900789948121,146.));
#9030=CARTESIAN_POINT('',(-8.06226730346701,-0.583322048187442,134.000000119209));
#9031=CARTESIAN_POINT('',(-8.06226730346701,-0.583322048187442,169.000000119209));
#9032=CARTESIAN_POINT('',(-8.06226730346701,-0.583322048187442,134.000000119209));
#9033=CARTESIAN_POINT('Origin',(-7.93718338012716,-0.726497173309513,169.000000119209));
#9034=CARTESIAN_POINT('',(-7.93718338012716,-0.726497173309513,146.));
#9035=CARTESIAN_POINT('',(-6.39929454084478,-2.48681473538228,146.));
#9036=CARTESIAN_POINT('',(-7.93718338012716,-0.726497173309513,134.000000119209));
#9037=CARTESIAN_POINT('',(-7.93718338012716,-0.726497173309513,169.000000119209));
#9038=CARTESIAN_POINT('',(-7.93718338012716,-0.726497173309513,134.000000119209));
#9039=CARTESIAN_POINT('Origin',(-7.78730392456076,-0.843417644500919,169.000000119209));
#9040=CARTESIAN_POINT('',(-7.78730392456076,-0.843417644500919,146.));
#9041=CARTESIAN_POINT('',(-5.57122339986999,-2.57217478580334,146.));
#9042=CARTESIAN_POINT('',(-7.78730392456076,-0.843417644500919,134.000000119209));
#9043=CARTESIAN_POINT('',(-7.78730392456076,-0.843417644500919,169.000000119209));
#9044=CARTESIAN_POINT('',(-7.78730392456076,-0.843417644500919,134.000000119209));
#9045=CARTESIAN_POINT('Origin',(-7.61796951293966,-0.929858684539981,169.000000119209));
#9046=CARTESIAN_POINT('',(-7.61796951293966,-0.929858684539981,146.));
#9047=CARTESIAN_POINT('',(-4.78464243686521,-2.3762022651628,146.));
#9048=CARTESIAN_POINT('',(-7.61796951293966,-0.929858684539981,134.000000119209));
#9049=CARTESIAN_POINT('',(-7.61796951293966,-0.929858684539981,169.000000119209));
#9050=CARTESIAN_POINT('',(-7.61796951293966,-0.929858684539981,134.000000119209));
#9051=CARTESIAN_POINT('Origin',(-7.43535995483419,-0.982682704925724,169.000000119209));
#9052=CARTESIAN_POINT('',(-7.43535995483419,-0.982682704925724,146.));
#9053=CARTESIAN_POINT('',(-4.13590638099989,-1.93712564128817,146.));
#9054=CARTESIAN_POINT('',(-7.43535995483419,-0.982682704925724,134.000000119209));
#9055=CARTESIAN_POINT('',(-7.43535995483419,-0.982682704925724,169.000000119209));
#9056=CARTESIAN_POINT('',(-7.43535995483419,-0.982682704925724,134.000000119209));
#9057=CARTESIAN_POINT('Origin',(-7.24603652954122,-1.00001096725483,169.000000119209));
#9058=CARTESIAN_POINT('',(-7.24603652954122,-1.00001096725483,146.));
#9059=CARTESIAN_POINT('',(-3.69850099913248,-1.32470732322665,146.));
#9060=CARTESIAN_POINT('',(-7.24603652954122,-1.00001096725483,134.000000119209));
#9061=CARTESIAN_POINT('',(-7.24603652954122,-1.00001096725483,169.000000119209));
#9062=CARTESIAN_POINT('',(-7.24603652954122,-1.00001096725483,134.000000119209));
#9063=CARTESIAN_POINT('Origin',(-7.05686569213888,-0.981190204620548,169.000000119209));
#9064=CARTESIAN_POINT('',(-7.05686569213888,-0.981190204620548,146.));
#9065=CARTESIAN_POINT('',(-3.51468514045209,-0.628775740073568,146.));
#9066=CARTESIAN_POINT('',(-7.05686569213888,-0.981190204620548,134.000000119209));
#9067=CARTESIAN_POINT('',(-7.05686569213888,-0.981190204620548,169.000000119209));
#9068=CARTESIAN_POINT('',(-7.05686569213888,-0.981190204620548,134.000000119209));
#9069=CARTESIAN_POINT('Origin',(-6.87467575073263,-0.926907062530704,169.000000119209));
#9070=CARTESIAN_POINT('',(-6.87467575073263,-0.926907062530704,146.));
#9071=CARTESIAN_POINT('',(-3.59077471453702,0.051524925431263,146.));
#9072=CARTESIAN_POINT('',(-6.87467575073263,-0.926907062530704,134.000000119209));
#9073=CARTESIAN_POINT('',(-6.87467575073263,-0.926907062530704,169.000000119209));
#9074=CARTESIAN_POINT('',(-6.87467575073263,-0.926907062530704,134.000000119209));
#9075=CARTESIAN_POINT('Origin',(-6.70602798461935,-0.839121341705509,169.000000119209));
#9076=CARTESIAN_POINT('',(-6.70602798461935,-0.839121341705509,146.));
#9077=CARTESIAN_POINT('',(-3.89599518311083,0.623576686901475,146.));
#9078=CARTESIAN_POINT('',(-6.70602798461935,-0.839121341705509,134.000000119209));
#9079=CARTESIAN_POINT('',(-6.70602798461935,-0.839121341705509,169.000000119209));
#9080=CARTESIAN_POINT('',(-6.70602798461935,-0.839121341705509,134.000000119209));
#9081=CARTESIAN_POINT('Origin',(-6.55706405639669,-0.721013545990177,169.000000119209));
#9082=CARTESIAN_POINT('',(-6.55706405639669,-0.721013545990177,146.));
#9083=CARTESIAN_POINT('',(-4.3684977751133,1.01421687081867,146.));
#9084=CARTESIAN_POINT('',(-6.55706405639669,-0.721013545990177,134.000000119209));
#9085=CARTESIAN_POINT('',(-6.55706405639669,-0.721013545990177,169.000000119209));
#9086=CARTESIAN_POINT('',(-6.55706405639669,-0.721013545990177,134.000000119209));
#9087=CARTESIAN_POINT('Origin',(-6.43312454223654,-0.57683706283588,169.000000119209));
#9088=CARTESIAN_POINT('',(-6.43312454223654,-0.57683706283588,146.));
#9089=CARTESIAN_POINT('',(-4.92367366845845,1.17907847346584,146.));
#9090=CARTESIAN_POINT('',(-6.43312454223654,-0.57683706283588,134.000000119209));
#9091=CARTESIAN_POINT('',(-6.43312454223654,-0.57683706283588,169.000000119209));
#9092=CARTESIAN_POINT('',(-6.43312454223654,-0.57683706283588,134.000000119209));
#9093=CARTESIAN_POINT('Origin',(-6.33874893188497,-0.411822795868106,169.000000119209));
#9094=CARTESIAN_POINT('',(-5.46883623313815,1.10920584463476,146.));
#9095=CARTESIAN_POINT('',(-6.33874893188497,-0.411822795868106,134.000000119209));
#9096=CARTESIAN_POINT('Origin',(-7.24979400634786,-0.00209808349628027,
134.000000119209));
#9097=CARTESIAN_POINT('Origin',(0.989208221435338,7.39621400833111,169.000000119209));
#9098=CARTESIAN_POINT('',(0.989208221435338,7.39621400833111,146.));
#9099=CARTESIAN_POINT('',(0.999011993407994,7.20634698867779,146.));
#9100=CARTESIAN_POINT('',(1.178336805414,3.73341150012958,146.));
#9101=CARTESIAN_POINT('',(0.989208221435338,7.39621400833111,134.000000119209));
#9102=CARTESIAN_POINT('',(0.989208221435338,7.39621400833111,169.000000119209));
#9103=CARTESIAN_POINT('',(0.999011993407994,7.20634698867779,134.000000119209));
#9104=CARTESIAN_POINT('',(0.989208221435338,7.39621400833111,134.000000119209));
#9105=CARTESIAN_POINT('',(0.999011993407994,7.20634698867779,169.000000119209));
#9106=CARTESIAN_POINT('Origin',(0.999011993407994,7.20634698867779,169.000000119209));
#9107=CARTESIAN_POINT('',(0.972728729247838,7.01807260513287,146.));
#9108=CARTESIAN_POINT('',(0.496072814596239,3.6036527694827,146.));
#9109=CARTESIAN_POINT('',(0.972728729247838,7.01807260513287,134.000000119209));
#9110=CARTESIAN_POINT('',(0.999011993407994,7.20634698867779,134.000000119209));
#9111=CARTESIAN_POINT('',(0.972728729247838,7.01807260513287,169.000000119209));
#9112=CARTESIAN_POINT('Origin',(0.972728729247838,7.01807260513287,169.000000119209));
#9113=CARTESIAN_POINT('',(0.911235809325963,6.838171482086,146.));
#9114=CARTESIAN_POINT('',(-0.15211453899701,3.72727803128504,146.));
#9115=CARTESIAN_POINT('',(0.911235809325963,6.838171482086,134.000000119209));
#9116=CARTESIAN_POINT('',(0.972728729247838,7.01807260513287,134.000000119209));
#9117=CARTESIAN_POINT('',(0.911235809325963,6.838171482086,169.000000119209));
#9118=CARTESIAN_POINT('Origin',(0.911235809325963,6.838171482086,169.000000119209));
#9119=CARTESIAN_POINT('',(0.816860198974401,6.67315244674664,146.));
#9120=CARTESIAN_POINT('',(-0.67452100609951,4.06542056699761,146.));
#9121=CARTESIAN_POINT('',(0.816860198974401,6.67315244674664,134.000000119209));
#9122=CARTESIAN_POINT('',(0.911235809325963,6.838171482086,134.000000119209));
#9123=CARTESIAN_POINT('',(0.816860198974401,6.67315244674664,169.000000119209));
#9124=CARTESIAN_POINT('Origin',(0.816860198974401,6.67315244674664,169.000000119209));
#9125=CARTESIAN_POINT('',(0.692920684814244,6.52898073196392,146.));
#9126=CARTESIAN_POINT('',(-1.00610396277412,4.55260299189643,146.));
#9127=CARTESIAN_POINT('',(0.692920684814244,6.52898073196392,134.000000119209));
#9128=CARTESIAN_POINT('',(0.816860198974401,6.67315244674664,134.000000119209));
#9129=CARTESIAN_POINT('',(0.692920684814244,6.52898073196392,169.000000119209));
#9130=CARTESIAN_POINT('Origin',(0.692920684814244,6.52898073196392,169.000000119209));
#9131=CARTESIAN_POINT('',(0.543956756591588,6.41086816787701,146.));
#9132=CARTESIAN_POINT('',(-1.10906217366666,5.10019982912871,146.));
#9133=CARTESIAN_POINT('',(0.543956756591588,6.41086816787701,134.000000119209));
#9134=CARTESIAN_POINT('',(0.692920684814244,6.52898073196392,134.000000119209));
#9135=CARTESIAN_POINT('',(0.543956756591588,6.41086816787701,169.000000119209));
#9136=CARTESIAN_POINT('Origin',(0.543956756591588,6.41086816787701,169.000000119209));
#9137=CARTESIAN_POINT('',(0.375347137450963,6.3230872154234,146.));
#9138=CARTESIAN_POINT('',(-0.982964446575329,5.61592777112645,146.));
#9139=CARTESIAN_POINT('',(0.375347137450963,6.3230872154234,134.000000119209));
#9140=CARTESIAN_POINT('',(0.543956756591588,6.41086816787701,134.000000119209));
#9141=CARTESIAN_POINT('',(0.375347137450963,6.3230872154234,169.000000119209));
#9142=CARTESIAN_POINT('Origin',(0.375347137450963,6.3230872154234,169.000000119209));
#9143=CARTESIAN_POINT('',(0.193157196044713,6.26880407333355,146.));
#9144=CARTESIAN_POINT('',(-0.662196354070403,6.01395313074272,146.));
#9145=CARTESIAN_POINT('',(0.193157196044713,6.26880407333355,134.000000119209));
#9146=CARTESIAN_POINT('',(0.375347137450963,6.3230872154234,134.000000119209));
#9147=CARTESIAN_POINT('',(0.193157196044713,6.26880407333355,169.000000119209));
#9148=CARTESIAN_POINT('Origin',(0.193157196044713,6.26880407333355,169.000000119209));
#9149=CARTESIAN_POINT('',(0.00394821166971315,6.24998331069928,146.));
#9150=CARTESIAN_POINT('',(-0.211201870106225,6.2285821672323,146.));
#9151=CARTESIAN_POINT('',(0.00394821166971315,6.24998331069928,134.000000119209));
#9152=CARTESIAN_POINT('',(0.193157196044713,6.26880407333355,134.000000119209));
#9153=CARTESIAN_POINT('',(0.00394821166971315,6.24998331069928,169.000000119209));
#9154=CARTESIAN_POINT('Origin',(0.00394821166971315,6.24998331069928,169.000000119209));
#9155=CARTESIAN_POINT('',(-0.185375213623256,6.26730203628521,146.));
#9156=CARTESIAN_POINT('',(0.285482856524203,6.224229385903,146.));
#9157=CARTESIAN_POINT('',(-0.185375213623256,6.26730203628521,134.000000119209));
#9158=CARTESIAN_POINT('',(0.00394821166971315,6.24998331069928,134.000000119209));
#9159=CARTESIAN_POINT('',(-0.185375213623256,6.26730203628521,169.000000119209));
#9160=CARTESIAN_POINT('Origin',(-0.185375213623256,6.26730203628521,169.000000119209));
#9161=CARTESIAN_POINT('',(-0.367946624756068,6.3201403617857,146.));
#9162=CARTESIAN_POINT('',(0.736972911122423,6.00036358114765,146.));
#9163=CARTESIAN_POINT('',(-0.367946624756068,6.3201403617857,134.000000119209));
#9164=CARTESIAN_POINT('',(-0.185375213623256,6.26730203628521,134.000000119209));
#9165=CARTESIAN_POINT('',(-0.367946624756068,6.3201403617857,169.000000119209));
#9166=CARTESIAN_POINT('Origin',(-0.367946624756068,6.3201403617857,169.000000119209));
#9167=CARTESIAN_POINT('',(-0.537281036377162,6.40658140182476,146.));
#9168=CARTESIAN_POINT('',(1.05767012899423,5.59239817570817,146.));
#9169=CARTESIAN_POINT('',(-0.537281036377162,6.40658140182476,134.000000119209));
#9170=CARTESIAN_POINT('',(-0.367946624756068,6.3201403617857,134.000000119209));
#9171=CARTESIAN_POINT('',(-0.537281036377162,6.40658140182476,169.000000119209));
#9172=CARTESIAN_POINT('Origin',(-0.537281036377162,6.40658140182476,169.000000119209));
#9173=CARTESIAN_POINT('',(-0.687198638916224,6.52350187301617,146.));
#9174=CARTESIAN_POINT('',(1.18315814627021,5.06481394767357,146.));
#9175=CARTESIAN_POINT('',(-0.687198638916224,6.52350187301617,134.000000119209));
#9176=CARTESIAN_POINT('',(-0.537281036377162,6.40658140182476,134.000000119209));
#9177=CARTESIAN_POINT('',(-0.687198638916224,6.52350187301617,169.000000119209));
#9178=CARTESIAN_POINT('Origin',(-0.687198638916224,6.52350187301617,169.000000119209));
#9179=CARTESIAN_POINT('',(-0.812282562256068,6.66669130325299,146.));
#9180=CARTESIAN_POINT('',(1.07760328974718,4.50325038186668,146.));
#9181=CARTESIAN_POINT('',(-0.812282562256068,6.66669130325299,134.000000119209));
#9182=CARTESIAN_POINT('',(-0.687198638916224,6.52350187301617,134.000000119209));
#9183=CARTESIAN_POINT('',(-0.812282562256068,6.66669130325299,169.000000119209));
#9184=CARTESIAN_POINT('Origin',(-0.812282562256068,6.66669130325299,169.000000119209));
#9185=CARTESIAN_POINT('',(-0.907993316650599,6.8309521675108,146.));
#9186=CARTESIAN_POINT('',(0.740633577155074,4.00154307834092,146.));
#9187=CARTESIAN_POINT('',(-0.907993316650599,6.8309521675108,134.000000119209));
#9188=CARTESIAN_POINT('',(-0.812282562256068,6.66669130325299,134.000000119209));
#9189=CARTESIAN_POINT('',(-0.907993316650599,6.8309521675108,169.000000119209));
#9190=CARTESIAN_POINT('Origin',(-0.907993316650599,6.8309521675108,169.000000119209));
#9191=CARTESIAN_POINT('',(-0.970897674560756,7.01035737991314,146.));
#9192=CARTESIAN_POINT('',(0.208160453788051,3.64764641713301,146.));
#9193=CARTESIAN_POINT('',(-0.970897674560756,7.01035737991314,134.000000119209));
#9194=CARTESIAN_POINT('',(-0.907993316650599,6.8309521675108,134.000000119209));
#9195=CARTESIAN_POINT('',(-0.970897674560756,7.01035737991314,169.000000119209));
#9196=CARTESIAN_POINT('Origin',(-0.970897674560756,7.01035737991314,169.000000119209));
#9197=CARTESIAN_POINT('',(-0.998706817627162,7.19842195510846,146.));
#9198=CARTESIAN_POINT('',(-0.453289445881807,3.50993410503356,146.));
#9199=CARTESIAN_POINT('',(-0.998706817627162,7.19842195510846,134.000000119209));
#9200=CARTESIAN_POINT('',(-0.970897674560756,7.01035737991314,134.000000119209));
#9201=CARTESIAN_POINT('',(-0.998706817627162,7.19842195510846,169.000000119209));
#9202=CARTESIAN_POINT('Origin',(0.943698883056432,7.5807833671568,169.000000119209));
#9203=CARTESIAN_POINT('',(0.943698883056432,7.5807833671568,146.));
#9204=CARTESIAN_POINT('',(1.79769015088831,4.11730474142666,146.));
#9205=CARTESIAN_POINT('',(0.943698883056432,7.5807833671568,134.000000119209));
#9206=CARTESIAN_POINT('',(0.943698883056432,7.5807833671568,169.000000119209));
#9207=CARTESIAN_POINT('',(0.943698883056432,7.5807833671568,134.000000119209));
#9208=CARTESIAN_POINT('Origin',(0.864009857177526,7.75339841842633,169.000000119209));
#9209=CARTESIAN_POINT('',(0.864009857177526,7.75339841842633,146.));
#9210=CARTESIAN_POINT('',(2.26339679252801,4.7221749227533,146.));
#9211=CARTESIAN_POINT('',(0.864009857177526,7.75339841842633,134.000000119209));
#9212=CARTESIAN_POINT('',(0.864009857177526,7.75339841842633,169.000000119209));
#9213=CARTESIAN_POINT('',(0.864009857177526,7.75339841842633,134.000000119209));
#9214=CARTESIAN_POINT('Origin',(0.753154754638463,7.90781736373883,169.000000119209));
#9215=CARTESIAN_POINT('',(0.753154754638463,7.90781736373883,146.));
#9216=CARTESIAN_POINT('',(2.49820645743969,5.47699517071083,146.));
#9217=CARTESIAN_POINT('',(0.753154754638463,7.90781736373883,134.000000119209));
#9218=CARTESIAN_POINT('',(0.753154754638463,7.90781736373883,169.000000119209));
#9219=CARTESIAN_POINT('',(0.753154754638463,7.90781736373883,134.000000119209));
#9220=CARTESIAN_POINT('Origin',(0.615024566650182,8.0384659767149,169.000000119209));
#9221=CARTESIAN_POINT('',(0.615024566650182,8.0384659767149,146.));
#9222=CARTESIAN_POINT('',(2.45922007101117,6.29415802918705,146.));
#9223=CARTESIAN_POINT('',(0.615024566650182,8.0384659767149,134.000000119209));
#9224=CARTESIAN_POINT('',(0.615024566650182,8.0384659767149,169.000000119209));
#9225=CARTESIAN_POINT('',(0.615024566650182,8.0384659767149,134.000000119209));
#9226=CARTESIAN_POINT('Origin',(0.454692840575963,8.14061403274517,169.000000119209));
#9227=CARTESIAN_POINT('',(0.454692840575963,8.14061403274517,146.));
#9228=CARTESIAN_POINT('',(2.1375015684932,7.06848910503155,146.));
#9229=CARTESIAN_POINT('',(0.454692840575963,8.14061403274517,134.000000119209));
#9230=CARTESIAN_POINT('',(0.454692840575963,8.14061403274517,169.000000119209));
#9231=CARTESIAN_POINT('',(0.454692840575963,8.14061403274517,134.000000119209));
#9232=CARTESIAN_POINT('Origin',(0.277919769286901,8.21056604385357,169.000000119209));
#9233=CARTESIAN_POINT('',(0.277919769286901,8.21056604385357,146.));
#9234=CARTESIAN_POINT('',(1.56235607044017,7.70229347863135,146.));
#9235=CARTESIAN_POINT('',(0.277919769286901,8.21056604385357,134.000000119209));
#9236=CARTESIAN_POINT('',(0.277919769286901,8.21056604385357,169.000000119209));
#9237=CARTESIAN_POINT('',(0.277919769286901,8.21056604385357,134.000000119209));
#9238=CARTESIAN_POINT('Origin',(0.0910758972165882,8.24580907821637,169.000000119209));
#9239=CARTESIAN_POINT('',(0.0910758972165882,8.24580907821637,146.));
#9240=CARTESIAN_POINT('',(0.798058729128015,8.11245592104361,146.));
#9241=CARTESIAN_POINT('',(0.0910758972165882,8.24580907821637,134.000000119209));
#9242=CARTESIAN_POINT('',(0.0910758972165882,8.24580907821637,169.000000119209));
#9243=CARTESIAN_POINT('',(0.0910758972165882,8.24580907821637,134.000000119209));
#9244=CARTESIAN_POINT('Origin',(-0.0990104675295056,8.24505090713482,169.000000119209));
#9245=CARTESIAN_POINT('',(-0.0990104675295056,8.24505090713482,146.));
#9246=CARTESIAN_POINT('',(-0.0659487044216451,8.24518277599731,146.));
#9247=CARTESIAN_POINT('',(-0.0990104675295056,8.24505090713482,134.000000119209));
#9248=CARTESIAN_POINT('',(-0.0990104675295056,8.24505090713482,169.000000119209));
#9249=CARTESIAN_POINT('',(-0.0990104675295056,8.24505090713482,134.000000119209));
#9250=CARTESIAN_POINT('Origin',(-0.285549163818568,8.20833444595318,169.000000119209));
#9251=CARTESIAN_POINT('',(-0.285549163818568,8.20833444595318,146.));
#9252=CARTESIAN_POINT('',(-0.925794427189396,8.08231480055555,146.));
#9253=CARTESIAN_POINT('',(-0.285549163818568,8.20833444595318,134.000000119209));
#9254=CARTESIAN_POINT('',(-0.285549163818568,8.20833444595318,169.000000119209));
#9255=CARTESIAN_POINT('',(-0.285549163818568,8.20833444595318,134.000000119209));
#9256=CARTESIAN_POINT('Origin',(-0.461750030517787,8.13697576522808,169.000000119209));
#9257=CARTESIAN_POINT('',(-0.461750030517787,8.13697576522808,146.));
#9258=CARTESIAN_POINT('',(-1.67891964546894,7.64404051712936,146.));
#9259=CARTESIAN_POINT('',(-0.461750030517787,8.13697576522808,134.000000119209));
#9260=CARTESIAN_POINT('',(-0.461750030517787,8.13697576522808,169.000000119209));
#9261=CARTESIAN_POINT('',(-0.461750030517787,8.13697576522808,134.000000119209));
#9262=CARTESIAN_POINT('Origin',(-0.621280670166224,8.03355932235699,169.000000119209));
#9263=CARTESIAN_POINT('',(-0.621280670166224,8.03355932235699,146.));
#9264=CARTESIAN_POINT('',(-2.23598301904775,6.98682138170233,146.));
#9265=CARTESIAN_POINT('',(-0.621280670166224,8.03355932235699,134.000000119209));
#9266=CARTESIAN_POINT('',(-0.621280670166224,8.03355932235699,169.000000119209));
#9267=CARTESIAN_POINT('',(-0.621280670166224,8.03355932235699,134.000000119209));
#9268=CARTESIAN_POINT('Origin',(-0.758342742920131,7.90182352066021,169.000000119209));
#9269=CARTESIAN_POINT('',(-0.758342742920131,7.90182352066021,146.));
#9270=CARTESIAN_POINT('',(-2.53515186912659,6.19406170150818,146.));
#9271=CARTESIAN_POINT('',(-0.758342742920131,7.90182352066021,134.000000119209));
#9272=CARTESIAN_POINT('',(-0.758342742920131,7.90182352066021,169.000000119209));
#9273=CARTESIAN_POINT('',(-0.758342742920131,7.90182352066021,134.000000119209));
#9274=CARTESIAN_POINT('Origin',(-0.868015289306849,7.74652719497662,169.000000119209));
#9275=CARTESIAN_POINT('',(-0.868015289306849,7.74652719497662,146.));
#9276=CARTESIAN_POINT('',(-2.54869398860231,5.36668615677425,146.));
#9277=CARTESIAN_POINT('',(-0.868015289306849,7.74652719497662,134.000000119209));
#9278=CARTESIAN_POINT('',(-0.868015289306849,7.74652719497662,169.000000119209));
#9279=CARTESIAN_POINT('',(-0.868015289306849,7.74652719497662,134.000000119209));
#9280=CARTESIAN_POINT('Origin',(-0.946292877197474,7.57328271865826,169.000000119209));
#9281=CARTESIAN_POINT('',(-0.946292877197474,7.57328271865826,146.));
#9282=CARTESIAN_POINT('',(-2.28693260934072,4.60616997814726,146.));
#9283=CARTESIAN_POINT('',(-0.946292877197474,7.57328271865826,134.000000119209));
#9284=CARTESIAN_POINT('',(-0.946292877197474,7.57328271865826,169.000000119209));
#9285=CARTESIAN_POINT('',(-0.946292877197474,7.57328271865826,134.000000119209));
#9286=CARTESIAN_POINT('Origin',(-0.990390777588099,7.38836526870709,169.000000119209));
#9287=CARTESIAN_POINT('',(-0.990390777588099,7.38836526870709,146.));
#9288=CARTESIAN_POINT('',(-1.79730480070333,4.00470114496048,146.));
#9289=CARTESIAN_POINT('',(-0.990390777588099,7.38836526870709,134.000000119209));
#9290=CARTESIAN_POINT('',(-0.990390777588099,7.38836526870709,169.000000119209));
#9291=CARTESIAN_POINT('',(-0.990390777588099,7.38836526870709,134.000000119209));
#9292=CARTESIAN_POINT('Origin',(-0.998706817627162,7.19842195510846,169.000000119209));
#9293=CARTESIAN_POINT('',(-1.15502954729004,3.62791758963192,146.));
#9294=CARTESIAN_POINT('',(-0.998706817627162,7.19842195510846,134.000000119209));
#9295=CARTESIAN_POINT('Origin',(0.000152587890416278,7.24789619445782,134.000000119209));
#9296=CARTESIAN_POINT('Origin',(0.,0.,146.));
#9297=CARTESIAN_POINT('Origin',(5.10440644564632,-17.3653400438242,129.));
#9298=CARTESIAN_POINT('',(4.51528192441851,-17.4790603080171,149.));
#9299=CARTESIAN_POINT('',(4.93519960214423,-16.7896934125372,149.));
#9300=CARTESIAN_POINT('Origin',(5.10440644564632,-17.3653400438242,149.));
#9301=CARTESIAN_POINT('',(4.51528192441851,-17.4790603080171,129.));
#9302=CARTESIAN_POINT('',(4.93519960214423,-16.7896934125372,129.));
#9303=CARTESIAN_POINT('Origin',(10.2207641985924,-14.9380714684584,129.));
#9304=CARTESIAN_POINT('',(9.69561497800984,-15.2282753556163,149.));
#9305=CARTESIAN_POINT('',(9.88195433565564,-14.4428867788963,149.));
#9306=CARTESIAN_POINT('Origin',(10.2207641985924,-14.9380714684584,149.));
#9307=CARTESIAN_POINT('',(9.69561497800984,-15.2282753556163,129.));
#9308=CARTESIAN_POINT('',(9.88195433565563,-14.4428867788963,129.));
#9309=CARTESIAN_POINT('Origin',(14.3366423395287,-11.048560378096,129.));
#9310=CARTESIAN_POINT('',(13.9268736842318,-11.4868407097744,149.));
#9311=CARTESIAN_POINT('',(13.8613945271686,-10.6823097578276,149.));
#9312=CARTESIAN_POINT('Origin',(14.3366423395287,-11.048560378096,149.));
#9313=CARTESIAN_POINT('',(13.9268736842318,-11.4868407097744,129.));
#9314=CARTESIAN_POINT('',(13.8613945271686,-10.6823097578276,129.));
#9315=CARTESIAN_POINT('Origin',(17.0491500390111,-6.07753921807887,129.));
#9316=CARTESIAN_POINT('',(16.7948729600064,-6.62099406173456,149.));
#9317=CARTESIAN_POINT('',(16.4839848443478,-5.87607382963426,149.));
#9318=CARTESIAN_POINT('Origin',(17.0491500390111,-6.07753921807887,149.));
#9319=CARTESIAN_POINT('',(16.7948729600064,-6.62099406173456,129.));
#9320=CARTESIAN_POINT('',(16.4839848443478,-5.87607382963426,129.));
#9321=CARTESIAN_POINT('Origin',(18.0927681442619,0.511606174690379,129.));
#9322=CARTESIAN_POINT('',(17.4930078742864,0.494646853982411,149.));
#9323=CARTESIAN_POINT('',(18.018873053695,1.10703838375376,149.));
#9324=CARTESIAN_POINT('Origin',(18.0927681442619,0.511606174690379,149.));
#9325=CARTESIAN_POINT('',(17.4930078742864,0.494646853982411,129.));
#9326=CARTESIAN_POINT('',(18.018873053695,1.10703838375376,129.));
#9327=CARTESIAN_POINT('Origin',(18.0927681442619,-0.511606174690503,129.));
#9328=CARTESIAN_POINT('',(18.018873053695,-1.10703838375389,149.));
#9329=CARTESIAN_POINT('',(17.4930078742864,-0.49464685398253,149.));
#9330=CARTESIAN_POINT('Origin',(18.0927681442619,-0.511606174690503,149.));
#9331=CARTESIAN_POINT('',(18.018873053695,-1.10703838375389,129.));
#9332=CARTESIAN_POINT('',(17.4930078742864,-0.49464685398253,129.));
#9333=CARTESIAN_POINT('Origin',(17.0491500390112,6.07753921807874,129.));
#9334=CARTESIAN_POINT('',(16.4839848443478,5.87607382963415,149.));
#9335=CARTESIAN_POINT('',(16.7948729600065,6.62099406173444,149.));
#9336=CARTESIAN_POINT('Origin',(17.0491500390112,6.07753921807874,149.));
#9337=CARTESIAN_POINT('',(16.4839848443478,5.87607382963415,129.));
#9338=CARTESIAN_POINT('',(16.7948729600065,6.62099406173444,129.));
#9339=CARTESIAN_POINT('Origin',(14.3366423395288,11.0485603780959,129.));
#9340=CARTESIAN_POINT('',(13.8613945271687,10.6823097578275,149.));
#9341=CARTESIAN_POINT('',(13.9268736842319,11.4868407097743,149.));
#9342=CARTESIAN_POINT('Origin',(14.3366423395288,11.0485603780959,149.));
#9343=CARTESIAN_POINT('',(13.8613945271687,10.6823097578275,129.));
#9344=CARTESIAN_POINT('',(13.9268736842319,11.4868407097743,129.));
#9345=CARTESIAN_POINT('Origin',(10.2207641985925,14.9380714684584,129.));
#9346=CARTESIAN_POINT('',(9.88195433565574,14.4428867788962,149.));
#9347=CARTESIAN_POINT('',(9.69561497800994,15.2282753556162,149.));
#9348=CARTESIAN_POINT('Origin',(10.2207641985925,14.9380714684584,149.));
#9349=CARTESIAN_POINT('',(9.88195433565574,14.4428867788962,129.));
#9350=CARTESIAN_POINT('',(9.69561497800994,15.2282753556162,129.));
#9351=CARTESIAN_POINT('Origin',(5.10440644564644,17.3653400438242,129.));
#9352=CARTESIAN_POINT('',(4.93519960214435,16.7896934125372,149.));
#9353=CARTESIAN_POINT('',(4.51528192441863,17.4790603080171,149.));
#9354=CARTESIAN_POINT('Origin',(5.10440644564644,17.3653400438242,149.));
#9355=CARTESIAN_POINT('',(4.93519960214435,16.7896934125372,129.));
#9356=CARTESIAN_POINT('',(4.51528192441863,17.4790603080171,129.));
#9357=CARTESIAN_POINT('Origin',(0.,0.,129.));
#9358=CARTESIAN_POINT('Origin',(0.,0.,149.));
#9359=CARTESIAN_POINT('Origin',(-4.09600996717804,-19.1413207532512,129.));
#9360=CARTESIAN_POINT('',(4.668907277118,-19.4473984079536,149.));
#9361=CARTESIAN_POINT('Origin',(-4.09600996717804,-19.1413207532512,149.));
#9362=CARTESIAN_POINT('',(4.33144124834861,-21.569390735765,147.));
#9363=CARTESIAN_POINT('Ctrl Pts',(4.668907277118,-19.4473984079536,149.));
#9364=CARTESIAN_POINT('Ctrl Pts',(4.64882357245512,-20.0225204615391,148.445457062279));
#9365=CARTESIAN_POINT('Ctrl Pts',(4.57140731427197,-20.6065969288864,147.893957217863));
#9366=CARTESIAN_POINT('Ctrl Pts',(4.40204370607615,-21.3134146585656,147.23680982402));
#9367=CARTESIAN_POINT('Ctrl Pts',(4.36825373324355,-21.4416203573127,147.118021731898));
#9368=CARTESIAN_POINT('Ctrl Pts',(4.33144124834862,-21.569390735765,147.));
#9369=CARTESIAN_POINT('',(4.33144124834861,-21.569390735765,131.));
#9370=CARTESIAN_POINT('',(4.33144124834861,-21.569390735765,129.));
#9371=CARTESIAN_POINT('Ctrl Pts',(4.33144124834862,-21.569390735765,131.));
#9372=CARTESIAN_POINT('Ctrl Pts',(4.36825373324355,-21.4416203573127,130.881978268102));
#9373=CARTESIAN_POINT('Ctrl Pts',(4.40204370607615,-21.3134146585656,130.76319017598));
#9374=CARTESIAN_POINT('Ctrl Pts',(4.57140731427197,-20.6065969288864,130.106042782137));
#9375=CARTESIAN_POINT('Ctrl Pts',(4.64882357245512,-20.0225204615391,129.554542937721));
#9376=CARTESIAN_POINT('Ctrl Pts',(4.668907277118,-19.4473984079535,129.));
#9377=CARTESIAN_POINT('Origin',(-4.0960099671779,19.1413207532512,129.));
#9378=CARTESIAN_POINT('',(4.33144124834877,21.569390735765,131.));
#9379=CARTESIAN_POINT('Ctrl Pts',(4.66890727711814,19.4473984079535,129.));
#9380=CARTESIAN_POINT('Ctrl Pts',(4.64882357245526,20.0225204615391,129.554542937721));
#9381=CARTESIAN_POINT('Ctrl Pts',(4.57140731427212,20.6065969288864,130.106042782137));
#9382=CARTESIAN_POINT('Ctrl Pts',(4.4020437060763,21.3134146585656,130.76319017598));
#9383=CARTESIAN_POINT('Ctrl Pts',(4.36825373324371,21.4416203573127,130.881978268102));
#9384=CARTESIAN_POINT('Ctrl Pts',(4.33144124834877,21.569390735765,131.));
#9385=CARTESIAN_POINT('',(4.33144124834877,21.569390735765,147.));
#9386=CARTESIAN_POINT('',(4.33144124834877,21.569390735765,129.));
#9387=CARTESIAN_POINT('',(4.66890727711815,19.4473984079535,149.));
#9388=CARTESIAN_POINT('Ctrl Pts',(4.33144124834877,21.569390735765,147.));
#9389=CARTESIAN_POINT('Ctrl Pts',(4.36825373324371,21.4416203573127,147.118021731898));
#9390=CARTESIAN_POINT('Ctrl Pts',(4.4020437060763,21.3134146585656,147.23680982402));
#9391=CARTESIAN_POINT('Ctrl Pts',(4.57140731427212,20.6065969288864,147.893957217863));
#9392=CARTESIAN_POINT('Ctrl Pts',(4.64882357245526,20.0225204615391,148.445457062279));
#9393=CARTESIAN_POINT('Ctrl Pts',(4.66890727711814,19.4473984079535,149.));
#9394=CARTESIAN_POINT('Origin',(-4.0960099671779,19.1413207532512,149.));
#9395=CARTESIAN_POINT('Origin',(0.,0.,149.));
#9396=CARTESIAN_POINT('',(15.2282753556163,9.69561497800989,149.));
#9397=CARTESIAN_POINT('',(17.0528032870819,10.449971294319,149.));
#9398=CARTESIAN_POINT('Origin',(19.4702145218624,2.01945643744199,149.));
#9399=CARTESIAN_POINT('',(14.4428867788962,9.88195433565569,149.));
#9400=CARTESIAN_POINT('Origin',(14.9380714684584,10.2207641985925,149.));
#9401=CARTESIAN_POINT('Origin',(0.,0.,149.));
#9402=CARTESIAN_POINT('',(15.2081193120007,12.9889609666036,149.));
#9403=CARTESIAN_POINT('Origin',(7.93724437558485,17.8932280361122,149.));
#9404=CARTESIAN_POINT('',(12.9889609666037,15.2081193120006,149.));
#9405=CARTESIAN_POINT('Origin',(0.,0.,149.));
#9406=CARTESIAN_POINT('',(11.4868407097744,13.9268736842318,149.));
#9407=CARTESIAN_POINT('Origin',(17.8932280361123,7.93724437558479,149.));
#9408=CARTESIAN_POINT('',(10.6823097578276,13.8613945271687,149.));
#9409=CARTESIAN_POINT('Origin',(11.048560378096,14.3366423395287,149.));
#9410=CARTESIAN_POINT('Origin',(0.,0.,149.));
#9411=CARTESIAN_POINT('',(10.449971294319,17.0528032870818,149.));
#9412=CARTESIAN_POINT('Origin',(2.01945643744206,19.4702145218624,149.));
#9413=CARTESIAN_POINT('',(7.65366864730179,18.4775906502257,149.));
#9414=CARTESIAN_POINT('Origin',(0.,0.,149.));
#9415=CARTESIAN_POINT('',(6.62099406173449,16.7948729600064,149.));
#9416=CARTESIAN_POINT('Origin',(14.564727720737,13.0780795322119,149.));
#9417=CARTESIAN_POINT('',(5.8760738296342,16.4839848443478,149.));
#9418=CARTESIAN_POINT('Origin',(6.0775392180788,17.0491500390112,149.));
#9419=CARTESIAN_POINT('Origin',(0.,0.,149.));
#9420=CARTESIAN_POINT('',(1.56918191455688,19.9383466746626,149.));
#9421=CARTESIAN_POINT('Origin',(0.,0.,149.));
#9422=CARTESIAN_POINT('',(1.10703838375382,18.018873053695,149.));
#9423=CARTESIAN_POINT('Origin',(9.81053037763095,16.9387411438881,149.));
#9424=CARTESIAN_POINT('',(0.494646853982468,17.4930078742864,149.));
#9425=CARTESIAN_POINT('Origin',(0.511606174690439,18.0927681442619,149.));
#9426=CARTESIAN_POINT('',(-0.49464685398247,17.4930078742864,149.));
#9427=CARTESIAN_POINT('Origin',(0.,0.,149.));
#9428=CARTESIAN_POINT('',(-1.10703838375382,18.018873053695,149.));
#9429=CARTESIAN_POINT('Origin',(-0.51160617469044,18.0927681442619,149.));
#9430=CARTESIAN_POINT('',(-1.56918191455688,19.9383466746626,149.));
#9431=CARTESIAN_POINT('Origin',(-9.81053037763095,16.9387411438881,149.));
#9432=CARTESIAN_POINT('',(-4.66890727711788,19.4473984079536,149.));
#9433=CARTESIAN_POINT('Origin',(0.,0.,149.));
#9434=CARTESIAN_POINT('',(-4.51528192441839,17.4790603080171,149.));
#9435=CARTESIAN_POINT('Origin',(4.09600996717817,19.1413207532512,149.));
#9436=CARTESIAN_POINT('',(-4.93519960214412,16.7896934125372,149.));
#9437=CARTESIAN_POINT('Origin',(-5.1044064456462,17.3653400438242,149.));
#9438=CARTESIAN_POINT('',(-5.87607382963397,16.4839848443479,149.));
#9439=CARTESIAN_POINT('Origin',(0.,0.,149.));
#9440=CARTESIAN_POINT('',(-6.62099406173426,16.7948729600065,149.));
#9441=CARTESIAN_POINT('Origin',(-6.07753921807857,17.0491500390112,149.));
#9442=CARTESIAN_POINT('',(-7.65366864730153,18.4775906502258,149.));
#9443=CARTESIAN_POINT('Origin',(-14.5647277207368,13.0780795322121,149.));
#9444=CARTESIAN_POINT('',(-10.4499712943188,17.052803287082,149.));
#9445=CARTESIAN_POINT('Origin',(0.,0.,149.));
#9446=CARTESIAN_POINT('',(-9.69561497800973,15.2282753556164,149.));
#9447=CARTESIAN_POINT('Origin',(-2.01945643744178,19.4702145218624,149.));
#9448=CARTESIAN_POINT('',(-9.88195433565553,14.4428867788963,149.));
#9449=CARTESIAN_POINT('Origin',(-10.2207641985923,14.9380714684585,149.));
#9450=CARTESIAN_POINT('',(-10.6823097578274,13.8613945271688,149.));
#9451=CARTESIAN_POINT('Origin',(0.,0.,149.));
#9452=CARTESIAN_POINT('',(-11.4868407097742,13.926873684232,149.));
#9453=CARTESIAN_POINT('Origin',(-11.0485603780957,14.3366423395289,149.));
#9454=CARTESIAN_POINT('',(-12.9889609666035,15.2081193120008,149.));
#9455=CARTESIAN_POINT('Origin',(-17.8932280361122,7.93724437558504,149.));
#9456=CARTESIAN_POINT('',(-15.2081193120005,12.9889609666038,149.));
#9457=CARTESIAN_POINT('Origin',(0.,0.,149.));
#9458=CARTESIAN_POINT('',(-13.9268736842317,11.4868407097745,149.));
#9459=CARTESIAN_POINT('Origin',(-7.93724437558459,17.8932280361124,149.));
#9460=CARTESIAN_POINT('',(-13.8613945271686,10.6823097578277,149.));
#9461=CARTESIAN_POINT('Origin',(-14.3366423395286,11.0485603780961,149.));
#9462=CARTESIAN_POINT('',(-14.4428867788961,9.88195433565589,149.));
#9463=CARTESIAN_POINT('Origin',(0.,0.,149.));
#9464=CARTESIAN_POINT('',(-15.2282753556161,9.69561497801011,149.));
#9465=CARTESIAN_POINT('Origin',(-14.9380714684582,10.2207641985927,149.));
#9466=CARTESIAN_POINT('',(-17.0528032870817,10.4499712943192,149.));
#9467=CARTESIAN_POINT('Origin',(-19.4702145218623,2.01945643744228,149.));
#9468=CARTESIAN_POINT('',(-18.4775906502257,7.65366864730199,149.));
#9469=CARTESIAN_POINT('Origin',(0.,0.,149.));
#9470=CARTESIAN_POINT('',(-16.7948729600064,6.62099406173467,149.));
#9471=CARTESIAN_POINT('Origin',(-13.0780795322118,14.5647277207372,149.));
#9472=CARTESIAN_POINT('',(-16.4839848443477,5.87607382963438,149.));
#9473=CARTESIAN_POINT('Origin',(-17.0491500390111,6.07753921807898,149.));
#9474=CARTESIAN_POINT('',(-16.7896934125371,4.93519960214453,149.));
#9475=CARTESIAN_POINT('Origin',(0.,0.,149.));
#9476=CARTESIAN_POINT('',(-17.479060308017,4.51528192441882,149.));
#9477=CARTESIAN_POINT('Origin',(-17.3653400438241,5.10440644564663,149.));
#9478=CARTESIAN_POINT('',(-19.4473984079535,4.66890727711835,149.));
#9479=CARTESIAN_POINT('Origin',(-19.1413207532513,-4.0960099671777,149.));
#9480=CARTESIAN_POINT('',(-19.9383466746626,1.56918191455709,149.));
#9481=CARTESIAN_POINT('Origin',(0.,0.,149.));
#9482=CARTESIAN_POINT('',(-18.018873053695,1.10703838375401,149.));
#9483=CARTESIAN_POINT('Origin',(-16.938741143888,9.81053037763113,149.));
#9484=CARTESIAN_POINT('',(-17.4930078742864,0.494646853982652,149.));
#9485=CARTESIAN_POINT('Origin',(-18.0927681442619,0.511606174690629,149.));
#9486=CARTESIAN_POINT('',(-17.4930078742864,-0.494646853982288,149.));
#9487=CARTESIAN_POINT('Origin',(0.,0.,149.));
#9488=CARTESIAN_POINT('',(-18.018873053695,-1.10703838375364,149.));
#9489=CARTESIAN_POINT('Origin',(-18.0927681442619,-0.511606174690252,149.));
#9490=CARTESIAN_POINT('',(-19.9383466746626,-1.56918191455667,149.));
#9491=CARTESIAN_POINT('Origin',(-16.9387411438882,-9.81053037763077,149.));
#9492=CARTESIAN_POINT('',(-19.4473984079536,-4.66890727711794,149.));
#9493=CARTESIAN_POINT('Origin',(0.,0.,149.));
#9494=CARTESIAN_POINT('',(-17.4790603080171,-4.51528192441845,149.));
#9495=CARTESIAN_POINT('Origin',(-19.1413207532512,4.0960099671781,149.));
#9496=CARTESIAN_POINT('',(-16.7896934125372,-4.93519960214418,149.));
#9497=CARTESIAN_POINT('Origin',(-17.3653400438242,-5.10440644564626,149.));
#9498=CARTESIAN_POINT('',(-16.4839848443479,-5.87607382963403,149.));
#9499=CARTESIAN_POINT('Origin',(0.,0.,149.));
#9500=CARTESIAN_POINT('',(-16.7948729600065,-6.62099406173432,149.));
#9501=CARTESIAN_POINT('Origin',(-17.0491500390112,-6.07753921807863,149.));
#9502=CARTESIAN_POINT('',(-18.4775906502258,-7.6536686473016,149.));
#9503=CARTESIAN_POINT('Origin',(-13.0780795322121,-14.5647277207369,149.));
#9504=CARTESIAN_POINT('',(-17.0528032870819,-10.4499712943188,149.));
#9505=CARTESIAN_POINT('Origin',(0.,0.,149.));
#9506=CARTESIAN_POINT('',(-15.2282753556163,-9.69561497800978,149.));
#9507=CARTESIAN_POINT('Origin',(-19.4702145218624,-2.01945643744185,149.));
#9508=CARTESIAN_POINT('',(-14.4428867788963,-9.88195433565558,149.));
#9509=CARTESIAN_POINT('Origin',(-14.9380714684585,-10.2207641985923,149.));
#9510=CARTESIAN_POINT('',(-13.8613945271688,-10.6823097578274,149.));
#9511=CARTESIAN_POINT('Origin',(0.,0.,149.));
#9512=CARTESIAN_POINT('',(-13.926873684232,-11.4868407097742,149.));
#9513=CARTESIAN_POINT('Origin',(-14.3366423395289,-11.0485603780958,149.));
#9514=CARTESIAN_POINT('',(-15.2081193120008,-12.9889609666035,149.));
#9515=CARTESIAN_POINT('Origin',(-7.93724437558498,-17.8932280361122,149.));
#9516=CARTESIAN_POINT('',(-12.9889609666038,-15.2081193120005,149.));
#9517=CARTESIAN_POINT('Origin',(0.,0.,149.));
#9518=CARTESIAN_POINT('',(-11.4868407097745,-13.9268736842317,149.));
#9519=CARTESIAN_POINT('Origin',(-17.8932280361123,-7.93724437558465,149.));
#9520=CARTESIAN_POINT('',(-10.6823097578277,-13.8613945271686,149.));
#9521=CARTESIAN_POINT('Origin',(-11.0485603780961,-14.3366423395287,149.));
#9522=CARTESIAN_POINT('',(-9.88195433565584,-14.4428867788961,149.));
#9523=CARTESIAN_POINT('Origin',(0.,0.,149.));
#9524=CARTESIAN_POINT('',(-9.69561497801006,-15.2282753556161,149.));
#9525=CARTESIAN_POINT('Origin',(-10.2207641985926,-14.9380714684583,149.));
#9526=CARTESIAN_POINT('',(-10.4499712943191,-17.0528032870817,149.));
#9527=CARTESIAN_POINT('Origin',(-2.01945643744221,-19.4702145218624,149.));
#9528=CARTESIAN_POINT('',(-7.65366864730192,-18.4775906502257,149.));
#9529=CARTESIAN_POINT('Origin',(0.,0.,149.));
#9530=CARTESIAN_POINT('',(-6.62099406173461,-16.7948729600064,149.));
#9531=CARTESIAN_POINT('Origin',(-14.5647277207371,-13.0780795322118,149.));
#9532=CARTESIAN_POINT('',(-5.87607382963432,-16.4839848443478,149.));
#9533=CARTESIAN_POINT('Origin',(-6.07753921807892,-17.0491500390111,149.));
#9534=CARTESIAN_POINT('',(-4.93519960214447,-16.7896934125371,149.));
#9535=CARTESIAN_POINT('Origin',(0.,0.,149.));
#9536=CARTESIAN_POINT('',(-4.51528192441876,-17.479060308017,149.));
#9537=CARTESIAN_POINT('Origin',(-5.10440644564657,-17.3653400438241,149.));
#9538=CARTESIAN_POINT('',(-4.66890727711828,-19.4473984079535,149.));
#9539=CARTESIAN_POINT('Origin',(4.09600996717777,-19.1413207532512,149.));
#9540=CARTESIAN_POINT('',(-1.56918191455688,-19.9383466746626,149.));
#9541=CARTESIAN_POINT('Origin',(0.,0.,149.));
#9542=CARTESIAN_POINT('',(-1.10703838375382,-18.018873053695,149.));
#9543=CARTESIAN_POINT('Origin',(-9.81053037763095,-16.9387411438881,149.));
#9544=CARTESIAN_POINT('',(-0.494646853982468,-17.4930078742864,149.));
#9545=CARTESIAN_POINT('Origin',(-0.511606174690439,-18.0927681442619,149.));
#9546=CARTESIAN_POINT('',(0.49464685398247,-17.4930078742864,149.));
#9547=CARTESIAN_POINT('Origin',(0.,0.,149.));
#9548=CARTESIAN_POINT('',(1.10703838375382,-18.018873053695,149.));
#9549=CARTESIAN_POINT('Origin',(0.51160617469044,-18.0927681442619,149.));
#9550=CARTESIAN_POINT('',(1.56918191455688,-19.9383466746626,149.));
#9551=CARTESIAN_POINT('Origin',(9.81053037763095,-16.9387411438881,149.));
#9552=CARTESIAN_POINT('Origin',(0.,0.,149.));
#9553=CARTESIAN_POINT('',(5.87607382963408,-16.4839848443478,149.));
#9554=CARTESIAN_POINT('Origin',(0.,0.,149.));
#9555=CARTESIAN_POINT('',(6.62099406173437,-16.7948729600065,149.));
#9556=CARTESIAN_POINT('Origin',(6.07753921807868,-17.0491500390112,149.));
#9557=CARTESIAN_POINT('',(7.65366864730165,-18.4775906502258,149.));
#9558=CARTESIAN_POINT('Origin',(14.5647277207369,-13.078079532212,149.));
#9559=CARTESIAN_POINT('',(10.4499712943189,-17.0528032870819,149.));
#9560=CARTESIAN_POINT('Origin',(0.,0.,149.));
#9561=CARTESIAN_POINT('Origin',(2.01945643744193,-19.4702145218624,149.));
#9562=CARTESIAN_POINT('',(10.6823097578275,-13.8613945271687,149.));
#9563=CARTESIAN_POINT('Origin',(0.,0.,149.));
#9564=CARTESIAN_POINT('',(11.4868407097743,-13.9268736842319,149.));
#9565=CARTESIAN_POINT('Origin',(11.0485603780959,-14.3366423395288,149.));
#9566=CARTESIAN_POINT('',(12.9889609666036,-15.2081193120007,149.));
#9567=CARTESIAN_POINT('Origin',(17.8932280361122,-7.93724437558491,149.));
#9568=CARTESIAN_POINT('',(15.2081193120006,-12.9889609666037,149.));
#9569=CARTESIAN_POINT('Origin',(0.,0.,149.));
#9570=CARTESIAN_POINT('Origin',(7.93724437558472,-17.8932280361123,149.));
#9571=CARTESIAN_POINT('',(14.4428867788962,-9.88195433565579,149.));
#9572=CARTESIAN_POINT('Origin',(0.,0.,149.));
#9573=CARTESIAN_POINT('',(15.2282753556162,-9.69561497801,149.));
#9574=CARTESIAN_POINT('Origin',(14.9380714684583,-10.2207641985926,149.));
#9575=CARTESIAN_POINT('',(17.0528032870818,-10.4499712943191,149.));
#9576=CARTESIAN_POINT('Origin',(19.4702145218624,-2.01945643744213,149.));
#9577=CARTESIAN_POINT('',(18.4775906502257,-7.65366864730186,149.));
#9578=CARTESIAN_POINT('Origin',(0.,0.,149.));
#9579=CARTESIAN_POINT('Origin',(13.0780795322119,-14.5647277207371,149.));
#9580=CARTESIAN_POINT('',(16.7896934125372,-4.93519960214441,149.));
#9581=CARTESIAN_POINT('Origin',(0.,0.,149.));
#9582=CARTESIAN_POINT('',(17.479060308017,-4.5152819244187,149.));
#9583=CARTESIAN_POINT('Origin',(17.3653400438241,-5.10440644564651,149.));
#9584=CARTESIAN_POINT('',(19.4473984079535,-4.66890727711821,149.));
#9585=CARTESIAN_POINT('Origin',(19.1413207532512,4.09600996717784,149.));
#9586=CARTESIAN_POINT('',(19.9383466746626,-1.56918191455695,149.));
#9587=CARTESIAN_POINT('Origin',(0.,0.,149.));
#9588=CARTESIAN_POINT('Origin',(16.938741143888,-9.81053037763101,149.));
#9589=CARTESIAN_POINT('',(19.9383466746626,1.56918191455681,149.));
#9590=CARTESIAN_POINT('Origin',(16.9387411438881,9.81053037763089,149.));
#9591=CARTESIAN_POINT('',(19.4473984079535,4.66890727711808,149.));
#9592=CARTESIAN_POINT('Origin',(0.,0.,149.));
#9593=CARTESIAN_POINT('',(17.4790603080171,4.51528192441857,149.));
#9594=CARTESIAN_POINT('Origin',(19.1413207532512,-4.09600996717797,149.));
#9595=CARTESIAN_POINT('',(16.7896934125372,4.93519960214429,149.));
#9596=CARTESIAN_POINT('Origin',(17.3653400438242,5.10440644564638,149.));
#9597=CARTESIAN_POINT('Origin',(0.,0.,149.));
#9598=CARTESIAN_POINT('',(18.4775906502258,7.65366864730173,149.));
#9599=CARTESIAN_POINT('Origin',(13.078079532212,14.564727720737,149.));
#9600=CARTESIAN_POINT('Origin',(0.,0.,149.));
#9601=CARTESIAN_POINT('Origin',(0.,0.,149.));
#9602=CARTESIAN_POINT('',(19.9959609504981,9.1739601953657,131.));
#9603=CARTESIAN_POINT('',(19.1752206558892,10.7847537198566,131.));
#9604=CARTESIAN_POINT('Origin',(0.,0.,131.));
#9605=CARTESIAN_POINT('',(19.1752206558892,10.7847537198566,147.));
#9606=CARTESIAN_POINT('',(19.1752206558892,10.7847537198566,129.));
#9607=CARTESIAN_POINT('',(19.9959609504981,9.1739601953657,147.));
#9608=CARTESIAN_POINT('Origin',(0.,0.,147.));
#9609=CARTESIAN_POINT('',(19.9959609504981,9.1739601953657,129.));
#9610=CARTESIAN_POINT('Origin',(0.,0.,149.));
#9611=CARTESIAN_POINT('',(14.9040463765967,16.1823793554673,147.));
#9612=CARTESIAN_POINT('',(16.1823793554674,14.9040463765967,147.));
#9613=CARTESIAN_POINT('Origin',(0.,0.,147.));
#9614=CARTESIAN_POINT('',(16.1823793554673,14.9040463765967,131.));
#9615=CARTESIAN_POINT('',(16.1823793554673,14.9040463765967,129.));
#9616=CARTESIAN_POINT('',(14.9040463765967,16.1823793554673,131.));
#9617=CARTESIAN_POINT('Origin',(0.,0.,131.));
#9618=CARTESIAN_POINT('',(14.9040463765967,16.1823793554673,129.));
#9619=CARTESIAN_POINT('Origin',(0.,0.,149.));
#9620=CARTESIAN_POINT('',(21.852198567642,2.54586287147315,131.));
#9621=CARTESIAN_POINT('',(21.569390735765,4.3314412483487,131.));
#9622=CARTESIAN_POINT('Origin',(0.,0.,131.));
#9623=CARTESIAN_POINT('',(21.569390735765,4.3314412483487,147.));
#9624=CARTESIAN_POINT('',(21.569390735765,4.3314412483487,129.));
#9625=CARTESIAN_POINT('',(21.852198567642,2.54586287147314,147.));
#9626=CARTESIAN_POINT('Origin',(0.,0.,147.));
#9627=CARTESIAN_POINT('',(21.852198567642,2.54586287147315,129.));
#9628=CARTESIAN_POINT('Origin',(0.,0.,149.));
#9629=CARTESIAN_POINT('',(21.5693907357649,-4.33144124834885,131.));
#9630=CARTESIAN_POINT('',(21.852198567642,-2.5458628714733,131.));
#9631=CARTESIAN_POINT('Origin',(0.,0.,131.));
#9632=CARTESIAN_POINT('',(21.852198567642,-2.5458628714733,147.));
#9633=CARTESIAN_POINT('',(21.852198567642,-2.5458628714733,129.));
#9634=CARTESIAN_POINT('',(21.5693907357649,-4.33144124834885,147.));
#9635=CARTESIAN_POINT('Origin',(0.,0.,147.));
#9636=CARTESIAN_POINT('',(21.5693907357649,-4.33144124834885,129.));
#9637=CARTESIAN_POINT('Origin',(0.,0.,149.));
#9638=CARTESIAN_POINT('',(2.54586287147322,-21.852198567642,131.));
#9639=CARTESIAN_POINT('Origin',(0.,0.,131.));
#9640=CARTESIAN_POINT('',(2.54586287147322,-21.852198567642,147.));
#9641=CARTESIAN_POINT('Origin',(0.,0.,147.));
#9642=CARTESIAN_POINT('',(2.54586287147322,-21.852198567642,129.));
#9643=CARTESIAN_POINT('Origin',(0.,0.,149.));
#9644=CARTESIAN_POINT('',(10.7847537198565,-19.1752206558892,147.));
#9645=CARTESIAN_POINT('',(9.17396019536562,-19.9959609504982,147.));
#9646=CARTESIAN_POINT('Origin',(0.,0.,147.));
#9647=CARTESIAN_POINT('',(9.17396019536562,-19.9959609504982,131.));
#9648=CARTESIAN_POINT('',(9.17396019536562,-19.9959609504982,129.));
#9649=CARTESIAN_POINT('',(10.7847537198565,-19.1752206558892,131.));
#9650=CARTESIAN_POINT('Origin',(0.,0.,131.));
#9651=CARTESIAN_POINT('',(10.7847537198565,-19.1752206558892,129.));
#9652=CARTESIAN_POINT('Origin',(0.,0.,149.));
#9653=CARTESIAN_POINT('',(16.1823793554672,-14.9040463765968,147.));
#9654=CARTESIAN_POINT('',(14.9040463765966,-16.1823793554674,147.));
#9655=CARTESIAN_POINT('Origin',(0.,0.,147.));
#9656=CARTESIAN_POINT('',(14.9040463765966,-16.1823793554674,131.));
#9657=CARTESIAN_POINT('',(14.9040463765966,-16.1823793554674,129.));
#9658=CARTESIAN_POINT('',(16.1823793554672,-14.9040463765968,131.));
#9659=CARTESIAN_POINT('Origin',(0.,0.,131.));
#9660=CARTESIAN_POINT('',(16.1823793554672,-14.9040463765968,129.));
#9661=CARTESIAN_POINT('Origin',(0.,0.,149.));
#9662=CARTESIAN_POINT('',(19.9959609504981,-9.17396019536584,147.));
#9663=CARTESIAN_POINT('',(19.1752206558891,-10.7847537198567,147.));
#9664=CARTESIAN_POINT('Origin',(0.,0.,147.));
#9665=CARTESIAN_POINT('',(19.1752206558891,-10.7847537198567,131.));
#9666=CARTESIAN_POINT('',(19.1752206558891,-10.7847537198567,129.));
#9667=CARTESIAN_POINT('',(19.9959609504981,-9.17396019536584,131.));
#9668=CARTESIAN_POINT('Origin',(0.,0.,131.));
#9669=CARTESIAN_POINT('',(19.9959609504981,-9.17396019536584,129.));
#9670=CARTESIAN_POINT('Origin',(0.,0.,149.));
#9671=CARTESIAN_POINT('',(-4.33144124834893,-21.5693907357649,131.));
#9672=CARTESIAN_POINT('',(-2.54586287147322,-21.852198567642,131.));
#9673=CARTESIAN_POINT('Origin',(0.,0.,131.));
#9674=CARTESIAN_POINT('',(-2.54586287147322,-21.852198567642,147.));
#9675=CARTESIAN_POINT('',(-2.54586287147322,-21.852198567642,129.));
#9676=CARTESIAN_POINT('',(-4.33144124834893,-21.5693907357649,147.));
#9677=CARTESIAN_POINT('Origin',(0.,0.,147.));
#9678=CARTESIAN_POINT('',(-4.33144124834893,-21.5693907357649,129.));
#9679=CARTESIAN_POINT('Origin',(0.,0.,149.));
#9680=CARTESIAN_POINT('',(-10.7847537198568,-19.1752206558891,131.));
#9681=CARTESIAN_POINT('',(-9.17396019536591,-19.995960950498,131.));
#9682=CARTESIAN_POINT('Origin',(0.,0.,131.));
#9683=CARTESIAN_POINT('',(-9.17396019536591,-19.995960950498,147.));
#9684=CARTESIAN_POINT('',(-9.17396019536591,-19.995960950498,129.));
#9685=CARTESIAN_POINT('',(-10.7847537198568,-19.1752206558891,147.));
#9686=CARTESIAN_POINT('Origin',(0.,0.,147.));
#9687=CARTESIAN_POINT('',(-10.7847537198568,-19.1752206558891,129.));
#9688=CARTESIAN_POINT('Origin',(0.,0.,149.));
#9689=CARTESIAN_POINT('',(-19.9959609504982,-9.17396019536556,131.));
#9690=CARTESIAN_POINT('',(-19.1752206558893,-10.7847537198564,131.));
#9691=CARTESIAN_POINT('Origin',(0.,0.,131.));
#9692=CARTESIAN_POINT('',(-19.1752206558893,-10.7847537198564,147.));
#9693=CARTESIAN_POINT('',(-19.1752206558893,-10.7847537198564,129.));
#9694=CARTESIAN_POINT('',(-19.9959609504982,-9.17396019536556,147.));
#9695=CARTESIAN_POINT('Origin',(0.,0.,147.));
#9696=CARTESIAN_POINT('',(-19.9959609504982,-9.17396019536556,129.));
#9697=CARTESIAN_POINT('Origin',(0.,0.,149.));
#9698=CARTESIAN_POINT('',(-14.9040463765968,-16.1823793554672,147.));
#9699=CARTESIAN_POINT('',(-16.1823793554675,-14.9040463765965,147.));
#9700=CARTESIAN_POINT('Origin',(0.,0.,147.));
#9701=CARTESIAN_POINT('',(-16.1823793554675,-14.9040463765965,131.));
#9702=CARTESIAN_POINT('',(-16.1823793554675,-14.9040463765965,129.));
#9703=CARTESIAN_POINT('',(-14.9040463765968,-16.1823793554672,131.));
#9704=CARTESIAN_POINT('Origin',(0.,0.,131.));
#9705=CARTESIAN_POINT('',(-14.9040463765968,-16.1823793554672,129.));
#9706=CARTESIAN_POINT('Origin',(0.,0.,149.));
#9707=CARTESIAN_POINT('',(-21.852198567642,-2.54586287147299,131.));
#9708=CARTESIAN_POINT('',(-21.569390735765,-4.33144124834855,131.));
#9709=CARTESIAN_POINT('Origin',(0.,0.,131.));
#9710=CARTESIAN_POINT('',(-21.569390735765,-4.33144124834855,147.));
#9711=CARTESIAN_POINT('',(-21.569390735765,-4.33144124834855,129.));
#9712=CARTESIAN_POINT('',(-21.852198567642,-2.54586287147299,147.));
#9713=CARTESIAN_POINT('Origin',(0.,0.,147.));
#9714=CARTESIAN_POINT('',(-21.852198567642,-2.54586287147299,129.));
#9715=CARTESIAN_POINT('Origin',(0.,0.,149.));
#9716=CARTESIAN_POINT('',(-21.5693907357649,4.331441248349,131.));
#9717=CARTESIAN_POINT('',(-21.852198567642,2.54586287147345,131.));
#9718=CARTESIAN_POINT('Origin',(0.,0.,131.));
#9719=CARTESIAN_POINT('',(-21.852198567642,2.54586287147345,147.));
#9720=CARTESIAN_POINT('',(-21.852198567642,2.54586287147345,129.));
#9721=CARTESIAN_POINT('',(-21.5693907357649,4.331441248349,147.));
#9722=CARTESIAN_POINT('Origin',(0.,0.,147.));
#9723=CARTESIAN_POINT('',(-21.5693907357649,4.331441248349,129.));
#9724=CARTESIAN_POINT('Origin',(0.,0.,149.));
#9725=CARTESIAN_POINT('',(-19.175220655889,10.7847537198569,131.));
#9726=CARTESIAN_POINT('',(-19.995960950498,9.17396019536598,131.));
#9727=CARTESIAN_POINT('Origin',(0.,0.,131.));
#9728=CARTESIAN_POINT('',(-19.995960950498,9.17396019536598,147.));
#9729=CARTESIAN_POINT('',(-19.995960950498,9.17396019536598,129.));
#9730=CARTESIAN_POINT('',(-19.175220655889,10.7847537198569,147.));
#9731=CARTESIAN_POINT('Origin',(0.,0.,147.));
#9732=CARTESIAN_POINT('',(-19.175220655889,10.7847537198569,129.));
#9733=CARTESIAN_POINT('Origin',(0.,0.,149.));
#9734=CARTESIAN_POINT('',(-14.9040463765965,16.1823793554675,131.));
#9735=CARTESIAN_POINT('',(-16.1823793554671,14.9040463765969,131.));
#9736=CARTESIAN_POINT('Origin',(0.,0.,131.));
#9737=CARTESIAN_POINT('',(-16.1823793554671,14.9040463765969,147.));
#9738=CARTESIAN_POINT('',(-16.1823793554671,14.9040463765969,129.));
#9739=CARTESIAN_POINT('',(-14.9040463765965,16.1823793554675,147.));
#9740=CARTESIAN_POINT('Origin',(0.,0.,147.));
#9741=CARTESIAN_POINT('',(-14.9040463765965,16.1823793554675,129.));
#9742=CARTESIAN_POINT('Origin',(0.,0.,149.));
#9743=CARTESIAN_POINT('',(-9.17396019536549,19.9959609504982,131.));
#9744=CARTESIAN_POINT('',(-10.7847537198564,19.1752206558893,131.));
#9745=CARTESIAN_POINT('Origin',(0.,0.,131.));
#9746=CARTESIAN_POINT('',(-10.7847537198564,19.1752206558893,147.));
#9747=CARTESIAN_POINT('',(-10.7847537198564,19.1752206558893,129.));
#9748=CARTESIAN_POINT('',(-9.17396019536549,19.9959609504982,147.));
#9749=CARTESIAN_POINT('Origin',(0.,0.,147.));
#9750=CARTESIAN_POINT('',(-9.17396019536549,19.9959609504982,129.));
#9751=CARTESIAN_POINT('Origin',(0.,0.,149.));
#9752=CARTESIAN_POINT('',(-2.54586287147322,21.852198567642,131.));
#9753=CARTESIAN_POINT('',(-4.33144124834847,21.569390735765,131.));
#9754=CARTESIAN_POINT('Origin',(0.,0.,131.));
#9755=CARTESIAN_POINT('',(-4.33144124834847,21.569390735765,147.));
#9756=CARTESIAN_POINT('',(-4.33144124834847,21.569390735765,129.));
#9757=CARTESIAN_POINT('',(-2.54586287147322,21.852198567642,147.));
#9758=CARTESIAN_POINT('Origin',(0.,0.,147.));
#9759=CARTESIAN_POINT('',(-2.54586287147322,21.852198567642,129.));
#9760=CARTESIAN_POINT('Origin',(0.,0.,149.));
#9761=CARTESIAN_POINT('',(9.17396019536577,19.9959609504981,147.));
#9762=CARTESIAN_POINT('',(10.7847537198566,19.1752206558892,147.));
#9763=CARTESIAN_POINT('Origin',(0.,0.,147.));
#9764=CARTESIAN_POINT('',(10.7847537198566,19.1752206558892,131.));
#9765=CARTESIAN_POINT('',(10.7847537198566,19.1752206558892,129.));
#9766=CARTESIAN_POINT('',(9.17396019536577,19.9959609504981,131.));
#9767=CARTESIAN_POINT('Origin',(0.,0.,131.));
#9768=CARTESIAN_POINT('',(9.17396019536577,19.9959609504981,129.));
#9769=CARTESIAN_POINT('Origin',(0.,0.,131.));
#9770=CARTESIAN_POINT('Ctrl Pts',(19.1752206558892,10.7847537198566,131.));
#9771=CARTESIAN_POINT('Ctrl Pts',(19.042328121435,10.7802812551775,130.881978268102));
#9772=CARTESIAN_POINT('Ctrl Pts',(18.9099555803706,10.7727996893368,130.76319017598));
#9773=CARTESIAN_POINT('Ctrl Pts',(18.1853957395651,10.7154553621383,130.106042782137));
#9774=CARTESIAN_POINT('Ctrl Pts',(17.6059830698603,10.6085930445257,129.554542937721));
#9775=CARTESIAN_POINT('Ctrl Pts',(17.0528032870818,10.449971294319,129.));
#9776=CARTESIAN_POINT('Ctrl Pts',(18.4775906502258,7.65366864730172,129.));
#9777=CARTESIAN_POINT('Ctrl Pts',(18.9310692600041,8.00796496704975,129.554542937721));
#9778=CARTESIAN_POINT('Ctrl Pts',(19.3580929132548,8.41390756927867,130.106042782137));
#9779=CARTESIAN_POINT('Ctrl Pts',(19.8303710373183,8.96638264410203,130.76319017598));
#9780=CARTESIAN_POINT('Ctrl Pts',(19.914230378674,9.06907672534645,130.881978268102));
#9781=CARTESIAN_POINT('Ctrl Pts',(19.9959609504981,9.1739601953657,131.));
#9782=CARTESIAN_POINT('Origin',(0.,0.,131.));
#9783=CARTESIAN_POINT('Ctrl Pts',(15.2081193120007,12.9889609666036,129.));
#9784=CARTESIAN_POINT('Ctrl Pts',(15.5299195149841,13.4660493872064,129.554542937721));
#9785=CARTESIAN_POINT('Ctrl Pts',(15.8105999801909,13.9840813101526,130.106042782137));
#9786=CARTESIAN_POINT('Ctrl Pts',(16.0890389804961,14.6554582965611,130.76319017598));
#9787=CARTESIAN_POINT('Ctrl Pts',(16.1370597372185,14.7790401333296,130.881978268102));
#9788=CARTESIAN_POINT('Ctrl Pts',(16.1823793554673,14.9040463765967,131.));
#9789=CARTESIAN_POINT('Ctrl Pts',(14.9040463765967,16.1823793554673,131.));
#9790=CARTESIAN_POINT('Ctrl Pts',(14.7790401333296,16.1370597372184,130.881978268102));
#9791=CARTESIAN_POINT('Ctrl Pts',(14.6554582965612,16.0890389804961,130.76319017598));
#9792=CARTESIAN_POINT('Ctrl Pts',(13.9840813101526,15.8105999801908,130.106042782137));
#9793=CARTESIAN_POINT('Ctrl Pts',(13.4660493872064,15.5299195149841,129.554542937721));
#9794=CARTESIAN_POINT('Ctrl Pts',(12.9889609666037,15.2081193120006,129.));
#9795=CARTESIAN_POINT('Origin',(0.,0.,131.));
#9796=CARTESIAN_POINT('Ctrl Pts',(21.569390735765,4.33144124834869,131.));
#9797=CARTESIAN_POINT('Ctrl Pts',(21.4416203573127,4.36825373324363,130.881978268102));
#9798=CARTESIAN_POINT('Ctrl Pts',(21.3134146585656,4.40204370607623,130.76319017598));
#9799=CARTESIAN_POINT('Ctrl Pts',(20.6065969288864,4.57140731427205,130.106042782137));
#9800=CARTESIAN_POINT('Ctrl Pts',(20.0225204615391,4.64882357245519,129.554542937721));
#9801=CARTESIAN_POINT('Ctrl Pts',(19.4473984079535,4.66890727711808,129.));
#9802=CARTESIAN_POINT('Ctrl Pts',(19.9383466746626,1.5691819145568,129.));
#9803=CARTESIAN_POINT('Ctrl Pts',(20.4791140453393,1.76600514114554,129.554542937721));
#9804=CARTESIAN_POINT('Ctrl Pts',(21.0106808362051,2.02012193238261,130.106042782137));
#9805=CARTESIAN_POINT('Ctrl Pts',(21.6305682106883,2.39961498597689,130.76319017598));
#9806=CARTESIAN_POINT('Ctrl Pts',(21.7420574000632,2.47136889951333,130.881978268102));
#9807=CARTESIAN_POINT('Ctrl Pts',(21.852198567642,2.54586287147315,131.));
#9808=CARTESIAN_POINT('Origin',(0.,0.,131.));
#9809=CARTESIAN_POINT('Ctrl Pts',(21.852198567642,-2.54586287147329,131.));
#9810=CARTESIAN_POINT('Ctrl Pts',(21.7420574000631,-2.47136889951348,130.881978268102));
#9811=CARTESIAN_POINT('Ctrl Pts',(21.6305682106883,-2.39961498597704,130.76319017598));
#9812=CARTESIAN_POINT('Ctrl Pts',(21.0106808362051,-2.02012193238275,130.106042782137));
#9813=CARTESIAN_POINT('Ctrl Pts',(20.4791140453393,-1.76600514114567,129.554542937721));
#9814=CARTESIAN_POINT('Ctrl Pts',(19.9383466746625,-1.56918191455694,129.));
#9815=CARTESIAN_POINT('Ctrl Pts',(19.4473984079535,-4.66890727711822,129.));
#9816=CARTESIAN_POINT('Ctrl Pts',(20.0225204615391,-4.64882357245534,129.554542937721));
#9817=CARTESIAN_POINT('Ctrl Pts',(20.6065969288864,-4.57140731427219,130.106042782137));
#9818=CARTESIAN_POINT('Ctrl Pts',(21.3134146585656,-4.40204370607638,130.76319017598));
#9819=CARTESIAN_POINT('Ctrl Pts',(21.4416203573127,-4.36825373324379,130.881978268102));
#9820=CARTESIAN_POINT('Ctrl Pts',(21.5693907357649,-4.33144124834885,131.));
#9821=CARTESIAN_POINT('Origin',(0.,0.,131.));
#9822=CARTESIAN_POINT('Ctrl Pts',(1.56918191455687,-19.9383466746625,129.));
#9823=CARTESIAN_POINT('Ctrl Pts',(1.76600514114561,-20.4791140453393,129.554542937721));
#9824=CARTESIAN_POINT('Ctrl Pts',(2.02012193238268,-21.0106808362051,130.106042782137));
#9825=CARTESIAN_POINT('Ctrl Pts',(2.39961498597697,-21.6305682106883,130.76319017598));
#9826=CARTESIAN_POINT('Ctrl Pts',(2.47136889951341,-21.7420574000632,130.881978268102));
#9827=CARTESIAN_POINT('Ctrl Pts',(2.54586287147323,-21.852198567642,131.));
#9828=CARTESIAN_POINT('Origin',(0.,0.,131.));
#9829=CARTESIAN_POINT('Ctrl Pts',(7.65366864730164,-18.4775906502258,129.));
#9830=CARTESIAN_POINT('Ctrl Pts',(8.00796496704967,-18.9310692600041,129.554542937721));
#9831=CARTESIAN_POINT('Ctrl Pts',(8.41390756927859,-19.3580929132548,130.106042782137));
#9832=CARTESIAN_POINT('Ctrl Pts',(8.96638264410195,-19.8303710373183,130.76319017598));
#9833=CARTESIAN_POINT('Ctrl Pts',(9.06907672534637,-19.914230378674,130.881978268102));
#9834=CARTESIAN_POINT('Ctrl Pts',(9.17396019536562,-19.9959609504982,131.));
#9835=CARTESIAN_POINT('Ctrl Pts',(10.7847537198565,-19.1752206558892,131.));
#9836=CARTESIAN_POINT('Ctrl Pts',(10.7802812551774,-19.042328121435,130.881978268102));
#9837=CARTESIAN_POINT('Ctrl Pts',(10.7727996893367,-18.9099555803707,130.76319017598));
#9838=CARTESIAN_POINT('Ctrl Pts',(10.7154553621382,-18.1853957395651,130.106042782137));
#9839=CARTESIAN_POINT('Ctrl Pts',(10.6085930445257,-17.6059830698603,129.554542937721));
#9840=CARTESIAN_POINT('Ctrl Pts',(10.4499712943189,-17.0528032870819,129.));
#9841=CARTESIAN_POINT('Origin',(0.,0.,131.));
#9842=CARTESIAN_POINT('Ctrl Pts',(12.9889609666036,-15.2081193120007,129.));
#9843=CARTESIAN_POINT('Ctrl Pts',(13.4660493872063,-15.5299195149842,129.554542937721));
#9844=CARTESIAN_POINT('Ctrl Pts',(13.9840813101525,-15.8105999801909,130.106042782137));
#9845=CARTESIAN_POINT('Ctrl Pts',(14.6554582965611,-16.0890389804962,130.76319017598));
#9846=CARTESIAN_POINT('Ctrl Pts',(14.7790401333295,-16.1370597372185,130.881978268102));
#9847=CARTESIAN_POINT('Ctrl Pts',(14.9040463765966,-16.1823793554674,131.));
#9848=CARTESIAN_POINT('Ctrl Pts',(16.1823793554672,-14.9040463765968,131.));
#9849=CARTESIAN_POINT('Ctrl Pts',(16.1370597372183,-14.7790401333297,130.881978268102));
#9850=CARTESIAN_POINT('Ctrl Pts',(16.089038980496,-14.6554582965612,130.76319017598));
#9851=CARTESIAN_POINT('Ctrl Pts',(15.8105999801908,-13.9840813101527,130.106042782137));
#9852=CARTESIAN_POINT('Ctrl Pts',(15.529919514984,-13.4660493872065,129.554542937721));
#9853=CARTESIAN_POINT('Ctrl Pts',(15.2081193120006,-12.9889609666037,129.));
#9854=CARTESIAN_POINT('Origin',(0.,0.,131.));
#9855=CARTESIAN_POINT('Ctrl Pts',(17.0528032870818,-10.4499712943191,129.));
#9856=CARTESIAN_POINT('Ctrl Pts',(17.6059830698602,-10.6085930445259,129.554542937721));
#9857=CARTESIAN_POINT('Ctrl Pts',(18.185395739565,-10.7154553621384,130.106042782137));
#9858=CARTESIAN_POINT('Ctrl Pts',(18.9099555803706,-10.7727996893369,130.76319017598));
#9859=CARTESIAN_POINT('Ctrl Pts',(19.0423281214349,-10.7802812551776,130.881978268102));
#9860=CARTESIAN_POINT('Ctrl Pts',(19.1752206558891,-10.7847537198567,131.));
#9861=CARTESIAN_POINT('Ctrl Pts',(19.9959609504981,-9.17396019536584,131.));
#9862=CARTESIAN_POINT('Ctrl Pts',(19.9142303786739,-9.06907672534659,130.881978268102));
#9863=CARTESIAN_POINT('Ctrl Pts',(19.8303710373182,-8.96638264410217,130.76319017598));
#9864=CARTESIAN_POINT('Ctrl Pts',(19.3580929132547,-8.4139075692788,130.106042782137));
#9865=CARTESIAN_POINT('Ctrl Pts',(18.931069260004,-8.00796496704988,129.554542937721));
#9866=CARTESIAN_POINT('Ctrl Pts',(18.4775906502257,-7.65366864730184,129.));
#9867=CARTESIAN_POINT('Origin',(0.,0.,131.));
#9868=CARTESIAN_POINT('Ctrl Pts',(-2.54586287147322,-21.852198567642,131.));
#9869=CARTESIAN_POINT('Ctrl Pts',(-2.4713688995134,-21.7420574000631,130.881978268102));
#9870=CARTESIAN_POINT('Ctrl Pts',(-2.39961498597696,-21.6305682106883,130.76319017598));
#9871=CARTESIAN_POINT('Ctrl Pts',(-2.02012193238268,-21.0106808362051,130.106042782137));
#9872=CARTESIAN_POINT('Ctrl Pts',(-1.7660051411456,-20.4791140453393,129.554542937721));
#9873=CARTESIAN_POINT('Ctrl Pts',(-1.56918191455687,-19.9383466746625,129.));
#9874=CARTESIAN_POINT('Ctrl Pts',(-4.66890727711828,-19.4473984079535,129.));
#9875=CARTESIAN_POINT('Ctrl Pts',(-4.64882357245541,-20.022520461539,129.554542937721));
#9876=CARTESIAN_POINT('Ctrl Pts',(-4.57140731427227,-20.6065969288863,130.106042782137));
#9877=CARTESIAN_POINT('Ctrl Pts',(-4.40204370607646,-21.3134146585656,130.76319017598));
#9878=CARTESIAN_POINT('Ctrl Pts',(-4.36825373324386,-21.4416203573126,130.881978268102));
#9879=CARTESIAN_POINT('Ctrl Pts',(-4.33144124834893,-21.5693907357649,131.));
#9880=CARTESIAN_POINT('Origin',(0.,0.,131.));
#9881=CARTESIAN_POINT('Ctrl Pts',(-9.17396019536591,-19.995960950498,131.));
#9882=CARTESIAN_POINT('Ctrl Pts',(-9.06907672534666,-19.9142303786739,130.881978268102));
#9883=CARTESIAN_POINT('Ctrl Pts',(-8.96638264410224,-19.8303710373182,130.76319017598));
#9884=CARTESIAN_POINT('Ctrl Pts',(-8.41390756927887,-19.3580929132547,130.106042782137));
#9885=CARTESIAN_POINT('Ctrl Pts',(-8.00796496704994,-18.931069260004,129.554542937721));
#9886=CARTESIAN_POINT('Ctrl Pts',(-7.65366864730191,-18.4775906502257,129.));
#9887=CARTESIAN_POINT('Ctrl Pts',(-10.4499712943191,-17.0528032870817,129.));
#9888=CARTESIAN_POINT('Ctrl Pts',(-10.6085930445259,-17.6059830698602,129.554542937721));
#9889=CARTESIAN_POINT('Ctrl Pts',(-10.7154553621385,-18.185395739565,130.106042782137));
#9890=CARTESIAN_POINT('Ctrl Pts',(-10.772799689337,-18.9099555803705,130.76319017598));
#9891=CARTESIAN_POINT('Ctrl Pts',(-10.7802812551777,-19.0423281214348,130.881978268102));
#9892=CARTESIAN_POINT('Ctrl Pts',(-10.7847537198568,-19.1752206558891,131.));
#9893=CARTESIAN_POINT('Origin',(0.,0.,131.));
#9894=CARTESIAN_POINT('Ctrl Pts',(-19.1752206558893,-10.7847537198564,131.));
#9895=CARTESIAN_POINT('Ctrl Pts',(-19.042328121435,-10.7802812551773,130.881978268102));
#9896=CARTESIAN_POINT('Ctrl Pts',(-18.9099555803707,-10.7727996893366,130.76319017598));
#9897=CARTESIAN_POINT('Ctrl Pts',(-18.1853957395652,-10.7154553621381,130.106042782137));
#9898=CARTESIAN_POINT('Ctrl Pts',(-17.6059830698603,-10.6085930445256,129.554542937721));
#9899=CARTESIAN_POINT('Ctrl Pts',(-17.0528032870819,-10.4499712943188,129.));
#9900=CARTESIAN_POINT('Ctrl Pts',(-18.4775906502258,-7.65366864730159,129.));
#9901=CARTESIAN_POINT('Ctrl Pts',(-18.9310692600041,-8.00796496704961,129.554542937721));
#9902=CARTESIAN_POINT('Ctrl Pts',(-19.3580929132548,-8.41390756927853,130.106042782137));
#9903=CARTESIAN_POINT('Ctrl Pts',(-19.8303710373183,-8.96638264410189,130.76319017598));
#9904=CARTESIAN_POINT('Ctrl Pts',(-19.9142303786741,-9.06907672534632,130.881978268102));
#9905=CARTESIAN_POINT('Ctrl Pts',(-19.9959609504982,-9.17396019536557,131.));
#9906=CARTESIAN_POINT('Origin',(0.,0.,131.));
#9907=CARTESIAN_POINT('Ctrl Pts',(-15.2081193120008,-12.9889609666035,129.));
#9908=CARTESIAN_POINT('Ctrl Pts',(-15.5299195149842,-13.4660493872063,129.554542937721));
#9909=CARTESIAN_POINT('Ctrl Pts',(-15.810599980191,-13.9840813101524,130.106042782137));
#9910=CARTESIAN_POINT('Ctrl Pts',(-16.0890389804962,-14.655458296561,130.76319017598));
#9911=CARTESIAN_POINT('Ctrl Pts',(-16.1370597372186,-14.7790401333295,130.881978268102));
#9912=CARTESIAN_POINT('Ctrl Pts',(-16.1823793554675,-14.9040463765966,131.));
#9913=CARTESIAN_POINT('Ctrl Pts',(-14.9040463765968,-16.1823793554672,131.));
#9914=CARTESIAN_POINT('Ctrl Pts',(-14.7790401333298,-16.1370597372183,130.881978268102));
#9915=CARTESIAN_POINT('Ctrl Pts',(-14.6554582965613,-16.0890389804959,130.76319017598));
#9916=CARTESIAN_POINT('Ctrl Pts',(-13.9840813101527,-15.8105999801907,130.106042782137));
#9917=CARTESIAN_POINT('Ctrl Pts',(-13.4660493872065,-15.529919514984,129.554542937721));
#9918=CARTESIAN_POINT('Ctrl Pts',(-12.9889609666038,-15.2081193120005,129.));
#9919=CARTESIAN_POINT('Origin',(0.,0.,131.));
#9920=CARTESIAN_POINT('Ctrl Pts',(-21.569390735765,-4.33144124834855,131.));
#9921=CARTESIAN_POINT('Ctrl Pts',(-21.4416203573127,-4.36825373324349,130.881978268102));
#9922=CARTESIAN_POINT('Ctrl Pts',(-21.3134146585656,-4.40204370607609,130.76319017598));
#9923=CARTESIAN_POINT('Ctrl Pts',(-20.6065969288864,-4.57140731427191,130.106042782137));
#9924=CARTESIAN_POINT('Ctrl Pts',(-20.0225204615391,-4.64882357245506,129.554542937721));
#9925=CARTESIAN_POINT('Ctrl Pts',(-19.4473984079536,-4.66890727711794,129.));
#9926=CARTESIAN_POINT('Ctrl Pts',(-19.9383466746626,-1.56918191455666,129.));
#9927=CARTESIAN_POINT('Ctrl Pts',(-20.4791140453393,-1.76600514114539,129.554542937721));
#9928=CARTESIAN_POINT('Ctrl Pts',(-21.0106808362051,-2.02012193238246,130.106042782137));
#9929=CARTESIAN_POINT('Ctrl Pts',(-21.6305682106883,-2.39961498597674,130.76319017598));
#9930=CARTESIAN_POINT('Ctrl Pts',(-21.7420574000632,-2.47136889951317,130.881978268102));
#9931=CARTESIAN_POINT('Ctrl Pts',(-21.852198567642,-2.54586287147299,131.));
#9932=CARTESIAN_POINT('Origin',(0.,0.,131.));
#9933=CARTESIAN_POINT('Ctrl Pts',(-21.852198567642,2.54586287147345,131.));
#9934=CARTESIAN_POINT('Ctrl Pts',(-21.7420574000631,2.47136889951363,130.881978268102));
#9935=CARTESIAN_POINT('Ctrl Pts',(-21.6305682106883,2.39961498597719,130.76319017598));
#9936=CARTESIAN_POINT('Ctrl Pts',(-21.0106808362051,2.0201219323829,130.106042782137));
#9937=CARTESIAN_POINT('Ctrl Pts',(-20.4791140453393,1.76600514114582,129.554542937721));
#9938=CARTESIAN_POINT('Ctrl Pts',(-19.9383466746625,1.56918191455708,129.));
#9939=CARTESIAN_POINT('Ctrl Pts',(-19.4473984079535,4.66890727711835,129.));
#9940=CARTESIAN_POINT('Ctrl Pts',(-20.022520461539,4.64882357245548,129.554542937721));
#9941=CARTESIAN_POINT('Ctrl Pts',(-20.6065969288863,4.57140731427234,130.106042782137));
#9942=CARTESIAN_POINT('Ctrl Pts',(-21.3134146585655,4.40204370607653,130.76319017598));
#9943=CARTESIAN_POINT('Ctrl Pts',(-21.4416203573126,4.36825373324393,130.881978268102));
#9944=CARTESIAN_POINT('Ctrl Pts',(-21.5693907357649,4.331441248349,131.));
#9945=CARTESIAN_POINT('Origin',(0.,0.,131.));
#9946=CARTESIAN_POINT('Ctrl Pts',(-19.995960950498,9.17396019536598,131.));
#9947=CARTESIAN_POINT('Ctrl Pts',(-19.9142303786739,9.06907672534673,130.881978268102));
#9948=CARTESIAN_POINT('Ctrl Pts',(-19.8303710373181,8.96638264410231,130.76319017598));
#9949=CARTESIAN_POINT('Ctrl Pts',(-19.3580929132547,8.41390756927894,130.106042782137));
#9950=CARTESIAN_POINT('Ctrl Pts',(-18.9310692600039,8.00796496705,129.554542937721));
#9951=CARTESIAN_POINT('Ctrl Pts',(-18.4775906502256,7.65366864730197,129.));
#9952=CARTESIAN_POINT('Ctrl Pts',(-17.0528032870817,10.4499712943192,129.));
#9953=CARTESIAN_POINT('Ctrl Pts',(-17.6059830698601,10.608593044526,129.554542937721));
#9954=CARTESIAN_POINT('Ctrl Pts',(-18.1853957395649,10.7154553621385,130.106042782137));
#9955=CARTESIAN_POINT('Ctrl Pts',(-18.9099555803705,10.772799689337,130.76319017598));
#9956=CARTESIAN_POINT('Ctrl Pts',(-19.0423281214348,10.7802812551777,130.881978268102));
#9957=CARTESIAN_POINT('Ctrl Pts',(-19.175220655889,10.7847537198569,131.));
#9958=CARTESIAN_POINT('Origin',(0.,0.,131.));
#9959=CARTESIAN_POINT('Ctrl Pts',(-16.1823793554671,14.9040463765969,131.));
#9960=CARTESIAN_POINT('Ctrl Pts',(-16.1370597372182,14.7790401333298,130.881978268102));
#9961=CARTESIAN_POINT('Ctrl Pts',(-16.0890389804959,14.6554582965613,130.76319017598));
#9962=CARTESIAN_POINT('Ctrl Pts',(-15.8105999801907,13.9840813101528,130.106042782137));
#9963=CARTESIAN_POINT('Ctrl Pts',(-15.5299195149839,13.4660493872066,129.554542937721));
#9964=CARTESIAN_POINT('Ctrl Pts',(-15.2081193120005,12.9889609666038,129.));
#9965=CARTESIAN_POINT('Ctrl Pts',(-12.9889609666034,15.2081193120008,129.));
#9966=CARTESIAN_POINT('Ctrl Pts',(-13.4660493872062,15.5299195149843,129.554542937721));
#9967=CARTESIAN_POINT('Ctrl Pts',(-13.9840813101524,15.810599980191,130.106042782137));
#9968=CARTESIAN_POINT('Ctrl Pts',(-14.6554582965609,16.0890389804963,130.76319017598));
#9969=CARTESIAN_POINT('Ctrl Pts',(-14.7790401333294,16.1370597372186,130.881978268102));
#9970=CARTESIAN_POINT('Ctrl Pts',(-14.9040463765965,16.1823793554675,131.));
#9971=CARTESIAN_POINT('Origin',(0.,0.,131.));
#9972=CARTESIAN_POINT('Ctrl Pts',(-10.7847537198564,19.1752206558893,131.));
#9973=CARTESIAN_POINT('Ctrl Pts',(-10.7802812551772,19.0423281214351,130.881978268102));
#9974=CARTESIAN_POINT('Ctrl Pts',(-10.7727996893366,18.9099555803708,130.76319017598));
#9975=CARTESIAN_POINT('Ctrl Pts',(-10.7154553621381,18.1853957395652,130.106042782137));
#9976=CARTESIAN_POINT('Ctrl Pts',(-10.6085930445255,17.6059830698604,129.554542937721));
#9977=CARTESIAN_POINT('Ctrl Pts',(-10.4499712943188,17.052803287082,129.));
#9978=CARTESIAN_POINT('Ctrl Pts',(-7.65366864730152,18.4775906502258,129.));
#9979=CARTESIAN_POINT('Ctrl Pts',(-8.00796496704954,18.9310692600041,129.554542937721));
#9980=CARTESIAN_POINT('Ctrl Pts',(-8.41390756927846,19.3580929132549,130.106042782137));
#9981=CARTESIAN_POINT('Ctrl Pts',(-8.96638264410182,19.8303710373184,130.76319017598));
#9982=CARTESIAN_POINT('Ctrl Pts',(-9.06907672534625,19.9142303786741,130.881978268102));
#9983=CARTESIAN_POINT('Ctrl Pts',(-9.1739601953655,19.9959609504982,131.));
#9984=CARTESIAN_POINT('Origin',(0.,0.,131.));
#9985=CARTESIAN_POINT('Ctrl Pts',(-4.33144124834847,21.569390735765,131.));
#9986=CARTESIAN_POINT('Ctrl Pts',(-4.36825373324341,21.4416203573127,130.881978268102));
#9987=CARTESIAN_POINT('Ctrl Pts',(-4.40204370607601,21.3134146585657,130.76319017598));
#9988=CARTESIAN_POINT('Ctrl Pts',(-4.57140731427183,20.6065969288864,130.106042782137));
#9989=CARTESIAN_POINT('Ctrl Pts',(-4.64882357245499,20.0225204615391,129.554542937721));
#9990=CARTESIAN_POINT('Ctrl Pts',(-4.66890727711788,19.4473984079536,129.));
#9991=CARTESIAN_POINT('Ctrl Pts',(-1.56918191455687,19.9383466746625,129.));
#9992=CARTESIAN_POINT('Ctrl Pts',(-1.76600514114561,20.4791140453393,129.554542937721));
#9993=CARTESIAN_POINT('Ctrl Pts',(-2.02012193238268,21.0106808362051,130.106042782137));
#9994=CARTESIAN_POINT('Ctrl Pts',(-2.39961498597697,21.6305682106883,130.76319017598));
#9995=CARTESIAN_POINT('Ctrl Pts',(-2.47136889951341,21.7420574000632,130.881978268102));
#9996=CARTESIAN_POINT('Ctrl Pts',(-2.54586287147322,21.852198567642,131.));
#9997=CARTESIAN_POINT('Origin',(0.,0.,131.));
#9998=CARTESIAN_POINT('Ctrl Pts',(10.449971294319,17.0528032870818,129.));
#9999=CARTESIAN_POINT('Ctrl Pts',(10.6085930445258,17.6059830698602,129.554542937721));
#10000=CARTESIAN_POINT('Ctrl Pts',(10.7154553621383,18.1853957395651,130.106042782137));
#10001=CARTESIAN_POINT('Ctrl Pts',(10.7727996893368,18.9099555803706,130.76319017598));
#10002=CARTESIAN_POINT('Ctrl Pts',(10.7802812551775,19.0423281214349,130.881978268102));
#10003=CARTESIAN_POINT('Ctrl Pts',(10.7847537198566,19.1752206558892,131.));
#10004=CARTESIAN_POINT('Ctrl Pts',(9.17396019536577,19.9959609504981,131.));
#10005=CARTESIAN_POINT('Ctrl Pts',(9.06907672534652,19.914230378674,130.881978268102));
#10006=CARTESIAN_POINT('Ctrl Pts',(8.9663826441021,19.8303710373182,130.76319017598));
#10007=CARTESIAN_POINT('Ctrl Pts',(8.41390756927873,19.3580929132548,130.106042782137));
#10008=CARTESIAN_POINT('Ctrl Pts',(8.00796496704981,18.931069260004,129.554542937721));
#10009=CARTESIAN_POINT('Ctrl Pts',(7.65366864730178,18.4775906502257,129.));
#10010=CARTESIAN_POINT('Origin',(0.,0.,149.));
#10011=CARTESIAN_POINT('Ctrl Pts',(17.0528032870819,10.449971294319,149.));
#10012=CARTESIAN_POINT('Ctrl Pts',(17.6059830698603,10.6085930445257,148.445457062279));
#10013=CARTESIAN_POINT('Ctrl Pts',(18.1853957395651,10.7154553621383,147.893957217863));
#10014=CARTESIAN_POINT('Ctrl Pts',(18.9099555803706,10.7727996893368,147.23680982402));
#10015=CARTESIAN_POINT('Ctrl Pts',(19.042328121435,10.7802812551775,147.118021731898));
#10016=CARTESIAN_POINT('Ctrl Pts',(19.1752206558892,10.7847537198566,147.));
#10017=CARTESIAN_POINT('Ctrl Pts',(19.9959609504981,9.1739601953657,147.));
#10018=CARTESIAN_POINT('Ctrl Pts',(19.914230378674,9.06907672534645,147.118021731898));
#10019=CARTESIAN_POINT('Ctrl Pts',(19.8303710373183,8.96638264410203,147.23680982402));
#10020=CARTESIAN_POINT('Ctrl Pts',(19.3580929132548,8.41390756927867,147.893957217863));
#10021=CARTESIAN_POINT('Ctrl Pts',(18.931069260004,8.00796496704975,148.445457062279));
#10022=CARTESIAN_POINT('Ctrl Pts',(18.4775906502258,7.65366864730172,149.));
#10023=CARTESIAN_POINT('Origin',(0.,0.,149.));
#10024=CARTESIAN_POINT('Ctrl Pts',(16.1823793554673,14.9040463765967,147.));
#10025=CARTESIAN_POINT('Ctrl Pts',(16.1370597372184,14.7790401333296,147.118021731898));
#10026=CARTESIAN_POINT('Ctrl Pts',(16.0890389804961,14.6554582965611,147.23680982402));
#10027=CARTESIAN_POINT('Ctrl Pts',(15.8105999801909,13.9840813101526,147.893957217863));
#10028=CARTESIAN_POINT('Ctrl Pts',(15.5299195149841,13.4660493872064,148.445457062279));
#10029=CARTESIAN_POINT('Ctrl Pts',(15.2081193120007,12.9889609666036,149.));
#10030=CARTESIAN_POINT('Ctrl Pts',(12.9889609666037,15.2081193120006,149.));
#10031=CARTESIAN_POINT('Ctrl Pts',(13.4660493872064,15.5299195149841,148.445457062279));
#10032=CARTESIAN_POINT('Ctrl Pts',(13.9840813101526,15.8105999801908,147.893957217863));
#10033=CARTESIAN_POINT('Ctrl Pts',(14.6554582965612,16.089038980496,147.23680982402));
#10034=CARTESIAN_POINT('Ctrl Pts',(14.7790401333296,16.1370597372184,147.118021731898));
#10035=CARTESIAN_POINT('Ctrl Pts',(14.9040463765967,16.1823793554673,147.));
#10036=CARTESIAN_POINT('Origin',(0.,0.,149.));
#10037=CARTESIAN_POINT('Ctrl Pts',(19.4473984079535,4.66890727711807,149.));
#10038=CARTESIAN_POINT('Ctrl Pts',(20.0225204615391,4.64882357245519,148.445457062279));
#10039=CARTESIAN_POINT('Ctrl Pts',(20.6065969288864,4.57140731427205,147.893957217863));
#10040=CARTESIAN_POINT('Ctrl Pts',(21.3134146585656,4.40204370607623,147.23680982402));
#10041=CARTESIAN_POINT('Ctrl Pts',(21.4416203573127,4.36825373324363,147.118021731898));
#10042=CARTESIAN_POINT('Ctrl Pts',(21.569390735765,4.3314412483487,147.));
#10043=CARTESIAN_POINT('Ctrl Pts',(21.852198567642,2.54586287147315,147.));
#10044=CARTESIAN_POINT('Ctrl Pts',(21.7420574000632,2.47136889951333,147.118021731898));
#10045=CARTESIAN_POINT('Ctrl Pts',(21.6305682106883,2.39961498597689,147.23680982402));
#10046=CARTESIAN_POINT('Ctrl Pts',(21.0106808362051,2.02012193238261,147.893957217863));
#10047=CARTESIAN_POINT('Ctrl Pts',(20.4791140453393,1.76600514114554,148.445457062279));
#10048=CARTESIAN_POINT('Ctrl Pts',(19.9383466746626,1.56918191455681,149.));
#10049=CARTESIAN_POINT('Origin',(0.,0.,149.));
#10050=CARTESIAN_POINT('Ctrl Pts',(19.9383466746626,-1.56918191455695,149.));
#10051=CARTESIAN_POINT('Ctrl Pts',(20.4791140453393,-1.76600514114569,148.445457062279));
#10052=CARTESIAN_POINT('Ctrl Pts',(21.0106808362051,-2.02012193238276,147.893957217863));
#10053=CARTESIAN_POINT('Ctrl Pts',(21.6305682106883,-2.39961498597704,147.23680982402));
#10054=CARTESIAN_POINT('Ctrl Pts',(21.7420574000631,-2.47136889951348,147.118021731898));
#10055=CARTESIAN_POINT('Ctrl Pts',(21.852198567642,-2.5458628714733,147.));
#10056=CARTESIAN_POINT('Ctrl Pts',(21.5693907357649,-4.33144124834885,147.));
#10057=CARTESIAN_POINT('Ctrl Pts',(21.4416203573127,-4.36825373324378,147.118021731898));
#10058=CARTESIAN_POINT('Ctrl Pts',(21.3134146585656,-4.40204370607638,147.23680982402));
#10059=CARTESIAN_POINT('Ctrl Pts',(20.6065969288864,-4.57140731427219,147.893957217863));
#10060=CARTESIAN_POINT('Ctrl Pts',(20.0225204615391,-4.64882357245534,148.445457062279));
#10061=CARTESIAN_POINT('Ctrl Pts',(19.4473984079535,-4.66890727711821,149.));
#10062=CARTESIAN_POINT('Origin',(0.,0.,149.));
#10063=CARTESIAN_POINT('Ctrl Pts',(2.54586287147322,-21.852198567642,147.));
#10064=CARTESIAN_POINT('Ctrl Pts',(2.4713688995134,-21.7420574000631,147.118021731898));
#10065=CARTESIAN_POINT('Ctrl Pts',(2.39961498597697,-21.6305682106883,147.23680982402));
#10066=CARTESIAN_POINT('Ctrl Pts',(2.02012193238269,-21.0106808362051,147.893957217863));
#10067=CARTESIAN_POINT('Ctrl Pts',(1.76600514114561,-20.4791140453393,148.445457062279));
#10068=CARTESIAN_POINT('Ctrl Pts',(1.56918191455688,-19.9383466746626,149.));
#10069=CARTESIAN_POINT('Origin',(0.,0.,149.));
#10070=CARTESIAN_POINT('Ctrl Pts',(9.17396019536563,-19.9959609504982,147.));
#10071=CARTESIAN_POINT('Ctrl Pts',(9.06907672534638,-19.914230378674,147.118021731898));
#10072=CARTESIAN_POINT('Ctrl Pts',(8.96638264410195,-19.8303710373183,147.23680982402));
#10073=CARTESIAN_POINT('Ctrl Pts',(8.41390756927859,-19.3580929132548,147.893957217863));
#10074=CARTESIAN_POINT('Ctrl Pts',(8.00796496704967,-18.9310692600041,148.445457062279));
#10075=CARTESIAN_POINT('Ctrl Pts',(7.65366864730165,-18.4775906502258,149.));
#10076=CARTESIAN_POINT('Ctrl Pts',(10.4499712943189,-17.0528032870819,149.));
#10077=CARTESIAN_POINT('Ctrl Pts',(10.6085930445257,-17.6059830698603,148.445457062279));
#10078=CARTESIAN_POINT('Ctrl Pts',(10.7154553621382,-18.1853957395651,147.893957217863));
#10079=CARTESIAN_POINT('Ctrl Pts',(10.7727996893367,-18.9099555803707,147.23680982402));
#10080=CARTESIAN_POINT('Ctrl Pts',(10.7802812551774,-19.042328121435,147.118021731898));
#10081=CARTESIAN_POINT('Ctrl Pts',(10.7847537198565,-19.1752206558892,147.));
#10082=CARTESIAN_POINT('Origin',(0.,0.,149.));
#10083=CARTESIAN_POINT('Ctrl Pts',(14.9040463765966,-16.1823793554674,147.));
#10084=CARTESIAN_POINT('Ctrl Pts',(14.7790401333295,-16.1370597372185,147.118021731898));
#10085=CARTESIAN_POINT('Ctrl Pts',(14.6554582965611,-16.0890389804962,147.23680982402));
#10086=CARTESIAN_POINT('Ctrl Pts',(13.9840813101525,-15.8105999801909,147.893957217863));
#10087=CARTESIAN_POINT('Ctrl Pts',(13.4660493872063,-15.5299195149842,148.445457062279));
#10088=CARTESIAN_POINT('Ctrl Pts',(12.9889609666036,-15.2081193120007,149.));
#10089=CARTESIAN_POINT('Ctrl Pts',(15.2081193120006,-12.9889609666037,149.));
#10090=CARTESIAN_POINT('Ctrl Pts',(15.529919514984,-13.4660493872065,148.445457062279));
#10091=CARTESIAN_POINT('Ctrl Pts',(15.8105999801908,-13.9840813101527,147.893957217863));
#10092=CARTESIAN_POINT('Ctrl Pts',(16.089038980496,-14.6554582965612,147.23680982402));
#10093=CARTESIAN_POINT('Ctrl Pts',(16.1370597372183,-14.7790401333297,147.118021731898));
#10094=CARTESIAN_POINT('Ctrl Pts',(16.1823793554672,-14.9040463765968,147.));
#10095=CARTESIAN_POINT('Origin',(0.,0.,149.));
#10096=CARTESIAN_POINT('Ctrl Pts',(19.1752206558891,-10.7847537198567,147.));
#10097=CARTESIAN_POINT('Ctrl Pts',(19.0423281214349,-10.7802812551776,147.118021731898));
#10098=CARTESIAN_POINT('Ctrl Pts',(18.9099555803706,-10.7727996893369,147.23680982402));
#10099=CARTESIAN_POINT('Ctrl Pts',(18.185395739565,-10.7154553621384,147.893957217863));
#10100=CARTESIAN_POINT('Ctrl Pts',(17.6059830698602,-10.6085930445258,148.445457062279));
#10101=CARTESIAN_POINT('Ctrl Pts',(17.0528032870818,-10.4499712943191,149.));
#10102=CARTESIAN_POINT('Ctrl Pts',(18.4775906502257,-7.65366864730186,149.));
#10103=CARTESIAN_POINT('Ctrl Pts',(18.931069260004,-8.00796496704989,148.445457062279));
#10104=CARTESIAN_POINT('Ctrl Pts',(19.3580929132547,-8.41390756927881,147.893957217863));
#10105=CARTESIAN_POINT('Ctrl Pts',(19.8303710373182,-8.96638264410217,147.23680982402));
#10106=CARTESIAN_POINT('Ctrl Pts',(19.9142303786739,-9.06907672534659,147.118021731898));
#10107=CARTESIAN_POINT('Ctrl Pts',(19.9959609504981,-9.17396019536585,147.));
#10108=CARTESIAN_POINT('Origin',(0.,0.,149.));
#10109=CARTESIAN_POINT('Ctrl Pts',(-1.56918191455688,-19.9383466746626,
149.));
#10110=CARTESIAN_POINT('Ctrl Pts',(-1.76600514114562,-20.4791140453393,
148.445457062279));
#10111=CARTESIAN_POINT('Ctrl Pts',(-2.02012193238268,-21.0106808362051,
147.893957217863));
#10112=CARTESIAN_POINT('Ctrl Pts',(-2.39961498597696,-21.6305682106883,
147.23680982402));
#10113=CARTESIAN_POINT('Ctrl Pts',(-2.47136889951341,-21.7420574000632,
147.118021731898));
#10114=CARTESIAN_POINT('Ctrl Pts',(-2.54586287147322,-21.852198567642,147.));
#10115=CARTESIAN_POINT('Ctrl Pts',(-4.33144124834893,-21.5693907357649,
147.));
#10116=CARTESIAN_POINT('Ctrl Pts',(-4.36825373324386,-21.4416203573126,
147.118021731898));
#10117=CARTESIAN_POINT('Ctrl Pts',(-4.40204370607646,-21.3134146585656,
147.23680982402));
#10118=CARTESIAN_POINT('Ctrl Pts',(-4.57140731427226,-20.6065969288864,
147.893957217863));
#10119=CARTESIAN_POINT('Ctrl Pts',(-4.64882357245541,-20.022520461539,148.445457062279));
#10120=CARTESIAN_POINT('Ctrl Pts',(-4.66890727711828,-19.4473984079535,
149.));
#10121=CARTESIAN_POINT('Origin',(0.,0.,149.));
#10122=CARTESIAN_POINT('Ctrl Pts',(-7.65366864730192,-18.4775906502257,
149.));
#10123=CARTESIAN_POINT('Ctrl Pts',(-8.00796496704995,-18.931069260004,148.445457062279));
#10124=CARTESIAN_POINT('Ctrl Pts',(-8.41390756927887,-19.3580929132547,
147.893957217863));
#10125=CARTESIAN_POINT('Ctrl Pts',(-8.96638264410224,-19.8303710373182,
147.23680982402));
#10126=CARTESIAN_POINT('Ctrl Pts',(-9.06907672534666,-19.9142303786739,
147.118021731898));
#10127=CARTESIAN_POINT('Ctrl Pts',(-9.17396019536591,-19.995960950498,147.));
#10128=CARTESIAN_POINT('Ctrl Pts',(-10.7847537198568,-19.1752206558891,
147.));
#10129=CARTESIAN_POINT('Ctrl Pts',(-10.7802812551777,-19.0423281214348,
147.118021731898));
#10130=CARTESIAN_POINT('Ctrl Pts',(-10.772799689337,-18.9099555803705,147.23680982402));
#10131=CARTESIAN_POINT('Ctrl Pts',(-10.7154553621385,-18.185395739565,147.893957217863));
#10132=CARTESIAN_POINT('Ctrl Pts',(-10.6085930445259,-17.6059830698602,
148.445457062279));
#10133=CARTESIAN_POINT('Ctrl Pts',(-10.4499712943191,-17.0528032870818,
149.));
#10134=CARTESIAN_POINT('Origin',(0.,0.,149.));
#10135=CARTESIAN_POINT('Ctrl Pts',(-17.0528032870819,-10.4499712943188,
149.));
#10136=CARTESIAN_POINT('Ctrl Pts',(-17.6059830698604,-10.6085930445256,
148.445457062279));
#10137=CARTESIAN_POINT('Ctrl Pts',(-18.1853957395652,-10.7154553621381,
147.893957217863));
#10138=CARTESIAN_POINT('Ctrl Pts',(-18.9099555803707,-10.7727996893366,
147.23680982402));
#10139=CARTESIAN_POINT('Ctrl Pts',(-19.042328121435,-10.7802812551773,147.118021731898));
#10140=CARTESIAN_POINT('Ctrl Pts',(-19.1752206558893,-10.7847537198564,
147.));
#10141=CARTESIAN_POINT('Ctrl Pts',(-19.9959609504982,-9.17396019536557,
147.));
#10142=CARTESIAN_POINT('Ctrl Pts',(-19.9142303786741,-9.06907672534632,
147.118021731898));
#10143=CARTESIAN_POINT('Ctrl Pts',(-19.8303710373183,-8.96638264410189,
147.23680982402));
#10144=CARTESIAN_POINT('Ctrl Pts',(-19.3580929132548,-8.41390756927854,
147.893957217863));
#10145=CARTESIAN_POINT('Ctrl Pts',(-18.9310692600041,-8.00796496704963,
148.445457062279));
#10146=CARTESIAN_POINT('Ctrl Pts',(-18.4775906502258,-7.6536686473016,149.));
#10147=CARTESIAN_POINT('Origin',(0.,0.,149.));
#10148=CARTESIAN_POINT('Ctrl Pts',(-16.1823793554675,-14.9040463765965,
147.));
#10149=CARTESIAN_POINT('Ctrl Pts',(-16.1370597372186,-14.7790401333295,
147.118021731898));
#10150=CARTESIAN_POINT('Ctrl Pts',(-16.0890389804962,-14.655458296561,147.23680982402));
#10151=CARTESIAN_POINT('Ctrl Pts',(-15.810599980191,-13.9840813101524,147.893957217863));
#10152=CARTESIAN_POINT('Ctrl Pts',(-15.5299195149842,-13.4660493872063,
148.445457062279));
#10153=CARTESIAN_POINT('Ctrl Pts',(-15.2081193120008,-12.9889609666035,
149.));
#10154=CARTESIAN_POINT('Ctrl Pts',(-12.9889609666038,-15.2081193120005,
149.));
#10155=CARTESIAN_POINT('Ctrl Pts',(-13.4660493872066,-15.529919514984,148.445457062279));
#10156=CARTESIAN_POINT('Ctrl Pts',(-13.9840813101527,-15.8105999801907,
147.893957217863));
#10157=CARTESIAN_POINT('Ctrl Pts',(-14.6554582965613,-16.0890389804959,
147.23680982402));
#10158=CARTESIAN_POINT('Ctrl Pts',(-14.7790401333298,-16.1370597372183,
147.118021731898));
#10159=CARTESIAN_POINT('Ctrl Pts',(-14.9040463765968,-16.1823793554672,
147.));
#10160=CARTESIAN_POINT('Origin',(0.,0.,149.));
#10161=CARTESIAN_POINT('Ctrl Pts',(-19.4473984079536,-4.66890727711794,
149.));
#10162=CARTESIAN_POINT('Ctrl Pts',(-20.0225204615391,-4.64882357245506,
148.445457062279));
#10163=CARTESIAN_POINT('Ctrl Pts',(-20.6065969288864,-4.5714073142719,147.893957217863));
#10164=CARTESIAN_POINT('Ctrl Pts',(-21.3134146585656,-4.40204370607609,
147.23680982402));
#10165=CARTESIAN_POINT('Ctrl Pts',(-21.4416203573127,-4.36825373324349,
147.118021731898));
#10166=CARTESIAN_POINT('Ctrl Pts',(-21.569390735765,-4.33144124834855,147.));
#10167=CARTESIAN_POINT('Ctrl Pts',(-21.852198567642,-2.54586287147299,147.));
#10168=CARTESIAN_POINT('Ctrl Pts',(-21.7420574000632,-2.47136889951318,
147.118021731898));
#10169=CARTESIAN_POINT('Ctrl Pts',(-21.6305682106883,-2.39961498597674,
147.23680982402));
#10170=CARTESIAN_POINT('Ctrl Pts',(-21.0106808362051,-2.02012193238246,
147.893957217863));
#10171=CARTESIAN_POINT('Ctrl Pts',(-20.4791140453393,-1.76600514114539,
148.445457062279));
#10172=CARTESIAN_POINT('Ctrl Pts',(-19.9383466746626,-1.56918191455667,
149.));
#10173=CARTESIAN_POINT('Origin',(0.,0.,149.));
#10174=CARTESIAN_POINT('Ctrl Pts',(-19.9383466746625,1.56918191455709,149.));
#10175=CARTESIAN_POINT('Ctrl Pts',(-20.4791140453393,1.76600514114583,148.445457062279));
#10176=CARTESIAN_POINT('Ctrl Pts',(-21.0106808362051,2.02012193238291,147.893957217863));
#10177=CARTESIAN_POINT('Ctrl Pts',(-21.6305682106883,2.39961498597719,147.23680982402));
#10178=CARTESIAN_POINT('Ctrl Pts',(-21.7420574000631,2.47136889951363,147.118021731898));
#10179=CARTESIAN_POINT('Ctrl Pts',(-21.8521985676419,2.54586287147345,147.));
#10180=CARTESIAN_POINT('Ctrl Pts',(-21.5693907357649,4.331441248349,147.));
#10181=CARTESIAN_POINT('Ctrl Pts',(-21.4416203573126,4.36825373324393,147.118021731898));
#10182=CARTESIAN_POINT('Ctrl Pts',(-21.3134146585655,4.40204370607653,147.23680982402));
#10183=CARTESIAN_POINT('Ctrl Pts',(-20.6065969288863,4.57140731427234,147.893957217863));
#10184=CARTESIAN_POINT('Ctrl Pts',(-20.022520461539,4.64882357245547,148.445457062279));
#10185=CARTESIAN_POINT('Ctrl Pts',(-19.4473984079535,4.66890727711835,149.));
#10186=CARTESIAN_POINT('Origin',(0.,0.,149.));
#10187=CARTESIAN_POINT('Ctrl Pts',(-18.4775906502257,7.65366864730199,149.));
#10188=CARTESIAN_POINT('Ctrl Pts',(-18.931069260004,8.00796496705002,148.445457062279));
#10189=CARTESIAN_POINT('Ctrl Pts',(-19.3580929132547,8.41390756927894,147.893957217863));
#10190=CARTESIAN_POINT('Ctrl Pts',(-19.8303710373181,8.96638264410231,147.23680982402));
#10191=CARTESIAN_POINT('Ctrl Pts',(-19.9142303786739,9.06907672534674,147.118021731898));
#10192=CARTESIAN_POINT('Ctrl Pts',(-19.995960950498,9.17396019536599,147.));
#10193=CARTESIAN_POINT('Ctrl Pts',(-19.175220655889,10.7847537198569,147.));
#10194=CARTESIAN_POINT('Ctrl Pts',(-19.0423281214348,10.7802812551777,147.118021731898));
#10195=CARTESIAN_POINT('Ctrl Pts',(-18.9099555803705,10.772799689337,147.23680982402));
#10196=CARTESIAN_POINT('Ctrl Pts',(-18.1853957395649,10.7154553621385,147.893957217863));
#10197=CARTESIAN_POINT('Ctrl Pts',(-17.6059830698601,10.608593044526,148.445457062279));
#10198=CARTESIAN_POINT('Ctrl Pts',(-17.0528032870817,10.4499712943192,149.));
#10199=CARTESIAN_POINT('Origin',(0.,0.,149.));
#10200=CARTESIAN_POINT('Ctrl Pts',(-15.2081193120005,12.9889609666038,149.));
#10201=CARTESIAN_POINT('Ctrl Pts',(-15.5299195149839,13.4660493872066,148.445457062279));
#10202=CARTESIAN_POINT('Ctrl Pts',(-15.8105999801907,13.9840813101528,147.893957217863));
#10203=CARTESIAN_POINT('Ctrl Pts',(-16.0890389804959,14.6554582965613,147.23680982402));
#10204=CARTESIAN_POINT('Ctrl Pts',(-16.1370597372182,14.7790401333298,147.118021731898));
#10205=CARTESIAN_POINT('Ctrl Pts',(-16.1823793554671,14.9040463765969,147.));
#10206=CARTESIAN_POINT('Ctrl Pts',(-14.9040463765965,16.1823793554675,147.));
#10207=CARTESIAN_POINT('Ctrl Pts',(-14.7790401333294,16.1370597372186,147.118021731898));
#10208=CARTESIAN_POINT('Ctrl Pts',(-14.6554582965609,16.0890389804963,147.23680982402));
#10209=CARTESIAN_POINT('Ctrl Pts',(-13.9840813101524,15.810599980191,147.893957217863));
#10210=CARTESIAN_POINT('Ctrl Pts',(-13.4660493872062,15.5299195149843,148.445457062279));
#10211=CARTESIAN_POINT('Ctrl Pts',(-12.9889609666035,15.2081193120008,149.));
#10212=CARTESIAN_POINT('Origin',(0.,0.,149.));
#10213=CARTESIAN_POINT('Ctrl Pts',(-10.4499712943188,17.052803287082,149.));
#10214=CARTESIAN_POINT('Ctrl Pts',(-10.6085930445255,17.6059830698604,148.445457062279));
#10215=CARTESIAN_POINT('Ctrl Pts',(-10.7154553621381,18.1853957395652,147.893957217863));
#10216=CARTESIAN_POINT('Ctrl Pts',(-10.7727996893366,18.9099555803708,147.23680982402));
#10217=CARTESIAN_POINT('Ctrl Pts',(-10.7802812551772,19.0423281214351,147.118021731898));
#10218=CARTESIAN_POINT('Ctrl Pts',(-10.7847537198564,19.1752206558893,147.));
#10219=CARTESIAN_POINT('Ctrl Pts',(-9.17396019536549,19.9959609504982,147.));
#10220=CARTESIAN_POINT('Ctrl Pts',(-9.06907672534624,19.9142303786741,147.118021731898));
#10221=CARTESIAN_POINT('Ctrl Pts',(-8.96638264410182,19.8303710373184,147.23680982402));
#10222=CARTESIAN_POINT('Ctrl Pts',(-8.41390756927846,19.3580929132549,147.893957217863));
#10223=CARTESIAN_POINT('Ctrl Pts',(-8.00796496704955,18.9310692600041,148.445457062279));
#10224=CARTESIAN_POINT('Ctrl Pts',(-7.65366864730153,18.4775906502258,149.));
#10225=CARTESIAN_POINT('Origin',(0.,0.,149.));
#10226=CARTESIAN_POINT('Ctrl Pts',(-4.66890727711788,19.4473984079536,149.));
#10227=CARTESIAN_POINT('Ctrl Pts',(-4.64882357245499,20.0225204615391,148.445457062279));
#10228=CARTESIAN_POINT('Ctrl Pts',(-4.57140731427183,20.6065969288865,147.893957217863));
#10229=CARTESIAN_POINT('Ctrl Pts',(-4.40204370607601,21.3134146585657,147.23680982402));
#10230=CARTESIAN_POINT('Ctrl Pts',(-4.36825373324341,21.4416203573127,147.118021731898));
#10231=CARTESIAN_POINT('Ctrl Pts',(-4.33144124834848,21.569390735765,147.));
#10232=CARTESIAN_POINT('Ctrl Pts',(-2.54586287147322,21.852198567642,147.));
#10233=CARTESIAN_POINT('Ctrl Pts',(-2.47136889951341,21.7420574000632,147.118021731898));
#10234=CARTESIAN_POINT('Ctrl Pts',(-2.39961498597697,21.6305682106883,147.23680982402));
#10235=CARTESIAN_POINT('Ctrl Pts',(-2.02012193238268,21.0106808362051,147.893957217863));
#10236=CARTESIAN_POINT('Ctrl Pts',(-1.76600514114561,20.4791140453393,148.445457062279));
#10237=CARTESIAN_POINT('Ctrl Pts',(-1.56918191455687,19.9383466746626,149.));
#10238=CARTESIAN_POINT('Origin',(0.,0.,149.));
#10239=CARTESIAN_POINT('Ctrl Pts',(10.7847537198566,19.1752206558892,147.));
#10240=CARTESIAN_POINT('Ctrl Pts',(10.7802812551775,19.0423281214349,147.118021731898));
#10241=CARTESIAN_POINT('Ctrl Pts',(10.7727996893368,18.9099555803706,147.23680982402));
#10242=CARTESIAN_POINT('Ctrl Pts',(10.7154553621383,18.1853957395651,147.893957217863));
#10243=CARTESIAN_POINT('Ctrl Pts',(10.6085930445258,17.6059830698602,148.445457062279));
#10244=CARTESIAN_POINT('Ctrl Pts',(10.449971294319,17.0528032870818,149.));
#10245=CARTESIAN_POINT('Ctrl Pts',(7.65366864730179,18.4775906502257,149.));
#10246=CARTESIAN_POINT('Ctrl Pts',(8.00796496704982,18.931069260004,148.445457062279));
#10247=CARTESIAN_POINT('Ctrl Pts',(8.41390756927873,19.3580929132548,147.893957217863));
#10248=CARTESIAN_POINT('Ctrl Pts',(8.9663826441021,19.8303710373182,147.23680982402));
#10249=CARTESIAN_POINT('Ctrl Pts',(9.06907672534652,19.914230378674,147.118021731898));
#10250=CARTESIAN_POINT('Ctrl Pts',(9.17396019536577,19.9959609504981,147.));
#10251=CARTESIAN_POINT('Origin',(0.,0.,149.));
#10252=CARTESIAN_POINT('',(2.54586287147322,21.852198567642,147.));
#10253=CARTESIAN_POINT('Origin',(0.,0.,147.));
#10254=CARTESIAN_POINT('',(2.54586287147322,21.852198567642,131.));
#10255=CARTESIAN_POINT('Origin',(0.,0.,131.));
#10256=CARTESIAN_POINT('',(2.54586287147322,21.852198567642,129.));
#10257=CARTESIAN_POINT('Origin',(9.81053037763095,16.9387411438881,129.));
#10258=CARTESIAN_POINT('Ctrl Pts',(2.54586287147322,21.852198567642,131.));
#10259=CARTESIAN_POINT('Ctrl Pts',(2.47136889951341,21.7420574000631,130.881978268102));
#10260=CARTESIAN_POINT('Ctrl Pts',(2.39961498597697,21.6305682106883,130.76319017598));
#10261=CARTESIAN_POINT('Ctrl Pts',(2.02012193238268,21.0106808362051,130.106042782137));
#10262=CARTESIAN_POINT('Ctrl Pts',(1.7660051411456,20.4791140453393,129.554542937721));
#10263=CARTESIAN_POINT('Ctrl Pts',(1.56918191455687,19.9383466746625,129.));
#10264=CARTESIAN_POINT('',(1.10703838375382,18.018873053695,129.));
#10265=CARTESIAN_POINT('Ctrl Pts',(1.56918191455688,19.9383466746626,149.));
#10266=CARTESIAN_POINT('Ctrl Pts',(1.76600514114562,20.4791140453393,148.445457062279));
#10267=CARTESIAN_POINT('Ctrl Pts',(2.02012193238269,21.0106808362051,147.893957217863));
#10268=CARTESIAN_POINT('Ctrl Pts',(2.39961498597697,21.6305682106883,147.23680982402));
#10269=CARTESIAN_POINT('Ctrl Pts',(2.4713688995134,21.7420574000631,147.118021731898));
#10270=CARTESIAN_POINT('Ctrl Pts',(2.54586287147322,21.852198567642,147.));
#10271=CARTESIAN_POINT('Origin',(0.,0.,129.));
#10272=CARTESIAN_POINT('',(0.494646853982468,17.4930078742864,129.));
#10273=CARTESIAN_POINT('',(-0.49464685398247,17.4930078742864,129.));
#10274=CARTESIAN_POINT('Origin',(-9.81053037763095,16.9387411438881,129.));
#10275=CARTESIAN_POINT('',(-1.10703838375382,18.018873053695,129.));
#10276=CARTESIAN_POINT('Origin',(0.511606174690439,18.0927681442619,129.));
#10277=CARTESIAN_POINT('Origin',(-0.51160617469044,18.0927681442619,129.));
#10278=CARTESIAN_POINT('Origin',(0.,0.,131.));
#10279=CARTESIAN_POINT('Origin',(0.,0.,149.));
#10280=CARTESIAN_POINT('Origin',(14.564727720737,13.0780795322119,129.));
#10281=CARTESIAN_POINT('',(6.62099406173449,16.7948729600064,129.));
#10282=CARTESIAN_POINT('Origin',(0.,0.,129.));
#10283=CARTESIAN_POINT('',(5.8760738296342,16.4839848443478,129.));
#10284=CARTESIAN_POINT('Origin',(4.09600996717817,19.1413207532512,129.));
#10285=CARTESIAN_POINT('',(-4.51528192441839,17.4790603080171,129.));
#10286=CARTESIAN_POINT('Origin',(0.,0.,129.));
#10287=CARTESIAN_POINT('',(-4.93519960214412,16.7896934125372,129.));
#10288=CARTESIAN_POINT('',(-5.87607382963397,16.4839848443479,129.));
#10289=CARTESIAN_POINT('Origin',(-14.5647277207368,13.0780795322121,129.));
#10290=CARTESIAN_POINT('',(-6.62099406173426,16.7948729600065,129.));
#10291=CARTESIAN_POINT('Origin',(-2.01945643744178,19.4702145218624,129.));
#10292=CARTESIAN_POINT('',(-9.69561497800973,15.2282753556164,129.));
#10293=CARTESIAN_POINT('Origin',(0.,0.,129.));
#10294=CARTESIAN_POINT('',(-9.88195433565553,14.4428867788963,129.));
#10295=CARTESIAN_POINT('',(-10.6823097578274,13.8613945271688,129.));
#10296=CARTESIAN_POINT('Origin',(-17.8932280361122,7.93724437558504,129.));
#10297=CARTESIAN_POINT('',(-11.4868407097742,13.926873684232,129.));
#10298=CARTESIAN_POINT('Origin',(-7.93724437558459,17.8932280361124,129.));
#10299=CARTESIAN_POINT('',(-13.9268736842317,11.4868407097745,129.));
#10300=CARTESIAN_POINT('Origin',(0.,0.,129.));
#10301=CARTESIAN_POINT('',(-13.8613945271686,10.6823097578277,129.));
#10302=CARTESIAN_POINT('',(-14.4428867788961,9.88195433565589,129.));
#10303=CARTESIAN_POINT('Origin',(-19.4702145218623,2.01945643744228,129.));
#10304=CARTESIAN_POINT('',(-15.2282753556161,9.69561497801011,129.));
#10305=CARTESIAN_POINT('Origin',(-13.0780795322118,14.5647277207372,129.));
#10306=CARTESIAN_POINT('',(-16.7948729600064,6.62099406173467,129.));
#10307=CARTESIAN_POINT('Origin',(0.,0.,129.));
#10308=CARTESIAN_POINT('',(-16.4839848443477,5.87607382963438,129.));
#10309=CARTESIAN_POINT('',(-16.7896934125371,4.93519960214453,129.));
#10310=CARTESIAN_POINT('Origin',(-19.1413207532513,-4.0960099671777,129.));
#10311=CARTESIAN_POINT('',(-17.479060308017,4.51528192441882,129.));
#10312=CARTESIAN_POINT('Origin',(-16.938741143888,9.81053037763113,129.));
#10313=CARTESIAN_POINT('',(-18.018873053695,1.10703838375401,129.));
#10314=CARTESIAN_POINT('Origin',(0.,0.,129.));
#10315=CARTESIAN_POINT('',(-17.4930078742864,0.494646853982652,129.));
#10316=CARTESIAN_POINT('',(-17.4930078742864,-0.494646853982288,129.));
#10317=CARTESIAN_POINT('Origin',(-16.9387411438882,-9.81053037763077,129.));
#10318=CARTESIAN_POINT('',(-18.018873053695,-1.10703838375364,129.));
#10319=CARTESIAN_POINT('Origin',(-19.1413207532512,4.0960099671781,129.));
#10320=CARTESIAN_POINT('',(-17.4790603080171,-4.51528192441845,129.));
#10321=CARTESIAN_POINT('Origin',(0.,0.,129.));
#10322=CARTESIAN_POINT('',(-16.7896934125372,-4.93519960214418,129.));
#10323=CARTESIAN_POINT('',(-16.4839848443479,-5.87607382963403,129.));
#10324=CARTESIAN_POINT('Origin',(-13.0780795322121,-14.5647277207369,129.));
#10325=CARTESIAN_POINT('',(-16.7948729600065,-6.62099406173432,129.));
#10326=CARTESIAN_POINT('Origin',(-17.8932280361123,-7.93724437558465,129.));
#10327=CARTESIAN_POINT('',(-11.4868407097745,-13.9268736842317,129.));
#10328=CARTESIAN_POINT('Origin',(0.,0.,129.));
#10329=CARTESIAN_POINT('',(-10.6823097578277,-13.8613945271686,129.));
#10330=CARTESIAN_POINT('',(-9.88195433565584,-14.4428867788961,129.));
#10331=CARTESIAN_POINT('Origin',(-2.01945643744221,-19.4702145218624,129.));
#10332=CARTESIAN_POINT('',(-9.69561497801006,-15.2282753556161,129.));
#10333=CARTESIAN_POINT('Origin',(-19.4702145218624,-2.01945643744185,129.));
#10334=CARTESIAN_POINT('',(-15.2282753556163,-9.69561497800978,129.));
#10335=CARTESIAN_POINT('Origin',(0.,0.,129.));
#10336=CARTESIAN_POINT('',(-14.4428867788963,-9.88195433565558,129.));
#10337=CARTESIAN_POINT('',(-13.8613945271688,-10.6823097578274,129.));
#10338=CARTESIAN_POINT('Origin',(-7.93724437558498,-17.8932280361122,129.));
#10339=CARTESIAN_POINT('',(-13.926873684232,-11.4868407097742,129.));
#10340=CARTESIAN_POINT('Origin',(-14.5647277207371,-13.0780795322118,129.));
#10341=CARTESIAN_POINT('',(-6.62099406173461,-16.7948729600064,129.));
#10342=CARTESIAN_POINT('Origin',(0.,0.,129.));
#10343=CARTESIAN_POINT('',(-5.87607382963432,-16.4839848443478,129.));
#10344=CARTESIAN_POINT('',(-4.93519960214447,-16.7896934125371,129.));
#10345=CARTESIAN_POINT('Origin',(4.09600996717777,-19.1413207532512,129.));
#10346=CARTESIAN_POINT('',(-4.51528192441876,-17.479060308017,129.));
#10347=CARTESIAN_POINT('Origin',(-9.81053037763095,-16.9387411438881,129.));
#10348=CARTESIAN_POINT('',(-1.10703838375382,-18.018873053695,129.));
#10349=CARTESIAN_POINT('Origin',(0.,0.,129.));
#10350=CARTESIAN_POINT('',(-0.494646853982468,-17.4930078742864,129.));
#10351=CARTESIAN_POINT('',(0.49464685398247,-17.4930078742864,129.));
#10352=CARTESIAN_POINT('Origin',(9.81053037763095,-16.9387411438881,129.));
#10353=CARTESIAN_POINT('',(1.10703838375382,-18.018873053695,129.));
#10354=CARTESIAN_POINT('Origin',(13.0780795322119,-14.5647277207371,129.));
#10355=CARTESIAN_POINT('Origin',(0.,0.,129.));
#10356=CARTESIAN_POINT('',(16.7896934125372,-4.93519960214441,129.));
#10357=CARTESIAN_POINT('Origin',(19.1413207532512,4.09600996717784,129.));
#10358=CARTESIAN_POINT('',(17.479060308017,-4.5152819244187,129.));
#10359=CARTESIAN_POINT('Origin',(7.93724437558472,-17.8932280361123,129.));
#10360=CARTESIAN_POINT('Origin',(0.,0.,129.));
#10361=CARTESIAN_POINT('',(14.4428867788962,-9.88195433565579,129.));
#10362=CARTESIAN_POINT('Origin',(19.4702145218624,-2.01945643744213,129.));
#10363=CARTESIAN_POINT('',(15.2282753556162,-9.69561497801,129.));
#10364=CARTESIAN_POINT('Origin',(2.01945643744193,-19.4702145218624,129.));
#10365=CARTESIAN_POINT('Origin',(0.,0.,129.));
#10366=CARTESIAN_POINT('',(10.6823097578275,-13.8613945271687,129.));
#10367=CARTESIAN_POINT('Origin',(17.8932280361122,-7.93724437558491,129.));
#10368=CARTESIAN_POINT('',(11.4868407097743,-13.9268736842319,129.));
#10369=CARTESIAN_POINT('Origin',(0.,0.,129.));
#10370=CARTESIAN_POINT('',(5.87607382963408,-16.4839848443478,129.));
#10371=CARTESIAN_POINT('Origin',(14.5647277207369,-13.078079532212,129.));
#10372=CARTESIAN_POINT('',(6.62099406173437,-16.7948729600065,129.));
#10373=CARTESIAN_POINT('Origin',(16.938741143888,-9.81053037763101,129.));
#10374=CARTESIAN_POINT('Origin',(16.9387411438881,9.81053037763089,129.));
#10375=CARTESIAN_POINT('Origin',(19.1413207532512,-4.09600996717797,129.));
#10376=CARTESIAN_POINT('',(17.4790603080171,4.51528192441857,129.));
#10377=CARTESIAN_POINT('Origin',(0.,0.,129.));
#10378=CARTESIAN_POINT('',(16.7896934125372,4.93519960214429,129.));
#10379=CARTESIAN_POINT('Origin',(13.078079532212,14.564727720737,129.));
#10380=CARTESIAN_POINT('Origin',(17.8932280361123,7.93724437558479,129.));
#10381=CARTESIAN_POINT('',(11.4868407097744,13.9268736842318,129.));
#10382=CARTESIAN_POINT('Origin',(0.,0.,129.));
#10383=CARTESIAN_POINT('',(10.6823097578276,13.8613945271687,129.));
#10384=CARTESIAN_POINT('Origin',(2.01945643744206,19.4702145218624,129.));
#10385=CARTESIAN_POINT('Origin',(19.4702145218624,2.01945643744199,129.));
#10386=CARTESIAN_POINT('',(15.2282753556163,9.69561497800989,129.));
#10387=CARTESIAN_POINT('Origin',(0.,0.,129.));
#10388=CARTESIAN_POINT('',(14.4428867788962,9.88195433565569,129.));
#10389=CARTESIAN_POINT('Origin',(7.93724437558485,17.8932280361122,129.));
#10390=CARTESIAN_POINT('Origin',(6.0775392180788,17.0491500390112,129.));
#10391=CARTESIAN_POINT('Origin',(11.048560378096,14.3366423395287,129.));
#10392=CARTESIAN_POINT('Origin',(14.9380714684584,10.2207641985925,129.));
#10393=CARTESIAN_POINT('Origin',(17.3653400438242,5.10440644564638,129.));
#10394=CARTESIAN_POINT('Origin',(17.3653400438241,-5.10440644564651,129.));
#10395=CARTESIAN_POINT('Origin',(14.9380714684583,-10.2207641985926,129.));
#10396=CARTESIAN_POINT('Origin',(11.0485603780959,-14.3366423395288,129.));
#10397=CARTESIAN_POINT('Origin',(6.07753921807868,-17.0491500390112,129.));
#10398=CARTESIAN_POINT('Origin',(-0.511606174690439,-18.0927681442619,129.));
#10399=CARTESIAN_POINT('Origin',(0.51160617469044,-18.0927681442619,129.));
#10400=CARTESIAN_POINT('Origin',(-6.07753921807892,-17.0491500390111,129.));
#10401=CARTESIAN_POINT('Origin',(-5.10440644564657,-17.3653400438241,129.));
#10402=CARTESIAN_POINT('Origin',(-11.0485603780961,-14.3366423395287,129.));
#10403=CARTESIAN_POINT('Origin',(-10.2207641985926,-14.9380714684583,129.));
#10404=CARTESIAN_POINT('Origin',(-14.9380714684585,-10.2207641985923,129.));
#10405=CARTESIAN_POINT('Origin',(-14.3366423395289,-11.0485603780958,129.));
#10406=CARTESIAN_POINT('Origin',(-17.3653400438242,-5.10440644564626,129.));
#10407=CARTESIAN_POINT('Origin',(-17.0491500390112,-6.07753921807863,129.));
#10408=CARTESIAN_POINT('Origin',(-18.0927681442619,0.511606174690629,129.));
#10409=CARTESIAN_POINT('Origin',(-18.0927681442619,-0.511606174690252,129.));
#10410=CARTESIAN_POINT('Origin',(-17.0491500390111,6.07753921807898,129.));
#10411=CARTESIAN_POINT('Origin',(-17.3653400438241,5.10440644564663,129.));
#10412=CARTESIAN_POINT('Origin',(-14.3366423395286,11.0485603780961,129.));
#10413=CARTESIAN_POINT('Origin',(-14.9380714684582,10.2207641985927,129.));
#10414=CARTESIAN_POINT('Origin',(-10.2207641985923,14.9380714684585,129.));
#10415=CARTESIAN_POINT('Origin',(-11.0485603780957,14.3366423395289,129.));
#10416=CARTESIAN_POINT('Origin',(-5.1044064456462,17.3653400438242,129.));
#10417=CARTESIAN_POINT('Origin',(-6.07753921807857,17.0491500390112,129.));
#10418=UNCERTAINTY_MEASURE_WITH_UNIT(LENGTH_MEASURE(0.01),#10422,
'DISTANCE_ACCURACY_VALUE',
'Maximum model space distance between geometric entities at asserted c
onnectivities');
#10419=UNCERTAINTY_MEASURE_WITH_UNIT(LENGTH_MEASURE(0.01),#10422,
'DISTANCE_ACCURACY_VALUE',
'Maximum model space distance between geometric entities at asserted c
onnectivities');
#10420=(
GEOMETRIC_REPRESENTATION_CONTEXT(3)
GLOBAL_UNCERTAINTY_ASSIGNED_CONTEXT((#10418))
GLOBAL_UNIT_ASSIGNED_CONTEXT((#10422,#10424,#10425))
REPRESENTATION_CONTEXT('','3D')
);
#10421=(
GEOMETRIC_REPRESENTATION_CONTEXT(3)
GLOBAL_UNCERTAINTY_ASSIGNED_CONTEXT((#10419))
GLOBAL_UNIT_ASSIGNED_CONTEXT((#10422,#10424,#10425))
REPRESENTATION_CONTEXT('','3D')
);
#10422=(
LENGTH_UNIT()
NAMED_UNIT(*)
SI_UNIT(.MILLI.,.METRE.)
);
#10423=(
LENGTH_UNIT()
NAMED_UNIT(*)
SI_UNIT($,.METRE.)
);
#10424=(
NAMED_UNIT(*)
PLANE_ANGLE_UNIT()
SI_UNIT($,.RADIAN.)
);
#10425=(
NAMED_UNIT(*)
SI_UNIT($,.STERADIAN.)
SOLID_ANGLE_UNIT()
);
#10426=SHAPE_DEFINITION_REPRESENTATION(#10427,#10428);
#10427=PRODUCT_DEFINITION_SHAPE('',$,#10430);
#10428=SHAPE_REPRESENTATION('',(#5930),#10420);
#10429=PRODUCT_DEFINITION_CONTEXT('part definition',#10434,'design');
#10430=PRODUCT_DEFINITION('2026-09-26-21-37-44-430',
'elbow small gear 2',#10431,#10429);
#10431=PRODUCT_DEFINITION_FORMATION('',$,#10436);
#10432=PRODUCT_RELATED_PRODUCT_CATEGORY('elbow small gear 2',
'elbow small gear 2',(#10436));
#10433=APPLICATION_PROTOCOL_DEFINITION('international standard',
'automotive_design',2009,#10434);
#10434=APPLICATION_CONTEXT(
'Core Data for Automotive Mechanical Design Process');
#10435=PRODUCT_CONTEXT('part definition',#10434,'mechanical');
#10436=PRODUCT('2026-09-26-21-37-44-430','elbow small gear 2',
'STEP AP203',(#10435));
#10437=PRESENTATION_STYLE_ASSIGNMENT((#10438));
#10438=SURFACE_STYLE_USAGE(.BOTH.,#10439);
#10439=SURFACE_SIDE_STYLE('',(#10440));
#10440=SURFACE_STYLE_FILL_AREA(#10441);
#10441=FILL_AREA_STYLE('Steel - Satin',(#10442));
#10442=FILL_AREA_STYLE_COLOUR('Steel - Satin',#10443);
#10443=COLOUR_RGB('Steel - Satin',0.627450980392157,0.627450980392157,0.627450980392157);
ENDSEC;
END-ISO-10303-21;
