ISO-10303-21;
HEADER;
/* Generated by software containing ST-Developer
 * from STEP Tools, Inc. (www.steptools.com) 
 */

FILE_DESCRIPTION(
/* description */ (''),
/* implementation_level */ '2;1');

FILE_NAME(
/* name */ 'elbow shaft support.step',
/* time_stamp */ '2026-09-26T21:36:53-07:00',
/* author */ (''),
/* organization */ (''),
/* preprocessor_version */ 'ST-DEVELOPER v20.2',
/* originating_system */ 'Autodesk Translation Framework v15.15.0.0',
/* authorisation */ '');

FILE_SCHEMA (('AUTOMOTIVE_DESIGN { 1 0 10303 214 3 1 1 }'));
ENDSEC;

DATA;
#10=MECHANICAL_DESIGN_GEOMETRIC_PRESENTATION_REPRESENTATION('',(#13),#2275);
#11=SHAPE_REPRESENTATION_RELATIONSHIP('SRR','None',#2282,#12);
#12=ADVANCED_BREP_SHAPE_REPRESENTATION('',(#14),#2274);
#13=STYLED_ITEM('',(#2291),#14);
#14=MANIFOLD_SOLID_BREP('Body5',#1273);
#15=CYLINDRICAL_SURFACE('',#1305,1.59999407223496);
#16=CYLINDRICAL_SURFACE('',#1322,1.59999407223496);
#17=CYLINDRICAL_SURFACE('',#1339,1.60000080952717);
#18=CYLINDRICAL_SURFACE('',#1358,1.60000080952717);
#19=CYLINDRICAL_SURFACE('',#1377,1.60000288438608);
#20=CYLINDRICAL_SURFACE('',#1391,1.60000288438608);
#21=CYLINDRICAL_SURFACE('',#1405,1.60000171251534);
#22=CYLINDRICAL_SURFACE('',#1418,1.60000171251534);
#23=FACE_BOUND('',#204,.T.);
#24=FACE_BOUND('',#205,.T.);
#25=FACE_BOUND('',#207,.T.);
#26=FACE_BOUND('',#208,.T.);
#27=FACE_BOUND('',#215,.T.);
#28=FACE_BOUND('',#216,.T.);
#29=FACE_BOUND('',#218,.T.);
#30=FACE_BOUND('',#219,.T.);
#31=FACE_BOUND('',#234,.T.);
#32=FACE_BOUND('',#235,.T.);
#33=FACE_BOUND('',#239,.T.);
#34=FACE_BOUND('',#240,.T.);
#35=FACE_BOUND('',#242,.T.);
#36=FACE_BOUND('',#244,.T.);
#37=FACE_BOUND('',#245,.T.);
#38=FACE_BOUND('',#249,.T.);
#39=FACE_BOUND('',#251,.T.);
#40=FACE_BOUND('',#252,.T.);
#41=CIRCLE('',#1288,1.59999407223496);
#42=CIRCLE('',#1289,1.60000080952717);
#43=CIRCLE('',#1291,1.59999407223496);
#44=CIRCLE('',#1292,1.60000080952717);
#45=CIRCLE('',#1299,1.60000288438608);
#46=CIRCLE('',#1300,1.60000171251534);
#47=CIRCLE('',#1302,1.60000171251534);
#48=CIRCLE('',#1303,1.60000288438608);
#49=CIRCLE('',#1306,1.59999407223496);
#50=CIRCLE('',#1307,1.59999407223496);
#51=CIRCLE('',#1308,1.59999407223496);
#52=CIRCLE('',#1309,1.59999407223496);
#53=CIRCLE('',#1310,1.59999407223496);
#54=CIRCLE('',#1311,1.59999407223496);
#55=CIRCLE('',#1312,1.59999407223496);
#56=CIRCLE('',#1313,1.59999407223496);
#57=CIRCLE('',#1314,1.59999407223496);
#58=CIRCLE('',#1315,1.59999407223496);
#59=CIRCLE('',#1316,1.59999407223496);
#60=CIRCLE('',#1317,1.59999407223496);
#61=CIRCLE('',#1318,1.59999407223496);
#62=CIRCLE('',#1319,1.59999407223496);
#63=CIRCLE('',#1320,1.59999407223496);
#64=CIRCLE('',#1321,1.59999407223496);
#65=CIRCLE('',#1323,1.59999407223496);
#66=CIRCLE('',#1324,1.59999407223496);
#67=CIRCLE('',#1325,1.59999407223496);
#68=CIRCLE('',#1326,1.59999407223496);
#69=CIRCLE('',#1327,1.59999407223496);
#70=CIRCLE('',#1328,1.59999407223496);
#71=CIRCLE('',#1329,1.59999407223496);
#72=CIRCLE('',#1330,1.59999407223496);
#73=CIRCLE('',#1331,1.59999407223496);
#74=CIRCLE('',#1332,1.59999407223496);
#75=CIRCLE('',#1333,1.59999407223496);
#76=CIRCLE('',#1334,1.59999407223496);
#77=CIRCLE('',#1335,1.59999407223496);
#78=CIRCLE('',#1336,1.59999407223496);
#79=CIRCLE('',#1337,1.59999407223496);
#80=CIRCLE('',#1338,1.59999407223496);
#81=CIRCLE('',#1340,1.60000080952717);
#82=CIRCLE('',#1341,1.60000080952717);
#83=CIRCLE('',#1342,1.60000080952717);
#84=CIRCLE('',#1343,1.60000080952717);
#85=CIRCLE('',#1344,1.60000080952717);
#86=CIRCLE('',#1345,1.60000080952717);
#87=CIRCLE('',#1346,1.60000080952717);
#88=CIRCLE('',#1347,1.60000080952717);
#89=CIRCLE('',#1348,1.60000080952717);
#90=CIRCLE('',#1349,1.60000080952717);
#91=CIRCLE('',#1350,1.60000080952717);
#92=CIRCLE('',#1351,1.60000080952717);
#93=CIRCLE('',#1352,1.60000080952717);
#94=CIRCLE('',#1353,1.60000080952717);
#95=CIRCLE('',#1354,1.60000080952717);
#96=CIRCLE('',#1355,1.60000080952717);
#97=CIRCLE('',#1356,1.60000080952717);
#98=CIRCLE('',#1357,1.60000080952717);
#99=CIRCLE('',#1359,1.60000080952717);
#100=CIRCLE('',#1360,1.60000080952717);
#101=CIRCLE('',#1361,1.60000080952717);
#102=CIRCLE('',#1362,1.60000080952717);
#103=CIRCLE('',#1363,1.60000080952717);
#104=CIRCLE('',#1364,1.60000080952717);
#105=CIRCLE('',#1365,1.60000080952717);
#106=CIRCLE('',#1366,1.60000080952717);
#107=CIRCLE('',#1367,1.60000080952717);
#108=CIRCLE('',#1368,1.60000080952717);
#109=CIRCLE('',#1369,1.60000080952717);
#110=CIRCLE('',#1370,1.60000080952717);
#111=CIRCLE('',#1371,1.60000080952717);
#112=CIRCLE('',#1372,1.60000080952717);
#113=CIRCLE('',#1373,1.60000080952717);
#114=CIRCLE('',#1374,1.60000080952717);
#115=CIRCLE('',#1375,1.60000080952717);
#116=CIRCLE('',#1376,1.60000080952717);
#117=CIRCLE('',#1378,1.60000288438608);
#118=CIRCLE('',#1379,1.60000288438608);
#119=CIRCLE('',#1380,1.60000288438608);
#120=CIRCLE('',#1381,1.60000288438608);
#121=CIRCLE('',#1382,1.60000288438608);
#122=CIRCLE('',#1383,1.60000288438608);
#123=CIRCLE('',#1384,1.60000288438608);
#124=CIRCLE('',#1385,1.60000288438608);
#125=CIRCLE('',#1386,1.60000288438608);
#126=CIRCLE('',#1387,1.60000288438608);
#127=CIRCLE('',#1388,1.60000288438608);
#128=CIRCLE('',#1389,1.60000288438608);
#129=CIRCLE('',#1390,1.60000288438608);
#130=CIRCLE('',#1392,1.60000288438608);
#131=CIRCLE('',#1393,1.60000288438608);
#132=CIRCLE('',#1394,1.60000288438608);
#133=CIRCLE('',#1395,1.60000288438608);
#134=CIRCLE('',#1396,1.60000288438608);
#135=CIRCLE('',#1397,1.60000288438608);
#136=CIRCLE('',#1398,1.60000288438608);
#137=CIRCLE('',#1399,1.60000288438608);
#138=CIRCLE('',#1400,1.60000288438608);
#139=CIRCLE('',#1401,1.60000288438608);
#140=CIRCLE('',#1402,1.60000288438608);
#141=CIRCLE('',#1403,1.60000288438608);
#142=CIRCLE('',#1404,1.60000288438608);
#143=CIRCLE('',#1406,1.60000171251534);
#144=CIRCLE('',#1407,1.60000171251534);
#145=CIRCLE('',#1408,1.60000171251534);
#146=CIRCLE('',#1409,1.60000171251534);
#147=CIRCLE('',#1410,1.60000171251534);
#148=CIRCLE('',#1411,1.60000171251534);
#149=CIRCLE('',#1412,1.60000171251534);
#150=CIRCLE('',#1413,1.60000171251534);
#151=CIRCLE('',#1414,1.60000171251534);
#152=CIRCLE('',#1415,1.60000171251534);
#153=CIRCLE('',#1416,1.60000171251534);
#154=CIRCLE('',#1417,1.60000171251534);
#155=CIRCLE('',#1419,1.60000171251534);
#156=CIRCLE('',#1420,1.60000171251534);
#157=CIRCLE('',#1421,1.60000171251534);
#158=CIRCLE('',#1422,1.60000171251534);
#159=CIRCLE('',#1423,1.60000171251534);
#160=CIRCLE('',#1424,1.60000171251534);
#161=CIRCLE('',#1425,1.60000171251534);
#162=CIRCLE('',#1426,1.60000171251534);
#163=CIRCLE('',#1427,1.60000171251534);
#164=CIRCLE('',#1428,1.60000171251534);
#165=CIRCLE('',#1429,1.60000171251534);
#166=CIRCLE('',#1430,1.60000171251534);
#167=FACE_OUTER_BOUND('',#203,.T.);
#168=FACE_OUTER_BOUND('',#206,.T.);
#169=FACE_OUTER_BOUND('',#209,.T.);
#170=FACE_OUTER_BOUND('',#210,.T.);
#171=FACE_OUTER_BOUND('',#211,.T.);
#172=FACE_OUTER_BOUND('',#212,.T.);
#173=FACE_OUTER_BOUND('',#213,.T.);
#174=FACE_OUTER_BOUND('',#214,.T.);
#175=FACE_OUTER_BOUND('',#217,.T.);
#176=FACE_OUTER_BOUND('',#220,.T.);
#177=FACE_OUTER_BOUND('',#221,.T.);
#178=FACE_OUTER_BOUND('',#222,.T.);
#179=FACE_OUTER_BOUND('',#223,.T.);
#180=FACE_OUTER_BOUND('',#224,.T.);
#181=FACE_OUTER_BOUND('',#225,.T.);
#182=FACE_OUTER_BOUND('',#226,.T.);
#183=FACE_OUTER_BOUND('',#227,.T.);
#184=FACE_OUTER_BOUND('',#228,.T.);
#185=FACE_OUTER_BOUND('',#229,.T.);
#186=FACE_OUTER_BOUND('',#230,.T.);
#187=FACE_OUTER_BOUND('',#231,.T.);
#188=FACE_OUTER_BOUND('',#232,.T.);
#189=FACE_OUTER_BOUND('',#233,.T.);
#190=FACE_OUTER_BOUND('',#236,.T.);
#191=FACE_OUTER_BOUND('',#237,.T.);
#192=FACE_OUTER_BOUND('',#238,.T.);
#193=FACE_OUTER_BOUND('',#241,.T.);
#194=FACE_OUTER_BOUND('',#243,.T.);
#195=FACE_OUTER_BOUND('',#246,.T.);
#196=FACE_OUTER_BOUND('',#247,.T.);
#197=FACE_OUTER_BOUND('',#248,.T.);
#198=FACE_OUTER_BOUND('',#250,.T.);
#199=FACE_OUTER_BOUND('',#253,.T.);
#200=FACE_OUTER_BOUND('',#254,.T.);
#201=FACE_OUTER_BOUND('',#255,.T.);
#202=FACE_OUTER_BOUND('',#256,.T.);
#203=EDGE_LOOP('',(#797,#798,#799,#800));
#204=EDGE_LOOP('',(#801));
#205=EDGE_LOOP('',(#802));
#206=EDGE_LOOP('',(#803,#804,#805,#806));
#207=EDGE_LOOP('',(#807));
#208=EDGE_LOOP('',(#808));
#209=EDGE_LOOP('',(#809,#810,#811,#812));
#210=EDGE_LOOP('',(#813,#814,#815,#816,#817,#818,#819,#820,#821,#822));
#211=EDGE_LOOP('',(#823,#824,#825,#826));
#212=EDGE_LOOP('',(#827,#828,#829,#830));
#213=EDGE_LOOP('',(#831,#832,#833,#834,#835,#836,#837,#838,#839,#840));
#214=EDGE_LOOP('',(#841,#842,#843,#844));
#215=EDGE_LOOP('',(#845));
#216=EDGE_LOOP('',(#846));
#217=EDGE_LOOP('',(#847,#848,#849,#850));
#218=EDGE_LOOP('',(#851));
#219=EDGE_LOOP('',(#852));
#220=EDGE_LOOP('',(#853,#854,#855,#856));
#221=EDGE_LOOP('',(#857,#858,#859,#860,#861,#862,#863,#864,#865,#866,#867,
#868,#869,#870,#871,#872,#873,#874,#875));
#222=EDGE_LOOP('',(#876,#877,#878,#879,#880,#881,#882,#883,#884,#885,#886,
#887,#888,#889,#890,#891,#892,#893,#894));
#223=EDGE_LOOP('',(#895,#896,#897,#898,#899,#900,#901,#902,#903,#904,#905,
#906,#907,#908,#909,#910,#911,#912,#913,#914,#915));
#224=EDGE_LOOP('',(#916,#917,#918,#919,#920,#921,#922,#923,#924,#925,#926,
#927,#928,#929,#930,#931,#932,#933,#934,#935,#936));
#225=EDGE_LOOP('',(#937,#938,#939,#940,#941,#942,#943,#944,#945,#946,#947,
#948,#949,#950,#951,#952));
#226=EDGE_LOOP('',(#953,#954,#955,#956,#957,#958,#959,#960,#961,#962,#963,
#964,#965,#966,#967,#968));
#227=EDGE_LOOP('',(#969,#970,#971,#972,#973,#974,#975,#976,#977,#978,#979,
#980,#981,#982,#983));
#228=EDGE_LOOP('',(#984,#985,#986,#987,#988,#989,#990,#991,#992,#993,#994,
#995,#996,#997,#998));
#229=EDGE_LOOP('',(#999,#1000,#1001,#1002,#1003,#1004,#1005,#1006,#1007,
#1008));
#230=EDGE_LOOP('',(#1009,#1010,#1011,#1012));
#231=EDGE_LOOP('',(#1013,#1014,#1015,#1016));
#232=EDGE_LOOP('',(#1017,#1018,#1019,#1020));
#233=EDGE_LOOP('',(#1021,#1022,#1023,#1024));
#234=EDGE_LOOP('',(#1025,#1026,#1027,#1028,#1029,#1030,#1031,#1032,#1033,
#1034,#1035,#1036,#1037,#1038,#1039,#1040));
#235=EDGE_LOOP('',(#1041,#1042,#1043,#1044,#1045,#1046,#1047,#1048,#1049,
#1050,#1051,#1052,#1053,#1054,#1055,#1056,#1057,#1058));
#236=EDGE_LOOP('',(#1059,#1060,#1061,#1062));
#237=EDGE_LOOP('',(#1063,#1064,#1065,#1066));
#238=EDGE_LOOP('',(#1067,#1068,#1069,#1070));
#239=EDGE_LOOP('',(#1071,#1072,#1073,#1074,#1075,#1076,#1077,#1078,#1079,
#1080,#1081,#1082,#1083,#1084,#1085,#1086,#1087,#1088));
#240=EDGE_LOOP('',(#1089,#1090,#1091,#1092,#1093,#1094,#1095,#1096,#1097,
#1098,#1099,#1100,#1101,#1102,#1103,#1104));
#241=EDGE_LOOP('',(#1105,#1106,#1107,#1108));
#242=EDGE_LOOP('',(#1109,#1110,#1111,#1112));
#243=EDGE_LOOP('',(#1113,#1114,#1115,#1116));
#244=EDGE_LOOP('',(#1117,#1118,#1119,#1120,#1121,#1122,#1123,#1124,#1125,
#1126,#1127,#1128));
#245=EDGE_LOOP('',(#1129,#1130,#1131,#1132,#1133,#1134,#1135,#1136,#1137,
#1138,#1139,#1140,#1141));
#246=EDGE_LOOP('',(#1142,#1143,#1144,#1145));
#247=EDGE_LOOP('',(#1146,#1147,#1148,#1149));
#248=EDGE_LOOP('',(#1150,#1151,#1152,#1153));
#249=EDGE_LOOP('',(#1154,#1155,#1156,#1157));
#250=EDGE_LOOP('',(#1158,#1159,#1160,#1161));
#251=EDGE_LOOP('',(#1162,#1163,#1164,#1165,#1166,#1167,#1168,#1169,#1170,
#1171,#1172,#1173));
#252=EDGE_LOOP('',(#1174,#1175,#1176,#1177,#1178,#1179,#1180,#1181,#1182,
#1183,#1184,#1185,#1186));
#253=EDGE_LOOP('',(#1187,#1188,#1189,#1190));
#254=EDGE_LOOP('',(#1191,#1192,#1193,#1194));
#255=EDGE_LOOP('',(#1195,#1196,#1197,#1198,#1199,#1200,#1201,#1202,#1203,
#1204));
#256=EDGE_LOOP('',(#1205,#1206,#1207,#1208));
#257=LINE('',#1859,#337);
#258=LINE('',#1861,#338);
#259=LINE('',#1863,#339);
#260=LINE('',#1864,#340);
#261=LINE('',#1872,#341);
#262=LINE('',#1874,#342);
#263=LINE('',#1876,#343);
#264=LINE('',#1877,#344);
#265=LINE('',#1884,#345);
#266=LINE('',#1886,#346);
#267=LINE('',#1887,#347);
#268=LINE('',#1889,#348);
#269=LINE('',#1891,#349);
#270=LINE('',#1893,#350);
#271=LINE('',#1895,#351);
#272=LINE('',#1897,#352);
#273=LINE('',#1899,#353);
#274=LINE('',#1900,#354);
#275=LINE('',#1902,#355);
#276=LINE('',#1906,#356);
#277=LINE('',#1908,#357);
#278=LINE('',#1910,#358);
#279=LINE('',#1911,#359);
#280=LINE('',#1914,#360);
#281=LINE('',#1916,#361);
#282=LINE('',#1918,#362);
#283=LINE('',#1920,#363);
#284=LINE('',#1922,#364);
#285=LINE('',#1924,#365);
#286=LINE('',#1926,#366);
#287=LINE('',#1928,#367);
#288=LINE('',#1929,#368);
#289=LINE('',#1932,#369);
#290=LINE('',#1933,#370);
#291=LINE('',#1940,#371);
#292=LINE('',#1941,#372);
#293=LINE('',#1948,#373);
#294=LINE('',#1949,#374);
#295=LINE('',#1952,#375);
#296=LINE('',#2012,#376);
#297=LINE('',#2020,#377);
#298=LINE('',#2080,#378);
#299=LINE('',#2096,#379);
#300=LINE('',#2136,#380);
#301=LINE('',#2152,#381);
#302=LINE('',#2190,#382);
#303=LINE('',#2204,#383);
#304=LINE('',#2206,#384);
#305=LINE('',#2208,#385);
#306=LINE('',#2210,#386);
#307=LINE('',#2212,#387);
#308=LINE('',#2213,#388);
#309=LINE('',#2217,#389);
#310=LINE('',#2219,#390);
#311=LINE('',#2221,#391);
#312=LINE('',#2222,#392);
#313=LINE('',#2225,#393);
#314=LINE('',#2226,#394);
#315=LINE('',#2229,#395);
#316=LINE('',#2230,#396);
#317=LINE('',#2233,#397);
#318=LINE('',#2234,#398);
#319=LINE('',#2237,#399);
#320=LINE('',#2238,#400);
#321=LINE('',#2241,#401);
#322=LINE('',#2243,#402);
#323=LINE('',#2244,#403);
#324=LINE('',#2247,#404);
#325=LINE('',#2248,#405);
#326=LINE('',#2250,#406);
#327=LINE('',#2252,#407);
#328=LINE('',#2253,#408);
#329=LINE('',#2255,#409);
#330=LINE('',#2256,#410);
#331=LINE('',#2259,#411);
#332=LINE('',#2260,#412);
#333=LINE('',#2263,#413);
#334=LINE('',#2264,#414);
#335=LINE('',#2266,#415);
#336=LINE('',#2268,#416);
#337=VECTOR('',#1453,10.);
#338=VECTOR('',#1454,10.);
#339=VECTOR('',#1455,10.);
#340=VECTOR('',#1456,10.);
#341=VECTOR('',#1463,10.);
#342=VECTOR('',#1464,10.);
#343=VECTOR('',#1465,10.);
#344=VECTOR('',#1466,10.);
#345=VECTOR('',#1473,10.);
#346=VECTOR('',#1474,10.);
#347=VECTOR('',#1475,10.);
#348=VECTOR('',#1478,10.);
#349=VECTOR('',#1479,10.);
#350=VECTOR('',#1480,10.);
#351=VECTOR('',#1481,10.);
#352=VECTOR('',#1482,10.);
#353=VECTOR('',#1483,10.);
#354=VECTOR('',#1484,10.);
#355=VECTOR('',#1487,10.);
#356=VECTOR('',#1490,10.);
#357=VECTOR('',#1491,10.);
#358=VECTOR('',#1492,10.);
#359=VECTOR('',#1493,10.);
#360=VECTOR('',#1496,10.);
#361=VECTOR('',#1497,10.);
#362=VECTOR('',#1498,10.);
#363=VECTOR('',#1499,10.);
#364=VECTOR('',#1500,10.);
#365=VECTOR('',#1501,10.);
#366=VECTOR('',#1502,10.);
#367=VECTOR('',#1503,10.);
#368=VECTOR('',#1504,10.);
#369=VECTOR('',#1507,10.);
#370=VECTOR('',#1508,10.);
#371=VECTOR('',#1515,10.);
#372=VECTOR('',#1516,10.);
#373=VECTOR('',#1523,10.);
#374=VECTOR('',#1524,10.);
#375=VECTOR('',#1527,1.59999407223496);
#376=VECTOR('',#1588,1.59999407223496);
#377=VECTOR('',#1597,1.60000080952717);
#378=VECTOR('',#1658,1.60000080952717);
#379=VECTOR('',#1675,1.60000288438608);
#380=VECTOR('',#1716,1.60000288438608);
#381=VECTOR('',#1733,1.60000171251534);
#382=VECTOR('',#1772,1.60000171251534);
#383=VECTOR('',#1787,10.);
#384=VECTOR('',#1788,10.);
#385=VECTOR('',#1789,10.);
#386=VECTOR('',#1790,10.);
#387=VECTOR('',#1791,10.);
#388=VECTOR('',#1792,10.);
#389=VECTOR('',#1795,10.);
#390=VECTOR('',#1796,10.);
#391=VECTOR('',#1797,10.);
#392=VECTOR('',#1798,10.);
#393=VECTOR('',#1801,10.);
#394=VECTOR('',#1802,10.);
#395=VECTOR('',#1805,10.);
#396=VECTOR('',#1806,10.);
#397=VECTOR('',#1809,10.);
#398=VECTOR('',#1810,10.);
#399=VECTOR('',#1813,10.);
#400=VECTOR('',#1814,10.);
#401=VECTOR('',#1817,10.);
#402=VECTOR('',#1818,10.);
#403=VECTOR('',#1819,10.);
#404=VECTOR('',#1822,10.);
#405=VECTOR('',#1823,10.);
#406=VECTOR('',#1826,10.);
#407=VECTOR('',#1827,10.);
#408=VECTOR('',#1828,10.);
#409=VECTOR('',#1831,10.);
#410=VECTOR('',#1832,10.);
#411=VECTOR('',#1835,10.);
#412=VECTOR('',#1836,10.);
#413=VECTOR('',#1841,10.);
#414=VECTOR('',#1842,10.);
#415=VECTOR('',#1845,10.);
#416=VECTOR('',#1848,10.);
#417=VERTEX_POINT('',#1857);
#418=VERTEX_POINT('',#1858);
#419=VERTEX_POINT('',#1860);
#420=VERTEX_POINT('',#1862);
#421=VERTEX_POINT('',#1865);
#422=VERTEX_POINT('',#1867);
#423=VERTEX_POINT('',#1870);
#424=VERTEX_POINT('',#1871);
#425=VERTEX_POINT('',#1873);
#426=VERTEX_POINT('',#1875);
#427=VERTEX_POINT('',#1878);
#428=VERTEX_POINT('',#1880);
#429=VERTEX_POINT('',#1883);
#430=VERTEX_POINT('',#1885);
#431=VERTEX_POINT('',#1890);
#432=VERTEX_POINT('',#1892);
#433=VERTEX_POINT('',#1894);
#434=VERTEX_POINT('',#1896);
#435=VERTEX_POINT('',#1898);
#436=VERTEX_POINT('',#1904);
#437=VERTEX_POINT('',#1905);
#438=VERTEX_POINT('',#1907);
#439=VERTEX_POINT('',#1909);
#440=VERTEX_POINT('',#1913);
#441=VERTEX_POINT('',#1915);
#442=VERTEX_POINT('',#1917);
#443=VERTEX_POINT('',#1919);
#444=VERTEX_POINT('',#1921);
#445=VERTEX_POINT('',#1923);
#446=VERTEX_POINT('',#1925);
#447=VERTEX_POINT('',#1927);
#448=VERTEX_POINT('',#1931);
#449=VERTEX_POINT('',#1934);
#450=VERTEX_POINT('',#1936);
#451=VERTEX_POINT('',#1939);
#452=VERTEX_POINT('',#1942);
#453=VERTEX_POINT('',#1944);
#454=VERTEX_POINT('',#1947);
#455=VERTEX_POINT('',#1951);
#456=VERTEX_POINT('',#1953);
#457=VERTEX_POINT('',#1955);
#458=VERTEX_POINT('',#1957);
#459=VERTEX_POINT('',#1959);
#460=VERTEX_POINT('',#1961);
#461=VERTEX_POINT('',#1963);
#462=VERTEX_POINT('',#1965);
#463=VERTEX_POINT('',#1967);
#464=VERTEX_POINT('',#1969);
#465=VERTEX_POINT('',#1971);
#466=VERTEX_POINT('',#1973);
#467=VERTEX_POINT('',#1975);
#468=VERTEX_POINT('',#1977);
#469=VERTEX_POINT('',#1979);
#470=VERTEX_POINT('',#1981);
#471=VERTEX_POINT('',#1985);
#472=VERTEX_POINT('',#1986);
#473=VERTEX_POINT('',#1988);
#474=VERTEX_POINT('',#1990);
#475=VERTEX_POINT('',#1992);
#476=VERTEX_POINT('',#1994);
#477=VERTEX_POINT('',#1996);
#478=VERTEX_POINT('',#1998);
#479=VERTEX_POINT('',#2000);
#480=VERTEX_POINT('',#2002);
#481=VERTEX_POINT('',#2004);
#482=VERTEX_POINT('',#2006);
#483=VERTEX_POINT('',#2008);
#484=VERTEX_POINT('',#2010);
#485=VERTEX_POINT('',#2013);
#486=VERTEX_POINT('',#2015);
#487=VERTEX_POINT('',#2019);
#488=VERTEX_POINT('',#2021);
#489=VERTEX_POINT('',#2023);
#490=VERTEX_POINT('',#2025);
#491=VERTEX_POINT('',#2027);
#492=VERTEX_POINT('',#2029);
#493=VERTEX_POINT('',#2031);
#494=VERTEX_POINT('',#2033);
#495=VERTEX_POINT('',#2035);
#496=VERTEX_POINT('',#2037);
#497=VERTEX_POINT('',#2039);
#498=VERTEX_POINT('',#2041);
#499=VERTEX_POINT('',#2043);
#500=VERTEX_POINT('',#2045);
#501=VERTEX_POINT('',#2047);
#502=VERTEX_POINT('',#2049);
#503=VERTEX_POINT('',#2051);
#504=VERTEX_POINT('',#2053);
#505=VERTEX_POINT('',#2057);
#506=VERTEX_POINT('',#2058);
#507=VERTEX_POINT('',#2060);
#508=VERTEX_POINT('',#2062);
#509=VERTEX_POINT('',#2064);
#510=VERTEX_POINT('',#2066);
#511=VERTEX_POINT('',#2068);
#512=VERTEX_POINT('',#2070);
#513=VERTEX_POINT('',#2072);
#514=VERTEX_POINT('',#2074);
#515=VERTEX_POINT('',#2076);
#516=VERTEX_POINT('',#2078);
#517=VERTEX_POINT('',#2081);
#518=VERTEX_POINT('',#2083);
#519=VERTEX_POINT('',#2085);
#520=VERTEX_POINT('',#2087);
#521=VERTEX_POINT('',#2089);
#522=VERTEX_POINT('',#2091);
#523=VERTEX_POINT('',#2095);
#524=VERTEX_POINT('',#2097);
#525=VERTEX_POINT('',#2099);
#526=VERTEX_POINT('',#2101);
#527=VERTEX_POINT('',#2103);
#528=VERTEX_POINT('',#2105);
#529=VERTEX_POINT('',#2107);
#530=VERTEX_POINT('',#2109);
#531=VERTEX_POINT('',#2111);
#532=VERTEX_POINT('',#2113);
#533=VERTEX_POINT('',#2115);
#534=VERTEX_POINT('',#2117);
#535=VERTEX_POINT('',#2119);
#536=VERTEX_POINT('',#2123);
#537=VERTEX_POINT('',#2124);
#538=VERTEX_POINT('',#2126);
#539=VERTEX_POINT('',#2128);
#540=VERTEX_POINT('',#2130);
#541=VERTEX_POINT('',#2132);
#542=VERTEX_POINT('',#2134);
#543=VERTEX_POINT('',#2137);
#544=VERTEX_POINT('',#2139);
#545=VERTEX_POINT('',#2141);
#546=VERTEX_POINT('',#2143);
#547=VERTEX_POINT('',#2145);
#548=VERTEX_POINT('',#2147);
#549=VERTEX_POINT('',#2151);
#550=VERTEX_POINT('',#2153);
#551=VERTEX_POINT('',#2155);
#552=VERTEX_POINT('',#2157);
#553=VERTEX_POINT('',#2159);
#554=VERTEX_POINT('',#2161);
#555=VERTEX_POINT('',#2163);
#556=VERTEX_POINT('',#2165);
#557=VERTEX_POINT('',#2167);
#558=VERTEX_POINT('',#2169);
#559=VERTEX_POINT('',#2171);
#560=VERTEX_POINT('',#2173);
#561=VERTEX_POINT('',#2177);
#562=VERTEX_POINT('',#2178);
#563=VERTEX_POINT('',#2180);
#564=VERTEX_POINT('',#2182);
#565=VERTEX_POINT('',#2184);
#566=VERTEX_POINT('',#2186);
#567=VERTEX_POINT('',#2188);
#568=VERTEX_POINT('',#2191);
#569=VERTEX_POINT('',#2193);
#570=VERTEX_POINT('',#2195);
#571=VERTEX_POINT('',#2197);
#572=VERTEX_POINT('',#2199);
#573=VERTEX_POINT('',#2203);
#574=VERTEX_POINT('',#2205);
#575=VERTEX_POINT('',#2207);
#576=VERTEX_POINT('',#2209);
#577=VERTEX_POINT('',#2211);
#578=VERTEX_POINT('',#2215);
#579=VERTEX_POINT('',#2216);
#580=VERTEX_POINT('',#2218);
#581=VERTEX_POINT('',#2220);
#582=VERTEX_POINT('',#2224);
#583=VERTEX_POINT('',#2228);
#584=VERTEX_POINT('',#2232);
#585=VERTEX_POINT('',#2236);
#586=VERTEX_POINT('',#2240);
#587=VERTEX_POINT('',#2242);
#588=VERTEX_POINT('',#2246);
#589=VERTEX_POINT('',#2251);
#590=VERTEX_POINT('',#2258);
#591=EDGE_CURVE('',#417,#418,#257,.T.);
#592=EDGE_CURVE('',#419,#418,#258,.T.);
#593=EDGE_CURVE('',#420,#419,#259,.T.);
#594=EDGE_CURVE('',#417,#420,#260,.T.);
#595=EDGE_CURVE('',#421,#421,#41,.T.);
#596=EDGE_CURVE('',#422,#422,#42,.T.);
#597=EDGE_CURVE('',#423,#424,#261,.T.);
#598=EDGE_CURVE('',#425,#424,#262,.T.);
#599=EDGE_CURVE('',#426,#425,#263,.T.);
#600=EDGE_CURVE('',#423,#426,#264,.T.);
#601=EDGE_CURVE('',#427,#427,#43,.T.);
#602=EDGE_CURVE('',#428,#428,#44,.T.);
#603=EDGE_CURVE('',#419,#429,#265,.T.);
#604=EDGE_CURVE('',#429,#430,#266,.T.);
#605=EDGE_CURVE('',#420,#430,#267,.T.);
#606=EDGE_CURVE('',#418,#423,#268,.T.);
#607=EDGE_CURVE('',#431,#426,#269,.T.);
#608=EDGE_CURVE('',#431,#432,#270,.T.);
#609=EDGE_CURVE('',#432,#433,#271,.T.);
#610=EDGE_CURVE('',#433,#434,#272,.T.);
#611=EDGE_CURVE('',#435,#434,#273,.T.);
#612=EDGE_CURVE('',#429,#435,#274,.T.);
#613=EDGE_CURVE('',#424,#417,#275,.T.);
#614=EDGE_CURVE('',#436,#437,#276,.T.);
#615=EDGE_CURVE('',#438,#436,#277,.T.);
#616=EDGE_CURVE('',#439,#438,#278,.T.);
#617=EDGE_CURVE('',#437,#439,#279,.T.);
#618=EDGE_CURVE('',#440,#436,#280,.T.);
#619=EDGE_CURVE('',#437,#441,#281,.T.);
#620=EDGE_CURVE('',#441,#442,#282,.T.);
#621=EDGE_CURVE('',#443,#442,#283,.T.);
#622=EDGE_CURVE('',#444,#443,#284,.T.);
#623=EDGE_CURVE('',#445,#444,#285,.T.);
#624=EDGE_CURVE('',#445,#446,#286,.T.);
#625=EDGE_CURVE('',#446,#447,#287,.T.);
#626=EDGE_CURVE('',#447,#440,#288,.T.);
#627=EDGE_CURVE('',#448,#440,#289,.T.);
#628=EDGE_CURVE('',#438,#448,#290,.T.);
#629=EDGE_CURVE('',#449,#449,#45,.T.);
#630=EDGE_CURVE('',#450,#450,#46,.T.);
#631=EDGE_CURVE('',#441,#451,#291,.T.);
#632=EDGE_CURVE('',#451,#439,#292,.T.);
#633=EDGE_CURVE('',#452,#452,#47,.T.);
#634=EDGE_CURVE('',#453,#453,#48,.T.);
#635=EDGE_CURVE('',#454,#451,#293,.T.);
#636=EDGE_CURVE('',#442,#454,#294,.T.);
#637=EDGE_CURVE('',#421,#455,#295,.T.);
#638=EDGE_CURVE('',#456,#455,#49,.T.);
#639=EDGE_CURVE('',#457,#456,#50,.T.);
#640=EDGE_CURVE('',#458,#457,#51,.T.);
#641=EDGE_CURVE('',#459,#458,#52,.T.);
#642=EDGE_CURVE('',#460,#459,#53,.T.);
#643=EDGE_CURVE('',#461,#460,#54,.T.);
#644=EDGE_CURVE('',#462,#461,#55,.T.);
#645=EDGE_CURVE('',#463,#462,#56,.T.);
#646=EDGE_CURVE('',#464,#463,#57,.T.);
#647=EDGE_CURVE('',#465,#464,#58,.T.);
#648=EDGE_CURVE('',#466,#465,#59,.T.);
#649=EDGE_CURVE('',#467,#466,#60,.T.);
#650=EDGE_CURVE('',#468,#467,#61,.T.);
#651=EDGE_CURVE('',#469,#468,#62,.T.);
#652=EDGE_CURVE('',#470,#469,#63,.T.);
#653=EDGE_CURVE('',#455,#470,#64,.T.);
#654=EDGE_CURVE('',#471,#472,#65,.T.);
#655=EDGE_CURVE('',#472,#473,#66,.T.);
#656=EDGE_CURVE('',#473,#474,#67,.T.);
#657=EDGE_CURVE('',#474,#475,#68,.T.);
#658=EDGE_CURVE('',#475,#476,#69,.T.);
#659=EDGE_CURVE('',#476,#477,#70,.T.);
#660=EDGE_CURVE('',#477,#478,#71,.T.);
#661=EDGE_CURVE('',#478,#479,#72,.T.);
#662=EDGE_CURVE('',#479,#480,#73,.T.);
#663=EDGE_CURVE('',#480,#481,#74,.T.);
#664=EDGE_CURVE('',#481,#482,#75,.T.);
#665=EDGE_CURVE('',#482,#483,#76,.T.);
#666=EDGE_CURVE('',#483,#484,#77,.T.);
#667=EDGE_CURVE('',#484,#427,#296,.T.);
#668=EDGE_CURVE('',#484,#485,#78,.T.);
#669=EDGE_CURVE('',#485,#486,#79,.T.);
#670=EDGE_CURVE('',#486,#471,#80,.T.);
#671=EDGE_CURVE('',#422,#487,#297,.T.);
#672=EDGE_CURVE('',#488,#487,#81,.T.);
#673=EDGE_CURVE('',#489,#488,#82,.T.);
#674=EDGE_CURVE('',#490,#489,#83,.T.);
#675=EDGE_CURVE('',#491,#490,#84,.T.);
#676=EDGE_CURVE('',#492,#491,#85,.T.);
#677=EDGE_CURVE('',#493,#492,#86,.T.);
#678=EDGE_CURVE('',#494,#493,#87,.T.);
#679=EDGE_CURVE('',#495,#494,#88,.T.);
#680=EDGE_CURVE('',#496,#495,#89,.T.);
#681=EDGE_CURVE('',#497,#496,#90,.T.);
#682=EDGE_CURVE('',#498,#497,#91,.T.);
#683=EDGE_CURVE('',#499,#498,#92,.T.);
#684=EDGE_CURVE('',#500,#499,#93,.T.);
#685=EDGE_CURVE('',#501,#500,#94,.T.);
#686=EDGE_CURVE('',#502,#501,#95,.T.);
#687=EDGE_CURVE('',#503,#502,#96,.T.);
#688=EDGE_CURVE('',#504,#503,#97,.T.);
#689=EDGE_CURVE('',#487,#504,#98,.T.);
#690=EDGE_CURVE('',#505,#506,#99,.T.);
#691=EDGE_CURVE('',#506,#507,#100,.T.);
#692=EDGE_CURVE('',#507,#508,#101,.T.);
#693=EDGE_CURVE('',#508,#509,#102,.T.);
#694=EDGE_CURVE('',#509,#510,#103,.T.);
#695=EDGE_CURVE('',#510,#511,#104,.T.);
#696=EDGE_CURVE('',#511,#512,#105,.T.);
#697=EDGE_CURVE('',#512,#513,#106,.T.);
#698=EDGE_CURVE('',#513,#514,#107,.T.);
#699=EDGE_CURVE('',#514,#515,#108,.T.);
#700=EDGE_CURVE('',#515,#516,#109,.T.);
#701=EDGE_CURVE('',#516,#428,#298,.T.);
#702=EDGE_CURVE('',#516,#517,#110,.T.);
#703=EDGE_CURVE('',#517,#518,#111,.T.);
#704=EDGE_CURVE('',#518,#519,#112,.T.);
#705=EDGE_CURVE('',#519,#520,#113,.T.);
#706=EDGE_CURVE('',#520,#521,#114,.T.);
#707=EDGE_CURVE('',#521,#522,#115,.T.);
#708=EDGE_CURVE('',#522,#505,#116,.T.);
#709=EDGE_CURVE('',#449,#523,#299,.T.);
#710=EDGE_CURVE('',#524,#523,#117,.T.);
#711=EDGE_CURVE('',#525,#524,#118,.T.);
#712=EDGE_CURVE('',#526,#525,#119,.T.);
#713=EDGE_CURVE('',#527,#526,#120,.T.);
#714=EDGE_CURVE('',#528,#527,#121,.T.);
#715=EDGE_CURVE('',#529,#528,#122,.T.);
#716=EDGE_CURVE('',#530,#529,#123,.T.);
#717=EDGE_CURVE('',#531,#530,#124,.T.);
#718=EDGE_CURVE('',#532,#531,#125,.T.);
#719=EDGE_CURVE('',#533,#532,#126,.T.);
#720=EDGE_CURVE('',#534,#533,#127,.T.);
#721=EDGE_CURVE('',#535,#534,#128,.T.);
#722=EDGE_CURVE('',#523,#535,#129,.T.);
#723=EDGE_CURVE('',#536,#537,#130,.T.);
#724=EDGE_CURVE('',#538,#536,#131,.T.);
#725=EDGE_CURVE('',#539,#538,#132,.T.);
#726=EDGE_CURVE('',#540,#539,#133,.T.);
#727=EDGE_CURVE('',#541,#540,#134,.T.);
#728=EDGE_CURVE('',#542,#541,#135,.T.);
#729=EDGE_CURVE('',#542,#453,#300,.T.);
#730=EDGE_CURVE('',#543,#542,#136,.T.);
#731=EDGE_CURVE('',#544,#543,#137,.T.);
#732=EDGE_CURVE('',#545,#544,#138,.T.);
#733=EDGE_CURVE('',#546,#545,#139,.T.);
#734=EDGE_CURVE('',#547,#546,#140,.T.);
#735=EDGE_CURVE('',#548,#547,#141,.T.);
#736=EDGE_CURVE('',#537,#548,#142,.T.);
#737=EDGE_CURVE('',#450,#549,#301,.T.);
#738=EDGE_CURVE('',#550,#549,#143,.T.);
#739=EDGE_CURVE('',#551,#550,#144,.T.);
#740=EDGE_CURVE('',#552,#551,#145,.T.);
#741=EDGE_CURVE('',#553,#552,#146,.T.);
#742=EDGE_CURVE('',#554,#553,#147,.T.);
#743=EDGE_CURVE('',#555,#554,#148,.T.);
#744=EDGE_CURVE('',#556,#555,#149,.T.);
#745=EDGE_CURVE('',#557,#556,#150,.T.);
#746=EDGE_CURVE('',#558,#557,#151,.T.);
#747=EDGE_CURVE('',#559,#558,#152,.T.);
#748=EDGE_CURVE('',#560,#559,#153,.T.);
#749=EDGE_CURVE('',#549,#560,#154,.T.);
#750=EDGE_CURVE('',#561,#562,#155,.T.);
#751=EDGE_CURVE('',#563,#561,#156,.T.);
#752=EDGE_CURVE('',#564,#563,#157,.T.);
#753=EDGE_CURVE('',#565,#564,#158,.T.);
#754=EDGE_CURVE('',#566,#565,#159,.T.);
#755=EDGE_CURVE('',#567,#566,#160,.T.);
#756=EDGE_CURVE('',#567,#452,#302,.T.);
#757=EDGE_CURVE('',#568,#567,#161,.T.);
#758=EDGE_CURVE('',#569,#568,#162,.T.);
#759=EDGE_CURVE('',#570,#569,#163,.T.);
#760=EDGE_CURVE('',#571,#570,#164,.T.);
#761=EDGE_CURVE('',#572,#571,#165,.T.);
#762=EDGE_CURVE('',#562,#572,#166,.T.);
#763=EDGE_CURVE('',#448,#573,#303,.T.);
#764=EDGE_CURVE('',#574,#573,#304,.T.);
#765=EDGE_CURVE('',#575,#574,#305,.T.);
#766=EDGE_CURVE('',#576,#575,#306,.T.);
#767=EDGE_CURVE('',#576,#577,#307,.T.);
#768=EDGE_CURVE('',#577,#454,#308,.T.);
#769=EDGE_CURVE('',#578,#579,#309,.T.);
#770=EDGE_CURVE('',#580,#579,#310,.T.);
#771=EDGE_CURVE('',#581,#580,#311,.T.);
#772=EDGE_CURVE('',#581,#578,#312,.T.);
#773=EDGE_CURVE('',#582,#425,#313,.T.);
#774=EDGE_CURVE('',#582,#431,#314,.T.);
#775=EDGE_CURVE('',#582,#583,#315,.T.);
#776=EDGE_CURVE('',#583,#432,#316,.T.);
#777=EDGE_CURVE('',#583,#584,#317,.T.);
#778=EDGE_CURVE('',#433,#584,#318,.T.);
#779=EDGE_CURVE('',#585,#435,#319,.T.);
#780=EDGE_CURVE('',#430,#585,#320,.T.);
#781=EDGE_CURVE('',#581,#586,#321,.T.);
#782=EDGE_CURVE('',#586,#587,#322,.T.);
#783=EDGE_CURVE('',#587,#578,#323,.T.);
#784=EDGE_CURVE('',#434,#588,#324,.T.);
#785=EDGE_CURVE('',#585,#588,#325,.T.);
#786=EDGE_CURVE('',#584,#588,#326,.T.);
#787=EDGE_CURVE('',#580,#589,#327,.T.);
#788=EDGE_CURVE('',#589,#586,#328,.T.);
#789=EDGE_CURVE('',#576,#444,#329,.T.);
#790=EDGE_CURVE('',#443,#577,#330,.T.);
#791=EDGE_CURVE('',#590,#579,#331,.T.);
#792=EDGE_CURVE('',#589,#590,#332,.T.);
#793=EDGE_CURVE('',#575,#445,#333,.T.);
#794=EDGE_CURVE('',#590,#587,#334,.T.);
#795=EDGE_CURVE('',#446,#574,#335,.T.);
#796=EDGE_CURVE('',#447,#573,#336,.T.);
#797=ORIENTED_EDGE('',*,*,#591,.T.);
#798=ORIENTED_EDGE('',*,*,#592,.F.);
#799=ORIENTED_EDGE('',*,*,#593,.F.);
#800=ORIENTED_EDGE('',*,*,#594,.F.);
#801=ORIENTED_EDGE('',*,*,#595,.F.);
#802=ORIENTED_EDGE('',*,*,#596,.F.);
#803=ORIENTED_EDGE('',*,*,#597,.T.);
#804=ORIENTED_EDGE('',*,*,#598,.F.);
#805=ORIENTED_EDGE('',*,*,#599,.F.);
#806=ORIENTED_EDGE('',*,*,#600,.F.);
#807=ORIENTED_EDGE('',*,*,#601,.F.);
#808=ORIENTED_EDGE('',*,*,#602,.F.);
#809=ORIENTED_EDGE('',*,*,#593,.T.);
#810=ORIENTED_EDGE('',*,*,#603,.T.);
#811=ORIENTED_EDGE('',*,*,#604,.T.);
#812=ORIENTED_EDGE('',*,*,#605,.F.);
#813=ORIENTED_EDGE('',*,*,#592,.T.);
#814=ORIENTED_EDGE('',*,*,#606,.T.);
#815=ORIENTED_EDGE('',*,*,#600,.T.);
#816=ORIENTED_EDGE('',*,*,#607,.F.);
#817=ORIENTED_EDGE('',*,*,#608,.T.);
#818=ORIENTED_EDGE('',*,*,#609,.T.);
#819=ORIENTED_EDGE('',*,*,#610,.T.);
#820=ORIENTED_EDGE('',*,*,#611,.F.);
#821=ORIENTED_EDGE('',*,*,#612,.F.);
#822=ORIENTED_EDGE('',*,*,#603,.F.);
#823=ORIENTED_EDGE('',*,*,#613,.F.);
#824=ORIENTED_EDGE('',*,*,#597,.F.);
#825=ORIENTED_EDGE('',*,*,#606,.F.);
#826=ORIENTED_EDGE('',*,*,#591,.F.);
#827=ORIENTED_EDGE('',*,*,#614,.F.);
#828=ORIENTED_EDGE('',*,*,#615,.F.);
#829=ORIENTED_EDGE('',*,*,#616,.F.);
#830=ORIENTED_EDGE('',*,*,#617,.F.);
#831=ORIENTED_EDGE('',*,*,#618,.T.);
#832=ORIENTED_EDGE('',*,*,#614,.T.);
#833=ORIENTED_EDGE('',*,*,#619,.T.);
#834=ORIENTED_EDGE('',*,*,#620,.T.);
#835=ORIENTED_EDGE('',*,*,#621,.F.);
#836=ORIENTED_EDGE('',*,*,#622,.F.);
#837=ORIENTED_EDGE('',*,*,#623,.F.);
#838=ORIENTED_EDGE('',*,*,#624,.T.);
#839=ORIENTED_EDGE('',*,*,#625,.T.);
#840=ORIENTED_EDGE('',*,*,#626,.T.);
#841=ORIENTED_EDGE('',*,*,#627,.F.);
#842=ORIENTED_EDGE('',*,*,#628,.F.);
#843=ORIENTED_EDGE('',*,*,#615,.T.);
#844=ORIENTED_EDGE('',*,*,#618,.F.);
#845=ORIENTED_EDGE('',*,*,#629,.F.);
#846=ORIENTED_EDGE('',*,*,#630,.F.);
#847=ORIENTED_EDGE('',*,*,#631,.F.);
#848=ORIENTED_EDGE('',*,*,#619,.F.);
#849=ORIENTED_EDGE('',*,*,#617,.T.);
#850=ORIENTED_EDGE('',*,*,#632,.F.);
#851=ORIENTED_EDGE('',*,*,#633,.F.);
#852=ORIENTED_EDGE('',*,*,#634,.F.);
#853=ORIENTED_EDGE('',*,*,#631,.T.);
#854=ORIENTED_EDGE('',*,*,#635,.F.);
#855=ORIENTED_EDGE('',*,*,#636,.F.);
#856=ORIENTED_EDGE('',*,*,#620,.F.);
#857=ORIENTED_EDGE('',*,*,#595,.T.);
#858=ORIENTED_EDGE('',*,*,#637,.T.);
#859=ORIENTED_EDGE('',*,*,#638,.F.);
#860=ORIENTED_EDGE('',*,*,#639,.F.);
#861=ORIENTED_EDGE('',*,*,#640,.F.);
#862=ORIENTED_EDGE('',*,*,#641,.F.);
#863=ORIENTED_EDGE('',*,*,#642,.F.);
#864=ORIENTED_EDGE('',*,*,#643,.F.);
#865=ORIENTED_EDGE('',*,*,#644,.F.);
#866=ORIENTED_EDGE('',*,*,#645,.F.);
#867=ORIENTED_EDGE('',*,*,#646,.F.);
#868=ORIENTED_EDGE('',*,*,#647,.F.);
#869=ORIENTED_EDGE('',*,*,#648,.F.);
#870=ORIENTED_EDGE('',*,*,#649,.F.);
#871=ORIENTED_EDGE('',*,*,#650,.F.);
#872=ORIENTED_EDGE('',*,*,#651,.F.);
#873=ORIENTED_EDGE('',*,*,#652,.F.);
#874=ORIENTED_EDGE('',*,*,#653,.F.);
#875=ORIENTED_EDGE('',*,*,#637,.F.);
#876=ORIENTED_EDGE('',*,*,#654,.T.);
#877=ORIENTED_EDGE('',*,*,#655,.T.);
#878=ORIENTED_EDGE('',*,*,#656,.T.);
#879=ORIENTED_EDGE('',*,*,#657,.T.);
#880=ORIENTED_EDGE('',*,*,#658,.T.);
#881=ORIENTED_EDGE('',*,*,#659,.T.);
#882=ORIENTED_EDGE('',*,*,#660,.T.);
#883=ORIENTED_EDGE('',*,*,#661,.T.);
#884=ORIENTED_EDGE('',*,*,#662,.T.);
#885=ORIENTED_EDGE('',*,*,#663,.T.);
#886=ORIENTED_EDGE('',*,*,#664,.T.);
#887=ORIENTED_EDGE('',*,*,#665,.T.);
#888=ORIENTED_EDGE('',*,*,#666,.T.);
#889=ORIENTED_EDGE('',*,*,#667,.T.);
#890=ORIENTED_EDGE('',*,*,#601,.T.);
#891=ORIENTED_EDGE('',*,*,#667,.F.);
#892=ORIENTED_EDGE('',*,*,#668,.T.);
#893=ORIENTED_EDGE('',*,*,#669,.T.);
#894=ORIENTED_EDGE('',*,*,#670,.T.);
#895=ORIENTED_EDGE('',*,*,#596,.T.);
#896=ORIENTED_EDGE('',*,*,#671,.T.);
#897=ORIENTED_EDGE('',*,*,#672,.F.);
#898=ORIENTED_EDGE('',*,*,#673,.F.);
#899=ORIENTED_EDGE('',*,*,#674,.F.);
#900=ORIENTED_EDGE('',*,*,#675,.F.);
#901=ORIENTED_EDGE('',*,*,#676,.F.);
#902=ORIENTED_EDGE('',*,*,#677,.F.);
#903=ORIENTED_EDGE('',*,*,#678,.F.);
#904=ORIENTED_EDGE('',*,*,#679,.F.);
#905=ORIENTED_EDGE('',*,*,#680,.F.);
#906=ORIENTED_EDGE('',*,*,#681,.F.);
#907=ORIENTED_EDGE('',*,*,#682,.F.);
#908=ORIENTED_EDGE('',*,*,#683,.F.);
#909=ORIENTED_EDGE('',*,*,#684,.F.);
#910=ORIENTED_EDGE('',*,*,#685,.F.);
#911=ORIENTED_EDGE('',*,*,#686,.F.);
#912=ORIENTED_EDGE('',*,*,#687,.F.);
#913=ORIENTED_EDGE('',*,*,#688,.F.);
#914=ORIENTED_EDGE('',*,*,#689,.F.);
#915=ORIENTED_EDGE('',*,*,#671,.F.);
#916=ORIENTED_EDGE('',*,*,#690,.T.);
#917=ORIENTED_EDGE('',*,*,#691,.T.);
#918=ORIENTED_EDGE('',*,*,#692,.T.);
#919=ORIENTED_EDGE('',*,*,#693,.T.);
#920=ORIENTED_EDGE('',*,*,#694,.T.);
#921=ORIENTED_EDGE('',*,*,#695,.T.);
#922=ORIENTED_EDGE('',*,*,#696,.T.);
#923=ORIENTED_EDGE('',*,*,#697,.T.);
#924=ORIENTED_EDGE('',*,*,#698,.T.);
#925=ORIENTED_EDGE('',*,*,#699,.T.);
#926=ORIENTED_EDGE('',*,*,#700,.T.);
#927=ORIENTED_EDGE('',*,*,#701,.T.);
#928=ORIENTED_EDGE('',*,*,#602,.T.);
#929=ORIENTED_EDGE('',*,*,#701,.F.);
#930=ORIENTED_EDGE('',*,*,#702,.T.);
#931=ORIENTED_EDGE('',*,*,#703,.T.);
#932=ORIENTED_EDGE('',*,*,#704,.T.);
#933=ORIENTED_EDGE('',*,*,#705,.T.);
#934=ORIENTED_EDGE('',*,*,#706,.T.);
#935=ORIENTED_EDGE('',*,*,#707,.T.);
#936=ORIENTED_EDGE('',*,*,#708,.T.);
#937=ORIENTED_EDGE('',*,*,#629,.T.);
#938=ORIENTED_EDGE('',*,*,#709,.T.);
#939=ORIENTED_EDGE('',*,*,#710,.F.);
#940=ORIENTED_EDGE('',*,*,#711,.F.);
#941=ORIENTED_EDGE('',*,*,#712,.F.);
#942=ORIENTED_EDGE('',*,*,#713,.F.);
#943=ORIENTED_EDGE('',*,*,#714,.F.);
#944=ORIENTED_EDGE('',*,*,#715,.F.);
#945=ORIENTED_EDGE('',*,*,#716,.F.);
#946=ORIENTED_EDGE('',*,*,#717,.F.);
#947=ORIENTED_EDGE('',*,*,#718,.F.);
#948=ORIENTED_EDGE('',*,*,#719,.F.);
#949=ORIENTED_EDGE('',*,*,#720,.F.);
#950=ORIENTED_EDGE('',*,*,#721,.F.);
#951=ORIENTED_EDGE('',*,*,#722,.F.);
#952=ORIENTED_EDGE('',*,*,#709,.F.);
#953=ORIENTED_EDGE('',*,*,#723,.F.);
#954=ORIENTED_EDGE('',*,*,#724,.F.);
#955=ORIENTED_EDGE('',*,*,#725,.F.);
#956=ORIENTED_EDGE('',*,*,#726,.F.);
#957=ORIENTED_EDGE('',*,*,#727,.F.);
#958=ORIENTED_EDGE('',*,*,#728,.F.);
#959=ORIENTED_EDGE('',*,*,#729,.T.);
#960=ORIENTED_EDGE('',*,*,#634,.T.);
#961=ORIENTED_EDGE('',*,*,#729,.F.);
#962=ORIENTED_EDGE('',*,*,#730,.F.);
#963=ORIENTED_EDGE('',*,*,#731,.F.);
#964=ORIENTED_EDGE('',*,*,#732,.F.);
#965=ORIENTED_EDGE('',*,*,#733,.F.);
#966=ORIENTED_EDGE('',*,*,#734,.F.);
#967=ORIENTED_EDGE('',*,*,#735,.F.);
#968=ORIENTED_EDGE('',*,*,#736,.F.);
#969=ORIENTED_EDGE('',*,*,#630,.T.);
#970=ORIENTED_EDGE('',*,*,#737,.T.);
#971=ORIENTED_EDGE('',*,*,#738,.F.);
#972=ORIENTED_EDGE('',*,*,#739,.F.);
#973=ORIENTED_EDGE('',*,*,#740,.F.);
#974=ORIENTED_EDGE('',*,*,#741,.F.);
#975=ORIENTED_EDGE('',*,*,#742,.F.);
#976=ORIENTED_EDGE('',*,*,#743,.F.);
#977=ORIENTED_EDGE('',*,*,#744,.F.);
#978=ORIENTED_EDGE('',*,*,#745,.F.);
#979=ORIENTED_EDGE('',*,*,#746,.F.);
#980=ORIENTED_EDGE('',*,*,#747,.F.);
#981=ORIENTED_EDGE('',*,*,#748,.F.);
#982=ORIENTED_EDGE('',*,*,#749,.F.);
#983=ORIENTED_EDGE('',*,*,#737,.F.);
#984=ORIENTED_EDGE('',*,*,#750,.F.);
#985=ORIENTED_EDGE('',*,*,#751,.F.);
#986=ORIENTED_EDGE('',*,*,#752,.F.);
#987=ORIENTED_EDGE('',*,*,#753,.F.);
#988=ORIENTED_EDGE('',*,*,#754,.F.);
#989=ORIENTED_EDGE('',*,*,#755,.F.);
#990=ORIENTED_EDGE('',*,*,#756,.T.);
#991=ORIENTED_EDGE('',*,*,#633,.T.);
#992=ORIENTED_EDGE('',*,*,#756,.F.);
#993=ORIENTED_EDGE('',*,*,#757,.F.);
#994=ORIENTED_EDGE('',*,*,#758,.F.);
#995=ORIENTED_EDGE('',*,*,#759,.F.);
#996=ORIENTED_EDGE('',*,*,#760,.F.);
#997=ORIENTED_EDGE('',*,*,#761,.F.);
#998=ORIENTED_EDGE('',*,*,#762,.F.);
#999=ORIENTED_EDGE('',*,*,#628,.T.);
#1000=ORIENTED_EDGE('',*,*,#763,.T.);
#1001=ORIENTED_EDGE('',*,*,#764,.F.);
#1002=ORIENTED_EDGE('',*,*,#765,.F.);
#1003=ORIENTED_EDGE('',*,*,#766,.F.);
#1004=ORIENTED_EDGE('',*,*,#767,.T.);
#1005=ORIENTED_EDGE('',*,*,#768,.T.);
#1006=ORIENTED_EDGE('',*,*,#635,.T.);
#1007=ORIENTED_EDGE('',*,*,#632,.T.);
#1008=ORIENTED_EDGE('',*,*,#616,.T.);
#1009=ORIENTED_EDGE('',*,*,#769,.T.);
#1010=ORIENTED_EDGE('',*,*,#770,.F.);
#1011=ORIENTED_EDGE('',*,*,#771,.F.);
#1012=ORIENTED_EDGE('',*,*,#772,.T.);
#1013=ORIENTED_EDGE('',*,*,#599,.T.);
#1014=ORIENTED_EDGE('',*,*,#773,.F.);
#1015=ORIENTED_EDGE('',*,*,#774,.T.);
#1016=ORIENTED_EDGE('',*,*,#607,.T.);
#1017=ORIENTED_EDGE('',*,*,#774,.F.);
#1018=ORIENTED_EDGE('',*,*,#775,.T.);
#1019=ORIENTED_EDGE('',*,*,#776,.T.);
#1020=ORIENTED_EDGE('',*,*,#608,.F.);
#1021=ORIENTED_EDGE('',*,*,#776,.F.);
#1022=ORIENTED_EDGE('',*,*,#777,.T.);
#1023=ORIENTED_EDGE('',*,*,#778,.F.);
#1024=ORIENTED_EDGE('',*,*,#609,.F.);
#1025=ORIENTED_EDGE('',*,*,#663,.F.);
#1026=ORIENTED_EDGE('',*,*,#662,.F.);
#1027=ORIENTED_EDGE('',*,*,#661,.F.);
#1028=ORIENTED_EDGE('',*,*,#660,.F.);
#1029=ORIENTED_EDGE('',*,*,#659,.F.);
#1030=ORIENTED_EDGE('',*,*,#658,.F.);
#1031=ORIENTED_EDGE('',*,*,#657,.F.);
#1032=ORIENTED_EDGE('',*,*,#656,.F.);
#1033=ORIENTED_EDGE('',*,*,#655,.F.);
#1034=ORIENTED_EDGE('',*,*,#654,.F.);
#1035=ORIENTED_EDGE('',*,*,#670,.F.);
#1036=ORIENTED_EDGE('',*,*,#669,.F.);
#1037=ORIENTED_EDGE('',*,*,#668,.F.);
#1038=ORIENTED_EDGE('',*,*,#666,.F.);
#1039=ORIENTED_EDGE('',*,*,#665,.F.);
#1040=ORIENTED_EDGE('',*,*,#664,.F.);
#1041=ORIENTED_EDGE('',*,*,#702,.F.);
#1042=ORIENTED_EDGE('',*,*,#700,.F.);
#1043=ORIENTED_EDGE('',*,*,#699,.F.);
#1044=ORIENTED_EDGE('',*,*,#698,.F.);
#1045=ORIENTED_EDGE('',*,*,#697,.F.);
#1046=ORIENTED_EDGE('',*,*,#696,.F.);
#1047=ORIENTED_EDGE('',*,*,#695,.F.);
#1048=ORIENTED_EDGE('',*,*,#694,.F.);
#1049=ORIENTED_EDGE('',*,*,#693,.F.);
#1050=ORIENTED_EDGE('',*,*,#692,.F.);
#1051=ORIENTED_EDGE('',*,*,#691,.F.);
#1052=ORIENTED_EDGE('',*,*,#690,.F.);
#1053=ORIENTED_EDGE('',*,*,#708,.F.);
#1054=ORIENTED_EDGE('',*,*,#707,.F.);
#1055=ORIENTED_EDGE('',*,*,#706,.F.);
#1056=ORIENTED_EDGE('',*,*,#705,.F.);
#1057=ORIENTED_EDGE('',*,*,#704,.F.);
#1058=ORIENTED_EDGE('',*,*,#703,.F.);
#1059=ORIENTED_EDGE('',*,*,#779,.F.);
#1060=ORIENTED_EDGE('',*,*,#780,.F.);
#1061=ORIENTED_EDGE('',*,*,#604,.F.);
#1062=ORIENTED_EDGE('',*,*,#612,.T.);
#1063=ORIENTED_EDGE('',*,*,#781,.T.);
#1064=ORIENTED_EDGE('',*,*,#782,.T.);
#1065=ORIENTED_EDGE('',*,*,#783,.T.);
#1066=ORIENTED_EDGE('',*,*,#772,.F.);
#1067=ORIENTED_EDGE('',*,*,#784,.T.);
#1068=ORIENTED_EDGE('',*,*,#785,.F.);
#1069=ORIENTED_EDGE('',*,*,#779,.T.);
#1070=ORIENTED_EDGE('',*,*,#611,.T.);
#1071=ORIENTED_EDGE('',*,*,#689,.T.);
#1072=ORIENTED_EDGE('',*,*,#688,.T.);
#1073=ORIENTED_EDGE('',*,*,#687,.T.);
#1074=ORIENTED_EDGE('',*,*,#686,.T.);
#1075=ORIENTED_EDGE('',*,*,#685,.T.);
#1076=ORIENTED_EDGE('',*,*,#684,.T.);
#1077=ORIENTED_EDGE('',*,*,#683,.T.);
#1078=ORIENTED_EDGE('',*,*,#682,.T.);
#1079=ORIENTED_EDGE('',*,*,#681,.T.);
#1080=ORIENTED_EDGE('',*,*,#680,.T.);
#1081=ORIENTED_EDGE('',*,*,#679,.T.);
#1082=ORIENTED_EDGE('',*,*,#678,.T.);
#1083=ORIENTED_EDGE('',*,*,#677,.T.);
#1084=ORIENTED_EDGE('',*,*,#676,.T.);
#1085=ORIENTED_EDGE('',*,*,#675,.T.);
#1086=ORIENTED_EDGE('',*,*,#674,.T.);
#1087=ORIENTED_EDGE('',*,*,#673,.T.);
#1088=ORIENTED_EDGE('',*,*,#672,.T.);
#1089=ORIENTED_EDGE('',*,*,#641,.T.);
#1090=ORIENTED_EDGE('',*,*,#640,.T.);
#1091=ORIENTED_EDGE('',*,*,#639,.T.);
#1092=ORIENTED_EDGE('',*,*,#638,.T.);
#1093=ORIENTED_EDGE('',*,*,#653,.T.);
#1094=ORIENTED_EDGE('',*,*,#652,.T.);
#1095=ORIENTED_EDGE('',*,*,#651,.T.);
#1096=ORIENTED_EDGE('',*,*,#650,.T.);
#1097=ORIENTED_EDGE('',*,*,#649,.T.);
#1098=ORIENTED_EDGE('',*,*,#648,.T.);
#1099=ORIENTED_EDGE('',*,*,#647,.T.);
#1100=ORIENTED_EDGE('',*,*,#646,.T.);
#1101=ORIENTED_EDGE('',*,*,#645,.T.);
#1102=ORIENTED_EDGE('',*,*,#644,.T.);
#1103=ORIENTED_EDGE('',*,*,#643,.T.);
#1104=ORIENTED_EDGE('',*,*,#642,.T.);
#1105=ORIENTED_EDGE('',*,*,#784,.F.);
#1106=ORIENTED_EDGE('',*,*,#610,.F.);
#1107=ORIENTED_EDGE('',*,*,#778,.T.);
#1108=ORIENTED_EDGE('',*,*,#786,.T.);
#1109=ORIENTED_EDGE('',*,*,#787,.T.);
#1110=ORIENTED_EDGE('',*,*,#788,.T.);
#1111=ORIENTED_EDGE('',*,*,#781,.F.);
#1112=ORIENTED_EDGE('',*,*,#771,.T.);
#1113=ORIENTED_EDGE('',*,*,#789,.T.);
#1114=ORIENTED_EDGE('',*,*,#622,.T.);
#1115=ORIENTED_EDGE('',*,*,#790,.T.);
#1116=ORIENTED_EDGE('',*,*,#767,.F.);
#1117=ORIENTED_EDGE('',*,*,#757,.T.);
#1118=ORIENTED_EDGE('',*,*,#755,.T.);
#1119=ORIENTED_EDGE('',*,*,#754,.T.);
#1120=ORIENTED_EDGE('',*,*,#753,.T.);
#1121=ORIENTED_EDGE('',*,*,#752,.T.);
#1122=ORIENTED_EDGE('',*,*,#751,.T.);
#1123=ORIENTED_EDGE('',*,*,#750,.T.);
#1124=ORIENTED_EDGE('',*,*,#762,.T.);
#1125=ORIENTED_EDGE('',*,*,#761,.T.);
#1126=ORIENTED_EDGE('',*,*,#760,.T.);
#1127=ORIENTED_EDGE('',*,*,#759,.T.);
#1128=ORIENTED_EDGE('',*,*,#758,.T.);
#1129=ORIENTED_EDGE('',*,*,#731,.T.);
#1130=ORIENTED_EDGE('',*,*,#730,.T.);
#1131=ORIENTED_EDGE('',*,*,#728,.T.);
#1132=ORIENTED_EDGE('',*,*,#727,.T.);
#1133=ORIENTED_EDGE('',*,*,#726,.T.);
#1134=ORIENTED_EDGE('',*,*,#725,.T.);
#1135=ORIENTED_EDGE('',*,*,#724,.T.);
#1136=ORIENTED_EDGE('',*,*,#723,.T.);
#1137=ORIENTED_EDGE('',*,*,#736,.T.);
#1138=ORIENTED_EDGE('',*,*,#735,.T.);
#1139=ORIENTED_EDGE('',*,*,#734,.T.);
#1140=ORIENTED_EDGE('',*,*,#733,.T.);
#1141=ORIENTED_EDGE('',*,*,#732,.T.);
#1142=ORIENTED_EDGE('',*,*,#791,.F.);
#1143=ORIENTED_EDGE('',*,*,#792,.F.);
#1144=ORIENTED_EDGE('',*,*,#787,.F.);
#1145=ORIENTED_EDGE('',*,*,#770,.T.);
#1146=ORIENTED_EDGE('',*,*,#790,.F.);
#1147=ORIENTED_EDGE('',*,*,#621,.T.);
#1148=ORIENTED_EDGE('',*,*,#636,.T.);
#1149=ORIENTED_EDGE('',*,*,#768,.F.);
#1150=ORIENTED_EDGE('',*,*,#793,.T.);
#1151=ORIENTED_EDGE('',*,*,#623,.T.);
#1152=ORIENTED_EDGE('',*,*,#789,.F.);
#1153=ORIENTED_EDGE('',*,*,#766,.T.);
#1154=ORIENTED_EDGE('',*,*,#791,.T.);
#1155=ORIENTED_EDGE('',*,*,#769,.F.);
#1156=ORIENTED_EDGE('',*,*,#783,.F.);
#1157=ORIENTED_EDGE('',*,*,#794,.F.);
#1158=ORIENTED_EDGE('',*,*,#795,.F.);
#1159=ORIENTED_EDGE('',*,*,#624,.F.);
#1160=ORIENTED_EDGE('',*,*,#793,.F.);
#1161=ORIENTED_EDGE('',*,*,#765,.T.);
#1162=ORIENTED_EDGE('',*,*,#738,.T.);
#1163=ORIENTED_EDGE('',*,*,#749,.T.);
#1164=ORIENTED_EDGE('',*,*,#748,.T.);
#1165=ORIENTED_EDGE('',*,*,#747,.T.);
#1166=ORIENTED_EDGE('',*,*,#746,.T.);
#1167=ORIENTED_EDGE('',*,*,#745,.T.);
#1168=ORIENTED_EDGE('',*,*,#744,.T.);
#1169=ORIENTED_EDGE('',*,*,#743,.T.);
#1170=ORIENTED_EDGE('',*,*,#742,.T.);
#1171=ORIENTED_EDGE('',*,*,#741,.T.);
#1172=ORIENTED_EDGE('',*,*,#740,.T.);
#1173=ORIENTED_EDGE('',*,*,#739,.T.);
#1174=ORIENTED_EDGE('',*,*,#722,.T.);
#1175=ORIENTED_EDGE('',*,*,#721,.T.);
#1176=ORIENTED_EDGE('',*,*,#720,.T.);
#1177=ORIENTED_EDGE('',*,*,#719,.T.);
#1178=ORIENTED_EDGE('',*,*,#718,.T.);
#1179=ORIENTED_EDGE('',*,*,#717,.T.);
#1180=ORIENTED_EDGE('',*,*,#716,.T.);
#1181=ORIENTED_EDGE('',*,*,#715,.T.);
#1182=ORIENTED_EDGE('',*,*,#714,.T.);
#1183=ORIENTED_EDGE('',*,*,#713,.T.);
#1184=ORIENTED_EDGE('',*,*,#712,.T.);
#1185=ORIENTED_EDGE('',*,*,#711,.T.);
#1186=ORIENTED_EDGE('',*,*,#710,.T.);
#1187=ORIENTED_EDGE('',*,*,#796,.F.);
#1188=ORIENTED_EDGE('',*,*,#625,.F.);
#1189=ORIENTED_EDGE('',*,*,#795,.T.);
#1190=ORIENTED_EDGE('',*,*,#764,.T.);
#1191=ORIENTED_EDGE('',*,*,#627,.T.);
#1192=ORIENTED_EDGE('',*,*,#626,.F.);
#1193=ORIENTED_EDGE('',*,*,#796,.T.);
#1194=ORIENTED_EDGE('',*,*,#763,.F.);
#1195=ORIENTED_EDGE('',*,*,#594,.T.);
#1196=ORIENTED_EDGE('',*,*,#605,.T.);
#1197=ORIENTED_EDGE('',*,*,#780,.T.);
#1198=ORIENTED_EDGE('',*,*,#785,.T.);
#1199=ORIENTED_EDGE('',*,*,#786,.F.);
#1200=ORIENTED_EDGE('',*,*,#777,.F.);
#1201=ORIENTED_EDGE('',*,*,#775,.F.);
#1202=ORIENTED_EDGE('',*,*,#773,.T.);
#1203=ORIENTED_EDGE('',*,*,#598,.T.);
#1204=ORIENTED_EDGE('',*,*,#613,.T.);
#1205=ORIENTED_EDGE('',*,*,#794,.T.);
#1206=ORIENTED_EDGE('',*,*,#782,.F.);
#1207=ORIENTED_EDGE('',*,*,#788,.F.);
#1208=ORIENTED_EDGE('',*,*,#792,.T.);
#1209=PLANE('',#1287);
#1210=PLANE('',#1290);
#1211=PLANE('',#1293);
#1212=PLANE('',#1294);
#1213=PLANE('',#1295);
#1214=PLANE('',#1296);
#1215=PLANE('',#1297);
#1216=PLANE('',#1298);
#1217=PLANE('',#1301);
#1218=PLANE('',#1304);
#1219=PLANE('',#1431);
#1220=PLANE('',#1432);
#1221=PLANE('',#1433);
#1222=PLANE('',#1434);
#1223=PLANE('',#1435);
#1224=PLANE('',#1436);
#1225=PLANE('',#1437);
#1226=PLANE('',#1438);
#1227=PLANE('',#1439);
#1228=PLANE('',#1440);
#1229=PLANE('',#1441);
#1230=PLANE('',#1442);
#1231=PLANE('',#1443);
#1232=PLANE('',#1444);
#1233=PLANE('',#1445);
#1234=PLANE('',#1446);
#1235=PLANE('',#1447);
#1236=PLANE('',#1448);
#1237=ADVANCED_FACE('',(#167,#23,#24),#1209,.F.);
#1238=ADVANCED_FACE('',(#168,#25,#26),#1210,.F.);
#1239=ADVANCED_FACE('',(#169),#1211,.T.);
#1240=ADVANCED_FACE('',(#170),#1212,.T.);
#1241=ADVANCED_FACE('',(#171),#1213,.F.);
#1242=ADVANCED_FACE('',(#172),#1214,.F.);
#1243=ADVANCED_FACE('',(#173),#1215,.T.);
#1244=ADVANCED_FACE('',(#174,#27,#28),#1216,.F.);
#1245=ADVANCED_FACE('',(#175,#29,#30),#1217,.F.);
#1246=ADVANCED_FACE('',(#176),#1218,.T.);
#1247=ADVANCED_FACE('',(#177),#15,.F.);
#1248=ADVANCED_FACE('',(#178),#16,.F.);
#1249=ADVANCED_FACE('',(#179),#17,.F.);
#1250=ADVANCED_FACE('',(#180),#18,.F.);
#1251=ADVANCED_FACE('',(#181),#19,.F.);
#1252=ADVANCED_FACE('',(#182),#20,.F.);
#1253=ADVANCED_FACE('',(#183),#21,.F.);
#1254=ADVANCED_FACE('',(#184),#22,.F.);
#1255=ADVANCED_FACE('',(#185),#1219,.T.);
#1256=ADVANCED_FACE('',(#186),#1220,.T.);
#1257=ADVANCED_FACE('',(#187),#1221,.T.);
#1258=ADVANCED_FACE('',(#188),#1222,.T.);
#1259=ADVANCED_FACE('',(#189,#31,#32),#1223,.T.);
#1260=ADVANCED_FACE('',(#190),#1224,.T.);
#1261=ADVANCED_FACE('',(#191),#1225,.T.);
#1262=ADVANCED_FACE('',(#192,#33,#34),#1226,.T.);
#1263=ADVANCED_FACE('',(#193,#35),#1227,.T.);
#1264=ADVANCED_FACE('',(#194,#36,#37),#1228,.T.);
#1265=ADVANCED_FACE('',(#195),#1229,.T.);
#1266=ADVANCED_FACE('',(#196),#1230,.T.);
#1267=ADVANCED_FACE('',(#197,#38),#1231,.T.);
#1268=ADVANCED_FACE('',(#198,#39,#40),#1232,.T.);
#1269=ADVANCED_FACE('',(#199),#1233,.T.);
#1270=ADVANCED_FACE('',(#200),#1234,.T.);
#1271=ADVANCED_FACE('',(#201),#1235,.T.);
#1272=ADVANCED_FACE('',(#202),#1236,.T.);
#1273=CLOSED_SHELL('',(#1237,#1238,#1239,#1240,#1241,#1242,#1243,#1244,
#1245,#1246,#1247,#1248,#1249,#1250,#1251,#1252,#1253,#1254,#1255,#1256,
#1257,#1258,#1259,#1260,#1261,#1262,#1263,#1264,#1265,#1266,#1267,#1268,
#1269,#1270,#1271,#1272));
#1274=DERIVED_UNIT_ELEMENT(#1276,1.);
#1275=DERIVED_UNIT_ELEMENT(#2277,-3.);
#1276=(
MASS_UNIT()
NAMED_UNIT(*)
SI_UNIT(.KILO.,.GRAM.)
);
#1277=DERIVED_UNIT((#1274,#1275));
#1278=MEASURE_REPRESENTATION_ITEM('density measure',
POSITIVE_RATIO_MEASURE(7850.),#1277);
#1279=PROPERTY_DEFINITION_REPRESENTATION(#1284,#1281);
#1280=PROPERTY_DEFINITION_REPRESENTATION(#1285,#1282);
#1281=REPRESENTATION('material name',(#1283),#2274);
#1282=REPRESENTATION('density',(#1278),#2274);
#1283=DESCRIPTIVE_REPRESENTATION_ITEM('Steel','Steel');
#1284=PROPERTY_DEFINITION('material property','material name',#2284);
#1285=PROPERTY_DEFINITION('material property','density of part',#2284);
#1286=AXIS2_PLACEMENT_3D('',#1855,#1449,#1450);
#1287=AXIS2_PLACEMENT_3D('',#1856,#1451,#1452);
#1288=AXIS2_PLACEMENT_3D('',#1866,#1457,#1458);
#1289=AXIS2_PLACEMENT_3D('',#1868,#1459,#1460);
#1290=AXIS2_PLACEMENT_3D('',#1869,#1461,#1462);
#1291=AXIS2_PLACEMENT_3D('',#1879,#1467,#1468);
#1292=AXIS2_PLACEMENT_3D('',#1881,#1469,#1470);
#1293=AXIS2_PLACEMENT_3D('',#1882,#1471,#1472);
#1294=AXIS2_PLACEMENT_3D('',#1888,#1476,#1477);
#1295=AXIS2_PLACEMENT_3D('',#1901,#1485,#1486);
#1296=AXIS2_PLACEMENT_3D('',#1903,#1488,#1489);
#1297=AXIS2_PLACEMENT_3D('',#1912,#1494,#1495);
#1298=AXIS2_PLACEMENT_3D('',#1930,#1505,#1506);
#1299=AXIS2_PLACEMENT_3D('',#1935,#1509,#1510);
#1300=AXIS2_PLACEMENT_3D('',#1937,#1511,#1512);
#1301=AXIS2_PLACEMENT_3D('',#1938,#1513,#1514);
#1302=AXIS2_PLACEMENT_3D('',#1943,#1517,#1518);
#1303=AXIS2_PLACEMENT_3D('',#1945,#1519,#1520);
#1304=AXIS2_PLACEMENT_3D('',#1946,#1521,#1522);
#1305=AXIS2_PLACEMENT_3D('',#1950,#1525,#1526);
#1306=AXIS2_PLACEMENT_3D('',#1954,#1528,#1529);
#1307=AXIS2_PLACEMENT_3D('',#1956,#1530,#1531);
#1308=AXIS2_PLACEMENT_3D('',#1958,#1532,#1533);
#1309=AXIS2_PLACEMENT_3D('',#1960,#1534,#1535);
#1310=AXIS2_PLACEMENT_3D('',#1962,#1536,#1537);
#1311=AXIS2_PLACEMENT_3D('',#1964,#1538,#1539);
#1312=AXIS2_PLACEMENT_3D('',#1966,#1540,#1541);
#1313=AXIS2_PLACEMENT_3D('',#1968,#1542,#1543);
#1314=AXIS2_PLACEMENT_3D('',#1970,#1544,#1545);
#1315=AXIS2_PLACEMENT_3D('',#1972,#1546,#1547);
#1316=AXIS2_PLACEMENT_3D('',#1974,#1548,#1549);
#1317=AXIS2_PLACEMENT_3D('',#1976,#1550,#1551);
#1318=AXIS2_PLACEMENT_3D('',#1978,#1552,#1553);
#1319=AXIS2_PLACEMENT_3D('',#1980,#1554,#1555);
#1320=AXIS2_PLACEMENT_3D('',#1982,#1556,#1557);
#1321=AXIS2_PLACEMENT_3D('',#1983,#1558,#1559);
#1322=AXIS2_PLACEMENT_3D('',#1984,#1560,#1561);
#1323=AXIS2_PLACEMENT_3D('',#1987,#1562,#1563);
#1324=AXIS2_PLACEMENT_3D('',#1989,#1564,#1565);
#1325=AXIS2_PLACEMENT_3D('',#1991,#1566,#1567);
#1326=AXIS2_PLACEMENT_3D('',#1993,#1568,#1569);
#1327=AXIS2_PLACEMENT_3D('',#1995,#1570,#1571);
#1328=AXIS2_PLACEMENT_3D('',#1997,#1572,#1573);
#1329=AXIS2_PLACEMENT_3D('',#1999,#1574,#1575);
#1330=AXIS2_PLACEMENT_3D('',#2001,#1576,#1577);
#1331=AXIS2_PLACEMENT_3D('',#2003,#1578,#1579);
#1332=AXIS2_PLACEMENT_3D('',#2005,#1580,#1581);
#1333=AXIS2_PLACEMENT_3D('',#2007,#1582,#1583);
#1334=AXIS2_PLACEMENT_3D('',#2009,#1584,#1585);
#1335=AXIS2_PLACEMENT_3D('',#2011,#1586,#1587);
#1336=AXIS2_PLACEMENT_3D('',#2014,#1589,#1590);
#1337=AXIS2_PLACEMENT_3D('',#2016,#1591,#1592);
#1338=AXIS2_PLACEMENT_3D('',#2017,#1593,#1594);
#1339=AXIS2_PLACEMENT_3D('',#2018,#1595,#1596);
#1340=AXIS2_PLACEMENT_3D('',#2022,#1598,#1599);
#1341=AXIS2_PLACEMENT_3D('',#2024,#1600,#1601);
#1342=AXIS2_PLACEMENT_3D('',#2026,#1602,#1603);
#1343=AXIS2_PLACEMENT_3D('',#2028,#1604,#1605);
#1344=AXIS2_PLACEMENT_3D('',#2030,#1606,#1607);
#1345=AXIS2_PLACEMENT_3D('',#2032,#1608,#1609);
#1346=AXIS2_PLACEMENT_3D('',#2034,#1610,#1611);
#1347=AXIS2_PLACEMENT_3D('',#2036,#1612,#1613);
#1348=AXIS2_PLACEMENT_3D('',#2038,#1614,#1615);
#1349=AXIS2_PLACEMENT_3D('',#2040,#1616,#1617);
#1350=AXIS2_PLACEMENT_3D('',#2042,#1618,#1619);
#1351=AXIS2_PLACEMENT_3D('',#2044,#1620,#1621);
#1352=AXIS2_PLACEMENT_3D('',#2046,#1622,#1623);
#1353=AXIS2_PLACEMENT_3D('',#2048,#1624,#1625);
#1354=AXIS2_PLACEMENT_3D('',#2050,#1626,#1627);
#1355=AXIS2_PLACEMENT_3D('',#2052,#1628,#1629);
#1356=AXIS2_PLACEMENT_3D('',#2054,#1630,#1631);
#1357=AXIS2_PLACEMENT_3D('',#2055,#1632,#1633);
#1358=AXIS2_PLACEMENT_3D('',#2056,#1634,#1635);
#1359=AXIS2_PLACEMENT_3D('',#2059,#1636,#1637);
#1360=AXIS2_PLACEMENT_3D('',#2061,#1638,#1639);
#1361=AXIS2_PLACEMENT_3D('',#2063,#1640,#1641);
#1362=AXIS2_PLACEMENT_3D('',#2065,#1642,#1643);
#1363=AXIS2_PLACEMENT_3D('',#2067,#1644,#1645);
#1364=AXIS2_PLACEMENT_3D('',#2069,#1646,#1647);
#1365=AXIS2_PLACEMENT_3D('',#2071,#1648,#1649);
#1366=AXIS2_PLACEMENT_3D('',#2073,#1650,#1651);
#1367=AXIS2_PLACEMENT_3D('',#2075,#1652,#1653);
#1368=AXIS2_PLACEMENT_3D('',#2077,#1654,#1655);
#1369=AXIS2_PLACEMENT_3D('',#2079,#1656,#1657);
#1370=AXIS2_PLACEMENT_3D('',#2082,#1659,#1660);
#1371=AXIS2_PLACEMENT_3D('',#2084,#1661,#1662);
#1372=AXIS2_PLACEMENT_3D('',#2086,#1663,#1664);
#1373=AXIS2_PLACEMENT_3D('',#2088,#1665,#1666);
#1374=AXIS2_PLACEMENT_3D('',#2090,#1667,#1668);
#1375=AXIS2_PLACEMENT_3D('',#2092,#1669,#1670);
#1376=AXIS2_PLACEMENT_3D('',#2093,#1671,#1672);
#1377=AXIS2_PLACEMENT_3D('',#2094,#1673,#1674);
#1378=AXIS2_PLACEMENT_3D('',#2098,#1676,#1677);
#1379=AXIS2_PLACEMENT_3D('',#2100,#1678,#1679);
#1380=AXIS2_PLACEMENT_3D('',#2102,#1680,#1681);
#1381=AXIS2_PLACEMENT_3D('',#2104,#1682,#1683);
#1382=AXIS2_PLACEMENT_3D('',#2106,#1684,#1685);
#1383=AXIS2_PLACEMENT_3D('',#2108,#1686,#1687);
#1384=AXIS2_PLACEMENT_3D('',#2110,#1688,#1689);
#1385=AXIS2_PLACEMENT_3D('',#2112,#1690,#1691);
#1386=AXIS2_PLACEMENT_3D('',#2114,#1692,#1693);
#1387=AXIS2_PLACEMENT_3D('',#2116,#1694,#1695);
#1388=AXIS2_PLACEMENT_3D('',#2118,#1696,#1697);
#1389=AXIS2_PLACEMENT_3D('',#2120,#1698,#1699);
#1390=AXIS2_PLACEMENT_3D('',#2121,#1700,#1701);
#1391=AXIS2_PLACEMENT_3D('',#2122,#1702,#1703);
#1392=AXIS2_PLACEMENT_3D('',#2125,#1704,#1705);
#1393=AXIS2_PLACEMENT_3D('',#2127,#1706,#1707);
#1394=AXIS2_PLACEMENT_3D('',#2129,#1708,#1709);
#1395=AXIS2_PLACEMENT_3D('',#2131,#1710,#1711);
#1396=AXIS2_PLACEMENT_3D('',#2133,#1712,#1713);
#1397=AXIS2_PLACEMENT_3D('',#2135,#1714,#1715);
#1398=AXIS2_PLACEMENT_3D('',#2138,#1717,#1718);
#1399=AXIS2_PLACEMENT_3D('',#2140,#1719,#1720);
#1400=AXIS2_PLACEMENT_3D('',#2142,#1721,#1722);
#1401=AXIS2_PLACEMENT_3D('',#2144,#1723,#1724);
#1402=AXIS2_PLACEMENT_3D('',#2146,#1725,#1726);
#1403=AXIS2_PLACEMENT_3D('',#2148,#1727,#1728);
#1404=AXIS2_PLACEMENT_3D('',#2149,#1729,#1730);
#1405=AXIS2_PLACEMENT_3D('',#2150,#1731,#1732);
#1406=AXIS2_PLACEMENT_3D('',#2154,#1734,#1735);
#1407=AXIS2_PLACEMENT_3D('',#2156,#1736,#1737);
#1408=AXIS2_PLACEMENT_3D('',#2158,#1738,#1739);
#1409=AXIS2_PLACEMENT_3D('',#2160,#1740,#1741);
#1410=AXIS2_PLACEMENT_3D('',#2162,#1742,#1743);
#1411=AXIS2_PLACEMENT_3D('',#2164,#1744,#1745);
#1412=AXIS2_PLACEMENT_3D('',#2166,#1746,#1747);
#1413=AXIS2_PLACEMENT_3D('',#2168,#1748,#1749);
#1414=AXIS2_PLACEMENT_3D('',#2170,#1750,#1751);
#1415=AXIS2_PLACEMENT_3D('',#2172,#1752,#1753);
#1416=AXIS2_PLACEMENT_3D('',#2174,#1754,#1755);
#1417=AXIS2_PLACEMENT_3D('',#2175,#1756,#1757);
#1418=AXIS2_PLACEMENT_3D('',#2176,#1758,#1759);
#1419=AXIS2_PLACEMENT_3D('',#2179,#1760,#1761);
#1420=AXIS2_PLACEMENT_3D('',#2181,#1762,#1763);
#1421=AXIS2_PLACEMENT_3D('',#2183,#1764,#1765);
#1422=AXIS2_PLACEMENT_3D('',#2185,#1766,#1767);
#1423=AXIS2_PLACEMENT_3D('',#2187,#1768,#1769);
#1424=AXIS2_PLACEMENT_3D('',#2189,#1770,#1771);
#1425=AXIS2_PLACEMENT_3D('',#2192,#1773,#1774);
#1426=AXIS2_PLACEMENT_3D('',#2194,#1775,#1776);
#1427=AXIS2_PLACEMENT_3D('',#2196,#1777,#1778);
#1428=AXIS2_PLACEMENT_3D('',#2198,#1779,#1780);
#1429=AXIS2_PLACEMENT_3D('',#2200,#1781,#1782);
#1430=AXIS2_PLACEMENT_3D('',#2201,#1783,#1784);
#1431=AXIS2_PLACEMENT_3D('',#2202,#1785,#1786);
#1432=AXIS2_PLACEMENT_3D('',#2214,#1793,#1794);
#1433=AXIS2_PLACEMENT_3D('',#2223,#1799,#1800);
#1434=AXIS2_PLACEMENT_3D('',#2227,#1803,#1804);
#1435=AXIS2_PLACEMENT_3D('',#2231,#1807,#1808);
#1436=AXIS2_PLACEMENT_3D('',#2235,#1811,#1812);
#1437=AXIS2_PLACEMENT_3D('',#2239,#1815,#1816);
#1438=AXIS2_PLACEMENT_3D('',#2245,#1820,#1821);
#1439=AXIS2_PLACEMENT_3D('',#2249,#1824,#1825);
#1440=AXIS2_PLACEMENT_3D('',#2254,#1829,#1830);
#1441=AXIS2_PLACEMENT_3D('',#2257,#1833,#1834);
#1442=AXIS2_PLACEMENT_3D('',#2261,#1837,#1838);
#1443=AXIS2_PLACEMENT_3D('',#2262,#1839,#1840);
#1444=AXIS2_PLACEMENT_3D('',#2265,#1843,#1844);
#1445=AXIS2_PLACEMENT_3D('',#2267,#1846,#1847);
#1446=AXIS2_PLACEMENT_3D('',#2269,#1849,#1850);
#1447=AXIS2_PLACEMENT_3D('',#2270,#1851,#1852);
#1448=AXIS2_PLACEMENT_3D('',#2271,#1853,#1854);
#1449=DIRECTION('axis',(0.,0.,1.));
#1450=DIRECTION('refdir',(1.,0.,0.));
#1451=DIRECTION('center_axis',(0.,0.,-1.));
#1452=DIRECTION('ref_axis',(0.,-1.,0.));
#1453=DIRECTION('',(0.,1.,0.));
#1454=DIRECTION('',(1.,0.,0.));
#1455=DIRECTION('',(0.,1.,0.));
#1456=DIRECTION('',(-1.,0.,0.));
#1457=DIRECTION('center_axis',(0.,0.,1.));
#1458=DIRECTION('ref_axis',(-1.,0.,0.));
#1459=DIRECTION('center_axis',(0.,0.,1.));
#1460=DIRECTION('ref_axis',(-1.,0.,0.));
#1461=DIRECTION('center_axis',(0.,0.,1.));
#1462=DIRECTION('ref_axis',(0.,1.,0.));
#1463=DIRECTION('',(0.,-1.,0.));
#1464=DIRECTION('',(1.,0.,0.));
#1465=DIRECTION('',(0.,-1.,0.));
#1466=DIRECTION('',(-1.,0.,0.));
#1467=DIRECTION('center_axis',(0.,0.,-1.));
#1468=DIRECTION('ref_axis',(-1.,0.,0.));
#1469=DIRECTION('center_axis',(0.,0.,-1.));
#1470=DIRECTION('ref_axis',(-1.,0.,0.));
#1471=DIRECTION('center_axis',(-1.,0.,0.));
#1472=DIRECTION('ref_axis',(0.,0.,1.));
#1473=DIRECTION('',(0.,0.,-1.));
#1474=DIRECTION('',(0.,-1.,0.));
#1475=DIRECTION('',(0.,0.,-1.));
#1476=DIRECTION('center_axis',(0.,1.,0.));
#1477=DIRECTION('ref_axis',(0.,0.,1.));
#1478=DIRECTION('',(0.,0.,1.));
#1479=DIRECTION('',(0.,0.,-1.));
#1480=DIRECTION('',(0.707107202655058,0.,0.707106359717786));
#1481=DIRECTION('',(1.,0.,0.));
#1482=DIRECTION('',(0.,0.,-1.));
#1483=DIRECTION('',(1.,0.,0.));
#1484=DIRECTION('',(0.707106781186548,0.,-0.707106781186548));
#1485=DIRECTION('center_axis',(1.,0.,0.));
#1486=DIRECTION('ref_axis',(0.,0.,-1.));
#1487=DIRECTION('',(0.,0.,-1.));
#1488=DIRECTION('center_axis',(-1.,0.,0.));
#1489=DIRECTION('ref_axis',(0.,0.,1.));
#1490=DIRECTION('',(0.,0.,1.));
#1491=DIRECTION('',(0.,-1.,0.));
#1492=DIRECTION('',(0.,0.,-1.));
#1493=DIRECTION('',(0.,1.,0.));
#1494=DIRECTION('center_axis',(0.,-1.,0.));
#1495=DIRECTION('ref_axis',(0.,0.,-1.));
#1496=DIRECTION('',(-1.,0.,0.));
#1497=DIRECTION('',(1.,0.,0.));
#1498=DIRECTION('',(0.,0.,1.));
#1499=DIRECTION('',(0.707107097288001,0.,-0.707106465084953));
#1500=DIRECTION('',(1.,0.,0.));
#1501=DIRECTION('',(0.,0.,1.));
#1502=DIRECTION('',(1.,0.,0.));
#1503=DIRECTION('',(0.707106675819428,0.,0.707106886553652));
#1504=DIRECTION('',(0.,0.,1.));
#1505=DIRECTION('center_axis',(0.,0.,-1.));
#1506=DIRECTION('ref_axis',(0.,1.,0.));
#1507=DIRECTION('',(0.,-1.,0.));
#1508=DIRECTION('',(1.,0.,0.));
#1509=DIRECTION('center_axis',(0.,0.,1.));
#1510=DIRECTION('ref_axis',(-1.,0.,0.));
#1511=DIRECTION('center_axis',(0.,0.,1.));
#1512=DIRECTION('ref_axis',(-1.,0.,0.));
#1513=DIRECTION('center_axis',(0.,0.,1.));
#1514=DIRECTION('ref_axis',(0.,-1.,0.));
#1515=DIRECTION('',(0.,1.,0.));
#1516=DIRECTION('',(-1.,0.,0.));
#1517=DIRECTION('center_axis',(0.,0.,-1.));
#1518=DIRECTION('ref_axis',(-1.,0.,0.));
#1519=DIRECTION('center_axis',(0.,0.,-1.));
#1520=DIRECTION('ref_axis',(-1.,0.,0.));
#1521=DIRECTION('center_axis',(1.,0.,0.));
#1522=DIRECTION('ref_axis',(0.,0.,-1.));
#1523=DIRECTION('',(0.,0.,-1.));
#1524=DIRECTION('',(0.,1.,0.));
#1525=DIRECTION('center_axis',(0.,0.,-1.));
#1526=DIRECTION('ref_axis',(-1.,0.,0.));
#1527=DIRECTION('',(0.,0.,-1.));
#1528=DIRECTION('center_axis',(0.,0.,1.));
#1529=DIRECTION('ref_axis',(-1.,0.,0.));
#1530=DIRECTION('center_axis',(0.,0.,1.));
#1531=DIRECTION('ref_axis',(-1.,0.,0.));
#1532=DIRECTION('center_axis',(0.,0.,1.));
#1533=DIRECTION('ref_axis',(-1.,0.,0.));
#1534=DIRECTION('center_axis',(0.,0.,1.));
#1535=DIRECTION('ref_axis',(-1.,0.,0.));
#1536=DIRECTION('center_axis',(0.,0.,1.));
#1537=DIRECTION('ref_axis',(-1.,0.,0.));
#1538=DIRECTION('center_axis',(0.,0.,1.));
#1539=DIRECTION('ref_axis',(-1.,0.,0.));
#1540=DIRECTION('center_axis',(0.,0.,1.));
#1541=DIRECTION('ref_axis',(-1.,0.,0.));
#1542=DIRECTION('center_axis',(0.,0.,1.));
#1543=DIRECTION('ref_axis',(-1.,0.,0.));
#1544=DIRECTION('center_axis',(0.,0.,1.));
#1545=DIRECTION('ref_axis',(-1.,0.,0.));
#1546=DIRECTION('center_axis',(0.,0.,1.));
#1547=DIRECTION('ref_axis',(-1.,0.,0.));
#1548=DIRECTION('center_axis',(0.,0.,1.));
#1549=DIRECTION('ref_axis',(-1.,0.,0.));
#1550=DIRECTION('center_axis',(0.,0.,1.));
#1551=DIRECTION('ref_axis',(-1.,0.,0.));
#1552=DIRECTION('center_axis',(0.,0.,1.));
#1553=DIRECTION('ref_axis',(-1.,0.,0.));
#1554=DIRECTION('center_axis',(0.,0.,1.));
#1555=DIRECTION('ref_axis',(-1.,0.,0.));
#1556=DIRECTION('center_axis',(0.,0.,1.));
#1557=DIRECTION('ref_axis',(-1.,0.,0.));
#1558=DIRECTION('center_axis',(0.,0.,1.));
#1559=DIRECTION('ref_axis',(-1.,0.,0.));
#1560=DIRECTION('center_axis',(0.,0.,-1.));
#1561=DIRECTION('ref_axis',(-1.,0.,0.));
#1562=DIRECTION('center_axis',(0.,0.,1.));
#1563=DIRECTION('ref_axis',(-1.,0.,0.));
#1564=DIRECTION('center_axis',(0.,0.,1.));
#1565=DIRECTION('ref_axis',(-1.,0.,0.));
#1566=DIRECTION('center_axis',(0.,0.,1.));
#1567=DIRECTION('ref_axis',(-1.,0.,0.));
#1568=DIRECTION('center_axis',(0.,0.,1.));
#1569=DIRECTION('ref_axis',(-1.,0.,0.));
#1570=DIRECTION('center_axis',(0.,0.,1.));
#1571=DIRECTION('ref_axis',(-1.,0.,0.));
#1572=DIRECTION('center_axis',(0.,0.,1.));
#1573=DIRECTION('ref_axis',(-1.,0.,0.));
#1574=DIRECTION('center_axis',(0.,0.,1.));
#1575=DIRECTION('ref_axis',(-1.,0.,0.));
#1576=DIRECTION('center_axis',(0.,0.,1.));
#1577=DIRECTION('ref_axis',(-1.,0.,0.));
#1578=DIRECTION('center_axis',(0.,0.,1.));
#1579=DIRECTION('ref_axis',(-1.,0.,0.));
#1580=DIRECTION('center_axis',(0.,0.,1.));
#1581=DIRECTION('ref_axis',(-1.,0.,0.));
#1582=DIRECTION('center_axis',(0.,0.,1.));
#1583=DIRECTION('ref_axis',(-1.,0.,0.));
#1584=DIRECTION('center_axis',(0.,0.,1.));
#1585=DIRECTION('ref_axis',(-1.,0.,0.));
#1586=DIRECTION('center_axis',(0.,0.,1.));
#1587=DIRECTION('ref_axis',(-1.,0.,0.));
#1588=DIRECTION('',(0.,0.,-1.));
#1589=DIRECTION('center_axis',(0.,0.,1.));
#1590=DIRECTION('ref_axis',(-1.,0.,0.));
#1591=DIRECTION('center_axis',(0.,0.,1.));
#1592=DIRECTION('ref_axis',(-1.,0.,0.));
#1593=DIRECTION('center_axis',(0.,0.,1.));
#1594=DIRECTION('ref_axis',(-1.,0.,0.));
#1595=DIRECTION('center_axis',(0.,0.,-1.));
#1596=DIRECTION('ref_axis',(-1.,0.,0.));
#1597=DIRECTION('',(0.,0.,-1.));
#1598=DIRECTION('center_axis',(0.,0.,1.));
#1599=DIRECTION('ref_axis',(-1.,0.,0.));
#1600=DIRECTION('center_axis',(0.,0.,1.));
#1601=DIRECTION('ref_axis',(-1.,0.,0.));
#1602=DIRECTION('center_axis',(0.,0.,1.));
#1603=DIRECTION('ref_axis',(-1.,0.,0.));
#1604=DIRECTION('center_axis',(0.,0.,1.));
#1605=DIRECTION('ref_axis',(-1.,0.,0.));
#1606=DIRECTION('center_axis',(0.,0.,1.));
#1607=DIRECTION('ref_axis',(-1.,0.,0.));
#1608=DIRECTION('center_axis',(0.,0.,1.));
#1609=DIRECTION('ref_axis',(-1.,0.,0.));
#1610=DIRECTION('center_axis',(0.,0.,1.));
#1611=DIRECTION('ref_axis',(-1.,0.,0.));
#1612=DIRECTION('center_axis',(0.,0.,1.));
#1613=DIRECTION('ref_axis',(-1.,0.,0.));
#1614=DIRECTION('center_axis',(0.,0.,1.));
#1615=DIRECTION('ref_axis',(-1.,0.,0.));
#1616=DIRECTION('center_axis',(0.,0.,1.));
#1617=DIRECTION('ref_axis',(-1.,0.,0.));
#1618=DIRECTION('center_axis',(0.,0.,1.));
#1619=DIRECTION('ref_axis',(-1.,0.,0.));
#1620=DIRECTION('center_axis',(0.,0.,1.));
#1621=DIRECTION('ref_axis',(-1.,0.,0.));
#1622=DIRECTION('center_axis',(0.,0.,1.));
#1623=DIRECTION('ref_axis',(-1.,0.,0.));
#1624=DIRECTION('center_axis',(0.,0.,1.));
#1625=DIRECTION('ref_axis',(-1.,0.,0.));
#1626=DIRECTION('center_axis',(0.,0.,1.));
#1627=DIRECTION('ref_axis',(-1.,0.,0.));
#1628=DIRECTION('center_axis',(0.,0.,1.));
#1629=DIRECTION('ref_axis',(-1.,0.,0.));
#1630=DIRECTION('center_axis',(0.,0.,1.));
#1631=DIRECTION('ref_axis',(-1.,0.,0.));
#1632=DIRECTION('center_axis',(0.,0.,1.));
#1633=DIRECTION('ref_axis',(-1.,0.,0.));
#1634=DIRECTION('center_axis',(0.,0.,-1.));
#1635=DIRECTION('ref_axis',(-1.,0.,0.));
#1636=DIRECTION('center_axis',(0.,0.,1.));
#1637=DIRECTION('ref_axis',(-1.,0.,0.));
#1638=DIRECTION('center_axis',(0.,0.,1.));
#1639=DIRECTION('ref_axis',(-1.,0.,0.));
#1640=DIRECTION('center_axis',(0.,0.,1.));
#1641=DIRECTION('ref_axis',(-1.,0.,0.));
#1642=DIRECTION('center_axis',(0.,0.,1.));
#1643=DIRECTION('ref_axis',(-1.,0.,0.));
#1644=DIRECTION('center_axis',(0.,0.,1.));
#1645=DIRECTION('ref_axis',(-1.,0.,0.));
#1646=DIRECTION('center_axis',(0.,0.,1.));
#1647=DIRECTION('ref_axis',(-1.,0.,0.));
#1648=DIRECTION('center_axis',(0.,0.,1.));
#1649=DIRECTION('ref_axis',(-1.,0.,0.));
#1650=DIRECTION('center_axis',(0.,0.,1.));
#1651=DIRECTION('ref_axis',(-1.,0.,0.));
#1652=DIRECTION('center_axis',(0.,0.,1.));
#1653=DIRECTION('ref_axis',(-1.,0.,0.));
#1654=DIRECTION('center_axis',(0.,0.,1.));
#1655=DIRECTION('ref_axis',(-1.,0.,0.));
#1656=DIRECTION('center_axis',(0.,0.,1.));
#1657=DIRECTION('ref_axis',(-1.,0.,0.));
#1658=DIRECTION('',(0.,0.,-1.));
#1659=DIRECTION('center_axis',(0.,0.,1.));
#1660=DIRECTION('ref_axis',(-1.,0.,0.));
#1661=DIRECTION('center_axis',(0.,0.,1.));
#1662=DIRECTION('ref_axis',(-1.,0.,0.));
#1663=DIRECTION('center_axis',(0.,0.,1.));
#1664=DIRECTION('ref_axis',(-1.,0.,0.));
#1665=DIRECTION('center_axis',(0.,0.,1.));
#1666=DIRECTION('ref_axis',(-1.,0.,0.));
#1667=DIRECTION('center_axis',(0.,0.,1.));
#1668=DIRECTION('ref_axis',(-1.,0.,0.));
#1669=DIRECTION('center_axis',(0.,0.,1.));
#1670=DIRECTION('ref_axis',(-1.,0.,0.));
#1671=DIRECTION('center_axis',(0.,0.,1.));
#1672=DIRECTION('ref_axis',(-1.,0.,0.));
#1673=DIRECTION('center_axis',(0.,0.,-1.));
#1674=DIRECTION('ref_axis',(-1.,0.,0.));
#1675=DIRECTION('',(0.,0.,-1.));
#1676=DIRECTION('center_axis',(0.,0.,1.));
#1677=DIRECTION('ref_axis',(-1.,0.,0.));
#1678=DIRECTION('center_axis',(0.,0.,1.));
#1679=DIRECTION('ref_axis',(-1.,0.,0.));
#1680=DIRECTION('center_axis',(0.,0.,1.));
#1681=DIRECTION('ref_axis',(-1.,0.,0.));
#1682=DIRECTION('center_axis',(0.,0.,1.));
#1683=DIRECTION('ref_axis',(-1.,0.,0.));
#1684=DIRECTION('center_axis',(0.,0.,1.));
#1685=DIRECTION('ref_axis',(-1.,0.,0.));
#1686=DIRECTION('center_axis',(0.,0.,1.));
#1687=DIRECTION('ref_axis',(-1.,0.,0.));
#1688=DIRECTION('center_axis',(0.,0.,1.));
#1689=DIRECTION('ref_axis',(-1.,0.,0.));
#1690=DIRECTION('center_axis',(0.,0.,1.));
#1691=DIRECTION('ref_axis',(-1.,0.,0.));
#1692=DIRECTION('center_axis',(0.,0.,1.));
#1693=DIRECTION('ref_axis',(-1.,0.,0.));
#1694=DIRECTION('center_axis',(0.,0.,1.));
#1695=DIRECTION('ref_axis',(-1.,0.,0.));
#1696=DIRECTION('center_axis',(0.,0.,1.));
#1697=DIRECTION('ref_axis',(-1.,0.,0.));
#1698=DIRECTION('center_axis',(0.,0.,1.));
#1699=DIRECTION('ref_axis',(-1.,0.,0.));
#1700=DIRECTION('center_axis',(0.,0.,1.));
#1701=DIRECTION('ref_axis',(-1.,0.,0.));
#1702=DIRECTION('center_axis',(0.,0.,-1.));
#1703=DIRECTION('ref_axis',(-1.,0.,0.));
#1704=DIRECTION('center_axis',(0.,0.,-1.));
#1705=DIRECTION('ref_axis',(-1.,0.,0.));
#1706=DIRECTION('center_axis',(0.,0.,-1.));
#1707=DIRECTION('ref_axis',(-1.,0.,0.));
#1708=DIRECTION('center_axis',(0.,0.,-1.));
#1709=DIRECTION('ref_axis',(-1.,0.,0.));
#1710=DIRECTION('center_axis',(0.,0.,-1.));
#1711=DIRECTION('ref_axis',(-1.,0.,0.));
#1712=DIRECTION('center_axis',(0.,0.,-1.));
#1713=DIRECTION('ref_axis',(-1.,0.,0.));
#1714=DIRECTION('center_axis',(0.,0.,-1.));
#1715=DIRECTION('ref_axis',(-1.,0.,0.));
#1716=DIRECTION('',(0.,0.,-1.));
#1717=DIRECTION('center_axis',(0.,0.,-1.));
#1718=DIRECTION('ref_axis',(-1.,0.,0.));
#1719=DIRECTION('center_axis',(0.,0.,-1.));
#1720=DIRECTION('ref_axis',(-1.,0.,0.));
#1721=DIRECTION('center_axis',(0.,0.,-1.));
#1722=DIRECTION('ref_axis',(-1.,0.,0.));
#1723=DIRECTION('center_axis',(0.,0.,-1.));
#1724=DIRECTION('ref_axis',(-1.,0.,0.));
#1725=DIRECTION('center_axis',(0.,0.,-1.));
#1726=DIRECTION('ref_axis',(-1.,0.,0.));
#1727=DIRECTION('center_axis',(0.,0.,-1.));
#1728=DIRECTION('ref_axis',(-1.,0.,0.));
#1729=DIRECTION('center_axis',(0.,0.,-1.));
#1730=DIRECTION('ref_axis',(-1.,0.,0.));
#1731=DIRECTION('center_axis',(0.,0.,-1.));
#1732=DIRECTION('ref_axis',(-1.,0.,0.));
#1733=DIRECTION('',(0.,0.,-1.));
#1734=DIRECTION('center_axis',(0.,0.,1.));
#1735=DIRECTION('ref_axis',(-1.,0.,0.));
#1736=DIRECTION('center_axis',(0.,0.,1.));
#1737=DIRECTION('ref_axis',(-1.,0.,0.));
#1738=DIRECTION('center_axis',(0.,0.,1.));
#1739=DIRECTION('ref_axis',(-1.,0.,0.));
#1740=DIRECTION('center_axis',(0.,0.,1.));
#1741=DIRECTION('ref_axis',(-1.,0.,0.));
#1742=DIRECTION('center_axis',(0.,0.,1.));
#1743=DIRECTION('ref_axis',(-1.,0.,0.));
#1744=DIRECTION('center_axis',(0.,0.,1.));
#1745=DIRECTION('ref_axis',(-1.,0.,0.));
#1746=DIRECTION('center_axis',(0.,0.,1.));
#1747=DIRECTION('ref_axis',(-1.,0.,0.));
#1748=DIRECTION('center_axis',(0.,0.,1.));
#1749=DIRECTION('ref_axis',(-1.,0.,0.));
#1750=DIRECTION('center_axis',(0.,0.,1.));
#1751=DIRECTION('ref_axis',(-1.,0.,0.));
#1752=DIRECTION('center_axis',(0.,0.,1.));
#1753=DIRECTION('ref_axis',(-1.,0.,0.));
#1754=DIRECTION('center_axis',(0.,0.,1.));
#1755=DIRECTION('ref_axis',(-1.,0.,0.));
#1756=DIRECTION('center_axis',(0.,0.,1.));
#1757=DIRECTION('ref_axis',(-1.,0.,0.));
#1758=DIRECTION('center_axis',(0.,0.,-1.));
#1759=DIRECTION('ref_axis',(-1.,0.,0.));
#1760=DIRECTION('center_axis',(0.,0.,-1.));
#1761=DIRECTION('ref_axis',(-1.,0.,0.));
#1762=DIRECTION('center_axis',(0.,0.,-1.));
#1763=DIRECTION('ref_axis',(-1.,0.,0.));
#1764=DIRECTION('center_axis',(0.,0.,-1.));
#1765=DIRECTION('ref_axis',(-1.,0.,0.));
#1766=DIRECTION('center_axis',(0.,0.,-1.));
#1767=DIRECTION('ref_axis',(-1.,0.,0.));
#1768=DIRECTION('center_axis',(0.,0.,-1.));
#1769=DIRECTION('ref_axis',(-1.,0.,0.));
#1770=DIRECTION('center_axis',(0.,0.,-1.));
#1771=DIRECTION('ref_axis',(-1.,0.,0.));
#1772=DIRECTION('',(0.,0.,-1.));
#1773=DIRECTION('center_axis',(0.,0.,-1.));
#1774=DIRECTION('ref_axis',(-1.,0.,0.));
#1775=DIRECTION('center_axis',(0.,0.,-1.));
#1776=DIRECTION('ref_axis',(-1.,0.,0.));
#1777=DIRECTION('center_axis',(0.,0.,-1.));
#1778=DIRECTION('ref_axis',(-1.,0.,0.));
#1779=DIRECTION('center_axis',(0.,0.,-1.));
#1780=DIRECTION('ref_axis',(-1.,0.,0.));
#1781=DIRECTION('center_axis',(0.,0.,-1.));
#1782=DIRECTION('ref_axis',(-1.,0.,0.));
#1783=DIRECTION('center_axis',(0.,0.,-1.));
#1784=DIRECTION('ref_axis',(-1.,0.,0.));
#1785=DIRECTION('center_axis',(0.,1.,0.));
#1786=DIRECTION('ref_axis',(0.,0.,1.));
#1787=DIRECTION('',(0.,0.,-1.));
#1788=DIRECTION('',(0.707106675819428,0.,0.707106886553652));
#1789=DIRECTION('',(1.,0.,0.));
#1790=DIRECTION('',(0.,0.,-1.));
#1791=DIRECTION('',(1.,0.,0.));
#1792=DIRECTION('',(0.707107097288001,0.,-0.707106465084953));
#1793=DIRECTION('center_axis',(0.,1.,0.));
#1794=DIRECTION('ref_axis',(0.,0.,1.));
#1795=DIRECTION('',(0.,0.,-1.));
#1796=DIRECTION('',(1.,0.,0.));
#1797=DIRECTION('',(0.,0.,-1.));
#1798=DIRECTION('',(1.,0.,0.));
#1799=DIRECTION('center_axis',(-1.,0.,0.));
#1800=DIRECTION('ref_axis',(0.,0.,1.));
#1801=DIRECTION('',(0.,0.,-1.));
#1802=DIRECTION('',(0.,1.,0.));
#1803=DIRECTION('center_axis',(-0.707106359717786,0.,0.707107202655058));
#1804=DIRECTION('ref_axis',(0.707107202655058,0.,0.707106359717786));
#1805=DIRECTION('',(0.707107202655058,0.,0.707106359717786));
#1806=DIRECTION('',(0.,1.,0.));
#1807=DIRECTION('center_axis',(0.,0.,1.));
#1808=DIRECTION('ref_axis',(1.,0.,0.));
#1809=DIRECTION('',(1.,0.,0.));
#1810=DIRECTION('',(0.,-1.,0.));
#1811=DIRECTION('center_axis',(-0.707106781186548,0.,-0.707106781186548));
#1812=DIRECTION('ref_axis',(-0.707106781186548,0.,0.707106781186548));
#1813=DIRECTION('',(0.,1.,0.));
#1814=DIRECTION('',(0.707106781186548,0.,-0.707106781186548));
#1815=DIRECTION('center_axis',(0.,0.,1.));
#1816=DIRECTION('ref_axis',(1.,0.,0.));
#1817=DIRECTION('',(0.,-1.,0.));
#1818=DIRECTION('',(1.,0.,0.));
#1819=DIRECTION('',(0.,1.,0.));
#1820=DIRECTION('center_axis',(0.,0.,-1.));
#1821=DIRECTION('ref_axis',(-1.,0.,0.));
#1822=DIRECTION('',(0.,-1.,0.));
#1823=DIRECTION('',(1.,0.,0.));
#1824=DIRECTION('center_axis',(1.,0.,0.));
#1825=DIRECTION('ref_axis',(0.,0.,-1.));
#1826=DIRECTION('',(0.,0.,-1.));
#1827=DIRECTION('',(0.,-1.,0.));
#1828=DIRECTION('',(0.,0.,1.));
#1829=DIRECTION('center_axis',(0.,0.,1.));
#1830=DIRECTION('ref_axis',(1.,0.,0.));
#1831=DIRECTION('',(0.,-1.,0.));
#1832=DIRECTION('',(0.,1.,0.));
#1833=DIRECTION('center_axis',(0.,0.,-1.));
#1834=DIRECTION('ref_axis',(-1.,0.,0.));
#1835=DIRECTION('',(0.,1.,0.));
#1836=DIRECTION('',(1.,0.,0.));
#1837=DIRECTION('center_axis',(0.707106465084953,0.,0.707107097288001));
#1838=DIRECTION('ref_axis',(0.707107097288001,0.,-0.707106465084953));
#1839=DIRECTION('center_axis',(-1.,0.,0.));
#1840=DIRECTION('ref_axis',(0.,0.,1.));
#1841=DIRECTION('',(0.,-1.,0.));
#1842=DIRECTION('',(0.,0.,1.));
#1843=DIRECTION('center_axis',(0.,0.,-1.));
#1844=DIRECTION('ref_axis',(-1.,0.,0.));
#1845=DIRECTION('',(0.,1.,0.));
#1846=DIRECTION('center_axis',(0.707106886553652,0.,-0.707106675819428));
#1847=DIRECTION('ref_axis',(-0.707106675819428,0.,-0.707106886553652));
#1848=DIRECTION('',(0.,1.,0.));
#1849=DIRECTION('center_axis',(1.,0.,0.));
#1850=DIRECTION('ref_axis',(0.,0.,-1.));
#1851=DIRECTION('center_axis',(0.,-1.,0.));
#1852=DIRECTION('ref_axis',(0.,0.,-1.));
#1853=DIRECTION('center_axis',(0.,-1.,0.));
#1854=DIRECTION('ref_axis',(0.,0.,-1.));
#1855=CARTESIAN_POINT('',(0.,0.,0.));
#1856=CARTESIAN_POINT('Origin',(-41.800002861023,180.999995954335,47.8999989293516));
#1857=CARTESIAN_POINT('',(-41.800002861023,151.000003814697,47.8999989293516));
#1858=CARTESIAN_POINT('',(-41.800002861023,181.000003814697,47.8999989293516));
#1859=CARTESIAN_POINT('',(-41.800002861023,150.999996624887,47.8999989293516));
#1860=CARTESIAN_POINT('',(-52.0000028610229,180.999995954335,47.8999989293516));
#1861=CARTESIAN_POINT('',(-39.4000016689301,181.000003814697,47.8999989293516));
#1862=CARTESIAN_POINT('',(-52.0000028610229,150.999996624887,47.8999989293516));
#1863=CARTESIAN_POINT('',(-52.0000028610229,185.999999884516,47.8999989293516));
#1864=CARTESIAN_POINT('',(-41.900002861023,151.000003814697,47.8999989293516));
#1865=CARTESIAN_POINT('',(-43.4000059318499,178.000012737555,47.8999989293516));
#1866=CARTESIAN_POINT('Origin',(-45.0000000040849,178.000012737555,47.8999989293516));
#1867=CARTESIAN_POINT('',(-43.399998576568,153.999997989059,47.8999989293516));
#1868=CARTESIAN_POINT('Origin',(-44.9999993860951,153.999997989059,47.8999989293516));
#1869=CARTESIAN_POINT('Origin',(-41.800002861023,150.999996624887,69.0999984554946));
#1870=CARTESIAN_POINT('',(-41.800002861023,181.000003814697,69.0999984554946));
#1871=CARTESIAN_POINT('',(-41.800002861023,151.000003814697,69.0999984554946));
#1872=CARTESIAN_POINT('',(-41.800002861023,180.999995954335,69.0999984554946));
#1873=CARTESIAN_POINT('',(-52.0000028610229,150.999996624887,69.0999984554946));
#1874=CARTESIAN_POINT('',(-41.900002861023,151.000003814697,69.0999984554946));
#1875=CARTESIAN_POINT('',(-52.0000028610229,180.999995954335,69.0999984554946));
#1876=CARTESIAN_POINT('',(-52.0000028610229,151.000000219792,69.0999984554946));
#1877=CARTESIAN_POINT('',(-39.4000016689301,181.000003814697,69.0999984554946));
#1878=CARTESIAN_POINT('',(-43.4000059318499,178.000012737555,69.0999984554946));
#1879=CARTESIAN_POINT('Origin',(-45.0000000040849,178.000012737555,69.0999984554946));
#1880=CARTESIAN_POINT('',(-43.399998576568,153.999997989059,69.0999984554946));
#1881=CARTESIAN_POINT('Origin',(-44.9999993860951,153.999997989059,69.0999984554946));
#1882=CARTESIAN_POINT('Origin',(-52.0000028610229,191.000003814697,45.));
#1883=CARTESIAN_POINT('',(-52.0000028610229,181.000003814697,45.));
#1884=CARTESIAN_POINT('',(-52.0000028610229,181.000003814697,48.0000019073486));
#1885=CARTESIAN_POINT('',(-52.0000028610229,151.000003814697,45.));
#1886=CARTESIAN_POINT('',(-52.0000028610229,191.000003814697,45.));
#1887=CARTESIAN_POINT('',(-52.0000028610229,151.000003814697,48.0000019073486));
#1888=CARTESIAN_POINT('Origin',(-37.0000004768372,181.000003814697,75.9999990463257));
#1889=CARTESIAN_POINT('',(-41.800002861023,181.000003814697,61.9750041974285));
#1890=CARTESIAN_POINT('',(-52.0000028610229,181.000003814697,72.0000028610229));
#1891=CARTESIAN_POINT('',(-52.0000028610229,181.000003814697,72.0000028610229));
#1892=CARTESIAN_POINT('',(-48.0000019073486,181.000003814697,75.9999990463257));
#1893=CARTESIAN_POINT('',(-52.0000028610229,181.000003814697,72.0000028610229));
#1894=CARTESIAN_POINT('',(-37.0000004768372,181.000003814697,75.9999990463257));
#1895=CARTESIAN_POINT('',(-48.0000019073486,181.000003814697,75.9999990463257));
#1896=CARTESIAN_POINT('',(-37.0000004768372,181.000003814697,40.9999990463257));
#1897=CARTESIAN_POINT('',(-37.0000004768372,181.000003814697,75.9999990463257));
#1898=CARTESIAN_POINT('',(-48.0000019073486,181.000003814697,40.9999990463257));
#1899=CARTESIAN_POINT('',(-48.0000019073486,181.000003814697,40.9999990463257));
#1900=CARTESIAN_POINT('',(-52.0000028610229,181.000003814697,45.));
#1901=CARTESIAN_POINT('Origin',(-41.800002861023,191.000003814697,48.0000019073486));
#1902=CARTESIAN_POINT('',(-41.800002861023,151.000003814697,47.97500562794));
#1903=CARTESIAN_POINT('Origin',(-0.2,191.000003814697,69.0000009536743));
#1904=CARTESIAN_POINT('',(-0.2,151.000003814697,47.8999989293516));
#1905=CARTESIAN_POINT('',(-0.2,151.000003814697,69.0999984554946));
#1906=CARTESIAN_POINT('',(-0.2,151.000003814697,55.));
#1907=CARTESIAN_POINT('',(-0.2,181.000003814697,47.8999989293516));
#1908=CARTESIAN_POINT('',(-0.2,180.999995954335,47.8999989293516));
#1909=CARTESIAN_POINT('',(-0.2,181.000003814697,69.0999984554946));
#1910=CARTESIAN_POINT('',(-0.2,181.000003814697,55.));
#1911=CARTESIAN_POINT('',(-0.2,150.999996624887,69.0999984554946));
#1912=CARTESIAN_POINT('Origin',(-5.,151.000003814697,40.9999990463257));
#1913=CARTESIAN_POINT('',(10.,150.999996624887,47.8999989293516));
#1914=CARTESIAN_POINT('',(-2.5,151.000003814697,47.8999989293516));
#1915=CARTESIAN_POINT('',(10.,150.999996624887,69.0999984554946));
#1916=CARTESIAN_POINT('',(-2.5,151.000003814697,69.0999984554946));
#1917=CARTESIAN_POINT('',(10.,151.000003814697,72.0000028610229));
#1918=CARTESIAN_POINT('',(10.,151.000003814697,69.0000009536743));
#1919=CARTESIAN_POINT('',(6.00000023841858,151.000003814697,75.9999990463257));
#1920=CARTESIAN_POINT('',(6.00000023841858,151.000003814697,75.9999990463257));
#1921=CARTESIAN_POINT('',(-5.,151.000003814697,75.9999990463257));
#1922=CARTESIAN_POINT('',(-5.,151.000003814697,75.9999990463257));
#1923=CARTESIAN_POINT('',(-5.,151.000003814697,40.9999990463257));
#1924=CARTESIAN_POINT('',(-5.,151.000003814697,40.9999990463257));
#1925=CARTESIAN_POINT('',(6.00000023841858,151.000003814697,40.9999990463257));
#1926=CARTESIAN_POINT('',(-5.,151.000003814697,40.9999990463257));
#1927=CARTESIAN_POINT('',(10.,151.000003814697,45.));
#1928=CARTESIAN_POINT('',(6.00000023841858,151.000003814697,40.9999990463257));
#1929=CARTESIAN_POINT('',(10.,151.000003814697,45.));
#1930=CARTESIAN_POINT('Origin',(0.,150.999996624887,47.8999989293516));
#1931=CARTESIAN_POINT('',(10.,180.999995954335,47.8999989293516));
#1932=CARTESIAN_POINT('',(10.,151.000000219792,47.8999989293516));
#1933=CARTESIAN_POINT('',(-2.5,181.000003814697,47.8999989293516));
#1934=CARTESIAN_POINT('',(4.60000626277713,178.000004757771,47.8999989293516));
#1935=CARTESIAN_POINT('Origin',(3.00000337839104,178.000004757771,47.8999989293516));
#1936=CARTESIAN_POINT('',(4.60000237763682,154.000005462652,47.8999989293516));
#1937=CARTESIAN_POINT('Origin',(3.00000066512148,154.000005462652,47.8999989293516));
#1938=CARTESIAN_POINT('Origin',(0.,180.999995954335,69.0999984554946));
#1939=CARTESIAN_POINT('',(10.,181.000003814697,69.0999984554946));
#1940=CARTESIAN_POINT('',(10.,185.999999884516,69.0999984554946));
#1941=CARTESIAN_POINT('',(-2.5,181.000003814697,69.0999984554946));
#1942=CARTESIAN_POINT('',(4.60000237763682,154.000005462652,69.0999984554946));
#1943=CARTESIAN_POINT('Origin',(3.00000066512148,154.000005462652,69.0999984554946));
#1944=CARTESIAN_POINT('',(4.60000626277713,178.000004757771,69.0999984554946));
#1945=CARTESIAN_POINT('Origin',(3.00000337839104,178.000004757771,69.0999984554946));
#1946=CARTESIAN_POINT('Origin',(10.,191.000003814697,72.0000028610229));
#1947=CARTESIAN_POINT('',(10.,181.000003814697,72.0000028610229));
#1948=CARTESIAN_POINT('',(10.,181.000003814697,72.0000028610229));
#1949=CARTESIAN_POINT('',(10.,151.000003814697,72.0000028610229));
#1950=CARTESIAN_POINT('Origin',(-45.0000000040849,178.000012737555,75.9999990463257));
#1951=CARTESIAN_POINT('',(-43.4000059318504,178.000011444095,40.9999990463257));
#1952=CARTESIAN_POINT('',(-43.4000059318499,178.000012737555,75.9999990463257));
#1953=CARTESIAN_POINT('',(-43.4502749165616,177.602101711963,40.9999990463257));
#1954=CARTESIAN_POINT('Origin',(-45.0000000040849,178.000012737555,40.9999990463257));
#1955=CARTESIAN_POINT('',(-43.8336560501035,176.904739797965,40.9999990463257));
#1956=CARTESIAN_POINT('Origin',(-45.0000000040849,178.000012737555,40.9999990463257));
#1957=CARTESIAN_POINT('',(-44.1426361063503,176.649121114201,40.9999990463257));
#1958=CARTESIAN_POINT('Origin',(-45.0000000040849,178.000012737555,40.9999990463257));
#1959=CARTESIAN_POINT('',(-44.8995361702637,176.403175848803,40.9999990463257));
#1960=CARTESIAN_POINT('Origin',(-45.0000000040849,178.000012737555,40.9999990463257));
#1961=CARTESIAN_POINT('',(-45.2998107668645,176.428359296841,40.9999990463257));
#1962=CARTESIAN_POINT('Origin',(-45.0000000040849,178.000012737555,40.9999990463257));
#1963=CARTESIAN_POINT('',(-45.6812400873434,176.552292812933,40.9999990463257));
#1964=CARTESIAN_POINT('Origin',(-45.0000000040849,178.000012737555,40.9999990463257));
#1965=CARTESIAN_POINT('',(-46.0198677491378,176.767190441445,40.9999990463257));
#1966=CARTESIAN_POINT('Origin',(-45.0000000040849,178.000012737555,40.9999990463257));
#1967=CARTESIAN_POINT('',(-46.2944109775315,177.059544097457,40.9999990463257));
#1968=CARTESIAN_POINT('Origin',(-45.0000000040849,178.000012737555,40.9999990463257));
#1969=CARTESIAN_POINT('',(-46.4876403633595,177.411024458687,40.9999990463257));
#1970=CARTESIAN_POINT('Origin',(-45.0000000040849,178.000012737555,40.9999990463257));
#1971=CARTESIAN_POINT('',(-46.5873768461273,177.799473981864,40.9999990463257));
#1972=CARTESIAN_POINT('Origin',(-45.0000000040849,178.000012737555,40.9999990463257));
#1973=CARTESIAN_POINT('',(-46.5873795394195,178.200530173176,40.9999990463257));
#1974=CARTESIAN_POINT('Origin',(-45.0000000040849,178.000012737555,40.9999990463257));
#1975=CARTESIAN_POINT('',(-46.4876412487804,178.588998780062,40.9999990463257));
#1976=CARTESIAN_POINT('Origin',(-45.0000000040849,178.000012737555,40.9999990463257));
#1977=CARTESIAN_POINT('',(-44.8995348128824,179.596849540909,40.9999990463257));
#1978=CARTESIAN_POINT('Origin',(-45.0000000040849,178.000012737555,40.9999990463257));
#1979=CARTESIAN_POINT('',(-44.1426787818918,179.350931444645,40.9999990463257));
#1980=CARTESIAN_POINT('Origin',(-45.0000000040849,178.000012737555,40.9999990463257));
#1981=CARTESIAN_POINT('',(-43.8336547591966,179.095284302471,40.9999990463257));
#1982=CARTESIAN_POINT('Origin',(-45.0000000040849,178.000012737555,40.9999990463257));
#1983=CARTESIAN_POINT('Origin',(-45.0000000040849,178.000012737555,40.9999990463257));
#1984=CARTESIAN_POINT('Origin',(-45.0000000040849,178.000012737555,75.9999990463257));
#1985=CARTESIAN_POINT('',(-44.8995348128824,179.596849540909,75.9999990463257));
#1986=CARTESIAN_POINT('',(-46.4876412487804,178.588998780062,75.9999990463257));
#1987=CARTESIAN_POINT('Origin',(-45.0000000040849,178.000012737555,75.9999990463257));
#1988=CARTESIAN_POINT('',(-46.5873795394195,178.200530173176,75.9999990463257));
#1989=CARTESIAN_POINT('Origin',(-45.0000000040849,178.000012737555,75.9999990463257));
#1990=CARTESIAN_POINT('',(-46.5873768461273,177.799473981864,75.9999990463257));
#1991=CARTESIAN_POINT('Origin',(-45.0000000040849,178.000012737555,75.9999990463257));
#1992=CARTESIAN_POINT('',(-46.4876403633595,177.411024458687,75.9999990463257));
#1993=CARTESIAN_POINT('Origin',(-45.0000000040849,178.000012737555,75.9999990463257));
#1994=CARTESIAN_POINT('',(-46.294410964596,177.059544086009,75.9999990463257));
#1995=CARTESIAN_POINT('Origin',(-45.0000000040849,178.000012737555,75.9999990463257));
#1996=CARTESIAN_POINT('',(-46.0198677423176,176.767190442886,75.9999990463257));
#1997=CARTESIAN_POINT('Origin',(-45.0000000040849,178.000012737555,75.9999990463257));
#1998=CARTESIAN_POINT('',(-45.6812401015401,176.552292826554,75.9999990463257));
#1999=CARTESIAN_POINT('Origin',(-45.0000000040849,178.000012737555,75.9999990463257));
#2000=CARTESIAN_POINT('',(-45.2998107668645,176.428359296841,75.9999990463257));
#2001=CARTESIAN_POINT('Origin',(-45.0000000040849,178.000012737555,75.9999990463257));
#2002=CARTESIAN_POINT('',(-44.8995361748162,176.403175853405,75.9999990463257));
#2003=CARTESIAN_POINT('Origin',(-45.0000000040849,178.000012737555,75.9999990463257));
#2004=CARTESIAN_POINT('',(-44.1426885800349,176.649087818128,75.9999990463257));
#2005=CARTESIAN_POINT('Origin',(-45.0000000040849,178.000012737555,75.9999990463257));
#2006=CARTESIAN_POINT('',(-43.8336560501035,176.904739797965,75.9999990463257));
#2007=CARTESIAN_POINT('Origin',(-45.0000000040849,178.000012737555,75.9999990463257));
#2008=CARTESIAN_POINT('',(-43.4502749165616,177.602101711963,75.9999990463257));
#2009=CARTESIAN_POINT('Origin',(-45.0000000040849,178.000012737555,75.9999990463257));
#2010=CARTESIAN_POINT('',(-43.4000059318504,178.000011444095,75.9999990463257));
#2011=CARTESIAN_POINT('Origin',(-45.0000000040849,178.000012737555,75.9999990463257));
#2012=CARTESIAN_POINT('',(-43.4000059318499,178.000012737555,75.9999990463257));
#2013=CARTESIAN_POINT('',(-43.8336547591966,179.095284302471,75.9999990463257));
#2014=CARTESIAN_POINT('Origin',(-45.0000000040849,178.000012737555,75.9999990463257));
#2015=CARTESIAN_POINT('',(-44.1426787818918,179.350931444645,75.9999990463257));
#2016=CARTESIAN_POINT('Origin',(-45.0000000040849,178.000012737555,75.9999990463257));
#2017=CARTESIAN_POINT('Origin',(-45.0000000040849,178.000012737555,75.9999990463257));
#2018=CARTESIAN_POINT('Origin',(-44.9999993860951,153.999997989059,75.9999990463257));
#2019=CARTESIAN_POINT('',(-43.3999985765867,154.00000572206,40.9999990463257));
#2020=CARTESIAN_POINT('',(-43.399998576568,153.999997989059,75.9999990463257));
#2021=CARTESIAN_POINT('',(-43.4502656368853,153.602093607269,40.9999990463257));
#2022=CARTESIAN_POINT('Origin',(-44.9999993860951,153.999997989059,40.9999990463257));
#2023=CARTESIAN_POINT('',(-43.5979022331134,153.229202189843,40.9999990463257));
#2024=CARTESIAN_POINT('Origin',(-44.9999993860951,153.999997989059,40.9999990463257));
#2025=CARTESIAN_POINT('',(-43.8336463061088,152.904724925712,40.9999990463257));
#2026=CARTESIAN_POINT('Origin',(-44.9999993860951,153.999997989059,40.9999990463257));
#2027=CARTESIAN_POINT('',(-44.1426763956662,152.649072424651,40.9999990463257));
#2028=CARTESIAN_POINT('Origin',(-44.9999993860951,153.999997989059,40.9999990463257));
#2029=CARTESIAN_POINT('',(-44.5055675252316,152.478308229137,40.9999990463257));
#2030=CARTESIAN_POINT('Origin',(-44.9999993860951,153.999997989059,40.9999990463257));
#2031=CARTESIAN_POINT('',(-45.2998136690712,152.428338361082,40.9999990463257));
#2032=CARTESIAN_POINT('Origin',(-44.9999993860951,153.999997989059,40.9999990463257));
#2033=CARTESIAN_POINT('',(-45.6812499954669,152.552275571702,40.9999990463257));
#2034=CARTESIAN_POINT('Origin',(-44.9999993860951,153.999997989059,40.9999990463257));
#2035=CARTESIAN_POINT('',(-46.0198809096972,152.767178347626,40.9999990463257));
#2036=CARTESIAN_POINT('Origin',(-44.9999993860951,153.999997989059,40.9999990463257));
#2037=CARTESIAN_POINT('',(-46.2944248509468,153.05953783231,40.9999990463257));
#2038=CARTESIAN_POINT('Origin',(-44.9999993860951,153.999997989059,40.9999990463257));
#2039=CARTESIAN_POINT('',(-46.4876426544976,153.410998756067,40.9999990463257));
#2040=CARTESIAN_POINT('Origin',(-44.9999993860951,153.999997989059,40.9999990463257));
#2041=CARTESIAN_POINT('',(-46.5873833071409,154.200534463778,40.9999990463257));
#2042=CARTESIAN_POINT('Origin',(-44.9999993860951,153.999997989059,40.9999990463257));
#2043=CARTESIAN_POINT('',(-46.4876406250782,154.589002347756,40.9999990463257));
#2044=CARTESIAN_POINT('Origin',(-44.9999993860951,153.999997989059,40.9999990463257));
#2045=CARTESIAN_POINT('',(-45.2998108223366,155.571658160084,40.9999990463257));
#2046=CARTESIAN_POINT('Origin',(-44.9999993860951,153.999997989059,40.9999990463257));
#2047=CARTESIAN_POINT('',(-44.8995355506992,155.596841628325,40.9999990463257));
#2048=CARTESIAN_POINT('Origin',(-44.9999993860951,153.999997989059,40.9999990463257));
#2049=CARTESIAN_POINT('',(-44.5055748733724,155.52169013654,40.9999990463257));
#2050=CARTESIAN_POINT('Origin',(-44.9999993860951,153.999997989059,40.9999990463257));
#2051=CARTESIAN_POINT('',(-43.8336540238468,155.095279270945,40.9999990463257));
#2052=CARTESIAN_POINT('Origin',(-44.9999993860951,153.999997989059,40.9999990463257));
#2053=CARTESIAN_POINT('',(-43.4502670651133,154.397907933383,40.9999990463257));
#2054=CARTESIAN_POINT('Origin',(-44.9999993860951,153.999997989059,40.9999990463257));
#2055=CARTESIAN_POINT('Origin',(-44.9999993860951,153.999997989059,40.9999990463257));
#2056=CARTESIAN_POINT('Origin',(-44.9999993860951,153.999997989059,75.9999990463257));
#2057=CARTESIAN_POINT('',(-46.5873833071409,154.200534463778,75.9999990463257));
#2058=CARTESIAN_POINT('',(-46.4876426544976,153.410998756067,75.9999990463257));
#2059=CARTESIAN_POINT('Origin',(-44.9999993860951,153.999997989059,75.9999990463257));
#2060=CARTESIAN_POINT('',(-46.2944248509468,153.05953783231,75.9999990463257));
#2061=CARTESIAN_POINT('Origin',(-44.9999993860951,153.999997989059,75.9999990463257));
#2062=CARTESIAN_POINT('',(-46.0198809096972,152.767178347626,75.9999990463257));
#2063=CARTESIAN_POINT('Origin',(-44.9999993860951,153.999997989059,75.9999990463257));
#2064=CARTESIAN_POINT('',(-45.6812499954669,152.552275571702,75.9999990463257));
#2065=CARTESIAN_POINT('Origin',(-44.9999993860951,153.999997989059,75.9999990463257));
#2066=CARTESIAN_POINT('',(-45.2998136690712,152.428338361082,75.9999990463257));
#2067=CARTESIAN_POINT('Origin',(-44.9999993860951,153.999997989059,75.9999990463257));
#2068=CARTESIAN_POINT('',(-44.5055675252316,152.478308229137,75.9999990463257));
#2069=CARTESIAN_POINT('Origin',(-44.9999993860951,153.999997989059,75.9999990463257));
#2070=CARTESIAN_POINT('',(-44.1426763956662,152.649072424651,75.9999990463257));
#2071=CARTESIAN_POINT('Origin',(-44.9999993860951,153.999997989059,75.9999990463257));
#2072=CARTESIAN_POINT('',(-43.8336463061088,152.904724925712,75.9999990463257));
#2073=CARTESIAN_POINT('Origin',(-44.9999993860951,153.999997989059,75.9999990463257));
#2074=CARTESIAN_POINT('',(-43.5979022331134,153.229202189843,75.9999990463257));
#2075=CARTESIAN_POINT('Origin',(-44.9999993860951,153.999997989059,75.9999990463257));
#2076=CARTESIAN_POINT('',(-43.4502656368853,153.602093607269,75.9999990463257));
#2077=CARTESIAN_POINT('Origin',(-44.9999993860951,153.999997989059,75.9999990463257));
#2078=CARTESIAN_POINT('',(-43.3999985765867,154.00000572206,75.9999990463257));
#2079=CARTESIAN_POINT('Origin',(-44.9999993860951,153.999997989059,75.9999990463257));
#2080=CARTESIAN_POINT('',(-43.399998576568,153.999997989059,75.9999990463257));
#2081=CARTESIAN_POINT('',(-43.4502670651133,154.397907933383,75.9999990463257));
#2082=CARTESIAN_POINT('Origin',(-44.9999993860951,153.999997989059,75.9999990463257));
#2083=CARTESIAN_POINT('',(-43.8336540238468,155.095279270945,75.9999990463257));
#2084=CARTESIAN_POINT('Origin',(-44.9999993860951,153.999997989059,75.9999990463257));
#2085=CARTESIAN_POINT('',(-44.5055748733724,155.52169013654,75.9999990463257));
#2086=CARTESIAN_POINT('Origin',(-44.9999993860951,153.999997989059,75.9999990463257));
#2087=CARTESIAN_POINT('',(-44.8995355506992,155.596841628325,75.9999990463257));
#2088=CARTESIAN_POINT('Origin',(-44.9999993860951,153.999997989059,75.9999990463257));
#2089=CARTESIAN_POINT('',(-45.2998108223366,155.571658160084,75.9999990463257));
#2090=CARTESIAN_POINT('Origin',(-44.9999993860951,153.999997989059,75.9999990463257));
#2091=CARTESIAN_POINT('',(-46.4876406250782,154.589002347756,75.9999990463257));
#2092=CARTESIAN_POINT('Origin',(-44.9999993860951,153.999997989059,75.9999990463257));
#2093=CARTESIAN_POINT('Origin',(-44.9999993860951,153.999997989059,75.9999990463257));
#2094=CARTESIAN_POINT('Origin',(3.00000337839104,178.000004757771,75.9999990463257));
#2095=CARTESIAN_POINT('',(4.60000626276316,178.000011444118,40.9999990463257));
#2096=CARTESIAN_POINT('',(4.60000626277713,178.000004757771,75.9999990463257));
#2097=CARTESIAN_POINT('',(4.5497388874393,177.602098886943,40.9999990463257));
#2098=CARTESIAN_POINT('Origin',(3.00000337839104,178.000004757771,40.9999990463257));
#2099=CARTESIAN_POINT('',(4.16635690727006,176.904729141446,40.9999990463257));
#2100=CARTESIAN_POINT('Origin',(3.00000337839104,178.000004757771,40.9999990463257));
#2101=CARTESIAN_POINT('',(2.31875428519774,176.55227933385,40.9999990463257));
#2102=CARTESIAN_POINT('Origin',(3.00000337839104,178.000004757771,40.9999990463257));
#2103=CARTESIAN_POINT('',(1.98012371739061,176.767180882628,40.9999990463257));
#2104=CARTESIAN_POINT('Origin',(3.00000337839104,178.000004757771,40.9999990463257));
#2105=CARTESIAN_POINT('',(1.70557865480551,177.059540050823,40.9999990463257));
#2106=CARTESIAN_POINT('Origin',(3.00000337839104,178.000004757771,40.9999990463257));
#2107=CARTESIAN_POINT('',(1.51235205618433,177.411020230316,40.9999990463257));
#2108=CARTESIAN_POINT('Origin',(3.00000337839104,178.000004757771,40.9999990463257));
#2109=CARTESIAN_POINT('',(1.70557594389562,178.9404657335,40.9999990463257));
#2110=CARTESIAN_POINT('Origin',(3.00000337839104,178.000004757771,40.9999990463257));
#2111=CARTESIAN_POINT('',(3.10046566927996,179.596850573168,40.9999990463257));
#2112=CARTESIAN_POINT('Origin',(3.00000337839104,178.000004757771,40.9999990463257));
#2113=CARTESIAN_POINT('',(3.4944284412727,179.52169890813,40.9999990463257));
#2114=CARTESIAN_POINT('Origin',(3.00000337839104,178.000004757771,40.9999990463257));
#2115=CARTESIAN_POINT('',(3.85732551042596,179.350933324338,40.9999990463257));
#2116=CARTESIAN_POINT('Origin',(3.00000337839104,178.000004757771,40.9999990463257));
#2117=CARTESIAN_POINT('',(4.40209654750894,178.770812110588,40.9999990463257));
#2118=CARTESIAN_POINT('Origin',(3.00000337839104,178.000004757771,40.9999990463257));
#2119=CARTESIAN_POINT('',(4.54974026064194,178.397905280307,40.9999990463257));
#2120=CARTESIAN_POINT('Origin',(3.00000337839104,178.000004757771,40.9999990463257));
#2121=CARTESIAN_POINT('Origin',(3.00000337839104,178.000004757771,40.9999990463257));
#2122=CARTESIAN_POINT('Origin',(3.00000337839104,178.000004757771,75.9999990463257));
#2123=CARTESIAN_POINT('',(1.70557865480551,177.059540050823,75.9999990463257));
#2124=CARTESIAN_POINT('',(1.51235205618433,177.411020230316,75.9999990463257));
#2125=CARTESIAN_POINT('Origin',(3.00000337839104,178.000004757771,75.9999990463257));
#2126=CARTESIAN_POINT('',(1.98012371739061,176.767180882628,75.9999990463257));
#2127=CARTESIAN_POINT('Origin',(3.00000337839104,178.000004757771,75.9999990463257));
#2128=CARTESIAN_POINT('',(2.31875428519774,176.55227933385,75.9999990463257));
#2129=CARTESIAN_POINT('Origin',(3.00000337839104,178.000004757771,75.9999990463257));
#2130=CARTESIAN_POINT('',(4.16635690727006,176.904729141446,75.9999990463257));
#2131=CARTESIAN_POINT('Origin',(3.00000337839104,178.000004757771,75.9999990463257));
#2132=CARTESIAN_POINT('',(4.5497388874393,177.602098886943,75.9999990463257));
#2133=CARTESIAN_POINT('Origin',(3.00000337839104,178.000004757771,75.9999990463257));
#2134=CARTESIAN_POINT('',(4.60000626276316,178.000011444118,75.9999990463257));
#2135=CARTESIAN_POINT('Origin',(3.00000337839104,178.000004757771,75.9999990463257));
#2136=CARTESIAN_POINT('',(4.60000626277713,178.000004757771,75.9999990463257));
#2137=CARTESIAN_POINT('',(4.54974026064194,178.397905280307,75.9999990463257));
#2138=CARTESIAN_POINT('Origin',(3.00000337839104,178.000004757771,75.9999990463257));
#2139=CARTESIAN_POINT('',(4.40209654750894,178.770812110588,75.9999990463257));
#2140=CARTESIAN_POINT('Origin',(3.00000337839104,178.000004757771,75.9999990463257));
#2141=CARTESIAN_POINT('',(3.85732551042596,179.350933324338,75.9999990463257));
#2142=CARTESIAN_POINT('Origin',(3.00000337839104,178.000004757771,75.9999990463257));
#2143=CARTESIAN_POINT('',(3.4944284412727,179.52169890813,75.9999990463257));
#2144=CARTESIAN_POINT('Origin',(3.00000337839104,178.000004757771,75.9999990463257));
#2145=CARTESIAN_POINT('',(3.10046566927996,179.596850573168,75.9999990463257));
#2146=CARTESIAN_POINT('Origin',(3.00000337839104,178.000004757771,75.9999990463257));
#2147=CARTESIAN_POINT('',(1.70557594389562,178.9404657335,75.9999990463257));
#2148=CARTESIAN_POINT('Origin',(3.00000337839104,178.000004757771,75.9999990463257));
#2149=CARTESIAN_POINT('Origin',(3.00000337839104,178.000004757771,75.9999990463257));
#2150=CARTESIAN_POINT('Origin',(3.00000066512148,154.000005462652,75.9999990463257));
#2151=CARTESIAN_POINT('',(4.60000237763682,154.000005462652,40.9999990463257));
#2152=CARTESIAN_POINT('',(4.60000237763682,154.000005462652,75.9999990463257));
#2153=CARTESIAN_POINT('',(4.40209636926371,153.229205153572,40.9999990463257));
#2154=CARTESIAN_POINT('Origin',(3.00000066512148,154.000005462652,40.9999990463257));
#2155=CARTESIAN_POINT('',(3.49442986136382,152.478313887479,40.9999990463257));
#2156=CARTESIAN_POINT('Origin',(3.00000066512148,154.000005462652,40.9999990463257));
#2157=CARTESIAN_POINT('',(3.10046482500872,152.403160939028,40.9999990463257));
#2158=CARTESIAN_POINT('Origin',(3.00000066512148,154.000005462652,40.9999990463257));
#2159=CARTESIAN_POINT('',(2.70018909197544,152.428344398472,40.9999990463257));
#2160=CARTESIAN_POINT('Origin',(3.00000066512148,154.000005462652,40.9999990463257));
#2161=CARTESIAN_POINT('',(1.70557634821213,153.059542189661,40.9999990463257));
#2162=CARTESIAN_POINT('Origin',(3.00000066512148,154.000005462652,40.9999990463257));
#2163=CARTESIAN_POINT('',(1.51235952824964,153.410998393137,40.9999990463257));
#2164=CARTESIAN_POINT('Origin',(3.00000066512148,154.000005462652,40.9999990463257));
#2165=CARTESIAN_POINT('',(1.98011740545755,155.232824839816,40.9999990463257));
#2166=CARTESIAN_POINT('Origin',(3.00000066512148,154.000005462652,40.9999990463257));
#2167=CARTESIAN_POINT('',(2.31874961995125,155.447728672906,40.9999990463257));
#2168=CARTESIAN_POINT('Origin',(3.00000066512148,154.000005462652,40.9999990463257));
#2169=CARTESIAN_POINT('',(2.70018918746522,155.571666545048,40.9999990463257));
#2170=CARTESIAN_POINT('Origin',(3.00000066512148,154.000005462652,40.9999990463257));
#2171=CARTESIAN_POINT('',(3.85732701114624,155.350929967006,40.9999990463257));
#2172=CARTESIAN_POINT('Origin',(3.00000066512148,154.000005462652,40.9999990463257));
#2173=CARTESIAN_POINT('',(4.54973583104252,154.397907957693,40.9999990463257));
#2174=CARTESIAN_POINT('Origin',(3.00000066512148,154.000005462652,40.9999990463257));
#2175=CARTESIAN_POINT('Origin',(3.00000066512148,154.000005462652,40.9999990463257));
#2176=CARTESIAN_POINT('Origin',(3.00000066512148,154.000005462652,75.9999990463257));
#2177=CARTESIAN_POINT('',(1.70557634821213,153.059542189661,75.9999990463257));
#2178=CARTESIAN_POINT('',(1.51235952824964,153.410998393137,75.9999990463257));
#2179=CARTESIAN_POINT('Origin',(3.00000066512148,154.000005462652,75.9999990463257));
#2180=CARTESIAN_POINT('',(2.70018909197544,152.428344398472,75.9999990463257));
#2181=CARTESIAN_POINT('Origin',(3.00000066512148,154.000005462652,75.9999990463257));
#2182=CARTESIAN_POINT('',(3.10046482500872,152.403160939028,75.9999990463257));
#2183=CARTESIAN_POINT('Origin',(3.00000066512148,154.000005462652,75.9999990463257));
#2184=CARTESIAN_POINT('',(3.49442986136382,152.478313887479,75.9999990463257));
#2185=CARTESIAN_POINT('Origin',(3.00000066512148,154.000005462652,75.9999990463257));
#2186=CARTESIAN_POINT('',(4.40209636926371,153.229205153572,75.9999990463257));
#2187=CARTESIAN_POINT('Origin',(3.00000066512148,154.000005462652,75.9999990463257));
#2188=CARTESIAN_POINT('',(4.60000237763682,154.000005462652,75.9999990463257));
#2189=CARTESIAN_POINT('Origin',(3.00000066512148,154.000005462652,75.9999990463257));
#2190=CARTESIAN_POINT('',(4.60000237763682,154.000005462652,75.9999990463257));
#2191=CARTESIAN_POINT('',(4.54973583104252,154.397907957693,75.9999990463257));
#2192=CARTESIAN_POINT('Origin',(3.00000066512148,154.000005462652,75.9999990463257));
#2193=CARTESIAN_POINT('',(3.85732701114624,155.350929967006,75.9999990463257));
#2194=CARTESIAN_POINT('Origin',(3.00000066512148,154.000005462652,75.9999990463257));
#2195=CARTESIAN_POINT('',(2.70018918746522,155.571666545048,75.9999990463257));
#2196=CARTESIAN_POINT('Origin',(3.00000066512148,154.000005462652,75.9999990463257));
#2197=CARTESIAN_POINT('',(2.31874961995125,155.447728672906,75.9999990463257));
#2198=CARTESIAN_POINT('Origin',(3.00000066512148,154.000005462652,75.9999990463257));
#2199=CARTESIAN_POINT('',(1.98011740545755,155.232824839816,75.9999990463257));
#2200=CARTESIAN_POINT('Origin',(3.00000066512148,154.000005462652,75.9999990463257));
#2201=CARTESIAN_POINT('Origin',(3.00000066512148,154.000005462652,75.9999990463257));
#2202=CARTESIAN_POINT('Origin',(-5.,181.000003814697,40.9999990463257));
#2203=CARTESIAN_POINT('',(10.,181.000003814697,45.));
#2204=CARTESIAN_POINT('',(10.,181.000003814697,48.0000019073486));
#2205=CARTESIAN_POINT('',(6.00000023841858,181.000003814697,40.9999990463257));
#2206=CARTESIAN_POINT('',(6.00000023841858,181.000003814697,40.9999990463257));
#2207=CARTESIAN_POINT('',(-5.,181.000003814697,40.9999990463257));
#2208=CARTESIAN_POINT('',(-5.,181.000003814697,40.9999990463257));
#2209=CARTESIAN_POINT('',(-5.,181.000003814697,75.9999990463257));
#2210=CARTESIAN_POINT('',(-5.,181.000003814697,75.9999990463257));
#2211=CARTESIAN_POINT('',(6.00000023841858,181.000003814697,75.9999990463257));
#2212=CARTESIAN_POINT('',(-5.,181.000003814697,75.9999990463257));
#2213=CARTESIAN_POINT('',(6.00000023841858,181.000003814697,75.9999990463257));
#2214=CARTESIAN_POINT('Origin',(-37.0000004768372,173.999996185303,65.9999990463257));
#2215=CARTESIAN_POINT('',(-5.,173.999996185303,65.9999990463257));
#2216=CARTESIAN_POINT('',(-5.,173.999996185303,50.9999990463257));
#2217=CARTESIAN_POINT('',(-5.,173.999996185303,65.9999990463257));
#2218=CARTESIAN_POINT('',(-37.0000004768372,173.999996185303,50.9999990463257));
#2219=CARTESIAN_POINT('',(-37.0000004768372,173.999996185303,50.9999990463257));
#2220=CARTESIAN_POINT('',(-37.0000004768372,173.999996185303,65.9999990463257));
#2221=CARTESIAN_POINT('',(-37.0000004768372,173.999996185303,65.9999990463257));
#2222=CARTESIAN_POINT('',(-37.0000004768372,173.999996185303,65.9999990463257));
#2223=CARTESIAN_POINT('Origin',(-52.0000028610229,151.000003814697,72.0000028610229));
#2224=CARTESIAN_POINT('',(-52.0000028610229,151.000003814697,72.0000028610229));
#2225=CARTESIAN_POINT('',(-52.0000028610229,151.000003814697,72.0000028610229));
#2226=CARTESIAN_POINT('',(-52.0000028610229,151.000003814697,72.0000028610229));
#2227=CARTESIAN_POINT('Origin',(-52.0000028610229,191.000003814697,72.0000028610229));
#2228=CARTESIAN_POINT('',(-48.0000019073486,151.000003814697,75.9999990463257));
#2229=CARTESIAN_POINT('',(-52.0000028610229,151.000003814697,72.0000028610229));
#2230=CARTESIAN_POINT('',(-48.0000019073486,151.000003814697,75.9999990463257));
#2231=CARTESIAN_POINT('Origin',(-43.4000015258789,154.000005722046,75.9999990463257));
#2232=CARTESIAN_POINT('',(-37.0000004768372,151.000003814697,75.9999990463257));
#2233=CARTESIAN_POINT('',(-48.0000019073486,151.000003814697,75.9999990463257));
#2234=CARTESIAN_POINT('',(-37.0000004768372,191.000003814697,75.9999990463257));
#2235=CARTESIAN_POINT('Origin',(-48.0000019073486,191.000003814697,40.9999990463257));
#2236=CARTESIAN_POINT('',(-48.0000019073486,151.000003814697,40.9999990463257));
#2237=CARTESIAN_POINT('',(-48.0000019073486,141.000003814697,40.9999990463257));
#2238=CARTESIAN_POINT('',(-52.0000028610229,151.000003814697,45.));
#2239=CARTESIAN_POINT('Origin',(-21.0000014305115,171.000003814697,65.9999990463257));
#2240=CARTESIAN_POINT('',(-37.0000004768372,158.000001907349,65.9999990463257));
#2241=CARTESIAN_POINT('',(-37.0000004768372,161.000003814697,65.9999990463257));
#2242=CARTESIAN_POINT('',(-5.,158.000001907349,65.9999990463257));
#2243=CARTESIAN_POINT('',(-37.0000004768372,158.000001907349,65.9999990463257));
#2244=CARTESIAN_POINT('',(-5.,177.5,65.9999990463257));
#2245=CARTESIAN_POINT('Origin',(-37.0000004768372,151.000003814697,40.9999990463257));
#2246=CARTESIAN_POINT('',(-37.0000004768372,151.000003814697,40.9999990463257));
#2247=CARTESIAN_POINT('',(-37.0000004768372,191.000003814697,40.9999990463257));
#2248=CARTESIAN_POINT('',(-48.0000019073486,151.000003814697,40.9999990463257));
#2249=CARTESIAN_POINT('Origin',(-37.0000004768372,191.000003814697,40.9999990463257));
#2250=CARTESIAN_POINT('',(-37.0000004768372,151.000003814697,75.9999990463257));
#2251=CARTESIAN_POINT('',(-37.0000004768372,158.000001907349,50.9999990463257));
#2252=CARTESIAN_POINT('',(-37.0000004768372,183.999996185303,50.9999990463257));
#2253=CARTESIAN_POINT('',(-37.0000004768372,158.000001907349,50.9999990463257));
#2254=CARTESIAN_POINT('Origin',(1.41261607408524,187.799472808838,75.9999990463257));
#2255=CARTESIAN_POINT('',(-5.,191.000003814697,75.9999990463257));
#2256=CARTESIAN_POINT('',(6.00000023841858,151.000003814697,75.9999990463257));
#2257=CARTESIAN_POINT('Origin',(-37.0000004768372,158.000001907349,50.9999990463257));
#2258=CARTESIAN_POINT('',(-5.,158.000001907349,50.9999990463257));
#2259=CARTESIAN_POINT('',(-5.,148.000001907349,50.9999990463257));
#2260=CARTESIAN_POINT('',(-37.0000004768372,158.000001907349,50.9999990463257));
#2261=CARTESIAN_POINT('Origin',(6.00000023841858,191.000003814697,75.9999990463257));
#2262=CARTESIAN_POINT('Origin',(-5.,183.999996185303,50.9999990463257));
#2263=CARTESIAN_POINT('',(-5.,191.000003814697,40.9999990463257));
#2264=CARTESIAN_POINT('',(-5.,158.000001907349,50.9999990463257));
#2265=CARTESIAN_POINT('Origin',(6.00000023841858,151.000003814697,40.9999990463257));
#2266=CARTESIAN_POINT('',(6.00000023841858,141.000003814697,40.9999990463257));
#2267=CARTESIAN_POINT('Origin',(6.00000023841858,151.000003814697,40.9999990463257));
#2268=CARTESIAN_POINT('',(10.,141.000003814697,45.));
#2269=CARTESIAN_POINT('Origin',(10.,151.000003814697,45.));
#2270=CARTESIAN_POINT('Origin',(-42.0000028610229,151.000003814697,48.0000019073486));
#2271=CARTESIAN_POINT('Origin',(-37.0000004768372,158.000001907349,50.9999990463257));
#2272=UNCERTAINTY_MEASURE_WITH_UNIT(LENGTH_MEASURE(0.01),#2276,
'DISTANCE_ACCURACY_VALUE',
'Maximum model space distance between geometric entities at asserted c
onnectivities');
#2273=UNCERTAINTY_MEASURE_WITH_UNIT(LENGTH_MEASURE(0.01),#2276,
'DISTANCE_ACCURACY_VALUE',
'Maximum model space distance between geometric entities at asserted c
onnectivities');
#2274=(
GEOMETRIC_REPRESENTATION_CONTEXT(3)
GLOBAL_UNCERTAINTY_ASSIGNED_CONTEXT((#2272))
GLOBAL_UNIT_ASSIGNED_CONTEXT((#2276,#2278,#2279))
REPRESENTATION_CONTEXT('','3D')
);
#2275=(
GEOMETRIC_REPRESENTATION_CONTEXT(3)
GLOBAL_UNCERTAINTY_ASSIGNED_CONTEXT((#2273))
GLOBAL_UNIT_ASSIGNED_CONTEXT((#2276,#2278,#2279))
REPRESENTATION_CONTEXT('','3D')
);
#2276=(
LENGTH_UNIT()
NAMED_UNIT(*)
SI_UNIT(.MILLI.,.METRE.)
);
#2277=(
LENGTH_UNIT()
NAMED_UNIT(*)
SI_UNIT($,.METRE.)
);
#2278=(
NAMED_UNIT(*)
PLANE_ANGLE_UNIT()
SI_UNIT($,.RADIAN.)
);
#2279=(
NAMED_UNIT(*)
SI_UNIT($,.STERADIAN.)
SOLID_ANGLE_UNIT()
);
#2280=SHAPE_DEFINITION_REPRESENTATION(#2281,#2282);
#2281=PRODUCT_DEFINITION_SHAPE('',$,#2284);
#2282=SHAPE_REPRESENTATION('',(#1286),#2274);
#2283=PRODUCT_DEFINITION_CONTEXT('part definition',#2288,'design');
#2284=PRODUCT_DEFINITION('2026-09-26-21-36-53-602',
'elbow shaft support',#2285,#2283);
#2285=PRODUCT_DEFINITION_FORMATION('',$,#2290);
#2286=PRODUCT_RELATED_PRODUCT_CATEGORY('elbow shaft support',
'elbow shaft support',(#2290));
#2287=APPLICATION_PROTOCOL_DEFINITION('international standard',
'automotive_design',2009,#2288);
#2288=APPLICATION_CONTEXT(
'Core Data for Automotive Mechanical Design Process');
#2289=PRODUCT_CONTEXT('part definition',#2288,'mechanical');
#2290=PRODUCT('2026-09-26-21-36-53-602','elbow shaft support',$,(#2289));
#2291=PRESENTATION_STYLE_ASSIGNMENT((#2292));
#2292=SURFACE_STYLE_USAGE(.BOTH.,#2293);
#2293=SURFACE_SIDE_STYLE('',(#2294));
#2294=SURFACE_STYLE_FILL_AREA(#2295);
#2295=FILL_AREA_STYLE('Steel - Satin',(#2296));
#2296=FILL_AREA_STYLE_COLOUR('Steel - Satin',#2297);
#2297=COLOUR_RGB('Steel - Satin',0.627450980392157,0.627450980392157,0.627450980392157);
ENDSEC;
END-ISO-10303-21;
