ISO-10303-21;
HEADER;
/* Generated by software containing ST-Developer
 * from STEP Tools, Inc. (www.steptools.com) 
 */

FILE_DESCRIPTION(
/* description */ (''),
/* implementation_level */ '2;1');

FILE_NAME(
/* name */ 'gripper base.step',
/* time_stamp */ '2026-09-26T21:43:03-07:00',
/* author */ (''),
/* organization */ (''),
/* preprocessor_version */ 'ST-DEVELOPER v20.2',
/* originating_system */ 'Autodesk Translation Framework v15.15.0.0',
/* authorisation */ '');

FILE_SCHEMA (('AUTOMOTIVE_DESIGN { 1 0 10303 214 3 1 1 }'));
ENDSEC;

DATA;
#10=MECHANICAL_DESIGN_GEOMETRIC_PRESENTATION_REPRESENTATION('',(#13),#2801);
#11=SHAPE_REPRESENTATION_RELATIONSHIP('SRR','None',#2808,#12);
#12=ADVANCED_BREP_SHAPE_REPRESENTATION('',(#14),#2800);
#13=STYLED_ITEM('',(#2817),#14);
#14=MANIFOLD_SOLID_BREP('Body1',#1733);
#15=CYLINDRICAL_SURFACE('',#1781,13.);
#16=CYLINDRICAL_SURFACE('',#1798,1.9);
#17=CYLINDRICAL_SURFACE('',#1803,1.9);
#18=CYLINDRICAL_SURFACE('',#1808,1.9);
#19=CYLINDRICAL_SURFACE('',#1813,1.9);
#20=CYLINDRICAL_SURFACE('',#1855,1.6);
#21=CYLINDRICAL_SURFACE('',#1856,1.6);
#22=CYLINDRICAL_SURFACE('',#1859,1.6);
#23=CYLINDRICAL_SURFACE('',#1860,1.6);
#24=FACE_BOUND('',#157,.T.);
#25=FACE_BOUND('',#158,.T.);
#26=FACE_BOUND('',#160,.T.);
#27=FACE_BOUND('',#161,.T.);
#28=FACE_BOUND('',#197,.T.);
#29=FACE_BOUND('',#200,.T.);
#30=FACE_BOUND('',#203,.T.);
#31=FACE_BOUND('',#206,.T.);
#32=FACE_BOUND('',#208,.T.);
#33=FACE_BOUND('',#209,.T.);
#34=FACE_BOUND('',#220,.T.);
#35=FACE_BOUND('',#221,.T.);
#36=FACE_BOUND('',#248,.T.);
#37=FACE_BOUND('',#249,.T.);
#38=CIRCLE('',#1750,13.);
#39=CIRCLE('',#1751,1.6);
#40=CIRCLE('',#1752,1.6);
#41=CIRCLE('',#1754,13.);
#42=CIRCLE('',#1755,13.);
#43=CIRCLE('',#1756,1.6);
#44=CIRCLE('',#1757,1.6);
#45=CIRCLE('',#1760,13.);
#46=CIRCLE('',#1763,13.);
#47=CIRCLE('',#1782,13.);
#48=CIRCLE('',#1783,13.);
#49=CIRCLE('',#1784,13.);
#50=CIRCLE('',#1785,13.);
#51=CIRCLE('',#1786,13.);
#52=CIRCLE('',#1799,1.9);
#53=CIRCLE('',#1800,1.9);
#54=CIRCLE('',#1802,1.6);
#55=CIRCLE('',#1804,1.9);
#56=CIRCLE('',#1805,1.9);
#57=CIRCLE('',#1807,1.6);
#58=CIRCLE('',#1809,1.9);
#59=CIRCLE('',#1810,1.9);
#60=CIRCLE('',#1812,1.6);
#61=CIRCLE('',#1814,1.9);
#62=CIRCLE('',#1815,1.9);
#63=CIRCLE('',#1817,1.6);
#64=FACE_OUTER_BOUND('',#154,.T.);
#65=FACE_OUTER_BOUND('',#155,.T.);
#66=FACE_OUTER_BOUND('',#156,.T.);
#67=FACE_OUTER_BOUND('',#159,.T.);
#68=FACE_OUTER_BOUND('',#162,.T.);
#69=FACE_OUTER_BOUND('',#163,.T.);
#70=FACE_OUTER_BOUND('',#164,.T.);
#71=FACE_OUTER_BOUND('',#165,.T.);
#72=FACE_OUTER_BOUND('',#166,.T.);
#73=FACE_OUTER_BOUND('',#167,.T.);
#74=FACE_OUTER_BOUND('',#168,.T.);
#75=FACE_OUTER_BOUND('',#169,.T.);
#76=FACE_OUTER_BOUND('',#170,.T.);
#77=FACE_OUTER_BOUND('',#171,.T.);
#78=FACE_OUTER_BOUND('',#172,.T.);
#79=FACE_OUTER_BOUND('',#173,.T.);
#80=FACE_OUTER_BOUND('',#174,.T.);
#81=FACE_OUTER_BOUND('',#175,.T.);
#82=FACE_OUTER_BOUND('',#176,.T.);
#83=FACE_OUTER_BOUND('',#177,.T.);
#84=FACE_OUTER_BOUND('',#178,.T.);
#85=FACE_OUTER_BOUND('',#179,.T.);
#86=FACE_OUTER_BOUND('',#180,.T.);
#87=FACE_OUTER_BOUND('',#181,.T.);
#88=FACE_OUTER_BOUND('',#182,.T.);
#89=FACE_OUTER_BOUND('',#183,.T.);
#90=FACE_OUTER_BOUND('',#184,.T.);
#91=FACE_OUTER_BOUND('',#185,.T.);
#92=FACE_OUTER_BOUND('',#186,.T.);
#93=FACE_OUTER_BOUND('',#187,.T.);
#94=FACE_OUTER_BOUND('',#188,.T.);
#95=FACE_OUTER_BOUND('',#189,.T.);
#96=FACE_OUTER_BOUND('',#190,.T.);
#97=FACE_OUTER_BOUND('',#191,.T.);
#98=FACE_OUTER_BOUND('',#192,.T.);
#99=FACE_OUTER_BOUND('',#193,.T.);
#100=FACE_OUTER_BOUND('',#194,.T.);
#101=FACE_OUTER_BOUND('',#195,.T.);
#102=FACE_OUTER_BOUND('',#196,.T.);
#103=FACE_OUTER_BOUND('',#198,.T.);
#104=FACE_OUTER_BOUND('',#199,.T.);
#105=FACE_OUTER_BOUND('',#201,.T.);
#106=FACE_OUTER_BOUND('',#202,.T.);
#107=FACE_OUTER_BOUND('',#204,.T.);
#108=FACE_OUTER_BOUND('',#205,.T.);
#109=FACE_OUTER_BOUND('',#207,.T.);
#110=FACE_OUTER_BOUND('',#210,.T.);
#111=FACE_OUTER_BOUND('',#211,.T.);
#112=FACE_OUTER_BOUND('',#212,.T.);
#113=FACE_OUTER_BOUND('',#213,.T.);
#114=FACE_OUTER_BOUND('',#214,.T.);
#115=FACE_OUTER_BOUND('',#215,.T.);
#116=FACE_OUTER_BOUND('',#216,.T.);
#117=FACE_OUTER_BOUND('',#217,.T.);
#118=FACE_OUTER_BOUND('',#218,.T.);
#119=FACE_OUTER_BOUND('',#219,.T.);
#120=FACE_OUTER_BOUND('',#222,.T.);
#121=FACE_OUTER_BOUND('',#223,.T.);
#122=FACE_OUTER_BOUND('',#224,.T.);
#123=FACE_OUTER_BOUND('',#225,.T.);
#124=FACE_OUTER_BOUND('',#226,.T.);
#125=FACE_OUTER_BOUND('',#227,.T.);
#126=FACE_OUTER_BOUND('',#228,.T.);
#127=FACE_OUTER_BOUND('',#229,.T.);
#128=FACE_OUTER_BOUND('',#230,.T.);
#129=FACE_OUTER_BOUND('',#231,.T.);
#130=FACE_OUTER_BOUND('',#232,.T.);
#131=FACE_OUTER_BOUND('',#233,.T.);
#132=FACE_OUTER_BOUND('',#234,.T.);
#133=FACE_OUTER_BOUND('',#235,.T.);
#134=FACE_OUTER_BOUND('',#236,.T.);
#135=FACE_OUTER_BOUND('',#237,.T.);
#136=FACE_OUTER_BOUND('',#238,.T.);
#137=FACE_OUTER_BOUND('',#239,.T.);
#138=FACE_OUTER_BOUND('',#240,.T.);
#139=FACE_OUTER_BOUND('',#241,.T.);
#140=FACE_OUTER_BOUND('',#242,.T.);
#141=FACE_OUTER_BOUND('',#243,.T.);
#142=FACE_OUTER_BOUND('',#244,.T.);
#143=FACE_OUTER_BOUND('',#245,.T.);
#144=FACE_OUTER_BOUND('',#246,.T.);
#145=FACE_OUTER_BOUND('',#247,.T.);
#146=FACE_OUTER_BOUND('',#250,.T.);
#147=FACE_OUTER_BOUND('',#251,.T.);
#148=FACE_OUTER_BOUND('',#252,.T.);
#149=FACE_OUTER_BOUND('',#253,.T.);
#150=FACE_OUTER_BOUND('',#254,.T.);
#151=FACE_OUTER_BOUND('',#255,.T.);
#152=FACE_OUTER_BOUND('',#256,.T.);
#153=FACE_OUTER_BOUND('',#257,.T.);
#154=EDGE_LOOP('',(#1082,#1083,#1084,#1085));
#155=EDGE_LOOP('',(#1086,#1087,#1088,#1089));
#156=EDGE_LOOP('',(#1090,#1091,#1092,#1093));
#157=EDGE_LOOP('',(#1094));
#158=EDGE_LOOP('',(#1095));
#159=EDGE_LOOP('',(#1096,#1097,#1098,#1099,#1100));
#160=EDGE_LOOP('',(#1101));
#161=EDGE_LOOP('',(#1102));
#162=EDGE_LOOP('',(#1103,#1104,#1105,#1106));
#163=EDGE_LOOP('',(#1107,#1108,#1109,#1110,#1111,#1112));
#164=EDGE_LOOP('',(#1113,#1114,#1115,#1116));
#165=EDGE_LOOP('',(#1117,#1118,#1119,#1120,#1121,#1122));
#166=EDGE_LOOP('',(#1123,#1124,#1125,#1126));
#167=EDGE_LOOP('',(#1127,#1128,#1129,#1130));
#168=EDGE_LOOP('',(#1131,#1132,#1133,#1134));
#169=EDGE_LOOP('',(#1135,#1136,#1137,#1138));
#170=EDGE_LOOP('',(#1139,#1140,#1141,#1142));
#171=EDGE_LOOP('',(#1143,#1144,#1145,#1146));
#172=EDGE_LOOP('',(#1147,#1148,#1149,#1150));
#173=EDGE_LOOP('',(#1151,#1152,#1153,#1154));
#174=EDGE_LOOP('',(#1155,#1156,#1157,#1158));
#175=EDGE_LOOP('',(#1159,#1160,#1161,#1162));
#176=EDGE_LOOP('',(#1163,#1164,#1165,#1166));
#177=EDGE_LOOP('',(#1167,#1168,#1169,#1170));
#178=EDGE_LOOP('',(#1171,#1172,#1173,#1174));
#179=EDGE_LOOP('',(#1175,#1176,#1177,#1178));
#180=EDGE_LOOP('',(#1179,#1180,#1181,#1182));
#181=EDGE_LOOP('',(#1183,#1184,#1185,#1186));
#182=EDGE_LOOP('',(#1187,#1188,#1189,#1190));
#183=EDGE_LOOP('',(#1191,#1192,#1193,#1194,#1195,#1196,#1197,#1198,#1199,
#1200,#1201,#1202,#1203,#1204,#1205,#1206,#1207,#1208,#1209,#1210));
#184=EDGE_LOOP('',(#1211,#1212,#1213,#1214));
#185=EDGE_LOOP('',(#1215,#1216,#1217,#1218));
#186=EDGE_LOOP('',(#1219,#1220,#1221,#1222));
#187=EDGE_LOOP('',(#1223,#1224,#1225,#1226,#1227,#1228,#1229,#1230,#1231,
#1232,#1233,#1234,#1235,#1236,#1237,#1238,#1239,#1240,#1241,#1242,#1243,
#1244,#1245,#1246,#1247,#1248,#1249,#1250,#1251,#1252,#1253,#1254,#1255,
#1256));
#188=EDGE_LOOP('',(#1257,#1258,#1259,#1260));
#189=EDGE_LOOP('',(#1261,#1262,#1263,#1264));
#190=EDGE_LOOP('',(#1265,#1266,#1267,#1268,#1269,#1270,#1271,#1272,#1273,
#1274,#1275,#1276,#1277,#1278,#1279,#1280,#1281,#1282,#1283,#1284,#1285,
#1286,#1287,#1288,#1289,#1290,#1291,#1292,#1293,#1294,#1295,#1296,#1297,
#1298));
#191=EDGE_LOOP('',(#1299,#1300,#1301,#1302));
#192=EDGE_LOOP('',(#1303,#1304,#1305,#1306));
#193=EDGE_LOOP('',(#1307,#1308,#1309,#1310));
#194=EDGE_LOOP('',(#1311,#1312,#1313,#1314));
#195=EDGE_LOOP('',(#1315,#1316,#1317,#1318));
#196=EDGE_LOOP('',(#1319));
#197=EDGE_LOOP('',(#1320));
#198=EDGE_LOOP('',(#1321,#1322,#1323,#1324));
#199=EDGE_LOOP('',(#1325));
#200=EDGE_LOOP('',(#1326));
#201=EDGE_LOOP('',(#1327,#1328,#1329,#1330));
#202=EDGE_LOOP('',(#1331));
#203=EDGE_LOOP('',(#1332));
#204=EDGE_LOOP('',(#1333,#1334,#1335,#1336));
#205=EDGE_LOOP('',(#1337));
#206=EDGE_LOOP('',(#1338));
#207=EDGE_LOOP('',(#1339,#1340,#1341,#1342));
#208=EDGE_LOOP('',(#1343,#1344,#1345,#1346,#1347,#1348,#1349,#1350));
#209=EDGE_LOOP('',(#1351,#1352,#1353,#1354,#1355,#1356,#1357,#1358));
#210=EDGE_LOOP('',(#1359,#1360,#1361,#1362));
#211=EDGE_LOOP('',(#1363,#1364,#1365,#1366));
#212=EDGE_LOOP('',(#1367,#1368,#1369,#1370));
#213=EDGE_LOOP('',(#1371,#1372,#1373,#1374));
#214=EDGE_LOOP('',(#1375,#1376,#1377,#1378));
#215=EDGE_LOOP('',(#1379,#1380,#1381,#1382,#1383));
#216=EDGE_LOOP('',(#1384,#1385,#1386,#1387));
#217=EDGE_LOOP('',(#1388,#1389,#1390,#1391));
#218=EDGE_LOOP('',(#1392,#1393,#1394,#1395));
#219=EDGE_LOOP('',(#1396,#1397,#1398,#1399,#1400,#1401,#1402,#1403,#1404,
#1405,#1406,#1407));
#220=EDGE_LOOP('',(#1408));
#221=EDGE_LOOP('',(#1409));
#222=EDGE_LOOP('',(#1410,#1411,#1412,#1413));
#223=EDGE_LOOP('',(#1414,#1415,#1416,#1417));
#224=EDGE_LOOP('',(#1418,#1419,#1420,#1421));
#225=EDGE_LOOP('',(#1422,#1423,#1424,#1425));
#226=EDGE_LOOP('',(#1426,#1427,#1428,#1429));
#227=EDGE_LOOP('',(#1430,#1431,#1432,#1433));
#228=EDGE_LOOP('',(#1434,#1435,#1436,#1437));
#229=EDGE_LOOP('',(#1438,#1439,#1440,#1441));
#230=EDGE_LOOP('',(#1442,#1443,#1444,#1445));
#231=EDGE_LOOP('',(#1446,#1447,#1448,#1449));
#232=EDGE_LOOP('',(#1450,#1451,#1452,#1453));
#233=EDGE_LOOP('',(#1454,#1455,#1456,#1457));
#234=EDGE_LOOP('',(#1458,#1459,#1460,#1461));
#235=EDGE_LOOP('',(#1462,#1463,#1464,#1465));
#236=EDGE_LOOP('',(#1466,#1467,#1468,#1469));
#237=EDGE_LOOP('',(#1470,#1471,#1472,#1473));
#238=EDGE_LOOP('',(#1474,#1475,#1476,#1477));
#239=EDGE_LOOP('',(#1478,#1479,#1480,#1481));
#240=EDGE_LOOP('',(#1482,#1483,#1484,#1485));
#241=EDGE_LOOP('',(#1486,#1487,#1488,#1489));
#242=EDGE_LOOP('',(#1490,#1491,#1492,#1493));
#243=EDGE_LOOP('',(#1494,#1495,#1496,#1497));
#244=EDGE_LOOP('',(#1498,#1499,#1500,#1501));
#245=EDGE_LOOP('',(#1502,#1503,#1504,#1505));
#246=EDGE_LOOP('',(#1506,#1507,#1508,#1509,#1510,#1511,#1512,#1513));
#247=EDGE_LOOP('',(#1514,#1515,#1516,#1517,#1518,#1519,#1520,#1521,#1522,
#1523,#1524,#1525));
#248=EDGE_LOOP('',(#1526));
#249=EDGE_LOOP('',(#1527));
#250=EDGE_LOOP('',(#1528,#1529,#1530,#1531));
#251=EDGE_LOOP('',(#1532,#1533,#1534,#1535));
#252=EDGE_LOOP('',(#1536,#1537,#1538,#1539,#1540));
#253=EDGE_LOOP('',(#1541,#1542,#1543,#1544,#1545));
#254=EDGE_LOOP('',(#1546,#1547,#1548,#1549));
#255=EDGE_LOOP('',(#1550,#1551,#1552,#1553));
#256=EDGE_LOOP('',(#1554,#1555,#1556,#1557));
#257=EDGE_LOOP('',(#1558,#1559,#1560,#1561));
#258=LINE('',#2315,#472);
#259=LINE('',#2317,#473);
#260=LINE('',#2319,#474);
#261=LINE('',#2320,#475);
#262=LINE('',#2324,#476);
#263=LINE('',#2326,#477);
#264=LINE('',#2328,#478);
#265=LINE('',#2329,#479);
#266=LINE('',#2332,#480);
#267=LINE('',#2344,#481);
#268=LINE('',#2346,#482);
#269=LINE('',#2347,#483);
#270=LINE('',#2354,#484);
#271=LINE('',#2356,#485);
#272=LINE('',#2357,#486);
#273=LINE('',#2360,#487);
#274=LINE('',#2362,#488);
#275=LINE('',#2363,#489);
#276=LINE('',#2367,#490);
#277=LINE('',#2369,#491);
#278=LINE('',#2370,#492);
#279=LINE('',#2373,#493);
#280=LINE('',#2375,#494);
#281=LINE('',#2376,#495);
#282=LINE('',#2381,#496);
#283=LINE('',#2383,#497);
#284=LINE('',#2385,#498);
#285=LINE('',#2386,#499);
#286=LINE('',#2390,#500);
#287=LINE('',#2392,#501);
#288=LINE('',#2394,#502);
#289=LINE('',#2395,#503);
#290=LINE('',#2399,#504);
#291=LINE('',#2401,#505);
#292=LINE('',#2403,#506);
#293=LINE('',#2404,#507);
#294=LINE('',#2406,#508);
#295=LINE('',#2407,#509);
#296=LINE('',#2411,#510);
#297=LINE('',#2413,#511);
#298=LINE('',#2415,#512);
#299=LINE('',#2416,#513);
#300=LINE('',#2420,#514);
#301=LINE('',#2422,#515);
#302=LINE('',#2424,#516);
#303=LINE('',#2425,#517);
#304=LINE('',#2428,#518);
#305=LINE('',#2430,#519);
#306=LINE('',#2431,#520);
#307=LINE('',#2435,#521);
#308=LINE('',#2436,#522);
#309=LINE('',#2437,#523);
#310=LINE('',#2439,#524);
#311=LINE('',#2440,#525);
#312=LINE('',#2444,#526);
#313=LINE('',#2446,#527);
#314=LINE('',#2448,#528);
#315=LINE('',#2449,#529);
#316=LINE('',#2451,#530);
#317=LINE('',#2452,#531);
#318=LINE('',#2456,#532);
#319=LINE('',#2458,#533);
#320=LINE('',#2460,#534);
#321=LINE('',#2461,#535);
#322=LINE('',#2465,#536);
#323=LINE('',#2467,#537);
#324=LINE('',#2469,#538);
#325=LINE('',#2470,#539);
#326=LINE('',#2473,#540);
#327=LINE('',#2475,#541);
#328=LINE('',#2476,#542);
#329=LINE('',#2479,#543);
#330=LINE('',#2481,#544);
#331=LINE('',#2482,#545);
#332=LINE('',#2484,#546);
#333=LINE('',#2485,#547);
#334=LINE('',#2488,#548);
#335=LINE('',#2490,#549);
#336=LINE('',#2491,#550);
#337=LINE('',#2494,#551);
#338=LINE('',#2498,#552);
#339=LINE('',#2502,#553);
#340=LINE('',#2506,#554);
#341=LINE('',#2510,#555);
#342=LINE('',#2514,#556);
#343=LINE('',#2516,#557);
#344=LINE('',#2517,#558);
#345=LINE('',#2519,#559);
#346=LINE('',#2520,#560);
#347=LINE('',#2522,#561);
#348=LINE('',#2523,#562);
#349=LINE('',#2525,#563);
#350=LINE('',#2527,#564);
#351=LINE('',#2529,#565);
#352=LINE('',#2531,#566);
#353=LINE('',#2533,#567);
#354=LINE('',#2535,#568);
#355=LINE('',#2537,#569);
#356=LINE('',#2538,#570);
#357=LINE('',#2539,#571);
#358=LINE('',#2541,#572);
#359=LINE('',#2543,#573);
#360=LINE('',#2546,#574);
#361=LINE('',#2548,#575);
#362=LINE('',#2550,#576);
#363=LINE('',#2552,#577);
#364=LINE('',#2554,#578);
#365=LINE('',#2556,#579);
#366=LINE('',#2557,#580);
#367=LINE('',#2559,#581);
#368=LINE('',#2560,#582);
#369=LINE('',#2562,#583);
#370=LINE('',#2564,#584);
#371=LINE('',#2570,#585);
#372=LINE('',#2579,#586);
#373=LINE('',#2588,#587);
#374=LINE('',#2597,#588);
#375=LINE('',#2603,#589);
#376=LINE('',#2606,#590);
#377=LINE('',#2608,#591);
#378=LINE('',#2610,#592);
#379=LINE('',#2612,#593);
#380=LINE('',#2614,#594);
#381=LINE('',#2616,#595);
#382=LINE('',#2618,#596);
#383=LINE('',#2619,#597);
#384=LINE('',#2621,#598);
#385=LINE('',#2623,#599);
#386=LINE('',#2625,#600);
#387=LINE('',#2627,#601);
#388=LINE('',#2629,#602);
#389=LINE('',#2631,#603);
#390=LINE('',#2632,#604);
#391=LINE('',#2634,#605);
#392=LINE('',#2638,#606);
#393=LINE('',#2640,#607);
#394=LINE('',#2642,#608);
#395=LINE('',#2643,#609);
#396=LINE('',#2646,#610);
#397=LINE('',#2648,#611);
#398=LINE('',#2649,#612);
#399=LINE('',#2652,#613);
#400=LINE('',#2654,#614);
#401=LINE('',#2655,#615);
#402=LINE('',#2657,#616);
#403=LINE('',#2660,#617);
#404=LINE('',#2662,#618);
#405=LINE('',#2663,#619);
#406=LINE('',#2666,#620);
#407=LINE('',#2667,#621);
#408=LINE('',#2670,#622);
#409=LINE('',#2671,#623);
#410=LINE('',#2673,#624);
#411=LINE('',#2676,#625);
#412=LINE('',#2678,#626);
#413=LINE('',#2680,#627);
#414=LINE('',#2682,#628);
#415=LINE('',#2684,#629);
#416=LINE('',#2686,#630);
#417=LINE('',#2688,#631);
#418=LINE('',#2690,#632);
#419=LINE('',#2691,#633);
#420=LINE('',#2694,#634);
#421=LINE('',#2696,#635);
#422=LINE('',#2697,#636);
#423=LINE('',#2700,#637);
#424=LINE('',#2701,#638);
#425=LINE('',#2704,#639);
#426=LINE('',#2705,#640);
#427=LINE('',#2708,#641);
#428=LINE('',#2709,#642);
#429=LINE('',#2712,#643);
#430=LINE('',#2713,#644);
#431=LINE('',#2716,#645);
#432=LINE('',#2717,#646);
#433=LINE('',#2720,#647);
#434=LINE('',#2721,#648);
#435=LINE('',#2723,#649);
#436=LINE('',#2725,#650);
#437=LINE('',#2726,#651);
#438=LINE('',#2728,#652);
#439=LINE('',#2730,#653);
#440=LINE('',#2732,#654);
#441=LINE('',#2736,#655);
#442=LINE('',#2737,#656);
#443=LINE('',#2738,#657);
#444=LINE('',#2741,#658);
#445=LINE('',#2743,#659);
#446=LINE('',#2744,#660);
#447=LINE('',#2747,#661);
#448=LINE('',#2748,#662);
#449=LINE('',#2751,#663);
#450=LINE('',#2752,#664);
#451=LINE('',#2754,#665);
#452=LINE('',#2757,#666);
#453=LINE('',#2759,#667);
#454=LINE('',#2760,#668);
#455=LINE('',#2763,#669);
#456=LINE('',#2764,#670);
#457=LINE('',#2767,#671);
#458=LINE('',#2768,#672);
#459=LINE('',#2771,#673);
#460=LINE('',#2772,#674);
#461=LINE('',#2775,#675);
#462=LINE('',#2776,#676);
#463=LINE('',#2778,#677);
#464=LINE('',#2780,#678);
#465=LINE('',#2781,#679);
#466=LINE('',#2784,#680);
#467=LINE('',#2785,#681);
#468=LINE('',#2787,#682);
#469=LINE('',#2789,#683);
#470=LINE('',#2793,#684);
#471=LINE('',#2795,#685);
#472=VECTOR('',#1867,10.);
#473=VECTOR('',#1868,10.);
#474=VECTOR('',#1869,10.);
#475=VECTOR('',#1870,10.);
#476=VECTOR('',#1873,10.);
#477=VECTOR('',#1874,10.);
#478=VECTOR('',#1875,10.);
#479=VECTOR('',#1876,10.);
#480=VECTOR('',#1881,10.);
#481=VECTOR('',#1892,10.);
#482=VECTOR('',#1893,10.);
#483=VECTOR('',#1894,10.);
#484=VECTOR('',#1901,10.);
#485=VECTOR('',#1902,10.);
#486=VECTOR('',#1903,10.);
#487=VECTOR('',#1906,10.);
#488=VECTOR('',#1907,10.);
#489=VECTOR('',#1908,10.);
#490=VECTOR('',#1913,10.);
#491=VECTOR('',#1914,10.);
#492=VECTOR('',#1915,10.);
#493=VECTOR('',#1918,10.);
#494=VECTOR('',#1919,10.);
#495=VECTOR('',#1920,10.);
#496=VECTOR('',#1925,10.);
#497=VECTOR('',#1926,10.);
#498=VECTOR('',#1927,10.);
#499=VECTOR('',#1928,10.);
#500=VECTOR('',#1931,10.);
#501=VECTOR('',#1932,10.);
#502=VECTOR('',#1933,10.);
#503=VECTOR('',#1934,10.);
#504=VECTOR('',#1937,10.);
#505=VECTOR('',#1938,10.);
#506=VECTOR('',#1939,10.);
#507=VECTOR('',#1940,10.);
#508=VECTOR('',#1943,10.);
#509=VECTOR('',#1944,10.);
#510=VECTOR('',#1947,10.);
#511=VECTOR('',#1948,10.);
#512=VECTOR('',#1949,10.);
#513=VECTOR('',#1950,10.);
#514=VECTOR('',#1953,10.);
#515=VECTOR('',#1954,10.);
#516=VECTOR('',#1955,10.);
#517=VECTOR('',#1956,10.);
#518=VECTOR('',#1959,10.);
#519=VECTOR('',#1960,10.);
#520=VECTOR('',#1961,10.);
#521=VECTOR('',#1964,10.);
#522=VECTOR('',#1965,10.);
#523=VECTOR('',#1966,10.);
#524=VECTOR('',#1969,10.);
#525=VECTOR('',#1970,10.);
#526=VECTOR('',#1973,10.);
#527=VECTOR('',#1974,10.);
#528=VECTOR('',#1975,10.);
#529=VECTOR('',#1976,10.);
#530=VECTOR('',#1979,10.);
#531=VECTOR('',#1980,10.);
#532=VECTOR('',#1983,10.);
#533=VECTOR('',#1984,10.);
#534=VECTOR('',#1985,10.);
#535=VECTOR('',#1986,10.);
#536=VECTOR('',#1989,10.);
#537=VECTOR('',#1990,10.);
#538=VECTOR('',#1991,10.);
#539=VECTOR('',#1992,10.);
#540=VECTOR('',#1995,10.);
#541=VECTOR('',#1996,10.);
#542=VECTOR('',#1997,10.);
#543=VECTOR('',#2000,10.);
#544=VECTOR('',#2001,10.);
#545=VECTOR('',#2002,10.);
#546=VECTOR('',#2005,10.);
#547=VECTOR('',#2006,10.);
#548=VECTOR('',#2009,10.);
#549=VECTOR('',#2010,10.);
#550=VECTOR('',#2011,10.);
#551=VECTOR('',#2014,13.);
#552=VECTOR('',#2017,10.);
#553=VECTOR('',#2020,10.);
#554=VECTOR('',#2023,10.);
#555=VECTOR('',#2026,10.);
#556=VECTOR('',#2031,10.);
#557=VECTOR('',#2032,10.);
#558=VECTOR('',#2033,10.);
#559=VECTOR('',#2036,10.);
#560=VECTOR('',#2037,10.);
#561=VECTOR('',#2040,10.);
#562=VECTOR('',#2041,10.);
#563=VECTOR('',#2044,10.);
#564=VECTOR('',#2045,10.);
#565=VECTOR('',#2046,10.);
#566=VECTOR('',#2047,10.);
#567=VECTOR('',#2048,10.);
#568=VECTOR('',#2049,10.);
#569=VECTOR('',#2050,10.);
#570=VECTOR('',#2051,10.);
#571=VECTOR('',#2052,10.);
#572=VECTOR('',#2055,10.);
#573=VECTOR('',#2058,10.);
#574=VECTOR('',#2061,10.);
#575=VECTOR('',#2062,10.);
#576=VECTOR('',#2063,10.);
#577=VECTOR('',#2064,10.);
#578=VECTOR('',#2065,10.);
#579=VECTOR('',#2066,10.);
#580=VECTOR('',#2067,10.);
#581=VECTOR('',#2070,10.);
#582=VECTOR('',#2071,10.);
#583=VECTOR('',#2074,10.);
#584=VECTOR('',#2077,10.);
#585=VECTOR('',#2084,1.9);
#586=VECTOR('',#2095,1.9);
#587=VECTOR('',#2106,1.9);
#588=VECTOR('',#2117,1.9);
#589=VECTOR('',#2126,10.);
#590=VECTOR('',#2127,10.);
#591=VECTOR('',#2128,10.);
#592=VECTOR('',#2129,10.);
#593=VECTOR('',#2130,10.);
#594=VECTOR('',#2131,10.);
#595=VECTOR('',#2132,10.);
#596=VECTOR('',#2133,10.);
#597=VECTOR('',#2134,10.);
#598=VECTOR('',#2135,10.);
#599=VECTOR('',#2136,10.);
#600=VECTOR('',#2137,10.);
#601=VECTOR('',#2138,10.);
#602=VECTOR('',#2139,10.);
#603=VECTOR('',#2140,10.);
#604=VECTOR('',#2141,10.);
#605=VECTOR('',#2144,10.);
#606=VECTOR('',#2147,10.);
#607=VECTOR('',#2148,10.);
#608=VECTOR('',#2149,10.);
#609=VECTOR('',#2150,10.);
#610=VECTOR('',#2153,10.);
#611=VECTOR('',#2154,10.);
#612=VECTOR('',#2155,10.);
#613=VECTOR('',#2158,10.);
#614=VECTOR('',#2159,10.);
#615=VECTOR('',#2160,10.);
#616=VECTOR('',#2163,10.);
#617=VECTOR('',#2166,10.);
#618=VECTOR('',#2167,10.);
#619=VECTOR('',#2168,10.);
#620=VECTOR('',#2171,10.);
#621=VECTOR('',#2172,10.);
#622=VECTOR('',#2175,10.);
#623=VECTOR('',#2176,10.);
#624=VECTOR('',#2179,10.);
#625=VECTOR('',#2182,10.);
#626=VECTOR('',#2183,10.);
#627=VECTOR('',#2184,10.);
#628=VECTOR('',#2185,10.);
#629=VECTOR('',#2186,10.);
#630=VECTOR('',#2187,10.);
#631=VECTOR('',#2188,10.);
#632=VECTOR('',#2189,10.);
#633=VECTOR('',#2190,10.);
#634=VECTOR('',#2193,10.);
#635=VECTOR('',#2194,10.);
#636=VECTOR('',#2195,10.);
#637=VECTOR('',#2198,10.);
#638=VECTOR('',#2199,10.);
#639=VECTOR('',#2202,10.);
#640=VECTOR('',#2203,10.);
#641=VECTOR('',#2206,10.);
#642=VECTOR('',#2207,10.);
#643=VECTOR('',#2210,10.);
#644=VECTOR('',#2211,10.);
#645=VECTOR('',#2214,10.);
#646=VECTOR('',#2215,10.);
#647=VECTOR('',#2218,10.);
#648=VECTOR('',#2219,10.);
#649=VECTOR('',#2222,10.);
#650=VECTOR('',#2225,10.);
#651=VECTOR('',#2226,10.);
#652=VECTOR('',#2229,10.);
#653=VECTOR('',#2232,10.);
#654=VECTOR('',#2235,10.);
#655=VECTOR('',#2238,10.);
#656=VECTOR('',#2239,10.);
#657=VECTOR('',#2240,10.);
#658=VECTOR('',#2243,10.);
#659=VECTOR('',#2244,10.);
#660=VECTOR('',#2245,10.);
#661=VECTOR('',#2248,10.);
#662=VECTOR('',#2249,10.);
#663=VECTOR('',#2252,10.);
#664=VECTOR('',#2253,10.);
#665=VECTOR('',#2256,10.);
#666=VECTOR('',#2259,10.);
#667=VECTOR('',#2260,10.);
#668=VECTOR('',#2261,10.);
#669=VECTOR('',#2264,10.);
#670=VECTOR('',#2265,10.);
#671=VECTOR('',#2268,10.);
#672=VECTOR('',#2269,10.);
#673=VECTOR('',#2272,10.);
#674=VECTOR('',#2273,10.);
#675=VECTOR('',#2276,10.);
#676=VECTOR('',#2277,10.);
#677=VECTOR('',#2280,10.);
#678=VECTOR('',#2283,10.);
#679=VECTOR('',#2284,10.);
#680=VECTOR('',#2289,10.);
#681=VECTOR('',#2290,10.);
#682=VECTOR('',#2293,1.6);
#683=VECTOR('',#2296,1.6);
#684=VECTOR('',#2303,1.6);
#685=VECTOR('',#2306,1.6);
#686=VERTEX_POINT('',#2313);
#687=VERTEX_POINT('',#2314);
#688=VERTEX_POINT('',#2316);
#689=VERTEX_POINT('',#2318);
#690=VERTEX_POINT('',#2322);
#691=VERTEX_POINT('',#2323);
#692=VERTEX_POINT('',#2325);
#693=VERTEX_POINT('',#2327);
#694=VERTEX_POINT('',#2333);
#695=VERTEX_POINT('',#2335);
#696=VERTEX_POINT('',#2338);
#697=VERTEX_POINT('',#2339);
#698=VERTEX_POINT('',#2341);
#699=VERTEX_POINT('',#2343);
#700=VERTEX_POINT('',#2345);
#701=VERTEX_POINT('',#2348);
#702=VERTEX_POINT('',#2350);
#703=VERTEX_POINT('',#2353);
#704=VERTEX_POINT('',#2355);
#705=VERTEX_POINT('',#2359);
#706=VERTEX_POINT('',#2361);
#707=VERTEX_POINT('',#2366);
#708=VERTEX_POINT('',#2368);
#709=VERTEX_POINT('',#2372);
#710=VERTEX_POINT('',#2374);
#711=VERTEX_POINT('',#2379);
#712=VERTEX_POINT('',#2380);
#713=VERTEX_POINT('',#2382);
#714=VERTEX_POINT('',#2384);
#715=VERTEX_POINT('',#2388);
#716=VERTEX_POINT('',#2389);
#717=VERTEX_POINT('',#2391);
#718=VERTEX_POINT('',#2393);
#719=VERTEX_POINT('',#2397);
#720=VERTEX_POINT('',#2398);
#721=VERTEX_POINT('',#2400);
#722=VERTEX_POINT('',#2402);
#723=VERTEX_POINT('',#2409);
#724=VERTEX_POINT('',#2410);
#725=VERTEX_POINT('',#2412);
#726=VERTEX_POINT('',#2414);
#727=VERTEX_POINT('',#2418);
#728=VERTEX_POINT('',#2419);
#729=VERTEX_POINT('',#2421);
#730=VERTEX_POINT('',#2423);
#731=VERTEX_POINT('',#2427);
#732=VERTEX_POINT('',#2429);
#733=VERTEX_POINT('',#2433);
#734=VERTEX_POINT('',#2434);
#735=VERTEX_POINT('',#2442);
#736=VERTEX_POINT('',#2443);
#737=VERTEX_POINT('',#2445);
#738=VERTEX_POINT('',#2447);
#739=VERTEX_POINT('',#2454);
#740=VERTEX_POINT('',#2455);
#741=VERTEX_POINT('',#2457);
#742=VERTEX_POINT('',#2459);
#743=VERTEX_POINT('',#2463);
#744=VERTEX_POINT('',#2464);
#745=VERTEX_POINT('',#2466);
#746=VERTEX_POINT('',#2468);
#747=VERTEX_POINT('',#2472);
#748=VERTEX_POINT('',#2474);
#749=VERTEX_POINT('',#2478);
#750=VERTEX_POINT('',#2480);
#751=VERTEX_POINT('',#2487);
#752=VERTEX_POINT('',#2489);
#753=VERTEX_POINT('',#2493);
#754=VERTEX_POINT('',#2495);
#755=VERTEX_POINT('',#2497);
#756=VERTEX_POINT('',#2499);
#757=VERTEX_POINT('',#2501);
#758=VERTEX_POINT('',#2503);
#759=VERTEX_POINT('',#2505);
#760=VERTEX_POINT('',#2507);
#761=VERTEX_POINT('',#2509);
#762=VERTEX_POINT('',#2513);
#763=VERTEX_POINT('',#2515);
#764=VERTEX_POINT('',#2526);
#765=VERTEX_POINT('',#2528);
#766=VERTEX_POINT('',#2530);
#767=VERTEX_POINT('',#2532);
#768=VERTEX_POINT('',#2534);
#769=VERTEX_POINT('',#2536);
#770=VERTEX_POINT('',#2545);
#771=VERTEX_POINT('',#2547);
#772=VERTEX_POINT('',#2549);
#773=VERTEX_POINT('',#2551);
#774=VERTEX_POINT('',#2553);
#775=VERTEX_POINT('',#2555);
#776=VERTEX_POINT('',#2567);
#777=VERTEX_POINT('',#2569);
#778=VERTEX_POINT('',#2573);
#779=VERTEX_POINT('',#2576);
#780=VERTEX_POINT('',#2578);
#781=VERTEX_POINT('',#2582);
#782=VERTEX_POINT('',#2585);
#783=VERTEX_POINT('',#2587);
#784=VERTEX_POINT('',#2591);
#785=VERTEX_POINT('',#2594);
#786=VERTEX_POINT('',#2596);
#787=VERTEX_POINT('',#2600);
#788=VERTEX_POINT('',#2604);
#789=VERTEX_POINT('',#2605);
#790=VERTEX_POINT('',#2607);
#791=VERTEX_POINT('',#2609);
#792=VERTEX_POINT('',#2611);
#793=VERTEX_POINT('',#2613);
#794=VERTEX_POINT('',#2615);
#795=VERTEX_POINT('',#2617);
#796=VERTEX_POINT('',#2620);
#797=VERTEX_POINT('',#2622);
#798=VERTEX_POINT('',#2624);
#799=VERTEX_POINT('',#2626);
#800=VERTEX_POINT('',#2628);
#801=VERTEX_POINT('',#2630);
#802=VERTEX_POINT('',#2636);
#803=VERTEX_POINT('',#2637);
#804=VERTEX_POINT('',#2639);
#805=VERTEX_POINT('',#2641);
#806=VERTEX_POINT('',#2645);
#807=VERTEX_POINT('',#2647);
#808=VERTEX_POINT('',#2651);
#809=VERTEX_POINT('',#2653);
#810=VERTEX_POINT('',#2659);
#811=VERTEX_POINT('',#2661);
#812=VERTEX_POINT('',#2665);
#813=VERTEX_POINT('',#2669);
#814=VERTEX_POINT('',#2675);
#815=VERTEX_POINT('',#2677);
#816=VERTEX_POINT('',#2679);
#817=VERTEX_POINT('',#2681);
#818=VERTEX_POINT('',#2683);
#819=VERTEX_POINT('',#2685);
#820=VERTEX_POINT('',#2687);
#821=VERTEX_POINT('',#2689);
#822=VERTEX_POINT('',#2693);
#823=VERTEX_POINT('',#2695);
#824=VERTEX_POINT('',#2699);
#825=VERTEX_POINT('',#2703);
#826=VERTEX_POINT('',#2707);
#827=VERTEX_POINT('',#2711);
#828=VERTEX_POINT('',#2715);
#829=VERTEX_POINT('',#2719);
#830=VERTEX_POINT('',#2734);
#831=VERTEX_POINT('',#2735);
#832=VERTEX_POINT('',#2740);
#833=VERTEX_POINT('',#2742);
#834=VERTEX_POINT('',#2746);
#835=VERTEX_POINT('',#2750);
#836=VERTEX_POINT('',#2756);
#837=VERTEX_POINT('',#2758);
#838=VERTEX_POINT('',#2762);
#839=VERTEX_POINT('',#2766);
#840=VERTEX_POINT('',#2770);
#841=VERTEX_POINT('',#2774);
#842=EDGE_CURVE('',#686,#687,#258,.T.);
#843=EDGE_CURVE('',#688,#687,#259,.T.);
#844=EDGE_CURVE('',#688,#689,#260,.T.);
#845=EDGE_CURVE('',#689,#686,#261,.T.);
#846=EDGE_CURVE('',#690,#691,#262,.T.);
#847=EDGE_CURVE('',#692,#691,#263,.T.);
#848=EDGE_CURVE('',#693,#692,#264,.T.);
#849=EDGE_CURVE('',#690,#693,#265,.T.);
#850=EDGE_CURVE('',#691,#686,#38,.T.);
#851=EDGE_CURVE('',#689,#692,#266,.T.);
#852=EDGE_CURVE('',#694,#694,#39,.T.);
#853=EDGE_CURVE('',#695,#695,#40,.T.);
#854=EDGE_CURVE('',#696,#697,#41,.T.);
#855=EDGE_CURVE('',#697,#698,#42,.T.);
#856=EDGE_CURVE('',#698,#699,#267,.T.);
#857=EDGE_CURVE('',#700,#699,#268,.T.);
#858=EDGE_CURVE('',#696,#700,#269,.T.);
#859=EDGE_CURVE('',#701,#701,#43,.T.);
#860=EDGE_CURVE('',#702,#702,#44,.T.);
#861=EDGE_CURVE('',#703,#696,#270,.T.);
#862=EDGE_CURVE('',#704,#700,#271,.T.);
#863=EDGE_CURVE('',#703,#704,#272,.T.);
#864=EDGE_CURVE('',#705,#704,#273,.T.);
#865=EDGE_CURVE('',#706,#705,#274,.T.);
#866=EDGE_CURVE('',#688,#706,#275,.T.);
#867=EDGE_CURVE('',#703,#687,#45,.T.);
#868=EDGE_CURVE('',#698,#707,#276,.T.);
#869=EDGE_CURVE('',#708,#707,#277,.T.);
#870=EDGE_CURVE('',#699,#708,#278,.T.);
#871=EDGE_CURVE('',#709,#693,#279,.T.);
#872=EDGE_CURVE('',#709,#710,#280,.T.);
#873=EDGE_CURVE('',#708,#710,#281,.T.);
#874=EDGE_CURVE('',#690,#707,#46,.T.);
#875=EDGE_CURVE('',#711,#712,#282,.T.);
#876=EDGE_CURVE('',#712,#713,#283,.T.);
#877=EDGE_CURVE('',#713,#714,#284,.T.);
#878=EDGE_CURVE('',#714,#711,#285,.T.);
#879=EDGE_CURVE('',#715,#716,#286,.T.);
#880=EDGE_CURVE('',#716,#717,#287,.T.);
#881=EDGE_CURVE('',#717,#718,#288,.T.);
#882=EDGE_CURVE('',#718,#715,#289,.T.);
#883=EDGE_CURVE('',#719,#720,#290,.T.);
#884=EDGE_CURVE('',#721,#719,#291,.T.);
#885=EDGE_CURVE('',#722,#721,#292,.T.);
#886=EDGE_CURVE('',#720,#722,#293,.T.);
#887=EDGE_CURVE('',#722,#709,#294,.T.);
#888=EDGE_CURVE('',#710,#721,#295,.T.);
#889=EDGE_CURVE('',#723,#724,#296,.T.);
#890=EDGE_CURVE('',#725,#723,#297,.T.);
#891=EDGE_CURVE('',#725,#726,#298,.T.);
#892=EDGE_CURVE('',#724,#726,#299,.T.);
#893=EDGE_CURVE('',#727,#728,#300,.T.);
#894=EDGE_CURVE('',#727,#729,#301,.T.);
#895=EDGE_CURVE('',#730,#729,#302,.T.);
#896=EDGE_CURVE('',#728,#730,#303,.T.);
#897=EDGE_CURVE('',#731,#727,#304,.T.);
#898=EDGE_CURVE('',#731,#732,#305,.T.);
#899=EDGE_CURVE('',#729,#732,#306,.T.);
#900=EDGE_CURVE('',#733,#734,#307,.T.);
#901=EDGE_CURVE('',#732,#733,#308,.T.);
#902=EDGE_CURVE('',#734,#731,#309,.T.);
#903=EDGE_CURVE('',#728,#725,#310,.T.);
#904=EDGE_CURVE('',#726,#730,#311,.T.);
#905=EDGE_CURVE('',#735,#736,#312,.T.);
#906=EDGE_CURVE('',#737,#735,#313,.T.);
#907=EDGE_CURVE('',#737,#738,#314,.T.);
#908=EDGE_CURVE('',#736,#738,#315,.T.);
#909=EDGE_CURVE('',#706,#737,#316,.T.);
#910=EDGE_CURVE('',#738,#705,#317,.T.);
#911=EDGE_CURVE('',#739,#740,#318,.T.);
#912=EDGE_CURVE('',#741,#739,#319,.T.);
#913=EDGE_CURVE('',#741,#742,#320,.T.);
#914=EDGE_CURVE('',#740,#742,#321,.T.);
#915=EDGE_CURVE('',#743,#744,#322,.T.);
#916=EDGE_CURVE('',#745,#743,#323,.T.);
#917=EDGE_CURVE('',#746,#745,#324,.T.);
#918=EDGE_CURVE('',#744,#746,#325,.T.);
#919=EDGE_CURVE('',#747,#741,#326,.T.);
#920=EDGE_CURVE('',#747,#748,#327,.T.);
#921=EDGE_CURVE('',#742,#748,#328,.T.);
#922=EDGE_CURVE('',#749,#747,#329,.T.);
#923=EDGE_CURVE('',#749,#750,#330,.T.);
#924=EDGE_CURVE('',#748,#750,#331,.T.);
#925=EDGE_CURVE('',#746,#749,#332,.T.);
#926=EDGE_CURVE('',#750,#745,#333,.T.);
#927=EDGE_CURVE('',#751,#724,#334,.T.);
#928=EDGE_CURVE('',#752,#751,#335,.T.);
#929=EDGE_CURVE('',#723,#752,#336,.T.);
#930=EDGE_CURVE('',#697,#753,#337,.T.);
#931=EDGE_CURVE('',#753,#754,#47,.T.);
#932=EDGE_CURVE('',#754,#755,#338,.T.);
#933=EDGE_CURVE('',#756,#755,#48,.T.);
#934=EDGE_CURVE('',#757,#756,#339,.T.);
#935=EDGE_CURVE('',#758,#757,#49,.T.);
#936=EDGE_CURVE('',#759,#758,#340,.T.);
#937=EDGE_CURVE('',#760,#759,#50,.T.);
#938=EDGE_CURVE('',#760,#761,#341,.T.);
#939=EDGE_CURVE('',#761,#753,#51,.T.);
#940=EDGE_CURVE('',#762,#736,#342,.T.);
#941=EDGE_CURVE('',#762,#763,#343,.T.);
#942=EDGE_CURVE('',#735,#763,#344,.T.);
#943=EDGE_CURVE('',#712,#740,#345,.T.);
#944=EDGE_CURVE('',#739,#711,#346,.T.);
#945=EDGE_CURVE('',#716,#734,#347,.T.);
#946=EDGE_CURVE('',#733,#715,#348,.T.);
#947=EDGE_CURVE('',#719,#751,#349,.T.);
#948=EDGE_CURVE('',#764,#718,#350,.T.);
#949=EDGE_CURVE('',#765,#764,#351,.T.);
#950=EDGE_CURVE('',#765,#766,#352,.T.);
#951=EDGE_CURVE('',#767,#766,#353,.T.);
#952=EDGE_CURVE('',#767,#768,#354,.T.);
#953=EDGE_CURVE('',#768,#769,#355,.T.);
#954=EDGE_CURVE('',#713,#769,#356,.T.);
#955=EDGE_CURVE('',#743,#762,#357,.T.);
#956=EDGE_CURVE('',#763,#744,#358,.T.);
#957=EDGE_CURVE('',#752,#720,#359,.T.);
#958=EDGE_CURVE('',#770,#714,#360,.T.);
#959=EDGE_CURVE('',#771,#770,#361,.T.);
#960=EDGE_CURVE('',#772,#771,#362,.T.);
#961=EDGE_CURVE('',#773,#772,#363,.T.);
#962=EDGE_CURVE('',#774,#773,#364,.T.);
#963=EDGE_CURVE('',#775,#774,#365,.T.);
#964=EDGE_CURVE('',#717,#775,#366,.T.);
#965=EDGE_CURVE('',#771,#768,#367,.T.);
#966=EDGE_CURVE('',#772,#767,#368,.T.);
#967=EDGE_CURVE('',#769,#770,#369,.T.);
#968=EDGE_CURVE('',#775,#764,#370,.T.);
#969=EDGE_CURVE('',#776,#776,#52,.T.);
#970=EDGE_CURVE('',#776,#777,#371,.T.);
#971=EDGE_CURVE('',#777,#777,#53,.T.);
#972=EDGE_CURVE('',#778,#778,#54,.T.);
#973=EDGE_CURVE('',#779,#779,#55,.T.);
#974=EDGE_CURVE('',#779,#780,#372,.T.);
#975=EDGE_CURVE('',#780,#780,#56,.T.);
#976=EDGE_CURVE('',#781,#781,#57,.T.);
#977=EDGE_CURVE('',#782,#782,#58,.T.);
#978=EDGE_CURVE('',#782,#783,#373,.T.);
#979=EDGE_CURVE('',#783,#783,#59,.T.);
#980=EDGE_CURVE('',#784,#784,#60,.T.);
#981=EDGE_CURVE('',#785,#785,#61,.T.);
#982=EDGE_CURVE('',#785,#786,#374,.T.);
#983=EDGE_CURVE('',#786,#786,#62,.T.);
#984=EDGE_CURVE('',#787,#787,#63,.T.);
#985=EDGE_CURVE('',#766,#773,#375,.T.);
#986=EDGE_CURVE('',#788,#789,#376,.T.);
#987=EDGE_CURVE('',#790,#788,#377,.T.);
#988=EDGE_CURVE('',#791,#790,#378,.T.);
#989=EDGE_CURVE('',#792,#791,#379,.T.);
#990=EDGE_CURVE('',#793,#792,#380,.T.);
#991=EDGE_CURVE('',#794,#793,#381,.T.);
#992=EDGE_CURVE('',#795,#794,#382,.T.);
#993=EDGE_CURVE('',#789,#795,#383,.T.);
#994=EDGE_CURVE('',#758,#796,#384,.T.);
#995=EDGE_CURVE('',#797,#757,#385,.T.);
#996=EDGE_CURVE('',#798,#797,#386,.T.);
#997=EDGE_CURVE('',#799,#798,#387,.T.);
#998=EDGE_CURVE('',#800,#799,#388,.T.);
#999=EDGE_CURVE('',#801,#800,#389,.T.);
#1000=EDGE_CURVE('',#796,#801,#390,.T.);
#1001=EDGE_CURVE('',#774,#765,#391,.T.);
#1002=EDGE_CURVE('',#802,#803,#392,.T.);
#1003=EDGE_CURVE('',#802,#804,#393,.T.);
#1004=EDGE_CURVE('',#804,#805,#394,.T.);
#1005=EDGE_CURVE('',#803,#805,#395,.T.);
#1006=EDGE_CURVE('',#806,#802,#396,.T.);
#1007=EDGE_CURVE('',#806,#807,#397,.T.);
#1008=EDGE_CURVE('',#807,#804,#398,.T.);
#1009=EDGE_CURVE('',#808,#806,#399,.T.);
#1010=EDGE_CURVE('',#809,#808,#400,.T.);
#1011=EDGE_CURVE('',#809,#807,#401,.T.);
#1012=EDGE_CURVE('',#805,#809,#402,.T.);
#1013=EDGE_CURVE('',#810,#761,#403,.T.);
#1014=EDGE_CURVE('',#811,#810,#404,.T.);
#1015=EDGE_CURVE('',#754,#811,#405,.T.);
#1016=EDGE_CURVE('',#812,#811,#406,.T.);
#1017=EDGE_CURVE('',#755,#812,#407,.T.);
#1018=EDGE_CURVE('',#812,#813,#408,.T.);
#1019=EDGE_CURVE('',#813,#810,#409,.T.);
#1020=EDGE_CURVE('',#813,#760,#410,.T.);
#1021=EDGE_CURVE('',#814,#803,#411,.T.);
#1022=EDGE_CURVE('',#815,#814,#412,.T.);
#1023=EDGE_CURVE('',#815,#816,#413,.T.);
#1024=EDGE_CURVE('',#817,#816,#414,.T.);
#1025=EDGE_CURVE('',#818,#817,#415,.T.);
#1026=EDGE_CURVE('',#819,#818,#416,.T.);
#1027=EDGE_CURVE('',#820,#819,#417,.T.);
#1028=EDGE_CURVE('',#821,#820,#418,.T.);
#1029=EDGE_CURVE('',#808,#821,#419,.T.);
#1030=EDGE_CURVE('',#789,#822,#420,.T.);
#1031=EDGE_CURVE('',#822,#823,#421,.T.);
#1032=EDGE_CURVE('',#788,#823,#422,.T.);
#1033=EDGE_CURVE('',#795,#824,#423,.T.);
#1034=EDGE_CURVE('',#824,#822,#424,.T.);
#1035=EDGE_CURVE('',#794,#825,#425,.T.);
#1036=EDGE_CURVE('',#825,#824,#426,.T.);
#1037=EDGE_CURVE('',#793,#826,#427,.T.);
#1038=EDGE_CURVE('',#826,#825,#428,.T.);
#1039=EDGE_CURVE('',#792,#827,#429,.T.);
#1040=EDGE_CURVE('',#827,#826,#430,.T.);
#1041=EDGE_CURVE('',#828,#827,#431,.T.);
#1042=EDGE_CURVE('',#791,#828,#432,.T.);
#1043=EDGE_CURVE('',#829,#828,#433,.T.);
#1044=EDGE_CURVE('',#790,#829,#434,.T.);
#1045=EDGE_CURVE('',#823,#829,#435,.T.);
#1046=EDGE_CURVE('',#828,#817,#436,.T.);
#1047=EDGE_CURVE('',#816,#827,#437,.T.);
#1048=EDGE_CURVE('',#818,#829,#438,.T.);
#1049=EDGE_CURVE('',#823,#819,#439,.T.);
#1050=EDGE_CURVE('',#820,#822,#440,.T.);
#1051=EDGE_CURVE('',#830,#831,#441,.T.);
#1052=EDGE_CURVE('',#831,#796,#442,.T.);
#1053=EDGE_CURVE('',#801,#830,#443,.T.);
#1054=EDGE_CURVE('',#797,#832,#444,.T.);
#1055=EDGE_CURVE('',#832,#833,#445,.T.);
#1056=EDGE_CURVE('',#833,#798,#446,.T.);
#1057=EDGE_CURVE('',#800,#834,#447,.T.);
#1058=EDGE_CURVE('',#834,#830,#448,.T.);
#1059=EDGE_CURVE('',#799,#835,#449,.T.);
#1060=EDGE_CURVE('',#835,#834,#450,.T.);
#1061=EDGE_CURVE('',#833,#835,#451,.T.);
#1062=EDGE_CURVE('',#836,#830,#452,.T.);
#1063=EDGE_CURVE('',#837,#836,#453,.T.);
#1064=EDGE_CURVE('',#831,#837,#454,.T.);
#1065=EDGE_CURVE('',#834,#838,#455,.T.);
#1066=EDGE_CURVE('',#838,#836,#456,.T.);
#1067=EDGE_CURVE('',#839,#835,#457,.T.);
#1068=EDGE_CURVE('',#839,#838,#458,.T.);
#1069=EDGE_CURVE('',#833,#840,#459,.T.);
#1070=EDGE_CURVE('',#840,#839,#460,.T.);
#1071=EDGE_CURVE('',#832,#841,#461,.T.);
#1072=EDGE_CURVE('',#841,#840,#462,.T.);
#1073=EDGE_CURVE('',#824,#821,#463,.T.);
#1074=EDGE_CURVE('',#826,#815,#464,.T.);
#1075=EDGE_CURVE('',#814,#825,#465,.T.);
#1076=EDGE_CURVE('',#837,#759,#466,.T.);
#1077=EDGE_CURVE('',#756,#841,#467,.T.);
#1078=EDGE_CURVE('',#694,#784,#468,.T.);
#1079=EDGE_CURVE('',#695,#781,#469,.T.);
#1080=EDGE_CURVE('',#702,#787,#470,.T.);
#1081=EDGE_CURVE('',#701,#778,#471,.T.);
#1082=ORIENTED_EDGE('',*,*,#842,.T.);
#1083=ORIENTED_EDGE('',*,*,#843,.F.);
#1084=ORIENTED_EDGE('',*,*,#844,.T.);
#1085=ORIENTED_EDGE('',*,*,#845,.T.);
#1086=ORIENTED_EDGE('',*,*,#846,.T.);
#1087=ORIENTED_EDGE('',*,*,#847,.F.);
#1088=ORIENTED_EDGE('',*,*,#848,.F.);
#1089=ORIENTED_EDGE('',*,*,#849,.F.);
#1090=ORIENTED_EDGE('',*,*,#850,.T.);
#1091=ORIENTED_EDGE('',*,*,#845,.F.);
#1092=ORIENTED_EDGE('',*,*,#851,.T.);
#1093=ORIENTED_EDGE('',*,*,#847,.T.);
#1094=ORIENTED_EDGE('',*,*,#852,.T.);
#1095=ORIENTED_EDGE('',*,*,#853,.T.);
#1096=ORIENTED_EDGE('',*,*,#854,.T.);
#1097=ORIENTED_EDGE('',*,*,#855,.T.);
#1098=ORIENTED_EDGE('',*,*,#856,.T.);
#1099=ORIENTED_EDGE('',*,*,#857,.F.);
#1100=ORIENTED_EDGE('',*,*,#858,.F.);
#1101=ORIENTED_EDGE('',*,*,#859,.T.);
#1102=ORIENTED_EDGE('',*,*,#860,.T.);
#1103=ORIENTED_EDGE('',*,*,#861,.T.);
#1104=ORIENTED_EDGE('',*,*,#858,.T.);
#1105=ORIENTED_EDGE('',*,*,#862,.F.);
#1106=ORIENTED_EDGE('',*,*,#863,.F.);
#1107=ORIENTED_EDGE('',*,*,#863,.T.);
#1108=ORIENTED_EDGE('',*,*,#864,.F.);
#1109=ORIENTED_EDGE('',*,*,#865,.F.);
#1110=ORIENTED_EDGE('',*,*,#866,.F.);
#1111=ORIENTED_EDGE('',*,*,#843,.T.);
#1112=ORIENTED_EDGE('',*,*,#867,.F.);
#1113=ORIENTED_EDGE('',*,*,#868,.T.);
#1114=ORIENTED_EDGE('',*,*,#869,.F.);
#1115=ORIENTED_EDGE('',*,*,#870,.F.);
#1116=ORIENTED_EDGE('',*,*,#856,.F.);
#1117=ORIENTED_EDGE('',*,*,#849,.T.);
#1118=ORIENTED_EDGE('',*,*,#871,.F.);
#1119=ORIENTED_EDGE('',*,*,#872,.T.);
#1120=ORIENTED_EDGE('',*,*,#873,.F.);
#1121=ORIENTED_EDGE('',*,*,#869,.T.);
#1122=ORIENTED_EDGE('',*,*,#874,.F.);
#1123=ORIENTED_EDGE('',*,*,#875,.T.);
#1124=ORIENTED_EDGE('',*,*,#876,.T.);
#1125=ORIENTED_EDGE('',*,*,#877,.T.);
#1126=ORIENTED_EDGE('',*,*,#878,.T.);
#1127=ORIENTED_EDGE('',*,*,#879,.T.);
#1128=ORIENTED_EDGE('',*,*,#880,.T.);
#1129=ORIENTED_EDGE('',*,*,#881,.T.);
#1130=ORIENTED_EDGE('',*,*,#882,.T.);
#1131=ORIENTED_EDGE('',*,*,#883,.F.);
#1132=ORIENTED_EDGE('',*,*,#884,.F.);
#1133=ORIENTED_EDGE('',*,*,#885,.F.);
#1134=ORIENTED_EDGE('',*,*,#886,.F.);
#1135=ORIENTED_EDGE('',*,*,#887,.F.);
#1136=ORIENTED_EDGE('',*,*,#885,.T.);
#1137=ORIENTED_EDGE('',*,*,#888,.F.);
#1138=ORIENTED_EDGE('',*,*,#872,.F.);
#1139=ORIENTED_EDGE('',*,*,#889,.F.);
#1140=ORIENTED_EDGE('',*,*,#890,.F.);
#1141=ORIENTED_EDGE('',*,*,#891,.T.);
#1142=ORIENTED_EDGE('',*,*,#892,.F.);
#1143=ORIENTED_EDGE('',*,*,#893,.F.);
#1144=ORIENTED_EDGE('',*,*,#894,.T.);
#1145=ORIENTED_EDGE('',*,*,#895,.F.);
#1146=ORIENTED_EDGE('',*,*,#896,.F.);
#1147=ORIENTED_EDGE('',*,*,#897,.F.);
#1148=ORIENTED_EDGE('',*,*,#898,.T.);
#1149=ORIENTED_EDGE('',*,*,#899,.F.);
#1150=ORIENTED_EDGE('',*,*,#894,.F.);
#1151=ORIENTED_EDGE('',*,*,#900,.F.);
#1152=ORIENTED_EDGE('',*,*,#901,.F.);
#1153=ORIENTED_EDGE('',*,*,#898,.F.);
#1154=ORIENTED_EDGE('',*,*,#902,.F.);
#1155=ORIENTED_EDGE('',*,*,#903,.F.);
#1156=ORIENTED_EDGE('',*,*,#896,.T.);
#1157=ORIENTED_EDGE('',*,*,#904,.F.);
#1158=ORIENTED_EDGE('',*,*,#891,.F.);
#1159=ORIENTED_EDGE('',*,*,#905,.F.);
#1160=ORIENTED_EDGE('',*,*,#906,.F.);
#1161=ORIENTED_EDGE('',*,*,#907,.T.);
#1162=ORIENTED_EDGE('',*,*,#908,.F.);
#1163=ORIENTED_EDGE('',*,*,#909,.F.);
#1164=ORIENTED_EDGE('',*,*,#865,.T.);
#1165=ORIENTED_EDGE('',*,*,#910,.F.);
#1166=ORIENTED_EDGE('',*,*,#907,.F.);
#1167=ORIENTED_EDGE('',*,*,#911,.F.);
#1168=ORIENTED_EDGE('',*,*,#912,.F.);
#1169=ORIENTED_EDGE('',*,*,#913,.T.);
#1170=ORIENTED_EDGE('',*,*,#914,.F.);
#1171=ORIENTED_EDGE('',*,*,#915,.F.);
#1172=ORIENTED_EDGE('',*,*,#916,.F.);
#1173=ORIENTED_EDGE('',*,*,#917,.F.);
#1174=ORIENTED_EDGE('',*,*,#918,.F.);
#1175=ORIENTED_EDGE('',*,*,#919,.F.);
#1176=ORIENTED_EDGE('',*,*,#920,.T.);
#1177=ORIENTED_EDGE('',*,*,#921,.F.);
#1178=ORIENTED_EDGE('',*,*,#913,.F.);
#1179=ORIENTED_EDGE('',*,*,#922,.F.);
#1180=ORIENTED_EDGE('',*,*,#923,.T.);
#1181=ORIENTED_EDGE('',*,*,#924,.F.);
#1182=ORIENTED_EDGE('',*,*,#920,.F.);
#1183=ORIENTED_EDGE('',*,*,#925,.F.);
#1184=ORIENTED_EDGE('',*,*,#917,.T.);
#1185=ORIENTED_EDGE('',*,*,#926,.F.);
#1186=ORIENTED_EDGE('',*,*,#923,.F.);
#1187=ORIENTED_EDGE('',*,*,#889,.T.);
#1188=ORIENTED_EDGE('',*,*,#927,.F.);
#1189=ORIENTED_EDGE('',*,*,#928,.F.);
#1190=ORIENTED_EDGE('',*,*,#929,.F.);
#1191=ORIENTED_EDGE('',*,*,#850,.F.);
#1192=ORIENTED_EDGE('',*,*,#846,.F.);
#1193=ORIENTED_EDGE('',*,*,#874,.T.);
#1194=ORIENTED_EDGE('',*,*,#868,.F.);
#1195=ORIENTED_EDGE('',*,*,#855,.F.);
#1196=ORIENTED_EDGE('',*,*,#930,.T.);
#1197=ORIENTED_EDGE('',*,*,#931,.T.);
#1198=ORIENTED_EDGE('',*,*,#932,.T.);
#1199=ORIENTED_EDGE('',*,*,#933,.F.);
#1200=ORIENTED_EDGE('',*,*,#934,.F.);
#1201=ORIENTED_EDGE('',*,*,#935,.F.);
#1202=ORIENTED_EDGE('',*,*,#936,.F.);
#1203=ORIENTED_EDGE('',*,*,#937,.F.);
#1204=ORIENTED_EDGE('',*,*,#938,.T.);
#1205=ORIENTED_EDGE('',*,*,#939,.T.);
#1206=ORIENTED_EDGE('',*,*,#930,.F.);
#1207=ORIENTED_EDGE('',*,*,#854,.F.);
#1208=ORIENTED_EDGE('',*,*,#861,.F.);
#1209=ORIENTED_EDGE('',*,*,#867,.T.);
#1210=ORIENTED_EDGE('',*,*,#842,.F.);
#1211=ORIENTED_EDGE('',*,*,#905,.T.);
#1212=ORIENTED_EDGE('',*,*,#940,.F.);
#1213=ORIENTED_EDGE('',*,*,#941,.T.);
#1214=ORIENTED_EDGE('',*,*,#942,.F.);
#1215=ORIENTED_EDGE('',*,*,#911,.T.);
#1216=ORIENTED_EDGE('',*,*,#943,.F.);
#1217=ORIENTED_EDGE('',*,*,#875,.F.);
#1218=ORIENTED_EDGE('',*,*,#944,.F.);
#1219=ORIENTED_EDGE('',*,*,#900,.T.);
#1220=ORIENTED_EDGE('',*,*,#945,.F.);
#1221=ORIENTED_EDGE('',*,*,#879,.F.);
#1222=ORIENTED_EDGE('',*,*,#946,.F.);
#1223=ORIENTED_EDGE('',*,*,#884,.T.);
#1224=ORIENTED_EDGE('',*,*,#947,.T.);
#1225=ORIENTED_EDGE('',*,*,#927,.T.);
#1226=ORIENTED_EDGE('',*,*,#892,.T.);
#1227=ORIENTED_EDGE('',*,*,#904,.T.);
#1228=ORIENTED_EDGE('',*,*,#895,.T.);
#1229=ORIENTED_EDGE('',*,*,#899,.T.);
#1230=ORIENTED_EDGE('',*,*,#901,.T.);
#1231=ORIENTED_EDGE('',*,*,#946,.T.);
#1232=ORIENTED_EDGE('',*,*,#882,.F.);
#1233=ORIENTED_EDGE('',*,*,#948,.F.);
#1234=ORIENTED_EDGE('',*,*,#949,.F.);
#1235=ORIENTED_EDGE('',*,*,#950,.T.);
#1236=ORIENTED_EDGE('',*,*,#951,.F.);
#1237=ORIENTED_EDGE('',*,*,#952,.T.);
#1238=ORIENTED_EDGE('',*,*,#953,.T.);
#1239=ORIENTED_EDGE('',*,*,#954,.F.);
#1240=ORIENTED_EDGE('',*,*,#876,.F.);
#1241=ORIENTED_EDGE('',*,*,#943,.T.);
#1242=ORIENTED_EDGE('',*,*,#914,.T.);
#1243=ORIENTED_EDGE('',*,*,#921,.T.);
#1244=ORIENTED_EDGE('',*,*,#924,.T.);
#1245=ORIENTED_EDGE('',*,*,#926,.T.);
#1246=ORIENTED_EDGE('',*,*,#916,.T.);
#1247=ORIENTED_EDGE('',*,*,#955,.T.);
#1248=ORIENTED_EDGE('',*,*,#940,.T.);
#1249=ORIENTED_EDGE('',*,*,#908,.T.);
#1250=ORIENTED_EDGE('',*,*,#910,.T.);
#1251=ORIENTED_EDGE('',*,*,#864,.T.);
#1252=ORIENTED_EDGE('',*,*,#862,.T.);
#1253=ORIENTED_EDGE('',*,*,#857,.T.);
#1254=ORIENTED_EDGE('',*,*,#870,.T.);
#1255=ORIENTED_EDGE('',*,*,#873,.T.);
#1256=ORIENTED_EDGE('',*,*,#888,.T.);
#1257=ORIENTED_EDGE('',*,*,#915,.T.);
#1258=ORIENTED_EDGE('',*,*,#956,.F.);
#1259=ORIENTED_EDGE('',*,*,#941,.F.);
#1260=ORIENTED_EDGE('',*,*,#955,.F.);
#1261=ORIENTED_EDGE('',*,*,#883,.T.);
#1262=ORIENTED_EDGE('',*,*,#957,.F.);
#1263=ORIENTED_EDGE('',*,*,#928,.T.);
#1264=ORIENTED_EDGE('',*,*,#947,.F.);
#1265=ORIENTED_EDGE('',*,*,#851,.F.);
#1266=ORIENTED_EDGE('',*,*,#844,.F.);
#1267=ORIENTED_EDGE('',*,*,#866,.T.);
#1268=ORIENTED_EDGE('',*,*,#909,.T.);
#1269=ORIENTED_EDGE('',*,*,#906,.T.);
#1270=ORIENTED_EDGE('',*,*,#942,.T.);
#1271=ORIENTED_EDGE('',*,*,#956,.T.);
#1272=ORIENTED_EDGE('',*,*,#918,.T.);
#1273=ORIENTED_EDGE('',*,*,#925,.T.);
#1274=ORIENTED_EDGE('',*,*,#922,.T.);
#1275=ORIENTED_EDGE('',*,*,#919,.T.);
#1276=ORIENTED_EDGE('',*,*,#912,.T.);
#1277=ORIENTED_EDGE('',*,*,#944,.T.);
#1278=ORIENTED_EDGE('',*,*,#878,.F.);
#1279=ORIENTED_EDGE('',*,*,#958,.F.);
#1280=ORIENTED_EDGE('',*,*,#959,.F.);
#1281=ORIENTED_EDGE('',*,*,#960,.F.);
#1282=ORIENTED_EDGE('',*,*,#961,.F.);
#1283=ORIENTED_EDGE('',*,*,#962,.F.);
#1284=ORIENTED_EDGE('',*,*,#963,.F.);
#1285=ORIENTED_EDGE('',*,*,#964,.F.);
#1286=ORIENTED_EDGE('',*,*,#880,.F.);
#1287=ORIENTED_EDGE('',*,*,#945,.T.);
#1288=ORIENTED_EDGE('',*,*,#902,.T.);
#1289=ORIENTED_EDGE('',*,*,#897,.T.);
#1290=ORIENTED_EDGE('',*,*,#893,.T.);
#1291=ORIENTED_EDGE('',*,*,#903,.T.);
#1292=ORIENTED_EDGE('',*,*,#890,.T.);
#1293=ORIENTED_EDGE('',*,*,#929,.T.);
#1294=ORIENTED_EDGE('',*,*,#957,.T.);
#1295=ORIENTED_EDGE('',*,*,#886,.T.);
#1296=ORIENTED_EDGE('',*,*,#887,.T.);
#1297=ORIENTED_EDGE('',*,*,#871,.T.);
#1298=ORIENTED_EDGE('',*,*,#848,.T.);
#1299=ORIENTED_EDGE('',*,*,#960,.T.);
#1300=ORIENTED_EDGE('',*,*,#965,.T.);
#1301=ORIENTED_EDGE('',*,*,#952,.F.);
#1302=ORIENTED_EDGE('',*,*,#966,.F.);
#1303=ORIENTED_EDGE('',*,*,#959,.T.);
#1304=ORIENTED_EDGE('',*,*,#967,.F.);
#1305=ORIENTED_EDGE('',*,*,#953,.F.);
#1306=ORIENTED_EDGE('',*,*,#965,.F.);
#1307=ORIENTED_EDGE('',*,*,#964,.T.);
#1308=ORIENTED_EDGE('',*,*,#968,.T.);
#1309=ORIENTED_EDGE('',*,*,#948,.T.);
#1310=ORIENTED_EDGE('',*,*,#881,.F.);
#1311=ORIENTED_EDGE('',*,*,#954,.T.);
#1312=ORIENTED_EDGE('',*,*,#967,.T.);
#1313=ORIENTED_EDGE('',*,*,#958,.T.);
#1314=ORIENTED_EDGE('',*,*,#877,.F.);
#1315=ORIENTED_EDGE('',*,*,#969,.F.);
#1316=ORIENTED_EDGE('',*,*,#970,.T.);
#1317=ORIENTED_EDGE('',*,*,#971,.T.);
#1318=ORIENTED_EDGE('',*,*,#970,.F.);
#1319=ORIENTED_EDGE('',*,*,#971,.F.);
#1320=ORIENTED_EDGE('',*,*,#972,.F.);
#1321=ORIENTED_EDGE('',*,*,#973,.F.);
#1322=ORIENTED_EDGE('',*,*,#974,.T.);
#1323=ORIENTED_EDGE('',*,*,#975,.T.);
#1324=ORIENTED_EDGE('',*,*,#974,.F.);
#1325=ORIENTED_EDGE('',*,*,#975,.F.);
#1326=ORIENTED_EDGE('',*,*,#976,.F.);
#1327=ORIENTED_EDGE('',*,*,#977,.F.);
#1328=ORIENTED_EDGE('',*,*,#978,.T.);
#1329=ORIENTED_EDGE('',*,*,#979,.T.);
#1330=ORIENTED_EDGE('',*,*,#978,.F.);
#1331=ORIENTED_EDGE('',*,*,#979,.F.);
#1332=ORIENTED_EDGE('',*,*,#980,.F.);
#1333=ORIENTED_EDGE('',*,*,#981,.F.);
#1334=ORIENTED_EDGE('',*,*,#982,.T.);
#1335=ORIENTED_EDGE('',*,*,#983,.T.);
#1336=ORIENTED_EDGE('',*,*,#982,.F.);
#1337=ORIENTED_EDGE('',*,*,#983,.F.);
#1338=ORIENTED_EDGE('',*,*,#984,.F.);
#1339=ORIENTED_EDGE('',*,*,#961,.T.);
#1340=ORIENTED_EDGE('',*,*,#966,.T.);
#1341=ORIENTED_EDGE('',*,*,#951,.T.);
#1342=ORIENTED_EDGE('',*,*,#985,.T.);
#1343=ORIENTED_EDGE('',*,*,#986,.F.);
#1344=ORIENTED_EDGE('',*,*,#987,.F.);
#1345=ORIENTED_EDGE('',*,*,#988,.F.);
#1346=ORIENTED_EDGE('',*,*,#989,.F.);
#1347=ORIENTED_EDGE('',*,*,#990,.F.);
#1348=ORIENTED_EDGE('',*,*,#991,.F.);
#1349=ORIENTED_EDGE('',*,*,#992,.F.);
#1350=ORIENTED_EDGE('',*,*,#993,.F.);
#1351=ORIENTED_EDGE('',*,*,#994,.F.);
#1352=ORIENTED_EDGE('',*,*,#935,.T.);
#1353=ORIENTED_EDGE('',*,*,#995,.F.);
#1354=ORIENTED_EDGE('',*,*,#996,.F.);
#1355=ORIENTED_EDGE('',*,*,#997,.F.);
#1356=ORIENTED_EDGE('',*,*,#998,.F.);
#1357=ORIENTED_EDGE('',*,*,#999,.F.);
#1358=ORIENTED_EDGE('',*,*,#1000,.F.);
#1359=ORIENTED_EDGE('',*,*,#963,.T.);
#1360=ORIENTED_EDGE('',*,*,#1001,.T.);
#1361=ORIENTED_EDGE('',*,*,#949,.T.);
#1362=ORIENTED_EDGE('',*,*,#968,.F.);
#1363=ORIENTED_EDGE('',*,*,#1002,.F.);
#1364=ORIENTED_EDGE('',*,*,#1003,.T.);
#1365=ORIENTED_EDGE('',*,*,#1004,.T.);
#1366=ORIENTED_EDGE('',*,*,#1005,.F.);
#1367=ORIENTED_EDGE('',*,*,#1006,.F.);
#1368=ORIENTED_EDGE('',*,*,#1007,.T.);
#1369=ORIENTED_EDGE('',*,*,#1008,.T.);
#1370=ORIENTED_EDGE('',*,*,#1003,.F.);
#1371=ORIENTED_EDGE('',*,*,#1009,.F.);
#1372=ORIENTED_EDGE('',*,*,#1010,.F.);
#1373=ORIENTED_EDGE('',*,*,#1011,.T.);
#1374=ORIENTED_EDGE('',*,*,#1007,.F.);
#1375=ORIENTED_EDGE('',*,*,#1011,.F.);
#1376=ORIENTED_EDGE('',*,*,#1012,.F.);
#1377=ORIENTED_EDGE('',*,*,#1004,.F.);
#1378=ORIENTED_EDGE('',*,*,#1008,.F.);
#1379=ORIENTED_EDGE('',*,*,#939,.F.);
#1380=ORIENTED_EDGE('',*,*,#1013,.F.);
#1381=ORIENTED_EDGE('',*,*,#1014,.F.);
#1382=ORIENTED_EDGE('',*,*,#1015,.F.);
#1383=ORIENTED_EDGE('',*,*,#931,.F.);
#1384=ORIENTED_EDGE('',*,*,#932,.F.);
#1385=ORIENTED_EDGE('',*,*,#1015,.T.);
#1386=ORIENTED_EDGE('',*,*,#1016,.F.);
#1387=ORIENTED_EDGE('',*,*,#1017,.F.);
#1388=ORIENTED_EDGE('',*,*,#1018,.F.);
#1389=ORIENTED_EDGE('',*,*,#1016,.T.);
#1390=ORIENTED_EDGE('',*,*,#1014,.T.);
#1391=ORIENTED_EDGE('',*,*,#1019,.F.);
#1392=ORIENTED_EDGE('',*,*,#938,.F.);
#1393=ORIENTED_EDGE('',*,*,#1020,.F.);
#1394=ORIENTED_EDGE('',*,*,#1019,.T.);
#1395=ORIENTED_EDGE('',*,*,#1013,.T.);
#1396=ORIENTED_EDGE('',*,*,#1009,.T.);
#1397=ORIENTED_EDGE('',*,*,#1006,.T.);
#1398=ORIENTED_EDGE('',*,*,#1002,.T.);
#1399=ORIENTED_EDGE('',*,*,#1021,.F.);
#1400=ORIENTED_EDGE('',*,*,#1022,.F.);
#1401=ORIENTED_EDGE('',*,*,#1023,.T.);
#1402=ORIENTED_EDGE('',*,*,#1024,.F.);
#1403=ORIENTED_EDGE('',*,*,#1025,.F.);
#1404=ORIENTED_EDGE('',*,*,#1026,.F.);
#1405=ORIENTED_EDGE('',*,*,#1027,.F.);
#1406=ORIENTED_EDGE('',*,*,#1028,.F.);
#1407=ORIENTED_EDGE('',*,*,#1029,.F.);
#1408=ORIENTED_EDGE('',*,*,#973,.T.);
#1409=ORIENTED_EDGE('',*,*,#977,.T.);
#1410=ORIENTED_EDGE('',*,*,#986,.T.);
#1411=ORIENTED_EDGE('',*,*,#1030,.T.);
#1412=ORIENTED_EDGE('',*,*,#1031,.T.);
#1413=ORIENTED_EDGE('',*,*,#1032,.F.);
#1414=ORIENTED_EDGE('',*,*,#993,.T.);
#1415=ORIENTED_EDGE('',*,*,#1033,.T.);
#1416=ORIENTED_EDGE('',*,*,#1034,.T.);
#1417=ORIENTED_EDGE('',*,*,#1030,.F.);
#1418=ORIENTED_EDGE('',*,*,#992,.T.);
#1419=ORIENTED_EDGE('',*,*,#1035,.T.);
#1420=ORIENTED_EDGE('',*,*,#1036,.T.);
#1421=ORIENTED_EDGE('',*,*,#1033,.F.);
#1422=ORIENTED_EDGE('',*,*,#991,.T.);
#1423=ORIENTED_EDGE('',*,*,#1037,.T.);
#1424=ORIENTED_EDGE('',*,*,#1038,.T.);
#1425=ORIENTED_EDGE('',*,*,#1035,.F.);
#1426=ORIENTED_EDGE('',*,*,#990,.T.);
#1427=ORIENTED_EDGE('',*,*,#1039,.T.);
#1428=ORIENTED_EDGE('',*,*,#1040,.T.);
#1429=ORIENTED_EDGE('',*,*,#1037,.F.);
#1430=ORIENTED_EDGE('',*,*,#1041,.T.);
#1431=ORIENTED_EDGE('',*,*,#1039,.F.);
#1432=ORIENTED_EDGE('',*,*,#989,.T.);
#1433=ORIENTED_EDGE('',*,*,#1042,.T.);
#1434=ORIENTED_EDGE('',*,*,#1043,.T.);
#1435=ORIENTED_EDGE('',*,*,#1042,.F.);
#1436=ORIENTED_EDGE('',*,*,#988,.T.);
#1437=ORIENTED_EDGE('',*,*,#1044,.T.);
#1438=ORIENTED_EDGE('',*,*,#1045,.T.);
#1439=ORIENTED_EDGE('',*,*,#1044,.F.);
#1440=ORIENTED_EDGE('',*,*,#987,.T.);
#1441=ORIENTED_EDGE('',*,*,#1032,.T.);
#1442=ORIENTED_EDGE('',*,*,#1041,.F.);
#1443=ORIENTED_EDGE('',*,*,#1046,.T.);
#1444=ORIENTED_EDGE('',*,*,#1024,.T.);
#1445=ORIENTED_EDGE('',*,*,#1047,.T.);
#1446=ORIENTED_EDGE('',*,*,#1043,.F.);
#1447=ORIENTED_EDGE('',*,*,#1048,.F.);
#1448=ORIENTED_EDGE('',*,*,#1025,.T.);
#1449=ORIENTED_EDGE('',*,*,#1046,.F.);
#1450=ORIENTED_EDGE('',*,*,#1045,.F.);
#1451=ORIENTED_EDGE('',*,*,#1049,.T.);
#1452=ORIENTED_EDGE('',*,*,#1026,.T.);
#1453=ORIENTED_EDGE('',*,*,#1048,.T.);
#1454=ORIENTED_EDGE('',*,*,#1031,.F.);
#1455=ORIENTED_EDGE('',*,*,#1050,.F.);
#1456=ORIENTED_EDGE('',*,*,#1027,.T.);
#1457=ORIENTED_EDGE('',*,*,#1049,.F.);
#1458=ORIENTED_EDGE('',*,*,#1051,.T.);
#1459=ORIENTED_EDGE('',*,*,#1052,.T.);
#1460=ORIENTED_EDGE('',*,*,#1000,.T.);
#1461=ORIENTED_EDGE('',*,*,#1053,.T.);
#1462=ORIENTED_EDGE('',*,*,#996,.T.);
#1463=ORIENTED_EDGE('',*,*,#1054,.T.);
#1464=ORIENTED_EDGE('',*,*,#1055,.T.);
#1465=ORIENTED_EDGE('',*,*,#1056,.T.);
#1466=ORIENTED_EDGE('',*,*,#999,.T.);
#1467=ORIENTED_EDGE('',*,*,#1057,.T.);
#1468=ORIENTED_EDGE('',*,*,#1058,.T.);
#1469=ORIENTED_EDGE('',*,*,#1053,.F.);
#1470=ORIENTED_EDGE('',*,*,#998,.T.);
#1471=ORIENTED_EDGE('',*,*,#1059,.T.);
#1472=ORIENTED_EDGE('',*,*,#1060,.T.);
#1473=ORIENTED_EDGE('',*,*,#1057,.F.);
#1474=ORIENTED_EDGE('',*,*,#1061,.T.);
#1475=ORIENTED_EDGE('',*,*,#1059,.F.);
#1476=ORIENTED_EDGE('',*,*,#997,.T.);
#1477=ORIENTED_EDGE('',*,*,#1056,.F.);
#1478=ORIENTED_EDGE('',*,*,#1051,.F.);
#1479=ORIENTED_EDGE('',*,*,#1062,.F.);
#1480=ORIENTED_EDGE('',*,*,#1063,.F.);
#1481=ORIENTED_EDGE('',*,*,#1064,.F.);
#1482=ORIENTED_EDGE('',*,*,#1058,.F.);
#1483=ORIENTED_EDGE('',*,*,#1065,.T.);
#1484=ORIENTED_EDGE('',*,*,#1066,.T.);
#1485=ORIENTED_EDGE('',*,*,#1062,.T.);
#1486=ORIENTED_EDGE('',*,*,#1060,.F.);
#1487=ORIENTED_EDGE('',*,*,#1067,.F.);
#1488=ORIENTED_EDGE('',*,*,#1068,.T.);
#1489=ORIENTED_EDGE('',*,*,#1065,.F.);
#1490=ORIENTED_EDGE('',*,*,#1061,.F.);
#1491=ORIENTED_EDGE('',*,*,#1069,.T.);
#1492=ORIENTED_EDGE('',*,*,#1070,.T.);
#1493=ORIENTED_EDGE('',*,*,#1067,.T.);
#1494=ORIENTED_EDGE('',*,*,#1055,.F.);
#1495=ORIENTED_EDGE('',*,*,#1071,.T.);
#1496=ORIENTED_EDGE('',*,*,#1072,.T.);
#1497=ORIENTED_EDGE('',*,*,#1069,.F.);
#1498=ORIENTED_EDGE('',*,*,#1034,.F.);
#1499=ORIENTED_EDGE('',*,*,#1073,.T.);
#1500=ORIENTED_EDGE('',*,*,#1028,.T.);
#1501=ORIENTED_EDGE('',*,*,#1050,.T.);
#1502=ORIENTED_EDGE('',*,*,#1038,.F.);
#1503=ORIENTED_EDGE('',*,*,#1074,.T.);
#1504=ORIENTED_EDGE('',*,*,#1022,.T.);
#1505=ORIENTED_EDGE('',*,*,#1075,.T.);
#1506=ORIENTED_EDGE('',*,*,#1010,.T.);
#1507=ORIENTED_EDGE('',*,*,#1029,.T.);
#1508=ORIENTED_EDGE('',*,*,#1073,.F.);
#1509=ORIENTED_EDGE('',*,*,#1036,.F.);
#1510=ORIENTED_EDGE('',*,*,#1075,.F.);
#1511=ORIENTED_EDGE('',*,*,#1021,.T.);
#1512=ORIENTED_EDGE('',*,*,#1005,.T.);
#1513=ORIENTED_EDGE('',*,*,#1012,.T.);
#1514=ORIENTED_EDGE('',*,*,#1020,.T.);
#1515=ORIENTED_EDGE('',*,*,#937,.T.);
#1516=ORIENTED_EDGE('',*,*,#1076,.F.);
#1517=ORIENTED_EDGE('',*,*,#1063,.T.);
#1518=ORIENTED_EDGE('',*,*,#1066,.F.);
#1519=ORIENTED_EDGE('',*,*,#1068,.F.);
#1520=ORIENTED_EDGE('',*,*,#1070,.F.);
#1521=ORIENTED_EDGE('',*,*,#1072,.F.);
#1522=ORIENTED_EDGE('',*,*,#1077,.F.);
#1523=ORIENTED_EDGE('',*,*,#933,.T.);
#1524=ORIENTED_EDGE('',*,*,#1017,.T.);
#1525=ORIENTED_EDGE('',*,*,#1018,.T.);
#1526=ORIENTED_EDGE('',*,*,#969,.T.);
#1527=ORIENTED_EDGE('',*,*,#981,.T.);
#1528=ORIENTED_EDGE('',*,*,#852,.F.);
#1529=ORIENTED_EDGE('',*,*,#1078,.T.);
#1530=ORIENTED_EDGE('',*,*,#980,.T.);
#1531=ORIENTED_EDGE('',*,*,#1078,.F.);
#1532=ORIENTED_EDGE('',*,*,#853,.F.);
#1533=ORIENTED_EDGE('',*,*,#1079,.T.);
#1534=ORIENTED_EDGE('',*,*,#976,.T.);
#1535=ORIENTED_EDGE('',*,*,#1079,.F.);
#1536=ORIENTED_EDGE('',*,*,#936,.T.);
#1537=ORIENTED_EDGE('',*,*,#994,.T.);
#1538=ORIENTED_EDGE('',*,*,#1052,.F.);
#1539=ORIENTED_EDGE('',*,*,#1064,.T.);
#1540=ORIENTED_EDGE('',*,*,#1076,.T.);
#1541=ORIENTED_EDGE('',*,*,#934,.T.);
#1542=ORIENTED_EDGE('',*,*,#1077,.T.);
#1543=ORIENTED_EDGE('',*,*,#1071,.F.);
#1544=ORIENTED_EDGE('',*,*,#1054,.F.);
#1545=ORIENTED_EDGE('',*,*,#995,.T.);
#1546=ORIENTED_EDGE('',*,*,#860,.F.);
#1547=ORIENTED_EDGE('',*,*,#1080,.T.);
#1548=ORIENTED_EDGE('',*,*,#984,.T.);
#1549=ORIENTED_EDGE('',*,*,#1080,.F.);
#1550=ORIENTED_EDGE('',*,*,#859,.F.);
#1551=ORIENTED_EDGE('',*,*,#1081,.T.);
#1552=ORIENTED_EDGE('',*,*,#972,.T.);
#1553=ORIENTED_EDGE('',*,*,#1081,.F.);
#1554=ORIENTED_EDGE('',*,*,#1040,.F.);
#1555=ORIENTED_EDGE('',*,*,#1047,.F.);
#1556=ORIENTED_EDGE('',*,*,#1023,.F.);
#1557=ORIENTED_EDGE('',*,*,#1074,.F.);
#1558=ORIENTED_EDGE('',*,*,#962,.T.);
#1559=ORIENTED_EDGE('',*,*,#985,.F.);
#1560=ORIENTED_EDGE('',*,*,#950,.F.);
#1561=ORIENTED_EDGE('',*,*,#1001,.F.);
#1562=PLANE('',#1747);
#1563=PLANE('',#1748);
#1564=PLANE('',#1749);
#1565=PLANE('',#1753);
#1566=PLANE('',#1758);
#1567=PLANE('',#1759);
#1568=PLANE('',#1761);
#1569=PLANE('',#1762);
#1570=PLANE('',#1764);
#1571=PLANE('',#1765);
#1572=PLANE('',#1766);
#1573=PLANE('',#1767);
#1574=PLANE('',#1768);
#1575=PLANE('',#1769);
#1576=PLANE('',#1770);
#1577=PLANE('',#1771);
#1578=PLANE('',#1772);
#1579=PLANE('',#1773);
#1580=PLANE('',#1774);
#1581=PLANE('',#1775);
#1582=PLANE('',#1776);
#1583=PLANE('',#1777);
#1584=PLANE('',#1778);
#1585=PLANE('',#1779);
#1586=PLANE('',#1780);
#1587=PLANE('',#1787);
#1588=PLANE('',#1788);
#1589=PLANE('',#1789);
#1590=PLANE('',#1790);
#1591=PLANE('',#1791);
#1592=PLANE('',#1792);
#1593=PLANE('',#1793);
#1594=PLANE('',#1794);
#1595=PLANE('',#1795);
#1596=PLANE('',#1796);
#1597=PLANE('',#1797);
#1598=PLANE('',#1801);
#1599=PLANE('',#1806);
#1600=PLANE('',#1811);
#1601=PLANE('',#1816);
#1602=PLANE('',#1818);
#1603=PLANE('',#1819);
#1604=PLANE('',#1820);
#1605=PLANE('',#1821);
#1606=PLANE('',#1822);
#1607=PLANE('',#1823);
#1608=PLANE('',#1824);
#1609=PLANE('',#1825);
#1610=PLANE('',#1826);
#1611=PLANE('',#1827);
#1612=PLANE('',#1828);
#1613=PLANE('',#1829);
#1614=PLANE('',#1830);
#1615=PLANE('',#1831);
#1616=PLANE('',#1832);
#1617=PLANE('',#1833);
#1618=PLANE('',#1834);
#1619=PLANE('',#1835);
#1620=PLANE('',#1836);
#1621=PLANE('',#1837);
#1622=PLANE('',#1838);
#1623=PLANE('',#1839);
#1624=PLANE('',#1840);
#1625=PLANE('',#1841);
#1626=PLANE('',#1842);
#1627=PLANE('',#1843);
#1628=PLANE('',#1844);
#1629=PLANE('',#1845);
#1630=PLANE('',#1846);
#1631=PLANE('',#1847);
#1632=PLANE('',#1848);
#1633=PLANE('',#1849);
#1634=PLANE('',#1850);
#1635=PLANE('',#1851);
#1636=PLANE('',#1852);
#1637=PLANE('',#1853);
#1638=PLANE('',#1854);
#1639=PLANE('',#1857);
#1640=PLANE('',#1858);
#1641=PLANE('',#1861);
#1642=PLANE('',#1862);
#1643=ADVANCED_FACE('',(#64),#1562,.T.);
#1644=ADVANCED_FACE('',(#65),#1563,.T.);
#1645=ADVANCED_FACE('',(#66,#24,#25),#1564,.T.);
#1646=ADVANCED_FACE('',(#67,#26,#27),#1565,.T.);
#1647=ADVANCED_FACE('',(#68),#1566,.T.);
#1648=ADVANCED_FACE('',(#69),#1567,.F.);
#1649=ADVANCED_FACE('',(#70),#1568,.T.);
#1650=ADVANCED_FACE('',(#71),#1569,.F.);
#1651=ADVANCED_FACE('',(#72),#1570,.T.);
#1652=ADVANCED_FACE('',(#73),#1571,.T.);
#1653=ADVANCED_FACE('',(#74),#1572,.F.);
#1654=ADVANCED_FACE('',(#75),#1573,.F.);
#1655=ADVANCED_FACE('',(#76),#1574,.F.);
#1656=ADVANCED_FACE('',(#77),#1575,.F.);
#1657=ADVANCED_FACE('',(#78),#1576,.F.);
#1658=ADVANCED_FACE('',(#79),#1577,.F.);
#1659=ADVANCED_FACE('',(#80),#1578,.F.);
#1660=ADVANCED_FACE('',(#81),#1579,.F.);
#1661=ADVANCED_FACE('',(#82),#1580,.F.);
#1662=ADVANCED_FACE('',(#83),#1581,.F.);
#1663=ADVANCED_FACE('',(#84),#1582,.F.);
#1664=ADVANCED_FACE('',(#85),#1583,.F.);
#1665=ADVANCED_FACE('',(#86),#1584,.F.);
#1666=ADVANCED_FACE('',(#87),#1585,.F.);
#1667=ADVANCED_FACE('',(#88),#1586,.F.);
#1668=ADVANCED_FACE('',(#89),#15,.F.);
#1669=ADVANCED_FACE('',(#90),#1587,.F.);
#1670=ADVANCED_FACE('',(#91),#1588,.F.);
#1671=ADVANCED_FACE('',(#92),#1589,.F.);
#1672=ADVANCED_FACE('',(#93),#1590,.T.);
#1673=ADVANCED_FACE('',(#94),#1591,.F.);
#1674=ADVANCED_FACE('',(#95),#1592,.F.);
#1675=ADVANCED_FACE('',(#96),#1593,.F.);
#1676=ADVANCED_FACE('',(#97),#1594,.T.);
#1677=ADVANCED_FACE('',(#98),#1595,.T.);
#1678=ADVANCED_FACE('',(#99),#1596,.T.);
#1679=ADVANCED_FACE('',(#100),#1597,.T.);
#1680=ADVANCED_FACE('',(#101),#16,.F.);
#1681=ADVANCED_FACE('',(#102,#28),#1598,.T.);
#1682=ADVANCED_FACE('',(#103),#17,.F.);
#1683=ADVANCED_FACE('',(#104,#29),#1599,.T.);
#1684=ADVANCED_FACE('',(#105),#18,.F.);
#1685=ADVANCED_FACE('',(#106,#30),#1600,.T.);
#1686=ADVANCED_FACE('',(#107),#19,.F.);
#1687=ADVANCED_FACE('',(#108,#31),#1601,.T.);
#1688=ADVANCED_FACE('',(#109,#32,#33),#1602,.F.);
#1689=ADVANCED_FACE('',(#110),#1603,.T.);
#1690=ADVANCED_FACE('',(#111),#1604,.F.);
#1691=ADVANCED_FACE('',(#112),#1605,.F.);
#1692=ADVANCED_FACE('',(#113),#1606,.F.);
#1693=ADVANCED_FACE('',(#114),#1607,.F.);
#1694=ADVANCED_FACE('',(#115),#1608,.F.);
#1695=ADVANCED_FACE('',(#116),#1609,.F.);
#1696=ADVANCED_FACE('',(#117),#1610,.F.);
#1697=ADVANCED_FACE('',(#118),#1611,.F.);
#1698=ADVANCED_FACE('',(#119,#34,#35),#1612,.T.);
#1699=ADVANCED_FACE('',(#120),#1613,.T.);
#1700=ADVANCED_FACE('',(#121),#1614,.T.);
#1701=ADVANCED_FACE('',(#122),#1615,.T.);
#1702=ADVANCED_FACE('',(#123),#1616,.T.);
#1703=ADVANCED_FACE('',(#124),#1617,.T.);
#1704=ADVANCED_FACE('',(#125),#1618,.T.);
#1705=ADVANCED_FACE('',(#126),#1619,.T.);
#1706=ADVANCED_FACE('',(#127),#1620,.T.);
#1707=ADVANCED_FACE('',(#128),#1621,.T.);
#1708=ADVANCED_FACE('',(#129),#1622,.T.);
#1709=ADVANCED_FACE('',(#130),#1623,.T.);
#1710=ADVANCED_FACE('',(#131),#1624,.T.);
#1711=ADVANCED_FACE('',(#132),#1625,.T.);
#1712=ADVANCED_FACE('',(#133),#1626,.T.);
#1713=ADVANCED_FACE('',(#134),#1627,.T.);
#1714=ADVANCED_FACE('',(#135),#1628,.T.);
#1715=ADVANCED_FACE('',(#136),#1629,.T.);
#1716=ADVANCED_FACE('',(#137),#1630,.T.);
#1717=ADVANCED_FACE('',(#138),#1631,.T.);
#1718=ADVANCED_FACE('',(#139),#1632,.T.);
#1719=ADVANCED_FACE('',(#140),#1633,.T.);
#1720=ADVANCED_FACE('',(#141),#1634,.T.);
#1721=ADVANCED_FACE('',(#142),#1635,.T.);
#1722=ADVANCED_FACE('',(#143),#1636,.T.);
#1723=ADVANCED_FACE('',(#144),#1637,.T.);
#1724=ADVANCED_FACE('',(#145,#36,#37),#1638,.T.);
#1725=ADVANCED_FACE('',(#146),#20,.F.);
#1726=ADVANCED_FACE('',(#147),#21,.F.);
#1727=ADVANCED_FACE('',(#148),#1639,.T.);
#1728=ADVANCED_FACE('',(#149),#1640,.T.);
#1729=ADVANCED_FACE('',(#150),#22,.F.);
#1730=ADVANCED_FACE('',(#151),#23,.F.);
#1731=ADVANCED_FACE('',(#152),#1641,.T.);
#1732=ADVANCED_FACE('',(#153),#1642,.T.);
#1733=CLOSED_SHELL('',(#1643,#1644,#1645,#1646,#1647,#1648,#1649,#1650,
#1651,#1652,#1653,#1654,#1655,#1656,#1657,#1658,#1659,#1660,#1661,#1662,
#1663,#1664,#1665,#1666,#1667,#1668,#1669,#1670,#1671,#1672,#1673,#1674,
#1675,#1676,#1677,#1678,#1679,#1680,#1681,#1682,#1683,#1684,#1685,#1686,
#1687,#1688,#1689,#1690,#1691,#1692,#1693,#1694,#1695,#1696,#1697,#1698,
#1699,#1700,#1701,#1702,#1703,#1704,#1705,#1706,#1707,#1708,#1709,#1710,
#1711,#1712,#1713,#1714,#1715,#1716,#1717,#1718,#1719,#1720,#1721,#1722,
#1723,#1724,#1725,#1726,#1727,#1728,#1729,#1730,#1731,#1732));
#1734=DERIVED_UNIT_ELEMENT(#1736,1.);
#1735=DERIVED_UNIT_ELEMENT(#2803,-3.);
#1736=(
MASS_UNIT()
NAMED_UNIT(*)
SI_UNIT(.KILO.,.GRAM.)
);
#1737=DERIVED_UNIT((#1734,#1735));
#1738=MEASURE_REPRESENTATION_ITEM('density measure',
POSITIVE_RATIO_MEASURE(7850.),#1737);
#1739=PROPERTY_DEFINITION_REPRESENTATION(#1744,#1741);
#1740=PROPERTY_DEFINITION_REPRESENTATION(#1745,#1742);
#1741=REPRESENTATION('material name',(#1743),#2800);
#1742=REPRESENTATION('density',(#1738),#2800);
#1743=DESCRIPTIVE_REPRESENTATION_ITEM('Steel','Steel');
#1744=PROPERTY_DEFINITION('material property','material name',#2810);
#1745=PROPERTY_DEFINITION('material property','density of part',#2810);
#1746=AXIS2_PLACEMENT_3D('',#2311,#1863,#1864);
#1747=AXIS2_PLACEMENT_3D('',#2312,#1865,#1866);
#1748=AXIS2_PLACEMENT_3D('',#2321,#1871,#1872);
#1749=AXIS2_PLACEMENT_3D('',#2330,#1877,#1878);
#1750=AXIS2_PLACEMENT_3D('',#2331,#1879,#1880);
#1751=AXIS2_PLACEMENT_3D('',#2334,#1882,#1883);
#1752=AXIS2_PLACEMENT_3D('',#2336,#1884,#1885);
#1753=AXIS2_PLACEMENT_3D('',#2337,#1886,#1887);
#1754=AXIS2_PLACEMENT_3D('',#2340,#1888,#1889);
#1755=AXIS2_PLACEMENT_3D('',#2342,#1890,#1891);
#1756=AXIS2_PLACEMENT_3D('',#2349,#1895,#1896);
#1757=AXIS2_PLACEMENT_3D('',#2351,#1897,#1898);
#1758=AXIS2_PLACEMENT_3D('',#2352,#1899,#1900);
#1759=AXIS2_PLACEMENT_3D('',#2358,#1904,#1905);
#1760=AXIS2_PLACEMENT_3D('',#2364,#1909,#1910);
#1761=AXIS2_PLACEMENT_3D('',#2365,#1911,#1912);
#1762=AXIS2_PLACEMENT_3D('',#2371,#1916,#1917);
#1763=AXIS2_PLACEMENT_3D('',#2377,#1921,#1922);
#1764=AXIS2_PLACEMENT_3D('',#2378,#1923,#1924);
#1765=AXIS2_PLACEMENT_3D('',#2387,#1929,#1930);
#1766=AXIS2_PLACEMENT_3D('',#2396,#1935,#1936);
#1767=AXIS2_PLACEMENT_3D('',#2405,#1941,#1942);
#1768=AXIS2_PLACEMENT_3D('',#2408,#1945,#1946);
#1769=AXIS2_PLACEMENT_3D('',#2417,#1951,#1952);
#1770=AXIS2_PLACEMENT_3D('',#2426,#1957,#1958);
#1771=AXIS2_PLACEMENT_3D('',#2432,#1962,#1963);
#1772=AXIS2_PLACEMENT_3D('',#2438,#1967,#1968);
#1773=AXIS2_PLACEMENT_3D('',#2441,#1971,#1972);
#1774=AXIS2_PLACEMENT_3D('',#2450,#1977,#1978);
#1775=AXIS2_PLACEMENT_3D('',#2453,#1981,#1982);
#1776=AXIS2_PLACEMENT_3D('',#2462,#1987,#1988);
#1777=AXIS2_PLACEMENT_3D('',#2471,#1993,#1994);
#1778=AXIS2_PLACEMENT_3D('',#2477,#1998,#1999);
#1779=AXIS2_PLACEMENT_3D('',#2483,#2003,#2004);
#1780=AXIS2_PLACEMENT_3D('',#2486,#2007,#2008);
#1781=AXIS2_PLACEMENT_3D('',#2492,#2012,#2013);
#1782=AXIS2_PLACEMENT_3D('',#2496,#2015,#2016);
#1783=AXIS2_PLACEMENT_3D('',#2500,#2018,#2019);
#1784=AXIS2_PLACEMENT_3D('',#2504,#2021,#2022);
#1785=AXIS2_PLACEMENT_3D('',#2508,#2024,#2025);
#1786=AXIS2_PLACEMENT_3D('',#2511,#2027,#2028);
#1787=AXIS2_PLACEMENT_3D('',#2512,#2029,#2030);
#1788=AXIS2_PLACEMENT_3D('',#2518,#2034,#2035);
#1789=AXIS2_PLACEMENT_3D('',#2521,#2038,#2039);
#1790=AXIS2_PLACEMENT_3D('',#2524,#2042,#2043);
#1791=AXIS2_PLACEMENT_3D('',#2540,#2053,#2054);
#1792=AXIS2_PLACEMENT_3D('',#2542,#2056,#2057);
#1793=AXIS2_PLACEMENT_3D('',#2544,#2059,#2060);
#1794=AXIS2_PLACEMENT_3D('',#2558,#2068,#2069);
#1795=AXIS2_PLACEMENT_3D('',#2561,#2072,#2073);
#1796=AXIS2_PLACEMENT_3D('',#2563,#2075,#2076);
#1797=AXIS2_PLACEMENT_3D('',#2565,#2078,#2079);
#1798=AXIS2_PLACEMENT_3D('',#2566,#2080,#2081);
#1799=AXIS2_PLACEMENT_3D('',#2568,#2082,#2083);
#1800=AXIS2_PLACEMENT_3D('',#2571,#2085,#2086);
#1801=AXIS2_PLACEMENT_3D('',#2572,#2087,#2088);
#1802=AXIS2_PLACEMENT_3D('',#2574,#2089,#2090);
#1803=AXIS2_PLACEMENT_3D('',#2575,#2091,#2092);
#1804=AXIS2_PLACEMENT_3D('',#2577,#2093,#2094);
#1805=AXIS2_PLACEMENT_3D('',#2580,#2096,#2097);
#1806=AXIS2_PLACEMENT_3D('',#2581,#2098,#2099);
#1807=AXIS2_PLACEMENT_3D('',#2583,#2100,#2101);
#1808=AXIS2_PLACEMENT_3D('',#2584,#2102,#2103);
#1809=AXIS2_PLACEMENT_3D('',#2586,#2104,#2105);
#1810=AXIS2_PLACEMENT_3D('',#2589,#2107,#2108);
#1811=AXIS2_PLACEMENT_3D('',#2590,#2109,#2110);
#1812=AXIS2_PLACEMENT_3D('',#2592,#2111,#2112);
#1813=AXIS2_PLACEMENT_3D('',#2593,#2113,#2114);
#1814=AXIS2_PLACEMENT_3D('',#2595,#2115,#2116);
#1815=AXIS2_PLACEMENT_3D('',#2598,#2118,#2119);
#1816=AXIS2_PLACEMENT_3D('',#2599,#2120,#2121);
#1817=AXIS2_PLACEMENT_3D('',#2601,#2122,#2123);
#1818=AXIS2_PLACEMENT_3D('',#2602,#2124,#2125);
#1819=AXIS2_PLACEMENT_3D('',#2633,#2142,#2143);
#1820=AXIS2_PLACEMENT_3D('',#2635,#2145,#2146);
#1821=AXIS2_PLACEMENT_3D('',#2644,#2151,#2152);
#1822=AXIS2_PLACEMENT_3D('',#2650,#2156,#2157);
#1823=AXIS2_PLACEMENT_3D('',#2656,#2161,#2162);
#1824=AXIS2_PLACEMENT_3D('',#2658,#2164,#2165);
#1825=AXIS2_PLACEMENT_3D('',#2664,#2169,#2170);
#1826=AXIS2_PLACEMENT_3D('',#2668,#2173,#2174);
#1827=AXIS2_PLACEMENT_3D('',#2672,#2177,#2178);
#1828=AXIS2_PLACEMENT_3D('',#2674,#2180,#2181);
#1829=AXIS2_PLACEMENT_3D('',#2692,#2191,#2192);
#1830=AXIS2_PLACEMENT_3D('',#2698,#2196,#2197);
#1831=AXIS2_PLACEMENT_3D('',#2702,#2200,#2201);
#1832=AXIS2_PLACEMENT_3D('',#2706,#2204,#2205);
#1833=AXIS2_PLACEMENT_3D('',#2710,#2208,#2209);
#1834=AXIS2_PLACEMENT_3D('',#2714,#2212,#2213);
#1835=AXIS2_PLACEMENT_3D('',#2718,#2216,#2217);
#1836=AXIS2_PLACEMENT_3D('',#2722,#2220,#2221);
#1837=AXIS2_PLACEMENT_3D('',#2724,#2223,#2224);
#1838=AXIS2_PLACEMENT_3D('',#2727,#2227,#2228);
#1839=AXIS2_PLACEMENT_3D('',#2729,#2230,#2231);
#1840=AXIS2_PLACEMENT_3D('',#2731,#2233,#2234);
#1841=AXIS2_PLACEMENT_3D('',#2733,#2236,#2237);
#1842=AXIS2_PLACEMENT_3D('',#2739,#2241,#2242);
#1843=AXIS2_PLACEMENT_3D('',#2745,#2246,#2247);
#1844=AXIS2_PLACEMENT_3D('',#2749,#2250,#2251);
#1845=AXIS2_PLACEMENT_3D('',#2753,#2254,#2255);
#1846=AXIS2_PLACEMENT_3D('',#2755,#2257,#2258);
#1847=AXIS2_PLACEMENT_3D('',#2761,#2262,#2263);
#1848=AXIS2_PLACEMENT_3D('',#2765,#2266,#2267);
#1849=AXIS2_PLACEMENT_3D('',#2769,#2270,#2271);
#1850=AXIS2_PLACEMENT_3D('',#2773,#2274,#2275);
#1851=AXIS2_PLACEMENT_3D('',#2777,#2278,#2279);
#1852=AXIS2_PLACEMENT_3D('',#2779,#2281,#2282);
#1853=AXIS2_PLACEMENT_3D('',#2782,#2285,#2286);
#1854=AXIS2_PLACEMENT_3D('',#2783,#2287,#2288);
#1855=AXIS2_PLACEMENT_3D('',#2786,#2291,#2292);
#1856=AXIS2_PLACEMENT_3D('',#2788,#2294,#2295);
#1857=AXIS2_PLACEMENT_3D('',#2790,#2297,#2298);
#1858=AXIS2_PLACEMENT_3D('',#2791,#2299,#2300);
#1859=AXIS2_PLACEMENT_3D('',#2792,#2301,#2302);
#1860=AXIS2_PLACEMENT_3D('',#2794,#2304,#2305);
#1861=AXIS2_PLACEMENT_3D('',#2796,#2307,#2308);
#1862=AXIS2_PLACEMENT_3D('',#2797,#2309,#2310);
#1863=DIRECTION('axis',(0.,0.,1.));
#1864=DIRECTION('refdir',(1.,0.,0.));
#1865=DIRECTION('center_axis',(0.,-1.,0.));
#1866=DIRECTION('ref_axis',(0.,0.,1.));
#1867=DIRECTION('',(0.,0.,-1.));
#1868=DIRECTION('',(-1.,0.,0.));
#1869=DIRECTION('',(0.,0.,1.));
#1870=DIRECTION('',(-1.,0.,0.));
#1871=DIRECTION('center_axis',(0.,1.,0.));
#1872=DIRECTION('ref_axis',(0.,0.,-1.));
#1873=DIRECTION('',(0.,0.,1.));
#1874=DIRECTION('',(-1.,0.,0.));
#1875=DIRECTION('',(0.,0.,1.));
#1876=DIRECTION('',(1.,0.,0.));
#1877=DIRECTION('center_axis',(0.,0.,1.));
#1878=DIRECTION('ref_axis',(1.,0.,0.));
#1879=DIRECTION('center_axis',(0.,0.,-1.));
#1880=DIRECTION('ref_axis',(1.,0.,0.));
#1881=DIRECTION('',(0.,1.,0.));
#1882=DIRECTION('center_axis',(0.,0.,-1.));
#1883=DIRECTION('ref_axis',(1.,0.,0.));
#1884=DIRECTION('center_axis',(0.,0.,-1.));
#1885=DIRECTION('ref_axis',(1.,0.,0.));
#1886=DIRECTION('center_axis',(0.,0.,1.));
#1887=DIRECTION('ref_axis',(1.,0.,0.));
#1888=DIRECTION('center_axis',(0.,0.,-1.));
#1889=DIRECTION('ref_axis',(1.,0.,0.));
#1890=DIRECTION('center_axis',(0.,0.,-1.));
#1891=DIRECTION('ref_axis',(1.,0.,0.));
#1892=DIRECTION('',(-1.,0.,0.));
#1893=DIRECTION('',(0.,1.,0.));
#1894=DIRECTION('',(-1.,0.,0.));
#1895=DIRECTION('center_axis',(0.,0.,-1.));
#1896=DIRECTION('ref_axis',(1.,0.,0.));
#1897=DIRECTION('center_axis',(0.,0.,-1.));
#1898=DIRECTION('ref_axis',(1.,0.,0.));
#1899=DIRECTION('center_axis',(0.,-1.,0.));
#1900=DIRECTION('ref_axis',(0.,0.,1.));
#1901=DIRECTION('',(0.,0.,1.));
#1902=DIRECTION('',(0.,0.,1.));
#1903=DIRECTION('',(-1.,0.,0.));
#1904=DIRECTION('center_axis',(0.,0.,-1.));
#1905=DIRECTION('ref_axis',(0.,-1.,0.));
#1906=DIRECTION('',(0.,1.,0.));
#1907=DIRECTION('',(-1.,0.,0.));
#1908=DIRECTION('',(0.,-1.,0.));
#1909=DIRECTION('center_axis',(0.,0.,1.));
#1910=DIRECTION('ref_axis',(1.,0.,0.));
#1911=DIRECTION('center_axis',(0.,1.,0.));
#1912=DIRECTION('ref_axis',(0.,0.,-1.));
#1913=DIRECTION('',(0.,0.,-1.));
#1914=DIRECTION('',(1.,0.,0.));
#1915=DIRECTION('',(0.,0.,-1.));
#1916=DIRECTION('center_axis',(0.,0.,-1.));
#1917=DIRECTION('ref_axis',(0.,-1.,0.));
#1918=DIRECTION('',(0.,-1.,0.));
#1919=DIRECTION('',(-1.,0.,0.));
#1920=DIRECTION('',(0.,1.,0.));
#1921=DIRECTION('center_axis',(0.,0.,1.));
#1922=DIRECTION('ref_axis',(1.,0.,0.));
#1923=DIRECTION('center_axis',(0.,1.,0.));
#1924=DIRECTION('ref_axis',(0.,0.,1.));
#1925=DIRECTION('',(-1.,0.,0.));
#1926=DIRECTION('',(0.,0.,1.));
#1927=DIRECTION('',(1.,0.,0.));
#1928=DIRECTION('',(0.,0.,-1.));
#1929=DIRECTION('center_axis',(0.,-1.,0.));
#1930=DIRECTION('ref_axis',(0.,0.,-1.));
#1931=DIRECTION('',(1.,0.,0.));
#1932=DIRECTION('',(0.,0.,1.));
#1933=DIRECTION('',(-1.,0.,0.));
#1934=DIRECTION('',(0.,0.,-1.));
#1935=DIRECTION('center_axis',(0.,0.,1.));
#1936=DIRECTION('ref_axis',(0.,1.,0.));
#1937=DIRECTION('',(1.,0.,0.));
#1938=DIRECTION('',(0.,-1.,0.));
#1939=DIRECTION('',(-1.,0.,0.));
#1940=DIRECTION('',(0.,1.,0.));
#1941=DIRECTION('center_axis',(0.,1.,0.));
#1942=DIRECTION('ref_axis',(0.,0.,-1.));
#1943=DIRECTION('',(0.,0.,-1.));
#1944=DIRECTION('',(0.,0.,1.));
#1945=DIRECTION('center_axis',(0.,-1.,0.));
#1946=DIRECTION('ref_axis',(0.,0.,1.));
#1947=DIRECTION('',(-1.,0.,0.));
#1948=DIRECTION('',(0.,0.,1.));
#1949=DIRECTION('',(-1.,0.,0.));
#1950=DIRECTION('',(0.,0.,-1.));
#1951=DIRECTION('center_axis',(0.,1.,0.));
#1952=DIRECTION('ref_axis',(0.,0.,-1.));
#1953=DIRECTION('',(0.,0.,-1.));
#1954=DIRECTION('',(-1.,0.,0.));
#1955=DIRECTION('',(0.,0.,1.));
#1956=DIRECTION('',(-1.,0.,0.));
#1957=DIRECTION('center_axis',(0.,0.,1.));
#1958=DIRECTION('ref_axis',(0.,1.,0.));
#1959=DIRECTION('',(0.,1.,0.));
#1960=DIRECTION('',(-1.,0.,0.));
#1961=DIRECTION('',(0.,-1.,0.));
#1962=DIRECTION('center_axis',(0.,-1.,0.));
#1963=DIRECTION('ref_axis',(0.,0.,1.));
#1964=DIRECTION('',(1.,0.,0.));
#1965=DIRECTION('',(0.,0.,-1.));
#1966=DIRECTION('',(0.,0.,1.));
#1967=DIRECTION('center_axis',(0.,0.,-1.));
#1968=DIRECTION('ref_axis',(0.,-1.,0.));
#1969=DIRECTION('',(0.,-1.,0.));
#1970=DIRECTION('',(0.,1.,0.));
#1971=DIRECTION('center_axis',(0.,0.,1.));
#1972=DIRECTION('ref_axis',(0.,1.,0.));
#1973=DIRECTION('',(-1.,0.,0.));
#1974=DIRECTION('',(0.,1.,0.));
#1975=DIRECTION('',(-1.,0.,0.));
#1976=DIRECTION('',(0.,-1.,0.));
#1977=DIRECTION('center_axis',(0.,-1.,0.));
#1978=DIRECTION('ref_axis',(0.,0.,1.));
#1979=DIRECTION('',(0.,0.,1.));
#1980=DIRECTION('',(0.,0.,-1.));
#1981=DIRECTION('center_axis',(0.,1.,0.));
#1982=DIRECTION('ref_axis',(0.,0.,-1.));
#1983=DIRECTION('',(-1.,0.,0.));
#1984=DIRECTION('',(0.,0.,-1.));
#1985=DIRECTION('',(-1.,0.,0.));
#1986=DIRECTION('',(0.,0.,1.));
#1987=DIRECTION('center_axis',(0.,1.,0.));
#1988=DIRECTION('ref_axis',(0.,0.,-1.));
#1989=DIRECTION('',(1.,0.,0.));
#1990=DIRECTION('',(0.,0.,1.));
#1991=DIRECTION('',(-1.,0.,0.));
#1992=DIRECTION('',(0.,0.,-1.));
#1993=DIRECTION('center_axis',(0.,0.,1.));
#1994=DIRECTION('ref_axis',(0.,1.,0.));
#1995=DIRECTION('',(0.,1.,0.));
#1996=DIRECTION('',(-1.,0.,0.));
#1997=DIRECTION('',(0.,-1.,0.));
#1998=DIRECTION('center_axis',(0.,-1.,0.));
#1999=DIRECTION('ref_axis',(0.,0.,1.));
#2000=DIRECTION('',(0.,0.,1.));
#2001=DIRECTION('',(-1.,0.,0.));
#2002=DIRECTION('',(0.,0.,-1.));
#2003=DIRECTION('center_axis',(0.,0.,-1.));
#2004=DIRECTION('ref_axis',(0.,-1.,0.));
#2005=DIRECTION('',(0.,-1.,0.));
#2006=DIRECTION('',(0.,1.,0.));
#2007=DIRECTION('center_axis',(0.,0.,-1.));
#2008=DIRECTION('ref_axis',(-1.,0.,0.));
#2009=DIRECTION('',(0.,1.,0.));
#2010=DIRECTION('',(-1.,0.,0.));
#2011=DIRECTION('',(0.,-1.,0.));
#2012=DIRECTION('center_axis',(0.,0.,1.));
#2013=DIRECTION('ref_axis',(1.,0.,0.));
#2014=DIRECTION('',(0.,0.,-1.));
#2015=DIRECTION('center_axis',(0.,0.,-1.));
#2016=DIRECTION('ref_axis',(1.,0.,0.));
#2017=DIRECTION('',(0.,0.,-1.));
#2018=DIRECTION('center_axis',(0.,0.,1.));
#2019=DIRECTION('ref_axis',(1.,0.,0.));
#2020=DIRECTION('',(0.,0.,-1.));
#2021=DIRECTION('center_axis',(0.,0.,1.));
#2022=DIRECTION('ref_axis',(1.,0.,0.));
#2023=DIRECTION('',(0.,0.,1.));
#2024=DIRECTION('center_axis',(0.,0.,1.));
#2025=DIRECTION('ref_axis',(1.,0.,0.));
#2026=DIRECTION('',(0.,0.,1.));
#2027=DIRECTION('center_axis',(0.,0.,-1.));
#2028=DIRECTION('ref_axis',(1.,0.,0.));
#2029=DIRECTION('center_axis',(0.,-1.,0.));
#2030=DIRECTION('ref_axis',(0.,0.,-1.));
#2031=DIRECTION('',(0.,0.,-1.));
#2032=DIRECTION('',(1.,0.,0.));
#2033=DIRECTION('',(0.,0.,1.));
#2034=DIRECTION('center_axis',(0.,0.,1.));
#2035=DIRECTION('ref_axis',(1.,0.,0.));
#2036=DIRECTION('',(0.,-1.,0.));
#2037=DIRECTION('',(0.,1.,0.));
#2038=DIRECTION('center_axis',(0.,0.,1.));
#2039=DIRECTION('ref_axis',(1.,0.,0.));
#2040=DIRECTION('',(0.,1.,0.));
#2041=DIRECTION('',(0.,-1.,0.));
#2042=DIRECTION('center_axis',(-1.,0.,0.));
#2043=DIRECTION('ref_axis',(0.,-1.,0.));
#2044=DIRECTION('',(0.,0.,1.));
#2045=DIRECTION('',(0.,-1.,0.));
#2046=DIRECTION('',(0.,0.,1.));
#2047=DIRECTION('',(0.,-0.707106799098957,-0.707106763274137));
#2048=DIRECTION('',(0.,1.,0.));
#2049=DIRECTION('',(0.,-0.707106781186548,0.707106781186548));
#2050=DIRECTION('',(0.,0.,1.));
#2051=DIRECTION('',(0.,-1.,0.));
#2052=DIRECTION('',(0.,1.,0.));
#2053=DIRECTION('center_axis',(0.,0.,-1.));
#2054=DIRECTION('ref_axis',(-1.,0.,0.));
#2055=DIRECTION('',(0.,-1.,0.));
#2056=DIRECTION('center_axis',(0.,1.,0.));
#2057=DIRECTION('ref_axis',(0.,0.,1.));
#2058=DIRECTION('',(0.,0.,-1.));
#2059=DIRECTION('center_axis',(-1.,0.,0.));
#2060=DIRECTION('ref_axis',(0.,0.,1.));
#2061=DIRECTION('',(0.,1.,0.));
#2062=DIRECTION('',(0.,0.,1.));
#2063=DIRECTION('',(0.,-0.707106781186548,0.707106781186548));
#2064=DIRECTION('',(0.,-1.,0.));
#2065=DIRECTION('',(0.,-0.707106799098957,-0.707106763274137));
#2066=DIRECTION('',(0.,0.,-1.));
#2067=DIRECTION('',(0.,1.,0.));
#2068=DIRECTION('center_axis',(0.,-0.707106781186548,-0.707106781186548));
#2069=DIRECTION('ref_axis',(0.,0.707106781186548,-0.707106781186548));
#2070=DIRECTION('',(-1.,0.,0.));
#2071=DIRECTION('',(-1.,0.,0.));
#2072=DIRECTION('center_axis',(0.,-1.,0.));
#2073=DIRECTION('ref_axis',(1.,0.,0.));
#2074=DIRECTION('',(1.,0.,0.));
#2075=DIRECTION('center_axis',(0.,0.,1.));
#2076=DIRECTION('ref_axis',(1.,0.,0.));
#2077=DIRECTION('',(-1.,0.,0.));
#2078=DIRECTION('center_axis',(0.,0.,1.));
#2079=DIRECTION('ref_axis',(1.,0.,0.));
#2080=DIRECTION('center_axis',(0.,0.,1.));
#2081=DIRECTION('ref_axis',(1.,0.,0.));
#2082=DIRECTION('center_axis',(0.,0.,1.));
#2083=DIRECTION('ref_axis',(1.,0.,0.));
#2084=DIRECTION('',(0.,0.,1.));
#2085=DIRECTION('center_axis',(0.,0.,1.));
#2086=DIRECTION('ref_axis',(1.,0.,0.));
#2087=DIRECTION('center_axis',(0.,0.,-1.));
#2088=DIRECTION('ref_axis',(1.,0.,0.));
#2089=DIRECTION('center_axis',(0.,0.,-1.));
#2090=DIRECTION('ref_axis',(1.,0.,0.));
#2091=DIRECTION('center_axis',(0.,0.,1.));
#2092=DIRECTION('ref_axis',(1.,0.,0.));
#2093=DIRECTION('center_axis',(0.,0.,1.));
#2094=DIRECTION('ref_axis',(1.,0.,0.));
#2095=DIRECTION('',(0.,0.,1.));
#2096=DIRECTION('center_axis',(0.,0.,1.));
#2097=DIRECTION('ref_axis',(1.,0.,0.));
#2098=DIRECTION('center_axis',(0.,0.,-1.));
#2099=DIRECTION('ref_axis',(1.,0.,0.));
#2100=DIRECTION('center_axis',(0.,0.,-1.));
#2101=DIRECTION('ref_axis',(1.,0.,0.));
#2102=DIRECTION('center_axis',(0.,0.,1.));
#2103=DIRECTION('ref_axis',(1.,0.,0.));
#2104=DIRECTION('center_axis',(0.,0.,1.));
#2105=DIRECTION('ref_axis',(1.,0.,0.));
#2106=DIRECTION('',(0.,0.,1.));
#2107=DIRECTION('center_axis',(0.,0.,1.));
#2108=DIRECTION('ref_axis',(1.,0.,0.));
#2109=DIRECTION('center_axis',(0.,0.,-1.));
#2110=DIRECTION('ref_axis',(1.,0.,0.));
#2111=DIRECTION('center_axis',(0.,0.,-1.));
#2112=DIRECTION('ref_axis',(1.,0.,0.));
#2113=DIRECTION('center_axis',(0.,0.,1.));
#2114=DIRECTION('ref_axis',(1.,0.,0.));
#2115=DIRECTION('center_axis',(0.,0.,1.));
#2116=DIRECTION('ref_axis',(1.,0.,0.));
#2117=DIRECTION('',(0.,0.,1.));
#2118=DIRECTION('center_axis',(0.,0.,1.));
#2119=DIRECTION('ref_axis',(1.,0.,0.));
#2120=DIRECTION('center_axis',(0.,0.,-1.));
#2121=DIRECTION('ref_axis',(1.,0.,0.));
#2122=DIRECTION('center_axis',(0.,0.,-1.));
#2123=DIRECTION('ref_axis',(1.,0.,0.));
#2124=DIRECTION('center_axis',(0.,0.,1.));
#2125=DIRECTION('ref_axis',(1.,0.,0.));
#2126=DIRECTION('',(1.,0.,0.));
#2127=DIRECTION('',(-1.,0.,0.));
#2128=DIRECTION('',(-0.707106781186547,-0.707106781186548,0.));
#2129=DIRECTION('',(0.,-1.,0.));
#2130=DIRECTION('',(0.707106781186547,-0.707106781186548,0.));
#2131=DIRECTION('',(1.,0.,0.));
#2132=DIRECTION('',(0.707106781186547,0.707106781186548,0.));
#2133=DIRECTION('',(0.,1.,0.));
#2134=DIRECTION('',(-0.707106781186548,0.707106781186547,0.));
#2135=DIRECTION('',(0.,-1.,0.));
#2136=DIRECTION('',(0.,-1.,0.));
#2137=DIRECTION('',(1.,0.,0.));
#2138=DIRECTION('',(0.707106781186546,0.707106781186549,0.));
#2139=DIRECTION('',(0.,1.,0.));
#2140=DIRECTION('',(-0.707106741673873,0.70710682069922,0.));
#2141=DIRECTION('',(-0.999999999999994,1.11758715615195E-7,0.));
#2142=DIRECTION('center_axis',(0.,1.,0.));
#2143=DIRECTION('ref_axis',(-1.,0.,0.));
#2144=DIRECTION('',(-1.,0.,0.));
#2145=DIRECTION('center_axis',(0.,1.,0.));
#2146=DIRECTION('ref_axis',(-1.,0.,0.));
#2147=DIRECTION('',(-1.,0.,0.));
#2148=DIRECTION('',(0.,0.,1.));
#2149=DIRECTION('',(-1.,0.,0.));
#2150=DIRECTION('',(0.,0.,1.));
#2151=DIRECTION('center_axis',(1.,0.,0.));
#2152=DIRECTION('ref_axis',(0.,1.,0.));
#2153=DIRECTION('',(0.,1.,0.));
#2154=DIRECTION('',(0.,0.,1.));
#2155=DIRECTION('',(0.,1.,0.));
#2156=DIRECTION('center_axis',(0.,-1.,0.));
#2157=DIRECTION('ref_axis',(1.,0.,0.));
#2158=DIRECTION('',(1.,0.,0.));
#2159=DIRECTION('',(0.,0.,-1.));
#2160=DIRECTION('',(1.,0.,0.));
#2161=DIRECTION('center_axis',(0.,0.,1.));
#2162=DIRECTION('ref_axis',(1.,0.,0.));
#2163=DIRECTION('',(0.,-1.,0.));
#2164=DIRECTION('center_axis',(0.,0.,1.));
#2165=DIRECTION('ref_axis',(1.,0.,0.));
#2166=DIRECTION('',(1.,0.,0.));
#2167=DIRECTION('',(0.,-1.,0.));
#2168=DIRECTION('',(-1.,0.,0.));
#2169=DIRECTION('center_axis',(0.,1.,0.));
#2170=DIRECTION('ref_axis',(-1.,0.,0.));
#2171=DIRECTION('',(0.,0.,1.));
#2172=DIRECTION('',(-1.,0.,0.));
#2173=DIRECTION('center_axis',(-1.,0.,0.));
#2174=DIRECTION('ref_axis',(0.,-1.,0.));
#2175=DIRECTION('',(0.,-1.,0.));
#2176=DIRECTION('',(0.,0.,1.));
#2177=DIRECTION('center_axis',(0.,-1.,0.));
#2178=DIRECTION('ref_axis',(1.,0.,0.));
#2179=DIRECTION('',(1.,0.,0.));
#2180=DIRECTION('center_axis',(0.,0.,-1.));
#2181=DIRECTION('ref_axis',(-1.,0.,0.));
#2182=DIRECTION('',(0.,-1.,0.));
#2183=DIRECTION('',(-0.707106781186547,-0.707106781186548,0.));
#2184=DIRECTION('',(1.,0.,0.));
#2185=DIRECTION('',(-0.707106781186547,0.707106781186548,0.));
#2186=DIRECTION('',(0.,1.,0.));
#2187=DIRECTION('',(0.707106781186547,0.707106781186548,0.));
#2188=DIRECTION('',(1.,0.,0.));
#2189=DIRECTION('',(0.707106781186548,-0.707106781186547,0.));
#2190=DIRECTION('',(0.,-1.,0.));
#2191=DIRECTION('center_axis',(0.,-0.707106781186547,-0.707106781186548));
#2192=DIRECTION('ref_axis',(-1.,0.,0.));
#2193=DIRECTION('',(0.281084637714819,0.678598344545848,-0.678598344545847));
#2194=DIRECTION('',(1.,0.,0.));
#2195=DIRECTION('',(-0.28108463771482,0.678598344545847,-0.678598344545847));
#2196=DIRECTION('center_axis',(-0.5,-0.500000000000001,-0.707106781186547));
#2197=DIRECTION('ref_axis',(-0.816496580927726,0.,0.577350269189626));
#2198=DIRECTION('',(0.678598344545847,0.28108463771482,-0.678598344545847));
#2199=DIRECTION('',(0.707106781186548,-0.707106781186547,0.));
#2200=DIRECTION('center_axis',(-0.707106781186548,0.,-0.707106781186547));
#2201=DIRECTION('ref_axis',(-0.707106781186547,0.,0.707106781186548));
#2202=DIRECTION('',(0.678598344545847,-0.28108463771482,-0.678598344545847));
#2203=DIRECTION('',(0.,-1.,0.));
#2204=DIRECTION('center_axis',(-0.5,0.5,-0.707106781186548));
#2205=DIRECTION('ref_axis',(-0.816496580927726,0.,0.577350269189626));
#2206=DIRECTION('',(0.28108463771482,-0.678598344545847,-0.678598344545847));
#2207=DIRECTION('',(-0.707106781186547,-0.707106781186548,0.));
#2208=DIRECTION('center_axis',(0.,0.707106781186548,-0.707106781186547));
#2209=DIRECTION('ref_axis',(-1.,0.,0.));
#2210=DIRECTION('',(-0.281084637714821,-0.678598344545847,-0.678598344545847));
#2211=DIRECTION('',(-1.,0.,0.));
#2212=DIRECTION('center_axis',(0.500000000000001,0.499999999999999,-0.707106781186548));
#2213=DIRECTION('ref_axis',(-0.816496580927726,0.,-0.577350269189626));
#2214=DIRECTION('',(-0.707106781186547,0.707106781186548,0.));
#2215=DIRECTION('',(-0.678598344545847,-0.281084637714821,-0.678598344545847));
#2216=DIRECTION('center_axis',(0.707106781186548,0.,-0.707106781186547));
#2217=DIRECTION('ref_axis',(-0.707106781186547,0.,-0.707106781186548));
#2218=DIRECTION('',(0.,1.,0.));
#2219=DIRECTION('',(-0.678598344545847,0.281084637714821,-0.678598344545847));
#2220=DIRECTION('center_axis',(0.5,-0.5,-0.707106781186547));
#2221=DIRECTION('ref_axis',(-0.816496580927726,0.,-0.577350269189626));
#2222=DIRECTION('',(0.707106781186547,0.707106781186548,0.));
#2223=DIRECTION('center_axis',(0.707106781186548,0.707106781186547,0.));
#2224=DIRECTION('ref_axis',(0.,0.,-1.));
#2225=DIRECTION('',(0.,0.,-1.));
#2226=DIRECTION('',(0.,0.,1.));
#2227=DIRECTION('center_axis',(1.,0.,0.));
#2228=DIRECTION('ref_axis',(0.,0.,-1.));
#2229=DIRECTION('',(0.,0.,1.));
#2230=DIRECTION('center_axis',(0.707106781186548,-0.707106781186547,0.));
#2231=DIRECTION('ref_axis',(0.,0.,-1.));
#2232=DIRECTION('',(0.,0.,-1.));
#2233=DIRECTION('center_axis',(0.,-1.,0.));
#2234=DIRECTION('ref_axis',(0.,0.,-1.));
#2235=DIRECTION('',(0.,0.,1.));
#2236=DIRECTION('center_axis',(-7.90253456682035E-8,-0.707106781186543,
-0.707106781186548));
#2237=DIRECTION('ref_axis',(-0.999999999999994,0.,1.11758715615195E-7));
#2238=DIRECTION('',(0.999999999999994,-1.11758715615195E-7,0.));
#2239=DIRECTION('',(0.,-0.70710678118655,0.707106781186545));
#2240=DIRECTION('',(0.281084693096291,0.678598317369137,-0.678598348782798));
#2241=DIRECTION('center_axis',(0.,0.707106781186548,-0.707106781186547));
#2242=DIRECTION('ref_axis',(-1.,0.,0.));
#2243=DIRECTION('',(0.,-0.707106781186547,-0.707106781186548));
#2244=DIRECTION('',(-1.,0.,0.));
#2245=DIRECTION('',(-0.281084637714821,0.678598344545847,0.678598344545847));
#2246=DIRECTION('center_axis',(-0.500000027939678,-0.49999997206032,-0.707106781186548));
#2247=DIRECTION('ref_axis',(-0.816496565719292,0.,0.577350290697599));
#2248=DIRECTION('',(0.678598348782797,0.281084617257013,-0.678598348782798));
#2249=DIRECTION('',(0.707106741673873,-0.70710682069922,0.));
#2250=DIRECTION('center_axis',(-0.707106781186548,0.,-0.707106781186547));
#2251=DIRECTION('ref_axis',(-0.707106781186547,0.,0.707106781186548));
#2252=DIRECTION('',(0.678598344545847,-0.281084637714819,-0.678598344545847));
#2253=DIRECTION('',(0.,-1.,0.));
#2254=DIRECTION('center_axis',(-0.500000000000001,0.499999999999999,-0.707106781186547));
#2255=DIRECTION('ref_axis',(-0.816496580927725,0.,0.577350269189627));
#2256=DIRECTION('',(-0.707106781186546,-0.707106781186549,0.));
#2257=DIRECTION('center_axis',(-1.11758715615195E-7,-0.999999999999994,
0.));
#2258=DIRECTION('ref_axis',(0.,0.,-1.));
#2259=DIRECTION('',(0.,0.,1.));
#2260=DIRECTION('',(-0.999999999999994,1.11758715615195E-7,0.));
#2261=DIRECTION('',(0.,0.,-1.));
#2262=DIRECTION('center_axis',(-0.70710682069922,-0.707106741673873,0.));
#2263=DIRECTION('ref_axis',(0.,0.,1.));
#2264=DIRECTION('',(0.,0.,-1.));
#2265=DIRECTION('',(0.707106741673873,-0.70710682069922,0.));
#2266=DIRECTION('center_axis',(-1.,0.,0.));
#2267=DIRECTION('ref_axis',(0.,0.,1.));
#2268=DIRECTION('',(0.,0.,1.));
#2269=DIRECTION('',(0.,-1.,0.));
#2270=DIRECTION('center_axis',(-0.707106781186549,0.707106781186546,0.));
#2271=DIRECTION('ref_axis',(0.,0.,1.));
#2272=DIRECTION('',(0.,0.,-1.));
#2273=DIRECTION('',(-0.707106781186546,-0.707106781186549,0.));
#2274=DIRECTION('center_axis',(0.,1.,0.));
#2275=DIRECTION('ref_axis',(0.,0.,1.));
#2276=DIRECTION('',(0.,0.,-1.));
#2277=DIRECTION('',(-1.,0.,0.));
#2278=DIRECTION('center_axis',(-0.707106781186547,-0.707106781186548,0.));
#2279=DIRECTION('ref_axis',(0.,0.,1.));
#2280=DIRECTION('',(0.,0.,-1.));
#2281=DIRECTION('center_axis',(-0.707106781186548,0.707106781186547,0.));
#2282=DIRECTION('ref_axis',(0.,0.,1.));
#2283=DIRECTION('',(0.,0.,-1.));
#2284=DIRECTION('',(0.,0.,1.));
#2285=DIRECTION('center_axis',(-1.,0.,0.));
#2286=DIRECTION('ref_axis',(0.,0.,1.));
#2287=DIRECTION('center_axis',(0.,0.,-1.));
#2288=DIRECTION('ref_axis',(-1.,0.,0.));
#2289=DIRECTION('',(0.,1.,0.));
#2290=DIRECTION('',(0.,1.,0.));
#2291=DIRECTION('center_axis',(0.,0.,1.));
#2292=DIRECTION('ref_axis',(1.,0.,0.));
#2293=DIRECTION('',(0.,0.,-1.));
#2294=DIRECTION('center_axis',(0.,0.,1.));
#2295=DIRECTION('ref_axis',(1.,0.,0.));
#2296=DIRECTION('',(0.,0.,-1.));
#2297=DIRECTION('center_axis',(1.,0.,0.));
#2298=DIRECTION('ref_axis',(0.,0.,-1.));
#2299=DIRECTION('center_axis',(1.,0.,0.));
#2300=DIRECTION('ref_axis',(0.,0.,-1.));
#2301=DIRECTION('center_axis',(0.,0.,1.));
#2302=DIRECTION('ref_axis',(1.,0.,0.));
#2303=DIRECTION('',(0.,0.,-1.));
#2304=DIRECTION('center_axis',(0.,0.,1.));
#2305=DIRECTION('ref_axis',(1.,0.,0.));
#2306=DIRECTION('',(0.,0.,-1.));
#2307=DIRECTION('center_axis',(0.,1.,0.));
#2308=DIRECTION('ref_axis',(0.,0.,1.));
#2309=DIRECTION('center_axis',(0.,0.707106763274138,-0.707106799098957));
#2310=DIRECTION('ref_axis',(0.,0.707106799098957,0.707106763274137));
#2311=CARTESIAN_POINT('',(0.,0.,0.));
#2312=CARTESIAN_POINT('Origin',(0.,4.09999977424741,4.89999989047647));
#2313=CARTESIAN_POINT('',(-48.3906541156163,4.09999977424741,9.89999989047647));
#2314=CARTESIAN_POINT('',(-48.3906541156163,4.09999977424741,4.89999989047647));
#2315=CARTESIAN_POINT('',(-48.3906541156163,4.09999977424741,4.89999989047647));
#2316=CARTESIAN_POINT('',(0.,4.09999977424741,4.89999989047647));
#2317=CARTESIAN_POINT('',(0.,4.09999977424741,4.89999989047647));
#2318=CARTESIAN_POINT('',(0.,4.09999977424741,9.89999989047647));
#2319=CARTESIAN_POINT('',(0.,4.09999977424741,4.89999989047647));
#2320=CARTESIAN_POINT('',(0.,4.09999977424741,9.89999989047647));
#2321=CARTESIAN_POINT('Origin',(0.,29.8999994657934,9.89999989047647));
#2322=CARTESIAN_POINT('',(-48.3906480240387,29.8999994657934,4.89999989047647));
#2323=CARTESIAN_POINT('',(-48.3906480240387,29.8999994657934,9.9));
#2324=CARTESIAN_POINT('',(-48.3906480240387,29.8999994657934,4.89999989047647));
#2325=CARTESIAN_POINT('',(0.,29.8999994657934,9.89999989047647));
#2326=CARTESIAN_POINT('',(0.,29.8999994657934,9.89999989047647));
#2327=CARTESIAN_POINT('',(0.,29.8999994657934,4.89999989047647));
#2328=CARTESIAN_POINT('',(0.,29.8999994657934,4.89999989047647));
#2329=CARTESIAN_POINT('',(0.,29.8999994657934,4.89999989047647));
#2330=CARTESIAN_POINT('Origin',(-50.,17.,9.9));
#2331=CARTESIAN_POINT('Origin',(-50.,17.,9.9));
#2332=CARTESIAN_POINT('',(0.,4.09999977424741,9.89999989047647));
#2333=CARTESIAN_POINT('',(-16.7998552882116,21.9995345170304,9.90000133514404));
#2334=CARTESIAN_POINT('Origin',(-15.1998552882116,21.9995345170304,9.9));
#2335=CARTESIAN_POINT('',(-16.7998552690439,11.9995335917833,9.90000133514404));
#2336=CARTESIAN_POINT('Origin',(-15.1998552690439,11.9995335917833,9.9));
#2337=CARTESIAN_POINT('Origin',(-50.,17.,9.9));
#2338=CARTESIAN_POINT('',(-51.6093458843838,4.09999977424741,9.9));
#2339=CARTESIAN_POINT('',(-63.,17.,9.9));
#2340=CARTESIAN_POINT('Origin',(-50.,17.,9.9));
#2341=CARTESIAN_POINT('',(-51.6093519759614,29.8999994657934,9.89999989047647));
#2342=CARTESIAN_POINT('Origin',(-50.,17.,9.9));
#2343=CARTESIAN_POINT('',(-100.,29.8999994657934,9.89999989047647));
#2344=CARTESIAN_POINT('',(0.,29.8999994657934,9.89999989047647));
#2345=CARTESIAN_POINT('',(-100.,4.09999977424741,9.89999989047647));
#2346=CARTESIAN_POINT('',(-100.,29.8999994657934,9.89999989047647));
#2347=CARTESIAN_POINT('',(0.,4.09999977424741,9.89999989047647));
#2348=CARTESIAN_POINT('',(-66.3998574933104,11.9995334041237,9.9));
#2349=CARTESIAN_POINT('Origin',(-64.7998574933104,11.9995334041237,9.9));
#2350=CARTESIAN_POINT('',(-66.3998575759735,21.9995346297814,9.9));
#2351=CARTESIAN_POINT('Origin',(-64.7998575759734,21.9995346297814,9.9));
#2352=CARTESIAN_POINT('Origin',(0.,4.09999977424741,4.89999989047647));
#2353=CARTESIAN_POINT('',(-51.6093458843838,4.09999977424741,4.89999989047647));
#2354=CARTESIAN_POINT('',(-51.6093458843838,4.09999977424741,4.89999989047647));
#2355=CARTESIAN_POINT('',(-100.,4.09999977424741,4.89999989047647));
#2356=CARTESIAN_POINT('',(-100.,4.09999977424741,4.89999989047647));
#2357=CARTESIAN_POINT('',(0.,4.09999977424741,4.89999989047647));
#2358=CARTESIAN_POINT('Origin',(0.,10.0999997742474,4.89999989047647));
#2359=CARTESIAN_POINT('',(-100.,-0.0999999977648258,4.89999989047647));
#2360=CARTESIAN_POINT('',(-100.,22.0499998871237,4.89999989047647));
#2361=CARTESIAN_POINT('',(0.,-0.0999999977648258,4.89999989047647));
#2362=CARTESIAN_POINT('',(0.,-0.0999999977648258,4.89999989047647));
#2363=CARTESIAN_POINT('',(0.,13.5500000137836,4.89999989047647));
#2364=CARTESIAN_POINT('Origin',(-50.,17.,4.89999989047647));
#2365=CARTESIAN_POINT('Origin',(0.,29.8999994657934,9.89999989047647));
#2366=CARTESIAN_POINT('',(-51.6093519759614,29.8999994657934,4.89999989047647));
#2367=CARTESIAN_POINT('',(-51.6093519759614,29.8999994657934,4.89999989047647));
#2368=CARTESIAN_POINT('',(-100.,29.8999994657934,4.89999989047647));
#2369=CARTESIAN_POINT('',(0.,29.8999994657934,4.89999989047647));
#2370=CARTESIAN_POINT('',(-100.,29.8999994657934,4.89999989047647));
#2371=CARTESIAN_POINT('Origin',(0.,34.0999992378056,4.89999989047647));
#2372=CARTESIAN_POINT('',(0.,34.0999992378056,4.89999989047647));
#2373=CARTESIAN_POINT('',(0.,25.5499997455627,4.89999989047647));
#2374=CARTESIAN_POINT('',(-100.,34.0999992378056,4.89999989047647));
#2375=CARTESIAN_POINT('',(0.,34.0999992378056,4.89999989047647));
#2376=CARTESIAN_POINT('',(-100.,34.0499996189028,4.89999989047647));
#2377=CARTESIAN_POINT('Origin',(-50.,17.,4.89999989047647));
#2378=CARTESIAN_POINT('Origin',(0.,-0.1,10.));
#2379=CARTESIAN_POINT('',(0.,-0.1,17.6000002980232));
#2380=CARTESIAN_POINT('',(-100.,-0.1,17.6000002980232));
#2381=CARTESIAN_POINT('',(-50.,-0.1,17.6000002980232));
#2382=CARTESIAN_POINT('',(-100.,-0.1,22.5));
#2383=CARTESIAN_POINT('',(-100.,-0.1,5.));
#2384=CARTESIAN_POINT('',(0.,-0.1,22.5));
#2385=CARTESIAN_POINT('',(-25.,-0.1,22.5));
#2386=CARTESIAN_POINT('',(0.,-0.1,10.));
#2387=CARTESIAN_POINT('Origin',(-100.,34.1000005066395,10.));
#2388=CARTESIAN_POINT('',(-100.,34.1000005066395,17.6000002980232));
#2389=CARTESIAN_POINT('',(0.,34.1000005066395,17.6000002980232));
#2390=CARTESIAN_POINT('',(-100.,34.1000005066395,17.6000002980232));
#2391=CARTESIAN_POINT('',(0.,34.1,22.5));
#2392=CARTESIAN_POINT('',(0.,34.1000005066395,10.));
#2393=CARTESIAN_POINT('',(-100.,34.1,22.5));
#2394=CARTESIAN_POINT('',(-75.,34.1000005066395,22.5));
#2395=CARTESIAN_POINT('',(-100.,34.1000005066395,5.));
#2396=CARTESIAN_POINT('Origin',(0.,23.8999994657934,7.59999983012676));
#2397=CARTESIAN_POINT('',(-100.,31.6000000000001,7.59999983012676));
#2398=CARTESIAN_POINT('',(0.,31.6000000000001,7.59999983012676));
#2399=CARTESIAN_POINT('',(-50.,31.6000000000001,7.59999983012676));
#2400=CARTESIAN_POINT('',(-100.,34.0999992378056,7.59999983012676));
#2401=CARTESIAN_POINT('',(-100.,28.9499997328967,7.59999983012676));
#2402=CARTESIAN_POINT('',(0.,34.0999992378056,7.59999983012676));
#2403=CARTESIAN_POINT('',(0.,34.0999992378056,7.59999983012676));
#2404=CARTESIAN_POINT('',(0.,20.4499998595566,7.59999983012676));
#2405=CARTESIAN_POINT('Origin',(0.,34.0999992378056,7.59999983012676));
#2406=CARTESIAN_POINT('',(0.,34.0999992378056,8.79999991506338));
#2407=CARTESIAN_POINT('',(-100.,34.0999992378056,3.79999991506338));
#2408=CARTESIAN_POINT('Origin',(0.,36.3999991863966,9.89999977871776));
#2409=CARTESIAN_POINT('',(0.,36.3999991863966,12.4000005066394));
#2410=CARTESIAN_POINT('',(-100.,36.3999991863966,12.4000005066394));
#2411=CARTESIAN_POINT('',(-50.,36.3999991863966,12.4000005066394));
#2412=CARTESIAN_POINT('',(0.,36.3999991863966,9.89999977871776));
#2413=CARTESIAN_POINT('',(0.,36.3999991863966,9.94999988935888));
#2414=CARTESIAN_POINT('',(-100.,36.3999991863966,9.89999977871776));
#2415=CARTESIAN_POINT('',(0.,36.3999991863966,9.89999977871776));
#2416=CARTESIAN_POINT('',(-100.,36.3999991863966,4.94999988935888));
#2417=CARTESIAN_POINT('Origin',(0.,39.0999991260469,20.09999955073));
#2418=CARTESIAN_POINT('',(0.,39.0999991260469,20.09999955073));
#2419=CARTESIAN_POINT('',(0.,39.0999991260469,9.89999977871776));
#2420=CARTESIAN_POINT('',(0.,39.0999991260469,15.049999775365));
#2421=CARTESIAN_POINT('',(-100.,39.0999991260469,20.09999955073));
#2422=CARTESIAN_POINT('',(0.,39.0999991260469,20.09999955073));
#2423=CARTESIAN_POINT('',(-100.,39.0999991260469,9.89999977871776));
#2424=CARTESIAN_POINT('',(-100.,39.0999991260469,10.049999775365));
#2425=CARTESIAN_POINT('',(0.,39.0999991260469,9.89999977871776));
#2426=CARTESIAN_POINT('Origin',(0.,36.3999991863966,20.09999955073));
#2427=CARTESIAN_POINT('',(0.,36.3999991863966,20.09999955073));
#2428=CARTESIAN_POINT('',(0.,26.6999997198582,20.09999955073));
#2429=CARTESIAN_POINT('',(-100.,36.3999991863966,20.09999955073));
#2430=CARTESIAN_POINT('',(0.,36.3999991863966,20.09999955073));
#2431=CARTESIAN_POINT('',(-100.,35.1999995931983,20.09999955073));
#2432=CARTESIAN_POINT('Origin',(0.,36.3999991863966,9.89999977871776));
#2433=CARTESIAN_POINT('',(-100.,36.3999991863966,17.6000002980232));
#2434=CARTESIAN_POINT('',(0.,36.3999991863966,17.6000002980232));
#2435=CARTESIAN_POINT('',(-50.,36.3999991863966,17.6000002980232));
#2436=CARTESIAN_POINT('',(-100.,36.3999991863966,4.94999988935888));
#2437=CARTESIAN_POINT('',(0.,36.3999991863966,9.94999988935888));
#2438=CARTESIAN_POINT('Origin',(0.,39.0999991260469,9.89999977871776));
#2439=CARTESIAN_POINT('',(0.,28.0499996896833,9.89999977871776));
#2440=CARTESIAN_POINT('',(-100.,36.5499995630234,9.89999977871776));
#2441=CARTESIAN_POINT('Origin',(0.,-0.0999999977648258,7.59999983012676));
#2442=CARTESIAN_POINT('',(0.,2.4,7.59999983012676));
#2443=CARTESIAN_POINT('',(-100.,2.4,7.59999983012676));
#2444=CARTESIAN_POINT('',(-50.,2.4,7.59999983012676));
#2445=CARTESIAN_POINT('',(0.,-0.0999999977648258,7.59999983012676));
#2446=CARTESIAN_POINT('',(0.,8.45000012777746,7.59999983012676));
#2447=CARTESIAN_POINT('',(-100.,-0.0999999977648258,7.59999983012676));
#2448=CARTESIAN_POINT('',(0.,-0.0999999977648258,7.59999983012676));
#2449=CARTESIAN_POINT('',(-100.,16.9500000011176,7.59999983012676));
#2450=CARTESIAN_POINT('Origin',(0.,-0.0999999977648258,4.89999989047647));
#2451=CARTESIAN_POINT('',(0.,-0.0999999977648258,7.44999994523823));
#2452=CARTESIAN_POINT('',(-100.,-0.0999999977648258,2.44999994523823));
#2453=CARTESIAN_POINT('Origin',(0.,-2.39999994635582,20.09999955073));
#2454=CARTESIAN_POINT('',(0.,-2.39999994635582,17.6000002980232));
#2455=CARTESIAN_POINT('',(-100.,-2.39999994635582,17.6000002980232));
#2456=CARTESIAN_POINT('',(-50.,-2.39999994635582,17.6000002980232));
#2457=CARTESIAN_POINT('',(0.,-2.39999994635582,20.09999955073));
#2458=CARTESIAN_POINT('',(0.,-2.39999994635582,15.049999775365));
#2459=CARTESIAN_POINT('',(-100.,-2.39999994635582,20.09999955073));
#2460=CARTESIAN_POINT('',(0.,-2.39999994635582,20.09999955073));
#2461=CARTESIAN_POINT('',(-100.,-2.39999994635582,10.049999775365));
#2462=CARTESIAN_POINT('Origin',(0.,-2.39999994635582,20.09999955073));
#2463=CARTESIAN_POINT('',(-100.,-2.39999994635582,12.4));
#2464=CARTESIAN_POINT('',(0.,-2.39999994635582,12.4));
#2465=CARTESIAN_POINT('',(-50.,-2.39999994635582,12.4));
#2466=CARTESIAN_POINT('',(-100.,-2.39999994635582,9.89999977871776));
#2467=CARTESIAN_POINT('',(-100.,-2.39999994635582,10.049999775365));
#2468=CARTESIAN_POINT('',(0.,-2.39999994635582,9.89999977871776));
#2469=CARTESIAN_POINT('',(0.,-2.39999994635582,9.89999977871776));
#2470=CARTESIAN_POINT('',(0.,-2.39999994635582,15.049999775365));
#2471=CARTESIAN_POINT('Origin',(0.,-5.09999988600612,20.09999955073));
#2472=CARTESIAN_POINT('',(0.,-5.09999988600612,20.09999955073));
#2473=CARTESIAN_POINT('',(0.,5.95000018365681,20.09999955073));
#2474=CARTESIAN_POINT('',(-100.,-5.09999988600612,20.09999955073));
#2475=CARTESIAN_POINT('',(0.,-5.09999988600612,20.09999955073));
#2476=CARTESIAN_POINT('',(-100.,14.4500000569969,20.09999955073));
#2477=CARTESIAN_POINT('Origin',(0.,-5.09999988600612,9.89999977871776));
#2478=CARTESIAN_POINT('',(0.,-5.09999988600612,9.89999977871776));
#2479=CARTESIAN_POINT('',(0.,-5.09999988600612,9.94999988935888));
#2480=CARTESIAN_POINT('',(-100.,-5.09999988600612,9.89999977871776));
#2481=CARTESIAN_POINT('',(0.,-5.09999988600612,9.89999977871776));
#2482=CARTESIAN_POINT('',(-100.,-5.09999988600612,4.94999988935888));
#2483=CARTESIAN_POINT('Origin',(0.,-2.39999994635582,9.89999977871776));
#2484=CARTESIAN_POINT('',(0.,7.30000015348196,9.89999977871776));
#2485=CARTESIAN_POINT('',(-100.,15.8000000268221,9.89999977871776));
#2486=CARTESIAN_POINT('Origin',(-100.,34.0000005066395,12.4000005066394));
#2487=CARTESIAN_POINT('',(-100.,31.6000000000001,12.4000005066394));
#2488=CARTESIAN_POINT('',(-100.,34.0000002533197,12.4000005066394));
#2489=CARTESIAN_POINT('',(0.,31.6000000000001,12.4000005066394));
#2490=CARTESIAN_POINT('',(-100.,31.6000000000001,12.4000005066394));
#2491=CARTESIAN_POINT('',(0.,25.5000003799796,12.4000005066394));
#2492=CARTESIAN_POINT('Origin',(-50.,17.,-1.11022302462516E-15));
#2493=CARTESIAN_POINT('',(-63.,17.,-8.89999866485596));
#2494=CARTESIAN_POINT('',(-63.,17.,-1.11022302462516E-15));
#2495=CARTESIAN_POINT('',(-62.8452325345831,19.0000002831221,-8.89999866485596));
#2496=CARTESIAN_POINT('Origin',(-50.,17.,-8.89999866485596));
#2497=CARTESIAN_POINT('',(-62.8452325345831,19.0000002831221,-13.899998664856));
#2498=CARTESIAN_POINT('',(-62.8452325345831,19.0000002831221,0.));
#2499=CARTESIAN_POINT('',(-60.0885426826477,25.1988600756688,-13.8999977111816));
#2500=CARTESIAN_POINT('Origin',(-50.,17.,-13.899998664856));
#2501=CARTESIAN_POINT('',(-60.0885426826477,25.1988600756688,-1.11022302462516E-15));
#2502=CARTESIAN_POINT('',(-60.0885426826477,25.1988600756688,0.100002288818359));
#2503=CARTESIAN_POINT('',(-60.0885426826477,8.80113992433123,-1.11022302462516E-15));
#2504=CARTESIAN_POINT('Origin',(-50.,17.,-1.11022302462516E-15));
#2505=CARTESIAN_POINT('',(-60.0885426826477,8.80113992433123,-13.8999977111816));
#2506=CARTESIAN_POINT('',(-60.0885426826477,8.80113992433123,0.100002288818359));
#2507=CARTESIAN_POINT('',(-62.8452326227472,15.0000002831221,-13.899998664856));
#2508=CARTESIAN_POINT('Origin',(-50.,17.,-13.899998664856));
#2509=CARTESIAN_POINT('',(-62.8452326227472,15.0000002831221,-8.89999866485596));
#2510=CARTESIAN_POINT('',(-62.8452326227472,15.0000002831221,0.));
#2511=CARTESIAN_POINT('Origin',(-50.,17.,-8.89999866485596));
#2512=CARTESIAN_POINT('Origin',(-100.,2.4,10.));
#2513=CARTESIAN_POINT('',(-100.,2.4,12.4));
#2514=CARTESIAN_POINT('',(-100.,2.4,5.));
#2515=CARTESIAN_POINT('',(0.,2.4,12.4));
#2516=CARTESIAN_POINT('',(-100.,2.4,12.4));
#2517=CARTESIAN_POINT('',(0.,2.4,10.));
#2518=CARTESIAN_POINT('Origin',(-100.,0.,17.6000002980232));
#2519=CARTESIAN_POINT('',(-100.,17.,17.6000002980232));
#2520=CARTESIAN_POINT('',(0.,-0.2,17.6000002980232));
#2521=CARTESIAN_POINT('Origin',(-100.,39.0000005066395,17.6000002980232));
#2522=CARTESIAN_POINT('',(0.,28.0000003799796,17.6000002980232));
#2523=CARTESIAN_POINT('',(-100.,34.2000005066395,17.6000002980232));
#2524=CARTESIAN_POINT('Origin',(-100.,34.,0.));
#2525=CARTESIAN_POINT('',(-100.,31.6000000000001,2.50000025331971));
#2526=CARTESIAN_POINT('',(-100.,44.0000006556511,22.5));
#2527=CARTESIAN_POINT('',(-100.,44.0000006556511,22.5));
#2528=CARTESIAN_POINT('',(-100.,44.0000006556511,10.));
#2529=CARTESIAN_POINT('',(-100.,44.0000006556511,10.));
#2530=CARTESIAN_POINT('',(-100.,34.,0.));
#2531=CARTESIAN_POINT('',(-100.,44.0000006556511,10.0000001490116));
#2532=CARTESIAN_POINT('',(-100.,0.,0.));
#2533=CARTESIAN_POINT('',(-100.,0.,0.));
#2534=CARTESIAN_POINT('',(-100.,-10.0000001490116,10.));
#2535=CARTESIAN_POINT('',(-100.,0.,0.));
#2536=CARTESIAN_POINT('',(-100.,-10.0000001490116,22.5));
#2537=CARTESIAN_POINT('',(-100.,-10.0000001490116,10.));
#2538=CARTESIAN_POINT('',(-100.,-10.0000001490116,22.5));
#2539=CARTESIAN_POINT('',(-100.,14.5,12.4));
#2540=CARTESIAN_POINT('Origin',(-100.,-5.,12.4));
#2541=CARTESIAN_POINT('',(0.,6.00000012665987,12.4));
#2542=CARTESIAN_POINT('Origin',(-100.,31.6000000000001,5.00000050663941));
#2543=CARTESIAN_POINT('',(0.,31.6000000000001,7.50000025331971));
#2544=CARTESIAN_POINT('Origin',(0.,17.0000002533197,10.));
#2545=CARTESIAN_POINT('',(0.,-10.0000001490116,22.5));
#2546=CARTESIAN_POINT('',(0.,28.0000002905726,22.5));
#2547=CARTESIAN_POINT('',(0.,-10.0000001490116,10.));
#2548=CARTESIAN_POINT('',(0.,-10.0000001490116,10.));
#2549=CARTESIAN_POINT('',(0.,0.,0.));
#2550=CARTESIAN_POINT('',(0.,-3.25000001117587,3.25000001117587));
#2551=CARTESIAN_POINT('',(0.,34.,0.));
#2552=CARTESIAN_POINT('',(0.,17.0000001266599,0.));
#2553=CARTESIAN_POINT('',(0.,44.0000006556511,10.));
#2554=CARTESIAN_POINT('',(0.,32.2499998480082,-1.75000006332992));
#2555=CARTESIAN_POINT('',(0.,44.0000006556511,22.5));
#2556=CARTESIAN_POINT('',(0.,44.0000006556511,10.));
#2557=CARTESIAN_POINT('',(0.,28.0000002905726,22.5));
#2558=CARTESIAN_POINT('Origin',(-100.,-10.0000001490116,10.0000001490116));
#2559=CARTESIAN_POINT('',(0.,-10.0000001490116,10.));
#2560=CARTESIAN_POINT('',(0.,0.,0.));
#2561=CARTESIAN_POINT('Origin',(-100.,-10.0000001490116,10.));
#2562=CARTESIAN_POINT('',(0.,-10.0000001490116,22.5));
#2563=CARTESIAN_POINT('Origin',(-50.,39.0000003278255,22.5));
#2564=CARTESIAN_POINT('',(0.,44.0000006556511,22.5));
#2565=CARTESIAN_POINT('Origin',(-50.,39.0000003278255,22.5));
#2566=CARTESIAN_POINT('Origin',(-64.7998574933104,11.9995334041237,-13.899998664856));
#2567=CARTESIAN_POINT('',(-66.6998574933104,11.9995334041237,-13.899998664856));
#2568=CARTESIAN_POINT('Origin',(-64.7998574933104,11.9995334041237,-13.899998664856));
#2569=CARTESIAN_POINT('',(-66.6998574933104,11.9995334041237,-7.89999866485596));
#2570=CARTESIAN_POINT('',(-66.6998574933104,11.9995334041237,-13.899998664856));
#2571=CARTESIAN_POINT('Origin',(-64.7998574933104,11.9995334041237,-7.89999866485596));
#2572=CARTESIAN_POINT('Origin',(-64.7998574933104,11.9995334041237,-7.89999866485596));
#2573=CARTESIAN_POINT('',(-66.3998574933104,11.9995334041237,-7.89999866485596));
#2574=CARTESIAN_POINT('Origin',(-64.7998574933104,11.9995334041237,-7.89999866485596));
#2575=CARTESIAN_POINT('Origin',(-15.1998552690439,11.9995335917833,-13.899998664856));
#2576=CARTESIAN_POINT('',(-17.0998552690439,11.9995335917833,-13.899998664856));
#2577=CARTESIAN_POINT('Origin',(-15.1998552690439,11.9995335917833,-13.899998664856));
#2578=CARTESIAN_POINT('',(-17.0998552690439,11.9995335917833,-7.89999866485596));
#2579=CARTESIAN_POINT('',(-17.0998552690439,11.9995335917833,-13.899998664856));
#2580=CARTESIAN_POINT('Origin',(-15.1998552690439,11.9995335917833,-7.89999866485596));
#2581=CARTESIAN_POINT('Origin',(-15.1998552690439,11.9995335917833,-7.89999866485596));
#2582=CARTESIAN_POINT('',(-16.7998552690439,11.9995335917833,-7.89999866485596));
#2583=CARTESIAN_POINT('Origin',(-15.1998552690439,11.9995335917833,-7.89999866485596));
#2584=CARTESIAN_POINT('Origin',(-15.1998552882116,21.9995345170304,-13.899998664856));
#2585=CARTESIAN_POINT('',(-17.0998552882116,21.9995345170304,-13.899998664856));
#2586=CARTESIAN_POINT('Origin',(-15.1998552882116,21.9995345170304,-13.899998664856));
#2587=CARTESIAN_POINT('',(-17.0998552882116,21.9995345170304,-7.89999866485596));
#2588=CARTESIAN_POINT('',(-17.0998552882116,21.9995345170304,-13.899998664856));
#2589=CARTESIAN_POINT('Origin',(-15.1998552882116,21.9995345170304,-7.89999866485596));
#2590=CARTESIAN_POINT('Origin',(-15.1998552882116,21.9995345170304,-7.89999866485596));
#2591=CARTESIAN_POINT('',(-16.7998552882116,21.9995345170304,-7.89999866485596));
#2592=CARTESIAN_POINT('Origin',(-15.1998552882116,21.9995345170304,-7.89999866485596));
#2593=CARTESIAN_POINT('Origin',(-64.7998575759734,21.9995346297814,-13.899998664856));
#2594=CARTESIAN_POINT('',(-66.6998575759735,21.9995346297814,-13.899998664856));
#2595=CARTESIAN_POINT('Origin',(-64.7998575759734,21.9995346297814,-13.899998664856));
#2596=CARTESIAN_POINT('',(-66.6998575759735,21.9995346297814,-7.89999866485596));
#2597=CARTESIAN_POINT('',(-66.6998575759735,21.9995346297814,-13.899998664856));
#2598=CARTESIAN_POINT('Origin',(-64.7998575759734,21.9995346297814,-7.89999866485596));
#2599=CARTESIAN_POINT('Origin',(-64.7998575759734,21.9995346297814,-7.89999866485596));
#2600=CARTESIAN_POINT('',(-66.3998575759735,21.9995346297814,-7.89999866485596));
#2601=CARTESIAN_POINT('Origin',(-64.7998575759734,21.9995346297814,-7.89999866485596));
#2602=CARTESIAN_POINT('Origin',(-50.,17.,0.));
#2603=CARTESIAN_POINT('',(-100.,34.,0.));
#2604=CARTESIAN_POINT('',(-11.6685285862572,4.64953400087356,0.));
#2605=CARTESIAN_POINT('',(-19.1534947711342,4.64953400087356,0.));
#2606=CARTESIAN_POINT('',(-34.9554270420075,4.64953400087356,0.));
#2607=CARTESIAN_POINT('',(-7.91116927337648,8.40689331375428,0.));
#2608=CARTESIAN_POINT('',(-17.2244401116911,-0.906377524560344,0.));
#2609=CARTESIAN_POINT('',(-7.91116927337648,25.5921756297462,0.));
#2610=CARTESIAN_POINT('',(-7.91116927337648,21.6747674713135,0.));
#2611=CARTESIAN_POINT('',(-11.6685285862572,29.3495349426269,0.));
#2612=CARTESIAN_POINT('',(-17.224672875816,34.9056792321857,0.));
#2613=CARTESIAN_POINT('',(-19.1534947711342,29.3495349426269,0.));
#2614=CARTESIAN_POINT('',(-34.9554270420075,29.3495349426269,0.));
#2615=CARTESIAN_POINT('',(-22.9108540840149,25.5921756297462,0.));
#2616=CARTESIAN_POINT('',(-30.8918446422275,17.6111850715336,0.));
#2617=CARTESIAN_POINT('',(-22.9108540840149,8.40689331375428,0.));
#2618=CARTESIAN_POINT('',(-22.9108540840149,14.6510000149012,0.));
#2619=CARTESIAN_POINT('',(-30.8920774063524,16.3881166360918,0.));
#2620=CARTESIAN_POINT('',(-60.0885426826477,4.64953400087355,0.));
#2621=CARTESIAN_POINT('',(-60.0885426826477,14.6510000149012,-1.11022302462516E-15));
#2622=CARTESIAN_POINT('',(-60.0885426826477,29.3495349426269,0.));
#2623=CARTESIAN_POINT('',(-60.0885426826477,14.6510000149012,-1.11022302462516E-15));
#2624=CARTESIAN_POINT('',(-67.3311828929299,29.3495349426269,0.));
#2625=CARTESIAN_POINT('',(-59.0442711029053,29.3495349426269,0.));
#2626=CARTESIAN_POINT('',(-71.0885422058106,25.5921756297462,0.));
#2627=CARTESIAN_POINT('',(-67.0251107335743,29.6556071019825,0.));
#2628=CARTESIAN_POINT('',(-71.0885422058106,8.40689430602406,0.));
#2629=CARTESIAN_POINT('',(-71.0885422058106,12.3247674474716,0.));
#2630=CARTESIAN_POINT('',(-67.3311831300059,4.64953481030174,0.));
#2631=CARTESIAN_POINT('',(-67.0253438981078,4.34369554422347,0.));
#2632=CARTESIAN_POINT('',(-55.0442721990981,4.64953343713236,0.));
#2633=CARTESIAN_POINT('Origin',(0.,44.0000006556511,10.));
#2634=CARTESIAN_POINT('',(0.,44.0000006556511,10.));
#2635=CARTESIAN_POINT('Origin',(-14.0000002086163,19.0000002831221,-13.899998664856));
#2636=CARTESIAN_POINT('',(-14.0000002086163,19.0000002831221,-13.899998664856));
#2637=CARTESIAN_POINT('',(-19.9108540840149,19.0000002831221,-13.899998664856));
#2638=CARTESIAN_POINT('',(-12.9555847409964,19.0000002831221,-13.899998664856));
#2639=CARTESIAN_POINT('',(-14.0000002086163,19.0000002831221,-8.89999866485596));
#2640=CARTESIAN_POINT('',(-14.0000002086163,19.0000002831221,-13.899998664856));
#2641=CARTESIAN_POINT('',(-19.9108540840149,19.0000002831221,-8.89999866485596));
#2642=CARTESIAN_POINT('',(-14.0000002086163,19.0000002831221,-8.89999866485596));
#2643=CARTESIAN_POINT('',(-19.9108540840149,19.0000002831221,-10.9499979019165));
#2644=CARTESIAN_POINT('Origin',(-14.0000002086163,15.0000002831221,-13.899998664856));
#2645=CARTESIAN_POINT('',(-14.0000002086163,15.0000002831221,-13.899998664856));
#2646=CARTESIAN_POINT('',(-14.0000002086163,11.3247671419978,-13.899998664856));
#2647=CARTESIAN_POINT('',(-14.0000002086163,15.0000002831221,-8.89999866485596));
#2648=CARTESIAN_POINT('',(-14.0000002086163,15.0000002831221,-13.899998664856));
#2649=CARTESIAN_POINT('',(-14.0000002086163,15.0000002831221,-8.89999866485596));
#2650=CARTESIAN_POINT('Origin',(-19.9108540840149,15.0000002831221,-13.899998664856));
#2651=CARTESIAN_POINT('',(-19.9108540840149,15.0000002831221,-13.899998664856));
#2652=CARTESIAN_POINT('',(-15.9110116786957,15.0000002831221,-13.899998664856));
#2653=CARTESIAN_POINT('',(-19.9108540840149,15.0000002831221,-8.89999866485596));
#2654=CARTESIAN_POINT('',(-19.9108540840149,15.0000002831221,-10.9499979019165));
#2655=CARTESIAN_POINT('',(-19.9108540840149,15.0000002831221,-8.89999866485596));
#2656=CARTESIAN_POINT('Origin',(-16.9554271463156,17.0000002831221,-8.89999866485596));
#2657=CARTESIAN_POINT('',(-19.9108540840149,14.6510001564622,-8.89999866485596));
#2658=CARTESIAN_POINT('Origin',(-64.2422751501959,17.0000002831221,-8.89999866485596));
#2659=CARTESIAN_POINT('',(-65.9922751501959,15.0000002831221,-8.89999866485596));
#2660=CARTESIAN_POINT('',(-65.9922751501959,15.0000002831221,-8.89999866485596));
#2661=CARTESIAN_POINT('',(-65.9922751501959,19.0000002831221,-8.89999866485596));
#2662=CARTESIAN_POINT('',(-65.9922751501959,19.0000002831221,-8.89999866485596));
#2663=CARTESIAN_POINT('',(-62.4922751501959,19.0000002831221,-8.89999866485596));
#2664=CARTESIAN_POINT('Origin',(-62.4922751501959,19.0000002831221,-13.899998664856));
#2665=CARTESIAN_POINT('',(-65.9922751501959,19.0000002831221,-13.899998664856));
#2666=CARTESIAN_POINT('',(-65.9922751501959,19.0000002831221,-13.899998664856));
#2667=CARTESIAN_POINT('',(-65.2904086780032,19.0000002831221,-13.899998664856));
#2668=CARTESIAN_POINT('Origin',(-65.9922751501959,19.0000002831221,-13.899998664856));
#2669=CARTESIAN_POINT('',(-65.9922751501959,15.0000002831221,-13.899998664856));
#2670=CARTESIAN_POINT('',(-65.9922751501959,22.6747676128745,-13.899998664856));
#2671=CARTESIAN_POINT('',(-65.9922751501959,15.0000002831221,-13.899998664856));
#2672=CARTESIAN_POINT('Origin',(-65.9922751501959,15.0000002831221,-13.899998664856));
#2673=CARTESIAN_POINT('',(-67.0404086780032,15.0000002831221,-13.899998664856));
#2674=CARTESIAN_POINT('Origin',(-11.9111692733765,7.64953400087357,-13.899998664856));
#2675=CARTESIAN_POINT('',(-19.9108540840149,24.3495349426269,-13.899998664856));
#2676=CARTESIAN_POINT('',(-19.9108540840149,26.349534942627,-13.899998664856));
#2677=CARTESIAN_POINT('',(-17.9108540840149,26.349534942627,-13.899998664856));
#2678=CARTESIAN_POINT('',(-21.5859331167936,22.6744559098482,-13.899998664856));
#2679=CARTESIAN_POINT('',(-12.9111692733765,26.349534942627,-13.899998664856));
#2680=CARTESIAN_POINT('',(-19.9108540840149,26.349534942627,-13.899998664856));
#2681=CARTESIAN_POINT('',(-10.9111692733765,24.3495349426269,-13.899998664856));
#2682=CARTESIAN_POINT('',(-7.48616903793813,20.9245347071886,-13.899998664856));
#2683=CARTESIAN_POINT('',(-10.9111692733765,9.64953400087357,-13.899998664856));
#2684=CARTESIAN_POINT('',(-10.9111692733765,26.349534942627,-13.899998664856));
#2685=CARTESIAN_POINT('',(-12.9111692733765,7.64953400087357,-13.899998664856));
#2686=CARTESIAN_POINT('',(-12.1611692733765,8.39953400087357,-13.899998664856));
#2687=CARTESIAN_POINT('',(-17.9108540840149,7.64953400087357,-13.899998664856));
#2688=CARTESIAN_POINT('',(-11.9111692733765,7.64953400087357,-13.899998664856));
#2689=CARTESIAN_POINT('',(-19.9108540840149,9.64953400087357,-13.899998664856));
#2690=CARTESIAN_POINT('',(-16.9109328813553,6.64961279821396,-13.899998664856));
#2691=CARTESIAN_POINT('',(-19.9108540840149,26.349534942627,-13.899998664856));
#2692=CARTESIAN_POINT('Origin',(-34.9554270420075,6.14953400087356,-1.5));
#2693=CARTESIAN_POINT('',(-17.9108540840149,7.64953400087357,-3.));
#2694=CARTESIAN_POINT('',(-19.1534947711342,4.64953400087356,0.));
#2695=CARTESIAN_POINT('',(-12.9111692733765,7.64953400087357,-3.));
#2696=CARTESIAN_POINT('',(-34.9554270420075,7.64953400087357,-3.));
#2697=CARTESIAN_POINT('',(-11.6685285862572,4.64953400087356,0.));
#2698=CARTESIAN_POINT('Origin',(-29.8314172345726,17.4487768078716,-1.5));
#2699=CARTESIAN_POINT('',(-19.9108540840149,9.64953400087357,-3.));
#2700=CARTESIAN_POINT('',(-22.9108540840149,8.40689331375428,0.));
#2701=CARTESIAN_POINT('',(-28.7707570627928,18.5094369796514,-3.));
#2702=CARTESIAN_POINT('Origin',(-21.4108540840149,14.6510000149012,-1.5));
#2703=CARTESIAN_POINT('',(-19.9108540840149,24.3495349426269,-3.));
#2704=CARTESIAN_POINT('',(-22.9108540840149,25.5921756297462,0.));
#2705=CARTESIAN_POINT('',(-19.9108540840149,14.6510000149012,-3.));
#2706=CARTESIAN_POINT('Origin',(-29.8311844704477,16.5505248997538,-1.5));
#2707=CARTESIAN_POINT('',(-17.9108540840149,26.349534942627,-3.));
#2708=CARTESIAN_POINT('',(-19.1534947711342,29.3495349426269,0.));
#2709=CARTESIAN_POINT('',(-28.7705242986679,15.4898647279739,-3.));
#2710=CARTESIAN_POINT('Origin',(-34.9554270420075,27.8495349426269,-1.5));
#2711=CARTESIAN_POINT('',(-12.9111692733765,26.349534942627,-3.));
#2712=CARTESIAN_POINT('',(-11.6685285862572,29.3495349426269,0.));
#2713=CARTESIAN_POINT('',(-34.9554270420075,26.349534942627,-3.));
#2714=CARTESIAN_POINT('Origin',(-18.2853330475958,33.8450190604059,-1.5));
#2715=CARTESIAN_POINT('',(-10.9111692733765,24.3495349426269,-3.));
#2716=CARTESIAN_POINT('',(-19.3459932193756,32.7843588886261,-3.));
#2717=CARTESIAN_POINT('',(-7.91116927337648,25.5921756297462,0.));
#2718=CARTESIAN_POINT('Origin',(-9.41116927337648,21.6747674713135,-1.5));
#2719=CARTESIAN_POINT('',(-10.9111692733765,9.64953400087357,-3.));
#2720=CARTESIAN_POINT('',(-10.9111692733765,21.6747674713135,-3.));
#2721=CARTESIAN_POINT('',(-7.91116927337648,8.40689331375428,0.));
#2722=CARTESIAN_POINT('Origin',(-18.2851002834709,0.154282647219476,-1.5));
#2723=CARTESIAN_POINT('',(-19.3457604552507,1.2149428189993,-3.));
#2724=CARTESIAN_POINT('Origin',(-11.9111692733765,25.3495349426269,-13.899998664856));
#2725=CARTESIAN_POINT('',(-10.9111692733765,24.3495349426269,-13.899998664856));
#2726=CARTESIAN_POINT('',(-12.9111692733765,26.349534942627,-13.899998664856));
#2727=CARTESIAN_POINT('Origin',(-10.9111692733765,26.349534942627,-13.899998664856));
#2728=CARTESIAN_POINT('',(-10.9111692733765,9.64953400087357,-6.8999981880188));
#2729=CARTESIAN_POINT('Origin',(-11.9111692733765,8.64953400087357,-6.8999981880188));
#2730=CARTESIAN_POINT('',(-12.9111692733765,7.64953400087357,-6.8999981880188));
#2731=CARTESIAN_POINT('Origin',(-19.9108540840149,7.64953400087357,0.100002288818359));
#2732=CARTESIAN_POINT('',(-17.9108540840149,7.64953400087357,-3.94999742507935));
#2733=CARTESIAN_POINT('Origin',(-55.04427203146,6.14953343713235,-1.5));
#2734=CARTESIAN_POINT('',(-66.0885422058106,7.64953467142581,-3.));
#2735=CARTESIAN_POINT('',(-60.0885426826477,7.64953400087357,-3.));
#2736=CARTESIAN_POINT('',(-55.044271863822,7.64953343713234,-3.));
#2737=CARTESIAN_POINT('',(-60.0885426826477,9.31264965191472,-4.66311565104114));
#2738=CARTESIAN_POINT('',(-67.3311831300059,4.64953481030174,0.));
#2739=CARTESIAN_POINT('Origin',(-59.0442711029053,27.8495349426269,-1.5));
#2740=CARTESIAN_POINT('',(-60.0885426826477,26.349534942627,-3.));
#2741=CARTESIAN_POINT('',(-60.0885426826477,22.3376519296765,-7.01188301295042));
#2742=CARTESIAN_POINT('',(-66.0885422058106,26.349534942627,-3.));
#2743=CARTESIAN_POINT('',(-59.0442711029053,26.349534942627,-3.));
#2744=CARTESIAN_POINT('',(-66.0885422058106,26.349534942627,-3.));
#2745=CARTESIAN_POINT('Origin',(-65.964683667059,5.40435565673429,-1.5));
#2746=CARTESIAN_POINT('',(-68.0885422058106,9.64953489494324,-3.));
#2747=CARTESIAN_POINT('',(-71.0885422058106,8.40689430602406,0.));
#2748=CARTESIAN_POINT('',(-64.9040234360102,6.4650157692451,-3.));
#2749=CARTESIAN_POINT('Origin',(-69.5885422058106,12.3247674474716,-1.5));
#2750=CARTESIAN_POINT('',(-68.0885422058106,24.3495349426269,-3.));
#2751=CARTESIAN_POINT('',(-71.0885422058106,25.5921756297462,0.));
#2752=CARTESIAN_POINT('',(-68.0885422058106,12.3247674474716,-3.));
#2753=CARTESIAN_POINT('Origin',(-65.9644505617945,28.5949469302027,-1.5));
#2754=CARTESIAN_POINT('',(-64.9037903900147,27.5342867584229,-3.));
#2755=CARTESIAN_POINT('Origin',(-60.0885426826477,7.64953400087357,-13.899998664856));
#2756=CARTESIAN_POINT('',(-66.0885422058106,7.64953467142581,-13.899998664856));
#2757=CARTESIAN_POINT('',(-66.0885422058106,7.64953467142581,-13.899998664856));
#2758=CARTESIAN_POINT('',(-60.0885426826477,7.64953400087357,-13.899998664856));
#2759=CARTESIAN_POINT('',(-60.0885426826477,7.64953400087357,-13.899998664856));
#2760=CARTESIAN_POINT('',(-60.0885426826477,7.64953400087357,0.100002288818359));
#2761=CARTESIAN_POINT('Origin',(-67.0885422058106,8.64953478318452,-13.899998664856));
#2762=CARTESIAN_POINT('',(-68.0885422058106,9.64953489494324,-13.899998664856));
#2763=CARTESIAN_POINT('',(-68.0885422058106,9.64953489494324,-13.899998664856));
#2764=CARTESIAN_POINT('',(-71.7635422177315,13.3245353175775,-13.899998664856));
#2765=CARTESIAN_POINT('Origin',(-68.0885422058106,7.64953489494324,-13.899998664856));
#2766=CARTESIAN_POINT('',(-68.0885422058106,24.3495349426269,-13.899998664856));
#2767=CARTESIAN_POINT('',(-68.0885422058106,24.3495349426269,-13.899998664856));
#2768=CARTESIAN_POINT('',(-68.0885422058106,26.349534942627,-13.899998664856));
#2769=CARTESIAN_POINT('Origin',(-67.0885422058106,25.3495349426269,-13.899998664856));
#2770=CARTESIAN_POINT('',(-66.0885422058106,26.349534942627,-13.899998664856));
#2771=CARTESIAN_POINT('',(-66.0885422058106,26.349534942627,-13.899998664856));
#2772=CARTESIAN_POINT('',(-67.0885422058106,25.349534942627,-13.899998664856));
#2773=CARTESIAN_POINT('Origin',(-68.0885422058106,26.349534942627,-13.899998664856));
#2774=CARTESIAN_POINT('',(-60.0885426826477,26.349534942627,-13.899998664856));
#2775=CARTESIAN_POINT('',(-60.0885426826477,26.349534942627,0.100002288818359));
#2776=CARTESIAN_POINT('',(-60.0885426826477,26.349534942627,-13.899998664856));
#2777=CARTESIAN_POINT('Origin',(-18.9108540840149,8.64953400087357,-3.94999742507935));
#2778=CARTESIAN_POINT('',(-19.9108540840149,9.64953400087357,-3.94999742507935));
#2779=CARTESIAN_POINT('Origin',(-18.9108540840149,25.3495349426269,-10.9499979019165));
#2780=CARTESIAN_POINT('',(-17.9108540840149,26.349534942627,-10.9499979019165));
#2781=CARTESIAN_POINT('',(-19.9108540840149,24.3495349426269,-10.9499979019165));
#2782=CARTESIAN_POINT('Origin',(-19.9108540840149,12.3020000298023,-7.99999713897705));
#2783=CARTESIAN_POINT('Origin',(-68.0885422058106,26.349534942627,-13.899998664856));
#2784=CARTESIAN_POINT('',(-60.0885426826477,7.64953400087357,-13.899998664856));
#2785=CARTESIAN_POINT('',(-60.0885426826477,7.64953400087357,-13.899998664856));
#2786=CARTESIAN_POINT('Origin',(-15.1998552882116,21.9995345170304,-13.899998664856));
#2787=CARTESIAN_POINT('',(-16.7998552882116,21.9995345170304,-13.899998664856));
#2788=CARTESIAN_POINT('Origin',(-15.1998552690439,11.9995335917833,-13.899998664856));
#2789=CARTESIAN_POINT('',(-16.7998552690439,11.9995335917833,-13.899998664856));
#2790=CARTESIAN_POINT('Origin',(-60.0885426826477,12.3020000298023,-7.99999713897705));
#2791=CARTESIAN_POINT('Origin',(-60.0885426826477,12.3020000298023,-7.99999713897705));
#2792=CARTESIAN_POINT('Origin',(-64.7998575759734,21.9995346297814,-13.899998664856));
#2793=CARTESIAN_POINT('',(-66.3998575759735,21.9995346297814,-13.899998664856));
#2794=CARTESIAN_POINT('Origin',(-64.7998574933104,11.9995334041237,-13.899998664856));
#2795=CARTESIAN_POINT('',(-66.3998574933104,11.9995334041237,-13.899998664856));
#2796=CARTESIAN_POINT('Origin',(-19.9108540840149,26.349534942627,-13.899998664856));
#2797=CARTESIAN_POINT('Origin',(-100.,34.,0.));
#2798=UNCERTAINTY_MEASURE_WITH_UNIT(LENGTH_MEASURE(0.01),#2802,
'DISTANCE_ACCURACY_VALUE',
'Maximum model space distance between geometric entities at asserted c
onnectivities');
#2799=UNCERTAINTY_MEASURE_WITH_UNIT(LENGTH_MEASURE(0.01),#2802,
'DISTANCE_ACCURACY_VALUE',
'Maximum model space distance between geometric entities at asserted c
onnectivities');
#2800=(
GEOMETRIC_REPRESENTATION_CONTEXT(3)
GLOBAL_UNCERTAINTY_ASSIGNED_CONTEXT((#2798))
GLOBAL_UNIT_ASSIGNED_CONTEXT((#2802,#2804,#2805))
REPRESENTATION_CONTEXT('','3D')
);
#2801=(
GEOMETRIC_REPRESENTATION_CONTEXT(3)
GLOBAL_UNCERTAINTY_ASSIGNED_CONTEXT((#2799))
GLOBAL_UNIT_ASSIGNED_CONTEXT((#2802,#2804,#2805))
REPRESENTATION_CONTEXT('','3D')
);
#2802=(
LENGTH_UNIT()
NAMED_UNIT(*)
SI_UNIT(.MILLI.,.METRE.)
);
#2803=(
LENGTH_UNIT()
NAMED_UNIT(*)
SI_UNIT($,.METRE.)
);
#2804=(
NAMED_UNIT(*)
PLANE_ANGLE_UNIT()
SI_UNIT($,.RADIAN.)
);
#2805=(
NAMED_UNIT(*)
SI_UNIT($,.STERADIAN.)
SOLID_ANGLE_UNIT()
);
#2806=SHAPE_DEFINITION_REPRESENTATION(#2807,#2808);
#2807=PRODUCT_DEFINITION_SHAPE('',$,#2810);
#2808=SHAPE_REPRESENTATION('',(#1746),#2800);
#2809=PRODUCT_DEFINITION_CONTEXT('part definition',#2814,'design');
#2810=PRODUCT_DEFINITION('2026-09-26-21-43-03-503',
'rack pinion gripper base',#2811,#2809);
#2811=PRODUCT_DEFINITION_FORMATION('',$,#2816);
#2812=PRODUCT_RELATED_PRODUCT_CATEGORY('rack pinion gripper base',
'rack pinion gripper base',(#2816));
#2813=APPLICATION_PROTOCOL_DEFINITION('international standard',
'automotive_design',2009,#2814);
#2814=APPLICATION_CONTEXT(
'Core Data for Automotive Mechanical Design Process');
#2815=PRODUCT_CONTEXT('part definition',#2814,'mechanical');
#2816=PRODUCT('2026-09-26-21-43-03-503','rack pinion gripper base',$,(#2815));
#2817=PRESENTATION_STYLE_ASSIGNMENT((#2818));
#2818=SURFACE_STYLE_USAGE(.BOTH.,#2819);
#2819=SURFACE_SIDE_STYLE('',(#2820));
#2820=SURFACE_STYLE_FILL_AREA(#2821);
#2821=FILL_AREA_STYLE('Steel - Satin',(#2822));
#2822=FILL_AREA_STYLE_COLOUR('Steel - Satin',#2823);
#2823=COLOUR_RGB('Steel - Satin',0.627450980392157,0.627450980392157,0.627450980392157);
ENDSEC;
END-ISO-10303-21;
