ISO-10303-21;
HEADER;
/* Generated by software containing ST-Developer
 * from STEP Tools, Inc. (www.steptools.com) 
 */

FILE_DESCRIPTION(
/* description */ (''),
/* implementation_level */ '2;1');

FILE_NAME(
/* name */ 'gripper rack.step',
/* time_stamp */ '2026-09-26T21:43:21-07:00',
/* author */ (''),
/* organization */ (''),
/* preprocessor_version */ 'ST-DEVELOPER v20.2',
/* originating_system */ 'Autodesk Translation Framework v15.15.0.0',
/* authorisation */ '');

FILE_SCHEMA (('AUTOMOTIVE_DESIGN { 1 0 10303 214 3 1 1 }'));
ENDSEC;

DATA;
#10=MECHANICAL_DESIGN_GEOMETRIC_PRESENTATION_REPRESENTATION('',(#13),#13432);
#11=SHAPE_REPRESENTATION_RELATIONSHIP('SRR','None',#13439,#12);
#12=ADVANCED_BREP_SHAPE_REPRESENTATION('',(#14),#13431);
#13=STYLED_ITEM('',(#13448),#14);
#14=MANIFOLD_SOLID_BREP('MeshBody1 (1)',#8472);
#15=FACE_BOUND('',#1253,.T.);
#16=FACE_BOUND('',#1254,.T.);
#17=CONICAL_SURFACE('',#8902,3.5,0.785398163397451);
#18=CONICAL_SURFACE('',#8906,3.5,0.785398163397454);
#19=CONICAL_SURFACE('',#8910,3.5,0.785398163397452);
#20=CONICAL_SURFACE('',#8914,3.5,0.785398163397452);
#21=ELLIPSE('',#8495,2.8284271247462,2.);
#22=ELLIPSE('',#8496,2.82842712474618,2.);
#23=ELLIPSE('',#8499,3.65996255936272,2.);
#24=ELLIPSE('',#8500,4.84656547403951,2.);
#25=ELLIPSE('',#8501,5.84759238176542,2.);
#26=ELLIPSE('',#8503,5.84759238176542,2.);
#27=ELLIPSE('',#8504,4.84656547403951,2.);
#28=ELLIPSE('',#8505,3.65984510705364,2.);
#29=ELLIPSE('',#8506,2.99608588054652,2.);
#30=ELLIPSE('',#8507,2.5873706921564,2.);
#31=ELLIPSE('',#8508,2.32414622131196,2.);
#32=ELLIPSE('',#8509,2.15518953490432,2.);
#33=ELLIPSE('',#8510,2.05365175426058,2.);
#34=ELLIPSE('',#8511,2.0058446940187,2.);
#35=ELLIPSE('',#8513,2.00584586497189,2.);
#36=ELLIPSE('',#8514,2.05364087995598,2.);
#37=ELLIPSE('',#8515,2.15518953490432,2.);
#38=ELLIPSE('',#8516,2.32414622131196,2.);
#39=ELLIPSE('',#8517,2.5873370065782,2.);
#40=ELLIPSE('',#8518,2.99608588054652,2.);
#41=PLANE('',#8489);
#42=PLANE('',#8493);
#43=PLANE('',#8497);
#44=PLANE('',#8519);
#45=PLANE('',#8520);
#46=PLANE('',#8521);
#47=PLANE('',#8522);
#48=PLANE('',#8523);
#49=PLANE('',#8524);
#50=PLANE('',#8525);
#51=PLANE('',#8526);
#52=PLANE('',#8527);
#53=PLANE('',#8528);
#54=PLANE('',#8529);
#55=PLANE('',#8530);
#56=PLANE('',#8531);
#57=PLANE('',#8532);
#58=PLANE('',#8533);
#59=PLANE('',#8534);
#60=PLANE('',#8535);
#61=PLANE('',#8536);
#62=PLANE('',#8537);
#63=PLANE('',#8538);
#64=PLANE('',#8539);
#65=PLANE('',#8540);
#66=PLANE('',#8541);
#67=PLANE('',#8542);
#68=PLANE('',#8543);
#69=PLANE('',#8544);
#70=PLANE('',#8545);
#71=PLANE('',#8546);
#72=PLANE('',#8547);
#73=PLANE('',#8548);
#74=PLANE('',#8549);
#75=PLANE('',#8550);
#76=PLANE('',#8551);
#77=PLANE('',#8552);
#78=PLANE('',#8553);
#79=PLANE('',#8554);
#80=PLANE('',#8555);
#81=PLANE('',#8556);
#82=PLANE('',#8557);
#83=PLANE('',#8558);
#84=PLANE('',#8559);
#85=PLANE('',#8560);
#86=PLANE('',#8561);
#87=PLANE('',#8562);
#88=PLANE('',#8563);
#89=PLANE('',#8564);
#90=PLANE('',#8565);
#91=PLANE('',#8566);
#92=PLANE('',#8567);
#93=PLANE('',#8568);
#94=PLANE('',#8569);
#95=PLANE('',#8570);
#96=PLANE('',#8571);
#97=PLANE('',#8572);
#98=PLANE('',#8573);
#99=PLANE('',#8574);
#100=PLANE('',#8575);
#101=PLANE('',#8576);
#102=PLANE('',#8577);
#103=PLANE('',#8578);
#104=PLANE('',#8579);
#105=PLANE('',#8580);
#106=PLANE('',#8581);
#107=PLANE('',#8582);
#108=PLANE('',#8583);
#109=PLANE('',#8584);
#110=PLANE('',#8585);
#111=PLANE('',#8586);
#112=PLANE('',#8587);
#113=PLANE('',#8588);
#114=PLANE('',#8589);
#115=PLANE('',#8590);
#116=PLANE('',#8591);
#117=PLANE('',#8592);
#118=PLANE('',#8593);
#119=PLANE('',#8594);
#120=PLANE('',#8595);
#121=PLANE('',#8596);
#122=PLANE('',#8597);
#123=PLANE('',#8598);
#124=PLANE('',#8599);
#125=PLANE('',#8600);
#126=PLANE('',#8601);
#127=PLANE('',#8602);
#128=PLANE('',#8603);
#129=PLANE('',#8604);
#130=PLANE('',#8605);
#131=PLANE('',#8606);
#132=PLANE('',#8607);
#133=PLANE('',#8608);
#134=PLANE('',#8609);
#135=PLANE('',#8610);
#136=PLANE('',#8611);
#137=PLANE('',#8612);
#138=PLANE('',#8613);
#139=PLANE('',#8614);
#140=PLANE('',#8615);
#141=PLANE('',#8616);
#142=PLANE('',#8617);
#143=PLANE('',#8618);
#144=PLANE('',#8619);
#145=PLANE('',#8620);
#146=PLANE('',#8621);
#147=PLANE('',#8622);
#148=PLANE('',#8623);
#149=PLANE('',#8624);
#150=PLANE('',#8625);
#151=PLANE('',#8626);
#152=PLANE('',#8627);
#153=PLANE('',#8628);
#154=PLANE('',#8629);
#155=PLANE('',#8630);
#156=PLANE('',#8631);
#157=PLANE('',#8632);
#158=PLANE('',#8633);
#159=PLANE('',#8634);
#160=PLANE('',#8635);
#161=PLANE('',#8636);
#162=PLANE('',#8637);
#163=PLANE('',#8638);
#164=PLANE('',#8639);
#165=PLANE('',#8640);
#166=PLANE('',#8641);
#167=PLANE('',#8642);
#168=PLANE('',#8643);
#169=PLANE('',#8644);
#170=PLANE('',#8645);
#171=PLANE('',#8646);
#172=PLANE('',#8647);
#173=PLANE('',#8648);
#174=PLANE('',#8649);
#175=PLANE('',#8650);
#176=PLANE('',#8651);
#177=PLANE('',#8652);
#178=PLANE('',#8653);
#179=PLANE('',#8654);
#180=PLANE('',#8655);
#181=PLANE('',#8656);
#182=PLANE('',#8657);
#183=PLANE('',#8658);
#184=PLANE('',#8659);
#185=PLANE('',#8660);
#186=PLANE('',#8661);
#187=PLANE('',#8662);
#188=PLANE('',#8663);
#189=PLANE('',#8664);
#190=PLANE('',#8665);
#191=PLANE('',#8666);
#192=PLANE('',#8667);
#193=PLANE('',#8668);
#194=PLANE('',#8669);
#195=PLANE('',#8670);
#196=PLANE('',#8671);
#197=PLANE('',#8672);
#198=PLANE('',#8673);
#199=PLANE('',#8674);
#200=PLANE('',#8675);
#201=PLANE('',#8676);
#202=PLANE('',#8677);
#203=PLANE('',#8678);
#204=PLANE('',#8679);
#205=PLANE('',#8680);
#206=PLANE('',#8681);
#207=PLANE('',#8682);
#208=PLANE('',#8683);
#209=PLANE('',#8684);
#210=PLANE('',#8685);
#211=PLANE('',#8686);
#212=PLANE('',#8687);
#213=PLANE('',#8688);
#214=PLANE('',#8689);
#215=PLANE('',#8690);
#216=PLANE('',#8691);
#217=PLANE('',#8692);
#218=PLANE('',#8693);
#219=PLANE('',#8694);
#220=PLANE('',#8695);
#221=PLANE('',#8696);
#222=PLANE('',#8697);
#223=PLANE('',#8698);
#224=PLANE('',#8699);
#225=PLANE('',#8700);
#226=PLANE('',#8701);
#227=PLANE('',#8702);
#228=PLANE('',#8703);
#229=PLANE('',#8704);
#230=PLANE('',#8705);
#231=PLANE('',#8706);
#232=PLANE('',#8707);
#233=PLANE('',#8708);
#234=PLANE('',#8709);
#235=PLANE('',#8710);
#236=PLANE('',#8711);
#237=PLANE('',#8712);
#238=PLANE('',#8713);
#239=PLANE('',#8714);
#240=PLANE('',#8715);
#241=PLANE('',#8716);
#242=PLANE('',#8717);
#243=PLANE('',#8718);
#244=PLANE('',#8719);
#245=PLANE('',#8720);
#246=PLANE('',#8721);
#247=PLANE('',#8722);
#248=PLANE('',#8723);
#249=PLANE('',#8724);
#250=PLANE('',#8725);
#251=PLANE('',#8726);
#252=PLANE('',#8727);
#253=PLANE('',#8728);
#254=PLANE('',#8729);
#255=PLANE('',#8730);
#256=PLANE('',#8731);
#257=PLANE('',#8732);
#258=PLANE('',#8733);
#259=PLANE('',#8734);
#260=PLANE('',#8735);
#261=PLANE('',#8736);
#262=PLANE('',#8737);
#263=PLANE('',#8738);
#264=PLANE('',#8739);
#265=PLANE('',#8740);
#266=PLANE('',#8741);
#267=PLANE('',#8742);
#268=PLANE('',#8743);
#269=PLANE('',#8744);
#270=PLANE('',#8745);
#271=PLANE('',#8746);
#272=PLANE('',#8747);
#273=PLANE('',#8748);
#274=PLANE('',#8749);
#275=PLANE('',#8750);
#276=PLANE('',#8751);
#277=PLANE('',#8752);
#278=PLANE('',#8753);
#279=PLANE('',#8754);
#280=PLANE('',#8755);
#281=PLANE('',#8756);
#282=PLANE('',#8757);
#283=PLANE('',#8758);
#284=PLANE('',#8759);
#285=PLANE('',#8760);
#286=PLANE('',#8761);
#287=PLANE('',#8762);
#288=PLANE('',#8763);
#289=PLANE('',#8764);
#290=PLANE('',#8765);
#291=PLANE('',#8766);
#292=PLANE('',#8767);
#293=PLANE('',#8768);
#294=PLANE('',#8769);
#295=PLANE('',#8770);
#296=PLANE('',#8771);
#297=PLANE('',#8772);
#298=PLANE('',#8773);
#299=PLANE('',#8774);
#300=PLANE('',#8775);
#301=PLANE('',#8776);
#302=PLANE('',#8777);
#303=PLANE('',#8778);
#304=PLANE('',#8779);
#305=PLANE('',#8780);
#306=PLANE('',#8781);
#307=PLANE('',#8782);
#308=PLANE('',#8783);
#309=PLANE('',#8784);
#310=PLANE('',#8785);
#311=PLANE('',#8786);
#312=PLANE('',#8787);
#313=PLANE('',#8788);
#314=PLANE('',#8789);
#315=PLANE('',#8790);
#316=PLANE('',#8791);
#317=PLANE('',#8792);
#318=PLANE('',#8793);
#319=PLANE('',#8794);
#320=PLANE('',#8795);
#321=PLANE('',#8796);
#322=PLANE('',#8797);
#323=PLANE('',#8798);
#324=PLANE('',#8799);
#325=PLANE('',#8800);
#326=PLANE('',#8801);
#327=PLANE('',#8802);
#328=PLANE('',#8803);
#329=PLANE('',#8804);
#330=PLANE('',#8805);
#331=PLANE('',#8806);
#332=PLANE('',#8807);
#333=PLANE('',#8808);
#334=PLANE('',#8809);
#335=PLANE('',#8810);
#336=PLANE('',#8811);
#337=PLANE('',#8812);
#338=PLANE('',#8813);
#339=PLANE('',#8814);
#340=PLANE('',#8815);
#341=PLANE('',#8816);
#342=PLANE('',#8817);
#343=PLANE('',#8818);
#344=PLANE('',#8819);
#345=PLANE('',#8820);
#346=PLANE('',#8821);
#347=PLANE('',#8822);
#348=PLANE('',#8823);
#349=PLANE('',#8824);
#350=PLANE('',#8825);
#351=PLANE('',#8826);
#352=PLANE('',#8827);
#353=PLANE('',#8828);
#354=PLANE('',#8829);
#355=PLANE('',#8830);
#356=PLANE('',#8831);
#357=PLANE('',#8832);
#358=PLANE('',#8833);
#359=PLANE('',#8834);
#360=PLANE('',#8835);
#361=PLANE('',#8836);
#362=PLANE('',#8837);
#363=PLANE('',#8838);
#364=PLANE('',#8839);
#365=PLANE('',#8840);
#366=PLANE('',#8841);
#367=PLANE('',#8842);
#368=PLANE('',#8843);
#369=PLANE('',#8844);
#370=PLANE('',#8845);
#371=PLANE('',#8846);
#372=PLANE('',#8847);
#373=PLANE('',#8848);
#374=PLANE('',#8849);
#375=PLANE('',#8850);
#376=PLANE('',#8851);
#377=PLANE('',#8852);
#378=PLANE('',#8853);
#379=PLANE('',#8854);
#380=PLANE('',#8855);
#381=PLANE('',#8856);
#382=PLANE('',#8857);
#383=PLANE('',#8858);
#384=PLANE('',#8859);
#385=PLANE('',#8860);
#386=PLANE('',#8861);
#387=PLANE('',#8862);
#388=PLANE('',#8863);
#389=PLANE('',#8864);
#390=PLANE('',#8865);
#391=PLANE('',#8866);
#392=PLANE('',#8867);
#393=PLANE('',#8868);
#394=PLANE('',#8869);
#395=PLANE('',#8870);
#396=PLANE('',#8871);
#397=PLANE('',#8872);
#398=PLANE('',#8873);
#399=PLANE('',#8874);
#400=PLANE('',#8875);
#401=PLANE('',#8876);
#402=PLANE('',#8877);
#403=PLANE('',#8878);
#404=PLANE('',#8879);
#405=PLANE('',#8880);
#406=PLANE('',#8881);
#407=PLANE('',#8882);
#408=PLANE('',#8883);
#409=PLANE('',#8884);
#410=PLANE('',#8885);
#411=PLANE('',#8886);
#412=PLANE('',#8887);
#413=PLANE('',#8888);
#414=PLANE('',#8889);
#415=PLANE('',#8890);
#416=PLANE('',#8891);
#417=PLANE('',#8892);
#418=PLANE('',#8893);
#419=PLANE('',#8894);
#420=PLANE('',#8895);
#421=PLANE('',#8896);
#422=PLANE('',#8897);
#423=PLANE('',#8898);
#424=PLANE('',#8899);
#425=PLANE('',#8900);
#426=PLANE('',#8901);
#427=PLANE('',#8905);
#428=PLANE('',#8909);
#429=PLANE('',#8913);
#430=PLANE('',#8917);
#431=PLANE('',#8918);
#432=PLANE('',#8919);
#433=PLANE('',#8920);
#434=PLANE('',#8921);
#435=PLANE('',#8927);
#436=PLANE('',#8929);
#437=PLANE('',#8930);
#438=PLANE('',#8933);
#439=PLANE('',#8934);
#440=FACE_OUTER_BOUND('',#851,.T.);
#441=FACE_OUTER_BOUND('',#852,.T.);
#442=FACE_OUTER_BOUND('',#853,.T.);
#443=FACE_OUTER_BOUND('',#854,.T.);
#444=FACE_OUTER_BOUND('',#855,.T.);
#445=FACE_OUTER_BOUND('',#856,.T.);
#446=FACE_OUTER_BOUND('',#857,.T.);
#447=FACE_OUTER_BOUND('',#858,.T.);
#448=FACE_OUTER_BOUND('',#859,.T.);
#449=FACE_OUTER_BOUND('',#860,.T.);
#450=FACE_OUTER_BOUND('',#861,.T.);
#451=FACE_OUTER_BOUND('',#862,.T.);
#452=FACE_OUTER_BOUND('',#863,.T.);
#453=FACE_OUTER_BOUND('',#864,.T.);
#454=FACE_OUTER_BOUND('',#865,.T.);
#455=FACE_OUTER_BOUND('',#866,.T.);
#456=FACE_OUTER_BOUND('',#867,.T.);
#457=FACE_OUTER_BOUND('',#868,.T.);
#458=FACE_OUTER_BOUND('',#869,.T.);
#459=FACE_OUTER_BOUND('',#870,.T.);
#460=FACE_OUTER_BOUND('',#871,.T.);
#461=FACE_OUTER_BOUND('',#872,.T.);
#462=FACE_OUTER_BOUND('',#873,.T.);
#463=FACE_OUTER_BOUND('',#874,.T.);
#464=FACE_OUTER_BOUND('',#875,.T.);
#465=FACE_OUTER_BOUND('',#876,.T.);
#466=FACE_OUTER_BOUND('',#877,.T.);
#467=FACE_OUTER_BOUND('',#878,.T.);
#468=FACE_OUTER_BOUND('',#879,.T.);
#469=FACE_OUTER_BOUND('',#880,.T.);
#470=FACE_OUTER_BOUND('',#881,.T.);
#471=FACE_OUTER_BOUND('',#882,.T.);
#472=FACE_OUTER_BOUND('',#883,.T.);
#473=FACE_OUTER_BOUND('',#884,.T.);
#474=FACE_OUTER_BOUND('',#885,.T.);
#475=FACE_OUTER_BOUND('',#886,.T.);
#476=FACE_OUTER_BOUND('',#887,.T.);
#477=FACE_OUTER_BOUND('',#888,.T.);
#478=FACE_OUTER_BOUND('',#889,.T.);
#479=FACE_OUTER_BOUND('',#890,.T.);
#480=FACE_OUTER_BOUND('',#891,.T.);
#481=FACE_OUTER_BOUND('',#892,.T.);
#482=FACE_OUTER_BOUND('',#893,.T.);
#483=FACE_OUTER_BOUND('',#894,.T.);
#484=FACE_OUTER_BOUND('',#895,.T.);
#485=FACE_OUTER_BOUND('',#896,.T.);
#486=FACE_OUTER_BOUND('',#897,.T.);
#487=FACE_OUTER_BOUND('',#898,.T.);
#488=FACE_OUTER_BOUND('',#899,.T.);
#489=FACE_OUTER_BOUND('',#900,.T.);
#490=FACE_OUTER_BOUND('',#901,.T.);
#491=FACE_OUTER_BOUND('',#902,.T.);
#492=FACE_OUTER_BOUND('',#903,.T.);
#493=FACE_OUTER_BOUND('',#904,.T.);
#494=FACE_OUTER_BOUND('',#905,.T.);
#495=FACE_OUTER_BOUND('',#906,.T.);
#496=FACE_OUTER_BOUND('',#907,.T.);
#497=FACE_OUTER_BOUND('',#908,.T.);
#498=FACE_OUTER_BOUND('',#909,.T.);
#499=FACE_OUTER_BOUND('',#910,.T.);
#500=FACE_OUTER_BOUND('',#911,.T.);
#501=FACE_OUTER_BOUND('',#912,.T.);
#502=FACE_OUTER_BOUND('',#913,.T.);
#503=FACE_OUTER_BOUND('',#914,.T.);
#504=FACE_OUTER_BOUND('',#915,.T.);
#505=FACE_OUTER_BOUND('',#916,.T.);
#506=FACE_OUTER_BOUND('',#917,.T.);
#507=FACE_OUTER_BOUND('',#918,.T.);
#508=FACE_OUTER_BOUND('',#919,.T.);
#509=FACE_OUTER_BOUND('',#920,.T.);
#510=FACE_OUTER_BOUND('',#921,.T.);
#511=FACE_OUTER_BOUND('',#922,.T.);
#512=FACE_OUTER_BOUND('',#923,.T.);
#513=FACE_OUTER_BOUND('',#924,.T.);
#514=FACE_OUTER_BOUND('',#925,.T.);
#515=FACE_OUTER_BOUND('',#926,.T.);
#516=FACE_OUTER_BOUND('',#927,.T.);
#517=FACE_OUTER_BOUND('',#928,.T.);
#518=FACE_OUTER_BOUND('',#929,.T.);
#519=FACE_OUTER_BOUND('',#930,.T.);
#520=FACE_OUTER_BOUND('',#931,.T.);
#521=FACE_OUTER_BOUND('',#932,.T.);
#522=FACE_OUTER_BOUND('',#933,.T.);
#523=FACE_OUTER_BOUND('',#934,.T.);
#524=FACE_OUTER_BOUND('',#935,.T.);
#525=FACE_OUTER_BOUND('',#936,.T.);
#526=FACE_OUTER_BOUND('',#937,.T.);
#527=FACE_OUTER_BOUND('',#938,.T.);
#528=FACE_OUTER_BOUND('',#939,.T.);
#529=FACE_OUTER_BOUND('',#940,.T.);
#530=FACE_OUTER_BOUND('',#941,.T.);
#531=FACE_OUTER_BOUND('',#942,.T.);
#532=FACE_OUTER_BOUND('',#943,.T.);
#533=FACE_OUTER_BOUND('',#944,.T.);
#534=FACE_OUTER_BOUND('',#945,.T.);
#535=FACE_OUTER_BOUND('',#946,.T.);
#536=FACE_OUTER_BOUND('',#947,.T.);
#537=FACE_OUTER_BOUND('',#948,.T.);
#538=FACE_OUTER_BOUND('',#949,.T.);
#539=FACE_OUTER_BOUND('',#950,.T.);
#540=FACE_OUTER_BOUND('',#951,.T.);
#541=FACE_OUTER_BOUND('',#952,.T.);
#542=FACE_OUTER_BOUND('',#953,.T.);
#543=FACE_OUTER_BOUND('',#954,.T.);
#544=FACE_OUTER_BOUND('',#955,.T.);
#545=FACE_OUTER_BOUND('',#956,.T.);
#546=FACE_OUTER_BOUND('',#957,.T.);
#547=FACE_OUTER_BOUND('',#958,.T.);
#548=FACE_OUTER_BOUND('',#959,.T.);
#549=FACE_OUTER_BOUND('',#960,.T.);
#550=FACE_OUTER_BOUND('',#961,.T.);
#551=FACE_OUTER_BOUND('',#962,.T.);
#552=FACE_OUTER_BOUND('',#963,.T.);
#553=FACE_OUTER_BOUND('',#964,.T.);
#554=FACE_OUTER_BOUND('',#965,.T.);
#555=FACE_OUTER_BOUND('',#966,.T.);
#556=FACE_OUTER_BOUND('',#967,.T.);
#557=FACE_OUTER_BOUND('',#968,.T.);
#558=FACE_OUTER_BOUND('',#969,.T.);
#559=FACE_OUTER_BOUND('',#970,.T.);
#560=FACE_OUTER_BOUND('',#971,.T.);
#561=FACE_OUTER_BOUND('',#972,.T.);
#562=FACE_OUTER_BOUND('',#973,.T.);
#563=FACE_OUTER_BOUND('',#974,.T.);
#564=FACE_OUTER_BOUND('',#975,.T.);
#565=FACE_OUTER_BOUND('',#976,.T.);
#566=FACE_OUTER_BOUND('',#977,.T.);
#567=FACE_OUTER_BOUND('',#978,.T.);
#568=FACE_OUTER_BOUND('',#979,.T.);
#569=FACE_OUTER_BOUND('',#980,.T.);
#570=FACE_OUTER_BOUND('',#981,.T.);
#571=FACE_OUTER_BOUND('',#982,.T.);
#572=FACE_OUTER_BOUND('',#983,.T.);
#573=FACE_OUTER_BOUND('',#984,.T.);
#574=FACE_OUTER_BOUND('',#985,.T.);
#575=FACE_OUTER_BOUND('',#986,.T.);
#576=FACE_OUTER_BOUND('',#987,.T.);
#577=FACE_OUTER_BOUND('',#988,.T.);
#578=FACE_OUTER_BOUND('',#989,.T.);
#579=FACE_OUTER_BOUND('',#990,.T.);
#580=FACE_OUTER_BOUND('',#991,.T.);
#581=FACE_OUTER_BOUND('',#992,.T.);
#582=FACE_OUTER_BOUND('',#993,.T.);
#583=FACE_OUTER_BOUND('',#994,.T.);
#584=FACE_OUTER_BOUND('',#995,.T.);
#585=FACE_OUTER_BOUND('',#996,.T.);
#586=FACE_OUTER_BOUND('',#997,.T.);
#587=FACE_OUTER_BOUND('',#998,.T.);
#588=FACE_OUTER_BOUND('',#999,.T.);
#589=FACE_OUTER_BOUND('',#1000,.T.);
#590=FACE_OUTER_BOUND('',#1001,.T.);
#591=FACE_OUTER_BOUND('',#1002,.T.);
#592=FACE_OUTER_BOUND('',#1003,.T.);
#593=FACE_OUTER_BOUND('',#1004,.T.);
#594=FACE_OUTER_BOUND('',#1005,.T.);
#595=FACE_OUTER_BOUND('',#1006,.T.);
#596=FACE_OUTER_BOUND('',#1007,.T.);
#597=FACE_OUTER_BOUND('',#1008,.T.);
#598=FACE_OUTER_BOUND('',#1009,.T.);
#599=FACE_OUTER_BOUND('',#1010,.T.);
#600=FACE_OUTER_BOUND('',#1011,.T.);
#601=FACE_OUTER_BOUND('',#1012,.T.);
#602=FACE_OUTER_BOUND('',#1013,.T.);
#603=FACE_OUTER_BOUND('',#1014,.T.);
#604=FACE_OUTER_BOUND('',#1015,.T.);
#605=FACE_OUTER_BOUND('',#1016,.T.);
#606=FACE_OUTER_BOUND('',#1017,.T.);
#607=FACE_OUTER_BOUND('',#1018,.T.);
#608=FACE_OUTER_BOUND('',#1019,.T.);
#609=FACE_OUTER_BOUND('',#1020,.T.);
#610=FACE_OUTER_BOUND('',#1021,.T.);
#611=FACE_OUTER_BOUND('',#1022,.T.);
#612=FACE_OUTER_BOUND('',#1023,.T.);
#613=FACE_OUTER_BOUND('',#1024,.T.);
#614=FACE_OUTER_BOUND('',#1025,.T.);
#615=FACE_OUTER_BOUND('',#1026,.T.);
#616=FACE_OUTER_BOUND('',#1027,.T.);
#617=FACE_OUTER_BOUND('',#1028,.T.);
#618=FACE_OUTER_BOUND('',#1029,.T.);
#619=FACE_OUTER_BOUND('',#1030,.T.);
#620=FACE_OUTER_BOUND('',#1031,.T.);
#621=FACE_OUTER_BOUND('',#1032,.T.);
#622=FACE_OUTER_BOUND('',#1033,.T.);
#623=FACE_OUTER_BOUND('',#1034,.T.);
#624=FACE_OUTER_BOUND('',#1035,.T.);
#625=FACE_OUTER_BOUND('',#1036,.T.);
#626=FACE_OUTER_BOUND('',#1037,.T.);
#627=FACE_OUTER_BOUND('',#1038,.T.);
#628=FACE_OUTER_BOUND('',#1039,.T.);
#629=FACE_OUTER_BOUND('',#1040,.T.);
#630=FACE_OUTER_BOUND('',#1041,.T.);
#631=FACE_OUTER_BOUND('',#1042,.T.);
#632=FACE_OUTER_BOUND('',#1043,.T.);
#633=FACE_OUTER_BOUND('',#1044,.T.);
#634=FACE_OUTER_BOUND('',#1045,.T.);
#635=FACE_OUTER_BOUND('',#1046,.T.);
#636=FACE_OUTER_BOUND('',#1047,.T.);
#637=FACE_OUTER_BOUND('',#1048,.T.);
#638=FACE_OUTER_BOUND('',#1049,.T.);
#639=FACE_OUTER_BOUND('',#1050,.T.);
#640=FACE_OUTER_BOUND('',#1051,.T.);
#641=FACE_OUTER_BOUND('',#1052,.T.);
#642=FACE_OUTER_BOUND('',#1053,.T.);
#643=FACE_OUTER_BOUND('',#1054,.T.);
#644=FACE_OUTER_BOUND('',#1055,.T.);
#645=FACE_OUTER_BOUND('',#1056,.T.);
#646=FACE_OUTER_BOUND('',#1057,.T.);
#647=FACE_OUTER_BOUND('',#1058,.T.);
#648=FACE_OUTER_BOUND('',#1059,.T.);
#649=FACE_OUTER_BOUND('',#1060,.T.);
#650=FACE_OUTER_BOUND('',#1061,.T.);
#651=FACE_OUTER_BOUND('',#1062,.T.);
#652=FACE_OUTER_BOUND('',#1063,.T.);
#653=FACE_OUTER_BOUND('',#1064,.T.);
#654=FACE_OUTER_BOUND('',#1065,.T.);
#655=FACE_OUTER_BOUND('',#1066,.T.);
#656=FACE_OUTER_BOUND('',#1067,.T.);
#657=FACE_OUTER_BOUND('',#1068,.T.);
#658=FACE_OUTER_BOUND('',#1069,.T.);
#659=FACE_OUTER_BOUND('',#1070,.T.);
#660=FACE_OUTER_BOUND('',#1071,.T.);
#661=FACE_OUTER_BOUND('',#1072,.T.);
#662=FACE_OUTER_BOUND('',#1073,.T.);
#663=FACE_OUTER_BOUND('',#1074,.T.);
#664=FACE_OUTER_BOUND('',#1075,.T.);
#665=FACE_OUTER_BOUND('',#1076,.T.);
#666=FACE_OUTER_BOUND('',#1077,.T.);
#667=FACE_OUTER_BOUND('',#1078,.T.);
#668=FACE_OUTER_BOUND('',#1079,.T.);
#669=FACE_OUTER_BOUND('',#1080,.T.);
#670=FACE_OUTER_BOUND('',#1081,.T.);
#671=FACE_OUTER_BOUND('',#1082,.T.);
#672=FACE_OUTER_BOUND('',#1083,.T.);
#673=FACE_OUTER_BOUND('',#1084,.T.);
#674=FACE_OUTER_BOUND('',#1085,.T.);
#675=FACE_OUTER_BOUND('',#1086,.T.);
#676=FACE_OUTER_BOUND('',#1087,.T.);
#677=FACE_OUTER_BOUND('',#1088,.T.);
#678=FACE_OUTER_BOUND('',#1089,.T.);
#679=FACE_OUTER_BOUND('',#1090,.T.);
#680=FACE_OUTER_BOUND('',#1091,.T.);
#681=FACE_OUTER_BOUND('',#1092,.T.);
#682=FACE_OUTER_BOUND('',#1093,.T.);
#683=FACE_OUTER_BOUND('',#1094,.T.);
#684=FACE_OUTER_BOUND('',#1095,.T.);
#685=FACE_OUTER_BOUND('',#1096,.T.);
#686=FACE_OUTER_BOUND('',#1097,.T.);
#687=FACE_OUTER_BOUND('',#1098,.T.);
#688=FACE_OUTER_BOUND('',#1099,.T.);
#689=FACE_OUTER_BOUND('',#1100,.T.);
#690=FACE_OUTER_BOUND('',#1101,.T.);
#691=FACE_OUTER_BOUND('',#1102,.T.);
#692=FACE_OUTER_BOUND('',#1103,.T.);
#693=FACE_OUTER_BOUND('',#1104,.T.);
#694=FACE_OUTER_BOUND('',#1105,.T.);
#695=FACE_OUTER_BOUND('',#1106,.T.);
#696=FACE_OUTER_BOUND('',#1107,.T.);
#697=FACE_OUTER_BOUND('',#1108,.T.);
#698=FACE_OUTER_BOUND('',#1109,.T.);
#699=FACE_OUTER_BOUND('',#1110,.T.);
#700=FACE_OUTER_BOUND('',#1111,.T.);
#701=FACE_OUTER_BOUND('',#1112,.T.);
#702=FACE_OUTER_BOUND('',#1113,.T.);
#703=FACE_OUTER_BOUND('',#1114,.T.);
#704=FACE_OUTER_BOUND('',#1115,.T.);
#705=FACE_OUTER_BOUND('',#1116,.T.);
#706=FACE_OUTER_BOUND('',#1117,.T.);
#707=FACE_OUTER_BOUND('',#1118,.T.);
#708=FACE_OUTER_BOUND('',#1119,.T.);
#709=FACE_OUTER_BOUND('',#1120,.T.);
#710=FACE_OUTER_BOUND('',#1121,.T.);
#711=FACE_OUTER_BOUND('',#1122,.T.);
#712=FACE_OUTER_BOUND('',#1123,.T.);
#713=FACE_OUTER_BOUND('',#1124,.T.);
#714=FACE_OUTER_BOUND('',#1125,.T.);
#715=FACE_OUTER_BOUND('',#1126,.T.);
#716=FACE_OUTER_BOUND('',#1127,.T.);
#717=FACE_OUTER_BOUND('',#1128,.T.);
#718=FACE_OUTER_BOUND('',#1129,.T.);
#719=FACE_OUTER_BOUND('',#1130,.T.);
#720=FACE_OUTER_BOUND('',#1131,.T.);
#721=FACE_OUTER_BOUND('',#1132,.T.);
#722=FACE_OUTER_BOUND('',#1133,.T.);
#723=FACE_OUTER_BOUND('',#1134,.T.);
#724=FACE_OUTER_BOUND('',#1135,.T.);
#725=FACE_OUTER_BOUND('',#1136,.T.);
#726=FACE_OUTER_BOUND('',#1137,.T.);
#727=FACE_OUTER_BOUND('',#1138,.T.);
#728=FACE_OUTER_BOUND('',#1139,.T.);
#729=FACE_OUTER_BOUND('',#1140,.T.);
#730=FACE_OUTER_BOUND('',#1141,.T.);
#731=FACE_OUTER_BOUND('',#1142,.T.);
#732=FACE_OUTER_BOUND('',#1143,.T.);
#733=FACE_OUTER_BOUND('',#1144,.T.);
#734=FACE_OUTER_BOUND('',#1145,.T.);
#735=FACE_OUTER_BOUND('',#1146,.T.);
#736=FACE_OUTER_BOUND('',#1147,.T.);
#737=FACE_OUTER_BOUND('',#1148,.T.);
#738=FACE_OUTER_BOUND('',#1149,.T.);
#739=FACE_OUTER_BOUND('',#1150,.T.);
#740=FACE_OUTER_BOUND('',#1151,.T.);
#741=FACE_OUTER_BOUND('',#1152,.T.);
#742=FACE_OUTER_BOUND('',#1153,.T.);
#743=FACE_OUTER_BOUND('',#1154,.T.);
#744=FACE_OUTER_BOUND('',#1155,.T.);
#745=FACE_OUTER_BOUND('',#1156,.T.);
#746=FACE_OUTER_BOUND('',#1157,.T.);
#747=FACE_OUTER_BOUND('',#1158,.T.);
#748=FACE_OUTER_BOUND('',#1159,.T.);
#749=FACE_OUTER_BOUND('',#1160,.T.);
#750=FACE_OUTER_BOUND('',#1161,.T.);
#751=FACE_OUTER_BOUND('',#1162,.T.);
#752=FACE_OUTER_BOUND('',#1163,.T.);
#753=FACE_OUTER_BOUND('',#1164,.T.);
#754=FACE_OUTER_BOUND('',#1165,.T.);
#755=FACE_OUTER_BOUND('',#1166,.T.);
#756=FACE_OUTER_BOUND('',#1167,.T.);
#757=FACE_OUTER_BOUND('',#1168,.T.);
#758=FACE_OUTER_BOUND('',#1169,.T.);
#759=FACE_OUTER_BOUND('',#1170,.T.);
#760=FACE_OUTER_BOUND('',#1171,.T.);
#761=FACE_OUTER_BOUND('',#1172,.T.);
#762=FACE_OUTER_BOUND('',#1173,.T.);
#763=FACE_OUTER_BOUND('',#1174,.T.);
#764=FACE_OUTER_BOUND('',#1175,.T.);
#765=FACE_OUTER_BOUND('',#1176,.T.);
#766=FACE_OUTER_BOUND('',#1177,.T.);
#767=FACE_OUTER_BOUND('',#1178,.T.);
#768=FACE_OUTER_BOUND('',#1179,.T.);
#769=FACE_OUTER_BOUND('',#1180,.T.);
#770=FACE_OUTER_BOUND('',#1181,.T.);
#771=FACE_OUTER_BOUND('',#1182,.T.);
#772=FACE_OUTER_BOUND('',#1183,.T.);
#773=FACE_OUTER_BOUND('',#1184,.T.);
#774=FACE_OUTER_BOUND('',#1185,.T.);
#775=FACE_OUTER_BOUND('',#1186,.T.);
#776=FACE_OUTER_BOUND('',#1187,.T.);
#777=FACE_OUTER_BOUND('',#1188,.T.);
#778=FACE_OUTER_BOUND('',#1189,.T.);
#779=FACE_OUTER_BOUND('',#1190,.T.);
#780=FACE_OUTER_BOUND('',#1191,.T.);
#781=FACE_OUTER_BOUND('',#1192,.T.);
#782=FACE_OUTER_BOUND('',#1193,.T.);
#783=FACE_OUTER_BOUND('',#1194,.T.);
#784=FACE_OUTER_BOUND('',#1195,.T.);
#785=FACE_OUTER_BOUND('',#1196,.T.);
#786=FACE_OUTER_BOUND('',#1197,.T.);
#787=FACE_OUTER_BOUND('',#1198,.T.);
#788=FACE_OUTER_BOUND('',#1199,.T.);
#789=FACE_OUTER_BOUND('',#1200,.T.);
#790=FACE_OUTER_BOUND('',#1201,.T.);
#791=FACE_OUTER_BOUND('',#1202,.T.);
#792=FACE_OUTER_BOUND('',#1203,.T.);
#793=FACE_OUTER_BOUND('',#1204,.T.);
#794=FACE_OUTER_BOUND('',#1205,.T.);
#795=FACE_OUTER_BOUND('',#1206,.T.);
#796=FACE_OUTER_BOUND('',#1207,.T.);
#797=FACE_OUTER_BOUND('',#1208,.T.);
#798=FACE_OUTER_BOUND('',#1209,.T.);
#799=FACE_OUTER_BOUND('',#1210,.T.);
#800=FACE_OUTER_BOUND('',#1211,.T.);
#801=FACE_OUTER_BOUND('',#1212,.T.);
#802=FACE_OUTER_BOUND('',#1213,.T.);
#803=FACE_OUTER_BOUND('',#1214,.T.);
#804=FACE_OUTER_BOUND('',#1215,.T.);
#805=FACE_OUTER_BOUND('',#1216,.T.);
#806=FACE_OUTER_BOUND('',#1217,.T.);
#807=FACE_OUTER_BOUND('',#1218,.T.);
#808=FACE_OUTER_BOUND('',#1219,.T.);
#809=FACE_OUTER_BOUND('',#1220,.T.);
#810=FACE_OUTER_BOUND('',#1221,.T.);
#811=FACE_OUTER_BOUND('',#1222,.T.);
#812=FACE_OUTER_BOUND('',#1223,.T.);
#813=FACE_OUTER_BOUND('',#1224,.T.);
#814=FACE_OUTER_BOUND('',#1225,.T.);
#815=FACE_OUTER_BOUND('',#1226,.T.);
#816=FACE_OUTER_BOUND('',#1227,.T.);
#817=FACE_OUTER_BOUND('',#1228,.T.);
#818=FACE_OUTER_BOUND('',#1229,.T.);
#819=FACE_OUTER_BOUND('',#1230,.T.);
#820=FACE_OUTER_BOUND('',#1231,.T.);
#821=FACE_OUTER_BOUND('',#1232,.T.);
#822=FACE_OUTER_BOUND('',#1233,.T.);
#823=FACE_OUTER_BOUND('',#1234,.T.);
#824=FACE_OUTER_BOUND('',#1235,.T.);
#825=FACE_OUTER_BOUND('',#1236,.T.);
#826=FACE_OUTER_BOUND('',#1237,.T.);
#827=FACE_OUTER_BOUND('',#1238,.T.);
#828=FACE_OUTER_BOUND('',#1239,.T.);
#829=FACE_OUTER_BOUND('',#1240,.T.);
#830=FACE_OUTER_BOUND('',#1241,.T.);
#831=FACE_OUTER_BOUND('',#1242,.T.);
#832=FACE_OUTER_BOUND('',#1243,.T.);
#833=FACE_OUTER_BOUND('',#1244,.T.);
#834=FACE_OUTER_BOUND('',#1245,.T.);
#835=FACE_OUTER_BOUND('',#1246,.T.);
#836=FACE_OUTER_BOUND('',#1247,.T.);
#837=FACE_OUTER_BOUND('',#1248,.T.);
#838=FACE_OUTER_BOUND('',#1249,.T.);
#839=FACE_OUTER_BOUND('',#1250,.T.);
#840=FACE_OUTER_BOUND('',#1251,.T.);
#841=FACE_OUTER_BOUND('',#1252,.T.);
#842=FACE_OUTER_BOUND('',#1255,.T.);
#843=FACE_OUTER_BOUND('',#1256,.T.);
#844=FACE_OUTER_BOUND('',#1257,.T.);
#845=FACE_OUTER_BOUND('',#1258,.T.);
#846=FACE_OUTER_BOUND('',#1259,.T.);
#847=FACE_OUTER_BOUND('',#1260,.T.);
#848=FACE_OUTER_BOUND('',#1261,.T.);
#849=FACE_OUTER_BOUND('',#1262,.T.);
#850=FACE_OUTER_BOUND('',#1263,.T.);
#851=EDGE_LOOP('',(#5635,#5636,#5637,#5638));
#852=EDGE_LOOP('',(#5639));
#853=EDGE_LOOP('',(#5640,#5641,#5642,#5643));
#854=EDGE_LOOP('',(#5644));
#855=EDGE_LOOP('',(#5645,#5646,#5647,#5648));
#856=EDGE_LOOP('',(#5649,#5650,#5651));
#857=EDGE_LOOP('',(#5652,#5653,#5654,#5655,#5656,#5657,#5658,#5659,#5660,
#5661,#5662,#5663,#5664,#5665,#5666,#5667,#5668,#5669,#5670,#5671,#5672,
#5673));
#858=EDGE_LOOP('',(#5674,#5675,#5676,#5677,#5678,#5679,#5680,#5681,#5682,
#5683,#5684,#5685,#5686,#5687,#5688,#5689,#5690,#5691,#5692,#5693,#5694,
#5695,#5696,#5697,#5698,#5699,#5700,#5701,#5702,#5703,#5704,#5705,#5706,
#5707,#5708,#5709,#5710,#5711,#5712,#5713,#5714,#5715,#5716,#5717,#5718,
#5719,#5720,#5721,#5722,#5723,#5724,#5725,#5726,#5727,#5728,#5729,#5730,
#5731,#5732,#5733,#5734,#5735,#5736,#5737,#5738,#5739,#5740,#5741,#5742,
#5743,#5744,#5745,#5746,#5747,#5748,#5749,#5750,#5751,#5752,#5753,#5754,
#5755,#5756,#5757,#5758,#5759,#5760,#5761,#5762,#5763,#5764,#5765,#5766,
#5767,#5768,#5769,#5770,#5771,#5772,#5773,#5774,#5775,#5776,#5777,#5778,
#5779,#5780,#5781,#5782,#5783,#5784,#5785,#5786,#5787,#5788,#5789,#5790,
#5791,#5792,#5793,#5794,#5795,#5796,#5797,#5798,#5799,#5800,#5801,#5802,
#5803,#5804,#5805,#5806,#5807,#5808,#5809,#5810,#5811,#5812,#5813,#5814,
#5815,#5816,#5817,#5818,#5819,#5820,#5821,#5822,#5823,#5824,#5825,#5826,
#5827,#5828,#5829,#5830,#5831,#5832,#5833,#5834,#5835,#5836,#5837,#5838,
#5839,#5840,#5841,#5842,#5843,#5844,#5845,#5846,#5847,#5848,#5849,#5850,
#5851,#5852,#5853,#5854,#5855,#5856,#5857,#5858,#5859,#5860,#5861,#5862,
#5863,#5864,#5865,#5866,#5867,#5868,#5869,#5870,#5871,#5872,#5873,#5874,
#5875,#5876,#5877,#5878,#5879,#5880,#5881,#5882,#5883,#5884,#5885,#5886,
#5887,#5888,#5889,#5890,#5891,#5892,#5893,#5894,#5895,#5896,#5897,#5898,
#5899,#5900,#5901,#5902,#5903,#5904,#5905,#5906,#5907,#5908,#5909,#5910,
#5911,#5912,#5913,#5914,#5915,#5916,#5917,#5918,#5919,#5920,#5921,#5922,
#5923,#5924,#5925,#5926,#5927,#5928,#5929,#5930,#5931,#5932,#5933,#5934,
#5935,#5936,#5937,#5938,#5939,#5940,#5941,#5942,#5943,#5944,#5945,#5946,
#5947,#5948,#5949,#5950,#5951,#5952,#5953,#5954,#5955,#5956,#5957,#5958,
#5959,#5960,#5961,#5962,#5963,#5964,#5965,#5966,#5967,#5968,#5969,#5970,
#5971,#5972,#5973,#5974,#5975,#5976,#5977,#5978,#5979));
#859=EDGE_LOOP('',(#5980,#5981,#5982,#5983,#5984));
#860=EDGE_LOOP('',(#5985,#5986,#5987,#5988));
#861=EDGE_LOOP('',(#5989,#5990,#5991,#5992,#5993,#5994,#5995));
#862=EDGE_LOOP('',(#5996,#5997,#5998,#5999));
#863=EDGE_LOOP('',(#6000,#6001,#6002,#6003));
#864=EDGE_LOOP('',(#6004,#6005,#6006,#6007));
#865=EDGE_LOOP('',(#6008,#6009,#6010,#6011));
#866=EDGE_LOOP('',(#6012,#6013,#6014,#6015));
#867=EDGE_LOOP('',(#6016,#6017,#6018,#6019));
#868=EDGE_LOOP('',(#6020,#6021,#6022,#6023));
#869=EDGE_LOOP('',(#6024,#6025,#6026,#6027));
#870=EDGE_LOOP('',(#6028,#6029,#6030,#6031));
#871=EDGE_LOOP('',(#6032,#6033,#6034,#6035));
#872=EDGE_LOOP('',(#6036,#6037,#6038,#6039));
#873=EDGE_LOOP('',(#6040,#6041,#6042,#6043));
#874=EDGE_LOOP('',(#6044,#6045,#6046,#6047));
#875=EDGE_LOOP('',(#6048,#6049,#6050,#6051));
#876=EDGE_LOOP('',(#6052,#6053,#6054,#6055));
#877=EDGE_LOOP('',(#6056,#6057,#6058,#6059));
#878=EDGE_LOOP('',(#6060,#6061,#6062,#6063));
#879=EDGE_LOOP('',(#6064,#6065,#6066,#6067));
#880=EDGE_LOOP('',(#6068,#6069,#6070,#6071));
#881=EDGE_LOOP('',(#6072,#6073,#6074,#6075));
#882=EDGE_LOOP('',(#6076,#6077,#6078,#6079));
#883=EDGE_LOOP('',(#6080,#6081,#6082,#6083));
#884=EDGE_LOOP('',(#6084,#6085,#6086,#6087));
#885=EDGE_LOOP('',(#6088,#6089,#6090,#6091));
#886=EDGE_LOOP('',(#6092,#6093,#6094,#6095));
#887=EDGE_LOOP('',(#6096,#6097,#6098,#6099));
#888=EDGE_LOOP('',(#6100,#6101,#6102,#6103,#6104,#6105));
#889=EDGE_LOOP('',(#6106,#6107,#6108,#6109));
#890=EDGE_LOOP('',(#6110,#6111,#6112,#6113));
#891=EDGE_LOOP('',(#6114,#6115,#6116,#6117));
#892=EDGE_LOOP('',(#6118,#6119,#6120,#6121));
#893=EDGE_LOOP('',(#6122,#6123,#6124,#6125));
#894=EDGE_LOOP('',(#6126,#6127,#6128,#6129));
#895=EDGE_LOOP('',(#6130,#6131,#6132,#6133));
#896=EDGE_LOOP('',(#6134,#6135,#6136,#6137));
#897=EDGE_LOOP('',(#6138,#6139,#6140,#6141));
#898=EDGE_LOOP('',(#6142,#6143,#6144,#6145));
#899=EDGE_LOOP('',(#6146,#6147,#6148,#6149));
#900=EDGE_LOOP('',(#6150,#6151,#6152,#6153));
#901=EDGE_LOOP('',(#6154,#6155,#6156,#6157));
#902=EDGE_LOOP('',(#6158,#6159,#6160,#6161));
#903=EDGE_LOOP('',(#6162,#6163,#6164,#6165));
#904=EDGE_LOOP('',(#6166,#6167,#6168,#6169));
#905=EDGE_LOOP('',(#6170,#6171,#6172,#6173));
#906=EDGE_LOOP('',(#6174,#6175,#6176,#6177));
#907=EDGE_LOOP('',(#6178,#6179,#6180,#6181,#6182));
#908=EDGE_LOOP('',(#6183,#6184,#6185,#6186));
#909=EDGE_LOOP('',(#6187,#6188,#6189,#6190));
#910=EDGE_LOOP('',(#6191,#6192,#6193,#6194));
#911=EDGE_LOOP('',(#6195,#6196,#6197,#6198));
#912=EDGE_LOOP('',(#6199,#6200,#6201,#6202));
#913=EDGE_LOOP('',(#6203,#6204,#6205,#6206));
#914=EDGE_LOOP('',(#6207,#6208,#6209,#6210));
#915=EDGE_LOOP('',(#6211,#6212,#6213,#6214));
#916=EDGE_LOOP('',(#6215,#6216,#6217,#6218));
#917=EDGE_LOOP('',(#6219,#6220,#6221,#6222));
#918=EDGE_LOOP('',(#6223,#6224,#6225,#6226));
#919=EDGE_LOOP('',(#6227,#6228,#6229,#6230));
#920=EDGE_LOOP('',(#6231,#6232,#6233,#6234));
#921=EDGE_LOOP('',(#6235,#6236,#6237,#6238));
#922=EDGE_LOOP('',(#6239,#6240,#6241,#6242));
#923=EDGE_LOOP('',(#6243,#6244,#6245,#6246));
#924=EDGE_LOOP('',(#6247,#6248,#6249,#6250));
#925=EDGE_LOOP('',(#6251,#6252,#6253,#6254));
#926=EDGE_LOOP('',(#6255,#6256,#6257,#6258));
#927=EDGE_LOOP('',(#6259,#6260,#6261,#6262));
#928=EDGE_LOOP('',(#6263,#6264,#6265,#6266));
#929=EDGE_LOOP('',(#6267,#6268,#6269,#6270));
#930=EDGE_LOOP('',(#6271,#6272,#6273,#6274));
#931=EDGE_LOOP('',(#6275,#6276,#6277,#6278));
#932=EDGE_LOOP('',(#6279,#6280,#6281,#6282));
#933=EDGE_LOOP('',(#6283,#6284,#6285,#6286));
#934=EDGE_LOOP('',(#6287,#6288,#6289,#6290));
#935=EDGE_LOOP('',(#6291,#6292,#6293,#6294));
#936=EDGE_LOOP('',(#6295,#6296,#6297,#6298));
#937=EDGE_LOOP('',(#6299,#6300,#6301,#6302));
#938=EDGE_LOOP('',(#6303,#6304,#6305,#6306));
#939=EDGE_LOOP('',(#6307,#6308,#6309,#6310));
#940=EDGE_LOOP('',(#6311,#6312,#6313,#6314));
#941=EDGE_LOOP('',(#6315,#6316,#6317,#6318));
#942=EDGE_LOOP('',(#6319,#6320,#6321,#6322));
#943=EDGE_LOOP('',(#6323,#6324,#6325,#6326));
#944=EDGE_LOOP('',(#6327,#6328,#6329,#6330));
#945=EDGE_LOOP('',(#6331,#6332,#6333,#6334));
#946=EDGE_LOOP('',(#6335,#6336,#6337,#6338));
#947=EDGE_LOOP('',(#6339,#6340,#6341,#6342));
#948=EDGE_LOOP('',(#6343,#6344,#6345,#6346));
#949=EDGE_LOOP('',(#6347,#6348,#6349,#6350));
#950=EDGE_LOOP('',(#6351,#6352,#6353,#6354));
#951=EDGE_LOOP('',(#6355,#6356,#6357,#6358));
#952=EDGE_LOOP('',(#6359,#6360,#6361,#6362));
#953=EDGE_LOOP('',(#6363,#6364,#6365,#6366));
#954=EDGE_LOOP('',(#6367,#6368,#6369,#6370));
#955=EDGE_LOOP('',(#6371,#6372,#6373,#6374));
#956=EDGE_LOOP('',(#6375,#6376,#6377,#6378));
#957=EDGE_LOOP('',(#6379,#6380,#6381,#6382));
#958=EDGE_LOOP('',(#6383,#6384,#6385,#6386));
#959=EDGE_LOOP('',(#6387,#6388,#6389,#6390));
#960=EDGE_LOOP('',(#6391,#6392,#6393,#6394));
#961=EDGE_LOOP('',(#6395,#6396,#6397,#6398));
#962=EDGE_LOOP('',(#6399,#6400,#6401,#6402));
#963=EDGE_LOOP('',(#6403,#6404,#6405,#6406));
#964=EDGE_LOOP('',(#6407,#6408,#6409,#6410));
#965=EDGE_LOOP('',(#6411,#6412,#6413,#6414));
#966=EDGE_LOOP('',(#6415,#6416,#6417,#6418));
#967=EDGE_LOOP('',(#6419,#6420,#6421,#6422));
#968=EDGE_LOOP('',(#6423,#6424,#6425,#6426));
#969=EDGE_LOOP('',(#6427,#6428,#6429,#6430));
#970=EDGE_LOOP('',(#6431,#6432,#6433,#6434));
#971=EDGE_LOOP('',(#6435,#6436,#6437,#6438));
#972=EDGE_LOOP('',(#6439,#6440,#6441,#6442));
#973=EDGE_LOOP('',(#6443,#6444,#6445,#6446));
#974=EDGE_LOOP('',(#6447,#6448,#6449,#6450));
#975=EDGE_LOOP('',(#6451,#6452,#6453,#6454));
#976=EDGE_LOOP('',(#6455,#6456,#6457,#6458));
#977=EDGE_LOOP('',(#6459,#6460,#6461,#6462));
#978=EDGE_LOOP('',(#6463,#6464,#6465,#6466));
#979=EDGE_LOOP('',(#6467,#6468,#6469,#6470));
#980=EDGE_LOOP('',(#6471,#6472,#6473,#6474));
#981=EDGE_LOOP('',(#6475,#6476,#6477,#6478));
#982=EDGE_LOOP('',(#6479,#6480,#6481,#6482));
#983=EDGE_LOOP('',(#6483,#6484,#6485,#6486));
#984=EDGE_LOOP('',(#6487,#6488,#6489,#6490));
#985=EDGE_LOOP('',(#6491,#6492,#6493,#6494));
#986=EDGE_LOOP('',(#6495,#6496,#6497,#6498));
#987=EDGE_LOOP('',(#6499,#6500,#6501,#6502));
#988=EDGE_LOOP('',(#6503,#6504,#6505,#6506));
#989=EDGE_LOOP('',(#6507,#6508,#6509,#6510));
#990=EDGE_LOOP('',(#6511,#6512,#6513,#6514));
#991=EDGE_LOOP('',(#6515,#6516,#6517,#6518));
#992=EDGE_LOOP('',(#6519,#6520,#6521,#6522));
#993=EDGE_LOOP('',(#6523,#6524,#6525,#6526));
#994=EDGE_LOOP('',(#6527,#6528,#6529,#6530));
#995=EDGE_LOOP('',(#6531,#6532,#6533,#6534));
#996=EDGE_LOOP('',(#6535,#6536,#6537,#6538));
#997=EDGE_LOOP('',(#6539,#6540,#6541,#6542));
#998=EDGE_LOOP('',(#6543,#6544,#6545,#6546));
#999=EDGE_LOOP('',(#6547,#6548,#6549,#6550));
#1000=EDGE_LOOP('',(#6551,#6552,#6553,#6554));
#1001=EDGE_LOOP('',(#6555,#6556,#6557,#6558));
#1002=EDGE_LOOP('',(#6559,#6560,#6561,#6562));
#1003=EDGE_LOOP('',(#6563,#6564,#6565,#6566));
#1004=EDGE_LOOP('',(#6567,#6568,#6569,#6570));
#1005=EDGE_LOOP('',(#6571,#6572,#6573,#6574));
#1006=EDGE_LOOP('',(#6575,#6576,#6577,#6578));
#1007=EDGE_LOOP('',(#6579,#6580,#6581,#6582));
#1008=EDGE_LOOP('',(#6583,#6584,#6585,#6586));
#1009=EDGE_LOOP('',(#6587,#6588,#6589,#6590));
#1010=EDGE_LOOP('',(#6591,#6592,#6593,#6594));
#1011=EDGE_LOOP('',(#6595,#6596,#6597,#6598));
#1012=EDGE_LOOP('',(#6599,#6600,#6601,#6602));
#1013=EDGE_LOOP('',(#6603,#6604,#6605,#6606));
#1014=EDGE_LOOP('',(#6607,#6608,#6609,#6610));
#1015=EDGE_LOOP('',(#6611,#6612,#6613,#6614));
#1016=EDGE_LOOP('',(#6615,#6616,#6617,#6618));
#1017=EDGE_LOOP('',(#6619,#6620,#6621,#6622));
#1018=EDGE_LOOP('',(#6623,#6624,#6625,#6626));
#1019=EDGE_LOOP('',(#6627,#6628,#6629,#6630));
#1020=EDGE_LOOP('',(#6631,#6632,#6633,#6634));
#1021=EDGE_LOOP('',(#6635,#6636,#6637,#6638));
#1022=EDGE_LOOP('',(#6639,#6640,#6641,#6642));
#1023=EDGE_LOOP('',(#6643,#6644,#6645,#6646));
#1024=EDGE_LOOP('',(#6647,#6648,#6649,#6650));
#1025=EDGE_LOOP('',(#6651,#6652,#6653,#6654));
#1026=EDGE_LOOP('',(#6655,#6656,#6657,#6658));
#1027=EDGE_LOOP('',(#6659,#6660,#6661,#6662));
#1028=EDGE_LOOP('',(#6663,#6664,#6665,#6666));
#1029=EDGE_LOOP('',(#6667,#6668,#6669,#6670));
#1030=EDGE_LOOP('',(#6671,#6672,#6673,#6674));
#1031=EDGE_LOOP('',(#6675,#6676,#6677,#6678));
#1032=EDGE_LOOP('',(#6679,#6680,#6681,#6682));
#1033=EDGE_LOOP('',(#6683,#6684,#6685,#6686));
#1034=EDGE_LOOP('',(#6687,#6688,#6689,#6690));
#1035=EDGE_LOOP('',(#6691,#6692,#6693,#6694));
#1036=EDGE_LOOP('',(#6695,#6696,#6697,#6698));
#1037=EDGE_LOOP('',(#6699,#6700,#6701,#6702));
#1038=EDGE_LOOP('',(#6703,#6704,#6705,#6706));
#1039=EDGE_LOOP('',(#6707,#6708,#6709,#6710));
#1040=EDGE_LOOP('',(#6711,#6712,#6713,#6714));
#1041=EDGE_LOOP('',(#6715,#6716,#6717,#6718));
#1042=EDGE_LOOP('',(#6719,#6720,#6721,#6722));
#1043=EDGE_LOOP('',(#6723,#6724,#6725,#6726));
#1044=EDGE_LOOP('',(#6727,#6728,#6729,#6730));
#1045=EDGE_LOOP('',(#6731,#6732,#6733,#6734));
#1046=EDGE_LOOP('',(#6735,#6736,#6737,#6738));
#1047=EDGE_LOOP('',(#6739,#6740,#6741,#6742));
#1048=EDGE_LOOP('',(#6743,#6744,#6745,#6746));
#1049=EDGE_LOOP('',(#6747,#6748,#6749,#6750));
#1050=EDGE_LOOP('',(#6751,#6752,#6753,#6754));
#1051=EDGE_LOOP('',(#6755,#6756,#6757,#6758));
#1052=EDGE_LOOP('',(#6759,#6760,#6761,#6762));
#1053=EDGE_LOOP('',(#6763,#6764,#6765,#6766));
#1054=EDGE_LOOP('',(#6767,#6768,#6769,#6770));
#1055=EDGE_LOOP('',(#6771,#6772,#6773,#6774));
#1056=EDGE_LOOP('',(#6775,#6776,#6777,#6778));
#1057=EDGE_LOOP('',(#6779,#6780,#6781,#6782));
#1058=EDGE_LOOP('',(#6783,#6784,#6785,#6786));
#1059=EDGE_LOOP('',(#6787,#6788,#6789,#6790));
#1060=EDGE_LOOP('',(#6791,#6792,#6793,#6794));
#1061=EDGE_LOOP('',(#6795,#6796,#6797,#6798));
#1062=EDGE_LOOP('',(#6799,#6800,#6801,#6802));
#1063=EDGE_LOOP('',(#6803,#6804,#6805,#6806));
#1064=EDGE_LOOP('',(#6807,#6808,#6809,#6810));
#1065=EDGE_LOOP('',(#6811,#6812,#6813,#6814));
#1066=EDGE_LOOP('',(#6815,#6816,#6817,#6818));
#1067=EDGE_LOOP('',(#6819,#6820,#6821,#6822));
#1068=EDGE_LOOP('',(#6823,#6824,#6825,#6826));
#1069=EDGE_LOOP('',(#6827,#6828,#6829,#6830));
#1070=EDGE_LOOP('',(#6831,#6832,#6833,#6834));
#1071=EDGE_LOOP('',(#6835,#6836,#6837,#6838));
#1072=EDGE_LOOP('',(#6839,#6840,#6841,#6842));
#1073=EDGE_LOOP('',(#6843,#6844,#6845,#6846));
#1074=EDGE_LOOP('',(#6847,#6848,#6849,#6850));
#1075=EDGE_LOOP('',(#6851,#6852,#6853,#6854));
#1076=EDGE_LOOP('',(#6855,#6856,#6857,#6858));
#1077=EDGE_LOOP('',(#6859,#6860,#6861,#6862));
#1078=EDGE_LOOP('',(#6863,#6864,#6865,#6866));
#1079=EDGE_LOOP('',(#6867,#6868,#6869,#6870));
#1080=EDGE_LOOP('',(#6871,#6872,#6873,#6874));
#1081=EDGE_LOOP('',(#6875,#6876,#6877,#6878));
#1082=EDGE_LOOP('',(#6879,#6880,#6881,#6882));
#1083=EDGE_LOOP('',(#6883,#6884,#6885,#6886));
#1084=EDGE_LOOP('',(#6887,#6888,#6889,#6890));
#1085=EDGE_LOOP('',(#6891,#6892,#6893,#6894));
#1086=EDGE_LOOP('',(#6895,#6896,#6897,#6898));
#1087=EDGE_LOOP('',(#6899,#6900,#6901,#6902));
#1088=EDGE_LOOP('',(#6903,#6904,#6905,#6906));
#1089=EDGE_LOOP('',(#6907,#6908,#6909,#6910));
#1090=EDGE_LOOP('',(#6911,#6912,#6913,#6914));
#1091=EDGE_LOOP('',(#6915,#6916,#6917,#6918));
#1092=EDGE_LOOP('',(#6919,#6920,#6921,#6922));
#1093=EDGE_LOOP('',(#6923,#6924,#6925,#6926));
#1094=EDGE_LOOP('',(#6927,#6928,#6929,#6930));
#1095=EDGE_LOOP('',(#6931,#6932,#6933,#6934));
#1096=EDGE_LOOP('',(#6935,#6936,#6937,#6938));
#1097=EDGE_LOOP('',(#6939,#6940,#6941,#6942));
#1098=EDGE_LOOP('',(#6943,#6944,#6945,#6946));
#1099=EDGE_LOOP('',(#6947,#6948,#6949,#6950));
#1100=EDGE_LOOP('',(#6951,#6952,#6953,#6954));
#1101=EDGE_LOOP('',(#6955,#6956,#6957,#6958));
#1102=EDGE_LOOP('',(#6959,#6960,#6961,#6962));
#1103=EDGE_LOOP('',(#6963,#6964,#6965,#6966));
#1104=EDGE_LOOP('',(#6967,#6968,#6969,#6970));
#1105=EDGE_LOOP('',(#6971,#6972,#6973,#6974));
#1106=EDGE_LOOP('',(#6975,#6976,#6977,#6978));
#1107=EDGE_LOOP('',(#6979,#6980,#6981,#6982));
#1108=EDGE_LOOP('',(#6983,#6984,#6985,#6986));
#1109=EDGE_LOOP('',(#6987,#6988,#6989,#6990));
#1110=EDGE_LOOP('',(#6991,#6992,#6993,#6994));
#1111=EDGE_LOOP('',(#6995,#6996,#6997,#6998));
#1112=EDGE_LOOP('',(#6999,#7000,#7001,#7002));
#1113=EDGE_LOOP('',(#7003,#7004,#7005,#7006));
#1114=EDGE_LOOP('',(#7007,#7008,#7009,#7010));
#1115=EDGE_LOOP('',(#7011,#7012,#7013,#7014));
#1116=EDGE_LOOP('',(#7015,#7016,#7017,#7018));
#1117=EDGE_LOOP('',(#7019,#7020,#7021,#7022));
#1118=EDGE_LOOP('',(#7023,#7024,#7025,#7026));
#1119=EDGE_LOOP('',(#7027,#7028,#7029,#7030));
#1120=EDGE_LOOP('',(#7031,#7032,#7033,#7034));
#1121=EDGE_LOOP('',(#7035,#7036,#7037,#7038));
#1122=EDGE_LOOP('',(#7039,#7040,#7041,#7042));
#1123=EDGE_LOOP('',(#7043,#7044,#7045,#7046));
#1124=EDGE_LOOP('',(#7047,#7048,#7049,#7050));
#1125=EDGE_LOOP('',(#7051,#7052,#7053,#7054));
#1126=EDGE_LOOP('',(#7055,#7056,#7057,#7058));
#1127=EDGE_LOOP('',(#7059,#7060,#7061,#7062));
#1128=EDGE_LOOP('',(#7063,#7064,#7065,#7066));
#1129=EDGE_LOOP('',(#7067,#7068,#7069,#7070));
#1130=EDGE_LOOP('',(#7071,#7072,#7073,#7074));
#1131=EDGE_LOOP('',(#7075,#7076,#7077,#7078));
#1132=EDGE_LOOP('',(#7079,#7080,#7081,#7082));
#1133=EDGE_LOOP('',(#7083,#7084,#7085,#7086));
#1134=EDGE_LOOP('',(#7087,#7088,#7089,#7090));
#1135=EDGE_LOOP('',(#7091,#7092,#7093,#7094));
#1136=EDGE_LOOP('',(#7095,#7096,#7097,#7098));
#1137=EDGE_LOOP('',(#7099,#7100,#7101,#7102));
#1138=EDGE_LOOP('',(#7103,#7104,#7105,#7106));
#1139=EDGE_LOOP('',(#7107,#7108,#7109,#7110));
#1140=EDGE_LOOP('',(#7111,#7112,#7113,#7114));
#1141=EDGE_LOOP('',(#7115,#7116,#7117,#7118));
#1142=EDGE_LOOP('',(#7119,#7120,#7121,#7122));
#1143=EDGE_LOOP('',(#7123,#7124,#7125,#7126));
#1144=EDGE_LOOP('',(#7127,#7128,#7129,#7130));
#1145=EDGE_LOOP('',(#7131,#7132,#7133,#7134));
#1146=EDGE_LOOP('',(#7135,#7136,#7137,#7138));
#1147=EDGE_LOOP('',(#7139,#7140,#7141,#7142));
#1148=EDGE_LOOP('',(#7143,#7144,#7145,#7146));
#1149=EDGE_LOOP('',(#7147,#7148,#7149,#7150));
#1150=EDGE_LOOP('',(#7151,#7152,#7153,#7154));
#1151=EDGE_LOOP('',(#7155,#7156,#7157,#7158));
#1152=EDGE_LOOP('',(#7159,#7160,#7161,#7162));
#1153=EDGE_LOOP('',(#7163,#7164,#7165,#7166));
#1154=EDGE_LOOP('',(#7167,#7168,#7169,#7170));
#1155=EDGE_LOOP('',(#7171,#7172,#7173,#7174));
#1156=EDGE_LOOP('',(#7175,#7176,#7177,#7178));
#1157=EDGE_LOOP('',(#7179,#7180,#7181,#7182));
#1158=EDGE_LOOP('',(#7183,#7184,#7185,#7186));
#1159=EDGE_LOOP('',(#7187,#7188,#7189,#7190));
#1160=EDGE_LOOP('',(#7191,#7192,#7193,#7194));
#1161=EDGE_LOOP('',(#7195,#7196,#7197,#7198));
#1162=EDGE_LOOP('',(#7199,#7200,#7201,#7202));
#1163=EDGE_LOOP('',(#7203,#7204,#7205,#7206));
#1164=EDGE_LOOP('',(#7207,#7208,#7209,#7210));
#1165=EDGE_LOOP('',(#7211,#7212,#7213,#7214));
#1166=EDGE_LOOP('',(#7215,#7216,#7217,#7218));
#1167=EDGE_LOOP('',(#7219,#7220,#7221,#7222));
#1168=EDGE_LOOP('',(#7223,#7224,#7225,#7226));
#1169=EDGE_LOOP('',(#7227,#7228,#7229,#7230));
#1170=EDGE_LOOP('',(#7231,#7232,#7233,#7234));
#1171=EDGE_LOOP('',(#7235,#7236,#7237,#7238));
#1172=EDGE_LOOP('',(#7239,#7240,#7241,#7242));
#1173=EDGE_LOOP('',(#7243,#7244,#7245,#7246));
#1174=EDGE_LOOP('',(#7247,#7248,#7249,#7250));
#1175=EDGE_LOOP('',(#7251,#7252,#7253,#7254));
#1176=EDGE_LOOP('',(#7255,#7256,#7257,#7258));
#1177=EDGE_LOOP('',(#7259,#7260,#7261,#7262));
#1178=EDGE_LOOP('',(#7263,#7264,#7265,#7266));
#1179=EDGE_LOOP('',(#7267,#7268,#7269,#7270));
#1180=EDGE_LOOP('',(#7271,#7272,#7273,#7274));
#1181=EDGE_LOOP('',(#7275,#7276,#7277,#7278));
#1182=EDGE_LOOP('',(#7279,#7280,#7281,#7282));
#1183=EDGE_LOOP('',(#7283,#7284,#7285,#7286));
#1184=EDGE_LOOP('',(#7287,#7288,#7289,#7290));
#1185=EDGE_LOOP('',(#7291,#7292,#7293,#7294));
#1186=EDGE_LOOP('',(#7295,#7296,#7297,#7298));
#1187=EDGE_LOOP('',(#7299,#7300,#7301,#7302));
#1188=EDGE_LOOP('',(#7303,#7304,#7305,#7306));
#1189=EDGE_LOOP('',(#7307,#7308,#7309,#7310));
#1190=EDGE_LOOP('',(#7311,#7312,#7313,#7314));
#1191=EDGE_LOOP('',(#7315,#7316,#7317,#7318));
#1192=EDGE_LOOP('',(#7319,#7320,#7321,#7322));
#1193=EDGE_LOOP('',(#7323,#7324,#7325,#7326));
#1194=EDGE_LOOP('',(#7327,#7328,#7329,#7330));
#1195=EDGE_LOOP('',(#7331,#7332,#7333,#7334));
#1196=EDGE_LOOP('',(#7335,#7336,#7337,#7338));
#1197=EDGE_LOOP('',(#7339,#7340,#7341,#7342));
#1198=EDGE_LOOP('',(#7343,#7344,#7345,#7346));
#1199=EDGE_LOOP('',(#7347,#7348,#7349,#7350));
#1200=EDGE_LOOP('',(#7351,#7352,#7353,#7354));
#1201=EDGE_LOOP('',(#7355,#7356,#7357,#7358));
#1202=EDGE_LOOP('',(#7359,#7360,#7361,#7362));
#1203=EDGE_LOOP('',(#7363,#7364,#7365,#7366));
#1204=EDGE_LOOP('',(#7367,#7368,#7369,#7370));
#1205=EDGE_LOOP('',(#7371,#7372,#7373,#7374));
#1206=EDGE_LOOP('',(#7375,#7376,#7377,#7378));
#1207=EDGE_LOOP('',(#7379,#7380,#7381,#7382));
#1208=EDGE_LOOP('',(#7383,#7384,#7385,#7386));
#1209=EDGE_LOOP('',(#7387,#7388,#7389,#7390));
#1210=EDGE_LOOP('',(#7391,#7392,#7393,#7394));
#1211=EDGE_LOOP('',(#7395,#7396,#7397,#7398));
#1212=EDGE_LOOP('',(#7399,#7400,#7401,#7402));
#1213=EDGE_LOOP('',(#7403,#7404,#7405,#7406));
#1214=EDGE_LOOP('',(#7407,#7408,#7409,#7410));
#1215=EDGE_LOOP('',(#7411,#7412,#7413,#7414));
#1216=EDGE_LOOP('',(#7415,#7416,#7417,#7418));
#1217=EDGE_LOOP('',(#7419,#7420,#7421,#7422,#7423,#7424));
#1218=EDGE_LOOP('',(#7425,#7426,#7427,#7428));
#1219=EDGE_LOOP('',(#7429,#7430,#7431,#7432));
#1220=EDGE_LOOP('',(#7433,#7434,#7435,#7436,#7437,#7438,#7439,#7440,#7441,
#7442,#7443,#7444,#7445,#7446,#7447,#7448,#7449,#7450,#7451,#7452,#7453,
#7454,#7455,#7456,#7457,#7458,#7459,#7460,#7461,#7462,#7463,#7464,#7465,
#7466,#7467,#7468,#7469,#7470,#7471,#7472,#7473,#7474,#7475,#7476,#7477,
#7478,#7479,#7480,#7481,#7482,#7483,#7484,#7485,#7486,#7487,#7488,#7489,
#7490,#7491,#7492,#7493,#7494,#7495,#7496,#7497,#7498,#7499,#7500,#7501,
#7502,#7503,#7504,#7505,#7506,#7507,#7508,#7509,#7510,#7511,#7512,#7513,
#7514,#7515,#7516,#7517,#7518,#7519,#7520,#7521,#7522,#7523,#7524,#7525,
#7526,#7527,#7528,#7529,#7530,#7531,#7532,#7533,#7534,#7535,#7536,#7537,
#7538,#7539,#7540,#7541,#7542,#7543,#7544,#7545,#7546,#7547,#7548,#7549,
#7550,#7551,#7552,#7553,#7554,#7555,#7556,#7557,#7558,#7559,#7560,#7561,
#7562,#7563,#7564,#7565,#7566,#7567,#7568,#7569,#7570,#7571,#7572,#7573,
#7574,#7575,#7576,#7577,#7578,#7579,#7580,#7581,#7582,#7583,#7584,#7585,
#7586,#7587,#7588,#7589,#7590,#7591,#7592,#7593,#7594,#7595,#7596,#7597,
#7598,#7599,#7600,#7601,#7602,#7603,#7604,#7605,#7606,#7607,#7608,#7609,
#7610,#7611,#7612,#7613,#7614,#7615,#7616,#7617,#7618,#7619,#7620,#7621,
#7622,#7623,#7624,#7625,#7626,#7627,#7628,#7629,#7630,#7631,#7632,#7633,
#7634,#7635,#7636,#7637,#7638,#7639,#7640,#7641,#7642,#7643,#7644,#7645,
#7646,#7647,#7648,#7649,#7650,#7651,#7652,#7653,#7654,#7655,#7656,#7657,
#7658,#7659,#7660,#7661,#7662,#7663,#7664,#7665,#7666,#7667,#7668,#7669,
#7670,#7671,#7672,#7673,#7674,#7675,#7676,#7677,#7678,#7679,#7680,#7681,
#7682,#7683,#7684,#7685,#7686,#7687,#7688,#7689,#7690,#7691,#7692,#7693,
#7694,#7695,#7696,#7697,#7698,#7699,#7700,#7701,#7702,#7703,#7704,#7705,
#7706,#7707,#7708,#7709,#7710,#7711,#7712,#7713,#7714,#7715,#7716,#7717,
#7718,#7719,#7720,#7721,#7722,#7723,#7724,#7725,#7726,#7727,#7728,#7729,
#7730,#7731,#7732,#7733,#7734,#7735,#7736,#7737,#7738,#7739,#7740,#7741,
#7742,#7743,#7744,#7745,#7746,#7747,#7748,#7749,#7750,#7751,#7752,#7753,
#7754,#7755,#7756,#7757,#7758,#7759,#7760,#7761,#7762,#7763,#7764,#7765,
#7766,#7767,#7768,#7769,#7770,#7771,#7772,#7773,#7774,#7775,#7776,#7777,
#7778,#7779,#7780,#7781,#7782,#7783,#7784,#7785,#7786,#7787,#7788,#7789,
#7790,#7791,#7792,#7793,#7794,#7795,#7796,#7797));
#1221=EDGE_LOOP('',(#7798,#7799,#7800,#7801));
#1222=EDGE_LOOP('',(#7802,#7803,#7804,#7805));
#1223=EDGE_LOOP('',(#7806,#7807,#7808,#7809));
#1224=EDGE_LOOP('',(#7810,#7811,#7812,#7813));
#1225=EDGE_LOOP('',(#7814,#7815,#7816,#7817));
#1226=EDGE_LOOP('',(#7818,#7819,#7820,#7821));
#1227=EDGE_LOOP('',(#7822,#7823,#7824,#7825,#7826));
#1228=EDGE_LOOP('',(#7827,#7828,#7829,#7830));
#1229=EDGE_LOOP('',(#7831,#7832,#7833,#7834));
#1230=EDGE_LOOP('',(#7835,#7836,#7837,#7838));
#1231=EDGE_LOOP('',(#7839,#7840,#7841,#7842));
#1232=EDGE_LOOP('',(#7843,#7844,#7845,#7846));
#1233=EDGE_LOOP('',(#7847,#7848,#7849,#7850));
#1234=EDGE_LOOP('',(#7851,#7852,#7853,#7854));
#1235=EDGE_LOOP('',(#7855,#7856,#7857,#7858,#7859,#7860,#7861,#7862,#7863,
#7864,#7865,#7866,#7867,#7868,#7869,#7870));
#1236=EDGE_LOOP('',(#7871,#7872,#7873,#7874));
#1237=EDGE_LOOP('',(#7875,#7876,#7877,#7878,#7879,#7880,#7881,#7882,#7883,
#7884,#7885,#7886,#7887,#7888,#7889,#7890,#7891,#7892,#7893,#7894));
#1238=EDGE_LOOP('',(#7895,#7896,#7897,#7898));
#1239=EDGE_LOOP('',(#7899,#7900,#7901,#7902));
#1240=EDGE_LOOP('',(#7903,#7904,#7905,#7906));
#1241=EDGE_LOOP('',(#7907,#7908,#7909,#7910));
#1242=EDGE_LOOP('',(#7911,#7912,#7913,#7914));
#1243=EDGE_LOOP('',(#7915,#7916,#7917,#7918));
#1244=EDGE_LOOP('',(#7919,#7920,#7921,#7922));
#1245=EDGE_LOOP('',(#7923,#7924,#7925,#7926,#7927,#7928));
#1246=EDGE_LOOP('',(#7929,#7930,#7931,#7932));
#1247=EDGE_LOOP('',(#7933,#7934,#7935,#7936));
#1248=EDGE_LOOP('',(#7937,#7938,#7939,#7940));
#1249=EDGE_LOOP('',(#7941,#7942,#7943,#7944,#7945,#7946,#7947,#7948,#7949,
#7950,#7951,#7952,#7953,#7954,#7955,#7956,#7957,#7958,#7959,#7960,#7961,
#7962,#7963,#7964,#7965,#7966,#7967,#7968));
#1250=EDGE_LOOP('',(#7969,#7970,#7971,#7972,#7973,#7974,#7975,#7976,#7977,
#7978,#7979,#7980,#7981,#7982,#7983,#7984,#7985,#7986,#7987,#7988));
#1251=EDGE_LOOP('',(#7989,#7990,#7991,#7992,#7993,#7994,#7995,#7996,#7997,
#7998));
#1252=EDGE_LOOP('',(#7999,#8000,#8001,#8002,#8003,#8004,#8005,#8006,#8007,
#8008,#8009,#8010,#8011));
#1253=EDGE_LOOP('',(#8012));
#1254=EDGE_LOOP('',(#8013));
#1255=EDGE_LOOP('',(#8014,#8015,#8016,#8017));
#1256=EDGE_LOOP('',(#8018,#8019,#8020,#8021));
#1257=EDGE_LOOP('',(#8022,#8023,#8024,#8025));
#1258=EDGE_LOOP('',(#8026,#8027,#8028,#8029));
#1259=EDGE_LOOP('',(#8030,#8031,#8032,#8033));
#1260=EDGE_LOOP('',(#8034,#8035,#8036,#8037));
#1261=EDGE_LOOP('',(#8038,#8039,#8040,#8041,#8042,#8043,#8044));
#1262=EDGE_LOOP('',(#8045,#8046,#8047,#8048));
#1263=EDGE_LOOP('',(#8049,#8050,#8051,#8052));
#1264=LINE('',#11011,#2435);
#1265=LINE('',#11018,#2436);
#1266=LINE('',#11026,#2437);
#1267=LINE('',#11029,#2438);
#1268=LINE('',#11032,#2439);
#1269=LINE('',#11033,#2440);
#1270=LINE('',#11043,#2441);
#1271=LINE('',#11047,#2442);
#1272=LINE('',#11081,#2443);
#1273=LINE('',#11083,#2444);
#1274=LINE('',#11085,#2445);
#1275=LINE('',#11087,#2446);
#1276=LINE('',#11089,#2447);
#1277=LINE('',#11091,#2448);
#1278=LINE('',#11093,#2449);
#1279=LINE('',#11095,#2450);
#1280=LINE('',#11097,#2451);
#1281=LINE('',#11099,#2452);
#1282=LINE('',#11101,#2453);
#1283=LINE('',#11103,#2454);
#1284=LINE('',#11105,#2455);
#1285=LINE('',#11107,#2456);
#1286=LINE('',#11109,#2457);
#1287=LINE('',#11111,#2458);
#1288=LINE('',#11113,#2459);
#1289=LINE('',#11115,#2460);
#1290=LINE('',#11117,#2461);
#1291=LINE('',#11119,#2462);
#1292=LINE('',#11121,#2463);
#1293=LINE('',#11123,#2464);
#1294=LINE('',#11125,#2465);
#1295=LINE('',#11127,#2466);
#1296=LINE('',#11129,#2467);
#1297=LINE('',#11131,#2468);
#1298=LINE('',#11133,#2469);
#1299=LINE('',#11135,#2470);
#1300=LINE('',#11137,#2471);
#1301=LINE('',#11139,#2472);
#1302=LINE('',#11141,#2473);
#1303=LINE('',#11143,#2474);
#1304=LINE('',#11145,#2475);
#1305=LINE('',#11147,#2476);
#1306=LINE('',#11149,#2477);
#1307=LINE('',#11151,#2478);
#1308=LINE('',#11153,#2479);
#1309=LINE('',#11155,#2480);
#1310=LINE('',#11157,#2481);
#1311=LINE('',#11159,#2482);
#1312=LINE('',#11161,#2483);
#1313=LINE('',#11163,#2484);
#1314=LINE('',#11165,#2485);
#1315=LINE('',#11167,#2486);
#1316=LINE('',#11169,#2487);
#1317=LINE('',#11171,#2488);
#1318=LINE('',#11173,#2489);
#1319=LINE('',#11175,#2490);
#1320=LINE('',#11177,#2491);
#1321=LINE('',#11179,#2492);
#1322=LINE('',#11181,#2493);
#1323=LINE('',#11183,#2494);
#1324=LINE('',#11185,#2495);
#1325=LINE('',#11187,#2496);
#1326=LINE('',#11189,#2497);
#1327=LINE('',#11191,#2498);
#1328=LINE('',#11193,#2499);
#1329=LINE('',#11195,#2500);
#1330=LINE('',#11197,#2501);
#1331=LINE('',#11199,#2502);
#1332=LINE('',#11201,#2503);
#1333=LINE('',#11203,#2504);
#1334=LINE('',#11205,#2505);
#1335=LINE('',#11207,#2506);
#1336=LINE('',#11209,#2507);
#1337=LINE('',#11211,#2508);
#1338=LINE('',#11213,#2509);
#1339=LINE('',#11215,#2510);
#1340=LINE('',#11217,#2511);
#1341=LINE('',#11219,#2512);
#1342=LINE('',#11221,#2513);
#1343=LINE('',#11223,#2514);
#1344=LINE('',#11225,#2515);
#1345=LINE('',#11227,#2516);
#1346=LINE('',#11229,#2517);
#1347=LINE('',#11231,#2518);
#1348=LINE('',#11233,#2519);
#1349=LINE('',#11235,#2520);
#1350=LINE('',#11237,#2521);
#1351=LINE('',#11239,#2522);
#1352=LINE('',#11241,#2523);
#1353=LINE('',#11243,#2524);
#1354=LINE('',#11245,#2525);
#1355=LINE('',#11247,#2526);
#1356=LINE('',#11249,#2527);
#1357=LINE('',#11251,#2528);
#1358=LINE('',#11253,#2529);
#1359=LINE('',#11255,#2530);
#1360=LINE('',#11257,#2531);
#1361=LINE('',#11259,#2532);
#1362=LINE('',#11261,#2533);
#1363=LINE('',#11263,#2534);
#1364=LINE('',#11265,#2535);
#1365=LINE('',#11267,#2536);
#1366=LINE('',#11269,#2537);
#1367=LINE('',#11271,#2538);
#1368=LINE('',#11273,#2539);
#1369=LINE('',#11275,#2540);
#1370=LINE('',#11277,#2541);
#1371=LINE('',#11279,#2542);
#1372=LINE('',#11281,#2543);
#1373=LINE('',#11283,#2544);
#1374=LINE('',#11285,#2545);
#1375=LINE('',#11287,#2546);
#1376=LINE('',#11289,#2547);
#1377=LINE('',#11291,#2548);
#1378=LINE('',#11293,#2549);
#1379=LINE('',#11295,#2550);
#1380=LINE('',#11297,#2551);
#1381=LINE('',#11299,#2552);
#1382=LINE('',#11301,#2553);
#1383=LINE('',#11303,#2554);
#1384=LINE('',#11305,#2555);
#1385=LINE('',#11307,#2556);
#1386=LINE('',#11309,#2557);
#1387=LINE('',#11311,#2558);
#1388=LINE('',#11313,#2559);
#1389=LINE('',#11315,#2560);
#1390=LINE('',#11317,#2561);
#1391=LINE('',#11319,#2562);
#1392=LINE('',#11321,#2563);
#1393=LINE('',#11323,#2564);
#1394=LINE('',#11325,#2565);
#1395=LINE('',#11327,#2566);
#1396=LINE('',#11329,#2567);
#1397=LINE('',#11331,#2568);
#1398=LINE('',#11333,#2569);
#1399=LINE('',#11335,#2570);
#1400=LINE('',#11337,#2571);
#1401=LINE('',#11339,#2572);
#1402=LINE('',#11341,#2573);
#1403=LINE('',#11343,#2574);
#1404=LINE('',#11345,#2575);
#1405=LINE('',#11347,#2576);
#1406=LINE('',#11349,#2577);
#1407=LINE('',#11351,#2578);
#1408=LINE('',#11353,#2579);
#1409=LINE('',#11355,#2580);
#1410=LINE('',#11357,#2581);
#1411=LINE('',#11359,#2582);
#1412=LINE('',#11361,#2583);
#1413=LINE('',#11363,#2584);
#1414=LINE('',#11365,#2585);
#1415=LINE('',#11367,#2586);
#1416=LINE('',#11369,#2587);
#1417=LINE('',#11371,#2588);
#1418=LINE('',#11373,#2589);
#1419=LINE('',#11375,#2590);
#1420=LINE('',#11377,#2591);
#1421=LINE('',#11379,#2592);
#1422=LINE('',#11381,#2593);
#1423=LINE('',#11383,#2594);
#1424=LINE('',#11385,#2595);
#1425=LINE('',#11387,#2596);
#1426=LINE('',#11389,#2597);
#1427=LINE('',#11391,#2598);
#1428=LINE('',#11393,#2599);
#1429=LINE('',#11395,#2600);
#1430=LINE('',#11397,#2601);
#1431=LINE('',#11399,#2602);
#1432=LINE('',#11401,#2603);
#1433=LINE('',#11403,#2604);
#1434=LINE('',#11405,#2605);
#1435=LINE('',#11407,#2606);
#1436=LINE('',#11409,#2607);
#1437=LINE('',#11411,#2608);
#1438=LINE('',#11413,#2609);
#1439=LINE('',#11415,#2610);
#1440=LINE('',#11417,#2611);
#1441=LINE('',#11419,#2612);
#1442=LINE('',#11421,#2613);
#1443=LINE('',#11423,#2614);
#1444=LINE('',#11425,#2615);
#1445=LINE('',#11427,#2616);
#1446=LINE('',#11429,#2617);
#1447=LINE('',#11431,#2618);
#1448=LINE('',#11433,#2619);
#1449=LINE('',#11435,#2620);
#1450=LINE('',#11437,#2621);
#1451=LINE('',#11439,#2622);
#1452=LINE('',#11441,#2623);
#1453=LINE('',#11443,#2624);
#1454=LINE('',#11445,#2625);
#1455=LINE('',#11447,#2626);
#1456=LINE('',#11449,#2627);
#1457=LINE('',#11451,#2628);
#1458=LINE('',#11453,#2629);
#1459=LINE('',#11455,#2630);
#1460=LINE('',#11457,#2631);
#1461=LINE('',#11459,#2632);
#1462=LINE('',#11461,#2633);
#1463=LINE('',#11463,#2634);
#1464=LINE('',#11465,#2635);
#1465=LINE('',#11467,#2636);
#1466=LINE('',#11469,#2637);
#1467=LINE('',#11471,#2638);
#1468=LINE('',#11473,#2639);
#1469=LINE('',#11475,#2640);
#1470=LINE('',#11477,#2641);
#1471=LINE('',#11479,#2642);
#1472=LINE('',#11481,#2643);
#1473=LINE('',#11483,#2644);
#1474=LINE('',#11485,#2645);
#1475=LINE('',#11487,#2646);
#1476=LINE('',#11489,#2647);
#1477=LINE('',#11491,#2648);
#1478=LINE('',#11493,#2649);
#1479=LINE('',#11495,#2650);
#1480=LINE('',#11497,#2651);
#1481=LINE('',#11499,#2652);
#1482=LINE('',#11501,#2653);
#1483=LINE('',#11503,#2654);
#1484=LINE('',#11505,#2655);
#1485=LINE('',#11507,#2656);
#1486=LINE('',#11509,#2657);
#1487=LINE('',#11511,#2658);
#1488=LINE('',#11513,#2659);
#1489=LINE('',#11515,#2660);
#1490=LINE('',#11517,#2661);
#1491=LINE('',#11519,#2662);
#1492=LINE('',#11521,#2663);
#1493=LINE('',#11523,#2664);
#1494=LINE('',#11525,#2665);
#1495=LINE('',#11527,#2666);
#1496=LINE('',#11529,#2667);
#1497=LINE('',#11531,#2668);
#1498=LINE('',#11533,#2669);
#1499=LINE('',#11535,#2670);
#1500=LINE('',#11537,#2671);
#1501=LINE('',#11539,#2672);
#1502=LINE('',#11541,#2673);
#1503=LINE('',#11543,#2674);
#1504=LINE('',#11545,#2675);
#1505=LINE('',#11547,#2676);
#1506=LINE('',#11549,#2677);
#1507=LINE('',#11551,#2678);
#1508=LINE('',#11553,#2679);
#1509=LINE('',#11555,#2680);
#1510=LINE('',#11557,#2681);
#1511=LINE('',#11559,#2682);
#1512=LINE('',#11561,#2683);
#1513=LINE('',#11563,#2684);
#1514=LINE('',#11565,#2685);
#1515=LINE('',#11567,#2686);
#1516=LINE('',#11569,#2687);
#1517=LINE('',#11571,#2688);
#1518=LINE('',#11573,#2689);
#1519=LINE('',#11575,#2690);
#1520=LINE('',#11577,#2691);
#1521=LINE('',#11579,#2692);
#1522=LINE('',#11581,#2693);
#1523=LINE('',#11583,#2694);
#1524=LINE('',#11585,#2695);
#1525=LINE('',#11587,#2696);
#1526=LINE('',#11589,#2697);
#1527=LINE('',#11591,#2698);
#1528=LINE('',#11593,#2699);
#1529=LINE('',#11595,#2700);
#1530=LINE('',#11597,#2701);
#1531=LINE('',#11599,#2702);
#1532=LINE('',#11601,#2703);
#1533=LINE('',#11603,#2704);
#1534=LINE('',#11605,#2705);
#1535=LINE('',#11607,#2706);
#1536=LINE('',#11609,#2707);
#1537=LINE('',#11611,#2708);
#1538=LINE('',#11613,#2709);
#1539=LINE('',#11615,#2710);
#1540=LINE('',#11617,#2711);
#1541=LINE('',#11619,#2712);
#1542=LINE('',#11621,#2713);
#1543=LINE('',#11623,#2714);
#1544=LINE('',#11625,#2715);
#1545=LINE('',#11627,#2716);
#1546=LINE('',#11629,#2717);
#1547=LINE('',#11631,#2718);
#1548=LINE('',#11633,#2719);
#1549=LINE('',#11635,#2720);
#1550=LINE('',#11637,#2721);
#1551=LINE('',#11639,#2722);
#1552=LINE('',#11641,#2723);
#1553=LINE('',#11643,#2724);
#1554=LINE('',#11645,#2725);
#1555=LINE('',#11647,#2726);
#1556=LINE('',#11649,#2727);
#1557=LINE('',#11651,#2728);
#1558=LINE('',#11653,#2729);
#1559=LINE('',#11655,#2730);
#1560=LINE('',#11657,#2731);
#1561=LINE('',#11659,#2732);
#1562=LINE('',#11661,#2733);
#1563=LINE('',#11663,#2734);
#1564=LINE('',#11665,#2735);
#1565=LINE('',#11667,#2736);
#1566=LINE('',#11669,#2737);
#1567=LINE('',#11671,#2738);
#1568=LINE('',#11673,#2739);
#1569=LINE('',#11675,#2740);
#1570=LINE('',#11677,#2741);
#1571=LINE('',#11679,#2742);
#1572=LINE('',#11681,#2743);
#1573=LINE('',#11683,#2744);
#1574=LINE('',#11685,#2745);
#1575=LINE('',#11687,#2746);
#1576=LINE('',#11688,#2747);
#1577=LINE('',#11692,#2748);
#1578=LINE('',#11694,#2749);
#1579=LINE('',#11696,#2750);
#1580=LINE('',#11698,#2751);
#1581=LINE('',#11699,#2752);
#1582=LINE('',#11703,#2753);
#1583=LINE('',#11705,#2754);
#1584=LINE('',#11707,#2755);
#1585=LINE('',#11708,#2756);
#1586=LINE('',#11712,#2757);
#1587=LINE('',#11714,#2758);
#1588=LINE('',#11715,#2759);
#1589=LINE('',#11717,#2760);
#1590=LINE('',#11719,#2761);
#1591=LINE('',#11720,#2762);
#1592=LINE('',#11723,#2763);
#1593=LINE('',#11725,#2764);
#1594=LINE('',#11726,#2765);
#1595=LINE('',#11729,#2766);
#1596=LINE('',#11731,#2767);
#1597=LINE('',#11732,#2768);
#1598=LINE('',#11735,#2769);
#1599=LINE('',#11737,#2770);
#1600=LINE('',#11738,#2771);
#1601=LINE('',#11741,#2772);
#1602=LINE('',#11743,#2773);
#1603=LINE('',#11744,#2774);
#1604=LINE('',#11747,#2775);
#1605=LINE('',#11749,#2776);
#1606=LINE('',#11750,#2777);
#1607=LINE('',#11753,#2778);
#1608=LINE('',#11755,#2779);
#1609=LINE('',#11756,#2780);
#1610=LINE('',#11759,#2781);
#1611=LINE('',#11761,#2782);
#1612=LINE('',#11762,#2783);
#1613=LINE('',#11765,#2784);
#1614=LINE('',#11767,#2785);
#1615=LINE('',#11768,#2786);
#1616=LINE('',#11771,#2787);
#1617=LINE('',#11773,#2788);
#1618=LINE('',#11774,#2789);
#1619=LINE('',#11777,#2790);
#1620=LINE('',#11779,#2791);
#1621=LINE('',#11780,#2792);
#1622=LINE('',#11783,#2793);
#1623=LINE('',#11785,#2794);
#1624=LINE('',#11786,#2795);
#1625=LINE('',#11789,#2796);
#1626=LINE('',#11791,#2797);
#1627=LINE('',#11792,#2798);
#1628=LINE('',#11795,#2799);
#1629=LINE('',#11797,#2800);
#1630=LINE('',#11798,#2801);
#1631=LINE('',#11801,#2802);
#1632=LINE('',#11803,#2803);
#1633=LINE('',#11804,#2804);
#1634=LINE('',#11807,#2805);
#1635=LINE('',#11809,#2806);
#1636=LINE('',#11810,#2807);
#1637=LINE('',#11813,#2808);
#1638=LINE('',#11815,#2809);
#1639=LINE('',#11816,#2810);
#1640=LINE('',#11819,#2811);
#1641=LINE('',#11821,#2812);
#1642=LINE('',#11822,#2813);
#1643=LINE('',#11826,#2814);
#1644=LINE('',#11828,#2815);
#1645=LINE('',#11830,#2816);
#1646=LINE('',#11831,#2817);
#1647=LINE('',#11834,#2818);
#1648=LINE('',#11836,#2819);
#1649=LINE('',#11837,#2820);
#1650=LINE('',#11840,#2821);
#1651=LINE('',#11842,#2822);
#1652=LINE('',#11843,#2823);
#1653=LINE('',#11846,#2824);
#1654=LINE('',#11848,#2825);
#1655=LINE('',#11849,#2826);
#1656=LINE('',#11852,#2827);
#1657=LINE('',#11854,#2828);
#1658=LINE('',#11855,#2829);
#1659=LINE('',#11858,#2830);
#1660=LINE('',#11860,#2831);
#1661=LINE('',#11861,#2832);
#1662=LINE('',#11864,#2833);
#1663=LINE('',#11866,#2834);
#1664=LINE('',#11867,#2835);
#1665=LINE('',#11870,#2836);
#1666=LINE('',#11872,#2837);
#1667=LINE('',#11873,#2838);
#1668=LINE('',#11876,#2839);
#1669=LINE('',#11878,#2840);
#1670=LINE('',#11879,#2841);
#1671=LINE('',#11883,#2842);
#1672=LINE('',#11885,#2843);
#1673=LINE('',#11886,#2844);
#1674=LINE('',#11888,#2845);
#1675=LINE('',#11889,#2846);
#1676=LINE('',#11892,#2847);
#1677=LINE('',#11894,#2848);
#1678=LINE('',#11895,#2849);
#1679=LINE('',#11898,#2850);
#1680=LINE('',#11899,#2851);
#1681=LINE('',#11902,#2852);
#1682=LINE('',#11903,#2853);
#1683=LINE('',#11906,#2854);
#1684=LINE('',#11907,#2855);
#1685=LINE('',#11910,#2856);
#1686=LINE('',#11911,#2857);
#1687=LINE('',#11914,#2858);
#1688=LINE('',#11915,#2859);
#1689=LINE('',#11918,#2860);
#1690=LINE('',#11919,#2861);
#1691=LINE('',#11922,#2862);
#1692=LINE('',#11923,#2863);
#1693=LINE('',#11926,#2864);
#1694=LINE('',#11927,#2865);
#1695=LINE('',#11931,#2866);
#1696=LINE('',#11933,#2867);
#1697=LINE('',#11935,#2868);
#1698=LINE('',#11936,#2869);
#1699=LINE('',#11939,#2870);
#1700=LINE('',#11941,#2871);
#1701=LINE('',#11942,#2872);
#1702=LINE('',#11945,#2873);
#1703=LINE('',#11947,#2874);
#1704=LINE('',#11948,#2875);
#1705=LINE('',#11951,#2876);
#1706=LINE('',#11953,#2877);
#1707=LINE('',#11954,#2878);
#1708=LINE('',#11957,#2879);
#1709=LINE('',#11959,#2880);
#1710=LINE('',#11960,#2881);
#1711=LINE('',#11963,#2882);
#1712=LINE('',#11965,#2883);
#1713=LINE('',#11966,#2884);
#1714=LINE('',#11969,#2885);
#1715=LINE('',#11971,#2886);
#1716=LINE('',#11972,#2887);
#1717=LINE('',#11975,#2888);
#1718=LINE('',#11977,#2889);
#1719=LINE('',#11978,#2890);
#1720=LINE('',#11980,#2891);
#1721=LINE('',#11981,#2892);
#1722=LINE('',#11984,#2893);
#1723=LINE('',#11986,#2894);
#1724=LINE('',#11987,#2895);
#1725=LINE('',#11990,#2896);
#1726=LINE('',#11992,#2897);
#1727=LINE('',#11993,#2898);
#1728=LINE('',#11996,#2899);
#1729=LINE('',#11997,#2900);
#1730=LINE('',#12000,#2901);
#1731=LINE('',#12001,#2902);
#1732=LINE('',#12004,#2903);
#1733=LINE('',#12005,#2904);
#1734=LINE('',#12008,#2905);
#1735=LINE('',#12009,#2906);
#1736=LINE('',#12012,#2907);
#1737=LINE('',#12013,#2908);
#1738=LINE('',#12016,#2909);
#1739=LINE('',#12017,#2910);
#1740=LINE('',#12020,#2911);
#1741=LINE('',#12021,#2912);
#1742=LINE('',#12024,#2913);
#1743=LINE('',#12025,#2914);
#1744=LINE('',#12028,#2915);
#1745=LINE('',#12029,#2916);
#1746=LINE('',#12032,#2917);
#1747=LINE('',#12033,#2918);
#1748=LINE('',#12036,#2919);
#1749=LINE('',#12037,#2920);
#1750=LINE('',#12040,#2921);
#1751=LINE('',#12041,#2922);
#1752=LINE('',#12044,#2923);
#1753=LINE('',#12045,#2924);
#1754=LINE('',#12048,#2925);
#1755=LINE('',#12049,#2926);
#1756=LINE('',#12052,#2927);
#1757=LINE('',#12053,#2928);
#1758=LINE('',#12055,#2929);
#1759=LINE('',#12058,#2930);
#1760=LINE('',#12059,#2931);
#1761=LINE('',#12062,#2932);
#1762=LINE('',#12064,#2933);
#1763=LINE('',#12065,#2934);
#1764=LINE('',#12068,#2935);
#1765=LINE('',#12069,#2936);
#1766=LINE('',#12072,#2937);
#1767=LINE('',#12073,#2938);
#1768=LINE('',#12076,#2939);
#1769=LINE('',#12077,#2940);
#1770=LINE('',#12080,#2941);
#1771=LINE('',#12081,#2942);
#1772=LINE('',#12084,#2943);
#1773=LINE('',#12085,#2944);
#1774=LINE('',#12088,#2945);
#1775=LINE('',#12089,#2946);
#1776=LINE('',#12092,#2947);
#1777=LINE('',#12093,#2948);
#1778=LINE('',#12096,#2949);
#1779=LINE('',#12097,#2950);
#1780=LINE('',#12100,#2951);
#1781=LINE('',#12101,#2952);
#1782=LINE('',#12104,#2953);
#1783=LINE('',#12105,#2954);
#1784=LINE('',#12108,#2955);
#1785=LINE('',#12109,#2956);
#1786=LINE('',#12112,#2957);
#1787=LINE('',#12113,#2958);
#1788=LINE('',#12116,#2959);
#1789=LINE('',#12117,#2960);
#1790=LINE('',#12120,#2961);
#1791=LINE('',#12121,#2962);
#1792=LINE('',#12124,#2963);
#1793=LINE('',#12125,#2964);
#1794=LINE('',#12127,#2965);
#1795=LINE('',#12130,#2966);
#1796=LINE('',#12131,#2967);
#1797=LINE('',#12134,#2968);
#1798=LINE('',#12136,#2969);
#1799=LINE('',#12137,#2970);
#1800=LINE('',#12140,#2971);
#1801=LINE('',#12141,#2972);
#1802=LINE('',#12144,#2973);
#1803=LINE('',#12145,#2974);
#1804=LINE('',#12148,#2975);
#1805=LINE('',#12149,#2976);
#1806=LINE('',#12152,#2977);
#1807=LINE('',#12153,#2978);
#1808=LINE('',#12156,#2979);
#1809=LINE('',#12157,#2980);
#1810=LINE('',#12160,#2981);
#1811=LINE('',#12161,#2982);
#1812=LINE('',#12164,#2983);
#1813=LINE('',#12165,#2984);
#1814=LINE('',#12168,#2985);
#1815=LINE('',#12169,#2986);
#1816=LINE('',#12172,#2987);
#1817=LINE('',#12173,#2988);
#1818=LINE('',#12176,#2989);
#1819=LINE('',#12177,#2990);
#1820=LINE('',#12180,#2991);
#1821=LINE('',#12181,#2992);
#1822=LINE('',#12184,#2993);
#1823=LINE('',#12185,#2994);
#1824=LINE('',#12188,#2995);
#1825=LINE('',#12189,#2996);
#1826=LINE('',#12192,#2997);
#1827=LINE('',#12193,#2998);
#1828=LINE('',#12196,#2999);
#1829=LINE('',#12197,#3000);
#1830=LINE('',#12199,#3001);
#1831=LINE('',#12202,#3002);
#1832=LINE('',#12203,#3003);
#1833=LINE('',#12206,#3004);
#1834=LINE('',#12208,#3005);
#1835=LINE('',#12209,#3006);
#1836=LINE('',#12212,#3007);
#1837=LINE('',#12213,#3008);
#1838=LINE('',#12216,#3009);
#1839=LINE('',#12217,#3010);
#1840=LINE('',#12220,#3011);
#1841=LINE('',#12221,#3012);
#1842=LINE('',#12224,#3013);
#1843=LINE('',#12225,#3014);
#1844=LINE('',#12228,#3015);
#1845=LINE('',#12229,#3016);
#1846=LINE('',#12232,#3017);
#1847=LINE('',#12233,#3018);
#1848=LINE('',#12236,#3019);
#1849=LINE('',#12237,#3020);
#1850=LINE('',#12240,#3021);
#1851=LINE('',#12241,#3022);
#1852=LINE('',#12244,#3023);
#1853=LINE('',#12245,#3024);
#1854=LINE('',#12248,#3025);
#1855=LINE('',#12249,#3026);
#1856=LINE('',#12252,#3027);
#1857=LINE('',#12253,#3028);
#1858=LINE('',#12256,#3029);
#1859=LINE('',#12257,#3030);
#1860=LINE('',#12260,#3031);
#1861=LINE('',#12261,#3032);
#1862=LINE('',#12264,#3033);
#1863=LINE('',#12265,#3034);
#1864=LINE('',#12268,#3035);
#1865=LINE('',#12269,#3036);
#1866=LINE('',#12271,#3037);
#1867=LINE('',#12274,#3038);
#1868=LINE('',#12275,#3039);
#1869=LINE('',#12278,#3040);
#1870=LINE('',#12280,#3041);
#1871=LINE('',#12281,#3042);
#1872=LINE('',#12284,#3043);
#1873=LINE('',#12285,#3044);
#1874=LINE('',#12288,#3045);
#1875=LINE('',#12289,#3046);
#1876=LINE('',#12292,#3047);
#1877=LINE('',#12293,#3048);
#1878=LINE('',#12296,#3049);
#1879=LINE('',#12297,#3050);
#1880=LINE('',#12300,#3051);
#1881=LINE('',#12301,#3052);
#1882=LINE('',#12304,#3053);
#1883=LINE('',#12305,#3054);
#1884=LINE('',#12308,#3055);
#1885=LINE('',#12309,#3056);
#1886=LINE('',#12312,#3057);
#1887=LINE('',#12313,#3058);
#1888=LINE('',#12316,#3059);
#1889=LINE('',#12317,#3060);
#1890=LINE('',#12320,#3061);
#1891=LINE('',#12321,#3062);
#1892=LINE('',#12324,#3063);
#1893=LINE('',#12325,#3064);
#1894=LINE('',#12328,#3065);
#1895=LINE('',#12329,#3066);
#1896=LINE('',#12332,#3067);
#1897=LINE('',#12333,#3068);
#1898=LINE('',#12336,#3069);
#1899=LINE('',#12337,#3070);
#1900=LINE('',#12340,#3071);
#1901=LINE('',#12341,#3072);
#1902=LINE('',#12343,#3073);
#1903=LINE('',#12346,#3074);
#1904=LINE('',#12347,#3075);
#1905=LINE('',#12350,#3076);
#1906=LINE('',#12352,#3077);
#1907=LINE('',#12353,#3078);
#1908=LINE('',#12356,#3079);
#1909=LINE('',#12358,#3080);
#1910=LINE('',#12359,#3081);
#1911=LINE('',#12362,#3082);
#1912=LINE('',#12364,#3083);
#1913=LINE('',#12365,#3084);
#1914=LINE('',#12368,#3085);
#1915=LINE('',#12370,#3086);
#1916=LINE('',#12371,#3087);
#1917=LINE('',#12374,#3088);
#1918=LINE('',#12376,#3089);
#1919=LINE('',#12377,#3090);
#1920=LINE('',#12380,#3091);
#1921=LINE('',#12382,#3092);
#1922=LINE('',#12383,#3093);
#1923=LINE('',#12386,#3094);
#1924=LINE('',#12388,#3095);
#1925=LINE('',#12389,#3096);
#1926=LINE('',#12391,#3097);
#1927=LINE('',#12392,#3098);
#1928=LINE('',#12396,#3099);
#1929=LINE('',#12398,#3100);
#1930=LINE('',#12400,#3101);
#1931=LINE('',#12401,#3102);
#1932=LINE('',#12404,#3103);
#1933=LINE('',#12406,#3104);
#1934=LINE('',#12407,#3105);
#1935=LINE('',#12410,#3106);
#1936=LINE('',#12412,#3107);
#1937=LINE('',#12413,#3108);
#1938=LINE('',#12416,#3109);
#1939=LINE('',#12418,#3110);
#1940=LINE('',#12419,#3111);
#1941=LINE('',#12422,#3112);
#1942=LINE('',#12424,#3113);
#1943=LINE('',#12425,#3114);
#1944=LINE('',#12428,#3115);
#1945=LINE('',#12430,#3116);
#1946=LINE('',#12431,#3117);
#1947=LINE('',#12434,#3118);
#1948=LINE('',#12436,#3119);
#1949=LINE('',#12437,#3120);
#1950=LINE('',#12439,#3121);
#1951=LINE('',#12440,#3122);
#1952=LINE('',#12443,#3123);
#1953=LINE('',#12445,#3124);
#1954=LINE('',#12446,#3125);
#1955=LINE('',#12449,#3126);
#1956=LINE('',#12450,#3127);
#1957=LINE('',#12453,#3128);
#1958=LINE('',#12454,#3129);
#1959=LINE('',#12457,#3130);
#1960=LINE('',#12458,#3131);
#1961=LINE('',#12461,#3132);
#1962=LINE('',#12462,#3133);
#1963=LINE('',#12465,#3134);
#1964=LINE('',#12466,#3135);
#1965=LINE('',#12469,#3136);
#1966=LINE('',#12470,#3137);
#1967=LINE('',#12473,#3138);
#1968=LINE('',#12474,#3139);
#1969=LINE('',#12476,#3140);
#1970=LINE('',#12479,#3141);
#1971=LINE('',#12481,#3142);
#1972=LINE('',#12482,#3143);
#1973=LINE('',#12485,#3144);
#1974=LINE('',#12486,#3145);
#1975=LINE('',#12489,#3146);
#1976=LINE('',#12490,#3147);
#1977=LINE('',#12493,#3148);
#1978=LINE('',#12494,#3149);
#1979=LINE('',#12497,#3150);
#1980=LINE('',#12498,#3151);
#1981=LINE('',#12501,#3152);
#1982=LINE('',#12502,#3153);
#1983=LINE('',#12505,#3154);
#1984=LINE('',#12506,#3155);
#1985=LINE('',#12509,#3156);
#1986=LINE('',#12510,#3157);
#1987=LINE('',#12513,#3158);
#1988=LINE('',#12514,#3159);
#1989=LINE('',#12517,#3160);
#1990=LINE('',#12518,#3161);
#1991=LINE('',#12521,#3162);
#1992=LINE('',#12522,#3163);
#1993=LINE('',#12525,#3164);
#1994=LINE('',#12526,#3165);
#1995=LINE('',#12529,#3166);
#1996=LINE('',#12530,#3167);
#1997=LINE('',#12533,#3168);
#1998=LINE('',#12534,#3169);
#1999=LINE('',#12537,#3170);
#2000=LINE('',#12538,#3171);
#2001=LINE('',#12541,#3172);
#2002=LINE('',#12542,#3173);
#2003=LINE('',#12544,#3174);
#2004=LINE('',#12547,#3175);
#2005=LINE('',#12548,#3176);
#2006=LINE('',#12551,#3177);
#2007=LINE('',#12553,#3178);
#2008=LINE('',#12554,#3179);
#2009=LINE('',#12557,#3180);
#2010=LINE('',#12558,#3181);
#2011=LINE('',#12561,#3182);
#2012=LINE('',#12562,#3183);
#2013=LINE('',#12565,#3184);
#2014=LINE('',#12566,#3185);
#2015=LINE('',#12569,#3186);
#2016=LINE('',#12570,#3187);
#2017=LINE('',#12573,#3188);
#2018=LINE('',#12574,#3189);
#2019=LINE('',#12577,#3190);
#2020=LINE('',#12578,#3191);
#2021=LINE('',#12581,#3192);
#2022=LINE('',#12582,#3193);
#2023=LINE('',#12585,#3194);
#2024=LINE('',#12586,#3195);
#2025=LINE('',#12589,#3196);
#2026=LINE('',#12590,#3197);
#2027=LINE('',#12593,#3198);
#2028=LINE('',#12594,#3199);
#2029=LINE('',#12597,#3200);
#2030=LINE('',#12598,#3201);
#2031=LINE('',#12601,#3202);
#2032=LINE('',#12602,#3203);
#2033=LINE('',#12605,#3204);
#2034=LINE('',#12606,#3205);
#2035=LINE('',#12608,#3206);
#2036=LINE('',#12611,#3207);
#2037=LINE('',#12612,#3208);
#2038=LINE('',#12615,#3209);
#2039=LINE('',#12617,#3210);
#2040=LINE('',#12618,#3211);
#2041=LINE('',#12621,#3212);
#2042=LINE('',#12622,#3213);
#2043=LINE('',#12625,#3214);
#2044=LINE('',#12626,#3215);
#2045=LINE('',#12629,#3216);
#2046=LINE('',#12630,#3217);
#2047=LINE('',#12633,#3218);
#2048=LINE('',#12634,#3219);
#2049=LINE('',#12637,#3220);
#2050=LINE('',#12638,#3221);
#2051=LINE('',#12641,#3222);
#2052=LINE('',#12642,#3223);
#2053=LINE('',#12645,#3224);
#2054=LINE('',#12646,#3225);
#2055=LINE('',#12649,#3226);
#2056=LINE('',#12650,#3227);
#2057=LINE('',#12653,#3228);
#2058=LINE('',#12654,#3229);
#2059=LINE('',#12657,#3230);
#2060=LINE('',#12658,#3231);
#2061=LINE('',#12661,#3232);
#2062=LINE('',#12662,#3233);
#2063=LINE('',#12665,#3234);
#2064=LINE('',#12666,#3235);
#2065=LINE('',#12669,#3236);
#2066=LINE('',#12670,#3237);
#2067=LINE('',#12672,#3238);
#2068=LINE('',#12675,#3239);
#2069=LINE('',#12676,#3240);
#2070=LINE('',#12679,#3241);
#2071=LINE('',#12681,#3242);
#2072=LINE('',#12682,#3243);
#2073=LINE('',#12685,#3244);
#2074=LINE('',#12686,#3245);
#2075=LINE('',#12689,#3246);
#2076=LINE('',#12690,#3247);
#2077=LINE('',#12693,#3248);
#2078=LINE('',#12694,#3249);
#2079=LINE('',#12697,#3250);
#2080=LINE('',#12698,#3251);
#2081=LINE('',#12701,#3252);
#2082=LINE('',#12702,#3253);
#2083=LINE('',#12705,#3254);
#2084=LINE('',#12706,#3255);
#2085=LINE('',#12709,#3256);
#2086=LINE('',#12710,#3257);
#2087=LINE('',#12713,#3258);
#2088=LINE('',#12714,#3259);
#2089=LINE('',#12717,#3260);
#2090=LINE('',#12718,#3261);
#2091=LINE('',#12721,#3262);
#2092=LINE('',#12722,#3263);
#2093=LINE('',#12725,#3264);
#2094=LINE('',#12726,#3265);
#2095=LINE('',#12729,#3266);
#2096=LINE('',#12730,#3267);
#2097=LINE('',#12733,#3268);
#2098=LINE('',#12734,#3269);
#2099=LINE('',#12736,#3270);
#2100=LINE('',#12739,#3271);
#2101=LINE('',#12740,#3272);
#2102=LINE('',#12743,#3273);
#2103=LINE('',#12745,#3274);
#2104=LINE('',#12746,#3275);
#2105=LINE('',#12749,#3276);
#2106=LINE('',#12750,#3277);
#2107=LINE('',#12753,#3278);
#2108=LINE('',#12754,#3279);
#2109=LINE('',#12757,#3280);
#2110=LINE('',#12758,#3281);
#2111=LINE('',#12761,#3282);
#2112=LINE('',#12762,#3283);
#2113=LINE('',#12765,#3284);
#2114=LINE('',#12766,#3285);
#2115=LINE('',#12769,#3286);
#2116=LINE('',#12770,#3287);
#2117=LINE('',#12773,#3288);
#2118=LINE('',#12774,#3289);
#2119=LINE('',#12777,#3290);
#2120=LINE('',#12778,#3291);
#2121=LINE('',#12781,#3292);
#2122=LINE('',#12782,#3293);
#2123=LINE('',#12785,#3294);
#2124=LINE('',#12786,#3295);
#2125=LINE('',#12789,#3296);
#2126=LINE('',#12790,#3297);
#2127=LINE('',#12793,#3298);
#2128=LINE('',#12794,#3299);
#2129=LINE('',#12797,#3300);
#2130=LINE('',#12798,#3301);
#2131=LINE('',#12800,#3302);
#2132=LINE('',#12803,#3303);
#2133=LINE('',#12804,#3304);
#2134=LINE('',#12807,#3305);
#2135=LINE('',#12809,#3306);
#2136=LINE('',#12810,#3307);
#2137=LINE('',#12813,#3308);
#2138=LINE('',#12814,#3309);
#2139=LINE('',#12817,#3310);
#2140=LINE('',#12818,#3311);
#2141=LINE('',#12821,#3312);
#2142=LINE('',#12822,#3313);
#2143=LINE('',#12825,#3314);
#2144=LINE('',#12826,#3315);
#2145=LINE('',#12829,#3316);
#2146=LINE('',#12830,#3317);
#2147=LINE('',#12833,#3318);
#2148=LINE('',#12834,#3319);
#2149=LINE('',#12837,#3320);
#2150=LINE('',#12838,#3321);
#2151=LINE('',#12841,#3322);
#2152=LINE('',#12842,#3323);
#2153=LINE('',#12845,#3324);
#2154=LINE('',#12846,#3325);
#2155=LINE('',#12849,#3326);
#2156=LINE('',#12850,#3327);
#2157=LINE('',#12853,#3328);
#2158=LINE('',#12854,#3329);
#2159=LINE('',#12857,#3330);
#2160=LINE('',#12858,#3331);
#2161=LINE('',#12861,#3332);
#2162=LINE('',#12862,#3333);
#2163=LINE('',#12864,#3334);
#2164=LINE('',#12867,#3335);
#2165=LINE('',#12868,#3336);
#2166=LINE('',#12871,#3337);
#2167=LINE('',#12873,#3338);
#2168=LINE('',#12874,#3339);
#2169=LINE('',#12877,#3340);
#2170=LINE('',#12878,#3341);
#2171=LINE('',#12881,#3342);
#2172=LINE('',#12882,#3343);
#2173=LINE('',#12885,#3344);
#2174=LINE('',#12886,#3345);
#2175=LINE('',#12889,#3346);
#2176=LINE('',#12890,#3347);
#2177=LINE('',#12893,#3348);
#2178=LINE('',#12894,#3349);
#2179=LINE('',#12897,#3350);
#2180=LINE('',#12898,#3351);
#2181=LINE('',#12901,#3352);
#2182=LINE('',#12902,#3353);
#2183=LINE('',#12905,#3354);
#2184=LINE('',#12906,#3355);
#2185=LINE('',#12909,#3356);
#2186=LINE('',#12910,#3357);
#2187=LINE('',#12913,#3358);
#2188=LINE('',#12914,#3359);
#2189=LINE('',#12917,#3360);
#2190=LINE('',#12918,#3361);
#2191=LINE('',#12921,#3362);
#2192=LINE('',#12922,#3363);
#2193=LINE('',#12925,#3364);
#2194=LINE('',#12926,#3365);
#2195=LINE('',#12928,#3366);
#2196=LINE('',#12931,#3367);
#2197=LINE('',#12932,#3368);
#2198=LINE('',#12935,#3369);
#2199=LINE('',#12937,#3370);
#2200=LINE('',#12938,#3371);
#2201=LINE('',#12941,#3372);
#2202=LINE('',#12942,#3373);
#2203=LINE('',#12945,#3374);
#2204=LINE('',#12946,#3375);
#2205=LINE('',#12949,#3376);
#2206=LINE('',#12950,#3377);
#2207=LINE('',#12953,#3378);
#2208=LINE('',#12954,#3379);
#2209=LINE('',#12957,#3380);
#2210=LINE('',#12958,#3381);
#2211=LINE('',#12961,#3382);
#2212=LINE('',#12962,#3383);
#2213=LINE('',#12965,#3384);
#2214=LINE('',#12966,#3385);
#2215=LINE('',#12969,#3386);
#2216=LINE('',#12970,#3387);
#2217=LINE('',#12973,#3388);
#2218=LINE('',#12974,#3389);
#2219=LINE('',#12977,#3390);
#2220=LINE('',#12978,#3391);
#2221=LINE('',#12981,#3392);
#2222=LINE('',#12982,#3393);
#2223=LINE('',#12985,#3394);
#2224=LINE('',#12986,#3395);
#2225=LINE('',#12989,#3396);
#2226=LINE('',#12990,#3397);
#2227=LINE('',#12992,#3398);
#2228=LINE('',#12995,#3399);
#2229=LINE('',#12996,#3400);
#2230=LINE('',#12999,#3401);
#2231=LINE('',#13001,#3402);
#2232=LINE('',#13002,#3403);
#2233=LINE('',#13005,#3404);
#2234=LINE('',#13006,#3405);
#2235=LINE('',#13009,#3406);
#2236=LINE('',#13010,#3407);
#2237=LINE('',#13013,#3408);
#2238=LINE('',#13014,#3409);
#2239=LINE('',#13017,#3410);
#2240=LINE('',#13018,#3411);
#2241=LINE('',#13021,#3412);
#2242=LINE('',#13022,#3413);
#2243=LINE('',#13025,#3414);
#2244=LINE('',#13026,#3415);
#2245=LINE('',#13029,#3416);
#2246=LINE('',#13030,#3417);
#2247=LINE('',#13033,#3418);
#2248=LINE('',#13034,#3419);
#2249=LINE('',#13037,#3420);
#2250=LINE('',#13038,#3421);
#2251=LINE('',#13041,#3422);
#2252=LINE('',#13042,#3423);
#2253=LINE('',#13045,#3424);
#2254=LINE('',#13046,#3425);
#2255=LINE('',#13049,#3426);
#2256=LINE('',#13050,#3427);
#2257=LINE('',#13053,#3428);
#2258=LINE('',#13054,#3429);
#2259=LINE('',#13056,#3430);
#2260=LINE('',#13059,#3431);
#2261=LINE('',#13060,#3432);
#2262=LINE('',#13063,#3433);
#2263=LINE('',#13065,#3434);
#2264=LINE('',#13066,#3435);
#2265=LINE('',#13069,#3436);
#2266=LINE('',#13070,#3437);
#2267=LINE('',#13073,#3438);
#2268=LINE('',#13074,#3439);
#2269=LINE('',#13077,#3440);
#2270=LINE('',#13078,#3441);
#2271=LINE('',#13081,#3442);
#2272=LINE('',#13082,#3443);
#2273=LINE('',#13085,#3444);
#2274=LINE('',#13086,#3445);
#2275=LINE('',#13089,#3446);
#2276=LINE('',#13090,#3447);
#2277=LINE('',#13093,#3448);
#2278=LINE('',#13094,#3449);
#2279=LINE('',#13097,#3450);
#2280=LINE('',#13098,#3451);
#2281=LINE('',#13101,#3452);
#2282=LINE('',#13102,#3453);
#2283=LINE('',#13105,#3454);
#2284=LINE('',#13106,#3455);
#2285=LINE('',#13109,#3456);
#2286=LINE('',#13110,#3457);
#2287=LINE('',#13113,#3458);
#2288=LINE('',#13114,#3459);
#2289=LINE('',#13117,#3460);
#2290=LINE('',#13118,#3461);
#2291=LINE('',#13120,#3462);
#2292=LINE('',#13123,#3463);
#2293=LINE('',#13124,#3464);
#2294=LINE('',#13127,#3465);
#2295=LINE('',#13129,#3466);
#2296=LINE('',#13130,#3467);
#2297=LINE('',#13133,#3468);
#2298=LINE('',#13134,#3469);
#2299=LINE('',#13137,#3470);
#2300=LINE('',#13138,#3471);
#2301=LINE('',#13141,#3472);
#2302=LINE('',#13142,#3473);
#2303=LINE('',#13145,#3474);
#2304=LINE('',#13146,#3475);
#2305=LINE('',#13149,#3476);
#2306=LINE('',#13150,#3477);
#2307=LINE('',#13153,#3478);
#2308=LINE('',#13154,#3479);
#2309=LINE('',#13157,#3480);
#2310=LINE('',#13158,#3481);
#2311=LINE('',#13161,#3482);
#2312=LINE('',#13162,#3483);
#2313=LINE('',#13165,#3484);
#2314=LINE('',#13166,#3485);
#2315=LINE('',#13169,#3486);
#2316=LINE('',#13170,#3487);
#2317=LINE('',#13173,#3488);
#2318=LINE('',#13174,#3489);
#2319=LINE('',#13177,#3490);
#2320=LINE('',#13178,#3491);
#2321=LINE('',#13181,#3492);
#2322=LINE('',#13182,#3493);
#2323=LINE('',#13184,#3494);
#2324=LINE('',#13187,#3495);
#2325=LINE('',#13188,#3496);
#2326=LINE('',#13190,#3497);
#2327=LINE('',#13193,#3498);
#2328=LINE('',#13194,#3499);
#2329=LINE('',#13196,#3500);
#2330=LINE('',#13198,#3501);
#2331=LINE('',#13200,#3502);
#2332=LINE('',#13202,#3503);
#2333=LINE('',#13204,#3504);
#2334=LINE('',#13206,#3505);
#2335=LINE('',#13208,#3506);
#2336=LINE('',#13210,#3507);
#2337=LINE('',#13212,#3508);
#2338=LINE('',#13214,#3509);
#2339=LINE('',#13216,#3510);
#2340=LINE('',#13218,#3511);
#2341=LINE('',#13220,#3512);
#2342=LINE('',#13222,#3513);
#2343=LINE('',#13225,#3514);
#2344=LINE('',#13226,#3515);
#2345=LINE('',#13230,#3516);
#2346=LINE('',#13232,#3517);
#2347=LINE('',#13234,#3518);
#2348=LINE('',#13235,#3519);
#2349=LINE('',#13239,#3520);
#2350=LINE('',#13241,#3521);
#2351=LINE('',#13243,#3522);
#2352=LINE('',#13244,#3523);
#2353=LINE('',#13247,#3524);
#2354=LINE('',#13249,#3525);
#2355=LINE('',#13251,#3526);
#2356=LINE('',#13252,#3527);
#2357=LINE('',#13253,#3528);
#2358=LINE('',#13254,#3529);
#2359=LINE('',#13255,#3530);
#2360=LINE('',#13259,#3531);
#2361=LINE('',#13261,#3532);
#2362=LINE('',#13263,#3533);
#2363=LINE('',#13264,#3534);
#2364=LINE('',#13268,#3535);
#2365=LINE('',#13270,#3536);
#2366=LINE('',#13272,#3537);
#2367=LINE('',#13273,#3538);
#2368=LINE('',#13276,#3539);
#2369=LINE('',#13277,#3540);
#2370=LINE('',#13279,#3541);
#2371=LINE('',#13282,#3542);
#2372=LINE('',#13284,#3543);
#2373=LINE('',#13288,#3544);
#2374=LINE('',#13289,#3545);
#2375=LINE('',#13290,#3546);
#2376=LINE('',#13293,#3547);
#2377=LINE('',#13295,#3548);
#2378=LINE('',#13296,#3549);
#2379=LINE('',#13298,#3550);
#2380=LINE('',#13299,#3551);
#2381=LINE('',#13302,#3552);
#2382=LINE('',#13304,#3553);
#2383=LINE('',#13305,#3554);
#2384=LINE('',#13307,#3555);
#2385=LINE('',#13308,#3556);
#2386=LINE('',#13311,#3557);
#2387=LINE('',#13313,#3558);
#2388=LINE('',#13314,#3559);
#2389=LINE('',#13316,#3560);
#2390=LINE('',#13317,#3561);
#2391=LINE('',#13319,#3562);
#2392=LINE('',#13320,#3563);
#2393=LINE('',#13322,#3564);
#2394=LINE('',#13324,#3565);
#2395=LINE('',#13327,#3566);
#2396=LINE('',#13328,#3567);
#2397=LINE('',#13331,#3568);
#2398=LINE('',#13333,#3569);
#2399=LINE('',#13334,#3570);
#2400=LINE('',#13338,#3571);
#2401=LINE('',#13340,#3572);
#2402=LINE('',#13342,#3573);
#2403=LINE('',#13343,#3574);
#2404=LINE('',#13347,#3575);
#2405=LINE('',#13353,#3576);
#2406=LINE('',#13354,#3577);
#2407=LINE('',#13355,#3578);
#2408=LINE('',#13359,#3579);
#2409=LINE('',#13363,#3580);
#2410=LINE('',#13364,#3581);
#2411=LINE('',#13369,#3582);
#2412=LINE('',#13374,#3583);
#2413=LINE('',#13375,#3584);
#2414=LINE('',#13376,#3585);
#2415=LINE('',#13380,#3586);
#2416=LINE('',#13384,#3587);
#2417=LINE('',#13385,#3588);
#2418=LINE('',#13387,#3589);
#2419=LINE('',#13389,#3590);
#2420=LINE('',#13392,#3591);
#2421=LINE('',#13393,#3592);
#2422=LINE('',#13398,#3593);
#2423=LINE('',#13402,#3594);
#2424=LINE('',#13404,#3595);
#2425=LINE('',#13408,#3596);
#2426=LINE('',#13411,#3597);
#2427=LINE('',#13413,#3598);
#2428=LINE('',#13414,#3599);
#2429=LINE('',#13416,#3600);
#2430=LINE('',#13418,#3601);
#2431=LINE('',#13420,#3602);
#2432=LINE('',#13422,#3603);
#2433=LINE('',#13424,#3604);
#2434=LINE('',#13426,#3605);
#2435=VECTOR('',#8941,2.5);
#2436=VECTOR('',#8950,2.5);
#2437=VECTOR('',#8959,10.);
#2438=VECTOR('',#8962,10.);
#2439=VECTOR('',#8965,10.);
#2440=VECTOR('',#8966,10.);
#2441=VECTOR('',#8975,10.);
#2442=VECTOR('',#8978,10.);
#2443=VECTOR('',#9013,10.);
#2444=VECTOR('',#9014,10.);
#2445=VECTOR('',#9015,1.);
#2446=VECTOR('',#9016,1.);
#2447=VECTOR('',#9017,1.);
#2448=VECTOR('',#9018,1.);
#2449=VECTOR('',#9019,1.);
#2450=VECTOR('',#9020,1.);
#2451=VECTOR('',#9021,1.);
#2452=VECTOR('',#9022,1.);
#2453=VECTOR('',#9023,1.);
#2454=VECTOR('',#9024,1.);
#2455=VECTOR('',#9025,1.);
#2456=VECTOR('',#9026,1.);
#2457=VECTOR('',#9027,1.);
#2458=VECTOR('',#9028,1.);
#2459=VECTOR('',#9029,1.);
#2460=VECTOR('',#9030,1.);
#2461=VECTOR('',#9031,1.);
#2462=VECTOR('',#9032,1.);
#2463=VECTOR('',#9033,1.);
#2464=VECTOR('',#9034,1.);
#2465=VECTOR('',#9035,1.);
#2466=VECTOR('',#9036,1.);
#2467=VECTOR('',#9037,1.);
#2468=VECTOR('',#9038,1.);
#2469=VECTOR('',#9039,1.);
#2470=VECTOR('',#9040,1.);
#2471=VECTOR('',#9041,1.);
#2472=VECTOR('',#9042,1.);
#2473=VECTOR('',#9043,1.);
#2474=VECTOR('',#9044,1.);
#2475=VECTOR('',#9045,1.);
#2476=VECTOR('',#9046,1.);
#2477=VECTOR('',#9047,1.);
#2478=VECTOR('',#9048,1.);
#2479=VECTOR('',#9049,1.);
#2480=VECTOR('',#9050,1.);
#2481=VECTOR('',#9051,1.);
#2482=VECTOR('',#9052,1.);
#2483=VECTOR('',#9053,1.);
#2484=VECTOR('',#9054,1.);
#2485=VECTOR('',#9055,1.);
#2486=VECTOR('',#9056,1.);
#2487=VECTOR('',#9057,1.);
#2488=VECTOR('',#9058,1.);
#2489=VECTOR('',#9059,1.);
#2490=VECTOR('',#9060,1.);
#2491=VECTOR('',#9061,1.);
#2492=VECTOR('',#9062,1.);
#2493=VECTOR('',#9063,1.);
#2494=VECTOR('',#9064,1.);
#2495=VECTOR('',#9065,1.);
#2496=VECTOR('',#9066,1.);
#2497=VECTOR('',#9067,1.);
#2498=VECTOR('',#9068,1.);
#2499=VECTOR('',#9069,1.);
#2500=VECTOR('',#9070,1.);
#2501=VECTOR('',#9071,1.);
#2502=VECTOR('',#9072,1.);
#2503=VECTOR('',#9073,1.);
#2504=VECTOR('',#9074,1.);
#2505=VECTOR('',#9075,1.);
#2506=VECTOR('',#9076,1.);
#2507=VECTOR('',#9077,1.);
#2508=VECTOR('',#9078,1.);
#2509=VECTOR('',#9079,1.);
#2510=VECTOR('',#9080,1.);
#2511=VECTOR('',#9081,1.);
#2512=VECTOR('',#9082,1.);
#2513=VECTOR('',#9083,1.);
#2514=VECTOR('',#9084,1.);
#2515=VECTOR('',#9085,1.);
#2516=VECTOR('',#9086,1.);
#2517=VECTOR('',#9087,1.);
#2518=VECTOR('',#9088,1.);
#2519=VECTOR('',#9089,1.);
#2520=VECTOR('',#9090,1.);
#2521=VECTOR('',#9091,1.);
#2522=VECTOR('',#9092,1.);
#2523=VECTOR('',#9093,1.);
#2524=VECTOR('',#9094,1.);
#2525=VECTOR('',#9095,1.);
#2526=VECTOR('',#9096,1.);
#2527=VECTOR('',#9097,1.);
#2528=VECTOR('',#9098,1.);
#2529=VECTOR('',#9099,1.);
#2530=VECTOR('',#9100,1.);
#2531=VECTOR('',#9101,1.);
#2532=VECTOR('',#9102,1.);
#2533=VECTOR('',#9103,1.);
#2534=VECTOR('',#9104,1.);
#2535=VECTOR('',#9105,1.);
#2536=VECTOR('',#9106,1.);
#2537=VECTOR('',#9107,1.);
#2538=VECTOR('',#9108,1.);
#2539=VECTOR('',#9109,1.);
#2540=VECTOR('',#9110,1.);
#2541=VECTOR('',#9111,1.);
#2542=VECTOR('',#9112,1.);
#2543=VECTOR('',#9113,1.);
#2544=VECTOR('',#9114,10.);
#2545=VECTOR('',#9115,1.);
#2546=VECTOR('',#9116,1.);
#2547=VECTOR('',#9117,1.);
#2548=VECTOR('',#9118,1.);
#2549=VECTOR('',#9119,1.);
#2550=VECTOR('',#9120,1.);
#2551=VECTOR('',#9121,1.);
#2552=VECTOR('',#9122,1.);
#2553=VECTOR('',#9123,1.);
#2554=VECTOR('',#9124,1.);
#2555=VECTOR('',#9125,1.);
#2556=VECTOR('',#9126,1.);
#2557=VECTOR('',#9127,1.);
#2558=VECTOR('',#9128,1.);
#2559=VECTOR('',#9129,1.);
#2560=VECTOR('',#9130,1.);
#2561=VECTOR('',#9131,1.);
#2562=VECTOR('',#9132,1.);
#2563=VECTOR('',#9133,1.);
#2564=VECTOR('',#9134,1.);
#2565=VECTOR('',#9135,1.);
#2566=VECTOR('',#9136,1.);
#2567=VECTOR('',#9137,1.);
#2568=VECTOR('',#9138,1.);
#2569=VECTOR('',#9139,1.);
#2570=VECTOR('',#9140,1.);
#2571=VECTOR('',#9141,1.);
#2572=VECTOR('',#9142,1.);
#2573=VECTOR('',#9143,1.);
#2574=VECTOR('',#9144,1.);
#2575=VECTOR('',#9145,1.);
#2576=VECTOR('',#9146,1.);
#2577=VECTOR('',#9147,1.);
#2578=VECTOR('',#9148,1.);
#2579=VECTOR('',#9149,1.);
#2580=VECTOR('',#9150,1.);
#2581=VECTOR('',#9151,1.);
#2582=VECTOR('',#9152,1.);
#2583=VECTOR('',#9153,1.);
#2584=VECTOR('',#9154,1.);
#2585=VECTOR('',#9155,1.);
#2586=VECTOR('',#9156,1.);
#2587=VECTOR('',#9157,1.);
#2588=VECTOR('',#9158,1.);
#2589=VECTOR('',#9159,1.);
#2590=VECTOR('',#9160,1.);
#2591=VECTOR('',#9161,1.);
#2592=VECTOR('',#9162,1.);
#2593=VECTOR('',#9163,1.);
#2594=VECTOR('',#9164,1.);
#2595=VECTOR('',#9165,1.);
#2596=VECTOR('',#9166,1.);
#2597=VECTOR('',#9167,1.);
#2598=VECTOR('',#9168,1.);
#2599=VECTOR('',#9169,1.);
#2600=VECTOR('',#9170,1.);
#2601=VECTOR('',#9171,1.);
#2602=VECTOR('',#9172,1.);
#2603=VECTOR('',#9173,1.);
#2604=VECTOR('',#9174,1.);
#2605=VECTOR('',#9175,1.);
#2606=VECTOR('',#9176,1.);
#2607=VECTOR('',#9177,1.);
#2608=VECTOR('',#9178,1.);
#2609=VECTOR('',#9179,1.);
#2610=VECTOR('',#9180,1.);
#2611=VECTOR('',#9181,1.);
#2612=VECTOR('',#9182,1.);
#2613=VECTOR('',#9183,1.);
#2614=VECTOR('',#9184,1.);
#2615=VECTOR('',#9185,1.);
#2616=VECTOR('',#9186,1.);
#2617=VECTOR('',#9187,1.);
#2618=VECTOR('',#9188,1.);
#2619=VECTOR('',#9189,1.);
#2620=VECTOR('',#9190,1.);
#2621=VECTOR('',#9191,1.);
#2622=VECTOR('',#9192,1.);
#2623=VECTOR('',#9193,1.);
#2624=VECTOR('',#9194,1.);
#2625=VECTOR('',#9195,1.);
#2626=VECTOR('',#9196,1.);
#2627=VECTOR('',#9197,1.);
#2628=VECTOR('',#9198,1.);
#2629=VECTOR('',#9199,1.);
#2630=VECTOR('',#9200,1.);
#2631=VECTOR('',#9201,1.);
#2632=VECTOR('',#9202,1.);
#2633=VECTOR('',#9203,1.);
#2634=VECTOR('',#9204,1.);
#2635=VECTOR('',#9205,1.);
#2636=VECTOR('',#9206,1.);
#2637=VECTOR('',#9207,1.);
#2638=VECTOR('',#9208,1.);
#2639=VECTOR('',#9209,1.);
#2640=VECTOR('',#9210,1.);
#2641=VECTOR('',#9211,1.);
#2642=VECTOR('',#9212,1.);
#2643=VECTOR('',#9213,1.);
#2644=VECTOR('',#9214,1.);
#2645=VECTOR('',#9215,1.);
#2646=VECTOR('',#9216,1.);
#2647=VECTOR('',#9217,1.);
#2648=VECTOR('',#9218,1.);
#2649=VECTOR('',#9219,1.);
#2650=VECTOR('',#9220,1.);
#2651=VECTOR('',#9221,1.);
#2652=VECTOR('',#9222,1.);
#2653=VECTOR('',#9223,1.);
#2654=VECTOR('',#9224,1.);
#2655=VECTOR('',#9225,1.);
#2656=VECTOR('',#9226,1.);
#2657=VECTOR('',#9227,1.);
#2658=VECTOR('',#9228,1.);
#2659=VECTOR('',#9229,1.);
#2660=VECTOR('',#9230,1.);
#2661=VECTOR('',#9231,1.);
#2662=VECTOR('',#9232,1.);
#2663=VECTOR('',#9233,1.);
#2664=VECTOR('',#9234,1.);
#2665=VECTOR('',#9235,1.);
#2666=VECTOR('',#9236,1.);
#2667=VECTOR('',#9237,1.);
#2668=VECTOR('',#9238,1.);
#2669=VECTOR('',#9239,1.);
#2670=VECTOR('',#9240,1.);
#2671=VECTOR('',#9241,1.);
#2672=VECTOR('',#9242,1.);
#2673=VECTOR('',#9243,1.);
#2674=VECTOR('',#9244,1.);
#2675=VECTOR('',#9245,1.);
#2676=VECTOR('',#9246,1.);
#2677=VECTOR('',#9247,1.);
#2678=VECTOR('',#9248,1.);
#2679=VECTOR('',#9249,1.);
#2680=VECTOR('',#9250,1.);
#2681=VECTOR('',#9251,1.);
#2682=VECTOR('',#9252,1.);
#2683=VECTOR('',#9253,1.);
#2684=VECTOR('',#9254,1.);
#2685=VECTOR('',#9255,1.);
#2686=VECTOR('',#9256,1.);
#2687=VECTOR('',#9257,1.);
#2688=VECTOR('',#9258,1.);
#2689=VECTOR('',#9259,1.);
#2690=VECTOR('',#9260,1.);
#2691=VECTOR('',#9261,1.);
#2692=VECTOR('',#9262,1.);
#2693=VECTOR('',#9263,1.);
#2694=VECTOR('',#9264,1.);
#2695=VECTOR('',#9265,1.);
#2696=VECTOR('',#9266,1.);
#2697=VECTOR('',#9267,1.);
#2698=VECTOR('',#9268,1.);
#2699=VECTOR('',#9269,1.);
#2700=VECTOR('',#9270,1.);
#2701=VECTOR('',#9271,1.);
#2702=VECTOR('',#9272,1.);
#2703=VECTOR('',#9273,1.);
#2704=VECTOR('',#9274,1.);
#2705=VECTOR('',#9275,1.);
#2706=VECTOR('',#9276,1.);
#2707=VECTOR('',#9277,1.);
#2708=VECTOR('',#9278,1.);
#2709=VECTOR('',#9279,1.);
#2710=VECTOR('',#9280,1.);
#2711=VECTOR('',#9281,1.);
#2712=VECTOR('',#9282,1.);
#2713=VECTOR('',#9283,1.);
#2714=VECTOR('',#9284,1.);
#2715=VECTOR('',#9285,1.);
#2716=VECTOR('',#9286,1.);
#2717=VECTOR('',#9287,1.);
#2718=VECTOR('',#9288,1.);
#2719=VECTOR('',#9289,1.);
#2720=VECTOR('',#9290,1.);
#2721=VECTOR('',#9291,1.);
#2722=VECTOR('',#9292,1.);
#2723=VECTOR('',#9293,1.);
#2724=VECTOR('',#9294,1.);
#2725=VECTOR('',#9295,1.);
#2726=VECTOR('',#9296,1.);
#2727=VECTOR('',#9297,1.);
#2728=VECTOR('',#9298,1.);
#2729=VECTOR('',#9299,1.);
#2730=VECTOR('',#9300,1.);
#2731=VECTOR('',#9301,1.);
#2732=VECTOR('',#9302,1.);
#2733=VECTOR('',#9303,1.);
#2734=VECTOR('',#9304,1.);
#2735=VECTOR('',#9305,1.);
#2736=VECTOR('',#9306,1.);
#2737=VECTOR('',#9307,1.);
#2738=VECTOR('',#9308,1.);
#2739=VECTOR('',#9309,1.);
#2740=VECTOR('',#9310,1.);
#2741=VECTOR('',#9311,1.);
#2742=VECTOR('',#9312,1.);
#2743=VECTOR('',#9313,1.);
#2744=VECTOR('',#9314,1.);
#2745=VECTOR('',#9315,10.);
#2746=VECTOR('',#9316,10.);
#2747=VECTOR('',#9317,10.);
#2748=VECTOR('',#9320,10.);
#2749=VECTOR('',#9321,10.);
#2750=VECTOR('',#9322,10.);
#2751=VECTOR('',#9323,10.);
#2752=VECTOR('',#9324,10.);
#2753=VECTOR('',#9327,10.);
#2754=VECTOR('',#9328,10.);
#2755=VECTOR('',#9329,1.);
#2756=VECTOR('',#9330,1.);
#2757=VECTOR('',#9333,10.);
#2758=VECTOR('',#9334,10.);
#2759=VECTOR('',#9335,10.);
#2760=VECTOR('',#9336,10.);
#2761=VECTOR('',#9337,1.);
#2762=VECTOR('',#9338,10.);
#2763=VECTOR('',#9341,10.);
#2764=VECTOR('',#9342,1.);
#2765=VECTOR('',#9343,1.);
#2766=VECTOR('',#9346,1.);
#2767=VECTOR('',#9347,1.);
#2768=VECTOR('',#9348,1.);
#2769=VECTOR('',#9351,1.);
#2770=VECTOR('',#9352,1.);
#2771=VECTOR('',#9353,1.);
#2772=VECTOR('',#9356,1.);
#2773=VECTOR('',#9357,1.);
#2774=VECTOR('',#9358,1.);
#2775=VECTOR('',#9361,1.);
#2776=VECTOR('',#9362,1.);
#2777=VECTOR('',#9363,1.);
#2778=VECTOR('',#9366,1.);
#2779=VECTOR('',#9367,1.);
#2780=VECTOR('',#9368,1.);
#2781=VECTOR('',#9371,1.);
#2782=VECTOR('',#9372,1.);
#2783=VECTOR('',#9373,1.);
#2784=VECTOR('',#9376,1.);
#2785=VECTOR('',#9377,1.);
#2786=VECTOR('',#9378,1.);
#2787=VECTOR('',#9381,1.);
#2788=VECTOR('',#9382,1.);
#2789=VECTOR('',#9383,1.);
#2790=VECTOR('',#9386,1.);
#2791=VECTOR('',#9387,1.);
#2792=VECTOR('',#9388,1.);
#2793=VECTOR('',#9391,1.);
#2794=VECTOR('',#9392,1.);
#2795=VECTOR('',#9393,1.);
#2796=VECTOR('',#9396,10.);
#2797=VECTOR('',#9397,1.);
#2798=VECTOR('',#9398,1.);
#2799=VECTOR('',#9401,1.);
#2800=VECTOR('',#9402,1.);
#2801=VECTOR('',#9403,1.);
#2802=VECTOR('',#9406,1.);
#2803=VECTOR('',#9407,1.);
#2804=VECTOR('',#9408,1.);
#2805=VECTOR('',#9411,1.);
#2806=VECTOR('',#9412,1.);
#2807=VECTOR('',#9413,1.);
#2808=VECTOR('',#9416,1.);
#2809=VECTOR('',#9417,1.);
#2810=VECTOR('',#9418,1.);
#2811=VECTOR('',#9421,10.);
#2812=VECTOR('',#9422,10.);
#2813=VECTOR('',#9423,10.);
#2814=VECTOR('',#9426,10.);
#2815=VECTOR('',#9427,10.);
#2816=VECTOR('',#9428,1.);
#2817=VECTOR('',#9429,10.);
#2818=VECTOR('',#9432,10.);
#2819=VECTOR('',#9433,1.);
#2820=VECTOR('',#9434,1.);
#2821=VECTOR('',#9437,10.);
#2822=VECTOR('',#9438,1.);
#2823=VECTOR('',#9439,1.);
#2824=VECTOR('',#9442,10.);
#2825=VECTOR('',#9443,1.);
#2826=VECTOR('',#9444,1.);
#2827=VECTOR('',#9447,10.);
#2828=VECTOR('',#9448,1.);
#2829=VECTOR('',#9449,1.);
#2830=VECTOR('',#9452,10.);
#2831=VECTOR('',#9453,1.);
#2832=VECTOR('',#9454,1.);
#2833=VECTOR('',#9457,10.);
#2834=VECTOR('',#9458,1.);
#2835=VECTOR('',#9459,1.);
#2836=VECTOR('',#9462,10.);
#2837=VECTOR('',#9463,1.);
#2838=VECTOR('',#9464,1.);
#2839=VECTOR('',#9467,10.);
#2840=VECTOR('',#9468,1.);
#2841=VECTOR('',#9469,1.);
#2842=VECTOR('',#9472,10.);
#2843=VECTOR('',#9473,10.);
#2844=VECTOR('',#9474,1.);
#2845=VECTOR('',#9475,10.);
#2846=VECTOR('',#9476,10.);
#2847=VECTOR('',#9479,10.);
#2848=VECTOR('',#9480,1.);
#2849=VECTOR('',#9481,10.);
#2850=VECTOR('',#9484,10.);
#2851=VECTOR('',#9485,1.);
#2852=VECTOR('',#9488,10.);
#2853=VECTOR('',#9489,1.);
#2854=VECTOR('',#9492,10.);
#2855=VECTOR('',#9493,1.);
#2856=VECTOR('',#9496,10.);
#2857=VECTOR('',#9497,1.);
#2858=VECTOR('',#9500,10.);
#2859=VECTOR('',#9501,1.);
#2860=VECTOR('',#9504,10.);
#2861=VECTOR('',#9505,1.);
#2862=VECTOR('',#9508,10.);
#2863=VECTOR('',#9509,1.);
#2864=VECTOR('',#9512,10.);
#2865=VECTOR('',#9513,1.);
#2866=VECTOR('',#9516,10.);
#2867=VECTOR('',#9517,10.);
#2868=VECTOR('',#9518,1.);
#2869=VECTOR('',#9519,10.);
#2870=VECTOR('',#9522,10.);
#2871=VECTOR('',#9523,1.);
#2872=VECTOR('',#9524,1.);
#2873=VECTOR('',#9527,10.);
#2874=VECTOR('',#9528,1.);
#2875=VECTOR('',#9529,1.);
#2876=VECTOR('',#9532,10.);
#2877=VECTOR('',#9533,1.);
#2878=VECTOR('',#9534,1.);
#2879=VECTOR('',#9537,10.);
#2880=VECTOR('',#9538,1.);
#2881=VECTOR('',#9539,1.);
#2882=VECTOR('',#9542,10.);
#2883=VECTOR('',#9543,1.);
#2884=VECTOR('',#9544,1.);
#2885=VECTOR('',#9547,10.);
#2886=VECTOR('',#9548,1.);
#2887=VECTOR('',#9549,1.);
#2888=VECTOR('',#9552,10.);
#2889=VECTOR('',#9553,1.);
#2890=VECTOR('',#9554,1.);
#2891=VECTOR('',#9557,10.);
#2892=VECTOR('',#9558,1.);
#2893=VECTOR('',#9561,10.);
#2894=VECTOR('',#9562,10.);
#2895=VECTOR('',#9563,1.);
#2896=VECTOR('',#9566,1.);
#2897=VECTOR('',#9567,1.);
#2898=VECTOR('',#9568,1.);
#2899=VECTOR('',#9571,1.);
#2900=VECTOR('',#9572,1.);
#2901=VECTOR('',#9575,1.);
#2902=VECTOR('',#9576,1.);
#2903=VECTOR('',#9579,1.);
#2904=VECTOR('',#9580,1.);
#2905=VECTOR('',#9583,1.);
#2906=VECTOR('',#9584,1.);
#2907=VECTOR('',#9587,1.);
#2908=VECTOR('',#9588,1.);
#2909=VECTOR('',#9591,1.);
#2910=VECTOR('',#9592,1.);
#2911=VECTOR('',#9595,1.);
#2912=VECTOR('',#9596,1.);
#2913=VECTOR('',#9599,1.);
#2914=VECTOR('',#9600,1.);
#2915=VECTOR('',#9603,1.);
#2916=VECTOR('',#9604,1.);
#2917=VECTOR('',#9607,1.);
#2918=VECTOR('',#9608,1.);
#2919=VECTOR('',#9611,1.);
#2920=VECTOR('',#9612,1.);
#2921=VECTOR('',#9615,1.);
#2922=VECTOR('',#9616,1.);
#2923=VECTOR('',#9619,1.);
#2924=VECTOR('',#9620,1.);
#2925=VECTOR('',#9623,1.);
#2926=VECTOR('',#9624,1.);
#2927=VECTOR('',#9627,1.);
#2928=VECTOR('',#9628,1.);
#2929=VECTOR('',#9631,1.);
#2930=VECTOR('',#9634,1.);
#2931=VECTOR('',#9635,1.);
#2932=VECTOR('',#9638,1.);
#2933=VECTOR('',#9639,1.);
#2934=VECTOR('',#9640,1.);
#2935=VECTOR('',#9643,1.);
#2936=VECTOR('',#9644,1.);
#2937=VECTOR('',#9647,1.);
#2938=VECTOR('',#9648,1.);
#2939=VECTOR('',#9651,1.);
#2940=VECTOR('',#9652,1.);
#2941=VECTOR('',#9655,1.);
#2942=VECTOR('',#9656,1.);
#2943=VECTOR('',#9659,1.);
#2944=VECTOR('',#9660,1.);
#2945=VECTOR('',#9663,1.);
#2946=VECTOR('',#9664,1.);
#2947=VECTOR('',#9667,1.);
#2948=VECTOR('',#9668,1.);
#2949=VECTOR('',#9671,1.);
#2950=VECTOR('',#9672,1.);
#2951=VECTOR('',#9675,1.);
#2952=VECTOR('',#9676,1.);
#2953=VECTOR('',#9679,1.);
#2954=VECTOR('',#9680,1.);
#2955=VECTOR('',#9683,1.);
#2956=VECTOR('',#9684,1.);
#2957=VECTOR('',#9687,1.);
#2958=VECTOR('',#9688,1.);
#2959=VECTOR('',#9691,1.);
#2960=VECTOR('',#9692,1.);
#2961=VECTOR('',#9695,1.);
#2962=VECTOR('',#9696,1.);
#2963=VECTOR('',#9699,1.);
#2964=VECTOR('',#9700,1.);
#2965=VECTOR('',#9703,1.);
#2966=VECTOR('',#9706,1.);
#2967=VECTOR('',#9707,1.);
#2968=VECTOR('',#9710,1.);
#2969=VECTOR('',#9711,1.);
#2970=VECTOR('',#9712,1.);
#2971=VECTOR('',#9715,1.);
#2972=VECTOR('',#9716,1.);
#2973=VECTOR('',#9719,1.);
#2974=VECTOR('',#9720,1.);
#2975=VECTOR('',#9723,1.);
#2976=VECTOR('',#9724,1.);
#2977=VECTOR('',#9727,1.);
#2978=VECTOR('',#9728,1.);
#2979=VECTOR('',#9731,1.);
#2980=VECTOR('',#9732,1.);
#2981=VECTOR('',#9735,1.);
#2982=VECTOR('',#9736,1.);
#2983=VECTOR('',#9739,1.);
#2984=VECTOR('',#9740,1.);
#2985=VECTOR('',#9743,1.);
#2986=VECTOR('',#9744,1.);
#2987=VECTOR('',#9747,1.);
#2988=VECTOR('',#9748,1.);
#2989=VECTOR('',#9751,1.);
#2990=VECTOR('',#9752,1.);
#2991=VECTOR('',#9755,1.);
#2992=VECTOR('',#9756,1.);
#2993=VECTOR('',#9759,1.);
#2994=VECTOR('',#9760,1.);
#2995=VECTOR('',#9763,1.);
#2996=VECTOR('',#9764,1.);
#2997=VECTOR('',#9767,1.);
#2998=VECTOR('',#9768,1.);
#2999=VECTOR('',#9771,1.);
#3000=VECTOR('',#9772,1.);
#3001=VECTOR('',#9775,1.);
#3002=VECTOR('',#9778,1.);
#3003=VECTOR('',#9779,1.);
#3004=VECTOR('',#9782,1.);
#3005=VECTOR('',#9783,1.);
#3006=VECTOR('',#9784,1.);
#3007=VECTOR('',#9787,1.);
#3008=VECTOR('',#9788,1.);
#3009=VECTOR('',#9791,1.);
#3010=VECTOR('',#9792,1.);
#3011=VECTOR('',#9795,1.);
#3012=VECTOR('',#9796,1.);
#3013=VECTOR('',#9799,1.);
#3014=VECTOR('',#9800,1.);
#3015=VECTOR('',#9803,1.);
#3016=VECTOR('',#9804,1.);
#3017=VECTOR('',#9807,1.);
#3018=VECTOR('',#9808,1.);
#3019=VECTOR('',#9811,1.);
#3020=VECTOR('',#9812,1.);
#3021=VECTOR('',#9815,1.);
#3022=VECTOR('',#9816,1.);
#3023=VECTOR('',#9819,1.);
#3024=VECTOR('',#9820,1.);
#3025=VECTOR('',#9823,1.);
#3026=VECTOR('',#9824,1.);
#3027=VECTOR('',#9827,1.);
#3028=VECTOR('',#9828,1.);
#3029=VECTOR('',#9831,1.);
#3030=VECTOR('',#9832,1.);
#3031=VECTOR('',#9835,1.);
#3032=VECTOR('',#9836,1.);
#3033=VECTOR('',#9839,1.);
#3034=VECTOR('',#9840,1.);
#3035=VECTOR('',#9843,1.);
#3036=VECTOR('',#9844,1.);
#3037=VECTOR('',#9847,1.);
#3038=VECTOR('',#9850,1.);
#3039=VECTOR('',#9851,1.);
#3040=VECTOR('',#9854,1.);
#3041=VECTOR('',#9855,1.);
#3042=VECTOR('',#9856,1.);
#3043=VECTOR('',#9859,1.);
#3044=VECTOR('',#9860,1.);
#3045=VECTOR('',#9863,1.);
#3046=VECTOR('',#9864,1.);
#3047=VECTOR('',#9867,1.);
#3048=VECTOR('',#9868,1.);
#3049=VECTOR('',#9871,1.);
#3050=VECTOR('',#9872,1.);
#3051=VECTOR('',#9875,1.);
#3052=VECTOR('',#9876,1.);
#3053=VECTOR('',#9879,1.);
#3054=VECTOR('',#9880,1.);
#3055=VECTOR('',#9883,1.);
#3056=VECTOR('',#9884,1.);
#3057=VECTOR('',#9887,1.);
#3058=VECTOR('',#9888,1.);
#3059=VECTOR('',#9891,1.);
#3060=VECTOR('',#9892,1.);
#3061=VECTOR('',#9895,1.);
#3062=VECTOR('',#9896,1.);
#3063=VECTOR('',#9899,1.);
#3064=VECTOR('',#9900,1.);
#3065=VECTOR('',#9903,1.);
#3066=VECTOR('',#9904,1.);
#3067=VECTOR('',#9907,1.);
#3068=VECTOR('',#9908,1.);
#3069=VECTOR('',#9911,1.);
#3070=VECTOR('',#9912,1.);
#3071=VECTOR('',#9915,1.);
#3072=VECTOR('',#9916,1.);
#3073=VECTOR('',#9919,1.);
#3074=VECTOR('',#9922,1.);
#3075=VECTOR('',#9923,1.);
#3076=VECTOR('',#9926,10.);
#3077=VECTOR('',#9927,1.);
#3078=VECTOR('',#9928,1.);
#3079=VECTOR('',#9931,10.);
#3080=VECTOR('',#9932,1.);
#3081=VECTOR('',#9933,1.);
#3082=VECTOR('',#9936,10.);
#3083=VECTOR('',#9937,1.);
#3084=VECTOR('',#9938,1.);
#3085=VECTOR('',#9941,10.);
#3086=VECTOR('',#9942,1.);
#3087=VECTOR('',#9943,1.);
#3088=VECTOR('',#9946,10.);
#3089=VECTOR('',#9947,1.);
#3090=VECTOR('',#9948,1.);
#3091=VECTOR('',#9951,10.);
#3092=VECTOR('',#9952,1.);
#3093=VECTOR('',#9953,1.);
#3094=VECTOR('',#9956,10.);
#3095=VECTOR('',#9957,1.);
#3096=VECTOR('',#9958,1.);
#3097=VECTOR('',#9961,10.);
#3098=VECTOR('',#9962,1.);
#3099=VECTOR('',#9965,10.);
#3100=VECTOR('',#9966,1.);
#3101=VECTOR('',#9967,1.);
#3102=VECTOR('',#9968,10.);
#3103=VECTOR('',#9971,10.);
#3104=VECTOR('',#9972,1.);
#3105=VECTOR('',#9973,1.);
#3106=VECTOR('',#9976,10.);
#3107=VECTOR('',#9977,1.);
#3108=VECTOR('',#9978,1.);
#3109=VECTOR('',#9981,10.);
#3110=VECTOR('',#9982,1.);
#3111=VECTOR('',#9983,1.);
#3112=VECTOR('',#9986,10.);
#3113=VECTOR('',#9987,1.);
#3114=VECTOR('',#9988,1.);
#3115=VECTOR('',#9991,10.);
#3116=VECTOR('',#9992,1.);
#3117=VECTOR('',#9993,1.);
#3118=VECTOR('',#9996,10.);
#3119=VECTOR('',#9997,1.);
#3120=VECTOR('',#9998,1.);
#3121=VECTOR('',#10001,10.);
#3122=VECTOR('',#10002,1.);
#3123=VECTOR('',#10005,10.);
#3124=VECTOR('',#10006,1.);
#3125=VECTOR('',#10007,10.);
#3126=VECTOR('',#10010,1.);
#3127=VECTOR('',#10011,1.);
#3128=VECTOR('',#10014,1.);
#3129=VECTOR('',#10015,1.);
#3130=VECTOR('',#10018,1.);
#3131=VECTOR('',#10019,1.);
#3132=VECTOR('',#10022,1.);
#3133=VECTOR('',#10023,1.);
#3134=VECTOR('',#10026,1.);
#3135=VECTOR('',#10027,1.);
#3136=VECTOR('',#10030,1.);
#3137=VECTOR('',#10031,1.);
#3138=VECTOR('',#10034,1.);
#3139=VECTOR('',#10035,1.);
#3140=VECTOR('',#10038,1.);
#3141=VECTOR('',#10041,1.);
#3142=VECTOR('',#10042,1.);
#3143=VECTOR('',#10043,1.);
#3144=VECTOR('',#10046,1.);
#3145=VECTOR('',#10047,1.);
#3146=VECTOR('',#10050,1.);
#3147=VECTOR('',#10051,1.);
#3148=VECTOR('',#10054,1.);
#3149=VECTOR('',#10055,1.);
#3150=VECTOR('',#10058,1.);
#3151=VECTOR('',#10059,1.);
#3152=VECTOR('',#10062,1.);
#3153=VECTOR('',#10063,1.);
#3154=VECTOR('',#10066,1.);
#3155=VECTOR('',#10067,1.);
#3156=VECTOR('',#10070,1.);
#3157=VECTOR('',#10071,1.);
#3158=VECTOR('',#10074,1.);
#3159=VECTOR('',#10075,1.);
#3160=VECTOR('',#10078,1.);
#3161=VECTOR('',#10079,1.);
#3162=VECTOR('',#10082,1.);
#3163=VECTOR('',#10083,1.);
#3164=VECTOR('',#10086,1.);
#3165=VECTOR('',#10087,1.);
#3166=VECTOR('',#10090,1.);
#3167=VECTOR('',#10091,1.);
#3168=VECTOR('',#10094,1.);
#3169=VECTOR('',#10095,1.);
#3170=VECTOR('',#10098,1.);
#3171=VECTOR('',#10099,1.);
#3172=VECTOR('',#10102,1.);
#3173=VECTOR('',#10103,1.);
#3174=VECTOR('',#10106,1.);
#3175=VECTOR('',#10109,1.);
#3176=VECTOR('',#10110,1.);
#3177=VECTOR('',#10113,1.);
#3178=VECTOR('',#10114,1.);
#3179=VECTOR('',#10115,1.);
#3180=VECTOR('',#10118,1.);
#3181=VECTOR('',#10119,1.);
#3182=VECTOR('',#10122,1.);
#3183=VECTOR('',#10123,1.);
#3184=VECTOR('',#10126,1.);
#3185=VECTOR('',#10127,1.);
#3186=VECTOR('',#10130,1.);
#3187=VECTOR('',#10131,1.);
#3188=VECTOR('',#10134,1.);
#3189=VECTOR('',#10135,1.);
#3190=VECTOR('',#10138,1.);
#3191=VECTOR('',#10139,1.);
#3192=VECTOR('',#10142,1.);
#3193=VECTOR('',#10143,1.);
#3194=VECTOR('',#10146,1.);
#3195=VECTOR('',#10147,1.);
#3196=VECTOR('',#10150,1.);
#3197=VECTOR('',#10151,1.);
#3198=VECTOR('',#10154,1.);
#3199=VECTOR('',#10155,1.);
#3200=VECTOR('',#10158,1.);
#3201=VECTOR('',#10159,1.);
#3202=VECTOR('',#10162,1.);
#3203=VECTOR('',#10163,1.);
#3204=VECTOR('',#10166,1.);
#3205=VECTOR('',#10167,1.);
#3206=VECTOR('',#10170,1.);
#3207=VECTOR('',#10173,1.);
#3208=VECTOR('',#10174,1.);
#3209=VECTOR('',#10177,1.);
#3210=VECTOR('',#10178,1.);
#3211=VECTOR('',#10179,1.);
#3212=VECTOR('',#10182,1.);
#3213=VECTOR('',#10183,1.);
#3214=VECTOR('',#10186,1.);
#3215=VECTOR('',#10187,1.);
#3216=VECTOR('',#10190,1.);
#3217=VECTOR('',#10191,1.);
#3218=VECTOR('',#10194,1.);
#3219=VECTOR('',#10195,1.);
#3220=VECTOR('',#10198,1.);
#3221=VECTOR('',#10199,1.);
#3222=VECTOR('',#10202,1.);
#3223=VECTOR('',#10203,1.);
#3224=VECTOR('',#10206,1.);
#3225=VECTOR('',#10207,1.);
#3226=VECTOR('',#10210,1.);
#3227=VECTOR('',#10211,1.);
#3228=VECTOR('',#10214,1.);
#3229=VECTOR('',#10215,1.);
#3230=VECTOR('',#10218,1.);
#3231=VECTOR('',#10219,1.);
#3232=VECTOR('',#10222,1.);
#3233=VECTOR('',#10223,1.);
#3234=VECTOR('',#10226,1.);
#3235=VECTOR('',#10227,1.);
#3236=VECTOR('',#10230,1.);
#3237=VECTOR('',#10231,1.);
#3238=VECTOR('',#10234,1.);
#3239=VECTOR('',#10237,1.);
#3240=VECTOR('',#10238,1.);
#3241=VECTOR('',#10241,1.);
#3242=VECTOR('',#10242,1.);
#3243=VECTOR('',#10243,1.);
#3244=VECTOR('',#10246,1.);
#3245=VECTOR('',#10247,1.);
#3246=VECTOR('',#10250,1.);
#3247=VECTOR('',#10251,1.);
#3248=VECTOR('',#10254,1.);
#3249=VECTOR('',#10255,1.);
#3250=VECTOR('',#10258,1.);
#3251=VECTOR('',#10259,1.);
#3252=VECTOR('',#10262,1.);
#3253=VECTOR('',#10263,1.);
#3254=VECTOR('',#10266,1.);
#3255=VECTOR('',#10267,1.);
#3256=VECTOR('',#10270,1.);
#3257=VECTOR('',#10271,1.);
#3258=VECTOR('',#10274,1.);
#3259=VECTOR('',#10275,1.);
#3260=VECTOR('',#10278,1.);
#3261=VECTOR('',#10279,1.);
#3262=VECTOR('',#10282,1.);
#3263=VECTOR('',#10283,1.);
#3264=VECTOR('',#10286,1.);
#3265=VECTOR('',#10287,1.);
#3266=VECTOR('',#10290,1.);
#3267=VECTOR('',#10291,1.);
#3268=VECTOR('',#10294,1.);
#3269=VECTOR('',#10295,1.);
#3270=VECTOR('',#10298,1.);
#3271=VECTOR('',#10301,1.);
#3272=VECTOR('',#10302,1.);
#3273=VECTOR('',#10305,1.);
#3274=VECTOR('',#10306,1.);
#3275=VECTOR('',#10307,1.);
#3276=VECTOR('',#10310,1.);
#3277=VECTOR('',#10311,1.);
#3278=VECTOR('',#10314,1.);
#3279=VECTOR('',#10315,1.);
#3280=VECTOR('',#10318,1.);
#3281=VECTOR('',#10319,1.);
#3282=VECTOR('',#10322,1.);
#3283=VECTOR('',#10323,1.);
#3284=VECTOR('',#10326,1.);
#3285=VECTOR('',#10327,1.);
#3286=VECTOR('',#10330,1.);
#3287=VECTOR('',#10331,1.);
#3288=VECTOR('',#10334,1.);
#3289=VECTOR('',#10335,1.);
#3290=VECTOR('',#10338,1.);
#3291=VECTOR('',#10339,1.);
#3292=VECTOR('',#10342,1.);
#3293=VECTOR('',#10343,1.);
#3294=VECTOR('',#10346,1.);
#3295=VECTOR('',#10347,1.);
#3296=VECTOR('',#10350,1.);
#3297=VECTOR('',#10351,1.);
#3298=VECTOR('',#10354,1.);
#3299=VECTOR('',#10355,1.);
#3300=VECTOR('',#10358,1.);
#3301=VECTOR('',#10359,1.);
#3302=VECTOR('',#10362,1.);
#3303=VECTOR('',#10365,1.);
#3304=VECTOR('',#10366,1.);
#3305=VECTOR('',#10369,1.);
#3306=VECTOR('',#10370,1.);
#3307=VECTOR('',#10371,1.);
#3308=VECTOR('',#10374,1.);
#3309=VECTOR('',#10375,1.);
#3310=VECTOR('',#10378,1.);
#3311=VECTOR('',#10379,1.);
#3312=VECTOR('',#10382,1.);
#3313=VECTOR('',#10383,1.);
#3314=VECTOR('',#10386,1.);
#3315=VECTOR('',#10387,1.);
#3316=VECTOR('',#10390,1.);
#3317=VECTOR('',#10391,1.);
#3318=VECTOR('',#10394,1.);
#3319=VECTOR('',#10395,1.);
#3320=VECTOR('',#10398,1.);
#3321=VECTOR('',#10399,1.);
#3322=VECTOR('',#10402,1.);
#3323=VECTOR('',#10403,1.);
#3324=VECTOR('',#10406,1.);
#3325=VECTOR('',#10407,1.);
#3326=VECTOR('',#10410,1.);
#3327=VECTOR('',#10411,1.);
#3328=VECTOR('',#10414,1.);
#3329=VECTOR('',#10415,1.);
#3330=VECTOR('',#10418,1.);
#3331=VECTOR('',#10419,1.);
#3332=VECTOR('',#10422,1.);
#3333=VECTOR('',#10423,1.);
#3334=VECTOR('',#10426,1.);
#3335=VECTOR('',#10429,1.);
#3336=VECTOR('',#10430,1.);
#3337=VECTOR('',#10433,1.);
#3338=VECTOR('',#10434,1.);
#3339=VECTOR('',#10435,1.);
#3340=VECTOR('',#10438,1.);
#3341=VECTOR('',#10439,1.);
#3342=VECTOR('',#10442,1.);
#3343=VECTOR('',#10443,1.);
#3344=VECTOR('',#10446,1.);
#3345=VECTOR('',#10447,1.);
#3346=VECTOR('',#10450,1.);
#3347=VECTOR('',#10451,1.);
#3348=VECTOR('',#10454,1.);
#3349=VECTOR('',#10455,1.);
#3350=VECTOR('',#10458,1.);
#3351=VECTOR('',#10459,1.);
#3352=VECTOR('',#10462,1.);
#3353=VECTOR('',#10463,1.);
#3354=VECTOR('',#10466,1.);
#3355=VECTOR('',#10467,1.);
#3356=VECTOR('',#10470,1.);
#3357=VECTOR('',#10471,1.);
#3358=VECTOR('',#10474,1.);
#3359=VECTOR('',#10475,1.);
#3360=VECTOR('',#10478,1.);
#3361=VECTOR('',#10479,1.);
#3362=VECTOR('',#10482,1.);
#3363=VECTOR('',#10483,1.);
#3364=VECTOR('',#10486,1.);
#3365=VECTOR('',#10487,1.);
#3366=VECTOR('',#10490,1.);
#3367=VECTOR('',#10493,1.);
#3368=VECTOR('',#10494,1.);
#3369=VECTOR('',#10497,1.);
#3370=VECTOR('',#10498,1.);
#3371=VECTOR('',#10499,1.);
#3372=VECTOR('',#10502,1.);
#3373=VECTOR('',#10503,1.);
#3374=VECTOR('',#10506,1.);
#3375=VECTOR('',#10507,1.);
#3376=VECTOR('',#10510,1.);
#3377=VECTOR('',#10511,1.);
#3378=VECTOR('',#10514,1.);
#3379=VECTOR('',#10515,1.);
#3380=VECTOR('',#10518,1.);
#3381=VECTOR('',#10519,1.);
#3382=VECTOR('',#10522,1.);
#3383=VECTOR('',#10523,1.);
#3384=VECTOR('',#10526,1.);
#3385=VECTOR('',#10527,1.);
#3386=VECTOR('',#10530,1.);
#3387=VECTOR('',#10531,1.);
#3388=VECTOR('',#10534,1.);
#3389=VECTOR('',#10535,1.);
#3390=VECTOR('',#10538,1.);
#3391=VECTOR('',#10539,1.);
#3392=VECTOR('',#10542,1.);
#3393=VECTOR('',#10543,1.);
#3394=VECTOR('',#10546,1.);
#3395=VECTOR('',#10547,1.);
#3396=VECTOR('',#10550,1.);
#3397=VECTOR('',#10551,1.);
#3398=VECTOR('',#10554,1.);
#3399=VECTOR('',#10557,1.);
#3400=VECTOR('',#10558,1.);
#3401=VECTOR('',#10561,1.);
#3402=VECTOR('',#10562,1.);
#3403=VECTOR('',#10563,1.);
#3404=VECTOR('',#10566,1.);
#3405=VECTOR('',#10567,1.);
#3406=VECTOR('',#10570,1.);
#3407=VECTOR('',#10571,1.);
#3408=VECTOR('',#10574,1.);
#3409=VECTOR('',#10575,1.);
#3410=VECTOR('',#10578,1.);
#3411=VECTOR('',#10579,1.);
#3412=VECTOR('',#10582,1.);
#3413=VECTOR('',#10583,1.);
#3414=VECTOR('',#10586,1.);
#3415=VECTOR('',#10587,1.);
#3416=VECTOR('',#10590,1.);
#3417=VECTOR('',#10591,1.);
#3418=VECTOR('',#10594,1.);
#3419=VECTOR('',#10595,1.);
#3420=VECTOR('',#10598,1.);
#3421=VECTOR('',#10599,1.);
#3422=VECTOR('',#10602,1.);
#3423=VECTOR('',#10603,1.);
#3424=VECTOR('',#10606,1.);
#3425=VECTOR('',#10607,1.);
#3426=VECTOR('',#10610,1.);
#3427=VECTOR('',#10611,1.);
#3428=VECTOR('',#10614,1.);
#3429=VECTOR('',#10615,1.);
#3430=VECTOR('',#10618,1.);
#3431=VECTOR('',#10621,1.);
#3432=VECTOR('',#10622,1.);
#3433=VECTOR('',#10625,1.);
#3434=VECTOR('',#10626,1.);
#3435=VECTOR('',#10627,1.);
#3436=VECTOR('',#10630,1.);
#3437=VECTOR('',#10631,1.);
#3438=VECTOR('',#10634,1.);
#3439=VECTOR('',#10635,1.);
#3440=VECTOR('',#10638,1.);
#3441=VECTOR('',#10639,1.);
#3442=VECTOR('',#10642,1.);
#3443=VECTOR('',#10643,1.);
#3444=VECTOR('',#10646,1.);
#3445=VECTOR('',#10647,1.);
#3446=VECTOR('',#10650,1.);
#3447=VECTOR('',#10651,1.);
#3448=VECTOR('',#10654,1.);
#3449=VECTOR('',#10655,1.);
#3450=VECTOR('',#10658,1.);
#3451=VECTOR('',#10659,1.);
#3452=VECTOR('',#10662,1.);
#3453=VECTOR('',#10663,1.);
#3454=VECTOR('',#10666,1.);
#3455=VECTOR('',#10667,1.);
#3456=VECTOR('',#10670,1.);
#3457=VECTOR('',#10671,1.);
#3458=VECTOR('',#10674,1.);
#3459=VECTOR('',#10675,1.);
#3460=VECTOR('',#10678,1.);
#3461=VECTOR('',#10679,1.);
#3462=VECTOR('',#10682,1.);
#3463=VECTOR('',#10685,1.);
#3464=VECTOR('',#10686,1.);
#3465=VECTOR('',#10689,1.);
#3466=VECTOR('',#10690,1.);
#3467=VECTOR('',#10691,1.);
#3468=VECTOR('',#10694,1.);
#3469=VECTOR('',#10695,1.);
#3470=VECTOR('',#10698,1.);
#3471=VECTOR('',#10699,1.);
#3472=VECTOR('',#10702,1.);
#3473=VECTOR('',#10703,1.);
#3474=VECTOR('',#10706,1.);
#3475=VECTOR('',#10707,1.);
#3476=VECTOR('',#10710,1.);
#3477=VECTOR('',#10711,1.);
#3478=VECTOR('',#10714,1.);
#3479=VECTOR('',#10715,1.);
#3480=VECTOR('',#10718,1.);
#3481=VECTOR('',#10719,1.);
#3482=VECTOR('',#10722,1.);
#3483=VECTOR('',#10723,1.);
#3484=VECTOR('',#10726,1.);
#3485=VECTOR('',#10727,1.);
#3486=VECTOR('',#10730,1.);
#3487=VECTOR('',#10731,1.);
#3488=VECTOR('',#10734,1.);
#3489=VECTOR('',#10735,1.);
#3490=VECTOR('',#10738,1.);
#3491=VECTOR('',#10739,1.);
#3492=VECTOR('',#10742,1.);
#3493=VECTOR('',#10743,1.);
#3494=VECTOR('',#10746,1.);
#3495=VECTOR('',#10749,1.);
#3496=VECTOR('',#10750,1.);
#3497=VECTOR('',#10753,1.);
#3498=VECTOR('',#10756,10.);
#3499=VECTOR('',#10757,1.);
#3500=VECTOR('',#10760,1.);
#3501=VECTOR('',#10763,1.);
#3502=VECTOR('',#10766,1.);
#3503=VECTOR('',#10769,1.);
#3504=VECTOR('',#10772,1.);
#3505=VECTOR('',#10775,1.);
#3506=VECTOR('',#10778,1.);
#3507=VECTOR('',#10781,1.);
#3508=VECTOR('',#10784,1.);
#3509=VECTOR('',#10787,1.);
#3510=VECTOR('',#10790,1.);
#3511=VECTOR('',#10793,1.);
#3512=VECTOR('',#10796,1.);
#3513=VECTOR('',#10799,1.);
#3514=VECTOR('',#10802,10.);
#3515=VECTOR('',#10803,1.);
#3516=VECTOR('',#10806,10.);
#3517=VECTOR('',#10807,10.);
#3518=VECTOR('',#10808,10.);
#3519=VECTOR('',#10809,10.);
#3520=VECTOR('',#10812,10.);
#3521=VECTOR('',#10813,10.);
#3522=VECTOR('',#10814,10.);
#3523=VECTOR('',#10815,10.);
#3524=VECTOR('',#10818,10.);
#3525=VECTOR('',#10819,10.);
#3526=VECTOR('',#10820,10.);
#3527=VECTOR('',#10821,10.);
#3528=VECTOR('',#10822,10.);
#3529=VECTOR('',#10823,10.);
#3530=VECTOR('',#10824,10.);
#3531=VECTOR('',#10827,10.);
#3532=VECTOR('',#10828,10.);
#3533=VECTOR('',#10829,10.);
#3534=VECTOR('',#10830,10.);
#3535=VECTOR('',#10833,10.);
#3536=VECTOR('',#10834,10.);
#3537=VECTOR('',#10835,10.);
#3538=VECTOR('',#10836,10.);
#3539=VECTOR('',#10839,10.);
#3540=VECTOR('',#10840,10.);
#3541=VECTOR('',#10843,10.);
#3542=VECTOR('',#10848,10.);
#3543=VECTOR('',#10851,10.);
#3544=VECTOR('',#10854,10.);
#3545=VECTOR('',#10855,10.);
#3546=VECTOR('',#10856,10.);
#3547=VECTOR('',#10859,10.);
#3548=VECTOR('',#10860,10.);
#3549=VECTOR('',#10861,10.);
#3550=VECTOR('',#10864,10.);
#3551=VECTOR('',#10865,10.);
#3552=VECTOR('',#10868,10.);
#3553=VECTOR('',#10869,10.);
#3554=VECTOR('',#10870,10.);
#3555=VECTOR('',#10873,10.);
#3556=VECTOR('',#10874,10.);
#3557=VECTOR('',#10877,10.);
#3558=VECTOR('',#10878,10.);
#3559=VECTOR('',#10879,10.);
#3560=VECTOR('',#10882,10.);
#3561=VECTOR('',#10883,10.);
#3562=VECTOR('',#10886,10.);
#3563=VECTOR('',#10887,10.);
#3564=VECTOR('',#10890,10.);
#3565=VECTOR('',#10893,10.);
#3566=VECTOR('',#10896,10.);
#3567=VECTOR('',#10897,10.);
#3568=VECTOR('',#10900,10.);
#3569=VECTOR('',#10901,10.);
#3570=VECTOR('',#10902,10.);
#3571=VECTOR('',#10905,10.);
#3572=VECTOR('',#10906,10.);
#3573=VECTOR('',#10907,10.);
#3574=VECTOR('',#10908,10.);
#3575=VECTOR('',#10911,10.);
#3576=VECTOR('',#10918,10.);
#3577=VECTOR('',#10919,10.);
#3578=VECTOR('',#10920,10.);
#3579=VECTOR('',#10923,10.);
#3580=VECTOR('',#10930,10.);
#3581=VECTOR('',#10931,10.);
#3582=VECTOR('',#10936,10.);
#3583=VECTOR('',#10941,10.);
#3584=VECTOR('',#10942,10.);
#3585=VECTOR('',#10943,10.);
#3586=VECTOR('',#10946,10.);
#3587=VECTOR('',#10953,10.);
#3588=VECTOR('',#10954,10.);
#3589=VECTOR('',#10957,10.);
#3590=VECTOR('',#10960,10.);
#3591=VECTOR('',#10963,10.);
#3592=VECTOR('',#10964,10.);
#3593=VECTOR('',#10969,10.);
#3594=VECTOR('',#10972,10.);
#3595=VECTOR('',#10973,10.);
#3596=VECTOR('',#10976,10.);
#3597=VECTOR('',#10979,10.);
#3598=VECTOR('',#10982,10.);
#3599=VECTOR('',#10983,10.);
#3600=VECTOR('',#10986,10.);
#3601=VECTOR('',#10989,10.);
#3602=VECTOR('',#10992,10.);
#3603=VECTOR('',#10995,10.);
#3604=VECTOR('',#10998,10.);
#3605=VECTOR('',#11001,10.);
#3606=CIRCLE('',#8487,2.5);
#3607=CIRCLE('',#8488,2.5);
#3608=CIRCLE('',#8491,2.5);
#3609=CIRCLE('',#8492,2.5);
#3610=CIRCLE('',#8502,2.);
#3611=CIRCLE('',#8512,2.);
#3612=CIRCLE('',#8903,5.);
#3613=CIRCLE('',#8904,2.00000000000001);
#3614=CIRCLE('',#8907,5.);
#3615=CIRCLE('',#8908,1.99999999999999);
#3616=CIRCLE('',#8911,4.99999999999999);
#3617=CIRCLE('',#8912,2.);
#3618=CIRCLE('',#8915,5.);
#3619=CIRCLE('',#8916,2.);
#3620=CIRCLE('',#8922,2.);
#3621=CIRCLE('',#8923,5.);
#3622=CIRCLE('',#8924,5.);
#3623=CIRCLE('',#8925,5.);
#3624=VERTEX_POINT('',#11008);
#3625=VERTEX_POINT('',#11010);
#3626=VERTEX_POINT('',#11015);
#3627=VERTEX_POINT('',#11017);
#3628=VERTEX_POINT('',#11022);
#3629=VERTEX_POINT('',#11023);
#3630=VERTEX_POINT('',#11025);
#3631=VERTEX_POINT('',#11027);
#3632=VERTEX_POINT('',#11031);
#3633=VERTEX_POINT('',#11035);
#3634=VERTEX_POINT('',#11036);
#3635=VERTEX_POINT('',#11038);
#3636=VERTEX_POINT('',#11040);
#3637=VERTEX_POINT('',#11042);
#3638=VERTEX_POINT('',#11044);
#3639=VERTEX_POINT('',#11046);
#3640=VERTEX_POINT('',#11048);
#3641=VERTEX_POINT('',#11050);
#3642=VERTEX_POINT('',#11052);
#3643=VERTEX_POINT('',#11054);
#3644=VERTEX_POINT('',#11056);
#3645=VERTEX_POINT('',#11058);
#3646=VERTEX_POINT('',#11060);
#3647=VERTEX_POINT('',#11062);
#3648=VERTEX_POINT('',#11064);
#3649=VERTEX_POINT('',#11066);
#3650=VERTEX_POINT('',#11068);
#3651=VERTEX_POINT('',#11070);
#3652=VERTEX_POINT('',#11072);
#3653=VERTEX_POINT('',#11074);
#3654=VERTEX_POINT('',#11076);
#3655=VERTEX_POINT('',#11080);
#3656=VERTEX_POINT('',#11082);
#3657=VERTEX_POINT('',#11084);
#3658=VERTEX_POINT('',#11086);
#3659=VERTEX_POINT('',#11088);
#3660=VERTEX_POINT('',#11090);
#3661=VERTEX_POINT('',#11092);
#3662=VERTEX_POINT('',#11094);
#3663=VERTEX_POINT('',#11096);
#3664=VERTEX_POINT('',#11098);
#3665=VERTEX_POINT('',#11100);
#3666=VERTEX_POINT('',#11102);
#3667=VERTEX_POINT('',#11104);
#3668=VERTEX_POINT('',#11106);
#3669=VERTEX_POINT('',#11108);
#3670=VERTEX_POINT('',#11110);
#3671=VERTEX_POINT('',#11112);
#3672=VERTEX_POINT('',#11114);
#3673=VERTEX_POINT('',#11116);
#3674=VERTEX_POINT('',#11118);
#3675=VERTEX_POINT('',#11120);
#3676=VERTEX_POINT('',#11122);
#3677=VERTEX_POINT('',#11124);
#3678=VERTEX_POINT('',#11126);
#3679=VERTEX_POINT('',#11128);
#3680=VERTEX_POINT('',#11130);
#3681=VERTEX_POINT('',#11132);
#3682=VERTEX_POINT('',#11134);
#3683=VERTEX_POINT('',#11136);
#3684=VERTEX_POINT('',#11138);
#3685=VERTEX_POINT('',#11140);
#3686=VERTEX_POINT('',#11142);
#3687=VERTEX_POINT('',#11144);
#3688=VERTEX_POINT('',#11146);
#3689=VERTEX_POINT('',#11148);
#3690=VERTEX_POINT('',#11150);
#3691=VERTEX_POINT('',#11152);
#3692=VERTEX_POINT('',#11154);
#3693=VERTEX_POINT('',#11156);
#3694=VERTEX_POINT('',#11158);
#3695=VERTEX_POINT('',#11160);
#3696=VERTEX_POINT('',#11162);
#3697=VERTEX_POINT('',#11164);
#3698=VERTEX_POINT('',#11166);
#3699=VERTEX_POINT('',#11168);
#3700=VERTEX_POINT('',#11170);
#3701=VERTEX_POINT('',#11172);
#3702=VERTEX_POINT('',#11174);
#3703=VERTEX_POINT('',#11176);
#3704=VERTEX_POINT('',#11178);
#3705=VERTEX_POINT('',#11180);
#3706=VERTEX_POINT('',#11182);
#3707=VERTEX_POINT('',#11184);
#3708=VERTEX_POINT('',#11186);
#3709=VERTEX_POINT('',#11188);
#3710=VERTEX_POINT('',#11190);
#3711=VERTEX_POINT('',#11192);
#3712=VERTEX_POINT('',#11194);
#3713=VERTEX_POINT('',#11196);
#3714=VERTEX_POINT('',#11198);
#3715=VERTEX_POINT('',#11200);
#3716=VERTEX_POINT('',#11202);
#3717=VERTEX_POINT('',#11204);
#3718=VERTEX_POINT('',#11206);
#3719=VERTEX_POINT('',#11208);
#3720=VERTEX_POINT('',#11210);
#3721=VERTEX_POINT('',#11212);
#3722=VERTEX_POINT('',#11214);
#3723=VERTEX_POINT('',#11216);
#3724=VERTEX_POINT('',#11218);
#3725=VERTEX_POINT('',#11220);
#3726=VERTEX_POINT('',#11222);
#3727=VERTEX_POINT('',#11224);
#3728=VERTEX_POINT('',#11226);
#3729=VERTEX_POINT('',#11228);
#3730=VERTEX_POINT('',#11230);
#3731=VERTEX_POINT('',#11232);
#3732=VERTEX_POINT('',#11234);
#3733=VERTEX_POINT('',#11236);
#3734=VERTEX_POINT('',#11238);
#3735=VERTEX_POINT('',#11240);
#3736=VERTEX_POINT('',#11242);
#3737=VERTEX_POINT('',#11244);
#3738=VERTEX_POINT('',#11246);
#3739=VERTEX_POINT('',#11248);
#3740=VERTEX_POINT('',#11250);
#3741=VERTEX_POINT('',#11252);
#3742=VERTEX_POINT('',#11254);
#3743=VERTEX_POINT('',#11256);
#3744=VERTEX_POINT('',#11258);
#3745=VERTEX_POINT('',#11260);
#3746=VERTEX_POINT('',#11262);
#3747=VERTEX_POINT('',#11264);
#3748=VERTEX_POINT('',#11266);
#3749=VERTEX_POINT('',#11268);
#3750=VERTEX_POINT('',#11270);
#3751=VERTEX_POINT('',#11272);
#3752=VERTEX_POINT('',#11274);
#3753=VERTEX_POINT('',#11276);
#3754=VERTEX_POINT('',#11278);
#3755=VERTEX_POINT('',#11280);
#3756=VERTEX_POINT('',#11282);
#3757=VERTEX_POINT('',#11284);
#3758=VERTEX_POINT('',#11286);
#3759=VERTEX_POINT('',#11288);
#3760=VERTEX_POINT('',#11290);
#3761=VERTEX_POINT('',#11292);
#3762=VERTEX_POINT('',#11294);
#3763=VERTEX_POINT('',#11296);
#3764=VERTEX_POINT('',#11298);
#3765=VERTEX_POINT('',#11300);
#3766=VERTEX_POINT('',#11302);
#3767=VERTEX_POINT('',#11304);
#3768=VERTEX_POINT('',#11306);
#3769=VERTEX_POINT('',#11308);
#3770=VERTEX_POINT('',#11310);
#3771=VERTEX_POINT('',#11312);
#3772=VERTEX_POINT('',#11314);
#3773=VERTEX_POINT('',#11316);
#3774=VERTEX_POINT('',#11318);
#3775=VERTEX_POINT('',#11320);
#3776=VERTEX_POINT('',#11322);
#3777=VERTEX_POINT('',#11324);
#3778=VERTEX_POINT('',#11326);
#3779=VERTEX_POINT('',#11328);
#3780=VERTEX_POINT('',#11330);
#3781=VERTEX_POINT('',#11332);
#3782=VERTEX_POINT('',#11334);
#3783=VERTEX_POINT('',#11336);
#3784=VERTEX_POINT('',#11338);
#3785=VERTEX_POINT('',#11340);
#3786=VERTEX_POINT('',#11342);
#3787=VERTEX_POINT('',#11344);
#3788=VERTEX_POINT('',#11346);
#3789=VERTEX_POINT('',#11348);
#3790=VERTEX_POINT('',#11350);
#3791=VERTEX_POINT('',#11352);
#3792=VERTEX_POINT('',#11354);
#3793=VERTEX_POINT('',#11356);
#3794=VERTEX_POINT('',#11358);
#3795=VERTEX_POINT('',#11360);
#3796=VERTEX_POINT('',#11362);
#3797=VERTEX_POINT('',#11364);
#3798=VERTEX_POINT('',#11366);
#3799=VERTEX_POINT('',#11368);
#3800=VERTEX_POINT('',#11370);
#3801=VERTEX_POINT('',#11372);
#3802=VERTEX_POINT('',#11374);
#3803=VERTEX_POINT('',#11376);
#3804=VERTEX_POINT('',#11378);
#3805=VERTEX_POINT('',#11380);
#3806=VERTEX_POINT('',#11382);
#3807=VERTEX_POINT('',#11384);
#3808=VERTEX_POINT('',#11386);
#3809=VERTEX_POINT('',#11388);
#3810=VERTEX_POINT('',#11390);
#3811=VERTEX_POINT('',#11392);
#3812=VERTEX_POINT('',#11394);
#3813=VERTEX_POINT('',#11396);
#3814=VERTEX_POINT('',#11398);
#3815=VERTEX_POINT('',#11400);
#3816=VERTEX_POINT('',#11402);
#3817=VERTEX_POINT('',#11404);
#3818=VERTEX_POINT('',#11406);
#3819=VERTEX_POINT('',#11408);
#3820=VERTEX_POINT('',#11410);
#3821=VERTEX_POINT('',#11412);
#3822=VERTEX_POINT('',#11414);
#3823=VERTEX_POINT('',#11416);
#3824=VERTEX_POINT('',#11418);
#3825=VERTEX_POINT('',#11420);
#3826=VERTEX_POINT('',#11422);
#3827=VERTEX_POINT('',#11424);
#3828=VERTEX_POINT('',#11426);
#3829=VERTEX_POINT('',#11428);
#3830=VERTEX_POINT('',#11430);
#3831=VERTEX_POINT('',#11432);
#3832=VERTEX_POINT('',#11434);
#3833=VERTEX_POINT('',#11436);
#3834=VERTEX_POINT('',#11438);
#3835=VERTEX_POINT('',#11440);
#3836=VERTEX_POINT('',#11442);
#3837=VERTEX_POINT('',#11444);
#3838=VERTEX_POINT('',#11446);
#3839=VERTEX_POINT('',#11448);
#3840=VERTEX_POINT('',#11450);
#3841=VERTEX_POINT('',#11452);
#3842=VERTEX_POINT('',#11454);
#3843=VERTEX_POINT('',#11456);
#3844=VERTEX_POINT('',#11458);
#3845=VERTEX_POINT('',#11460);
#3846=VERTEX_POINT('',#11462);
#3847=VERTEX_POINT('',#11464);
#3848=VERTEX_POINT('',#11466);
#3849=VERTEX_POINT('',#11468);
#3850=VERTEX_POINT('',#11470);
#3851=VERTEX_POINT('',#11472);
#3852=VERTEX_POINT('',#11474);
#3853=VERTEX_POINT('',#11476);
#3854=VERTEX_POINT('',#11478);
#3855=VERTEX_POINT('',#11480);
#3856=VERTEX_POINT('',#11482);
#3857=VERTEX_POINT('',#11484);
#3858=VERTEX_POINT('',#11486);
#3859=VERTEX_POINT('',#11488);
#3860=VERTEX_POINT('',#11490);
#3861=VERTEX_POINT('',#11492);
#3862=VERTEX_POINT('',#11494);
#3863=VERTEX_POINT('',#11496);
#3864=VERTEX_POINT('',#11498);
#3865=VERTEX_POINT('',#11500);
#3866=VERTEX_POINT('',#11502);
#3867=VERTEX_POINT('',#11504);
#3868=VERTEX_POINT('',#11506);
#3869=VERTEX_POINT('',#11508);
#3870=VERTEX_POINT('',#11510);
#3871=VERTEX_POINT('',#11512);
#3872=VERTEX_POINT('',#11514);
#3873=VERTEX_POINT('',#11516);
#3874=VERTEX_POINT('',#11518);
#3875=VERTEX_POINT('',#11520);
#3876=VERTEX_POINT('',#11522);
#3877=VERTEX_POINT('',#11524);
#3878=VERTEX_POINT('',#11526);
#3879=VERTEX_POINT('',#11528);
#3880=VERTEX_POINT('',#11530);
#3881=VERTEX_POINT('',#11532);
#3882=VERTEX_POINT('',#11534);
#3883=VERTEX_POINT('',#11536);
#3884=VERTEX_POINT('',#11538);
#3885=VERTEX_POINT('',#11540);
#3886=VERTEX_POINT('',#11542);
#3887=VERTEX_POINT('',#11544);
#3888=VERTEX_POINT('',#11546);
#3889=VERTEX_POINT('',#11548);
#3890=VERTEX_POINT('',#11550);
#3891=VERTEX_POINT('',#11552);
#3892=VERTEX_POINT('',#11554);
#3893=VERTEX_POINT('',#11556);
#3894=VERTEX_POINT('',#11558);
#3895=VERTEX_POINT('',#11560);
#3896=VERTEX_POINT('',#11562);
#3897=VERTEX_POINT('',#11564);
#3898=VERTEX_POINT('',#11566);
#3899=VERTEX_POINT('',#11568);
#3900=VERTEX_POINT('',#11570);
#3901=VERTEX_POINT('',#11572);
#3902=VERTEX_POINT('',#11574);
#3903=VERTEX_POINT('',#11576);
#3904=VERTEX_POINT('',#11578);
#3905=VERTEX_POINT('',#11580);
#3906=VERTEX_POINT('',#11582);
#3907=VERTEX_POINT('',#11584);
#3908=VERTEX_POINT('',#11586);
#3909=VERTEX_POINT('',#11588);
#3910=VERTEX_POINT('',#11590);
#3911=VERTEX_POINT('',#11592);
#3912=VERTEX_POINT('',#11594);
#3913=VERTEX_POINT('',#11596);
#3914=VERTEX_POINT('',#11598);
#3915=VERTEX_POINT('',#11600);
#3916=VERTEX_POINT('',#11602);
#3917=VERTEX_POINT('',#11604);
#3918=VERTEX_POINT('',#11606);
#3919=VERTEX_POINT('',#11608);
#3920=VERTEX_POINT('',#11610);
#3921=VERTEX_POINT('',#11612);
#3922=VERTEX_POINT('',#11614);
#3923=VERTEX_POINT('',#11616);
#3924=VERTEX_POINT('',#11618);
#3925=VERTEX_POINT('',#11620);
#3926=VERTEX_POINT('',#11622);
#3927=VERTEX_POINT('',#11624);
#3928=VERTEX_POINT('',#11626);
#3929=VERTEX_POINT('',#11628);
#3930=VERTEX_POINT('',#11630);
#3931=VERTEX_POINT('',#11632);
#3932=VERTEX_POINT('',#11634);
#3933=VERTEX_POINT('',#11636);
#3934=VERTEX_POINT('',#11638);
#3935=VERTEX_POINT('',#11640);
#3936=VERTEX_POINT('',#11642);
#3937=VERTEX_POINT('',#11644);
#3938=VERTEX_POINT('',#11646);
#3939=VERTEX_POINT('',#11648);
#3940=VERTEX_POINT('',#11650);
#3941=VERTEX_POINT('',#11652);
#3942=VERTEX_POINT('',#11654);
#3943=VERTEX_POINT('',#11656);
#3944=VERTEX_POINT('',#11658);
#3945=VERTEX_POINT('',#11660);
#3946=VERTEX_POINT('',#11662);
#3947=VERTEX_POINT('',#11664);
#3948=VERTEX_POINT('',#11666);
#3949=VERTEX_POINT('',#11668);
#3950=VERTEX_POINT('',#11670);
#3951=VERTEX_POINT('',#11672);
#3952=VERTEX_POINT('',#11674);
#3953=VERTEX_POINT('',#11676);
#3954=VERTEX_POINT('',#11678);
#3955=VERTEX_POINT('',#11680);
#3956=VERTEX_POINT('',#11682);
#3957=VERTEX_POINT('',#11684);
#3958=VERTEX_POINT('',#11686);
#3959=VERTEX_POINT('',#11690);
#3960=VERTEX_POINT('',#11691);
#3961=VERTEX_POINT('',#11693);
#3962=VERTEX_POINT('',#11695);
#3963=VERTEX_POINT('',#11697);
#3964=VERTEX_POINT('',#11701);
#3965=VERTEX_POINT('',#11702);
#3966=VERTEX_POINT('',#11704);
#3967=VERTEX_POINT('',#11706);
#3968=VERTEX_POINT('',#11710);
#3969=VERTEX_POINT('',#11711);
#3970=VERTEX_POINT('',#11713);
#3971=VERTEX_POINT('',#11716);
#3972=VERTEX_POINT('',#11718);
#3973=VERTEX_POINT('',#11722);
#3974=VERTEX_POINT('',#11724);
#3975=VERTEX_POINT('',#11728);
#3976=VERTEX_POINT('',#11730);
#3977=VERTEX_POINT('',#11734);
#3978=VERTEX_POINT('',#11736);
#3979=VERTEX_POINT('',#11740);
#3980=VERTEX_POINT('',#11742);
#3981=VERTEX_POINT('',#11746);
#3982=VERTEX_POINT('',#11748);
#3983=VERTEX_POINT('',#11752);
#3984=VERTEX_POINT('',#11754);
#3985=VERTEX_POINT('',#11758);
#3986=VERTEX_POINT('',#11760);
#3987=VERTEX_POINT('',#11764);
#3988=VERTEX_POINT('',#11766);
#3989=VERTEX_POINT('',#11770);
#3990=VERTEX_POINT('',#11772);
#3991=VERTEX_POINT('',#11776);
#3992=VERTEX_POINT('',#11778);
#3993=VERTEX_POINT('',#11782);
#3994=VERTEX_POINT('',#11784);
#3995=VERTEX_POINT('',#11788);
#3996=VERTEX_POINT('',#11790);
#3997=VERTEX_POINT('',#11794);
#3998=VERTEX_POINT('',#11796);
#3999=VERTEX_POINT('',#11800);
#4000=VERTEX_POINT('',#11802);
#4001=VERTEX_POINT('',#11806);
#4002=VERTEX_POINT('',#11808);
#4003=VERTEX_POINT('',#11812);
#4004=VERTEX_POINT('',#11814);
#4005=VERTEX_POINT('',#11818);
#4006=VERTEX_POINT('',#11820);
#4007=VERTEX_POINT('',#11824);
#4008=VERTEX_POINT('',#11825);
#4009=VERTEX_POINT('',#11827);
#4010=VERTEX_POINT('',#11829);
#4011=VERTEX_POINT('',#11833);
#4012=VERTEX_POINT('',#11835);
#4013=VERTEX_POINT('',#11839);
#4014=VERTEX_POINT('',#11841);
#4015=VERTEX_POINT('',#11845);
#4016=VERTEX_POINT('',#11847);
#4017=VERTEX_POINT('',#11851);
#4018=VERTEX_POINT('',#11853);
#4019=VERTEX_POINT('',#11857);
#4020=VERTEX_POINT('',#11859);
#4021=VERTEX_POINT('',#11863);
#4022=VERTEX_POINT('',#11865);
#4023=VERTEX_POINT('',#11869);
#4024=VERTEX_POINT('',#11871);
#4025=VERTEX_POINT('',#11875);
#4026=VERTEX_POINT('',#11877);
#4027=VERTEX_POINT('',#11881);
#4028=VERTEX_POINT('',#11882);
#4029=VERTEX_POINT('',#11884);
#4030=VERTEX_POINT('',#11887);
#4031=VERTEX_POINT('',#11891);
#4032=VERTEX_POINT('',#11893);
#4033=VERTEX_POINT('',#11897);
#4034=VERTEX_POINT('',#11901);
#4035=VERTEX_POINT('',#11905);
#4036=VERTEX_POINT('',#11909);
#4037=VERTEX_POINT('',#11913);
#4038=VERTEX_POINT('',#11917);
#4039=VERTEX_POINT('',#11921);
#4040=VERTEX_POINT('',#11925);
#4041=VERTEX_POINT('',#11929);
#4042=VERTEX_POINT('',#11930);
#4043=VERTEX_POINT('',#11932);
#4044=VERTEX_POINT('',#11934);
#4045=VERTEX_POINT('',#11938);
#4046=VERTEX_POINT('',#11940);
#4047=VERTEX_POINT('',#11944);
#4048=VERTEX_POINT('',#11946);
#4049=VERTEX_POINT('',#11950);
#4050=VERTEX_POINT('',#11952);
#4051=VERTEX_POINT('',#11956);
#4052=VERTEX_POINT('',#11958);
#4053=VERTEX_POINT('',#11962);
#4054=VERTEX_POINT('',#11964);
#4055=VERTEX_POINT('',#11968);
#4056=VERTEX_POINT('',#11970);
#4057=VERTEX_POINT('',#11974);
#4058=VERTEX_POINT('',#11976);
#4059=VERTEX_POINT('',#11983);
#4060=VERTEX_POINT('',#11985);
#4061=VERTEX_POINT('',#11989);
#4062=VERTEX_POINT('',#11991);
#4063=VERTEX_POINT('',#11995);
#4064=VERTEX_POINT('',#11999);
#4065=VERTEX_POINT('',#12003);
#4066=VERTEX_POINT('',#12007);
#4067=VERTEX_POINT('',#12011);
#4068=VERTEX_POINT('',#12015);
#4069=VERTEX_POINT('',#12019);
#4070=VERTEX_POINT('',#12023);
#4071=VERTEX_POINT('',#12027);
#4072=VERTEX_POINT('',#12031);
#4073=VERTEX_POINT('',#12035);
#4074=VERTEX_POINT('',#12039);
#4075=VERTEX_POINT('',#12043);
#4076=VERTEX_POINT('',#12047);
#4077=VERTEX_POINT('',#12051);
#4078=VERTEX_POINT('',#12057);
#4079=VERTEX_POINT('',#12061);
#4080=VERTEX_POINT('',#12063);
#4081=VERTEX_POINT('',#12067);
#4082=VERTEX_POINT('',#12071);
#4083=VERTEX_POINT('',#12075);
#4084=VERTEX_POINT('',#12079);
#4085=VERTEX_POINT('',#12083);
#4086=VERTEX_POINT('',#12087);
#4087=VERTEX_POINT('',#12091);
#4088=VERTEX_POINT('',#12095);
#4089=VERTEX_POINT('',#12099);
#4090=VERTEX_POINT('',#12103);
#4091=VERTEX_POINT('',#12107);
#4092=VERTEX_POINT('',#12111);
#4093=VERTEX_POINT('',#12115);
#4094=VERTEX_POINT('',#12119);
#4095=VERTEX_POINT('',#12123);
#4096=VERTEX_POINT('',#12129);
#4097=VERTEX_POINT('',#12133);
#4098=VERTEX_POINT('',#12135);
#4099=VERTEX_POINT('',#12139);
#4100=VERTEX_POINT('',#12143);
#4101=VERTEX_POINT('',#12147);
#4102=VERTEX_POINT('',#12151);
#4103=VERTEX_POINT('',#12155);
#4104=VERTEX_POINT('',#12159);
#4105=VERTEX_POINT('',#12163);
#4106=VERTEX_POINT('',#12167);
#4107=VERTEX_POINT('',#12171);
#4108=VERTEX_POINT('',#12175);
#4109=VERTEX_POINT('',#12179);
#4110=VERTEX_POINT('',#12183);
#4111=VERTEX_POINT('',#12187);
#4112=VERTEX_POINT('',#12191);
#4113=VERTEX_POINT('',#12195);
#4114=VERTEX_POINT('',#12201);
#4115=VERTEX_POINT('',#12205);
#4116=VERTEX_POINT('',#12207);
#4117=VERTEX_POINT('',#12211);
#4118=VERTEX_POINT('',#12215);
#4119=VERTEX_POINT('',#12219);
#4120=VERTEX_POINT('',#12223);
#4121=VERTEX_POINT('',#12227);
#4122=VERTEX_POINT('',#12231);
#4123=VERTEX_POINT('',#12235);
#4124=VERTEX_POINT('',#12239);
#4125=VERTEX_POINT('',#12243);
#4126=VERTEX_POINT('',#12247);
#4127=VERTEX_POINT('',#12251);
#4128=VERTEX_POINT('',#12255);
#4129=VERTEX_POINT('',#12259);
#4130=VERTEX_POINT('',#12263);
#4131=VERTEX_POINT('',#12267);
#4132=VERTEX_POINT('',#12273);
#4133=VERTEX_POINT('',#12277);
#4134=VERTEX_POINT('',#12279);
#4135=VERTEX_POINT('',#12283);
#4136=VERTEX_POINT('',#12287);
#4137=VERTEX_POINT('',#12291);
#4138=VERTEX_POINT('',#12295);
#4139=VERTEX_POINT('',#12299);
#4140=VERTEX_POINT('',#12303);
#4141=VERTEX_POINT('',#12307);
#4142=VERTEX_POINT('',#12311);
#4143=VERTEX_POINT('',#12315);
#4144=VERTEX_POINT('',#12319);
#4145=VERTEX_POINT('',#12323);
#4146=VERTEX_POINT('',#12327);
#4147=VERTEX_POINT('',#12331);
#4148=VERTEX_POINT('',#12335);
#4149=VERTEX_POINT('',#12339);
#4150=VERTEX_POINT('',#12345);
#4151=VERTEX_POINT('',#12349);
#4152=VERTEX_POINT('',#12351);
#4153=VERTEX_POINT('',#12355);
#4154=VERTEX_POINT('',#12357);
#4155=VERTEX_POINT('',#12361);
#4156=VERTEX_POINT('',#12363);
#4157=VERTEX_POINT('',#12367);
#4158=VERTEX_POINT('',#12369);
#4159=VERTEX_POINT('',#12373);
#4160=VERTEX_POINT('',#12375);
#4161=VERTEX_POINT('',#12379);
#4162=VERTEX_POINT('',#12381);
#4163=VERTEX_POINT('',#12385);
#4164=VERTEX_POINT('',#12387);
#4165=VERTEX_POINT('',#12394);
#4166=VERTEX_POINT('',#12395);
#4167=VERTEX_POINT('',#12397);
#4168=VERTEX_POINT('',#12399);
#4169=VERTEX_POINT('',#12403);
#4170=VERTEX_POINT('',#12405);
#4171=VERTEX_POINT('',#12409);
#4172=VERTEX_POINT('',#12411);
#4173=VERTEX_POINT('',#12415);
#4174=VERTEX_POINT('',#12417);
#4175=VERTEX_POINT('',#12421);
#4176=VERTEX_POINT('',#12423);
#4177=VERTEX_POINT('',#12427);
#4178=VERTEX_POINT('',#12429);
#4179=VERTEX_POINT('',#12433);
#4180=VERTEX_POINT('',#12435);
#4181=VERTEX_POINT('',#12442);
#4182=VERTEX_POINT('',#12444);
#4183=VERTEX_POINT('',#12448);
#4184=VERTEX_POINT('',#12452);
#4185=VERTEX_POINT('',#12456);
#4186=VERTEX_POINT('',#12460);
#4187=VERTEX_POINT('',#12464);
#4188=VERTEX_POINT('',#12468);
#4189=VERTEX_POINT('',#12472);
#4190=VERTEX_POINT('',#12478);
#4191=VERTEX_POINT('',#12480);
#4192=VERTEX_POINT('',#12484);
#4193=VERTEX_POINT('',#12488);
#4194=VERTEX_POINT('',#12492);
#4195=VERTEX_POINT('',#12496);
#4196=VERTEX_POINT('',#12500);
#4197=VERTEX_POINT('',#12504);
#4198=VERTEX_POINT('',#12508);
#4199=VERTEX_POINT('',#12512);
#4200=VERTEX_POINT('',#12516);
#4201=VERTEX_POINT('',#12520);
#4202=VERTEX_POINT('',#12524);
#4203=VERTEX_POINT('',#12528);
#4204=VERTEX_POINT('',#12532);
#4205=VERTEX_POINT('',#12536);
#4206=VERTEX_POINT('',#12540);
#4207=VERTEX_POINT('',#12546);
#4208=VERTEX_POINT('',#12550);
#4209=VERTEX_POINT('',#12552);
#4210=VERTEX_POINT('',#12556);
#4211=VERTEX_POINT('',#12560);
#4212=VERTEX_POINT('',#12564);
#4213=VERTEX_POINT('',#12568);
#4214=VERTEX_POINT('',#12572);
#4215=VERTEX_POINT('',#12576);
#4216=VERTEX_POINT('',#12580);
#4217=VERTEX_POINT('',#12584);
#4218=VERTEX_POINT('',#12588);
#4219=VERTEX_POINT('',#12592);
#4220=VERTEX_POINT('',#12596);
#4221=VERTEX_POINT('',#12600);
#4222=VERTEX_POINT('',#12604);
#4223=VERTEX_POINT('',#12610);
#4224=VERTEX_POINT('',#12614);
#4225=VERTEX_POINT('',#12616);
#4226=VERTEX_POINT('',#12620);
#4227=VERTEX_POINT('',#12624);
#4228=VERTEX_POINT('',#12628);
#4229=VERTEX_POINT('',#12632);
#4230=VERTEX_POINT('',#12636);
#4231=VERTEX_POINT('',#12640);
#4232=VERTEX_POINT('',#12644);
#4233=VERTEX_POINT('',#12648);
#4234=VERTEX_POINT('',#12652);
#4235=VERTEX_POINT('',#12656);
#4236=VERTEX_POINT('',#12660);
#4237=VERTEX_POINT('',#12664);
#4238=VERTEX_POINT('',#12668);
#4239=VERTEX_POINT('',#12674);
#4240=VERTEX_POINT('',#12678);
#4241=VERTEX_POINT('',#12680);
#4242=VERTEX_POINT('',#12684);
#4243=VERTEX_POINT('',#12688);
#4244=VERTEX_POINT('',#12692);
#4245=VERTEX_POINT('',#12696);
#4246=VERTEX_POINT('',#12700);
#4247=VERTEX_POINT('',#12704);
#4248=VERTEX_POINT('',#12708);
#4249=VERTEX_POINT('',#12712);
#4250=VERTEX_POINT('',#12716);
#4251=VERTEX_POINT('',#12720);
#4252=VERTEX_POINT('',#12724);
#4253=VERTEX_POINT('',#12728);
#4254=VERTEX_POINT('',#12732);
#4255=VERTEX_POINT('',#12738);
#4256=VERTEX_POINT('',#12742);
#4257=VERTEX_POINT('',#12744);
#4258=VERTEX_POINT('',#12748);
#4259=VERTEX_POINT('',#12752);
#4260=VERTEX_POINT('',#12756);
#4261=VERTEX_POINT('',#12760);
#4262=VERTEX_POINT('',#12764);
#4263=VERTEX_POINT('',#12768);
#4264=VERTEX_POINT('',#12772);
#4265=VERTEX_POINT('',#12776);
#4266=VERTEX_POINT('',#12780);
#4267=VERTEX_POINT('',#12784);
#4268=VERTEX_POINT('',#12788);
#4269=VERTEX_POINT('',#12792);
#4270=VERTEX_POINT('',#12796);
#4271=VERTEX_POINT('',#12802);
#4272=VERTEX_POINT('',#12806);
#4273=VERTEX_POINT('',#12808);
#4274=VERTEX_POINT('',#12812);
#4275=VERTEX_POINT('',#12816);
#4276=VERTEX_POINT('',#12820);
#4277=VERTEX_POINT('',#12824);
#4278=VERTEX_POINT('',#12828);
#4279=VERTEX_POINT('',#12832);
#4280=VERTEX_POINT('',#12836);
#4281=VERTEX_POINT('',#12840);
#4282=VERTEX_POINT('',#12844);
#4283=VERTEX_POINT('',#12848);
#4284=VERTEX_POINT('',#12852);
#4285=VERTEX_POINT('',#12856);
#4286=VERTEX_POINT('',#12860);
#4287=VERTEX_POINT('',#12866);
#4288=VERTEX_POINT('',#12870);
#4289=VERTEX_POINT('',#12872);
#4290=VERTEX_POINT('',#12876);
#4291=VERTEX_POINT('',#12880);
#4292=VERTEX_POINT('',#12884);
#4293=VERTEX_POINT('',#12888);
#4294=VERTEX_POINT('',#12892);
#4295=VERTEX_POINT('',#12896);
#4296=VERTEX_POINT('',#12900);
#4297=VERTEX_POINT('',#12904);
#4298=VERTEX_POINT('',#12908);
#4299=VERTEX_POINT('',#12912);
#4300=VERTEX_POINT('',#12916);
#4301=VERTEX_POINT('',#12920);
#4302=VERTEX_POINT('',#12924);
#4303=VERTEX_POINT('',#12930);
#4304=VERTEX_POINT('',#12934);
#4305=VERTEX_POINT('',#12936);
#4306=VERTEX_POINT('',#12940);
#4307=VERTEX_POINT('',#12944);
#4308=VERTEX_POINT('',#12948);
#4309=VERTEX_POINT('',#12952);
#4310=VERTEX_POINT('',#12956);
#4311=VERTEX_POINT('',#12960);
#4312=VERTEX_POINT('',#12964);
#4313=VERTEX_POINT('',#12968);
#4314=VERTEX_POINT('',#12972);
#4315=VERTEX_POINT('',#12976);
#4316=VERTEX_POINT('',#12980);
#4317=VERTEX_POINT('',#12984);
#4318=VERTEX_POINT('',#12988);
#4319=VERTEX_POINT('',#12994);
#4320=VERTEX_POINT('',#12998);
#4321=VERTEX_POINT('',#13000);
#4322=VERTEX_POINT('',#13004);
#4323=VERTEX_POINT('',#13008);
#4324=VERTEX_POINT('',#13012);
#4325=VERTEX_POINT('',#13016);
#4326=VERTEX_POINT('',#13020);
#4327=VERTEX_POINT('',#13024);
#4328=VERTEX_POINT('',#13028);
#4329=VERTEX_POINT('',#13032);
#4330=VERTEX_POINT('',#13036);
#4331=VERTEX_POINT('',#13040);
#4332=VERTEX_POINT('',#13044);
#4333=VERTEX_POINT('',#13048);
#4334=VERTEX_POINT('',#13052);
#4335=VERTEX_POINT('',#13058);
#4336=VERTEX_POINT('',#13062);
#4337=VERTEX_POINT('',#13064);
#4338=VERTEX_POINT('',#13068);
#4339=VERTEX_POINT('',#13072);
#4340=VERTEX_POINT('',#13076);
#4341=VERTEX_POINT('',#13080);
#4342=VERTEX_POINT('',#13084);
#4343=VERTEX_POINT('',#13088);
#4344=VERTEX_POINT('',#13092);
#4345=VERTEX_POINT('',#13096);
#4346=VERTEX_POINT('',#13100);
#4347=VERTEX_POINT('',#13104);
#4348=VERTEX_POINT('',#13108);
#4349=VERTEX_POINT('',#13112);
#4350=VERTEX_POINT('',#13116);
#4351=VERTEX_POINT('',#13122);
#4352=VERTEX_POINT('',#13126);
#4353=VERTEX_POINT('',#13128);
#4354=VERTEX_POINT('',#13132);
#4355=VERTEX_POINT('',#13136);
#4356=VERTEX_POINT('',#13140);
#4357=VERTEX_POINT('',#13144);
#4358=VERTEX_POINT('',#13148);
#4359=VERTEX_POINT('',#13152);
#4360=VERTEX_POINT('',#13156);
#4361=VERTEX_POINT('',#13160);
#4362=VERTEX_POINT('',#13164);
#4363=VERTEX_POINT('',#13168);
#4364=VERTEX_POINT('',#13172);
#4365=VERTEX_POINT('',#13176);
#4366=VERTEX_POINT('',#13180);
#4367=VERTEX_POINT('',#13186);
#4368=VERTEX_POINT('',#13192);
#4369=VERTEX_POINT('',#13224);
#4370=VERTEX_POINT('',#13228);
#4371=VERTEX_POINT('',#13229);
#4372=VERTEX_POINT('',#13231);
#4373=VERTEX_POINT('',#13233);
#4374=VERTEX_POINT('',#13237);
#4375=VERTEX_POINT('',#13238);
#4376=VERTEX_POINT('',#13240);
#4377=VERTEX_POINT('',#13242);
#4378=VERTEX_POINT('',#13246);
#4379=VERTEX_POINT('',#13248);
#4380=VERTEX_POINT('',#13250);
#4381=VERTEX_POINT('',#13257);
#4382=VERTEX_POINT('',#13258);
#4383=VERTEX_POINT('',#13260);
#4384=VERTEX_POINT('',#13262);
#4385=VERTEX_POINT('',#13266);
#4386=VERTEX_POINT('',#13267);
#4387=VERTEX_POINT('',#13269);
#4388=VERTEX_POINT('',#13271);
#4389=VERTEX_POINT('',#13275);
#4390=VERTEX_POINT('',#13286);
#4391=VERTEX_POINT('',#13287);
#4392=VERTEX_POINT('',#13292);
#4393=VERTEX_POINT('',#13294);
#4394=VERTEX_POINT('',#13301);
#4395=VERTEX_POINT('',#13303);
#4396=VERTEX_POINT('',#13310);
#4397=VERTEX_POINT('',#13312);
#4398=VERTEX_POINT('',#13326);
#4399=VERTEX_POINT('',#13330);
#4400=VERTEX_POINT('',#13332);
#4401=VERTEX_POINT('',#13336);
#4402=VERTEX_POINT('',#13337);
#4403=VERTEX_POINT('',#13339);
#4404=VERTEX_POINT('',#13341);
#4405=VERTEX_POINT('',#13345);
#4406=VERTEX_POINT('',#13346);
#4407=VERTEX_POINT('',#13351);
#4408=VERTEX_POINT('',#13352);
#4409=VERTEX_POINT('',#13357);
#4410=VERTEX_POINT('',#13358);
#4411=VERTEX_POINT('',#13366);
#4412=VERTEX_POINT('',#13368);
#4413=VERTEX_POINT('',#13372);
#4414=VERTEX_POINT('',#13373);
#4415=VERTEX_POINT('',#13378);
#4416=VERTEX_POINT('',#13379);
#4417=VERTEX_POINT('',#13391);
#4418=VERTEX_POINT('',#13395);
#4419=VERTEX_POINT('',#13397);
#4420=VERTEX_POINT('',#13399);
#4421=VERTEX_POINT('',#13401);
#4422=VERTEX_POINT('',#13403);
#4423=VERTEX_POINT('',#13405);
#4424=VERTEX_POINT('',#13407);
#4425=VERTEX_POINT('',#13409);
#4426=EDGE_CURVE('',#3624,#3624,#3606,.T.);
#4427=EDGE_CURVE('',#3624,#3625,#1264,.T.);
#4428=EDGE_CURVE('',#3625,#3625,#3607,.T.);
#4429=EDGE_CURVE('',#3626,#3626,#3608,.T.);
#4430=EDGE_CURVE('',#3626,#3627,#1265,.T.);
#4431=EDGE_CURVE('',#3627,#3627,#3609,.T.);
#4432=EDGE_CURVE('',#3628,#3629,#21,.T.);
#4433=EDGE_CURVE('',#3629,#3630,#1266,.T.);
#4434=EDGE_CURVE('',#3630,#3631,#22,.T.);
#4435=EDGE_CURVE('',#3631,#3628,#1267,.T.);
#4436=EDGE_CURVE('',#3629,#3632,#1268,.T.);
#4437=EDGE_CURVE('',#3632,#3630,#1269,.T.);
#4438=EDGE_CURVE('',#3633,#3634,#23,.F.);
#4439=EDGE_CURVE('',#3635,#3633,#24,.F.);
#4440=EDGE_CURVE('',#3636,#3635,#25,.F.);
#4441=EDGE_CURVE('',#3636,#3637,#1270,.T.);
#4442=EDGE_CURVE('',#3637,#3638,#3610,.T.);
#4443=EDGE_CURVE('',#3638,#3639,#1271,.T.);
#4444=EDGE_CURVE('',#3640,#3639,#26,.F.);
#4445=EDGE_CURVE('',#3641,#3640,#27,.F.);
#4446=EDGE_CURVE('',#3642,#3641,#28,.F.);
#4447=EDGE_CURVE('',#3643,#3642,#29,.F.);
#4448=EDGE_CURVE('',#3644,#3643,#30,.F.);
#4449=EDGE_CURVE('',#3645,#3644,#31,.F.);
#4450=EDGE_CURVE('',#3646,#3645,#32,.F.);
#4451=EDGE_CURVE('',#3647,#3646,#33,.F.);
#4452=EDGE_CURVE('',#3648,#3647,#34,.F.);
#4453=EDGE_CURVE('',#3649,#3648,#3611,.F.);
#4454=EDGE_CURVE('',#3650,#3649,#35,.F.);
#4455=EDGE_CURVE('',#3651,#3650,#36,.F.);
#4456=EDGE_CURVE('',#3652,#3651,#37,.F.);
#4457=EDGE_CURVE('',#3653,#3652,#38,.F.);
#4458=EDGE_CURVE('',#3654,#3653,#39,.F.);
#4459=EDGE_CURVE('',#3634,#3654,#40,.F.);
#4460=EDGE_CURVE('',#3638,#3655,#1272,.T.);
#4461=EDGE_CURVE('',#3656,#3655,#1273,.T.);
#4462=EDGE_CURVE('',#3657,#3656,#1274,.T.);
#4463=EDGE_CURVE('',#3657,#3658,#1275,.T.);
#4464=EDGE_CURVE('',#3658,#3659,#1276,.T.);
#4465=EDGE_CURVE('',#3659,#3660,#1277,.T.);
#4466=EDGE_CURVE('',#3660,#3661,#1278,.T.);
#4467=EDGE_CURVE('',#3661,#3662,#1279,.T.);
#4468=EDGE_CURVE('',#3662,#3663,#1280,.T.);
#4469=EDGE_CURVE('',#3663,#3664,#1281,.T.);
#4470=EDGE_CURVE('',#3664,#3665,#1282,.T.);
#4471=EDGE_CURVE('',#3665,#3666,#1283,.T.);
#4472=EDGE_CURVE('',#3667,#3666,#1284,.T.);
#4473=EDGE_CURVE('',#3668,#3667,#1285,.T.);
#4474=EDGE_CURVE('',#3669,#3668,#1286,.T.);
#4475=EDGE_CURVE('',#3670,#3669,#1287,.T.);
#4476=EDGE_CURVE('',#3671,#3670,#1288,.T.);
#4477=EDGE_CURVE('',#3672,#3671,#1289,.T.);
#4478=EDGE_CURVE('',#3673,#3672,#1290,.T.);
#4479=EDGE_CURVE('',#3674,#3673,#1291,.T.);
#4480=EDGE_CURVE('',#3675,#3674,#1292,.T.);
#4481=EDGE_CURVE('',#3676,#3675,#1293,.T.);
#4482=EDGE_CURVE('',#3677,#3676,#1294,.T.);
#4483=EDGE_CURVE('',#3677,#3678,#1295,.T.);
#4484=EDGE_CURVE('',#3678,#3679,#1296,.T.);
#4485=EDGE_CURVE('',#3679,#3680,#1297,.T.);
#4486=EDGE_CURVE('',#3680,#3681,#1298,.T.);
#4487=EDGE_CURVE('',#3681,#3682,#1299,.T.);
#4488=EDGE_CURVE('',#3682,#3683,#1300,.T.);
#4489=EDGE_CURVE('',#3683,#3684,#1301,.T.);
#4490=EDGE_CURVE('',#3684,#3685,#1302,.T.);
#4491=EDGE_CURVE('',#3685,#3686,#1303,.T.);
#4492=EDGE_CURVE('',#3687,#3686,#1304,.T.);
#4493=EDGE_CURVE('',#3688,#3687,#1305,.T.);
#4494=EDGE_CURVE('',#3689,#3688,#1306,.T.);
#4495=EDGE_CURVE('',#3690,#3689,#1307,.T.);
#4496=EDGE_CURVE('',#3691,#3690,#1308,.T.);
#4497=EDGE_CURVE('',#3692,#3691,#1309,.T.);
#4498=EDGE_CURVE('',#3693,#3692,#1310,.T.);
#4499=EDGE_CURVE('',#3694,#3693,#1311,.T.);
#4500=EDGE_CURVE('',#3695,#3694,#1312,.T.);
#4501=EDGE_CURVE('',#3696,#3695,#1313,.T.);
#4502=EDGE_CURVE('',#3697,#3696,#1314,.T.);
#4503=EDGE_CURVE('',#3697,#3698,#1315,.T.);
#4504=EDGE_CURVE('',#3698,#3699,#1316,.T.);
#4505=EDGE_CURVE('',#3699,#3700,#1317,.T.);
#4506=EDGE_CURVE('',#3700,#3701,#1318,.T.);
#4507=EDGE_CURVE('',#3701,#3702,#1319,.T.);
#4508=EDGE_CURVE('',#3702,#3703,#1320,.T.);
#4509=EDGE_CURVE('',#3703,#3704,#1321,.T.);
#4510=EDGE_CURVE('',#3704,#3705,#1322,.T.);
#4511=EDGE_CURVE('',#3705,#3706,#1323,.T.);
#4512=EDGE_CURVE('',#3707,#3706,#1324,.T.);
#4513=EDGE_CURVE('',#3708,#3707,#1325,.T.);
#4514=EDGE_CURVE('',#3709,#3708,#1326,.T.);
#4515=EDGE_CURVE('',#3710,#3709,#1327,.T.);
#4516=EDGE_CURVE('',#3711,#3710,#1328,.T.);
#4517=EDGE_CURVE('',#3712,#3711,#1329,.T.);
#4518=EDGE_CURVE('',#3713,#3712,#1330,.T.);
#4519=EDGE_CURVE('',#3714,#3713,#1331,.T.);
#4520=EDGE_CURVE('',#3715,#3714,#1332,.T.);
#4521=EDGE_CURVE('',#3716,#3715,#1333,.T.);
#4522=EDGE_CURVE('',#3717,#3716,#1334,.T.);
#4523=EDGE_CURVE('',#3717,#3718,#1335,.T.);
#4524=EDGE_CURVE('',#3718,#3719,#1336,.T.);
#4525=EDGE_CURVE('',#3719,#3720,#1337,.T.);
#4526=EDGE_CURVE('',#3720,#3721,#1338,.T.);
#4527=EDGE_CURVE('',#3721,#3722,#1339,.T.);
#4528=EDGE_CURVE('',#3722,#3723,#1340,.T.);
#4529=EDGE_CURVE('',#3723,#3724,#1341,.T.);
#4530=EDGE_CURVE('',#3724,#3725,#1342,.T.);
#4531=EDGE_CURVE('',#3725,#3726,#1343,.T.);
#4532=EDGE_CURVE('',#3727,#3726,#1344,.T.);
#4533=EDGE_CURVE('',#3728,#3727,#1345,.T.);
#4534=EDGE_CURVE('',#3729,#3728,#1346,.T.);
#4535=EDGE_CURVE('',#3730,#3729,#1347,.T.);
#4536=EDGE_CURVE('',#3731,#3730,#1348,.T.);
#4537=EDGE_CURVE('',#3732,#3731,#1349,.T.);
#4538=EDGE_CURVE('',#3733,#3732,#1350,.T.);
#4539=EDGE_CURVE('',#3734,#3733,#1351,.T.);
#4540=EDGE_CURVE('',#3735,#3734,#1352,.T.);
#4541=EDGE_CURVE('',#3736,#3735,#1353,.T.);
#4542=EDGE_CURVE('',#3737,#3736,#1354,.T.);
#4543=EDGE_CURVE('',#3737,#3738,#1355,.T.);
#4544=EDGE_CURVE('',#3738,#3739,#1356,.T.);
#4545=EDGE_CURVE('',#3739,#3740,#1357,.T.);
#4546=EDGE_CURVE('',#3740,#3741,#1358,.T.);
#4547=EDGE_CURVE('',#3741,#3742,#1359,.T.);
#4548=EDGE_CURVE('',#3742,#3743,#1360,.T.);
#4549=EDGE_CURVE('',#3743,#3744,#1361,.T.);
#4550=EDGE_CURVE('',#3744,#3745,#1362,.T.);
#4551=EDGE_CURVE('',#3745,#3746,#1363,.T.);
#4552=EDGE_CURVE('',#3747,#3746,#1364,.T.);
#4553=EDGE_CURVE('',#3748,#3747,#1365,.T.);
#4554=EDGE_CURVE('',#3749,#3748,#1366,.T.);
#4555=EDGE_CURVE('',#3750,#3749,#1367,.T.);
#4556=EDGE_CURVE('',#3751,#3750,#1368,.T.);
#4557=EDGE_CURVE('',#3752,#3751,#1369,.T.);
#4558=EDGE_CURVE('',#3753,#3752,#1370,.T.);
#4559=EDGE_CURVE('',#3754,#3753,#1371,.T.);
#4560=EDGE_CURVE('',#3755,#3754,#1372,.T.);
#4561=EDGE_CURVE('',#3756,#3755,#1373,.T.);
#4562=EDGE_CURVE('',#3757,#3756,#1374,.T.);
#4563=EDGE_CURVE('',#3757,#3758,#1375,.T.);
#4564=EDGE_CURVE('',#3758,#3759,#1376,.T.);
#4565=EDGE_CURVE('',#3759,#3760,#1377,.T.);
#4566=EDGE_CURVE('',#3760,#3761,#1378,.T.);
#4567=EDGE_CURVE('',#3761,#3762,#1379,.T.);
#4568=EDGE_CURVE('',#3762,#3763,#1380,.T.);
#4569=EDGE_CURVE('',#3763,#3764,#1381,.T.);
#4570=EDGE_CURVE('',#3764,#3765,#1382,.T.);
#4571=EDGE_CURVE('',#3766,#3765,#1383,.T.);
#4572=EDGE_CURVE('',#3767,#3766,#1384,.T.);
#4573=EDGE_CURVE('',#3768,#3767,#1385,.T.);
#4574=EDGE_CURVE('',#3769,#3768,#1386,.T.);
#4575=EDGE_CURVE('',#3770,#3769,#1387,.T.);
#4576=EDGE_CURVE('',#3771,#3770,#1388,.T.);
#4577=EDGE_CURVE('',#3772,#3771,#1389,.T.);
#4578=EDGE_CURVE('',#3773,#3772,#1390,.T.);
#4579=EDGE_CURVE('',#3774,#3773,#1391,.T.);
#4580=EDGE_CURVE('',#3775,#3774,#1392,.T.);
#4581=EDGE_CURVE('',#3775,#3776,#1393,.T.);
#4582=EDGE_CURVE('',#3776,#3777,#1394,.T.);
#4583=EDGE_CURVE('',#3777,#3778,#1395,.T.);
#4584=EDGE_CURVE('',#3778,#3779,#1396,.T.);
#4585=EDGE_CURVE('',#3779,#3780,#1397,.T.);
#4586=EDGE_CURVE('',#3780,#3781,#1398,.T.);
#4587=EDGE_CURVE('',#3781,#3782,#1399,.T.);
#4588=EDGE_CURVE('',#3782,#3783,#1400,.T.);
#4589=EDGE_CURVE('',#3784,#3783,#1401,.T.);
#4590=EDGE_CURVE('',#3785,#3784,#1402,.T.);
#4591=EDGE_CURVE('',#3786,#3785,#1403,.T.);
#4592=EDGE_CURVE('',#3787,#3786,#1404,.T.);
#4593=EDGE_CURVE('',#3788,#3787,#1405,.T.);
#4594=EDGE_CURVE('',#3789,#3788,#1406,.T.);
#4595=EDGE_CURVE('',#3790,#3789,#1407,.T.);
#4596=EDGE_CURVE('',#3791,#3790,#1408,.T.);
#4597=EDGE_CURVE('',#3792,#3791,#1409,.T.);
#4598=EDGE_CURVE('',#3793,#3792,#1410,.T.);
#4599=EDGE_CURVE('',#3793,#3794,#1411,.T.);
#4600=EDGE_CURVE('',#3794,#3795,#1412,.T.);
#4601=EDGE_CURVE('',#3795,#3796,#1413,.T.);
#4602=EDGE_CURVE('',#3796,#3797,#1414,.T.);
#4603=EDGE_CURVE('',#3797,#3798,#1415,.T.);
#4604=EDGE_CURVE('',#3798,#3799,#1416,.T.);
#4605=EDGE_CURVE('',#3799,#3800,#1417,.T.);
#4606=EDGE_CURVE('',#3800,#3801,#1418,.T.);
#4607=EDGE_CURVE('',#3802,#3801,#1419,.T.);
#4608=EDGE_CURVE('',#3803,#3802,#1420,.T.);
#4609=EDGE_CURVE('',#3804,#3803,#1421,.T.);
#4610=EDGE_CURVE('',#3805,#3804,#1422,.T.);
#4611=EDGE_CURVE('',#3806,#3805,#1423,.T.);
#4612=EDGE_CURVE('',#3807,#3806,#1424,.T.);
#4613=EDGE_CURVE('',#3808,#3807,#1425,.T.);
#4614=EDGE_CURVE('',#3809,#3808,#1426,.T.);
#4615=EDGE_CURVE('',#3810,#3809,#1427,.T.);
#4616=EDGE_CURVE('',#3811,#3810,#1428,.T.);
#4617=EDGE_CURVE('',#3811,#3812,#1429,.T.);
#4618=EDGE_CURVE('',#3812,#3813,#1430,.T.);
#4619=EDGE_CURVE('',#3813,#3814,#1431,.T.);
#4620=EDGE_CURVE('',#3814,#3815,#1432,.T.);
#4621=EDGE_CURVE('',#3815,#3816,#1433,.T.);
#4622=EDGE_CURVE('',#3816,#3817,#1434,.T.);
#4623=EDGE_CURVE('',#3817,#3818,#1435,.T.);
#4624=EDGE_CURVE('',#3818,#3819,#1436,.T.);
#4625=EDGE_CURVE('',#3820,#3819,#1437,.T.);
#4626=EDGE_CURVE('',#3821,#3820,#1438,.T.);
#4627=EDGE_CURVE('',#3822,#3821,#1439,.T.);
#4628=EDGE_CURVE('',#3823,#3822,#1440,.T.);
#4629=EDGE_CURVE('',#3824,#3823,#1441,.T.);
#4630=EDGE_CURVE('',#3825,#3824,#1442,.T.);
#4631=EDGE_CURVE('',#3826,#3825,#1443,.T.);
#4632=EDGE_CURVE('',#3827,#3826,#1444,.T.);
#4633=EDGE_CURVE('',#3828,#3827,#1445,.T.);
#4634=EDGE_CURVE('',#3829,#3828,#1446,.T.);
#4635=EDGE_CURVE('',#3829,#3830,#1447,.T.);
#4636=EDGE_CURVE('',#3830,#3831,#1448,.T.);
#4637=EDGE_CURVE('',#3831,#3832,#1449,.T.);
#4638=EDGE_CURVE('',#3832,#3833,#1450,.T.);
#4639=EDGE_CURVE('',#3833,#3834,#1451,.T.);
#4640=EDGE_CURVE('',#3834,#3835,#1452,.T.);
#4641=EDGE_CURVE('',#3835,#3836,#1453,.T.);
#4642=EDGE_CURVE('',#3836,#3837,#1454,.T.);
#4643=EDGE_CURVE('',#3838,#3837,#1455,.T.);
#4644=EDGE_CURVE('',#3839,#3838,#1456,.T.);
#4645=EDGE_CURVE('',#3840,#3839,#1457,.T.);
#4646=EDGE_CURVE('',#3841,#3840,#1458,.T.);
#4647=EDGE_CURVE('',#3842,#3841,#1459,.T.);
#4648=EDGE_CURVE('',#3843,#3842,#1460,.T.);
#4649=EDGE_CURVE('',#3844,#3843,#1461,.T.);
#4650=EDGE_CURVE('',#3845,#3844,#1462,.T.);
#4651=EDGE_CURVE('',#3846,#3845,#1463,.T.);
#4652=EDGE_CURVE('',#3847,#3846,#1464,.T.);
#4653=EDGE_CURVE('',#3847,#3848,#1465,.T.);
#4654=EDGE_CURVE('',#3848,#3849,#1466,.T.);
#4655=EDGE_CURVE('',#3849,#3850,#1467,.T.);
#4656=EDGE_CURVE('',#3850,#3851,#1468,.T.);
#4657=EDGE_CURVE('',#3851,#3852,#1469,.T.);
#4658=EDGE_CURVE('',#3852,#3853,#1470,.T.);
#4659=EDGE_CURVE('',#3853,#3854,#1471,.T.);
#4660=EDGE_CURVE('',#3854,#3855,#1472,.T.);
#4661=EDGE_CURVE('',#3856,#3855,#1473,.T.);
#4662=EDGE_CURVE('',#3857,#3856,#1474,.T.);
#4663=EDGE_CURVE('',#3858,#3857,#1475,.T.);
#4664=EDGE_CURVE('',#3859,#3858,#1476,.T.);
#4665=EDGE_CURVE('',#3860,#3859,#1477,.T.);
#4666=EDGE_CURVE('',#3861,#3860,#1478,.T.);
#4667=EDGE_CURVE('',#3862,#3861,#1479,.T.);
#4668=EDGE_CURVE('',#3863,#3862,#1480,.T.);
#4669=EDGE_CURVE('',#3864,#3863,#1481,.T.);
#4670=EDGE_CURVE('',#3865,#3864,#1482,.T.);
#4671=EDGE_CURVE('',#3865,#3866,#1483,.T.);
#4672=EDGE_CURVE('',#3866,#3867,#1484,.T.);
#4673=EDGE_CURVE('',#3867,#3868,#1485,.T.);
#4674=EDGE_CURVE('',#3868,#3869,#1486,.T.);
#4675=EDGE_CURVE('',#3869,#3870,#1487,.T.);
#4676=EDGE_CURVE('',#3870,#3871,#1488,.T.);
#4677=EDGE_CURVE('',#3871,#3872,#1489,.T.);
#4678=EDGE_CURVE('',#3872,#3873,#1490,.T.);
#4679=EDGE_CURVE('',#3874,#3873,#1491,.T.);
#4680=EDGE_CURVE('',#3875,#3874,#1492,.T.);
#4681=EDGE_CURVE('',#3876,#3875,#1493,.T.);
#4682=EDGE_CURVE('',#3877,#3876,#1494,.T.);
#4683=EDGE_CURVE('',#3878,#3877,#1495,.T.);
#4684=EDGE_CURVE('',#3879,#3878,#1496,.T.);
#4685=EDGE_CURVE('',#3880,#3879,#1497,.T.);
#4686=EDGE_CURVE('',#3881,#3880,#1498,.T.);
#4687=EDGE_CURVE('',#3882,#3881,#1499,.T.);
#4688=EDGE_CURVE('',#3883,#3882,#1500,.T.);
#4689=EDGE_CURVE('',#3883,#3884,#1501,.T.);
#4690=EDGE_CURVE('',#3884,#3885,#1502,.T.);
#4691=EDGE_CURVE('',#3885,#3886,#1503,.T.);
#4692=EDGE_CURVE('',#3886,#3887,#1504,.T.);
#4693=EDGE_CURVE('',#3887,#3888,#1505,.T.);
#4694=EDGE_CURVE('',#3888,#3889,#1506,.T.);
#4695=EDGE_CURVE('',#3889,#3890,#1507,.T.);
#4696=EDGE_CURVE('',#3890,#3891,#1508,.T.);
#4697=EDGE_CURVE('',#3892,#3891,#1509,.T.);
#4698=EDGE_CURVE('',#3893,#3892,#1510,.T.);
#4699=EDGE_CURVE('',#3894,#3893,#1511,.T.);
#4700=EDGE_CURVE('',#3895,#3894,#1512,.T.);
#4701=EDGE_CURVE('',#3896,#3895,#1513,.T.);
#4702=EDGE_CURVE('',#3897,#3896,#1514,.T.);
#4703=EDGE_CURVE('',#3898,#3897,#1515,.T.);
#4704=EDGE_CURVE('',#3899,#3898,#1516,.T.);
#4705=EDGE_CURVE('',#3900,#3899,#1517,.T.);
#4706=EDGE_CURVE('',#3901,#3900,#1518,.T.);
#4707=EDGE_CURVE('',#3901,#3902,#1519,.T.);
#4708=EDGE_CURVE('',#3902,#3903,#1520,.T.);
#4709=EDGE_CURVE('',#3903,#3904,#1521,.T.);
#4710=EDGE_CURVE('',#3904,#3905,#1522,.T.);
#4711=EDGE_CURVE('',#3905,#3906,#1523,.T.);
#4712=EDGE_CURVE('',#3906,#3907,#1524,.T.);
#4713=EDGE_CURVE('',#3907,#3908,#1525,.T.);
#4714=EDGE_CURVE('',#3908,#3909,#1526,.T.);
#4715=EDGE_CURVE('',#3910,#3909,#1527,.T.);
#4716=EDGE_CURVE('',#3911,#3910,#1528,.T.);
#4717=EDGE_CURVE('',#3912,#3911,#1529,.T.);
#4718=EDGE_CURVE('',#3913,#3912,#1530,.T.);
#4719=EDGE_CURVE('',#3914,#3913,#1531,.T.);
#4720=EDGE_CURVE('',#3915,#3914,#1532,.T.);
#4721=EDGE_CURVE('',#3916,#3915,#1533,.T.);
#4722=EDGE_CURVE('',#3917,#3916,#1534,.T.);
#4723=EDGE_CURVE('',#3918,#3917,#1535,.T.);
#4724=EDGE_CURVE('',#3919,#3918,#1536,.T.);
#4725=EDGE_CURVE('',#3919,#3920,#1537,.T.);
#4726=EDGE_CURVE('',#3920,#3921,#1538,.T.);
#4727=EDGE_CURVE('',#3921,#3922,#1539,.T.);
#4728=EDGE_CURVE('',#3922,#3923,#1540,.T.);
#4729=EDGE_CURVE('',#3923,#3924,#1541,.T.);
#4730=EDGE_CURVE('',#3924,#3925,#1542,.T.);
#4731=EDGE_CURVE('',#3925,#3926,#1543,.T.);
#4732=EDGE_CURVE('',#3926,#3927,#1544,.T.);
#4733=EDGE_CURVE('',#3928,#3927,#1545,.T.);
#4734=EDGE_CURVE('',#3929,#3928,#1546,.T.);
#4735=EDGE_CURVE('',#3930,#3929,#1547,.T.);
#4736=EDGE_CURVE('',#3931,#3930,#1548,.T.);
#4737=EDGE_CURVE('',#3932,#3931,#1549,.T.);
#4738=EDGE_CURVE('',#3933,#3932,#1550,.T.);
#4739=EDGE_CURVE('',#3934,#3933,#1551,.T.);
#4740=EDGE_CURVE('',#3935,#3934,#1552,.T.);
#4741=EDGE_CURVE('',#3936,#3935,#1553,.T.);
#4742=EDGE_CURVE('',#3937,#3936,#1554,.T.);
#4743=EDGE_CURVE('',#3937,#3938,#1555,.T.);
#4744=EDGE_CURVE('',#3938,#3939,#1556,.T.);
#4745=EDGE_CURVE('',#3939,#3940,#1557,.T.);
#4746=EDGE_CURVE('',#3940,#3941,#1558,.T.);
#4747=EDGE_CURVE('',#3941,#3942,#1559,.T.);
#4748=EDGE_CURVE('',#3942,#3943,#1560,.T.);
#4749=EDGE_CURVE('',#3943,#3944,#1561,.T.);
#4750=EDGE_CURVE('',#3944,#3945,#1562,.T.);
#4751=EDGE_CURVE('',#3945,#3946,#1563,.T.);
#4752=EDGE_CURVE('',#3947,#3946,#1564,.T.);
#4753=EDGE_CURVE('',#3948,#3947,#1565,.T.);
#4754=EDGE_CURVE('',#3949,#3948,#1566,.T.);
#4755=EDGE_CURVE('',#3950,#3949,#1567,.T.);
#4756=EDGE_CURVE('',#3951,#3950,#1568,.T.);
#4757=EDGE_CURVE('',#3952,#3951,#1569,.T.);
#4758=EDGE_CURVE('',#3953,#3952,#1570,.T.);
#4759=EDGE_CURVE('',#3954,#3953,#1571,.T.);
#4760=EDGE_CURVE('',#3955,#3954,#1572,.T.);
#4761=EDGE_CURVE('',#3956,#3955,#1573,.T.);
#4762=EDGE_CURVE('',#3957,#3956,#1574,.T.);
#4763=EDGE_CURVE('',#3958,#3957,#1575,.T.);
#4764=EDGE_CURVE('',#3639,#3958,#1576,.T.);
#4765=EDGE_CURVE('',#3959,#3960,#1577,.T.);
#4766=EDGE_CURVE('',#3961,#3959,#1578,.T.);
#4767=EDGE_CURVE('',#3961,#3962,#1579,.T.);
#4768=EDGE_CURVE('',#3962,#3963,#1580,.T.);
#4769=EDGE_CURVE('',#3963,#3960,#1581,.T.);
#4770=EDGE_CURVE('',#3964,#3965,#1582,.T.);
#4771=EDGE_CURVE('',#3966,#3964,#1583,.T.);
#4772=EDGE_CURVE('',#3966,#3967,#1584,.T.);
#4773=EDGE_CURVE('',#3967,#3965,#1585,.T.);
#4774=EDGE_CURVE('',#3968,#3969,#1586,.T.);
#4775=EDGE_CURVE('',#3970,#3968,#1587,.T.);
#4776=EDGE_CURVE('',#3636,#3970,#1588,.T.);
#4777=EDGE_CURVE('',#3971,#3635,#1589,.T.);
#4778=EDGE_CURVE('',#3972,#3971,#1590,.T.);
#4779=EDGE_CURVE('',#3969,#3972,#1591,.T.);
#4780=EDGE_CURVE('',#3956,#3973,#1592,.T.);
#4781=EDGE_CURVE('',#3974,#3955,#1593,.T.);
#4782=EDGE_CURVE('',#3973,#3974,#1594,.T.);
#4783=EDGE_CURVE('',#3975,#3935,#1595,.T.);
#4784=EDGE_CURVE('',#3976,#3975,#1596,.T.);
#4785=EDGE_CURVE('',#3976,#3936,#1597,.T.);
#4786=EDGE_CURVE('',#3977,#3917,#1598,.T.);
#4787=EDGE_CURVE('',#3978,#3977,#1599,.T.);
#4788=EDGE_CURVE('',#3978,#3918,#1600,.T.);
#4789=EDGE_CURVE('',#3979,#3899,#1601,.T.);
#4790=EDGE_CURVE('',#3980,#3979,#1602,.T.);
#4791=EDGE_CURVE('',#3980,#3900,#1603,.T.);
#4792=EDGE_CURVE('',#3981,#3881,#1604,.T.);
#4793=EDGE_CURVE('',#3982,#3981,#1605,.T.);
#4794=EDGE_CURVE('',#3982,#3882,#1606,.T.);
#4795=EDGE_CURVE('',#3983,#3863,#1607,.T.);
#4796=EDGE_CURVE('',#3984,#3983,#1608,.T.);
#4797=EDGE_CURVE('',#3984,#3864,#1609,.T.);
#4798=EDGE_CURVE('',#3985,#3845,#1610,.T.);
#4799=EDGE_CURVE('',#3986,#3985,#1611,.T.);
#4800=EDGE_CURVE('',#3986,#3846,#1612,.T.);
#4801=EDGE_CURVE('',#3987,#3827,#1613,.T.);
#4802=EDGE_CURVE('',#3988,#3987,#1614,.T.);
#4803=EDGE_CURVE('',#3988,#3828,#1615,.T.);
#4804=EDGE_CURVE('',#3989,#3809,#1616,.T.);
#4805=EDGE_CURVE('',#3990,#3989,#1617,.T.);
#4806=EDGE_CURVE('',#3990,#3810,#1618,.T.);
#4807=EDGE_CURVE('',#3991,#3791,#1619,.T.);
#4808=EDGE_CURVE('',#3992,#3991,#1620,.T.);
#4809=EDGE_CURVE('',#3992,#3792,#1621,.T.);
#4810=EDGE_CURVE('',#3993,#3773,#1622,.T.);
#4811=EDGE_CURVE('',#3994,#3993,#1623,.T.);
#4812=EDGE_CURVE('',#3994,#3774,#1624,.T.);
#4813=EDGE_CURVE('',#3755,#3995,#1625,.T.);
#4814=EDGE_CURVE('',#3996,#3995,#1626,.T.);
#4815=EDGE_CURVE('',#3996,#3756,#1627,.T.);
#4816=EDGE_CURVE('',#3997,#3735,#1628,.T.);
#4817=EDGE_CURVE('',#3998,#3997,#1629,.T.);
#4818=EDGE_CURVE('',#3998,#3736,#1630,.T.);
#4819=EDGE_CURVE('',#3999,#3715,#1631,.T.);
#4820=EDGE_CURVE('',#4000,#3999,#1632,.T.);
#4821=EDGE_CURVE('',#4000,#3716,#1633,.T.);
#4822=EDGE_CURVE('',#4001,#3695,#1634,.T.);
#4823=EDGE_CURVE('',#4002,#4001,#1635,.T.);
#4824=EDGE_CURVE('',#4002,#3696,#1636,.T.);
#4825=EDGE_CURVE('',#4003,#3675,#1637,.T.);
#4826=EDGE_CURVE('',#4004,#4003,#1638,.T.);
#4827=EDGE_CURVE('',#4004,#3676,#1639,.T.);
#4828=EDGE_CURVE('',#4005,#3961,#1640,.T.);
#4829=EDGE_CURVE('',#4005,#4006,#1641,.T.);
#4830=EDGE_CURVE('',#3962,#4006,#1642,.T.);
#4831=EDGE_CURVE('',#4007,#4008,#1643,.T.);
#4832=EDGE_CURVE('',#4009,#4007,#1644,.T.);
#4833=EDGE_CURVE('',#4010,#4009,#1645,.T.);
#4834=EDGE_CURVE('',#4010,#4008,#1646,.T.);
#4835=EDGE_CURVE('',#4011,#4007,#1647,.T.);
#4836=EDGE_CURVE('',#4012,#4011,#1648,.T.);
#4837=EDGE_CURVE('',#4012,#4009,#1649,.T.);
#4838=EDGE_CURVE('',#4013,#4011,#1650,.T.);
#4839=EDGE_CURVE('',#4014,#4013,#1651,.T.);
#4840=EDGE_CURVE('',#4014,#4012,#1652,.T.);
#4841=EDGE_CURVE('',#4015,#4013,#1653,.T.);
#4842=EDGE_CURVE('',#4016,#4015,#1654,.T.);
#4843=EDGE_CURVE('',#4016,#4014,#1655,.T.);
#4844=EDGE_CURVE('',#4017,#4015,#1656,.T.);
#4845=EDGE_CURVE('',#4018,#4017,#1657,.T.);
#4846=EDGE_CURVE('',#4018,#4016,#1658,.T.);
#4847=EDGE_CURVE('',#4019,#4017,#1659,.T.);
#4848=EDGE_CURVE('',#4020,#4019,#1660,.T.);
#4849=EDGE_CURVE('',#4020,#4018,#1661,.T.);
#4850=EDGE_CURVE('',#4021,#4019,#1662,.T.);
#4851=EDGE_CURVE('',#4022,#4021,#1663,.T.);
#4852=EDGE_CURVE('',#4022,#4020,#1664,.T.);
#4853=EDGE_CURVE('',#4023,#4021,#1665,.T.);
#4854=EDGE_CURVE('',#4024,#4023,#1666,.T.);
#4855=EDGE_CURVE('',#4024,#4022,#1667,.T.);
#4856=EDGE_CURVE('',#4025,#4023,#1668,.T.);
#4857=EDGE_CURVE('',#4026,#4025,#1669,.T.);
#4858=EDGE_CURVE('',#4026,#4024,#1670,.T.);
#4859=EDGE_CURVE('',#4027,#4028,#1671,.T.);
#4860=EDGE_CURVE('',#4029,#4028,#1672,.T.);
#4861=EDGE_CURVE('',#4029,#4026,#1673,.T.);
#4862=EDGE_CURVE('',#4030,#4025,#1674,.T.);
#4863=EDGE_CURVE('',#4030,#4027,#1675,.T.);
#4864=EDGE_CURVE('',#3648,#4031,#1676,.T.);
#4865=EDGE_CURVE('',#4032,#4031,#1677,.T.);
#4866=EDGE_CURVE('',#4032,#3649,#1678,.T.);
#4867=EDGE_CURVE('',#3647,#4033,#1679,.T.);
#4868=EDGE_CURVE('',#4033,#4031,#1680,.T.);
#4869=EDGE_CURVE('',#3646,#4034,#1681,.T.);
#4870=EDGE_CURVE('',#4034,#4033,#1682,.T.);
#4871=EDGE_CURVE('',#3645,#4035,#1683,.T.);
#4872=EDGE_CURVE('',#4035,#4034,#1684,.T.);
#4873=EDGE_CURVE('',#3644,#4036,#1685,.T.);
#4874=EDGE_CURVE('',#4036,#4035,#1686,.T.);
#4875=EDGE_CURVE('',#3643,#4037,#1687,.T.);
#4876=EDGE_CURVE('',#4037,#4036,#1688,.T.);
#4877=EDGE_CURVE('',#3642,#4038,#1689,.T.);
#4878=EDGE_CURVE('',#4038,#4037,#1690,.T.);
#4879=EDGE_CURVE('',#3641,#4039,#1691,.T.);
#4880=EDGE_CURVE('',#4039,#4038,#1692,.T.);
#4881=EDGE_CURVE('',#3640,#4040,#1693,.T.);
#4882=EDGE_CURVE('',#4040,#4039,#1694,.T.);
#4883=EDGE_CURVE('',#4041,#4042,#1695,.T.);
#4884=EDGE_CURVE('',#4043,#4041,#1696,.T.);
#4885=EDGE_CURVE('',#4044,#4043,#1697,.T.);
#4886=EDGE_CURVE('',#4044,#4042,#1698,.T.);
#4887=EDGE_CURVE('',#4045,#4041,#1699,.T.);
#4888=EDGE_CURVE('',#4046,#4045,#1700,.T.);
#4889=EDGE_CURVE('',#4046,#4043,#1701,.T.);
#4890=EDGE_CURVE('',#4047,#4045,#1702,.T.);
#4891=EDGE_CURVE('',#4048,#4047,#1703,.T.);
#4892=EDGE_CURVE('',#4048,#4046,#1704,.T.);
#4893=EDGE_CURVE('',#4049,#4047,#1705,.T.);
#4894=EDGE_CURVE('',#4050,#4049,#1706,.T.);
#4895=EDGE_CURVE('',#4050,#4048,#1707,.T.);
#4896=EDGE_CURVE('',#4051,#4049,#1708,.T.);
#4897=EDGE_CURVE('',#4052,#4051,#1709,.T.);
#4898=EDGE_CURVE('',#4052,#4050,#1710,.T.);
#4899=EDGE_CURVE('',#4053,#4051,#1711,.T.);
#4900=EDGE_CURVE('',#4054,#4053,#1712,.T.);
#4901=EDGE_CURVE('',#4054,#4052,#1713,.T.);
#4902=EDGE_CURVE('',#4055,#4053,#1714,.T.);
#4903=EDGE_CURVE('',#4056,#4055,#1715,.T.);
#4904=EDGE_CURVE('',#4056,#4054,#1716,.T.);
#4905=EDGE_CURVE('',#4057,#4055,#1717,.T.);
#4906=EDGE_CURVE('',#4058,#4057,#1718,.T.);
#4907=EDGE_CURVE('',#4058,#4056,#1719,.T.);
#4908=EDGE_CURVE('',#3965,#4057,#1720,.T.);
#4909=EDGE_CURVE('',#3967,#4058,#1721,.T.);
#4910=EDGE_CURVE('',#4059,#3959,#1722,.T.);
#4911=EDGE_CURVE('',#4060,#4059,#1723,.T.);
#4912=EDGE_CURVE('',#4005,#4060,#1724,.T.);
#4913=EDGE_CURVE('',#4061,#3745,#1725,.T.);
#4914=EDGE_CURVE('',#4061,#4062,#1726,.T.);
#4915=EDGE_CURVE('',#4062,#3746,#1727,.T.);
#4916=EDGE_CURVE('',#4063,#3744,#1728,.T.);
#4917=EDGE_CURVE('',#4063,#4061,#1729,.T.);
#4918=EDGE_CURVE('',#4064,#3743,#1730,.T.);
#4919=EDGE_CURVE('',#4064,#4063,#1731,.T.);
#4920=EDGE_CURVE('',#4065,#3742,#1732,.T.);
#4921=EDGE_CURVE('',#4065,#4064,#1733,.T.);
#4922=EDGE_CURVE('',#4066,#3741,#1734,.T.);
#4923=EDGE_CURVE('',#4066,#4065,#1735,.T.);
#4924=EDGE_CURVE('',#4067,#3740,#1736,.T.);
#4925=EDGE_CURVE('',#4067,#4066,#1737,.T.);
#4926=EDGE_CURVE('',#4068,#3739,#1738,.T.);
#4927=EDGE_CURVE('',#4068,#4067,#1739,.T.);
#4928=EDGE_CURVE('',#4069,#3738,#1740,.T.);
#4929=EDGE_CURVE('',#4069,#4068,#1741,.T.);
#4930=EDGE_CURVE('',#4070,#4062,#1742,.T.);
#4931=EDGE_CURVE('',#4070,#3747,#1743,.T.);
#4932=EDGE_CURVE('',#4071,#3754,#1744,.T.);
#4933=EDGE_CURVE('',#3995,#4071,#1745,.T.);
#4934=EDGE_CURVE('',#4072,#3753,#1746,.T.);
#4935=EDGE_CURVE('',#4071,#4072,#1747,.T.);
#4936=EDGE_CURVE('',#4073,#3752,#1748,.T.);
#4937=EDGE_CURVE('',#4072,#4073,#1749,.T.);
#4938=EDGE_CURVE('',#4074,#3751,#1750,.T.);
#4939=EDGE_CURVE('',#4073,#4074,#1751,.T.);
#4940=EDGE_CURVE('',#4075,#3750,#1752,.T.);
#4941=EDGE_CURVE('',#4074,#4075,#1753,.T.);
#4942=EDGE_CURVE('',#4076,#3749,#1754,.T.);
#4943=EDGE_CURVE('',#4075,#4076,#1755,.T.);
#4944=EDGE_CURVE('',#4077,#3748,#1756,.T.);
#4945=EDGE_CURVE('',#4076,#4077,#1757,.T.);
#4946=EDGE_CURVE('',#4077,#4070,#1758,.T.);
#4947=EDGE_CURVE('',#4078,#4069,#1759,.T.);
#4948=EDGE_CURVE('',#4078,#3737,#1760,.T.);
#4949=EDGE_CURVE('',#4079,#3725,#1761,.T.);
#4950=EDGE_CURVE('',#4079,#4080,#1762,.T.);
#4951=EDGE_CURVE('',#4080,#3726,#1763,.T.);
#4952=EDGE_CURVE('',#4081,#3724,#1764,.T.);
#4953=EDGE_CURVE('',#4081,#4079,#1765,.T.);
#4954=EDGE_CURVE('',#4082,#3723,#1766,.T.);
#4955=EDGE_CURVE('',#4082,#4081,#1767,.T.);
#4956=EDGE_CURVE('',#4083,#3722,#1768,.T.);
#4957=EDGE_CURVE('',#4083,#4082,#1769,.T.);
#4958=EDGE_CURVE('',#4084,#3721,#1770,.T.);
#4959=EDGE_CURVE('',#4084,#4083,#1771,.T.);
#4960=EDGE_CURVE('',#4085,#3720,#1772,.T.);
#4961=EDGE_CURVE('',#4085,#4084,#1773,.T.);
#4962=EDGE_CURVE('',#4086,#3719,#1774,.T.);
#4963=EDGE_CURVE('',#4086,#4085,#1775,.T.);
#4964=EDGE_CURVE('',#4087,#3718,#1776,.T.);
#4965=EDGE_CURVE('',#4087,#4086,#1777,.T.);
#4966=EDGE_CURVE('',#4088,#4080,#1778,.T.);
#4967=EDGE_CURVE('',#4088,#3727,#1779,.T.);
#4968=EDGE_CURVE('',#4089,#3734,#1780,.T.);
#4969=EDGE_CURVE('',#3997,#4089,#1781,.T.);
#4970=EDGE_CURVE('',#4090,#3733,#1782,.T.);
#4971=EDGE_CURVE('',#4089,#4090,#1783,.T.);
#4972=EDGE_CURVE('',#4091,#3732,#1784,.T.);
#4973=EDGE_CURVE('',#4090,#4091,#1785,.T.);
#4974=EDGE_CURVE('',#4092,#3731,#1786,.T.);
#4975=EDGE_CURVE('',#4091,#4092,#1787,.T.);
#4976=EDGE_CURVE('',#4093,#3730,#1788,.T.);
#4977=EDGE_CURVE('',#4092,#4093,#1789,.T.);
#4978=EDGE_CURVE('',#4094,#3729,#1790,.T.);
#4979=EDGE_CURVE('',#4093,#4094,#1791,.T.);
#4980=EDGE_CURVE('',#4095,#3728,#1792,.T.);
#4981=EDGE_CURVE('',#4094,#4095,#1793,.T.);
#4982=EDGE_CURVE('',#4095,#4088,#1794,.T.);
#4983=EDGE_CURVE('',#4096,#4087,#1795,.T.);
#4984=EDGE_CURVE('',#4096,#3717,#1796,.T.);
#4985=EDGE_CURVE('',#4097,#3705,#1797,.T.);
#4986=EDGE_CURVE('',#4097,#4098,#1798,.T.);
#4987=EDGE_CURVE('',#4098,#3706,#1799,.T.);
#4988=EDGE_CURVE('',#4099,#3704,#1800,.T.);
#4989=EDGE_CURVE('',#4099,#4097,#1801,.T.);
#4990=EDGE_CURVE('',#4100,#3703,#1802,.T.);
#4991=EDGE_CURVE('',#4100,#4099,#1803,.T.);
#4992=EDGE_CURVE('',#4101,#3702,#1804,.T.);
#4993=EDGE_CURVE('',#4101,#4100,#1805,.T.);
#4994=EDGE_CURVE('',#4102,#3701,#1806,.T.);
#4995=EDGE_CURVE('',#4102,#4101,#1807,.T.);
#4996=EDGE_CURVE('',#4103,#3700,#1808,.T.);
#4997=EDGE_CURVE('',#4103,#4102,#1809,.T.);
#4998=EDGE_CURVE('',#4104,#3699,#1810,.T.);
#4999=EDGE_CURVE('',#4104,#4103,#1811,.T.);
#5000=EDGE_CURVE('',#4105,#3698,#1812,.T.);
#5001=EDGE_CURVE('',#4105,#4104,#1813,.T.);
#5002=EDGE_CURVE('',#4106,#4098,#1814,.T.);
#5003=EDGE_CURVE('',#4106,#3707,#1815,.T.);
#5004=EDGE_CURVE('',#4107,#3714,#1816,.T.);
#5005=EDGE_CURVE('',#3999,#4107,#1817,.T.);
#5006=EDGE_CURVE('',#4108,#3713,#1818,.T.);
#5007=EDGE_CURVE('',#4107,#4108,#1819,.T.);
#5008=EDGE_CURVE('',#4109,#3712,#1820,.T.);
#5009=EDGE_CURVE('',#4108,#4109,#1821,.T.);
#5010=EDGE_CURVE('',#4110,#3711,#1822,.T.);
#5011=EDGE_CURVE('',#4109,#4110,#1823,.T.);
#5012=EDGE_CURVE('',#4111,#3710,#1824,.T.);
#5013=EDGE_CURVE('',#4110,#4111,#1825,.T.);
#5014=EDGE_CURVE('',#4112,#3709,#1826,.T.);
#5015=EDGE_CURVE('',#4111,#4112,#1827,.T.);
#5016=EDGE_CURVE('',#4113,#3708,#1828,.T.);
#5017=EDGE_CURVE('',#4112,#4113,#1829,.T.);
#5018=EDGE_CURVE('',#4113,#4106,#1830,.T.);
#5019=EDGE_CURVE('',#4114,#4105,#1831,.T.);
#5020=EDGE_CURVE('',#4114,#3697,#1832,.T.);
#5021=EDGE_CURVE('',#4115,#3685,#1833,.T.);
#5022=EDGE_CURVE('',#4115,#4116,#1834,.T.);
#5023=EDGE_CURVE('',#4116,#3686,#1835,.T.);
#5024=EDGE_CURVE('',#4117,#3684,#1836,.T.);
#5025=EDGE_CURVE('',#4117,#4115,#1837,.T.);
#5026=EDGE_CURVE('',#4118,#3683,#1838,.T.);
#5027=EDGE_CURVE('',#4118,#4117,#1839,.T.);
#5028=EDGE_CURVE('',#4119,#3682,#1840,.T.);
#5029=EDGE_CURVE('',#4119,#4118,#1841,.T.);
#5030=EDGE_CURVE('',#4120,#3681,#1842,.T.);
#5031=EDGE_CURVE('',#4120,#4119,#1843,.T.);
#5032=EDGE_CURVE('',#4121,#3680,#1844,.T.);
#5033=EDGE_CURVE('',#4121,#4120,#1845,.T.);
#5034=EDGE_CURVE('',#4122,#3679,#1846,.T.);
#5035=EDGE_CURVE('',#4122,#4121,#1847,.T.);
#5036=EDGE_CURVE('',#4123,#3678,#1848,.T.);
#5037=EDGE_CURVE('',#4123,#4122,#1849,.T.);
#5038=EDGE_CURVE('',#4124,#4116,#1850,.T.);
#5039=EDGE_CURVE('',#4124,#3687,#1851,.T.);
#5040=EDGE_CURVE('',#4125,#3694,#1852,.T.);
#5041=EDGE_CURVE('',#4001,#4125,#1853,.T.);
#5042=EDGE_CURVE('',#4126,#3693,#1854,.T.);
#5043=EDGE_CURVE('',#4125,#4126,#1855,.T.);
#5044=EDGE_CURVE('',#4127,#3692,#1856,.T.);
#5045=EDGE_CURVE('',#4126,#4127,#1857,.T.);
#5046=EDGE_CURVE('',#4128,#3691,#1858,.T.);
#5047=EDGE_CURVE('',#4127,#4128,#1859,.T.);
#5048=EDGE_CURVE('',#4129,#3690,#1860,.T.);
#5049=EDGE_CURVE('',#4128,#4129,#1861,.T.);
#5050=EDGE_CURVE('',#4130,#3689,#1862,.T.);
#5051=EDGE_CURVE('',#4129,#4130,#1863,.T.);
#5052=EDGE_CURVE('',#4131,#3688,#1864,.T.);
#5053=EDGE_CURVE('',#4130,#4131,#1865,.T.);
#5054=EDGE_CURVE('',#4131,#4124,#1866,.T.);
#5055=EDGE_CURVE('',#4132,#4123,#1867,.T.);
#5056=EDGE_CURVE('',#4132,#3677,#1868,.T.);
#5057=EDGE_CURVE('',#4133,#3665,#1869,.T.);
#5058=EDGE_CURVE('',#4133,#4134,#1870,.T.);
#5059=EDGE_CURVE('',#4134,#3666,#1871,.T.);
#5060=EDGE_CURVE('',#4135,#3664,#1872,.T.);
#5061=EDGE_CURVE('',#4135,#4133,#1873,.T.);
#5062=EDGE_CURVE('',#4136,#3663,#1874,.T.);
#5063=EDGE_CURVE('',#4136,#4135,#1875,.T.);
#5064=EDGE_CURVE('',#4137,#3662,#1876,.T.);
#5065=EDGE_CURVE('',#4137,#4136,#1877,.T.);
#5066=EDGE_CURVE('',#4138,#3661,#1878,.T.);
#5067=EDGE_CURVE('',#4138,#4137,#1879,.T.);
#5068=EDGE_CURVE('',#4139,#3660,#1880,.T.);
#5069=EDGE_CURVE('',#4139,#4138,#1881,.T.);
#5070=EDGE_CURVE('',#4140,#3659,#1882,.T.);
#5071=EDGE_CURVE('',#4140,#4139,#1883,.T.);
#5072=EDGE_CURVE('',#4141,#3658,#1884,.T.);
#5073=EDGE_CURVE('',#4141,#4140,#1885,.T.);
#5074=EDGE_CURVE('',#4142,#4134,#1886,.T.);
#5075=EDGE_CURVE('',#4142,#3667,#1887,.T.);
#5076=EDGE_CURVE('',#4143,#3674,#1888,.T.);
#5077=EDGE_CURVE('',#4003,#4143,#1889,.T.);
#5078=EDGE_CURVE('',#4144,#3673,#1890,.T.);
#5079=EDGE_CURVE('',#4143,#4144,#1891,.T.);
#5080=EDGE_CURVE('',#4145,#3672,#1892,.T.);
#5081=EDGE_CURVE('',#4144,#4145,#1893,.T.);
#5082=EDGE_CURVE('',#4146,#3671,#1894,.T.);
#5083=EDGE_CURVE('',#4145,#4146,#1895,.T.);
#5084=EDGE_CURVE('',#4147,#3670,#1896,.T.);
#5085=EDGE_CURVE('',#4146,#4147,#1897,.T.);
#5086=EDGE_CURVE('',#4148,#3669,#1898,.T.);
#5087=EDGE_CURVE('',#4147,#4148,#1899,.T.);
#5088=EDGE_CURVE('',#4149,#3668,#1900,.T.);
#5089=EDGE_CURVE('',#4148,#4149,#1901,.T.);
#5090=EDGE_CURVE('',#4149,#4142,#1902,.T.);
#5091=EDGE_CURVE('',#4150,#4141,#1903,.T.);
#5092=EDGE_CURVE('',#4150,#3657,#1904,.T.);
#5093=EDGE_CURVE('',#4151,#4059,#1905,.T.);
#5094=EDGE_CURVE('',#4152,#4151,#1906,.T.);
#5095=EDGE_CURVE('',#4060,#4152,#1907,.T.);
#5096=EDGE_CURVE('',#4153,#4151,#1908,.T.);
#5097=EDGE_CURVE('',#4154,#4153,#1909,.T.);
#5098=EDGE_CURVE('',#4152,#4154,#1910,.T.);
#5099=EDGE_CURVE('',#4155,#4153,#1911,.T.);
#5100=EDGE_CURVE('',#4156,#4155,#1912,.T.);
#5101=EDGE_CURVE('',#4154,#4156,#1913,.T.);
#5102=EDGE_CURVE('',#4157,#4155,#1914,.T.);
#5103=EDGE_CURVE('',#4158,#4157,#1915,.T.);
#5104=EDGE_CURVE('',#4156,#4158,#1916,.T.);
#5105=EDGE_CURVE('',#4159,#4157,#1917,.T.);
#5106=EDGE_CURVE('',#4160,#4159,#1918,.T.);
#5107=EDGE_CURVE('',#4158,#4160,#1919,.T.);
#5108=EDGE_CURVE('',#4161,#4159,#1920,.T.);
#5109=EDGE_CURVE('',#4162,#4161,#1921,.T.);
#5110=EDGE_CURVE('',#4160,#4162,#1922,.T.);
#5111=EDGE_CURVE('',#4163,#4161,#1923,.T.);
#5112=EDGE_CURVE('',#4164,#4163,#1924,.T.);
#5113=EDGE_CURVE('',#4162,#4164,#1925,.T.);
#5114=EDGE_CURVE('',#4008,#4163,#1926,.T.);
#5115=EDGE_CURVE('',#4164,#4010,#1927,.T.);
#5116=EDGE_CURVE('',#4165,#4166,#1928,.T.);
#5117=EDGE_CURVE('',#4167,#4165,#1929,.T.);
#5118=EDGE_CURVE('',#4168,#4167,#1930,.T.);
#5119=EDGE_CURVE('',#4168,#4166,#1931,.T.);
#5120=EDGE_CURVE('',#4169,#4165,#1932,.T.);
#5121=EDGE_CURVE('',#4170,#4169,#1933,.T.);
#5122=EDGE_CURVE('',#4167,#4170,#1934,.T.);
#5123=EDGE_CURVE('',#4171,#4169,#1935,.T.);
#5124=EDGE_CURVE('',#4172,#4171,#1936,.T.);
#5125=EDGE_CURVE('',#4170,#4172,#1937,.T.);
#5126=EDGE_CURVE('',#4173,#4171,#1938,.T.);
#5127=EDGE_CURVE('',#4174,#4173,#1939,.T.);
#5128=EDGE_CURVE('',#4172,#4174,#1940,.T.);
#5129=EDGE_CURVE('',#4175,#4173,#1941,.T.);
#5130=EDGE_CURVE('',#4176,#4175,#1942,.T.);
#5131=EDGE_CURVE('',#4174,#4176,#1943,.T.);
#5132=EDGE_CURVE('',#4177,#4175,#1944,.T.);
#5133=EDGE_CURVE('',#4178,#4177,#1945,.T.);
#5134=EDGE_CURVE('',#4176,#4178,#1946,.T.);
#5135=EDGE_CURVE('',#4179,#4177,#1947,.T.);
#5136=EDGE_CURVE('',#4180,#4179,#1948,.T.);
#5137=EDGE_CURVE('',#4178,#4180,#1949,.T.);
#5138=EDGE_CURVE('',#4042,#4179,#1950,.T.);
#5139=EDGE_CURVE('',#4180,#4044,#1951,.T.);
#5140=EDGE_CURVE('',#4166,#4181,#1952,.T.);
#5141=EDGE_CURVE('',#4182,#4168,#1953,.T.);
#5142=EDGE_CURVE('',#4181,#4182,#1954,.T.);
#5143=EDGE_CURVE('',#4183,#3633,#1955,.T.);
#5144=EDGE_CURVE('',#3971,#4183,#1956,.T.);
#5145=EDGE_CURVE('',#4184,#3634,#1957,.T.);
#5146=EDGE_CURVE('',#4183,#4184,#1958,.T.);
#5147=EDGE_CURVE('',#4185,#3654,#1959,.T.);
#5148=EDGE_CURVE('',#4184,#4185,#1960,.T.);
#5149=EDGE_CURVE('',#4186,#3653,#1961,.T.);
#5150=EDGE_CURVE('',#4185,#4186,#1962,.T.);
#5151=EDGE_CURVE('',#4187,#3652,#1963,.T.);
#5152=EDGE_CURVE('',#4186,#4187,#1964,.T.);
#5153=EDGE_CURVE('',#4188,#3651,#1965,.T.);
#5154=EDGE_CURVE('',#4187,#4188,#1966,.T.);
#5155=EDGE_CURVE('',#4189,#3650,#1967,.T.);
#5156=EDGE_CURVE('',#4188,#4189,#1968,.T.);
#5157=EDGE_CURVE('',#4189,#4032,#1969,.T.);
#5158=EDGE_CURVE('',#4190,#3945,#1970,.T.);
#5159=EDGE_CURVE('',#4190,#4191,#1971,.T.);
#5160=EDGE_CURVE('',#4191,#3946,#1972,.T.);
#5161=EDGE_CURVE('',#4192,#3944,#1973,.T.);
#5162=EDGE_CURVE('',#4192,#4190,#1974,.T.);
#5163=EDGE_CURVE('',#4193,#3943,#1975,.T.);
#5164=EDGE_CURVE('',#4193,#4192,#1976,.T.);
#5165=EDGE_CURVE('',#4194,#3942,#1977,.T.);
#5166=EDGE_CURVE('',#4194,#4193,#1978,.T.);
#5167=EDGE_CURVE('',#4195,#3941,#1979,.T.);
#5168=EDGE_CURVE('',#4195,#4194,#1980,.T.);
#5169=EDGE_CURVE('',#4196,#3940,#1981,.T.);
#5170=EDGE_CURVE('',#4196,#4195,#1982,.T.);
#5171=EDGE_CURVE('',#4197,#3939,#1983,.T.);
#5172=EDGE_CURVE('',#4197,#4196,#1984,.T.);
#5173=EDGE_CURVE('',#4198,#3938,#1985,.T.);
#5174=EDGE_CURVE('',#4198,#4197,#1986,.T.);
#5175=EDGE_CURVE('',#4199,#4191,#1987,.T.);
#5176=EDGE_CURVE('',#4199,#3947,#1988,.T.);
#5177=EDGE_CURVE('',#4200,#3954,#1989,.T.);
#5178=EDGE_CURVE('',#3974,#4200,#1990,.T.);
#5179=EDGE_CURVE('',#4201,#3953,#1991,.T.);
#5180=EDGE_CURVE('',#4200,#4201,#1992,.T.);
#5181=EDGE_CURVE('',#4202,#3952,#1993,.T.);
#5182=EDGE_CURVE('',#4201,#4202,#1994,.T.);
#5183=EDGE_CURVE('',#4203,#3951,#1995,.T.);
#5184=EDGE_CURVE('',#4202,#4203,#1996,.T.);
#5185=EDGE_CURVE('',#4204,#3950,#1997,.T.);
#5186=EDGE_CURVE('',#4203,#4204,#1998,.T.);
#5187=EDGE_CURVE('',#4205,#3949,#1999,.T.);
#5188=EDGE_CURVE('',#4204,#4205,#2000,.T.);
#5189=EDGE_CURVE('',#4206,#3948,#2001,.T.);
#5190=EDGE_CURVE('',#4205,#4206,#2002,.T.);
#5191=EDGE_CURVE('',#4206,#4199,#2003,.T.);
#5192=EDGE_CURVE('',#4207,#4198,#2004,.T.);
#5193=EDGE_CURVE('',#4207,#3937,#2005,.T.);
#5194=EDGE_CURVE('',#4208,#3926,#2006,.T.);
#5195=EDGE_CURVE('',#4208,#4209,#2007,.T.);
#5196=EDGE_CURVE('',#4209,#3927,#2008,.T.);
#5197=EDGE_CURVE('',#4210,#3925,#2009,.T.);
#5198=EDGE_CURVE('',#4210,#4208,#2010,.T.);
#5199=EDGE_CURVE('',#4211,#3924,#2011,.T.);
#5200=EDGE_CURVE('',#4211,#4210,#2012,.T.);
#5201=EDGE_CURVE('',#4212,#3923,#2013,.T.);
#5202=EDGE_CURVE('',#4212,#4211,#2014,.T.);
#5203=EDGE_CURVE('',#4213,#3922,#2015,.T.);
#5204=EDGE_CURVE('',#4213,#4212,#2016,.T.);
#5205=EDGE_CURVE('',#4214,#3921,#2017,.T.);
#5206=EDGE_CURVE('',#4214,#4213,#2018,.T.);
#5207=EDGE_CURVE('',#4215,#3920,#2019,.T.);
#5208=EDGE_CURVE('',#4215,#4214,#2020,.T.);
#5209=EDGE_CURVE('',#4216,#4209,#2021,.T.);
#5210=EDGE_CURVE('',#4216,#3928,#2022,.T.);
#5211=EDGE_CURVE('',#4217,#3934,#2023,.T.);
#5212=EDGE_CURVE('',#3975,#4217,#2024,.T.);
#5213=EDGE_CURVE('',#4218,#3933,#2025,.T.);
#5214=EDGE_CURVE('',#4217,#4218,#2026,.T.);
#5215=EDGE_CURVE('',#4219,#3932,#2027,.T.);
#5216=EDGE_CURVE('',#4218,#4219,#2028,.T.);
#5217=EDGE_CURVE('',#4220,#3931,#2029,.T.);
#5218=EDGE_CURVE('',#4219,#4220,#2030,.T.);
#5219=EDGE_CURVE('',#4221,#3930,#2031,.T.);
#5220=EDGE_CURVE('',#4220,#4221,#2032,.T.);
#5221=EDGE_CURVE('',#4222,#3929,#2033,.T.);
#5222=EDGE_CURVE('',#4221,#4222,#2034,.T.);
#5223=EDGE_CURVE('',#4222,#4216,#2035,.T.);
#5224=EDGE_CURVE('',#4223,#4215,#2036,.T.);
#5225=EDGE_CURVE('',#4223,#3919,#2037,.T.);
#5226=EDGE_CURVE('',#4224,#3908,#2038,.T.);
#5227=EDGE_CURVE('',#4224,#4225,#2039,.T.);
#5228=EDGE_CURVE('',#4225,#3909,#2040,.T.);
#5229=EDGE_CURVE('',#4226,#3907,#2041,.T.);
#5230=EDGE_CURVE('',#4226,#4224,#2042,.T.);
#5231=EDGE_CURVE('',#4227,#3906,#2043,.T.);
#5232=EDGE_CURVE('',#4227,#4226,#2044,.T.);
#5233=EDGE_CURVE('',#4228,#3905,#2045,.T.);
#5234=EDGE_CURVE('',#4228,#4227,#2046,.T.);
#5235=EDGE_CURVE('',#4229,#3904,#2047,.T.);
#5236=EDGE_CURVE('',#4229,#4228,#2048,.T.);
#5237=EDGE_CURVE('',#4230,#3903,#2049,.T.);
#5238=EDGE_CURVE('',#4230,#4229,#2050,.T.);
#5239=EDGE_CURVE('',#4231,#3902,#2051,.T.);
#5240=EDGE_CURVE('',#4231,#4230,#2052,.T.);
#5241=EDGE_CURVE('',#4232,#4225,#2053,.T.);
#5242=EDGE_CURVE('',#4232,#3910,#2054,.T.);
#5243=EDGE_CURVE('',#4233,#3916,#2055,.T.);
#5244=EDGE_CURVE('',#3977,#4233,#2056,.T.);
#5245=EDGE_CURVE('',#4234,#3915,#2057,.T.);
#5246=EDGE_CURVE('',#4233,#4234,#2058,.T.);
#5247=EDGE_CURVE('',#4235,#3914,#2059,.T.);
#5248=EDGE_CURVE('',#4234,#4235,#2060,.T.);
#5249=EDGE_CURVE('',#4236,#3913,#2061,.T.);
#5250=EDGE_CURVE('',#4235,#4236,#2062,.T.);
#5251=EDGE_CURVE('',#4237,#3912,#2063,.T.);
#5252=EDGE_CURVE('',#4236,#4237,#2064,.T.);
#5253=EDGE_CURVE('',#4238,#3911,#2065,.T.);
#5254=EDGE_CURVE('',#4237,#4238,#2066,.T.);
#5255=EDGE_CURVE('',#4238,#4232,#2067,.T.);
#5256=EDGE_CURVE('',#4239,#4231,#2068,.T.);
#5257=EDGE_CURVE('',#4239,#3901,#2069,.T.);
#5258=EDGE_CURVE('',#4240,#3890,#2070,.T.);
#5259=EDGE_CURVE('',#4240,#4241,#2071,.T.);
#5260=EDGE_CURVE('',#4241,#3891,#2072,.T.);
#5261=EDGE_CURVE('',#4242,#3889,#2073,.T.);
#5262=EDGE_CURVE('',#4242,#4240,#2074,.T.);
#5263=EDGE_CURVE('',#4243,#3888,#2075,.T.);
#5264=EDGE_CURVE('',#4243,#4242,#2076,.T.);
#5265=EDGE_CURVE('',#4244,#3887,#2077,.T.);
#5266=EDGE_CURVE('',#4244,#4243,#2078,.T.);
#5267=EDGE_CURVE('',#4245,#3886,#2079,.T.);
#5268=EDGE_CURVE('',#4245,#4244,#2080,.T.);
#5269=EDGE_CURVE('',#4246,#3885,#2081,.T.);
#5270=EDGE_CURVE('',#4246,#4245,#2082,.T.);
#5271=EDGE_CURVE('',#4247,#3884,#2083,.T.);
#5272=EDGE_CURVE('',#4247,#4246,#2084,.T.);
#5273=EDGE_CURVE('',#4248,#4241,#2085,.T.);
#5274=EDGE_CURVE('',#4248,#3892,#2086,.T.);
#5275=EDGE_CURVE('',#4249,#3898,#2087,.T.);
#5276=EDGE_CURVE('',#3979,#4249,#2088,.T.);
#5277=EDGE_CURVE('',#4250,#3897,#2089,.T.);
#5278=EDGE_CURVE('',#4249,#4250,#2090,.T.);
#5279=EDGE_CURVE('',#4251,#3896,#2091,.T.);
#5280=EDGE_CURVE('',#4250,#4251,#2092,.T.);
#5281=EDGE_CURVE('',#4252,#3895,#2093,.T.);
#5282=EDGE_CURVE('',#4251,#4252,#2094,.T.);
#5283=EDGE_CURVE('',#4253,#3894,#2095,.T.);
#5284=EDGE_CURVE('',#4252,#4253,#2096,.T.);
#5285=EDGE_CURVE('',#4254,#3893,#2097,.T.);
#5286=EDGE_CURVE('',#4253,#4254,#2098,.T.);
#5287=EDGE_CURVE('',#4254,#4248,#2099,.T.);
#5288=EDGE_CURVE('',#4255,#4247,#2100,.T.);
#5289=EDGE_CURVE('',#4255,#3883,#2101,.T.);
#5290=EDGE_CURVE('',#4256,#3872,#2102,.T.);
#5291=EDGE_CURVE('',#4256,#4257,#2103,.T.);
#5292=EDGE_CURVE('',#4257,#3873,#2104,.T.);
#5293=EDGE_CURVE('',#4258,#3871,#2105,.T.);
#5294=EDGE_CURVE('',#4258,#4256,#2106,.T.);
#5295=EDGE_CURVE('',#4259,#3870,#2107,.T.);
#5296=EDGE_CURVE('',#4259,#4258,#2108,.T.);
#5297=EDGE_CURVE('',#4260,#3869,#2109,.T.);
#5298=EDGE_CURVE('',#4260,#4259,#2110,.T.);
#5299=EDGE_CURVE('',#4261,#3868,#2111,.T.);
#5300=EDGE_CURVE('',#4261,#4260,#2112,.T.);
#5301=EDGE_CURVE('',#4262,#3867,#2113,.T.);
#5302=EDGE_CURVE('',#4262,#4261,#2114,.T.);
#5303=EDGE_CURVE('',#4263,#3866,#2115,.T.);
#5304=EDGE_CURVE('',#4263,#4262,#2116,.T.);
#5305=EDGE_CURVE('',#4264,#4257,#2117,.T.);
#5306=EDGE_CURVE('',#4264,#3874,#2118,.T.);
#5307=EDGE_CURVE('',#4265,#3880,#2119,.T.);
#5308=EDGE_CURVE('',#3981,#4265,#2120,.T.);
#5309=EDGE_CURVE('',#4266,#3879,#2121,.T.);
#5310=EDGE_CURVE('',#4265,#4266,#2122,.T.);
#5311=EDGE_CURVE('',#4267,#3878,#2123,.T.);
#5312=EDGE_CURVE('',#4266,#4267,#2124,.T.);
#5313=EDGE_CURVE('',#4268,#3877,#2125,.T.);
#5314=EDGE_CURVE('',#4267,#4268,#2126,.T.);
#5315=EDGE_CURVE('',#4269,#3876,#2127,.T.);
#5316=EDGE_CURVE('',#4268,#4269,#2128,.T.);
#5317=EDGE_CURVE('',#4270,#3875,#2129,.T.);
#5318=EDGE_CURVE('',#4269,#4270,#2130,.T.);
#5319=EDGE_CURVE('',#4270,#4264,#2131,.T.);
#5320=EDGE_CURVE('',#4271,#4263,#2132,.T.);
#5321=EDGE_CURVE('',#4271,#3865,#2133,.T.);
#5322=EDGE_CURVE('',#4272,#3854,#2134,.T.);
#5323=EDGE_CURVE('',#4272,#4273,#2135,.T.);
#5324=EDGE_CURVE('',#4273,#3855,#2136,.T.);
#5325=EDGE_CURVE('',#4274,#3853,#2137,.T.);
#5326=EDGE_CURVE('',#4274,#4272,#2138,.T.);
#5327=EDGE_CURVE('',#4275,#3852,#2139,.T.);
#5328=EDGE_CURVE('',#4275,#4274,#2140,.T.);
#5329=EDGE_CURVE('',#4276,#3851,#2141,.T.);
#5330=EDGE_CURVE('',#4276,#4275,#2142,.T.);
#5331=EDGE_CURVE('',#4277,#3850,#2143,.T.);
#5332=EDGE_CURVE('',#4277,#4276,#2144,.T.);
#5333=EDGE_CURVE('',#4278,#3849,#2145,.T.);
#5334=EDGE_CURVE('',#4278,#4277,#2146,.T.);
#5335=EDGE_CURVE('',#4279,#3848,#2147,.T.);
#5336=EDGE_CURVE('',#4279,#4278,#2148,.T.);
#5337=EDGE_CURVE('',#4280,#4273,#2149,.T.);
#5338=EDGE_CURVE('',#4280,#3856,#2150,.T.);
#5339=EDGE_CURVE('',#4281,#3862,#2151,.T.);
#5340=EDGE_CURVE('',#3983,#4281,#2152,.T.);
#5341=EDGE_CURVE('',#4282,#3861,#2153,.T.);
#5342=EDGE_CURVE('',#4281,#4282,#2154,.T.);
#5343=EDGE_CURVE('',#4283,#3860,#2155,.T.);
#5344=EDGE_CURVE('',#4282,#4283,#2156,.T.);
#5345=EDGE_CURVE('',#4284,#3859,#2157,.T.);
#5346=EDGE_CURVE('',#4283,#4284,#2158,.T.);
#5347=EDGE_CURVE('',#4285,#3858,#2159,.T.);
#5348=EDGE_CURVE('',#4284,#4285,#2160,.T.);
#5349=EDGE_CURVE('',#4286,#3857,#2161,.T.);
#5350=EDGE_CURVE('',#4285,#4286,#2162,.T.);
#5351=EDGE_CURVE('',#4286,#4280,#2163,.T.);
#5352=EDGE_CURVE('',#4287,#4279,#2164,.T.);
#5353=EDGE_CURVE('',#4287,#3847,#2165,.T.);
#5354=EDGE_CURVE('',#4288,#3836,#2166,.T.);
#5355=EDGE_CURVE('',#4288,#4289,#2167,.T.);
#5356=EDGE_CURVE('',#4289,#3837,#2168,.T.);
#5357=EDGE_CURVE('',#4290,#3835,#2169,.T.);
#5358=EDGE_CURVE('',#4290,#4288,#2170,.T.);
#5359=EDGE_CURVE('',#4291,#3834,#2171,.T.);
#5360=EDGE_CURVE('',#4291,#4290,#2172,.T.);
#5361=EDGE_CURVE('',#4292,#3833,#2173,.T.);
#5362=EDGE_CURVE('',#4292,#4291,#2174,.T.);
#5363=EDGE_CURVE('',#4293,#3832,#2175,.T.);
#5364=EDGE_CURVE('',#4293,#4292,#2176,.T.);
#5365=EDGE_CURVE('',#4294,#3831,#2177,.T.);
#5366=EDGE_CURVE('',#4294,#4293,#2178,.T.);
#5367=EDGE_CURVE('',#4295,#3830,#2179,.T.);
#5368=EDGE_CURVE('',#4295,#4294,#2180,.T.);
#5369=EDGE_CURVE('',#4296,#4289,#2181,.T.);
#5370=EDGE_CURVE('',#4296,#3838,#2182,.T.);
#5371=EDGE_CURVE('',#4297,#3844,#2183,.T.);
#5372=EDGE_CURVE('',#3985,#4297,#2184,.T.);
#5373=EDGE_CURVE('',#4298,#3843,#2185,.T.);
#5374=EDGE_CURVE('',#4297,#4298,#2186,.T.);
#5375=EDGE_CURVE('',#4299,#3842,#2187,.T.);
#5376=EDGE_CURVE('',#4298,#4299,#2188,.T.);
#5377=EDGE_CURVE('',#4300,#3841,#2189,.T.);
#5378=EDGE_CURVE('',#4299,#4300,#2190,.T.);
#5379=EDGE_CURVE('',#4301,#3840,#2191,.T.);
#5380=EDGE_CURVE('',#4300,#4301,#2192,.T.);
#5381=EDGE_CURVE('',#4302,#3839,#2193,.T.);
#5382=EDGE_CURVE('',#4301,#4302,#2194,.T.);
#5383=EDGE_CURVE('',#4302,#4296,#2195,.T.);
#5384=EDGE_CURVE('',#4303,#4295,#2196,.T.);
#5385=EDGE_CURVE('',#4303,#3829,#2197,.T.);
#5386=EDGE_CURVE('',#4304,#3818,#2198,.T.);
#5387=EDGE_CURVE('',#4304,#4305,#2199,.T.);
#5388=EDGE_CURVE('',#4305,#3819,#2200,.T.);
#5389=EDGE_CURVE('',#4306,#3817,#2201,.T.);
#5390=EDGE_CURVE('',#4306,#4304,#2202,.T.);
#5391=EDGE_CURVE('',#4307,#3816,#2203,.T.);
#5392=EDGE_CURVE('',#4307,#4306,#2204,.T.);
#5393=EDGE_CURVE('',#4308,#3815,#2205,.T.);
#5394=EDGE_CURVE('',#4308,#4307,#2206,.T.);
#5395=EDGE_CURVE('',#4309,#3814,#2207,.T.);
#5396=EDGE_CURVE('',#4309,#4308,#2208,.T.);
#5397=EDGE_CURVE('',#4310,#3813,#2209,.T.);
#5398=EDGE_CURVE('',#4310,#4309,#2210,.T.);
#5399=EDGE_CURVE('',#4311,#3812,#2211,.T.);
#5400=EDGE_CURVE('',#4311,#4310,#2212,.T.);
#5401=EDGE_CURVE('',#4312,#4305,#2213,.T.);
#5402=EDGE_CURVE('',#4312,#3820,#2214,.T.);
#5403=EDGE_CURVE('',#4313,#3826,#2215,.T.);
#5404=EDGE_CURVE('',#3987,#4313,#2216,.T.);
#5405=EDGE_CURVE('',#4314,#3825,#2217,.T.);
#5406=EDGE_CURVE('',#4313,#4314,#2218,.T.);
#5407=EDGE_CURVE('',#4315,#3824,#2219,.T.);
#5408=EDGE_CURVE('',#4314,#4315,#2220,.T.);
#5409=EDGE_CURVE('',#4316,#3823,#2221,.T.);
#5410=EDGE_CURVE('',#4315,#4316,#2222,.T.);
#5411=EDGE_CURVE('',#4317,#3822,#2223,.T.);
#5412=EDGE_CURVE('',#4316,#4317,#2224,.T.);
#5413=EDGE_CURVE('',#4318,#3821,#2225,.T.);
#5414=EDGE_CURVE('',#4317,#4318,#2226,.T.);
#5415=EDGE_CURVE('',#4318,#4312,#2227,.T.);
#5416=EDGE_CURVE('',#4319,#4311,#2228,.T.);
#5417=EDGE_CURVE('',#4319,#3811,#2229,.T.);
#5418=EDGE_CURVE('',#4320,#3800,#2230,.T.);
#5419=EDGE_CURVE('',#4320,#4321,#2231,.T.);
#5420=EDGE_CURVE('',#4321,#3801,#2232,.T.);
#5421=EDGE_CURVE('',#4322,#3799,#2233,.T.);
#5422=EDGE_CURVE('',#4322,#4320,#2234,.T.);
#5423=EDGE_CURVE('',#4323,#3798,#2235,.T.);
#5424=EDGE_CURVE('',#4323,#4322,#2236,.T.);
#5425=EDGE_CURVE('',#4324,#3797,#2237,.T.);
#5426=EDGE_CURVE('',#4324,#4323,#2238,.T.);
#5427=EDGE_CURVE('',#4325,#3796,#2239,.T.);
#5428=EDGE_CURVE('',#4325,#4324,#2240,.T.);
#5429=EDGE_CURVE('',#4326,#3795,#2241,.T.);
#5430=EDGE_CURVE('',#4326,#4325,#2242,.T.);
#5431=EDGE_CURVE('',#4327,#3794,#2243,.T.);
#5432=EDGE_CURVE('',#4327,#4326,#2244,.T.);
#5433=EDGE_CURVE('',#4328,#4321,#2245,.T.);
#5434=EDGE_CURVE('',#4328,#3802,#2246,.T.);
#5435=EDGE_CURVE('',#4329,#3808,#2247,.T.);
#5436=EDGE_CURVE('',#3989,#4329,#2248,.T.);
#5437=EDGE_CURVE('',#4330,#3807,#2249,.T.);
#5438=EDGE_CURVE('',#4329,#4330,#2250,.T.);
#5439=EDGE_CURVE('',#4331,#3806,#2251,.T.);
#5440=EDGE_CURVE('',#4330,#4331,#2252,.T.);
#5441=EDGE_CURVE('',#4332,#3805,#2253,.T.);
#5442=EDGE_CURVE('',#4331,#4332,#2254,.T.);
#5443=EDGE_CURVE('',#4333,#3804,#2255,.T.);
#5444=EDGE_CURVE('',#4332,#4333,#2256,.T.);
#5445=EDGE_CURVE('',#4334,#3803,#2257,.T.);
#5446=EDGE_CURVE('',#4333,#4334,#2258,.T.);
#5447=EDGE_CURVE('',#4334,#4328,#2259,.T.);
#5448=EDGE_CURVE('',#4335,#4327,#2260,.T.);
#5449=EDGE_CURVE('',#4335,#3793,#2261,.T.);
#5450=EDGE_CURVE('',#4336,#3782,#2262,.T.);
#5451=EDGE_CURVE('',#4336,#4337,#2263,.T.);
#5452=EDGE_CURVE('',#4337,#3783,#2264,.T.);
#5453=EDGE_CURVE('',#4338,#3781,#2265,.T.);
#5454=EDGE_CURVE('',#4338,#4336,#2266,.T.);
#5455=EDGE_CURVE('',#4339,#3780,#2267,.T.);
#5456=EDGE_CURVE('',#4339,#4338,#2268,.T.);
#5457=EDGE_CURVE('',#4340,#3779,#2269,.T.);
#5458=EDGE_CURVE('',#4340,#4339,#2270,.T.);
#5459=EDGE_CURVE('',#4341,#3778,#2271,.T.);
#5460=EDGE_CURVE('',#4341,#4340,#2272,.T.);
#5461=EDGE_CURVE('',#4342,#3777,#2273,.T.);
#5462=EDGE_CURVE('',#4342,#4341,#2274,.T.);
#5463=EDGE_CURVE('',#4343,#3776,#2275,.T.);
#5464=EDGE_CURVE('',#4343,#4342,#2276,.T.);
#5465=EDGE_CURVE('',#4344,#4337,#2277,.T.);
#5466=EDGE_CURVE('',#4344,#3784,#2278,.T.);
#5467=EDGE_CURVE('',#4345,#3790,#2279,.T.);
#5468=EDGE_CURVE('',#3991,#4345,#2280,.T.);
#5469=EDGE_CURVE('',#4346,#3789,#2281,.T.);
#5470=EDGE_CURVE('',#4345,#4346,#2282,.T.);
#5471=EDGE_CURVE('',#4347,#3788,#2283,.T.);
#5472=EDGE_CURVE('',#4346,#4347,#2284,.T.);
#5473=EDGE_CURVE('',#4348,#3787,#2285,.T.);
#5474=EDGE_CURVE('',#4347,#4348,#2286,.T.);
#5475=EDGE_CURVE('',#4349,#3786,#2287,.T.);
#5476=EDGE_CURVE('',#4348,#4349,#2288,.T.);
#5477=EDGE_CURVE('',#4350,#3785,#2289,.T.);
#5478=EDGE_CURVE('',#4349,#4350,#2290,.T.);
#5479=EDGE_CURVE('',#4350,#4344,#2291,.T.);
#5480=EDGE_CURVE('',#4351,#4343,#2292,.T.);
#5481=EDGE_CURVE('',#4351,#3775,#2293,.T.);
#5482=EDGE_CURVE('',#4352,#3764,#2294,.T.);
#5483=EDGE_CURVE('',#4352,#4353,#2295,.T.);
#5484=EDGE_CURVE('',#4353,#3765,#2296,.T.);
#5485=EDGE_CURVE('',#4354,#3763,#2297,.T.);
#5486=EDGE_CURVE('',#4354,#4352,#2298,.T.);
#5487=EDGE_CURVE('',#4355,#3762,#2299,.T.);
#5488=EDGE_CURVE('',#4355,#4354,#2300,.T.);
#5489=EDGE_CURVE('',#4356,#3761,#2301,.T.);
#5490=EDGE_CURVE('',#4356,#4355,#2302,.T.);
#5491=EDGE_CURVE('',#4357,#3760,#2303,.T.);
#5492=EDGE_CURVE('',#4357,#4356,#2304,.T.);
#5493=EDGE_CURVE('',#4358,#3759,#2305,.T.);
#5494=EDGE_CURVE('',#4358,#4357,#2306,.T.);
#5495=EDGE_CURVE('',#4359,#3758,#2307,.T.);
#5496=EDGE_CURVE('',#4359,#4358,#2308,.T.);
#5497=EDGE_CURVE('',#4360,#4353,#2309,.T.);
#5498=EDGE_CURVE('',#4360,#3766,#2310,.T.);
#5499=EDGE_CURVE('',#4361,#3772,#2311,.T.);
#5500=EDGE_CURVE('',#3993,#4361,#2312,.T.);
#5501=EDGE_CURVE('',#4362,#3771,#2313,.T.);
#5502=EDGE_CURVE('',#4361,#4362,#2314,.T.);
#5503=EDGE_CURVE('',#4363,#3770,#2315,.T.);
#5504=EDGE_CURVE('',#4362,#4363,#2316,.T.);
#5505=EDGE_CURVE('',#4364,#3769,#2317,.T.);
#5506=EDGE_CURVE('',#4363,#4364,#2318,.T.);
#5507=EDGE_CURVE('',#4365,#3768,#2319,.T.);
#5508=EDGE_CURVE('',#4364,#4365,#2320,.T.);
#5509=EDGE_CURVE('',#4366,#3767,#2321,.T.);
#5510=EDGE_CURVE('',#4365,#4366,#2322,.T.);
#5511=EDGE_CURVE('',#4366,#4360,#2323,.T.);
#5512=EDGE_CURVE('',#4367,#4359,#2324,.T.);
#5513=EDGE_CURVE('',#4367,#3757,#2325,.T.);
#5514=EDGE_CURVE('',#4207,#3976,#2326,.T.);
#5515=EDGE_CURVE('',#3656,#4368,#2327,.T.);
#5516=EDGE_CURVE('',#4150,#4368,#2328,.T.);
#5517=EDGE_CURVE('',#4223,#3978,#2329,.T.);
#5518=EDGE_CURVE('',#4239,#3980,#2330,.T.);
#5519=EDGE_CURVE('',#4255,#3982,#2331,.T.);
#5520=EDGE_CURVE('',#4271,#3984,#2332,.T.);
#5521=EDGE_CURVE('',#4287,#3986,#2333,.T.);
#5522=EDGE_CURVE('',#4303,#3988,#2334,.T.);
#5523=EDGE_CURVE('',#4319,#3990,#2335,.T.);
#5524=EDGE_CURVE('',#4335,#3992,#2336,.T.);
#5525=EDGE_CURVE('',#4351,#3994,#2337,.T.);
#5526=EDGE_CURVE('',#4367,#3996,#2338,.T.);
#5527=EDGE_CURVE('',#4078,#3998,#2339,.T.);
#5528=EDGE_CURVE('',#4096,#4000,#2340,.T.);
#5529=EDGE_CURVE('',#4114,#4002,#2341,.T.);
#5530=EDGE_CURVE('',#4132,#4004,#2342,.T.);
#5531=EDGE_CURVE('',#4369,#3957,#2343,.T.);
#5532=EDGE_CURVE('',#4369,#4040,#2344,.T.);
#5533=EDGE_CURVE('',#4370,#4371,#2345,.T.);
#5534=EDGE_CURVE('',#4372,#4370,#2346,.T.);
#5535=EDGE_CURVE('',#4373,#4372,#2347,.T.);
#5536=EDGE_CURVE('',#4373,#4371,#2348,.T.);
#5537=EDGE_CURVE('',#4374,#4375,#2349,.T.);
#5538=EDGE_CURVE('',#4376,#4375,#2350,.T.);
#5539=EDGE_CURVE('',#4377,#4376,#2351,.T.);
#5540=EDGE_CURVE('',#4374,#4377,#2352,.T.);
#5541=EDGE_CURVE('',#4368,#4378,#2353,.T.);
#5542=EDGE_CURVE('',#4379,#4378,#2354,.T.);
#5543=EDGE_CURVE('',#4379,#4380,#2355,.T.);
#5544=EDGE_CURVE('',#4006,#4380,#2356,.T.);
#5545=EDGE_CURVE('',#4182,#4029,#2357,.T.);
#5546=EDGE_CURVE('',#3972,#3966,#2358,.T.);
#5547=EDGE_CURVE('',#3973,#4369,#2359,.T.);
#5548=EDGE_CURVE('',#4381,#4382,#2360,.T.);
#5549=EDGE_CURVE('',#4382,#4383,#2361,.T.);
#5550=EDGE_CURVE('',#4384,#4383,#2362,.T.);
#5551=EDGE_CURVE('',#4384,#4381,#2363,.T.);
#5552=EDGE_CURVE('',#4385,#4386,#2364,.T.);
#5553=EDGE_CURVE('',#4387,#4386,#2365,.T.);
#5554=EDGE_CURVE('',#4387,#4388,#2366,.T.);
#5555=EDGE_CURVE('',#4385,#4388,#2367,.T.);
#5556=EDGE_CURVE('',#4389,#4030,#2368,.T.);
#5557=EDGE_CURVE('',#4389,#4028,#2369,.T.);
#5558=EDGE_CURVE('',#4380,#3963,#2370,.T.);
#5559=EDGE_CURVE('',#3969,#3964,#2371,.T.);
#5560=EDGE_CURVE('',#4181,#4389,#2372,.T.);
#5561=EDGE_CURVE('',#4390,#4391,#2373,.T.);
#5562=EDGE_CURVE('',#4388,#4391,#2374,.T.);
#5563=EDGE_CURVE('',#4390,#4387,#2375,.T.);
#5564=EDGE_CURVE('',#4392,#4373,#2376,.T.);
#5565=EDGE_CURVE('',#4392,#4393,#2377,.T.);
#5566=EDGE_CURVE('',#4371,#4393,#2378,.T.);
#5567=EDGE_CURVE('',#4391,#4392,#2379,.T.);
#5568=EDGE_CURVE('',#4393,#4390,#2380,.T.);
#5569=EDGE_CURVE('',#4394,#4385,#2381,.T.);
#5570=EDGE_CURVE('',#4394,#4395,#2382,.T.);
#5571=EDGE_CURVE('',#4386,#4395,#2383,.T.);
#5572=EDGE_CURVE('',#4384,#4394,#2384,.T.);
#5573=EDGE_CURVE('',#4395,#4383,#2385,.T.);
#5574=EDGE_CURVE('',#4396,#4372,#2386,.T.);
#5575=EDGE_CURVE('',#4397,#4370,#2387,.T.);
#5576=EDGE_CURVE('',#4396,#4397,#2388,.T.);
#5577=EDGE_CURVE('',#4374,#4396,#2389,.T.);
#5578=EDGE_CURVE('',#4375,#4397,#2390,.T.);
#5579=EDGE_CURVE('',#4382,#4378,#2391,.T.);
#5580=EDGE_CURVE('',#4376,#3655,#2392,.T.);
#5581=EDGE_CURVE('',#4379,#4381,#2393,.T.);
#5582=EDGE_CURVE('',#4030,#3959,#2394,.T.);
#5583=EDGE_CURVE('',#4398,#3969,#2395,.T.);
#5584=EDGE_CURVE('',#4398,#3970,#2396,.T.);
#5585=EDGE_CURVE('',#3631,#4399,#2397,.T.);
#5586=EDGE_CURVE('',#4399,#4400,#2398,.T.);
#5587=EDGE_CURVE('',#4400,#3628,#2399,.T.);
#5588=EDGE_CURVE('',#4401,#4402,#2400,.T.);
#5589=EDGE_CURVE('',#4402,#4403,#2401,.T.);
#5590=EDGE_CURVE('',#4403,#4404,#2402,.T.);
#5591=EDGE_CURVE('',#4404,#4401,#2403,.T.);
#5592=EDGE_CURVE('',#4405,#4406,#2404,.T.);
#5593=EDGE_CURVE('',#4406,#4403,#3612,.T.);
#5594=EDGE_CURVE('',#4402,#4405,#3613,.T.);
#5595=EDGE_CURVE('',#4407,#4408,#2405,.T.);
#5596=EDGE_CURVE('',#4408,#4406,#2406,.T.);
#5597=EDGE_CURVE('',#4405,#4407,#2407,.T.);
#5598=EDGE_CURVE('',#4409,#4410,#2408,.T.);
#5599=EDGE_CURVE('',#4410,#4408,#3614,.T.);
#5600=EDGE_CURVE('',#4407,#4409,#3615,.T.);
#5601=EDGE_CURVE('',#4399,#4410,#2409,.T.);
#5602=EDGE_CURVE('',#4409,#4400,#2410,.T.);
#5603=EDGE_CURVE('',#3960,#4411,#3616,.T.);
#5604=EDGE_CURVE('',#4411,#4412,#2411,.T.);
#5605=EDGE_CURVE('',#4412,#4389,#3617,.T.);
#5606=EDGE_CURVE('',#4413,#4414,#2412,.T.);
#5607=EDGE_CURVE('',#4414,#4412,#2413,.T.);
#5608=EDGE_CURVE('',#4411,#4413,#2414,.T.);
#5609=EDGE_CURVE('',#4415,#4416,#2415,.T.);
#5610=EDGE_CURVE('',#4416,#4414,#3618,.T.);
#5611=EDGE_CURVE('',#4413,#4415,#3619,.T.);
#5612=EDGE_CURVE('',#4404,#4416,#2416,.T.);
#5613=EDGE_CURVE('',#4415,#4401,#2417,.T.);
#5614=EDGE_CURVE('',#3632,#4377,#2418,.T.);
#5615=EDGE_CURVE('',#3964,#4181,#2419,.T.);
#5616=EDGE_CURVE('',#3637,#4417,#2420,.T.);
#5617=EDGE_CURVE('',#4399,#4417,#2421,.T.);
#5618=EDGE_CURVE('',#4418,#4398,#3620,.T.);
#5619=EDGE_CURVE('',#4419,#4418,#2422,.T.);
#5620=EDGE_CURVE('',#4420,#4419,#3621,.T.);
#5621=EDGE_CURVE('',#4421,#4420,#2423,.T.);
#5622=EDGE_CURVE('',#4422,#4421,#2424,.T.);
#5623=EDGE_CURVE('',#4423,#4422,#3622,.T.);
#5624=EDGE_CURVE('',#4424,#4423,#2425,.T.);
#5625=EDGE_CURVE('',#4425,#4424,#3623,.T.);
#5626=EDGE_CURVE('',#4417,#4425,#2426,.T.);
#5627=EDGE_CURVE('',#4410,#4425,#2427,.T.);
#5628=EDGE_CURVE('',#4424,#4408,#2428,.T.);
#5629=EDGE_CURVE('',#4406,#4423,#2429,.T.);
#5630=EDGE_CURVE('',#4422,#4403,#2430,.T.);
#5631=EDGE_CURVE('',#4404,#4421,#2431,.T.);
#5632=EDGE_CURVE('',#4416,#4420,#2432,.T.);
#5633=EDGE_CURVE('',#4419,#4414,#2433,.T.);
#5634=EDGE_CURVE('',#4412,#4418,#2434,.T.);
#5635=ORIENTED_EDGE('',*,*,#4426,.F.);
#5636=ORIENTED_EDGE('',*,*,#4427,.T.);
#5637=ORIENTED_EDGE('',*,*,#4428,.T.);
#5638=ORIENTED_EDGE('',*,*,#4427,.F.);
#5639=ORIENTED_EDGE('',*,*,#4428,.F.);
#5640=ORIENTED_EDGE('',*,*,#4429,.F.);
#5641=ORIENTED_EDGE('',*,*,#4430,.T.);
#5642=ORIENTED_EDGE('',*,*,#4431,.T.);
#5643=ORIENTED_EDGE('',*,*,#4430,.F.);
#5644=ORIENTED_EDGE('',*,*,#4431,.F.);
#5645=ORIENTED_EDGE('',*,*,#4432,.T.);
#5646=ORIENTED_EDGE('',*,*,#4433,.T.);
#5647=ORIENTED_EDGE('',*,*,#4434,.T.);
#5648=ORIENTED_EDGE('',*,*,#4435,.T.);
#5649=ORIENTED_EDGE('',*,*,#4433,.F.);
#5650=ORIENTED_EDGE('',*,*,#4436,.T.);
#5651=ORIENTED_EDGE('',*,*,#4437,.T.);
#5652=ORIENTED_EDGE('',*,*,#4438,.F.);
#5653=ORIENTED_EDGE('',*,*,#4439,.F.);
#5654=ORIENTED_EDGE('',*,*,#4440,.F.);
#5655=ORIENTED_EDGE('',*,*,#4441,.T.);
#5656=ORIENTED_EDGE('',*,*,#4442,.T.);
#5657=ORIENTED_EDGE('',*,*,#4443,.T.);
#5658=ORIENTED_EDGE('',*,*,#4444,.F.);
#5659=ORIENTED_EDGE('',*,*,#4445,.F.);
#5660=ORIENTED_EDGE('',*,*,#4446,.F.);
#5661=ORIENTED_EDGE('',*,*,#4447,.F.);
#5662=ORIENTED_EDGE('',*,*,#4448,.F.);
#5663=ORIENTED_EDGE('',*,*,#4449,.F.);
#5664=ORIENTED_EDGE('',*,*,#4450,.F.);
#5665=ORIENTED_EDGE('',*,*,#4451,.F.);
#5666=ORIENTED_EDGE('',*,*,#4452,.F.);
#5667=ORIENTED_EDGE('',*,*,#4453,.F.);
#5668=ORIENTED_EDGE('',*,*,#4454,.F.);
#5669=ORIENTED_EDGE('',*,*,#4455,.F.);
#5670=ORIENTED_EDGE('',*,*,#4456,.F.);
#5671=ORIENTED_EDGE('',*,*,#4457,.F.);
#5672=ORIENTED_EDGE('',*,*,#4458,.F.);
#5673=ORIENTED_EDGE('',*,*,#4459,.F.);
#5674=ORIENTED_EDGE('',*,*,#4443,.F.);
#5675=ORIENTED_EDGE('',*,*,#4460,.T.);
#5676=ORIENTED_EDGE('',*,*,#4461,.F.);
#5677=ORIENTED_EDGE('',*,*,#4462,.F.);
#5678=ORIENTED_EDGE('',*,*,#4463,.T.);
#5679=ORIENTED_EDGE('',*,*,#4464,.T.);
#5680=ORIENTED_EDGE('',*,*,#4465,.T.);
#5681=ORIENTED_EDGE('',*,*,#4466,.T.);
#5682=ORIENTED_EDGE('',*,*,#4467,.T.);
#5683=ORIENTED_EDGE('',*,*,#4468,.T.);
#5684=ORIENTED_EDGE('',*,*,#4469,.T.);
#5685=ORIENTED_EDGE('',*,*,#4470,.T.);
#5686=ORIENTED_EDGE('',*,*,#4471,.T.);
#5687=ORIENTED_EDGE('',*,*,#4472,.F.);
#5688=ORIENTED_EDGE('',*,*,#4473,.F.);
#5689=ORIENTED_EDGE('',*,*,#4474,.F.);
#5690=ORIENTED_EDGE('',*,*,#4475,.F.);
#5691=ORIENTED_EDGE('',*,*,#4476,.F.);
#5692=ORIENTED_EDGE('',*,*,#4477,.F.);
#5693=ORIENTED_EDGE('',*,*,#4478,.F.);
#5694=ORIENTED_EDGE('',*,*,#4479,.F.);
#5695=ORIENTED_EDGE('',*,*,#4480,.F.);
#5696=ORIENTED_EDGE('',*,*,#4481,.F.);
#5697=ORIENTED_EDGE('',*,*,#4482,.F.);
#5698=ORIENTED_EDGE('',*,*,#4483,.T.);
#5699=ORIENTED_EDGE('',*,*,#4484,.T.);
#5700=ORIENTED_EDGE('',*,*,#4485,.T.);
#5701=ORIENTED_EDGE('',*,*,#4486,.T.);
#5702=ORIENTED_EDGE('',*,*,#4487,.T.);
#5703=ORIENTED_EDGE('',*,*,#4488,.T.);
#5704=ORIENTED_EDGE('',*,*,#4489,.T.);
#5705=ORIENTED_EDGE('',*,*,#4490,.T.);
#5706=ORIENTED_EDGE('',*,*,#4491,.T.);
#5707=ORIENTED_EDGE('',*,*,#4492,.F.);
#5708=ORIENTED_EDGE('',*,*,#4493,.F.);
#5709=ORIENTED_EDGE('',*,*,#4494,.F.);
#5710=ORIENTED_EDGE('',*,*,#4495,.F.);
#5711=ORIENTED_EDGE('',*,*,#4496,.F.);
#5712=ORIENTED_EDGE('',*,*,#4497,.F.);
#5713=ORIENTED_EDGE('',*,*,#4498,.F.);
#5714=ORIENTED_EDGE('',*,*,#4499,.F.);
#5715=ORIENTED_EDGE('',*,*,#4500,.F.);
#5716=ORIENTED_EDGE('',*,*,#4501,.F.);
#5717=ORIENTED_EDGE('',*,*,#4502,.F.);
#5718=ORIENTED_EDGE('',*,*,#4503,.T.);
#5719=ORIENTED_EDGE('',*,*,#4504,.T.);
#5720=ORIENTED_EDGE('',*,*,#4505,.T.);
#5721=ORIENTED_EDGE('',*,*,#4506,.T.);
#5722=ORIENTED_EDGE('',*,*,#4507,.T.);
#5723=ORIENTED_EDGE('',*,*,#4508,.T.);
#5724=ORIENTED_EDGE('',*,*,#4509,.T.);
#5725=ORIENTED_EDGE('',*,*,#4510,.T.);
#5726=ORIENTED_EDGE('',*,*,#4511,.T.);
#5727=ORIENTED_EDGE('',*,*,#4512,.F.);
#5728=ORIENTED_EDGE('',*,*,#4513,.F.);
#5729=ORIENTED_EDGE('',*,*,#4514,.F.);
#5730=ORIENTED_EDGE('',*,*,#4515,.F.);
#5731=ORIENTED_EDGE('',*,*,#4516,.F.);
#5732=ORIENTED_EDGE('',*,*,#4517,.F.);
#5733=ORIENTED_EDGE('',*,*,#4518,.F.);
#5734=ORIENTED_EDGE('',*,*,#4519,.F.);
#5735=ORIENTED_EDGE('',*,*,#4520,.F.);
#5736=ORIENTED_EDGE('',*,*,#4521,.F.);
#5737=ORIENTED_EDGE('',*,*,#4522,.F.);
#5738=ORIENTED_EDGE('',*,*,#4523,.T.);
#5739=ORIENTED_EDGE('',*,*,#4524,.T.);
#5740=ORIENTED_EDGE('',*,*,#4525,.T.);
#5741=ORIENTED_EDGE('',*,*,#4526,.T.);
#5742=ORIENTED_EDGE('',*,*,#4527,.T.);
#5743=ORIENTED_EDGE('',*,*,#4528,.T.);
#5744=ORIENTED_EDGE('',*,*,#4529,.T.);
#5745=ORIENTED_EDGE('',*,*,#4530,.T.);
#5746=ORIENTED_EDGE('',*,*,#4531,.T.);
#5747=ORIENTED_EDGE('',*,*,#4532,.F.);
#5748=ORIENTED_EDGE('',*,*,#4533,.F.);
#5749=ORIENTED_EDGE('',*,*,#4534,.F.);
#5750=ORIENTED_EDGE('',*,*,#4535,.F.);
#5751=ORIENTED_EDGE('',*,*,#4536,.F.);
#5752=ORIENTED_EDGE('',*,*,#4537,.F.);
#5753=ORIENTED_EDGE('',*,*,#4538,.F.);
#5754=ORIENTED_EDGE('',*,*,#4539,.F.);
#5755=ORIENTED_EDGE('',*,*,#4540,.F.);
#5756=ORIENTED_EDGE('',*,*,#4541,.F.);
#5757=ORIENTED_EDGE('',*,*,#4542,.F.);
#5758=ORIENTED_EDGE('',*,*,#4543,.T.);
#5759=ORIENTED_EDGE('',*,*,#4544,.T.);
#5760=ORIENTED_EDGE('',*,*,#4545,.T.);
#5761=ORIENTED_EDGE('',*,*,#4546,.T.);
#5762=ORIENTED_EDGE('',*,*,#4547,.T.);
#5763=ORIENTED_EDGE('',*,*,#4548,.T.);
#5764=ORIENTED_EDGE('',*,*,#4549,.T.);
#5765=ORIENTED_EDGE('',*,*,#4550,.T.);
#5766=ORIENTED_EDGE('',*,*,#4551,.T.);
#5767=ORIENTED_EDGE('',*,*,#4552,.F.);
#5768=ORIENTED_EDGE('',*,*,#4553,.F.);
#5769=ORIENTED_EDGE('',*,*,#4554,.F.);
#5770=ORIENTED_EDGE('',*,*,#4555,.F.);
#5771=ORIENTED_EDGE('',*,*,#4556,.F.);
#5772=ORIENTED_EDGE('',*,*,#4557,.F.);
#5773=ORIENTED_EDGE('',*,*,#4558,.F.);
#5774=ORIENTED_EDGE('',*,*,#4559,.F.);
#5775=ORIENTED_EDGE('',*,*,#4560,.F.);
#5776=ORIENTED_EDGE('',*,*,#4561,.F.);
#5777=ORIENTED_EDGE('',*,*,#4562,.F.);
#5778=ORIENTED_EDGE('',*,*,#4563,.T.);
#5779=ORIENTED_EDGE('',*,*,#4564,.T.);
#5780=ORIENTED_EDGE('',*,*,#4565,.T.);
#5781=ORIENTED_EDGE('',*,*,#4566,.T.);
#5782=ORIENTED_EDGE('',*,*,#4567,.T.);
#5783=ORIENTED_EDGE('',*,*,#4568,.T.);
#5784=ORIENTED_EDGE('',*,*,#4569,.T.);
#5785=ORIENTED_EDGE('',*,*,#4570,.T.);
#5786=ORIENTED_EDGE('',*,*,#4571,.F.);
#5787=ORIENTED_EDGE('',*,*,#4572,.F.);
#5788=ORIENTED_EDGE('',*,*,#4573,.F.);
#5789=ORIENTED_EDGE('',*,*,#4574,.F.);
#5790=ORIENTED_EDGE('',*,*,#4575,.F.);
#5791=ORIENTED_EDGE('',*,*,#4576,.F.);
#5792=ORIENTED_EDGE('',*,*,#4577,.F.);
#5793=ORIENTED_EDGE('',*,*,#4578,.F.);
#5794=ORIENTED_EDGE('',*,*,#4579,.F.);
#5795=ORIENTED_EDGE('',*,*,#4580,.F.);
#5796=ORIENTED_EDGE('',*,*,#4581,.T.);
#5797=ORIENTED_EDGE('',*,*,#4582,.T.);
#5798=ORIENTED_EDGE('',*,*,#4583,.T.);
#5799=ORIENTED_EDGE('',*,*,#4584,.T.);
#5800=ORIENTED_EDGE('',*,*,#4585,.T.);
#5801=ORIENTED_EDGE('',*,*,#4586,.T.);
#5802=ORIENTED_EDGE('',*,*,#4587,.T.);
#5803=ORIENTED_EDGE('',*,*,#4588,.T.);
#5804=ORIENTED_EDGE('',*,*,#4589,.F.);
#5805=ORIENTED_EDGE('',*,*,#4590,.F.);
#5806=ORIENTED_EDGE('',*,*,#4591,.F.);
#5807=ORIENTED_EDGE('',*,*,#4592,.F.);
#5808=ORIENTED_EDGE('',*,*,#4593,.F.);
#5809=ORIENTED_EDGE('',*,*,#4594,.F.);
#5810=ORIENTED_EDGE('',*,*,#4595,.F.);
#5811=ORIENTED_EDGE('',*,*,#4596,.F.);
#5812=ORIENTED_EDGE('',*,*,#4597,.F.);
#5813=ORIENTED_EDGE('',*,*,#4598,.F.);
#5814=ORIENTED_EDGE('',*,*,#4599,.T.);
#5815=ORIENTED_EDGE('',*,*,#4600,.T.);
#5816=ORIENTED_EDGE('',*,*,#4601,.T.);
#5817=ORIENTED_EDGE('',*,*,#4602,.T.);
#5818=ORIENTED_EDGE('',*,*,#4603,.T.);
#5819=ORIENTED_EDGE('',*,*,#4604,.T.);
#5820=ORIENTED_EDGE('',*,*,#4605,.T.);
#5821=ORIENTED_EDGE('',*,*,#4606,.T.);
#5822=ORIENTED_EDGE('',*,*,#4607,.F.);
#5823=ORIENTED_EDGE('',*,*,#4608,.F.);
#5824=ORIENTED_EDGE('',*,*,#4609,.F.);
#5825=ORIENTED_EDGE('',*,*,#4610,.F.);
#5826=ORIENTED_EDGE('',*,*,#4611,.F.);
#5827=ORIENTED_EDGE('',*,*,#4612,.F.);
#5828=ORIENTED_EDGE('',*,*,#4613,.F.);
#5829=ORIENTED_EDGE('',*,*,#4614,.F.);
#5830=ORIENTED_EDGE('',*,*,#4615,.F.);
#5831=ORIENTED_EDGE('',*,*,#4616,.F.);
#5832=ORIENTED_EDGE('',*,*,#4617,.T.);
#5833=ORIENTED_EDGE('',*,*,#4618,.T.);
#5834=ORIENTED_EDGE('',*,*,#4619,.T.);
#5835=ORIENTED_EDGE('',*,*,#4620,.T.);
#5836=ORIENTED_EDGE('',*,*,#4621,.T.);
#5837=ORIENTED_EDGE('',*,*,#4622,.T.);
#5838=ORIENTED_EDGE('',*,*,#4623,.T.);
#5839=ORIENTED_EDGE('',*,*,#4624,.T.);
#5840=ORIENTED_EDGE('',*,*,#4625,.F.);
#5841=ORIENTED_EDGE('',*,*,#4626,.F.);
#5842=ORIENTED_EDGE('',*,*,#4627,.F.);
#5843=ORIENTED_EDGE('',*,*,#4628,.F.);
#5844=ORIENTED_EDGE('',*,*,#4629,.F.);
#5845=ORIENTED_EDGE('',*,*,#4630,.F.);
#5846=ORIENTED_EDGE('',*,*,#4631,.F.);
#5847=ORIENTED_EDGE('',*,*,#4632,.F.);
#5848=ORIENTED_EDGE('',*,*,#4633,.F.);
#5849=ORIENTED_EDGE('',*,*,#4634,.F.);
#5850=ORIENTED_EDGE('',*,*,#4635,.T.);
#5851=ORIENTED_EDGE('',*,*,#4636,.T.);
#5852=ORIENTED_EDGE('',*,*,#4637,.T.);
#5853=ORIENTED_EDGE('',*,*,#4638,.T.);
#5854=ORIENTED_EDGE('',*,*,#4639,.T.);
#5855=ORIENTED_EDGE('',*,*,#4640,.T.);
#5856=ORIENTED_EDGE('',*,*,#4641,.T.);
#5857=ORIENTED_EDGE('',*,*,#4642,.T.);
#5858=ORIENTED_EDGE('',*,*,#4643,.F.);
#5859=ORIENTED_EDGE('',*,*,#4644,.F.);
#5860=ORIENTED_EDGE('',*,*,#4645,.F.);
#5861=ORIENTED_EDGE('',*,*,#4646,.F.);
#5862=ORIENTED_EDGE('',*,*,#4647,.F.);
#5863=ORIENTED_EDGE('',*,*,#4648,.F.);
#5864=ORIENTED_EDGE('',*,*,#4649,.F.);
#5865=ORIENTED_EDGE('',*,*,#4650,.F.);
#5866=ORIENTED_EDGE('',*,*,#4651,.F.);
#5867=ORIENTED_EDGE('',*,*,#4652,.F.);
#5868=ORIENTED_EDGE('',*,*,#4653,.T.);
#5869=ORIENTED_EDGE('',*,*,#4654,.T.);
#5870=ORIENTED_EDGE('',*,*,#4655,.T.);
#5871=ORIENTED_EDGE('',*,*,#4656,.T.);
#5872=ORIENTED_EDGE('',*,*,#4657,.T.);
#5873=ORIENTED_EDGE('',*,*,#4658,.T.);
#5874=ORIENTED_EDGE('',*,*,#4659,.T.);
#5875=ORIENTED_EDGE('',*,*,#4660,.T.);
#5876=ORIENTED_EDGE('',*,*,#4661,.F.);
#5877=ORIENTED_EDGE('',*,*,#4662,.F.);
#5878=ORIENTED_EDGE('',*,*,#4663,.F.);
#5879=ORIENTED_EDGE('',*,*,#4664,.F.);
#5880=ORIENTED_EDGE('',*,*,#4665,.F.);
#5881=ORIENTED_EDGE('',*,*,#4666,.F.);
#5882=ORIENTED_EDGE('',*,*,#4667,.F.);
#5883=ORIENTED_EDGE('',*,*,#4668,.F.);
#5884=ORIENTED_EDGE('',*,*,#4669,.F.);
#5885=ORIENTED_EDGE('',*,*,#4670,.F.);
#5886=ORIENTED_EDGE('',*,*,#4671,.T.);
#5887=ORIENTED_EDGE('',*,*,#4672,.T.);
#5888=ORIENTED_EDGE('',*,*,#4673,.T.);
#5889=ORIENTED_EDGE('',*,*,#4674,.T.);
#5890=ORIENTED_EDGE('',*,*,#4675,.T.);
#5891=ORIENTED_EDGE('',*,*,#4676,.T.);
#5892=ORIENTED_EDGE('',*,*,#4677,.T.);
#5893=ORIENTED_EDGE('',*,*,#4678,.T.);
#5894=ORIENTED_EDGE('',*,*,#4679,.F.);
#5895=ORIENTED_EDGE('',*,*,#4680,.F.);
#5896=ORIENTED_EDGE('',*,*,#4681,.F.);
#5897=ORIENTED_EDGE('',*,*,#4682,.F.);
#5898=ORIENTED_EDGE('',*,*,#4683,.F.);
#5899=ORIENTED_EDGE('',*,*,#4684,.F.);
#5900=ORIENTED_EDGE('',*,*,#4685,.F.);
#5901=ORIENTED_EDGE('',*,*,#4686,.F.);
#5902=ORIENTED_EDGE('',*,*,#4687,.F.);
#5903=ORIENTED_EDGE('',*,*,#4688,.F.);
#5904=ORIENTED_EDGE('',*,*,#4689,.T.);
#5905=ORIENTED_EDGE('',*,*,#4690,.T.);
#5906=ORIENTED_EDGE('',*,*,#4691,.T.);
#5907=ORIENTED_EDGE('',*,*,#4692,.T.);
#5908=ORIENTED_EDGE('',*,*,#4693,.T.);
#5909=ORIENTED_EDGE('',*,*,#4694,.T.);
#5910=ORIENTED_EDGE('',*,*,#4695,.T.);
#5911=ORIENTED_EDGE('',*,*,#4696,.T.);
#5912=ORIENTED_EDGE('',*,*,#4697,.F.);
#5913=ORIENTED_EDGE('',*,*,#4698,.F.);
#5914=ORIENTED_EDGE('',*,*,#4699,.F.);
#5915=ORIENTED_EDGE('',*,*,#4700,.F.);
#5916=ORIENTED_EDGE('',*,*,#4701,.F.);
#5917=ORIENTED_EDGE('',*,*,#4702,.F.);
#5918=ORIENTED_EDGE('',*,*,#4703,.F.);
#5919=ORIENTED_EDGE('',*,*,#4704,.F.);
#5920=ORIENTED_EDGE('',*,*,#4705,.F.);
#5921=ORIENTED_EDGE('',*,*,#4706,.F.);
#5922=ORIENTED_EDGE('',*,*,#4707,.T.);
#5923=ORIENTED_EDGE('',*,*,#4708,.T.);
#5924=ORIENTED_EDGE('',*,*,#4709,.T.);
#5925=ORIENTED_EDGE('',*,*,#4710,.T.);
#5926=ORIENTED_EDGE('',*,*,#4711,.T.);
#5927=ORIENTED_EDGE('',*,*,#4712,.T.);
#5928=ORIENTED_EDGE('',*,*,#4713,.T.);
#5929=ORIENTED_EDGE('',*,*,#4714,.T.);
#5930=ORIENTED_EDGE('',*,*,#4715,.F.);
#5931=ORIENTED_EDGE('',*,*,#4716,.F.);
#5932=ORIENTED_EDGE('',*,*,#4717,.F.);
#5933=ORIENTED_EDGE('',*,*,#4718,.F.);
#5934=ORIENTED_EDGE('',*,*,#4719,.F.);
#5935=ORIENTED_EDGE('',*,*,#4720,.F.);
#5936=ORIENTED_EDGE('',*,*,#4721,.F.);
#5937=ORIENTED_EDGE('',*,*,#4722,.F.);
#5938=ORIENTED_EDGE('',*,*,#4723,.F.);
#5939=ORIENTED_EDGE('',*,*,#4724,.F.);
#5940=ORIENTED_EDGE('',*,*,#4725,.T.);
#5941=ORIENTED_EDGE('',*,*,#4726,.T.);
#5942=ORIENTED_EDGE('',*,*,#4727,.T.);
#5943=ORIENTED_EDGE('',*,*,#4728,.T.);
#5944=ORIENTED_EDGE('',*,*,#4729,.T.);
#5945=ORIENTED_EDGE('',*,*,#4730,.T.);
#5946=ORIENTED_EDGE('',*,*,#4731,.T.);
#5947=ORIENTED_EDGE('',*,*,#4732,.T.);
#5948=ORIENTED_EDGE('',*,*,#4733,.F.);
#5949=ORIENTED_EDGE('',*,*,#4734,.F.);
#5950=ORIENTED_EDGE('',*,*,#4735,.F.);
#5951=ORIENTED_EDGE('',*,*,#4736,.F.);
#5952=ORIENTED_EDGE('',*,*,#4737,.F.);
#5953=ORIENTED_EDGE('',*,*,#4738,.F.);
#5954=ORIENTED_EDGE('',*,*,#4739,.F.);
#5955=ORIENTED_EDGE('',*,*,#4740,.F.);
#5956=ORIENTED_EDGE('',*,*,#4741,.F.);
#5957=ORIENTED_EDGE('',*,*,#4742,.F.);
#5958=ORIENTED_EDGE('',*,*,#4743,.T.);
#5959=ORIENTED_EDGE('',*,*,#4744,.T.);
#5960=ORIENTED_EDGE('',*,*,#4745,.T.);
#5961=ORIENTED_EDGE('',*,*,#4746,.T.);
#5962=ORIENTED_EDGE('',*,*,#4747,.T.);
#5963=ORIENTED_EDGE('',*,*,#4748,.T.);
#5964=ORIENTED_EDGE('',*,*,#4749,.T.);
#5965=ORIENTED_EDGE('',*,*,#4750,.T.);
#5966=ORIENTED_EDGE('',*,*,#4751,.T.);
#5967=ORIENTED_EDGE('',*,*,#4752,.F.);
#5968=ORIENTED_EDGE('',*,*,#4753,.F.);
#5969=ORIENTED_EDGE('',*,*,#4754,.F.);
#5970=ORIENTED_EDGE('',*,*,#4755,.F.);
#5971=ORIENTED_EDGE('',*,*,#4756,.F.);
#5972=ORIENTED_EDGE('',*,*,#4757,.F.);
#5973=ORIENTED_EDGE('',*,*,#4758,.F.);
#5974=ORIENTED_EDGE('',*,*,#4759,.F.);
#5975=ORIENTED_EDGE('',*,*,#4760,.F.);
#5976=ORIENTED_EDGE('',*,*,#4761,.F.);
#5977=ORIENTED_EDGE('',*,*,#4762,.F.);
#5978=ORIENTED_EDGE('',*,*,#4763,.F.);
#5979=ORIENTED_EDGE('',*,*,#4764,.F.);
#5980=ORIENTED_EDGE('',*,*,#4765,.F.);
#5981=ORIENTED_EDGE('',*,*,#4766,.F.);
#5982=ORIENTED_EDGE('',*,*,#4767,.T.);
#5983=ORIENTED_EDGE('',*,*,#4768,.T.);
#5984=ORIENTED_EDGE('',*,*,#4769,.T.);
#5985=ORIENTED_EDGE('',*,*,#4770,.F.);
#5986=ORIENTED_EDGE('',*,*,#4771,.F.);
#5987=ORIENTED_EDGE('',*,*,#4772,.T.);
#5988=ORIENTED_EDGE('',*,*,#4773,.T.);
#5989=ORIENTED_EDGE('',*,*,#4774,.F.);
#5990=ORIENTED_EDGE('',*,*,#4775,.F.);
#5991=ORIENTED_EDGE('',*,*,#4776,.F.);
#5992=ORIENTED_EDGE('',*,*,#4440,.T.);
#5993=ORIENTED_EDGE('',*,*,#4777,.F.);
#5994=ORIENTED_EDGE('',*,*,#4778,.F.);
#5995=ORIENTED_EDGE('',*,*,#4779,.F.);
#5996=ORIENTED_EDGE('',*,*,#4780,.F.);
#5997=ORIENTED_EDGE('',*,*,#4761,.T.);
#5998=ORIENTED_EDGE('',*,*,#4781,.F.);
#5999=ORIENTED_EDGE('',*,*,#4782,.F.);
#6000=ORIENTED_EDGE('',*,*,#4741,.T.);
#6001=ORIENTED_EDGE('',*,*,#4783,.F.);
#6002=ORIENTED_EDGE('',*,*,#4784,.F.);
#6003=ORIENTED_EDGE('',*,*,#4785,.T.);
#6004=ORIENTED_EDGE('',*,*,#4723,.T.);
#6005=ORIENTED_EDGE('',*,*,#4786,.F.);
#6006=ORIENTED_EDGE('',*,*,#4787,.F.);
#6007=ORIENTED_EDGE('',*,*,#4788,.T.);
#6008=ORIENTED_EDGE('',*,*,#4705,.T.);
#6009=ORIENTED_EDGE('',*,*,#4789,.F.);
#6010=ORIENTED_EDGE('',*,*,#4790,.F.);
#6011=ORIENTED_EDGE('',*,*,#4791,.T.);
#6012=ORIENTED_EDGE('',*,*,#4687,.T.);
#6013=ORIENTED_EDGE('',*,*,#4792,.F.);
#6014=ORIENTED_EDGE('',*,*,#4793,.F.);
#6015=ORIENTED_EDGE('',*,*,#4794,.T.);
#6016=ORIENTED_EDGE('',*,*,#4669,.T.);
#6017=ORIENTED_EDGE('',*,*,#4795,.F.);
#6018=ORIENTED_EDGE('',*,*,#4796,.F.);
#6019=ORIENTED_EDGE('',*,*,#4797,.T.);
#6020=ORIENTED_EDGE('',*,*,#4651,.T.);
#6021=ORIENTED_EDGE('',*,*,#4798,.F.);
#6022=ORIENTED_EDGE('',*,*,#4799,.F.);
#6023=ORIENTED_EDGE('',*,*,#4800,.T.);
#6024=ORIENTED_EDGE('',*,*,#4633,.T.);
#6025=ORIENTED_EDGE('',*,*,#4801,.F.);
#6026=ORIENTED_EDGE('',*,*,#4802,.F.);
#6027=ORIENTED_EDGE('',*,*,#4803,.T.);
#6028=ORIENTED_EDGE('',*,*,#4615,.T.);
#6029=ORIENTED_EDGE('',*,*,#4804,.F.);
#6030=ORIENTED_EDGE('',*,*,#4805,.F.);
#6031=ORIENTED_EDGE('',*,*,#4806,.T.);
#6032=ORIENTED_EDGE('',*,*,#4597,.T.);
#6033=ORIENTED_EDGE('',*,*,#4807,.F.);
#6034=ORIENTED_EDGE('',*,*,#4808,.F.);
#6035=ORIENTED_EDGE('',*,*,#4809,.T.);
#6036=ORIENTED_EDGE('',*,*,#4579,.T.);
#6037=ORIENTED_EDGE('',*,*,#4810,.F.);
#6038=ORIENTED_EDGE('',*,*,#4811,.F.);
#6039=ORIENTED_EDGE('',*,*,#4812,.T.);
#6040=ORIENTED_EDGE('',*,*,#4561,.T.);
#6041=ORIENTED_EDGE('',*,*,#4813,.T.);
#6042=ORIENTED_EDGE('',*,*,#4814,.F.);
#6043=ORIENTED_EDGE('',*,*,#4815,.T.);
#6044=ORIENTED_EDGE('',*,*,#4541,.T.);
#6045=ORIENTED_EDGE('',*,*,#4816,.F.);
#6046=ORIENTED_EDGE('',*,*,#4817,.F.);
#6047=ORIENTED_EDGE('',*,*,#4818,.T.);
#6048=ORIENTED_EDGE('',*,*,#4521,.T.);
#6049=ORIENTED_EDGE('',*,*,#4819,.F.);
#6050=ORIENTED_EDGE('',*,*,#4820,.F.);
#6051=ORIENTED_EDGE('',*,*,#4821,.T.);
#6052=ORIENTED_EDGE('',*,*,#4501,.T.);
#6053=ORIENTED_EDGE('',*,*,#4822,.F.);
#6054=ORIENTED_EDGE('',*,*,#4823,.F.);
#6055=ORIENTED_EDGE('',*,*,#4824,.T.);
#6056=ORIENTED_EDGE('',*,*,#4481,.T.);
#6057=ORIENTED_EDGE('',*,*,#4825,.F.);
#6058=ORIENTED_EDGE('',*,*,#4826,.F.);
#6059=ORIENTED_EDGE('',*,*,#4827,.T.);
#6060=ORIENTED_EDGE('',*,*,#4828,.F.);
#6061=ORIENTED_EDGE('',*,*,#4829,.T.);
#6062=ORIENTED_EDGE('',*,*,#4830,.F.);
#6063=ORIENTED_EDGE('',*,*,#4767,.F.);
#6064=ORIENTED_EDGE('',*,*,#4831,.F.);
#6065=ORIENTED_EDGE('',*,*,#4832,.F.);
#6066=ORIENTED_EDGE('',*,*,#4833,.F.);
#6067=ORIENTED_EDGE('',*,*,#4834,.T.);
#6068=ORIENTED_EDGE('',*,*,#4835,.F.);
#6069=ORIENTED_EDGE('',*,*,#4836,.F.);
#6070=ORIENTED_EDGE('',*,*,#4837,.T.);
#6071=ORIENTED_EDGE('',*,*,#4832,.T.);
#6072=ORIENTED_EDGE('',*,*,#4838,.F.);
#6073=ORIENTED_EDGE('',*,*,#4839,.F.);
#6074=ORIENTED_EDGE('',*,*,#4840,.T.);
#6075=ORIENTED_EDGE('',*,*,#4836,.T.);
#6076=ORIENTED_EDGE('',*,*,#4841,.F.);
#6077=ORIENTED_EDGE('',*,*,#4842,.F.);
#6078=ORIENTED_EDGE('',*,*,#4843,.T.);
#6079=ORIENTED_EDGE('',*,*,#4839,.T.);
#6080=ORIENTED_EDGE('',*,*,#4844,.F.);
#6081=ORIENTED_EDGE('',*,*,#4845,.F.);
#6082=ORIENTED_EDGE('',*,*,#4846,.T.);
#6083=ORIENTED_EDGE('',*,*,#4842,.T.);
#6084=ORIENTED_EDGE('',*,*,#4847,.F.);
#6085=ORIENTED_EDGE('',*,*,#4848,.F.);
#6086=ORIENTED_EDGE('',*,*,#4849,.T.);
#6087=ORIENTED_EDGE('',*,*,#4845,.T.);
#6088=ORIENTED_EDGE('',*,*,#4850,.F.);
#6089=ORIENTED_EDGE('',*,*,#4851,.F.);
#6090=ORIENTED_EDGE('',*,*,#4852,.T.);
#6091=ORIENTED_EDGE('',*,*,#4848,.T.);
#6092=ORIENTED_EDGE('',*,*,#4853,.F.);
#6093=ORIENTED_EDGE('',*,*,#4854,.F.);
#6094=ORIENTED_EDGE('',*,*,#4855,.T.);
#6095=ORIENTED_EDGE('',*,*,#4851,.T.);
#6096=ORIENTED_EDGE('',*,*,#4856,.F.);
#6097=ORIENTED_EDGE('',*,*,#4857,.F.);
#6098=ORIENTED_EDGE('',*,*,#4858,.T.);
#6099=ORIENTED_EDGE('',*,*,#4854,.T.);
#6100=ORIENTED_EDGE('',*,*,#4859,.T.);
#6101=ORIENTED_EDGE('',*,*,#4860,.F.);
#6102=ORIENTED_EDGE('',*,*,#4861,.T.);
#6103=ORIENTED_EDGE('',*,*,#4857,.T.);
#6104=ORIENTED_EDGE('',*,*,#4862,.F.);
#6105=ORIENTED_EDGE('',*,*,#4863,.T.);
#6106=ORIENTED_EDGE('',*,*,#4864,.T.);
#6107=ORIENTED_EDGE('',*,*,#4865,.F.);
#6108=ORIENTED_EDGE('',*,*,#4866,.T.);
#6109=ORIENTED_EDGE('',*,*,#4453,.T.);
#6110=ORIENTED_EDGE('',*,*,#4867,.T.);
#6111=ORIENTED_EDGE('',*,*,#4868,.T.);
#6112=ORIENTED_EDGE('',*,*,#4864,.F.);
#6113=ORIENTED_EDGE('',*,*,#4452,.T.);
#6114=ORIENTED_EDGE('',*,*,#4869,.T.);
#6115=ORIENTED_EDGE('',*,*,#4870,.T.);
#6116=ORIENTED_EDGE('',*,*,#4867,.F.);
#6117=ORIENTED_EDGE('',*,*,#4451,.T.);
#6118=ORIENTED_EDGE('',*,*,#4871,.T.);
#6119=ORIENTED_EDGE('',*,*,#4872,.T.);
#6120=ORIENTED_EDGE('',*,*,#4869,.F.);
#6121=ORIENTED_EDGE('',*,*,#4450,.T.);
#6122=ORIENTED_EDGE('',*,*,#4873,.T.);
#6123=ORIENTED_EDGE('',*,*,#4874,.T.);
#6124=ORIENTED_EDGE('',*,*,#4871,.F.);
#6125=ORIENTED_EDGE('',*,*,#4449,.T.);
#6126=ORIENTED_EDGE('',*,*,#4875,.T.);
#6127=ORIENTED_EDGE('',*,*,#4876,.T.);
#6128=ORIENTED_EDGE('',*,*,#4873,.F.);
#6129=ORIENTED_EDGE('',*,*,#4448,.T.);
#6130=ORIENTED_EDGE('',*,*,#4877,.T.);
#6131=ORIENTED_EDGE('',*,*,#4878,.T.);
#6132=ORIENTED_EDGE('',*,*,#4875,.F.);
#6133=ORIENTED_EDGE('',*,*,#4447,.T.);
#6134=ORIENTED_EDGE('',*,*,#4879,.T.);
#6135=ORIENTED_EDGE('',*,*,#4880,.T.);
#6136=ORIENTED_EDGE('',*,*,#4877,.F.);
#6137=ORIENTED_EDGE('',*,*,#4446,.T.);
#6138=ORIENTED_EDGE('',*,*,#4881,.T.);
#6139=ORIENTED_EDGE('',*,*,#4882,.T.);
#6140=ORIENTED_EDGE('',*,*,#4879,.F.);
#6141=ORIENTED_EDGE('',*,*,#4445,.T.);
#6142=ORIENTED_EDGE('',*,*,#4883,.F.);
#6143=ORIENTED_EDGE('',*,*,#4884,.F.);
#6144=ORIENTED_EDGE('',*,*,#4885,.F.);
#6145=ORIENTED_EDGE('',*,*,#4886,.T.);
#6146=ORIENTED_EDGE('',*,*,#4887,.F.);
#6147=ORIENTED_EDGE('',*,*,#4888,.F.);
#6148=ORIENTED_EDGE('',*,*,#4889,.T.);
#6149=ORIENTED_EDGE('',*,*,#4884,.T.);
#6150=ORIENTED_EDGE('',*,*,#4890,.F.);
#6151=ORIENTED_EDGE('',*,*,#4891,.F.);
#6152=ORIENTED_EDGE('',*,*,#4892,.T.);
#6153=ORIENTED_EDGE('',*,*,#4888,.T.);
#6154=ORIENTED_EDGE('',*,*,#4893,.F.);
#6155=ORIENTED_EDGE('',*,*,#4894,.F.);
#6156=ORIENTED_EDGE('',*,*,#4895,.T.);
#6157=ORIENTED_EDGE('',*,*,#4891,.T.);
#6158=ORIENTED_EDGE('',*,*,#4896,.F.);
#6159=ORIENTED_EDGE('',*,*,#4897,.F.);
#6160=ORIENTED_EDGE('',*,*,#4898,.T.);
#6161=ORIENTED_EDGE('',*,*,#4894,.T.);
#6162=ORIENTED_EDGE('',*,*,#4899,.F.);
#6163=ORIENTED_EDGE('',*,*,#4900,.F.);
#6164=ORIENTED_EDGE('',*,*,#4901,.T.);
#6165=ORIENTED_EDGE('',*,*,#4897,.T.);
#6166=ORIENTED_EDGE('',*,*,#4902,.F.);
#6167=ORIENTED_EDGE('',*,*,#4903,.F.);
#6168=ORIENTED_EDGE('',*,*,#4904,.T.);
#6169=ORIENTED_EDGE('',*,*,#4900,.T.);
#6170=ORIENTED_EDGE('',*,*,#4905,.F.);
#6171=ORIENTED_EDGE('',*,*,#4906,.F.);
#6172=ORIENTED_EDGE('',*,*,#4907,.T.);
#6173=ORIENTED_EDGE('',*,*,#4903,.T.);
#6174=ORIENTED_EDGE('',*,*,#4908,.F.);
#6175=ORIENTED_EDGE('',*,*,#4773,.F.);
#6176=ORIENTED_EDGE('',*,*,#4909,.T.);
#6177=ORIENTED_EDGE('',*,*,#4906,.T.);
#6178=ORIENTED_EDGE('',*,*,#4766,.T.);
#6179=ORIENTED_EDGE('',*,*,#4910,.F.);
#6180=ORIENTED_EDGE('',*,*,#4911,.F.);
#6181=ORIENTED_EDGE('',*,*,#4912,.F.);
#6182=ORIENTED_EDGE('',*,*,#4828,.T.);
#6183=ORIENTED_EDGE('',*,*,#4913,.F.);
#6184=ORIENTED_EDGE('',*,*,#4914,.T.);
#6185=ORIENTED_EDGE('',*,*,#4915,.T.);
#6186=ORIENTED_EDGE('',*,*,#4551,.F.);
#6187=ORIENTED_EDGE('',*,*,#4916,.F.);
#6188=ORIENTED_EDGE('',*,*,#4917,.T.);
#6189=ORIENTED_EDGE('',*,*,#4913,.T.);
#6190=ORIENTED_EDGE('',*,*,#4550,.F.);
#6191=ORIENTED_EDGE('',*,*,#4918,.F.);
#6192=ORIENTED_EDGE('',*,*,#4919,.T.);
#6193=ORIENTED_EDGE('',*,*,#4916,.T.);
#6194=ORIENTED_EDGE('',*,*,#4549,.F.);
#6195=ORIENTED_EDGE('',*,*,#4920,.F.);
#6196=ORIENTED_EDGE('',*,*,#4921,.T.);
#6197=ORIENTED_EDGE('',*,*,#4918,.T.);
#6198=ORIENTED_EDGE('',*,*,#4548,.F.);
#6199=ORIENTED_EDGE('',*,*,#4922,.F.);
#6200=ORIENTED_EDGE('',*,*,#4923,.T.);
#6201=ORIENTED_EDGE('',*,*,#4920,.T.);
#6202=ORIENTED_EDGE('',*,*,#4547,.F.);
#6203=ORIENTED_EDGE('',*,*,#4924,.F.);
#6204=ORIENTED_EDGE('',*,*,#4925,.T.);
#6205=ORIENTED_EDGE('',*,*,#4922,.T.);
#6206=ORIENTED_EDGE('',*,*,#4546,.F.);
#6207=ORIENTED_EDGE('',*,*,#4926,.F.);
#6208=ORIENTED_EDGE('',*,*,#4927,.T.);
#6209=ORIENTED_EDGE('',*,*,#4924,.T.);
#6210=ORIENTED_EDGE('',*,*,#4545,.F.);
#6211=ORIENTED_EDGE('',*,*,#4928,.F.);
#6212=ORIENTED_EDGE('',*,*,#4929,.T.);
#6213=ORIENTED_EDGE('',*,*,#4926,.T.);
#6214=ORIENTED_EDGE('',*,*,#4544,.F.);
#6215=ORIENTED_EDGE('',*,*,#4915,.F.);
#6216=ORIENTED_EDGE('',*,*,#4930,.F.);
#6217=ORIENTED_EDGE('',*,*,#4931,.T.);
#6218=ORIENTED_EDGE('',*,*,#4552,.T.);
#6219=ORIENTED_EDGE('',*,*,#4932,.F.);
#6220=ORIENTED_EDGE('',*,*,#4933,.F.);
#6221=ORIENTED_EDGE('',*,*,#4813,.F.);
#6222=ORIENTED_EDGE('',*,*,#4560,.T.);
#6223=ORIENTED_EDGE('',*,*,#4934,.F.);
#6224=ORIENTED_EDGE('',*,*,#4935,.F.);
#6225=ORIENTED_EDGE('',*,*,#4932,.T.);
#6226=ORIENTED_EDGE('',*,*,#4559,.T.);
#6227=ORIENTED_EDGE('',*,*,#4936,.F.);
#6228=ORIENTED_EDGE('',*,*,#4937,.F.);
#6229=ORIENTED_EDGE('',*,*,#4934,.T.);
#6230=ORIENTED_EDGE('',*,*,#4558,.T.);
#6231=ORIENTED_EDGE('',*,*,#4938,.F.);
#6232=ORIENTED_EDGE('',*,*,#4939,.F.);
#6233=ORIENTED_EDGE('',*,*,#4936,.T.);
#6234=ORIENTED_EDGE('',*,*,#4557,.T.);
#6235=ORIENTED_EDGE('',*,*,#4940,.F.);
#6236=ORIENTED_EDGE('',*,*,#4941,.F.);
#6237=ORIENTED_EDGE('',*,*,#4938,.T.);
#6238=ORIENTED_EDGE('',*,*,#4556,.T.);
#6239=ORIENTED_EDGE('',*,*,#4942,.F.);
#6240=ORIENTED_EDGE('',*,*,#4943,.F.);
#6241=ORIENTED_EDGE('',*,*,#4940,.T.);
#6242=ORIENTED_EDGE('',*,*,#4555,.T.);
#6243=ORIENTED_EDGE('',*,*,#4944,.F.);
#6244=ORIENTED_EDGE('',*,*,#4945,.F.);
#6245=ORIENTED_EDGE('',*,*,#4942,.T.);
#6246=ORIENTED_EDGE('',*,*,#4554,.T.);
#6247=ORIENTED_EDGE('',*,*,#4931,.F.);
#6248=ORIENTED_EDGE('',*,*,#4946,.F.);
#6249=ORIENTED_EDGE('',*,*,#4944,.T.);
#6250=ORIENTED_EDGE('',*,*,#4553,.T.);
#6251=ORIENTED_EDGE('',*,*,#4947,.T.);
#6252=ORIENTED_EDGE('',*,*,#4928,.T.);
#6253=ORIENTED_EDGE('',*,*,#4543,.F.);
#6254=ORIENTED_EDGE('',*,*,#4948,.F.);
#6255=ORIENTED_EDGE('',*,*,#4949,.F.);
#6256=ORIENTED_EDGE('',*,*,#4950,.T.);
#6257=ORIENTED_EDGE('',*,*,#4951,.T.);
#6258=ORIENTED_EDGE('',*,*,#4531,.F.);
#6259=ORIENTED_EDGE('',*,*,#4952,.F.);
#6260=ORIENTED_EDGE('',*,*,#4953,.T.);
#6261=ORIENTED_EDGE('',*,*,#4949,.T.);
#6262=ORIENTED_EDGE('',*,*,#4530,.F.);
#6263=ORIENTED_EDGE('',*,*,#4954,.F.);
#6264=ORIENTED_EDGE('',*,*,#4955,.T.);
#6265=ORIENTED_EDGE('',*,*,#4952,.T.);
#6266=ORIENTED_EDGE('',*,*,#4529,.F.);
#6267=ORIENTED_EDGE('',*,*,#4956,.F.);
#6268=ORIENTED_EDGE('',*,*,#4957,.T.);
#6269=ORIENTED_EDGE('',*,*,#4954,.T.);
#6270=ORIENTED_EDGE('',*,*,#4528,.F.);
#6271=ORIENTED_EDGE('',*,*,#4958,.F.);
#6272=ORIENTED_EDGE('',*,*,#4959,.T.);
#6273=ORIENTED_EDGE('',*,*,#4956,.T.);
#6274=ORIENTED_EDGE('',*,*,#4527,.F.);
#6275=ORIENTED_EDGE('',*,*,#4960,.F.);
#6276=ORIENTED_EDGE('',*,*,#4961,.T.);
#6277=ORIENTED_EDGE('',*,*,#4958,.T.);
#6278=ORIENTED_EDGE('',*,*,#4526,.F.);
#6279=ORIENTED_EDGE('',*,*,#4962,.F.);
#6280=ORIENTED_EDGE('',*,*,#4963,.T.);
#6281=ORIENTED_EDGE('',*,*,#4960,.T.);
#6282=ORIENTED_EDGE('',*,*,#4525,.F.);
#6283=ORIENTED_EDGE('',*,*,#4964,.F.);
#6284=ORIENTED_EDGE('',*,*,#4965,.T.);
#6285=ORIENTED_EDGE('',*,*,#4962,.T.);
#6286=ORIENTED_EDGE('',*,*,#4524,.F.);
#6287=ORIENTED_EDGE('',*,*,#4951,.F.);
#6288=ORIENTED_EDGE('',*,*,#4966,.F.);
#6289=ORIENTED_EDGE('',*,*,#4967,.T.);
#6290=ORIENTED_EDGE('',*,*,#4532,.T.);
#6291=ORIENTED_EDGE('',*,*,#4968,.F.);
#6292=ORIENTED_EDGE('',*,*,#4969,.F.);
#6293=ORIENTED_EDGE('',*,*,#4816,.T.);
#6294=ORIENTED_EDGE('',*,*,#4540,.T.);
#6295=ORIENTED_EDGE('',*,*,#4970,.F.);
#6296=ORIENTED_EDGE('',*,*,#4971,.F.);
#6297=ORIENTED_EDGE('',*,*,#4968,.T.);
#6298=ORIENTED_EDGE('',*,*,#4539,.T.);
#6299=ORIENTED_EDGE('',*,*,#4972,.F.);
#6300=ORIENTED_EDGE('',*,*,#4973,.F.);
#6301=ORIENTED_EDGE('',*,*,#4970,.T.);
#6302=ORIENTED_EDGE('',*,*,#4538,.T.);
#6303=ORIENTED_EDGE('',*,*,#4974,.F.);
#6304=ORIENTED_EDGE('',*,*,#4975,.F.);
#6305=ORIENTED_EDGE('',*,*,#4972,.T.);
#6306=ORIENTED_EDGE('',*,*,#4537,.T.);
#6307=ORIENTED_EDGE('',*,*,#4976,.F.);
#6308=ORIENTED_EDGE('',*,*,#4977,.F.);
#6309=ORIENTED_EDGE('',*,*,#4974,.T.);
#6310=ORIENTED_EDGE('',*,*,#4536,.T.);
#6311=ORIENTED_EDGE('',*,*,#4978,.F.);
#6312=ORIENTED_EDGE('',*,*,#4979,.F.);
#6313=ORIENTED_EDGE('',*,*,#4976,.T.);
#6314=ORIENTED_EDGE('',*,*,#4535,.T.);
#6315=ORIENTED_EDGE('',*,*,#4980,.F.);
#6316=ORIENTED_EDGE('',*,*,#4981,.F.);
#6317=ORIENTED_EDGE('',*,*,#4978,.T.);
#6318=ORIENTED_EDGE('',*,*,#4534,.T.);
#6319=ORIENTED_EDGE('',*,*,#4967,.F.);
#6320=ORIENTED_EDGE('',*,*,#4982,.F.);
#6321=ORIENTED_EDGE('',*,*,#4980,.T.);
#6322=ORIENTED_EDGE('',*,*,#4533,.T.);
#6323=ORIENTED_EDGE('',*,*,#4983,.T.);
#6324=ORIENTED_EDGE('',*,*,#4964,.T.);
#6325=ORIENTED_EDGE('',*,*,#4523,.F.);
#6326=ORIENTED_EDGE('',*,*,#4984,.F.);
#6327=ORIENTED_EDGE('',*,*,#4985,.F.);
#6328=ORIENTED_EDGE('',*,*,#4986,.T.);
#6329=ORIENTED_EDGE('',*,*,#4987,.T.);
#6330=ORIENTED_EDGE('',*,*,#4511,.F.);
#6331=ORIENTED_EDGE('',*,*,#4988,.F.);
#6332=ORIENTED_EDGE('',*,*,#4989,.T.);
#6333=ORIENTED_EDGE('',*,*,#4985,.T.);
#6334=ORIENTED_EDGE('',*,*,#4510,.F.);
#6335=ORIENTED_EDGE('',*,*,#4990,.F.);
#6336=ORIENTED_EDGE('',*,*,#4991,.T.);
#6337=ORIENTED_EDGE('',*,*,#4988,.T.);
#6338=ORIENTED_EDGE('',*,*,#4509,.F.);
#6339=ORIENTED_EDGE('',*,*,#4992,.F.);
#6340=ORIENTED_EDGE('',*,*,#4993,.T.);
#6341=ORIENTED_EDGE('',*,*,#4990,.T.);
#6342=ORIENTED_EDGE('',*,*,#4508,.F.);
#6343=ORIENTED_EDGE('',*,*,#4994,.F.);
#6344=ORIENTED_EDGE('',*,*,#4995,.T.);
#6345=ORIENTED_EDGE('',*,*,#4992,.T.);
#6346=ORIENTED_EDGE('',*,*,#4507,.F.);
#6347=ORIENTED_EDGE('',*,*,#4996,.F.);
#6348=ORIENTED_EDGE('',*,*,#4997,.T.);
#6349=ORIENTED_EDGE('',*,*,#4994,.T.);
#6350=ORIENTED_EDGE('',*,*,#4506,.F.);
#6351=ORIENTED_EDGE('',*,*,#4998,.F.);
#6352=ORIENTED_EDGE('',*,*,#4999,.T.);
#6353=ORIENTED_EDGE('',*,*,#4996,.T.);
#6354=ORIENTED_EDGE('',*,*,#4505,.F.);
#6355=ORIENTED_EDGE('',*,*,#5000,.F.);
#6356=ORIENTED_EDGE('',*,*,#5001,.T.);
#6357=ORIENTED_EDGE('',*,*,#4998,.T.);
#6358=ORIENTED_EDGE('',*,*,#4504,.F.);
#6359=ORIENTED_EDGE('',*,*,#4987,.F.);
#6360=ORIENTED_EDGE('',*,*,#5002,.F.);
#6361=ORIENTED_EDGE('',*,*,#5003,.T.);
#6362=ORIENTED_EDGE('',*,*,#4512,.T.);
#6363=ORIENTED_EDGE('',*,*,#5004,.F.);
#6364=ORIENTED_EDGE('',*,*,#5005,.F.);
#6365=ORIENTED_EDGE('',*,*,#4819,.T.);
#6366=ORIENTED_EDGE('',*,*,#4520,.T.);
#6367=ORIENTED_EDGE('',*,*,#5006,.F.);
#6368=ORIENTED_EDGE('',*,*,#5007,.F.);
#6369=ORIENTED_EDGE('',*,*,#5004,.T.);
#6370=ORIENTED_EDGE('',*,*,#4519,.T.);
#6371=ORIENTED_EDGE('',*,*,#5008,.F.);
#6372=ORIENTED_EDGE('',*,*,#5009,.F.);
#6373=ORIENTED_EDGE('',*,*,#5006,.T.);
#6374=ORIENTED_EDGE('',*,*,#4518,.T.);
#6375=ORIENTED_EDGE('',*,*,#5010,.F.);
#6376=ORIENTED_EDGE('',*,*,#5011,.F.);
#6377=ORIENTED_EDGE('',*,*,#5008,.T.);
#6378=ORIENTED_EDGE('',*,*,#4517,.T.);
#6379=ORIENTED_EDGE('',*,*,#5012,.F.);
#6380=ORIENTED_EDGE('',*,*,#5013,.F.);
#6381=ORIENTED_EDGE('',*,*,#5010,.T.);
#6382=ORIENTED_EDGE('',*,*,#4516,.T.);
#6383=ORIENTED_EDGE('',*,*,#5014,.F.);
#6384=ORIENTED_EDGE('',*,*,#5015,.F.);
#6385=ORIENTED_EDGE('',*,*,#5012,.T.);
#6386=ORIENTED_EDGE('',*,*,#4515,.T.);
#6387=ORIENTED_EDGE('',*,*,#5016,.F.);
#6388=ORIENTED_EDGE('',*,*,#5017,.F.);
#6389=ORIENTED_EDGE('',*,*,#5014,.T.);
#6390=ORIENTED_EDGE('',*,*,#4514,.T.);
#6391=ORIENTED_EDGE('',*,*,#5003,.F.);
#6392=ORIENTED_EDGE('',*,*,#5018,.F.);
#6393=ORIENTED_EDGE('',*,*,#5016,.T.);
#6394=ORIENTED_EDGE('',*,*,#4513,.T.);
#6395=ORIENTED_EDGE('',*,*,#5019,.T.);
#6396=ORIENTED_EDGE('',*,*,#5000,.T.);
#6397=ORIENTED_EDGE('',*,*,#4503,.F.);
#6398=ORIENTED_EDGE('',*,*,#5020,.F.);
#6399=ORIENTED_EDGE('',*,*,#5021,.F.);
#6400=ORIENTED_EDGE('',*,*,#5022,.T.);
#6401=ORIENTED_EDGE('',*,*,#5023,.T.);
#6402=ORIENTED_EDGE('',*,*,#4491,.F.);
#6403=ORIENTED_EDGE('',*,*,#5024,.F.);
#6404=ORIENTED_EDGE('',*,*,#5025,.T.);
#6405=ORIENTED_EDGE('',*,*,#5021,.T.);
#6406=ORIENTED_EDGE('',*,*,#4490,.F.);
#6407=ORIENTED_EDGE('',*,*,#5026,.F.);
#6408=ORIENTED_EDGE('',*,*,#5027,.T.);
#6409=ORIENTED_EDGE('',*,*,#5024,.T.);
#6410=ORIENTED_EDGE('',*,*,#4489,.F.);
#6411=ORIENTED_EDGE('',*,*,#5028,.F.);
#6412=ORIENTED_EDGE('',*,*,#5029,.T.);
#6413=ORIENTED_EDGE('',*,*,#5026,.T.);
#6414=ORIENTED_EDGE('',*,*,#4488,.F.);
#6415=ORIENTED_EDGE('',*,*,#5030,.F.);
#6416=ORIENTED_EDGE('',*,*,#5031,.T.);
#6417=ORIENTED_EDGE('',*,*,#5028,.T.);
#6418=ORIENTED_EDGE('',*,*,#4487,.F.);
#6419=ORIENTED_EDGE('',*,*,#5032,.F.);
#6420=ORIENTED_EDGE('',*,*,#5033,.T.);
#6421=ORIENTED_EDGE('',*,*,#5030,.T.);
#6422=ORIENTED_EDGE('',*,*,#4486,.F.);
#6423=ORIENTED_EDGE('',*,*,#5034,.F.);
#6424=ORIENTED_EDGE('',*,*,#5035,.T.);
#6425=ORIENTED_EDGE('',*,*,#5032,.T.);
#6426=ORIENTED_EDGE('',*,*,#4485,.F.);
#6427=ORIENTED_EDGE('',*,*,#5036,.F.);
#6428=ORIENTED_EDGE('',*,*,#5037,.T.);
#6429=ORIENTED_EDGE('',*,*,#5034,.T.);
#6430=ORIENTED_EDGE('',*,*,#4484,.F.);
#6431=ORIENTED_EDGE('',*,*,#5023,.F.);
#6432=ORIENTED_EDGE('',*,*,#5038,.F.);
#6433=ORIENTED_EDGE('',*,*,#5039,.T.);
#6434=ORIENTED_EDGE('',*,*,#4492,.T.);
#6435=ORIENTED_EDGE('',*,*,#5040,.F.);
#6436=ORIENTED_EDGE('',*,*,#5041,.F.);
#6437=ORIENTED_EDGE('',*,*,#4822,.T.);
#6438=ORIENTED_EDGE('',*,*,#4500,.T.);
#6439=ORIENTED_EDGE('',*,*,#5042,.F.);
#6440=ORIENTED_EDGE('',*,*,#5043,.F.);
#6441=ORIENTED_EDGE('',*,*,#5040,.T.);
#6442=ORIENTED_EDGE('',*,*,#4499,.T.);
#6443=ORIENTED_EDGE('',*,*,#5044,.F.);
#6444=ORIENTED_EDGE('',*,*,#5045,.F.);
#6445=ORIENTED_EDGE('',*,*,#5042,.T.);
#6446=ORIENTED_EDGE('',*,*,#4498,.T.);
#6447=ORIENTED_EDGE('',*,*,#5046,.F.);
#6448=ORIENTED_EDGE('',*,*,#5047,.F.);
#6449=ORIENTED_EDGE('',*,*,#5044,.T.);
#6450=ORIENTED_EDGE('',*,*,#4497,.T.);
#6451=ORIENTED_EDGE('',*,*,#5048,.F.);
#6452=ORIENTED_EDGE('',*,*,#5049,.F.);
#6453=ORIENTED_EDGE('',*,*,#5046,.T.);
#6454=ORIENTED_EDGE('',*,*,#4496,.T.);
#6455=ORIENTED_EDGE('',*,*,#5050,.F.);
#6456=ORIENTED_EDGE('',*,*,#5051,.F.);
#6457=ORIENTED_EDGE('',*,*,#5048,.T.);
#6458=ORIENTED_EDGE('',*,*,#4495,.T.);
#6459=ORIENTED_EDGE('',*,*,#5052,.F.);
#6460=ORIENTED_EDGE('',*,*,#5053,.F.);
#6461=ORIENTED_EDGE('',*,*,#5050,.T.);
#6462=ORIENTED_EDGE('',*,*,#4494,.T.);
#6463=ORIENTED_EDGE('',*,*,#5039,.F.);
#6464=ORIENTED_EDGE('',*,*,#5054,.F.);
#6465=ORIENTED_EDGE('',*,*,#5052,.T.);
#6466=ORIENTED_EDGE('',*,*,#4493,.T.);
#6467=ORIENTED_EDGE('',*,*,#5055,.T.);
#6468=ORIENTED_EDGE('',*,*,#5036,.T.);
#6469=ORIENTED_EDGE('',*,*,#4483,.F.);
#6470=ORIENTED_EDGE('',*,*,#5056,.F.);
#6471=ORIENTED_EDGE('',*,*,#5057,.F.);
#6472=ORIENTED_EDGE('',*,*,#5058,.T.);
#6473=ORIENTED_EDGE('',*,*,#5059,.T.);
#6474=ORIENTED_EDGE('',*,*,#4471,.F.);
#6475=ORIENTED_EDGE('',*,*,#5060,.F.);
#6476=ORIENTED_EDGE('',*,*,#5061,.T.);
#6477=ORIENTED_EDGE('',*,*,#5057,.T.);
#6478=ORIENTED_EDGE('',*,*,#4470,.F.);
#6479=ORIENTED_EDGE('',*,*,#5062,.F.);
#6480=ORIENTED_EDGE('',*,*,#5063,.T.);
#6481=ORIENTED_EDGE('',*,*,#5060,.T.);
#6482=ORIENTED_EDGE('',*,*,#4469,.F.);
#6483=ORIENTED_EDGE('',*,*,#5064,.F.);
#6484=ORIENTED_EDGE('',*,*,#5065,.T.);
#6485=ORIENTED_EDGE('',*,*,#5062,.T.);
#6486=ORIENTED_EDGE('',*,*,#4468,.F.);
#6487=ORIENTED_EDGE('',*,*,#5066,.F.);
#6488=ORIENTED_EDGE('',*,*,#5067,.T.);
#6489=ORIENTED_EDGE('',*,*,#5064,.T.);
#6490=ORIENTED_EDGE('',*,*,#4467,.F.);
#6491=ORIENTED_EDGE('',*,*,#5068,.F.);
#6492=ORIENTED_EDGE('',*,*,#5069,.T.);
#6493=ORIENTED_EDGE('',*,*,#5066,.T.);
#6494=ORIENTED_EDGE('',*,*,#4466,.F.);
#6495=ORIENTED_EDGE('',*,*,#5070,.F.);
#6496=ORIENTED_EDGE('',*,*,#5071,.T.);
#6497=ORIENTED_EDGE('',*,*,#5068,.T.);
#6498=ORIENTED_EDGE('',*,*,#4465,.F.);
#6499=ORIENTED_EDGE('',*,*,#5072,.F.);
#6500=ORIENTED_EDGE('',*,*,#5073,.T.);
#6501=ORIENTED_EDGE('',*,*,#5070,.T.);
#6502=ORIENTED_EDGE('',*,*,#4464,.F.);
#6503=ORIENTED_EDGE('',*,*,#5059,.F.);
#6504=ORIENTED_EDGE('',*,*,#5074,.F.);
#6505=ORIENTED_EDGE('',*,*,#5075,.T.);
#6506=ORIENTED_EDGE('',*,*,#4472,.T.);
#6507=ORIENTED_EDGE('',*,*,#5076,.F.);
#6508=ORIENTED_EDGE('',*,*,#5077,.F.);
#6509=ORIENTED_EDGE('',*,*,#4825,.T.);
#6510=ORIENTED_EDGE('',*,*,#4480,.T.);
#6511=ORIENTED_EDGE('',*,*,#5078,.F.);
#6512=ORIENTED_EDGE('',*,*,#5079,.F.);
#6513=ORIENTED_EDGE('',*,*,#5076,.T.);
#6514=ORIENTED_EDGE('',*,*,#4479,.T.);
#6515=ORIENTED_EDGE('',*,*,#5080,.F.);
#6516=ORIENTED_EDGE('',*,*,#5081,.F.);
#6517=ORIENTED_EDGE('',*,*,#5078,.T.);
#6518=ORIENTED_EDGE('',*,*,#4478,.T.);
#6519=ORIENTED_EDGE('',*,*,#5082,.F.);
#6520=ORIENTED_EDGE('',*,*,#5083,.F.);
#6521=ORIENTED_EDGE('',*,*,#5080,.T.);
#6522=ORIENTED_EDGE('',*,*,#4477,.T.);
#6523=ORIENTED_EDGE('',*,*,#5084,.F.);
#6524=ORIENTED_EDGE('',*,*,#5085,.F.);
#6525=ORIENTED_EDGE('',*,*,#5082,.T.);
#6526=ORIENTED_EDGE('',*,*,#4476,.T.);
#6527=ORIENTED_EDGE('',*,*,#5086,.F.);
#6528=ORIENTED_EDGE('',*,*,#5087,.F.);
#6529=ORIENTED_EDGE('',*,*,#5084,.T.);
#6530=ORIENTED_EDGE('',*,*,#4475,.T.);
#6531=ORIENTED_EDGE('',*,*,#5088,.F.);
#6532=ORIENTED_EDGE('',*,*,#5089,.F.);
#6533=ORIENTED_EDGE('',*,*,#5086,.T.);
#6534=ORIENTED_EDGE('',*,*,#4474,.T.);
#6535=ORIENTED_EDGE('',*,*,#5075,.F.);
#6536=ORIENTED_EDGE('',*,*,#5090,.F.);
#6537=ORIENTED_EDGE('',*,*,#5088,.T.);
#6538=ORIENTED_EDGE('',*,*,#4473,.T.);
#6539=ORIENTED_EDGE('',*,*,#5091,.T.);
#6540=ORIENTED_EDGE('',*,*,#5072,.T.);
#6541=ORIENTED_EDGE('',*,*,#4463,.F.);
#6542=ORIENTED_EDGE('',*,*,#5092,.F.);
#6543=ORIENTED_EDGE('',*,*,#5093,.F.);
#6544=ORIENTED_EDGE('',*,*,#5094,.F.);
#6545=ORIENTED_EDGE('',*,*,#5095,.F.);
#6546=ORIENTED_EDGE('',*,*,#4911,.T.);
#6547=ORIENTED_EDGE('',*,*,#5096,.F.);
#6548=ORIENTED_EDGE('',*,*,#5097,.F.);
#6549=ORIENTED_EDGE('',*,*,#5098,.F.);
#6550=ORIENTED_EDGE('',*,*,#5094,.T.);
#6551=ORIENTED_EDGE('',*,*,#5099,.F.);
#6552=ORIENTED_EDGE('',*,*,#5100,.F.);
#6553=ORIENTED_EDGE('',*,*,#5101,.F.);
#6554=ORIENTED_EDGE('',*,*,#5097,.T.);
#6555=ORIENTED_EDGE('',*,*,#5102,.F.);
#6556=ORIENTED_EDGE('',*,*,#5103,.F.);
#6557=ORIENTED_EDGE('',*,*,#5104,.F.);
#6558=ORIENTED_EDGE('',*,*,#5100,.T.);
#6559=ORIENTED_EDGE('',*,*,#5105,.F.);
#6560=ORIENTED_EDGE('',*,*,#5106,.F.);
#6561=ORIENTED_EDGE('',*,*,#5107,.F.);
#6562=ORIENTED_EDGE('',*,*,#5103,.T.);
#6563=ORIENTED_EDGE('',*,*,#5108,.F.);
#6564=ORIENTED_EDGE('',*,*,#5109,.F.);
#6565=ORIENTED_EDGE('',*,*,#5110,.F.);
#6566=ORIENTED_EDGE('',*,*,#5106,.T.);
#6567=ORIENTED_EDGE('',*,*,#5111,.F.);
#6568=ORIENTED_EDGE('',*,*,#5112,.F.);
#6569=ORIENTED_EDGE('',*,*,#5113,.F.);
#6570=ORIENTED_EDGE('',*,*,#5109,.T.);
#6571=ORIENTED_EDGE('',*,*,#5114,.F.);
#6572=ORIENTED_EDGE('',*,*,#4834,.F.);
#6573=ORIENTED_EDGE('',*,*,#5115,.F.);
#6574=ORIENTED_EDGE('',*,*,#5112,.T.);
#6575=ORIENTED_EDGE('',*,*,#5116,.F.);
#6576=ORIENTED_EDGE('',*,*,#5117,.F.);
#6577=ORIENTED_EDGE('',*,*,#5118,.F.);
#6578=ORIENTED_EDGE('',*,*,#5119,.T.);
#6579=ORIENTED_EDGE('',*,*,#5120,.F.);
#6580=ORIENTED_EDGE('',*,*,#5121,.F.);
#6581=ORIENTED_EDGE('',*,*,#5122,.F.);
#6582=ORIENTED_EDGE('',*,*,#5117,.T.);
#6583=ORIENTED_EDGE('',*,*,#5123,.F.);
#6584=ORIENTED_EDGE('',*,*,#5124,.F.);
#6585=ORIENTED_EDGE('',*,*,#5125,.F.);
#6586=ORIENTED_EDGE('',*,*,#5121,.T.);
#6587=ORIENTED_EDGE('',*,*,#5126,.F.);
#6588=ORIENTED_EDGE('',*,*,#5127,.F.);
#6589=ORIENTED_EDGE('',*,*,#5128,.F.);
#6590=ORIENTED_EDGE('',*,*,#5124,.T.);
#6591=ORIENTED_EDGE('',*,*,#5129,.F.);
#6592=ORIENTED_EDGE('',*,*,#5130,.F.);
#6593=ORIENTED_EDGE('',*,*,#5131,.F.);
#6594=ORIENTED_EDGE('',*,*,#5127,.T.);
#6595=ORIENTED_EDGE('',*,*,#5132,.F.);
#6596=ORIENTED_EDGE('',*,*,#5133,.F.);
#6597=ORIENTED_EDGE('',*,*,#5134,.F.);
#6598=ORIENTED_EDGE('',*,*,#5130,.T.);
#6599=ORIENTED_EDGE('',*,*,#5135,.F.);
#6600=ORIENTED_EDGE('',*,*,#5136,.F.);
#6601=ORIENTED_EDGE('',*,*,#5137,.F.);
#6602=ORIENTED_EDGE('',*,*,#5133,.T.);
#6603=ORIENTED_EDGE('',*,*,#5138,.F.);
#6604=ORIENTED_EDGE('',*,*,#4886,.F.);
#6605=ORIENTED_EDGE('',*,*,#5139,.F.);
#6606=ORIENTED_EDGE('',*,*,#5136,.T.);
#6607=ORIENTED_EDGE('',*,*,#5140,.F.);
#6608=ORIENTED_EDGE('',*,*,#5119,.F.);
#6609=ORIENTED_EDGE('',*,*,#5141,.F.);
#6610=ORIENTED_EDGE('',*,*,#5142,.F.);
#6611=ORIENTED_EDGE('',*,*,#5143,.F.);
#6612=ORIENTED_EDGE('',*,*,#5144,.F.);
#6613=ORIENTED_EDGE('',*,*,#4777,.T.);
#6614=ORIENTED_EDGE('',*,*,#4439,.T.);
#6615=ORIENTED_EDGE('',*,*,#5145,.F.);
#6616=ORIENTED_EDGE('',*,*,#5146,.F.);
#6617=ORIENTED_EDGE('',*,*,#5143,.T.);
#6618=ORIENTED_EDGE('',*,*,#4438,.T.);
#6619=ORIENTED_EDGE('',*,*,#5147,.F.);
#6620=ORIENTED_EDGE('',*,*,#5148,.F.);
#6621=ORIENTED_EDGE('',*,*,#5145,.T.);
#6622=ORIENTED_EDGE('',*,*,#4459,.T.);
#6623=ORIENTED_EDGE('',*,*,#5149,.F.);
#6624=ORIENTED_EDGE('',*,*,#5150,.F.);
#6625=ORIENTED_EDGE('',*,*,#5147,.T.);
#6626=ORIENTED_EDGE('',*,*,#4458,.T.);
#6627=ORIENTED_EDGE('',*,*,#5151,.F.);
#6628=ORIENTED_EDGE('',*,*,#5152,.F.);
#6629=ORIENTED_EDGE('',*,*,#5149,.T.);
#6630=ORIENTED_EDGE('',*,*,#4457,.T.);
#6631=ORIENTED_EDGE('',*,*,#5153,.F.);
#6632=ORIENTED_EDGE('',*,*,#5154,.F.);
#6633=ORIENTED_EDGE('',*,*,#5151,.T.);
#6634=ORIENTED_EDGE('',*,*,#4456,.T.);
#6635=ORIENTED_EDGE('',*,*,#5155,.F.);
#6636=ORIENTED_EDGE('',*,*,#5156,.F.);
#6637=ORIENTED_EDGE('',*,*,#5153,.T.);
#6638=ORIENTED_EDGE('',*,*,#4455,.T.);
#6639=ORIENTED_EDGE('',*,*,#4866,.F.);
#6640=ORIENTED_EDGE('',*,*,#5157,.F.);
#6641=ORIENTED_EDGE('',*,*,#5155,.T.);
#6642=ORIENTED_EDGE('',*,*,#4454,.T.);
#6643=ORIENTED_EDGE('',*,*,#5158,.F.);
#6644=ORIENTED_EDGE('',*,*,#5159,.T.);
#6645=ORIENTED_EDGE('',*,*,#5160,.T.);
#6646=ORIENTED_EDGE('',*,*,#4751,.F.);
#6647=ORIENTED_EDGE('',*,*,#5161,.F.);
#6648=ORIENTED_EDGE('',*,*,#5162,.T.);
#6649=ORIENTED_EDGE('',*,*,#5158,.T.);
#6650=ORIENTED_EDGE('',*,*,#4750,.F.);
#6651=ORIENTED_EDGE('',*,*,#5163,.F.);
#6652=ORIENTED_EDGE('',*,*,#5164,.T.);
#6653=ORIENTED_EDGE('',*,*,#5161,.T.);
#6654=ORIENTED_EDGE('',*,*,#4749,.F.);
#6655=ORIENTED_EDGE('',*,*,#5165,.F.);
#6656=ORIENTED_EDGE('',*,*,#5166,.T.);
#6657=ORIENTED_EDGE('',*,*,#5163,.T.);
#6658=ORIENTED_EDGE('',*,*,#4748,.F.);
#6659=ORIENTED_EDGE('',*,*,#5167,.F.);
#6660=ORIENTED_EDGE('',*,*,#5168,.T.);
#6661=ORIENTED_EDGE('',*,*,#5165,.T.);
#6662=ORIENTED_EDGE('',*,*,#4747,.F.);
#6663=ORIENTED_EDGE('',*,*,#5169,.F.);
#6664=ORIENTED_EDGE('',*,*,#5170,.T.);
#6665=ORIENTED_EDGE('',*,*,#5167,.T.);
#6666=ORIENTED_EDGE('',*,*,#4746,.F.);
#6667=ORIENTED_EDGE('',*,*,#5171,.F.);
#6668=ORIENTED_EDGE('',*,*,#5172,.T.);
#6669=ORIENTED_EDGE('',*,*,#5169,.T.);
#6670=ORIENTED_EDGE('',*,*,#4745,.F.);
#6671=ORIENTED_EDGE('',*,*,#5173,.F.);
#6672=ORIENTED_EDGE('',*,*,#5174,.T.);
#6673=ORIENTED_EDGE('',*,*,#5171,.T.);
#6674=ORIENTED_EDGE('',*,*,#4744,.F.);
#6675=ORIENTED_EDGE('',*,*,#5160,.F.);
#6676=ORIENTED_EDGE('',*,*,#5175,.F.);
#6677=ORIENTED_EDGE('',*,*,#5176,.T.);
#6678=ORIENTED_EDGE('',*,*,#4752,.T.);
#6679=ORIENTED_EDGE('',*,*,#5177,.F.);
#6680=ORIENTED_EDGE('',*,*,#5178,.F.);
#6681=ORIENTED_EDGE('',*,*,#4781,.T.);
#6682=ORIENTED_EDGE('',*,*,#4760,.T.);
#6683=ORIENTED_EDGE('',*,*,#5179,.F.);
#6684=ORIENTED_EDGE('',*,*,#5180,.F.);
#6685=ORIENTED_EDGE('',*,*,#5177,.T.);
#6686=ORIENTED_EDGE('',*,*,#4759,.T.);
#6687=ORIENTED_EDGE('',*,*,#5181,.F.);
#6688=ORIENTED_EDGE('',*,*,#5182,.F.);
#6689=ORIENTED_EDGE('',*,*,#5179,.T.);
#6690=ORIENTED_EDGE('',*,*,#4758,.T.);
#6691=ORIENTED_EDGE('',*,*,#5183,.F.);
#6692=ORIENTED_EDGE('',*,*,#5184,.F.);
#6693=ORIENTED_EDGE('',*,*,#5181,.T.);
#6694=ORIENTED_EDGE('',*,*,#4757,.T.);
#6695=ORIENTED_EDGE('',*,*,#5185,.F.);
#6696=ORIENTED_EDGE('',*,*,#5186,.F.);
#6697=ORIENTED_EDGE('',*,*,#5183,.T.);
#6698=ORIENTED_EDGE('',*,*,#4756,.T.);
#6699=ORIENTED_EDGE('',*,*,#5187,.F.);
#6700=ORIENTED_EDGE('',*,*,#5188,.F.);
#6701=ORIENTED_EDGE('',*,*,#5185,.T.);
#6702=ORIENTED_EDGE('',*,*,#4755,.T.);
#6703=ORIENTED_EDGE('',*,*,#5189,.F.);
#6704=ORIENTED_EDGE('',*,*,#5190,.F.);
#6705=ORIENTED_EDGE('',*,*,#5187,.T.);
#6706=ORIENTED_EDGE('',*,*,#4754,.T.);
#6707=ORIENTED_EDGE('',*,*,#5176,.F.);
#6708=ORIENTED_EDGE('',*,*,#5191,.F.);
#6709=ORIENTED_EDGE('',*,*,#5189,.T.);
#6710=ORIENTED_EDGE('',*,*,#4753,.T.);
#6711=ORIENTED_EDGE('',*,*,#5192,.T.);
#6712=ORIENTED_EDGE('',*,*,#5173,.T.);
#6713=ORIENTED_EDGE('',*,*,#4743,.F.);
#6714=ORIENTED_EDGE('',*,*,#5193,.F.);
#6715=ORIENTED_EDGE('',*,*,#5194,.F.);
#6716=ORIENTED_EDGE('',*,*,#5195,.T.);
#6717=ORIENTED_EDGE('',*,*,#5196,.T.);
#6718=ORIENTED_EDGE('',*,*,#4732,.F.);
#6719=ORIENTED_EDGE('',*,*,#5197,.F.);
#6720=ORIENTED_EDGE('',*,*,#5198,.T.);
#6721=ORIENTED_EDGE('',*,*,#5194,.T.);
#6722=ORIENTED_EDGE('',*,*,#4731,.F.);
#6723=ORIENTED_EDGE('',*,*,#5199,.F.);
#6724=ORIENTED_EDGE('',*,*,#5200,.T.);
#6725=ORIENTED_EDGE('',*,*,#5197,.T.);
#6726=ORIENTED_EDGE('',*,*,#4730,.F.);
#6727=ORIENTED_EDGE('',*,*,#5201,.F.);
#6728=ORIENTED_EDGE('',*,*,#5202,.T.);
#6729=ORIENTED_EDGE('',*,*,#5199,.T.);
#6730=ORIENTED_EDGE('',*,*,#4729,.F.);
#6731=ORIENTED_EDGE('',*,*,#5203,.F.);
#6732=ORIENTED_EDGE('',*,*,#5204,.T.);
#6733=ORIENTED_EDGE('',*,*,#5201,.T.);
#6734=ORIENTED_EDGE('',*,*,#4728,.F.);
#6735=ORIENTED_EDGE('',*,*,#5205,.F.);
#6736=ORIENTED_EDGE('',*,*,#5206,.T.);
#6737=ORIENTED_EDGE('',*,*,#5203,.T.);
#6738=ORIENTED_EDGE('',*,*,#4727,.F.);
#6739=ORIENTED_EDGE('',*,*,#5207,.F.);
#6740=ORIENTED_EDGE('',*,*,#5208,.T.);
#6741=ORIENTED_EDGE('',*,*,#5205,.T.);
#6742=ORIENTED_EDGE('',*,*,#4726,.F.);
#6743=ORIENTED_EDGE('',*,*,#5196,.F.);
#6744=ORIENTED_EDGE('',*,*,#5209,.F.);
#6745=ORIENTED_EDGE('',*,*,#5210,.T.);
#6746=ORIENTED_EDGE('',*,*,#4733,.T.);
#6747=ORIENTED_EDGE('',*,*,#5211,.F.);
#6748=ORIENTED_EDGE('',*,*,#5212,.F.);
#6749=ORIENTED_EDGE('',*,*,#4783,.T.);
#6750=ORIENTED_EDGE('',*,*,#4740,.T.);
#6751=ORIENTED_EDGE('',*,*,#5213,.F.);
#6752=ORIENTED_EDGE('',*,*,#5214,.F.);
#6753=ORIENTED_EDGE('',*,*,#5211,.T.);
#6754=ORIENTED_EDGE('',*,*,#4739,.T.);
#6755=ORIENTED_EDGE('',*,*,#5215,.F.);
#6756=ORIENTED_EDGE('',*,*,#5216,.F.);
#6757=ORIENTED_EDGE('',*,*,#5213,.T.);
#6758=ORIENTED_EDGE('',*,*,#4738,.T.);
#6759=ORIENTED_EDGE('',*,*,#5217,.F.);
#6760=ORIENTED_EDGE('',*,*,#5218,.F.);
#6761=ORIENTED_EDGE('',*,*,#5215,.T.);
#6762=ORIENTED_EDGE('',*,*,#4737,.T.);
#6763=ORIENTED_EDGE('',*,*,#5219,.F.);
#6764=ORIENTED_EDGE('',*,*,#5220,.F.);
#6765=ORIENTED_EDGE('',*,*,#5217,.T.);
#6766=ORIENTED_EDGE('',*,*,#4736,.T.);
#6767=ORIENTED_EDGE('',*,*,#5221,.F.);
#6768=ORIENTED_EDGE('',*,*,#5222,.F.);
#6769=ORIENTED_EDGE('',*,*,#5219,.T.);
#6770=ORIENTED_EDGE('',*,*,#4735,.T.);
#6771=ORIENTED_EDGE('',*,*,#5210,.F.);
#6772=ORIENTED_EDGE('',*,*,#5223,.F.);
#6773=ORIENTED_EDGE('',*,*,#5221,.T.);
#6774=ORIENTED_EDGE('',*,*,#4734,.T.);
#6775=ORIENTED_EDGE('',*,*,#5224,.T.);
#6776=ORIENTED_EDGE('',*,*,#5207,.T.);
#6777=ORIENTED_EDGE('',*,*,#4725,.F.);
#6778=ORIENTED_EDGE('',*,*,#5225,.F.);
#6779=ORIENTED_EDGE('',*,*,#5226,.F.);
#6780=ORIENTED_EDGE('',*,*,#5227,.T.);
#6781=ORIENTED_EDGE('',*,*,#5228,.T.);
#6782=ORIENTED_EDGE('',*,*,#4714,.F.);
#6783=ORIENTED_EDGE('',*,*,#5229,.F.);
#6784=ORIENTED_EDGE('',*,*,#5230,.T.);
#6785=ORIENTED_EDGE('',*,*,#5226,.T.);
#6786=ORIENTED_EDGE('',*,*,#4713,.F.);
#6787=ORIENTED_EDGE('',*,*,#5231,.F.);
#6788=ORIENTED_EDGE('',*,*,#5232,.T.);
#6789=ORIENTED_EDGE('',*,*,#5229,.T.);
#6790=ORIENTED_EDGE('',*,*,#4712,.F.);
#6791=ORIENTED_EDGE('',*,*,#5233,.F.);
#6792=ORIENTED_EDGE('',*,*,#5234,.T.);
#6793=ORIENTED_EDGE('',*,*,#5231,.T.);
#6794=ORIENTED_EDGE('',*,*,#4711,.F.);
#6795=ORIENTED_EDGE('',*,*,#5235,.F.);
#6796=ORIENTED_EDGE('',*,*,#5236,.T.);
#6797=ORIENTED_EDGE('',*,*,#5233,.T.);
#6798=ORIENTED_EDGE('',*,*,#4710,.F.);
#6799=ORIENTED_EDGE('',*,*,#5237,.F.);
#6800=ORIENTED_EDGE('',*,*,#5238,.T.);
#6801=ORIENTED_EDGE('',*,*,#5235,.T.);
#6802=ORIENTED_EDGE('',*,*,#4709,.F.);
#6803=ORIENTED_EDGE('',*,*,#5239,.F.);
#6804=ORIENTED_EDGE('',*,*,#5240,.T.);
#6805=ORIENTED_EDGE('',*,*,#5237,.T.);
#6806=ORIENTED_EDGE('',*,*,#4708,.F.);
#6807=ORIENTED_EDGE('',*,*,#5228,.F.);
#6808=ORIENTED_EDGE('',*,*,#5241,.F.);
#6809=ORIENTED_EDGE('',*,*,#5242,.T.);
#6810=ORIENTED_EDGE('',*,*,#4715,.T.);
#6811=ORIENTED_EDGE('',*,*,#5243,.F.);
#6812=ORIENTED_EDGE('',*,*,#5244,.F.);
#6813=ORIENTED_EDGE('',*,*,#4786,.T.);
#6814=ORIENTED_EDGE('',*,*,#4722,.T.);
#6815=ORIENTED_EDGE('',*,*,#5245,.F.);
#6816=ORIENTED_EDGE('',*,*,#5246,.F.);
#6817=ORIENTED_EDGE('',*,*,#5243,.T.);
#6818=ORIENTED_EDGE('',*,*,#4721,.T.);
#6819=ORIENTED_EDGE('',*,*,#5247,.F.);
#6820=ORIENTED_EDGE('',*,*,#5248,.F.);
#6821=ORIENTED_EDGE('',*,*,#5245,.T.);
#6822=ORIENTED_EDGE('',*,*,#4720,.T.);
#6823=ORIENTED_EDGE('',*,*,#5249,.F.);
#6824=ORIENTED_EDGE('',*,*,#5250,.F.);
#6825=ORIENTED_EDGE('',*,*,#5247,.T.);
#6826=ORIENTED_EDGE('',*,*,#4719,.T.);
#6827=ORIENTED_EDGE('',*,*,#5251,.F.);
#6828=ORIENTED_EDGE('',*,*,#5252,.F.);
#6829=ORIENTED_EDGE('',*,*,#5249,.T.);
#6830=ORIENTED_EDGE('',*,*,#4718,.T.);
#6831=ORIENTED_EDGE('',*,*,#5253,.F.);
#6832=ORIENTED_EDGE('',*,*,#5254,.F.);
#6833=ORIENTED_EDGE('',*,*,#5251,.T.);
#6834=ORIENTED_EDGE('',*,*,#4717,.T.);
#6835=ORIENTED_EDGE('',*,*,#5242,.F.);
#6836=ORIENTED_EDGE('',*,*,#5255,.F.);
#6837=ORIENTED_EDGE('',*,*,#5253,.T.);
#6838=ORIENTED_EDGE('',*,*,#4716,.T.);
#6839=ORIENTED_EDGE('',*,*,#5256,.T.);
#6840=ORIENTED_EDGE('',*,*,#5239,.T.);
#6841=ORIENTED_EDGE('',*,*,#4707,.F.);
#6842=ORIENTED_EDGE('',*,*,#5257,.F.);
#6843=ORIENTED_EDGE('',*,*,#5258,.F.);
#6844=ORIENTED_EDGE('',*,*,#5259,.T.);
#6845=ORIENTED_EDGE('',*,*,#5260,.T.);
#6846=ORIENTED_EDGE('',*,*,#4696,.F.);
#6847=ORIENTED_EDGE('',*,*,#5261,.F.);
#6848=ORIENTED_EDGE('',*,*,#5262,.T.);
#6849=ORIENTED_EDGE('',*,*,#5258,.T.);
#6850=ORIENTED_EDGE('',*,*,#4695,.F.);
#6851=ORIENTED_EDGE('',*,*,#5263,.F.);
#6852=ORIENTED_EDGE('',*,*,#5264,.T.);
#6853=ORIENTED_EDGE('',*,*,#5261,.T.);
#6854=ORIENTED_EDGE('',*,*,#4694,.F.);
#6855=ORIENTED_EDGE('',*,*,#5265,.F.);
#6856=ORIENTED_EDGE('',*,*,#5266,.T.);
#6857=ORIENTED_EDGE('',*,*,#5263,.T.);
#6858=ORIENTED_EDGE('',*,*,#4693,.F.);
#6859=ORIENTED_EDGE('',*,*,#5267,.F.);
#6860=ORIENTED_EDGE('',*,*,#5268,.T.);
#6861=ORIENTED_EDGE('',*,*,#5265,.T.);
#6862=ORIENTED_EDGE('',*,*,#4692,.F.);
#6863=ORIENTED_EDGE('',*,*,#5269,.F.);
#6864=ORIENTED_EDGE('',*,*,#5270,.T.);
#6865=ORIENTED_EDGE('',*,*,#5267,.T.);
#6866=ORIENTED_EDGE('',*,*,#4691,.F.);
#6867=ORIENTED_EDGE('',*,*,#5271,.F.);
#6868=ORIENTED_EDGE('',*,*,#5272,.T.);
#6869=ORIENTED_EDGE('',*,*,#5269,.T.);
#6870=ORIENTED_EDGE('',*,*,#4690,.F.);
#6871=ORIENTED_EDGE('',*,*,#5260,.F.);
#6872=ORIENTED_EDGE('',*,*,#5273,.F.);
#6873=ORIENTED_EDGE('',*,*,#5274,.T.);
#6874=ORIENTED_EDGE('',*,*,#4697,.T.);
#6875=ORIENTED_EDGE('',*,*,#5275,.F.);
#6876=ORIENTED_EDGE('',*,*,#5276,.F.);
#6877=ORIENTED_EDGE('',*,*,#4789,.T.);
#6878=ORIENTED_EDGE('',*,*,#4704,.T.);
#6879=ORIENTED_EDGE('',*,*,#5277,.F.);
#6880=ORIENTED_EDGE('',*,*,#5278,.F.);
#6881=ORIENTED_EDGE('',*,*,#5275,.T.);
#6882=ORIENTED_EDGE('',*,*,#4703,.T.);
#6883=ORIENTED_EDGE('',*,*,#5279,.F.);
#6884=ORIENTED_EDGE('',*,*,#5280,.F.);
#6885=ORIENTED_EDGE('',*,*,#5277,.T.);
#6886=ORIENTED_EDGE('',*,*,#4702,.T.);
#6887=ORIENTED_EDGE('',*,*,#5281,.F.);
#6888=ORIENTED_EDGE('',*,*,#5282,.F.);
#6889=ORIENTED_EDGE('',*,*,#5279,.T.);
#6890=ORIENTED_EDGE('',*,*,#4701,.T.);
#6891=ORIENTED_EDGE('',*,*,#5283,.F.);
#6892=ORIENTED_EDGE('',*,*,#5284,.F.);
#6893=ORIENTED_EDGE('',*,*,#5281,.T.);
#6894=ORIENTED_EDGE('',*,*,#4700,.T.);
#6895=ORIENTED_EDGE('',*,*,#5285,.F.);
#6896=ORIENTED_EDGE('',*,*,#5286,.F.);
#6897=ORIENTED_EDGE('',*,*,#5283,.T.);
#6898=ORIENTED_EDGE('',*,*,#4699,.T.);
#6899=ORIENTED_EDGE('',*,*,#5274,.F.);
#6900=ORIENTED_EDGE('',*,*,#5287,.F.);
#6901=ORIENTED_EDGE('',*,*,#5285,.T.);
#6902=ORIENTED_EDGE('',*,*,#4698,.T.);
#6903=ORIENTED_EDGE('',*,*,#5288,.T.);
#6904=ORIENTED_EDGE('',*,*,#5271,.T.);
#6905=ORIENTED_EDGE('',*,*,#4689,.F.);
#6906=ORIENTED_EDGE('',*,*,#5289,.F.);
#6907=ORIENTED_EDGE('',*,*,#5290,.F.);
#6908=ORIENTED_EDGE('',*,*,#5291,.T.);
#6909=ORIENTED_EDGE('',*,*,#5292,.T.);
#6910=ORIENTED_EDGE('',*,*,#4678,.F.);
#6911=ORIENTED_EDGE('',*,*,#5293,.F.);
#6912=ORIENTED_EDGE('',*,*,#5294,.T.);
#6913=ORIENTED_EDGE('',*,*,#5290,.T.);
#6914=ORIENTED_EDGE('',*,*,#4677,.F.);
#6915=ORIENTED_EDGE('',*,*,#5295,.F.);
#6916=ORIENTED_EDGE('',*,*,#5296,.T.);
#6917=ORIENTED_EDGE('',*,*,#5293,.T.);
#6918=ORIENTED_EDGE('',*,*,#4676,.F.);
#6919=ORIENTED_EDGE('',*,*,#5297,.F.);
#6920=ORIENTED_EDGE('',*,*,#5298,.T.);
#6921=ORIENTED_EDGE('',*,*,#5295,.T.);
#6922=ORIENTED_EDGE('',*,*,#4675,.F.);
#6923=ORIENTED_EDGE('',*,*,#5299,.F.);
#6924=ORIENTED_EDGE('',*,*,#5300,.T.);
#6925=ORIENTED_EDGE('',*,*,#5297,.T.);
#6926=ORIENTED_EDGE('',*,*,#4674,.F.);
#6927=ORIENTED_EDGE('',*,*,#5301,.F.);
#6928=ORIENTED_EDGE('',*,*,#5302,.T.);
#6929=ORIENTED_EDGE('',*,*,#5299,.T.);
#6930=ORIENTED_EDGE('',*,*,#4673,.F.);
#6931=ORIENTED_EDGE('',*,*,#5303,.F.);
#6932=ORIENTED_EDGE('',*,*,#5304,.T.);
#6933=ORIENTED_EDGE('',*,*,#5301,.T.);
#6934=ORIENTED_EDGE('',*,*,#4672,.F.);
#6935=ORIENTED_EDGE('',*,*,#5292,.F.);
#6936=ORIENTED_EDGE('',*,*,#5305,.F.);
#6937=ORIENTED_EDGE('',*,*,#5306,.T.);
#6938=ORIENTED_EDGE('',*,*,#4679,.T.);
#6939=ORIENTED_EDGE('',*,*,#5307,.F.);
#6940=ORIENTED_EDGE('',*,*,#5308,.F.);
#6941=ORIENTED_EDGE('',*,*,#4792,.T.);
#6942=ORIENTED_EDGE('',*,*,#4686,.T.);
#6943=ORIENTED_EDGE('',*,*,#5309,.F.);
#6944=ORIENTED_EDGE('',*,*,#5310,.F.);
#6945=ORIENTED_EDGE('',*,*,#5307,.T.);
#6946=ORIENTED_EDGE('',*,*,#4685,.T.);
#6947=ORIENTED_EDGE('',*,*,#5311,.F.);
#6948=ORIENTED_EDGE('',*,*,#5312,.F.);
#6949=ORIENTED_EDGE('',*,*,#5309,.T.);
#6950=ORIENTED_EDGE('',*,*,#4684,.T.);
#6951=ORIENTED_EDGE('',*,*,#5313,.F.);
#6952=ORIENTED_EDGE('',*,*,#5314,.F.);
#6953=ORIENTED_EDGE('',*,*,#5311,.T.);
#6954=ORIENTED_EDGE('',*,*,#4683,.T.);
#6955=ORIENTED_EDGE('',*,*,#5315,.F.);
#6956=ORIENTED_EDGE('',*,*,#5316,.F.);
#6957=ORIENTED_EDGE('',*,*,#5313,.T.);
#6958=ORIENTED_EDGE('',*,*,#4682,.T.);
#6959=ORIENTED_EDGE('',*,*,#5317,.F.);
#6960=ORIENTED_EDGE('',*,*,#5318,.F.);
#6961=ORIENTED_EDGE('',*,*,#5315,.T.);
#6962=ORIENTED_EDGE('',*,*,#4681,.T.);
#6963=ORIENTED_EDGE('',*,*,#5306,.F.);
#6964=ORIENTED_EDGE('',*,*,#5319,.F.);
#6965=ORIENTED_EDGE('',*,*,#5317,.T.);
#6966=ORIENTED_EDGE('',*,*,#4680,.T.);
#6967=ORIENTED_EDGE('',*,*,#5320,.T.);
#6968=ORIENTED_EDGE('',*,*,#5303,.T.);
#6969=ORIENTED_EDGE('',*,*,#4671,.F.);
#6970=ORIENTED_EDGE('',*,*,#5321,.F.);
#6971=ORIENTED_EDGE('',*,*,#5322,.F.);
#6972=ORIENTED_EDGE('',*,*,#5323,.T.);
#6973=ORIENTED_EDGE('',*,*,#5324,.T.);
#6974=ORIENTED_EDGE('',*,*,#4660,.F.);
#6975=ORIENTED_EDGE('',*,*,#5325,.F.);
#6976=ORIENTED_EDGE('',*,*,#5326,.T.);
#6977=ORIENTED_EDGE('',*,*,#5322,.T.);
#6978=ORIENTED_EDGE('',*,*,#4659,.F.);
#6979=ORIENTED_EDGE('',*,*,#5327,.F.);
#6980=ORIENTED_EDGE('',*,*,#5328,.T.);
#6981=ORIENTED_EDGE('',*,*,#5325,.T.);
#6982=ORIENTED_EDGE('',*,*,#4658,.F.);
#6983=ORIENTED_EDGE('',*,*,#5329,.F.);
#6984=ORIENTED_EDGE('',*,*,#5330,.T.);
#6985=ORIENTED_EDGE('',*,*,#5327,.T.);
#6986=ORIENTED_EDGE('',*,*,#4657,.F.);
#6987=ORIENTED_EDGE('',*,*,#5331,.F.);
#6988=ORIENTED_EDGE('',*,*,#5332,.T.);
#6989=ORIENTED_EDGE('',*,*,#5329,.T.);
#6990=ORIENTED_EDGE('',*,*,#4656,.F.);
#6991=ORIENTED_EDGE('',*,*,#5333,.F.);
#6992=ORIENTED_EDGE('',*,*,#5334,.T.);
#6993=ORIENTED_EDGE('',*,*,#5331,.T.);
#6994=ORIENTED_EDGE('',*,*,#4655,.F.);
#6995=ORIENTED_EDGE('',*,*,#5335,.F.);
#6996=ORIENTED_EDGE('',*,*,#5336,.T.);
#6997=ORIENTED_EDGE('',*,*,#5333,.T.);
#6998=ORIENTED_EDGE('',*,*,#4654,.F.);
#6999=ORIENTED_EDGE('',*,*,#5324,.F.);
#7000=ORIENTED_EDGE('',*,*,#5337,.F.);
#7001=ORIENTED_EDGE('',*,*,#5338,.T.);
#7002=ORIENTED_EDGE('',*,*,#4661,.T.);
#7003=ORIENTED_EDGE('',*,*,#5339,.F.);
#7004=ORIENTED_EDGE('',*,*,#5340,.F.);
#7005=ORIENTED_EDGE('',*,*,#4795,.T.);
#7006=ORIENTED_EDGE('',*,*,#4668,.T.);
#7007=ORIENTED_EDGE('',*,*,#5341,.F.);
#7008=ORIENTED_EDGE('',*,*,#5342,.F.);
#7009=ORIENTED_EDGE('',*,*,#5339,.T.);
#7010=ORIENTED_EDGE('',*,*,#4667,.T.);
#7011=ORIENTED_EDGE('',*,*,#5343,.F.);
#7012=ORIENTED_EDGE('',*,*,#5344,.F.);
#7013=ORIENTED_EDGE('',*,*,#5341,.T.);
#7014=ORIENTED_EDGE('',*,*,#4666,.T.);
#7015=ORIENTED_EDGE('',*,*,#5345,.F.);
#7016=ORIENTED_EDGE('',*,*,#5346,.F.);
#7017=ORIENTED_EDGE('',*,*,#5343,.T.);
#7018=ORIENTED_EDGE('',*,*,#4665,.T.);
#7019=ORIENTED_EDGE('',*,*,#5347,.F.);
#7020=ORIENTED_EDGE('',*,*,#5348,.F.);
#7021=ORIENTED_EDGE('',*,*,#5345,.T.);
#7022=ORIENTED_EDGE('',*,*,#4664,.T.);
#7023=ORIENTED_EDGE('',*,*,#5349,.F.);
#7024=ORIENTED_EDGE('',*,*,#5350,.F.);
#7025=ORIENTED_EDGE('',*,*,#5347,.T.);
#7026=ORIENTED_EDGE('',*,*,#4663,.T.);
#7027=ORIENTED_EDGE('',*,*,#5338,.F.);
#7028=ORIENTED_EDGE('',*,*,#5351,.F.);
#7029=ORIENTED_EDGE('',*,*,#5349,.T.);
#7030=ORIENTED_EDGE('',*,*,#4662,.T.);
#7031=ORIENTED_EDGE('',*,*,#5352,.T.);
#7032=ORIENTED_EDGE('',*,*,#5335,.T.);
#7033=ORIENTED_EDGE('',*,*,#4653,.F.);
#7034=ORIENTED_EDGE('',*,*,#5353,.F.);
#7035=ORIENTED_EDGE('',*,*,#5354,.F.);
#7036=ORIENTED_EDGE('',*,*,#5355,.T.);
#7037=ORIENTED_EDGE('',*,*,#5356,.T.);
#7038=ORIENTED_EDGE('',*,*,#4642,.F.);
#7039=ORIENTED_EDGE('',*,*,#5357,.F.);
#7040=ORIENTED_EDGE('',*,*,#5358,.T.);
#7041=ORIENTED_EDGE('',*,*,#5354,.T.);
#7042=ORIENTED_EDGE('',*,*,#4641,.F.);
#7043=ORIENTED_EDGE('',*,*,#5359,.F.);
#7044=ORIENTED_EDGE('',*,*,#5360,.T.);
#7045=ORIENTED_EDGE('',*,*,#5357,.T.);
#7046=ORIENTED_EDGE('',*,*,#4640,.F.);
#7047=ORIENTED_EDGE('',*,*,#5361,.F.);
#7048=ORIENTED_EDGE('',*,*,#5362,.T.);
#7049=ORIENTED_EDGE('',*,*,#5359,.T.);
#7050=ORIENTED_EDGE('',*,*,#4639,.F.);
#7051=ORIENTED_EDGE('',*,*,#5363,.F.);
#7052=ORIENTED_EDGE('',*,*,#5364,.T.);
#7053=ORIENTED_EDGE('',*,*,#5361,.T.);
#7054=ORIENTED_EDGE('',*,*,#4638,.F.);
#7055=ORIENTED_EDGE('',*,*,#5365,.F.);
#7056=ORIENTED_EDGE('',*,*,#5366,.T.);
#7057=ORIENTED_EDGE('',*,*,#5363,.T.);
#7058=ORIENTED_EDGE('',*,*,#4637,.F.);
#7059=ORIENTED_EDGE('',*,*,#5367,.F.);
#7060=ORIENTED_EDGE('',*,*,#5368,.T.);
#7061=ORIENTED_EDGE('',*,*,#5365,.T.);
#7062=ORIENTED_EDGE('',*,*,#4636,.F.);
#7063=ORIENTED_EDGE('',*,*,#5356,.F.);
#7064=ORIENTED_EDGE('',*,*,#5369,.F.);
#7065=ORIENTED_EDGE('',*,*,#5370,.T.);
#7066=ORIENTED_EDGE('',*,*,#4643,.T.);
#7067=ORIENTED_EDGE('',*,*,#5371,.F.);
#7068=ORIENTED_EDGE('',*,*,#5372,.F.);
#7069=ORIENTED_EDGE('',*,*,#4798,.T.);
#7070=ORIENTED_EDGE('',*,*,#4650,.T.);
#7071=ORIENTED_EDGE('',*,*,#5373,.F.);
#7072=ORIENTED_EDGE('',*,*,#5374,.F.);
#7073=ORIENTED_EDGE('',*,*,#5371,.T.);
#7074=ORIENTED_EDGE('',*,*,#4649,.T.);
#7075=ORIENTED_EDGE('',*,*,#5375,.F.);
#7076=ORIENTED_EDGE('',*,*,#5376,.F.);
#7077=ORIENTED_EDGE('',*,*,#5373,.T.);
#7078=ORIENTED_EDGE('',*,*,#4648,.T.);
#7079=ORIENTED_EDGE('',*,*,#5377,.F.);
#7080=ORIENTED_EDGE('',*,*,#5378,.F.);
#7081=ORIENTED_EDGE('',*,*,#5375,.T.);
#7082=ORIENTED_EDGE('',*,*,#4647,.T.);
#7083=ORIENTED_EDGE('',*,*,#5379,.F.);
#7084=ORIENTED_EDGE('',*,*,#5380,.F.);
#7085=ORIENTED_EDGE('',*,*,#5377,.T.);
#7086=ORIENTED_EDGE('',*,*,#4646,.T.);
#7087=ORIENTED_EDGE('',*,*,#5381,.F.);
#7088=ORIENTED_EDGE('',*,*,#5382,.F.);
#7089=ORIENTED_EDGE('',*,*,#5379,.T.);
#7090=ORIENTED_EDGE('',*,*,#4645,.T.);
#7091=ORIENTED_EDGE('',*,*,#5370,.F.);
#7092=ORIENTED_EDGE('',*,*,#5383,.F.);
#7093=ORIENTED_EDGE('',*,*,#5381,.T.);
#7094=ORIENTED_EDGE('',*,*,#4644,.T.);
#7095=ORIENTED_EDGE('',*,*,#5384,.T.);
#7096=ORIENTED_EDGE('',*,*,#5367,.T.);
#7097=ORIENTED_EDGE('',*,*,#4635,.F.);
#7098=ORIENTED_EDGE('',*,*,#5385,.F.);
#7099=ORIENTED_EDGE('',*,*,#5386,.F.);
#7100=ORIENTED_EDGE('',*,*,#5387,.T.);
#7101=ORIENTED_EDGE('',*,*,#5388,.T.);
#7102=ORIENTED_EDGE('',*,*,#4624,.F.);
#7103=ORIENTED_EDGE('',*,*,#5389,.F.);
#7104=ORIENTED_EDGE('',*,*,#5390,.T.);
#7105=ORIENTED_EDGE('',*,*,#5386,.T.);
#7106=ORIENTED_EDGE('',*,*,#4623,.F.);
#7107=ORIENTED_EDGE('',*,*,#5391,.F.);
#7108=ORIENTED_EDGE('',*,*,#5392,.T.);
#7109=ORIENTED_EDGE('',*,*,#5389,.T.);
#7110=ORIENTED_EDGE('',*,*,#4622,.F.);
#7111=ORIENTED_EDGE('',*,*,#5393,.F.);
#7112=ORIENTED_EDGE('',*,*,#5394,.T.);
#7113=ORIENTED_EDGE('',*,*,#5391,.T.);
#7114=ORIENTED_EDGE('',*,*,#4621,.F.);
#7115=ORIENTED_EDGE('',*,*,#5395,.F.);
#7116=ORIENTED_EDGE('',*,*,#5396,.T.);
#7117=ORIENTED_EDGE('',*,*,#5393,.T.);
#7118=ORIENTED_EDGE('',*,*,#4620,.F.);
#7119=ORIENTED_EDGE('',*,*,#5397,.F.);
#7120=ORIENTED_EDGE('',*,*,#5398,.T.);
#7121=ORIENTED_EDGE('',*,*,#5395,.T.);
#7122=ORIENTED_EDGE('',*,*,#4619,.F.);
#7123=ORIENTED_EDGE('',*,*,#5399,.F.);
#7124=ORIENTED_EDGE('',*,*,#5400,.T.);
#7125=ORIENTED_EDGE('',*,*,#5397,.T.);
#7126=ORIENTED_EDGE('',*,*,#4618,.F.);
#7127=ORIENTED_EDGE('',*,*,#5388,.F.);
#7128=ORIENTED_EDGE('',*,*,#5401,.F.);
#7129=ORIENTED_EDGE('',*,*,#5402,.T.);
#7130=ORIENTED_EDGE('',*,*,#4625,.T.);
#7131=ORIENTED_EDGE('',*,*,#5403,.F.);
#7132=ORIENTED_EDGE('',*,*,#5404,.F.);
#7133=ORIENTED_EDGE('',*,*,#4801,.T.);
#7134=ORIENTED_EDGE('',*,*,#4632,.T.);
#7135=ORIENTED_EDGE('',*,*,#5405,.F.);
#7136=ORIENTED_EDGE('',*,*,#5406,.F.);
#7137=ORIENTED_EDGE('',*,*,#5403,.T.);
#7138=ORIENTED_EDGE('',*,*,#4631,.T.);
#7139=ORIENTED_EDGE('',*,*,#5407,.F.);
#7140=ORIENTED_EDGE('',*,*,#5408,.F.);
#7141=ORIENTED_EDGE('',*,*,#5405,.T.);
#7142=ORIENTED_EDGE('',*,*,#4630,.T.);
#7143=ORIENTED_EDGE('',*,*,#5409,.F.);
#7144=ORIENTED_EDGE('',*,*,#5410,.F.);
#7145=ORIENTED_EDGE('',*,*,#5407,.T.);
#7146=ORIENTED_EDGE('',*,*,#4629,.T.);
#7147=ORIENTED_EDGE('',*,*,#5411,.F.);
#7148=ORIENTED_EDGE('',*,*,#5412,.F.);
#7149=ORIENTED_EDGE('',*,*,#5409,.T.);
#7150=ORIENTED_EDGE('',*,*,#4628,.T.);
#7151=ORIENTED_EDGE('',*,*,#5413,.F.);
#7152=ORIENTED_EDGE('',*,*,#5414,.F.);
#7153=ORIENTED_EDGE('',*,*,#5411,.T.);
#7154=ORIENTED_EDGE('',*,*,#4627,.T.);
#7155=ORIENTED_EDGE('',*,*,#5402,.F.);
#7156=ORIENTED_EDGE('',*,*,#5415,.F.);
#7157=ORIENTED_EDGE('',*,*,#5413,.T.);
#7158=ORIENTED_EDGE('',*,*,#4626,.T.);
#7159=ORIENTED_EDGE('',*,*,#5416,.T.);
#7160=ORIENTED_EDGE('',*,*,#5399,.T.);
#7161=ORIENTED_EDGE('',*,*,#4617,.F.);
#7162=ORIENTED_EDGE('',*,*,#5417,.F.);
#7163=ORIENTED_EDGE('',*,*,#5418,.F.);
#7164=ORIENTED_EDGE('',*,*,#5419,.T.);
#7165=ORIENTED_EDGE('',*,*,#5420,.T.);
#7166=ORIENTED_EDGE('',*,*,#4606,.F.);
#7167=ORIENTED_EDGE('',*,*,#5421,.F.);
#7168=ORIENTED_EDGE('',*,*,#5422,.T.);
#7169=ORIENTED_EDGE('',*,*,#5418,.T.);
#7170=ORIENTED_EDGE('',*,*,#4605,.F.);
#7171=ORIENTED_EDGE('',*,*,#5423,.F.);
#7172=ORIENTED_EDGE('',*,*,#5424,.T.);
#7173=ORIENTED_EDGE('',*,*,#5421,.T.);
#7174=ORIENTED_EDGE('',*,*,#4604,.F.);
#7175=ORIENTED_EDGE('',*,*,#5425,.F.);
#7176=ORIENTED_EDGE('',*,*,#5426,.T.);
#7177=ORIENTED_EDGE('',*,*,#5423,.T.);
#7178=ORIENTED_EDGE('',*,*,#4603,.F.);
#7179=ORIENTED_EDGE('',*,*,#5427,.F.);
#7180=ORIENTED_EDGE('',*,*,#5428,.T.);
#7181=ORIENTED_EDGE('',*,*,#5425,.T.);
#7182=ORIENTED_EDGE('',*,*,#4602,.F.);
#7183=ORIENTED_EDGE('',*,*,#5429,.F.);
#7184=ORIENTED_EDGE('',*,*,#5430,.T.);
#7185=ORIENTED_EDGE('',*,*,#5427,.T.);
#7186=ORIENTED_EDGE('',*,*,#4601,.F.);
#7187=ORIENTED_EDGE('',*,*,#5431,.F.);
#7188=ORIENTED_EDGE('',*,*,#5432,.T.);
#7189=ORIENTED_EDGE('',*,*,#5429,.T.);
#7190=ORIENTED_EDGE('',*,*,#4600,.F.);
#7191=ORIENTED_EDGE('',*,*,#5420,.F.);
#7192=ORIENTED_EDGE('',*,*,#5433,.F.);
#7193=ORIENTED_EDGE('',*,*,#5434,.T.);
#7194=ORIENTED_EDGE('',*,*,#4607,.T.);
#7195=ORIENTED_EDGE('',*,*,#5435,.F.);
#7196=ORIENTED_EDGE('',*,*,#5436,.F.);
#7197=ORIENTED_EDGE('',*,*,#4804,.T.);
#7198=ORIENTED_EDGE('',*,*,#4614,.T.);
#7199=ORIENTED_EDGE('',*,*,#5437,.F.);
#7200=ORIENTED_EDGE('',*,*,#5438,.F.);
#7201=ORIENTED_EDGE('',*,*,#5435,.T.);
#7202=ORIENTED_EDGE('',*,*,#4613,.T.);
#7203=ORIENTED_EDGE('',*,*,#5439,.F.);
#7204=ORIENTED_EDGE('',*,*,#5440,.F.);
#7205=ORIENTED_EDGE('',*,*,#5437,.T.);
#7206=ORIENTED_EDGE('',*,*,#4612,.T.);
#7207=ORIENTED_EDGE('',*,*,#5441,.F.);
#7208=ORIENTED_EDGE('',*,*,#5442,.F.);
#7209=ORIENTED_EDGE('',*,*,#5439,.T.);
#7210=ORIENTED_EDGE('',*,*,#4611,.T.);
#7211=ORIENTED_EDGE('',*,*,#5443,.F.);
#7212=ORIENTED_EDGE('',*,*,#5444,.F.);
#7213=ORIENTED_EDGE('',*,*,#5441,.T.);
#7214=ORIENTED_EDGE('',*,*,#4610,.T.);
#7215=ORIENTED_EDGE('',*,*,#5445,.F.);
#7216=ORIENTED_EDGE('',*,*,#5446,.F.);
#7217=ORIENTED_EDGE('',*,*,#5443,.T.);
#7218=ORIENTED_EDGE('',*,*,#4609,.T.);
#7219=ORIENTED_EDGE('',*,*,#5434,.F.);
#7220=ORIENTED_EDGE('',*,*,#5447,.F.);
#7221=ORIENTED_EDGE('',*,*,#5445,.T.);
#7222=ORIENTED_EDGE('',*,*,#4608,.T.);
#7223=ORIENTED_EDGE('',*,*,#5448,.T.);
#7224=ORIENTED_EDGE('',*,*,#5431,.T.);
#7225=ORIENTED_EDGE('',*,*,#4599,.F.);
#7226=ORIENTED_EDGE('',*,*,#5449,.F.);
#7227=ORIENTED_EDGE('',*,*,#5450,.F.);
#7228=ORIENTED_EDGE('',*,*,#5451,.T.);
#7229=ORIENTED_EDGE('',*,*,#5452,.T.);
#7230=ORIENTED_EDGE('',*,*,#4588,.F.);
#7231=ORIENTED_EDGE('',*,*,#5453,.F.);
#7232=ORIENTED_EDGE('',*,*,#5454,.T.);
#7233=ORIENTED_EDGE('',*,*,#5450,.T.);
#7234=ORIENTED_EDGE('',*,*,#4587,.F.);
#7235=ORIENTED_EDGE('',*,*,#5455,.F.);
#7236=ORIENTED_EDGE('',*,*,#5456,.T.);
#7237=ORIENTED_EDGE('',*,*,#5453,.T.);
#7238=ORIENTED_EDGE('',*,*,#4586,.F.);
#7239=ORIENTED_EDGE('',*,*,#5457,.F.);
#7240=ORIENTED_EDGE('',*,*,#5458,.T.);
#7241=ORIENTED_EDGE('',*,*,#5455,.T.);
#7242=ORIENTED_EDGE('',*,*,#4585,.F.);
#7243=ORIENTED_EDGE('',*,*,#5459,.F.);
#7244=ORIENTED_EDGE('',*,*,#5460,.T.);
#7245=ORIENTED_EDGE('',*,*,#5457,.T.);
#7246=ORIENTED_EDGE('',*,*,#4584,.F.);
#7247=ORIENTED_EDGE('',*,*,#5461,.F.);
#7248=ORIENTED_EDGE('',*,*,#5462,.T.);
#7249=ORIENTED_EDGE('',*,*,#5459,.T.);
#7250=ORIENTED_EDGE('',*,*,#4583,.F.);
#7251=ORIENTED_EDGE('',*,*,#5463,.F.);
#7252=ORIENTED_EDGE('',*,*,#5464,.T.);
#7253=ORIENTED_EDGE('',*,*,#5461,.T.);
#7254=ORIENTED_EDGE('',*,*,#4582,.F.);
#7255=ORIENTED_EDGE('',*,*,#5452,.F.);
#7256=ORIENTED_EDGE('',*,*,#5465,.F.);
#7257=ORIENTED_EDGE('',*,*,#5466,.T.);
#7258=ORIENTED_EDGE('',*,*,#4589,.T.);
#7259=ORIENTED_EDGE('',*,*,#5467,.F.);
#7260=ORIENTED_EDGE('',*,*,#5468,.F.);
#7261=ORIENTED_EDGE('',*,*,#4807,.T.);
#7262=ORIENTED_EDGE('',*,*,#4596,.T.);
#7263=ORIENTED_EDGE('',*,*,#5469,.F.);
#7264=ORIENTED_EDGE('',*,*,#5470,.F.);
#7265=ORIENTED_EDGE('',*,*,#5467,.T.);
#7266=ORIENTED_EDGE('',*,*,#4595,.T.);
#7267=ORIENTED_EDGE('',*,*,#5471,.F.);
#7268=ORIENTED_EDGE('',*,*,#5472,.F.);
#7269=ORIENTED_EDGE('',*,*,#5469,.T.);
#7270=ORIENTED_EDGE('',*,*,#4594,.T.);
#7271=ORIENTED_EDGE('',*,*,#5473,.F.);
#7272=ORIENTED_EDGE('',*,*,#5474,.F.);
#7273=ORIENTED_EDGE('',*,*,#5471,.T.);
#7274=ORIENTED_EDGE('',*,*,#4593,.T.);
#7275=ORIENTED_EDGE('',*,*,#5475,.F.);
#7276=ORIENTED_EDGE('',*,*,#5476,.F.);
#7277=ORIENTED_EDGE('',*,*,#5473,.T.);
#7278=ORIENTED_EDGE('',*,*,#4592,.T.);
#7279=ORIENTED_EDGE('',*,*,#5477,.F.);
#7280=ORIENTED_EDGE('',*,*,#5478,.F.);
#7281=ORIENTED_EDGE('',*,*,#5475,.T.);
#7282=ORIENTED_EDGE('',*,*,#4591,.T.);
#7283=ORIENTED_EDGE('',*,*,#5466,.F.);
#7284=ORIENTED_EDGE('',*,*,#5479,.F.);
#7285=ORIENTED_EDGE('',*,*,#5477,.T.);
#7286=ORIENTED_EDGE('',*,*,#4590,.T.);
#7287=ORIENTED_EDGE('',*,*,#5480,.T.);
#7288=ORIENTED_EDGE('',*,*,#5463,.T.);
#7289=ORIENTED_EDGE('',*,*,#4581,.F.);
#7290=ORIENTED_EDGE('',*,*,#5481,.F.);
#7291=ORIENTED_EDGE('',*,*,#5482,.F.);
#7292=ORIENTED_EDGE('',*,*,#5483,.T.);
#7293=ORIENTED_EDGE('',*,*,#5484,.T.);
#7294=ORIENTED_EDGE('',*,*,#4570,.F.);
#7295=ORIENTED_EDGE('',*,*,#5485,.F.);
#7296=ORIENTED_EDGE('',*,*,#5486,.T.);
#7297=ORIENTED_EDGE('',*,*,#5482,.T.);
#7298=ORIENTED_EDGE('',*,*,#4569,.F.);
#7299=ORIENTED_EDGE('',*,*,#5487,.F.);
#7300=ORIENTED_EDGE('',*,*,#5488,.T.);
#7301=ORIENTED_EDGE('',*,*,#5485,.T.);
#7302=ORIENTED_EDGE('',*,*,#4568,.F.);
#7303=ORIENTED_EDGE('',*,*,#5489,.F.);
#7304=ORIENTED_EDGE('',*,*,#5490,.T.);
#7305=ORIENTED_EDGE('',*,*,#5487,.T.);
#7306=ORIENTED_EDGE('',*,*,#4567,.F.);
#7307=ORIENTED_EDGE('',*,*,#5491,.F.);
#7308=ORIENTED_EDGE('',*,*,#5492,.T.);
#7309=ORIENTED_EDGE('',*,*,#5489,.T.);
#7310=ORIENTED_EDGE('',*,*,#4566,.F.);
#7311=ORIENTED_EDGE('',*,*,#5493,.F.);
#7312=ORIENTED_EDGE('',*,*,#5494,.T.);
#7313=ORIENTED_EDGE('',*,*,#5491,.T.);
#7314=ORIENTED_EDGE('',*,*,#4565,.F.);
#7315=ORIENTED_EDGE('',*,*,#5495,.F.);
#7316=ORIENTED_EDGE('',*,*,#5496,.T.);
#7317=ORIENTED_EDGE('',*,*,#5493,.T.);
#7318=ORIENTED_EDGE('',*,*,#4564,.F.);
#7319=ORIENTED_EDGE('',*,*,#5484,.F.);
#7320=ORIENTED_EDGE('',*,*,#5497,.F.);
#7321=ORIENTED_EDGE('',*,*,#5498,.T.);
#7322=ORIENTED_EDGE('',*,*,#4571,.T.);
#7323=ORIENTED_EDGE('',*,*,#5499,.F.);
#7324=ORIENTED_EDGE('',*,*,#5500,.F.);
#7325=ORIENTED_EDGE('',*,*,#4810,.T.);
#7326=ORIENTED_EDGE('',*,*,#4578,.T.);
#7327=ORIENTED_EDGE('',*,*,#5501,.F.);
#7328=ORIENTED_EDGE('',*,*,#5502,.F.);
#7329=ORIENTED_EDGE('',*,*,#5499,.T.);
#7330=ORIENTED_EDGE('',*,*,#4577,.T.);
#7331=ORIENTED_EDGE('',*,*,#5503,.F.);
#7332=ORIENTED_EDGE('',*,*,#5504,.F.);
#7333=ORIENTED_EDGE('',*,*,#5501,.T.);
#7334=ORIENTED_EDGE('',*,*,#4576,.T.);
#7335=ORIENTED_EDGE('',*,*,#5505,.F.);
#7336=ORIENTED_EDGE('',*,*,#5506,.F.);
#7337=ORIENTED_EDGE('',*,*,#5503,.T.);
#7338=ORIENTED_EDGE('',*,*,#4575,.T.);
#7339=ORIENTED_EDGE('',*,*,#5507,.F.);
#7340=ORIENTED_EDGE('',*,*,#5508,.F.);
#7341=ORIENTED_EDGE('',*,*,#5505,.T.);
#7342=ORIENTED_EDGE('',*,*,#4574,.T.);
#7343=ORIENTED_EDGE('',*,*,#5509,.F.);
#7344=ORIENTED_EDGE('',*,*,#5510,.F.);
#7345=ORIENTED_EDGE('',*,*,#5507,.T.);
#7346=ORIENTED_EDGE('',*,*,#4573,.T.);
#7347=ORIENTED_EDGE('',*,*,#5498,.F.);
#7348=ORIENTED_EDGE('',*,*,#5511,.F.);
#7349=ORIENTED_EDGE('',*,*,#5509,.T.);
#7350=ORIENTED_EDGE('',*,*,#4572,.T.);
#7351=ORIENTED_EDGE('',*,*,#5512,.T.);
#7352=ORIENTED_EDGE('',*,*,#5495,.T.);
#7353=ORIENTED_EDGE('',*,*,#4563,.F.);
#7354=ORIENTED_EDGE('',*,*,#5513,.F.);
#7355=ORIENTED_EDGE('',*,*,#4742,.T.);
#7356=ORIENTED_EDGE('',*,*,#4785,.F.);
#7357=ORIENTED_EDGE('',*,*,#5514,.F.);
#7358=ORIENTED_EDGE('',*,*,#5193,.T.);
#7359=ORIENTED_EDGE('',*,*,#5515,.T.);
#7360=ORIENTED_EDGE('',*,*,#5516,.F.);
#7361=ORIENTED_EDGE('',*,*,#5092,.T.);
#7362=ORIENTED_EDGE('',*,*,#4462,.T.);
#7363=ORIENTED_EDGE('',*,*,#4724,.T.);
#7364=ORIENTED_EDGE('',*,*,#4788,.F.);
#7365=ORIENTED_EDGE('',*,*,#5517,.F.);
#7366=ORIENTED_EDGE('',*,*,#5225,.T.);
#7367=ORIENTED_EDGE('',*,*,#4706,.T.);
#7368=ORIENTED_EDGE('',*,*,#4791,.F.);
#7369=ORIENTED_EDGE('',*,*,#5518,.F.);
#7370=ORIENTED_EDGE('',*,*,#5257,.T.);
#7371=ORIENTED_EDGE('',*,*,#4688,.T.);
#7372=ORIENTED_EDGE('',*,*,#4794,.F.);
#7373=ORIENTED_EDGE('',*,*,#5519,.F.);
#7374=ORIENTED_EDGE('',*,*,#5289,.T.);
#7375=ORIENTED_EDGE('',*,*,#4670,.T.);
#7376=ORIENTED_EDGE('',*,*,#4797,.F.);
#7377=ORIENTED_EDGE('',*,*,#5520,.F.);
#7378=ORIENTED_EDGE('',*,*,#5321,.T.);
#7379=ORIENTED_EDGE('',*,*,#4652,.T.);
#7380=ORIENTED_EDGE('',*,*,#4800,.F.);
#7381=ORIENTED_EDGE('',*,*,#5521,.F.);
#7382=ORIENTED_EDGE('',*,*,#5353,.T.);
#7383=ORIENTED_EDGE('',*,*,#4634,.T.);
#7384=ORIENTED_EDGE('',*,*,#4803,.F.);
#7385=ORIENTED_EDGE('',*,*,#5522,.F.);
#7386=ORIENTED_EDGE('',*,*,#5385,.T.);
#7387=ORIENTED_EDGE('',*,*,#4616,.T.);
#7388=ORIENTED_EDGE('',*,*,#4806,.F.);
#7389=ORIENTED_EDGE('',*,*,#5523,.F.);
#7390=ORIENTED_EDGE('',*,*,#5417,.T.);
#7391=ORIENTED_EDGE('',*,*,#4598,.T.);
#7392=ORIENTED_EDGE('',*,*,#4809,.F.);
#7393=ORIENTED_EDGE('',*,*,#5524,.F.);
#7394=ORIENTED_EDGE('',*,*,#5449,.T.);
#7395=ORIENTED_EDGE('',*,*,#4580,.T.);
#7396=ORIENTED_EDGE('',*,*,#4812,.F.);
#7397=ORIENTED_EDGE('',*,*,#5525,.F.);
#7398=ORIENTED_EDGE('',*,*,#5481,.T.);
#7399=ORIENTED_EDGE('',*,*,#4562,.T.);
#7400=ORIENTED_EDGE('',*,*,#4815,.F.);
#7401=ORIENTED_EDGE('',*,*,#5526,.F.);
#7402=ORIENTED_EDGE('',*,*,#5513,.T.);
#7403=ORIENTED_EDGE('',*,*,#4542,.T.);
#7404=ORIENTED_EDGE('',*,*,#4818,.F.);
#7405=ORIENTED_EDGE('',*,*,#5527,.F.);
#7406=ORIENTED_EDGE('',*,*,#4948,.T.);
#7407=ORIENTED_EDGE('',*,*,#4522,.T.);
#7408=ORIENTED_EDGE('',*,*,#4821,.F.);
#7409=ORIENTED_EDGE('',*,*,#5528,.F.);
#7410=ORIENTED_EDGE('',*,*,#4984,.T.);
#7411=ORIENTED_EDGE('',*,*,#4502,.T.);
#7412=ORIENTED_EDGE('',*,*,#4824,.F.);
#7413=ORIENTED_EDGE('',*,*,#5529,.F.);
#7414=ORIENTED_EDGE('',*,*,#5020,.T.);
#7415=ORIENTED_EDGE('',*,*,#4482,.T.);
#7416=ORIENTED_EDGE('',*,*,#4827,.F.);
#7417=ORIENTED_EDGE('',*,*,#5530,.F.);
#7418=ORIENTED_EDGE('',*,*,#5056,.T.);
#7419=ORIENTED_EDGE('',*,*,#4763,.T.);
#7420=ORIENTED_EDGE('',*,*,#5531,.F.);
#7421=ORIENTED_EDGE('',*,*,#5532,.T.);
#7422=ORIENTED_EDGE('',*,*,#4881,.F.);
#7423=ORIENTED_EDGE('',*,*,#4444,.T.);
#7424=ORIENTED_EDGE('',*,*,#4764,.T.);
#7425=ORIENTED_EDGE('',*,*,#5533,.F.);
#7426=ORIENTED_EDGE('',*,*,#5534,.F.);
#7427=ORIENTED_EDGE('',*,*,#5535,.F.);
#7428=ORIENTED_EDGE('',*,*,#5536,.T.);
#7429=ORIENTED_EDGE('',*,*,#5537,.T.);
#7430=ORIENTED_EDGE('',*,*,#5538,.F.);
#7431=ORIENTED_EDGE('',*,*,#5539,.F.);
#7432=ORIENTED_EDGE('',*,*,#5540,.F.);
#7433=ORIENTED_EDGE('',*,*,#5448,.F.);
#7434=ORIENTED_EDGE('',*,*,#5524,.T.);
#7435=ORIENTED_EDGE('',*,*,#4808,.T.);
#7436=ORIENTED_EDGE('',*,*,#5468,.T.);
#7437=ORIENTED_EDGE('',*,*,#5470,.T.);
#7438=ORIENTED_EDGE('',*,*,#5472,.T.);
#7439=ORIENTED_EDGE('',*,*,#5474,.T.);
#7440=ORIENTED_EDGE('',*,*,#5476,.T.);
#7441=ORIENTED_EDGE('',*,*,#5478,.T.);
#7442=ORIENTED_EDGE('',*,*,#5479,.T.);
#7443=ORIENTED_EDGE('',*,*,#5465,.T.);
#7444=ORIENTED_EDGE('',*,*,#5451,.F.);
#7445=ORIENTED_EDGE('',*,*,#5454,.F.);
#7446=ORIENTED_EDGE('',*,*,#5456,.F.);
#7447=ORIENTED_EDGE('',*,*,#5458,.F.);
#7448=ORIENTED_EDGE('',*,*,#5460,.F.);
#7449=ORIENTED_EDGE('',*,*,#5462,.F.);
#7450=ORIENTED_EDGE('',*,*,#5464,.F.);
#7451=ORIENTED_EDGE('',*,*,#5480,.F.);
#7452=ORIENTED_EDGE('',*,*,#5525,.T.);
#7453=ORIENTED_EDGE('',*,*,#4811,.T.);
#7454=ORIENTED_EDGE('',*,*,#5500,.T.);
#7455=ORIENTED_EDGE('',*,*,#5502,.T.);
#7456=ORIENTED_EDGE('',*,*,#5504,.T.);
#7457=ORIENTED_EDGE('',*,*,#5506,.T.);
#7458=ORIENTED_EDGE('',*,*,#5508,.T.);
#7459=ORIENTED_EDGE('',*,*,#5510,.T.);
#7460=ORIENTED_EDGE('',*,*,#5511,.T.);
#7461=ORIENTED_EDGE('',*,*,#5497,.T.);
#7462=ORIENTED_EDGE('',*,*,#5483,.F.);
#7463=ORIENTED_EDGE('',*,*,#5486,.F.);
#7464=ORIENTED_EDGE('',*,*,#5488,.F.);
#7465=ORIENTED_EDGE('',*,*,#5490,.F.);
#7466=ORIENTED_EDGE('',*,*,#5492,.F.);
#7467=ORIENTED_EDGE('',*,*,#5494,.F.);
#7468=ORIENTED_EDGE('',*,*,#5496,.F.);
#7469=ORIENTED_EDGE('',*,*,#5512,.F.);
#7470=ORIENTED_EDGE('',*,*,#5526,.T.);
#7471=ORIENTED_EDGE('',*,*,#4814,.T.);
#7472=ORIENTED_EDGE('',*,*,#4933,.T.);
#7473=ORIENTED_EDGE('',*,*,#4935,.T.);
#7474=ORIENTED_EDGE('',*,*,#4937,.T.);
#7475=ORIENTED_EDGE('',*,*,#4939,.T.);
#7476=ORIENTED_EDGE('',*,*,#4941,.T.);
#7477=ORIENTED_EDGE('',*,*,#4943,.T.);
#7478=ORIENTED_EDGE('',*,*,#4945,.T.);
#7479=ORIENTED_EDGE('',*,*,#4946,.T.);
#7480=ORIENTED_EDGE('',*,*,#4930,.T.);
#7481=ORIENTED_EDGE('',*,*,#4914,.F.);
#7482=ORIENTED_EDGE('',*,*,#4917,.F.);
#7483=ORIENTED_EDGE('',*,*,#4919,.F.);
#7484=ORIENTED_EDGE('',*,*,#4921,.F.);
#7485=ORIENTED_EDGE('',*,*,#4923,.F.);
#7486=ORIENTED_EDGE('',*,*,#4925,.F.);
#7487=ORIENTED_EDGE('',*,*,#4927,.F.);
#7488=ORIENTED_EDGE('',*,*,#4929,.F.);
#7489=ORIENTED_EDGE('',*,*,#4947,.F.);
#7490=ORIENTED_EDGE('',*,*,#5527,.T.);
#7491=ORIENTED_EDGE('',*,*,#4817,.T.);
#7492=ORIENTED_EDGE('',*,*,#4969,.T.);
#7493=ORIENTED_EDGE('',*,*,#4971,.T.);
#7494=ORIENTED_EDGE('',*,*,#4973,.T.);
#7495=ORIENTED_EDGE('',*,*,#4975,.T.);
#7496=ORIENTED_EDGE('',*,*,#4977,.T.);
#7497=ORIENTED_EDGE('',*,*,#4979,.T.);
#7498=ORIENTED_EDGE('',*,*,#4981,.T.);
#7499=ORIENTED_EDGE('',*,*,#4982,.T.);
#7500=ORIENTED_EDGE('',*,*,#4966,.T.);
#7501=ORIENTED_EDGE('',*,*,#4950,.F.);
#7502=ORIENTED_EDGE('',*,*,#4953,.F.);
#7503=ORIENTED_EDGE('',*,*,#4955,.F.);
#7504=ORIENTED_EDGE('',*,*,#4957,.F.);
#7505=ORIENTED_EDGE('',*,*,#4959,.F.);
#7506=ORIENTED_EDGE('',*,*,#4961,.F.);
#7507=ORIENTED_EDGE('',*,*,#4963,.F.);
#7508=ORIENTED_EDGE('',*,*,#4965,.F.);
#7509=ORIENTED_EDGE('',*,*,#4983,.F.);
#7510=ORIENTED_EDGE('',*,*,#5528,.T.);
#7511=ORIENTED_EDGE('',*,*,#4820,.T.);
#7512=ORIENTED_EDGE('',*,*,#5005,.T.);
#7513=ORIENTED_EDGE('',*,*,#5007,.T.);
#7514=ORIENTED_EDGE('',*,*,#5009,.T.);
#7515=ORIENTED_EDGE('',*,*,#5011,.T.);
#7516=ORIENTED_EDGE('',*,*,#5013,.T.);
#7517=ORIENTED_EDGE('',*,*,#5015,.T.);
#7518=ORIENTED_EDGE('',*,*,#5017,.T.);
#7519=ORIENTED_EDGE('',*,*,#5018,.T.);
#7520=ORIENTED_EDGE('',*,*,#5002,.T.);
#7521=ORIENTED_EDGE('',*,*,#4986,.F.);
#7522=ORIENTED_EDGE('',*,*,#4989,.F.);
#7523=ORIENTED_EDGE('',*,*,#4991,.F.);
#7524=ORIENTED_EDGE('',*,*,#4993,.F.);
#7525=ORIENTED_EDGE('',*,*,#4995,.F.);
#7526=ORIENTED_EDGE('',*,*,#4997,.F.);
#7527=ORIENTED_EDGE('',*,*,#4999,.F.);
#7528=ORIENTED_EDGE('',*,*,#5001,.F.);
#7529=ORIENTED_EDGE('',*,*,#5019,.F.);
#7530=ORIENTED_EDGE('',*,*,#5529,.T.);
#7531=ORIENTED_EDGE('',*,*,#4823,.T.);
#7532=ORIENTED_EDGE('',*,*,#5041,.T.);
#7533=ORIENTED_EDGE('',*,*,#5043,.T.);
#7534=ORIENTED_EDGE('',*,*,#5045,.T.);
#7535=ORIENTED_EDGE('',*,*,#5047,.T.);
#7536=ORIENTED_EDGE('',*,*,#5049,.T.);
#7537=ORIENTED_EDGE('',*,*,#5051,.T.);
#7538=ORIENTED_EDGE('',*,*,#5053,.T.);
#7539=ORIENTED_EDGE('',*,*,#5054,.T.);
#7540=ORIENTED_EDGE('',*,*,#5038,.T.);
#7541=ORIENTED_EDGE('',*,*,#5022,.F.);
#7542=ORIENTED_EDGE('',*,*,#5025,.F.);
#7543=ORIENTED_EDGE('',*,*,#5027,.F.);
#7544=ORIENTED_EDGE('',*,*,#5029,.F.);
#7545=ORIENTED_EDGE('',*,*,#5031,.F.);
#7546=ORIENTED_EDGE('',*,*,#5033,.F.);
#7547=ORIENTED_EDGE('',*,*,#5035,.F.);
#7548=ORIENTED_EDGE('',*,*,#5037,.F.);
#7549=ORIENTED_EDGE('',*,*,#5055,.F.);
#7550=ORIENTED_EDGE('',*,*,#5530,.T.);
#7551=ORIENTED_EDGE('',*,*,#4826,.T.);
#7552=ORIENTED_EDGE('',*,*,#5077,.T.);
#7553=ORIENTED_EDGE('',*,*,#5079,.T.);
#7554=ORIENTED_EDGE('',*,*,#5081,.T.);
#7555=ORIENTED_EDGE('',*,*,#5083,.T.);
#7556=ORIENTED_EDGE('',*,*,#5085,.T.);
#7557=ORIENTED_EDGE('',*,*,#5087,.T.);
#7558=ORIENTED_EDGE('',*,*,#5089,.T.);
#7559=ORIENTED_EDGE('',*,*,#5090,.T.);
#7560=ORIENTED_EDGE('',*,*,#5074,.T.);
#7561=ORIENTED_EDGE('',*,*,#5058,.F.);
#7562=ORIENTED_EDGE('',*,*,#5061,.F.);
#7563=ORIENTED_EDGE('',*,*,#5063,.F.);
#7564=ORIENTED_EDGE('',*,*,#5065,.F.);
#7565=ORIENTED_EDGE('',*,*,#5067,.F.);
#7566=ORIENTED_EDGE('',*,*,#5069,.F.);
#7567=ORIENTED_EDGE('',*,*,#5071,.F.);
#7568=ORIENTED_EDGE('',*,*,#5073,.F.);
#7569=ORIENTED_EDGE('',*,*,#5091,.F.);
#7570=ORIENTED_EDGE('',*,*,#5516,.T.);
#7571=ORIENTED_EDGE('',*,*,#5541,.T.);
#7572=ORIENTED_EDGE('',*,*,#5542,.F.);
#7573=ORIENTED_EDGE('',*,*,#5543,.T.);
#7574=ORIENTED_EDGE('',*,*,#5544,.F.);
#7575=ORIENTED_EDGE('',*,*,#4829,.F.);
#7576=ORIENTED_EDGE('',*,*,#4912,.T.);
#7577=ORIENTED_EDGE('',*,*,#5095,.T.);
#7578=ORIENTED_EDGE('',*,*,#5098,.T.);
#7579=ORIENTED_EDGE('',*,*,#5101,.T.);
#7580=ORIENTED_EDGE('',*,*,#5104,.T.);
#7581=ORIENTED_EDGE('',*,*,#5107,.T.);
#7582=ORIENTED_EDGE('',*,*,#5110,.T.);
#7583=ORIENTED_EDGE('',*,*,#5113,.T.);
#7584=ORIENTED_EDGE('',*,*,#5115,.T.);
#7585=ORIENTED_EDGE('',*,*,#4833,.T.);
#7586=ORIENTED_EDGE('',*,*,#4837,.F.);
#7587=ORIENTED_EDGE('',*,*,#4840,.F.);
#7588=ORIENTED_EDGE('',*,*,#4843,.F.);
#7589=ORIENTED_EDGE('',*,*,#4846,.F.);
#7590=ORIENTED_EDGE('',*,*,#4849,.F.);
#7591=ORIENTED_EDGE('',*,*,#4852,.F.);
#7592=ORIENTED_EDGE('',*,*,#4855,.F.);
#7593=ORIENTED_EDGE('',*,*,#4858,.F.);
#7594=ORIENTED_EDGE('',*,*,#4861,.F.);
#7595=ORIENTED_EDGE('',*,*,#5545,.F.);
#7596=ORIENTED_EDGE('',*,*,#5141,.T.);
#7597=ORIENTED_EDGE('',*,*,#5118,.T.);
#7598=ORIENTED_EDGE('',*,*,#5122,.T.);
#7599=ORIENTED_EDGE('',*,*,#5125,.T.);
#7600=ORIENTED_EDGE('',*,*,#5128,.T.);
#7601=ORIENTED_EDGE('',*,*,#5131,.T.);
#7602=ORIENTED_EDGE('',*,*,#5134,.T.);
#7603=ORIENTED_EDGE('',*,*,#5137,.T.);
#7604=ORIENTED_EDGE('',*,*,#5139,.T.);
#7605=ORIENTED_EDGE('',*,*,#4885,.T.);
#7606=ORIENTED_EDGE('',*,*,#4889,.F.);
#7607=ORIENTED_EDGE('',*,*,#4892,.F.);
#7608=ORIENTED_EDGE('',*,*,#4895,.F.);
#7609=ORIENTED_EDGE('',*,*,#4898,.F.);
#7610=ORIENTED_EDGE('',*,*,#4901,.F.);
#7611=ORIENTED_EDGE('',*,*,#4904,.F.);
#7612=ORIENTED_EDGE('',*,*,#4907,.F.);
#7613=ORIENTED_EDGE('',*,*,#4909,.F.);
#7614=ORIENTED_EDGE('',*,*,#4772,.F.);
#7615=ORIENTED_EDGE('',*,*,#5546,.F.);
#7616=ORIENTED_EDGE('',*,*,#4778,.T.);
#7617=ORIENTED_EDGE('',*,*,#5144,.T.);
#7618=ORIENTED_EDGE('',*,*,#5146,.T.);
#7619=ORIENTED_EDGE('',*,*,#5148,.T.);
#7620=ORIENTED_EDGE('',*,*,#5150,.T.);
#7621=ORIENTED_EDGE('',*,*,#5152,.T.);
#7622=ORIENTED_EDGE('',*,*,#5154,.T.);
#7623=ORIENTED_EDGE('',*,*,#5156,.T.);
#7624=ORIENTED_EDGE('',*,*,#5157,.T.);
#7625=ORIENTED_EDGE('',*,*,#4865,.T.);
#7626=ORIENTED_EDGE('',*,*,#4868,.F.);
#7627=ORIENTED_EDGE('',*,*,#4870,.F.);
#7628=ORIENTED_EDGE('',*,*,#4872,.F.);
#7629=ORIENTED_EDGE('',*,*,#4874,.F.);
#7630=ORIENTED_EDGE('',*,*,#4876,.F.);
#7631=ORIENTED_EDGE('',*,*,#4878,.F.);
#7632=ORIENTED_EDGE('',*,*,#4880,.F.);
#7633=ORIENTED_EDGE('',*,*,#4882,.F.);
#7634=ORIENTED_EDGE('',*,*,#5532,.F.);
#7635=ORIENTED_EDGE('',*,*,#5547,.F.);
#7636=ORIENTED_EDGE('',*,*,#4782,.T.);
#7637=ORIENTED_EDGE('',*,*,#5178,.T.);
#7638=ORIENTED_EDGE('',*,*,#5180,.T.);
#7639=ORIENTED_EDGE('',*,*,#5182,.T.);
#7640=ORIENTED_EDGE('',*,*,#5184,.T.);
#7641=ORIENTED_EDGE('',*,*,#5186,.T.);
#7642=ORIENTED_EDGE('',*,*,#5188,.T.);
#7643=ORIENTED_EDGE('',*,*,#5190,.T.);
#7644=ORIENTED_EDGE('',*,*,#5191,.T.);
#7645=ORIENTED_EDGE('',*,*,#5175,.T.);
#7646=ORIENTED_EDGE('',*,*,#5159,.F.);
#7647=ORIENTED_EDGE('',*,*,#5162,.F.);
#7648=ORIENTED_EDGE('',*,*,#5164,.F.);
#7649=ORIENTED_EDGE('',*,*,#5166,.F.);
#7650=ORIENTED_EDGE('',*,*,#5168,.F.);
#7651=ORIENTED_EDGE('',*,*,#5170,.F.);
#7652=ORIENTED_EDGE('',*,*,#5172,.F.);
#7653=ORIENTED_EDGE('',*,*,#5174,.F.);
#7654=ORIENTED_EDGE('',*,*,#5192,.F.);
#7655=ORIENTED_EDGE('',*,*,#5514,.T.);
#7656=ORIENTED_EDGE('',*,*,#4784,.T.);
#7657=ORIENTED_EDGE('',*,*,#5212,.T.);
#7658=ORIENTED_EDGE('',*,*,#5214,.T.);
#7659=ORIENTED_EDGE('',*,*,#5216,.T.);
#7660=ORIENTED_EDGE('',*,*,#5218,.T.);
#7661=ORIENTED_EDGE('',*,*,#5220,.T.);
#7662=ORIENTED_EDGE('',*,*,#5222,.T.);
#7663=ORIENTED_EDGE('',*,*,#5223,.T.);
#7664=ORIENTED_EDGE('',*,*,#5209,.T.);
#7665=ORIENTED_EDGE('',*,*,#5195,.F.);
#7666=ORIENTED_EDGE('',*,*,#5198,.F.);
#7667=ORIENTED_EDGE('',*,*,#5200,.F.);
#7668=ORIENTED_EDGE('',*,*,#5202,.F.);
#7669=ORIENTED_EDGE('',*,*,#5204,.F.);
#7670=ORIENTED_EDGE('',*,*,#5206,.F.);
#7671=ORIENTED_EDGE('',*,*,#5208,.F.);
#7672=ORIENTED_EDGE('',*,*,#5224,.F.);
#7673=ORIENTED_EDGE('',*,*,#5517,.T.);
#7674=ORIENTED_EDGE('',*,*,#4787,.T.);
#7675=ORIENTED_EDGE('',*,*,#5244,.T.);
#7676=ORIENTED_EDGE('',*,*,#5246,.T.);
#7677=ORIENTED_EDGE('',*,*,#5248,.T.);
#7678=ORIENTED_EDGE('',*,*,#5250,.T.);
#7679=ORIENTED_EDGE('',*,*,#5252,.T.);
#7680=ORIENTED_EDGE('',*,*,#5254,.T.);
#7681=ORIENTED_EDGE('',*,*,#5255,.T.);
#7682=ORIENTED_EDGE('',*,*,#5241,.T.);
#7683=ORIENTED_EDGE('',*,*,#5227,.F.);
#7684=ORIENTED_EDGE('',*,*,#5230,.F.);
#7685=ORIENTED_EDGE('',*,*,#5232,.F.);
#7686=ORIENTED_EDGE('',*,*,#5234,.F.);
#7687=ORIENTED_EDGE('',*,*,#5236,.F.);
#7688=ORIENTED_EDGE('',*,*,#5238,.F.);
#7689=ORIENTED_EDGE('',*,*,#5240,.F.);
#7690=ORIENTED_EDGE('',*,*,#5256,.F.);
#7691=ORIENTED_EDGE('',*,*,#5518,.T.);
#7692=ORIENTED_EDGE('',*,*,#4790,.T.);
#7693=ORIENTED_EDGE('',*,*,#5276,.T.);
#7694=ORIENTED_EDGE('',*,*,#5278,.T.);
#7695=ORIENTED_EDGE('',*,*,#5280,.T.);
#7696=ORIENTED_EDGE('',*,*,#5282,.T.);
#7697=ORIENTED_EDGE('',*,*,#5284,.T.);
#7698=ORIENTED_EDGE('',*,*,#5286,.T.);
#7699=ORIENTED_EDGE('',*,*,#5287,.T.);
#7700=ORIENTED_EDGE('',*,*,#5273,.T.);
#7701=ORIENTED_EDGE('',*,*,#5259,.F.);
#7702=ORIENTED_EDGE('',*,*,#5262,.F.);
#7703=ORIENTED_EDGE('',*,*,#5264,.F.);
#7704=ORIENTED_EDGE('',*,*,#5266,.F.);
#7705=ORIENTED_EDGE('',*,*,#5268,.F.);
#7706=ORIENTED_EDGE('',*,*,#5270,.F.);
#7707=ORIENTED_EDGE('',*,*,#5272,.F.);
#7708=ORIENTED_EDGE('',*,*,#5288,.F.);
#7709=ORIENTED_EDGE('',*,*,#5519,.T.);
#7710=ORIENTED_EDGE('',*,*,#4793,.T.);
#7711=ORIENTED_EDGE('',*,*,#5308,.T.);
#7712=ORIENTED_EDGE('',*,*,#5310,.T.);
#7713=ORIENTED_EDGE('',*,*,#5312,.T.);
#7714=ORIENTED_EDGE('',*,*,#5314,.T.);
#7715=ORIENTED_EDGE('',*,*,#5316,.T.);
#7716=ORIENTED_EDGE('',*,*,#5318,.T.);
#7717=ORIENTED_EDGE('',*,*,#5319,.T.);
#7718=ORIENTED_EDGE('',*,*,#5305,.T.);
#7719=ORIENTED_EDGE('',*,*,#5291,.F.);
#7720=ORIENTED_EDGE('',*,*,#5294,.F.);
#7721=ORIENTED_EDGE('',*,*,#5296,.F.);
#7722=ORIENTED_EDGE('',*,*,#5298,.F.);
#7723=ORIENTED_EDGE('',*,*,#5300,.F.);
#7724=ORIENTED_EDGE('',*,*,#5302,.F.);
#7725=ORIENTED_EDGE('',*,*,#5304,.F.);
#7726=ORIENTED_EDGE('',*,*,#5320,.F.);
#7727=ORIENTED_EDGE('',*,*,#5520,.T.);
#7728=ORIENTED_EDGE('',*,*,#4796,.T.);
#7729=ORIENTED_EDGE('',*,*,#5340,.T.);
#7730=ORIENTED_EDGE('',*,*,#5342,.T.);
#7731=ORIENTED_EDGE('',*,*,#5344,.T.);
#7732=ORIENTED_EDGE('',*,*,#5346,.T.);
#7733=ORIENTED_EDGE('',*,*,#5348,.T.);
#7734=ORIENTED_EDGE('',*,*,#5350,.T.);
#7735=ORIENTED_EDGE('',*,*,#5351,.T.);
#7736=ORIENTED_EDGE('',*,*,#5337,.T.);
#7737=ORIENTED_EDGE('',*,*,#5323,.F.);
#7738=ORIENTED_EDGE('',*,*,#5326,.F.);
#7739=ORIENTED_EDGE('',*,*,#5328,.F.);
#7740=ORIENTED_EDGE('',*,*,#5330,.F.);
#7741=ORIENTED_EDGE('',*,*,#5332,.F.);
#7742=ORIENTED_EDGE('',*,*,#5334,.F.);
#7743=ORIENTED_EDGE('',*,*,#5336,.F.);
#7744=ORIENTED_EDGE('',*,*,#5352,.F.);
#7745=ORIENTED_EDGE('',*,*,#5521,.T.);
#7746=ORIENTED_EDGE('',*,*,#4799,.T.);
#7747=ORIENTED_EDGE('',*,*,#5372,.T.);
#7748=ORIENTED_EDGE('',*,*,#5374,.T.);
#7749=ORIENTED_EDGE('',*,*,#5376,.T.);
#7750=ORIENTED_EDGE('',*,*,#5378,.T.);
#7751=ORIENTED_EDGE('',*,*,#5380,.T.);
#7752=ORIENTED_EDGE('',*,*,#5382,.T.);
#7753=ORIENTED_EDGE('',*,*,#5383,.T.);
#7754=ORIENTED_EDGE('',*,*,#5369,.T.);
#7755=ORIENTED_EDGE('',*,*,#5355,.F.);
#7756=ORIENTED_EDGE('',*,*,#5358,.F.);
#7757=ORIENTED_EDGE('',*,*,#5360,.F.);
#7758=ORIENTED_EDGE('',*,*,#5362,.F.);
#7759=ORIENTED_EDGE('',*,*,#5364,.F.);
#7760=ORIENTED_EDGE('',*,*,#5366,.F.);
#7761=ORIENTED_EDGE('',*,*,#5368,.F.);
#7762=ORIENTED_EDGE('',*,*,#5384,.F.);
#7763=ORIENTED_EDGE('',*,*,#5522,.T.);
#7764=ORIENTED_EDGE('',*,*,#4802,.T.);
#7765=ORIENTED_EDGE('',*,*,#5404,.T.);
#7766=ORIENTED_EDGE('',*,*,#5406,.T.);
#7767=ORIENTED_EDGE('',*,*,#5408,.T.);
#7768=ORIENTED_EDGE('',*,*,#5410,.T.);
#7769=ORIENTED_EDGE('',*,*,#5412,.T.);
#7770=ORIENTED_EDGE('',*,*,#5414,.T.);
#7771=ORIENTED_EDGE('',*,*,#5415,.T.);
#7772=ORIENTED_EDGE('',*,*,#5401,.T.);
#7773=ORIENTED_EDGE('',*,*,#5387,.F.);
#7774=ORIENTED_EDGE('',*,*,#5390,.F.);
#7775=ORIENTED_EDGE('',*,*,#5392,.F.);
#7776=ORIENTED_EDGE('',*,*,#5394,.F.);
#7777=ORIENTED_EDGE('',*,*,#5396,.F.);
#7778=ORIENTED_EDGE('',*,*,#5398,.F.);
#7779=ORIENTED_EDGE('',*,*,#5400,.F.);
#7780=ORIENTED_EDGE('',*,*,#5416,.F.);
#7781=ORIENTED_EDGE('',*,*,#5523,.T.);
#7782=ORIENTED_EDGE('',*,*,#4805,.T.);
#7783=ORIENTED_EDGE('',*,*,#5436,.T.);
#7784=ORIENTED_EDGE('',*,*,#5438,.T.);
#7785=ORIENTED_EDGE('',*,*,#5440,.T.);
#7786=ORIENTED_EDGE('',*,*,#5442,.T.);
#7787=ORIENTED_EDGE('',*,*,#5444,.T.);
#7788=ORIENTED_EDGE('',*,*,#5446,.T.);
#7789=ORIENTED_EDGE('',*,*,#5447,.T.);
#7790=ORIENTED_EDGE('',*,*,#5433,.T.);
#7791=ORIENTED_EDGE('',*,*,#5419,.F.);
#7792=ORIENTED_EDGE('',*,*,#5422,.F.);
#7793=ORIENTED_EDGE('',*,*,#5424,.F.);
#7794=ORIENTED_EDGE('',*,*,#5426,.F.);
#7795=ORIENTED_EDGE('',*,*,#5428,.F.);
#7796=ORIENTED_EDGE('',*,*,#5430,.F.);
#7797=ORIENTED_EDGE('',*,*,#5432,.F.);
#7798=ORIENTED_EDGE('',*,*,#5548,.T.);
#7799=ORIENTED_EDGE('',*,*,#5549,.T.);
#7800=ORIENTED_EDGE('',*,*,#5550,.F.);
#7801=ORIENTED_EDGE('',*,*,#5551,.T.);
#7802=ORIENTED_EDGE('',*,*,#5552,.T.);
#7803=ORIENTED_EDGE('',*,*,#5553,.F.);
#7804=ORIENTED_EDGE('',*,*,#5554,.T.);
#7805=ORIENTED_EDGE('',*,*,#5555,.F.);
#7806=ORIENTED_EDGE('',*,*,#5556,.F.);
#7807=ORIENTED_EDGE('',*,*,#5557,.T.);
#7808=ORIENTED_EDGE('',*,*,#4859,.F.);
#7809=ORIENTED_EDGE('',*,*,#4863,.F.);
#7810=ORIENTED_EDGE('',*,*,#4768,.F.);
#7811=ORIENTED_EDGE('',*,*,#4830,.T.);
#7812=ORIENTED_EDGE('',*,*,#5544,.T.);
#7813=ORIENTED_EDGE('',*,*,#5558,.T.);
#7814=ORIENTED_EDGE('',*,*,#4762,.T.);
#7815=ORIENTED_EDGE('',*,*,#4780,.T.);
#7816=ORIENTED_EDGE('',*,*,#5547,.T.);
#7817=ORIENTED_EDGE('',*,*,#5531,.T.);
#7818=ORIENTED_EDGE('',*,*,#5559,.F.);
#7819=ORIENTED_EDGE('',*,*,#4779,.T.);
#7820=ORIENTED_EDGE('',*,*,#5546,.T.);
#7821=ORIENTED_EDGE('',*,*,#4771,.T.);
#7822=ORIENTED_EDGE('',*,*,#5560,.F.);
#7823=ORIENTED_EDGE('',*,*,#5142,.T.);
#7824=ORIENTED_EDGE('',*,*,#5545,.T.);
#7825=ORIENTED_EDGE('',*,*,#4860,.T.);
#7826=ORIENTED_EDGE('',*,*,#5557,.F.);
#7827=ORIENTED_EDGE('',*,*,#5561,.T.);
#7828=ORIENTED_EDGE('',*,*,#5562,.F.);
#7829=ORIENTED_EDGE('',*,*,#5554,.F.);
#7830=ORIENTED_EDGE('',*,*,#5563,.F.);
#7831=ORIENTED_EDGE('',*,*,#5564,.F.);
#7832=ORIENTED_EDGE('',*,*,#5565,.T.);
#7833=ORIENTED_EDGE('',*,*,#5566,.F.);
#7834=ORIENTED_EDGE('',*,*,#5536,.F.);
#7835=ORIENTED_EDGE('',*,*,#5567,.F.);
#7836=ORIENTED_EDGE('',*,*,#5561,.F.);
#7837=ORIENTED_EDGE('',*,*,#5568,.F.);
#7838=ORIENTED_EDGE('',*,*,#5565,.F.);
#7839=ORIENTED_EDGE('',*,*,#5569,.F.);
#7840=ORIENTED_EDGE('',*,*,#5570,.T.);
#7841=ORIENTED_EDGE('',*,*,#5571,.F.);
#7842=ORIENTED_EDGE('',*,*,#5552,.F.);
#7843=ORIENTED_EDGE('',*,*,#5572,.F.);
#7844=ORIENTED_EDGE('',*,*,#5550,.T.);
#7845=ORIENTED_EDGE('',*,*,#5573,.F.);
#7846=ORIENTED_EDGE('',*,*,#5570,.F.);
#7847=ORIENTED_EDGE('',*,*,#5574,.T.);
#7848=ORIENTED_EDGE('',*,*,#5534,.T.);
#7849=ORIENTED_EDGE('',*,*,#5575,.F.);
#7850=ORIENTED_EDGE('',*,*,#5576,.F.);
#7851=ORIENTED_EDGE('',*,*,#5577,.T.);
#7852=ORIENTED_EDGE('',*,*,#5576,.T.);
#7853=ORIENTED_EDGE('',*,*,#5578,.F.);
#7854=ORIENTED_EDGE('',*,*,#5537,.F.);
#7855=ORIENTED_EDGE('',*,*,#5579,.T.);
#7856=ORIENTED_EDGE('',*,*,#5541,.F.);
#7857=ORIENTED_EDGE('',*,*,#5515,.F.);
#7858=ORIENTED_EDGE('',*,*,#4461,.T.);
#7859=ORIENTED_EDGE('',*,*,#5580,.F.);
#7860=ORIENTED_EDGE('',*,*,#5538,.T.);
#7861=ORIENTED_EDGE('',*,*,#5578,.T.);
#7862=ORIENTED_EDGE('',*,*,#5575,.T.);
#7863=ORIENTED_EDGE('',*,*,#5533,.T.);
#7864=ORIENTED_EDGE('',*,*,#5566,.T.);
#7865=ORIENTED_EDGE('',*,*,#5568,.T.);
#7866=ORIENTED_EDGE('',*,*,#5563,.T.);
#7867=ORIENTED_EDGE('',*,*,#5553,.T.);
#7868=ORIENTED_EDGE('',*,*,#5571,.T.);
#7869=ORIENTED_EDGE('',*,*,#5573,.T.);
#7870=ORIENTED_EDGE('',*,*,#5549,.F.);
#7871=ORIENTED_EDGE('',*,*,#5548,.F.);
#7872=ORIENTED_EDGE('',*,*,#5581,.F.);
#7873=ORIENTED_EDGE('',*,*,#5542,.T.);
#7874=ORIENTED_EDGE('',*,*,#5579,.F.);
#7875=ORIENTED_EDGE('',*,*,#4862,.T.);
#7876=ORIENTED_EDGE('',*,*,#4856,.T.);
#7877=ORIENTED_EDGE('',*,*,#4853,.T.);
#7878=ORIENTED_EDGE('',*,*,#4850,.T.);
#7879=ORIENTED_EDGE('',*,*,#4847,.T.);
#7880=ORIENTED_EDGE('',*,*,#4844,.T.);
#7881=ORIENTED_EDGE('',*,*,#4841,.T.);
#7882=ORIENTED_EDGE('',*,*,#4838,.T.);
#7883=ORIENTED_EDGE('',*,*,#4835,.T.);
#7884=ORIENTED_EDGE('',*,*,#4831,.T.);
#7885=ORIENTED_EDGE('',*,*,#5114,.T.);
#7886=ORIENTED_EDGE('',*,*,#5111,.T.);
#7887=ORIENTED_EDGE('',*,*,#5108,.T.);
#7888=ORIENTED_EDGE('',*,*,#5105,.T.);
#7889=ORIENTED_EDGE('',*,*,#5102,.T.);
#7890=ORIENTED_EDGE('',*,*,#5099,.T.);
#7891=ORIENTED_EDGE('',*,*,#5096,.T.);
#7892=ORIENTED_EDGE('',*,*,#5093,.T.);
#7893=ORIENTED_EDGE('',*,*,#4910,.T.);
#7894=ORIENTED_EDGE('',*,*,#5582,.F.);
#7895=ORIENTED_EDGE('',*,*,#4774,.T.);
#7896=ORIENTED_EDGE('',*,*,#5583,.F.);
#7897=ORIENTED_EDGE('',*,*,#5584,.T.);
#7898=ORIENTED_EDGE('',*,*,#4775,.T.);
#7899=ORIENTED_EDGE('',*,*,#4435,.F.);
#7900=ORIENTED_EDGE('',*,*,#5585,.T.);
#7901=ORIENTED_EDGE('',*,*,#5586,.T.);
#7902=ORIENTED_EDGE('',*,*,#5587,.T.);
#7903=ORIENTED_EDGE('',*,*,#5588,.T.);
#7904=ORIENTED_EDGE('',*,*,#5589,.T.);
#7905=ORIENTED_EDGE('',*,*,#5590,.T.);
#7906=ORIENTED_EDGE('',*,*,#5591,.T.);
#7907=ORIENTED_EDGE('',*,*,#5592,.T.);
#7908=ORIENTED_EDGE('',*,*,#5593,.T.);
#7909=ORIENTED_EDGE('',*,*,#5589,.F.);
#7910=ORIENTED_EDGE('',*,*,#5594,.T.);
#7911=ORIENTED_EDGE('',*,*,#5595,.T.);
#7912=ORIENTED_EDGE('',*,*,#5596,.T.);
#7913=ORIENTED_EDGE('',*,*,#5592,.F.);
#7914=ORIENTED_EDGE('',*,*,#5597,.T.);
#7915=ORIENTED_EDGE('',*,*,#5598,.T.);
#7916=ORIENTED_EDGE('',*,*,#5599,.T.);
#7917=ORIENTED_EDGE('',*,*,#5595,.F.);
#7918=ORIENTED_EDGE('',*,*,#5600,.T.);
#7919=ORIENTED_EDGE('',*,*,#5601,.T.);
#7920=ORIENTED_EDGE('',*,*,#5598,.F.);
#7921=ORIENTED_EDGE('',*,*,#5602,.T.);
#7922=ORIENTED_EDGE('',*,*,#5586,.F.);
#7923=ORIENTED_EDGE('',*,*,#5556,.T.);
#7924=ORIENTED_EDGE('',*,*,#5582,.T.);
#7925=ORIENTED_EDGE('',*,*,#4765,.T.);
#7926=ORIENTED_EDGE('',*,*,#5603,.T.);
#7927=ORIENTED_EDGE('',*,*,#5604,.T.);
#7928=ORIENTED_EDGE('',*,*,#5605,.T.);
#7929=ORIENTED_EDGE('',*,*,#5606,.T.);
#7930=ORIENTED_EDGE('',*,*,#5607,.T.);
#7931=ORIENTED_EDGE('',*,*,#5604,.F.);
#7932=ORIENTED_EDGE('',*,*,#5608,.T.);
#7933=ORIENTED_EDGE('',*,*,#5609,.T.);
#7934=ORIENTED_EDGE('',*,*,#5610,.T.);
#7935=ORIENTED_EDGE('',*,*,#5606,.F.);
#7936=ORIENTED_EDGE('',*,*,#5611,.T.);
#7937=ORIENTED_EDGE('',*,*,#5612,.T.);
#7938=ORIENTED_EDGE('',*,*,#5609,.F.);
#7939=ORIENTED_EDGE('',*,*,#5613,.T.);
#7940=ORIENTED_EDGE('',*,*,#5591,.F.);
#7941=ORIENTED_EDGE('',*,*,#5587,.F.);
#7942=ORIENTED_EDGE('',*,*,#5602,.F.);
#7943=ORIENTED_EDGE('',*,*,#5600,.F.);
#7944=ORIENTED_EDGE('',*,*,#5597,.F.);
#7945=ORIENTED_EDGE('',*,*,#5594,.F.);
#7946=ORIENTED_EDGE('',*,*,#5588,.F.);
#7947=ORIENTED_EDGE('',*,*,#5613,.F.);
#7948=ORIENTED_EDGE('',*,*,#5611,.F.);
#7949=ORIENTED_EDGE('',*,*,#5608,.F.);
#7950=ORIENTED_EDGE('',*,*,#5603,.F.);
#7951=ORIENTED_EDGE('',*,*,#4769,.F.);
#7952=ORIENTED_EDGE('',*,*,#5558,.F.);
#7953=ORIENTED_EDGE('',*,*,#5543,.F.);
#7954=ORIENTED_EDGE('',*,*,#5581,.T.);
#7955=ORIENTED_EDGE('',*,*,#5551,.F.);
#7956=ORIENTED_EDGE('',*,*,#5572,.T.);
#7957=ORIENTED_EDGE('',*,*,#5569,.T.);
#7958=ORIENTED_EDGE('',*,*,#5555,.T.);
#7959=ORIENTED_EDGE('',*,*,#5562,.T.);
#7960=ORIENTED_EDGE('',*,*,#5567,.T.);
#7961=ORIENTED_EDGE('',*,*,#5564,.T.);
#7962=ORIENTED_EDGE('',*,*,#5535,.T.);
#7963=ORIENTED_EDGE('',*,*,#5574,.F.);
#7964=ORIENTED_EDGE('',*,*,#5577,.F.);
#7965=ORIENTED_EDGE('',*,*,#5540,.T.);
#7966=ORIENTED_EDGE('',*,*,#5614,.F.);
#7967=ORIENTED_EDGE('',*,*,#4436,.F.);
#7968=ORIENTED_EDGE('',*,*,#4432,.F.);
#7969=ORIENTED_EDGE('',*,*,#5140,.T.);
#7970=ORIENTED_EDGE('',*,*,#5615,.F.);
#7971=ORIENTED_EDGE('',*,*,#4770,.T.);
#7972=ORIENTED_EDGE('',*,*,#4908,.T.);
#7973=ORIENTED_EDGE('',*,*,#4905,.T.);
#7974=ORIENTED_EDGE('',*,*,#4902,.T.);
#7975=ORIENTED_EDGE('',*,*,#4899,.T.);
#7976=ORIENTED_EDGE('',*,*,#4896,.T.);
#7977=ORIENTED_EDGE('',*,*,#4893,.T.);
#7978=ORIENTED_EDGE('',*,*,#4890,.T.);
#7979=ORIENTED_EDGE('',*,*,#4887,.T.);
#7980=ORIENTED_EDGE('',*,*,#4883,.T.);
#7981=ORIENTED_EDGE('',*,*,#5138,.T.);
#7982=ORIENTED_EDGE('',*,*,#5135,.T.);
#7983=ORIENTED_EDGE('',*,*,#5132,.T.);
#7984=ORIENTED_EDGE('',*,*,#5129,.T.);
#7985=ORIENTED_EDGE('',*,*,#5126,.T.);
#7986=ORIENTED_EDGE('',*,*,#5123,.T.);
#7987=ORIENTED_EDGE('',*,*,#5120,.T.);
#7988=ORIENTED_EDGE('',*,*,#5116,.T.);
#7989=ORIENTED_EDGE('',*,*,#4434,.F.);
#7990=ORIENTED_EDGE('',*,*,#4437,.F.);
#7991=ORIENTED_EDGE('',*,*,#5614,.T.);
#7992=ORIENTED_EDGE('',*,*,#5539,.T.);
#7993=ORIENTED_EDGE('',*,*,#5580,.T.);
#7994=ORIENTED_EDGE('',*,*,#4460,.F.);
#7995=ORIENTED_EDGE('',*,*,#4442,.F.);
#7996=ORIENTED_EDGE('',*,*,#5616,.T.);
#7997=ORIENTED_EDGE('',*,*,#5617,.F.);
#7998=ORIENTED_EDGE('',*,*,#5585,.F.);
#7999=ORIENTED_EDGE('',*,*,#4776,.T.);
#8000=ORIENTED_EDGE('',*,*,#5584,.F.);
#8001=ORIENTED_EDGE('',*,*,#5618,.F.);
#8002=ORIENTED_EDGE('',*,*,#5619,.F.);
#8003=ORIENTED_EDGE('',*,*,#5620,.F.);
#8004=ORIENTED_EDGE('',*,*,#5621,.F.);
#8005=ORIENTED_EDGE('',*,*,#5622,.F.);
#8006=ORIENTED_EDGE('',*,*,#5623,.F.);
#8007=ORIENTED_EDGE('',*,*,#5624,.F.);
#8008=ORIENTED_EDGE('',*,*,#5625,.F.);
#8009=ORIENTED_EDGE('',*,*,#5626,.F.);
#8010=ORIENTED_EDGE('',*,*,#5616,.F.);
#8011=ORIENTED_EDGE('',*,*,#4441,.F.);
#8012=ORIENTED_EDGE('',*,*,#4426,.T.);
#8013=ORIENTED_EDGE('',*,*,#4429,.T.);
#8014=ORIENTED_EDGE('',*,*,#5599,.F.);
#8015=ORIENTED_EDGE('',*,*,#5627,.T.);
#8016=ORIENTED_EDGE('',*,*,#5625,.T.);
#8017=ORIENTED_EDGE('',*,*,#5628,.T.);
#8018=ORIENTED_EDGE('',*,*,#5596,.F.);
#8019=ORIENTED_EDGE('',*,*,#5628,.F.);
#8020=ORIENTED_EDGE('',*,*,#5624,.T.);
#8021=ORIENTED_EDGE('',*,*,#5629,.F.);
#8022=ORIENTED_EDGE('',*,*,#5593,.F.);
#8023=ORIENTED_EDGE('',*,*,#5629,.T.);
#8024=ORIENTED_EDGE('',*,*,#5623,.T.);
#8025=ORIENTED_EDGE('',*,*,#5630,.T.);
#8026=ORIENTED_EDGE('',*,*,#5590,.F.);
#8027=ORIENTED_EDGE('',*,*,#5630,.F.);
#8028=ORIENTED_EDGE('',*,*,#5622,.T.);
#8029=ORIENTED_EDGE('',*,*,#5631,.F.);
#8030=ORIENTED_EDGE('',*,*,#5612,.F.);
#8031=ORIENTED_EDGE('',*,*,#5631,.T.);
#8032=ORIENTED_EDGE('',*,*,#5621,.T.);
#8033=ORIENTED_EDGE('',*,*,#5632,.F.);
#8034=ORIENTED_EDGE('',*,*,#5610,.F.);
#8035=ORIENTED_EDGE('',*,*,#5632,.T.);
#8036=ORIENTED_EDGE('',*,*,#5620,.T.);
#8037=ORIENTED_EDGE('',*,*,#5633,.T.);
#8038=ORIENTED_EDGE('',*,*,#5605,.F.);
#8039=ORIENTED_EDGE('',*,*,#5634,.T.);
#8040=ORIENTED_EDGE('',*,*,#5618,.T.);
#8041=ORIENTED_EDGE('',*,*,#5583,.T.);
#8042=ORIENTED_EDGE('',*,*,#5559,.T.);
#8043=ORIENTED_EDGE('',*,*,#5615,.T.);
#8044=ORIENTED_EDGE('',*,*,#5560,.T.);
#8045=ORIENTED_EDGE('',*,*,#5601,.F.);
#8046=ORIENTED_EDGE('',*,*,#5617,.T.);
#8047=ORIENTED_EDGE('',*,*,#5626,.T.);
#8048=ORIENTED_EDGE('',*,*,#5627,.F.);
#8049=ORIENTED_EDGE('',*,*,#5607,.F.);
#8050=ORIENTED_EDGE('',*,*,#5633,.F.);
#8051=ORIENTED_EDGE('',*,*,#5619,.T.);
#8052=ORIENTED_EDGE('',*,*,#5634,.F.);
#8053=CYLINDRICAL_SURFACE('',#8486,2.5);
#8054=CYLINDRICAL_SURFACE('',#8490,2.5);
#8055=CYLINDRICAL_SURFACE('',#8494,2.);
#8056=CYLINDRICAL_SURFACE('',#8498,2.);
#8057=CYLINDRICAL_SURFACE('',#8926,5.);
#8058=CYLINDRICAL_SURFACE('',#8928,5.);
#8059=CYLINDRICAL_SURFACE('',#8931,5.);
#8060=CYLINDRICAL_SURFACE('',#8932,2.);
#8061=ADVANCED_FACE('',(#440),#8053,.F.);
#8062=ADVANCED_FACE('',(#441),#41,.T.);
#8063=ADVANCED_FACE('',(#442),#8054,.F.);
#8064=ADVANCED_FACE('',(#443),#42,.T.);
#8065=ADVANCED_FACE('',(#444),#8055,.F.);
#8066=ADVANCED_FACE('',(#445),#43,.T.);
#8067=ADVANCED_FACE('',(#446),#8056,.F.);
#8068=ADVANCED_FACE('',(#447),#44,.T.);
#8069=ADVANCED_FACE('',(#448),#45,.T.);
#8070=ADVANCED_FACE('',(#449),#46,.T.);
#8071=ADVANCED_FACE('',(#450),#47,.T.);
#8072=ADVANCED_FACE('',(#451),#48,.T.);
#8073=ADVANCED_FACE('',(#452),#49,.T.);
#8074=ADVANCED_FACE('',(#453),#50,.T.);
#8075=ADVANCED_FACE('',(#454),#51,.T.);
#8076=ADVANCED_FACE('',(#455),#52,.T.);
#8077=ADVANCED_FACE('',(#456),#53,.T.);
#8078=ADVANCED_FACE('',(#457),#54,.T.);
#8079=ADVANCED_FACE('',(#458),#55,.T.);
#8080=ADVANCED_FACE('',(#459),#56,.T.);
#8081=ADVANCED_FACE('',(#460),#57,.T.);
#8082=ADVANCED_FACE('',(#461),#58,.T.);
#8083=ADVANCED_FACE('',(#462),#59,.T.);
#8084=ADVANCED_FACE('',(#463),#60,.T.);
#8085=ADVANCED_FACE('',(#464),#61,.T.);
#8086=ADVANCED_FACE('',(#465),#62,.T.);
#8087=ADVANCED_FACE('',(#466),#63,.T.);
#8088=ADVANCED_FACE('',(#467),#64,.T.);
#8089=ADVANCED_FACE('',(#468),#65,.T.);
#8090=ADVANCED_FACE('',(#469),#66,.T.);
#8091=ADVANCED_FACE('',(#470),#67,.T.);
#8092=ADVANCED_FACE('',(#471),#68,.T.);
#8093=ADVANCED_FACE('',(#472),#69,.T.);
#8094=ADVANCED_FACE('',(#473),#70,.T.);
#8095=ADVANCED_FACE('',(#474),#71,.T.);
#8096=ADVANCED_FACE('',(#475),#72,.T.);
#8097=ADVANCED_FACE('',(#476),#73,.T.);
#8098=ADVANCED_FACE('',(#477),#74,.T.);
#8099=ADVANCED_FACE('',(#478),#75,.T.);
#8100=ADVANCED_FACE('',(#479),#76,.T.);
#8101=ADVANCED_FACE('',(#480),#77,.T.);
#8102=ADVANCED_FACE('',(#481),#78,.T.);
#8103=ADVANCED_FACE('',(#482),#79,.T.);
#8104=ADVANCED_FACE('',(#483),#80,.T.);
#8105=ADVANCED_FACE('',(#484),#81,.T.);
#8106=ADVANCED_FACE('',(#485),#82,.T.);
#8107=ADVANCED_FACE('',(#486),#83,.T.);
#8108=ADVANCED_FACE('',(#487),#84,.T.);
#8109=ADVANCED_FACE('',(#488),#85,.T.);
#8110=ADVANCED_FACE('',(#489),#86,.T.);
#8111=ADVANCED_FACE('',(#490),#87,.T.);
#8112=ADVANCED_FACE('',(#491),#88,.T.);
#8113=ADVANCED_FACE('',(#492),#89,.T.);
#8114=ADVANCED_FACE('',(#493),#90,.T.);
#8115=ADVANCED_FACE('',(#494),#91,.T.);
#8116=ADVANCED_FACE('',(#495),#92,.T.);
#8117=ADVANCED_FACE('',(#496),#93,.T.);
#8118=ADVANCED_FACE('',(#497),#94,.T.);
#8119=ADVANCED_FACE('',(#498),#95,.T.);
#8120=ADVANCED_FACE('',(#499),#96,.T.);
#8121=ADVANCED_FACE('',(#500),#97,.T.);
#8122=ADVANCED_FACE('',(#501),#98,.T.);
#8123=ADVANCED_FACE('',(#502),#99,.T.);
#8124=ADVANCED_FACE('',(#503),#100,.T.);
#8125=ADVANCED_FACE('',(#504),#101,.T.);
#8126=ADVANCED_FACE('',(#505),#102,.T.);
#8127=ADVANCED_FACE('',(#506),#103,.T.);
#8128=ADVANCED_FACE('',(#507),#104,.T.);
#8129=ADVANCED_FACE('',(#508),#105,.T.);
#8130=ADVANCED_FACE('',(#509),#106,.T.);
#8131=ADVANCED_FACE('',(#510),#107,.T.);
#8132=ADVANCED_FACE('',(#511),#108,.T.);
#8133=ADVANCED_FACE('',(#512),#109,.T.);
#8134=ADVANCED_FACE('',(#513),#110,.T.);
#8135=ADVANCED_FACE('',(#514),#111,.T.);
#8136=ADVANCED_FACE('',(#515),#112,.T.);
#8137=ADVANCED_FACE('',(#516),#113,.T.);
#8138=ADVANCED_FACE('',(#517),#114,.T.);
#8139=ADVANCED_FACE('',(#518),#115,.T.);
#8140=ADVANCED_FACE('',(#519),#116,.T.);
#8141=ADVANCED_FACE('',(#520),#117,.T.);
#8142=ADVANCED_FACE('',(#521),#118,.T.);
#8143=ADVANCED_FACE('',(#522),#119,.T.);
#8144=ADVANCED_FACE('',(#523),#120,.T.);
#8145=ADVANCED_FACE('',(#524),#121,.T.);
#8146=ADVANCED_FACE('',(#525),#122,.T.);
#8147=ADVANCED_FACE('',(#526),#123,.T.);
#8148=ADVANCED_FACE('',(#527),#124,.T.);
#8149=ADVANCED_FACE('',(#528),#125,.T.);
#8150=ADVANCED_FACE('',(#529),#126,.T.);
#8151=ADVANCED_FACE('',(#530),#127,.T.);
#8152=ADVANCED_FACE('',(#531),#128,.T.);
#8153=ADVANCED_FACE('',(#532),#129,.T.);
#8154=ADVANCED_FACE('',(#533),#130,.T.);
#8155=ADVANCED_FACE('',(#534),#131,.T.);
#8156=ADVANCED_FACE('',(#535),#132,.T.);
#8157=ADVANCED_FACE('',(#536),#133,.T.);
#8158=ADVANCED_FACE('',(#537),#134,.T.);
#8159=ADVANCED_FACE('',(#538),#135,.T.);
#8160=ADVANCED_FACE('',(#539),#136,.T.);
#8161=ADVANCED_FACE('',(#540),#137,.T.);
#8162=ADVANCED_FACE('',(#541),#138,.T.);
#8163=ADVANCED_FACE('',(#542),#139,.T.);
#8164=ADVANCED_FACE('',(#543),#140,.T.);
#8165=ADVANCED_FACE('',(#544),#141,.T.);
#8166=ADVANCED_FACE('',(#545),#142,.T.);
#8167=ADVANCED_FACE('',(#546),#143,.T.);
#8168=ADVANCED_FACE('',(#547),#144,.T.);
#8169=ADVANCED_FACE('',(#548),#145,.T.);
#8170=ADVANCED_FACE('',(#549),#146,.T.);
#8171=ADVANCED_FACE('',(#550),#147,.T.);
#8172=ADVANCED_FACE('',(#551),#148,.T.);
#8173=ADVANCED_FACE('',(#552),#149,.T.);
#8174=ADVANCED_FACE('',(#553),#150,.T.);
#8175=ADVANCED_FACE('',(#554),#151,.T.);
#8176=ADVANCED_FACE('',(#555),#152,.T.);
#8177=ADVANCED_FACE('',(#556),#153,.T.);
#8178=ADVANCED_FACE('',(#557),#154,.T.);
#8179=ADVANCED_FACE('',(#558),#155,.T.);
#8180=ADVANCED_FACE('',(#559),#156,.T.);
#8181=ADVANCED_FACE('',(#560),#157,.T.);
#8182=ADVANCED_FACE('',(#561),#158,.T.);
#8183=ADVANCED_FACE('',(#562),#159,.T.);
#8184=ADVANCED_FACE('',(#563),#160,.T.);
#8185=ADVANCED_FACE('',(#564),#161,.T.);
#8186=ADVANCED_FACE('',(#565),#162,.T.);
#8187=ADVANCED_FACE('',(#566),#163,.T.);
#8188=ADVANCED_FACE('',(#567),#164,.T.);
#8189=ADVANCED_FACE('',(#568),#165,.T.);
#8190=ADVANCED_FACE('',(#569),#166,.T.);
#8191=ADVANCED_FACE('',(#570),#167,.T.);
#8192=ADVANCED_FACE('',(#571),#168,.T.);
#8193=ADVANCED_FACE('',(#572),#169,.T.);
#8194=ADVANCED_FACE('',(#573),#170,.T.);
#8195=ADVANCED_FACE('',(#574),#171,.T.);
#8196=ADVANCED_FACE('',(#575),#172,.T.);
#8197=ADVANCED_FACE('',(#576),#173,.T.);
#8198=ADVANCED_FACE('',(#577),#174,.T.);
#8199=ADVANCED_FACE('',(#578),#175,.T.);
#8200=ADVANCED_FACE('',(#579),#176,.T.);
#8201=ADVANCED_FACE('',(#580),#177,.T.);
#8202=ADVANCED_FACE('',(#581),#178,.T.);
#8203=ADVANCED_FACE('',(#582),#179,.T.);
#8204=ADVANCED_FACE('',(#583),#180,.T.);
#8205=ADVANCED_FACE('',(#584),#181,.T.);
#8206=ADVANCED_FACE('',(#585),#182,.T.);
#8207=ADVANCED_FACE('',(#586),#183,.T.);
#8208=ADVANCED_FACE('',(#587),#184,.T.);
#8209=ADVANCED_FACE('',(#588),#185,.T.);
#8210=ADVANCED_FACE('',(#589),#186,.T.);
#8211=ADVANCED_FACE('',(#590),#187,.T.);
#8212=ADVANCED_FACE('',(#591),#188,.T.);
#8213=ADVANCED_FACE('',(#592),#189,.T.);
#8214=ADVANCED_FACE('',(#593),#190,.T.);
#8215=ADVANCED_FACE('',(#594),#191,.T.);
#8216=ADVANCED_FACE('',(#595),#192,.T.);
#8217=ADVANCED_FACE('',(#596),#193,.T.);
#8218=ADVANCED_FACE('',(#597),#194,.T.);
#8219=ADVANCED_FACE('',(#598),#195,.T.);
#8220=ADVANCED_FACE('',(#599),#196,.T.);
#8221=ADVANCED_FACE('',(#600),#197,.T.);
#8222=ADVANCED_FACE('',(#601),#198,.T.);
#8223=ADVANCED_FACE('',(#602),#199,.T.);
#8224=ADVANCED_FACE('',(#603),#200,.T.);
#8225=ADVANCED_FACE('',(#604),#201,.T.);
#8226=ADVANCED_FACE('',(#605),#202,.T.);
#8227=ADVANCED_FACE('',(#606),#203,.T.);
#8228=ADVANCED_FACE('',(#607),#204,.T.);
#8229=ADVANCED_FACE('',(#608),#205,.T.);
#8230=ADVANCED_FACE('',(#609),#206,.T.);
#8231=ADVANCED_FACE('',(#610),#207,.T.);
#8232=ADVANCED_FACE('',(#611),#208,.T.);
#8233=ADVANCED_FACE('',(#612),#209,.T.);
#8234=ADVANCED_FACE('',(#613),#210,.T.);
#8235=ADVANCED_FACE('',(#614),#211,.T.);
#8236=ADVANCED_FACE('',(#615),#212,.T.);
#8237=ADVANCED_FACE('',(#616),#213,.T.);
#8238=ADVANCED_FACE('',(#617),#214,.T.);
#8239=ADVANCED_FACE('',(#618),#215,.T.);
#8240=ADVANCED_FACE('',(#619),#216,.T.);
#8241=ADVANCED_FACE('',(#620),#217,.T.);
#8242=ADVANCED_FACE('',(#621),#218,.T.);
#8243=ADVANCED_FACE('',(#622),#219,.T.);
#8244=ADVANCED_FACE('',(#623),#220,.T.);
#8245=ADVANCED_FACE('',(#624),#221,.T.);
#8246=ADVANCED_FACE('',(#625),#222,.T.);
#8247=ADVANCED_FACE('',(#626),#223,.T.);
#8248=ADVANCED_FACE('',(#627),#224,.T.);
#8249=ADVANCED_FACE('',(#628),#225,.T.);
#8250=ADVANCED_FACE('',(#629),#226,.T.);
#8251=ADVANCED_FACE('',(#630),#227,.T.);
#8252=ADVANCED_FACE('',(#631),#228,.T.);
#8253=ADVANCED_FACE('',(#632),#229,.T.);
#8254=ADVANCED_FACE('',(#633),#230,.T.);
#8255=ADVANCED_FACE('',(#634),#231,.T.);
#8256=ADVANCED_FACE('',(#635),#232,.T.);
#8257=ADVANCED_FACE('',(#636),#233,.T.);
#8258=ADVANCED_FACE('',(#637),#234,.T.);
#8259=ADVANCED_FACE('',(#638),#235,.T.);
#8260=ADVANCED_FACE('',(#639),#236,.T.);
#8261=ADVANCED_FACE('',(#640),#237,.T.);
#8262=ADVANCED_FACE('',(#641),#238,.T.);
#8263=ADVANCED_FACE('',(#642),#239,.T.);
#8264=ADVANCED_FACE('',(#643),#240,.T.);
#8265=ADVANCED_FACE('',(#644),#241,.T.);
#8266=ADVANCED_FACE('',(#645),#242,.T.);
#8267=ADVANCED_FACE('',(#646),#243,.T.);
#8268=ADVANCED_FACE('',(#647),#244,.T.);
#8269=ADVANCED_FACE('',(#648),#245,.T.);
#8270=ADVANCED_FACE('',(#649),#246,.T.);
#8271=ADVANCED_FACE('',(#650),#247,.T.);
#8272=ADVANCED_FACE('',(#651),#248,.T.);
#8273=ADVANCED_FACE('',(#652),#249,.T.);
#8274=ADVANCED_FACE('',(#653),#250,.T.);
#8275=ADVANCED_FACE('',(#654),#251,.T.);
#8276=ADVANCED_FACE('',(#655),#252,.T.);
#8277=ADVANCED_FACE('',(#656),#253,.T.);
#8278=ADVANCED_FACE('',(#657),#254,.T.);
#8279=ADVANCED_FACE('',(#658),#255,.T.);
#8280=ADVANCED_FACE('',(#659),#256,.T.);
#8281=ADVANCED_FACE('',(#660),#257,.T.);
#8282=ADVANCED_FACE('',(#661),#258,.T.);
#8283=ADVANCED_FACE('',(#662),#259,.T.);
#8284=ADVANCED_FACE('',(#663),#260,.T.);
#8285=ADVANCED_FACE('',(#664),#261,.T.);
#8286=ADVANCED_FACE('',(#665),#262,.T.);
#8287=ADVANCED_FACE('',(#666),#263,.T.);
#8288=ADVANCED_FACE('',(#667),#264,.T.);
#8289=ADVANCED_FACE('',(#668),#265,.T.);
#8290=ADVANCED_FACE('',(#669),#266,.T.);
#8291=ADVANCED_FACE('',(#670),#267,.T.);
#8292=ADVANCED_FACE('',(#671),#268,.T.);
#8293=ADVANCED_FACE('',(#672),#269,.T.);
#8294=ADVANCED_FACE('',(#673),#270,.T.);
#8295=ADVANCED_FACE('',(#674),#271,.T.);
#8296=ADVANCED_FACE('',(#675),#272,.T.);
#8297=ADVANCED_FACE('',(#676),#273,.T.);
#8298=ADVANCED_FACE('',(#677),#274,.T.);
#8299=ADVANCED_FACE('',(#678),#275,.T.);
#8300=ADVANCED_FACE('',(#679),#276,.T.);
#8301=ADVANCED_FACE('',(#680),#277,.T.);
#8302=ADVANCED_FACE('',(#681),#278,.T.);
#8303=ADVANCED_FACE('',(#682),#279,.T.);
#8304=ADVANCED_FACE('',(#683),#280,.T.);
#8305=ADVANCED_FACE('',(#684),#281,.T.);
#8306=ADVANCED_FACE('',(#685),#282,.T.);
#8307=ADVANCED_FACE('',(#686),#283,.T.);
#8308=ADVANCED_FACE('',(#687),#284,.T.);
#8309=ADVANCED_FACE('',(#688),#285,.T.);
#8310=ADVANCED_FACE('',(#689),#286,.T.);
#8311=ADVANCED_FACE('',(#690),#287,.T.);
#8312=ADVANCED_FACE('',(#691),#288,.T.);
#8313=ADVANCED_FACE('',(#692),#289,.T.);
#8314=ADVANCED_FACE('',(#693),#290,.T.);
#8315=ADVANCED_FACE('',(#694),#291,.T.);
#8316=ADVANCED_FACE('',(#695),#292,.T.);
#8317=ADVANCED_FACE('',(#696),#293,.T.);
#8318=ADVANCED_FACE('',(#697),#294,.T.);
#8319=ADVANCED_FACE('',(#698),#295,.T.);
#8320=ADVANCED_FACE('',(#699),#296,.T.);
#8321=ADVANCED_FACE('',(#700),#297,.T.);
#8322=ADVANCED_FACE('',(#701),#298,.T.);
#8323=ADVANCED_FACE('',(#702),#299,.T.);
#8324=ADVANCED_FACE('',(#703),#300,.T.);
#8325=ADVANCED_FACE('',(#704),#301,.T.);
#8326=ADVANCED_FACE('',(#705),#302,.T.);
#8327=ADVANCED_FACE('',(#706),#303,.T.);
#8328=ADVANCED_FACE('',(#707),#304,.T.);
#8329=ADVANCED_FACE('',(#708),#305,.T.);
#8330=ADVANCED_FACE('',(#709),#306,.T.);
#8331=ADVANCED_FACE('',(#710),#307,.T.);
#8332=ADVANCED_FACE('',(#711),#308,.T.);
#8333=ADVANCED_FACE('',(#712),#309,.T.);
#8334=ADVANCED_FACE('',(#713),#310,.T.);
#8335=ADVANCED_FACE('',(#714),#311,.T.);
#8336=ADVANCED_FACE('',(#715),#312,.T.);
#8337=ADVANCED_FACE('',(#716),#313,.T.);
#8338=ADVANCED_FACE('',(#717),#314,.T.);
#8339=ADVANCED_FACE('',(#718),#315,.T.);
#8340=ADVANCED_FACE('',(#719),#316,.T.);
#8341=ADVANCED_FACE('',(#720),#317,.T.);
#8342=ADVANCED_FACE('',(#721),#318,.T.);
#8343=ADVANCED_FACE('',(#722),#319,.T.);
#8344=ADVANCED_FACE('',(#723),#320,.T.);
#8345=ADVANCED_FACE('',(#724),#321,.T.);
#8346=ADVANCED_FACE('',(#725),#322,.T.);
#8347=ADVANCED_FACE('',(#726),#323,.T.);
#8348=ADVANCED_FACE('',(#727),#324,.T.);
#8349=ADVANCED_FACE('',(#728),#325,.T.);
#8350=ADVANCED_FACE('',(#729),#326,.T.);
#8351=ADVANCED_FACE('',(#730),#327,.T.);
#8352=ADVANCED_FACE('',(#731),#328,.T.);
#8353=ADVANCED_FACE('',(#732),#329,.T.);
#8354=ADVANCED_FACE('',(#733),#330,.T.);
#8355=ADVANCED_FACE('',(#734),#331,.T.);
#8356=ADVANCED_FACE('',(#735),#332,.T.);
#8357=ADVANCED_FACE('',(#736),#333,.T.);
#8358=ADVANCED_FACE('',(#737),#334,.T.);
#8359=ADVANCED_FACE('',(#738),#335,.T.);
#8360=ADVANCED_FACE('',(#739),#336,.T.);
#8361=ADVANCED_FACE('',(#740),#337,.T.);
#8362=ADVANCED_FACE('',(#741),#338,.T.);
#8363=ADVANCED_FACE('',(#742),#339,.T.);
#8364=ADVANCED_FACE('',(#743),#340,.T.);
#8365=ADVANCED_FACE('',(#744),#341,.T.);
#8366=ADVANCED_FACE('',(#745),#342,.T.);
#8367=ADVANCED_FACE('',(#746),#343,.T.);
#8368=ADVANCED_FACE('',(#747),#344,.T.);
#8369=ADVANCED_FACE('',(#748),#345,.T.);
#8370=ADVANCED_FACE('',(#749),#346,.T.);
#8371=ADVANCED_FACE('',(#750),#347,.T.);
#8372=ADVANCED_FACE('',(#751),#348,.T.);
#8373=ADVANCED_FACE('',(#752),#349,.T.);
#8374=ADVANCED_FACE('',(#753),#350,.T.);
#8375=ADVANCED_FACE('',(#754),#351,.T.);
#8376=ADVANCED_FACE('',(#755),#352,.T.);
#8377=ADVANCED_FACE('',(#756),#353,.T.);
#8378=ADVANCED_FACE('',(#757),#354,.T.);
#8379=ADVANCED_FACE('',(#758),#355,.T.);
#8380=ADVANCED_FACE('',(#759),#356,.T.);
#8381=ADVANCED_FACE('',(#760),#357,.T.);
#8382=ADVANCED_FACE('',(#761),#358,.T.);
#8383=ADVANCED_FACE('',(#762),#359,.T.);
#8384=ADVANCED_FACE('',(#763),#360,.T.);
#8385=ADVANCED_FACE('',(#764),#361,.T.);
#8386=ADVANCED_FACE('',(#765),#362,.T.);
#8387=ADVANCED_FACE('',(#766),#363,.T.);
#8388=ADVANCED_FACE('',(#767),#364,.T.);
#8389=ADVANCED_FACE('',(#768),#365,.T.);
#8390=ADVANCED_FACE('',(#769),#366,.T.);
#8391=ADVANCED_FACE('',(#770),#367,.T.);
#8392=ADVANCED_FACE('',(#771),#368,.T.);
#8393=ADVANCED_FACE('',(#772),#369,.T.);
#8394=ADVANCED_FACE('',(#773),#370,.T.);
#8395=ADVANCED_FACE('',(#774),#371,.T.);
#8396=ADVANCED_FACE('',(#775),#372,.T.);
#8397=ADVANCED_FACE('',(#776),#373,.T.);
#8398=ADVANCED_FACE('',(#777),#374,.T.);
#8399=ADVANCED_FACE('',(#778),#375,.T.);
#8400=ADVANCED_FACE('',(#779),#376,.T.);
#8401=ADVANCED_FACE('',(#780),#377,.T.);
#8402=ADVANCED_FACE('',(#781),#378,.T.);
#8403=ADVANCED_FACE('',(#782),#379,.T.);
#8404=ADVANCED_FACE('',(#783),#380,.T.);
#8405=ADVANCED_FACE('',(#784),#381,.T.);
#8406=ADVANCED_FACE('',(#785),#382,.T.);
#8407=ADVANCED_FACE('',(#786),#383,.T.);
#8408=ADVANCED_FACE('',(#787),#384,.T.);
#8409=ADVANCED_FACE('',(#788),#385,.T.);
#8410=ADVANCED_FACE('',(#789),#386,.T.);
#8411=ADVANCED_FACE('',(#790),#387,.T.);
#8412=ADVANCED_FACE('',(#791),#388,.T.);
#8413=ADVANCED_FACE('',(#792),#389,.T.);
#8414=ADVANCED_FACE('',(#793),#390,.T.);
#8415=ADVANCED_FACE('',(#794),#391,.T.);
#8416=ADVANCED_FACE('',(#795),#392,.T.);
#8417=ADVANCED_FACE('',(#796),#393,.T.);
#8418=ADVANCED_FACE('',(#797),#394,.T.);
#8419=ADVANCED_FACE('',(#798),#395,.T.);
#8420=ADVANCED_FACE('',(#799),#396,.T.);
#8421=ADVANCED_FACE('',(#800),#397,.T.);
#8422=ADVANCED_FACE('',(#801),#398,.T.);
#8423=ADVANCED_FACE('',(#802),#399,.T.);
#8424=ADVANCED_FACE('',(#803),#400,.T.);
#8425=ADVANCED_FACE('',(#804),#401,.T.);
#8426=ADVANCED_FACE('',(#805),#402,.T.);
#8427=ADVANCED_FACE('',(#806),#403,.T.);
#8428=ADVANCED_FACE('',(#807),#404,.T.);
#8429=ADVANCED_FACE('',(#808),#405,.T.);
#8430=ADVANCED_FACE('',(#809),#406,.T.);
#8431=ADVANCED_FACE('',(#810),#407,.T.);
#8432=ADVANCED_FACE('',(#811),#408,.T.);
#8433=ADVANCED_FACE('',(#812),#409,.T.);
#8434=ADVANCED_FACE('',(#813),#410,.T.);
#8435=ADVANCED_FACE('',(#814),#411,.T.);
#8436=ADVANCED_FACE('',(#815),#412,.T.);
#8437=ADVANCED_FACE('',(#816),#413,.T.);
#8438=ADVANCED_FACE('',(#817),#414,.T.);
#8439=ADVANCED_FACE('',(#818),#415,.T.);
#8440=ADVANCED_FACE('',(#819),#416,.T.);
#8441=ADVANCED_FACE('',(#820),#417,.T.);
#8442=ADVANCED_FACE('',(#821),#418,.T.);
#8443=ADVANCED_FACE('',(#822),#419,.T.);
#8444=ADVANCED_FACE('',(#823),#420,.T.);
#8445=ADVANCED_FACE('',(#824),#421,.F.);
#8446=ADVANCED_FACE('',(#825),#422,.F.);
#8447=ADVANCED_FACE('',(#826),#423,.T.);
#8448=ADVANCED_FACE('',(#827),#424,.T.);
#8449=ADVANCED_FACE('',(#828),#425,.T.);
#8450=ADVANCED_FACE('',(#829),#426,.T.);
#8451=ADVANCED_FACE('',(#830),#17,.T.);
#8452=ADVANCED_FACE('',(#831),#427,.T.);
#8453=ADVANCED_FACE('',(#832),#18,.T.);
#8454=ADVANCED_FACE('',(#833),#428,.T.);
#8455=ADVANCED_FACE('',(#834),#19,.F.);
#8456=ADVANCED_FACE('',(#835),#429,.T.);
#8457=ADVANCED_FACE('',(#836),#20,.T.);
#8458=ADVANCED_FACE('',(#837),#430,.T.);
#8459=ADVANCED_FACE('',(#838),#431,.F.);
#8460=ADVANCED_FACE('',(#839),#432,.T.);
#8461=ADVANCED_FACE('',(#840),#433,.T.);
#8462=ADVANCED_FACE('',(#841,#15,#16),#434,.T.);
#8463=ADVANCED_FACE('',(#842),#8057,.T.);
#8464=ADVANCED_FACE('',(#843),#435,.T.);
#8465=ADVANCED_FACE('',(#844),#8058,.T.);
#8466=ADVANCED_FACE('',(#845),#436,.T.);
#8467=ADVANCED_FACE('',(#846),#437,.T.);
#8468=ADVANCED_FACE('',(#847),#8059,.T.);
#8469=ADVANCED_FACE('',(#848),#8060,.F.);
#8470=ADVANCED_FACE('',(#849),#438,.T.);
#8471=ADVANCED_FACE('',(#850),#439,.T.);
#8472=CLOSED_SHELL('',(#8061,#8062,#8063,#8064,#8065,#8066,#8067,#8068,
#8069,#8070,#8071,#8072,#8073,#8074,#8075,#8076,#8077,#8078,#8079,#8080,
#8081,#8082,#8083,#8084,#8085,#8086,#8087,#8088,#8089,#8090,#8091,#8092,
#8093,#8094,#8095,#8096,#8097,#8098,#8099,#8100,#8101,#8102,#8103,#8104,
#8105,#8106,#8107,#8108,#8109,#8110,#8111,#8112,#8113,#8114,#8115,#8116,
#8117,#8118,#8119,#8120,#8121,#8122,#8123,#8124,#8125,#8126,#8127,#8128,
#8129,#8130,#8131,#8132,#8133,#8134,#8135,#8136,#8137,#8138,#8139,#8140,
#8141,#8142,#8143,#8144,#8145,#8146,#8147,#8148,#8149,#8150,#8151,#8152,
#8153,#8154,#8155,#8156,#8157,#8158,#8159,#8160,#8161,#8162,#8163,#8164,
#8165,#8166,#8167,#8168,#8169,#8170,#8171,#8172,#8173,#8174,#8175,#8176,
#8177,#8178,#8179,#8180,#8181,#8182,#8183,#8184,#8185,#8186,#8187,#8188,
#8189,#8190,#8191,#8192,#8193,#8194,#8195,#8196,#8197,#8198,#8199,#8200,
#8201,#8202,#8203,#8204,#8205,#8206,#8207,#8208,#8209,#8210,#8211,#8212,
#8213,#8214,#8215,#8216,#8217,#8218,#8219,#8220,#8221,#8222,#8223,#8224,
#8225,#8226,#8227,#8228,#8229,#8230,#8231,#8232,#8233,#8234,#8235,#8236,
#8237,#8238,#8239,#8240,#8241,#8242,#8243,#8244,#8245,#8246,#8247,#8248,
#8249,#8250,#8251,#8252,#8253,#8254,#8255,#8256,#8257,#8258,#8259,#8260,
#8261,#8262,#8263,#8264,#8265,#8266,#8267,#8268,#8269,#8270,#8271,#8272,
#8273,#8274,#8275,#8276,#8277,#8278,#8279,#8280,#8281,#8282,#8283,#8284,
#8285,#8286,#8287,#8288,#8289,#8290,#8291,#8292,#8293,#8294,#8295,#8296,
#8297,#8298,#8299,#8300,#8301,#8302,#8303,#8304,#8305,#8306,#8307,#8308,
#8309,#8310,#8311,#8312,#8313,#8314,#8315,#8316,#8317,#8318,#8319,#8320,
#8321,#8322,#8323,#8324,#8325,#8326,#8327,#8328,#8329,#8330,#8331,#8332,
#8333,#8334,#8335,#8336,#8337,#8338,#8339,#8340,#8341,#8342,#8343,#8344,
#8345,#8346,#8347,#8348,#8349,#8350,#8351,#8352,#8353,#8354,#8355,#8356,
#8357,#8358,#8359,#8360,#8361,#8362,#8363,#8364,#8365,#8366,#8367,#8368,
#8369,#8370,#8371,#8372,#8373,#8374,#8375,#8376,#8377,#8378,#8379,#8380,
#8381,#8382,#8383,#8384,#8385,#8386,#8387,#8388,#8389,#8390,#8391,#8392,
#8393,#8394,#8395,#8396,#8397,#8398,#8399,#8400,#8401,#8402,#8403,#8404,
#8405,#8406,#8407,#8408,#8409,#8410,#8411,#8412,#8413,#8414,#8415,#8416,
#8417,#8418,#8419,#8420,#8421,#8422,#8423,#8424,#8425,#8426,#8427,#8428,
#8429,#8430,#8431,#8432,#8433,#8434,#8435,#8436,#8437,#8438,#8439,#8440,
#8441,#8442,#8443,#8444,#8445,#8446,#8447,#8448,#8449,#8450,#8451,#8452,
#8453,#8454,#8455,#8456,#8457,#8458,#8459,#8460,#8461,#8462,#8463,#8464,
#8465,#8466,#8467,#8468,#8469,#8470,#8471));
#8473=DERIVED_UNIT_ELEMENT(#8475,1.);
#8474=DERIVED_UNIT_ELEMENT(#13434,-3.);
#8475=(
MASS_UNIT()
NAMED_UNIT(*)
SI_UNIT(.KILO.,.GRAM.)
);
#8476=DERIVED_UNIT((#8473,#8474));
#8477=MEASURE_REPRESENTATION_ITEM('density measure',
POSITIVE_RATIO_MEASURE(7850.),#8476);
#8478=PROPERTY_DEFINITION_REPRESENTATION(#8483,#8480);
#8479=PROPERTY_DEFINITION_REPRESENTATION(#8484,#8481);
#8480=REPRESENTATION('material name',(#8482),#13431);
#8481=REPRESENTATION('density',(#8477),#13431);
#8482=DESCRIPTIVE_REPRESENTATION_ITEM('Steel','Steel');
#8483=PROPERTY_DEFINITION('material property','material name',#13441);
#8484=PROPERTY_DEFINITION('material property','density of part',#13441);
#8485=AXIS2_PLACEMENT_3D('',#11006,#8935,#8936);
#8486=AXIS2_PLACEMENT_3D('',#11007,#8937,#8938);
#8487=AXIS2_PLACEMENT_3D('',#11009,#8939,#8940);
#8488=AXIS2_PLACEMENT_3D('',#11012,#8942,#8943);
#8489=AXIS2_PLACEMENT_3D('',#11013,#8944,#8945);
#8490=AXIS2_PLACEMENT_3D('',#11014,#8946,#8947);
#8491=AXIS2_PLACEMENT_3D('',#11016,#8948,#8949);
#8492=AXIS2_PLACEMENT_3D('',#11019,#8951,#8952);
#8493=AXIS2_PLACEMENT_3D('',#11020,#8953,#8954);
#8494=AXIS2_PLACEMENT_3D('',#11021,#8955,#8956);
#8495=AXIS2_PLACEMENT_3D('',#11024,#8957,#8958);
#8496=AXIS2_PLACEMENT_3D('',#11028,#8960,#8961);
#8497=AXIS2_PLACEMENT_3D('',#11030,#8963,#8964);
#8498=AXIS2_PLACEMENT_3D('',#11034,#8967,#8968);
#8499=AXIS2_PLACEMENT_3D('',#11037,#8969,#8970);
#8500=AXIS2_PLACEMENT_3D('',#11039,#8971,#8972);
#8501=AXIS2_PLACEMENT_3D('',#11041,#8973,#8974);
#8502=AXIS2_PLACEMENT_3D('',#11045,#8976,#8977);
#8503=AXIS2_PLACEMENT_3D('',#11049,#8979,#8980);
#8504=AXIS2_PLACEMENT_3D('',#11051,#8981,#8982);
#8505=AXIS2_PLACEMENT_3D('',#11053,#8983,#8984);
#8506=AXIS2_PLACEMENT_3D('',#11055,#8985,#8986);
#8507=AXIS2_PLACEMENT_3D('',#11057,#8987,#8988);
#8508=AXIS2_PLACEMENT_3D('',#11059,#8989,#8990);
#8509=AXIS2_PLACEMENT_3D('',#11061,#8991,#8992);
#8510=AXIS2_PLACEMENT_3D('',#11063,#8993,#8994);
#8511=AXIS2_PLACEMENT_3D('',#11065,#8995,#8996);
#8512=AXIS2_PLACEMENT_3D('',#11067,#8997,#8998);
#8513=AXIS2_PLACEMENT_3D('',#11069,#8999,#9000);
#8514=AXIS2_PLACEMENT_3D('',#11071,#9001,#9002);
#8515=AXIS2_PLACEMENT_3D('',#11073,#9003,#9004);
#8516=AXIS2_PLACEMENT_3D('',#11075,#9005,#9006);
#8517=AXIS2_PLACEMENT_3D('',#11077,#9007,#9008);
#8518=AXIS2_PLACEMENT_3D('',#11078,#9009,#9010);
#8519=AXIS2_PLACEMENT_3D('',#11079,#9011,#9012);
#8520=AXIS2_PLACEMENT_3D('',#11689,#9318,#9319);
#8521=AXIS2_PLACEMENT_3D('',#11700,#9325,#9326);
#8522=AXIS2_PLACEMENT_3D('',#11709,#9331,#9332);
#8523=AXIS2_PLACEMENT_3D('',#11721,#9339,#9340);
#8524=AXIS2_PLACEMENT_3D('',#11727,#9344,#9345);
#8525=AXIS2_PLACEMENT_3D('',#11733,#9349,#9350);
#8526=AXIS2_PLACEMENT_3D('',#11739,#9354,#9355);
#8527=AXIS2_PLACEMENT_3D('',#11745,#9359,#9360);
#8528=AXIS2_PLACEMENT_3D('',#11751,#9364,#9365);
#8529=AXIS2_PLACEMENT_3D('',#11757,#9369,#9370);
#8530=AXIS2_PLACEMENT_3D('',#11763,#9374,#9375);
#8531=AXIS2_PLACEMENT_3D('',#11769,#9379,#9380);
#8532=AXIS2_PLACEMENT_3D('',#11775,#9384,#9385);
#8533=AXIS2_PLACEMENT_3D('',#11781,#9389,#9390);
#8534=AXIS2_PLACEMENT_3D('',#11787,#9394,#9395);
#8535=AXIS2_PLACEMENT_3D('',#11793,#9399,#9400);
#8536=AXIS2_PLACEMENT_3D('',#11799,#9404,#9405);
#8537=AXIS2_PLACEMENT_3D('',#11805,#9409,#9410);
#8538=AXIS2_PLACEMENT_3D('',#11811,#9414,#9415);
#8539=AXIS2_PLACEMENT_3D('',#11817,#9419,#9420);
#8540=AXIS2_PLACEMENT_3D('',#11823,#9424,#9425);
#8541=AXIS2_PLACEMENT_3D('',#11832,#9430,#9431);
#8542=AXIS2_PLACEMENT_3D('',#11838,#9435,#9436);
#8543=AXIS2_PLACEMENT_3D('',#11844,#9440,#9441);
#8544=AXIS2_PLACEMENT_3D('',#11850,#9445,#9446);
#8545=AXIS2_PLACEMENT_3D('',#11856,#9450,#9451);
#8546=AXIS2_PLACEMENT_3D('',#11862,#9455,#9456);
#8547=AXIS2_PLACEMENT_3D('',#11868,#9460,#9461);
#8548=AXIS2_PLACEMENT_3D('',#11874,#9465,#9466);
#8549=AXIS2_PLACEMENT_3D('',#11880,#9470,#9471);
#8550=AXIS2_PLACEMENT_3D('',#11890,#9477,#9478);
#8551=AXIS2_PLACEMENT_3D('',#11896,#9482,#9483);
#8552=AXIS2_PLACEMENT_3D('',#11900,#9486,#9487);
#8553=AXIS2_PLACEMENT_3D('',#11904,#9490,#9491);
#8554=AXIS2_PLACEMENT_3D('',#11908,#9494,#9495);
#8555=AXIS2_PLACEMENT_3D('',#11912,#9498,#9499);
#8556=AXIS2_PLACEMENT_3D('',#11916,#9502,#9503);
#8557=AXIS2_PLACEMENT_3D('',#11920,#9506,#9507);
#8558=AXIS2_PLACEMENT_3D('',#11924,#9510,#9511);
#8559=AXIS2_PLACEMENT_3D('',#11928,#9514,#9515);
#8560=AXIS2_PLACEMENT_3D('',#11937,#9520,#9521);
#8561=AXIS2_PLACEMENT_3D('',#11943,#9525,#9526);
#8562=AXIS2_PLACEMENT_3D('',#11949,#9530,#9531);
#8563=AXIS2_PLACEMENT_3D('',#11955,#9535,#9536);
#8564=AXIS2_PLACEMENT_3D('',#11961,#9540,#9541);
#8565=AXIS2_PLACEMENT_3D('',#11967,#9545,#9546);
#8566=AXIS2_PLACEMENT_3D('',#11973,#9550,#9551);
#8567=AXIS2_PLACEMENT_3D('',#11979,#9555,#9556);
#8568=AXIS2_PLACEMENT_3D('',#11982,#9559,#9560);
#8569=AXIS2_PLACEMENT_3D('',#11988,#9564,#9565);
#8570=AXIS2_PLACEMENT_3D('',#11994,#9569,#9570);
#8571=AXIS2_PLACEMENT_3D('',#11998,#9573,#9574);
#8572=AXIS2_PLACEMENT_3D('',#12002,#9577,#9578);
#8573=AXIS2_PLACEMENT_3D('',#12006,#9581,#9582);
#8574=AXIS2_PLACEMENT_3D('',#12010,#9585,#9586);
#8575=AXIS2_PLACEMENT_3D('',#12014,#9589,#9590);
#8576=AXIS2_PLACEMENT_3D('',#12018,#9593,#9594);
#8577=AXIS2_PLACEMENT_3D('',#12022,#9597,#9598);
#8578=AXIS2_PLACEMENT_3D('',#12026,#9601,#9602);
#8579=AXIS2_PLACEMENT_3D('',#12030,#9605,#9606);
#8580=AXIS2_PLACEMENT_3D('',#12034,#9609,#9610);
#8581=AXIS2_PLACEMENT_3D('',#12038,#9613,#9614);
#8582=AXIS2_PLACEMENT_3D('',#12042,#9617,#9618);
#8583=AXIS2_PLACEMENT_3D('',#12046,#9621,#9622);
#8584=AXIS2_PLACEMENT_3D('',#12050,#9625,#9626);
#8585=AXIS2_PLACEMENT_3D('',#12054,#9629,#9630);
#8586=AXIS2_PLACEMENT_3D('',#12056,#9632,#9633);
#8587=AXIS2_PLACEMENT_3D('',#12060,#9636,#9637);
#8588=AXIS2_PLACEMENT_3D('',#12066,#9641,#9642);
#8589=AXIS2_PLACEMENT_3D('',#12070,#9645,#9646);
#8590=AXIS2_PLACEMENT_3D('',#12074,#9649,#9650);
#8591=AXIS2_PLACEMENT_3D('',#12078,#9653,#9654);
#8592=AXIS2_PLACEMENT_3D('',#12082,#9657,#9658);
#8593=AXIS2_PLACEMENT_3D('',#12086,#9661,#9662);
#8594=AXIS2_PLACEMENT_3D('',#12090,#9665,#9666);
#8595=AXIS2_PLACEMENT_3D('',#12094,#9669,#9670);
#8596=AXIS2_PLACEMENT_3D('',#12098,#9673,#9674);
#8597=AXIS2_PLACEMENT_3D('',#12102,#9677,#9678);
#8598=AXIS2_PLACEMENT_3D('',#12106,#9681,#9682);
#8599=AXIS2_PLACEMENT_3D('',#12110,#9685,#9686);
#8600=AXIS2_PLACEMENT_3D('',#12114,#9689,#9690);
#8601=AXIS2_PLACEMENT_3D('',#12118,#9693,#9694);
#8602=AXIS2_PLACEMENT_3D('',#12122,#9697,#9698);
#8603=AXIS2_PLACEMENT_3D('',#12126,#9701,#9702);
#8604=AXIS2_PLACEMENT_3D('',#12128,#9704,#9705);
#8605=AXIS2_PLACEMENT_3D('',#12132,#9708,#9709);
#8606=AXIS2_PLACEMENT_3D('',#12138,#9713,#9714);
#8607=AXIS2_PLACEMENT_3D('',#12142,#9717,#9718);
#8608=AXIS2_PLACEMENT_3D('',#12146,#9721,#9722);
#8609=AXIS2_PLACEMENT_3D('',#12150,#9725,#9726);
#8610=AXIS2_PLACEMENT_3D('',#12154,#9729,#9730);
#8611=AXIS2_PLACEMENT_3D('',#12158,#9733,#9734);
#8612=AXIS2_PLACEMENT_3D('',#12162,#9737,#9738);
#8613=AXIS2_PLACEMENT_3D('',#12166,#9741,#9742);
#8614=AXIS2_PLACEMENT_3D('',#12170,#9745,#9746);
#8615=AXIS2_PLACEMENT_3D('',#12174,#9749,#9750);
#8616=AXIS2_PLACEMENT_3D('',#12178,#9753,#9754);
#8617=AXIS2_PLACEMENT_3D('',#12182,#9757,#9758);
#8618=AXIS2_PLACEMENT_3D('',#12186,#9761,#9762);
#8619=AXIS2_PLACEMENT_3D('',#12190,#9765,#9766);
#8620=AXIS2_PLACEMENT_3D('',#12194,#9769,#9770);
#8621=AXIS2_PLACEMENT_3D('',#12198,#9773,#9774);
#8622=AXIS2_PLACEMENT_3D('',#12200,#9776,#9777);
#8623=AXIS2_PLACEMENT_3D('',#12204,#9780,#9781);
#8624=AXIS2_PLACEMENT_3D('',#12210,#9785,#9786);
#8625=AXIS2_PLACEMENT_3D('',#12214,#9789,#9790);
#8626=AXIS2_PLACEMENT_3D('',#12218,#9793,#9794);
#8627=AXIS2_PLACEMENT_3D('',#12222,#9797,#9798);
#8628=AXIS2_PLACEMENT_3D('',#12226,#9801,#9802);
#8629=AXIS2_PLACEMENT_3D('',#12230,#9805,#9806);
#8630=AXIS2_PLACEMENT_3D('',#12234,#9809,#9810);
#8631=AXIS2_PLACEMENT_3D('',#12238,#9813,#9814);
#8632=AXIS2_PLACEMENT_3D('',#12242,#9817,#9818);
#8633=AXIS2_PLACEMENT_3D('',#12246,#9821,#9822);
#8634=AXIS2_PLACEMENT_3D('',#12250,#9825,#9826);
#8635=AXIS2_PLACEMENT_3D('',#12254,#9829,#9830);
#8636=AXIS2_PLACEMENT_3D('',#12258,#9833,#9834);
#8637=AXIS2_PLACEMENT_3D('',#12262,#9837,#9838);
#8638=AXIS2_PLACEMENT_3D('',#12266,#9841,#9842);
#8639=AXIS2_PLACEMENT_3D('',#12270,#9845,#9846);
#8640=AXIS2_PLACEMENT_3D('',#12272,#9848,#9849);
#8641=AXIS2_PLACEMENT_3D('',#12276,#9852,#9853);
#8642=AXIS2_PLACEMENT_3D('',#12282,#9857,#9858);
#8643=AXIS2_PLACEMENT_3D('',#12286,#9861,#9862);
#8644=AXIS2_PLACEMENT_3D('',#12290,#9865,#9866);
#8645=AXIS2_PLACEMENT_3D('',#12294,#9869,#9870);
#8646=AXIS2_PLACEMENT_3D('',#12298,#9873,#9874);
#8647=AXIS2_PLACEMENT_3D('',#12302,#9877,#9878);
#8648=AXIS2_PLACEMENT_3D('',#12306,#9881,#9882);
#8649=AXIS2_PLACEMENT_3D('',#12310,#9885,#9886);
#8650=AXIS2_PLACEMENT_3D('',#12314,#9889,#9890);
#8651=AXIS2_PLACEMENT_3D('',#12318,#9893,#9894);
#8652=AXIS2_PLACEMENT_3D('',#12322,#9897,#9898);
#8653=AXIS2_PLACEMENT_3D('',#12326,#9901,#9902);
#8654=AXIS2_PLACEMENT_3D('',#12330,#9905,#9906);
#8655=AXIS2_PLACEMENT_3D('',#12334,#9909,#9910);
#8656=AXIS2_PLACEMENT_3D('',#12338,#9913,#9914);
#8657=AXIS2_PLACEMENT_3D('',#12342,#9917,#9918);
#8658=AXIS2_PLACEMENT_3D('',#12344,#9920,#9921);
#8659=AXIS2_PLACEMENT_3D('',#12348,#9924,#9925);
#8660=AXIS2_PLACEMENT_3D('',#12354,#9929,#9930);
#8661=AXIS2_PLACEMENT_3D('',#12360,#9934,#9935);
#8662=AXIS2_PLACEMENT_3D('',#12366,#9939,#9940);
#8663=AXIS2_PLACEMENT_3D('',#12372,#9944,#9945);
#8664=AXIS2_PLACEMENT_3D('',#12378,#9949,#9950);
#8665=AXIS2_PLACEMENT_3D('',#12384,#9954,#9955);
#8666=AXIS2_PLACEMENT_3D('',#12390,#9959,#9960);
#8667=AXIS2_PLACEMENT_3D('',#12393,#9963,#9964);
#8668=AXIS2_PLACEMENT_3D('',#12402,#9969,#9970);
#8669=AXIS2_PLACEMENT_3D('',#12408,#9974,#9975);
#8670=AXIS2_PLACEMENT_3D('',#12414,#9979,#9980);
#8671=AXIS2_PLACEMENT_3D('',#12420,#9984,#9985);
#8672=AXIS2_PLACEMENT_3D('',#12426,#9989,#9990);
#8673=AXIS2_PLACEMENT_3D('',#12432,#9994,#9995);
#8674=AXIS2_PLACEMENT_3D('',#12438,#9999,#10000);
#8675=AXIS2_PLACEMENT_3D('',#12441,#10003,#10004);
#8676=AXIS2_PLACEMENT_3D('',#12447,#10008,#10009);
#8677=AXIS2_PLACEMENT_3D('',#12451,#10012,#10013);
#8678=AXIS2_PLACEMENT_3D('',#12455,#10016,#10017);
#8679=AXIS2_PLACEMENT_3D('',#12459,#10020,#10021);
#8680=AXIS2_PLACEMENT_3D('',#12463,#10024,#10025);
#8681=AXIS2_PLACEMENT_3D('',#12467,#10028,#10029);
#8682=AXIS2_PLACEMENT_3D('',#12471,#10032,#10033);
#8683=AXIS2_PLACEMENT_3D('',#12475,#10036,#10037);
#8684=AXIS2_PLACEMENT_3D('',#12477,#10039,#10040);
#8685=AXIS2_PLACEMENT_3D('',#12483,#10044,#10045);
#8686=AXIS2_PLACEMENT_3D('',#12487,#10048,#10049);
#8687=AXIS2_PLACEMENT_3D('',#12491,#10052,#10053);
#8688=AXIS2_PLACEMENT_3D('',#12495,#10056,#10057);
#8689=AXIS2_PLACEMENT_3D('',#12499,#10060,#10061);
#8690=AXIS2_PLACEMENT_3D('',#12503,#10064,#10065);
#8691=AXIS2_PLACEMENT_3D('',#12507,#10068,#10069);
#8692=AXIS2_PLACEMENT_3D('',#12511,#10072,#10073);
#8693=AXIS2_PLACEMENT_3D('',#12515,#10076,#10077);
#8694=AXIS2_PLACEMENT_3D('',#12519,#10080,#10081);
#8695=AXIS2_PLACEMENT_3D('',#12523,#10084,#10085);
#8696=AXIS2_PLACEMENT_3D('',#12527,#10088,#10089);
#8697=AXIS2_PLACEMENT_3D('',#12531,#10092,#10093);
#8698=AXIS2_PLACEMENT_3D('',#12535,#10096,#10097);
#8699=AXIS2_PLACEMENT_3D('',#12539,#10100,#10101);
#8700=AXIS2_PLACEMENT_3D('',#12543,#10104,#10105);
#8701=AXIS2_PLACEMENT_3D('',#12545,#10107,#10108);
#8702=AXIS2_PLACEMENT_3D('',#12549,#10111,#10112);
#8703=AXIS2_PLACEMENT_3D('',#12555,#10116,#10117);
#8704=AXIS2_PLACEMENT_3D('',#12559,#10120,#10121);
#8705=AXIS2_PLACEMENT_3D('',#12563,#10124,#10125);
#8706=AXIS2_PLACEMENT_3D('',#12567,#10128,#10129);
#8707=AXIS2_PLACEMENT_3D('',#12571,#10132,#10133);
#8708=AXIS2_PLACEMENT_3D('',#12575,#10136,#10137);
#8709=AXIS2_PLACEMENT_3D('',#12579,#10140,#10141);
#8710=AXIS2_PLACEMENT_3D('',#12583,#10144,#10145);
#8711=AXIS2_PLACEMENT_3D('',#12587,#10148,#10149);
#8712=AXIS2_PLACEMENT_3D('',#12591,#10152,#10153);
#8713=AXIS2_PLACEMENT_3D('',#12595,#10156,#10157);
#8714=AXIS2_PLACEMENT_3D('',#12599,#10160,#10161);
#8715=AXIS2_PLACEMENT_3D('',#12603,#10164,#10165);
#8716=AXIS2_PLACEMENT_3D('',#12607,#10168,#10169);
#8717=AXIS2_PLACEMENT_3D('',#12609,#10171,#10172);
#8718=AXIS2_PLACEMENT_3D('',#12613,#10175,#10176);
#8719=AXIS2_PLACEMENT_3D('',#12619,#10180,#10181);
#8720=AXIS2_PLACEMENT_3D('',#12623,#10184,#10185);
#8721=AXIS2_PLACEMENT_3D('',#12627,#10188,#10189);
#8722=AXIS2_PLACEMENT_3D('',#12631,#10192,#10193);
#8723=AXIS2_PLACEMENT_3D('',#12635,#10196,#10197);
#8724=AXIS2_PLACEMENT_3D('',#12639,#10200,#10201);
#8725=AXIS2_PLACEMENT_3D('',#12643,#10204,#10205);
#8726=AXIS2_PLACEMENT_3D('',#12647,#10208,#10209);
#8727=AXIS2_PLACEMENT_3D('',#12651,#10212,#10213);
#8728=AXIS2_PLACEMENT_3D('',#12655,#10216,#10217);
#8729=AXIS2_PLACEMENT_3D('',#12659,#10220,#10221);
#8730=AXIS2_PLACEMENT_3D('',#12663,#10224,#10225);
#8731=AXIS2_PLACEMENT_3D('',#12667,#10228,#10229);
#8732=AXIS2_PLACEMENT_3D('',#12671,#10232,#10233);
#8733=AXIS2_PLACEMENT_3D('',#12673,#10235,#10236);
#8734=AXIS2_PLACEMENT_3D('',#12677,#10239,#10240);
#8735=AXIS2_PLACEMENT_3D('',#12683,#10244,#10245);
#8736=AXIS2_PLACEMENT_3D('',#12687,#10248,#10249);
#8737=AXIS2_PLACEMENT_3D('',#12691,#10252,#10253);
#8738=AXIS2_PLACEMENT_3D('',#12695,#10256,#10257);
#8739=AXIS2_PLACEMENT_3D('',#12699,#10260,#10261);
#8740=AXIS2_PLACEMENT_3D('',#12703,#10264,#10265);
#8741=AXIS2_PLACEMENT_3D('',#12707,#10268,#10269);
#8742=AXIS2_PLACEMENT_3D('',#12711,#10272,#10273);
#8743=AXIS2_PLACEMENT_3D('',#12715,#10276,#10277);
#8744=AXIS2_PLACEMENT_3D('',#12719,#10280,#10281);
#8745=AXIS2_PLACEMENT_3D('',#12723,#10284,#10285);
#8746=AXIS2_PLACEMENT_3D('',#12727,#10288,#10289);
#8747=AXIS2_PLACEMENT_3D('',#12731,#10292,#10293);
#8748=AXIS2_PLACEMENT_3D('',#12735,#10296,#10297);
#8749=AXIS2_PLACEMENT_3D('',#12737,#10299,#10300);
#8750=AXIS2_PLACEMENT_3D('',#12741,#10303,#10304);
#8751=AXIS2_PLACEMENT_3D('',#12747,#10308,#10309);
#8752=AXIS2_PLACEMENT_3D('',#12751,#10312,#10313);
#8753=AXIS2_PLACEMENT_3D('',#12755,#10316,#10317);
#8754=AXIS2_PLACEMENT_3D('',#12759,#10320,#10321);
#8755=AXIS2_PLACEMENT_3D('',#12763,#10324,#10325);
#8756=AXIS2_PLACEMENT_3D('',#12767,#10328,#10329);
#8757=AXIS2_PLACEMENT_3D('',#12771,#10332,#10333);
#8758=AXIS2_PLACEMENT_3D('',#12775,#10336,#10337);
#8759=AXIS2_PLACEMENT_3D('',#12779,#10340,#10341);
#8760=AXIS2_PLACEMENT_3D('',#12783,#10344,#10345);
#8761=AXIS2_PLACEMENT_3D('',#12787,#10348,#10349);
#8762=AXIS2_PLACEMENT_3D('',#12791,#10352,#10353);
#8763=AXIS2_PLACEMENT_3D('',#12795,#10356,#10357);
#8764=AXIS2_PLACEMENT_3D('',#12799,#10360,#10361);
#8765=AXIS2_PLACEMENT_3D('',#12801,#10363,#10364);
#8766=AXIS2_PLACEMENT_3D('',#12805,#10367,#10368);
#8767=AXIS2_PLACEMENT_3D('',#12811,#10372,#10373);
#8768=AXIS2_PLACEMENT_3D('',#12815,#10376,#10377);
#8769=AXIS2_PLACEMENT_3D('',#12819,#10380,#10381);
#8770=AXIS2_PLACEMENT_3D('',#12823,#10384,#10385);
#8771=AXIS2_PLACEMENT_3D('',#12827,#10388,#10389);
#8772=AXIS2_PLACEMENT_3D('',#12831,#10392,#10393);
#8773=AXIS2_PLACEMENT_3D('',#12835,#10396,#10397);
#8774=AXIS2_PLACEMENT_3D('',#12839,#10400,#10401);
#8775=AXIS2_PLACEMENT_3D('',#12843,#10404,#10405);
#8776=AXIS2_PLACEMENT_3D('',#12847,#10408,#10409);
#8777=AXIS2_PLACEMENT_3D('',#12851,#10412,#10413);
#8778=AXIS2_PLACEMENT_3D('',#12855,#10416,#10417);
#8779=AXIS2_PLACEMENT_3D('',#12859,#10420,#10421);
#8780=AXIS2_PLACEMENT_3D('',#12863,#10424,#10425);
#8781=AXIS2_PLACEMENT_3D('',#12865,#10427,#10428);
#8782=AXIS2_PLACEMENT_3D('',#12869,#10431,#10432);
#8783=AXIS2_PLACEMENT_3D('',#12875,#10436,#10437);
#8784=AXIS2_PLACEMENT_3D('',#12879,#10440,#10441);
#8785=AXIS2_PLACEMENT_3D('',#12883,#10444,#10445);
#8786=AXIS2_PLACEMENT_3D('',#12887,#10448,#10449);
#8787=AXIS2_PLACEMENT_3D('',#12891,#10452,#10453);
#8788=AXIS2_PLACEMENT_3D('',#12895,#10456,#10457);
#8789=AXIS2_PLACEMENT_3D('',#12899,#10460,#10461);
#8790=AXIS2_PLACEMENT_3D('',#12903,#10464,#10465);
#8791=AXIS2_PLACEMENT_3D('',#12907,#10468,#10469);
#8792=AXIS2_PLACEMENT_3D('',#12911,#10472,#10473);
#8793=AXIS2_PLACEMENT_3D('',#12915,#10476,#10477);
#8794=AXIS2_PLACEMENT_3D('',#12919,#10480,#10481);
#8795=AXIS2_PLACEMENT_3D('',#12923,#10484,#10485);
#8796=AXIS2_PLACEMENT_3D('',#12927,#10488,#10489);
#8797=AXIS2_PLACEMENT_3D('',#12929,#10491,#10492);
#8798=AXIS2_PLACEMENT_3D('',#12933,#10495,#10496);
#8799=AXIS2_PLACEMENT_3D('',#12939,#10500,#10501);
#8800=AXIS2_PLACEMENT_3D('',#12943,#10504,#10505);
#8801=AXIS2_PLACEMENT_3D('',#12947,#10508,#10509);
#8802=AXIS2_PLACEMENT_3D('',#12951,#10512,#10513);
#8803=AXIS2_PLACEMENT_3D('',#12955,#10516,#10517);
#8804=AXIS2_PLACEMENT_3D('',#12959,#10520,#10521);
#8805=AXIS2_PLACEMENT_3D('',#12963,#10524,#10525);
#8806=AXIS2_PLACEMENT_3D('',#12967,#10528,#10529);
#8807=AXIS2_PLACEMENT_3D('',#12971,#10532,#10533);
#8808=AXIS2_PLACEMENT_3D('',#12975,#10536,#10537);
#8809=AXIS2_PLACEMENT_3D('',#12979,#10540,#10541);
#8810=AXIS2_PLACEMENT_3D('',#12983,#10544,#10545);
#8811=AXIS2_PLACEMENT_3D('',#12987,#10548,#10549);
#8812=AXIS2_PLACEMENT_3D('',#12991,#10552,#10553);
#8813=AXIS2_PLACEMENT_3D('',#12993,#10555,#10556);
#8814=AXIS2_PLACEMENT_3D('',#12997,#10559,#10560);
#8815=AXIS2_PLACEMENT_3D('',#13003,#10564,#10565);
#8816=AXIS2_PLACEMENT_3D('',#13007,#10568,#10569);
#8817=AXIS2_PLACEMENT_3D('',#13011,#10572,#10573);
#8818=AXIS2_PLACEMENT_3D('',#13015,#10576,#10577);
#8819=AXIS2_PLACEMENT_3D('',#13019,#10580,#10581);
#8820=AXIS2_PLACEMENT_3D('',#13023,#10584,#10585);
#8821=AXIS2_PLACEMENT_3D('',#13027,#10588,#10589);
#8822=AXIS2_PLACEMENT_3D('',#13031,#10592,#10593);
#8823=AXIS2_PLACEMENT_3D('',#13035,#10596,#10597);
#8824=AXIS2_PLACEMENT_3D('',#13039,#10600,#10601);
#8825=AXIS2_PLACEMENT_3D('',#13043,#10604,#10605);
#8826=AXIS2_PLACEMENT_3D('',#13047,#10608,#10609);
#8827=AXIS2_PLACEMENT_3D('',#13051,#10612,#10613);
#8828=AXIS2_PLACEMENT_3D('',#13055,#10616,#10617);
#8829=AXIS2_PLACEMENT_3D('',#13057,#10619,#10620);
#8830=AXIS2_PLACEMENT_3D('',#13061,#10623,#10624);
#8831=AXIS2_PLACEMENT_3D('',#13067,#10628,#10629);
#8832=AXIS2_PLACEMENT_3D('',#13071,#10632,#10633);
#8833=AXIS2_PLACEMENT_3D('',#13075,#10636,#10637);
#8834=AXIS2_PLACEMENT_3D('',#13079,#10640,#10641);
#8835=AXIS2_PLACEMENT_3D('',#13083,#10644,#10645);
#8836=AXIS2_PLACEMENT_3D('',#13087,#10648,#10649);
#8837=AXIS2_PLACEMENT_3D('',#13091,#10652,#10653);
#8838=AXIS2_PLACEMENT_3D('',#13095,#10656,#10657);
#8839=AXIS2_PLACEMENT_3D('',#13099,#10660,#10661);
#8840=AXIS2_PLACEMENT_3D('',#13103,#10664,#10665);
#8841=AXIS2_PLACEMENT_3D('',#13107,#10668,#10669);
#8842=AXIS2_PLACEMENT_3D('',#13111,#10672,#10673);
#8843=AXIS2_PLACEMENT_3D('',#13115,#10676,#10677);
#8844=AXIS2_PLACEMENT_3D('',#13119,#10680,#10681);
#8845=AXIS2_PLACEMENT_3D('',#13121,#10683,#10684);
#8846=AXIS2_PLACEMENT_3D('',#13125,#10687,#10688);
#8847=AXIS2_PLACEMENT_3D('',#13131,#10692,#10693);
#8848=AXIS2_PLACEMENT_3D('',#13135,#10696,#10697);
#8849=AXIS2_PLACEMENT_3D('',#13139,#10700,#10701);
#8850=AXIS2_PLACEMENT_3D('',#13143,#10704,#10705);
#8851=AXIS2_PLACEMENT_3D('',#13147,#10708,#10709);
#8852=AXIS2_PLACEMENT_3D('',#13151,#10712,#10713);
#8853=AXIS2_PLACEMENT_3D('',#13155,#10716,#10717);
#8854=AXIS2_PLACEMENT_3D('',#13159,#10720,#10721);
#8855=AXIS2_PLACEMENT_3D('',#13163,#10724,#10725);
#8856=AXIS2_PLACEMENT_3D('',#13167,#10728,#10729);
#8857=AXIS2_PLACEMENT_3D('',#13171,#10732,#10733);
#8858=AXIS2_PLACEMENT_3D('',#13175,#10736,#10737);
#8859=AXIS2_PLACEMENT_3D('',#13179,#10740,#10741);
#8860=AXIS2_PLACEMENT_3D('',#13183,#10744,#10745);
#8861=AXIS2_PLACEMENT_3D('',#13185,#10747,#10748);
#8862=AXIS2_PLACEMENT_3D('',#13189,#10751,#10752);
#8863=AXIS2_PLACEMENT_3D('',#13191,#10754,#10755);
#8864=AXIS2_PLACEMENT_3D('',#13195,#10758,#10759);
#8865=AXIS2_PLACEMENT_3D('',#13197,#10761,#10762);
#8866=AXIS2_PLACEMENT_3D('',#13199,#10764,#10765);
#8867=AXIS2_PLACEMENT_3D('',#13201,#10767,#10768);
#8868=AXIS2_PLACEMENT_3D('',#13203,#10770,#10771);
#8869=AXIS2_PLACEMENT_3D('',#13205,#10773,#10774);
#8870=AXIS2_PLACEMENT_3D('',#13207,#10776,#10777);
#8871=AXIS2_PLACEMENT_3D('',#13209,#10779,#10780);
#8872=AXIS2_PLACEMENT_3D('',#13211,#10782,#10783);
#8873=AXIS2_PLACEMENT_3D('',#13213,#10785,#10786);
#8874=AXIS2_PLACEMENT_3D('',#13215,#10788,#10789);
#8875=AXIS2_PLACEMENT_3D('',#13217,#10791,#10792);
#8876=AXIS2_PLACEMENT_3D('',#13219,#10794,#10795);
#8877=AXIS2_PLACEMENT_3D('',#13221,#10797,#10798);
#8878=AXIS2_PLACEMENT_3D('',#13223,#10800,#10801);
#8879=AXIS2_PLACEMENT_3D('',#13227,#10804,#10805);
#8880=AXIS2_PLACEMENT_3D('',#13236,#10810,#10811);
#8881=AXIS2_PLACEMENT_3D('',#13245,#10816,#10817);
#8882=AXIS2_PLACEMENT_3D('',#13256,#10825,#10826);
#8883=AXIS2_PLACEMENT_3D('',#13265,#10831,#10832);
#8884=AXIS2_PLACEMENT_3D('',#13274,#10837,#10838);
#8885=AXIS2_PLACEMENT_3D('',#13278,#10841,#10842);
#8886=AXIS2_PLACEMENT_3D('',#13280,#10844,#10845);
#8887=AXIS2_PLACEMENT_3D('',#13281,#10846,#10847);
#8888=AXIS2_PLACEMENT_3D('',#13283,#10849,#10850);
#8889=AXIS2_PLACEMENT_3D('',#13285,#10852,#10853);
#8890=AXIS2_PLACEMENT_3D('',#13291,#10857,#10858);
#8891=AXIS2_PLACEMENT_3D('',#13297,#10862,#10863);
#8892=AXIS2_PLACEMENT_3D('',#13300,#10866,#10867);
#8893=AXIS2_PLACEMENT_3D('',#13306,#10871,#10872);
#8894=AXIS2_PLACEMENT_3D('',#13309,#10875,#10876);
#8895=AXIS2_PLACEMENT_3D('',#13315,#10880,#10881);
#8896=AXIS2_PLACEMENT_3D('',#13318,#10884,#10885);
#8897=AXIS2_PLACEMENT_3D('',#13321,#10888,#10889);
#8898=AXIS2_PLACEMENT_3D('',#13323,#10891,#10892);
#8899=AXIS2_PLACEMENT_3D('',#13325,#10894,#10895);
#8900=AXIS2_PLACEMENT_3D('',#13329,#10898,#10899);
#8901=AXIS2_PLACEMENT_3D('',#13335,#10903,#10904);
#8902=AXIS2_PLACEMENT_3D('',#13344,#10909,#10910);
#8903=AXIS2_PLACEMENT_3D('',#13348,#10912,#10913);
#8904=AXIS2_PLACEMENT_3D('',#13349,#10914,#10915);
#8905=AXIS2_PLACEMENT_3D('',#13350,#10916,#10917);
#8906=AXIS2_PLACEMENT_3D('',#13356,#10921,#10922);
#8907=AXIS2_PLACEMENT_3D('',#13360,#10924,#10925);
#8908=AXIS2_PLACEMENT_3D('',#13361,#10926,#10927);
#8909=AXIS2_PLACEMENT_3D('',#13362,#10928,#10929);
#8910=AXIS2_PLACEMENT_3D('',#13365,#10932,#10933);
#8911=AXIS2_PLACEMENT_3D('',#13367,#10934,#10935);
#8912=AXIS2_PLACEMENT_3D('',#13370,#10937,#10938);
#8913=AXIS2_PLACEMENT_3D('',#13371,#10939,#10940);
#8914=AXIS2_PLACEMENT_3D('',#13377,#10944,#10945);
#8915=AXIS2_PLACEMENT_3D('',#13381,#10947,#10948);
#8916=AXIS2_PLACEMENT_3D('',#13382,#10949,#10950);
#8917=AXIS2_PLACEMENT_3D('',#13383,#10951,#10952);
#8918=AXIS2_PLACEMENT_3D('',#13386,#10955,#10956);
#8919=AXIS2_PLACEMENT_3D('',#13388,#10958,#10959);
#8920=AXIS2_PLACEMENT_3D('',#13390,#10961,#10962);
#8921=AXIS2_PLACEMENT_3D('',#13394,#10965,#10966);
#8922=AXIS2_PLACEMENT_3D('',#13396,#10967,#10968);
#8923=AXIS2_PLACEMENT_3D('',#13400,#10970,#10971);
#8924=AXIS2_PLACEMENT_3D('',#13406,#10974,#10975);
#8925=AXIS2_PLACEMENT_3D('',#13410,#10977,#10978);
#8926=AXIS2_PLACEMENT_3D('',#13412,#10980,#10981);
#8927=AXIS2_PLACEMENT_3D('',#13415,#10984,#10985);
#8928=AXIS2_PLACEMENT_3D('',#13417,#10987,#10988);
#8929=AXIS2_PLACEMENT_3D('',#13419,#10990,#10991);
#8930=AXIS2_PLACEMENT_3D('',#13421,#10993,#10994);
#8931=AXIS2_PLACEMENT_3D('',#13423,#10996,#10997);
#8932=AXIS2_PLACEMENT_3D('',#13425,#10999,#11000);
#8933=AXIS2_PLACEMENT_3D('',#13427,#11002,#11003);
#8934=AXIS2_PLACEMENT_3D('',#13428,#11004,#11005);
#8935=DIRECTION('axis',(0.,0.,1.));
#8936=DIRECTION('refdir',(1.,0.,0.));
#8937=DIRECTION('center_axis',(0.,-1.,0.));
#8938=DIRECTION('ref_axis',(-1.,0.,0.));
#8939=DIRECTION('center_axis',(0.,-1.,0.));
#8940=DIRECTION('ref_axis',(-1.,0.,0.));
#8941=DIRECTION('',(0.,-1.,0.));
#8942=DIRECTION('center_axis',(0.,-1.,0.));
#8943=DIRECTION('ref_axis',(-1.,0.,0.));
#8944=DIRECTION('center_axis',(0.,1.,0.));
#8945=DIRECTION('ref_axis',(-1.,0.,0.));
#8946=DIRECTION('center_axis',(0.,-1.,0.));
#8947=DIRECTION('ref_axis',(-1.,0.,0.));
#8948=DIRECTION('center_axis',(0.,-1.,0.));
#8949=DIRECTION('ref_axis',(-1.,0.,0.));
#8950=DIRECTION('',(0.,-1.,0.));
#8951=DIRECTION('center_axis',(0.,-1.,0.));
#8952=DIRECTION('ref_axis',(-1.,0.,0.));
#8953=DIRECTION('center_axis',(0.,1.,0.));
#8954=DIRECTION('ref_axis',(-1.,0.,0.));
#8955=DIRECTION('center_axis',(0.707106781186551,0.707106781186544,0.));
#8956=DIRECTION('ref_axis',(-0.499999999999989,0.500000000000021,-0.70710678118654));
#8957=DIRECTION('center_axis',(0.,-1.,0.));
#8958=DIRECTION('ref_axis',(-1.,-3.46944695195363E-17,9.81307786677355E-17));
#8959=DIRECTION('',(0.707106781186551,0.707106781186544,0.));
#8960=DIRECTION('center_axis',(1.,0.,0.));
#8961=DIRECTION('ref_axis',(-3.46944695195366E-17,1.,9.81307786677364E-17));
#8962=DIRECTION('',(-0.707106781186551,-0.707106781186544,0.));
#8963=DIRECTION('center_axis',(0.,0.,1.));
#8964=DIRECTION('ref_axis',(1.,0.,0.));
#8965=DIRECTION('',(1.,0.,0.));
#8966=DIRECTION('',(0.,1.,0.));
#8967=DIRECTION('center_axis',(1.,0.,0.));
#8968=DIRECTION('ref_axis',(0.,-0.707106781186554,-0.707106781186541));
#8969=DIRECTION('center_axis',(-0.546453677479215,0.83748933030185,0.));
#8970=DIRECTION('ref_axis',(-0.83748933030185,-0.546453677479215,-3.79178409142821E-17));
#8971=DIRECTION('center_axis',(-0.41266336144904,0.91088360953394,0.));
#8972=DIRECTION('ref_axis',(-0.91088360953394,-0.41266336144904,-2.86342728312461E-17));
#8973=DIRECTION('center_axis',(-0.342021103631746,0.939692271262525,0.));
#8974=DIRECTION('ref_axis',(-0.939692271262525,-0.342021103631746,-2.37324815099795E-17));
#8975=DIRECTION('',(1.,0.,0.));
#8976=DIRECTION('center_axis',(1.,0.,0.));
#8977=DIRECTION('ref_axis',(0.,-0.707106781186554,-0.707106781186541));
#8978=DIRECTION('',(-1.,0.,0.));
#8979=DIRECTION('center_axis',(-0.342021103631746,-0.939692271262525,0.));
#8980=DIRECTION('ref_axis',(0.939692271262525,-0.342021103631746,-2.37324815099795E-17));
#8981=DIRECTION('center_axis',(-0.41266336144904,-0.91088360953394,0.));
#8982=DIRECTION('ref_axis',(0.91088360953394,-0.41266336144904,-2.86342728312461E-17));
#8983=DIRECTION('center_axis',(-0.546471214354234,-0.837477887398951,0.));
#8984=DIRECTION('ref_axis',(0.837477887398951,-0.546471214354234,-3.79190577794337E-17));
#8985=DIRECTION('center_axis',(-0.667537607311569,-0.744576082630074,0.));
#8986=DIRECTION('ref_axis',(0.744576082630074,-0.667537607311569,-4.63197263400306E-17));
#8987=DIRECTION('center_axis',(-0.772985489115646,-0.634423701966317,0.));
#8988=DIRECTION('ref_axis',(0.634423701966317,-0.772985489115646,-5.3636642982333E-17));
#8989=DIRECTION('center_axis',(-0.860531055086119,-0.509397981182073,0.));
#8990=DIRECTION('ref_axis',(0.509397981182073,-0.860531055086119,-5.97113369225992E-17));
#8991=DIRECTION('center_axis',(-0.927992627845045,-0.372598554298386,0.));
#8992=DIRECTION('ref_axis',(0.372598554298386,-0.927992627845045,2.57569695528993E-16));
#8993=DIRECTION('center_axis',(-0.973874950244476,-0.227084964905911,0.));
#8994=DIRECTION('ref_axis',(0.227084964905911,-0.973874950244476,-6.75761495541935E-16));
#8995=DIRECTION('center_axis',(-0.997086168218245,-0.0762835050837249,0.));
#8996=DIRECTION('ref_axis',(0.0762835050837249,-0.997086168218244,-6.01924736685822E-15));
#8997=DIRECTION('center_axis',(-1.,0.,0.));
#8998=DIRECTION('ref_axis',(0.,-0.707106781186554,-0.707106781186541));
#8999=DIRECTION('center_axis',(-0.997085586148979,0.0762911128110479,0.));
#9000=DIRECTION('ref_axis',(-0.0762911128110479,-0.997085586148979,8.85589900211573E-15));
#9001=DIRECTION('center_axis',(-0.973880107043286,0.227062848360001,0.));
#9002=DIRECTION('ref_axis',(-0.227062848360001,-0.973880107043286,-6.75765073789918E-16));
#9003=DIRECTION('center_axis',(-0.927992627845045,0.372598554298386,0.));
#9004=DIRECTION('ref_axis',(-0.372598554298386,-0.927992627845045,2.57569695528993E-16));
#9005=DIRECTION('center_axis',(-0.860531055086119,0.509397981182073,0.));
#9006=DIRECTION('ref_axis',(-0.509397981182073,-0.860531055086119,-5.97113369225992E-17));
#9007=DIRECTION('center_axis',(-0.772995552923752,0.634411439966291,0.));
#9008=DIRECTION('ref_axis',(-0.634411439966291,-0.772995552923752,-5.36373412993002E-17));
#9009=DIRECTION('center_axis',(-0.667537607311569,0.744576082630074,0.));
#9010=DIRECTION('ref_axis',(-0.744576082630074,-0.667537607311569,-4.63197263400306E-17));
#9011=DIRECTION('center_axis',(0.,0.,1.));
#9012=DIRECTION('ref_axis',(1.,0.,0.));
#9013=DIRECTION('',(0.,1.,0.));
#9014=DIRECTION('',(1.,0.,0.));
#9015=DIRECTION('',(0.,1.,0.));
#9016=DIRECTION('',(0.939692798940784,-0.342019653848775,0.));
#9017=DIRECTION('',(0.910846012704375,-0.412746339948087,0.));
#9018=DIRECTION('',(0.83748933030185,-0.546453677479215,0.));
#9019=DIRECTION('',(0.74458850968738,-0.667523745825964,0.));
#9020=DIRECTION('',(0.634399178280622,-0.773005616148338,0.));
#9021=DIRECTION('',(0.509419901663822,-0.860518078711204,0.));
#9022=DIRECTION('',(0.372581263477106,-0.92799957010001,0.));
#9023=DIRECTION('',(0.227073906109068,-0.97387752883223,0.));
#9024=DIRECTION('',(0.0762911128110479,-0.997085586148978,0.));
#9025=DIRECTION('',(0.,1.,0.));
#9026=DIRECTION('',(0.0762835050837249,0.997086168218244,0.));
#9027=DIRECTION('',(0.227084964905911,0.973874950244476,0.));
#9028=DIRECTION('',(0.372598554298386,0.927992627845045,0.));
#9029=DIRECTION('',(0.509397981182073,0.860531055086119,0.));
#9030=DIRECTION('',(0.634423701966317,0.772985489115646,0.));
#9031=DIRECTION('',(0.744563655729539,0.667551468103145,0.));
#9032=DIRECTION('',(0.83748933030185,0.546453677479215,0.));
#9033=DIRECTION('',(0.91088360953394,0.41266336144904,0.));
#9034=DIRECTION('',(0.939692271262525,0.342021103631746,0.));
#9035=DIRECTION('',(0.,1.,0.));
#9036=DIRECTION('',(0.939692271262525,-0.342021103631746,0.));
#9037=DIRECTION('',(0.91088360953394,-0.41266336144904,0.));
#9038=DIRECTION('',(0.837477887398951,-0.546471214354234,0.));
#9039=DIRECTION('',(0.744576082630074,-0.667537607311568,0.));
#9040=DIRECTION('',(0.634423701966317,-0.772985489115646,0.));
#9041=DIRECTION('',(0.509397981182073,-0.860531055086119,0.));
#9042=DIRECTION('',(0.372598554298386,-0.927992627845045,0.));
#9043=DIRECTION('',(0.227084964905911,-0.973874950244476,0.));
#9044=DIRECTION('',(0.0762835050837249,-0.997086168218244,0.));
#9045=DIRECTION('',(0.,1.,0.));
#9046=DIRECTION('',(0.0762911128110479,0.997085586148978,0.));
#9047=DIRECTION('',(0.227062848360001,0.973880107043287,0.));
#9048=DIRECTION('',(0.372598554298386,0.927992627845045,0.));
#9049=DIRECTION('',(0.509397981182073,0.860531055086119,0.));
#9050=DIRECTION('',(0.634411439966291,0.772995552923752,0.));
#9051=DIRECTION('',(0.744576082630074,0.667537607311568,0.));
#9052=DIRECTION('',(0.83748933030185,0.546453677479215,0.));
#9053=DIRECTION('',(0.91088360953394,0.41266336144904,0.));
#9054=DIRECTION('',(0.939692271262525,0.342021103631746,0.));
#9055=DIRECTION('',(0.,1.,0.));
#9056=DIRECTION('',(0.939692930860091,-0.342019291402651,0.));
#9057=DIRECTION('',(0.910846012704375,-0.412746339948087,0.));
#9058=DIRECTION('',(0.837477887398951,-0.546471214354234,0.));
#9059=DIRECTION('',(0.744625791799749,-0.667482157204668,0.));
#9060=DIRECTION('',(0.634374655852353,-0.7730257408471,0.));
#9061=DIRECTION('',(0.509397981182073,-0.860531055086119,0.));
#9062=DIRECTION('',(0.372598554298386,-0.927992627845045,0.));
#9063=DIRECTION('',(0.227079435376509,-0.973876239585445,0.));
#9064=DIRECTION('',(0.0762844559669058,-0.997086095469109,0.));
#9065=DIRECTION('',(0.,1.,0.));
#9066=DIRECTION('',(0.0762835050837249,0.997086168218244,0.));
#9067=DIRECTION('',(0.227084964905911,0.973874950244476,0.));
#9068=DIRECTION('',(0.372563974131224,0.928006511388551,0.));
#9069=DIRECTION('',(0.509436343046274,0.860508345330618,0.));
#9070=DIRECTION('',(0.634380786341536,0.773020709891199,0.));
#9071=DIRECTION('',(0.744619578016404,0.667489089075374,0.));
#9072=DIRECTION('',(0.837437836809774,0.546532587756089,0.));
#9073=DIRECTION('',(0.91088360953394,0.41266336144904,0.));
#9074=DIRECTION('',(0.939692337222397,0.342020922409008,0.));
#9075=DIRECTION('',(0.,1.,0.));
#9076=DIRECTION('',(0.93969286490045,-0.342019472625732,0.));
#9077=DIRECTION('',(0.910846012704375,-0.412746339948087,0.));
#9078=DIRECTION('',(0.837483608857216,-0.54646244600658,0.));
#9079=DIRECTION('',(0.744619578016404,-0.667489089075374,0.));
#9080=DIRECTION('',(0.634374655852353,-0.7730257408471,0.));
#9081=DIRECTION('',(0.509403461156638,-0.860527811149435,0.));
#9082=DIRECTION('',(0.372594231454738,-0.927994363499398,0.));
#9083=DIRECTION('',(0.227082200108463,-0.973875594926734,0.));
#9084=DIRECTION('',(0.0762844559669058,-0.997086095469109,0.));
#9085=DIRECTION('',(0.,1.,0.));
#9086=DIRECTION('',(0.0762835050837249,0.997086168218244,0.));
#9087=DIRECTION('',(0.227084964905911,0.973874950244476,0.));
#9088=DIRECTION('',(0.372559652025265,0.928008246559703,0.));
#9089=DIRECTION('',(0.509441823701605,0.860505100660991,0.));
#9090=DIRECTION('',(0.634374655852353,0.7730257408471,0.));
#9091=DIRECTION('',(0.744625791799749,0.667482157204668,0.));
#9092=DIRECTION('',(0.837483608857216,0.54646244600658,0.));
#9093=DIRECTION('',(0.910846012704375,0.412746339948087,0.));
#9094=DIRECTION('',(0.93969283192062,0.342019563237259,0.));
#9095=DIRECTION('',(0.,1.,0.));
#9096=DIRECTION('',(0.939692798940784,-0.342019653848775,0.));
#9097=DIRECTION('',(0.910848362636746,-0.412741154092925,0.));
#9098=DIRECTION('',(0.837483608857216,-0.54646244600658,0.));
#9099=DIRECTION('',(0.74462268490318,-0.667485623161713,0.));
#9100=DIRECTION('',(0.634374655852353,-0.7730257408471,0.));
#9101=DIRECTION('',(0.509441823701605,-0.860505100660991,0.));
#9102=DIRECTION('',(0.372561813066719,-0.928007378981675,0.));
#9103=DIRECTION('',(0.227083582499001,-0.973875272588548,0.));
#9104=DIRECTION('',(0.0762837428023042,-0.997086150031216,0.));
#9105=DIRECTION('',(0.,1.,0.));
#9106=DIRECTION('',(0.0762835050837249,0.997086168218244,0.));
#9107=DIRECTION('',(0.227083582499001,0.973875272588548,0.));
#9108=DIRECTION('',(0.372562893596091,0.928006945187,0.));
#9109=DIRECTION('',(0.509440453528654,0.860505911838216,0.));
#9110=DIRECTION('',(0.634376188467281,0.773024483121799,0.));
#9111=DIRECTION('',(0.744621131458567,0.667487356123967,0.));
#9112=DIRECTION('',(0.837483608857216,0.54646244600658,0.));
#9113=DIRECTION('',(0.910848362636746,0.412741154092925,0.));
#9114=DIRECTION('',(0.939692823675662,0.342019585890139,0.));
#9115=DIRECTION('',(0.,1.,0.));
#9116=DIRECTION('',(0.93969253510186,-0.342020378740566,0.));
#9117=DIRECTION('',(0.906303027602397,-0.422628468230347,0.));
#9118=DIRECTION('',(0.819124213181713,-0.573616181239197,0.));
#9119=DIRECTION('',(0.70713960854536,-0.707073952303658,0.));
#9120=DIRECTION('',(0.573607748987599,-0.819130118052914,0.));
#9121=DIRECTION('',(0.422598525877343,-0.906316989759265,0.));
#9122=DIRECTION('',(0.25880827789406,-0.96592871128956,0.));
#9123=DIRECTION('',(0.0871560910325016,-0.996194667620709,0.));
#9124=DIRECTION('',(0.,1.,0.));
#9125=DIRECTION('',(0.0871560910325016,0.996194667620709,0.));
#9126=DIRECTION('',(0.25880827789406,0.96592871128956,0.));
#9127=DIRECTION('',(0.422632054118292,0.906301355417586,0.));
#9128=DIRECTION('',(0.573566618802653,0.819158918522708,0.));
#9129=DIRECTION('',(0.70713960854536,0.707073952303658,0.));
#9130=DIRECTION('',(0.819124213181713,0.573616181239197,0.));
#9131=DIRECTION('',(0.906303027602397,0.422628468230347,0.));
#9132=DIRECTION('',(0.939693062779296,0.342018928956374,0.));
#9133=DIRECTION('',(0.,1.,0.));
#9134=DIRECTION('',(0.93969253510186,-0.342020378740566,0.));
#9135=DIRECTION('',(0.906303027602397,-0.422628468230347,0.));
#9136=DIRECTION('',(0.819165342541953,-0.57355744400899,0.));
#9137=DIRECTION('',(0.707095839072252,-0.707117723131522,0.));
#9138=DIRECTION('',(0.573607748987599,-0.819130118052914,0.));
#9139=DIRECTION('',(0.422598525877343,-0.906316989759265,0.));
#9140=DIRECTION('',(0.258830162129536,-0.96592284742209,0.));
#9141=DIRECTION('',(0.0871484911622,-0.996195332496671,0.));
#9142=DIRECTION('',(0.,1.,0.));
#9143=DIRECTION('',(0.0871560910325016,0.996194667620709,0.));
#9144=DIRECTION('',(0.25880827789406,0.96592871128956,0.));
#9145=DIRECTION('',(0.422632054118292,0.906301355417586,0.));
#9146=DIRECTION('',(0.573566618802653,0.819158918522708,0.));
#9147=DIRECTION('',(0.707095839072252,0.707117723131522,0.));
#9148=DIRECTION('',(0.819165342541953,0.57355744400899,0.));
#9149=DIRECTION('',(0.906303027602397,0.422628468230347,0.));
#9150=DIRECTION('',(0.93969253510186,0.342020378740566,0.));
#9151=DIRECTION('',(0.,1.,0.));
#9152=DIRECTION('',(0.93969253510186,-0.342020378740566,0.));
#9153=DIRECTION('',(0.906303027602397,-0.422628468230347,0.));
#9154=DIRECTION('',(0.819206471819986,-0.573498697930737,0.));
#9155=DIRECTION('',(0.70705207230849,-0.707161485832105,0.));
#9156=DIRECTION('',(0.573607748987599,-0.819130118052914,0.));
#9157=DIRECTION('',(0.422632054118292,-0.906301355417586,0.));
#9158=DIRECTION('',(0.25880827789406,-0.96592871128956,0.));
#9159=DIRECTION('',(0.0871484911622,-0.996195332496671,0.));
#9160=DIRECTION('',(0.,1.,0.));
#9161=DIRECTION('',(0.0871560910325016,0.996194667620709,0.));
#9162=DIRECTION('',(0.258830162129536,0.96592284742209,0.));
#9163=DIRECTION('',(0.422598525877343,0.906316989759265,0.));
#9164=DIRECTION('',(0.573566618802653,0.819158918522708,0.));
#9165=DIRECTION('',(0.70713960854536,0.707073952303658,0.));
#9166=DIRECTION('',(0.819124213181713,0.573616181239197,0.));
#9167=DIRECTION('',(0.906303027602397,0.422628468230347,0.));
#9168=DIRECTION('',(0.93969253510186,0.342020378740566,0.));
#9169=DIRECTION('',(0.,1.,0.));
#9170=DIRECTION('',(0.93969253510186,-0.342020378740566,0.));
#9171=DIRECTION('',(0.906336555226962,-0.422556562674543,0.));
#9172=DIRECTION('',(0.819124213181713,-0.573616181239197,0.));
#9173=DIRECTION('',(0.707095839072252,-0.707117723131522,0.));
#9174=DIRECTION('',(0.573566618802653,-0.819158918522708,0.));
#9175=DIRECTION('',(0.422632054118292,-0.906301355417586,0.));
#9176=DIRECTION('',(0.258830162129536,-0.96592284742209,0.));
#9177=DIRECTION('',(0.0871560910325016,-0.996194667620709,0.));
#9178=DIRECTION('',(0.,1.,0.));
#9179=DIRECTION('',(0.0871560910325016,0.996194667620709,0.));
#9180=DIRECTION('',(0.258830162129536,0.96592284742209,0.));
#9181=DIRECTION('',(0.422598525877343,0.906316989759265,0.));
#9182=DIRECTION('',(0.573566618802653,0.819158918522708,0.));
#9183=DIRECTION('',(0.70713960854536,0.707073952303658,0.));
#9184=DIRECTION('',(0.819124213181713,0.573616181239197,0.));
#9185=DIRECTION('',(0.906336555226962,0.422556562674543,0.));
#9186=DIRECTION('',(0.93969253510186,0.342020378740566,0.));
#9187=DIRECTION('',(0.,1.,0.));
#9188=DIRECTION('',(0.93969253510186,-0.342020378740566,0.));
#9189=DIRECTION('',(0.906336555226962,-0.422556562674543,0.));
#9190=DIRECTION('',(0.819124213181713,-0.573616181239197,0.));
#9191=DIRECTION('',(0.70713960854536,-0.707073952303658,0.));
#9192=DIRECTION('',(0.573525493070075,-0.8191877127977,0.));
#9193=DIRECTION('',(0.422632054118292,-0.906301355417586,0.));
#9194=DIRECTION('',(0.258830162129536,-0.96592284742209,0.));
#9195=DIRECTION('',(0.0871560910325016,-0.996194667620709,0.));
#9196=DIRECTION('',(0.,1.,0.));
#9197=DIRECTION('',(0.0871560910325016,0.996194667620709,0.));
#9198=DIRECTION('',(0.258830162129536,0.96592284742209,0.));
#9199=DIRECTION('',(0.422632054118292,0.906301355417586,0.));
#9200=DIRECTION('',(0.573566618802653,0.819158918522708,0.));
#9201=DIRECTION('',(0.707095839072252,0.707117723131522,0.));
#9202=DIRECTION('',(0.819124213181713,0.573616181239197,0.));
#9203=DIRECTION('',(0.906336555226962,0.422556562674543,0.));
#9204=DIRECTION('',(0.939692271262525,0.342021103631746,0.));
#9205=DIRECTION('',(0.,1.,0.));
#9206=DIRECTION('',(0.93969253510186,-0.342020378740566,0.));
#9207=DIRECTION('',(0.906319791817711,-0.42259251644995,0.));
#9208=DIRECTION('',(0.819124213181713,-0.573616181239197,0.));
#9209=DIRECTION('',(0.707117723470169,-0.707095838733594,0.));
#9210=DIRECTION('',(0.573566618802653,-0.819158918522708,0.));
#9211=DIRECTION('',(0.422632054118292,-0.906301355417586,0.));
#9212=DIRECTION('',(0.258819219565804,-0.965925779541756,0.));
#9213=DIRECTION('',(0.0871560910325016,-0.996194667620709,0.));
#9214=DIRECTION('',(0.,1.,0.));
#9215=DIRECTION('',(0.0871560910325016,0.996194667620709,0.));
#9216=DIRECTION('',(0.258819219565804,0.965925779541756,0.));
#9217=DIRECTION('',(0.422615289405123,0.906309173053558,0.));
#9218=DIRECTION('',(0.573587183338559,0.819144519062258,0.));
#9219=DIRECTION('',(0.707073955351671,0.70713960549763,0.));
#9220=DIRECTION('',(0.819165342541953,0.57355744400899,0.));
#9221=DIRECTION('',(0.906319791817711,0.42259251644995,0.));
#9222=DIRECTION('',(0.93969253510186,0.342020378740566,0.));
#9223=DIRECTION('',(0.,1.,0.));
#9224=DIRECTION('',(0.93969253510186,-0.342020378740566,0.));
#9225=DIRECTION('',(0.906319791817711,-0.42259251644995,0.));
#9226=DIRECTION('',(0.819165342541953,-0.57355744400899,0.));
#9227=DIRECTION('',(0.707073955351671,-0.70713960549763,0.));
#9228=DIRECTION('',(0.573607748987599,-0.819130118052914,0.));
#9229=DIRECTION('',(0.422615289405123,-0.906309173053558,0.));
#9230=DIRECTION('',(0.258819219565804,-0.965925779541756,0.));
#9231=DIRECTION('',(0.0871522909323035,-0.996195000080432,0.));
#9232=DIRECTION('',(0.,1.,0.));
#9233=DIRECTION('',(0.0871560910325016,0.996194667620709,0.));
#9234=DIRECTION('',(0.258819219565804,0.965925779541756,0.));
#9235=DIRECTION('',(0.422632054118292,0.906301355417586,0.));
#9236=DIRECTION('',(0.573566618802653,0.819158918522708,0.));
#9237=DIRECTION('',(0.707117723470169,0.707095838733594,0.));
#9238=DIRECTION('',(0.819144777872029,0.573586813730045,0.));
#9239=DIRECTION('',(0.906303027602397,0.422628468230347,0.));
#9240=DIRECTION('',(0.93969253510186,0.342020378740566,0.));
#9241=DIRECTION('',(0.,1.,0.));
#9242=DIRECTION('',(0.939692798940784,-0.342019653848775,0.));
#9243=DIRECTION('',(0.906303027602397,-0.422628468230347,0.));
#9244=DIRECTION('',(0.819144777872029,-0.573586813730045,0.));
#9245=DIRECTION('',(0.707117723470169,-0.707095838733594,0.));
#9246=DIRECTION('',(0.573566618802653,-0.819158918522708,0.));
#9247=DIRECTION('',(0.422615289405123,-0.906309173053558,0.));
#9248=DIRECTION('',(0.258830162129536,-0.96592284742209,0.));
#9249=DIRECTION('',(0.0871522909323035,-0.996195000080432,0.));
#9250=DIRECTION('',(0.,1.,0.));
#9251=DIRECTION('',(0.0871560910325016,0.996194667620709,0.));
#9252=DIRECTION('',(0.258819219565804,0.965925779541756,0.));
#9253=DIRECTION('',(0.422615289405123,0.906309173053558,0.));
#9254=DIRECTION('',(0.573566618802653,0.819158918522708,0.));
#9255=DIRECTION('',(0.707117723470169,0.707095838733594,0.));
#9256=DIRECTION('',(0.819165342541953,0.57355744400899,0.));
#9257=DIRECTION('',(0.906286262581222,0.422664418015713,0.));
#9258=DIRECTION('',(0.939693062779296,0.342018928956374,0.));
#9259=DIRECTION('',(0.,1.,0.));
#9260=DIRECTION('',(0.93969253510186,-0.342020378740566,0.));
#9261=DIRECTION('',(0.906319791817711,-0.42259251644995,0.));
#9262=DIRECTION('',(0.819124213181713,-0.573616181239197,0.));
#9263=DIRECTION('',(0.707117723470169,-0.707095838733594,0.));
#9264=DIRECTION('',(0.573566618802653,-0.819158918522708,0.));
#9265=DIRECTION('',(0.422632054118292,-0.906301355417586,0.));
#9266=DIRECTION('',(0.258819219565804,-0.965925779541756,0.));
#9267=DIRECTION('',(0.0871560910325016,-0.996194667620709,0.));
#9268=DIRECTION('',(0.,1.,0.));
#9269=DIRECTION('',(0.0871522909323035,0.996195000080432,0.));
#9270=DIRECTION('',(0.258830162129536,0.96592284742209,0.));
#9271=DIRECTION('',(0.422615289405123,0.906309173053558,0.));
#9272=DIRECTION('',(0.573587183338559,0.819144519062258,0.));
#9273=DIRECTION('',(0.707095839072252,0.707117723131522,0.));
#9274=DIRECTION('',(0.819144777872029,0.573586813730045,0.));
#9275=DIRECTION('',(0.906319791817711,0.42259251644995,0.));
#9276=DIRECTION('',(0.93969253510186,0.342020378740566,0.));
#9277=DIRECTION('',(0.,1.,0.));
#9278=DIRECTION('',(0.93969253510186,-0.342020378740566,0.));
#9279=DIRECTION('',(0.906303027602397,-0.422628468230347,0.));
#9280=DIRECTION('',(0.819165342541953,-0.57355744400899,0.));
#9281=DIRECTION('',(0.707095839072252,-0.707117723131522,0.));
#9282=DIRECTION('',(0.573587183338559,-0.819144519062258,0.));
#9283=DIRECTION('',(0.422615289405123,-0.906309173053558,0.));
#9284=DIRECTION('',(0.258819219565804,-0.965925779541756,0.));
#9285=DIRECTION('',(0.0871560910325016,-0.996194667620709,0.));
#9286=DIRECTION('',(0.,1.,0.));
#9287=DIRECTION('',(0.0871560910325016,0.996194667620709,0.));
#9288=DIRECTION('',(0.258819219565804,0.965925779541756,0.));
#9289=DIRECTION('',(0.422615289405123,0.906309173053558,0.));
#9290=DIRECTION('',(0.573587183338559,0.819144519062258,0.));
#9291=DIRECTION('',(0.707117723470169,0.707095838733594,0.));
#9292=DIRECTION('',(0.819124213181713,0.573616181239197,0.));
#9293=DIRECTION('',(0.906319791817711,0.42259251644995,0.));
#9294=DIRECTION('',(0.93969253510186,0.342020378740566,0.));
#9295=DIRECTION('',(0.,1.,0.));
#9296=DIRECTION('',(0.939692798940784,-0.342019653848775,0.));
#9297=DIRECTION('',(0.910846012704375,-0.412746339948087,0.));
#9298=DIRECTION('',(0.83748933030185,-0.546453677479215,0.));
#9299=DIRECTION('',(0.74458850968738,-0.667523745825964,0.));
#9300=DIRECTION('',(0.634399178280622,-0.773005616148338,0.));
#9301=DIRECTION('',(0.509419901663822,-0.860518078711204,0.));
#9302=DIRECTION('',(0.372581263477106,-0.92799957010001,0.));
#9303=DIRECTION('',(0.227073906109068,-0.97387752883223,0.));
#9304=DIRECTION('',(0.0762911128110479,-0.997085586148978,0.));
#9305=DIRECTION('',(0.,1.,0.));
#9306=DIRECTION('',(0.0762835050837249,0.997086168218244,0.));
#9307=DIRECTION('',(0.227084964905911,0.973874950244476,0.));
#9308=DIRECTION('',(0.372598554298386,0.927992627845045,0.));
#9309=DIRECTION('',(0.509397981182073,0.860531055086119,0.));
#9310=DIRECTION('',(0.634423701966317,0.772985489115646,0.));
#9311=DIRECTION('',(0.744563655729539,0.667551468103145,0.));
#9312=DIRECTION('',(0.83748933030185,0.546453677479215,0.));
#9313=DIRECTION('',(0.91088360953394,0.41266336144904,0.));
#9314=DIRECTION('',(0.939692271262525,0.342021103631746,0.));
#9315=DIRECTION('',(0.,1.,0.));
#9316=DIRECTION('',(-0.939692271262525,0.342021103631746,0.));
#9317=DIRECTION('',(-0.939692271262525,0.342021103631746,0.));
#9318=DIRECTION('center_axis',(0.,0.,1.));
#9319=DIRECTION('ref_axis',(1.,0.,0.));
#9320=DIRECTION('',(0.70710678118655,-0.707106781186545,0.));
#9321=DIRECTION('',(0.93969283192062,0.342019563237259,0.));
#9322=DIRECTION('',(-1.,0.,0.));
#9323=DIRECTION('',(0.,-1.,0.));
#9324=DIRECTION('',(1.,0.,0.));
#9325=DIRECTION('center_axis',(-0.342019291402651,-0.939692930860091,0.));
#9326=DIRECTION('ref_axis',(0.,0.,-1.));
#9327=DIRECTION('',(0.939692930860091,-0.342019291402651,0.));
#9328=DIRECTION('',(0.,0.,1.));
#9329=DIRECTION('',(0.939692930860091,-0.342019291402651,0.));
#9330=DIRECTION('',(0.,0.,1.));
#9331=DIRECTION('center_axis',(-0.342021103631746,0.939692271262525,0.));
#9332=DIRECTION('ref_axis',(0.,0.,1.));
#9333=DIRECTION('',(-0.939692271262525,-0.342021103631746,0.));
#9334=DIRECTION('',(-0.939692271262525,-0.342021103631746,0.));
#9335=DIRECTION('',(0.,0.,-1.));
#9336=DIRECTION('',(0.,0.,1.));
#9337=DIRECTION('',(0.939692271262525,0.342021103631746,0.));
#9338=DIRECTION('',(0.,0.,-1.));
#9339=DIRECTION('center_axis',(-0.342021103631746,0.939692271262525,0.));
#9340=DIRECTION('ref_axis',(0.,0.,1.));
#9341=DIRECTION('',(0.,0.,-1.));
#9342=DIRECTION('',(0.,0.,1.));
#9343=DIRECTION('',(0.939692271262525,0.342021103631746,0.));
#9344=DIRECTION('center_axis',(-0.342020378740566,0.93969253510186,0.));
#9345=DIRECTION('ref_axis',(0.,0.,1.));
#9346=DIRECTION('',(0.,0.,1.));
#9347=DIRECTION('',(0.93969253510186,0.342020378740566,0.));
#9348=DIRECTION('',(0.,0.,1.));
#9349=DIRECTION('center_axis',(-0.342020378740566,0.93969253510186,0.));
#9350=DIRECTION('ref_axis',(0.,0.,1.));
#9351=DIRECTION('',(0.,0.,1.));
#9352=DIRECTION('',(0.93969253510186,0.342020378740566,0.));
#9353=DIRECTION('',(0.,0.,1.));
#9354=DIRECTION('center_axis',(-0.342018928956374,0.939693062779297,0.));
#9355=DIRECTION('ref_axis',(0.,0.,1.));
#9356=DIRECTION('',(0.,0.,1.));
#9357=DIRECTION('',(0.939693062779296,0.342018928956374,0.));
#9358=DIRECTION('',(0.,0.,1.));
#9359=DIRECTION('center_axis',(-0.342020378740566,0.93969253510186,0.));
#9360=DIRECTION('ref_axis',(0.,0.,1.));
#9361=DIRECTION('',(0.,0.,1.));
#9362=DIRECTION('',(0.93969253510186,0.342020378740566,0.));
#9363=DIRECTION('',(0.,0.,1.));
#9364=DIRECTION('center_axis',(-0.342020378740566,0.93969253510186,0.));
#9365=DIRECTION('ref_axis',(0.,0.,1.));
#9366=DIRECTION('',(0.,0.,1.));
#9367=DIRECTION('',(0.93969253510186,0.342020378740566,0.));
#9368=DIRECTION('',(0.,0.,1.));
#9369=DIRECTION('center_axis',(-0.342021103631746,0.939692271262525,0.));
#9370=DIRECTION('ref_axis',(0.,0.,1.));
#9371=DIRECTION('',(0.,0.,1.));
#9372=DIRECTION('',(0.939692271262525,0.342021103631746,0.));
#9373=DIRECTION('',(0.,0.,1.));
#9374=DIRECTION('center_axis',(-0.342020378740566,0.93969253510186,0.));
#9375=DIRECTION('ref_axis',(0.,0.,1.));
#9376=DIRECTION('',(0.,0.,1.));
#9377=DIRECTION('',(0.93969253510186,0.342020378740566,0.));
#9378=DIRECTION('',(0.,0.,1.));
#9379=DIRECTION('center_axis',(-0.342020378740566,0.93969253510186,0.));
#9380=DIRECTION('ref_axis',(0.,0.,1.));
#9381=DIRECTION('',(0.,0.,1.));
#9382=DIRECTION('',(0.93969253510186,0.342020378740566,0.));
#9383=DIRECTION('',(0.,0.,1.));
#9384=DIRECTION('center_axis',(-0.342020378740566,0.93969253510186,0.));
#9385=DIRECTION('ref_axis',(0.,0.,1.));
#9386=DIRECTION('',(0.,0.,1.));
#9387=DIRECTION('',(0.93969253510186,0.342020378740566,0.));
#9388=DIRECTION('',(0.,0.,1.));
#9389=DIRECTION('center_axis',(-0.342018928956374,0.939693062779297,0.));
#9390=DIRECTION('ref_axis',(0.,0.,1.));
#9391=DIRECTION('',(0.,0.,1.));
#9392=DIRECTION('',(0.939693062779296,0.342018928956374,0.));
#9393=DIRECTION('',(0.,0.,1.));
#9394=DIRECTION('center_axis',(-0.342019585890139,0.939692823675662,0.));
#9395=DIRECTION('ref_axis',(0.,0.,1.));
#9396=DIRECTION('',(0.,0.,-1.));
#9397=DIRECTION('',(0.939692823675662,0.342019585890139,0.));
#9398=DIRECTION('',(0.,0.,1.));
#9399=DIRECTION('center_axis',(-0.342019563237259,0.93969283192062,0.));
#9400=DIRECTION('ref_axis',(0.,0.,1.));
#9401=DIRECTION('',(0.,0.,1.));
#9402=DIRECTION('',(0.93969283192062,0.342019563237259,0.));
#9403=DIRECTION('',(0.,0.,1.));
#9404=DIRECTION('center_axis',(-0.342020922409008,0.939692337222397,0.));
#9405=DIRECTION('ref_axis',(0.,0.,1.));
#9406=DIRECTION('',(0.,0.,1.));
#9407=DIRECTION('',(0.939692337222397,0.342020922409008,0.));
#9408=DIRECTION('',(0.,0.,1.));
#9409=DIRECTION('center_axis',(-0.342021103631746,0.939692271262525,0.));
#9410=DIRECTION('ref_axis',(0.,0.,1.));
#9411=DIRECTION('',(0.,0.,1.));
#9412=DIRECTION('',(0.939692271262525,0.342021103631746,0.));
#9413=DIRECTION('',(0.,0.,1.));
#9414=DIRECTION('center_axis',(-0.342021103631746,0.939692271262525,0.));
#9415=DIRECTION('ref_axis',(0.,0.,1.));
#9416=DIRECTION('',(0.,0.,1.));
#9417=DIRECTION('',(0.939692271262525,0.342021103631746,0.));
#9418=DIRECTION('',(0.,0.,1.));
#9419=DIRECTION('center_axis',(0.,1.,0.));
#9420=DIRECTION('ref_axis',(0.,0.,-1.));
#9421=DIRECTION('',(0.,0.,1.));
#9422=DIRECTION('',(-1.,0.,0.));
#9423=DIRECTION('',(0.,0.,-1.));
#9424=DIRECTION('center_axis',(-1.,0.,0.));
#9425=DIRECTION('ref_axis',(0.,0.,1.));
#9426=DIRECTION('',(0.,-1.,0.));
#9427=DIRECTION('',(0.,0.,1.));
#9428=DIRECTION('',(0.,1.,0.));
#9429=DIRECTION('',(0.,0.,1.));
#9430=DIRECTION('center_axis',(-0.997086095469109,-0.0762844559669058,0.));
#9431=DIRECTION('ref_axis',(0.,0.,1.));
#9432=DIRECTION('',(0.0762844559669058,-0.997086095469109,0.));
#9433=DIRECTION('',(0.,0.,1.));
#9434=DIRECTION('',(0.0762844559669058,-0.997086095469109,0.));
#9435=DIRECTION('center_axis',(-0.973875594926734,-0.227082200108463,0.));
#9436=DIRECTION('ref_axis',(0.,0.,1.));
#9437=DIRECTION('',(0.227082200108463,-0.973875594926734,0.));
#9438=DIRECTION('',(0.,0.,1.));
#9439=DIRECTION('',(0.227082200108463,-0.973875594926734,0.));
#9440=DIRECTION('center_axis',(-0.927994363499398,-0.372594231454738,0.));
#9441=DIRECTION('ref_axis',(0.,0.,1.));
#9442=DIRECTION('',(0.372594231454738,-0.927994363499398,0.));
#9443=DIRECTION('',(0.,0.,1.));
#9444=DIRECTION('',(0.372594231454738,-0.927994363499398,0.));
#9445=DIRECTION('center_axis',(-0.860527811149435,-0.509403461156638,0.));
#9446=DIRECTION('ref_axis',(0.,0.,1.));
#9447=DIRECTION('',(0.509403461156638,-0.860527811149435,0.));
#9448=DIRECTION('',(0.,0.,1.));
#9449=DIRECTION('',(0.509403461156638,-0.860527811149435,0.));
#9450=DIRECTION('center_axis',(-0.7730257408471,-0.634374655852353,0.));
#9451=DIRECTION('ref_axis',(0.,0.,1.));
#9452=DIRECTION('',(0.634374655852353,-0.7730257408471,0.));
#9453=DIRECTION('',(0.,0.,1.));
#9454=DIRECTION('',(0.634374655852353,-0.7730257408471,0.));
#9455=DIRECTION('center_axis',(-0.667489089075374,-0.744619578016404,0.));
#9456=DIRECTION('ref_axis',(0.,0.,1.));
#9457=DIRECTION('',(0.744619578016404,-0.667489089075374,0.));
#9458=DIRECTION('',(0.,0.,1.));
#9459=DIRECTION('',(0.744619578016404,-0.667489089075374,0.));
#9460=DIRECTION('center_axis',(-0.54646244600658,-0.837483608857216,0.));
#9461=DIRECTION('ref_axis',(0.,0.,1.));
#9462=DIRECTION('',(0.837483608857216,-0.54646244600658,0.));
#9463=DIRECTION('',(0.,0.,1.));
#9464=DIRECTION('',(0.837483608857216,-0.54646244600658,0.));
#9465=DIRECTION('center_axis',(-0.412746339948087,-0.910846012704375,0.));
#9466=DIRECTION('ref_axis',(0.,0.,-1.));
#9467=DIRECTION('',(0.910846012704375,-0.412746339948087,0.));
#9468=DIRECTION('',(0.,0.,1.));
#9469=DIRECTION('',(0.910846012704375,-0.412746339948087,0.));
#9470=DIRECTION('center_axis',(-0.342019472625732,-0.93969286490045,0.));
#9471=DIRECTION('ref_axis',(0.,0.,-1.));
#9472=DIRECTION('',(-0.93969286490045,0.342019472625732,0.));
#9473=DIRECTION('',(0.,0.,1.));
#9474=DIRECTION('',(0.93969286490045,-0.342019472625732,0.));
#9475=DIRECTION('',(0.93969286490045,-0.342019472625732,0.));
#9476=DIRECTION('',(-0.93969286490045,0.342019472625732,0.));
#9477=DIRECTION('center_axis',(-1.,0.,0.));
#9478=DIRECTION('ref_axis',(0.,0.,1.));
#9479=DIRECTION('',(0.,0.,-1.));
#9480=DIRECTION('',(0.,1.,0.));
#9481=DIRECTION('',(0.,0.,1.));
#9482=DIRECTION('center_axis',(-0.997086168218245,-0.0762835050837249,0.));
#9483=DIRECTION('ref_axis',(0.,0.,1.));
#9484=DIRECTION('',(0.,0.,-1.));
#9485=DIRECTION('',(0.0762835050837249,-0.997086168218244,0.));
#9486=DIRECTION('center_axis',(-0.973874950244476,-0.227084964905911,0.));
#9487=DIRECTION('ref_axis',(0.,0.,1.));
#9488=DIRECTION('',(0.,0.,-1.));
#9489=DIRECTION('',(0.227084964905911,-0.973874950244476,0.));
#9490=DIRECTION('center_axis',(-0.927992627845045,-0.372598554298386,0.));
#9491=DIRECTION('ref_axis',(0.,0.,1.));
#9492=DIRECTION('',(0.,0.,-1.));
#9493=DIRECTION('',(0.372598554298386,-0.927992627845045,0.));
#9494=DIRECTION('center_axis',(-0.860531055086119,-0.509397981182073,0.));
#9495=DIRECTION('ref_axis',(0.,0.,1.));
#9496=DIRECTION('',(0.,0.,-1.));
#9497=DIRECTION('',(0.509397981182073,-0.860531055086119,0.));
#9498=DIRECTION('center_axis',(-0.772985489115646,-0.634423701966317,0.));
#9499=DIRECTION('ref_axis',(0.,0.,1.));
#9500=DIRECTION('',(0.,0.,-1.));
#9501=DIRECTION('',(0.634423701966317,-0.772985489115646,0.));
#9502=DIRECTION('center_axis',(-0.667537607311569,-0.744576082630074,0.));
#9503=DIRECTION('ref_axis',(0.,0.,1.));
#9504=DIRECTION('',(0.,0.,-1.));
#9505=DIRECTION('',(0.744576082630074,-0.667537607311568,0.));
#9506=DIRECTION('center_axis',(-0.546471214354234,-0.837477887398951,0.));
#9507=DIRECTION('ref_axis',(0.,0.,1.));
#9508=DIRECTION('',(0.,0.,-1.));
#9509=DIRECTION('',(0.837477887398951,-0.546471214354234,0.));
#9510=DIRECTION('center_axis',(-0.41266336144904,-0.91088360953394,0.));
#9511=DIRECTION('ref_axis',(0.,0.,-1.));
#9512=DIRECTION('',(0.,0.,-1.));
#9513=DIRECTION('',(0.91088360953394,-0.41266336144904,0.));
#9514=DIRECTION('center_axis',(-1.,0.,0.));
#9515=DIRECTION('ref_axis',(0.,0.,1.));
#9516=DIRECTION('',(0.,-1.,0.));
#9517=DIRECTION('',(0.,0.,1.));
#9518=DIRECTION('',(0.,1.,0.));
#9519=DIRECTION('',(0.,0.,1.));
#9520=DIRECTION('center_axis',(-0.997086095469109,-0.0762844559669058,0.));
#9521=DIRECTION('ref_axis',(0.,0.,1.));
#9522=DIRECTION('',(0.0762844559669058,-0.997086095469109,0.));
#9523=DIRECTION('',(0.,0.,1.));
#9524=DIRECTION('',(0.0762844559669058,-0.997086095469109,0.));
#9525=DIRECTION('center_axis',(-0.973876239585445,-0.227079435376509,0.));
#9526=DIRECTION('ref_axis',(0.,0.,1.));
#9527=DIRECTION('',(0.227079435376509,-0.973876239585445,0.));
#9528=DIRECTION('',(0.,0.,1.));
#9529=DIRECTION('',(0.227079435376509,-0.973876239585445,0.));
#9530=DIRECTION('center_axis',(-0.927992627845045,-0.372598554298386,0.));
#9531=DIRECTION('ref_axis',(0.,0.,1.));
#9532=DIRECTION('',(0.372598554298386,-0.927992627845045,0.));
#9533=DIRECTION('',(0.,0.,1.));
#9534=DIRECTION('',(0.372598554298386,-0.927992627845045,0.));
#9535=DIRECTION('center_axis',(-0.860531055086119,-0.509397981182073,0.));
#9536=DIRECTION('ref_axis',(0.,0.,1.));
#9537=DIRECTION('',(0.509397981182073,-0.860531055086119,0.));
#9538=DIRECTION('',(0.,0.,1.));
#9539=DIRECTION('',(0.509397981182073,-0.860531055086119,0.));
#9540=DIRECTION('center_axis',(-0.7730257408471,-0.634374655852353,0.));
#9541=DIRECTION('ref_axis',(0.,0.,1.));
#9542=DIRECTION('',(0.634374655852353,-0.7730257408471,0.));
#9543=DIRECTION('',(0.,0.,1.));
#9544=DIRECTION('',(0.634374655852353,-0.7730257408471,0.));
#9545=DIRECTION('center_axis',(-0.667482157204668,-0.744625791799749,0.));
#9546=DIRECTION('ref_axis',(0.,0.,1.));
#9547=DIRECTION('',(0.744625791799749,-0.667482157204668,0.));
#9548=DIRECTION('',(0.,0.,1.));
#9549=DIRECTION('',(0.744625791799749,-0.667482157204668,0.));
#9550=DIRECTION('center_axis',(-0.546471214354234,-0.837477887398951,0.));
#9551=DIRECTION('ref_axis',(0.,0.,1.));
#9552=DIRECTION('',(0.837477887398951,-0.546471214354234,0.));
#9553=DIRECTION('',(0.,0.,1.));
#9554=DIRECTION('',(0.837477887398951,-0.546471214354234,0.));
#9555=DIRECTION('center_axis',(-0.412746339948087,-0.910846012704375,0.));
#9556=DIRECTION('ref_axis',(0.,0.,-1.));
#9557=DIRECTION('',(0.910846012704375,-0.412746339948087,0.));
#9558=DIRECTION('',(0.910846012704375,-0.412746339948087,0.));
#9559=DIRECTION('center_axis',(-0.342019563237259,0.93969283192062,0.));
#9560=DIRECTION('ref_axis',(0.,0.,1.));
#9561=DIRECTION('',(-0.93969283192062,-0.342019563237259,0.));
#9562=DIRECTION('',(0.,0.,1.));
#9563=DIRECTION('',(0.93969283192062,0.342019563237259,0.));
#9564=DIRECTION('center_axis',(-0.997086150031216,-0.0762837428023042,0.));
#9565=DIRECTION('ref_axis',(0.,0.,1.));
#9566=DIRECTION('',(0.,0.,1.));
#9567=DIRECTION('',(0.0762837428023042,-0.997086150031216,0.));
#9568=DIRECTION('',(0.,0.,1.));
#9569=DIRECTION('center_axis',(-0.973875272588549,-0.227083582499001,0.));
#9570=DIRECTION('ref_axis',(0.,0.,1.));
#9571=DIRECTION('',(0.,0.,1.));
#9572=DIRECTION('',(0.227083582499001,-0.973875272588548,0.));
#9573=DIRECTION('center_axis',(-0.928007378981675,-0.372561813066719,0.));
#9574=DIRECTION('ref_axis',(0.,0.,1.));
#9575=DIRECTION('',(0.,0.,1.));
#9576=DIRECTION('',(0.372561813066719,-0.928007378981675,0.));
#9577=DIRECTION('center_axis',(-0.860505100660991,-0.509441823701605,0.));
#9578=DIRECTION('ref_axis',(0.,0.,1.));
#9579=DIRECTION('',(0.,0.,1.));
#9580=DIRECTION('',(0.509441823701605,-0.860505100660991,0.));
#9581=DIRECTION('center_axis',(-0.7730257408471,-0.634374655852353,0.));
#9582=DIRECTION('ref_axis',(0.,0.,1.));
#9583=DIRECTION('',(0.,0.,1.));
#9584=DIRECTION('',(0.634374655852353,-0.7730257408471,0.));
#9585=DIRECTION('center_axis',(-0.667485623161713,-0.74462268490318,0.));
#9586=DIRECTION('ref_axis',(0.,0.,1.));
#9587=DIRECTION('',(0.,0.,1.));
#9588=DIRECTION('',(0.74462268490318,-0.667485623161713,0.));
#9589=DIRECTION('center_axis',(-0.54646244600658,-0.837483608857216,0.));
#9590=DIRECTION('ref_axis',(0.,0.,1.));
#9591=DIRECTION('',(0.,0.,1.));
#9592=DIRECTION('',(0.837483608857216,-0.54646244600658,0.));
#9593=DIRECTION('center_axis',(-0.412741154092925,-0.910848362636746,0.));
#9594=DIRECTION('ref_axis',(0.,0.,-1.));
#9595=DIRECTION('',(0.,0.,1.));
#9596=DIRECTION('',(0.910848362636746,-0.412741154092925,0.));
#9597=DIRECTION('center_axis',(-1.,0.,0.));
#9598=DIRECTION('ref_axis',(0.,0.,1.));
#9599=DIRECTION('',(0.,1.,0.));
#9600=DIRECTION('',(0.,0.,1.));
#9601=DIRECTION('center_axis',(-0.412741154092925,0.910848362636746,0.));
#9602=DIRECTION('ref_axis',(0.,0.,1.));
#9603=DIRECTION('',(0.,0.,1.));
#9604=DIRECTION('',(0.910848362636746,0.412741154092925,0.));
#9605=DIRECTION('center_axis',(-0.54646244600658,0.837483608857216,0.));
#9606=DIRECTION('ref_axis',(0.,0.,1.));
#9607=DIRECTION('',(0.,0.,1.));
#9608=DIRECTION('',(0.837483608857216,0.54646244600658,0.));
#9609=DIRECTION('center_axis',(-0.667487356123966,0.744621131458567,0.));
#9610=DIRECTION('ref_axis',(0.,0.,1.));
#9611=DIRECTION('',(0.,0.,1.));
#9612=DIRECTION('',(0.744621131458567,0.667487356123967,0.));
#9613=DIRECTION('center_axis',(-0.773024483121799,0.634376188467281,0.));
#9614=DIRECTION('ref_axis',(0.,0.,1.));
#9615=DIRECTION('',(0.,0.,1.));
#9616=DIRECTION('',(0.634376188467281,0.773024483121799,0.));
#9617=DIRECTION('center_axis',(-0.860505911838216,0.509440453528654,0.));
#9618=DIRECTION('ref_axis',(0.,0.,1.));
#9619=DIRECTION('',(0.,0.,1.));
#9620=DIRECTION('',(0.509440453528654,0.860505911838216,0.));
#9621=DIRECTION('center_axis',(-0.928006945187,0.37256289359609,0.));
#9622=DIRECTION('ref_axis',(0.,0.,1.));
#9623=DIRECTION('',(0.,0.,1.));
#9624=DIRECTION('',(0.372562893596091,0.928006945187,0.));
#9625=DIRECTION('center_axis',(-0.973875272588549,0.227083582499001,0.));
#9626=DIRECTION('ref_axis',(0.,0.,1.));
#9627=DIRECTION('',(0.,0.,1.));
#9628=DIRECTION('',(0.227083582499001,0.973875272588548,0.));
#9629=DIRECTION('center_axis',(-0.997086168218245,0.0762835050837249,0.));
#9630=DIRECTION('ref_axis',(0.,0.,1.));
#9631=DIRECTION('',(0.0762835050837249,0.997086168218244,0.));
#9632=DIRECTION('center_axis',(-0.342019653848775,-0.939692798940784,0.));
#9633=DIRECTION('ref_axis',(0.,0.,-1.));
#9634=DIRECTION('',(0.939692798940784,-0.342019653848775,0.));
#9635=DIRECTION('',(0.,0.,1.));
#9636=DIRECTION('center_axis',(-0.997086095469109,-0.0762844559669058,0.));
#9637=DIRECTION('ref_axis',(0.,0.,1.));
#9638=DIRECTION('',(0.,0.,1.));
#9639=DIRECTION('',(0.0762844559669058,-0.997086095469109,0.));
#9640=DIRECTION('',(0.,0.,1.));
#9641=DIRECTION('center_axis',(-0.973875594926734,-0.227082200108463,0.));
#9642=DIRECTION('ref_axis',(0.,0.,1.));
#9643=DIRECTION('',(0.,0.,1.));
#9644=DIRECTION('',(0.227082200108463,-0.973875594926734,0.));
#9645=DIRECTION('center_axis',(-0.927994363499398,-0.372594231454738,0.));
#9646=DIRECTION('ref_axis',(0.,0.,1.));
#9647=DIRECTION('',(0.,0.,1.));
#9648=DIRECTION('',(0.372594231454738,-0.927994363499398,0.));
#9649=DIRECTION('center_axis',(-0.860527811149435,-0.509403461156638,0.));
#9650=DIRECTION('ref_axis',(0.,0.,1.));
#9651=DIRECTION('',(0.,0.,1.));
#9652=DIRECTION('',(0.509403461156638,-0.860527811149435,0.));
#9653=DIRECTION('center_axis',(-0.7730257408471,-0.634374655852353,0.));
#9654=DIRECTION('ref_axis',(0.,0.,1.));
#9655=DIRECTION('',(0.,0.,1.));
#9656=DIRECTION('',(0.634374655852353,-0.7730257408471,0.));
#9657=DIRECTION('center_axis',(-0.667489089075374,-0.744619578016404,0.));
#9658=DIRECTION('ref_axis',(0.,0.,1.));
#9659=DIRECTION('',(0.,0.,1.));
#9660=DIRECTION('',(0.744619578016404,-0.667489089075374,0.));
#9661=DIRECTION('center_axis',(-0.54646244600658,-0.837483608857216,0.));
#9662=DIRECTION('ref_axis',(0.,0.,1.));
#9663=DIRECTION('',(0.,0.,1.));
#9664=DIRECTION('',(0.837483608857216,-0.54646244600658,0.));
#9665=DIRECTION('center_axis',(-0.412746339948087,-0.910846012704375,0.));
#9666=DIRECTION('ref_axis',(0.,0.,-1.));
#9667=DIRECTION('',(0.,0.,1.));
#9668=DIRECTION('',(0.910846012704375,-0.412746339948087,0.));
#9669=DIRECTION('center_axis',(-1.,0.,0.));
#9670=DIRECTION('ref_axis',(0.,0.,1.));
#9671=DIRECTION('',(0.,1.,0.));
#9672=DIRECTION('',(0.,0.,1.));
#9673=DIRECTION('center_axis',(-0.412746339948087,0.910846012704375,0.));
#9674=DIRECTION('ref_axis',(0.,0.,1.));
#9675=DIRECTION('',(0.,0.,1.));
#9676=DIRECTION('',(0.910846012704375,0.412746339948087,0.));
#9677=DIRECTION('center_axis',(-0.54646244600658,0.837483608857216,0.));
#9678=DIRECTION('ref_axis',(0.,0.,1.));
#9679=DIRECTION('',(0.,0.,1.));
#9680=DIRECTION('',(0.837483608857216,0.54646244600658,0.));
#9681=DIRECTION('center_axis',(-0.667482157204668,0.744625791799749,0.));
#9682=DIRECTION('ref_axis',(0.,0.,1.));
#9683=DIRECTION('',(0.,0.,1.));
#9684=DIRECTION('',(0.744625791799749,0.667482157204668,0.));
#9685=DIRECTION('center_axis',(-0.7730257408471,0.634374655852353,0.));
#9686=DIRECTION('ref_axis',(0.,0.,1.));
#9687=DIRECTION('',(0.,0.,1.));
#9688=DIRECTION('',(0.634374655852353,0.7730257408471,0.));
#9689=DIRECTION('center_axis',(-0.860505100660991,0.509441823701605,0.));
#9690=DIRECTION('ref_axis',(0.,0.,1.));
#9691=DIRECTION('',(0.,0.,1.));
#9692=DIRECTION('',(0.509441823701605,0.860505100660991,0.));
#9693=DIRECTION('center_axis',(-0.928008246559702,0.372559652025265,0.));
#9694=DIRECTION('ref_axis',(0.,0.,1.));
#9695=DIRECTION('',(0.,0.,1.));
#9696=DIRECTION('',(0.372559652025265,0.928008246559703,0.));
#9697=DIRECTION('center_axis',(-0.973874950244476,0.227084964905911,0.));
#9698=DIRECTION('ref_axis',(0.,0.,1.));
#9699=DIRECTION('',(0.,0.,1.));
#9700=DIRECTION('',(0.227084964905911,0.973874950244476,0.));
#9701=DIRECTION('center_axis',(-0.997086168218245,0.0762835050837249,0.));
#9702=DIRECTION('ref_axis',(0.,0.,1.));
#9703=DIRECTION('',(0.0762835050837249,0.997086168218244,0.));
#9704=DIRECTION('center_axis',(-0.342019472625732,-0.93969286490045,0.));
#9705=DIRECTION('ref_axis',(0.,0.,-1.));
#9706=DIRECTION('',(0.93969286490045,-0.342019472625732,0.));
#9707=DIRECTION('',(0.,0.,1.));
#9708=DIRECTION('center_axis',(-0.997086095469109,-0.0762844559669058,0.));
#9709=DIRECTION('ref_axis',(0.,0.,1.));
#9710=DIRECTION('',(0.,0.,1.));
#9711=DIRECTION('',(0.0762844559669058,-0.997086095469109,0.));
#9712=DIRECTION('',(0.,0.,1.));
#9713=DIRECTION('center_axis',(-0.973876239585445,-0.227079435376509,0.));
#9714=DIRECTION('ref_axis',(0.,0.,1.));
#9715=DIRECTION('',(0.,0.,1.));
#9716=DIRECTION('',(0.227079435376509,-0.973876239585445,0.));
#9717=DIRECTION('center_axis',(-0.927992627845045,-0.372598554298386,0.));
#9718=DIRECTION('ref_axis',(0.,0.,1.));
#9719=DIRECTION('',(0.,0.,1.));
#9720=DIRECTION('',(0.372598554298386,-0.927992627845045,0.));
#9721=DIRECTION('center_axis',(-0.860531055086119,-0.509397981182073,0.));
#9722=DIRECTION('ref_axis',(0.,0.,1.));
#9723=DIRECTION('',(0.,0.,1.));
#9724=DIRECTION('',(0.509397981182073,-0.860531055086119,0.));
#9725=DIRECTION('center_axis',(-0.7730257408471,-0.634374655852353,0.));
#9726=DIRECTION('ref_axis',(0.,0.,1.));
#9727=DIRECTION('',(0.,0.,1.));
#9728=DIRECTION('',(0.634374655852353,-0.7730257408471,0.));
#9729=DIRECTION('center_axis',(-0.667482157204668,-0.744625791799749,0.));
#9730=DIRECTION('ref_axis',(0.,0.,1.));
#9731=DIRECTION('',(0.,0.,1.));
#9732=DIRECTION('',(0.744625791799749,-0.667482157204668,0.));
#9733=DIRECTION('center_axis',(-0.546471214354234,-0.837477887398951,0.));
#9734=DIRECTION('ref_axis',(0.,0.,1.));
#9735=DIRECTION('',(0.,0.,1.));
#9736=DIRECTION('',(0.837477887398951,-0.546471214354234,0.));
#9737=DIRECTION('center_axis',(-0.412746339948087,-0.910846012704375,0.));
#9738=DIRECTION('ref_axis',(0.,0.,-1.));
#9739=DIRECTION('',(0.,0.,1.));
#9740=DIRECTION('',(0.910846012704375,-0.412746339948087,0.));
#9741=DIRECTION('center_axis',(-1.,0.,0.));
#9742=DIRECTION('ref_axis',(0.,0.,1.));
#9743=DIRECTION('',(0.,1.,0.));
#9744=DIRECTION('',(0.,0.,1.));
#9745=DIRECTION('center_axis',(-0.41266336144904,0.91088360953394,0.));
#9746=DIRECTION('ref_axis',(0.,0.,1.));
#9747=DIRECTION('',(0.,0.,1.));
#9748=DIRECTION('',(0.91088360953394,0.41266336144904,0.));
#9749=DIRECTION('center_axis',(-0.546532587756089,0.837437836809774,0.));
#9750=DIRECTION('ref_axis',(0.,0.,1.));
#9751=DIRECTION('',(0.,0.,1.));
#9752=DIRECTION('',(0.837437836809774,0.546532587756089,0.));
#9753=DIRECTION('center_axis',(-0.667489089075374,0.744619578016404,0.));
#9754=DIRECTION('ref_axis',(0.,0.,1.));
#9755=DIRECTION('',(0.,0.,1.));
#9756=DIRECTION('',(0.744619578016404,0.667489089075374,0.));
#9757=DIRECTION('center_axis',(-0.773020709891199,0.634380786341537,0.));
#9758=DIRECTION('ref_axis',(0.,0.,1.));
#9759=DIRECTION('',(0.,0.,1.));
#9760=DIRECTION('',(0.634380786341536,0.773020709891199,0.));
#9761=DIRECTION('center_axis',(-0.860508345330618,0.509436343046275,0.));
#9762=DIRECTION('ref_axis',(0.,0.,1.));
#9763=DIRECTION('',(0.,0.,1.));
#9764=DIRECTION('',(0.509436343046274,0.860508345330618,0.));
#9765=DIRECTION('center_axis',(-0.928006511388551,0.372563974131224,0.));
#9766=DIRECTION('ref_axis',(0.,0.,1.));
#9767=DIRECTION('',(0.,0.,1.));
#9768=DIRECTION('',(0.372563974131224,0.928006511388551,0.));
#9769=DIRECTION('center_axis',(-0.973874950244476,0.227084964905911,0.));
#9770=DIRECTION('ref_axis',(0.,0.,1.));
#9771=DIRECTION('',(0.,0.,1.));
#9772=DIRECTION('',(0.227084964905911,0.973874950244476,0.));
#9773=DIRECTION('center_axis',(-0.997086168218245,0.0762835050837249,0.));
#9774=DIRECTION('ref_axis',(0.,0.,1.));
#9775=DIRECTION('',(0.0762835050837249,0.997086168218244,0.));
#9776=DIRECTION('center_axis',(-0.342019291402651,-0.939692930860091,0.));
#9777=DIRECTION('ref_axis',(0.,0.,-1.));
#9778=DIRECTION('',(0.939692930860091,-0.342019291402651,0.));
#9779=DIRECTION('',(0.,0.,1.));
#9780=DIRECTION('center_axis',(-0.997086168218245,-0.0762835050837249,0.));
#9781=DIRECTION('ref_axis',(0.,0.,1.));
#9782=DIRECTION('',(0.,0.,1.));
#9783=DIRECTION('',(0.0762835050837249,-0.997086168218244,0.));
#9784=DIRECTION('',(0.,0.,1.));
#9785=DIRECTION('center_axis',(-0.973874950244476,-0.227084964905911,0.));
#9786=DIRECTION('ref_axis',(0.,0.,1.));
#9787=DIRECTION('',(0.,0.,1.));
#9788=DIRECTION('',(0.227084964905911,-0.973874950244476,0.));
#9789=DIRECTION('center_axis',(-0.927992627845045,-0.372598554298386,0.));
#9790=DIRECTION('ref_axis',(0.,0.,1.));
#9791=DIRECTION('',(0.,0.,1.));
#9792=DIRECTION('',(0.372598554298386,-0.927992627845045,0.));
#9793=DIRECTION('center_axis',(-0.860531055086119,-0.509397981182073,0.));
#9794=DIRECTION('ref_axis',(0.,0.,1.));
#9795=DIRECTION('',(0.,0.,1.));
#9796=DIRECTION('',(0.509397981182073,-0.860531055086119,0.));
#9797=DIRECTION('center_axis',(-0.772985489115646,-0.634423701966317,0.));
#9798=DIRECTION('ref_axis',(0.,0.,1.));
#9799=DIRECTION('',(0.,0.,1.));
#9800=DIRECTION('',(0.634423701966317,-0.772985489115646,0.));
#9801=DIRECTION('center_axis',(-0.667537607311569,-0.744576082630074,0.));
#9802=DIRECTION('ref_axis',(0.,0.,1.));
#9803=DIRECTION('',(0.,0.,1.));
#9804=DIRECTION('',(0.744576082630074,-0.667537607311568,0.));
#9805=DIRECTION('center_axis',(-0.546471214354234,-0.837477887398951,0.));
#9806=DIRECTION('ref_axis',(0.,0.,1.));
#9807=DIRECTION('',(0.,0.,1.));
#9808=DIRECTION('',(0.837477887398951,-0.546471214354234,0.));
#9809=DIRECTION('center_axis',(-0.41266336144904,-0.91088360953394,0.));
#9810=DIRECTION('ref_axis',(0.,0.,-1.));
#9811=DIRECTION('',(0.,0.,1.));
#9812=DIRECTION('',(0.91088360953394,-0.41266336144904,0.));
#9813=DIRECTION('center_axis',(-1.,0.,0.));
#9814=DIRECTION('ref_axis',(0.,0.,1.));
#9815=DIRECTION('',(0.,1.,0.));
#9816=DIRECTION('',(0.,0.,1.));
#9817=DIRECTION('center_axis',(-0.41266336144904,0.91088360953394,0.));
#9818=DIRECTION('ref_axis',(0.,0.,1.));
#9819=DIRECTION('',(0.,0.,1.));
#9820=DIRECTION('',(0.91088360953394,0.41266336144904,0.));
#9821=DIRECTION('center_axis',(-0.546453677479215,0.83748933030185,0.));
#9822=DIRECTION('ref_axis',(0.,0.,1.));
#9823=DIRECTION('',(0.,0.,1.));
#9824=DIRECTION('',(0.83748933030185,0.546453677479215,0.));
#9825=DIRECTION('center_axis',(-0.667537607311569,0.744576082630074,0.));
#9826=DIRECTION('ref_axis',(0.,0.,1.));
#9827=DIRECTION('',(0.,0.,1.));
#9828=DIRECTION('',(0.744576082630074,0.667537607311568,0.));
#9829=DIRECTION('center_axis',(-0.772995552923752,0.634411439966291,0.));
#9830=DIRECTION('ref_axis',(0.,0.,1.));
#9831=DIRECTION('',(0.,0.,1.));
#9832=DIRECTION('',(0.634411439966291,0.772995552923752,0.));
#9833=DIRECTION('center_axis',(-0.860531055086119,0.509397981182073,0.));
#9834=DIRECTION('ref_axis',(0.,0.,1.));
#9835=DIRECTION('',(0.,0.,1.));
#9836=DIRECTION('',(0.509397981182073,0.860531055086119,0.));
#9837=DIRECTION('center_axis',(-0.927992627845045,0.372598554298386,0.));
#9838=DIRECTION('ref_axis',(0.,0.,1.));
#9839=DIRECTION('',(0.,0.,1.));
#9840=DIRECTION('',(0.372598554298386,0.927992627845045,0.));
#9841=DIRECTION('center_axis',(-0.973880107043286,0.227062848360001,0.));
#9842=DIRECTION('ref_axis',(0.,0.,1.));
#9843=DIRECTION('',(0.,0.,1.));
#9844=DIRECTION('',(0.227062848360001,0.973880107043287,0.));
#9845=DIRECTION('center_axis',(-0.997085586148979,0.0762911128110479,0.));
#9846=DIRECTION('ref_axis',(0.,0.,1.));
#9847=DIRECTION('',(0.0762911128110479,0.997085586148978,0.));
#9848=DIRECTION('center_axis',(-0.342021103631746,-0.939692271262525,0.));
#9849=DIRECTION('ref_axis',(0.,0.,-1.));
#9850=DIRECTION('',(0.939692271262525,-0.342021103631746,0.));
#9851=DIRECTION('',(0.,0.,1.));
#9852=DIRECTION('center_axis',(-0.997085586148979,-0.0762911128110479,0.));
#9853=DIRECTION('ref_axis',(0.,0.,1.));
#9854=DIRECTION('',(0.,0.,1.));
#9855=DIRECTION('',(0.0762911128110479,-0.997085586148978,0.));
#9856=DIRECTION('',(0.,0.,1.));
#9857=DIRECTION('center_axis',(-0.97387752883223,-0.227073906109068,0.));
#9858=DIRECTION('ref_axis',(0.,0.,1.));
#9859=DIRECTION('',(0.,0.,1.));
#9860=DIRECTION('',(0.227073906109068,-0.97387752883223,0.));
#9861=DIRECTION('center_axis',(-0.92799957010001,-0.372581263477106,0.));
#9862=DIRECTION('ref_axis',(0.,0.,1.));
#9863=DIRECTION('',(0.,0.,1.));
#9864=DIRECTION('',(0.372581263477106,-0.92799957010001,0.));
#9865=DIRECTION('center_axis',(-0.860518078711204,-0.509419901663821,0.));
#9866=DIRECTION('ref_axis',(0.,0.,1.));
#9867=DIRECTION('',(0.,0.,1.));
#9868=DIRECTION('',(0.509419901663822,-0.860518078711204,0.));
#9869=DIRECTION('center_axis',(-0.773005616148338,-0.634399178280622,0.));
#9870=DIRECTION('ref_axis',(0.,0.,1.));
#9871=DIRECTION('',(0.,0.,1.));
#9872=DIRECTION('',(0.634399178280622,-0.773005616148338,0.));
#9873=DIRECTION('center_axis',(-0.667523745825964,-0.74458850968738,0.));
#9874=DIRECTION('ref_axis',(0.,0.,1.));
#9875=DIRECTION('',(0.,0.,1.));
#9876=DIRECTION('',(0.74458850968738,-0.667523745825964,0.));
#9877=DIRECTION('center_axis',(-0.546453677479215,-0.83748933030185,0.));
#9878=DIRECTION('ref_axis',(0.,0.,1.));
#9879=DIRECTION('',(0.,0.,1.));
#9880=DIRECTION('',(0.83748933030185,-0.546453677479215,0.));
#9881=DIRECTION('center_axis',(-0.412746339948087,-0.910846012704375,0.));
#9882=DIRECTION('ref_axis',(0.,0.,-1.));
#9883=DIRECTION('',(0.,0.,1.));
#9884=DIRECTION('',(0.910846012704375,-0.412746339948087,0.));
#9885=DIRECTION('center_axis',(-1.,0.,0.));
#9886=DIRECTION('ref_axis',(0.,0.,1.));
#9887=DIRECTION('',(0.,1.,0.));
#9888=DIRECTION('',(0.,0.,1.));
#9889=DIRECTION('center_axis',(-0.41266336144904,0.91088360953394,0.));
#9890=DIRECTION('ref_axis',(0.,0.,1.));
#9891=DIRECTION('',(0.,0.,1.));
#9892=DIRECTION('',(0.91088360953394,0.41266336144904,0.));
#9893=DIRECTION('center_axis',(-0.546453677479215,0.83748933030185,0.));
#9894=DIRECTION('ref_axis',(0.,0.,1.));
#9895=DIRECTION('',(0.,0.,1.));
#9896=DIRECTION('',(0.83748933030185,0.546453677479215,0.));
#9897=DIRECTION('center_axis',(-0.667551468103145,0.744563655729539,0.));
#9898=DIRECTION('ref_axis',(0.,0.,1.));
#9899=DIRECTION('',(0.,0.,1.));
#9900=DIRECTION('',(0.744563655729539,0.667551468103145,0.));
#9901=DIRECTION('center_axis',(-0.772985489115646,0.634423701966317,0.));
#9902=DIRECTION('ref_axis',(0.,0.,1.));
#9903=DIRECTION('',(0.,0.,1.));
#9904=DIRECTION('',(0.634423701966317,0.772985489115646,0.));
#9905=DIRECTION('center_axis',(-0.860531055086119,0.509397981182073,0.));
#9906=DIRECTION('ref_axis',(0.,0.,1.));
#9907=DIRECTION('',(0.,0.,1.));
#9908=DIRECTION('',(0.509397981182073,0.860531055086119,0.));
#9909=DIRECTION('center_axis',(-0.927992627845045,0.372598554298386,0.));
#9910=DIRECTION('ref_axis',(0.,0.,1.));
#9911=DIRECTION('',(0.,0.,1.));
#9912=DIRECTION('',(0.372598554298386,0.927992627845045,0.));
#9913=DIRECTION('center_axis',(-0.973874950244476,0.227084964905911,0.));
#9914=DIRECTION('ref_axis',(0.,0.,1.));
#9915=DIRECTION('',(0.,0.,1.));
#9916=DIRECTION('',(0.227084964905911,0.973874950244476,0.));
#9917=DIRECTION('center_axis',(-0.997086168218245,0.0762835050837249,0.));
#9918=DIRECTION('ref_axis',(0.,0.,1.));
#9919=DIRECTION('',(0.0762835050837249,0.997086168218244,0.));
#9920=DIRECTION('center_axis',(-0.342019653848775,-0.939692798940784,0.));
#9921=DIRECTION('ref_axis',(0.,0.,-1.));
#9922=DIRECTION('',(0.939692798940784,-0.342019653848775,0.));
#9923=DIRECTION('',(0.,0.,1.));
#9924=DIRECTION('center_axis',(-0.412746339948087,0.910846012704375,0.));
#9925=DIRECTION('ref_axis',(0.,0.,1.));
#9926=DIRECTION('',(-0.910846012704375,-0.412746339948087,0.));
#9927=DIRECTION('',(0.,0.,1.));
#9928=DIRECTION('',(0.910846012704375,0.412746339948087,0.));
#9929=DIRECTION('center_axis',(-0.54646244600658,0.837483608857216,0.));
#9930=DIRECTION('ref_axis',(0.,0.,1.));
#9931=DIRECTION('',(-0.837483608857216,-0.54646244600658,0.));
#9932=DIRECTION('',(0.,0.,1.));
#9933=DIRECTION('',(0.837483608857216,0.54646244600658,0.));
#9934=DIRECTION('center_axis',(-0.667482157204668,0.744625791799749,0.));
#9935=DIRECTION('ref_axis',(0.,0.,1.));
#9936=DIRECTION('',(-0.744625791799749,-0.667482157204668,0.));
#9937=DIRECTION('',(0.,0.,1.));
#9938=DIRECTION('',(0.744625791799749,0.667482157204668,0.));
#9939=DIRECTION('center_axis',(-0.7730257408471,0.634374655852353,0.));
#9940=DIRECTION('ref_axis',(0.,0.,1.));
#9941=DIRECTION('',(-0.634374655852353,-0.7730257408471,0.));
#9942=DIRECTION('',(0.,0.,1.));
#9943=DIRECTION('',(0.634374655852353,0.7730257408471,0.));
#9944=DIRECTION('center_axis',(-0.860505100660991,0.509441823701605,0.));
#9945=DIRECTION('ref_axis',(0.,0.,1.));
#9946=DIRECTION('',(-0.509441823701605,-0.860505100660991,0.));
#9947=DIRECTION('',(0.,0.,1.));
#9948=DIRECTION('',(0.509441823701605,0.860505100660991,0.));
#9949=DIRECTION('center_axis',(-0.928008246559702,0.372559652025265,0.));
#9950=DIRECTION('ref_axis',(0.,0.,1.));
#9951=DIRECTION('',(-0.372559652025265,-0.928008246559702,0.));
#9952=DIRECTION('',(0.,0.,1.));
#9953=DIRECTION('',(0.372559652025265,0.928008246559703,0.));
#9954=DIRECTION('center_axis',(-0.973874950244476,0.227084964905911,0.));
#9955=DIRECTION('ref_axis',(0.,0.,1.));
#9956=DIRECTION('',(-0.227084964905911,-0.973874950244476,0.));
#9957=DIRECTION('',(0.,0.,1.));
#9958=DIRECTION('',(0.227084964905911,0.973874950244476,0.));
#9959=DIRECTION('center_axis',(-0.997086168218245,0.0762835050837249,0.));
#9960=DIRECTION('ref_axis',(0.,0.,1.));
#9961=DIRECTION('',(-0.0762835050837249,-0.997086168218244,0.));
#9962=DIRECTION('',(0.0762835050837249,0.997086168218244,0.));
#9963=DIRECTION('center_axis',(-0.41266336144904,0.91088360953394,0.));
#9964=DIRECTION('ref_axis',(0.,0.,1.));
#9965=DIRECTION('',(-0.91088360953394,-0.41266336144904,0.));
#9966=DIRECTION('',(0.,0.,1.));
#9967=DIRECTION('',(0.91088360953394,0.41266336144904,0.));
#9968=DIRECTION('',(0.,0.,1.));
#9969=DIRECTION('center_axis',(-0.546532587756089,0.837437836809774,0.));
#9970=DIRECTION('ref_axis',(0.,0.,1.));
#9971=DIRECTION('',(-0.837437836809774,-0.546532587756089,0.));
#9972=DIRECTION('',(0.,0.,1.));
#9973=DIRECTION('',(0.837437836809774,0.546532587756089,0.));
#9974=DIRECTION('center_axis',(-0.667489089075374,0.744619578016404,0.));
#9975=DIRECTION('ref_axis',(0.,0.,1.));
#9976=DIRECTION('',(-0.744619578016404,-0.667489089075374,0.));
#9977=DIRECTION('',(0.,0.,1.));
#9978=DIRECTION('',(0.744619578016404,0.667489089075374,0.));
#9979=DIRECTION('center_axis',(-0.773020709891199,0.634380786341537,0.));
#9980=DIRECTION('ref_axis',(0.,0.,1.));
#9981=DIRECTION('',(-0.634380786341537,-0.773020709891199,0.));
#9982=DIRECTION('',(0.,0.,1.));
#9983=DIRECTION('',(0.634380786341536,0.773020709891199,0.));
#9984=DIRECTION('center_axis',(-0.860508345330618,0.509436343046275,0.));
#9985=DIRECTION('ref_axis',(0.,0.,1.));
#9986=DIRECTION('',(-0.509436343046275,-0.860508345330618,0.));
#9987=DIRECTION('',(0.,0.,1.));
#9988=DIRECTION('',(0.509436343046274,0.860508345330618,0.));
#9989=DIRECTION('center_axis',(-0.928006511388551,0.372563974131224,0.));
#9990=DIRECTION('ref_axis',(0.,0.,1.));
#9991=DIRECTION('',(-0.372563974131224,-0.928006511388551,0.));
#9992=DIRECTION('',(0.,0.,1.));
#9993=DIRECTION('',(0.372563974131224,0.928006511388551,0.));
#9994=DIRECTION('center_axis',(-0.973874950244476,0.227084964905911,0.));
#9995=DIRECTION('ref_axis',(0.,0.,1.));
#9996=DIRECTION('',(-0.227084964905911,-0.973874950244476,0.));
#9997=DIRECTION('',(0.,0.,1.));
#9998=DIRECTION('',(0.227084964905911,0.973874950244476,0.));
#9999=DIRECTION('center_axis',(-0.997086168218245,0.0762835050837249,0.));
#10000=DIRECTION('ref_axis',(0.,0.,1.));
#10001=DIRECTION('',(-0.0762835050837249,-0.997086168218244,0.));
#10002=DIRECTION('',(0.0762835050837249,0.997086168218244,0.));
#10003=DIRECTION('center_axis',(-0.342020922409008,0.939692337222397,0.));
#10004=DIRECTION('ref_axis',(0.,0.,1.));
#10005=DIRECTION('',(-0.939692337222397,-0.342020922409008,0.));
#10006=DIRECTION('',(0.939692337222397,0.342020922409008,0.));
#10007=DIRECTION('',(0.,0.,-1.));
#10008=DIRECTION('center_axis',(-0.41266336144904,0.91088360953394,0.));
#10009=DIRECTION('ref_axis',(0.,0.,1.));
#10010=DIRECTION('',(0.,0.,1.));
#10011=DIRECTION('',(0.91088360953394,0.41266336144904,0.));
#10012=DIRECTION('center_axis',(-0.546453677479215,0.83748933030185,0.));
#10013=DIRECTION('ref_axis',(0.,0.,1.));
#10014=DIRECTION('',(0.,0.,1.));
#10015=DIRECTION('',(0.83748933030185,0.546453677479215,0.));
#10016=DIRECTION('center_axis',(-0.667537607311569,0.744576082630074,0.));
#10017=DIRECTION('ref_axis',(0.,0.,1.));
#10018=DIRECTION('',(0.,0.,1.));
#10019=DIRECTION('',(0.744576082630074,0.667537607311568,0.));
#10020=DIRECTION('center_axis',(-0.772995552923752,0.634411439966291,0.));
#10021=DIRECTION('ref_axis',(0.,0.,1.));
#10022=DIRECTION('',(0.,0.,1.));
#10023=DIRECTION('',(0.634411439966291,0.772995552923752,0.));
#10024=DIRECTION('center_axis',(-0.860531055086119,0.509397981182073,0.));
#10025=DIRECTION('ref_axis',(0.,0.,1.));
#10026=DIRECTION('',(0.,0.,1.));
#10027=DIRECTION('',(0.509397981182073,0.860531055086119,0.));
#10028=DIRECTION('center_axis',(-0.927992627845045,0.372598554298386,0.));
#10029=DIRECTION('ref_axis',(0.,0.,1.));
#10030=DIRECTION('',(0.,0.,1.));
#10031=DIRECTION('',(0.372598554298386,0.927992627845045,0.));
#10032=DIRECTION('center_axis',(-0.973880107043286,0.227062848360001,0.));
#10033=DIRECTION('ref_axis',(0.,0.,1.));
#10034=DIRECTION('',(0.,0.,1.));
#10035=DIRECTION('',(0.227062848360001,0.973880107043287,0.));
#10036=DIRECTION('center_axis',(-0.997085586148979,0.0762911128110479,0.));
#10037=DIRECTION('ref_axis',(0.,0.,1.));
#10038=DIRECTION('',(0.0762911128110479,0.997085586148978,0.));
#10039=DIRECTION('center_axis',(-0.997085586148979,-0.0762911128110479,
0.));
#10040=DIRECTION('ref_axis',(0.,0.,1.));
#10041=DIRECTION('',(0.,0.,1.));
#10042=DIRECTION('',(0.0762911128110479,-0.997085586148978,0.));
#10043=DIRECTION('',(0.,0.,1.));
#10044=DIRECTION('center_axis',(-0.97387752883223,-0.227073906109068,0.));
#10045=DIRECTION('ref_axis',(0.,0.,1.));
#10046=DIRECTION('',(0.,0.,1.));
#10047=DIRECTION('',(0.227073906109068,-0.97387752883223,0.));
#10048=DIRECTION('center_axis',(-0.92799957010001,-0.372581263477106,0.));
#10049=DIRECTION('ref_axis',(0.,0.,1.));
#10050=DIRECTION('',(0.,0.,1.));
#10051=DIRECTION('',(0.372581263477106,-0.92799957010001,0.));
#10052=DIRECTION('center_axis',(-0.860518078711204,-0.509419901663821,0.));
#10053=DIRECTION('ref_axis',(0.,0.,1.));
#10054=DIRECTION('',(0.,0.,1.));
#10055=DIRECTION('',(0.509419901663822,-0.860518078711204,0.));
#10056=DIRECTION('center_axis',(-0.773005616148338,-0.634399178280622,0.));
#10057=DIRECTION('ref_axis',(0.,0.,1.));
#10058=DIRECTION('',(0.,0.,1.));
#10059=DIRECTION('',(0.634399178280622,-0.773005616148338,0.));
#10060=DIRECTION('center_axis',(-0.667523745825964,-0.74458850968738,0.));
#10061=DIRECTION('ref_axis',(0.,0.,1.));
#10062=DIRECTION('',(0.,0.,1.));
#10063=DIRECTION('',(0.74458850968738,-0.667523745825964,0.));
#10064=DIRECTION('center_axis',(-0.546453677479215,-0.83748933030185,0.));
#10065=DIRECTION('ref_axis',(0.,0.,1.));
#10066=DIRECTION('',(0.,0.,1.));
#10067=DIRECTION('',(0.83748933030185,-0.546453677479215,0.));
#10068=DIRECTION('center_axis',(-0.412746339948087,-0.910846012704375,0.));
#10069=DIRECTION('ref_axis',(0.,0.,-1.));
#10070=DIRECTION('',(0.,0.,1.));
#10071=DIRECTION('',(0.910846012704375,-0.412746339948087,0.));
#10072=DIRECTION('center_axis',(-1.,0.,0.));
#10073=DIRECTION('ref_axis',(0.,0.,1.));
#10074=DIRECTION('',(0.,1.,0.));
#10075=DIRECTION('',(0.,0.,1.));
#10076=DIRECTION('center_axis',(-0.41266336144904,0.91088360953394,0.));
#10077=DIRECTION('ref_axis',(0.,0.,1.));
#10078=DIRECTION('',(0.,0.,1.));
#10079=DIRECTION('',(0.91088360953394,0.41266336144904,0.));
#10080=DIRECTION('center_axis',(-0.546453677479215,0.83748933030185,0.));
#10081=DIRECTION('ref_axis',(0.,0.,1.));
#10082=DIRECTION('',(0.,0.,1.));
#10083=DIRECTION('',(0.83748933030185,0.546453677479215,0.));
#10084=DIRECTION('center_axis',(-0.667551468103145,0.744563655729539,0.));
#10085=DIRECTION('ref_axis',(0.,0.,1.));
#10086=DIRECTION('',(0.,0.,1.));
#10087=DIRECTION('',(0.744563655729539,0.667551468103145,0.));
#10088=DIRECTION('center_axis',(-0.772985489115646,0.634423701966317,0.));
#10089=DIRECTION('ref_axis',(0.,0.,1.));
#10090=DIRECTION('',(0.,0.,1.));
#10091=DIRECTION('',(0.634423701966317,0.772985489115646,0.));
#10092=DIRECTION('center_axis',(-0.860531055086119,0.509397981182073,0.));
#10093=DIRECTION('ref_axis',(0.,0.,1.));
#10094=DIRECTION('',(0.,0.,1.));
#10095=DIRECTION('',(0.509397981182073,0.860531055086119,0.));
#10096=DIRECTION('center_axis',(-0.927992627845045,0.372598554298386,0.));
#10097=DIRECTION('ref_axis',(0.,0.,1.));
#10098=DIRECTION('',(0.,0.,1.));
#10099=DIRECTION('',(0.372598554298386,0.927992627845045,0.));
#10100=DIRECTION('center_axis',(-0.973874950244476,0.227084964905911,0.));
#10101=DIRECTION('ref_axis',(0.,0.,1.));
#10102=DIRECTION('',(0.,0.,1.));
#10103=DIRECTION('',(0.227084964905911,0.973874950244476,0.));
#10104=DIRECTION('center_axis',(-0.997086168218245,0.0762835050837249,0.));
#10105=DIRECTION('ref_axis',(0.,0.,1.));
#10106=DIRECTION('',(0.0762835050837249,0.997086168218244,0.));
#10107=DIRECTION('center_axis',(-0.342019653848775,-0.939692798940784,0.));
#10108=DIRECTION('ref_axis',(0.,0.,-1.));
#10109=DIRECTION('',(0.939692798940784,-0.342019653848775,0.));
#10110=DIRECTION('',(0.,0.,1.));
#10111=DIRECTION('center_axis',(-0.996194667620709,-0.0871560910325016,
0.));
#10112=DIRECTION('ref_axis',(0.,0.,1.));
#10113=DIRECTION('',(0.,0.,1.));
#10114=DIRECTION('',(0.0871560910325016,-0.996194667620709,0.));
#10115=DIRECTION('',(0.,0.,1.));
#10116=DIRECTION('center_axis',(-0.965925779541756,-0.258819219565804,0.));
#10117=DIRECTION('ref_axis',(0.,0.,1.));
#10118=DIRECTION('',(0.,0.,1.));
#10119=DIRECTION('',(0.258819219565804,-0.965925779541756,0.));
#10120=DIRECTION('center_axis',(-0.906309173053558,-0.422615289405123,0.));
#10121=DIRECTION('ref_axis',(0.,0.,1.));
#10122=DIRECTION('',(0.,0.,1.));
#10123=DIRECTION('',(0.422615289405123,-0.906309173053558,0.));
#10124=DIRECTION('center_axis',(-0.819144519062258,-0.573587183338559,0.));
#10125=DIRECTION('ref_axis',(0.,0.,1.));
#10126=DIRECTION('',(0.,0.,1.));
#10127=DIRECTION('',(0.573587183338559,-0.819144519062258,0.));
#10128=DIRECTION('center_axis',(-0.707117723131522,-0.707095839072252,0.));
#10129=DIRECTION('ref_axis',(0.,0.,1.));
#10130=DIRECTION('',(0.,0.,1.));
#10131=DIRECTION('',(0.707095839072252,-0.707117723131522,0.));
#10132=DIRECTION('center_axis',(-0.57355744400899,-0.819165342541953,0.));
#10133=DIRECTION('ref_axis',(0.,0.,1.));
#10134=DIRECTION('',(0.,0.,1.));
#10135=DIRECTION('',(0.819165342541953,-0.57355744400899,0.));
#10136=DIRECTION('center_axis',(-0.422628468230347,-0.906303027602397,0.));
#10137=DIRECTION('ref_axis',(0.,0.,-1.));
#10138=DIRECTION('',(0.,0.,1.));
#10139=DIRECTION('',(0.906303027602397,-0.422628468230347,0.));
#10140=DIRECTION('center_axis',(-1.,0.,0.));
#10141=DIRECTION('ref_axis',(0.,0.,1.));
#10142=DIRECTION('',(0.,1.,0.));
#10143=DIRECTION('',(0.,0.,1.));
#10144=DIRECTION('center_axis',(-0.42259251644995,0.906319791817711,0.));
#10145=DIRECTION('ref_axis',(0.,0.,1.));
#10146=DIRECTION('',(0.,0.,1.));
#10147=DIRECTION('',(0.906319791817711,0.42259251644995,0.));
#10148=DIRECTION('center_axis',(-0.573616181239197,0.819124213181713,0.));
#10149=DIRECTION('ref_axis',(0.,0.,1.));
#10150=DIRECTION('',(0.,0.,1.));
#10151=DIRECTION('',(0.819124213181713,0.573616181239197,0.));
#10152=DIRECTION('center_axis',(-0.707095838733594,0.707117723470169,0.));
#10153=DIRECTION('ref_axis',(0.,0.,1.));
#10154=DIRECTION('',(0.,0.,1.));
#10155=DIRECTION('',(0.707117723470169,0.707095838733594,0.));
#10156=DIRECTION('center_axis',(-0.819144519062258,0.573587183338559,0.));
#10157=DIRECTION('ref_axis',(0.,0.,1.));
#10158=DIRECTION('',(0.,0.,1.));
#10159=DIRECTION('',(0.573587183338559,0.819144519062258,0.));
#10160=DIRECTION('center_axis',(-0.906309173053558,0.422615289405123,0.));
#10161=DIRECTION('ref_axis',(0.,0.,1.));
#10162=DIRECTION('',(0.,0.,1.));
#10163=DIRECTION('',(0.422615289405123,0.906309173053558,0.));
#10164=DIRECTION('center_axis',(-0.965925779541756,0.258819219565804,0.));
#10165=DIRECTION('ref_axis',(0.,0.,1.));
#10166=DIRECTION('',(0.,0.,1.));
#10167=DIRECTION('',(0.258819219565804,0.965925779541756,0.));
#10168=DIRECTION('center_axis',(-0.996194667620709,0.0871560910325016,0.));
#10169=DIRECTION('ref_axis',(0.,0.,1.));
#10170=DIRECTION('',(0.0871560910325016,0.996194667620709,0.));
#10171=DIRECTION('center_axis',(-0.342020378740566,-0.93969253510186,0.));
#10172=DIRECTION('ref_axis',(0.,0.,-1.));
#10173=DIRECTION('',(0.93969253510186,-0.342020378740566,0.));
#10174=DIRECTION('',(0.,0.,1.));
#10175=DIRECTION('center_axis',(-0.996194667620709,-0.0871560910325016,
0.));
#10176=DIRECTION('ref_axis',(0.,0.,1.));
#10177=DIRECTION('',(0.,0.,1.));
#10178=DIRECTION('',(0.0871560910325016,-0.996194667620709,0.));
#10179=DIRECTION('',(0.,0.,1.));
#10180=DIRECTION('center_axis',(-0.965925779541756,-0.258819219565804,0.));
#10181=DIRECTION('ref_axis',(0.,0.,1.));
#10182=DIRECTION('',(0.,0.,1.));
#10183=DIRECTION('',(0.258819219565804,-0.965925779541756,0.));
#10184=DIRECTION('center_axis',(-0.906301355417586,-0.422632054118292,0.));
#10185=DIRECTION('ref_axis',(0.,0.,1.));
#10186=DIRECTION('',(0.,0.,1.));
#10187=DIRECTION('',(0.422632054118292,-0.906301355417586,0.));
#10188=DIRECTION('center_axis',(-0.819158918522708,-0.573566618802653,0.));
#10189=DIRECTION('ref_axis',(0.,0.,1.));
#10190=DIRECTION('',(0.,0.,1.));
#10191=DIRECTION('',(0.573566618802653,-0.819158918522708,0.));
#10192=DIRECTION('center_axis',(-0.707095838733594,-0.707117723470169,0.));
#10193=DIRECTION('ref_axis',(0.,0.,1.));
#10194=DIRECTION('',(0.,0.,1.));
#10195=DIRECTION('',(0.707117723470169,-0.707095838733594,0.));
#10196=DIRECTION('center_axis',(-0.573616181239197,-0.819124213181713,0.));
#10197=DIRECTION('ref_axis',(0.,0.,1.));
#10198=DIRECTION('',(0.,0.,1.));
#10199=DIRECTION('',(0.819124213181713,-0.573616181239197,0.));
#10200=DIRECTION('center_axis',(-0.42259251644995,-0.906319791817711,0.));
#10201=DIRECTION('ref_axis',(0.,0.,-1.));
#10202=DIRECTION('',(0.,0.,1.));
#10203=DIRECTION('',(0.906319791817711,-0.42259251644995,0.));
#10204=DIRECTION('center_axis',(-1.,0.,0.));
#10205=DIRECTION('ref_axis',(0.,0.,1.));
#10206=DIRECTION('',(0.,1.,0.));
#10207=DIRECTION('',(0.,0.,1.));
#10208=DIRECTION('center_axis',(-0.42259251644995,0.906319791817711,0.));
#10209=DIRECTION('ref_axis',(0.,0.,1.));
#10210=DIRECTION('',(0.,0.,1.));
#10211=DIRECTION('',(0.906319791817711,0.42259251644995,0.));
#10212=DIRECTION('center_axis',(-0.573586813730045,0.819144777872029,0.));
#10213=DIRECTION('ref_axis',(0.,0.,1.));
#10214=DIRECTION('',(0.,0.,1.));
#10215=DIRECTION('',(0.819144777872029,0.573586813730045,0.));
#10216=DIRECTION('center_axis',(-0.707117723131522,0.707095839072252,0.));
#10217=DIRECTION('ref_axis',(0.,0.,1.));
#10218=DIRECTION('',(0.,0.,1.));
#10219=DIRECTION('',(0.707095839072252,0.707117723131522,0.));
#10220=DIRECTION('center_axis',(-0.819144519062258,0.573587183338559,0.));
#10221=DIRECTION('ref_axis',(0.,0.,1.));
#10222=DIRECTION('',(0.,0.,1.));
#10223=DIRECTION('',(0.573587183338559,0.819144519062258,0.));
#10224=DIRECTION('center_axis',(-0.906309173053558,0.422615289405123,0.));
#10225=DIRECTION('ref_axis',(0.,0.,1.));
#10226=DIRECTION('',(0.,0.,1.));
#10227=DIRECTION('',(0.422615289405123,0.906309173053558,0.));
#10228=DIRECTION('center_axis',(-0.96592284742209,0.258830162129536,0.));
#10229=DIRECTION('ref_axis',(0.,0.,1.));
#10230=DIRECTION('',(0.,0.,1.));
#10231=DIRECTION('',(0.258830162129536,0.96592284742209,0.));
#10232=DIRECTION('center_axis',(-0.996195000080432,0.0871522909323035,0.));
#10233=DIRECTION('ref_axis',(0.,0.,1.));
#10234=DIRECTION('',(0.0871522909323035,0.996195000080432,0.));
#10235=DIRECTION('center_axis',(-0.342020378740566,-0.93969253510186,0.));
#10236=DIRECTION('ref_axis',(0.,0.,-1.));
#10237=DIRECTION('',(0.93969253510186,-0.342020378740566,0.));
#10238=DIRECTION('',(0.,0.,1.));
#10239=DIRECTION('center_axis',(-0.996195000080432,-0.0871522909323035,
0.));
#10240=DIRECTION('ref_axis',(0.,0.,1.));
#10241=DIRECTION('',(0.,0.,1.));
#10242=DIRECTION('',(0.0871522909323035,-0.996195000080432,0.));
#10243=DIRECTION('',(0.,0.,1.));
#10244=DIRECTION('center_axis',(-0.96592284742209,-0.258830162129536,0.));
#10245=DIRECTION('ref_axis',(0.,0.,1.));
#10246=DIRECTION('',(0.,0.,1.));
#10247=DIRECTION('',(0.258830162129536,-0.96592284742209,0.));
#10248=DIRECTION('center_axis',(-0.906309173053558,-0.422615289405123,0.));
#10249=DIRECTION('ref_axis',(0.,0.,1.));
#10250=DIRECTION('',(0.,0.,1.));
#10251=DIRECTION('',(0.422615289405123,-0.906309173053558,0.));
#10252=DIRECTION('center_axis',(-0.819158918522708,-0.573566618802653,0.));
#10253=DIRECTION('ref_axis',(0.,0.,1.));
#10254=DIRECTION('',(0.,0.,1.));
#10255=DIRECTION('',(0.573566618802653,-0.819158918522708,0.));
#10256=DIRECTION('center_axis',(-0.707095838733594,-0.707117723470169,0.));
#10257=DIRECTION('ref_axis',(0.,0.,1.));
#10258=DIRECTION('',(0.,0.,1.));
#10259=DIRECTION('',(0.707117723470169,-0.707095838733594,0.));
#10260=DIRECTION('center_axis',(-0.573586813730045,-0.819144777872029,0.));
#10261=DIRECTION('ref_axis',(0.,0.,1.));
#10262=DIRECTION('',(0.,0.,1.));
#10263=DIRECTION('',(0.819144777872029,-0.573586813730045,0.));
#10264=DIRECTION('center_axis',(-0.422628468230347,-0.906303027602397,0.));
#10265=DIRECTION('ref_axis',(0.,0.,-1.));
#10266=DIRECTION('',(0.,0.,1.));
#10267=DIRECTION('',(0.906303027602397,-0.422628468230347,0.));
#10268=DIRECTION('center_axis',(-1.,0.,0.));
#10269=DIRECTION('ref_axis',(0.,0.,1.));
#10270=DIRECTION('',(0.,1.,0.));
#10271=DIRECTION('',(0.,0.,1.));
#10272=DIRECTION('center_axis',(-0.422664418015713,0.906286262581222,0.));
#10273=DIRECTION('ref_axis',(0.,0.,1.));
#10274=DIRECTION('',(0.,0.,1.));
#10275=DIRECTION('',(0.906286262581222,0.422664418015713,0.));
#10276=DIRECTION('center_axis',(-0.57355744400899,0.819165342541953,0.));
#10277=DIRECTION('ref_axis',(0.,0.,1.));
#10278=DIRECTION('',(0.,0.,1.));
#10279=DIRECTION('',(0.819165342541953,0.57355744400899,0.));
#10280=DIRECTION('center_axis',(-0.707095838733594,0.707117723470169,0.));
#10281=DIRECTION('ref_axis',(0.,0.,1.));
#10282=DIRECTION('',(0.,0.,1.));
#10283=DIRECTION('',(0.707117723470169,0.707095838733594,0.));
#10284=DIRECTION('center_axis',(-0.819158918522708,0.573566618802653,0.));
#10285=DIRECTION('ref_axis',(0.,0.,1.));
#10286=DIRECTION('',(0.,0.,1.));
#10287=DIRECTION('',(0.573566618802653,0.819158918522708,0.));
#10288=DIRECTION('center_axis',(-0.906309173053558,0.422615289405123,0.));
#10289=DIRECTION('ref_axis',(0.,0.,1.));
#10290=DIRECTION('',(0.,0.,1.));
#10291=DIRECTION('',(0.422615289405123,0.906309173053558,0.));
#10292=DIRECTION('center_axis',(-0.965925779541756,0.258819219565804,0.));
#10293=DIRECTION('ref_axis',(0.,0.,1.));
#10294=DIRECTION('',(0.,0.,1.));
#10295=DIRECTION('',(0.258819219565804,0.965925779541756,0.));
#10296=DIRECTION('center_axis',(-0.996194667620709,0.0871560910325016,0.));
#10297=DIRECTION('ref_axis',(0.,0.,1.));
#10298=DIRECTION('',(0.0871560910325016,0.996194667620709,0.));
#10299=DIRECTION('center_axis',(-0.342019653848775,-0.939692798940784,0.));
#10300=DIRECTION('ref_axis',(0.,0.,-1.));
#10301=DIRECTION('',(0.939692798940784,-0.342019653848775,0.));
#10302=DIRECTION('',(0.,0.,1.));
#10303=DIRECTION('center_axis',(-0.996195000080432,-0.0871522909323035,
0.));
#10304=DIRECTION('ref_axis',(0.,0.,1.));
#10305=DIRECTION('',(0.,0.,1.));
#10306=DIRECTION('',(0.0871522909323035,-0.996195000080432,0.));
#10307=DIRECTION('',(0.,0.,1.));
#10308=DIRECTION('center_axis',(-0.965925779541756,-0.258819219565804,0.));
#10309=DIRECTION('ref_axis',(0.,0.,1.));
#10310=DIRECTION('',(0.,0.,1.));
#10311=DIRECTION('',(0.258819219565804,-0.965925779541756,0.));
#10312=DIRECTION('center_axis',(-0.906309173053558,-0.422615289405123,0.));
#10313=DIRECTION('ref_axis',(0.,0.,1.));
#10314=DIRECTION('',(0.,0.,1.));
#10315=DIRECTION('',(0.422615289405123,-0.906309173053558,0.));
#10316=DIRECTION('center_axis',(-0.819130118052914,-0.573607748987599,0.));
#10317=DIRECTION('ref_axis',(0.,0.,1.));
#10318=DIRECTION('',(0.,0.,1.));
#10319=DIRECTION('',(0.573607748987599,-0.819130118052914,0.));
#10320=DIRECTION('center_axis',(-0.707139605497629,-0.707073955351671,0.));
#10321=DIRECTION('ref_axis',(0.,0.,1.));
#10322=DIRECTION('',(0.,0.,1.));
#10323=DIRECTION('',(0.707073955351671,-0.70713960549763,0.));
#10324=DIRECTION('center_axis',(-0.57355744400899,-0.819165342541953,0.));
#10325=DIRECTION('ref_axis',(0.,0.,1.));
#10326=DIRECTION('',(0.,0.,1.));
#10327=DIRECTION('',(0.819165342541953,-0.57355744400899,0.));
#10328=DIRECTION('center_axis',(-0.42259251644995,-0.906319791817711,0.));
#10329=DIRECTION('ref_axis',(0.,0.,-1.));
#10330=DIRECTION('',(0.,0.,1.));
#10331=DIRECTION('',(0.906319791817711,-0.42259251644995,0.));
#10332=DIRECTION('center_axis',(-1.,0.,0.));
#10333=DIRECTION('ref_axis',(0.,0.,1.));
#10334=DIRECTION('',(0.,1.,0.));
#10335=DIRECTION('',(0.,0.,1.));
#10336=DIRECTION('center_axis',(-0.422628468230347,0.906303027602397,0.));
#10337=DIRECTION('ref_axis',(0.,0.,1.));
#10338=DIRECTION('',(0.,0.,1.));
#10339=DIRECTION('',(0.906303027602397,0.422628468230347,0.));
#10340=DIRECTION('center_axis',(-0.573586813730045,0.819144777872029,0.));
#10341=DIRECTION('ref_axis',(0.,0.,1.));
#10342=DIRECTION('',(0.,0.,1.));
#10343=DIRECTION('',(0.819144777872029,0.573586813730045,0.));
#10344=DIRECTION('center_axis',(-0.707095838733594,0.707117723470169,0.));
#10345=DIRECTION('ref_axis',(0.,0.,1.));
#10346=DIRECTION('',(0.,0.,1.));
#10347=DIRECTION('',(0.707117723470169,0.707095838733594,0.));
#10348=DIRECTION('center_axis',(-0.819158918522708,0.573566618802653,0.));
#10349=DIRECTION('ref_axis',(0.,0.,1.));
#10350=DIRECTION('',(0.,0.,1.));
#10351=DIRECTION('',(0.573566618802653,0.819158918522708,0.));
#10352=DIRECTION('center_axis',(-0.906301355417586,0.422632054118292,0.));
#10353=DIRECTION('ref_axis',(0.,0.,1.));
#10354=DIRECTION('',(0.,0.,1.));
#10355=DIRECTION('',(0.422632054118292,0.906301355417586,0.));
#10356=DIRECTION('center_axis',(-0.965925779541756,0.258819219565804,0.));
#10357=DIRECTION('ref_axis',(0.,0.,1.));
#10358=DIRECTION('',(0.,0.,1.));
#10359=DIRECTION('',(0.258819219565804,0.965925779541756,0.));
#10360=DIRECTION('center_axis',(-0.996194667620709,0.0871560910325016,0.));
#10361=DIRECTION('ref_axis',(0.,0.,1.));
#10362=DIRECTION('',(0.0871560910325016,0.996194667620709,0.));
#10363=DIRECTION('center_axis',(-0.342020378740566,-0.93969253510186,0.));
#10364=DIRECTION('ref_axis',(0.,0.,-1.));
#10365=DIRECTION('',(0.93969253510186,-0.342020378740566,0.));
#10366=DIRECTION('',(0.,0.,1.));
#10367=DIRECTION('center_axis',(-0.996194667620709,-0.0871560910325016,
0.));
#10368=DIRECTION('ref_axis',(0.,0.,1.));
#10369=DIRECTION('',(0.,0.,1.));
#10370=DIRECTION('',(0.0871560910325016,-0.996194667620709,0.));
#10371=DIRECTION('',(0.,0.,1.));
#10372=DIRECTION('center_axis',(-0.965925779541756,-0.258819219565804,0.));
#10373=DIRECTION('ref_axis',(0.,0.,1.));
#10374=DIRECTION('',(0.,0.,1.));
#10375=DIRECTION('',(0.258819219565804,-0.965925779541756,0.));
#10376=DIRECTION('center_axis',(-0.906301355417586,-0.422632054118292,0.));
#10377=DIRECTION('ref_axis',(0.,0.,1.));
#10378=DIRECTION('',(0.,0.,1.));
#10379=DIRECTION('',(0.422632054118292,-0.906301355417586,0.));
#10380=DIRECTION('center_axis',(-0.819158918522708,-0.573566618802653,0.));
#10381=DIRECTION('ref_axis',(0.,0.,1.));
#10382=DIRECTION('',(0.,0.,1.));
#10383=DIRECTION('',(0.573566618802653,-0.819158918522708,0.));
#10384=DIRECTION('center_axis',(-0.707095838733594,-0.707117723470169,0.));
#10385=DIRECTION('ref_axis',(0.,0.,1.));
#10386=DIRECTION('',(0.,0.,1.));
#10387=DIRECTION('',(0.707117723470169,-0.707095838733594,0.));
#10388=DIRECTION('center_axis',(-0.573616181239197,-0.819124213181713,0.));
#10389=DIRECTION('ref_axis',(0.,0.,1.));
#10390=DIRECTION('',(0.,0.,1.));
#10391=DIRECTION('',(0.819124213181713,-0.573616181239197,0.));
#10392=DIRECTION('center_axis',(-0.42259251644995,-0.906319791817711,0.));
#10393=DIRECTION('ref_axis',(0.,0.,-1.));
#10394=DIRECTION('',(0.,0.,1.));
#10395=DIRECTION('',(0.906319791817711,-0.42259251644995,0.));
#10396=DIRECTION('center_axis',(-1.,0.,0.));
#10397=DIRECTION('ref_axis',(0.,0.,1.));
#10398=DIRECTION('',(0.,1.,0.));
#10399=DIRECTION('',(0.,0.,1.));
#10400=DIRECTION('center_axis',(-0.42259251644995,0.906319791817711,0.));
#10401=DIRECTION('ref_axis',(0.,0.,1.));
#10402=DIRECTION('',(0.,0.,1.));
#10403=DIRECTION('',(0.906319791817711,0.42259251644995,0.));
#10404=DIRECTION('center_axis',(-0.57355744400899,0.819165342541953,0.));
#10405=DIRECTION('ref_axis',(0.,0.,1.));
#10406=DIRECTION('',(0.,0.,1.));
#10407=DIRECTION('',(0.819165342541953,0.57355744400899,0.));
#10408=DIRECTION('center_axis',(-0.707139605497629,0.707073955351671,0.));
#10409=DIRECTION('ref_axis',(0.,0.,1.));
#10410=DIRECTION('',(0.,0.,1.));
#10411=DIRECTION('',(0.707073955351671,0.70713960549763,0.));
#10412=DIRECTION('center_axis',(-0.819144519062258,0.573587183338559,0.));
#10413=DIRECTION('ref_axis',(0.,0.,1.));
#10414=DIRECTION('',(0.,0.,1.));
#10415=DIRECTION('',(0.573587183338559,0.819144519062258,0.));
#10416=DIRECTION('center_axis',(-0.906309173053558,0.422615289405123,0.));
#10417=DIRECTION('ref_axis',(0.,0.,1.));
#10418=DIRECTION('',(0.,0.,1.));
#10419=DIRECTION('',(0.422615289405123,0.906309173053558,0.));
#10420=DIRECTION('center_axis',(-0.965925779541756,0.258819219565804,0.));
#10421=DIRECTION('ref_axis',(0.,0.,1.));
#10422=DIRECTION('',(0.,0.,1.));
#10423=DIRECTION('',(0.258819219565804,0.965925779541756,0.));
#10424=DIRECTION('center_axis',(-0.996194667620709,0.0871560910325016,0.));
#10425=DIRECTION('ref_axis',(0.,0.,1.));
#10426=DIRECTION('',(0.0871560910325016,0.996194667620709,0.));
#10427=DIRECTION('center_axis',(-0.342020378740566,-0.93969253510186,0.));
#10428=DIRECTION('ref_axis',(0.,0.,-1.));
#10429=DIRECTION('',(0.93969253510186,-0.342020378740566,0.));
#10430=DIRECTION('',(0.,0.,1.));
#10431=DIRECTION('center_axis',(-0.996194667620709,-0.0871560910325016,
0.));
#10432=DIRECTION('ref_axis',(0.,0.,1.));
#10433=DIRECTION('',(0.,0.,1.));
#10434=DIRECTION('',(0.0871560910325016,-0.996194667620709,0.));
#10435=DIRECTION('',(0.,0.,1.));
#10436=DIRECTION('center_axis',(-0.96592284742209,-0.258830162129536,0.));
#10437=DIRECTION('ref_axis',(0.,0.,1.));
#10438=DIRECTION('',(0.,0.,1.));
#10439=DIRECTION('',(0.258830162129536,-0.96592284742209,0.));
#10440=DIRECTION('center_axis',(-0.906301355417586,-0.422632054118292,0.));
#10441=DIRECTION('ref_axis',(0.,0.,1.));
#10442=DIRECTION('',(0.,0.,1.));
#10443=DIRECTION('',(0.422632054118292,-0.906301355417586,0.));
#10444=DIRECTION('center_axis',(-0.8191877127977,-0.573525493070075,0.));
#10445=DIRECTION('ref_axis',(0.,0.,1.));
#10446=DIRECTION('',(0.,0.,1.));
#10447=DIRECTION('',(0.573525493070075,-0.8191877127977,0.));
#10448=DIRECTION('center_axis',(-0.707073952303658,-0.70713960854536,0.));
#10449=DIRECTION('ref_axis',(0.,0.,1.));
#10450=DIRECTION('',(0.,0.,1.));
#10451=DIRECTION('',(0.70713960854536,-0.707073952303658,0.));
#10452=DIRECTION('center_axis',(-0.573616181239197,-0.819124213181713,0.));
#10453=DIRECTION('ref_axis',(0.,0.,1.));
#10454=DIRECTION('',(0.,0.,1.));
#10455=DIRECTION('',(0.819124213181713,-0.573616181239197,0.));
#10456=DIRECTION('center_axis',(-0.422556562674543,-0.906336555226962,0.));
#10457=DIRECTION('ref_axis',(0.,0.,-1.));
#10458=DIRECTION('',(0.,0.,1.));
#10459=DIRECTION('',(0.906336555226962,-0.422556562674543,0.));
#10460=DIRECTION('center_axis',(-1.,0.,0.));
#10461=DIRECTION('ref_axis',(0.,0.,1.));
#10462=DIRECTION('',(0.,1.,0.));
#10463=DIRECTION('',(0.,0.,1.));
#10464=DIRECTION('center_axis',(-0.422556562674543,0.906336555226962,0.));
#10465=DIRECTION('ref_axis',(0.,0.,1.));
#10466=DIRECTION('',(0.,0.,1.));
#10467=DIRECTION('',(0.906336555226962,0.422556562674543,0.));
#10468=DIRECTION('center_axis',(-0.573616181239197,0.819124213181713,0.));
#10469=DIRECTION('ref_axis',(0.,0.,1.));
#10470=DIRECTION('',(0.,0.,1.));
#10471=DIRECTION('',(0.819124213181713,0.573616181239197,0.));
#10472=DIRECTION('center_axis',(-0.707117723131522,0.707095839072252,0.));
#10473=DIRECTION('ref_axis',(0.,0.,1.));
#10474=DIRECTION('',(0.,0.,1.));
#10475=DIRECTION('',(0.707095839072252,0.707117723131522,0.));
#10476=DIRECTION('center_axis',(-0.819158918522708,0.573566618802653,0.));
#10477=DIRECTION('ref_axis',(0.,0.,1.));
#10478=DIRECTION('',(0.,0.,1.));
#10479=DIRECTION('',(0.573566618802653,0.819158918522708,0.));
#10480=DIRECTION('center_axis',(-0.906301355417586,0.422632054118292,0.));
#10481=DIRECTION('ref_axis',(0.,0.,1.));
#10482=DIRECTION('',(0.,0.,1.));
#10483=DIRECTION('',(0.422632054118292,0.906301355417586,0.));
#10484=DIRECTION('center_axis',(-0.96592284742209,0.258830162129536,0.));
#10485=DIRECTION('ref_axis',(0.,0.,1.));
#10486=DIRECTION('',(0.,0.,1.));
#10487=DIRECTION('',(0.258830162129536,0.96592284742209,0.));
#10488=DIRECTION('center_axis',(-0.996194667620709,0.0871560910325016,0.));
#10489=DIRECTION('ref_axis',(0.,0.,1.));
#10490=DIRECTION('',(0.0871560910325016,0.996194667620709,0.));
#10491=DIRECTION('center_axis',(-0.342020378740566,-0.93969253510186,0.));
#10492=DIRECTION('ref_axis',(0.,0.,-1.));
#10493=DIRECTION('',(0.93969253510186,-0.342020378740566,0.));
#10494=DIRECTION('',(0.,0.,1.));
#10495=DIRECTION('center_axis',(-0.996194667620709,-0.0871560910325016,
0.));
#10496=DIRECTION('ref_axis',(0.,0.,1.));
#10497=DIRECTION('',(0.,0.,1.));
#10498=DIRECTION('',(0.0871560910325016,-0.996194667620709,0.));
#10499=DIRECTION('',(0.,0.,1.));
#10500=DIRECTION('center_axis',(-0.96592284742209,-0.258830162129536,0.));
#10501=DIRECTION('ref_axis',(0.,0.,1.));
#10502=DIRECTION('',(0.,0.,1.));
#10503=DIRECTION('',(0.258830162129536,-0.96592284742209,0.));
#10504=DIRECTION('center_axis',(-0.906301355417586,-0.422632054118292,0.));
#10505=DIRECTION('ref_axis',(0.,0.,1.));
#10506=DIRECTION('',(0.,0.,1.));
#10507=DIRECTION('',(0.422632054118292,-0.906301355417586,0.));
#10508=DIRECTION('center_axis',(-0.819158918522708,-0.573566618802653,0.));
#10509=DIRECTION('ref_axis',(0.,0.,1.));
#10510=DIRECTION('',(0.,0.,1.));
#10511=DIRECTION('',(0.573566618802653,-0.819158918522708,0.));
#10512=DIRECTION('center_axis',(-0.707117723131522,-0.707095839072252,0.));
#10513=DIRECTION('ref_axis',(0.,0.,1.));
#10514=DIRECTION('',(0.,0.,1.));
#10515=DIRECTION('',(0.707095839072252,-0.707117723131522,0.));
#10516=DIRECTION('center_axis',(-0.573616181239197,-0.819124213181713,0.));
#10517=DIRECTION('ref_axis',(0.,0.,1.));
#10518=DIRECTION('',(0.,0.,1.));
#10519=DIRECTION('',(0.819124213181713,-0.573616181239197,0.));
#10520=DIRECTION('center_axis',(-0.422556562674543,-0.906336555226962,0.));
#10521=DIRECTION('ref_axis',(0.,0.,-1.));
#10522=DIRECTION('',(0.,0.,1.));
#10523=DIRECTION('',(0.906336555226962,-0.422556562674543,0.));
#10524=DIRECTION('center_axis',(-1.,0.,0.));
#10525=DIRECTION('ref_axis',(0.,0.,1.));
#10526=DIRECTION('',(0.,1.,0.));
#10527=DIRECTION('',(0.,0.,1.));
#10528=DIRECTION('center_axis',(-0.422556562674543,0.906336555226962,0.));
#10529=DIRECTION('ref_axis',(0.,0.,1.));
#10530=DIRECTION('',(0.,0.,1.));
#10531=DIRECTION('',(0.906336555226962,0.422556562674543,0.));
#10532=DIRECTION('center_axis',(-0.573616181239197,0.819124213181713,0.));
#10533=DIRECTION('ref_axis',(0.,0.,1.));
#10534=DIRECTION('',(0.,0.,1.));
#10535=DIRECTION('',(0.819124213181713,0.573616181239197,0.));
#10536=DIRECTION('center_axis',(-0.707073952303658,0.70713960854536,0.));
#10537=DIRECTION('ref_axis',(0.,0.,1.));
#10538=DIRECTION('',(0.,0.,1.));
#10539=DIRECTION('',(0.70713960854536,0.707073952303658,0.));
#10540=DIRECTION('center_axis',(-0.819158918522708,0.573566618802653,0.));
#10541=DIRECTION('ref_axis',(0.,0.,1.));
#10542=DIRECTION('',(0.,0.,1.));
#10543=DIRECTION('',(0.573566618802653,0.819158918522708,0.));
#10544=DIRECTION('center_axis',(-0.906316989759265,0.422598525877343,0.));
#10545=DIRECTION('ref_axis',(0.,0.,1.));
#10546=DIRECTION('',(0.,0.,1.));
#10547=DIRECTION('',(0.422598525877343,0.906316989759265,0.));
#10548=DIRECTION('center_axis',(-0.96592284742209,0.258830162129536,0.));
#10549=DIRECTION('ref_axis',(0.,0.,1.));
#10550=DIRECTION('',(0.,0.,1.));
#10551=DIRECTION('',(0.258830162129536,0.96592284742209,0.));
#10552=DIRECTION('center_axis',(-0.996194667620709,0.0871560910325016,0.));
#10553=DIRECTION('ref_axis',(0.,0.,1.));
#10554=DIRECTION('',(0.0871560910325016,0.996194667620709,0.));
#10555=DIRECTION('center_axis',(-0.342020378740566,-0.93969253510186,0.));
#10556=DIRECTION('ref_axis',(0.,0.,-1.));
#10557=DIRECTION('',(0.93969253510186,-0.342020378740566,0.));
#10558=DIRECTION('',(0.,0.,1.));
#10559=DIRECTION('center_axis',(-0.996195332496671,-0.0871484911622,0.));
#10560=DIRECTION('ref_axis',(0.,0.,1.));
#10561=DIRECTION('',(0.,0.,1.));
#10562=DIRECTION('',(0.0871484911622,-0.996195332496671,0.));
#10563=DIRECTION('',(0.,0.,1.));
#10564=DIRECTION('center_axis',(-0.96592871128956,-0.25880827789406,0.));
#10565=DIRECTION('ref_axis',(0.,0.,1.));
#10566=DIRECTION('',(0.,0.,1.));
#10567=DIRECTION('',(0.25880827789406,-0.96592871128956,0.));
#10568=DIRECTION('center_axis',(-0.906301355417586,-0.422632054118292,0.));
#10569=DIRECTION('ref_axis',(0.,0.,1.));
#10570=DIRECTION('',(0.,0.,1.));
#10571=DIRECTION('',(0.422632054118292,-0.906301355417586,0.));
#10572=DIRECTION('center_axis',(-0.819130118052914,-0.573607748987599,0.));
#10573=DIRECTION('ref_axis',(0.,0.,1.));
#10574=DIRECTION('',(0.,0.,1.));
#10575=DIRECTION('',(0.573607748987599,-0.819130118052914,0.));
#10576=DIRECTION('center_axis',(-0.707161485832105,-0.70705207230849,0.));
#10577=DIRECTION('ref_axis',(0.,0.,1.));
#10578=DIRECTION('',(0.,0.,1.));
#10579=DIRECTION('',(0.70705207230849,-0.707161485832105,0.));
#10580=DIRECTION('center_axis',(-0.573498697930737,-0.819206471819986,0.));
#10581=DIRECTION('ref_axis',(0.,0.,1.));
#10582=DIRECTION('',(0.,0.,1.));
#10583=DIRECTION('',(0.819206471819986,-0.573498697930737,0.));
#10584=DIRECTION('center_axis',(-0.422628468230347,-0.906303027602397,0.));
#10585=DIRECTION('ref_axis',(0.,0.,-1.));
#10586=DIRECTION('',(0.,0.,1.));
#10587=DIRECTION('',(0.906303027602397,-0.422628468230347,0.));
#10588=DIRECTION('center_axis',(-1.,0.,0.));
#10589=DIRECTION('ref_axis',(0.,0.,1.));
#10590=DIRECTION('',(0.,1.,0.));
#10591=DIRECTION('',(0.,0.,1.));
#10592=DIRECTION('center_axis',(-0.422628468230347,0.906303027602397,0.));
#10593=DIRECTION('ref_axis',(0.,0.,1.));
#10594=DIRECTION('',(0.,0.,1.));
#10595=DIRECTION('',(0.906303027602397,0.422628468230347,0.));
#10596=DIRECTION('center_axis',(-0.573616181239197,0.819124213181713,0.));
#10597=DIRECTION('ref_axis',(0.,0.,1.));
#10598=DIRECTION('',(0.,0.,1.));
#10599=DIRECTION('',(0.819124213181713,0.573616181239197,0.));
#10600=DIRECTION('center_axis',(-0.707073952303658,0.70713960854536,0.));
#10601=DIRECTION('ref_axis',(0.,0.,1.));
#10602=DIRECTION('',(0.,0.,1.));
#10603=DIRECTION('',(0.70713960854536,0.707073952303658,0.));
#10604=DIRECTION('center_axis',(-0.819158918522708,0.573566618802653,0.));
#10605=DIRECTION('ref_axis',(0.,0.,1.));
#10606=DIRECTION('',(0.,0.,1.));
#10607=DIRECTION('',(0.573566618802653,0.819158918522708,0.));
#10608=DIRECTION('center_axis',(-0.906316989759265,0.422598525877343,0.));
#10609=DIRECTION('ref_axis',(0.,0.,1.));
#10610=DIRECTION('',(0.,0.,1.));
#10611=DIRECTION('',(0.422598525877343,0.906316989759265,0.));
#10612=DIRECTION('center_axis',(-0.96592284742209,0.258830162129536,0.));
#10613=DIRECTION('ref_axis',(0.,0.,1.));
#10614=DIRECTION('',(0.,0.,1.));
#10615=DIRECTION('',(0.258830162129536,0.96592284742209,0.));
#10616=DIRECTION('center_axis',(-0.996194667620709,0.0871560910325016,0.));
#10617=DIRECTION('ref_axis',(0.,0.,1.));
#10618=DIRECTION('',(0.0871560910325016,0.996194667620709,0.));
#10619=DIRECTION('center_axis',(-0.342020378740566,-0.93969253510186,0.));
#10620=DIRECTION('ref_axis',(0.,0.,-1.));
#10621=DIRECTION('',(0.93969253510186,-0.342020378740566,0.));
#10622=DIRECTION('',(0.,0.,1.));
#10623=DIRECTION('center_axis',(-0.996195332496671,-0.0871484911622,0.));
#10624=DIRECTION('ref_axis',(0.,0.,1.));
#10625=DIRECTION('',(0.,0.,1.));
#10626=DIRECTION('',(0.0871484911622,-0.996195332496671,0.));
#10627=DIRECTION('',(0.,0.,1.));
#10628=DIRECTION('center_axis',(-0.96592284742209,-0.258830162129536,0.));
#10629=DIRECTION('ref_axis',(0.,0.,1.));
#10630=DIRECTION('',(0.,0.,1.));
#10631=DIRECTION('',(0.258830162129536,-0.96592284742209,0.));
#10632=DIRECTION('center_axis',(-0.906316989759265,-0.422598525877343,0.));
#10633=DIRECTION('ref_axis',(0.,0.,1.));
#10634=DIRECTION('',(0.,0.,1.));
#10635=DIRECTION('',(0.422598525877343,-0.906316989759265,0.));
#10636=DIRECTION('center_axis',(-0.819130118052914,-0.573607748987599,0.));
#10637=DIRECTION('ref_axis',(0.,0.,1.));
#10638=DIRECTION('',(0.,0.,1.));
#10639=DIRECTION('',(0.573607748987599,-0.819130118052914,0.));
#10640=DIRECTION('center_axis',(-0.707117723131522,-0.707095839072252,0.));
#10641=DIRECTION('ref_axis',(0.,0.,1.));
#10642=DIRECTION('',(0.,0.,1.));
#10643=DIRECTION('',(0.707095839072252,-0.707117723131522,0.));
#10644=DIRECTION('center_axis',(-0.57355744400899,-0.819165342541953,0.));
#10645=DIRECTION('ref_axis',(0.,0.,1.));
#10646=DIRECTION('',(0.,0.,1.));
#10647=DIRECTION('',(0.819165342541953,-0.57355744400899,0.));
#10648=DIRECTION('center_axis',(-0.422628468230347,-0.906303027602397,0.));
#10649=DIRECTION('ref_axis',(0.,0.,-1.));
#10650=DIRECTION('',(0.,0.,1.));
#10651=DIRECTION('',(0.906303027602397,-0.422628468230347,0.));
#10652=DIRECTION('center_axis',(-1.,0.,0.));
#10653=DIRECTION('ref_axis',(0.,0.,1.));
#10654=DIRECTION('',(0.,1.,0.));
#10655=DIRECTION('',(0.,0.,1.));
#10656=DIRECTION('center_axis',(-0.422628468230347,0.906303027602397,0.));
#10657=DIRECTION('ref_axis',(0.,0.,1.));
#10658=DIRECTION('',(0.,0.,1.));
#10659=DIRECTION('',(0.906303027602397,0.422628468230347,0.));
#10660=DIRECTION('center_axis',(-0.57355744400899,0.819165342541953,0.));
#10661=DIRECTION('ref_axis',(0.,0.,1.));
#10662=DIRECTION('',(0.,0.,1.));
#10663=DIRECTION('',(0.819165342541953,0.57355744400899,0.));
#10664=DIRECTION('center_axis',(-0.707117723131522,0.707095839072252,0.));
#10665=DIRECTION('ref_axis',(0.,0.,1.));
#10666=DIRECTION('',(0.,0.,1.));
#10667=DIRECTION('',(0.707095839072252,0.707117723131522,0.));
#10668=DIRECTION('center_axis',(-0.819158918522708,0.573566618802653,0.));
#10669=DIRECTION('ref_axis',(0.,0.,1.));
#10670=DIRECTION('',(0.,0.,1.));
#10671=DIRECTION('',(0.573566618802653,0.819158918522708,0.));
#10672=DIRECTION('center_axis',(-0.906301355417586,0.422632054118292,0.));
#10673=DIRECTION('ref_axis',(0.,0.,1.));
#10674=DIRECTION('',(0.,0.,1.));
#10675=DIRECTION('',(0.422632054118292,0.906301355417586,0.));
#10676=DIRECTION('center_axis',(-0.96592871128956,0.25880827789406,0.));
#10677=DIRECTION('ref_axis',(0.,0.,1.));
#10678=DIRECTION('',(0.,0.,1.));
#10679=DIRECTION('',(0.25880827789406,0.96592871128956,0.));
#10680=DIRECTION('center_axis',(-0.996194667620709,0.0871560910325016,0.));
#10681=DIRECTION('ref_axis',(0.,0.,1.));
#10682=DIRECTION('',(0.0871560910325016,0.996194667620709,0.));
#10683=DIRECTION('center_axis',(-0.342020378740566,-0.93969253510186,0.));
#10684=DIRECTION('ref_axis',(0.,0.,-1.));
#10685=DIRECTION('',(0.93969253510186,-0.342020378740566,0.));
#10686=DIRECTION('',(0.,0.,1.));
#10687=DIRECTION('center_axis',(-0.996194667620709,-0.0871560910325016,
0.));
#10688=DIRECTION('ref_axis',(0.,0.,1.));
#10689=DIRECTION('',(0.,0.,1.));
#10690=DIRECTION('',(0.0871560910325016,-0.996194667620709,0.));
#10691=DIRECTION('',(0.,0.,1.));
#10692=DIRECTION('center_axis',(-0.96592871128956,-0.25880827789406,0.));
#10693=DIRECTION('ref_axis',(0.,0.,1.));
#10694=DIRECTION('',(0.,0.,1.));
#10695=DIRECTION('',(0.25880827789406,-0.96592871128956,0.));
#10696=DIRECTION('center_axis',(-0.906316989759265,-0.422598525877343,0.));
#10697=DIRECTION('ref_axis',(0.,0.,1.));
#10698=DIRECTION('',(0.,0.,1.));
#10699=DIRECTION('',(0.422598525877343,-0.906316989759265,0.));
#10700=DIRECTION('center_axis',(-0.819130118052914,-0.573607748987599,0.));
#10701=DIRECTION('ref_axis',(0.,0.,1.));
#10702=DIRECTION('',(0.,0.,1.));
#10703=DIRECTION('',(0.573607748987599,-0.819130118052914,0.));
#10704=DIRECTION('center_axis',(-0.707073952303658,-0.70713960854536,0.));
#10705=DIRECTION('ref_axis',(0.,0.,1.));
#10706=DIRECTION('',(0.,0.,1.));
#10707=DIRECTION('',(0.70713960854536,-0.707073952303658,0.));
#10708=DIRECTION('center_axis',(-0.573616181239197,-0.819124213181713,0.));
#10709=DIRECTION('ref_axis',(0.,0.,1.));
#10710=DIRECTION('',(0.,0.,1.));
#10711=DIRECTION('',(0.819124213181713,-0.573616181239197,0.));
#10712=DIRECTION('center_axis',(-0.422628468230347,-0.906303027602397,0.));
#10713=DIRECTION('ref_axis',(0.,0.,-1.));
#10714=DIRECTION('',(0.,0.,1.));
#10715=DIRECTION('',(0.906303027602397,-0.422628468230347,0.));
#10716=DIRECTION('center_axis',(-1.,0.,0.));
#10717=DIRECTION('ref_axis',(0.,0.,1.));
#10718=DIRECTION('',(0.,1.,0.));
#10719=DIRECTION('',(0.,0.,1.));
#10720=DIRECTION('center_axis',(-0.422628468230347,0.906303027602397,0.));
#10721=DIRECTION('ref_axis',(0.,0.,1.));
#10722=DIRECTION('',(0.,0.,1.));
#10723=DIRECTION('',(0.906303027602397,0.422628468230347,0.));
#10724=DIRECTION('center_axis',(-0.573616181239197,0.819124213181713,0.));
#10725=DIRECTION('ref_axis',(0.,0.,1.));
#10726=DIRECTION('',(0.,0.,1.));
#10727=DIRECTION('',(0.819124213181713,0.573616181239197,0.));
#10728=DIRECTION('center_axis',(-0.707073952303658,0.70713960854536,0.));
#10729=DIRECTION('ref_axis',(0.,0.,1.));
#10730=DIRECTION('',(0.,0.,1.));
#10731=DIRECTION('',(0.70713960854536,0.707073952303658,0.));
#10732=DIRECTION('center_axis',(-0.819158918522708,0.573566618802653,0.));
#10733=DIRECTION('ref_axis',(0.,0.,1.));
#10734=DIRECTION('',(0.,0.,1.));
#10735=DIRECTION('',(0.573566618802653,0.819158918522708,0.));
#10736=DIRECTION('center_axis',(-0.906301355417586,0.422632054118292,0.));
#10737=DIRECTION('ref_axis',(0.,0.,1.));
#10738=DIRECTION('',(0.,0.,1.));
#10739=DIRECTION('',(0.422632054118292,0.906301355417586,0.));
#10740=DIRECTION('center_axis',(-0.96592871128956,0.25880827789406,0.));
#10741=DIRECTION('ref_axis',(0.,0.,1.));
#10742=DIRECTION('',(0.,0.,1.));
#10743=DIRECTION('',(0.25880827789406,0.96592871128956,0.));
#10744=DIRECTION('center_axis',(-0.996194667620709,0.0871560910325016,0.));
#10745=DIRECTION('ref_axis',(0.,0.,1.));
#10746=DIRECTION('',(0.0871560910325016,0.996194667620709,0.));
#10747=DIRECTION('center_axis',(-0.342020378740566,-0.93969253510186,0.));
#10748=DIRECTION('ref_axis',(0.,0.,-1.));
#10749=DIRECTION('',(0.93969253510186,-0.342020378740566,0.));
#10750=DIRECTION('',(0.,0.,1.));
#10751=DIRECTION('center_axis',(-1.,0.,0.));
#10752=DIRECTION('ref_axis',(0.,0.,1.));
#10753=DIRECTION('',(0.,1.,0.));
#10754=DIRECTION('center_axis',(-1.,0.,0.));
#10755=DIRECTION('ref_axis',(0.,0.,1.));
#10756=DIRECTION('',(0.,0.,-1.));
#10757=DIRECTION('',(0.,1.,0.));
#10758=DIRECTION('center_axis',(-1.,0.,0.));
#10759=DIRECTION('ref_axis',(0.,0.,1.));
#10760=DIRECTION('',(0.,1.,0.));
#10761=DIRECTION('center_axis',(-1.,0.,0.));
#10762=DIRECTION('ref_axis',(0.,0.,1.));
#10763=DIRECTION('',(0.,1.,0.));
#10764=DIRECTION('center_axis',(-1.,0.,0.));
#10765=DIRECTION('ref_axis',(0.,0.,1.));
#10766=DIRECTION('',(0.,1.,0.));
#10767=DIRECTION('center_axis',(-1.,0.,0.));
#10768=DIRECTION('ref_axis',(0.,0.,1.));
#10769=DIRECTION('',(0.,1.,0.));
#10770=DIRECTION('center_axis',(-1.,0.,0.));
#10771=DIRECTION('ref_axis',(0.,0.,1.));
#10772=DIRECTION('',(0.,1.,0.));
#10773=DIRECTION('center_axis',(-1.,0.,0.));
#10774=DIRECTION('ref_axis',(0.,0.,1.));
#10775=DIRECTION('',(0.,1.,0.));
#10776=DIRECTION('center_axis',(-1.,0.,0.));
#10777=DIRECTION('ref_axis',(0.,0.,1.));
#10778=DIRECTION('',(0.,1.,0.));
#10779=DIRECTION('center_axis',(-1.,0.,0.));
#10780=DIRECTION('ref_axis',(0.,0.,1.));
#10781=DIRECTION('',(0.,1.,0.));
#10782=DIRECTION('center_axis',(-1.,0.,0.));
#10783=DIRECTION('ref_axis',(0.,0.,1.));
#10784=DIRECTION('',(0.,1.,0.));
#10785=DIRECTION('center_axis',(-1.,0.,0.));
#10786=DIRECTION('ref_axis',(0.,0.,1.));
#10787=DIRECTION('',(0.,1.,0.));
#10788=DIRECTION('center_axis',(-1.,0.,0.));
#10789=DIRECTION('ref_axis',(0.,0.,1.));
#10790=DIRECTION('',(0.,1.,0.));
#10791=DIRECTION('center_axis',(-1.,0.,0.));
#10792=DIRECTION('ref_axis',(0.,0.,1.));
#10793=DIRECTION('',(0.,1.,0.));
#10794=DIRECTION('center_axis',(-1.,0.,0.));
#10795=DIRECTION('ref_axis',(0.,0.,1.));
#10796=DIRECTION('',(0.,1.,0.));
#10797=DIRECTION('center_axis',(-1.,0.,0.));
#10798=DIRECTION('ref_axis',(0.,0.,1.));
#10799=DIRECTION('',(0.,1.,0.));
#10800=DIRECTION('center_axis',(-0.342021103631746,-0.939692271262525,0.));
#10801=DIRECTION('ref_axis',(0.,0.,-1.));
#10802=DIRECTION('',(0.,0.,1.));
#10803=DIRECTION('',(0.939692271262525,-0.342021103631746,0.));
#10804=DIRECTION('center_axis',(1.,0.,0.));
#10805=DIRECTION('ref_axis',(0.,0.,1.));
#10806=DIRECTION('',(0.,0.,-1.));
#10807=DIRECTION('',(0.,1.,0.));
#10808=DIRECTION('',(0.,0.,1.));
#10809=DIRECTION('',(0.,1.,0.));
#10810=DIRECTION('center_axis',(0.,0.,1.));
#10811=DIRECTION('ref_axis',(-1.,0.,0.));
#10812=DIRECTION('',(0.,1.,0.));
#10813=DIRECTION('',(1.,0.,0.));
#10814=DIRECTION('',(0.,1.,0.));
#10815=DIRECTION('',(-1.,0.,0.));
#10816=DIRECTION('center_axis',(0.,0.,-1.));
#10817=DIRECTION('ref_axis',(-1.,0.,0.));
#10818=DIRECTION('',(1.,0.,0.));
#10819=DIRECTION('',(0.,1.,0.));
#10820=DIRECTION('',(-1.,0.,0.));
#10821=DIRECTION('',(0.,-1.,0.));
#10822=DIRECTION('',(0.,-1.,0.));
#10823=DIRECTION('',(0.,-1.,0.));
#10824=DIRECTION('',(0.,-1.,0.));
#10825=DIRECTION('center_axis',(0.,0.,-1.));
#10826=DIRECTION('ref_axis',(1.,0.,0.));
#10827=DIRECTION('',(0.,1.,0.));
#10828=DIRECTION('',(1.,0.,0.));
#10829=DIRECTION('',(0.,1.,0.));
#10830=DIRECTION('',(-1.,0.,0.));
#10831=DIRECTION('center_axis',(1.,0.,0.));
#10832=DIRECTION('ref_axis',(0.,0.,1.));
#10833=DIRECTION('',(0.,1.,0.));
#10834=DIRECTION('',(0.,0.,-1.));
#10835=DIRECTION('',(0.,-1.,0.));
#10836=DIRECTION('',(0.,0.,1.));
#10837=DIRECTION('center_axis',(0.,0.,1.));
#10838=DIRECTION('ref_axis',(1.,0.,0.));
#10839=DIRECTION('',(0.70710678118655,-0.707106781186545,0.));
#10840=DIRECTION('',(0.,-1.,0.));
#10841=DIRECTION('center_axis',(-1.,0.,0.));
#10842=DIRECTION('ref_axis',(0.,0.,1.));
#10843=DIRECTION('',(0.,0.,1.));
#10844=DIRECTION('center_axis',(-1.,0.,0.));
#10845=DIRECTION('ref_axis',(0.,0.,1.));
#10846=DIRECTION('center_axis',(-1.,0.,0.));
#10847=DIRECTION('ref_axis',(0.,0.,1.));
#10848=DIRECTION('',(0.,-1.,0.));
#10849=DIRECTION('center_axis',(-1.,0.,0.));
#10850=DIRECTION('ref_axis',(0.,0.,1.));
#10851=DIRECTION('',(0.,-1.,0.));
#10852=DIRECTION('center_axis',(0.,0.,-1.));
#10853=DIRECTION('ref_axis',(1.,0.,0.));
#10854=DIRECTION('',(0.,-1.,0.));
#10855=DIRECTION('',(1.,0.,0.));
#10856=DIRECTION('',(-1.,0.,0.));
#10857=DIRECTION('center_axis',(0.,0.,-1.));
#10858=DIRECTION('ref_axis',(-1.,0.,0.));
#10859=DIRECTION('',(1.,0.,0.));
#10860=DIRECTION('',(0.,1.,0.));
#10861=DIRECTION('',(-1.,0.,0.));
#10862=DIRECTION('center_axis',(-1.,0.,0.));
#10863=DIRECTION('ref_axis',(0.,0.,1.));
#10864=DIRECTION('',(0.,0.,-1.));
#10865=DIRECTION('',(0.,0.,1.));
#10866=DIRECTION('center_axis',(0.,0.,1.));
#10867=DIRECTION('ref_axis',(1.,0.,0.));
#10868=DIRECTION('',(-1.,0.,0.));
#10869=DIRECTION('',(0.,1.,0.));
#10870=DIRECTION('',(1.,0.,0.));
#10871=DIRECTION('center_axis',(1.,0.,0.));
#10872=DIRECTION('ref_axis',(0.,0.,-1.));
#10873=DIRECTION('',(0.,0.,1.));
#10874=DIRECTION('',(0.,0.,-1.));
#10875=DIRECTION('center_axis',(0.,0.,1.));
#10876=DIRECTION('ref_axis',(1.,0.,0.));
#10877=DIRECTION('',(1.,0.,0.));
#10878=DIRECTION('',(1.,0.,0.));
#10879=DIRECTION('',(0.,1.,0.));
#10880=DIRECTION('center_axis',(-1.,0.,0.));
#10881=DIRECTION('ref_axis',(0.,0.,1.));
#10882=DIRECTION('',(0.,0.,1.));
#10883=DIRECTION('',(0.,0.,1.));
#10884=DIRECTION('center_axis',(0.,-1.,0.));
#10885=DIRECTION('ref_axis',(-1.,0.,0.));
#10886=DIRECTION('',(0.,0.,1.));
#10887=DIRECTION('',(0.,0.,1.));
#10888=DIRECTION('center_axis',(1.,0.,0.));
#10889=DIRECTION('ref_axis',(0.,1.,0.));
#10890=DIRECTION('',(0.,0.,-1.));
#10891=DIRECTION('center_axis',(0.,0.,-1.));
#10892=DIRECTION('ref_axis',(0.,-1.,0.));
#10893=DIRECTION('',(0.70710678118655,-0.707106781186545,0.));
#10894=DIRECTION('center_axis',(0.,0.,-1.));
#10895=DIRECTION('ref_axis',(0.,-1.,0.));
#10896=DIRECTION('',(0.,-1.,0.));
#10897=DIRECTION('',(1.,0.,0.));
#10898=DIRECTION('center_axis',(0.707106781186544,-0.707106781186551,0.));
#10899=DIRECTION('ref_axis',(0.,0.,-1.));
#10900=DIRECTION('',(0.,0.,1.));
#10901=DIRECTION('',(-0.700566051749697,-0.700566051749691,-0.135699720971306));
#10902=DIRECTION('',(0.,0.,-1.));
#10903=DIRECTION('center_axis',(-0.657097566136194,-0.707106781186552,0.261194924487219));
#10904=DIRECTION('ref_axis',(0.369385404632844,0.,0.929276289832163));
#10905=DIRECTION('',(0.369385404632844,0.,0.929276289832163));
#10906=DIRECTION('',(-0.6570975661362,0.707106781186544,0.261194924487224));
#10907=DIRECTION('',(-0.369385404632844,0.,-0.929276289832163));
#10908=DIRECTION('',(0.700714217939573,-0.700714217939567,-0.134160983727285));
#10909=DIRECTION('center_axis',(0.,1.,0.));
#10910=DIRECTION('ref_axis',(-0.561522303816668,0.,0.827461601717217));
#10911=DIRECTION('',(0.,0.707106781186545,0.70710678118655));
#10912=DIRECTION('center_axis',(0.,-1.,0.));
#10913=DIRECTION('ref_axis',(-0.561522303816668,0.,0.827461601717217));
#10914=DIRECTION('center_axis',(0.,1.,0.));
#10915=DIRECTION('ref_axis',(-0.561522303816668,0.,0.827461601717217));
#10916=DIRECTION('center_axis',(0.,-0.707106781186552,0.707106781186543));
#10917=DIRECTION('ref_axis',(1.,0.,0.));
#10918=DIRECTION('',(0.,0.707106781186543,0.707106781186552));
#10919=DIRECTION('',(-1.,0.,0.));
#10920=DIRECTION('',(1.,0.,0.));
#10921=DIRECTION('center_axis',(0.,1.,0.));
#10922=DIRECTION('ref_axis',(0.559736232549024,0.,0.828670833305858));
#10923=DIRECTION('',(0.655964703774373,0.707106781186544,0.264027095962145));
#10924=DIRECTION('center_axis',(0.,-1.,0.));
#10925=DIRECTION('ref_axis',(0.559736232549024,0.,0.828670833305858));
#10926=DIRECTION('center_axis',(0.,1.,0.));
#10927=DIRECTION('ref_axis',(0.559736232549024,0.,0.828670833305858));
#10928=DIRECTION('center_axis',(0.655964703774366,-0.707106781186551,0.264027095962145));
#10929=DIRECTION('ref_axis',(0.373390699943649,0.,-0.927674180515763));
#10930=DIRECTION('',(-0.373390699943649,0.,0.927674180515763));
#10931=DIRECTION('',(0.373390699943649,0.,-0.927674180515763));
#10932=DIRECTION('center_axis',(0.,-1.,0.));
#10933=DIRECTION('ref_axis',(0.707106781186547,0.,0.707106781186547));
#10934=DIRECTION('center_axis',(0.,-1.,0.));
#10935=DIRECTION('ref_axis',(0.707106781186548,0.,0.707106781186548));
#10936=DIRECTION('',(0.,0.707106781186543,-0.707106781186552));
#10937=DIRECTION('center_axis',(0.,1.,0.));
#10938=DIRECTION('ref_axis',(0.707106781186548,0.,0.707106781186548));
#10939=DIRECTION('center_axis',(0.,-0.707106781186552,-0.707106781186543));
#10940=DIRECTION('ref_axis',(-1.,0.,0.));
#10941=DIRECTION('',(0.,0.707106781186543,-0.707106781186552));
#10942=DIRECTION('',(1.,0.,0.));
#10943=DIRECTION('',(-1.,0.,0.));
#10944=DIRECTION('center_axis',(0.,1.,0.));
#10945=DIRECTION('ref_axis',(-0.707106781186548,0.,-0.707106781186548));
#10946=DIRECTION('',(-0.70710678118655,0.707106781186545,0.));
#10947=DIRECTION('center_axis',(0.,-1.,0.));
#10948=DIRECTION('ref_axis',(-0.707106781186547,0.,-0.707106781186547));
#10949=DIRECTION('center_axis',(0.,1.,0.));
#10950=DIRECTION('ref_axis',(-0.707106781186548,0.,-0.707106781186548));
#10951=DIRECTION('center_axis',(-0.707106781186544,-0.707106781186551,0.));
#10952=DIRECTION('ref_axis',(0.,0.,1.));
#10953=DIRECTION('',(0.,0.,-1.));
#10954=DIRECTION('',(0.,0.,1.));
#10955=DIRECTION('center_axis',(0.,1.,0.));
#10956=DIRECTION('ref_axis',(1.,0.,0.));
#10957=DIRECTION('',(0.,0.,-1.));
#10958=DIRECTION('center_axis',(0.,0.,-1.));
#10959=DIRECTION('ref_axis',(0.,-1.,0.));
#10960=DIRECTION('',(0.,-1.,0.));
#10961=DIRECTION('center_axis',(1.,0.,0.));
#10962=DIRECTION('ref_axis',(0.,0.,-1.));
#10963=DIRECTION('',(0.,0.,1.));
#10964=DIRECTION('',(0.,1.,0.));
#10965=DIRECTION('center_axis',(0.,1.,0.));
#10966=DIRECTION('ref_axis',(0.,0.,-1.));
#10967=DIRECTION('center_axis',(0.,1.,0.));
#10968=DIRECTION('ref_axis',(0.707106781186548,0.,0.707106781186548));
#10969=DIRECTION('',(1.,0.,0.));
#10970=DIRECTION('center_axis',(0.,-1.,0.));
#10971=DIRECTION('ref_axis',(-0.707106781186547,0.,-0.707106781186547));
#10972=DIRECTION('',(0.,0.,-1.));
#10973=DIRECTION('',(-0.369385404632844,0.,-0.929276289832163));
#10974=DIRECTION('center_axis',(0.,-1.,0.));
#10975=DIRECTION('ref_axis',(-0.561522303816668,0.,0.827461601717217));
#10976=DIRECTION('',(-1.,0.,0.));
#10977=DIRECTION('center_axis',(0.,-1.,0.));
#10978=DIRECTION('ref_axis',(0.559736232549024,0.,0.828670833305858));
#10979=DIRECTION('',(-0.373390699943649,0.,0.927674180515763));
#10980=DIRECTION('center_axis',(0.,1.,0.));
#10981=DIRECTION('ref_axis',(0.559736232549024,0.,0.828670833305858));
#10982=DIRECTION('',(0.,1.,0.));
#10983=DIRECTION('',(0.,-1.,0.));
#10984=DIRECTION('center_axis',(0.,0.,1.));
#10985=DIRECTION('ref_axis',(1.,0.,0.));
#10986=DIRECTION('',(0.,1.,0.));
#10987=DIRECTION('center_axis',(0.,1.,0.));
#10988=DIRECTION('ref_axis',(-0.561522303816668,0.,0.827461601717217));
#10989=DIRECTION('',(0.,-1.,0.));
#10990=DIRECTION('center_axis',(-0.929276289832163,0.,0.369385404632844));
#10991=DIRECTION('ref_axis',(0.369385404632844,0.,0.929276289832163));
#10992=DIRECTION('',(0.,1.,0.));
#10993=DIRECTION('center_axis',(-1.,0.,0.));
#10994=DIRECTION('ref_axis',(0.,0.,1.));
#10995=DIRECTION('',(0.,1.,0.));
#10996=DIRECTION('center_axis',(0.,1.,0.));
#10997=DIRECTION('ref_axis',(-0.707106781186547,0.,-0.707106781186547));
#10998=DIRECTION('',(0.,-1.,0.));
#10999=DIRECTION('center_axis',(0.,1.,0.));
#11000=DIRECTION('ref_axis',(0.707106781186548,0.,0.707106781186548));
#11001=DIRECTION('',(0.,1.,0.));
#11002=DIRECTION('center_axis',(0.927674180515763,0.,0.373390699943649));
#11003=DIRECTION('ref_axis',(0.373390699943649,0.,-0.927674180515763));
#11004=DIRECTION('center_axis',(0.,0.,-1.));
#11005=DIRECTION('ref_axis',(-1.,0.,0.));
#11006=CARTESIAN_POINT('',(0.,0.,0.));
#11007=CARTESIAN_POINT('Origin',(56.0078648367434,433.997504570135,122.));
#11008=CARTESIAN_POINT('',(58.5078648367434,433.997504570135,122.));
#11009=CARTESIAN_POINT('Origin',(56.0078648367434,433.997504570135,122.));
#11010=CARTESIAN_POINT('',(58.5078648367434,430.997504570135,122.));
#11011=CARTESIAN_POINT('',(58.5078648367434,433.997504570135,122.));
#11012=CARTESIAN_POINT('Origin',(56.0078648367434,430.997504570135,122.));
#11013=CARTESIAN_POINT('Origin',(56.0078648367434,430.997504570135,122.));
#11014=CARTESIAN_POINT('Origin',(56.0078648367434,433.997504570135,137.));
#11015=CARTESIAN_POINT('',(58.5078648367434,433.997504570135,137.));
#11016=CARTESIAN_POINT('Origin',(56.0078648367434,433.997504570135,137.));
#11017=CARTESIAN_POINT('',(58.5078648367434,430.997504570135,137.));
#11018=CARTESIAN_POINT('',(58.5078648367434,433.997504570135,137.));
#11019=CARTESIAN_POINT('Origin',(56.0078648367434,430.997504570135,137.));
#11020=CARTESIAN_POINT('Origin',(56.0078648367434,430.997504570135,137.));
#11021=CARTESIAN_POINT('Origin',(71.506132662149,425.612658609124,102.));
#11022=CARTESIAN_POINT('',(70.0625514984131,426.997504570135,102.));
#11023=CARTESIAN_POINT('',(72.8909786231593,426.997504570135,100.));
#11024=CARTESIAN_POINT('Origin',(72.8909786231593,426.997504570135,102.));
#11025=CARTESIAN_POINT('',(73.0625514984131,427.169077445388,100.));
#11026=CARTESIAN_POINT('',(71.506132662149,425.612658609124,100.));
#11027=CARTESIAN_POINT('',(73.0625514984131,429.997504570135,102.));
#11028=CARTESIAN_POINT('Origin',(73.0625514984131,427.169077445388,102.));
#11029=CARTESIAN_POINT('',(70.0919190997759,427.026872171498,102.));
#11030=CARTESIAN_POINT('Origin',(70.0625514984131,424.114974975586,100.));
#11031=CARTESIAN_POINT('',(73.0625514984131,426.997504570135,100.));
#11032=CARTESIAN_POINT('',(60.8125514984131,426.997504570135,100.));
#11033=CARTESIAN_POINT('',(73.0625514984131,440.55623977286,100.));
#11034=CARTESIAN_POINT('Origin',(71.5625514984131,435.997504570135,102.));
#11035=CARTESIAN_POINT('',(65.2743434906006,434.771577835083,100.419777344712));
#11036=CARTESIAN_POINT('',(65.3062865734101,434.792420387268,100.403825788893));
#11037=CARTESIAN_POINT('Origin',(67.1531862958569,435.997504570135,102.));
#11038=CARTESIAN_POINT('',(65.2396013736728,434.755838394165,100.432114446953));
#11039=CARTESIAN_POINT('Origin',(67.9803665441787,435.997504570135,102.));
#11040=CARTESIAN_POINT('',(63.1561029406475,433.997504570135,102.));
#11041=CARTESIAN_POINT('Origin',(68.6510403072861,435.997504570135,102.));
#11042=CARTESIAN_POINT('',(73.0625514984131,433.997504570135,102.));
#11043=CARTESIAN_POINT('',(71.5625514984131,433.997504570135,102.));
#11044=CARTESIAN_POINT('',(73.0625514984131,435.997504570135,100.));
#11045=CARTESIAN_POINT('Origin',(73.0625514984131,435.997504570135,102.));
#11046=CARTESIAN_POINT('',(63.7772669939288,435.997504570135,100.));
#11047=CARTESIAN_POINT('',(71.5625514984131,435.997504570135,100.));
#11048=CARTESIAN_POINT('',(65.2396013736724,435.465256690979,100.072122359916));
#11049=CARTESIAN_POINT('Origin',(63.7772669939288,435.997504570135,102.));
#11050=CARTESIAN_POINT('',(65.2743434906006,435.449517250061,100.076537003985));
#11051=CARTESIAN_POINT('Origin',(64.0647554468865,435.997504570135,102.));
#11052=CARTESIAN_POINT('',(65.3062865734098,435.428673744202,100.082597723098));
#11053=CARTESIAN_POINT('Origin',(64.4345421413582,435.997504570135,102.));
#11054=CARTESIAN_POINT('',(65.3346872329713,435.403211593628,100.090336192396));
#11055=CARTESIAN_POINT('Origin',(64.6718087201573,435.997504570135,102.));
#11056=CARTESIAN_POINT('',(65.3588843345643,435.37372970581,100.099761878438));
#11057=CARTESIAN_POINT('Origin',(64.8469244540872,435.997504570135,102.));
#11058=CARTESIAN_POINT('',(65.3783144950866,435.340906143189,100.110852439397));
#11059=CARTESIAN_POINT('Origin',(64.9896360027105,435.997504570135,102.));
#11060=CARTESIAN_POINT('',(65.392525434494,435.305512428284,100.123528077584));
#11061=CARTESIAN_POINT('Origin',(65.1146834949106,435.997504570135,102.));
#11062=CARTESIAN_POINT('',(65.4011867046356,435.268367767334,100.137646778186));
#11063=CARTESIAN_POINT('Origin',(65.2311689777868,435.997504570135,102.));
#11064=CARTESIAN_POINT('',(65.404096364975,435.23033618927,100.152988176702));
#11065=CARTESIAN_POINT('Origin',(65.345403049445,435.997504570135,102.));
#11066=CARTESIAN_POINT('',(65.404096364975,434.990758895874,100.271861363386));
#11067=CARTESIAN_POINT('Origin',(65.404096364975,435.997504570135,102.));
#11068=CARTESIAN_POINT('',(65.4011867046356,434.952731132507,100.294582612957));
#11069=CARTESIAN_POINT('Origin',(65.4811266107974,435.997504570135,102.));
#11070=CARTESIAN_POINT('',(65.392525434494,434.91558265686,100.317904588444));
#11071=CARTESIAN_POINT('Origin',(65.6447785296692,435.997504570135,102.));
#11072=CARTESIAN_POINT('',(65.3783144950868,434.880188941956,100.341203512474));
#11073=CARTESIAN_POINT('Origin',(65.826928175048,435.997504570135,102.));
#11074=CARTESIAN_POINT('',(65.3588843345642,434.847365379333,100.363791015248));
#11075=CARTESIAN_POINT('Origin',(66.0397180806676,435.997504570135,102.));
#11076=CARTESIAN_POINT('',(65.334687232971,434.817882537842,100.384917382631));
#11077=CARTESIAN_POINT('Origin',(66.3028243836862,435.997504570135,102.));
#11078=CARTESIAN_POINT('Origin',(66.6504458391809,435.997504570135,102.));
#11079=CARTESIAN_POINT('Origin',(70.0625514984131,424.114974975586,100.));
#11080=CARTESIAN_POINT('',(73.0625514984131,486.997504570135,100.));
#11081=CARTESIAN_POINT('',(73.0625514984131,440.55623977286,100.));
#11082=CARTESIAN_POINT('',(63.0562963485718,486.997504570135,100.));
#11083=CARTESIAN_POINT('',(70.0625514984131,486.997504570135,100.));
#11084=CARTESIAN_POINT('',(63.0562963485718,486.525394439697,100.));
#11085=CARTESIAN_POINT('',(63.0562963485718,486.525394439697,100.));
#11086=CARTESIAN_POINT('',(65.2396013736725,485.730737686157,100.));
#11087=CARTESIAN_POINT('',(63.0562963485718,486.525394439697,100.));
#11088=CARTESIAN_POINT('',(65.2743434906006,485.714994430542,100.));
#11089=CARTESIAN_POINT('',(65.2396013736725,485.730737686157,100.));
#11090=CARTESIAN_POINT('',(65.30628657341,485.694151878357,100.));
#11091=CARTESIAN_POINT('',(65.2743434906006,485.714994430542,100.));
#11092=CARTESIAN_POINT('',(65.3346872329712,485.668690681458,100.));
#11093=CARTESIAN_POINT('',(65.30628657341,485.694151878357,100.));
#11094=CARTESIAN_POINT('',(65.3588843345642,485.639206886292,100.));
#11095=CARTESIAN_POINT('',(65.3346872329712,485.668690681458,100.));
#11096=CARTESIAN_POINT('',(65.3783144950867,485.606385231018,100.));
#11097=CARTESIAN_POINT('',(65.3588843345642,485.639206886292,100.));
#11098=CARTESIAN_POINT('',(65.392525434494,485.570989608765,100.));
#11099=CARTESIAN_POINT('',(65.3783144950867,485.606385231018,100.));
#11100=CARTESIAN_POINT('',(65.4011867046356,485.533843040466,100.));
#11101=CARTESIAN_POINT('',(65.392525434494,485.570989608765,100.));
#11102=CARTESIAN_POINT('',(65.404096364975,485.4958152771,100.));
#11103=CARTESIAN_POINT('',(65.4011867046356,485.533843040466,100.));
#11104=CARTESIAN_POINT('',(65.404096364975,485.256237983704,100.));
#11105=CARTESIAN_POINT('',(65.404096364975,485.256237983704,100.));
#11106=CARTESIAN_POINT('',(65.4011867046356,485.21820640564,100.));
#11107=CARTESIAN_POINT('',(65.4011867046356,485.21820640564,100.));
#11108=CARTESIAN_POINT('',(65.392525434494,485.18106174469,100.));
#11109=CARTESIAN_POINT('',(65.392525434494,485.18106174469,100.));
#11110=CARTESIAN_POINT('',(65.3783144950867,485.145668029785,100.));
#11111=CARTESIAN_POINT('',(65.3783144950867,485.145668029785,100.));
#11112=CARTESIAN_POINT('',(65.3588843345642,485.112844467163,100.));
#11113=CARTESIAN_POINT('',(65.3588843345642,485.112844467163,100.));
#11114=CARTESIAN_POINT('',(65.3346872329712,485.083362579346,100.));
#11115=CARTESIAN_POINT('',(65.3346872329712,485.083362579346,100.));
#11116=CARTESIAN_POINT('',(65.30628657341,485.057899475098,100.));
#11117=CARTESIAN_POINT('',(65.30628657341,485.057899475098,100.));
#11118=CARTESIAN_POINT('',(65.2743434906006,485.037056922913,100.));
#11119=CARTESIAN_POINT('',(65.2743434906006,485.037056922913,100.));
#11120=CARTESIAN_POINT('',(65.2396013736725,485.021317481995,100.));
#11121=CARTESIAN_POINT('',(65.2396013736725,485.021317481995,100.));
#11122=CARTESIAN_POINT('',(63.0562963485718,484.226656913757,100.));
#11123=CARTESIAN_POINT('',(63.0562963485718,484.226656913757,100.));
#11124=CARTESIAN_POINT('',(63.0562963485718,483.383803367615,100.));
#11125=CARTESIAN_POINT('',(63.0562963485718,483.383803367615,100.));
#11126=CARTESIAN_POINT('',(65.2396013736725,482.589142799377,100.));
#11127=CARTESIAN_POINT('',(63.0562963485718,483.383803367615,100.));
#11128=CARTESIAN_POINT('',(65.2743434906006,482.573403358459,100.));
#11129=CARTESIAN_POINT('',(65.2396013736725,482.589142799377,100.));
#11130=CARTESIAN_POINT('',(65.30628657341,482.5525598526,100.));
#11131=CARTESIAN_POINT('',(65.2743434906006,482.573403358459,100.));
#11132=CARTESIAN_POINT('',(65.3346872329712,482.527097702026,100.));
#11133=CARTESIAN_POINT('',(65.30628657341,482.5525598526,100.));
#11134=CARTESIAN_POINT('',(65.3588843345642,482.497615814209,100.));
#11135=CARTESIAN_POINT('',(65.3346872329712,482.527097702026,100.));
#11136=CARTESIAN_POINT('',(65.3783144950867,482.464792251587,100.));
#11137=CARTESIAN_POINT('',(65.3588843345642,482.497615814209,100.));
#11138=CARTESIAN_POINT('',(65.392525434494,482.429398536682,100.));
#11139=CARTESIAN_POINT('',(65.3783144950867,482.464792251587,100.));
#11140=CARTESIAN_POINT('',(65.4011867046356,482.392253875732,100.));
#11141=CARTESIAN_POINT('',(65.392525434494,482.429398536682,100.));
#11142=CARTESIAN_POINT('',(65.404096364975,482.354222297668,100.));
#11143=CARTESIAN_POINT('',(65.4011867046356,482.392253875732,100.));
#11144=CARTESIAN_POINT('',(65.404096364975,482.114645004272,100.));
#11145=CARTESIAN_POINT('',(65.404096364975,482.114645004272,100.));
#11146=CARTESIAN_POINT('',(65.4011867046356,482.076617240906,100.));
#11147=CARTESIAN_POINT('',(65.4011867046356,482.076617240906,100.));
#11148=CARTESIAN_POINT('',(65.392525434494,482.039468765259,100.));
#11149=CARTESIAN_POINT('',(65.392525434494,482.039468765259,100.));
#11150=CARTESIAN_POINT('',(65.3783144950867,482.004075050354,100.));
#11151=CARTESIAN_POINT('',(65.3783144950867,482.004075050354,100.));
#11152=CARTESIAN_POINT('',(65.3588843345642,481.971251487732,100.));
#11153=CARTESIAN_POINT('',(65.3588843345642,481.971251487732,100.));
#11154=CARTESIAN_POINT('',(65.3346872329712,481.94176864624,100.));
#11155=CARTESIAN_POINT('',(65.3346872329712,481.94176864624,100.));
#11156=CARTESIAN_POINT('',(65.30628657341,481.916306495667,100.));
#11157=CARTESIAN_POINT('',(65.30628657341,481.916306495667,100.));
#11158=CARTESIAN_POINT('',(65.2743434906006,481.895463943481,100.));
#11159=CARTESIAN_POINT('',(65.2743434906006,481.895463943481,100.));
#11160=CARTESIAN_POINT('',(65.2396013736725,481.879724502563,100.));
#11161=CARTESIAN_POINT('',(65.2396013736725,481.879724502563,100.));
#11162=CARTESIAN_POINT('',(63.0562963485718,481.085063934326,100.));
#11163=CARTESIAN_POINT('',(63.0562963485718,481.085063934326,100.));
#11164=CARTESIAN_POINT('',(63.0562963485718,480.242209434509,100.));
#11165=CARTESIAN_POINT('',(63.0562963485718,480.242209434509,100.));
#11166=CARTESIAN_POINT('',(65.2396013736725,479.447553634644,100.));
#11167=CARTESIAN_POINT('',(63.0562963485718,480.242209434509,100.));
#11168=CARTESIAN_POINT('',(65.2743434906006,479.431810379028,100.));
#11169=CARTESIAN_POINT('',(65.2396013736725,479.447553634644,100.));
#11170=CARTESIAN_POINT('',(65.30628657341,479.410966873169,100.));
#11171=CARTESIAN_POINT('',(65.2743434906006,479.431810379028,100.));
#11172=CARTESIAN_POINT('',(65.3346872329712,479.385508537292,100.));
#11173=CARTESIAN_POINT('',(65.30628657341,479.410966873169,100.));
#11174=CARTESIAN_POINT('',(65.3588843345642,479.356022834778,100.));
#11175=CARTESIAN_POINT('',(65.3346872329712,479.385508537292,100.));
#11176=CARTESIAN_POINT('',(65.3783144950867,479.323199272156,100.));
#11177=CARTESIAN_POINT('',(65.3588843345642,479.356022834778,100.));
#11178=CARTESIAN_POINT('',(65.392525434494,479.287805557251,100.));
#11179=CARTESIAN_POINT('',(65.3783144950867,479.323199272156,100.));
#11180=CARTESIAN_POINT('',(65.4011867046356,479.250659942627,100.));
#11181=CARTESIAN_POINT('',(65.392525434494,479.287805557251,100.));
#11182=CARTESIAN_POINT('',(65.404096364975,479.2126288414,100.));
#11183=CARTESIAN_POINT('',(65.4011867046356,479.250659942627,100.));
#11184=CARTESIAN_POINT('',(65.404096364975,478.973055362701,100.));
#11185=CARTESIAN_POINT('',(65.404096364975,478.973055362701,100.));
#11186=CARTESIAN_POINT('',(65.4011867046356,478.935023784637,100.));
#11187=CARTESIAN_POINT('',(65.4011867046356,478.935023784637,100.));
#11188=CARTESIAN_POINT('',(65.392525434494,478.897879123688,100.));
#11189=CARTESIAN_POINT('',(65.392525434494,478.897879123688,100.));
#11190=CARTESIAN_POINT('',(65.3783144950867,478.862481594086,100.));
#11191=CARTESIAN_POINT('',(65.3783144950867,478.862481594086,100.));
#11192=CARTESIAN_POINT('',(65.3588843345642,478.829661369324,100.));
#11193=CARTESIAN_POINT('',(65.3588843345642,478.829661369324,100.));
#11194=CARTESIAN_POINT('',(65.3346872329712,478.800176143646,100.));
#11195=CARTESIAN_POINT('',(65.3346872329712,478.800176143646,100.));
#11196=CARTESIAN_POINT('',(65.30628657341,478.774717330933,100.));
#11197=CARTESIAN_POINT('',(65.30628657341,478.774717330933,100.));
#11198=CARTESIAN_POINT('',(65.2743434906006,478.753870487213,100.));
#11199=CARTESIAN_POINT('',(65.2743434906006,478.753870487213,100.));
#11200=CARTESIAN_POINT('',(65.2396013736725,478.738131046295,100.));
#11201=CARTESIAN_POINT('',(65.2396013736725,478.738131046295,100.));
#11202=CARTESIAN_POINT('',(63.0562963485718,477.943470954895,100.));
#11203=CARTESIAN_POINT('',(63.0562963485718,477.943470954895,100.));
#11204=CARTESIAN_POINT('',(63.0562963485718,477.100616455078,100.));
#11205=CARTESIAN_POINT('',(63.0562963485718,477.100616455078,100.));
#11206=CARTESIAN_POINT('',(65.2396013736725,476.305960178375,100.));
#11207=CARTESIAN_POINT('',(63.0562963485718,477.100616455078,100.));
#11208=CARTESIAN_POINT('',(65.2743434906006,476.29021692276,100.));
#11209=CARTESIAN_POINT('',(65.2396013736725,476.305960178375,100.));
#11210=CARTESIAN_POINT('',(65.30628657341,476.269373893738,100.));
#11211=CARTESIAN_POINT('',(65.2743434906006,476.29021692276,100.));
#11212=CARTESIAN_POINT('',(65.3346872329712,476.243915081024,100.));
#11213=CARTESIAN_POINT('',(65.30628657341,476.269373893738,100.));
#11214=CARTESIAN_POINT('',(65.3588843345642,476.21442937851,100.));
#11215=CARTESIAN_POINT('',(65.3346872329712,476.243915081024,100.));
#11216=CARTESIAN_POINT('',(65.3783144950867,476.181606292725,100.));
#11217=CARTESIAN_POINT('',(65.3588843345642,476.21442937851,100.));
#11218=CARTESIAN_POINT('',(65.392525434494,476.146212100983,100.));
#11219=CARTESIAN_POINT('',(65.3783144950867,476.181606292725,100.));
#11220=CARTESIAN_POINT('',(65.4011867046356,476.109066963196,100.));
#11221=CARTESIAN_POINT('',(65.392525434494,476.146212100983,100.));
#11222=CARTESIAN_POINT('',(65.404096364975,476.071035861969,100.));
#11223=CARTESIAN_POINT('',(65.4011867046356,476.109066963196,100.));
#11224=CARTESIAN_POINT('',(65.404096364975,475.83146238327,100.));
#11225=CARTESIAN_POINT('',(65.404096364975,475.83146238327,100.));
#11226=CARTESIAN_POINT('',(65.4011867046356,475.793430805206,100.));
#11227=CARTESIAN_POINT('',(65.4011867046356,475.793430805206,100.));
#11228=CARTESIAN_POINT('',(65.392525434494,475.756286144257,100.));
#11229=CARTESIAN_POINT('',(65.392525434494,475.756286144257,100.));
#11230=CARTESIAN_POINT('',(65.3783144950867,475.720888137817,100.));
#11231=CARTESIAN_POINT('',(65.3783144950867,475.720888137817,100.));
#11232=CARTESIAN_POINT('',(65.3588843345642,475.688068389893,100.));
#11233=CARTESIAN_POINT('',(65.3588843345642,475.688068389893,100.));
#11234=CARTESIAN_POINT('',(65.3346872329712,475.658582687378,100.));
#11235=CARTESIAN_POINT('',(65.3346872329712,475.658582687378,100.));
#11236=CARTESIAN_POINT('',(65.30628657341,475.633124351501,100.));
#11237=CARTESIAN_POINT('',(65.30628657341,475.633124351501,100.));
#11238=CARTESIAN_POINT('',(65.2743434906006,475.612281322479,100.));
#11239=CARTESIAN_POINT('',(65.2743434906006,475.612281322479,100.));
#11240=CARTESIAN_POINT('',(65.2396013736725,475.596538066864,100.));
#11241=CARTESIAN_POINT('',(65.2396013736725,475.596538066864,100.));
#11242=CARTESIAN_POINT('',(63.0562963485718,474.801881551743,100.));
#11243=CARTESIAN_POINT('',(63.0562963485718,474.801881551743,100.));
#11244=CARTESIAN_POINT('',(63.0562963485718,473.959023475647,100.));
#11245=CARTESIAN_POINT('',(63.0562963485718,473.959023475647,100.));
#11246=CARTESIAN_POINT('',(65.2396013736725,473.164366722107,100.));
#11247=CARTESIAN_POINT('',(63.0562963485718,473.959023475647,100.));
#11248=CARTESIAN_POINT('',(65.2743434906006,473.14862370491,100.));
#11249=CARTESIAN_POINT('',(65.2396013736725,473.164366722107,100.));
#11250=CARTESIAN_POINT('',(65.30628657341,473.127780675888,100.));
#11251=CARTESIAN_POINT('',(65.2743434906006,473.14862370491,100.));
#11252=CARTESIAN_POINT('',(65.3346872329712,473.102322101593,100.));
#11253=CARTESIAN_POINT('',(65.30628657341,473.127780675888,100.));
#11254=CARTESIAN_POINT('',(65.3588843345642,473.072836399078,100.));
#11255=CARTESIAN_POINT('',(65.3346872329712,473.102322101593,100.));
#11256=CARTESIAN_POINT('',(65.3783144950867,473.040016651154,100.));
#11257=CARTESIAN_POINT('',(65.3588843345642,473.072836399078,100.));
#11258=CARTESIAN_POINT('',(65.392525434494,473.004618883133,100.));
#11259=CARTESIAN_POINT('',(65.3783144950867,473.040016651154,100.));
#11260=CARTESIAN_POINT('',(65.4011867046356,472.967473983765,100.));
#11261=CARTESIAN_POINT('',(65.392525434494,473.004618883133,100.));
#11262=CARTESIAN_POINT('',(65.404096364975,472.92944252491,100.));
#11263=CARTESIAN_POINT('',(65.4011867046356,472.967473983765,100.));
#11264=CARTESIAN_POINT('',(65.404096364975,472.689869165421,100.));
#11265=CARTESIAN_POINT('',(65.404096364975,472.689869165421,100.));
#11266=CARTESIAN_POINT('',(65.4011867046356,472.651837587357,100.));
#11267=CARTESIAN_POINT('',(65.4011867046356,472.651837587357,100.));
#11268=CARTESIAN_POINT('',(65.392525434494,472.614692687988,100.));
#11269=CARTESIAN_POINT('',(65.392525434494,472.614692687988,100.));
#11270=CARTESIAN_POINT('',(65.3783144950867,472.579295039177,100.));
#11271=CARTESIAN_POINT('',(65.3783144950867,472.579295039177,100.));
#11272=CARTESIAN_POINT('',(65.3588843345642,472.546475172043,100.));
#11273=CARTESIAN_POINT('',(65.3588843345642,472.546475172043,100.));
#11274=CARTESIAN_POINT('',(65.3346872329712,472.516989588737,100.));
#11275=CARTESIAN_POINT('',(65.3346872329712,472.516989588737,100.));
#11276=CARTESIAN_POINT('',(65.30628657341,472.491530895233,100.));
#11277=CARTESIAN_POINT('',(65.30628657341,472.491530895233,100.));
#11278=CARTESIAN_POINT('',(65.2743434906006,472.470687866211,100.));
#11279=CARTESIAN_POINT('',(65.2743434906006,472.470687866211,100.));
#11280=CARTESIAN_POINT('',(65.2396013736725,472.454944849014,100.));
#11281=CARTESIAN_POINT('',(65.2396013736725,472.454944849014,100.));
#11282=CARTESIAN_POINT('',(63.0562963485718,471.660288274288,100.));
#11283=CARTESIAN_POINT('',(71.5429748805634,474.749180946407,100.));
#11284=CARTESIAN_POINT('',(63.0562963485718,470.817436218262,100.));
#11285=CARTESIAN_POINT('',(63.0562963485718,470.817436218262,100.));
#11286=CARTESIAN_POINT('',(65.2396013736725,470.022777557373,100.));
#11287=CARTESIAN_POINT('',(63.0562963485718,470.817436218262,100.));
#11288=CARTESIAN_POINT('',(65.279096364975,470.004360198975,100.));
#11289=CARTESIAN_POINT('',(65.2396013736725,470.022777557373,100.));
#11290=CARTESIAN_POINT('',(65.3147931098938,469.979362487793,100.));
#11291=CARTESIAN_POINT('',(65.279096364975,470.004360198975,100.));
#11292=CARTESIAN_POINT('',(65.3456072807312,469.948551177979,100.));
#11293=CARTESIAN_POINT('',(65.3147931098938,469.979362487793,100.));
#11294=CARTESIAN_POINT('',(65.3706026077271,469.912857055664,100.));
#11295=CARTESIAN_POINT('',(65.3456072807312,469.948551177979,100.));
#11296=CARTESIAN_POINT('',(65.3890194892883,469.873359680176,100.));
#11297=CARTESIAN_POINT('',(65.3706026077271,469.912857055664,100.));
#11298=CARTESIAN_POINT('',(65.4002983570099,469.83126449585,100.));
#11299=CARTESIAN_POINT('',(65.3890194892883,469.873359680176,100.));
#11300=CARTESIAN_POINT('',(65.404096364975,469.787853240967,100.));
#11301=CARTESIAN_POINT('',(65.4002983570099,469.83126449585,100.));
#11302=CARTESIAN_POINT('',(65.404096364975,469.548278808594,100.));
#11303=CARTESIAN_POINT('',(65.404096364975,469.548278808594,100.));
#11304=CARTESIAN_POINT('',(65.4002983570099,469.504867553711,100.));
#11305=CARTESIAN_POINT('',(65.4002983570099,469.504867553711,100.));
#11306=CARTESIAN_POINT('',(65.3890194892883,469.462772369385,100.));
#11307=CARTESIAN_POINT('',(65.3890194892883,469.462772369385,100.));
#11308=CARTESIAN_POINT('',(65.3706026077271,469.423278808594,100.));
#11309=CARTESIAN_POINT('',(65.3706026077271,469.423278808594,100.));
#11310=CARTESIAN_POINT('',(65.3456072807312,469.387580871582,100.));
#11311=CARTESIAN_POINT('',(65.3456072807312,469.387580871582,100.));
#11312=CARTESIAN_POINT('',(65.3147931098938,469.356769561768,100.));
#11313=CARTESIAN_POINT('',(65.3147931098938,469.356769561768,100.));
#11314=CARTESIAN_POINT('',(65.279096364975,469.331771850586,100.));
#11315=CARTESIAN_POINT('',(65.279096364975,469.331771850586,100.));
#11316=CARTESIAN_POINT('',(65.2396013736725,469.313354492188,100.));
#11317=CARTESIAN_POINT('',(65.2396013736725,469.313354492188,100.));
#11318=CARTESIAN_POINT('',(63.0562963485718,468.518699645996,100.));
#11319=CARTESIAN_POINT('',(63.0562963485718,468.518699645996,100.));
#11320=CARTESIAN_POINT('',(63.0562963485718,467.675842285156,100.));
#11321=CARTESIAN_POINT('',(63.0562963485718,467.675842285156,100.));
#11322=CARTESIAN_POINT('',(65.2396013736725,466.881183624268,100.));
#11323=CARTESIAN_POINT('',(63.0562963485718,467.675842285156,100.));
#11324=CARTESIAN_POINT('',(65.279096364975,466.862766265869,100.));
#11325=CARTESIAN_POINT('',(65.2396013736725,466.881183624268,100.));
#11326=CARTESIAN_POINT('',(65.3147931098938,466.837772369385,100.));
#11327=CARTESIAN_POINT('',(65.279096364975,466.862766265869,100.));
#11328=CARTESIAN_POINT('',(65.3456072807312,466.806957244873,100.));
#11329=CARTESIAN_POINT('',(65.3147931098938,466.837772369385,100.));
#11330=CARTESIAN_POINT('',(65.3706026077271,466.771263122559,100.));
#11331=CARTESIAN_POINT('',(65.3456072807312,466.806957244873,100.));
#11332=CARTESIAN_POINT('',(65.3890194892883,466.73176574707,100.));
#11333=CARTESIAN_POINT('',(65.3706026077271,466.771263122559,100.));
#11334=CARTESIAN_POINT('',(65.4002983570099,466.689674377441,100.));
#11335=CARTESIAN_POINT('',(65.3890194892883,466.73176574707,100.));
#11336=CARTESIAN_POINT('',(65.404096364975,466.646259307861,100.));
#11337=CARTESIAN_POINT('',(65.4002983570099,466.689674377441,100.));
#11338=CARTESIAN_POINT('',(65.404096364975,466.406688690186,100.));
#11339=CARTESIAN_POINT('',(65.404096364975,466.406688690186,100.));
#11340=CARTESIAN_POINT('',(65.4002983570099,466.363277435303,100.));
#11341=CARTESIAN_POINT('',(65.4002983570099,466.363277435303,100.));
#11342=CARTESIAN_POINT('',(65.3890194892883,466.321182250977,100.));
#11343=CARTESIAN_POINT('',(65.3890194892883,466.321182250977,100.));
#11344=CARTESIAN_POINT('',(65.3706026077271,466.281688690186,100.));
#11345=CARTESIAN_POINT('',(65.3706026077271,466.281688690186,100.));
#11346=CARTESIAN_POINT('',(65.3456072807312,466.245990753174,100.));
#11347=CARTESIAN_POINT('',(65.3456072807312,466.245990753174,100.));
#11348=CARTESIAN_POINT('',(65.3147931098938,466.215175628662,100.));
#11349=CARTESIAN_POINT('',(65.3147931098938,466.215175628662,100.));
#11350=CARTESIAN_POINT('',(65.279096364975,466.190181732178,100.));
#11351=CARTESIAN_POINT('',(65.279096364975,466.190181732178,100.));
#11352=CARTESIAN_POINT('',(65.2396013736725,466.171764373779,100.));
#11353=CARTESIAN_POINT('',(65.2396013736725,466.171764373779,100.));
#11354=CARTESIAN_POINT('',(63.0562963485718,465.377105712891,100.));
#11355=CARTESIAN_POINT('',(63.0562963485718,465.377105712891,100.));
#11356=CARTESIAN_POINT('',(63.0562963485718,464.534248352051,100.));
#11357=CARTESIAN_POINT('',(63.0562963485718,464.534248352051,100.));
#11358=CARTESIAN_POINT('',(65.2396013736725,463.739589691162,100.));
#11359=CARTESIAN_POINT('',(63.0562963485718,464.534248352051,100.));
#11360=CARTESIAN_POINT('',(65.279096364975,463.721172332764,100.));
#11361=CARTESIAN_POINT('',(65.2396013736725,463.739589691162,100.));
#11362=CARTESIAN_POINT('',(65.3147931098938,463.696182250977,100.));
#11363=CARTESIAN_POINT('',(65.279096364975,463.721172332764,100.));
#11364=CARTESIAN_POINT('',(65.3456072807312,463.665363311768,100.));
#11365=CARTESIAN_POINT('',(65.3147931098938,463.696182250977,100.));
#11366=CARTESIAN_POINT('',(65.3706026077271,463.629669189453,100.));
#11367=CARTESIAN_POINT('',(65.3456072807312,463.665363311768,100.));
#11368=CARTESIAN_POINT('',(65.3890194892883,463.590175628662,100.));
#11369=CARTESIAN_POINT('',(65.3706026077271,463.629669189453,100.));
#11370=CARTESIAN_POINT('',(65.4002983570099,463.548080444336,100.));
#11371=CARTESIAN_POINT('',(65.3890194892883,463.590175628662,100.));
#11372=CARTESIAN_POINT('',(65.404096364975,463.504665374756,100.));
#11373=CARTESIAN_POINT('',(65.4002983570099,463.548080444336,100.));
#11374=CARTESIAN_POINT('',(65.404096364975,463.26509475708,100.));
#11375=CARTESIAN_POINT('',(65.404096364975,463.26509475708,100.));
#11376=CARTESIAN_POINT('',(65.4002983570099,463.221683502197,100.));
#11377=CARTESIAN_POINT('',(65.4002983570099,463.221683502197,100.));
#11378=CARTESIAN_POINT('',(65.3890194892883,463.179592132568,100.));
#11379=CARTESIAN_POINT('',(65.3890194892883,463.179592132568,100.));
#11380=CARTESIAN_POINT('',(65.3706026077271,463.14009475708,100.));
#11381=CARTESIAN_POINT('',(65.3706026077271,463.14009475708,100.));
#11382=CARTESIAN_POINT('',(65.3456072807312,463.104396820068,100.));
#11383=CARTESIAN_POINT('',(65.3456072807312,463.104396820068,100.));
#11384=CARTESIAN_POINT('',(65.3147931098938,463.073585510254,100.));
#11385=CARTESIAN_POINT('',(65.3147931098938,463.073585510254,100.));
#11386=CARTESIAN_POINT('',(65.279096364975,463.048587799072,100.));
#11387=CARTESIAN_POINT('',(65.279096364975,463.048587799072,100.));
#11388=CARTESIAN_POINT('',(65.2396013736725,463.030170440674,100.));
#11389=CARTESIAN_POINT('',(65.2396013736725,463.030170440674,100.));
#11390=CARTESIAN_POINT('',(63.0562963485718,462.235511779785,100.));
#11391=CARTESIAN_POINT('',(63.0562963485718,462.235511779785,100.));
#11392=CARTESIAN_POINT('',(63.0562963485718,461.392658233643,100.));
#11393=CARTESIAN_POINT('',(63.0562963485718,461.392658233643,100.));
#11394=CARTESIAN_POINT('',(65.2396013736725,460.597999572754,100.));
#11395=CARTESIAN_POINT('',(63.0562963485718,461.392658233643,100.));
#11396=CARTESIAN_POINT('',(65.279096364975,460.579586029053,100.));
#11397=CARTESIAN_POINT('',(65.2396013736725,460.597999572754,100.));
#11398=CARTESIAN_POINT('',(65.3147931098938,460.554588317871,100.));
#11399=CARTESIAN_POINT('',(65.279096364975,460.579586029053,100.));
#11400=CARTESIAN_POINT('',(65.3456072807312,460.523773193359,100.));
#11401=CARTESIAN_POINT('',(65.3147931098938,460.554588317871,100.));
#11402=CARTESIAN_POINT('',(65.3706026077271,460.488075256348,100.));
#11403=CARTESIAN_POINT('',(65.3456072807312,460.523773193359,100.));
#11404=CARTESIAN_POINT('',(65.3890194892883,460.448581695557,100.));
#11405=CARTESIAN_POINT('',(65.3706026077271,460.488075256348,100.));
#11406=CARTESIAN_POINT('',(65.4002983570099,460.406490325928,100.));
#11407=CARTESIAN_POINT('',(65.3890194892883,460.448581695557,100.));
#11408=CARTESIAN_POINT('',(65.404096364975,460.363079071045,100.));
#11409=CARTESIAN_POINT('',(65.4002983570099,460.406490325928,100.));
#11410=CARTESIAN_POINT('',(65.404096364975,460.123500823975,100.));
#11411=CARTESIAN_POINT('',(65.404096364975,460.123500823975,100.));
#11412=CARTESIAN_POINT('',(65.4002983570099,460.080089569092,100.));
#11413=CARTESIAN_POINT('',(65.4002983570099,460.080089569092,100.));
#11414=CARTESIAN_POINT('',(65.3890194892883,460.037998199463,100.));
#11415=CARTESIAN_POINT('',(65.3890194892883,460.037998199463,100.));
#11416=CARTESIAN_POINT('',(65.3706026077271,459.998500823975,100.));
#11417=CARTESIAN_POINT('',(65.3706026077271,459.998500823975,100.));
#11418=CARTESIAN_POINT('',(65.3456072807312,459.962802886963,100.));
#11419=CARTESIAN_POINT('',(65.3456072807312,459.962802886963,100.));
#11420=CARTESIAN_POINT('',(65.3147931098938,459.931991577148,100.));
#11421=CARTESIAN_POINT('',(65.3147931098938,459.931991577148,100.));
#11422=CARTESIAN_POINT('',(65.279096364975,459.906993865967,100.));
#11423=CARTESIAN_POINT('',(65.279096364975,459.906993865967,100.));
#11424=CARTESIAN_POINT('',(65.2396013736725,459.888580322266,100.));
#11425=CARTESIAN_POINT('',(65.2396013736725,459.888580322266,100.));
#11426=CARTESIAN_POINT('',(63.0562963485718,459.093921661377,100.));
#11427=CARTESIAN_POINT('',(63.0562963485718,459.093921661377,100.));
#11428=CARTESIAN_POINT('',(63.0562963485718,458.251064300537,100.));
#11429=CARTESIAN_POINT('',(63.0562963485718,458.251064300537,100.));
#11430=CARTESIAN_POINT('',(65.2396013736725,457.456405639648,100.));
#11431=CARTESIAN_POINT('',(63.0562963485718,458.251064300537,100.));
#11432=CARTESIAN_POINT('',(65.279096364975,457.437992095947,100.));
#11433=CARTESIAN_POINT('',(65.2396013736725,457.456405639648,100.));
#11434=CARTESIAN_POINT('',(65.3147931098938,457.412994384766,100.));
#11435=CARTESIAN_POINT('',(65.279096364975,457.437992095947,100.));
#11436=CARTESIAN_POINT('',(65.3456072807312,457.382183074951,100.));
#11437=CARTESIAN_POINT('',(65.3147931098938,457.412994384766,100.));
#11438=CARTESIAN_POINT('',(65.3706026077271,457.346481323242,100.));
#11439=CARTESIAN_POINT('',(65.3456072807312,457.382183074951,100.));
#11440=CARTESIAN_POINT('',(65.3890194892883,457.306987762451,100.));
#11441=CARTESIAN_POINT('',(65.3706026077271,457.346481323242,100.));
#11442=CARTESIAN_POINT('',(65.4002983570099,457.264896392822,100.));
#11443=CARTESIAN_POINT('',(65.3890194892883,457.306987762451,100.));
#11444=CARTESIAN_POINT('',(65.404096364975,457.221485137939,100.));
#11445=CARTESIAN_POINT('',(65.4002983570099,457.264896392822,100.));
#11446=CARTESIAN_POINT('',(65.404096364975,456.981906890869,100.));
#11447=CARTESIAN_POINT('',(65.404096364975,456.981906890869,100.));
#11448=CARTESIAN_POINT('',(65.4002983570099,456.938495635986,100.));
#11449=CARTESIAN_POINT('',(65.4002983570099,456.938495635986,100.));
#11450=CARTESIAN_POINT('',(65.3890194892883,456.896404266357,100.));
#11451=CARTESIAN_POINT('',(65.3890194892883,456.896404266357,100.));
#11452=CARTESIAN_POINT('',(65.3706026077271,456.856910705566,100.));
#11453=CARTESIAN_POINT('',(65.3706026077271,456.856910705566,100.));
#11454=CARTESIAN_POINT('',(65.3456072807312,456.821212768555,100.));
#11455=CARTESIAN_POINT('',(65.3456072807312,456.821212768555,100.));
#11456=CARTESIAN_POINT('',(65.3147931098938,456.790397644043,100.));
#11457=CARTESIAN_POINT('',(65.3147931098938,456.790397644043,100.));
#11458=CARTESIAN_POINT('',(65.279096364975,456.765399932861,100.));
#11459=CARTESIAN_POINT('',(65.279096364975,456.765399932861,100.));
#11460=CARTESIAN_POINT('',(65.2396013736725,456.74698638916,100.));
#11461=CARTESIAN_POINT('',(65.2396013736725,456.74698638916,100.));
#11462=CARTESIAN_POINT('',(63.0562963485718,455.952325820923,100.));
#11463=CARTESIAN_POINT('',(63.0562963485718,455.952325820923,100.));
#11464=CARTESIAN_POINT('',(63.0562963485718,455.10947227478,100.));
#11465=CARTESIAN_POINT('',(63.0562963485718,455.10947227478,100.));
#11466=CARTESIAN_POINT('',(65.2396013736725,454.314813613892,100.));
#11467=CARTESIAN_POINT('',(63.0562963485718,455.10947227478,100.));
#11468=CARTESIAN_POINT('',(65.279096364975,454.296398162842,100.));
#11469=CARTESIAN_POINT('',(65.2396013736725,454.314813613892,100.));
#11470=CARTESIAN_POINT('',(65.3147931098938,454.27140045166,100.));
#11471=CARTESIAN_POINT('',(65.279096364975,454.296398162842,100.));
#11472=CARTESIAN_POINT('',(65.3456072807312,454.240587234497,100.));
#11473=CARTESIAN_POINT('',(65.3147931098938,454.27140045166,100.));
#11474=CARTESIAN_POINT('',(65.3706026077271,454.204889297485,100.));
#11475=CARTESIAN_POINT('',(65.3456072807312,454.240587234497,100.));
#11476=CARTESIAN_POINT('',(65.3890194892883,454.165395736694,100.));
#11477=CARTESIAN_POINT('',(65.3706026077271,454.204889297485,100.));
#11478=CARTESIAN_POINT('',(65.4002983570099,454.123302459717,100.));
#11479=CARTESIAN_POINT('',(65.3890194892883,454.165395736694,100.));
#11480=CARTESIAN_POINT('',(65.404096364975,454.079891204834,100.));
#11481=CARTESIAN_POINT('',(65.4002983570099,454.123302459717,100.));
#11482=CARTESIAN_POINT('',(65.404096364975,453.840316772461,100.));
#11483=CARTESIAN_POINT('',(65.404096364975,453.840316772461,100.));
#11484=CARTESIAN_POINT('',(65.4002983570099,453.796905517578,100.));
#11485=CARTESIAN_POINT('',(65.4002983570099,453.796905517578,100.));
#11486=CARTESIAN_POINT('',(65.3890194892883,453.754812240601,100.));
#11487=CARTESIAN_POINT('',(65.3890194892883,453.754812240601,100.));
#11488=CARTESIAN_POINT('',(65.3706026077271,453.715316772461,100.));
#11489=CARTESIAN_POINT('',(65.3706026077271,453.715316772461,100.));
#11490=CARTESIAN_POINT('',(65.3456072807312,453.679620742798,100.));
#11491=CARTESIAN_POINT('',(65.3456072807312,453.679620742798,100.));
#11492=CARTESIAN_POINT('',(65.3147931098938,453.648803710938,100.));
#11493=CARTESIAN_POINT('',(65.3147931098938,453.648803710938,100.));
#11494=CARTESIAN_POINT('',(65.279096364975,453.623809814453,100.));
#11495=CARTESIAN_POINT('',(65.279096364975,453.623809814453,100.));
#11496=CARTESIAN_POINT('',(65.2396013736725,453.605394363403,100.));
#11497=CARTESIAN_POINT('',(65.2396013736725,453.605394363403,100.));
#11498=CARTESIAN_POINT('',(63.0562963485718,452.810735702515,100.));
#11499=CARTESIAN_POINT('',(63.0562963485718,452.810735702515,100.));
#11500=CARTESIAN_POINT('',(63.0562963485718,451.967878341675,100.));
#11501=CARTESIAN_POINT('',(63.0562963485718,451.967878341675,100.));
#11502=CARTESIAN_POINT('',(65.2396013736725,451.173219680786,100.));
#11503=CARTESIAN_POINT('',(63.0562963485718,451.967878341675,100.));
#11504=CARTESIAN_POINT('',(65.279096364975,451.154804229736,100.));
#11505=CARTESIAN_POINT('',(65.2396013736725,451.173219680786,100.));
#11506=CARTESIAN_POINT('',(65.3147931098938,451.129810333252,100.));
#11507=CARTESIAN_POINT('',(65.279096364975,451.154804229736,100.));
#11508=CARTESIAN_POINT('',(65.3456072807312,451.098993301392,100.));
#11509=CARTESIAN_POINT('',(65.3147931098938,451.129810333252,100.));
#11510=CARTESIAN_POINT('',(65.3706026077271,451.063299179077,100.));
#11511=CARTESIAN_POINT('',(65.3456072807312,451.098993301392,100.));
#11512=CARTESIAN_POINT('',(65.3890194892883,451.023803710938,100.));
#11513=CARTESIAN_POINT('',(65.3706026077271,451.063299179077,100.));
#11514=CARTESIAN_POINT('',(65.4002983570099,450.98171043396,100.));
#11515=CARTESIAN_POINT('',(65.3890194892883,451.023803710938,100.));
#11516=CARTESIAN_POINT('',(65.404096364975,450.938297271729,100.));
#11517=CARTESIAN_POINT('',(65.4002983570099,450.98171043396,100.));
#11518=CARTESIAN_POINT('',(65.404096364975,450.698722839355,100.));
#11519=CARTESIAN_POINT('',(65.404096364975,450.698722839355,100.));
#11520=CARTESIAN_POINT('',(65.4002983570099,450.655311584473,100.));
#11521=CARTESIAN_POINT('',(65.4002983570099,450.655311584473,100.));
#11522=CARTESIAN_POINT('',(65.3890194892883,450.613218307495,100.));
#11523=CARTESIAN_POINT('',(65.3890194892883,450.613218307495,100.));
#11524=CARTESIAN_POINT('',(65.3706026077271,450.573724746704,100.));
#11525=CARTESIAN_POINT('',(65.3706026077271,450.573724746704,100.));
#11526=CARTESIAN_POINT('',(65.3456072807312,450.538026809692,100.));
#11527=CARTESIAN_POINT('',(65.3456072807312,450.538026809692,100.));
#11528=CARTESIAN_POINT('',(65.3147931098938,450.507213592529,100.));
#11529=CARTESIAN_POINT('',(65.3147931098938,450.507213592529,100.));
#11530=CARTESIAN_POINT('',(65.279096364975,450.482217788696,100.));
#11531=CARTESIAN_POINT('',(65.279096364975,450.482217788696,100.));
#11532=CARTESIAN_POINT('',(65.2396013736725,450.463800430298,100.));
#11533=CARTESIAN_POINT('',(65.2396013736725,450.463800430298,100.));
#11534=CARTESIAN_POINT('',(63.0562963485718,449.669141769409,100.));
#11535=CARTESIAN_POINT('',(63.0562963485718,449.669141769409,100.));
#11536=CARTESIAN_POINT('',(63.0562963485718,448.826286315918,100.));
#11537=CARTESIAN_POINT('',(63.0562963485718,448.826286315918,100.));
#11538=CARTESIAN_POINT('',(65.2396013736725,448.031629562378,100.));
#11539=CARTESIAN_POINT('',(63.0562963485718,448.826286315918,100.));
#11540=CARTESIAN_POINT('',(65.279096364975,448.013212203979,100.));
#11541=CARTESIAN_POINT('',(65.2396013736725,448.031629562378,100.));
#11542=CARTESIAN_POINT('',(65.3147931098938,447.988216400146,100.));
#11543=CARTESIAN_POINT('',(65.279096364975,448.013212203979,100.));
#11544=CARTESIAN_POINT('',(65.3456072807312,447.957403182983,100.));
#11545=CARTESIAN_POINT('',(65.3147931098938,447.988216400146,100.));
#11546=CARTESIAN_POINT('',(65.3706026077271,447.921705245972,100.));
#11547=CARTESIAN_POINT('',(65.3456072807312,447.957403182983,100.));
#11548=CARTESIAN_POINT('',(65.3890194892883,447.882209777832,100.));
#11549=CARTESIAN_POINT('',(65.3706026077271,447.921705245972,100.));
#11550=CARTESIAN_POINT('',(65.4002983570099,447.840118408203,100.));
#11551=CARTESIAN_POINT('',(65.3890194892883,447.882209777832,100.));
#11552=CARTESIAN_POINT('',(65.404096364975,447.796705245972,100.));
#11553=CARTESIAN_POINT('',(65.4002983570099,447.840118408203,100.));
#11554=CARTESIAN_POINT('',(65.404096364975,447.557130813599,100.));
#11555=CARTESIAN_POINT('',(65.404096364975,447.557130813599,100.));
#11556=CARTESIAN_POINT('',(65.4002983570099,447.513719558716,100.));
#11557=CARTESIAN_POINT('',(65.4002983570099,447.513719558716,100.));
#11558=CARTESIAN_POINT('',(65.3890194892883,447.471626281738,100.));
#11559=CARTESIAN_POINT('',(65.3890194892883,447.471626281738,100.));
#11560=CARTESIAN_POINT('',(65.3706026077271,447.432130813599,100.));
#11561=CARTESIAN_POINT('',(65.3706026077271,447.432130813599,100.));
#11562=CARTESIAN_POINT('',(65.3456072807312,447.396432876587,100.));
#11563=CARTESIAN_POINT('',(65.3456072807312,447.396432876587,100.));
#11564=CARTESIAN_POINT('',(65.3147931098938,447.365619659424,100.));
#11565=CARTESIAN_POINT('',(65.3147931098938,447.365619659424,100.));
#11566=CARTESIAN_POINT('',(65.279096364975,447.340625762939,100.));
#11567=CARTESIAN_POINT('',(65.279096364975,447.340625762939,100.));
#11568=CARTESIAN_POINT('',(65.2396013736725,447.322206497192,100.));
#11569=CARTESIAN_POINT('',(65.2396013736725,447.322206497192,100.));
#11570=CARTESIAN_POINT('',(63.0562963485718,446.527551651001,100.));
#11571=CARTESIAN_POINT('',(63.0562963485718,446.527551651001,100.));
#11572=CARTESIAN_POINT('',(63.0562963485718,445.684694290161,100.));
#11573=CARTESIAN_POINT('',(63.0562963485718,445.684694290161,100.));
#11574=CARTESIAN_POINT('',(65.2396013736725,444.890035629272,100.));
#11575=CARTESIAN_POINT('',(63.0562963485718,445.684694290161,100.));
#11576=CARTESIAN_POINT('',(65.279096364975,444.871620178223,100.));
#11577=CARTESIAN_POINT('',(65.2396013736725,444.890035629272,100.));
#11578=CARTESIAN_POINT('',(65.3147931098938,444.846622467041,100.));
#11579=CARTESIAN_POINT('',(65.279096364975,444.871620178223,100.));
#11580=CARTESIAN_POINT('',(65.3456072807312,444.815809249878,100.));
#11581=CARTESIAN_POINT('',(65.3147931098938,444.846622467041,100.));
#11582=CARTESIAN_POINT('',(65.3706026077271,444.780111312866,100.));
#11583=CARTESIAN_POINT('',(65.3456072807312,444.815809249878,100.));
#11584=CARTESIAN_POINT('',(65.3890194892883,444.740617752075,100.));
#11585=CARTESIAN_POINT('',(65.3706026077271,444.780111312866,100.));
#11586=CARTESIAN_POINT('',(65.4002983570099,444.698524475098,100.));
#11587=CARTESIAN_POINT('',(65.3890194892883,444.740617752075,100.));
#11588=CARTESIAN_POINT('',(65.404096364975,444.655113220215,100.));
#11589=CARTESIAN_POINT('',(65.4002983570099,444.698524475098,100.));
#11590=CARTESIAN_POINT('',(65.404096364975,444.415538787842,100.));
#11591=CARTESIAN_POINT('',(65.404096364975,444.415538787842,100.));
#11592=CARTESIAN_POINT('',(65.4002983570099,444.37212562561,100.));
#11593=CARTESIAN_POINT('',(65.4002983570099,444.37212562561,100.));
#11594=CARTESIAN_POINT('',(65.3890194892883,444.330034255981,100.));
#11595=CARTESIAN_POINT('',(65.3890194892883,444.330034255981,100.));
#11596=CARTESIAN_POINT('',(65.3706026077271,444.290538787842,100.));
#11597=CARTESIAN_POINT('',(65.3706026077271,444.290538787842,100.));
#11598=CARTESIAN_POINT('',(65.3456072807312,444.254842758179,100.));
#11599=CARTESIAN_POINT('',(65.3456072807312,444.254842758179,100.));
#11600=CARTESIAN_POINT('',(65.3147931098938,444.224027633667,100.));
#11601=CARTESIAN_POINT('',(65.3147931098938,444.224027633667,100.));
#11602=CARTESIAN_POINT('',(65.279096364975,444.199031829834,100.));
#11603=CARTESIAN_POINT('',(65.279096364975,444.199031829834,100.));
#11604=CARTESIAN_POINT('',(65.2396013736725,444.180616378784,100.));
#11605=CARTESIAN_POINT('',(65.2396013736725,444.180616378784,100.));
#11606=CARTESIAN_POINT('',(63.0562963485718,443.385957717896,100.));
#11607=CARTESIAN_POINT('',(63.0562963485718,443.385957717896,100.));
#11608=CARTESIAN_POINT('',(63.0562963485718,442.543102264404,100.));
#11609=CARTESIAN_POINT('',(63.0562963485718,442.543102264404,100.));
#11610=CARTESIAN_POINT('',(65.2396013736725,441.748443603516,100.));
#11611=CARTESIAN_POINT('',(63.0562963485718,442.543102264404,100.));
#11612=CARTESIAN_POINT('',(65.279096364975,441.730026245117,100.));
#11613=CARTESIAN_POINT('',(65.2396013736725,441.748443603516,100.));
#11614=CARTESIAN_POINT('',(65.3147931098938,441.705032348633,100.));
#11615=CARTESIAN_POINT('',(65.279096364975,441.730026245117,100.));
#11616=CARTESIAN_POINT('',(65.3456072807312,441.674217224121,100.));
#11617=CARTESIAN_POINT('',(65.3147931098938,441.705032348633,100.));
#11618=CARTESIAN_POINT('',(65.3706026077271,441.638521194458,100.));
#11619=CARTESIAN_POINT('',(65.3456072807312,441.674217224121,100.));
#11620=CARTESIAN_POINT('',(65.3890194892883,441.599025726318,100.));
#11621=CARTESIAN_POINT('',(65.3706026077271,441.638521194458,100.));
#11622=CARTESIAN_POINT('',(65.4002983570099,441.556932449341,100.));
#11623=CARTESIAN_POINT('',(65.3890194892883,441.599025726318,100.));
#11624=CARTESIAN_POINT('',(65.404096364975,441.513521194458,100.));
#11625=CARTESIAN_POINT('',(65.4002983570099,441.556932449341,100.));
#11626=CARTESIAN_POINT('',(65.404096364975,441.273944854736,100.));
#11627=CARTESIAN_POINT('',(65.404096364975,441.273944854736,100.));
#11628=CARTESIAN_POINT('',(65.4002983570099,441.230533599854,100.));
#11629=CARTESIAN_POINT('',(65.4002983570099,441.230533599854,100.));
#11630=CARTESIAN_POINT('',(65.3890194892883,441.188440322876,100.));
#11631=CARTESIAN_POINT('',(65.3890194892883,441.188440322876,100.));
#11632=CARTESIAN_POINT('',(65.3706026077271,441.148944854736,100.));
#11633=CARTESIAN_POINT('',(65.3706026077271,441.148944854736,100.));
#11634=CARTESIAN_POINT('',(65.3456072807312,441.113248825073,100.));
#11635=CARTESIAN_POINT('',(65.3456072807312,441.113248825073,100.));
#11636=CARTESIAN_POINT('',(65.3147931098938,441.08243560791,100.));
#11637=CARTESIAN_POINT('',(65.3147931098938,441.08243560791,100.));
#11638=CARTESIAN_POINT('',(65.279096364975,441.057437896729,100.));
#11639=CARTESIAN_POINT('',(65.279096364975,441.057437896729,100.));
#11640=CARTESIAN_POINT('',(65.2396013736725,441.039022445679,100.));
#11641=CARTESIAN_POINT('',(65.2396013736725,441.039022445679,100.));
#11642=CARTESIAN_POINT('',(63.0562963485718,440.24436378479,100.));
#11643=CARTESIAN_POINT('',(63.0562963485718,440.24436378479,100.));
#11644=CARTESIAN_POINT('',(63.0562963485718,439.401508331299,100.));
#11645=CARTESIAN_POINT('',(63.0562963485718,439.401508331299,100.));
#11646=CARTESIAN_POINT('',(65.2396013736725,438.606851577759,100.));
#11647=CARTESIAN_POINT('',(63.0562963485718,439.401508331299,100.));
#11648=CARTESIAN_POINT('',(65.2743434906006,438.591108322144,100.));
#11649=CARTESIAN_POINT('',(65.2396013736725,438.606851577759,100.));
#11650=CARTESIAN_POINT('',(65.30628657341,438.570265769958,100.));
#11651=CARTESIAN_POINT('',(65.2743434906006,438.591108322144,100.));
#11652=CARTESIAN_POINT('',(65.3346872329712,438.544804573059,100.));
#11653=CARTESIAN_POINT('',(65.30628657341,438.570265769958,100.));
#11654=CARTESIAN_POINT('',(65.3588843345642,438.515320777893,100.));
#11655=CARTESIAN_POINT('',(65.3346872329712,438.544804573059,100.));
#11656=CARTESIAN_POINT('',(65.3783144950867,438.48249912262,100.));
#11657=CARTESIAN_POINT('',(65.3588843345642,438.515320777893,100.));
#11658=CARTESIAN_POINT('',(65.392525434494,438.447103500366,100.));
#11659=CARTESIAN_POINT('',(65.3783144950867,438.48249912262,100.));
#11660=CARTESIAN_POINT('',(65.4011867046356,438.409956932068,100.));
#11661=CARTESIAN_POINT('',(65.392525434494,438.447103500366,100.));
#11662=CARTESIAN_POINT('',(65.404096364975,438.371929168701,100.));
#11663=CARTESIAN_POINT('',(65.4011867046356,438.409956932068,100.));
#11664=CARTESIAN_POINT('',(65.404096364975,438.132351875305,100.));
#11665=CARTESIAN_POINT('',(65.404096364975,438.132351875305,100.));
#11666=CARTESIAN_POINT('',(65.4011867046356,438.094320297241,100.));
#11667=CARTESIAN_POINT('',(65.4011867046356,438.094320297241,100.));
#11668=CARTESIAN_POINT('',(65.392525434494,438.057175636292,100.));
#11669=CARTESIAN_POINT('',(65.392525434494,438.057175636292,100.));
#11670=CARTESIAN_POINT('',(65.3783144950867,438.021781921387,100.));
#11671=CARTESIAN_POINT('',(65.3783144950867,438.021781921387,100.));
#11672=CARTESIAN_POINT('',(65.3588843345642,437.988958358765,100.));
#11673=CARTESIAN_POINT('',(65.3588843345642,437.988958358765,100.));
#11674=CARTESIAN_POINT('',(65.3346872329712,437.959476470947,100.));
#11675=CARTESIAN_POINT('',(65.3346872329712,437.959476470947,100.));
#11676=CARTESIAN_POINT('',(65.30628657341,437.934013366699,100.));
#11677=CARTESIAN_POINT('',(65.30628657341,437.934013366699,100.));
#11678=CARTESIAN_POINT('',(65.2743434906006,437.913170814514,100.));
#11679=CARTESIAN_POINT('',(65.2743434906006,437.913170814514,100.));
#11680=CARTESIAN_POINT('',(65.2396013736725,437.897431373596,100.));
#11681=CARTESIAN_POINT('',(65.2396013736725,437.897431373596,100.));
#11682=CARTESIAN_POINT('',(63.0565514984131,437.102863672602,100.));
#11683=CARTESIAN_POINT('',(63.0562963485718,437.102770805359,100.));
#11684=CARTESIAN_POINT('',(63.0565514984131,436.259824391973,100.000008705623));
#11685=CARTESIAN_POINT('',(63.0565514984131,435.480479545827,100.));
#11686=CARTESIAN_POINT('',(63.0625514984131,436.257640563624,100.));
#11687=CARTESIAN_POINT('',(68.4472901157353,434.297749755763,100.000008705623));
#11688=CARTESIAN_POINT('',(64.8523198332696,435.606216092174,100.));
#11689=CARTESIAN_POINT('Origin',(70.0625514984131,424.114974975586,100.));
#11690=CARTESIAN_POINT('',(64.7570412822494,428.297014786298,100.));
#11691=CARTESIAN_POINT('',(66.0565514984131,426.997504570135,100.));
#11692=CARTESIAN_POINT('',(64.5565514984131,428.497504570135,100.));
#11693=CARTESIAN_POINT('',(63.0625514984131,427.680272127324,100.));
#11694=CARTESIAN_POINT('',(63.7606668552573,427.93436484925,100.));
#11695=CARTESIAN_POINT('',(63.0565514984131,427.680272127324,100.));
#11696=CARTESIAN_POINT('',(63.0625514984131,427.680272127324,100.));
#11697=CARTESIAN_POINT('',(63.0565514984131,426.997504570135,100.));
#11698=CARTESIAN_POINT('',(63.0565514984131,430.480479545827,100.));
#11699=CARTESIAN_POINT('',(60.8125514984131,426.997504570135,100.));
#11700=CARTESIAN_POINT('Origin',(65.2396013736725,432.323667526245,100.));
#11701=CARTESIAN_POINT('',(63.0565514984131,433.118230459425,100.000008705623));
#11702=CARTESIAN_POINT('',(65.2396013736725,432.323667526245,100.));
#11703=CARTESIAN_POINT('',(67.9424535398295,431.339912565155,100.));
#11704=CARTESIAN_POINT('',(63.0565514984131,433.118230459425,90.));
#11705=CARTESIAN_POINT('',(63.0565514984131,433.118230459425,110.5));
#11706=CARTESIAN_POINT('',(65.2396013736725,432.323667526245,90.));
#11707=CARTESIAN_POINT('',(63.0562963485718,433.118323326111,90.));
#11708=CARTESIAN_POINT('',(65.2396013736725,432.323667526245,90.));
#11709=CARTESIAN_POINT('Origin',(63.0562963485718,433.961177825928,100.));
#11710=CARTESIAN_POINT('',(63.0625514984131,433.96345452152,100.));
#11711=CARTESIAN_POINT('',(63.0565514984131,433.961270693171,100.000008705623));
#11712=CARTESIAN_POINT('',(67.9620953790499,435.74674832588,100.));
#11713=CARTESIAN_POINT('',(63.1561029406475,433.997504570135,100.));
#11714=CARTESIAN_POINT('',(67.9620953790499,435.74674832588,100.));
#11715=CARTESIAN_POINT('',(63.1561029406475,433.997504570135,101.));
#11716=CARTESIAN_POINT('',(65.2396013736725,434.755838394165,90.));
#11717=CARTESIAN_POINT('',(65.2396013736725,434.755838394165,100.));
#11718=CARTESIAN_POINT('',(63.0565514984131,433.961270693171,90.));
#11719=CARTESIAN_POINT('',(63.0562963485718,433.961177825928,90.));
#11720=CARTESIAN_POINT('',(63.0565514984131,433.961270693171,110.5));
#11721=CARTESIAN_POINT('Origin',(63.0562963485718,437.102770805359,100.));
#11722=CARTESIAN_POINT('',(63.0565514984131,437.102863672602,90.));
#11723=CARTESIAN_POINT('',(63.0565514984131,437.102863672602,110.5));
#11724=CARTESIAN_POINT('',(65.2396013736725,437.897431373596,90.));
#11725=CARTESIAN_POINT('',(65.2396013736725,437.897431373596,90.));
#11726=CARTESIAN_POINT('',(63.0562963485718,437.102770805359,90.));
#11727=CARTESIAN_POINT('Origin',(63.0562963485718,440.24436378479,100.));
#11728=CARTESIAN_POINT('',(65.2396013736725,441.039022445679,90.));
#11729=CARTESIAN_POINT('',(65.2396013736725,441.039022445679,90.));
#11730=CARTESIAN_POINT('',(63.0562963485718,440.24436378479,90.));
#11731=CARTESIAN_POINT('',(63.0562963485718,440.24436378479,90.));
#11732=CARTESIAN_POINT('',(63.0562963485718,440.24436378479,90.));
#11733=CARTESIAN_POINT('Origin',(63.0562963485718,443.385957717896,100.));
#11734=CARTESIAN_POINT('',(65.2396013736725,444.180616378784,90.));
#11735=CARTESIAN_POINT('',(65.2396013736725,444.180616378784,90.));
#11736=CARTESIAN_POINT('',(63.0562963485718,443.385957717896,90.));
#11737=CARTESIAN_POINT('',(63.0562963485718,443.385957717896,90.));
#11738=CARTESIAN_POINT('',(63.0562963485718,443.385957717896,90.));
#11739=CARTESIAN_POINT('Origin',(63.0562963485718,446.527551651001,100.));
#11740=CARTESIAN_POINT('',(65.2396013736725,447.322206497192,90.));
#11741=CARTESIAN_POINT('',(65.2396013736725,447.322206497192,90.));
#11742=CARTESIAN_POINT('',(63.0562963485718,446.527551651001,90.));
#11743=CARTESIAN_POINT('',(63.0562963485718,446.527551651001,90.));
#11744=CARTESIAN_POINT('',(63.0562963485718,446.527551651001,90.));
#11745=CARTESIAN_POINT('Origin',(63.0562963485718,449.669141769409,100.));
#11746=CARTESIAN_POINT('',(65.2396013736725,450.463800430298,90.));
#11747=CARTESIAN_POINT('',(65.2396013736725,450.463800430298,90.));
#11748=CARTESIAN_POINT('',(63.0562963485718,449.669141769409,90.));
#11749=CARTESIAN_POINT('',(63.0562963485718,449.669141769409,90.));
#11750=CARTESIAN_POINT('',(63.0562963485718,449.669141769409,90.));
#11751=CARTESIAN_POINT('Origin',(63.0562963485718,452.810735702515,100.));
#11752=CARTESIAN_POINT('',(65.2396013736725,453.605394363403,90.));
#11753=CARTESIAN_POINT('',(65.2396013736725,453.605394363403,90.));
#11754=CARTESIAN_POINT('',(63.0562963485718,452.810735702515,90.));
#11755=CARTESIAN_POINT('',(63.0562963485718,452.810735702515,90.));
#11756=CARTESIAN_POINT('',(63.0562963485718,452.810735702515,90.));
#11757=CARTESIAN_POINT('Origin',(63.0562963485718,455.952325820923,100.));
#11758=CARTESIAN_POINT('',(65.2396013736725,456.74698638916,90.));
#11759=CARTESIAN_POINT('',(65.2396013736725,456.74698638916,90.));
#11760=CARTESIAN_POINT('',(63.0562963485718,455.952325820923,90.));
#11761=CARTESIAN_POINT('',(63.0562963485718,455.952325820923,90.));
#11762=CARTESIAN_POINT('',(63.0562963485718,455.952325820923,90.));
#11763=CARTESIAN_POINT('Origin',(63.0562963485718,459.093921661377,100.));
#11764=CARTESIAN_POINT('',(65.2396013736725,459.888580322266,90.));
#11765=CARTESIAN_POINT('',(65.2396013736725,459.888580322266,90.));
#11766=CARTESIAN_POINT('',(63.0562963485718,459.093921661377,90.));
#11767=CARTESIAN_POINT('',(63.0562963485718,459.093921661377,90.));
#11768=CARTESIAN_POINT('',(63.0562963485718,459.093921661377,90.));
#11769=CARTESIAN_POINT('Origin',(63.0562963485718,462.235511779785,100.));
#11770=CARTESIAN_POINT('',(65.2396013736725,463.030170440674,90.));
#11771=CARTESIAN_POINT('',(65.2396013736725,463.030170440674,90.));
#11772=CARTESIAN_POINT('',(63.0562963485718,462.235511779785,90.));
#11773=CARTESIAN_POINT('',(63.0562963485718,462.235511779785,90.));
#11774=CARTESIAN_POINT('',(63.0562963485718,462.235511779785,90.));
#11775=CARTESIAN_POINT('Origin',(63.0562963485718,465.377105712891,100.));
#11776=CARTESIAN_POINT('',(65.2396013736725,466.171764373779,90.));
#11777=CARTESIAN_POINT('',(65.2396013736725,466.171764373779,90.));
#11778=CARTESIAN_POINT('',(63.0562963485718,465.377105712891,90.));
#11779=CARTESIAN_POINT('',(63.0562963485718,465.377105712891,90.));
#11780=CARTESIAN_POINT('',(63.0562963485718,465.377105712891,90.));
#11781=CARTESIAN_POINT('Origin',(63.0562963485718,468.518699645996,100.));
#11782=CARTESIAN_POINT('',(65.2396013736725,469.313354492188,90.));
#11783=CARTESIAN_POINT('',(65.2396013736725,469.313354492188,90.));
#11784=CARTESIAN_POINT('',(63.0562963485718,468.518699645996,90.));
#11785=CARTESIAN_POINT('',(63.0562963485718,468.518699645996,90.));
#11786=CARTESIAN_POINT('',(63.0562963485718,468.518699645996,90.));
#11787=CARTESIAN_POINT('Origin',(63.0562963485718,471.660288274288,100.));
#11788=CARTESIAN_POINT('',(65.2396013736725,472.454944849014,90.));
#11789=CARTESIAN_POINT('',(65.2396013736727,472.454944849014,100.));
#11790=CARTESIAN_POINT('',(63.0562963485718,471.660288274288,90.));
#11791=CARTESIAN_POINT('',(63.0562963485718,471.660288274288,90.));
#11792=CARTESIAN_POINT('',(63.0562963485718,471.660288274288,90.));
#11793=CARTESIAN_POINT('Origin',(63.0562963485718,474.801881551743,100.));
#11794=CARTESIAN_POINT('',(65.2396013736725,475.596538066864,90.));
#11795=CARTESIAN_POINT('',(65.2396013736725,475.596538066864,90.));
#11796=CARTESIAN_POINT('',(63.0562963485718,474.801881551743,90.));
#11797=CARTESIAN_POINT('',(63.0562963485718,474.801881551743,90.));
#11798=CARTESIAN_POINT('',(63.0562963485718,474.801881551743,90.));
#11799=CARTESIAN_POINT('Origin',(63.0562963485718,477.943470954895,100.));
#11800=CARTESIAN_POINT('',(65.2396013736725,478.738131046295,90.));
#11801=CARTESIAN_POINT('',(65.2396013736725,478.738131046295,90.));
#11802=CARTESIAN_POINT('',(63.0562963485718,477.943470954895,90.));
#11803=CARTESIAN_POINT('',(63.0562963485718,477.943470954895,90.));
#11804=CARTESIAN_POINT('',(63.0562963485718,477.943470954895,90.));
#11805=CARTESIAN_POINT('Origin',(63.0562963485718,481.085063934326,100.));
#11806=CARTESIAN_POINT('',(65.2396013736725,481.879724502563,90.));
#11807=CARTESIAN_POINT('',(65.2396013736725,481.879724502563,90.));
#11808=CARTESIAN_POINT('',(63.0562963485718,481.085063934326,90.));
#11809=CARTESIAN_POINT('',(63.0562963485718,481.085063934326,90.));
#11810=CARTESIAN_POINT('',(63.0562963485718,481.085063934326,90.));
#11811=CARTESIAN_POINT('Origin',(63.0562963485718,484.226656913757,100.));
#11812=CARTESIAN_POINT('',(65.2396013736725,485.021317481995,90.));
#11813=CARTESIAN_POINT('',(65.2396013736725,485.021317481995,90.));
#11814=CARTESIAN_POINT('',(63.0562963485718,484.226656913757,90.));
#11815=CARTESIAN_POINT('',(63.0562963485718,484.226656913757,90.));
#11816=CARTESIAN_POINT('',(63.0562963485718,484.226656913757,90.));
#11817=CARTESIAN_POINT('Origin',(63.0625514984131,427.680272127324,100.));
#11818=CARTESIAN_POINT('',(63.0625514984131,427.680272127324,90.));
#11819=CARTESIAN_POINT('',(63.0625514984131,427.680272127324,100.));
#11820=CARTESIAN_POINT('',(63.0565514984131,427.680272127324,90.));
#11821=CARTESIAN_POINT('',(63.0625514984131,427.680272127324,90.));
#11822=CARTESIAN_POINT('',(63.0565514984131,427.680272127324,100.));
#11823=CARTESIAN_POINT('Origin',(65.404096364975,428.707576274872,100.));
#11824=CARTESIAN_POINT('',(65.404096364975,428.947149753571,100.));
#11825=CARTESIAN_POINT('',(65.404096364975,428.707576274872,100.));
#11826=CARTESIAN_POINT('',(65.404096364975,432.852540422503,100.));
#11827=CARTESIAN_POINT('',(65.404096364975,428.947149753571,90.));
#11828=CARTESIAN_POINT('',(65.404096364975,428.947149753571,100.));
#11829=CARTESIAN_POINT('',(65.404096364975,428.707576274872,90.));
#11830=CARTESIAN_POINT('',(65.404096364975,428.707576274872,90.));
#11831=CARTESIAN_POINT('',(65.404096364975,428.707576274872,100.));
#11832=CARTESIAN_POINT('Origin',(65.404096364975,428.947149753571,100.));
#11833=CARTESIAN_POINT('',(65.4011867046356,428.985180854797,100.));
#11834=CARTESIAN_POINT('',(65.1202161290331,432.657644014144,100.));
#11835=CARTESIAN_POINT('',(65.4011867046356,428.985180854797,90.));
#11836=CARTESIAN_POINT('',(65.4011867046356,428.985180854797,90.));
#11837=CARTESIAN_POINT('',(65.4011867046356,428.985180854797,90.));
#11838=CARTESIAN_POINT('Origin',(65.4011867046356,428.985180854797,100.));
#11839=CARTESIAN_POINT('',(65.392525434494,429.022325992584,100.));
#11840=CARTESIAN_POINT('',(64.7127589758261,431.937604970991,100.));
#11841=CARTESIAN_POINT('',(65.392525434494,429.022325992584,90.));
#11842=CARTESIAN_POINT('',(65.392525434494,429.022325992584,90.));
#11843=CARTESIAN_POINT('',(65.392525434494,429.022325992584,90.));
#11844=CARTESIAN_POINT('Origin',(65.392525434494,429.022325992584,100.));
#11845=CARTESIAN_POINT('',(65.3783144950867,429.057720184326,100.));
#11846=CARTESIAN_POINT('',(64.5461565300309,431.130317760778,100.));
#11847=CARTESIAN_POINT('',(65.3783144950867,429.057720184326,90.));
#11848=CARTESIAN_POINT('',(65.3783144950867,429.057720184326,90.));
#11849=CARTESIAN_POINT('',(65.3783144950867,429.057720184326,90.));
#11850=CARTESIAN_POINT('Origin',(65.3783144950867,429.057720184326,100.));
#11851=CARTESIAN_POINT('',(65.3588843345642,429.090543270111,100.));
#11852=CARTESIAN_POINT('',(64.6350876237835,430.313242459926,100.));
#11853=CARTESIAN_POINT('',(65.3588843345642,429.090543270111,90.));
#11854=CARTESIAN_POINT('',(65.3588843345642,429.090543270111,90.));
#11855=CARTESIAN_POINT('',(65.3588843345642,429.090543270111,90.));
#11856=CARTESIAN_POINT('Origin',(65.3588843345642,429.090543270111,100.));
#11857=CARTESIAN_POINT('',(65.3346872329712,429.120028972626,100.));
#11858=CARTESIAN_POINT('',(64.9702431353716,429.564127213224,100.));
#11859=CARTESIAN_POINT('',(65.3346872329712,429.120028972626,90.));
#11860=CARTESIAN_POINT('',(65.3346872329712,429.120028972626,90.));
#11861=CARTESIAN_POINT('',(65.3346872329712,429.120028972626,90.));
#11862=CARTESIAN_POINT('Origin',(65.3346872329712,429.120028972626,100.));
#11863=CARTESIAN_POINT('',(65.30628657341,429.145487785339,100.));
#11864=CARTESIAN_POINT('',(65.5194236336971,428.954428261229,100.));
#11865=CARTESIAN_POINT('',(65.30628657341,429.145487785339,90.));
#11866=CARTESIAN_POINT('',(65.30628657341,429.145487785339,90.));
#11867=CARTESIAN_POINT('',(65.30628657341,429.145487785339,90.));
#11868=CARTESIAN_POINT('Origin',(65.30628657341,429.145487785339,100.));
#11869=CARTESIAN_POINT('',(65.2743434906006,429.166330814362,100.));
#11870=CARTESIAN_POINT('',(66.2295755881227,428.543036862104,100.));
#11871=CARTESIAN_POINT('',(65.2743434906006,429.166330814362,90.));
#11872=CARTESIAN_POINT('',(65.2743434906006,429.166330814362,90.));
#11873=CARTESIAN_POINT('',(65.2743434906006,429.166330814362,90.));
#11874=CARTESIAN_POINT('Origin',(65.2743434906006,429.166330814362,100.));
#11875=CARTESIAN_POINT('',(65.2396013736725,429.182074069977,100.));
#11876=CARTESIAN_POINT('',(67.0329912658999,428.369406392024,100.));
#11877=CARTESIAN_POINT('',(65.2396013736725,429.182074069977,90.));
#11878=CARTESIAN_POINT('',(65.2396013736725,429.182074069977,90.));
#11879=CARTESIAN_POINT('',(65.2396013736725,429.182074069977,90.));
#11880=CARTESIAN_POINT('Origin',(65.2396013736725,429.182074069977,100.));
#11881=CARTESIAN_POINT('',(63.0625514984131,429.974453663383,100.));
#11882=CARTESIAN_POINT('',(63.0565514984131,429.976637479938,100.000008705623));
#11883=CARTESIAN_POINT('',(67.4376092314635,428.3820664117,100.000008705623));
#11884=CARTESIAN_POINT('',(63.0565514984131,429.976637479938,90.));
#11885=CARTESIAN_POINT('',(63.0565514984131,429.976637479938,110.5));
#11886=CARTESIAN_POINT('',(63.0562963485718,429.97673034668,90.));
#11887=CARTESIAN_POINT('',(63.0893598114853,429.964696257063,100.));
#11888=CARTESIAN_POINT('',(67.4376092314635,428.382066411699,100.));
#11889=CARTESIAN_POINT('',(64.8523193617247,429.323032881554,100.));
#11890=CARTESIAN_POINT('Origin',(65.404096364975,434.990758895874,100.));
#11891=CARTESIAN_POINT('',(65.404096364975,435.23033618927,90.));
#11892=CARTESIAN_POINT('',(65.404096364975,435.23033618927,100.));
#11893=CARTESIAN_POINT('',(65.404096364975,434.990758895874,90.));
#11894=CARTESIAN_POINT('',(65.404096364975,434.990758895874,90.));
#11895=CARTESIAN_POINT('',(65.404096364975,434.990758895874,100.));
#11896=CARTESIAN_POINT('Origin',(65.404096364975,435.23033618927,100.));
#11897=CARTESIAN_POINT('',(65.4011867046356,435.268367767334,90.));
#11898=CARTESIAN_POINT('',(65.4011867046356,435.268367767334,100.));
#11899=CARTESIAN_POINT('',(65.4011867046356,435.268367767334,90.));
#11900=CARTESIAN_POINT('Origin',(65.4011867046356,435.268367767334,100.));
#11901=CARTESIAN_POINT('',(65.392525434494,435.305512428284,90.));
#11902=CARTESIAN_POINT('',(65.3925254344941,435.305512428284,100.));
#11903=CARTESIAN_POINT('',(65.392525434494,435.305512428284,90.));
#11904=CARTESIAN_POINT('Origin',(65.392525434494,435.305512428284,100.));
#11905=CARTESIAN_POINT('',(65.3783144950867,435.340906143188,90.));
#11906=CARTESIAN_POINT('',(65.3783144950866,435.340906143189,100.));
#11907=CARTESIAN_POINT('',(65.3783144950867,435.340906143188,90.));
#11908=CARTESIAN_POINT('Origin',(65.3783144950867,435.340906143188,100.));
#11909=CARTESIAN_POINT('',(65.3588843345642,435.373729705811,90.));
#11910=CARTESIAN_POINT('',(65.3588843345643,435.37372970581,100.));
#11911=CARTESIAN_POINT('',(65.3588843345642,435.373729705811,90.));
#11912=CARTESIAN_POINT('Origin',(65.3588843345642,435.373729705811,100.));
#11913=CARTESIAN_POINT('',(65.3346872329712,435.403211593628,90.));
#11914=CARTESIAN_POINT('',(65.3346872329714,435.403211593628,100.));
#11915=CARTESIAN_POINT('',(65.3346872329712,435.403211593628,90.));
#11916=CARTESIAN_POINT('Origin',(65.3346872329712,435.403211593628,100.));
#11917=CARTESIAN_POINT('',(65.30628657341,435.428673744202,90.));
#11918=CARTESIAN_POINT('',(65.3062865734098,435.428673744202,100.));
#11919=CARTESIAN_POINT('',(65.30628657341,435.428673744202,90.));
#11920=CARTESIAN_POINT('Origin',(65.30628657341,435.428673744202,100.));
#11921=CARTESIAN_POINT('',(65.2743434906006,435.449517250061,90.));
#11922=CARTESIAN_POINT('',(65.2743434906004,435.449517250061,100.));
#11923=CARTESIAN_POINT('',(65.2743434906006,435.449517250061,90.));
#11924=CARTESIAN_POINT('Origin',(65.2743434906006,435.449517250061,100.));
#11925=CARTESIAN_POINT('',(65.2396013736725,435.465256690979,90.));
#11926=CARTESIAN_POINT('',(65.2396013736724,435.465256690979,100.));
#11927=CARTESIAN_POINT('',(65.2396013736725,435.465256690979,90.));
#11928=CARTESIAN_POINT('Origin',(65.404096364975,431.849169254303,100.));
#11929=CARTESIAN_POINT('',(65.404096364975,432.088742733002,100.));
#11930=CARTESIAN_POINT('',(65.404096364975,431.849169254303,100.));
#11931=CARTESIAN_POINT('',(65.404096364975,434.423336912219,100.));
#11932=CARTESIAN_POINT('',(65.404096364975,432.088742733002,90.));
#11933=CARTESIAN_POINT('',(65.404096364975,432.088742733002,100.));
#11934=CARTESIAN_POINT('',(65.404096364975,431.849169254303,90.));
#11935=CARTESIAN_POINT('',(65.404096364975,431.849169254303,90.));
#11936=CARTESIAN_POINT('',(65.404096364975,431.849169254303,100.));
#11937=CARTESIAN_POINT('Origin',(65.404096364975,432.088742733002,100.));
#11938=CARTESIAN_POINT('',(65.4011867046356,432.126773834229,100.));
#11939=CARTESIAN_POINT('',(65.2396943192112,434.237581468495,100.));
#11940=CARTESIAN_POINT('',(65.4011867046356,432.126773834229,90.));
#11941=CARTESIAN_POINT('',(65.4011867046356,432.126773834229,90.));
#11942=CARTESIAN_POINT('',(65.4011867046356,432.126773834229,90.));
#11943=CARTESIAN_POINT('Origin',(65.4011867046356,432.126773834229,100.));
#11944=CARTESIAN_POINT('',(65.392525434494,432.163919448853,100.));
#11945=CARTESIAN_POINT('',(65.060141716144,433.589414475249,100.));
#11946=CARTESIAN_POINT('',(65.392525434494,432.163919448853,90.));
#11947=CARTESIAN_POINT('',(65.392525434494,432.163919448853,90.));
#11948=CARTESIAN_POINT('',(65.392525434494,432.163919448853,90.));
#11949=CARTESIAN_POINT('Origin',(65.392525434494,432.163919448853,100.));
#11950=CARTESIAN_POINT('',(65.3783144950867,432.199313163757,100.));
#11951=CARTESIAN_POINT('',(65.0892878269987,432.919161950453,100.));
#11952=CARTESIAN_POINT('',(65.3783144950867,432.199313163757,90.));
#11953=CARTESIAN_POINT('',(65.3783144950867,432.199313163757,90.));
#11954=CARTESIAN_POINT('',(65.3783144950867,432.199313163757,90.));
#11955=CARTESIAN_POINT('Origin',(65.3783144950867,432.199313163757,100.));
#11956=CARTESIAN_POINT('',(65.3588843345642,432.232136726379,100.));
#11957=CARTESIAN_POINT('',(65.3236413453943,432.291673057058,100.));
#11958=CARTESIAN_POINT('',(65.3588843345642,432.232136726379,90.));
#11959=CARTESIAN_POINT('',(65.3588843345642,432.232136726379,90.));
#11960=CARTESIAN_POINT('',(65.3588843345642,432.232136726379,90.));
#11961=CARTESIAN_POINT('Origin',(65.3588843345642,432.232136726379,100.));
#11962=CARTESIAN_POINT('',(65.3346872329712,432.261622428894,100.));
#11963=CARTESIAN_POINT('',(65.7405429043931,431.767061559881,100.));
#11964=CARTESIAN_POINT('',(65.3346872329712,432.261622428894,90.));
#11965=CARTESIAN_POINT('',(65.3346872329712,432.261622428894,90.));
#11966=CARTESIAN_POINT('',(65.3346872329712,432.261622428894,90.));
#11967=CARTESIAN_POINT('Origin',(65.3346872329712,432.261622428894,100.));
#11968=CARTESIAN_POINT('',(65.30628657341,432.287080764771,100.));
#11969=CARTESIAN_POINT('',(66.3001877320507,431.396148303495,100.));
#11970=CARTESIAN_POINT('',(65.30628657341,432.287080764771,90.));
#11971=CARTESIAN_POINT('',(65.30628657341,432.287080764771,90.));
#11972=CARTESIAN_POINT('',(65.30628657341,432.287080764771,90.));
#11973=CARTESIAN_POINT('Origin',(65.30628657341,432.287080764771,100.));
#11974=CARTESIAN_POINT('',(65.2743434906006,432.30792427063,100.));
#11975=CARTESIAN_POINT('',(66.9484087539688,431.215562918592,100.));
#11976=CARTESIAN_POINT('',(65.2743434906006,432.30792427063,90.));
#11977=CARTESIAN_POINT('',(65.2743434906006,432.30792427063,90.));
#11978=CARTESIAN_POINT('',(65.2743434906006,432.30792427063,90.));
#11979=CARTESIAN_POINT('Origin',(65.2743434906006,432.30792427063,100.));
#11980=CARTESIAN_POINT('',(67.6235297165937,431.243399638463,100.));
#11981=CARTESIAN_POINT('',(65.2396013736725,432.323667526245,90.));
#11982=CARTESIAN_POINT('Origin',(63.0562963485718,427.677995443344,100.));
#11983=CARTESIAN_POINT('',(65.2396013736725,428.472651958466,100.));
#11984=CARTESIAN_POINT('',(68.9717852049843,429.831053172719,100.));
#11985=CARTESIAN_POINT('',(65.2396013736725,428.472651958466,90.));
#11986=CARTESIAN_POINT('',(65.2396013736725,428.472651958466,100.));
#11987=CARTESIAN_POINT('',(63.0562963485718,427.677995443344,90.));
#11988=CARTESIAN_POINT('Origin',(65.404096364975,472.92944252491,100.));
#11989=CARTESIAN_POINT('',(65.4011867046356,472.967473983765,90.));
#11990=CARTESIAN_POINT('',(65.4011867046356,472.967473983765,90.));
#11991=CARTESIAN_POINT('',(65.404096364975,472.92944252491,90.));
#11992=CARTESIAN_POINT('',(65.4011867046356,472.967473983765,90.));
#11993=CARTESIAN_POINT('',(65.404096364975,472.92944252491,90.));
#11994=CARTESIAN_POINT('Origin',(65.4011867046356,472.967473983765,100.));
#11995=CARTESIAN_POINT('',(65.392525434494,473.004618883133,90.));
#11996=CARTESIAN_POINT('',(65.392525434494,473.004618883133,90.));
#11997=CARTESIAN_POINT('',(65.392525434494,473.004618883133,90.));
#11998=CARTESIAN_POINT('Origin',(65.392525434494,473.004618883133,100.));
#11999=CARTESIAN_POINT('',(65.3783144950867,473.040016651154,90.));
#12000=CARTESIAN_POINT('',(65.3783144950867,473.040016651154,90.));
#12001=CARTESIAN_POINT('',(65.3783144950867,473.040016651154,90.));
#12002=CARTESIAN_POINT('Origin',(65.3783144950867,473.040016651154,100.));
#12003=CARTESIAN_POINT('',(65.3588843345642,473.072836399078,90.));
#12004=CARTESIAN_POINT('',(65.3588843345642,473.072836399078,90.));
#12005=CARTESIAN_POINT('',(65.3588843345642,473.072836399078,90.));
#12006=CARTESIAN_POINT('Origin',(65.3588843345642,473.072836399078,100.));
#12007=CARTESIAN_POINT('',(65.3346872329712,473.102322101593,90.));
#12008=CARTESIAN_POINT('',(65.3346872329712,473.102322101593,90.));
#12009=CARTESIAN_POINT('',(65.3346872329712,473.102322101593,90.));
#12010=CARTESIAN_POINT('Origin',(65.3346872329712,473.102322101593,100.));
#12011=CARTESIAN_POINT('',(65.30628657341,473.127780675888,90.));
#12012=CARTESIAN_POINT('',(65.30628657341,473.127780675888,90.));
#12013=CARTESIAN_POINT('',(65.30628657341,473.127780675888,90.));
#12014=CARTESIAN_POINT('Origin',(65.30628657341,473.127780675888,100.));
#12015=CARTESIAN_POINT('',(65.2743434906006,473.14862370491,90.));
#12016=CARTESIAN_POINT('',(65.2743434906006,473.14862370491,90.));
#12017=CARTESIAN_POINT('',(65.2743434906006,473.14862370491,90.));
#12018=CARTESIAN_POINT('Origin',(65.2743434906006,473.14862370491,100.));
#12019=CARTESIAN_POINT('',(65.2396013736725,473.164366722107,90.));
#12020=CARTESIAN_POINT('',(65.2396013736725,473.164366722107,90.));
#12021=CARTESIAN_POINT('',(65.2396013736725,473.164366722107,90.));
#12022=CARTESIAN_POINT('Origin',(65.404096364975,472.689869165421,100.));
#12023=CARTESIAN_POINT('',(65.404096364975,472.689869165421,90.));
#12024=CARTESIAN_POINT('',(65.404096364975,472.689869165421,90.));
#12025=CARTESIAN_POINT('',(65.404096364975,472.689869165421,90.));
#12026=CARTESIAN_POINT('Origin',(65.2396013736725,472.454944849014,100.));
#12027=CARTESIAN_POINT('',(65.2743434906006,472.470687866211,90.));
#12028=CARTESIAN_POINT('',(65.2743434906006,472.470687866211,90.));
#12029=CARTESIAN_POINT('',(65.2396013736725,472.454944849014,90.));
#12030=CARTESIAN_POINT('Origin',(65.2743434906006,472.470687866211,100.));
#12031=CARTESIAN_POINT('',(65.30628657341,472.491530895233,90.));
#12032=CARTESIAN_POINT('',(65.30628657341,472.491530895233,90.));
#12033=CARTESIAN_POINT('',(65.2743434906006,472.470687866211,90.));
#12034=CARTESIAN_POINT('Origin',(65.30628657341,472.491530895233,100.));
#12035=CARTESIAN_POINT('',(65.3346872329712,472.516989588737,90.));
#12036=CARTESIAN_POINT('',(65.3346872329712,472.516989588737,90.));
#12037=CARTESIAN_POINT('',(65.30628657341,472.491530895233,90.));
#12038=CARTESIAN_POINT('Origin',(65.3346872329712,472.516989588737,100.));
#12039=CARTESIAN_POINT('',(65.3588843345642,472.546475172043,90.));
#12040=CARTESIAN_POINT('',(65.3588843345642,472.546475172043,90.));
#12041=CARTESIAN_POINT('',(65.3346872329712,472.516989588737,90.));
#12042=CARTESIAN_POINT('Origin',(65.3588843345642,472.546475172043,100.));
#12043=CARTESIAN_POINT('',(65.3783144950867,472.579295039177,90.));
#12044=CARTESIAN_POINT('',(65.3783144950867,472.579295039177,90.));
#12045=CARTESIAN_POINT('',(65.3588843345642,472.546475172043,90.));
#12046=CARTESIAN_POINT('Origin',(65.3783144950867,472.579295039177,100.));
#12047=CARTESIAN_POINT('',(65.392525434494,472.614692687988,90.));
#12048=CARTESIAN_POINT('',(65.392525434494,472.614692687988,90.));
#12049=CARTESIAN_POINT('',(65.3783144950867,472.579295039177,90.));
#12050=CARTESIAN_POINT('Origin',(65.392525434494,472.614692687988,100.));
#12051=CARTESIAN_POINT('',(65.4011867046356,472.651837587357,90.));
#12052=CARTESIAN_POINT('',(65.4011867046356,472.651837587357,90.));
#12053=CARTESIAN_POINT('',(65.392525434494,472.614692687988,90.));
#12054=CARTESIAN_POINT('Origin',(65.4011867046356,472.651837587357,100.));
#12055=CARTESIAN_POINT('',(65.4011867046356,472.651837587357,90.));
#12056=CARTESIAN_POINT('Origin',(65.2396013736725,473.164366722107,100.));
#12057=CARTESIAN_POINT('',(63.0562963485718,473.959023475647,90.));
#12058=CARTESIAN_POINT('',(63.0562963485718,473.959023475647,90.));
#12059=CARTESIAN_POINT('',(63.0562963485718,473.959023475647,90.));
#12060=CARTESIAN_POINT('Origin',(65.404096364975,476.071035861969,100.));
#12061=CARTESIAN_POINT('',(65.4011867046356,476.109066963196,90.));
#12062=CARTESIAN_POINT('',(65.4011867046356,476.109066963196,90.));
#12063=CARTESIAN_POINT('',(65.404096364975,476.071035861969,90.));
#12064=CARTESIAN_POINT('',(65.4011867046356,476.109066963196,90.));
#12065=CARTESIAN_POINT('',(65.404096364975,476.071035861969,90.));
#12066=CARTESIAN_POINT('Origin',(65.4011867046356,476.109066963196,100.));
#12067=CARTESIAN_POINT('',(65.392525434494,476.146212100983,90.));
#12068=CARTESIAN_POINT('',(65.392525434494,476.146212100983,90.));
#12069=CARTESIAN_POINT('',(65.392525434494,476.146212100983,90.));
#12070=CARTESIAN_POINT('Origin',(65.392525434494,476.146212100983,100.));
#12071=CARTESIAN_POINT('',(65.3783144950867,476.181606292725,90.));
#12072=CARTESIAN_POINT('',(65.3783144950867,476.181606292725,90.));
#12073=CARTESIAN_POINT('',(65.3783144950867,476.181606292725,90.));
#12074=CARTESIAN_POINT('Origin',(65.3783144950867,476.181606292725,100.));
#12075=CARTESIAN_POINT('',(65.3588843345642,476.21442937851,90.));
#12076=CARTESIAN_POINT('',(65.3588843345642,476.21442937851,90.));
#12077=CARTESIAN_POINT('',(65.3588843345642,476.21442937851,90.));
#12078=CARTESIAN_POINT('Origin',(65.3588843345642,476.21442937851,100.));
#12079=CARTESIAN_POINT('',(65.3346872329712,476.243915081024,90.));
#12080=CARTESIAN_POINT('',(65.3346872329712,476.243915081024,90.));
#12081=CARTESIAN_POINT('',(65.3346872329712,476.243915081024,90.));
#12082=CARTESIAN_POINT('Origin',(65.3346872329712,476.243915081024,100.));
#12083=CARTESIAN_POINT('',(65.30628657341,476.269373893738,90.));
#12084=CARTESIAN_POINT('',(65.30628657341,476.269373893738,90.));
#12085=CARTESIAN_POINT('',(65.30628657341,476.269373893738,90.));
#12086=CARTESIAN_POINT('Origin',(65.30628657341,476.269373893738,100.));
#12087=CARTESIAN_POINT('',(65.2743434906006,476.29021692276,90.));
#12088=CARTESIAN_POINT('',(65.2743434906006,476.29021692276,90.));
#12089=CARTESIAN_POINT('',(65.2743434906006,476.29021692276,90.));
#12090=CARTESIAN_POINT('Origin',(65.2743434906006,476.29021692276,100.));
#12091=CARTESIAN_POINT('',(65.2396013736725,476.305960178375,90.));
#12092=CARTESIAN_POINT('',(65.2396013736725,476.305960178375,90.));
#12093=CARTESIAN_POINT('',(65.2396013736725,476.305960178375,90.));
#12094=CARTESIAN_POINT('Origin',(65.404096364975,475.83146238327,100.));
#12095=CARTESIAN_POINT('',(65.404096364975,475.83146238327,90.));
#12096=CARTESIAN_POINT('',(65.404096364975,475.83146238327,90.));
#12097=CARTESIAN_POINT('',(65.404096364975,475.83146238327,90.));
#12098=CARTESIAN_POINT('Origin',(65.2396013736725,475.596538066864,100.));
#12099=CARTESIAN_POINT('',(65.2743434906006,475.612281322479,90.));
#12100=CARTESIAN_POINT('',(65.2743434906006,475.612281322479,90.));
#12101=CARTESIAN_POINT('',(65.2396013736725,475.596538066864,90.));
#12102=CARTESIAN_POINT('Origin',(65.2743434906006,475.612281322479,100.));
#12103=CARTESIAN_POINT('',(65.30628657341,475.633124351501,90.));
#12104=CARTESIAN_POINT('',(65.30628657341,475.633124351501,90.));
#12105=CARTESIAN_POINT('',(65.2743434906006,475.612281322479,90.));
#12106=CARTESIAN_POINT('Origin',(65.30628657341,475.633124351501,100.));
#12107=CARTESIAN_POINT('',(65.3346872329712,475.658582687378,90.));
#12108=CARTESIAN_POINT('',(65.3346872329712,475.658582687378,90.));
#12109=CARTESIAN_POINT('',(65.30628657341,475.633124351501,90.));
#12110=CARTESIAN_POINT('Origin',(65.3346872329712,475.658582687378,100.));
#12111=CARTESIAN_POINT('',(65.3588843345642,475.688068389893,90.));
#12112=CARTESIAN_POINT('',(65.3588843345642,475.688068389893,90.));
#12113=CARTESIAN_POINT('',(65.3346872329712,475.658582687378,90.));
#12114=CARTESIAN_POINT('Origin',(65.3588843345642,475.688068389893,100.));
#12115=CARTESIAN_POINT('',(65.3783144950867,475.720888137817,90.));
#12116=CARTESIAN_POINT('',(65.3783144950867,475.720888137817,90.));
#12117=CARTESIAN_POINT('',(65.3588843345642,475.688068389893,90.));
#12118=CARTESIAN_POINT('Origin',(65.3783144950867,475.720888137817,100.));
#12119=CARTESIAN_POINT('',(65.392525434494,475.756286144257,90.));
#12120=CARTESIAN_POINT('',(65.392525434494,475.756286144257,90.));
#12121=CARTESIAN_POINT('',(65.3783144950867,475.720888137817,90.));
#12122=CARTESIAN_POINT('Origin',(65.392525434494,475.756286144257,100.));
#12123=CARTESIAN_POINT('',(65.4011867046356,475.793430805206,90.));
#12124=CARTESIAN_POINT('',(65.4011867046356,475.793430805206,90.));
#12125=CARTESIAN_POINT('',(65.392525434494,475.756286144257,90.));
#12126=CARTESIAN_POINT('Origin',(65.4011867046356,475.793430805206,100.));
#12127=CARTESIAN_POINT('',(65.4011867046356,475.793430805206,90.));
#12128=CARTESIAN_POINT('Origin',(65.2396013736725,476.305960178375,100.));
#12129=CARTESIAN_POINT('',(63.0562963485718,477.100616455078,90.));
#12130=CARTESIAN_POINT('',(63.0562963485718,477.100616455078,90.));
#12131=CARTESIAN_POINT('',(63.0562963485718,477.100616455078,90.));
#12132=CARTESIAN_POINT('Origin',(65.404096364975,479.2126288414,100.));
#12133=CARTESIAN_POINT('',(65.4011867046356,479.250659942627,90.));
#12134=CARTESIAN_POINT('',(65.4011867046356,479.250659942627,90.));
#12135=CARTESIAN_POINT('',(65.404096364975,479.2126288414,90.));
#12136=CARTESIAN_POINT('',(65.4011867046356,479.250659942627,90.));
#12137=CARTESIAN_POINT('',(65.404096364975,479.2126288414,90.));
#12138=CARTESIAN_POINT('Origin',(65.4011867046356,479.250659942627,100.));
#12139=CARTESIAN_POINT('',(65.392525434494,479.287805557251,90.));
#12140=CARTESIAN_POINT('',(65.392525434494,479.287805557251,90.));
#12141=CARTESIAN_POINT('',(65.392525434494,479.287805557251,90.));
#12142=CARTESIAN_POINT('Origin',(65.392525434494,479.287805557251,100.));
#12143=CARTESIAN_POINT('',(65.3783144950867,479.323199272156,90.));
#12144=CARTESIAN_POINT('',(65.3783144950867,479.323199272156,90.));
#12145=CARTESIAN_POINT('',(65.3783144950867,479.323199272156,90.));
#12146=CARTESIAN_POINT('Origin',(65.3783144950867,479.323199272156,100.));
#12147=CARTESIAN_POINT('',(65.3588843345642,479.356022834778,90.));
#12148=CARTESIAN_POINT('',(65.3588843345642,479.356022834778,90.));
#12149=CARTESIAN_POINT('',(65.3588843345642,479.356022834778,90.));
#12150=CARTESIAN_POINT('Origin',(65.3588843345642,479.356022834778,100.));
#12151=CARTESIAN_POINT('',(65.3346872329712,479.385508537292,90.));
#12152=CARTESIAN_POINT('',(65.3346872329712,479.385508537292,90.));
#12153=CARTESIAN_POINT('',(65.3346872329712,479.385508537292,90.));
#12154=CARTESIAN_POINT('Origin',(65.3346872329712,479.385508537292,100.));
#12155=CARTESIAN_POINT('',(65.30628657341,479.410966873169,90.));
#12156=CARTESIAN_POINT('',(65.30628657341,479.410966873169,90.));
#12157=CARTESIAN_POINT('',(65.30628657341,479.410966873169,90.));
#12158=CARTESIAN_POINT('Origin',(65.30628657341,479.410966873169,100.));
#12159=CARTESIAN_POINT('',(65.2743434906006,479.431810379028,90.));
#12160=CARTESIAN_POINT('',(65.2743434906006,479.431810379028,90.));
#12161=CARTESIAN_POINT('',(65.2743434906006,479.431810379028,90.));
#12162=CARTESIAN_POINT('Origin',(65.2743434906006,479.431810379028,100.));
#12163=CARTESIAN_POINT('',(65.2396013736725,479.447553634644,90.));
#12164=CARTESIAN_POINT('',(65.2396013736725,479.447553634644,90.));
#12165=CARTESIAN_POINT('',(65.2396013736725,479.447553634644,90.));
#12166=CARTESIAN_POINT('Origin',(65.404096364975,478.973055362701,100.));
#12167=CARTESIAN_POINT('',(65.404096364975,478.973055362701,90.));
#12168=CARTESIAN_POINT('',(65.404096364975,478.973055362701,90.));
#12169=CARTESIAN_POINT('',(65.404096364975,478.973055362701,90.));
#12170=CARTESIAN_POINT('Origin',(65.2396013736725,478.738131046295,100.));
#12171=CARTESIAN_POINT('',(65.2743434906006,478.753870487213,90.));
#12172=CARTESIAN_POINT('',(65.2743434906006,478.753870487213,90.));
#12173=CARTESIAN_POINT('',(65.2396013736725,478.738131046295,90.));
#12174=CARTESIAN_POINT('Origin',(65.2743434906006,478.753870487213,100.));
#12175=CARTESIAN_POINT('',(65.30628657341,478.774717330933,90.));
#12176=CARTESIAN_POINT('',(65.30628657341,478.774717330933,90.));
#12177=CARTESIAN_POINT('',(65.2743434906006,478.753870487213,90.));
#12178=CARTESIAN_POINT('Origin',(65.30628657341,478.774717330933,100.));
#12179=CARTESIAN_POINT('',(65.3346872329712,478.800176143646,90.));
#12180=CARTESIAN_POINT('',(65.3346872329712,478.800176143646,90.));
#12181=CARTESIAN_POINT('',(65.30628657341,478.774717330933,90.));
#12182=CARTESIAN_POINT('Origin',(65.3346872329712,478.800176143646,100.));
#12183=CARTESIAN_POINT('',(65.3588843345642,478.829661369324,90.));
#12184=CARTESIAN_POINT('',(65.3588843345642,478.829661369324,90.));
#12185=CARTESIAN_POINT('',(65.3346872329712,478.800176143646,90.));
#12186=CARTESIAN_POINT('Origin',(65.3588843345642,478.829661369324,100.));
#12187=CARTESIAN_POINT('',(65.3783144950867,478.862481594086,90.));
#12188=CARTESIAN_POINT('',(65.3783144950867,478.862481594086,90.));
#12189=CARTESIAN_POINT('',(65.3588843345642,478.829661369324,90.));
#12190=CARTESIAN_POINT('Origin',(65.3783144950867,478.862481594086,100.));
#12191=CARTESIAN_POINT('',(65.392525434494,478.897879123688,90.));
#12192=CARTESIAN_POINT('',(65.392525434494,478.897879123688,90.));
#12193=CARTESIAN_POINT('',(65.3783144950867,478.862481594086,90.));
#12194=CARTESIAN_POINT('Origin',(65.392525434494,478.897879123688,100.));
#12195=CARTESIAN_POINT('',(65.4011867046356,478.935023784637,90.));
#12196=CARTESIAN_POINT('',(65.4011867046356,478.935023784637,90.));
#12197=CARTESIAN_POINT('',(65.392525434494,478.897879123688,90.));
#12198=CARTESIAN_POINT('Origin',(65.4011867046356,478.935023784637,100.));
#12199=CARTESIAN_POINT('',(65.4011867046356,478.935023784637,90.));
#12200=CARTESIAN_POINT('Origin',(65.2396013736725,479.447553634644,100.));
#12201=CARTESIAN_POINT('',(63.0562963485718,480.242209434509,90.));
#12202=CARTESIAN_POINT('',(63.0562963485718,480.242209434509,90.));
#12203=CARTESIAN_POINT('',(63.0562963485718,480.242209434509,90.));
#12204=CARTESIAN_POINT('Origin',(65.404096364975,482.354222297668,100.));
#12205=CARTESIAN_POINT('',(65.4011867046356,482.392253875732,90.));
#12206=CARTESIAN_POINT('',(65.4011867046356,482.392253875732,90.));
#12207=CARTESIAN_POINT('',(65.404096364975,482.354222297668,90.));
#12208=CARTESIAN_POINT('',(65.4011867046356,482.392253875732,90.));
#12209=CARTESIAN_POINT('',(65.404096364975,482.354222297668,90.));
#12210=CARTESIAN_POINT('Origin',(65.4011867046356,482.392253875732,100.));
#12211=CARTESIAN_POINT('',(65.392525434494,482.429398536682,90.));
#12212=CARTESIAN_POINT('',(65.392525434494,482.429398536682,90.));
#12213=CARTESIAN_POINT('',(65.392525434494,482.429398536682,90.));
#12214=CARTESIAN_POINT('Origin',(65.392525434494,482.429398536682,100.));
#12215=CARTESIAN_POINT('',(65.3783144950867,482.464792251587,90.));
#12216=CARTESIAN_POINT('',(65.3783144950867,482.464792251587,90.));
#12217=CARTESIAN_POINT('',(65.3783144950867,482.464792251587,90.));
#12218=CARTESIAN_POINT('Origin',(65.3783144950867,482.464792251587,100.));
#12219=CARTESIAN_POINT('',(65.3588843345642,482.497615814209,90.));
#12220=CARTESIAN_POINT('',(65.3588843345642,482.497615814209,90.));
#12221=CARTESIAN_POINT('',(65.3588843345642,482.497615814209,90.));
#12222=CARTESIAN_POINT('Origin',(65.3588843345642,482.497615814209,100.));
#12223=CARTESIAN_POINT('',(65.3346872329712,482.527097702026,90.));
#12224=CARTESIAN_POINT('',(65.3346872329712,482.527097702026,90.));
#12225=CARTESIAN_POINT('',(65.3346872329712,482.527097702026,90.));
#12226=CARTESIAN_POINT('Origin',(65.3346872329712,482.527097702026,100.));
#12227=CARTESIAN_POINT('',(65.30628657341,482.5525598526,90.));
#12228=CARTESIAN_POINT('',(65.30628657341,482.5525598526,90.));
#12229=CARTESIAN_POINT('',(65.30628657341,482.5525598526,90.));
#12230=CARTESIAN_POINT('Origin',(65.30628657341,482.5525598526,100.));
#12231=CARTESIAN_POINT('',(65.2743434906006,482.573403358459,90.));
#12232=CARTESIAN_POINT('',(65.2743434906006,482.573403358459,90.));
#12233=CARTESIAN_POINT('',(65.2743434906006,482.573403358459,90.));
#12234=CARTESIAN_POINT('Origin',(65.2743434906006,482.573403358459,100.));
#12235=CARTESIAN_POINT('',(65.2396013736725,482.589142799377,90.));
#12236=CARTESIAN_POINT('',(65.2396013736725,482.589142799377,90.));
#12237=CARTESIAN_POINT('',(65.2396013736725,482.589142799377,90.));
#12238=CARTESIAN_POINT('Origin',(65.404096364975,482.114645004272,100.));
#12239=CARTESIAN_POINT('',(65.404096364975,482.114645004272,90.));
#12240=CARTESIAN_POINT('',(65.404096364975,482.114645004272,90.));
#12241=CARTESIAN_POINT('',(65.404096364975,482.114645004272,90.));
#12242=CARTESIAN_POINT('Origin',(65.2396013736725,481.879724502563,100.));
#12243=CARTESIAN_POINT('',(65.2743434906006,481.895463943481,90.));
#12244=CARTESIAN_POINT('',(65.2743434906006,481.895463943481,90.));
#12245=CARTESIAN_POINT('',(65.2396013736725,481.879724502563,90.));
#12246=CARTESIAN_POINT('Origin',(65.2743434906006,481.895463943481,100.));
#12247=CARTESIAN_POINT('',(65.30628657341,481.916306495667,90.));
#12248=CARTESIAN_POINT('',(65.30628657341,481.916306495667,90.));
#12249=CARTESIAN_POINT('',(65.2743434906006,481.895463943481,90.));
#12250=CARTESIAN_POINT('Origin',(65.30628657341,481.916306495667,100.));
#12251=CARTESIAN_POINT('',(65.3346872329712,481.94176864624,90.));
#12252=CARTESIAN_POINT('',(65.3346872329712,481.94176864624,90.));
#12253=CARTESIAN_POINT('',(65.30628657341,481.916306495667,90.));
#12254=CARTESIAN_POINT('Origin',(65.3346872329712,481.94176864624,100.));
#12255=CARTESIAN_POINT('',(65.3588843345642,481.971251487732,90.));
#12256=CARTESIAN_POINT('',(65.3588843345642,481.971251487732,90.));
#12257=CARTESIAN_POINT('',(65.3346872329712,481.94176864624,90.));
#12258=CARTESIAN_POINT('Origin',(65.3588843345642,481.971251487732,100.));
#12259=CARTESIAN_POINT('',(65.3783144950867,482.004075050354,90.));
#12260=CARTESIAN_POINT('',(65.3783144950867,482.004075050354,90.));
#12261=CARTESIAN_POINT('',(65.3588843345642,481.971251487732,90.));
#12262=CARTESIAN_POINT('Origin',(65.3783144950867,482.004075050354,100.));
#12263=CARTESIAN_POINT('',(65.392525434494,482.039468765259,90.));
#12264=CARTESIAN_POINT('',(65.392525434494,482.039468765259,90.));
#12265=CARTESIAN_POINT('',(65.3783144950867,482.004075050354,90.));
#12266=CARTESIAN_POINT('Origin',(65.392525434494,482.039468765259,100.));
#12267=CARTESIAN_POINT('',(65.4011867046356,482.076617240906,90.));
#12268=CARTESIAN_POINT('',(65.4011867046356,482.076617240906,90.));
#12269=CARTESIAN_POINT('',(65.392525434494,482.039468765259,90.));
#12270=CARTESIAN_POINT('Origin',(65.4011867046356,482.076617240906,100.));
#12271=CARTESIAN_POINT('',(65.4011867046356,482.076617240906,90.));
#12272=CARTESIAN_POINT('Origin',(65.2396013736725,482.589142799377,100.));
#12273=CARTESIAN_POINT('',(63.0562963485718,483.383803367615,90.));
#12274=CARTESIAN_POINT('',(63.0562963485718,483.383803367615,90.));
#12275=CARTESIAN_POINT('',(63.0562963485718,483.383803367615,90.));
#12276=CARTESIAN_POINT('Origin',(65.404096364975,485.4958152771,100.));
#12277=CARTESIAN_POINT('',(65.4011867046356,485.533843040466,90.));
#12278=CARTESIAN_POINT('',(65.4011867046356,485.533843040466,90.));
#12279=CARTESIAN_POINT('',(65.404096364975,485.4958152771,90.));
#12280=CARTESIAN_POINT('',(65.4011867046356,485.533843040466,90.));
#12281=CARTESIAN_POINT('',(65.404096364975,485.4958152771,90.));
#12282=CARTESIAN_POINT('Origin',(65.4011867046356,485.533843040466,100.));
#12283=CARTESIAN_POINT('',(65.392525434494,485.570989608765,90.));
#12284=CARTESIAN_POINT('',(65.392525434494,485.570989608765,90.));
#12285=CARTESIAN_POINT('',(65.392525434494,485.570989608765,90.));
#12286=CARTESIAN_POINT('Origin',(65.392525434494,485.570989608765,100.));
#12287=CARTESIAN_POINT('',(65.3783144950867,485.606385231018,90.));
#12288=CARTESIAN_POINT('',(65.3783144950867,485.606385231018,90.));
#12289=CARTESIAN_POINT('',(65.3783144950867,485.606385231018,90.));
#12290=CARTESIAN_POINT('Origin',(65.3783144950867,485.606385231018,100.));
#12291=CARTESIAN_POINT('',(65.3588843345642,485.639206886292,90.));
#12292=CARTESIAN_POINT('',(65.3588843345642,485.639206886292,90.));
#12293=CARTESIAN_POINT('',(65.3588843345642,485.639206886292,90.));
#12294=CARTESIAN_POINT('Origin',(65.3588843345642,485.639206886292,100.));
#12295=CARTESIAN_POINT('',(65.3346872329712,485.668690681458,90.));
#12296=CARTESIAN_POINT('',(65.3346872329712,485.668690681458,90.));
#12297=CARTESIAN_POINT('',(65.3346872329712,485.668690681458,90.));
#12298=CARTESIAN_POINT('Origin',(65.3346872329712,485.668690681458,100.));
#12299=CARTESIAN_POINT('',(65.30628657341,485.694151878357,90.));
#12300=CARTESIAN_POINT('',(65.30628657341,485.694151878357,90.));
#12301=CARTESIAN_POINT('',(65.30628657341,485.694151878357,90.));
#12302=CARTESIAN_POINT('Origin',(65.30628657341,485.694151878357,100.));
#12303=CARTESIAN_POINT('',(65.2743434906006,485.714994430542,90.));
#12304=CARTESIAN_POINT('',(65.2743434906006,485.714994430542,90.));
#12305=CARTESIAN_POINT('',(65.2743434906006,485.714994430542,90.));
#12306=CARTESIAN_POINT('Origin',(65.2743434906006,485.714994430542,100.));
#12307=CARTESIAN_POINT('',(65.2396013736725,485.730737686157,90.));
#12308=CARTESIAN_POINT('',(65.2396013736725,485.730737686157,90.));
#12309=CARTESIAN_POINT('',(65.2396013736725,485.730737686157,90.));
#12310=CARTESIAN_POINT('Origin',(65.404096364975,485.256237983704,100.));
#12311=CARTESIAN_POINT('',(65.404096364975,485.256237983704,90.));
#12312=CARTESIAN_POINT('',(65.404096364975,485.256237983704,90.));
#12313=CARTESIAN_POINT('',(65.404096364975,485.256237983704,90.));
#12314=CARTESIAN_POINT('Origin',(65.2396013736725,485.021317481995,100.));
#12315=CARTESIAN_POINT('',(65.2743434906006,485.037056922913,90.));
#12316=CARTESIAN_POINT('',(65.2743434906006,485.037056922913,90.));
#12317=CARTESIAN_POINT('',(65.2396013736725,485.021317481995,90.));
#12318=CARTESIAN_POINT('Origin',(65.2743434906006,485.037056922913,100.));
#12319=CARTESIAN_POINT('',(65.30628657341,485.057899475098,90.));
#12320=CARTESIAN_POINT('',(65.30628657341,485.057899475098,90.));
#12321=CARTESIAN_POINT('',(65.2743434906006,485.037056922913,90.));
#12322=CARTESIAN_POINT('Origin',(65.30628657341,485.057899475098,100.));
#12323=CARTESIAN_POINT('',(65.3346872329712,485.083362579346,90.));
#12324=CARTESIAN_POINT('',(65.3346872329712,485.083362579346,90.));
#12325=CARTESIAN_POINT('',(65.30628657341,485.057899475098,90.));
#12326=CARTESIAN_POINT('Origin',(65.3346872329712,485.083362579346,100.));
#12327=CARTESIAN_POINT('',(65.3588843345642,485.112844467163,90.));
#12328=CARTESIAN_POINT('',(65.3588843345642,485.112844467163,90.));
#12329=CARTESIAN_POINT('',(65.3346872329712,485.083362579346,90.));
#12330=CARTESIAN_POINT('Origin',(65.3588843345642,485.112844467163,100.));
#12331=CARTESIAN_POINT('',(65.3783144950867,485.145668029785,90.));
#12332=CARTESIAN_POINT('',(65.3783144950867,485.145668029785,90.));
#12333=CARTESIAN_POINT('',(65.3588843345642,485.112844467163,90.));
#12334=CARTESIAN_POINT('Origin',(65.3783144950867,485.145668029785,100.));
#12335=CARTESIAN_POINT('',(65.392525434494,485.18106174469,90.));
#12336=CARTESIAN_POINT('',(65.392525434494,485.18106174469,90.));
#12337=CARTESIAN_POINT('',(65.3783144950867,485.145668029785,90.));
#12338=CARTESIAN_POINT('Origin',(65.392525434494,485.18106174469,100.));
#12339=CARTESIAN_POINT('',(65.4011867046356,485.21820640564,90.));
#12340=CARTESIAN_POINT('',(65.4011867046356,485.21820640564,90.));
#12341=CARTESIAN_POINT('',(65.392525434494,485.18106174469,90.));
#12342=CARTESIAN_POINT('Origin',(65.4011867046356,485.21820640564,100.));
#12343=CARTESIAN_POINT('',(65.4011867046356,485.21820640564,90.));
#12344=CARTESIAN_POINT('Origin',(65.2396013736725,485.730737686157,100.));
#12345=CARTESIAN_POINT('',(63.0562963485718,486.525394439697,90.));
#12346=CARTESIAN_POINT('',(63.0562963485718,486.525394439697,90.));
#12347=CARTESIAN_POINT('',(63.0562963485718,486.525394439697,90.));
#12348=CARTESIAN_POINT('Origin',(65.2396013736725,428.472651958466,100.));
#12349=CARTESIAN_POINT('',(65.2743434906006,428.488395214081,100.));
#12350=CARTESIAN_POINT('',(70.0871715100094,430.669309575129,100.));
#12351=CARTESIAN_POINT('',(65.2743434906006,428.488395214081,90.));
#12352=CARTESIAN_POINT('',(65.2743434906006,428.488395214081,90.));
#12353=CARTESIAN_POINT('',(65.2396013736725,428.472651958466,90.));
#12354=CARTESIAN_POINT('Origin',(65.2743434906006,428.488395214081,100.));
#12355=CARTESIAN_POINT('',(65.30628657341,428.509238243103,100.));
#12356=CARTESIAN_POINT('',(69.9526966293827,431.541045167421,100.));
#12357=CARTESIAN_POINT('',(65.30628657341,428.509238243103,90.));
#12358=CARTESIAN_POINT('',(65.30628657341,428.509238243103,90.));
#12359=CARTESIAN_POINT('',(65.2743434906006,428.488395214081,90.));
#12360=CARTESIAN_POINT('Origin',(65.30628657341,428.509238243103,100.));
#12361=CARTESIAN_POINT('',(65.3346872329712,428.534696578979,100.));
#12362=CARTESIAN_POINT('',(69.5660231209875,432.327663781424,100.));
#12363=CARTESIAN_POINT('',(65.3346872329712,428.534696578979,90.));
#12364=CARTESIAN_POINT('',(65.3346872329712,428.534696578979,90.));
#12365=CARTESIAN_POINT('',(65.30628657341,428.509238243103,90.));
#12366=CARTESIAN_POINT('Origin',(65.3346872329712,428.534696578979,100.));
#12367=CARTESIAN_POINT('',(65.3588843345642,428.564182281494,100.));
#12368=CARTESIAN_POINT('',(68.9646835748379,432.958077282412,100.));
#12369=CARTESIAN_POINT('',(65.3588843345642,428.564182281494,90.));
#12370=CARTESIAN_POINT('',(65.3588843345642,428.564182281494,90.));
#12371=CARTESIAN_POINT('',(65.3346872329712,428.534696578979,90.));
#12372=CARTESIAN_POINT('Origin',(65.3588843345642,428.564182281494,100.));
#12373=CARTESIAN_POINT('',(65.3783144950867,428.597002029419,100.));
#12374=CARTESIAN_POINT('',(68.2070429230047,433.37504562019,100.));
#12375=CARTESIAN_POINT('',(65.3783144950867,428.597002029419,90.));
#12376=CARTESIAN_POINT('',(65.3783144950867,428.597002029419,90.));
#12377=CARTESIAN_POINT('',(65.3588843345642,428.564182281494,90.));
#12378=CARTESIAN_POINT('Origin',(65.3783144950867,428.597002029419,100.));
#12379=CARTESIAN_POINT('',(65.392525434494,428.632400035858,100.));
#12380=CARTESIAN_POINT('',(67.3637914881277,433.542623523535,100.));
#12381=CARTESIAN_POINT('',(65.392525434494,428.632400035858,90.));
#12382=CARTESIAN_POINT('',(65.392525434494,428.632400035858,90.));
#12383=CARTESIAN_POINT('',(65.3783144950867,428.597002029419,90.));
#12384=CARTESIAN_POINT('Origin',(65.392525434494,428.632400035858,100.));
#12385=CARTESIAN_POINT('',(65.4011867046356,428.669544696808,100.));
#12386=CARTESIAN_POINT('',(66.5152690808497,433.447390377403,100.));
#12387=CARTESIAN_POINT('',(65.4011867046356,428.669544696808,90.));
#12388=CARTESIAN_POINT('',(65.4011867046356,428.669544696808,90.));
#12389=CARTESIAN_POINT('',(65.392525434494,428.632400035858,90.));
#12390=CARTESIAN_POINT('Origin',(65.4011867046356,428.669544696808,100.));
#12391=CARTESIAN_POINT('',(65.7401955352206,433.100660119587,100.));
#12392=CARTESIAN_POINT('',(65.4011867046356,428.669544696808,90.));
#12393=CARTESIAN_POINT('Origin',(65.2396013736725,431.614244937897,100.));
#12394=CARTESIAN_POINT('',(65.2743434906006,431.629984378815,100.));
#12395=CARTESIAN_POINT('',(65.2396013736725,431.614244937897,100.));
#12396=CARTESIAN_POINT('',(69.496739375896,433.542883086352,100.));
#12397=CARTESIAN_POINT('',(65.2743434906006,431.629984378815,90.));
#12398=CARTESIAN_POINT('',(65.2743434906006,431.629984378815,90.));
#12399=CARTESIAN_POINT('',(65.2396013736725,431.614244937897,90.));
#12400=CARTESIAN_POINT('',(65.2396013736725,431.614244937897,90.));
#12401=CARTESIAN_POINT('',(65.2396013736725,431.614244937897,100.));
#12402=CARTESIAN_POINT('Origin',(65.2743434906006,431.629984378815,100.));
#12403=CARTESIAN_POINT('',(65.30628657341,431.650831222534,100.));
#12404=CARTESIAN_POINT('',(69.233609214505,434.213898845759,100.));
#12405=CARTESIAN_POINT('',(65.30628657341,431.650831222534,90.));
#12406=CARTESIAN_POINT('',(65.30628657341,431.650831222534,90.));
#12407=CARTESIAN_POINT('',(65.2743434906006,431.629984378815,90.));
#12408=CARTESIAN_POINT('Origin',(65.30628657341,431.650831222534,100.));
#12409=CARTESIAN_POINT('',(65.3346872329712,431.676290035248,100.));
#12410=CARTESIAN_POINT('',(68.7852657144827,434.769444654608,100.));
#12411=CARTESIAN_POINT('',(65.3346872329712,431.676290035248,90.));
#12412=CARTESIAN_POINT('',(65.3346872329712,431.676290035248,90.));
#12413=CARTESIAN_POINT('',(65.30628657341,431.650831222534,90.));
#12414=CARTESIAN_POINT('Origin',(65.3346872329712,431.676290035248,100.));
#12415=CARTESIAN_POINT('',(65.3588843345642,431.705775260925,100.));
#12416=CARTESIAN_POINT('',(68.1944179770818,435.160996913996,100.));
#12417=CARTESIAN_POINT('',(65.3588843345642,431.705775260925,90.));
#12418=CARTESIAN_POINT('',(65.3588843345642,431.705775260925,90.));
#12419=CARTESIAN_POINT('',(65.3346872329712,431.676290035248,90.));
#12420=CARTESIAN_POINT('Origin',(65.3588843345642,431.705775260925,100.));
#12421=CARTESIAN_POINT('',(65.3783144950867,431.738595485687,100.));
#12422=CARTESIAN_POINT('',(67.5184118043217,435.353515425251,100.));
#12423=CARTESIAN_POINT('',(65.3783144950867,431.738595485687,90.));
#12424=CARTESIAN_POINT('',(65.3783144950867,431.738595485687,90.));
#12425=CARTESIAN_POINT('',(65.3588843345642,431.705775260925,90.));
#12426=CARTESIAN_POINT('Origin',(65.3783144950867,431.738595485687,100.));
#12427=CARTESIAN_POINT('',(65.392525434494,431.773993015289,100.));
#12428=CARTESIAN_POINT('',(66.8207279147353,435.331452386759,100.));
#12429=CARTESIAN_POINT('',(65.392525434494,431.773993015289,90.));
#12430=CARTESIAN_POINT('',(65.392525434494,431.773993015289,90.));
#12431=CARTESIAN_POINT('',(65.3783144950867,431.738595485687,90.));
#12432=CARTESIAN_POINT('Origin',(65.392525434494,431.773993015289,100.));
#12433=CARTESIAN_POINT('',(65.4011867046356,431.811137676239,100.));
#12434=CARTESIAN_POINT('',(66.1678837317988,435.099189042786,100.));
#12435=CARTESIAN_POINT('',(65.4011867046356,431.811137676239,90.));
#12436=CARTESIAN_POINT('',(65.4011867046356,431.811137676239,90.));
#12437=CARTESIAN_POINT('',(65.392525434494,431.773993015289,90.));
#12438=CARTESIAN_POINT('Origin',(65.4011867046356,431.811137676239,100.));
#12439=CARTESIAN_POINT('',(65.6207188256169,434.680597346056,100.));
#12440=CARTESIAN_POINT('',(65.4011867046356,431.811137676239,90.));
#12441=CARTESIAN_POINT('Origin',(63.0562963485718,430.819584846497,100.));
#12442=CARTESIAN_POINT('',(63.0565514984131,430.819677713684,100.000008705623));
#12443=CARTESIAN_POINT('',(68.4669410330725,432.788903539985,100.));
#12444=CARTESIAN_POINT('',(63.0565514984131,430.819677713684,90.));
#12445=CARTESIAN_POINT('',(63.0562963485718,430.819584846497,90.));
#12446=CARTESIAN_POINT('',(63.0565514984131,430.819677713684,110.5));
#12447=CARTESIAN_POINT('Origin',(65.2396013736725,434.755838394165,100.));
#12448=CARTESIAN_POINT('',(65.2743434906006,434.771577835083,90.));
#12449=CARTESIAN_POINT('',(65.2743434906006,434.771577835083,90.));
#12450=CARTESIAN_POINT('',(65.2396013736725,434.755838394165,90.));
#12451=CARTESIAN_POINT('Origin',(65.2743434906006,434.771577835083,100.));
#12452=CARTESIAN_POINT('',(65.30628657341,434.792420387268,90.));
#12453=CARTESIAN_POINT('',(65.30628657341,434.792420387268,90.));
#12454=CARTESIAN_POINT('',(65.2743434906006,434.771577835083,90.));
#12455=CARTESIAN_POINT('Origin',(65.30628657341,434.792420387268,100.));
#12456=CARTESIAN_POINT('',(65.3346872329712,434.817882537842,90.));
#12457=CARTESIAN_POINT('',(65.3346872329712,434.817882537842,90.));
#12458=CARTESIAN_POINT('',(65.30628657341,434.792420387268,90.));
#12459=CARTESIAN_POINT('Origin',(65.3346872329712,434.817882537842,100.));
#12460=CARTESIAN_POINT('',(65.3588843345642,434.847365379333,90.));
#12461=CARTESIAN_POINT('',(65.3588843345642,434.847365379333,90.));
#12462=CARTESIAN_POINT('',(65.3346872329712,434.817882537842,90.));
#12463=CARTESIAN_POINT('Origin',(65.3588843345642,434.847365379333,100.));
#12464=CARTESIAN_POINT('',(65.3783144950867,434.880188941956,90.));
#12465=CARTESIAN_POINT('',(65.3783144950867,434.880188941956,90.));
#12466=CARTESIAN_POINT('',(65.3588843345642,434.847365379333,90.));
#12467=CARTESIAN_POINT('Origin',(65.3783144950867,434.880188941956,100.));
#12468=CARTESIAN_POINT('',(65.392525434494,434.91558265686,90.));
#12469=CARTESIAN_POINT('',(65.392525434494,434.91558265686,90.));
#12470=CARTESIAN_POINT('',(65.3783144950867,434.880188941956,90.));
#12471=CARTESIAN_POINT('Origin',(65.392525434494,434.91558265686,100.));
#12472=CARTESIAN_POINT('',(65.4011867046356,434.952731132507,90.));
#12473=CARTESIAN_POINT('',(65.4011867046356,434.952731132507,90.));
#12474=CARTESIAN_POINT('',(65.392525434494,434.91558265686,90.));
#12475=CARTESIAN_POINT('Origin',(65.4011867046356,434.952731132507,100.));
#12476=CARTESIAN_POINT('',(65.4011867046356,434.952731132507,90.));
#12477=CARTESIAN_POINT('Origin',(65.404096364975,438.371929168701,100.));
#12478=CARTESIAN_POINT('',(65.4011867046356,438.409956932068,90.));
#12479=CARTESIAN_POINT('',(65.4011867046356,438.409956932068,90.));
#12480=CARTESIAN_POINT('',(65.404096364975,438.371929168701,90.));
#12481=CARTESIAN_POINT('',(65.4011867046356,438.409956932068,90.));
#12482=CARTESIAN_POINT('',(65.404096364975,438.371929168701,90.));
#12483=CARTESIAN_POINT('Origin',(65.4011867046356,438.409956932068,100.));
#12484=CARTESIAN_POINT('',(65.392525434494,438.447103500366,90.));
#12485=CARTESIAN_POINT('',(65.392525434494,438.447103500366,90.));
#12486=CARTESIAN_POINT('',(65.392525434494,438.447103500366,90.));
#12487=CARTESIAN_POINT('Origin',(65.392525434494,438.447103500366,100.));
#12488=CARTESIAN_POINT('',(65.3783144950867,438.48249912262,90.));
#12489=CARTESIAN_POINT('',(65.3783144950867,438.48249912262,90.));
#12490=CARTESIAN_POINT('',(65.3783144950867,438.48249912262,90.));
#12491=CARTESIAN_POINT('Origin',(65.3783144950867,438.48249912262,100.));
#12492=CARTESIAN_POINT('',(65.3588843345642,438.515320777893,90.));
#12493=CARTESIAN_POINT('',(65.3588843345642,438.515320777893,90.));
#12494=CARTESIAN_POINT('',(65.3588843345642,438.515320777893,90.));
#12495=CARTESIAN_POINT('Origin',(65.3588843345642,438.515320777893,100.));
#12496=CARTESIAN_POINT('',(65.3346872329712,438.544804573059,90.));
#12497=CARTESIAN_POINT('',(65.3346872329712,438.544804573059,90.));
#12498=CARTESIAN_POINT('',(65.3346872329712,438.544804573059,90.));
#12499=CARTESIAN_POINT('Origin',(65.3346872329712,438.544804573059,100.));
#12500=CARTESIAN_POINT('',(65.30628657341,438.570265769958,90.));
#12501=CARTESIAN_POINT('',(65.30628657341,438.570265769958,90.));
#12502=CARTESIAN_POINT('',(65.30628657341,438.570265769958,90.));
#12503=CARTESIAN_POINT('Origin',(65.30628657341,438.570265769958,100.));
#12504=CARTESIAN_POINT('',(65.2743434906006,438.591108322144,90.));
#12505=CARTESIAN_POINT('',(65.2743434906006,438.591108322144,90.));
#12506=CARTESIAN_POINT('',(65.2743434906006,438.591108322144,90.));
#12507=CARTESIAN_POINT('Origin',(65.2743434906006,438.591108322144,100.));
#12508=CARTESIAN_POINT('',(65.2396013736725,438.606851577759,90.));
#12509=CARTESIAN_POINT('',(65.2396013736725,438.606851577759,90.));
#12510=CARTESIAN_POINT('',(65.2396013736725,438.606851577759,90.));
#12511=CARTESIAN_POINT('Origin',(65.404096364975,438.132351875305,100.));
#12512=CARTESIAN_POINT('',(65.404096364975,438.132351875305,90.));
#12513=CARTESIAN_POINT('',(65.404096364975,438.132351875305,90.));
#12514=CARTESIAN_POINT('',(65.404096364975,438.132351875305,90.));
#12515=CARTESIAN_POINT('Origin',(65.2396013736725,437.897431373596,100.));
#12516=CARTESIAN_POINT('',(65.2743434906006,437.913170814514,90.));
#12517=CARTESIAN_POINT('',(65.2743434906006,437.913170814514,90.));
#12518=CARTESIAN_POINT('',(65.2396013736725,437.897431373596,90.));
#12519=CARTESIAN_POINT('Origin',(65.2743434906006,437.913170814514,100.));
#12520=CARTESIAN_POINT('',(65.30628657341,437.934013366699,90.));
#12521=CARTESIAN_POINT('',(65.30628657341,437.934013366699,90.));
#12522=CARTESIAN_POINT('',(65.2743434906006,437.913170814514,90.));
#12523=CARTESIAN_POINT('Origin',(65.30628657341,437.934013366699,100.));
#12524=CARTESIAN_POINT('',(65.3346872329712,437.959476470947,90.));
#12525=CARTESIAN_POINT('',(65.3346872329712,437.959476470947,90.));
#12526=CARTESIAN_POINT('',(65.30628657341,437.934013366699,90.));
#12527=CARTESIAN_POINT('Origin',(65.3346872329712,437.959476470947,100.));
#12528=CARTESIAN_POINT('',(65.3588843345642,437.988958358765,90.));
#12529=CARTESIAN_POINT('',(65.3588843345642,437.988958358765,90.));
#12530=CARTESIAN_POINT('',(65.3346872329712,437.959476470947,90.));
#12531=CARTESIAN_POINT('Origin',(65.3588843345642,437.988958358765,100.));
#12532=CARTESIAN_POINT('',(65.3783144950867,438.021781921387,90.));
#12533=CARTESIAN_POINT('',(65.3783144950867,438.021781921387,90.));
#12534=CARTESIAN_POINT('',(65.3588843345642,437.988958358765,90.));
#12535=CARTESIAN_POINT('Origin',(65.3783144950867,438.021781921387,100.));
#12536=CARTESIAN_POINT('',(65.392525434494,438.057175636292,90.));
#12537=CARTESIAN_POINT('',(65.392525434494,438.057175636292,90.));
#12538=CARTESIAN_POINT('',(65.3783144950867,438.021781921387,90.));
#12539=CARTESIAN_POINT('Origin',(65.392525434494,438.057175636292,100.));
#12540=CARTESIAN_POINT('',(65.4011867046356,438.094320297241,90.));
#12541=CARTESIAN_POINT('',(65.4011867046356,438.094320297241,90.));
#12542=CARTESIAN_POINT('',(65.392525434494,438.057175636292,90.));
#12543=CARTESIAN_POINT('Origin',(65.4011867046356,438.094320297241,100.));
#12544=CARTESIAN_POINT('',(65.4011867046356,438.094320297241,90.));
#12545=CARTESIAN_POINT('Origin',(65.2396013736725,438.606851577759,100.));
#12546=CARTESIAN_POINT('',(63.0562963485718,439.401508331299,90.));
#12547=CARTESIAN_POINT('',(63.0562963485718,439.401508331299,90.));
#12548=CARTESIAN_POINT('',(63.0562963485718,439.401508331299,90.));
#12549=CARTESIAN_POINT('Origin',(65.404096364975,441.513521194458,100.));
#12550=CARTESIAN_POINT('',(65.4002983570099,441.556932449341,90.));
#12551=CARTESIAN_POINT('',(65.4002983570099,441.556932449341,90.));
#12552=CARTESIAN_POINT('',(65.404096364975,441.513521194458,90.));
#12553=CARTESIAN_POINT('',(65.4002983570099,441.556932449341,90.));
#12554=CARTESIAN_POINT('',(65.404096364975,441.513521194458,90.));
#12555=CARTESIAN_POINT('Origin',(65.4002983570099,441.556932449341,100.));
#12556=CARTESIAN_POINT('',(65.3890194892883,441.599025726318,90.));
#12557=CARTESIAN_POINT('',(65.3890194892883,441.599025726318,90.));
#12558=CARTESIAN_POINT('',(65.3890194892883,441.599025726318,90.));
#12559=CARTESIAN_POINT('Origin',(65.3890194892883,441.599025726318,100.));
#12560=CARTESIAN_POINT('',(65.3706026077271,441.638521194458,90.));
#12561=CARTESIAN_POINT('',(65.3706026077271,441.638521194458,90.));
#12562=CARTESIAN_POINT('',(65.3706026077271,441.638521194458,90.));
#12563=CARTESIAN_POINT('Origin',(65.3706026077271,441.638521194458,100.));
#12564=CARTESIAN_POINT('',(65.3456072807312,441.674217224121,90.));
#12565=CARTESIAN_POINT('',(65.3456072807312,441.674217224121,90.));
#12566=CARTESIAN_POINT('',(65.3456072807312,441.674217224121,90.));
#12567=CARTESIAN_POINT('Origin',(65.3456072807312,441.674217224121,100.));
#12568=CARTESIAN_POINT('',(65.3147931098938,441.705032348633,90.));
#12569=CARTESIAN_POINT('',(65.3147931098938,441.705032348633,90.));
#12570=CARTESIAN_POINT('',(65.3147931098938,441.705032348633,90.));
#12571=CARTESIAN_POINT('Origin',(65.3147931098938,441.705032348633,100.));
#12572=CARTESIAN_POINT('',(65.279096364975,441.730026245117,90.));
#12573=CARTESIAN_POINT('',(65.279096364975,441.730026245117,90.));
#12574=CARTESIAN_POINT('',(65.279096364975,441.730026245117,90.));
#12575=CARTESIAN_POINT('Origin',(65.279096364975,441.730026245117,100.));
#12576=CARTESIAN_POINT('',(65.2396013736725,441.748443603516,90.));
#12577=CARTESIAN_POINT('',(65.2396013736725,441.748443603516,90.));
#12578=CARTESIAN_POINT('',(65.2396013736725,441.748443603516,90.));
#12579=CARTESIAN_POINT('Origin',(65.404096364975,441.273944854736,100.));
#12580=CARTESIAN_POINT('',(65.404096364975,441.273944854736,90.));
#12581=CARTESIAN_POINT('',(65.404096364975,441.273944854736,90.));
#12582=CARTESIAN_POINT('',(65.404096364975,441.273944854736,90.));
#12583=CARTESIAN_POINT('Origin',(65.2396013736725,441.039022445679,100.));
#12584=CARTESIAN_POINT('',(65.279096364975,441.057437896729,90.));
#12585=CARTESIAN_POINT('',(65.279096364975,441.057437896729,90.));
#12586=CARTESIAN_POINT('',(65.2396013736725,441.039022445679,90.));
#12587=CARTESIAN_POINT('Origin',(65.279096364975,441.057437896729,100.));
#12588=CARTESIAN_POINT('',(65.3147931098938,441.08243560791,90.));
#12589=CARTESIAN_POINT('',(65.3147931098938,441.08243560791,90.));
#12590=CARTESIAN_POINT('',(65.279096364975,441.057437896729,90.));
#12591=CARTESIAN_POINT('Origin',(65.3147931098938,441.08243560791,100.));
#12592=CARTESIAN_POINT('',(65.3456072807312,441.113248825073,90.));
#12593=CARTESIAN_POINT('',(65.3456072807312,441.113248825073,90.));
#12594=CARTESIAN_POINT('',(65.3147931098938,441.08243560791,90.));
#12595=CARTESIAN_POINT('Origin',(65.3456072807312,441.113248825073,100.));
#12596=CARTESIAN_POINT('',(65.3706026077271,441.148944854736,90.));
#12597=CARTESIAN_POINT('',(65.3706026077271,441.148944854736,90.));
#12598=CARTESIAN_POINT('',(65.3456072807312,441.113248825073,90.));
#12599=CARTESIAN_POINT('Origin',(65.3706026077271,441.148944854736,100.));
#12600=CARTESIAN_POINT('',(65.3890194892883,441.188440322876,90.));
#12601=CARTESIAN_POINT('',(65.3890194892883,441.188440322876,90.));
#12602=CARTESIAN_POINT('',(65.3706026077271,441.148944854736,90.));
#12603=CARTESIAN_POINT('Origin',(65.3890194892883,441.188440322876,100.));
#12604=CARTESIAN_POINT('',(65.4002983570099,441.230533599854,90.));
#12605=CARTESIAN_POINT('',(65.4002983570099,441.230533599854,90.));
#12606=CARTESIAN_POINT('',(65.3890194892883,441.188440322876,90.));
#12607=CARTESIAN_POINT('Origin',(65.4002983570099,441.230533599854,100.));
#12608=CARTESIAN_POINT('',(65.4002983570099,441.230533599854,90.));
#12609=CARTESIAN_POINT('Origin',(65.2396013736725,441.748443603516,100.));
#12610=CARTESIAN_POINT('',(63.0562963485718,442.543102264404,90.));
#12611=CARTESIAN_POINT('',(63.0562963485718,442.543102264404,90.));
#12612=CARTESIAN_POINT('',(63.0562963485718,442.543102264404,90.));
#12613=CARTESIAN_POINT('Origin',(65.404096364975,444.655113220215,100.));
#12614=CARTESIAN_POINT('',(65.4002983570099,444.698524475098,90.));
#12615=CARTESIAN_POINT('',(65.4002983570099,444.698524475098,90.));
#12616=CARTESIAN_POINT('',(65.404096364975,444.655113220215,90.));
#12617=CARTESIAN_POINT('',(65.4002983570099,444.698524475098,90.));
#12618=CARTESIAN_POINT('',(65.404096364975,444.655113220215,90.));
#12619=CARTESIAN_POINT('Origin',(65.4002983570099,444.698524475098,100.));
#12620=CARTESIAN_POINT('',(65.3890194892883,444.740617752075,90.));
#12621=CARTESIAN_POINT('',(65.3890194892883,444.740617752075,90.));
#12622=CARTESIAN_POINT('',(65.3890194892883,444.740617752075,90.));
#12623=CARTESIAN_POINT('Origin',(65.3890194892883,444.740617752075,100.));
#12624=CARTESIAN_POINT('',(65.3706026077271,444.780111312866,90.));
#12625=CARTESIAN_POINT('',(65.3706026077271,444.780111312866,90.));
#12626=CARTESIAN_POINT('',(65.3706026077271,444.780111312866,90.));
#12627=CARTESIAN_POINT('Origin',(65.3706026077271,444.780111312866,100.));
#12628=CARTESIAN_POINT('',(65.3456072807312,444.815809249878,90.));
#12629=CARTESIAN_POINT('',(65.3456072807312,444.815809249878,90.));
#12630=CARTESIAN_POINT('',(65.3456072807312,444.815809249878,90.));
#12631=CARTESIAN_POINT('Origin',(65.3456072807312,444.815809249878,100.));
#12632=CARTESIAN_POINT('',(65.3147931098938,444.846622467041,90.));
#12633=CARTESIAN_POINT('',(65.3147931098938,444.846622467041,90.));
#12634=CARTESIAN_POINT('',(65.3147931098938,444.846622467041,90.));
#12635=CARTESIAN_POINT('Origin',(65.3147931098938,444.846622467041,100.));
#12636=CARTESIAN_POINT('',(65.279096364975,444.871620178223,90.));
#12637=CARTESIAN_POINT('',(65.279096364975,444.871620178223,90.));
#12638=CARTESIAN_POINT('',(65.279096364975,444.871620178223,90.));
#12639=CARTESIAN_POINT('Origin',(65.279096364975,444.871620178223,100.));
#12640=CARTESIAN_POINT('',(65.2396013736725,444.890035629272,90.));
#12641=CARTESIAN_POINT('',(65.2396013736725,444.890035629272,90.));
#12642=CARTESIAN_POINT('',(65.2396013736725,444.890035629272,90.));
#12643=CARTESIAN_POINT('Origin',(65.404096364975,444.415538787842,100.));
#12644=CARTESIAN_POINT('',(65.404096364975,444.415538787842,90.));
#12645=CARTESIAN_POINT('',(65.404096364975,444.415538787842,90.));
#12646=CARTESIAN_POINT('',(65.404096364975,444.415538787842,90.));
#12647=CARTESIAN_POINT('Origin',(65.2396013736725,444.180616378784,100.));
#12648=CARTESIAN_POINT('',(65.279096364975,444.199031829834,90.));
#12649=CARTESIAN_POINT('',(65.279096364975,444.199031829834,90.));
#12650=CARTESIAN_POINT('',(65.2396013736725,444.180616378784,90.));
#12651=CARTESIAN_POINT('Origin',(65.279096364975,444.199031829834,100.));
#12652=CARTESIAN_POINT('',(65.3147931098938,444.224027633667,90.));
#12653=CARTESIAN_POINT('',(65.3147931098938,444.224027633667,90.));
#12654=CARTESIAN_POINT('',(65.279096364975,444.199031829834,90.));
#12655=CARTESIAN_POINT('Origin',(65.3147931098938,444.224027633667,100.));
#12656=CARTESIAN_POINT('',(65.3456072807312,444.254842758179,90.));
#12657=CARTESIAN_POINT('',(65.3456072807312,444.254842758179,90.));
#12658=CARTESIAN_POINT('',(65.3147931098938,444.224027633667,90.));
#12659=CARTESIAN_POINT('Origin',(65.3456072807312,444.254842758179,100.));
#12660=CARTESIAN_POINT('',(65.3706026077271,444.290538787842,90.));
#12661=CARTESIAN_POINT('',(65.3706026077271,444.290538787842,90.));
#12662=CARTESIAN_POINT('',(65.3456072807312,444.254842758179,90.));
#12663=CARTESIAN_POINT('Origin',(65.3706026077271,444.290538787842,100.));
#12664=CARTESIAN_POINT('',(65.3890194892883,444.330034255981,90.));
#12665=CARTESIAN_POINT('',(65.3890194892883,444.330034255981,90.));
#12666=CARTESIAN_POINT('',(65.3706026077271,444.290538787842,90.));
#12667=CARTESIAN_POINT('Origin',(65.3890194892883,444.330034255981,100.));
#12668=CARTESIAN_POINT('',(65.4002983570099,444.37212562561,90.));
#12669=CARTESIAN_POINT('',(65.4002983570099,444.37212562561,90.));
#12670=CARTESIAN_POINT('',(65.3890194892883,444.330034255981,90.));
#12671=CARTESIAN_POINT('Origin',(65.4002983570099,444.37212562561,100.));
#12672=CARTESIAN_POINT('',(65.4002983570099,444.37212562561,90.));
#12673=CARTESIAN_POINT('Origin',(65.2396013736725,444.890035629272,100.));
#12674=CARTESIAN_POINT('',(63.0562963485718,445.684694290161,90.));
#12675=CARTESIAN_POINT('',(63.0562963485718,445.684694290161,90.));
#12676=CARTESIAN_POINT('',(63.0562963485718,445.684694290161,90.));
#12677=CARTESIAN_POINT('Origin',(65.404096364975,447.796705245972,100.));
#12678=CARTESIAN_POINT('',(65.4002983570099,447.840118408203,90.));
#12679=CARTESIAN_POINT('',(65.4002983570099,447.840118408203,90.));
#12680=CARTESIAN_POINT('',(65.404096364975,447.796705245972,90.));
#12681=CARTESIAN_POINT('',(65.4002983570099,447.840118408203,90.));
#12682=CARTESIAN_POINT('',(65.404096364975,447.796705245972,90.));
#12683=CARTESIAN_POINT('Origin',(65.4002983570099,447.840118408203,100.));
#12684=CARTESIAN_POINT('',(65.3890194892883,447.882209777832,90.));
#12685=CARTESIAN_POINT('',(65.3890194892883,447.882209777832,90.));
#12686=CARTESIAN_POINT('',(65.3890194892883,447.882209777832,90.));
#12687=CARTESIAN_POINT('Origin',(65.3890194892883,447.882209777832,100.));
#12688=CARTESIAN_POINT('',(65.3706026077271,447.921705245972,90.));
#12689=CARTESIAN_POINT('',(65.3706026077271,447.921705245972,90.));
#12690=CARTESIAN_POINT('',(65.3706026077271,447.921705245972,90.));
#12691=CARTESIAN_POINT('Origin',(65.3706026077271,447.921705245972,100.));
#12692=CARTESIAN_POINT('',(65.3456072807312,447.957403182983,90.));
#12693=CARTESIAN_POINT('',(65.3456072807312,447.957403182983,90.));
#12694=CARTESIAN_POINT('',(65.3456072807312,447.957403182983,90.));
#12695=CARTESIAN_POINT('Origin',(65.3456072807312,447.957403182983,100.));
#12696=CARTESIAN_POINT('',(65.3147931098938,447.988216400146,90.));
#12697=CARTESIAN_POINT('',(65.3147931098938,447.988216400146,90.));
#12698=CARTESIAN_POINT('',(65.3147931098938,447.988216400146,90.));
#12699=CARTESIAN_POINT('Origin',(65.3147931098938,447.988216400146,100.));
#12700=CARTESIAN_POINT('',(65.279096364975,448.013212203979,90.));
#12701=CARTESIAN_POINT('',(65.279096364975,448.013212203979,90.));
#12702=CARTESIAN_POINT('',(65.279096364975,448.013212203979,90.));
#12703=CARTESIAN_POINT('Origin',(65.279096364975,448.013212203979,100.));
#12704=CARTESIAN_POINT('',(65.2396013736725,448.031629562378,90.));
#12705=CARTESIAN_POINT('',(65.2396013736725,448.031629562378,90.));
#12706=CARTESIAN_POINT('',(65.2396013736725,448.031629562378,90.));
#12707=CARTESIAN_POINT('Origin',(65.404096364975,447.557130813599,100.));
#12708=CARTESIAN_POINT('',(65.404096364975,447.557130813599,90.));
#12709=CARTESIAN_POINT('',(65.404096364975,447.557130813599,90.));
#12710=CARTESIAN_POINT('',(65.404096364975,447.557130813599,90.));
#12711=CARTESIAN_POINT('Origin',(65.2396013736725,447.322206497192,100.));
#12712=CARTESIAN_POINT('',(65.279096364975,447.340625762939,90.));
#12713=CARTESIAN_POINT('',(65.279096364975,447.340625762939,90.));
#12714=CARTESIAN_POINT('',(65.2396013736725,447.322206497192,90.));
#12715=CARTESIAN_POINT('Origin',(65.279096364975,447.340625762939,100.));
#12716=CARTESIAN_POINT('',(65.3147931098938,447.365619659424,90.));
#12717=CARTESIAN_POINT('',(65.3147931098938,447.365619659424,90.));
#12718=CARTESIAN_POINT('',(65.279096364975,447.340625762939,90.));
#12719=CARTESIAN_POINT('Origin',(65.3147931098938,447.365619659424,100.));
#12720=CARTESIAN_POINT('',(65.3456072807312,447.396432876587,90.));
#12721=CARTESIAN_POINT('',(65.3456072807312,447.396432876587,90.));
#12722=CARTESIAN_POINT('',(65.3147931098938,447.365619659424,90.));
#12723=CARTESIAN_POINT('Origin',(65.3456072807312,447.396432876587,100.));
#12724=CARTESIAN_POINT('',(65.3706026077271,447.432130813599,90.));
#12725=CARTESIAN_POINT('',(65.3706026077271,447.432130813599,90.));
#12726=CARTESIAN_POINT('',(65.3456072807312,447.396432876587,90.));
#12727=CARTESIAN_POINT('Origin',(65.3706026077271,447.432130813599,100.));
#12728=CARTESIAN_POINT('',(65.3890194892883,447.471626281738,90.));
#12729=CARTESIAN_POINT('',(65.3890194892883,447.471626281738,90.));
#12730=CARTESIAN_POINT('',(65.3706026077271,447.432130813599,90.));
#12731=CARTESIAN_POINT('Origin',(65.3890194892883,447.471626281738,100.));
#12732=CARTESIAN_POINT('',(65.4002983570099,447.513719558716,90.));
#12733=CARTESIAN_POINT('',(65.4002983570099,447.513719558716,90.));
#12734=CARTESIAN_POINT('',(65.3890194892883,447.471626281738,90.));
#12735=CARTESIAN_POINT('Origin',(65.4002983570099,447.513719558716,100.));
#12736=CARTESIAN_POINT('',(65.4002983570099,447.513719558716,90.));
#12737=CARTESIAN_POINT('Origin',(65.2396013736725,448.031629562378,100.));
#12738=CARTESIAN_POINT('',(63.0562963485718,448.826286315918,90.));
#12739=CARTESIAN_POINT('',(63.0562963485718,448.826286315918,90.));
#12740=CARTESIAN_POINT('',(63.0562963485718,448.826286315918,90.));
#12741=CARTESIAN_POINT('Origin',(65.404096364975,450.938297271729,100.));
#12742=CARTESIAN_POINT('',(65.4002983570099,450.98171043396,90.));
#12743=CARTESIAN_POINT('',(65.4002983570099,450.98171043396,90.));
#12744=CARTESIAN_POINT('',(65.404096364975,450.938297271729,90.));
#12745=CARTESIAN_POINT('',(65.4002983570099,450.98171043396,90.));
#12746=CARTESIAN_POINT('',(65.404096364975,450.938297271729,90.));
#12747=CARTESIAN_POINT('Origin',(65.4002983570099,450.98171043396,100.));
#12748=CARTESIAN_POINT('',(65.3890194892883,451.023803710938,90.));
#12749=CARTESIAN_POINT('',(65.3890194892883,451.023803710938,90.));
#12750=CARTESIAN_POINT('',(65.3890194892883,451.023803710938,90.));
#12751=CARTESIAN_POINT('Origin',(65.3890194892883,451.023803710938,100.));
#12752=CARTESIAN_POINT('',(65.3706026077271,451.063299179077,90.));
#12753=CARTESIAN_POINT('',(65.3706026077271,451.063299179077,90.));
#12754=CARTESIAN_POINT('',(65.3706026077271,451.063299179077,90.));
#12755=CARTESIAN_POINT('Origin',(65.3706026077271,451.063299179077,100.));
#12756=CARTESIAN_POINT('',(65.3456072807312,451.098993301392,90.));
#12757=CARTESIAN_POINT('',(65.3456072807312,451.098993301392,90.));
#12758=CARTESIAN_POINT('',(65.3456072807312,451.098993301392,90.));
#12759=CARTESIAN_POINT('Origin',(65.3456072807312,451.098993301392,100.));
#12760=CARTESIAN_POINT('',(65.3147931098938,451.129810333252,90.));
#12761=CARTESIAN_POINT('',(65.3147931098938,451.129810333252,90.));
#12762=CARTESIAN_POINT('',(65.3147931098938,451.129810333252,90.));
#12763=CARTESIAN_POINT('Origin',(65.3147931098938,451.129810333252,100.));
#12764=CARTESIAN_POINT('',(65.279096364975,451.154804229736,90.));
#12765=CARTESIAN_POINT('',(65.279096364975,451.154804229736,90.));
#12766=CARTESIAN_POINT('',(65.279096364975,451.154804229736,90.));
#12767=CARTESIAN_POINT('Origin',(65.279096364975,451.154804229736,100.));
#12768=CARTESIAN_POINT('',(65.2396013736725,451.173219680786,90.));
#12769=CARTESIAN_POINT('',(65.2396013736725,451.173219680786,90.));
#12770=CARTESIAN_POINT('',(65.2396013736725,451.173219680786,90.));
#12771=CARTESIAN_POINT('Origin',(65.404096364975,450.698722839355,100.));
#12772=CARTESIAN_POINT('',(65.404096364975,450.698722839355,90.));
#12773=CARTESIAN_POINT('',(65.404096364975,450.698722839355,90.));
#12774=CARTESIAN_POINT('',(65.404096364975,450.698722839355,90.));
#12775=CARTESIAN_POINT('Origin',(65.2396013736725,450.463800430298,100.));
#12776=CARTESIAN_POINT('',(65.279096364975,450.482217788696,90.));
#12777=CARTESIAN_POINT('',(65.279096364975,450.482217788696,90.));
#12778=CARTESIAN_POINT('',(65.2396013736725,450.463800430298,90.));
#12779=CARTESIAN_POINT('Origin',(65.279096364975,450.482217788696,100.));
#12780=CARTESIAN_POINT('',(65.3147931098938,450.507213592529,90.));
#12781=CARTESIAN_POINT('',(65.3147931098938,450.507213592529,90.));
#12782=CARTESIAN_POINT('',(65.279096364975,450.482217788696,90.));
#12783=CARTESIAN_POINT('Origin',(65.3147931098938,450.507213592529,100.));
#12784=CARTESIAN_POINT('',(65.3456072807312,450.538026809692,90.));
#12785=CARTESIAN_POINT('',(65.3456072807312,450.538026809692,90.));
#12786=CARTESIAN_POINT('',(65.3147931098938,450.507213592529,90.));
#12787=CARTESIAN_POINT('Origin',(65.3456072807312,450.538026809692,100.));
#12788=CARTESIAN_POINT('',(65.3706026077271,450.573724746704,90.));
#12789=CARTESIAN_POINT('',(65.3706026077271,450.573724746704,90.));
#12790=CARTESIAN_POINT('',(65.3456072807312,450.538026809692,90.));
#12791=CARTESIAN_POINT('Origin',(65.3706026077271,450.573724746704,100.));
#12792=CARTESIAN_POINT('',(65.3890194892883,450.613218307495,90.));
#12793=CARTESIAN_POINT('',(65.3890194892883,450.613218307495,90.));
#12794=CARTESIAN_POINT('',(65.3706026077271,450.573724746704,90.));
#12795=CARTESIAN_POINT('Origin',(65.3890194892883,450.613218307495,100.));
#12796=CARTESIAN_POINT('',(65.4002983570099,450.655311584473,90.));
#12797=CARTESIAN_POINT('',(65.4002983570099,450.655311584473,90.));
#12798=CARTESIAN_POINT('',(65.3890194892883,450.613218307495,90.));
#12799=CARTESIAN_POINT('Origin',(65.4002983570099,450.655311584473,100.));
#12800=CARTESIAN_POINT('',(65.4002983570099,450.655311584473,90.));
#12801=CARTESIAN_POINT('Origin',(65.2396013736725,451.173219680786,100.));
#12802=CARTESIAN_POINT('',(63.0562963485718,451.967878341675,90.));
#12803=CARTESIAN_POINT('',(63.0562963485718,451.967878341675,90.));
#12804=CARTESIAN_POINT('',(63.0562963485718,451.967878341675,90.));
#12805=CARTESIAN_POINT('Origin',(65.404096364975,454.079891204834,100.));
#12806=CARTESIAN_POINT('',(65.4002983570099,454.123302459717,90.));
#12807=CARTESIAN_POINT('',(65.4002983570099,454.123302459717,90.));
#12808=CARTESIAN_POINT('',(65.404096364975,454.079891204834,90.));
#12809=CARTESIAN_POINT('',(65.4002983570099,454.123302459717,90.));
#12810=CARTESIAN_POINT('',(65.404096364975,454.079891204834,90.));
#12811=CARTESIAN_POINT('Origin',(65.4002983570099,454.123302459717,100.));
#12812=CARTESIAN_POINT('',(65.3890194892883,454.165395736694,90.));
#12813=CARTESIAN_POINT('',(65.3890194892883,454.165395736694,90.));
#12814=CARTESIAN_POINT('',(65.3890194892883,454.165395736694,90.));
#12815=CARTESIAN_POINT('Origin',(65.3890194892883,454.165395736694,100.));
#12816=CARTESIAN_POINT('',(65.3706026077271,454.204889297485,90.));
#12817=CARTESIAN_POINT('',(65.3706026077271,454.204889297485,90.));
#12818=CARTESIAN_POINT('',(65.3706026077271,454.204889297485,90.));
#12819=CARTESIAN_POINT('Origin',(65.3706026077271,454.204889297485,100.));
#12820=CARTESIAN_POINT('',(65.3456072807312,454.240587234497,90.));
#12821=CARTESIAN_POINT('',(65.3456072807312,454.240587234497,90.));
#12822=CARTESIAN_POINT('',(65.3456072807312,454.240587234497,90.));
#12823=CARTESIAN_POINT('Origin',(65.3456072807312,454.240587234497,100.));
#12824=CARTESIAN_POINT('',(65.3147931098938,454.27140045166,90.));
#12825=CARTESIAN_POINT('',(65.3147931098938,454.27140045166,90.));
#12826=CARTESIAN_POINT('',(65.3147931098938,454.27140045166,90.));
#12827=CARTESIAN_POINT('Origin',(65.3147931098938,454.27140045166,100.));
#12828=CARTESIAN_POINT('',(65.279096364975,454.296398162842,90.));
#12829=CARTESIAN_POINT('',(65.279096364975,454.296398162842,90.));
#12830=CARTESIAN_POINT('',(65.279096364975,454.296398162842,90.));
#12831=CARTESIAN_POINT('Origin',(65.279096364975,454.296398162842,100.));
#12832=CARTESIAN_POINT('',(65.2396013736725,454.314813613892,90.));
#12833=CARTESIAN_POINT('',(65.2396013736725,454.314813613892,90.));
#12834=CARTESIAN_POINT('',(65.2396013736725,454.314813613892,90.));
#12835=CARTESIAN_POINT('Origin',(65.404096364975,453.840316772461,100.));
#12836=CARTESIAN_POINT('',(65.404096364975,453.840316772461,90.));
#12837=CARTESIAN_POINT('',(65.404096364975,453.840316772461,90.));
#12838=CARTESIAN_POINT('',(65.404096364975,453.840316772461,90.));
#12839=CARTESIAN_POINT('Origin',(65.2396013736725,453.605394363403,100.));
#12840=CARTESIAN_POINT('',(65.279096364975,453.623809814453,90.));
#12841=CARTESIAN_POINT('',(65.279096364975,453.623809814453,90.));
#12842=CARTESIAN_POINT('',(65.2396013736725,453.605394363403,90.));
#12843=CARTESIAN_POINT('Origin',(65.279096364975,453.623809814453,100.));
#12844=CARTESIAN_POINT('',(65.3147931098938,453.648803710938,90.));
#12845=CARTESIAN_POINT('',(65.3147931098938,453.648803710938,90.));
#12846=CARTESIAN_POINT('',(65.279096364975,453.623809814453,90.));
#12847=CARTESIAN_POINT('Origin',(65.3147931098938,453.648803710938,100.));
#12848=CARTESIAN_POINT('',(65.3456072807312,453.679620742798,90.));
#12849=CARTESIAN_POINT('',(65.3456072807312,453.679620742798,90.));
#12850=CARTESIAN_POINT('',(65.3147931098938,453.648803710938,90.));
#12851=CARTESIAN_POINT('Origin',(65.3456072807312,453.679620742798,100.));
#12852=CARTESIAN_POINT('',(65.3706026077271,453.715316772461,90.));
#12853=CARTESIAN_POINT('',(65.3706026077271,453.715316772461,90.));
#12854=CARTESIAN_POINT('',(65.3456072807312,453.679620742798,90.));
#12855=CARTESIAN_POINT('Origin',(65.3706026077271,453.715316772461,100.));
#12856=CARTESIAN_POINT('',(65.3890194892883,453.754812240601,90.));
#12857=CARTESIAN_POINT('',(65.3890194892883,453.754812240601,90.));
#12858=CARTESIAN_POINT('',(65.3706026077271,453.715316772461,90.));
#12859=CARTESIAN_POINT('Origin',(65.3890194892883,453.754812240601,100.));
#12860=CARTESIAN_POINT('',(65.4002983570099,453.796905517578,90.));
#12861=CARTESIAN_POINT('',(65.4002983570099,453.796905517578,90.));
#12862=CARTESIAN_POINT('',(65.3890194892883,453.754812240601,90.));
#12863=CARTESIAN_POINT('Origin',(65.4002983570099,453.796905517578,100.));
#12864=CARTESIAN_POINT('',(65.4002983570099,453.796905517578,90.));
#12865=CARTESIAN_POINT('Origin',(65.2396013736725,454.314813613892,100.));
#12866=CARTESIAN_POINT('',(63.0562963485718,455.10947227478,90.));
#12867=CARTESIAN_POINT('',(63.0562963485718,455.10947227478,90.));
#12868=CARTESIAN_POINT('',(63.0562963485718,455.10947227478,90.));
#12869=CARTESIAN_POINT('Origin',(65.404096364975,457.221485137939,100.));
#12870=CARTESIAN_POINT('',(65.4002983570099,457.264896392822,90.));
#12871=CARTESIAN_POINT('',(65.4002983570099,457.264896392822,90.));
#12872=CARTESIAN_POINT('',(65.404096364975,457.221485137939,90.));
#12873=CARTESIAN_POINT('',(65.4002983570099,457.264896392822,90.));
#12874=CARTESIAN_POINT('',(65.404096364975,457.221485137939,90.));
#12875=CARTESIAN_POINT('Origin',(65.4002983570099,457.264896392822,100.));
#12876=CARTESIAN_POINT('',(65.3890194892883,457.306987762451,90.));
#12877=CARTESIAN_POINT('',(65.3890194892883,457.306987762451,90.));
#12878=CARTESIAN_POINT('',(65.3890194892883,457.306987762451,90.));
#12879=CARTESIAN_POINT('Origin',(65.3890194892883,457.306987762451,100.));
#12880=CARTESIAN_POINT('',(65.3706026077271,457.346481323242,90.));
#12881=CARTESIAN_POINT('',(65.3706026077271,457.346481323242,90.));
#12882=CARTESIAN_POINT('',(65.3706026077271,457.346481323242,90.));
#12883=CARTESIAN_POINT('Origin',(65.3706026077271,457.346481323242,100.));
#12884=CARTESIAN_POINT('',(65.3456072807312,457.382183074951,90.));
#12885=CARTESIAN_POINT('',(65.3456072807312,457.382183074951,90.));
#12886=CARTESIAN_POINT('',(65.3456072807312,457.382183074951,90.));
#12887=CARTESIAN_POINT('Origin',(65.3456072807312,457.382183074951,100.));
#12888=CARTESIAN_POINT('',(65.3147931098938,457.412994384766,90.));
#12889=CARTESIAN_POINT('',(65.3147931098938,457.412994384766,90.));
#12890=CARTESIAN_POINT('',(65.3147931098938,457.412994384766,90.));
#12891=CARTESIAN_POINT('Origin',(65.3147931098938,457.412994384766,100.));
#12892=CARTESIAN_POINT('',(65.279096364975,457.437992095947,90.));
#12893=CARTESIAN_POINT('',(65.279096364975,457.437992095947,90.));
#12894=CARTESIAN_POINT('',(65.279096364975,457.437992095947,90.));
#12895=CARTESIAN_POINT('Origin',(65.279096364975,457.437992095947,100.));
#12896=CARTESIAN_POINT('',(65.2396013736725,457.456405639648,90.));
#12897=CARTESIAN_POINT('',(65.2396013736725,457.456405639648,90.));
#12898=CARTESIAN_POINT('',(65.2396013736725,457.456405639648,90.));
#12899=CARTESIAN_POINT('Origin',(65.404096364975,456.981906890869,100.));
#12900=CARTESIAN_POINT('',(65.404096364975,456.981906890869,90.));
#12901=CARTESIAN_POINT('',(65.404096364975,456.981906890869,90.));
#12902=CARTESIAN_POINT('',(65.404096364975,456.981906890869,90.));
#12903=CARTESIAN_POINT('Origin',(65.2396013736725,456.74698638916,100.));
#12904=CARTESIAN_POINT('',(65.279096364975,456.765399932861,90.));
#12905=CARTESIAN_POINT('',(65.279096364975,456.765399932861,90.));
#12906=CARTESIAN_POINT('',(65.2396013736725,456.74698638916,90.));
#12907=CARTESIAN_POINT('Origin',(65.279096364975,456.765399932861,100.));
#12908=CARTESIAN_POINT('',(65.3147931098938,456.790397644043,90.));
#12909=CARTESIAN_POINT('',(65.3147931098938,456.790397644043,90.));
#12910=CARTESIAN_POINT('',(65.279096364975,456.765399932861,90.));
#12911=CARTESIAN_POINT('Origin',(65.3147931098938,456.790397644043,100.));
#12912=CARTESIAN_POINT('',(65.3456072807312,456.821212768555,90.));
#12913=CARTESIAN_POINT('',(65.3456072807312,456.821212768555,90.));
#12914=CARTESIAN_POINT('',(65.3147931098938,456.790397644043,90.));
#12915=CARTESIAN_POINT('Origin',(65.3456072807312,456.821212768555,100.));
#12916=CARTESIAN_POINT('',(65.3706026077271,456.856910705566,90.));
#12917=CARTESIAN_POINT('',(65.3706026077271,456.856910705566,90.));
#12918=CARTESIAN_POINT('',(65.3456072807312,456.821212768555,90.));
#12919=CARTESIAN_POINT('Origin',(65.3706026077271,456.856910705566,100.));
#12920=CARTESIAN_POINT('',(65.3890194892883,456.896404266357,90.));
#12921=CARTESIAN_POINT('',(65.3890194892883,456.896404266357,90.));
#12922=CARTESIAN_POINT('',(65.3706026077271,456.856910705566,90.));
#12923=CARTESIAN_POINT('Origin',(65.3890194892883,456.896404266357,100.));
#12924=CARTESIAN_POINT('',(65.4002983570099,456.938495635986,90.));
#12925=CARTESIAN_POINT('',(65.4002983570099,456.938495635986,90.));
#12926=CARTESIAN_POINT('',(65.3890194892883,456.896404266357,90.));
#12927=CARTESIAN_POINT('Origin',(65.4002983570099,456.938495635986,100.));
#12928=CARTESIAN_POINT('',(65.4002983570099,456.938495635986,90.));
#12929=CARTESIAN_POINT('Origin',(65.2396013736725,457.456405639648,100.));
#12930=CARTESIAN_POINT('',(63.0562963485718,458.251064300537,90.));
#12931=CARTESIAN_POINT('',(63.0562963485718,458.251064300537,90.));
#12932=CARTESIAN_POINT('',(63.0562963485718,458.251064300537,90.));
#12933=CARTESIAN_POINT('Origin',(65.404096364975,460.363079071045,100.));
#12934=CARTESIAN_POINT('',(65.4002983570099,460.406490325928,90.));
#12935=CARTESIAN_POINT('',(65.4002983570099,460.406490325928,90.));
#12936=CARTESIAN_POINT('',(65.404096364975,460.363079071045,90.));
#12937=CARTESIAN_POINT('',(65.4002983570099,460.406490325928,90.));
#12938=CARTESIAN_POINT('',(65.404096364975,460.363079071045,90.));
#12939=CARTESIAN_POINT('Origin',(65.4002983570099,460.406490325928,100.));
#12940=CARTESIAN_POINT('',(65.3890194892883,460.448581695557,90.));
#12941=CARTESIAN_POINT('',(65.3890194892883,460.448581695557,90.));
#12942=CARTESIAN_POINT('',(65.3890194892883,460.448581695557,90.));
#12943=CARTESIAN_POINT('Origin',(65.3890194892883,460.448581695557,100.));
#12944=CARTESIAN_POINT('',(65.3706026077271,460.488075256348,90.));
#12945=CARTESIAN_POINT('',(65.3706026077271,460.488075256348,90.));
#12946=CARTESIAN_POINT('',(65.3706026077271,460.488075256348,90.));
#12947=CARTESIAN_POINT('Origin',(65.3706026077271,460.488075256348,100.));
#12948=CARTESIAN_POINT('',(65.3456072807312,460.523773193359,90.));
#12949=CARTESIAN_POINT('',(65.3456072807312,460.523773193359,90.));
#12950=CARTESIAN_POINT('',(65.3456072807312,460.523773193359,90.));
#12951=CARTESIAN_POINT('Origin',(65.3456072807312,460.523773193359,100.));
#12952=CARTESIAN_POINT('',(65.3147931098938,460.554588317871,90.));
#12953=CARTESIAN_POINT('',(65.3147931098938,460.554588317871,90.));
#12954=CARTESIAN_POINT('',(65.3147931098938,460.554588317871,90.));
#12955=CARTESIAN_POINT('Origin',(65.3147931098938,460.554588317871,100.));
#12956=CARTESIAN_POINT('',(65.279096364975,460.579586029053,90.));
#12957=CARTESIAN_POINT('',(65.279096364975,460.579586029053,90.));
#12958=CARTESIAN_POINT('',(65.279096364975,460.579586029053,90.));
#12959=CARTESIAN_POINT('Origin',(65.279096364975,460.579586029053,100.));
#12960=CARTESIAN_POINT('',(65.2396013736725,460.597999572754,90.));
#12961=CARTESIAN_POINT('',(65.2396013736725,460.597999572754,90.));
#12962=CARTESIAN_POINT('',(65.2396013736725,460.597999572754,90.));
#12963=CARTESIAN_POINT('Origin',(65.404096364975,460.123500823975,100.));
#12964=CARTESIAN_POINT('',(65.404096364975,460.123500823975,90.));
#12965=CARTESIAN_POINT('',(65.404096364975,460.123500823975,90.));
#12966=CARTESIAN_POINT('',(65.404096364975,460.123500823975,90.));
#12967=CARTESIAN_POINT('Origin',(65.2396013736725,459.888580322266,100.));
#12968=CARTESIAN_POINT('',(65.279096364975,459.906993865967,90.));
#12969=CARTESIAN_POINT('',(65.279096364975,459.906993865967,90.));
#12970=CARTESIAN_POINT('',(65.2396013736725,459.888580322266,90.));
#12971=CARTESIAN_POINT('Origin',(65.279096364975,459.906993865967,100.));
#12972=CARTESIAN_POINT('',(65.3147931098938,459.931991577148,90.));
#12973=CARTESIAN_POINT('',(65.3147931098938,459.931991577148,90.));
#12974=CARTESIAN_POINT('',(65.279096364975,459.906993865967,90.));
#12975=CARTESIAN_POINT('Origin',(65.3147931098938,459.931991577148,100.));
#12976=CARTESIAN_POINT('',(65.3456072807312,459.962802886963,90.));
#12977=CARTESIAN_POINT('',(65.3456072807312,459.962802886963,90.));
#12978=CARTESIAN_POINT('',(65.3147931098938,459.931991577148,90.));
#12979=CARTESIAN_POINT('Origin',(65.3456072807312,459.962802886963,100.));
#12980=CARTESIAN_POINT('',(65.3706026077271,459.998500823975,90.));
#12981=CARTESIAN_POINT('',(65.3706026077271,459.998500823975,90.));
#12982=CARTESIAN_POINT('',(65.3456072807312,459.962802886963,90.));
#12983=CARTESIAN_POINT('Origin',(65.3706026077271,459.998500823975,100.));
#12984=CARTESIAN_POINT('',(65.3890194892883,460.037998199463,90.));
#12985=CARTESIAN_POINT('',(65.3890194892883,460.037998199463,90.));
#12986=CARTESIAN_POINT('',(65.3706026077271,459.998500823975,90.));
#12987=CARTESIAN_POINT('Origin',(65.3890194892883,460.037998199463,100.));
#12988=CARTESIAN_POINT('',(65.4002983570099,460.080089569092,90.));
#12989=CARTESIAN_POINT('',(65.4002983570099,460.080089569092,90.));
#12990=CARTESIAN_POINT('',(65.3890194892883,460.037998199463,90.));
#12991=CARTESIAN_POINT('Origin',(65.4002983570099,460.080089569092,100.));
#12992=CARTESIAN_POINT('',(65.4002983570099,460.080089569092,90.));
#12993=CARTESIAN_POINT('Origin',(65.2396013736725,460.597999572754,100.));
#12994=CARTESIAN_POINT('',(63.0562963485718,461.392658233643,90.));
#12995=CARTESIAN_POINT('',(63.0562963485718,461.392658233643,90.));
#12996=CARTESIAN_POINT('',(63.0562963485718,461.392658233643,90.));
#12997=CARTESIAN_POINT('Origin',(65.404096364975,463.504665374756,100.));
#12998=CARTESIAN_POINT('',(65.4002983570099,463.548080444336,90.));
#12999=CARTESIAN_POINT('',(65.4002983570099,463.548080444336,90.));
#13000=CARTESIAN_POINT('',(65.404096364975,463.504665374756,90.));
#13001=CARTESIAN_POINT('',(65.4002983570099,463.548080444336,90.));
#13002=CARTESIAN_POINT('',(65.404096364975,463.504665374756,90.));
#13003=CARTESIAN_POINT('Origin',(65.4002983570099,463.548080444336,100.));
#13004=CARTESIAN_POINT('',(65.3890194892883,463.590175628662,90.));
#13005=CARTESIAN_POINT('',(65.3890194892883,463.590175628662,90.));
#13006=CARTESIAN_POINT('',(65.3890194892883,463.590175628662,90.));
#13007=CARTESIAN_POINT('Origin',(65.3890194892883,463.590175628662,100.));
#13008=CARTESIAN_POINT('',(65.3706026077271,463.629669189453,90.));
#13009=CARTESIAN_POINT('',(65.3706026077271,463.629669189453,90.));
#13010=CARTESIAN_POINT('',(65.3706026077271,463.629669189453,90.));
#13011=CARTESIAN_POINT('Origin',(65.3706026077271,463.629669189453,100.));
#13012=CARTESIAN_POINT('',(65.3456072807312,463.665363311768,90.));
#13013=CARTESIAN_POINT('',(65.3456072807312,463.665363311768,90.));
#13014=CARTESIAN_POINT('',(65.3456072807312,463.665363311768,90.));
#13015=CARTESIAN_POINT('Origin',(65.3456072807312,463.665363311768,100.));
#13016=CARTESIAN_POINT('',(65.3147931098938,463.696182250977,90.));
#13017=CARTESIAN_POINT('',(65.3147931098938,463.696182250977,90.));
#13018=CARTESIAN_POINT('',(65.3147931098938,463.696182250977,90.));
#13019=CARTESIAN_POINT('Origin',(65.3147931098938,463.696182250977,100.));
#13020=CARTESIAN_POINT('',(65.279096364975,463.721172332764,90.));
#13021=CARTESIAN_POINT('',(65.279096364975,463.721172332764,90.));
#13022=CARTESIAN_POINT('',(65.279096364975,463.721172332764,90.));
#13023=CARTESIAN_POINT('Origin',(65.279096364975,463.721172332764,100.));
#13024=CARTESIAN_POINT('',(65.2396013736725,463.739589691162,90.));
#13025=CARTESIAN_POINT('',(65.2396013736725,463.739589691162,90.));
#13026=CARTESIAN_POINT('',(65.2396013736725,463.739589691162,90.));
#13027=CARTESIAN_POINT('Origin',(65.404096364975,463.26509475708,100.));
#13028=CARTESIAN_POINT('',(65.404096364975,463.26509475708,90.));
#13029=CARTESIAN_POINT('',(65.404096364975,463.26509475708,90.));
#13030=CARTESIAN_POINT('',(65.404096364975,463.26509475708,90.));
#13031=CARTESIAN_POINT('Origin',(65.2396013736725,463.030170440674,100.));
#13032=CARTESIAN_POINT('',(65.279096364975,463.048587799072,90.));
#13033=CARTESIAN_POINT('',(65.279096364975,463.048587799072,90.));
#13034=CARTESIAN_POINT('',(65.2396013736725,463.030170440674,90.));
#13035=CARTESIAN_POINT('Origin',(65.279096364975,463.048587799072,100.));
#13036=CARTESIAN_POINT('',(65.3147931098938,463.073585510254,90.));
#13037=CARTESIAN_POINT('',(65.3147931098938,463.073585510254,90.));
#13038=CARTESIAN_POINT('',(65.279096364975,463.048587799072,90.));
#13039=CARTESIAN_POINT('Origin',(65.3147931098938,463.073585510254,100.));
#13040=CARTESIAN_POINT('',(65.3456072807312,463.104396820068,90.));
#13041=CARTESIAN_POINT('',(65.3456072807312,463.104396820068,90.));
#13042=CARTESIAN_POINT('',(65.3147931098938,463.073585510254,90.));
#13043=CARTESIAN_POINT('Origin',(65.3456072807312,463.104396820068,100.));
#13044=CARTESIAN_POINT('',(65.3706026077271,463.14009475708,90.));
#13045=CARTESIAN_POINT('',(65.3706026077271,463.14009475708,90.));
#13046=CARTESIAN_POINT('',(65.3456072807312,463.104396820068,90.));
#13047=CARTESIAN_POINT('Origin',(65.3706026077271,463.14009475708,100.));
#13048=CARTESIAN_POINT('',(65.3890194892883,463.179592132568,90.));
#13049=CARTESIAN_POINT('',(65.3890194892883,463.179592132568,90.));
#13050=CARTESIAN_POINT('',(65.3706026077271,463.14009475708,90.));
#13051=CARTESIAN_POINT('Origin',(65.3890194892883,463.179592132568,100.));
#13052=CARTESIAN_POINT('',(65.4002983570099,463.221683502197,90.));
#13053=CARTESIAN_POINT('',(65.4002983570099,463.221683502197,90.));
#13054=CARTESIAN_POINT('',(65.3890194892883,463.179592132568,90.));
#13055=CARTESIAN_POINT('Origin',(65.4002983570099,463.221683502197,100.));
#13056=CARTESIAN_POINT('',(65.4002983570099,463.221683502197,90.));
#13057=CARTESIAN_POINT('Origin',(65.2396013736725,463.739589691162,100.));
#13058=CARTESIAN_POINT('',(63.0562963485718,464.534248352051,90.));
#13059=CARTESIAN_POINT('',(63.0562963485718,464.534248352051,90.));
#13060=CARTESIAN_POINT('',(63.0562963485718,464.534248352051,90.));
#13061=CARTESIAN_POINT('Origin',(65.404096364975,466.646259307861,100.));
#13062=CARTESIAN_POINT('',(65.4002983570099,466.689674377441,90.));
#13063=CARTESIAN_POINT('',(65.4002983570099,466.689674377441,90.));
#13064=CARTESIAN_POINT('',(65.404096364975,466.646259307861,90.));
#13065=CARTESIAN_POINT('',(65.4002983570099,466.689674377441,90.));
#13066=CARTESIAN_POINT('',(65.404096364975,466.646259307861,90.));
#13067=CARTESIAN_POINT('Origin',(65.4002983570099,466.689674377441,100.));
#13068=CARTESIAN_POINT('',(65.3890194892883,466.73176574707,90.));
#13069=CARTESIAN_POINT('',(65.3890194892883,466.73176574707,90.));
#13070=CARTESIAN_POINT('',(65.3890194892883,466.73176574707,90.));
#13071=CARTESIAN_POINT('Origin',(65.3890194892883,466.73176574707,100.));
#13072=CARTESIAN_POINT('',(65.3706026077271,466.771263122559,90.));
#13073=CARTESIAN_POINT('',(65.3706026077271,466.771263122559,90.));
#13074=CARTESIAN_POINT('',(65.3706026077271,466.771263122559,90.));
#13075=CARTESIAN_POINT('Origin',(65.3706026077271,466.771263122559,100.));
#13076=CARTESIAN_POINT('',(65.3456072807312,466.806957244873,90.));
#13077=CARTESIAN_POINT('',(65.3456072807312,466.806957244873,90.));
#13078=CARTESIAN_POINT('',(65.3456072807312,466.806957244873,90.));
#13079=CARTESIAN_POINT('Origin',(65.3456072807312,466.806957244873,100.));
#13080=CARTESIAN_POINT('',(65.3147931098938,466.837772369385,90.));
#13081=CARTESIAN_POINT('',(65.3147931098938,466.837772369385,90.));
#13082=CARTESIAN_POINT('',(65.3147931098938,466.837772369385,90.));
#13083=CARTESIAN_POINT('Origin',(65.3147931098938,466.837772369385,100.));
#13084=CARTESIAN_POINT('',(65.279096364975,466.862766265869,90.));
#13085=CARTESIAN_POINT('',(65.279096364975,466.862766265869,90.));
#13086=CARTESIAN_POINT('',(65.279096364975,466.862766265869,90.));
#13087=CARTESIAN_POINT('Origin',(65.279096364975,466.862766265869,100.));
#13088=CARTESIAN_POINT('',(65.2396013736725,466.881183624268,90.));
#13089=CARTESIAN_POINT('',(65.2396013736725,466.881183624268,90.));
#13090=CARTESIAN_POINT('',(65.2396013736725,466.881183624268,90.));
#13091=CARTESIAN_POINT('Origin',(65.404096364975,466.406688690186,100.));
#13092=CARTESIAN_POINT('',(65.404096364975,466.406688690186,90.));
#13093=CARTESIAN_POINT('',(65.404096364975,466.406688690186,90.));
#13094=CARTESIAN_POINT('',(65.404096364975,466.406688690186,90.));
#13095=CARTESIAN_POINT('Origin',(65.2396013736725,466.171764373779,100.));
#13096=CARTESIAN_POINT('',(65.279096364975,466.190181732178,90.));
#13097=CARTESIAN_POINT('',(65.279096364975,466.190181732178,90.));
#13098=CARTESIAN_POINT('',(65.2396013736725,466.171764373779,90.));
#13099=CARTESIAN_POINT('Origin',(65.279096364975,466.190181732178,100.));
#13100=CARTESIAN_POINT('',(65.3147931098938,466.215175628662,90.));
#13101=CARTESIAN_POINT('',(65.3147931098938,466.215175628662,90.));
#13102=CARTESIAN_POINT('',(65.279096364975,466.190181732178,90.));
#13103=CARTESIAN_POINT('Origin',(65.3147931098938,466.215175628662,100.));
#13104=CARTESIAN_POINT('',(65.3456072807312,466.245990753174,90.));
#13105=CARTESIAN_POINT('',(65.3456072807312,466.245990753174,90.));
#13106=CARTESIAN_POINT('',(65.3147931098938,466.215175628662,90.));
#13107=CARTESIAN_POINT('Origin',(65.3456072807312,466.245990753174,100.));
#13108=CARTESIAN_POINT('',(65.3706026077271,466.281688690186,90.));
#13109=CARTESIAN_POINT('',(65.3706026077271,466.281688690186,90.));
#13110=CARTESIAN_POINT('',(65.3456072807312,466.245990753174,90.));
#13111=CARTESIAN_POINT('Origin',(65.3706026077271,466.281688690186,100.));
#13112=CARTESIAN_POINT('',(65.3890194892883,466.321182250977,90.));
#13113=CARTESIAN_POINT('',(65.3890194892883,466.321182250977,90.));
#13114=CARTESIAN_POINT('',(65.3706026077271,466.281688690186,90.));
#13115=CARTESIAN_POINT('Origin',(65.3890194892883,466.321182250977,100.));
#13116=CARTESIAN_POINT('',(65.4002983570099,466.363277435303,90.));
#13117=CARTESIAN_POINT('',(65.4002983570099,466.363277435303,90.));
#13118=CARTESIAN_POINT('',(65.3890194892883,466.321182250977,90.));
#13119=CARTESIAN_POINT('Origin',(65.4002983570099,466.363277435303,100.));
#13120=CARTESIAN_POINT('',(65.4002983570099,466.363277435303,90.));
#13121=CARTESIAN_POINT('Origin',(65.2396013736725,466.881183624268,100.));
#13122=CARTESIAN_POINT('',(63.0562963485718,467.675842285156,90.));
#13123=CARTESIAN_POINT('',(63.0562963485718,467.675842285156,90.));
#13124=CARTESIAN_POINT('',(63.0562963485718,467.675842285156,90.));
#13125=CARTESIAN_POINT('Origin',(65.404096364975,469.787853240967,100.));
#13126=CARTESIAN_POINT('',(65.4002983570099,469.83126449585,90.));
#13127=CARTESIAN_POINT('',(65.4002983570099,469.83126449585,90.));
#13128=CARTESIAN_POINT('',(65.404096364975,469.787853240967,90.));
#13129=CARTESIAN_POINT('',(65.4002983570099,469.83126449585,90.));
#13130=CARTESIAN_POINT('',(65.404096364975,469.787853240967,90.));
#13131=CARTESIAN_POINT('Origin',(65.4002983570099,469.83126449585,100.));
#13132=CARTESIAN_POINT('',(65.3890194892883,469.873359680176,90.));
#13133=CARTESIAN_POINT('',(65.3890194892883,469.873359680176,90.));
#13134=CARTESIAN_POINT('',(65.3890194892883,469.873359680176,90.));
#13135=CARTESIAN_POINT('Origin',(65.3890194892883,469.873359680176,100.));
#13136=CARTESIAN_POINT('',(65.3706026077271,469.912857055664,90.));
#13137=CARTESIAN_POINT('',(65.3706026077271,469.912857055664,90.));
#13138=CARTESIAN_POINT('',(65.3706026077271,469.912857055664,90.));
#13139=CARTESIAN_POINT('Origin',(65.3706026077271,469.912857055664,100.));
#13140=CARTESIAN_POINT('',(65.3456072807312,469.948551177979,90.));
#13141=CARTESIAN_POINT('',(65.3456072807312,469.948551177979,90.));
#13142=CARTESIAN_POINT('',(65.3456072807312,469.948551177979,90.));
#13143=CARTESIAN_POINT('Origin',(65.3456072807312,469.948551177979,100.));
#13144=CARTESIAN_POINT('',(65.3147931098938,469.979362487793,90.));
#13145=CARTESIAN_POINT('',(65.3147931098938,469.979362487793,90.));
#13146=CARTESIAN_POINT('',(65.3147931098938,469.979362487793,90.));
#13147=CARTESIAN_POINT('Origin',(65.3147931098938,469.979362487793,100.));
#13148=CARTESIAN_POINT('',(65.279096364975,470.004360198975,90.));
#13149=CARTESIAN_POINT('',(65.279096364975,470.004360198975,90.));
#13150=CARTESIAN_POINT('',(65.279096364975,470.004360198975,90.));
#13151=CARTESIAN_POINT('Origin',(65.279096364975,470.004360198975,100.));
#13152=CARTESIAN_POINT('',(65.2396013736725,470.022777557373,90.));
#13153=CARTESIAN_POINT('',(65.2396013736725,470.022777557373,90.));
#13154=CARTESIAN_POINT('',(65.2396013736725,470.022777557373,90.));
#13155=CARTESIAN_POINT('Origin',(65.404096364975,469.548278808594,100.));
#13156=CARTESIAN_POINT('',(65.404096364975,469.548278808594,90.));
#13157=CARTESIAN_POINT('',(65.404096364975,469.548278808594,90.));
#13158=CARTESIAN_POINT('',(65.404096364975,469.548278808594,90.));
#13159=CARTESIAN_POINT('Origin',(65.2396013736725,469.313354492188,100.));
#13160=CARTESIAN_POINT('',(65.279096364975,469.331771850586,90.));
#13161=CARTESIAN_POINT('',(65.279096364975,469.331771850586,90.));
#13162=CARTESIAN_POINT('',(65.2396013736725,469.313354492188,90.));
#13163=CARTESIAN_POINT('Origin',(65.279096364975,469.331771850586,100.));
#13164=CARTESIAN_POINT('',(65.3147931098938,469.356769561768,90.));
#13165=CARTESIAN_POINT('',(65.3147931098938,469.356769561768,90.));
#13166=CARTESIAN_POINT('',(65.279096364975,469.331771850586,90.));
#13167=CARTESIAN_POINT('Origin',(65.3147931098938,469.356769561768,100.));
#13168=CARTESIAN_POINT('',(65.3456072807312,469.387580871582,90.));
#13169=CARTESIAN_POINT('',(65.3456072807312,469.387580871582,90.));
#13170=CARTESIAN_POINT('',(65.3147931098938,469.356769561768,90.));
#13171=CARTESIAN_POINT('Origin',(65.3456072807312,469.387580871582,100.));
#13172=CARTESIAN_POINT('',(65.3706026077271,469.423278808594,90.));
#13173=CARTESIAN_POINT('',(65.3706026077271,469.423278808594,90.));
#13174=CARTESIAN_POINT('',(65.3456072807312,469.387580871582,90.));
#13175=CARTESIAN_POINT('Origin',(65.3706026077271,469.423278808594,100.));
#13176=CARTESIAN_POINT('',(65.3890194892883,469.462772369385,90.));
#13177=CARTESIAN_POINT('',(65.3890194892883,469.462772369385,90.));
#13178=CARTESIAN_POINT('',(65.3706026077271,469.423278808594,90.));
#13179=CARTESIAN_POINT('Origin',(65.3890194892883,469.462772369385,100.));
#13180=CARTESIAN_POINT('',(65.4002983570099,469.504867553711,90.));
#13181=CARTESIAN_POINT('',(65.4002983570099,469.504867553711,90.));
#13182=CARTESIAN_POINT('',(65.3890194892883,469.462772369385,90.));
#13183=CARTESIAN_POINT('Origin',(65.4002983570099,469.504867553711,100.));
#13184=CARTESIAN_POINT('',(65.4002983570099,469.504867553711,90.));
#13185=CARTESIAN_POINT('Origin',(65.2396013736725,470.022777557373,100.));
#13186=CARTESIAN_POINT('',(63.0562963485718,470.817436218262,90.));
#13187=CARTESIAN_POINT('',(63.0562963485718,470.817436218262,90.));
#13188=CARTESIAN_POINT('',(63.0562963485718,470.817436218262,90.));
#13189=CARTESIAN_POINT('Origin',(63.0562963485718,439.401508331299,90.));
#13190=CARTESIAN_POINT('',(63.0562963485718,439.401508331299,90.));
#13191=CARTESIAN_POINT('Origin',(63.0562963485718,486.525394439697,90.));
#13192=CARTESIAN_POINT('',(63.0562963485718,486.997504570135,90.));
#13193=CARTESIAN_POINT('',(63.0562963485718,486.997504570135,95.));
#13194=CARTESIAN_POINT('',(63.0562963485718,486.525394439697,90.));
#13195=CARTESIAN_POINT('Origin',(63.0562963485718,442.543102264404,90.));
#13196=CARTESIAN_POINT('',(63.0562963485718,442.543102264404,90.));
#13197=CARTESIAN_POINT('Origin',(63.0562963485718,445.684694290161,90.));
#13198=CARTESIAN_POINT('',(63.0562963485718,445.684694290161,90.));
#13199=CARTESIAN_POINT('Origin',(63.0562963485718,448.826286315918,90.));
#13200=CARTESIAN_POINT('',(63.0562963485718,448.826286315918,90.));
#13201=CARTESIAN_POINT('Origin',(63.0562963485718,451.967878341675,90.));
#13202=CARTESIAN_POINT('',(63.0562963485718,451.967878341675,90.));
#13203=CARTESIAN_POINT('Origin',(63.0562963485718,455.10947227478,90.));
#13204=CARTESIAN_POINT('',(63.0562963485718,455.10947227478,90.));
#13205=CARTESIAN_POINT('Origin',(63.0562963485718,458.251064300537,90.));
#13206=CARTESIAN_POINT('',(63.0562963485718,458.251064300537,90.));
#13207=CARTESIAN_POINT('Origin',(63.0562963485718,461.392658233643,90.));
#13208=CARTESIAN_POINT('',(63.0562963485718,461.392658233643,90.));
#13209=CARTESIAN_POINT('Origin',(63.0562963485718,464.534248352051,90.));
#13210=CARTESIAN_POINT('',(63.0562963485718,464.534248352051,90.));
#13211=CARTESIAN_POINT('Origin',(63.0562963485718,467.675842285156,90.));
#13212=CARTESIAN_POINT('',(63.0562963485718,467.675842285156,90.));
#13213=CARTESIAN_POINT('Origin',(63.0562963485718,470.817436218262,90.));
#13214=CARTESIAN_POINT('',(63.0562963485718,471.238861083984,90.));
#13215=CARTESIAN_POINT('Origin',(63.0562963485718,473.959023475647,90.));
#13216=CARTESIAN_POINT('',(63.0562963485718,473.959023475647,90.));
#13217=CARTESIAN_POINT('Origin',(63.0562963485718,477.100616455078,90.));
#13218=CARTESIAN_POINT('',(63.0562963485718,477.100616455078,90.));
#13219=CARTESIAN_POINT('Origin',(63.0562963485718,480.242209434509,90.));
#13220=CARTESIAN_POINT('',(63.0562963485718,480.242209434509,90.));
#13221=CARTESIAN_POINT('Origin',(63.0562963485718,483.383803367615,90.));
#13222=CARTESIAN_POINT('',(63.0562963485718,483.383803367615,90.));
#13223=CARTESIAN_POINT('Origin',(65.2396013736725,435.465256690979,100.));
#13224=CARTESIAN_POINT('',(63.0565514984131,436.259824391973,90.));
#13225=CARTESIAN_POINT('',(63.0565514984131,436.259824391973,110.5));
#13226=CARTESIAN_POINT('',(63.0562963485718,436.259917259216,90.));
#13227=CARTESIAN_POINT('Origin',(78.0625514984131,486.997504570135,92.5));
#13228=CARTESIAN_POINT('',(78.0625514984131,486.997504570135,100.));
#13229=CARTESIAN_POINT('',(78.0625514984131,486.997504570135,90.));
#13230=CARTESIAN_POINT('',(78.0625514984131,486.997504570135,97.5));
#13231=CARTESIAN_POINT('',(78.0625514984131,426.997504570135,100.));
#13232=CARTESIAN_POINT('',(78.0625514984131,426.997504570135,100.));
#13233=CARTESIAN_POINT('',(78.0625514984131,426.997504570135,90.));
#13234=CARTESIAN_POINT('',(78.0625514984131,426.997504570135,90.));
#13235=CARTESIAN_POINT('',(78.0625514984131,426.997504570135,90.));
#13236=CARTESIAN_POINT('Origin',(78.0625514984131,486.997504570135,97.5));
#13237=CARTESIAN_POINT('',(75.5625514984131,426.997504570135,97.5));
#13238=CARTESIAN_POINT('',(75.5625514984131,486.997504570135,97.5));
#13239=CARTESIAN_POINT('',(75.5625514984131,456.997504570135,97.5));
#13240=CARTESIAN_POINT('',(73.0625514984131,486.997504570135,97.5));
#13241=CARTESIAN_POINT('',(73.0625514984131,486.997504570135,97.5));
#13242=CARTESIAN_POINT('',(73.0625514984131,426.997504570135,97.5));
#13243=CARTESIAN_POINT('',(73.0625514984131,455.55623977286,97.5));
#13244=CARTESIAN_POINT('',(73.0625514984131,426.997504570135,97.5));
#13245=CARTESIAN_POINT('Origin',(70.0625514984131,424.114974975586,90.));
#13246=CARTESIAN_POINT('',(69.0625514984131,486.997504570135,90.));
#13247=CARTESIAN_POINT('',(70.0625514984131,486.997504570135,90.));
#13248=CARTESIAN_POINT('',(69.0625514984131,426.997504570135,90.));
#13249=CARTESIAN_POINT('',(69.0625514984131,486.997504570135,90.));
#13250=CARTESIAN_POINT('',(63.0565514984131,426.997504570135,90.));
#13251=CARTESIAN_POINT('',(66.5625514984131,426.997504570135,90.));
#13252=CARTESIAN_POINT('',(63.0565514984131,425.897623551455,90.));
#13253=CARTESIAN_POINT('',(63.0565514984131,440.55623977286,90.));
#13254=CARTESIAN_POINT('',(63.0565514984131,440.55623977286,90.));
#13255=CARTESIAN_POINT('',(63.0565514984131,440.55623977286,90.));
#13256=CARTESIAN_POINT('Origin',(65.5625514984131,486.997504570135,85.));
#13257=CARTESIAN_POINT('',(69.0625514984131,426.997504570135,85.));
#13258=CARTESIAN_POINT('',(69.0625514984131,486.997504570135,85.));
#13259=CARTESIAN_POINT('',(69.0625514984131,456.997504570135,85.));
#13260=CARTESIAN_POINT('',(73.0625514984131,486.997504570135,85.));
#13261=CARTESIAN_POINT('',(65.5625514984131,486.997504570135,85.));
#13262=CARTESIAN_POINT('',(73.0625514984131,426.997504570135,85.));
#13263=CARTESIAN_POINT('',(73.0625514984131,426.997504570135,85.));
#13264=CARTESIAN_POINT('',(65.5625514984131,426.997504570135,85.));
#13265=CARTESIAN_POINT('Origin',(70.5625514984131,486.997504570135,85.));
#13266=CARTESIAN_POINT('',(70.5625514984131,426.997504570135,87.5));
#13267=CARTESIAN_POINT('',(70.5625514984131,486.997504570135,87.5));
#13268=CARTESIAN_POINT('',(70.5625514984131,456.997504570135,87.5));
#13269=CARTESIAN_POINT('',(70.5625514984131,486.997504570135,92.5));
#13270=CARTESIAN_POINT('',(70.5625514984131,486.997504570135,95.));
#13271=CARTESIAN_POINT('',(70.5625514984131,426.997504570135,92.5));
#13272=CARTESIAN_POINT('',(70.5625514984131,455.55623977286,92.5));
#13273=CARTESIAN_POINT('',(70.5625514984131,426.997504570135,95.));
#13274=CARTESIAN_POINT('Origin',(70.0625514984131,424.114974975586,100.));
#13275=CARTESIAN_POINT('',(63.0565514984131,429.997504570135,100.));
#13276=CARTESIAN_POINT('',(64.5565514984131,428.497504570135,100.));
#13277=CARTESIAN_POINT('',(63.0565514984131,430.480479545827,100.));
#13278=CARTESIAN_POINT('Origin',(63.0565514984131,433.96345452152,102.));
#13279=CARTESIAN_POINT('',(63.0565514984131,426.997504570135,110.5));
#13280=CARTESIAN_POINT('Origin',(63.0565514984131,433.96345452152,102.));
#13281=CARTESIAN_POINT('Origin',(63.0565514984131,433.96345452152,102.));
#13282=CARTESIAN_POINT('',(63.0565514984131,430.480479545827,100.));
#13283=CARTESIAN_POINT('Origin',(63.0565514984131,433.96345452152,102.));
#13284=CARTESIAN_POINT('',(63.0565514984131,430.480479545827,100.));
#13285=CARTESIAN_POINT('Origin',(73.0625514984131,486.997504570135,92.5));
#13286=CARTESIAN_POINT('',(75.5625514984131,486.997504570135,92.5));
#13287=CARTESIAN_POINT('',(75.5625514984131,426.997504570135,92.5));
#13288=CARTESIAN_POINT('',(75.5625514984131,456.997504570135,92.5));
#13289=CARTESIAN_POINT('',(66.5625514984131,426.997504570135,92.5));
#13290=CARTESIAN_POINT('',(70.0625514984131,486.997504570135,92.5));
#13291=CARTESIAN_POINT('Origin',(78.0625514984131,426.997504570135,90.));
#13292=CARTESIAN_POINT('',(75.5625514984131,426.997504570135,90.));
#13293=CARTESIAN_POINT('',(75.5625514984131,426.997504570135,90.));
#13294=CARTESIAN_POINT('',(75.5625514984131,486.997504570135,90.));
#13295=CARTESIAN_POINT('',(75.5625514984131,426.997504570135,90.));
#13296=CARTESIAN_POINT('',(75.5625514984131,486.997504570135,90.));
#13297=CARTESIAN_POINT('Origin',(75.5625514984131,426.997504570135,90.));
#13298=CARTESIAN_POINT('',(75.5625514984131,426.997504570135,92.5));
#13299=CARTESIAN_POINT('',(75.5625514984131,486.997504570135,92.5));
#13300=CARTESIAN_POINT('Origin',(70.5625514984131,426.997504570135,87.5));
#13301=CARTESIAN_POINT('',(73.0625514984131,426.997504570135,87.5));
#13302=CARTESIAN_POINT('',(73.0625514984131,426.997504570135,87.5));
#13303=CARTESIAN_POINT('',(73.0625514984131,486.997504570135,87.5));
#13304=CARTESIAN_POINT('',(73.0625514984131,426.997504570135,87.5));
#13305=CARTESIAN_POINT('',(73.0625514984131,486.997504570135,87.5));
#13306=CARTESIAN_POINT('Origin',(73.0625514984131,426.997504570135,87.5));
#13307=CARTESIAN_POINT('',(73.0625514984131,426.997504570135,85.));
#13308=CARTESIAN_POINT('',(73.0625514984131,486.997504570135,85.));
#13309=CARTESIAN_POINT('Origin',(75.5625514984131,426.997504570135,100.));
#13310=CARTESIAN_POINT('',(75.5625514984131,426.997504570135,100.));
#13311=CARTESIAN_POINT('',(75.5625514984131,426.997504570135,100.));
#13312=CARTESIAN_POINT('',(75.5625514984131,486.997504570135,100.));
#13313=CARTESIAN_POINT('',(75.5625514984131,486.997504570135,100.));
#13314=CARTESIAN_POINT('',(75.5625514984131,426.997504570135,100.));
#13315=CARTESIAN_POINT('Origin',(75.5625514984131,426.997504570135,97.5));
#13316=CARTESIAN_POINT('',(75.5625514984131,426.997504570135,97.5));
#13317=CARTESIAN_POINT('',(75.5625514984131,486.997504570135,97.5));
#13318=CARTESIAN_POINT('Origin',(70.0625514984131,486.997504570135,100.));
#13319=CARTESIAN_POINT('',(69.0625514984131,486.997504570135,92.5));
#13320=CARTESIAN_POINT('',(73.0625514984131,486.997504570135,100.));
#13321=CARTESIAN_POINT('Origin',(69.0625514984131,426.997504570135,85.));
#13322=CARTESIAN_POINT('',(69.0625514984131,426.997504570135,92.5));
#13323=CARTESIAN_POINT('Origin',(73.0625514984131,436.997504570135,100.));
#13324=CARTESIAN_POINT('',(64.5565514984131,428.497504570135,100.));
#13325=CARTESIAN_POINT('Origin',(73.0625514984131,436.997504570135,100.));
#13326=CARTESIAN_POINT('',(63.0565514984131,433.997504570135,100.));
#13327=CARTESIAN_POINT('',(63.0565514984131,426.997504570135,100.));
#13328=CARTESIAN_POINT('',(71.5625514984131,433.997504570135,100.));
#13329=CARTESIAN_POINT('Origin',(71.5625514984131,428.497504570135,100.));
#13330=CARTESIAN_POINT('',(73.0625514984131,429.997504570135,127.));
#13331=CARTESIAN_POINT('',(73.0625514984131,429.997504570135,100.));
#13332=CARTESIAN_POINT('',(70.0625514984131,426.997504570135,126.418899671348));
#13333=CARTESIAN_POINT('',(73.0625514984131,429.997504570135,127.));
#13334=CARTESIAN_POINT('',(70.0625514984131,426.997504570135,100.));
#13335=CARTESIAN_POINT('Origin',(37.4597880315032,428.497504570135,118.907070364678));
#13336=CARTESIAN_POINT('',(42.0625514984131,426.997504570135,126.425610411666));
#13337=CARTESIAN_POINT('',(50.5344887076298,426.997504570135,147.738770809266));
#13338=CARTESIAN_POINT('',(38.8537024662514,426.997504570135,118.352992257729));
#13339=CARTESIAN_POINT('',(47.7466598381333,429.997504570135,148.846927023164));
#13340=CARTESIAN_POINT('',(50.5344887076298,426.997504570135,147.738770809266));
#13341=CARTESIAN_POINT('',(39.0625514984131,429.997504570135,127.));
#13342=CARTESIAN_POINT('',(36.0658735967549,429.997504570135,119.461148471627));
#13343=CARTESIAN_POINT('',(39.0625514984131,429.997504570135,127.));
#13344=CARTESIAN_POINT('Origin',(52.3930412872941,428.497504570135,147.));
#13345=CARTESIAN_POINT('',(52.3930412872941,426.997504570135,149.));
#13346=CARTESIAN_POINT('',(52.3930412872941,429.997504570135,152.));
#13347=CARTESIAN_POINT('',(52.3930412872941,426.997504570135,149.));
#13348=CARTESIAN_POINT('Origin',(52.3930412872941,429.997504570135,147.));
#13349=CARTESIAN_POINT('Origin',(52.3930412872941,426.997504570135,147.));
#13350=CARTESIAN_POINT('Origin',(56.031276114285,428.497504570135,150.5));
#13351=CARTESIAN_POINT('',(59.6226883861928,426.997504570135,149.));
#13352=CARTESIAN_POINT('',(59.6226883861928,429.997504570135,152.));
#13353=CARTESIAN_POINT('',(59.6226883861928,426.997504570135,149.));
#13354=CARTESIAN_POINT('',(56.031276114285,429.997504570135,152.));
#13355=CARTESIAN_POINT('',(56.031276114285,426.997504570135,149.));
#13356=CARTESIAN_POINT('Origin',(59.6226883861928,428.497504570135,147.));
#13357=CARTESIAN_POINT('',(61.4780367472243,426.997504570135,147.746781399887));
#13358=CARTESIAN_POINT('',(64.2610592887716,429.997504570135,148.866953499718));
#13359=CARTESIAN_POINT('',(61.4780367472243,426.997504570135,147.746781399887));
#13360=CARTESIAN_POINT('Origin',(59.6226883861928,429.997504570135,147.));
#13361=CARTESIAN_POINT('Origin',(59.6226883861928,426.997504570135,147.));
#13362=CARTESIAN_POINT('Origin',(70.6188581801603,428.497504570135,129.054017940344));
#13363=CARTESIAN_POINT('',(72.0103694509339,429.997504570135,129.61410399026));
#13364=CARTESIAN_POINT('',(69.2273469093866,426.997504570135,128.493931890429));
#13365=CARTESIAN_POINT('Origin',(61.0565514984131,428.497504570135,100.));
#13366=CARTESIAN_POINT('',(61.0565514984131,426.997504570135,105.));
#13367=CARTESIAN_POINT('Origin',(61.0565514984131,426.997504570135,100.));
#13368=CARTESIAN_POINT('',(61.0565514984131,429.997504570135,102.));
#13369=CARTESIAN_POINT('',(61.0565514984131,426.997504570135,105.));
#13370=CARTESIAN_POINT('Origin',(61.0565514984131,429.997504570135,100.));
#13371=CARTESIAN_POINT('Origin',(68.0625514984131,428.497504570135,103.5));
#13372=CARTESIAN_POINT('',(44.0625514984131,426.997504570135,105.));
#13373=CARTESIAN_POINT('',(44.0625514984131,429.997504570135,102.));
#13374=CARTESIAN_POINT('',(44.0625514984131,426.997504570135,105.));
#13375=CARTESIAN_POINT('',(68.0625514984131,429.997504570135,102.));
#13376=CARTESIAN_POINT('',(68.0625514984131,426.997504570135,105.));
#13377=CARTESIAN_POINT('Origin',(44.0625514984131,428.497504570135,107.));
#13378=CARTESIAN_POINT('',(42.0625514984131,426.997504570135,107.));
#13379=CARTESIAN_POINT('',(39.0625514984131,429.997504570135,107.));
#13380=CARTESIAN_POINT('',(42.0625514984131,426.997504570135,107.));
#13381=CARTESIAN_POINT('Origin',(44.0625514984131,429.997504570135,107.));
#13382=CARTESIAN_POINT('Origin',(44.0625514984131,426.997504570135,107.));
#13383=CARTESIAN_POINT('Origin',(40.5625514984131,428.497504570135,101.));
#13384=CARTESIAN_POINT('',(39.0625514984131,429.997504570135,101.));
#13385=CARTESIAN_POINT('',(42.0625514984131,426.997504570135,101.));
#13386=CARTESIAN_POINT('Origin',(63.0625514984131,426.997504570135,100.));
#13387=CARTESIAN_POINT('',(73.0625514984131,426.997504570135,110.));
#13388=CARTESIAN_POINT('Origin',(73.0625514984131,436.997504570135,100.));
#13389=CARTESIAN_POINT('',(63.0565514984131,426.997504570135,100.));
#13390=CARTESIAN_POINT('Origin',(73.0625514984131,424.114974975586,100.));
#13391=CARTESIAN_POINT('',(73.0625514984131,433.997504570135,127.));
#13392=CARTESIAN_POINT('',(73.0625514984131,433.997504570135,101.));
#13393=CARTESIAN_POINT('',(73.0625514984131,426.997504570135,127.));
#13394=CARTESIAN_POINT('Origin',(73.0625514984131,433.997504570135,102.));
#13395=CARTESIAN_POINT('',(61.0565514984131,433.997504570135,102.));
#13396=CARTESIAN_POINT('Origin',(61.0565514984131,433.997504570135,100.));
#13397=CARTESIAN_POINT('',(44.0625514984131,433.997504570135,102.));
#13398=CARTESIAN_POINT('',(73.0625514984131,433.997504570135,102.));
#13399=CARTESIAN_POINT('',(39.0625514984131,433.997504570135,107.));
#13400=CARTESIAN_POINT('Origin',(44.0625514984131,433.997504570135,107.));
#13401=CARTESIAN_POINT('',(39.0625514984131,433.997504570135,127.));
#13402=CARTESIAN_POINT('',(39.0625514984131,433.997504570135,102.));
#13403=CARTESIAN_POINT('',(47.7466598381333,433.997504570135,148.846927023164));
#13404=CARTESIAN_POINT('',(37.0913625808692,433.997504570135,122.041008386148));
#13405=CARTESIAN_POINT('',(52.3930412872941,433.997504570135,152.));
#13406=CARTESIAN_POINT('Origin',(52.3930412872941,433.997504570135,147.));
#13407=CARTESIAN_POINT('',(59.6226883861928,433.997504570135,152.));
#13408=CARTESIAN_POINT('',(61.031276114285,433.997504570135,152.));
#13409=CARTESIAN_POINT('',(64.2610592887716,433.997504570135,148.866953499718));
#13410=CARTESIAN_POINT('Origin',(59.6226883861928,433.997504570135,147.));
#13411=CARTESIAN_POINT('',(72.3610876133735,433.997504570135,128.742758817543));
#13412=CARTESIAN_POINT('Origin',(59.6226883861928,426.997504570135,147.));
#13413=CARTESIAN_POINT('',(64.2610592887716,426.997504570135,148.866953499718));
#13414=CARTESIAN_POINT('',(59.6226883861928,426.997504570135,152.));
#13415=CARTESIAN_POINT('Origin',(49.0000007301569,426.997504570135,152.));
#13416=CARTESIAN_POINT('',(52.3930412872941,426.997504570135,152.));
#13417=CARTESIAN_POINT('Origin',(52.3930412872941,426.997504570135,147.));
#13418=CARTESIAN_POINT('',(47.7466598381333,426.997504570135,148.846927023164));
#13419=CARTESIAN_POINT('Origin',(39.0625514984131,426.997504570135,127.));
#13420=CARTESIAN_POINT('',(39.0625514984131,426.997504570135,127.));
#13421=CARTESIAN_POINT('Origin',(39.0625514984131,426.997504570135,102.));
#13422=CARTESIAN_POINT('',(39.0625514984131,426.997504570135,107.));
#13423=CARTESIAN_POINT('Origin',(44.0625514984131,426.997504570135,107.));
#13424=CARTESIAN_POINT('',(44.0625514984131,426.997504570135,102.));
#13425=CARTESIAN_POINT('Origin',(61.0565514984131,430.480479545827,100.));
#13426=CARTESIAN_POINT('',(61.0565514984131,430.480479545827,102.));
#13427=CARTESIAN_POINT('Origin',(63.0000009387732,426.997504570135,152.000002264977));
#13428=CARTESIAN_POINT('Origin',(73.0625514984131,426.997504570135,102.));
#13429=UNCERTAINTY_MEASURE_WITH_UNIT(LENGTH_MEASURE(0.01),#13433,
'DISTANCE_ACCURACY_VALUE',
'Maximum model space distance between geometric entities at asserted c
onnectivities');
#13430=UNCERTAINTY_MEASURE_WITH_UNIT(LENGTH_MEASURE(0.01),#13433,
'DISTANCE_ACCURACY_VALUE',
'Maximum model space distance between geometric entities at asserted c
onnectivities');
#13431=(
GEOMETRIC_REPRESENTATION_CONTEXT(3)
GLOBAL_UNCERTAINTY_ASSIGNED_CONTEXT((#13429))
GLOBAL_UNIT_ASSIGNED_CONTEXT((#13433,#13435,#13436))
REPRESENTATION_CONTEXT('','3D')
);
#13432=(
GEOMETRIC_REPRESENTATION_CONTEXT(3)
GLOBAL_UNCERTAINTY_ASSIGNED_CONTEXT((#13430))
GLOBAL_UNIT_ASSIGNED_CONTEXT((#13433,#13435,#13436))
REPRESENTATION_CONTEXT('','3D')
);
#13433=(
LENGTH_UNIT()
NAMED_UNIT(*)
SI_UNIT(.MILLI.,.METRE.)
);
#13434=(
LENGTH_UNIT()
NAMED_UNIT(*)
SI_UNIT($,.METRE.)
);
#13435=(
NAMED_UNIT(*)
PLANE_ANGLE_UNIT()
SI_UNIT($,.RADIAN.)
);
#13436=(
NAMED_UNIT(*)
SI_UNIT($,.STERADIAN.)
SOLID_ANGLE_UNIT()
);
#13437=SHAPE_DEFINITION_REPRESENTATION(#13438,#13439);
#13438=PRODUCT_DEFINITION_SHAPE('',$,#13441);
#13439=SHAPE_REPRESENTATION('',(#8485),#13431);
#13440=PRODUCT_DEFINITION_CONTEXT('part definition',#13445,'design');
#13441=PRODUCT_DEFINITION('2026-09-26-21-43-20-799','Rack1',#13442,#13440);
#13442=PRODUCT_DEFINITION_FORMATION('',$,#13447);
#13443=PRODUCT_RELATED_PRODUCT_CATEGORY('Rack1','Rack1',(#13447));
#13444=APPLICATION_PROTOCOL_DEFINITION('international standard',
'automotive_design',2009,#13445);
#13445=APPLICATION_CONTEXT(
'Core Data for Automotive Mechanical Design Process');
#13446=PRODUCT_CONTEXT('part definition',#13445,'mechanical');
#13447=PRODUCT('2026-09-26-21-43-20-799','Rack1',$,(#13446));
#13448=PRESENTATION_STYLE_ASSIGNMENT((#13449));
#13449=SURFACE_STYLE_USAGE(.BOTH.,#13450);
#13450=SURFACE_SIDE_STYLE('',(#13451));
#13451=SURFACE_STYLE_FILL_AREA(#13452);
#13452=FILL_AREA_STYLE('Steel - Satin',(#13453));
#13453=FILL_AREA_STYLE_COLOUR('Steel - Satin',#13454);
#13454=COLOUR_RGB('Steel - Satin',0.627450980392157,0.627450980392157,0.627450980392157);
ENDSEC;
END-ISO-10303-21;
