ISO-10303-21;
HEADER;
/* Generated by software containing ST-Developer
 * from STEP Tools, Inc. (www.steptools.com) 
 */

FILE_DESCRIPTION(
/* description */ (''),
/* implementation_level */ '2;1');

FILE_NAME(
/* name */ 'herringbone gear-23.step',
/* time_stamp */ '2026-09-26T21:41:21-07:00',
/* author */ (''),
/* organization */ (''),
/* preprocessor_version */ 'ST-DEVELOPER v20.2',
/* originating_system */ 'Autodesk Translation Framework v15.15.0.0',
/* authorisation */ '');

FILE_SCHEMA (('AUTOMOTIVE_DESIGN { 1 0 10303 214 3 1 1 }'));
ENDSEC;

DATA;
#10=MECHANICAL_DESIGN_GEOMETRIC_PRESENTATION_REPRESENTATION('',(#13,#14),
#6020);
#11=SHAPE_REPRESENTATION_RELATIONSHIP('SRR','None',#6027,#12);
#12=ADVANCED_BREP_SHAPE_REPRESENTATION('',(#15,#16),#6019);
#13=STYLED_ITEM('',(#6036),#15);
#14=STYLED_ITEM('',(#6036),#16);
#15=MANIFOLD_SOLID_BREP('herringbone-23',#2590);
#16=MANIFOLD_SOLID_BREP('Body2',#2591);
#17=TOROIDAL_SURFACE('',#2702,27.1964540399016,3.5745536709731);
#18=TOROIDAL_SURFACE('',#2712,137.985511671926,135.195846111265);
#19=TOROIDAL_SURFACE('',#2716,655.029036296714,653.505293507031);
#20=TOROIDAL_SURFACE('',#2727,654.372276799105,652.9192946135);
#21=TOROIDAL_SURFACE('',#2730,378.256683533847,378.028743542461);
#22=TOROIDAL_SURFACE('',#2731,241.872302875065,240.137455670352);
#23=TOROIDAL_SURFACE('',#2737,212.461138195706,209.04862713325);
#24=TOROIDAL_SURFACE('',#2738,158.429322609446,154.889331364905);
#25=TOROIDAL_SURFACE('',#2746,123.725239711466,120.868510783317);
#26=TOROIDAL_SURFACE('',#2755,137.921072122526,135.25295713966);
#27=TOROIDAL_SURFACE('',#2762,127.262869435065,123.745538253662);
#28=TOROIDAL_SURFACE('',#2773,178.275106779521,175.868135704678);
#29=TOROIDAL_SURFACE('',#2786,100.77358462462,97.507866193556);
#30=TOROIDAL_SURFACE('',#2787,228.392350698645,226.139822617566);
#31=TOROIDAL_SURFACE('',#2788,123.495559759746,120.689407946017);
#32=TOROIDAL_SURFACE('',#2799,120.669281425921,117.891829480601);
#33=TOROIDAL_SURFACE('',#2808,128.167723202696,124.648848700944);
#34=TOROIDAL_SURFACE('',#2809,90.0927721614333,86.7793247846313);
#35=TOROIDAL_SURFACE('',#2825,188.959172366164,186.642457700858);
#36=TOROIDAL_SURFACE('',#2833,1160.89700736631,1157.38102646109);
#37=TOROIDAL_SURFACE('',#2834,269.297325483452,265.717190722208);
#38=TOROIDAL_SURFACE('',#2838,90.2179068372055,86.9370612354685);
#39=TOROIDAL_SURFACE('',#2839,353.163815211384,349.568349779257);
#40=TOROIDAL_SURFACE('',#2852,123.547167744785,120.792243081301);
#41=TOROIDAL_SURFACE('',#2861,130.124973489021,127.36525910825);
#42=TOROIDAL_SURFACE('',#2868,138.121848505592,134.641770309393);
#43=TOROIDAL_SURFACE('',#2872,653.500056888834,652.038049199124);
#44=TOROIDAL_SURFACE('',#2878,176.802466025978,174.434509078934);
#45=TOROIDAL_SURFACE('',#2884,223.509149249018,220.031491077705);
#46=TOROIDAL_SURFACE('',#2885,142.063866570063,138.982497080391);
#47=TOROIDAL_SURFACE('',#2891,107.099630376161,103.826803167646);
#48=(
BOUNDED_SURFACE()
B_SPLINE_SURFACE(2,2,((#3839,#3840,#3841),(#3842,#3843,#3844),(#3845,#3846,
#3847)),.UNSPECIFIED.,.F.,.F.,.F.)
B_SPLINE_SURFACE_WITH_KNOTS((3,3),(3,3),(2.92092334848112,2.94720325765256),
(0.848190792538291,1.60389295721473),.UNSPECIFIED.)
GEOMETRIC_REPRESENTATION_ITEM()
RATIONAL_B_SPLINE_SURFACE(((1.,0.929459568296055,1.),(0.999913672038857,
0.929379329946559,0.999913672038857),(1.,0.929459568296055,1.)))
REPRESENTATION_ITEM('')
SURFACE()
);
#49=(
BOUNDED_SURFACE()
B_SPLINE_SURFACE(2,2,((#3955,#3956,#3957),(#3958,#3959,#3960),(#3961,#3962,
#3963)),.UNSPECIFIED.,.F.,.F.,.F.)
B_SPLINE_SURFACE_WITH_KNOTS((3,3),(3,3),(2.89316327735092,2.92129595104939),
(0.482043486101797,1.28162884662011),.UNSPECIFIED.)
GEOMETRIC_REPRESENTATION_ITEM()
RATIONAL_B_SPLINE_SURFACE(((1.,0.921141708317833,1.),(0.999901070715032,
0.921050580427275,0.999901070715032),(1.,0.921141708317833,1.)))
REPRESENTATION_ITEM('')
SURFACE()
);
#50=(
BOUNDED_SURFACE()
B_SPLINE_SURFACE(2,2,((#4342,#4343,#4344),(#4345,#4346,#4347),(#4348,#4349,
#4350)),.UNSPECIFIED.,.F.,.F.,.F.)
B_SPLINE_SURFACE_WITH_KNOTS((3,3),(3,3),(-2.89753948744862,-2.86762415628068),
(-0.390472600962097,0.390472600962097),.UNSPECIFIED.)
GEOMETRIC_REPRESENTATION_ITEM()
RATIONAL_B_SPLINE_SURFACE(((1.,0.924729279163247,1.),(0.999888136205786,
0.924625835437459,0.999888136205786),(1.,0.924729279163247,1.)))
REPRESENTATION_ITEM('')
SURFACE()
);
#51=(
BOUNDED_SURFACE()
B_SPLINE_SURFACE(2,2,((#4405,#4406,#4407),(#4408,#4409,#4410),(#4411,#4412,
#4413)),.UNSPECIFIED.,.F.,.F.,.F.)
B_SPLINE_SURFACE_WITH_KNOTS((3,3),(3,3),(2.92889348852114,2.95536326148091),
(-0.703448404163697,0.0608106928788529),.UNSPECIFIED.)
GEOMETRIC_REPRESENTATION_ITEM()
RATIONAL_B_SPLINE_SURFACE(((1.,0.927872637300844,1.),(0.999912420168333,
0.927791374371461,0.999912420168333),(1.,0.927872637300844,1.)))
REPRESENTATION_ITEM('')
SURFACE()
);
#52=(
BOUNDED_SURFACE()
B_SPLINE_SURFACE(2,2,((#4798,#4799,#4800),(#4801,#4802,#4803),(#4804,#4805,
#4806)),.UNSPECIFIED.,.F.,.F.,.F.)
B_SPLINE_SURFACE_WITH_KNOTS((3,3),(3,3),(-2.93043817163814,-2.90358222117267),
(-2.0685269399065,-1.30335097416172),.UNSPECIFIED.)
GEOMETRIC_REPRESENTATION_ITEM()
RATIONAL_B_SPLINE_SURFACE(((1.,0.927701590890108,1.),(0.999909846095228,
0.927617954969226,0.999909846095228),(1.,0.927701590890108,1.)))
REPRESENTATION_ITEM('')
SURFACE()
);
#53=(
BOUNDED_SURFACE()
B_SPLINE_SURFACE(2,2,((#5170,#5171,#5172),(#5173,#5174,#5175),(#5176,#5177,
#5178)),.UNSPECIFIED.,.F.,.F.,.F.)
B_SPLINE_SURFACE_WITH_KNOTS((3,3),(3,3),(-2.96025723979857,-2.93344349416043),
(0.744555276230529,1.52154212717268),.UNSPECIFIED.)
GEOMETRIC_REPRESENTATION_ITEM()
RATIONAL_B_SPLINE_SURFACE(((1.,0.925480792159305,1.),(0.999910129226765,
0.9253976184849,0.999910129226765),(1.,0.925480792159305,1.)))
REPRESENTATION_ITEM('')
SURFACE()
);
#54=CONICAL_SURFACE('',#2693,8247.56259856219,0.000555126524845169);
#55=CONICAL_SURFACE('',#2695,10.633415930354,0.010113192181296);
#56=CONICAL_SURFACE('',#2697,3.5639741331426,0.000381062718602194);
#57=CONICAL_SURFACE('',#2699,3.54889871175982,0.0355348871362151);
#58=CONICAL_SURFACE('',#2700,19.824812801221,0.299054573084115);
#59=CONICAL_SURFACE('',#2703,6822.91865976463,0.000571415727987339);
#60=CONICAL_SURFACE('',#2705,3.58724620226938,0.00254683147844594);
#61=CONICAL_SURFACE('',#2706,3.58525697080142,0.039888140482893);
#62=CONICAL_SURFACE('',#2707,19.460219875562,0.300945534198451);
#63=CONICAL_SURFACE('',#2709,3.41456378663494,0.0425023070346062);
#64=CONICAL_SURFACE('',#2711,3.59524113084279,0.00601808277518114);
#65=CONICAL_SURFACE('',#2713,13.1617260419066,0.0102047424168017);
#66=CONICAL_SURFACE('',#2715,3.71311524950725,0.0355959494778161);
#67=CONICAL_SURFACE('',#2717,6816.46124525549,0.000568342238579113);
#68=CONICAL_SURFACE('',#2719,8246.27683788402,0.000548033148094164);
#69=CONICAL_SURFACE('',#2721,3.58860831517354,0.00295476770350731);
#70=CONICAL_SURFACE('',#2722,3.59799191308242,0.00472258554192228);
#71=CONICAL_SURFACE('',#2724,3.60331832294455,0.0354396748887633);
#72=CONICAL_SURFACE('',#2725,13.1570373924905,0.00785893249231892);
#73=CONICAL_SURFACE('',#2728,8241.14556242483,0.000584747792599758);
#74=CONICAL_SURFACE('',#2732,3.58912175545391,0.0405675255172795);
#75=CONICAL_SURFACE('',#2733,19.1947436638333,0.301878304125694);
#76=CONICAL_SURFACE('',#2735,3.3934618290481,0.0427932380243775);
#77=CONICAL_SURFACE('',#2739,21.9520169021938,0.321315238773828);
#78=CONICAL_SURFACE('',#2741,3.72132570276157,0.0326137934599106);
#79=CONICAL_SURFACE('',#2742,8245.03351496579,0.000582728536003563);
#80=CONICAL_SURFACE('',#2744,6816.74819719665,0.000756658972724849);
#81=CONICAL_SURFACE('',#2747,3.54786581505482,0.0379018670170676);
#82=CONICAL_SURFACE('',#2748,19.6280578220449,0.297522646002962);
#83=CONICAL_SURFACE('',#2750,3.5735443841324,0.0188076284519824);
#84=CONICAL_SURFACE('',#2752,6819.48911060398,0.000567211250131583);
#85=CONICAL_SURFACE('',#2754,3.70851364871782,0.0196434538309217);
#86=CONICAL_SURFACE('',#2756,3.59890571881727,0.0347339981975745);
#87=CONICAL_SURFACE('',#2757,19.1783297346355,0.309916454982501);
#88=CONICAL_SURFACE('',#2759,3.75771592147402,0.0482608417748041);
#89=CONICAL_SURFACE('',#2761,3.58603701249819,0.00207577542014101);
#90=CONICAL_SURFACE('',#2763,21.1243410526643,0.31919572898528);
#91=CONICAL_SURFACE('',#2765,3.71165902524716,0.0352316146305466);
#92=CONICAL_SURFACE('',#2766,3.65051294592513,0.0516197356783522);
#93=CONICAL_SURFACE('',#2768,6819.40873934576,0.000573230494750654);
#94=CONICAL_SURFACE('',#2770,8247.84051591094,0.00055825669023767);
#95=CONICAL_SURFACE('',#2772,3.59014352601248,0.00345019476804793);
#96=CONICAL_SURFACE('',#2774,3.58392837282809,0.0432210982251194);
#97=CONICAL_SURFACE('',#2775,21.4358271977482,0.312794179903722);
#98=CONICAL_SURFACE('',#2777,3.78106286288762,0.0562729074521436);
#99=CONICAL_SURFACE('',#2779,6815.15830923084,0.000823283200702093);
#100=CONICAL_SURFACE('',#2781,3.59282810654756,0.00359821335444874);
#101=CONICAL_SURFACE('',#2783,3.60275730499294,0.0371302816428183);
#102=CONICAL_SURFACE('',#2784,19.3001114078966,0.29593288867836);
#103=CONICAL_SURFACE('',#2789,19.9936829685438,0.297450715758972);
#104=CONICAL_SURFACE('',#2791,3.7104263994333,0.037091999052437);
#105=CONICAL_SURFACE('',#2792,3.44073299539906,0.0453585244350269);
#106=CONICAL_SURFACE('',#2794,6813.93993763013,0.00079800484232418);
#107=CONICAL_SURFACE('',#2796,8246.27176034334,0.000641055558168324);
#108=CONICAL_SURFACE('',#2798,3.60014625497603,0.00641774999710953);
#109=CONICAL_SURFACE('',#2800,3.54433587871928,0.0380753270921061);
#110=CONICAL_SURFACE('',#2801,22.29041465121,0.329699040312323);
#111=CONICAL_SURFACE('',#2803,3.5471747218659,0.0212080967161719);
#112=CONICAL_SURFACE('',#2805,8243.43376561003,0.000619718403539825);
#113=CONICAL_SURFACE('',#2807,3.58595858426201,0.00207454486687142);
#114=CONICAL_SURFACE('',#2810,20.9158802616555,0.316345935174618);
#115=CONICAL_SURFACE('',#2812,3.59572576713919,0.00372222013694742);
#116=CONICAL_SURFACE('',#2813,3.55628736352339,0.00290226252626942);
#117=CONICAL_SURFACE('',#2815,13.0518395708156,0.00111077837492257);
#118=CONICAL_SURFACE('',#2817,3.70825805164953,0.0279138968252301);
#119=CONICAL_SURFACE('',#2818,3.57164901302495,0.0426346253586714);
#120=CONICAL_SURFACE('',#2820,8249.36734626568,0.000634896209567111);
#121=CONICAL_SURFACE('',#2822,6816.6223840635,0.000788202784517205);
#122=CONICAL_SURFACE('',#2824,3.58422408316534,0.00257307774002482);
#123=CONICAL_SURFACE('',#2826,3.59913196065487,0.0400062022235819);
#124=CONICAL_SURFACE('',#2827,19.0637872514374,0.292478299696349);
#125=CONICAL_SURFACE('',#2829,3.42007154233269,0.0372081440993377);
#126=CONICAL_SURFACE('',#2831,6818.37294395495,0.00082587253797971);
#127=CONICAL_SURFACE('',#2835,3.61273372676822,0.0369222578221045);
#128=CONICAL_SURFACE('',#2836,12.8417600083058,0.000163857619760988);
#129=CONICAL_SURFACE('',#2840,3.5581430944501,0.00180294728949451);
#130=CONICAL_SURFACE('',#2842,19.6430014957917,0.29496421907275);
#131=CONICAL_SURFACE('',#2844,3.72399595906016,0.0434344366090694);
#132=CONICAL_SURFACE('',#2845,3.64394861226549,0.0446330600619601);
#133=CONICAL_SURFACE('',#2847,6822.16621509547,0.000783941618690415);
#134=CONICAL_SURFACE('',#2849,6815.5887454243,0.00073505645516351);
#135=CONICAL_SURFACE('',#2851,3.58841538192736,0.00295158051351324);
#136=CONICAL_SURFACE('',#2853,3.58898075563378,0.0391309171919278);
#137=CONICAL_SURFACE('',#2854,21.1146207822571,0.309896250145709);
#138=CONICAL_SURFACE('',#2856,3.60488481245585,0.0204156817388991);
#139=CONICAL_SURFACE('',#2858,6816.46242050032,0.000565639110382724);
#140=CONICAL_SURFACE('',#2860,3.59751487707443,0.00478219078672251);
#141=CONICAL_SURFACE('',#2862,3.62760612455441,0.0235609535507363);
#142=CONICAL_SURFACE('',#2863,21.443756663466,0.318389622152313);
#143=CONICAL_SURFACE('',#2865,3.75896457715396,0.0403388938986843);
#144=CONICAL_SURFACE('',#2867,3.58742259410567,0.00255384706532263);
#145=CONICAL_SURFACE('',#2869,13.0531206413993,0.00156038715827294);
#146=CONICAL_SURFACE('',#2871,3.71142519160951,0.0348158400459404);
#147=CONICAL_SURFACE('',#2873,6817.46945655053,0.000748191519948124);
#148=CONICAL_SURFACE('',#2875,6817.73349019807,0.000802195620163137);
#149=CONICAL_SURFACE('',#2877,3.65211350612091,0.0140288928494553);
#150=CONICAL_SURFACE('',#2879,3.59551512730486,0.039860215685931);
#151=CONICAL_SURFACE('',#2880,21.6646345059605,0.311446844770792);
#152=CONICAL_SURFACE('',#2882,3.6389697529111,0.0476903233697668);
#153=CONICAL_SURFACE('',#2886,3.61514332822893,0.0349411979257276);
#154=CONICAL_SURFACE('',#2887,19.7323033922407,0.306043557702944);
#155=FACE_BOUND('',#723,.T.);
#156=FACE_BOUND('',#862,.T.);
#157=B_SPLINE_CURVE_WITH_KNOTS('',3,(#3517,#3518,#3519,#3520,#3521,#3522,
#3523,#3524,#3525,#3526,#3527),.UNSPECIFIED.,.F.,.F.,(4,2,3,2,4),(-0.115396329328269,
-0.0826518633383126,0.,0.0826518633383122,0.101926038009431),
 .UNSPECIFIED.);
#158=B_SPLINE_CURVE_WITH_KNOTS('',3,(#3535,#3536,#3537,#3538,#3539,#3540,
#3541,#3542,#3543,#3544),.UNSPECIFIED.,.F.,.F.,(4,2,2,2,4),(-1.24084783662544,
-1.18805595415634,-1.11913675367963,-1.05021755320293,-1.02570652068963),
 .UNSPECIFIED.);
#159=B_SPLINE_CURVE_WITH_KNOTS('',3,(#3584,#3585,#3586,#3587,#3588,#3589,
#3590,#3591,#3592,#3593,#3594),.UNSPECIFIED.,.F.,.F.,(4,2,3,2,4),(-0.125436684422611,
-0.0675313755548247,0.,0.0675313755548257,0.0895924416130316),
 .UNSPECIFIED.);
#160=B_SPLINE_CURVE_WITH_KNOTS('',3,(#3602,#3603,#3604,#3605,#3606,#3607,
#3608,#3609,#3610,#3611,#3612),.UNSPECIFIED.,.F.,.F.,(4,2,3,2,4),(-0.124242827362455,
-0.0682301048615341,0.,0.0682301048615361,0.0907933944708255),
 .UNSPECIFIED.);
#161=B_SPLINE_CURVE_WITH_KNOTS('',3,(#3632,#3633,#3634,#3635,#3636,#3637,
#3638,#3639,#3640,#3641,#3642),.UNSPECIFIED.,.F.,.F.,(4,3,2,2,4),(-0.0267099832545312,
0.,0.0705338744834685,0.141067748966937,0.196955671787776),
 .UNSPECIFIED.);
#162=B_SPLINE_CURVE_WITH_KNOTS('',3,(#3662,#3663,#3664,#3665,#3666,#3667,
#3668,#3669,#3670),.UNSPECIFIED.,.F.,.F.,(4,2,3,4),(-0.153962662302748,
-0.123358214168665,0.,0.0633351372049199),.UNSPECIFIED.);
#163=B_SPLINE_CURVE_WITH_KNOTS('',3,(#3678,#3679,#3680,#3681,#3682,#3683,
#3684,#3685,#3686,#3687),.UNSPECIFIED.,.F.,.F.,(4,2,2,2,4),(-1.67349577937956,
-1.64639412386544,-1.56239528911146,-1.47839645435747,-1.46006691518447),
 .UNSPECIFIED.);
#164=B_SPLINE_CURVE_WITH_KNOTS('',3,(#3719,#3720,#3721,#3722,#3723,#3724,
#3725,#3726,#3727,#3728,#3729),.UNSPECIFIED.,.F.,.F.,(4,2,3,2,4),(-0.111740541911782,
-0.0820415413170437,0.,0.0820415413170452,0.101685024108466),
 .UNSPECIFIED.);
#165=B_SPLINE_CURVE_WITH_KNOTS('',3,(#3737,#3738,#3739,#3740,#3741,#3742,
#3743,#3744,#3745,#3746,#3747),.UNSPECIFIED.,.F.,.F.,(4,2,3,2,4),(-0.120642074837128,
-0.0695414059173709,0.,0.0695414059173705,0.0944420915634024),
 .UNSPECIFIED.);
#166=B_SPLINE_CURVE_WITH_KNOTS('',3,(#3755,#3756,#3757,#3758,#3759,#3760,
#3761,#3762,#3763,#3764,#3765),.UNSPECIFIED.,.F.,.F.,(4,2,3,2,4),(-0.113697135248011,
-0.0771751063324222,0.,0.0771751063324229,0.0999409096690337),
 .UNSPECIFIED.);
#167=B_SPLINE_CURVE_WITH_KNOTS('',3,(#3788,#3789,#3790,#3791,#3792,#3793,
#3794,#3795),.UNSPECIFIED.,.F.,.F.,(4,2,2,4),(-2.46331575907536,-2.23092518027969,
-2.01680805075581,-1.90557672518969),.UNSPECIFIED.);
#168=B_SPLINE_CURVE_WITH_KNOTS('',3,(#3796,#3797,#3798,#3799,#3800,#3801),
 .UNSPECIFIED.,.F.,.F.,(4,2,4),(-13.0964699758549,-12.8890441243159,-12.5901776101898),
 .UNSPECIFIED.);
#169=B_SPLINE_CURVE_WITH_KNOTS('',3,(#3803,#3804,#3805,#3806,#3807,#3808),
 .UNSPECIFIED.,.F.,.F.,(4,2,4),(-4.35340871765908,-4.15283060174867,-3.84433004424162),
 .UNSPECIFIED.);
#170=B_SPLINE_CURVE_WITH_KNOTS('',3,(#3809,#3810,#3811,#3812,#3813,#3814),
 .UNSPECIFIED.,.F.,.F.,(4,2,4),(22.4029814010916,22.8247664383012,22.9304955262037),
 .UNSPECIFIED.);
#171=B_SPLINE_CURVE_WITH_KNOTS('',3,(#3818,#3819,#3820,#3821),
 .UNSPECIFIED.,.F.,.F.,(4,4),(35.6394207464291,36.1547329918938),
 .UNSPECIFIED.);
#172=B_SPLINE_CURVE_WITH_KNOTS('',3,(#3822,#3823,#3824,#3825),
 .UNSPECIFIED.,.F.,.F.,(4,4),(-1.54083292219835,-1.07341511527776),
 .UNSPECIFIED.);
#173=B_SPLINE_CURVE_WITH_KNOTS('',3,(#3827,#3828,#3829,#3830),
 .UNSPECIFIED.,.F.,.F.,(4,4),(18.3929198504017,19.6237148102178),
 .UNSPECIFIED.);
#174=B_SPLINE_CURVE_WITH_KNOTS('',3,(#3832,#3833,#3834,#3835,#3836,#3837),
 .UNSPECIFIED.,.F.,.F.,(4,2,4),(-11.4795755313343,-11.4712230101663,-11.011172367364),
 .UNSPECIFIED.);
#175=B_SPLINE_CURVE_WITH_KNOTS('',3,(#3849,#3850,#3851,#3852),
 .UNSPECIFIED.,.F.,.F.,(4,4),(3.77246343240474,4.13493877342941),
 .UNSPECIFIED.);
#176=B_SPLINE_CURVE_WITH_KNOTS('',3,(#3853,#3854,#3855,#3856,#3857,#3858,
#3859,#3860),.UNSPECIFIED.,.F.,.F.,(4,2,2,4),(1.53299151841799,1.6208686978533,
1.73695666865308,1.74907345076184),.UNSPECIFIED.);
#177=B_SPLINE_CURVE_WITH_KNOTS('',3,(#3863,#3864,#3865,#3866,#3867,#3868,
#3869,#3870,#3871,#3872),.UNSPECIFIED.,.F.,.F.,(4,3,3,4),(0.,0.204653191580412,
0.404670333849975,0.532578600857176),.UNSPECIFIED.);
#178=B_SPLINE_CURVE_WITH_KNOTS('',3,(#3876,#3877,#3878,#3879,#3880,#3881),
 .UNSPECIFIED.,.F.,.F.,(4,2,4),(-9.54527243577979,-9.38632460953504,-9.04270166117327),
 .UNSPECIFIED.);
#179=B_SPLINE_CURVE_WITH_KNOTS('',3,(#3882,#3883,#3884,#3885,#3886,#3887,
#3888,#3889),.UNSPECIFIED.,.F.,.F.,(4,2,2,4),(-4.17717048926095,-4.11346312011638,
-4.01291862380405,-4.00722339420553),.UNSPECIFIED.);
#180=B_SPLINE_CURVE_WITH_KNOTS('',3,(#3893,#3894,#3895,#3896,#3897,#3898,
#3899,#3900,#3901,#3902),.UNSPECIFIED.,.F.,.F.,(4,2,2,2,4),(1.16141854020868,
1.19517984374595,1.31887822312527,1.49325382422868,1.5406125928784),
 .UNSPECIFIED.);
#181=B_SPLINE_CURVE_WITH_KNOTS('',3,(#3904,#3905,#3906,#3907,#3908,#3909,
#3910,#3911),.UNSPECIFIED.,.F.,.F.,(4,2,2,4),(-1.66915054008705,-1.61297226157375,
-1.48148507959592,-1.44458627742289),.UNSPECIFIED.);
#182=B_SPLINE_CURVE_WITH_KNOTS('',3,(#3914,#3915,#3916,#3917,#3918,#3919),
 .UNSPECIFIED.,.F.,.F.,(4,2,4),(-12.1894180860539,-12.0014469327312,-11.6828882620652),
 .UNSPECIFIED.);
#183=B_SPLINE_CURVE_WITH_KNOTS('',3,(#3921,#3922,#3923,#3924),
 .UNSPECIFIED.,.F.,.F.,(4,4),(14.7436997190056,15.3567900219512),
 .UNSPECIFIED.);
#184=B_SPLINE_CURVE_WITH_KNOTS('',3,(#3928,#3929,#3930,#3931),
 .UNSPECIFIED.,.F.,.F.,(4,4),(-6.97672784220836,-6.4755883627773),
 .UNSPECIFIED.);
#185=B_SPLINE_CURVE_WITH_KNOTS('',3,(#3932,#3933,#3934,#3935,#3936,#3937),
 .UNSPECIFIED.,.F.,.F.,(4,2,4),(-13.5590977902824,-13.3456693994178,-13.0476246368168),
 .UNSPECIFIED.);
#186=B_SPLINE_CURVE_WITH_KNOTS('',3,(#3940,#3941,#3942,#3943,#3944,#3945),
 .UNSPECIFIED.,.F.,.F.,(4,2,4),(12.4008129730172,12.4732941809671,12.9003560680206),
 .UNSPECIFIED.);
#187=B_SPLINE_CURVE_WITH_KNOTS('',3,(#3946,#3947,#3948,#3949,#3950,#3951,
#3952,#3953,#3954),.UNSPECIFIED.,.F.,.F.,(4,2,3,4),(-0.234453904889369,
-0.139766216000721,0.,0.0022475447400507),.UNSPECIFIED.);
#188=B_SPLINE_CURVE_WITH_KNOTS('',3,(#3965,#3966,#3967,#3968,#3969,#3970),
 .UNSPECIFIED.,.F.,.F.,(4,2,4),(3.20195987883627,3.38738086012309,3.38747592946993),
 .UNSPECIFIED.);
#189=B_SPLINE_CURVE_WITH_KNOTS('',3,(#3971,#3972,#3973,#3974,#3975,#3976,
#3977,#3978),.UNSPECIFIED.,.F.,.F.,(4,2,2,4),(0.469083476508541,0.553071619963084,
0.664610373857484,0.686339027711188),.UNSPECIFIED.);
#190=B_SPLINE_CURVE_WITH_KNOTS('',3,(#3981,#3982,#3983,#3984,#3985,#3986,
#3987,#3988),.UNSPECIFIED.,.F.,.F.,(4,2,2,4),(-0.695993881067242,-0.613300461666887,
-0.506955761951123,-0.480525111764884),.UNSPECIFIED.);
#191=B_SPLINE_CURVE_WITH_KNOTS('',3,(#3989,#3990,#3991,#3992),
 .UNSPECIFIED.,.F.,.F.,(4,4),(3.34015242133021,3.84027726142881),
 .UNSPECIFIED.);
#192=B_SPLINE_CURVE_WITH_KNOTS('',3,(#3995,#3996,#3997,#3998),
 .UNSPECIFIED.,.F.,.F.,(4,4),(23.3772269648958,23.8581143991721),
 .UNSPECIFIED.);
#193=B_SPLINE_CURVE_WITH_KNOTS('',3,(#4004,#4005,#4006,#4007),
 .UNSPECIFIED.,.F.,.F.,(4,4),(11.927279949599,12.4089914485533),
 .UNSPECIFIED.);
#194=B_SPLINE_CURVE_WITH_KNOTS('',3,(#4008,#4009,#4010,#4011,#4012,#4013),
 .UNSPECIFIED.,.F.,.F.,(4,2,4),(-2.36489102642068,-2.20905309792707,-2.0921502304338),
 .UNSPECIFIED.);
#195=B_SPLINE_CURVE_WITH_KNOTS('',3,(#4016,#4017,#4018,#4019,#4020,#4021,
#4022,#4023,#4024),.UNSPECIFIED.,.F.,.F.,(4,2,3,4),(1.79012003865809,1.82187648109381,
1.94491984338554,2.00732300393648),.UNSPECIFIED.);
#196=B_SPLINE_CURVE_WITH_KNOTS('',3,(#4025,#4026,#4027,#4028,#4029,#4030,
#4031),.UNSPECIFIED.,.F.,.F.,(4,3,4),(21.5728009188139,21.7331368991114,
22.0692075958662),.UNSPECIFIED.);
#197=B_SPLINE_CURVE_WITH_KNOTS('',3,(#4034,#4035,#4036,#4037),
 .UNSPECIFIED.,.F.,.F.,(4,4),(1.49115438701472,1.96820889733518),
 .UNSPECIFIED.);
#198=B_SPLINE_CURVE_WITH_KNOTS('',3,(#4039,#4040,#4041,#4042,#4043,#4044,
#4045,#4046,#4047,#4048),.UNSPECIFIED.,.F.,.F.,(4,3,3,4),(4.01399090448179E-15,
0.0710718554805623,0.142644032029859,0.157491574519689),.UNSPECIFIED.);
#199=B_SPLINE_CURVE_WITH_KNOTS('',3,(#4052,#4053,#4054,#4055,#4056,#4057),
 .UNSPECIFIED.,.F.,.F.,(4,2,4),(12.5299105556682,12.8358553885155,13.0411701660242),
 .UNSPECIFIED.);
#200=B_SPLINE_CURVE_WITH_KNOTS('',3,(#4058,#4059,#4060,#4061,#4062,#4063,
#4064,#4065),.UNSPECIFIED.,.F.,.F.,(4,2,2,4),(0.596231278884358,0.606492516457931,
0.721363865728303,0.797163732910833),.UNSPECIFIED.);
#201=B_SPLINE_CURVE_WITH_KNOTS('',3,(#4068,#4069,#4070,#4071),
 .UNSPECIFIED.,.F.,.F.,(4,4),(2.15474524660101E-5,0.0973815759445154),
 .UNSPECIFIED.);
#202=B_SPLINE_CURVE_WITH_KNOTS('',3,(#4072,#4073,#4074,#4075,#4076,#4077,
#4078,#4079,#4080,#4081),.UNSPECIFIED.,.F.,.F.,(4,2,2,2,4),(1.10022785708622,
1.12582514534895,1.19717814979441,1.26853115423987,1.32363690624829),
 .UNSPECIFIED.);
#203=B_SPLINE_CURVE_WITH_KNOTS('',3,(#4084,#4085,#4086,#4087,#4088,#4089),
 .UNSPECIFIED.,.F.,.F.,(4,2,4),(-4.37744333639547,-4.18282280278198,-3.8736291883353),
 .UNSPECIFIED.);
#204=B_SPLINE_CURVE_WITH_KNOTS('',3,(#4091,#4092,#4093,#4094),
 .UNSPECIFIED.,.F.,.F.,(4,4),(-3.33734296915288,-2.8393618433527),
 .UNSPECIFIED.);
#205=B_SPLINE_CURVE_WITH_KNOTS('',3,(#4098,#4099,#4100,#4101,#4102,#4103,
#4104),.UNSPECIFIED.,.F.,.F.,(4,3,4),(34.6857571684541,35.1270621583955,
36.5577747749135),.UNSPECIFIED.);
#206=B_SPLINE_CURVE_WITH_KNOTS('',3,(#4106,#4107,#4108,#4109,#4110,#4111),
 .UNSPECIFIED.,.F.,.F.,(4,2,4),(20.5158134221076,20.957983343737,21.1437757824744),
 .UNSPECIFIED.);
#207=B_SPLINE_CURVE_WITH_KNOTS('',3,(#4115,#4116,#4117,#4118),
 .UNSPECIFIED.,.F.,.F.,(4,4),(32.4203104244805,33.5747677531677),
 .UNSPECIFIED.);
#208=B_SPLINE_CURVE_WITH_KNOTS('',3,(#4119,#4120,#4121,#4122,#4123,#4124),
 .UNSPECIFIED.,.F.,.F.,(4,2,4),(-13.0923619952541,-12.8843090178875,-12.5813613091204),
 .UNSPECIFIED.);
#209=B_SPLINE_CURVE_WITH_KNOTS('',3,(#4127,#4128,#4129,#4130),
 .UNSPECIFIED.,.F.,.F.,(4,4),(12.1748982363597,12.6533571304835),
 .UNSPECIFIED.);
#210=B_SPLINE_CURVE_WITH_KNOTS('',3,(#4131,#4132,#4133,#4134,#4135,#4136,
#4137,#4138),.UNSPECIFIED.,.F.,.F.,(4,2,2,4),(3.12352652531448,3.21551093318514,
3.29215835950072,3.34449812417793),.UNSPECIFIED.);
#211=B_SPLINE_CURVE_WITH_KNOTS('',3,(#4142,#4143,#4144,#4145),
 .UNSPECIFIED.,.F.,.F.,(4,4),(5.13497607747769,5.6132880683965),
 .UNSPECIFIED.);
#212=B_SPLINE_CURVE_WITH_KNOTS('',3,(#4148,#4149,#4150,#4151),
 .UNSPECIFIED.,.F.,.F.,(4,4),(4.87981815785998,5.35909977685524),
 .UNSPECIFIED.);
#213=B_SPLINE_CURVE_WITH_KNOTS('',3,(#4152,#4153,#4154,#4155,#4156,#4157,
#4158,#4159),.UNSPECIFIED.,.F.,.F.,(4,2,2,4),(0.507543597854502,0.515220594403085,
0.598325172803525,0.651302625747684),.UNSPECIFIED.);
#214=B_SPLINE_CURVE_WITH_KNOTS('',3,(#4162,#4163,#4164,#4165,#4166,#4167,
#4168,#4169,#4170,#4171),.UNSPECIFIED.,.F.,.F.,(4,3,3,4),(0.,0.0712389853438161,
0.143032251303126,0.158017382917708),.UNSPECIFIED.);
#215=B_SPLINE_CURVE_WITH_KNOTS('',3,(#4174,#4175,#4176,#4177,#4178,#4179,
#4180,#4181,#4182,#4183),.UNSPECIFIED.,.F.,.F.,(4,2,2,2,4),(1.10141544497459,
1.12661126897939,1.19802362457222,1.26943598016505,1.32487724269872),
 .UNSPECIFIED.);
#216=B_SPLINE_CURVE_WITH_KNOTS('',3,(#4186,#4187,#4188,#4189),
 .UNSPECIFIED.,.F.,.F.,(4,4),(20.4584681841702,21.2765193683582),
 .UNSPECIFIED.);
#217=B_SPLINE_CURVE_WITH_KNOTS('',3,(#4191,#4192,#4193,#4194,#4195,#4196),
 .UNSPECIFIED.,.F.,.F.,(4,2,4),(20.5648496013326,20.8943105069484,21.0878019670472),
 .UNSPECIFIED.);
#218=B_SPLINE_CURVE_WITH_KNOTS('',3,(#4200,#4201,#4202,#4203),
 .UNSPECIFIED.,.F.,.F.,(4,4),(-7.12755254653095,-6.62664217502029),
 .UNSPECIFIED.);
#219=B_SPLINE_CURVE_WITH_KNOTS('',3,(#4204,#4205,#4206,#4207,#4208,#4209),
 .UNSPECIFIED.,.F.,.F.,(4,2,4),(-13.746426813121,-13.5297395169133,-13.2350153179533),
 .UNSPECIFIED.);
#220=B_SPLINE_CURVE_WITH_KNOTS('',3,(#4212,#4213,#4214,#4215,#4216,#4217),
 .UNSPECIFIED.,.F.,.F.,(4,2,4),(4.27886137243305,4.52487126201243,4.59918368331674),
 .UNSPECIFIED.);
#221=B_SPLINE_CURVE_WITH_KNOTS('',3,(#4218,#4219,#4220,#4221,#4222,#4223,
#4224,#4225,#4226),.UNSPECIFIED.,.F.,.F.,(4,2,3,4),(3.00571142025082,3.08882435413666,
3.18559395608236,3.24265203408411),.UNSPECIFIED.);
#222=B_SPLINE_CURVE_WITH_KNOTS('',3,(#4229,#4230,#4231,#4232,#4233,#4234,
#4235,#4236,#4237,#4238),.UNSPECIFIED.,.F.,.F.,(4,3,3,4),(5.29307197392396,
5.31433442069127,5.46255860303943,5.47990376538251),.UNSPECIFIED.);
#223=B_SPLINE_CURVE_WITH_KNOTS('',3,(#4239,#4240,#4241,#4242,#4243,#4244,
#4245,#4246),.UNSPECIFIED.,.F.,.F.,(4,2,2,4),(0.794785527258472,0.833762535980796,
0.954831788444916,1.01196603888855),.UNSPECIFIED.);
#224=B_SPLINE_CURVE_WITH_KNOTS('',3,(#4249,#4250,#4251,#4252,#4253,#4254),
 .UNSPECIFIED.,.F.,.F.,(4,2,4),(2.63754243204991,2.81896274981062,3.13755262821008),
 .UNSPECIFIED.);
#225=B_SPLINE_CURVE_WITH_KNOTS('',3,(#4255,#4256,#4257,#4258,#4259,#4260,
#4261,#4262),.UNSPECIFIED.,.F.,.F.,(4,2,2,4),(-0.684429849469414,-0.601567765988987,
-0.495229706266425,-0.468848895960551),.UNSPECIFIED.);
#226=B_SPLINE_CURVE_WITH_KNOTS('',3,(#4265,#4266,#4267,#4268),
 .UNSPECIFIED.,.F.,.F.,(4,4),(23.4734345016401,23.9543279979128),
 .UNSPECIFIED.);
#227=B_SPLINE_CURVE_WITH_KNOTS('',2,(#4274,#4275,#4276),.UNSPECIFIED.,.F.,
 .F.,(3,3),(0.,0.520794935679924),.UNSPECIFIED.);
#228=B_SPLINE_CURVE_WITH_KNOTS('',3,(#4277,#4278,#4279,#4280,#4281,#4282,
#4283,#4284,#4285,#4286,#4287),.UNSPECIFIED.,.F.,.F.,(4,2,2,3,4),(3.5166077153599,
3.5178432891693,3.60755149738599,3.69678168373465,3.75369402456634),
 .UNSPECIFIED.);
#229=B_SPLINE_CURVE_WITH_KNOTS('',3,(#4290,#4291,#4292,#4293,#4294,#4295,
#4296,#4297,#4298,#4299,#4300,#4301,#4302),.UNSPECIFIED.,.F.,.F.,(4,3,3,
3,4),(2.16748970618806E-5,0.03059082119572,0.0610496974431299,0.0918447779798139,
0.122298260091694),.UNSPECIFIED.);
#230=B_SPLINE_CURVE_WITH_KNOTS('',3,(#4303,#4304,#4305,#4306,#4307,#4308,
#4309,#4310,#4311,#4312),.UNSPECIFIED.,.F.,.F.,(4,2,2,2,4),(0.971672372533978,
1.02944982648885,1.09729048684544,1.16513114720204,1.18678746894006),
 .UNSPECIFIED.);
#231=B_SPLINE_CURVE_WITH_KNOTS('',3,(#4316,#4317,#4318,#4319),
 .UNSPECIFIED.,.F.,.F.,(4,4),(0.,0.519378083258056),.UNSPECIFIED.);
#232=B_SPLINE_CURVE_WITH_KNOTS('',3,(#4321,#4322,#4323,#4324),
 .UNSPECIFIED.,.F.,.F.,(4,4),(11.5911732292569,12.0933741276336),
 .UNSPECIFIED.);
#233=B_SPLINE_CURVE_WITH_KNOTS('',3,(#4327,#4328,#4329,#4330,#4331,#4332),
 .UNSPECIFIED.,.F.,.F.,(4,2,4),(12.3403460222656,12.6514191236896,12.8516408843433),
 .UNSPECIFIED.);
#234=B_SPLINE_CURVE_WITH_KNOTS('',3,(#4333,#4334,#4335,#4336,#4337,#4338,
#4339,#4340,#4341),.UNSPECIFIED.,.F.,.F.,(4,3,2,4),(2.40056256781729,2.41106066229735,
2.53428339304422,2.63199349436321),.UNSPECIFIED.);
#235=B_SPLINE_CURVE_WITH_KNOTS('',2,(#4352,#4353,#4354),.UNSPECIFIED.,.F.,
 .F.,(3,3),(0.,0.514155293825881),.UNSPECIFIED.);
#236=B_SPLINE_CURVE_WITH_KNOTS('',3,(#4355,#4356,#4357,#4358,#4359,#4360,
#4361,#4362,#4363,#4364),.UNSPECIFIED.,.F.,.F.,(4,2,2,2,4),(0.690266547984858,
0.727797886970833,0.808097888043641,0.888125948332826,0.909499362051443),
 .UNSPECIFIED.);
#237=B_SPLINE_CURVE_WITH_KNOTS('',3,(#4368,#4369,#4370,#4371),
 .UNSPECIFIED.,.F.,.F.,(4,4),(14.8952369077959,15.2854343818214),
 .UNSPECIFIED.);
#238=B_SPLINE_CURVE_WITH_KNOTS('',3,(#4373,#4374,#4375,#4376,#4377,#4378),
 .UNSPECIFIED.,.F.,.F.,(4,2,4),(19.1139524804082,19.1331414718305,19.9200658687772),
 .UNSPECIFIED.);
#239=B_SPLINE_CURVE_WITH_KNOTS('',3,(#4381,#4382,#4383,#4384,#4385,#4386),
 .UNSPECIFIED.,.F.,.F.,(4,2,4),(-5.0234184775705,-4.84931944898798,-4.51680907547559),
 .UNSPECIFIED.);
#240=B_SPLINE_CURVE_WITH_KNOTS('',3,(#4388,#4389,#4390,#4391),
 .UNSPECIFIED.,.F.,.F.,(4,4),(14.7656555246877,15.2408913201456),
 .UNSPECIFIED.);
#241=B_SPLINE_CURVE_WITH_KNOTS('',3,(#4395,#4396,#4397,#4398),
 .UNSPECIFIED.,.F.,.F.,(4,4),(-4.6212903766751,-4.12401613593452),
 .UNSPECIFIED.);
#242=B_SPLINE_CURVE_WITH_KNOTS('',3,(#4399,#4400,#4401,#4402,#4403,#4404),
 .UNSPECIFIED.,.F.,.F.,(4,2,4),(-13.2720803384479,-13.0648490885643,-12.7600971008869),
 .UNSPECIFIED.);
#243=B_SPLINE_CURVE_WITH_KNOTS('',3,(#4415,#4416,#4417,#4418,#4419,#4420,
#4421,#4422,#4423,#4424,#4425,#4426),.UNSPECIFIED.,.F.,.F.,(4,2,2,2,2,4),
(3.78109311172888,3.8180064722484,3.94548004297653,4.01673349390901,4.07721855796955,
4.10673194382485),.UNSPECIFIED.);
#244=B_SPLINE_CURVE_WITH_KNOTS('',3,(#4427,#4428,#4429,#4430,#4431,#4432,
#4433,#4434,#4435),.UNSPECIFIED.,.F.,.F.,(4,2,3,4),(-0.182473675931177,
-0.130453389285299,0.,0.061225717381447),.UNSPECIFIED.);
#245=B_SPLINE_CURVE_WITH_KNOTS('',3,(#4438,#4439,#4440,#4441,#4442,#4443,
#4444,#4445),.UNSPECIFIED.,.F.,.F.,(4,2,2,4),(0.803171927079186,0.833214270934301,
0.953795052857295,1.02034133332603),.UNSPECIFIED.);
#246=B_SPLINE_CURVE_WITH_KNOTS('',2,(#4446,#4447,#4448),.UNSPECIFIED.,.F.,
 .F.,(3,3),(0.,0.51872878707661),.UNSPECIFIED.);
#247=B_SPLINE_CURVE_WITH_KNOTS('',3,(#4451,#4452,#4453,#4454,#4455,#4456),
 .UNSPECIFIED.,.F.,.F.,(4,2,4),(-10.6652495976761,-10.5527423142225,-10.1655775869768),
 .UNSPECIFIED.);
#248=B_SPLINE_CURVE_WITH_KNOTS('',3,(#4457,#4458,#4459,#4460,#4461,#4462,
#4463,#4464),.UNSPECIFIED.,.F.,.F.,(4,2,2,4),(-0.676615477156427,-0.588883461330799,
-0.484082160782351,-0.461376121926943),.UNSPECIFIED.);
#249=B_SPLINE_CURVE_WITH_KNOTS('',3,(#4467,#4468,#4469,#4470,#4471,#4472),
 .UNSPECIFIED.,.F.,.F.,(4,2,4),(17.3162772706835,17.7647389161801,17.7978068049268),
 .UNSPECIFIED.);
#250=B_SPLINE_CURVE_WITH_KNOTS('',3,(#4481,#4482,#4483,#4484),
 .UNSPECIFIED.,.F.,.F.,(4,4),(-18.5147171253208,-18.0130197590762),
 .UNSPECIFIED.);
#251=B_SPLINE_CURVE_WITH_KNOTS('',3,(#4485,#4486,#4487,#4488,#4489,#4490),
 .UNSPECIFIED.,.F.,.F.,(4,2,4),(-12.9575693033898,-12.7527267175538,-12.4462409275399),
 .UNSPECIFIED.);
#252=B_SPLINE_CURVE_WITH_KNOTS('',3,(#4492,#4493,#4494,#4495,#4496,#4497),
 .UNSPECIFIED.,.F.,.F.,(4,2,4),(-4.34685094630816,-4.15074777942578,-3.84260456903734),
 .UNSPECIFIED.);
#253=B_SPLINE_CURVE_WITH_KNOTS('',3,(#4498,#4499,#4500,#4501),
 .UNSPECIFIED.,.F.,.F.,(4,4),(22.092996753568,22.57562512821),
 .UNSPECIFIED.);
#254=B_SPLINE_CURVE_WITH_KNOTS('',3,(#4504,#4505,#4506,#4507,#4508,#4509,
#4510,#4511),.UNSPECIFIED.,.F.,.F.,(4,2,2,4),(-2.26364493177854,-2.25612263101342,
-2.10646359668392,-2.00692700971305),.UNSPECIFIED.);
#255=B_SPLINE_CURVE_WITH_KNOTS('',3,(#4512,#4513,#4514,#4515,#4516,#4517),
 .UNSPECIFIED.,.F.,.F.,(4,2,4),(10.6636414537341,10.7416131606402,11.1617130243837),
 .UNSPECIFIED.);
#256=B_SPLINE_CURVE_WITH_KNOTS('',3,(#4520,#4521,#4522,#4523,#4524,#4525,
#4526,#4527,#4528),.UNSPECIFIED.,.F.,.F.,(4,2,3,4),(1.7555549620304,1.79119673820628,
1.91221506522753,1.97280309047214),.UNSPECIFIED.);
#257=B_SPLINE_CURVE_WITH_KNOTS('',3,(#4529,#4530,#4531,#4532,#4533,#4534,
#4535,#4536,#4537,#4538,#4539,#4540,#4541),.UNSPECIFIED.,.F.,.F.,(4,3,3,
3,4),(0.,0.0517592963078747,0.10308807526748,0.153786920637292,0.183295477130797),
 .UNSPECIFIED.);
#258=B_SPLINE_CURVE_WITH_KNOTS('',3,(#4544,#4545,#4546,#4547,#4548,#4549),
 .UNSPECIFIED.,.F.,.F.,(4,2,4),(1.72471281929986,1.80867725070246,2.20449045861062),
 .UNSPECIFIED.);
#259=B_SPLINE_CURVE_WITH_KNOTS('',3,(#4550,#4551,#4552,#4553,#4554,#4555,
#4556,#4557),.UNSPECIFIED.,.F.,.F.,(4,2,2,4),(-3.79150195139794,-3.70853751621935,
-3.60184365221916,-3.5760034269269),.UNSPECIFIED.);
#260=B_SPLINE_CURVE_WITH_KNOTS('',3,(#4560,#4561,#4562,#4563,#4564,#4565,
#4566,#4567,#4568,#4569),.UNSPECIFIED.,.F.,.F.,(4,3,3,4),(0.,0.215697863831758,
0.43585484492038,0.537380145682533),.UNSPECIFIED.);
#261=B_SPLINE_CURVE_WITH_KNOTS('',3,(#4575,#4576,#4577,#4578,#4579,#4580),
 .UNSPECIFIED.,.F.,.F.,(4,2,4),(12.4538080592497,12.5469612035192,12.9520342087101),
 .UNSPECIFIED.);
#262=B_SPLINE_CURVE_WITH_KNOTS('',3,(#4581,#4582,#4583,#4584,#4585,#4586,
#4587,#4588),.UNSPECIFIED.,.F.,.F.,(4,2,2,4),(-4.59084858747159,-4.48016504744549,
-4.06841531909408,-3.85589391952574),.UNSPECIFIED.);
#263=B_SPLINE_CURVE_WITH_KNOTS('',2,(#4591,#4592,#4593),.UNSPECIFIED.,.F.,
 .F.,(3,3),(0.000137513181707811,0.519099621762022),.UNSPECIFIED.);
#264=B_SPLINE_CURVE_WITH_KNOTS('',3,(#4594,#4595,#4596,#4597,#4598,#4599,
#4600,#4601,#4602,#4603),.UNSPECIFIED.,.F.,.F.,(4,2,2,2,4),(0.982613132200951,
1.03951492754911,1.10771475959761,1.17591459164611,1.19781230832707),
 .UNSPECIFIED.);
#265=B_SPLINE_CURVE_WITH_KNOTS('',3,(#4606,#4607,#4608,#4609,#4610,#4611),
 .UNSPECIFIED.,.F.,.F.,(4,2,4),(15.6221431772567,16.0942741796171,16.1109873642613),
 .UNSPECIFIED.);
#266=B_SPLINE_CURVE_WITH_KNOTS('',3,(#4613,#4614,#4615,#4616,#4617,#4618,
#4619,#4620,#4621,#4622,#4623,#4624,#4625,#4626,#4627,#4628,#4629,#4630,
#4631),.UNSPECIFIED.,.F.,.F.,(4,3,3,3,3,3,4),(0.,0.0965461334778448,0.194329169655046,
0.268810013735367,0.372738763077195,0.478869556500368,0.537620027470735),
 .UNSPECIFIED.);
#267=B_SPLINE_CURVE_WITH_KNOTS('',3,(#4635,#4636,#4637,#4638,#4639,#4640),
 .UNSPECIFIED.,.F.,.F.,(4,2,4),(12.4970791388729,12.8028029928507,13.0084185479204),
 .UNSPECIFIED.);
#268=B_SPLINE_CURVE_WITH_KNOTS('',3,(#4641,#4642,#4643,#4644,#4645,#4646,
#4647,#4648),.UNSPECIFIED.,.F.,.F.,(4,2,2,4),(-0.70388658042238,-0.621507769215596,
-0.514102672219488,-0.488339249476839),.UNSPECIFIED.);
#269=B_SPLINE_CURVE_WITH_KNOTS('',3,(#4652,#4653,#4654,#4655),
 .UNSPECIFIED.,.F.,.F.,(4,4),(8.25071500802723,8.75306551819877),
 .UNSPECIFIED.);
#270=B_SPLINE_CURVE_WITH_KNOTS('',3,(#4658,#4659,#4660,#4661,#4662,#4663),
 .UNSPECIFIED.,.F.,.F.,(4,2,4),(-4.39785918829427,-4.20107888375342,-3.89130076983443),
 .UNSPECIFIED.);
#271=B_SPLINE_CURVE_WITH_KNOTS('',3,(#4665,#4666,#4667,#4668,#4669,#4670),
 .UNSPECIFIED.,.F.,.F.,(4,2,4),(15.7564403968231,16.4592616067302,16.4684735332386),
 .UNSPECIFIED.);
#272=B_SPLINE_CURVE_WITH_KNOTS('',3,(#4674,#4675,#4676,#4677),
 .UNSPECIFIED.,.F.,.F.,(4,4),(20.1405546795502,20.9071590199295),
 .UNSPECIFIED.);
#273=B_SPLINE_CURVE_WITH_KNOTS('',3,(#4679,#4680,#4681,#4682),
 .UNSPECIFIED.,.F.,.F.,(4,4),(-3.37822854234466,-2.88254507703868),
 .UNSPECIFIED.);
#274=B_SPLINE_CURVE_WITH_KNOTS('',3,(#4686,#4687,#4688,#4689),
 .UNSPECIFIED.,.F.,.F.,(4,4),(2.43299405358013,2.93601277176857),
 .UNSPECIFIED.);
#275=B_SPLINE_CURVE_WITH_KNOTS('',3,(#4690,#4691,#4692,#4693,#4694,#4695),
 .UNSPECIFIED.,.F.,.F.,(4,2,4),(-14.1547272180134,-13.9336625417338,-13.6433625171608),
 .UNSPECIFIED.);
#276=B_SPLINE_CURVE_WITH_KNOTS('',3,(#4698,#4699,#4700,#4701,#4702,#4703),
 .UNSPECIFIED.,.F.,.F.,(4,2,4),(12.3237659312802,12.4149190909319,12.8226590821508),
 .UNSPECIFIED.);
#277=B_SPLINE_CURVE_WITH_KNOTS('',3,(#4704,#4705,#4706,#4707,#4708,#4709,
#4710,#4711),.UNSPECIFIED.,.F.,.F.,(4,2,2,4),(-0.877991098548343,-0.875168526138522,
-0.752704271979821,-0.670196945698537),.UNSPECIFIED.);
#278=B_SPLINE_CURVE_WITH_KNOTS('',3,(#4714,#4715,#4716,#4717,#4718,#4719,
#4720,#4721,#4722),.UNSPECIFIED.,.F.,.F.,(4,2,3,4),(1.756160248841,1.79029855136867,
1.91135054266763,1.97327129429532),.UNSPECIFIED.);
#279=B_SPLINE_CURVE_WITH_KNOTS('',3,(#4723,#4724,#4725,#4726,#4727,#4728,
#4729,#4730,#4731,#4732,#4733,#4734,#4735),.UNSPECIFIED.,.F.,.F.,(4,3,3,
3,4),(1.19367133556572E-15,0.0543831721470377,0.108237682660726,0.1613593060681,
0.180468510217696),.UNSPECIFIED.);
#280=B_SPLINE_CURVE_WITH_KNOTS('',3,(#4738,#4739,#4740,#4741,#4742,#4743,
#4744,#4745),.UNSPECIFIED.,.F.,.F.,(4,2,2,4),(-3.93395572229325,-3.85252375196287,
-3.74446531373814,-3.71821863642883),.UNSPECIFIED.);
#281=B_SPLINE_CURVE_WITH_KNOTS('',3,(#4746,#4747,#4748,#4749),
 .UNSPECIFIED.,.F.,.F.,(4,4),(0.914799621322215,1.39702889133807),
 .UNSPECIFIED.);
#282=B_SPLINE_CURVE_WITH_KNOTS('',3,(#4752,#4753,#4754,#4755,#4756,#4757,
#4758,#4759,#4760,#4761,#4762,#4763,#4764,#4765,#4766,#4767,#4768,#4769,
#4770),.UNSPECIFIED.,.F.,.F.,(4,3,3,3,3,3,4),(0.,0.0981964365480862,0.197586357343156,
0.269124505514835,0.375083221755758,0.483125312612306,0.538249011029669),
 .UNSPECIFIED.);
#283=B_SPLINE_CURVE_WITH_KNOTS('',3,(#4776,#4777,#4778,#4779),
 .UNSPECIFIED.,.F.,.F.,(4,4),(13.1153811454419,13.6244241217532),
 .UNSPECIFIED.);
#284=B_SPLINE_CURVE_WITH_KNOTS('',3,(#4781,#4782,#4783,#4784),
 .UNSPECIFIED.,.F.,.F.,(4,4),(14.3343388441548,14.7220823989164),
 .UNSPECIFIED.);
#285=B_SPLINE_CURVE_WITH_KNOTS('',3,(#4788,#4789,#4790,#4791),
 .UNSPECIFIED.,.F.,.F.,(4,4),(17.8107520111992,18.3272612492151),
 .UNSPECIFIED.);
#286=B_SPLINE_CURVE_WITH_KNOTS('',3,(#4792,#4793,#4794,#4795,#4796,#4797),
 .UNSPECIFIED.,.F.,.F.,(4,2,4),(-13.2227432716567,-13.0171830925228,-12.7145747911584),
 .UNSPECIFIED.);
#287=B_SPLINE_CURVE_WITH_KNOTS('',3,(#4808,#4809,#4810,#4811,#4812,#4813,
#4814,#4815,#4816,#4817,#4818,#4819),.UNSPECIFIED.,.F.,.F.,(4,2,2,2,2,4),
(0.950699336233175,1.00100614031593,1.07131888274225,1.12077872200568,1.17159208423233,
1.20915120967969),.UNSPECIFIED.);
#288=B_SPLINE_CURVE_WITH_KNOTS('',3,(#4820,#4821,#4822,#4823,#4824,#4825,
#4826,#4827),.UNSPECIFIED.,.F.,.F.,(4,2,2,4),(0.989787107126204,1.03621413496163,
1.20341112501942,1.3017666294637),.UNSPECIFIED.);
#289=B_SPLINE_CURVE_WITH_KNOTS('',3,(#4830,#4831,#4832,#4833,#4834,#4835,
#4836,#4837,#4838,#4839),.UNSPECIFIED.,.F.,.F.,(4,3,3,4),(0.,0.204598633087867,
0.404782089276276,0.532116216369511),.UNSPECIFIED.);
#290=B_SPLINE_CURVE_WITH_KNOTS('',3,(#4843,#4844,#4845,#4846,#4847,#4848),
 .UNSPECIFIED.,.F.,.F.,(4,2,4),(-9.19474706600702,-9.05999472711608,-8.69475210229281),
 .UNSPECIFIED.);
#291=B_SPLINE_CURVE_WITH_KNOTS('',3,(#4849,#4850,#4851,#4852),
 .UNSPECIFIED.,.F.,.F.,(4,4),(2.7966666908923,3.17404693062744),
 .UNSPECIFIED.);
#292=B_SPLINE_CURVE_WITH_KNOTS('',3,(#4855,#4856,#4857,#4858,#4859,#4860,
#4861,#4862,#4863),.UNSPECIFIED.,.F.,.F.,(4,3,2,4),(-0.311996248961368,
0.,0.0501525715299067,0.198337134794554),.UNSPECIFIED.);
#293=B_SPLINE_CURVE_WITH_KNOTS('',3,(#4866,#4867,#4868,#4869,#4870,#4871,
#4872,#4873,#4874,#4875),.UNSPECIFIED.,.F.,.F.,(4,2,2,2,4),(1.07775038798454,
1.1071428890094,1.17753724810652,1.24793160720364,1.30136712994098),
 .UNSPECIFIED.);
#294=B_SPLINE_CURVE_WITH_KNOTS('',3,(#4878,#4879,#4880,#4881,#4882,#4883,
#4884,#4885,#4886,#4887),.UNSPECIFIED.,.F.,.F.,(4,3,3,4),(1.44169340117898E-15,
0.0565279041403347,0.115498950253546,0.174469996366758),.UNSPECIFIED.);
#295=B_SPLINE_CURVE_WITH_KNOTS('',3,(#4888,#4889,#4890,#4891,#4892,#4893,
#4894,#4895),.UNSPECIFIED.,.F.,.F.,(4,2,2,4),(4.85937569422128,4.92567696936935,
5.08013092186053,5.10913305279567),.UNSPECIFIED.);
#296=B_SPLINE_CURVE_WITH_KNOTS('',3,(#4898,#4899,#4900,#4901,#4902,#4903,
#4904,#4905,#4906,#4907,#4908,#4909,#4910),.UNSPECIFIED.,.F.,.F.,(4,3,3,
3,4),(0.,0.0511267559700361,0.101880583870054,0.152079240465175,0.18407402704607),
 .UNSPECIFIED.);
#297=B_SPLINE_CURVE_WITH_KNOTS('',3,(#4911,#4912,#4913,#4914,#4915,#4916,
#4917,#4918),.UNSPECIFIED.,.F.,.F.,(4,2,2,4),(0.803453405366719,0.837797995160169,
0.959122056835863,1.02077553156685),.UNSPECIFIED.);
#298=B_SPLINE_CURVE_WITH_KNOTS('',3,(#4921,#4922,#4923,#4924,#4925,#4926),
 .UNSPECIFIED.,.F.,.F.,(4,2,4),(9.16643426623508,9.55598881132482,9.66620352958781),
 .UNSPECIFIED.);
#299=B_SPLINE_CURVE_WITH_KNOTS('',3,(#4928,#4929,#4930,#4931,#4932,#4933,
#4934,#4935,#4936,#4937),.UNSPECIFIED.,.F.,.F.,(4,3,3,4),(0.,0.213297143410317,
0.431154351428151,0.536987584406114),.UNSPECIFIED.);
#300=B_SPLINE_CURVE_WITH_KNOTS('',3,(#4941,#4942,#4943,#4944,#4945,#4946),
 .UNSPECIFIED.,.F.,.F.,(4,2,4),(12.669249098803,12.9690463737137,13.180645511051),
 .UNSPECIFIED.);
#301=B_SPLINE_CURVE_WITH_KNOTS('',3,(#4947,#4948,#4949,#4950,#4951,#4952,
#4953,#4954),.UNSPECIFIED.,.F.,.F.,(4,2,2,4),(-3.85002579423021,-3.76695104552587,
-3.6603173658807,-3.63454167991943),.UNSPECIFIED.);
#302=B_SPLINE_CURVE_WITH_KNOTS('',3,(#4957,#4958,#4959,#4960),
 .UNSPECIFIED.,.F.,.F.,(4,4),(17.0150478246139,17.5162579195894),
 .UNSPECIFIED.);
#303=B_SPLINE_CURVE_WITH_KNOTS('',3,(#4964,#4965,#4966,#4967,#4968,#4969),
 .UNSPECIFIED.,.F.,.F.,(4,2,4),(-12.2142513660054,-12.0271685281599,-11.7077003558545),
 .UNSPECIFIED.);
#304=B_SPLINE_CURVE_WITH_KNOTS('',3,(#4971,#4972,#4973,#4974,#4975,#4976),
 .UNSPECIFIED.,.F.,.F.,(4,2,4),(14.9095172703638,15.3729116791575,15.4054617695753),
 .UNSPECIFIED.);
#305=B_SPLINE_CURVE_WITH_KNOTS('',3,(#4980,#4981,#4982,#4983,#4984,#4985),
 .UNSPECIFIED.,.F.,.F.,(4,2,4),(-13.3747876985965,-13.1647939549808,-12.8628874437191),
 .UNSPECIFIED.);
#306=B_SPLINE_CURVE_WITH_KNOTS('',3,(#4987,#4988,#4989,#4990,#4991,#4992),
 .UNSPECIFIED.,.F.,.F.,(4,2,4),(-4.33583921867373,-4.13880382602567,-3.83158267689804),
 .UNSPECIFIED.);
#307=B_SPLINE_CURVE_WITH_KNOTS('',3,(#4994,#4995,#4996,#4997),
 .UNSPECIFIED.,.F.,.F.,(4,4),(21.5720570283973,22.0751888515394),
 .UNSPECIFIED.);
#308=B_SPLINE_CURVE_WITH_KNOTS('',3,(#5000,#5001,#5002,#5003),
 .UNSPECIFIED.,.F.,.F.,(4,4),(-4.83108551622626,-4.33346317959027),
 .UNSPECIFIED.);
#309=B_SPLINE_CURVE_WITH_KNOTS('',3,(#5006,#5007,#5008,#5009,#5010,#5011),
 .UNSPECIFIED.,.F.,.F.,(4,2,4),(11.952652938465,12.0753449325384,12.4525945840509),
 .UNSPECIFIED.);
#310=B_SPLINE_CURVE_WITH_KNOTS('',3,(#5012,#5013,#5014,#5015,#5016,#5017,
#5018,#5019,#5020),.UNSPECIFIED.,.F.,.F.,(4,2,3,4),(-0.194724487720541,
-0.138332385475803,0.,0.0411263976821411),.UNSPECIFIED.);
#311=B_SPLINE_CURVE_WITH_KNOTS('',2,(#5023,#5024,#5025),.UNSPECIFIED.,.F.,
 .F.,(3,3),(0.,0.51828768111342),.UNSPECIFIED.);
#312=B_SPLINE_CURVE_WITH_KNOTS('',3,(#5026,#5027,#5028,#5029,#5030,#5031,
#5032,#5033),.UNSPECIFIED.,.F.,.F.,(4,2,2,4),(0.798731070383716,0.835108606337007,
0.95606366488926,1.01604208238142),.UNSPECIFIED.);
#313=B_SPLINE_CURVE_WITH_KNOTS('',3,(#5036,#5037,#5038,#5039,#5040,#5041),
 .UNSPECIFIED.,.F.,.F.,(4,2,4),(14.1078871852658,14.5219391170041,14.6021307994689),
 .UNSPECIFIED.);
#314=B_SPLINE_CURVE_WITH_KNOTS('',3,(#5042,#5043,#5044,#5045,#5046,#5047,
#5048,#5049),.UNSPECIFIED.,.F.,.F.,(4,2,2,4),(-0.6799214364679,-0.592679184185519,
-0.487716847088122,-0.464569030158563),.UNSPECIFIED.);
#315=B_SPLINE_CURVE_WITH_KNOTS('',3,(#5052,#5053,#5054,#5055,#5056,#5057),
 .UNSPECIFIED.,.F.,.F.,(4,2,4),(17.7020124510502,18.1276940803424,18.1843458762413),
 .UNSPECIFIED.);
#316=B_SPLINE_CURVE_WITH_KNOTS('',3,(#5063,#5064,#5065,#5066,#5067,#5068),
 .UNSPECIFIED.,.F.,.F.,(4,2,4),(-4.39948691163992,-4.20504693435272,-3.89563095063911),
 .UNSPECIFIED.);
#317=B_SPLINE_CURVE_WITH_KNOTS('',3,(#5070,#5071,#5072,#5073),
 .UNSPECIFIED.,.F.,.F.,(4,4),(-10.8021971051303,-10.307299316518),
 .UNSPECIFIED.);
#318=B_SPLINE_CURVE_WITH_KNOTS('',3,(#5077,#5078,#5079,#5080),
 .UNSPECIFIED.,.F.,.F.,(4,4),(26.3480055201167,27.0651185440619),
 .UNSPECIFIED.);
#319=B_SPLINE_CURVE_WITH_KNOTS('',3,(#5081,#5082,#5083,#5084),
 .UNSPECIFIED.,.F.,.F.,(4,4),(26.5190600108999,27.0329719898952),
 .UNSPECIFIED.);
#320=B_SPLINE_CURVE_WITH_KNOTS('',3,(#5087,#5088,#5089,#5090,#5091,#5092),
 .UNSPECIFIED.,.F.,.F.,(4,2,4),(12.4537936231858,12.543675981222,12.951935948296),
 .UNSPECIFIED.);
#321=B_SPLINE_CURVE_WITH_KNOTS('',3,(#5093,#5094,#5095,#5096,#5097,#5098,
#5099,#5100),.UNSPECIFIED.,.F.,.F.,(4,2,2,4),(-0.820512447862752,-0.816645869919309,
-0.678063642485928,-0.577595045704699),.UNSPECIFIED.);
#322=B_SPLINE_CURVE_WITH_KNOTS('',2,(#5103,#5104,#5105),.UNSPECIFIED.,.F.,
 .F.,(3,3),(0.000135366318414869,0.519104892345527),.UNSPECIFIED.);
#323=B_SPLINE_CURVE_WITH_KNOTS('',3,(#5106,#5107,#5108,#5109,#5110,#5111,
#5112,#5113,#5114,#5115,#5116),.UNSPECIFIED.,.F.,.F.,(4,2,3,2,4),(2.0893780655013,
2.14632100653986,2.21450645131638,2.28269189609291,2.30456717633064),
 .UNSPECIFIED.);
#324=B_SPLINE_CURVE_WITH_KNOTS('',3,(#5119,#5120,#5121,#5122,#5123,#5124,
#5125,#5126,#5127,#5128,#5129),.UNSPECIFIED.,.F.,.F.,(4,3,2,2,4),(-0.0406032793207279,
0.,0.0712266276243909,0.14258734373205,0.189839406161525),.UNSPECIFIED.);
#325=B_SPLINE_CURVE_WITH_KNOTS('',3,(#5130,#5131,#5132,#5133,#5134,#5135),
 .UNSPECIFIED.,.F.,.F.,(4,2,4),(25.0835060796266,25.3470299352567,25.6518733919975),
 .UNSPECIFIED.);
#326=B_SPLINE_CURVE_WITH_KNOTS('',3,(#5138,#5139,#5140,#5141,#5142,#5143,
#5144,#5145,#5146,#5147,#5148,#5149,#5150,#5151,#5152,#5153,#5154,#5155,
#5156,#5157,#5158,#5159,#5160,#5161,#5162,#5163,#5164,#5165,#5166,#5167,
#5168),.UNSPECIFIED.,.F.,.F.,(4,3,3,3,3,3,3,3,3,3,4),(0.,0.0234731386744501,
0.0471465220133851,0.0710132880769138,0.0953229108932198,0.107255073860073,
0.131101909002925,0.155441553817991,0.179993939020569,0.20472813716957,
0.213824126431852),.UNSPECIFIED.);
#327=B_SPLINE_CURVE_WITH_KNOTS('',3,(#5179,#5180,#5181,#5182,#5183,#5184,
#5185,#5186,#5187,#5188),.UNSPECIFIED.,.F.,.F.,(4,2,2,2,4),(0.134027262462665,
0.155078652372121,0.232455255108071,0.309831857844022,0.357499164266173),
 .UNSPECIFIED.);
#328=B_SPLINE_CURVE_WITH_KNOTS('',3,(#5191,#5192,#5193,#5194),
 .UNSPECIFIED.,.F.,.F.,(4,4),(12.0889362820225,12.5671362592877),
 .UNSPECIFIED.);
#329=B_SPLINE_CURVE_WITH_KNOTS('',3,(#5195,#5196,#5197,#5198,#5199,#5200,
#5201,#5202),.UNSPECIFIED.,.F.,.F.,(4,2,2,4),(3.16360012282368,3.25512193391892,
3.33249024728994,3.38461896882575),.UNSPECIFIED.);
#330=B_SPLINE_CURVE_WITH_KNOTS('',3,(#5205,#5206,#5207,#5208),
 .UNSPECIFIED.,.F.,.F.,(4,4),(4.94536758451147,5.4239115913828),
 .UNSPECIFIED.);
#331=B_SPLINE_CURVE_WITH_KNOTS('',3,(#5213,#5214,#5215,#5216),
 .UNSPECIFIED.,.F.,.F.,(4,4),(13.0347705687088,13.511383487671),
 .UNSPECIFIED.);
#332=B_SPLINE_CURVE_WITH_KNOTS('',3,(#5218,#5219,#5220,#5221),
 .UNSPECIFIED.,.F.,.F.,(4,4),(1.35686045249335,1.83393189301314),
 .UNSPECIFIED.);
#333=B_SPLINE_CURVE_WITH_KNOTS('',3,(#5224,#5225,#5226,#5227,#5228,#5229,
#5230,#5231),.UNSPECIFIED.,.F.,.F.,(4,2,2,4),(-3.73273779392852,-3.6493536588555,
-3.54304473918896,-3.51727694420088),.UNSPECIFIED.);
#334=B_SPLINE_CURVE_WITH_KNOTS('',3,(#5232,#5233,#5234,#5235,#5236,#5237),
 .UNSPECIFIED.,.F.,.F.,(4,2,4),(11.9176212514812,12.2379488136087,12.4288543929982),
 .UNSPECIFIED.);
#335=B_SPLINE_CURVE_WITH_KNOTS('',3,(#5240,#5241,#5242,#5243),
 .UNSPECIFIED.,.F.,.F.,(4,4),(16.2617619365586,16.7630795633415),
 .UNSPECIFIED.);
#336=B_SPLINE_CURVE_WITH_KNOTS('',3,(#5247,#5248,#5249,#5250,#5251,#5252),
 .UNSPECIFIED.,.F.,.F.,(4,2,4),(-4.35095175680126,-4.15143837997852,-3.84437949006107),
 .UNSPECIFIED.);
#337=B_SPLINE_CURVE_WITH_KNOTS('',3,(#5254,#5255,#5256,#5257,#5258,#5259,
#5260),.UNSPECIFIED.,.F.,.F.,(4,3,4),(19.2382490095574,19.9931300334314,
20.3002211618803),.UNSPECIFIED.);
#338=B_SPLINE_CURVE_WITH_KNOTS('',3,(#5264,#5265,#5266,#5267),
 .UNSPECIFIED.,.F.,.F.,(4,4),(8.10556860271769,8.42584995119836),
 .UNSPECIFIED.);
#339=B_SPLINE_CURVE_WITH_KNOTS('',3,(#5269,#5270,#5271,#5272),
 .UNSPECIFIED.,.F.,.F.,(4,4),(18.6413444162911,19.5774295678311),
 .UNSPECIFIED.);
#340=B_SPLINE_CURVE_WITH_KNOTS('',3,(#5276,#5277,#5278,#5279),
 .UNSPECIFIED.,.F.,.F.,(4,4),(-6.2280657878264,-5.72779193954361),
 .UNSPECIFIED.);
#341=B_SPLINE_CURVE_WITH_KNOTS('',3,(#5280,#5281,#5282,#5283,#5284,#5285),
 .UNSPECIFIED.,.F.,.F.,(4,2,4),(-13.555712792868,-13.3448424606758,-13.0442225157381),
 .UNSPECIFIED.);
#342=B_SPLINE_CURVE_WITH_KNOTS('',3,(#5288,#5289,#5290,#5291,#5292,#5293),
 .UNSPECIFIED.,.F.,.F.,(4,2,4),(12.3760977564923,12.4365018940419,12.8739047064884),
 .UNSPECIFIED.);
#343=B_SPLINE_CURVE_WITH_KNOTS('',3,(#5294,#5295,#5296,#5297,#5298,#5299,
#5300,#5301),.UNSPECIFIED.,.F.,.F.,(4,2,2,4),(-0.459954859103982,-0.419243922794803,
-0.278409584179096,-0.219913290172094),.UNSPECIFIED.);
#344=B_SPLINE_CURVE_WITH_KNOTS('',3,(#5304,#5305,#5306,#5307,#5308,#5309,
#5310,#5311,#5312,#5313,#5314,#5315,#5316),.UNSPECIFIED.,.F.,.F.,(4,3,3,
3,4),(0.,0.0549173735470105,0.109276692979506,0.162869679391196,0.180473714068181),
 .UNSPECIFIED.);
#345=B_SPLINE_CURVE_WITH_KNOTS('',3,(#5317,#5318,#5319,#5320,#5321,#5322,
#5323,#5324),.UNSPECIFIED.,.F.,.F.,(4,2,2,4),(0.79949268257377,0.833953967294238,
0.954935238027706,1.01651945104118),.UNSPECIFIED.);
#346=B_SPLINE_CURVE_WITH_KNOTS('',3,(#5327,#5328,#5329,#5330,#5331,#5332,
#5333,#5334),.UNSPECIFIED.,.F.,.F.,(4,2,2,4),(-0.689441923959565,-0.606385197155616,
-0.500114651812212,-0.474048111364868),.UNSPECIFIED.);
#347=B_SPLINE_CURVE_WITH_KNOTS('',3,(#5335,#5336,#5337,#5338,#5339,#5340),
 .UNSPECIFIED.,.F.,.F.,(4,2,4),(-11.6015465700316,-11.5225876295432,-11.1029094716162),
 .UNSPECIFIED.);
#348=B_SPLINE_CURVE_WITH_KNOTS('',3,(#5344,#5345,#5346,#5347),
 .UNSPECIFIED.,.F.,.F.,(4,4),(21.3334340675678,21.8141063937249),
 .UNSPECIFIED.);
#349=B_SPLINE_CURVE_WITH_KNOTS('',3,(#5353,#5354,#5355,#5356),
 .UNSPECIFIED.,.F.,.F.,(4,4),(-3.57662544109053,-3.08102847564994),
 .UNSPECIFIED.);
#350=B_SPLINE_CURVE_WITH_KNOTS('',3,(#5360,#5361,#5362,#5363),
 .UNSPECIFIED.,.F.,.F.,(4,4),(17.1278253423946,17.6378903521619),
 .UNSPECIFIED.);
#351=B_SPLINE_CURVE_WITH_KNOTS('',3,(#5364,#5365,#5366,#5367,#5368,#5369),
 .UNSPECIFIED.,.F.,.F.,(4,2,4),(-13.2193225051464,-13.0174669202895,-12.7115661897778),
 .UNSPECIFIED.);
#352=B_SPLINE_CURVE_WITH_KNOTS('',3,(#5370,#5371,#5372,#5373),
 .UNSPECIFIED.,.F.,.F.,(4,4),(13.1839424087938,13.6580096188101),
 .UNSPECIFIED.);
#353=B_SPLINE_CURVE_WITH_KNOTS('',3,(#5376,#5377,#5378,#5379,#5380,#5381,
#5382),.UNSPECIFIED.,.F.,.F.,(4,3,4),(15.4236434064523,15.7255981875942,
15.8378775966785),.UNSPECIFIED.);
#354=B_SPLINE_CURVE_WITH_KNOTS('',3,(#5383,#5384,#5385,#5386,#5387,#5388,
#5389,#5390,#5391),.UNSPECIFIED.,.F.,.F.,(4,2,3,4),(3.73410984594046,3.79473116492839,
3.92031634666412,3.97066999961038),.UNSPECIFIED.);
#355=B_SPLINE_CURVE_WITH_KNOTS('',3,(#5394,#5395,#5396,#5397),
 .UNSPECIFIED.,.F.,.F.,(4,4),(7.73548854395282,8.12765422166698),
 .UNSPECIFIED.);
#356=B_SPLINE_CURVE_WITH_KNOTS('',3,(#5398,#5399,#5400,#5401,#5402,#5403,
#5404,#5405,#5406,#5407),.UNSPECIFIED.,.F.,.F.,(4,2,2,2,4),(0.946372264039391,
1.0098664544497,1.07708993613206,1.14431341781443,1.16153340983174),
 .UNSPECIFIED.);
#357=B_SPLINE_CURVE_WITH_KNOTS('',3,(#5410,#5411,#5412,#5413,#5414,#5415,
#5416,#5417),.UNSPECIFIED.,.F.,.F.,(4,2,2,4),(2.36185983633557,2.4487587171601,
2.65816325626549,2.73027762800754),.UNSPECIFIED.);
#358=B_SPLINE_CURVE_WITH_KNOTS('',3,(#5418,#5419,#5420,#5421),
 .UNSPECIFIED.,.F.,.F.,(4,4),(4.93958395650605,5.41797719248986),
 .UNSPECIFIED.);
#359=B_SPLINE_CURVE_WITH_KNOTS('',3,(#5424,#5425,#5426,#5427,#5428,#5429,
#5430),.UNSPECIFIED.,.F.,.F.,(4,3,4),(-6.42835064745553,-6.33933627831859,
-6.12961877662984),.UNSPECIFIED.);
#360=B_SPLINE_CURVE_WITH_KNOTS('',3,(#5433,#5434,#5435,#5436,#5437,#5438,
#5439,#5440,#5441,#5442,#5443),.UNSPECIFIED.,.F.,.F.,(4,3,2,2,4),(2.16225148019177,
2.1925597683341,2.2622820227796,2.33200427722509,2.38571078465674),
 .UNSPECIFIED.);
#361=B_SPLINE_CURVE_WITH_KNOTS('',3,(#5446,#5447,#5448,#5449,#5450,#5451,
#5452,#5453,#5454,#5455,#5456,#5457,#5458),.UNSPECIFIED.,.F.,.F.,(4,3,3,
3,4),(0.000125402135028681,0.038826311117653,0.0771799255823163,0.115064918913049,
0.121336157290274),.UNSPECIFIED.);
#362=B_SPLINE_CURVE_WITH_KNOTS('',3,(#5459,#5460,#5461,#5462,#5463,#5464,
#5465,#5466),.UNSPECIFIED.,.F.,.F.,(4,2,2,4),(1.99843470257986,2.09236300266045,
2.26700607701809,2.30040680413244),.UNSPECIFIED.);
#363=B_SPLINE_CURVE_WITH_KNOTS('',3,(#5469,#5470,#5471,#5472,#5473,#5474,
#5475,#5476,#5477,#5478),.UNSPECIFIED.,.F.,.F.,(4,3,3,4),(0.,0.204619841149134,
0.404518465510525,0.53277431374139),.UNSPECIFIED.);
#364=B_SPLINE_CURVE_WITH_KNOTS('',3,(#5484,#5485,#5486,#5487,#5488,#5489),
 .UNSPECIFIED.,.F.,.F.,(4,2,4),(16.2939826466836,16.7856439790008,16.7905881463747),
 .UNSPECIFIED.);
#365=B_SPLINE_CURVE_WITH_KNOTS('',3,(#5490,#5491,#5492,#5493,#5494,#5495,
#5496,#5497,#5498,#5499),.UNSPECIFIED.,.F.,.F.,(4,3,3,4),(0.,0.212749409320937,
0.430085631513687,0.536793167116555),.UNSPECIFIED.);
#366=B_SPLINE_CURVE_WITH_KNOTS('',3,(#5502,#5503,#5504,#5505,#5506,#5507),
 .UNSPECIFIED.,.F.,.F.,(4,2,4),(13.5704967304888,13.8688166720048,14.0821554159639),
 .UNSPECIFIED.);
#367=B_SPLINE_CURVE_WITH_KNOTS('',3,(#5508,#5509,#5510,#5511,#5512,#5513,
#5514,#5515),.UNSPECIFIED.,.F.,.F.,(4,2,2,4),(-4.8203651137468,-4.74183973589244,
-4.6348378881451,-4.60477488362532),.UNSPECIFIED.);
#368=B_SPLINE_CURVE_WITH_KNOTS('',3,(#5518,#5519,#5520,#5521),
 .UNSPECIFIED.,.F.,.F.,(4,4),(6.8502456303126,7.35146227906211),
 .UNSPECIFIED.);
#369=B_SPLINE_CURVE_WITH_KNOTS('',3,(#5525,#5526,#5527,#5528,#5529,#5530),
 .UNSPECIFIED.,.F.,.F.,(4,2,4),(-4.38722134180604,-4.18835042442969,-3.88047499325212),
 .UNSPECIFIED.);
#370=B_SPLINE_CURVE_WITH_KNOTS('',3,(#5532,#5533,#5534,#5535),
 .UNSPECIFIED.,.F.,.F.,(4,4),(14.442487614113,14.8304247400547),
 .UNSPECIFIED.);
#371=B_SPLINE_CURVE_WITH_KNOTS('',3,(#5539,#5540,#5541,#5542,#5543,#5544),
 .UNSPECIFIED.,.F.,.F.,(4,2,4),(-4.45380218676052,-4.25683564049586,-3.94678823343151),
 .UNSPECIFIED.);
#372=B_SPLINE_CURVE_WITH_KNOTS('',3,(#5546,#5547,#5548,#5549,#5550,#5551),
 .UNSPECIFIED.,.F.,.F.,(4,2,4),(15.154100441084,15.2103871361812,15.7737566612403),
 .UNSPECIFIED.);
#373=B_SPLINE_CURVE_WITH_KNOTS('',3,(#5555,#5556,#5557,#5558),
 .UNSPECIFIED.,.F.,.F.,(4,4),(-4.76538163287855,-4.2670076842982),
 .UNSPECIFIED.);
#374=B_SPLINE_CURVE_WITH_KNOTS('',3,(#5559,#5560,#5561,#5562,#5563,#5564),
 .UNSPECIFIED.,.F.,.F.,(4,2,4),(-13.4559645507693,-13.2448403961468,-12.944324581916),
 .UNSPECIFIED.);
#375=B_SPLINE_CURVE_WITH_KNOTS('',3,(#5567,#5568,#5569,#5570,#5571,#5572),
 .UNSPECIFIED.,.F.,.F.,(4,2,4),(12.3692798802177,12.4571996481566,12.868774920238),
 .UNSPECIFIED.);
#376=B_SPLINE_CURVE_WITH_KNOTS('',3,(#5573,#5574,#5575,#5576,#5577,#5578,
#5579,#5580),.UNSPECIFIED.,.F.,.F.,(4,2,2,4),(-2.33355842220832,-2.33037674453874,
-2.19211919441537,-2.097380137689),.UNSPECIFIED.);
#377=B_SPLINE_CURVE_WITH_KNOTS('',3,(#5583,#5584,#5585,#5586,#5587,#5588,
#5589,#5590,#5591,#5592,#5593,#5594,#5595),.UNSPECIFIED.,.F.,.F.,(4,3,3,
3,4),(0.,0.0507428435964309,0.10109288821932,0.150854508602964,0.184987494690206),
 .UNSPECIFIED.);
#378=B_SPLINE_CURVE_WITH_KNOTS('',3,(#5596,#5597,#5598,#5599,#5600,#5601,
#5602,#5603),.UNSPECIFIED.,.F.,.F.,(4,2,2,4),(0.798388938988766,0.834798465316656,
0.955723578233403,1.01573502621458),.UNSPECIFIED.);
#379=B_SPLINE_CURVE_WITH_KNOTS('',3,(#5606,#5607,#5608,#5609,#5610,#5611,
#5612,#5613),.UNSPECIFIED.,.F.,.F.,(4,2,2,4),(-0.689099222565082,-0.60140114308823,
-0.496640587807,-0.473797652024321),.UNSPECIFIED.);
#380=B_SPLINE_CURVE_WITH_KNOTS('',3,(#5614,#5615,#5616,#5617,#5618,#5619),
 .UNSPECIFIED.,.F.,.F.,(4,2,4),(3.69287831156118,4.05704032509976,4.19224861681503),
 .UNSPECIFIED.);
#381=B_SPLINE_CURVE_WITH_KNOTS('',3,(#5622,#5623,#5624,#5625,#5626,#5627),
 .UNSPECIFIED.,.F.,.F.,(4,2,4),(17.5826167656079,18.0186300606584,18.0649755946939),
 .UNSPECIFIED.);
#382=B_SPLINE_CURVE_WITH_KNOTS('',3,(#5633,#5634,#5635,#5636,#5637,#5638),
 .UNSPECIFIED.,.F.,.F.,(4,2,4),(-4.36340329493691,-4.16815232152384,-3.85943242517461),
 .UNSPECIFIED.);
#383=B_SPLINE_CURVE_WITH_KNOTS('',3,(#5640,#5641,#5642,#5643),
 .UNSPECIFIED.,.F.,.F.,(4,4),(22.5006347834946,23.0145769356876),
 .UNSPECIFIED.);
#384=B_SPLINE_CURVE_WITH_KNOTS('',3,(#5647,#5648,#5649,#5650),
 .UNSPECIFIED.,.F.,.F.,(4,4),(-15.9338779452625,-15.4329424102002),
 .UNSPECIFIED.);
#385=B_SPLINE_CURVE_WITH_KNOTS('',3,(#5651,#5652,#5653,#5654,#5655,#5656),
 .UNSPECIFIED.,.F.,.F.,(4,2,4),(-12.1649386729307,-11.9794387006981,-11.6537027924954),
 .UNSPECIFIED.);
#386=B_SPLINE_CURVE_WITH_KNOTS('',3,(#5659,#5660,#5661,#5662,#5663,#5664),
 .UNSPECIFIED.,.F.,.F.,(4,2,4),(12.1926947175222,12.2911059234163,12.6923183988249),
 .UNSPECIFIED.);
#387=B_SPLINE_CURVE_WITH_KNOTS('',3,(#5665,#5666,#5667,#5668,#5669,#5670),
 .UNSPECIFIED.,.F.,.F.,(4,2,4),(-2.30908459128433,-2.1663845940993,-2.05280177145537),
 .UNSPECIFIED.);
#388=B_SPLINE_CURVE_WITH_KNOTS('',3,(#5673,#5674,#5675,#5676,#5677,#5678,
#5679,#5680,#5681),.UNSPECIFIED.,.F.,.F.,(4,2,3,4),(1.79054716305222,1.82738342204013,
1.95083862649377,2.00783787734845),.UNSPECIFIED.);
#389=B_SPLINE_CURVE_WITH_KNOTS('',3,(#5682,#5683,#5684,#5685,#5686,#5687,
#5688,#5689,#5690,#5691,#5692,#5693,#5694),.UNSPECIFIED.,.F.,.F.,(4,3,3,
3,4),(0.,0.0506397882108606,0.100875260003456,0.150514439844699,0.181068069436817),
 .UNSPECIFIED.);
#390=B_SPLINE_CURVE_WITH_KNOTS('',3,(#5697,#5698,#5699,#5700,#5701,#5702,
#5703,#5704),.UNSPECIFIED.,.F.,.F.,(4,2,2,4),(-14.113863164696,-14.0585797868201,
-13.6647241154612,-13.6022505372767),.UNSPECIFIED.);
#391=B_SPLINE_CURVE_WITH_KNOTS('',3,(#5705,#5706,#5707,#5708,#5709,#5710,
#5711,#5712),.UNSPECIFIED.,.F.,.F.,(4,2,2,4),(-3.7164228418029,-3.63264566898228,
-3.52661192996625,-3.50108480459892),.UNSPECIFIED.);
#392=B_SPLINE_CURVE_WITH_KNOTS('',3,(#5715,#5716,#5717,#5718),
 .UNSPECIFIED.,.F.,.F.,(4,4),(17.5821260024439,18.0632953314198),
 .UNSPECIFIED.);
#393=B_SPLINE_CURVE_WITH_KNOTS('',3,(#5724,#5725,#5726,#5727),
 .UNSPECIFIED.,.F.,.F.,(4,4),(12.1658876963956,12.6460586937627),
 .UNSPECIFIED.);
#394=B_SPLINE_CURVE_WITH_KNOTS('',3,(#5728,#5729,#5730,#5731,#5732,#5733,
#5734,#5735),.UNSPECIFIED.,.F.,.F.,(4,2,2,4),(-3.23503341330416,-3.21240105682461,
-3.08771764852506,-3.01362180253309),.UNSPECIFIED.);
#395=B_SPLINE_CURVE_WITH_KNOTS('',3,(#5738,#5739,#5740,#5741,#5742,#5743),
 .UNSPECIFIED.,.F.,.F.,(4,2,4),(19.5717951829146,19.6906131985489,19.8371801081425),
 .UNSPECIFIED.);
#396=B_SPLINE_CURVE_WITH_KNOTS('',3,(#5744,#5745,#5746,#5747,#5748,#5749,
#5750,#5751,#5752,#5753,#5754),.UNSPECIFIED.,.F.,.F.,(4,2,3,2,4),(2.1293695441354,
2.18362905070083,2.25268684888767,2.32174464707451,2.34393835296261),
 .UNSPECIFIED.);
#397=B_SPLINE_CURVE_WITH_KNOTS('',3,(#5757,#5758,#5759,#5760),
 .UNSPECIFIED.,.F.,.F.,(4,4),(1.4357244520722,1.91297450224227),
 .UNSPECIFIED.);
#398=B_SPLINE_CURVE_WITH_KNOTS('',3,(#5762,#5763,#5764,#5765),
 .UNSPECIFIED.,.F.,.F.,(4,4),(-46.7545570777313,-43.8342746826923),
 .UNSPECIFIED.);
#399=B_SPLINE_CURVE_WITH_KNOTS('',3,(#5769,#5770,#5771,#5772,#5773,#5774),
 .UNSPECIFIED.,.F.,.F.,(4,2,4),(12.4354490506923,12.7418808346522,12.9466977072341),
 .UNSPECIFIED.);
#400=B_SPLINE_CURVE_WITH_KNOTS('',3,(#5775,#5776,#5777,#5778,#5779,#5780),
 .UNSPECIFIED.,.F.,.F.,(4,2,4),(0.247286750328158,0.344995283278112,0.440135279802103),
 .UNSPECIFIED.);
#401=B_SPLINE_CURVE_WITH_KNOTS('',3,(#5783,#5784,#5785,#5786),
 .UNSPECIFIED.,.F.,.F.,(4,4),(2.0725897490073E-5,0.0973686698853308),
 .UNSPECIFIED.);
#402=B_SPLINE_CURVE_WITH_KNOTS('',3,(#5787,#5788,#5789,#5790,#5791,#5792,
#5793,#5794,#5795,#5796),.UNSPECIFIED.,.F.,.F.,(4,2,2,2,4),(1.10112075876161,
1.12633771377246,1.1977317909824,1.26912586819233,1.32431189976489),
 .UNSPECIFIED.);
#403=B_SPLINE_CURVE_WITH_KNOTS('',3,(#5799,#5800,#5801,#5802,#5803,#5804),
 .UNSPECIFIED.,.F.,.F.,(4,2,4),(-12.5372185513273,-12.3712226575201,-12.0310147013549),
 .UNSPECIFIED.);
#404=B_SPLINE_CURVE_WITH_KNOTS('',3,(#5806,#5807,#5808,#5809,#5810,#5811),
 .UNSPECIFIED.,.F.,.F.,(4,2,4),(16.3357723713093,17.0715538966159,17.1277865214096),
 .UNSPECIFIED.);
#405=B_SPLINE_CURVE_WITH_KNOTS('',3,(#5816,#5817,#5818,#5819),
 .UNSPECIFIED.,.F.,.F.,(4,4),(-18.421794090876,-17.920048520662),
 .UNSPECIFIED.);
#406=B_SPLINE_CURVE_WITH_KNOTS('',3,(#5820,#5821,#5822,#5823,#5824,#5825),
 .UNSPECIFIED.,.F.,.F.,(4,2,4),(-13.5357356490666,-13.3250384675844,-13.0241703242358),
 .UNSPECIFIED.);
#407=B_SPLINE_CURVE_WITH_KNOTS('',3,(#5827,#5828,#5829,#5830,#5831,#5832),
 .UNSPECIFIED.,.F.,.F.,(4,2,4),(18.2153031475785,18.4459404849636,19.0485434778532),
 .UNSPECIFIED.);
#408=B_SPLINE_CURVE_WITH_KNOTS('',3,(#5834,#5835,#5836,#5837),
 .UNSPECIFIED.,.F.,.F.,(4,4),(14.7827936983874,15.3652522890613),
 .UNSPECIFIED.);
#409=B_SPLINE_CURVE_WITH_KNOTS('',3,(#5841,#5842,#5843,#5844,#5845,#5846),
 .UNSPECIFIED.,.F.,.F.,(4,2,4),(11.1841072852627,11.2753732926179,11.6825987427348),
 .UNSPECIFIED.);
#410=B_SPLINE_CURVE_WITH_KNOTS('',3,(#5847,#5848,#5849,#5850,#5851,#5852,
#5853,#5854,#5855),.UNSPECIFIED.,.F.,.F.,(4,2,3,4),(-0.196225419345225,
-0.13978053834343,0.,0.0389488496870634),.UNSPECIFIED.);
#411=B_SPLINE_CURVE_WITH_KNOTS('',3,(#5858,#5859,#5860,#5861,#5862,#5863,
#5864,#5865,#5866,#5867,#5868,#5869,#5870),.UNSPECIFIED.,.F.,.F.,(4,3,3,
3,4),(0.,0.0539803519417976,0.107411201688306,0.160070933042708,0.182922439553514),
 .UNSPECIFIED.);
#412=B_SPLINE_CURVE_WITH_KNOTS('',3,(#5871,#5872,#5873,#5874,#5875,#5876,
#5877,#5878),.UNSPECIFIED.,.F.,.F.,(4,2,2,4),(0.803399151439047,0.844477665438615,
0.967003984638954,1.02053223710887),.UNSPECIFIED.);
#413=B_SPLINE_CURVE_WITH_KNOTS('',3,(#5881,#5882,#5883,#5884,#5885,#5886,
#5887,#5888),.UNSPECIFIED.,.F.,.F.,(4,2,2,4),(-3.93780429969805,-3.85600356969869,
-3.74830859980789,-3.72232857980394),.UNSPECIFIED.);
#414=B_SPLINE_CURVE_WITH_KNOTS('',3,(#5889,#5890,#5891,#5892,#5893,#5894),
 .UNSPECIFIED.,.F.,.F.,(4,2,4),(3.38452070213912,3.39876279149744,3.88060424125917),
 .UNSPECIFIED.);
#415=B_SPLINE_CURVE_WITH_KNOTS('',3,(#5897,#5898,#5899,#5900,#5901,#5902,
#5903,#5904,#5905,#5906,#5907,#5908,#5909,#5910,#5911,#5912,#5913,#5914,
#5915),.UNSPECIFIED.,.F.,.F.,(4,3,3,3,3,3,4),(0.,0.0953298184522011,0.191936090939982,
0.268523991916893,0.370984504275267,0.475760255679338,0.537047983833786),
 .UNSPECIFIED.);
#416=B_SPLINE_CURVE_WITH_KNOTS('',3,(#5921,#5922,#5923,#5924,#5925,#5926,
#5927,#5928,#5929,#5930,#5931,#5932,#5933),.UNSPECIFIED.,.F.,.F.,(4,3,3,
3,4),(0.,0.0279002320240851,0.0556026560438265,0.0829867479667618,0.109506058163262),
 .UNSPECIFIED.);
#417=B_SPLINE_CURVE_WITH_KNOTS('',3,(#5934,#5935,#5936,#5937,#5938,#5939,
#5940,#5941,#5942),.UNSPECIFIED.,.F.,.F.,(4,2,3,4),(3.43136997386454,3.512342473518,
3.6233191751041,3.66810988421733),.UNSPECIFIED.);
#418=B_SPLINE_CURVE_WITH_KNOTS('',3,(#5945,#5946,#5947,#5948,#5949,#5950,
#5951,#5952,#5953,#5954),.UNSPECIFIED.,.F.,.F.,(4,3,3,4),(7.10088179939143E-16,
0.0537760897310435,0.110113057544335,0.166450025357626),.UNSPECIFIED.);
#419=B_SPLINE_CURVE_WITH_KNOTS('',3,(#5955,#5956,#5957,#5958,#5959,#5960,
#5961,#5962),.UNSPECIFIED.,.F.,.F.,(4,2,2,4),(0.844044772874727,0.863018489465443,
0.987669642736924,1.06090445086331),.UNSPECIFIED.);
#420=B_SPLINE_CURVE_WITH_KNOTS('',3,(#5965,#5966,#5967,#5968,#5969,#5970),
 .UNSPECIFIED.,.F.,.F.,(4,2,4),(-13.5266233118823,-13.3322372151293,-13.0244625350672),
 .UNSPECIFIED.);
#421=B_SPLINE_CURVE_WITH_KNOTS('',3,(#5971,#5972,#5973,#5974,#5975,#5976,
#5977),.UNSPECIFIED.,.F.,.F.,(4,3,4),(3.15261219514415,3.50583932229531,
3.61024947772462),.UNSPECIFIED.);
#422=B_SPLINE_CURVE_WITH_KNOTS('',3,(#5981,#5982,#5983,#5984,#5985,#5986,
#5987,#5988,#5989,#5990,#5991,#5992,#5993),.UNSPECIFIED.,.F.,.F.,(4,3,3,
3,4),(4.02694111093323E-16,0.049045865238969,0.0980347496480801,0.146938693226935,
0.163140696544553),.UNSPECIFIED.);
#423=B_SPLINE_CURVE_WITH_KNOTS('',3,(#5995,#5996,#5997,#5998,#5999,#6000,
#6001,#6002,#6003,#6004),.UNSPECIFIED.,.F.,.F.,(4,2,2,2,4),(0.915426070264577,
0.965217534711127,1.03548559243025,1.10575365014937,1.13744690881987),
 .UNSPECIFIED.);
#424=ELLIPSE('',#2611,3.7681248199729,3.68068149380241);
#425=ELLIPSE('',#2612,12.8920500022151,12.2547358211848);
#426=ELLIPSE('',#2613,3.71697803758178,3.59317228943556);
#427=ELLIPSE('',#2614,19989.5872596458,8247.56112201731);
#428=ELLIPSE('',#2615,3.77807713014747,3.68660175540851);
#429=ELLIPSE('',#2616,12.9124732627318,12.2828552892752);
#430=ELLIPSE('',#2617,10.560473138686,10.5599313974096);
#431=ELLIPSE('',#2618,3.79252984757731,3.70024462926782);
#432=ELLIPSE('',#2619,12.7942964448825,12.1375358040922);
#433=ELLIPSE('',#2620,16526.4215888666,6817.73422973547);
#434=ELLIPSE('',#2621,3.77984659370626,3.69195878432952);
#435=ELLIPSE('',#2622,12.7513204004902,12.0719876154681);
#436=ELLIPSE('',#2623,3.84242811266583,3.70128234413891);
#437=ELLIPSE('',#2624,16525.9861673483,6817.4694744267);
#438=ELLIPSE('',#2625,3.77033256108331,3.6785532158943);
#439=ELLIPSE('',#2626,13.0418966973122,13.04187235406);
#440=ELLIPSE('',#2627,3.71709104286611,3.59327449697571);
#441=ELLIPSE('',#2628,16522.2097384738,6816.46071621733);
#442=ELLIPSE('',#2629,3.78189313266781,3.67982257521552);
#443=ELLIPSE('',#2630,12.8397551606408,12.121677181346);
#444=ELLIPSE('',#2631,3.72915394562285,3.60274943206044);
#445=ELLIPSE('',#2632,16518.9971856052,6815.58859790723);
#446=ELLIPSE('',#2633,3.77142921283415,3.68325523267968);
#447=ELLIPSE('',#2634,12.7490651279957,12.0772417975946);
#448=ELLIPSE('',#2635,3.71918148069243,3.59490766708335);
#449=ELLIPSE('',#2636,16534.6346549457,6822.16670514346);
#450=ELLIPSE('',#2637,3.78599729046246,3.70087079219657);
#451=ELLIPSE('',#2638,12.8653699355335,12.2565586484271);
#452=ELLIPSE('',#2639,16526.7755609385,6818.37403026931);
#453=ELLIPSE('',#2640,3.79110700327635,3.70056010431066);
#454=ELLIPSE('',#2641,12.8429601342716,12.8429404474353);
#455=ELLIPSE('',#2642,16523.954960695,6816.62292563677);
#456=ELLIPSE('',#2643,3.77995155809905,3.69218113694236);
#457=ELLIPSE('',#2644,12.8637819267439,12.266144465291);
#458=ELLIPSE('',#2645,3.71375721594811,3.59002059594229);
#459=ELLIPSE('',#2646,19996.4594609707,8249.36667878829);
#460=ELLIPSE('',#2647,3.78531535238593,3.68697357734621);
#461=ELLIPSE('',#2648,13.0438479965499,13.043831735129);
#462=ELLIPSE('',#2649,3.72419839385711,3.59902165944291);
#463=ELLIPSE('',#2650,19980.6994808827,8243.43291889768);
#464=ELLIPSE('',#2651,12.80112785098,12.0949953298834);
#465=ELLIPSE('',#2652,3.714418313157,3.59115707829311);
#466=ELLIPSE('',#2653,19986.3080299849,8246.27116132204);
#467=ELLIPSE('',#2654,3.77998362878818,3.69059843257868);
#468=ELLIPSE('',#2655,12.8406705138181,12.0647429623495);
#469=ELLIPSE('',#2656,3.74993195287163,3.62081716695923);
#470=ELLIPSE('',#2657,16514.8922470387,6813.94060884214);
#471=ELLIPSE('',#2658,3.76114832148904,3.67158161805347);
#472=ELLIPSE('',#2659,12.85963932897,12.2399003028644);
#473=ELLIPSE('',#2660,16519.4285827703,6815.15935115396);
#474=ELLIPSE('',#2661,3.77927626796632,3.68920922060444);
#475=ELLIPSE('',#2662,12.8879566287521,12.2733696838436);
#476=ELLIPSE('',#2663,19992.6299621007,8247.83906743379);
#477=ELLIPSE('',#2664,3.76503201258371,3.68038082064897);
#478=ELLIPSE('',#2665,12.7671913350333,12.0805219668755);
#479=ELLIPSE('',#2666,3.72201489458285,3.59715828601864);
#480=ELLIPSE('',#2667,16529.893279311,6819.40708743531);
#481=ELLIPSE('',#2668,3.77142319692104,3.6799638177755);
#482=ELLIPSE('',#2669,12.8008819011629,12.0806560544966);
#483=ELLIPSE('',#2670,3.71445842259598,3.59119456035123);
#484=ELLIPSE('',#2671,16528.961072987,6819.48741897869);
#485=ELLIPSE('',#2672,3.77151429852353,3.67963494161816);
#486=ELLIPSE('',#2673,12.9226934982089,12.2414045445469);
#487=ELLIPSE('',#2674,3.8213877277459,3.67601328771587);
#488=ELLIPSE('',#2675,16521.44499987,6816.74831841636);
#489=ELLIPSE('',#2676,3.78136785490153,3.69180645357883);
#490=ELLIPSE('',#2677,12.8755696227198,12.254719533317);
#491=ELLIPSE('',#2678,19983.9765797543,8245.03228653739);
#492=ELLIPSE('',#2679,3.78605164160274,3.69195875019162);
#493=ELLIPSE('',#2680,12.6035732153758,11.8839965080377);
#494=ELLIPSE('',#2681,19975.8188962506,8241.14435062956);
#495=ELLIPSE('',#2682,3.76686244470417,3.68000304818465);
#496=ELLIPSE('',#2683,12.8906291022691,12.2489751664234);
#497=ELLIPSE('',#2684,19988.8448618985,8246.27530218533);
#498=ELLIPSE('',#2685,3.77020773215649,3.67895027954811);
#499=ELLIPSE('',#2686,13.1007570737085,13.1003432682499);
#500=ELLIPSE('',#2687,3.71928626010562,3.59500558473063);
#501=ELLIPSE('',#2688,16522.4901170655,6816.459558488);
#502=ELLIPSE('',#2689,3.77330922897292,3.68209204212992);
#503=ELLIPSE('',#2690,13.0887334617593,13.0880414146542);
#504=ELLIPSE('',#2691,3.74325049213171,3.61480090409388);
#505=ELLIPSE('',#2692,16537.0041418102,6822.91699861674);
#506=ELLIPSE('',#2694,19989.6198694802,8247.57457660235);
#507=ELLIPSE('',#2696,10.6616188855284,10.6610719555805);
#508=ELLIPSE('',#2698,3.68390311417356,3.56361032848085);
#509=ELLIPSE('',#2701,16.3196499239903,15.5238964921269);
#510=ELLIPSE('',#2704,16537.0377098307,6822.93084827268);
#511=ELLIPSE('',#2708,16.3269917790375,15.5198723998419);
#512=ELLIPSE('',#2710,3.80477317167997,3.71860930946791);
#513=ELLIPSE('',#2714,13.19079522081,13.1900977773428);
#514=ELLIPSE('',#2718,16522.523509129,6816.47333459853);
#515=ELLIPSE('',#2720,19988.8770626944,8246.28858642612);
#516=ELLIPSE('',#2723,3.72678052890783,3.60002295150787);
#517=ELLIPSE('',#2726,13.1793529816793,13.1789366936608);
#518=ELLIPSE('',#2729,19975.8532522655,8241.15852441033);
#519=ELLIPSE('',#2734,16.3393736690463,15.526052353165);
#520=ELLIPSE('',#2736,3.78325768071468,3.69784272632764);
#521=ELLIPSE('',#2740,16.3473551247539,15.4140344090059);
#522=ELLIPSE('',#2743,19984.010812792,8245.04641047812);
#523=ELLIPSE('',#2745,16521.489446804,6816.76665722162);
#524=ELLIPSE('',#2749,16.2603630788839,15.4763008457511);
#525=ELLIPSE('',#2751,3.72767172216909,3.62284712359634);
#526=ELLIPSE('',#2753,16528.9943950999,6819.50116695285);
#527=ELLIPSE('',#2758,16.4914170909767,15.6219837723058);
#528=ELLIPSE('',#2760,3.78939211661033,3.70825321429034);
#529=ELLIPSE('',#2764,16.5116714639482,15.5826626150409);
#530=ELLIPSE('',#2767,3.80712639678794,3.72823929159328);
#531=ELLIPSE('',#2769,16529.9269596303,6819.42098225023);
#532=ELLIPSE('',#2771,19992.6627635838,8247.85259948806);
#533=ELLIPSE('',#2776,16.3794125697937,15.4984638485793);
#534=ELLIPSE('',#2778,3.7992015756566,3.72416799381944);
#535=ELLIPSE('',#2780,16519.4769540262,6815.17930691788);
#536=ELLIPSE('',#2782,3.7197562932194,3.59428855331111);
#537=ELLIPSE('',#2785,16.2497988068532,15.4748959660257);
#538=ELLIPSE('',#2790,16.2433745119875,15.4605646023775);
#539=ELLIPSE('',#2793,3.78606001031903,3.70263957112625);
#540=ELLIPSE('',#2795,16514.9391241045,6813.95995002449);
#541=ELLIPSE('',#2797,19986.3456869798,8246.28669844827);
#542=ELLIPSE('',#2802,16.7168585413333,15.706703261493);
#543=ELLIPSE('',#2804,3.74168474886108,3.63854507725687);
#544=ELLIPSE('',#2806,19980.7358891162,8243.44793983481);
#545=ELLIPSE('',#2811,16.4678899535729,15.5594924447419);
#546=ELLIPSE('',#2814,3.6709497689253,3.55341260415373);
#547=ELLIPSE('',#2816,13.0549558125631,13.0549395372944);
#548=ELLIPSE('',#2819,3.80156881510658,3.71544872420079);
#549=ELLIPSE('',#2821,19996.4967660348,8249.38206867034);
#550=ELLIPSE('',#2823,16524.0012763188,6816.64203220926);
#551=ELLIPSE('',#2828,16.1754882842683,15.4239925102398);
#552=ELLIPSE('',#2830,3.78553420034224,3.69541289135859);
#553=ELLIPSE('',#2832,16526.8240817147,6818.39404825765);
#554=ELLIPSE('',#2837,12.8413215530358,12.8413018687113);
#555=ELLIPSE('',#2841,3.67512898869573,3.55641890522687);
#556=ELLIPSE('',#2843,16.212973494691,15.4457478874536);
#557=ELLIPSE('',#2846,3.7909172374222,3.70674283006637);
#558=ELLIPSE('',#2848,16534.6807048108,6822.18570525218);
#559=ELLIPSE('',#2850,16519.0403654818,6815.60641353317);
#560=ELLIPSE('',#2855,16.3173561703105,15.4574985685476);
#561=ELLIPSE('',#2857,3.76060885312292,3.65628896909686);
#562=ELLIPSE('',#2859,16522.2429705799,6816.47442657144);
#563=ELLIPSE('',#2864,16.5378613952344,15.6129625989591);
#564=ELLIPSE('',#2866,3.80633098763347,3.71825655610666);
#565=ELLIPSE('',#2870,13.0575006398099,13.0574762674322);
#566=ELLIPSE('',#2874,16526.0301317561,6817.48761107559);
#567=ELLIPSE('',#2876,16526.4687254282,6817.75367523659);
#568=ELLIPSE('',#2881,16.3430654660365,15.4723807188778);
#569=ELLIPSE('',#2883,3.81026408011588,3.72804337423115);
#570=ELLIPSE('',#2888,16.3051962419524,15.4682130457127);
#571=CYLINDRICAL_SURFACE('',#2608,2.75);
#572=CYLINDRICAL_SURFACE('',#2892,11.5);
#573=FACE_OUTER_BOUND('',#719,.T.);
#574=FACE_OUTER_BOUND('',#720,.T.);
#575=FACE_OUTER_BOUND('',#721,.T.);
#576=FACE_OUTER_BOUND('',#722,.T.);
#577=FACE_OUTER_BOUND('',#724,.T.);
#578=FACE_OUTER_BOUND('',#725,.T.);
#579=FACE_OUTER_BOUND('',#726,.T.);
#580=FACE_OUTER_BOUND('',#727,.T.);
#581=FACE_OUTER_BOUND('',#728,.T.);
#582=FACE_OUTER_BOUND('',#729,.T.);
#583=FACE_OUTER_BOUND('',#730,.T.);
#584=FACE_OUTER_BOUND('',#731,.T.);
#585=FACE_OUTER_BOUND('',#732,.T.);
#586=FACE_OUTER_BOUND('',#733,.T.);
#587=FACE_OUTER_BOUND('',#734,.T.);
#588=FACE_OUTER_BOUND('',#735,.T.);
#589=FACE_OUTER_BOUND('',#736,.T.);
#590=FACE_OUTER_BOUND('',#737,.T.);
#591=FACE_OUTER_BOUND('',#738,.T.);
#592=FACE_OUTER_BOUND('',#739,.T.);
#593=FACE_OUTER_BOUND('',#740,.T.);
#594=FACE_OUTER_BOUND('',#741,.T.);
#595=FACE_OUTER_BOUND('',#742,.T.);
#596=FACE_OUTER_BOUND('',#743,.T.);
#597=FACE_OUTER_BOUND('',#744,.T.);
#598=FACE_OUTER_BOUND('',#745,.T.);
#599=FACE_OUTER_BOUND('',#746,.T.);
#600=FACE_OUTER_BOUND('',#747,.T.);
#601=FACE_OUTER_BOUND('',#748,.T.);
#602=FACE_OUTER_BOUND('',#749,.T.);
#603=FACE_OUTER_BOUND('',#750,.T.);
#604=FACE_OUTER_BOUND('',#751,.T.);
#605=FACE_OUTER_BOUND('',#752,.T.);
#606=FACE_OUTER_BOUND('',#753,.T.);
#607=FACE_OUTER_BOUND('',#754,.T.);
#608=FACE_OUTER_BOUND('',#755,.T.);
#609=FACE_OUTER_BOUND('',#756,.T.);
#610=FACE_OUTER_BOUND('',#757,.T.);
#611=FACE_OUTER_BOUND('',#758,.T.);
#612=FACE_OUTER_BOUND('',#759,.T.);
#613=FACE_OUTER_BOUND('',#760,.T.);
#614=FACE_OUTER_BOUND('',#761,.T.);
#615=FACE_OUTER_BOUND('',#762,.T.);
#616=FACE_OUTER_BOUND('',#763,.T.);
#617=FACE_OUTER_BOUND('',#764,.T.);
#618=FACE_OUTER_BOUND('',#765,.T.);
#619=FACE_OUTER_BOUND('',#766,.T.);
#620=FACE_OUTER_BOUND('',#767,.T.);
#621=FACE_OUTER_BOUND('',#768,.T.);
#622=FACE_OUTER_BOUND('',#769,.T.);
#623=FACE_OUTER_BOUND('',#770,.T.);
#624=FACE_OUTER_BOUND('',#771,.T.);
#625=FACE_OUTER_BOUND('',#772,.T.);
#626=FACE_OUTER_BOUND('',#773,.T.);
#627=FACE_OUTER_BOUND('',#774,.T.);
#628=FACE_OUTER_BOUND('',#775,.T.);
#629=FACE_OUTER_BOUND('',#776,.T.);
#630=FACE_OUTER_BOUND('',#777,.T.);
#631=FACE_OUTER_BOUND('',#778,.T.);
#632=FACE_OUTER_BOUND('',#779,.T.);
#633=FACE_OUTER_BOUND('',#780,.T.);
#634=FACE_OUTER_BOUND('',#781,.T.);
#635=FACE_OUTER_BOUND('',#782,.T.);
#636=FACE_OUTER_BOUND('',#783,.T.);
#637=FACE_OUTER_BOUND('',#784,.T.);
#638=FACE_OUTER_BOUND('',#785,.T.);
#639=FACE_OUTER_BOUND('',#786,.T.);
#640=FACE_OUTER_BOUND('',#787,.T.);
#641=FACE_OUTER_BOUND('',#788,.T.);
#642=FACE_OUTER_BOUND('',#789,.T.);
#643=FACE_OUTER_BOUND('',#790,.T.);
#644=FACE_OUTER_BOUND('',#791,.T.);
#645=FACE_OUTER_BOUND('',#792,.T.);
#646=FACE_OUTER_BOUND('',#793,.T.);
#647=FACE_OUTER_BOUND('',#794,.T.);
#648=FACE_OUTER_BOUND('',#795,.T.);
#649=FACE_OUTER_BOUND('',#796,.T.);
#650=FACE_OUTER_BOUND('',#797,.T.);
#651=FACE_OUTER_BOUND('',#798,.T.);
#652=FACE_OUTER_BOUND('',#799,.T.);
#653=FACE_OUTER_BOUND('',#800,.T.);
#654=FACE_OUTER_BOUND('',#801,.T.);
#655=FACE_OUTER_BOUND('',#802,.T.);
#656=FACE_OUTER_BOUND('',#803,.T.);
#657=FACE_OUTER_BOUND('',#804,.T.);
#658=FACE_OUTER_BOUND('',#805,.T.);
#659=FACE_OUTER_BOUND('',#806,.T.);
#660=FACE_OUTER_BOUND('',#807,.T.);
#661=FACE_OUTER_BOUND('',#808,.T.);
#662=FACE_OUTER_BOUND('',#809,.T.);
#663=FACE_OUTER_BOUND('',#810,.T.);
#664=FACE_OUTER_BOUND('',#811,.T.);
#665=FACE_OUTER_BOUND('',#812,.T.);
#666=FACE_OUTER_BOUND('',#813,.T.);
#667=FACE_OUTER_BOUND('',#814,.T.);
#668=FACE_OUTER_BOUND('',#815,.T.);
#669=FACE_OUTER_BOUND('',#816,.T.);
#670=FACE_OUTER_BOUND('',#817,.T.);
#671=FACE_OUTER_BOUND('',#818,.T.);
#672=FACE_OUTER_BOUND('',#819,.T.);
#673=FACE_OUTER_BOUND('',#820,.T.);
#674=FACE_OUTER_BOUND('',#821,.T.);
#675=FACE_OUTER_BOUND('',#822,.T.);
#676=FACE_OUTER_BOUND('',#823,.T.);
#677=FACE_OUTER_BOUND('',#824,.T.);
#678=FACE_OUTER_BOUND('',#825,.T.);
#679=FACE_OUTER_BOUND('',#826,.T.);
#680=FACE_OUTER_BOUND('',#827,.T.);
#681=FACE_OUTER_BOUND('',#828,.T.);
#682=FACE_OUTER_BOUND('',#829,.T.);
#683=FACE_OUTER_BOUND('',#830,.T.);
#684=FACE_OUTER_BOUND('',#831,.T.);
#685=FACE_OUTER_BOUND('',#832,.T.);
#686=FACE_OUTER_BOUND('',#833,.T.);
#687=FACE_OUTER_BOUND('',#834,.T.);
#688=FACE_OUTER_BOUND('',#835,.T.);
#689=FACE_OUTER_BOUND('',#836,.T.);
#690=FACE_OUTER_BOUND('',#837,.T.);
#691=FACE_OUTER_BOUND('',#838,.T.);
#692=FACE_OUTER_BOUND('',#839,.T.);
#693=FACE_OUTER_BOUND('',#840,.T.);
#694=FACE_OUTER_BOUND('',#841,.T.);
#695=FACE_OUTER_BOUND('',#842,.T.);
#696=FACE_OUTER_BOUND('',#843,.T.);
#697=FACE_OUTER_BOUND('',#844,.T.);
#698=FACE_OUTER_BOUND('',#845,.T.);
#699=FACE_OUTER_BOUND('',#846,.T.);
#700=FACE_OUTER_BOUND('',#847,.T.);
#701=FACE_OUTER_BOUND('',#848,.T.);
#702=FACE_OUTER_BOUND('',#849,.T.);
#703=FACE_OUTER_BOUND('',#850,.T.);
#704=FACE_OUTER_BOUND('',#851,.T.);
#705=FACE_OUTER_BOUND('',#852,.T.);
#706=FACE_OUTER_BOUND('',#853,.T.);
#707=FACE_OUTER_BOUND('',#854,.T.);
#708=FACE_OUTER_BOUND('',#855,.T.);
#709=FACE_OUTER_BOUND('',#856,.T.);
#710=FACE_OUTER_BOUND('',#857,.T.);
#711=FACE_OUTER_BOUND('',#858,.T.);
#712=FACE_OUTER_BOUND('',#859,.T.);
#713=FACE_OUTER_BOUND('',#860,.T.);
#714=FACE_OUTER_BOUND('',#861,.T.);
#715=FACE_OUTER_BOUND('',#863,.T.);
#716=FACE_OUTER_BOUND('',#864,.T.);
#717=FACE_OUTER_BOUND('',#865,.T.);
#718=FACE_OUTER_BOUND('',#866,.T.);
#719=EDGE_LOOP('',(#1590,#1591));
#720=EDGE_LOOP('',(#1592,#1593,#1594,#1595));
#721=EDGE_LOOP('',(#1596,#1597,#1598,#1599));
#722=EDGE_LOOP('',(#1600,#1601,#1602,#1603,#1604,#1605,#1606,#1607,#1608,
#1609,#1610,#1611,#1612,#1613,#1614,#1615,#1616,#1617,#1618,#1619,#1620,
#1621,#1622,#1623,#1624,#1625,#1626,#1627,#1628,#1629,#1630,#1631,#1632,
#1633,#1634,#1635,#1636,#1637,#1638,#1639,#1640,#1641,#1642,#1643,#1644,
#1645,#1646,#1647,#1648,#1649,#1650,#1651,#1652,#1653,#1654,#1655,#1656,
#1657,#1658,#1659,#1660,#1661,#1662,#1663,#1664,#1665,#1666,#1667,#1668,
#1669,#1670,#1671,#1672,#1673,#1674,#1675,#1676,#1677,#1678,#1679,#1680,
#1681,#1682,#1683,#1684,#1685,#1686,#1687,#1688,#1689,#1690,#1691));
#723=EDGE_LOOP('',(#1692,#1693));
#724=EDGE_LOOP('',(#1694,#1695,#1696,#1697,#1698,#1699));
#725=EDGE_LOOP('',(#1700,#1701,#1702,#1703,#1704,#1705));
#726=EDGE_LOOP('',(#1706,#1707,#1708,#1709));
#727=EDGE_LOOP('',(#1710,#1711,#1712,#1713));
#728=EDGE_LOOP('',(#1714,#1715,#1716,#1717));
#729=EDGE_LOOP('',(#1718,#1719,#1720,#1721,#1722,#1723));
#730=EDGE_LOOP('',(#1724,#1725,#1726,#1727));
#731=EDGE_LOOP('',(#1728,#1729,#1730,#1731,#1732,#1733));
#732=EDGE_LOOP('',(#1734,#1735,#1736,#1737));
#733=EDGE_LOOP('',(#1738,#1739,#1740,#1741));
#734=EDGE_LOOP('',(#1742,#1743,#1744,#1745));
#735=EDGE_LOOP('',(#1746,#1747,#1748,#1749,#1750,#1751));
#736=EDGE_LOOP('',(#1752,#1753,#1754,#1755));
#737=EDGE_LOOP('',(#1756,#1757,#1758,#1759));
#738=EDGE_LOOP('',(#1760,#1761,#1762,#1763));
#739=EDGE_LOOP('',(#1764,#1765,#1766,#1767,#1768,#1769));
#740=EDGE_LOOP('',(#1770,#1771,#1772,#1773));
#741=EDGE_LOOP('',(#1774,#1775,#1776,#1777));
#742=EDGE_LOOP('',(#1778,#1779,#1780,#1781,#1782,#1783));
#743=EDGE_LOOP('',(#1784,#1785,#1786,#1787,#1788,#1789));
#744=EDGE_LOOP('',(#1790,#1791,#1792,#1793));
#745=EDGE_LOOP('',(#1794,#1795,#1796,#1797));
#746=EDGE_LOOP('',(#1798,#1799,#1800,#1801));
#747=EDGE_LOOP('',(#1802,#1803,#1804,#1805,#1806,#1807));
#748=EDGE_LOOP('',(#1808,#1809,#1810,#1811));
#749=EDGE_LOOP('',(#1812,#1813,#1814,#1815,#1816,#1817));
#750=EDGE_LOOP('',(#1818,#1819,#1820,#1821));
#751=EDGE_LOOP('',(#1822,#1823,#1824,#1825));
#752=EDGE_LOOP('',(#1826,#1827,#1828,#1829));
#753=EDGE_LOOP('',(#1830,#1831,#1832,#1833,#1834,#1835));
#754=EDGE_LOOP('',(#1836,#1837,#1838,#1839));
#755=EDGE_LOOP('',(#1840,#1841,#1842,#1843));
#756=EDGE_LOOP('',(#1844,#1845,#1846,#1847));
#757=EDGE_LOOP('',(#1848,#1849,#1850,#1851,#1852,#1853));
#758=EDGE_LOOP('',(#1854,#1855,#1856,#1857));
#759=EDGE_LOOP('',(#1858,#1859,#1860,#1861));
#760=EDGE_LOOP('',(#1862,#1863,#1864,#1865,#1866,#1867));
#761=EDGE_LOOP('',(#1868,#1869,#1870,#1871,#1872,#1873));
#762=EDGE_LOOP('',(#1874,#1875,#1876,#1877));
#763=EDGE_LOOP('',(#1878,#1879,#1880,#1881));
#764=EDGE_LOOP('',(#1882,#1883,#1884,#1885));
#765=EDGE_LOOP('',(#1886,#1887,#1888,#1889,#1890,#1891));
#766=EDGE_LOOP('',(#1892,#1893,#1894,#1895));
#767=EDGE_LOOP('',(#1896,#1897,#1898,#1899,#1900,#1901));
#768=EDGE_LOOP('',(#1902,#1903,#1904,#1905));
#769=EDGE_LOOP('',(#1906,#1907,#1908,#1909));
#770=EDGE_LOOP('',(#1910,#1911,#1912,#1913));
#771=EDGE_LOOP('',(#1914,#1915,#1916,#1917,#1918,#1919));
#772=EDGE_LOOP('',(#1920,#1921,#1922,#1923));
#773=EDGE_LOOP('',(#1924,#1925,#1926,#1927));
#774=EDGE_LOOP('',(#1928,#1929,#1930,#1931));
#775=EDGE_LOOP('',(#1932,#1933,#1934,#1935,#1936,#1937));
#776=EDGE_LOOP('',(#1938,#1939,#1940,#1941));
#777=EDGE_LOOP('',(#1942,#1943,#1944,#1945));
#778=EDGE_LOOP('',(#1946,#1947,#1948,#1949,#1950,#1951));
#779=EDGE_LOOP('',(#1952,#1953,#1954,#1955,#1956,#1957));
#780=EDGE_LOOP('',(#1958,#1959,#1960,#1961));
#781=EDGE_LOOP('',(#1962,#1963,#1964,#1965));
#782=EDGE_LOOP('',(#1966,#1967,#1968,#1969));
#783=EDGE_LOOP('',(#1970,#1971,#1972,#1973,#1974,#1975));
#784=EDGE_LOOP('',(#1976,#1977,#1978,#1979));
#785=EDGE_LOOP('',(#1980,#1981,#1982,#1983,#1984,#1985));
#786=EDGE_LOOP('',(#1986,#1987,#1988,#1989));
#787=EDGE_LOOP('',(#1990,#1991,#1992,#1993));
#788=EDGE_LOOP('',(#1994,#1995,#1996,#1997));
#789=EDGE_LOOP('',(#1998,#1999,#2000,#2001,#2002,#2003));
#790=EDGE_LOOP('',(#2004,#2005,#2006,#2007));
#791=EDGE_LOOP('',(#2008,#2009,#2010,#2011));
#792=EDGE_LOOP('',(#2012,#2013,#2014,#2015));
#793=EDGE_LOOP('',(#2016,#2017,#2018,#2019,#2020,#2021));
#794=EDGE_LOOP('',(#2022,#2023,#2024,#2025));
#795=EDGE_LOOP('',(#2026,#2027,#2028,#2029));
#796=EDGE_LOOP('',(#2030,#2031,#2032,#2033,#2034,#2035));
#797=EDGE_LOOP('',(#2036,#2037,#2038,#2039,#2040,#2041));
#798=EDGE_LOOP('',(#2042,#2043,#2044,#2045));
#799=EDGE_LOOP('',(#2046,#2047,#2048,#2049));
#800=EDGE_LOOP('',(#2050,#2051,#2052,#2053));
#801=EDGE_LOOP('',(#2054,#2055,#2056,#2057,#2058,#2059));
#802=EDGE_LOOP('',(#2060,#2061,#2062,#2063));
#803=EDGE_LOOP('',(#2064,#2065,#2066,#2067,#2068,#2069));
#804=EDGE_LOOP('',(#2070,#2071,#2072,#2073));
#805=EDGE_LOOP('',(#2074,#2075,#2076,#2077));
#806=EDGE_LOOP('',(#2078,#2079,#2080,#2081));
#807=EDGE_LOOP('',(#2082,#2083,#2084,#2085,#2086,#2087));
#808=EDGE_LOOP('',(#2088,#2089,#2090,#2091));
#809=EDGE_LOOP('',(#2092,#2093,#2094,#2095));
#810=EDGE_LOOP('',(#2096,#2097,#2098,#2099));
#811=EDGE_LOOP('',(#2100,#2101,#2102,#2103,#2104,#2105));
#812=EDGE_LOOP('',(#2106,#2107,#2108,#2109));
#813=EDGE_LOOP('',(#2110,#2111,#2112,#2113));
#814=EDGE_LOOP('',(#2114,#2115,#2116,#2117,#2118,#2119));
#815=EDGE_LOOP('',(#2120,#2121,#2122,#2123,#2124,#2125));
#816=EDGE_LOOP('',(#2126,#2127,#2128,#2129));
#817=EDGE_LOOP('',(#2130,#2131,#2132,#2133));
#818=EDGE_LOOP('',(#2134,#2135,#2136,#2137));
#819=EDGE_LOOP('',(#2138,#2139,#2140,#2141,#2142,#2143));
#820=EDGE_LOOP('',(#2144,#2145,#2146,#2147));
#821=EDGE_LOOP('',(#2148,#2149,#2150,#2151,#2152,#2153));
#822=EDGE_LOOP('',(#2154,#2155,#2156,#2157));
#823=EDGE_LOOP('',(#2158,#2159,#2160,#2161));
#824=EDGE_LOOP('',(#2162,#2163,#2164,#2165));
#825=EDGE_LOOP('',(#2166,#2167,#2168,#2169,#2170,#2171));
#826=EDGE_LOOP('',(#2172,#2173,#2174,#2175));
#827=EDGE_LOOP('',(#2176,#2177,#2178,#2179));
#828=EDGE_LOOP('',(#2180,#2181,#2182,#2183));
#829=EDGE_LOOP('',(#2184,#2185,#2186,#2187,#2188,#2189));
#830=EDGE_LOOP('',(#2190,#2191,#2192,#2193));
#831=EDGE_LOOP('',(#2194,#2195,#2196,#2197));
#832=EDGE_LOOP('',(#2198,#2199,#2200,#2201,#2202,#2203));
#833=EDGE_LOOP('',(#2204,#2205,#2206,#2207,#2208,#2209));
#834=EDGE_LOOP('',(#2210,#2211,#2212,#2213));
#835=EDGE_LOOP('',(#2214,#2215,#2216,#2217));
#836=EDGE_LOOP('',(#2218,#2219,#2220,#2221));
#837=EDGE_LOOP('',(#2222,#2223,#2224,#2225,#2226,#2227));
#838=EDGE_LOOP('',(#2228,#2229,#2230,#2231));
#839=EDGE_LOOP('',(#2232,#2233,#2234,#2235,#2236,#2237));
#840=EDGE_LOOP('',(#2238,#2239,#2240,#2241));
#841=EDGE_LOOP('',(#2242,#2243,#2244,#2245));
#842=EDGE_LOOP('',(#2246,#2247,#2248,#2249));
#843=EDGE_LOOP('',(#2250,#2251,#2252,#2253,#2254,#2255));
#844=EDGE_LOOP('',(#2256,#2257,#2258,#2259));
#845=EDGE_LOOP('',(#2260,#2261,#2262,#2263));
#846=EDGE_LOOP('',(#2264,#2265,#2266,#2267));
#847=EDGE_LOOP('',(#2268,#2269,#2270,#2271,#2272,#2273));
#848=EDGE_LOOP('',(#2274,#2275,#2276,#2277));
#849=EDGE_LOOP('',(#2278,#2279,#2280,#2281));
#850=EDGE_LOOP('',(#2282,#2283,#2284,#2285,#2286,#2287));
#851=EDGE_LOOP('',(#2288,#2289,#2290,#2291,#2292,#2293));
#852=EDGE_LOOP('',(#2294,#2295,#2296,#2297));
#853=EDGE_LOOP('',(#2298,#2299,#2300,#2301));
#854=EDGE_LOOP('',(#2302,#2303,#2304,#2305));
#855=EDGE_LOOP('',(#2306,#2307,#2308,#2309,#2310,#2311));
#856=EDGE_LOOP('',(#2312,#2313,#2314,#2315));
#857=EDGE_LOOP('',(#2316,#2317,#2318,#2319));
#858=EDGE_LOOP('',(#2320,#2321,#2322,#2323));
#859=EDGE_LOOP('',(#2324,#2325,#2326,#2327));
#860=EDGE_LOOP('',(#2328,#2329,#2330,#2331,#2332,#2333));
#861=EDGE_LOOP('',(#2334,#2335,#2336,#2337,#2338,#2339,#2340,#2341,#2342,
#2343,#2344,#2345,#2346,#2347,#2348,#2349,#2350,#2351,#2352,#2353,#2354,
#2355,#2356,#2357,#2358,#2359,#2360,#2361,#2362,#2363,#2364,#2365,#2366,
#2367,#2368,#2369,#2370,#2371,#2372,#2373,#2374,#2375,#2376,#2377,#2378,
#2379,#2380,#2381,#2382,#2383,#2384,#2385,#2386,#2387,#2388,#2389,#2390,
#2391,#2392,#2393,#2394,#2395,#2396,#2397,#2398,#2399,#2400,#2401,#2402,
#2403,#2404,#2405,#2406,#2407,#2408,#2409,#2410,#2411,#2412,#2413,#2414,
#2415,#2416,#2417,#2418,#2419,#2420,#2421,#2422,#2423,#2424,#2425));
#862=EDGE_LOOP('',(#2426,#2427));
#863=EDGE_LOOP('',(#2428,#2429,#2430,#2431));
#864=EDGE_LOOP('',(#2432,#2433,#2434,#2435));
#865=EDGE_LOOP('',(#2436));
#866=EDGE_LOOP('',(#2437));
#867=CIRCLE('',#2606,2.75);
#868=CIRCLE('',#2609,2.75);
#869=CIRCLE('',#2890,2.61525375867288);
#870=CIRCLE('',#2893,11.5);
#871=CIRCLE('',#2894,11.5);
#872=LINE('',#3492,#877);
#873=LINE('',#3496,#878);
#874=LINE('',#3498,#879);
#875=LINE('',#3499,#880);
#876=LINE('',#6013,#881);
#877=VECTOR('',#2901,10.);
#878=VECTOR('',#2906,10.);
#879=VECTOR('',#2907,10.);
#880=VECTOR('',#2908,10.);
#881=VECTOR('',#3481,11.5);
#882=VERTEX_POINT('',#3490);
#883=VERTEX_POINT('',#3491);
#884=VERTEX_POINT('',#3495);
#885=VERTEX_POINT('',#3497);
#886=VERTEX_POINT('',#3503);
#887=VERTEX_POINT('',#3504);
#888=VERTEX_POINT('',#3506);
#889=VERTEX_POINT('',#3508);
#890=VERTEX_POINT('',#3510);
#891=VERTEX_POINT('',#3512);
#892=VERTEX_POINT('',#3514);
#893=VERTEX_POINT('',#3516);
#894=VERTEX_POINT('',#3528);
#895=VERTEX_POINT('',#3530);
#896=VERTEX_POINT('',#3532);
#897=VERTEX_POINT('',#3534);
#898=VERTEX_POINT('',#3545);
#899=VERTEX_POINT('',#3547);
#900=VERTEX_POINT('',#3549);
#901=VERTEX_POINT('',#3551);
#902=VERTEX_POINT('',#3553);
#903=VERTEX_POINT('',#3555);
#904=VERTEX_POINT('',#3557);
#905=VERTEX_POINT('',#3559);
#906=VERTEX_POINT('',#3561);
#907=VERTEX_POINT('',#3563);
#908=VERTEX_POINT('',#3565);
#909=VERTEX_POINT('',#3567);
#910=VERTEX_POINT('',#3569);
#911=VERTEX_POINT('',#3571);
#912=VERTEX_POINT('',#3573);
#913=VERTEX_POINT('',#3575);
#914=VERTEX_POINT('',#3577);
#915=VERTEX_POINT('',#3579);
#916=VERTEX_POINT('',#3581);
#917=VERTEX_POINT('',#3583);
#918=VERTEX_POINT('',#3595);
#919=VERTEX_POINT('',#3597);
#920=VERTEX_POINT('',#3599);
#921=VERTEX_POINT('',#3601);
#922=VERTEX_POINT('',#3613);
#923=VERTEX_POINT('',#3615);
#924=VERTEX_POINT('',#3617);
#925=VERTEX_POINT('',#3619);
#926=VERTEX_POINT('',#3621);
#927=VERTEX_POINT('',#3623);
#928=VERTEX_POINT('',#3625);
#929=VERTEX_POINT('',#3627);
#930=VERTEX_POINT('',#3629);
#931=VERTEX_POINT('',#3631);
#932=VERTEX_POINT('',#3643);
#933=VERTEX_POINT('',#3645);
#934=VERTEX_POINT('',#3647);
#935=VERTEX_POINT('',#3649);
#936=VERTEX_POINT('',#3651);
#937=VERTEX_POINT('',#3653);
#938=VERTEX_POINT('',#3655);
#939=VERTEX_POINT('',#3657);
#940=VERTEX_POINT('',#3659);
#941=VERTEX_POINT('',#3661);
#942=VERTEX_POINT('',#3671);
#943=VERTEX_POINT('',#3673);
#944=VERTEX_POINT('',#3675);
#945=VERTEX_POINT('',#3677);
#946=VERTEX_POINT('',#3688);
#947=VERTEX_POINT('',#3690);
#948=VERTEX_POINT('',#3692);
#949=VERTEX_POINT('',#3694);
#950=VERTEX_POINT('',#3696);
#951=VERTEX_POINT('',#3698);
#952=VERTEX_POINT('',#3700);
#953=VERTEX_POINT('',#3702);
#954=VERTEX_POINT('',#3704);
#955=VERTEX_POINT('',#3706);
#956=VERTEX_POINT('',#3708);
#957=VERTEX_POINT('',#3710);
#958=VERTEX_POINT('',#3712);
#959=VERTEX_POINT('',#3714);
#960=VERTEX_POINT('',#3716);
#961=VERTEX_POINT('',#3718);
#962=VERTEX_POINT('',#3730);
#963=VERTEX_POINT('',#3732);
#964=VERTEX_POINT('',#3734);
#965=VERTEX_POINT('',#3736);
#966=VERTEX_POINT('',#3748);
#967=VERTEX_POINT('',#3750);
#968=VERTEX_POINT('',#3752);
#969=VERTEX_POINT('',#3754);
#970=VERTEX_POINT('',#3766);
#971=VERTEX_POINT('',#3768);
#972=VERTEX_POINT('',#3770);
#973=VERTEX_POINT('',#3772);
#974=VERTEX_POINT('',#3774);
#975=VERTEX_POINT('',#3776);
#976=VERTEX_POINT('',#3778);
#977=VERTEX_POINT('',#3780);
#978=VERTEX_POINT('',#3784);
#979=VERTEX_POINT('',#3785);
#980=VERTEX_POINT('',#3787);
#981=VERTEX_POINT('',#3802);
#982=VERTEX_POINT('',#3816);
#983=VERTEX_POINT('',#3817);
#984=VERTEX_POINT('',#3826);
#985=VERTEX_POINT('',#3831);
#986=VERTEX_POINT('',#3848);
#987=VERTEX_POINT('',#3862);
#988=VERTEX_POINT('',#3875);
#989=VERTEX_POINT('',#3891);
#990=VERTEX_POINT('',#3913);
#991=VERTEX_POINT('',#3920);
#992=VERTEX_POINT('',#3925);
#993=VERTEX_POINT('',#3927);
#994=VERTEX_POINT('',#3939);
#995=VERTEX_POINT('',#3964);
#996=VERTEX_POINT('',#3980);
#997=VERTEX_POINT('',#3994);
#998=VERTEX_POINT('',#4003);
#999=VERTEX_POINT('',#4015);
#1000=VERTEX_POINT('',#4033);
#1001=VERTEX_POINT('',#4038);
#1002=VERTEX_POINT('',#4051);
#1003=VERTEX_POINT('',#4067);
#1004=VERTEX_POINT('',#4083);
#1005=VERTEX_POINT('',#4090);
#1006=VERTEX_POINT('',#4097);
#1007=VERTEX_POINT('',#4105);
#1008=VERTEX_POINT('',#4112);
#1009=VERTEX_POINT('',#4114);
#1010=VERTEX_POINT('',#4126);
#1011=VERTEX_POINT('',#4140);
#1012=VERTEX_POINT('',#4147);
#1013=VERTEX_POINT('',#4161);
#1014=VERTEX_POINT('',#4185);
#1015=VERTEX_POINT('',#4190);
#1016=VERTEX_POINT('',#4197);
#1017=VERTEX_POINT('',#4199);
#1018=VERTEX_POINT('',#4211);
#1019=VERTEX_POINT('',#4228);
#1020=VERTEX_POINT('',#4248);
#1021=VERTEX_POINT('',#4264);
#1022=VERTEX_POINT('',#4273);
#1023=VERTEX_POINT('',#4289);
#1024=VERTEX_POINT('',#4314);
#1025=VERTEX_POINT('',#4315);
#1026=VERTEX_POINT('',#4326);
#1027=VERTEX_POINT('',#4351);
#1028=VERTEX_POINT('',#4366);
#1029=VERTEX_POINT('',#4367);
#1030=VERTEX_POINT('',#4380);
#1031=VERTEX_POINT('',#4387);
#1032=VERTEX_POINT('',#4392);
#1033=VERTEX_POINT('',#4394);
#1034=VERTEX_POINT('',#4414);
#1035=VERTEX_POINT('',#4437);
#1036=VERTEX_POINT('',#4450);
#1037=VERTEX_POINT('',#4466);
#1038=VERTEX_POINT('',#4477);
#1039=VERTEX_POINT('',#4478);
#1040=VERTEX_POINT('',#4480);
#1041=VERTEX_POINT('',#4491);
#1042=VERTEX_POINT('',#4503);
#1043=VERTEX_POINT('',#4519);
#1044=VERTEX_POINT('',#4543);
#1045=VERTEX_POINT('',#4559);
#1046=VERTEX_POINT('',#4574);
#1047=VERTEX_POINT('',#4590);
#1048=VERTEX_POINT('',#4605);
#1049=VERTEX_POINT('',#4612);
#1050=VERTEX_POINT('',#4634);
#1051=VERTEX_POINT('',#4650);
#1052=VERTEX_POINT('',#4657);
#1053=VERTEX_POINT('',#4664);
#1054=VERTEX_POINT('',#4673);
#1055=VERTEX_POINT('',#4678);
#1056=VERTEX_POINT('',#4683);
#1057=VERTEX_POINT('',#4685);
#1058=VERTEX_POINT('',#4697);
#1059=VERTEX_POINT('',#4713);
#1060=VERTEX_POINT('',#4737);
#1061=VERTEX_POINT('',#4751);
#1062=VERTEX_POINT('',#4775);
#1063=VERTEX_POINT('',#4780);
#1064=VERTEX_POINT('',#4785);
#1065=VERTEX_POINT('',#4787);
#1066=VERTEX_POINT('',#4807);
#1067=VERTEX_POINT('',#4829);
#1068=VERTEX_POINT('',#4842);
#1069=VERTEX_POINT('',#4854);
#1070=VERTEX_POINT('',#4877);
#1071=VERTEX_POINT('',#4897);
#1072=VERTEX_POINT('',#4920);
#1073=VERTEX_POINT('',#4927);
#1074=VERTEX_POINT('',#4940);
#1075=VERTEX_POINT('',#4956);
#1076=VERTEX_POINT('',#4963);
#1077=VERTEX_POINT('',#4970);
#1078=VERTEX_POINT('',#4979);
#1079=VERTEX_POINT('',#4986);
#1080=VERTEX_POINT('',#4993);
#1081=VERTEX_POINT('',#4998);
#1082=VERTEX_POINT('',#5005);
#1083=VERTEX_POINT('',#5022);
#1084=VERTEX_POINT('',#5035);
#1085=VERTEX_POINT('',#5051);
#1086=VERTEX_POINT('',#5062);
#1087=VERTEX_POINT('',#5069);
#1088=VERTEX_POINT('',#5074);
#1089=VERTEX_POINT('',#5076);
#1090=VERTEX_POINT('',#5086);
#1091=VERTEX_POINT('',#5102);
#1092=VERTEX_POINT('',#5118);
#1093=VERTEX_POINT('',#5137);
#1094=VERTEX_POINT('',#5190);
#1095=VERTEX_POINT('',#5204);
#1096=VERTEX_POINT('',#5211);
#1097=VERTEX_POINT('',#5212);
#1098=VERTEX_POINT('',#5223);
#1099=VERTEX_POINT('',#5239);
#1100=VERTEX_POINT('',#5246);
#1101=VERTEX_POINT('',#5253);
#1102=VERTEX_POINT('',#5263);
#1103=VERTEX_POINT('',#5268);
#1104=VERTEX_POINT('',#5273);
#1105=VERTEX_POINT('',#5275);
#1106=VERTEX_POINT('',#5287);
#1107=VERTEX_POINT('',#5303);
#1108=VERTEX_POINT('',#5326);
#1109=VERTEX_POINT('',#5342);
#1110=VERTEX_POINT('',#5351);
#1111=VERTEX_POINT('',#5352);
#1112=VERTEX_POINT('',#5357);
#1113=VERTEX_POINT('',#5359);
#1114=VERTEX_POINT('',#5375);
#1115=VERTEX_POINT('',#5393);
#1116=VERTEX_POINT('',#5409);
#1117=VERTEX_POINT('',#5423);
#1118=VERTEX_POINT('',#5445);
#1119=VERTEX_POINT('',#5468);
#1120=VERTEX_POINT('',#5481);
#1121=VERTEX_POINT('',#5483);
#1122=VERTEX_POINT('',#5501);
#1123=VERTEX_POINT('',#5517);
#1124=VERTEX_POINT('',#5524);
#1125=VERTEX_POINT('',#5531);
#1126=VERTEX_POINT('',#5538);
#1127=VERTEX_POINT('',#5545);
#1128=VERTEX_POINT('',#5552);
#1129=VERTEX_POINT('',#5554);
#1130=VERTEX_POINT('',#5566);
#1131=VERTEX_POINT('',#5582);
#1132=VERTEX_POINT('',#5605);
#1133=VERTEX_POINT('',#5621);
#1134=VERTEX_POINT('',#5632);
#1135=VERTEX_POINT('',#5639);
#1136=VERTEX_POINT('',#5644);
#1137=VERTEX_POINT('',#5646);
#1138=VERTEX_POINT('',#5658);
#1139=VERTEX_POINT('',#5672);
#1140=VERTEX_POINT('',#5696);
#1141=VERTEX_POINT('',#5714);
#1142=VERTEX_POINT('',#5723);
#1143=VERTEX_POINT('',#5737);
#1144=VERTEX_POINT('',#5756);
#1145=VERTEX_POINT('',#5761);
#1146=VERTEX_POINT('',#5768);
#1147=VERTEX_POINT('',#5782);
#1148=VERTEX_POINT('',#5798);
#1149=VERTEX_POINT('',#5805);
#1150=VERTEX_POINT('',#5814);
#1151=VERTEX_POINT('',#5815);
#1152=VERTEX_POINT('',#5826);
#1153=VERTEX_POINT('',#5833);
#1154=VERTEX_POINT('',#5840);
#1155=VERTEX_POINT('',#5857);
#1156=VERTEX_POINT('',#5880);
#1157=VERTEX_POINT('',#5896);
#1158=VERTEX_POINT('',#5920);
#1159=VERTEX_POINT('',#5944);
#1160=VERTEX_POINT('',#5964);
#1161=VERTEX_POINT('',#5979);
#1162=VERTEX_POINT('',#6005);
#1163=VERTEX_POINT('',#6006);
#1164=VERTEX_POINT('',#6010);
#1165=VERTEX_POINT('',#6012);
#1166=EDGE_CURVE('',#882,#883,#872,.T.);
#1167=EDGE_CURVE('',#883,#882,#867,.T.);
#1168=EDGE_CURVE('',#884,#883,#873,.T.);
#1169=EDGE_CURVE('',#885,#884,#874,.T.);
#1170=EDGE_CURVE('',#885,#882,#875,.T.);
#1171=EDGE_CURVE('',#884,#885,#868,.T.);
#1172=EDGE_CURVE('',#886,#887,#424,.T.);
#1173=EDGE_CURVE('',#888,#886,#425,.T.);
#1174=EDGE_CURVE('',#889,#888,#426,.T.);
#1175=EDGE_CURVE('',#890,#889,#427,.T.);
#1176=EDGE_CURVE('',#891,#890,#428,.T.);
#1177=EDGE_CURVE('',#892,#891,#429,.T.);
#1178=EDGE_CURVE('',#893,#892,#157,.T.);
#1179=EDGE_CURVE('',#894,#893,#430,.T.);
#1180=EDGE_CURVE('',#895,#894,#431,.T.);
#1181=EDGE_CURVE('',#896,#895,#432,.T.);
#1182=EDGE_CURVE('',#897,#896,#158,.T.);
#1183=EDGE_CURVE('',#898,#897,#433,.T.);
#1184=EDGE_CURVE('',#899,#898,#434,.T.);
#1185=EDGE_CURVE('',#900,#899,#435,.T.);
#1186=EDGE_CURVE('',#901,#900,#436,.T.);
#1187=EDGE_CURVE('',#902,#901,#437,.T.);
#1188=EDGE_CURVE('',#903,#902,#438,.T.);
#1189=EDGE_CURVE('',#904,#903,#439,.T.);
#1190=EDGE_CURVE('',#905,#904,#440,.T.);
#1191=EDGE_CURVE('',#906,#905,#441,.T.);
#1192=EDGE_CURVE('',#907,#906,#442,.T.);
#1193=EDGE_CURVE('',#908,#907,#443,.T.);
#1194=EDGE_CURVE('',#909,#908,#444,.T.);
#1195=EDGE_CURVE('',#910,#909,#445,.T.);
#1196=EDGE_CURVE('',#911,#910,#446,.T.);
#1197=EDGE_CURVE('',#912,#911,#447,.T.);
#1198=EDGE_CURVE('',#913,#912,#448,.T.);
#1199=EDGE_CURVE('',#914,#913,#449,.T.);
#1200=EDGE_CURVE('',#915,#914,#450,.T.);
#1201=EDGE_CURVE('',#916,#915,#451,.T.);
#1202=EDGE_CURVE('',#917,#916,#159,.T.);
#1203=EDGE_CURVE('',#918,#917,#452,.T.);
#1204=EDGE_CURVE('',#919,#918,#453,.T.);
#1205=EDGE_CURVE('',#920,#919,#454,.T.);
#1206=EDGE_CURVE('',#921,#920,#160,.T.);
#1207=EDGE_CURVE('',#922,#921,#455,.T.);
#1208=EDGE_CURVE('',#923,#922,#456,.T.);
#1209=EDGE_CURVE('',#924,#923,#457,.T.);
#1210=EDGE_CURVE('',#925,#924,#458,.T.);
#1211=EDGE_CURVE('',#926,#925,#459,.T.);
#1212=EDGE_CURVE('',#927,#926,#460,.T.);
#1213=EDGE_CURVE('',#928,#927,#461,.T.);
#1214=EDGE_CURVE('',#929,#928,#462,.T.);
#1215=EDGE_CURVE('',#930,#929,#463,.T.);
#1216=EDGE_CURVE('',#931,#930,#161,.T.);
#1217=EDGE_CURVE('',#932,#931,#464,.T.);
#1218=EDGE_CURVE('',#933,#932,#465,.T.);
#1219=EDGE_CURVE('',#934,#933,#466,.T.);
#1220=EDGE_CURVE('',#935,#934,#467,.T.);
#1221=EDGE_CURVE('',#936,#935,#468,.T.);
#1222=EDGE_CURVE('',#937,#936,#469,.T.);
#1223=EDGE_CURVE('',#938,#937,#470,.T.);
#1224=EDGE_CURVE('',#939,#938,#471,.T.);
#1225=EDGE_CURVE('',#940,#939,#472,.T.);
#1226=EDGE_CURVE('',#941,#940,#162,.T.);
#1227=EDGE_CURVE('',#942,#941,#473,.T.);
#1228=EDGE_CURVE('',#943,#942,#474,.T.);
#1229=EDGE_CURVE('',#944,#943,#475,.T.);
#1230=EDGE_CURVE('',#945,#944,#163,.T.);
#1231=EDGE_CURVE('',#946,#945,#476,.T.);
#1232=EDGE_CURVE('',#947,#946,#477,.T.);
#1233=EDGE_CURVE('',#948,#947,#478,.T.);
#1234=EDGE_CURVE('',#949,#948,#479,.T.);
#1235=EDGE_CURVE('',#950,#949,#480,.T.);
#1236=EDGE_CURVE('',#951,#950,#481,.T.);
#1237=EDGE_CURVE('',#952,#951,#482,.T.);
#1238=EDGE_CURVE('',#953,#952,#483,.T.);
#1239=EDGE_CURVE('',#954,#953,#484,.T.);
#1240=EDGE_CURVE('',#955,#954,#485,.T.);
#1241=EDGE_CURVE('',#956,#955,#486,.T.);
#1242=EDGE_CURVE('',#957,#956,#487,.T.);
#1243=EDGE_CURVE('',#958,#957,#488,.T.);
#1244=EDGE_CURVE('',#959,#958,#489,.T.);
#1245=EDGE_CURVE('',#960,#959,#490,.T.);
#1246=EDGE_CURVE('',#961,#960,#164,.T.);
#1247=EDGE_CURVE('',#962,#961,#491,.T.);
#1248=EDGE_CURVE('',#963,#962,#492,.T.);
#1249=EDGE_CURVE('',#964,#963,#493,.T.);
#1250=EDGE_CURVE('',#965,#964,#165,.T.);
#1251=EDGE_CURVE('',#966,#965,#494,.T.);
#1252=EDGE_CURVE('',#967,#966,#495,.T.);
#1253=EDGE_CURVE('',#968,#967,#496,.T.);
#1254=EDGE_CURVE('',#969,#968,#166,.T.);
#1255=EDGE_CURVE('',#970,#969,#497,.T.);
#1256=EDGE_CURVE('',#971,#970,#498,.T.);
#1257=EDGE_CURVE('',#972,#971,#499,.T.);
#1258=EDGE_CURVE('',#973,#972,#500,.T.);
#1259=EDGE_CURVE('',#974,#973,#501,.T.);
#1260=EDGE_CURVE('',#975,#974,#502,.T.);
#1261=EDGE_CURVE('',#976,#975,#503,.T.);
#1262=EDGE_CURVE('',#977,#976,#504,.T.);
#1263=EDGE_CURVE('',#887,#977,#505,.T.);
#1264=EDGE_CURVE('',#978,#979,#506,.T.);
#1265=EDGE_CURVE('',#980,#978,#167,.T.);
#1266=EDGE_CURVE('',#890,#980,#168,.T.);
#1267=EDGE_CURVE('',#981,#889,#169,.T.);
#1268=EDGE_CURVE('',#979,#981,#170,.T.);
#1269=EDGE_CURVE('',#982,#983,#171,.T.);
#1270=EDGE_CURVE('',#894,#982,#172,.T.);
#1271=EDGE_CURVE('',#984,#893,#173,.T.);
#1272=EDGE_CURVE('',#985,#984,#174,.T.);
#1273=EDGE_CURVE('',#983,#985,#507,.T.);
#1274=EDGE_CURVE('',#986,#892,#175,.T.);
#1275=EDGE_CURVE('',#984,#986,#176,.T.);
#1276=EDGE_CURVE('',#987,#986,#177,.T.);
#1277=EDGE_CURVE('',#985,#987,#508,.T.);
#1278=EDGE_CURVE('',#891,#988,#178,.T.);
#1279=EDGE_CURVE('',#988,#980,#179,.T.);
#1280=EDGE_CURVE('',#987,#989,#509,.T.);
#1281=EDGE_CURVE('',#989,#988,#180,.T.);
#1282=EDGE_CURVE('',#989,#978,#181,.T.);
#1283=EDGE_CURVE('',#990,#977,#182,.T.);
#1284=EDGE_CURVE('',#991,#990,#183,.T.);
#1285=EDGE_CURVE('',#992,#991,#510,.T.);
#1286=EDGE_CURVE('',#993,#992,#184,.T.);
#1287=EDGE_CURVE('',#887,#993,#185,.T.);
#1288=EDGE_CURVE('',#994,#888,#186,.T.);
#1289=EDGE_CURVE('',#981,#994,#187,.T.);
#1290=EDGE_CURVE('',#995,#994,#188,.T.);
#1291=EDGE_CURVE('',#979,#995,#189,.T.);
#1292=EDGE_CURVE('',#996,#993,#190,.T.);
#1293=EDGE_CURVE('',#886,#996,#191,.T.);
#1294=EDGE_CURVE('',#997,#996,#192,.T.);
#1295=EDGE_CURVE('',#995,#997,#511,.T.);
#1296=EDGE_CURVE('',#997,#992,#512,.T.);
#1297=EDGE_CURVE('',#998,#976,#193,.T.);
#1298=EDGE_CURVE('',#990,#998,#194,.T.);
#1299=EDGE_CURVE('',#991,#999,#195,.T.);
#1300=EDGE_CURVE('',#999,#998,#196,.T.);
#1301=EDGE_CURVE('',#1000,#975,#197,.T.);
#1302=EDGE_CURVE('',#1001,#1000,#198,.T.);
#1303=EDGE_CURVE('',#999,#1001,#513,.T.);
#1304=EDGE_CURVE('',#1002,#974,#199,.T.);
#1305=EDGE_CURVE('',#1000,#1002,#200,.T.);
#1306=EDGE_CURVE('',#1003,#1002,#201,.T.);
#1307=EDGE_CURVE('',#1001,#1003,#202,.T.);
#1308=EDGE_CURVE('',#1004,#973,#203,.T.);
#1309=EDGE_CURVE('',#1005,#1004,#204,.T.);
#1310=EDGE_CURVE('',#1003,#1005,#514,.T.);
#1311=EDGE_CURVE('',#1006,#969,#205,.T.);
#1312=EDGE_CURVE('',#1007,#1006,#206,.T.);
#1313=EDGE_CURVE('',#1008,#1007,#515,.T.);
#1314=EDGE_CURVE('',#1009,#1008,#207,.T.);
#1315=EDGE_CURVE('',#970,#1009,#208,.T.);
#1316=EDGE_CURVE('',#1010,#972,#209,.T.);
#1317=EDGE_CURVE('',#1004,#1010,#210,.T.);
#1318=EDGE_CURVE('',#1005,#1011,#516,.T.);
#1319=EDGE_CURVE('',#1011,#1010,#211,.T.);
#1320=EDGE_CURVE('',#971,#1012,#212,.T.);
#1321=EDGE_CURVE('',#1012,#1009,#213,.T.);
#1322=EDGE_CURVE('',#1013,#1012,#214,.T.);
#1323=EDGE_CURVE('',#1011,#1013,#517,.T.);
#1324=EDGE_CURVE('',#1013,#1008,#215,.T.);
#1325=EDGE_CURVE('',#1014,#965,#216,.T.);
#1326=EDGE_CURVE('',#1015,#1014,#217,.T.);
#1327=EDGE_CURVE('',#1016,#1015,#518,.T.);
#1328=EDGE_CURVE('',#1017,#1016,#218,.T.);
#1329=EDGE_CURVE('',#966,#1017,#219,.T.);
#1330=EDGE_CURVE('',#1018,#968,#220,.T.);
#1331=EDGE_CURVE('',#1006,#1018,#221,.T.);
#1332=EDGE_CURVE('',#1019,#1018,#222,.T.);
#1333=EDGE_CURVE('',#1007,#1019,#223,.T.);
#1334=EDGE_CURVE('',#967,#1020,#224,.T.);
#1335=EDGE_CURVE('',#1020,#1017,#225,.T.);
#1336=EDGE_CURVE('',#1021,#1020,#226,.T.);
#1337=EDGE_CURVE('',#1019,#1021,#519,.T.);
#1338=EDGE_CURVE('',#1021,#1016,#520,.T.);
#1339=EDGE_CURVE('',#1022,#964,#227,.T.);
#1340=EDGE_CURVE('',#1014,#1022,#228,.T.);
#1341=EDGE_CURVE('',#1023,#1022,#229,.T.);
#1342=EDGE_CURVE('',#1015,#1023,#230,.T.);
#1343=EDGE_CURVE('',#1024,#1025,#231,.T.);
#1344=EDGE_CURVE('',#1023,#1024,#521,.T.);
#1345=EDGE_CURVE('',#1025,#963,#232,.T.);
#1346=EDGE_CURVE('',#1026,#962,#233,.T.);
#1347=EDGE_CURVE('',#1025,#1026,#234,.T.);
#1348=EDGE_CURVE('',#1027,#1026,#235,.T.);
#1349=EDGE_CURVE('',#1024,#1027,#236,.T.);
#1350=EDGE_CURVE('',#1028,#1029,#237,.T.);
#1351=EDGE_CURVE('',#1027,#1028,#522,.T.);
#1352=EDGE_CURVE('',#1029,#961,#238,.T.);
#1353=EDGE_CURVE('',#1030,#957,#239,.T.);
#1354=EDGE_CURVE('',#1031,#1030,#240,.T.);
#1355=EDGE_CURVE('',#1032,#1031,#523,.T.);
#1356=EDGE_CURVE('',#1033,#1032,#241,.T.);
#1357=EDGE_CURVE('',#958,#1033,#242,.T.);
#1358=EDGE_CURVE('',#1034,#960,#243,.T.);
#1359=EDGE_CURVE('',#1029,#1034,#244,.T.);
#1360=EDGE_CURVE('',#1028,#1035,#245,.T.);
#1361=EDGE_CURVE('',#1035,#1034,#246,.T.);
#1362=EDGE_CURVE('',#959,#1036,#247,.T.);
#1363=EDGE_CURVE('',#1036,#1033,#248,.T.);
#1364=EDGE_CURVE('',#1037,#1036,#249,.T.);
#1365=EDGE_CURVE('',#1035,#1037,#524,.T.);
#1366=EDGE_CURVE('',#1037,#1032,#525,.T.);
#1367=EDGE_CURVE('',#1038,#1039,#526,.T.);
#1368=EDGE_CURVE('',#1040,#1038,#250,.T.);
#1369=EDGE_CURVE('',#954,#1040,#251,.T.);
#1370=EDGE_CURVE('',#1041,#953,#252,.T.);
#1371=EDGE_CURVE('',#1039,#1041,#253,.T.);
#1372=EDGE_CURVE('',#1030,#1042,#254,.T.);
#1373=EDGE_CURVE('',#1042,#956,#255,.T.);
#1374=EDGE_CURVE('',#1031,#1043,#256,.T.);
#1375=EDGE_CURVE('',#1043,#1042,#257,.T.);
#1376=EDGE_CURVE('',#955,#1044,#258,.T.);
#1377=EDGE_CURVE('',#1044,#1040,#259,.T.);
#1378=EDGE_CURVE('',#1045,#1044,#260,.T.);
#1379=EDGE_CURVE('',#1043,#1045,#527,.T.);
#1380=EDGE_CURVE('',#1045,#1038,#528,.T.);
#1381=EDGE_CURVE('',#1046,#952,#261,.T.);
#1382=EDGE_CURVE('',#1041,#1046,#262,.T.);
#1383=EDGE_CURVE('',#1047,#1046,#263,.T.);
#1384=EDGE_CURVE('',#1039,#1047,#264,.T.);
#1385=EDGE_CURVE('',#1048,#951,#265,.T.);
#1386=EDGE_CURVE('',#1049,#1048,#266,.T.);
#1387=EDGE_CURVE('',#1047,#1049,#529,.T.);
#1388=EDGE_CURVE('',#1050,#950,#267,.T.);
#1389=EDGE_CURVE('',#1048,#1050,#268,.T.);
#1390=EDGE_CURVE('',#1049,#1051,#530,.T.);
#1391=EDGE_CURVE('',#1051,#1050,#269,.T.);
#1392=EDGE_CURVE('',#1052,#949,#270,.T.);
#1393=EDGE_CURVE('',#1053,#1052,#271,.T.);
#1394=EDGE_CURVE('',#1051,#1053,#531,.T.);
#1395=EDGE_CURVE('',#1054,#945,#272,.T.);
#1396=EDGE_CURVE('',#1055,#1054,#273,.T.);
#1397=EDGE_CURVE('',#1056,#1055,#532,.T.);
#1398=EDGE_CURVE('',#1057,#1056,#274,.T.);
#1399=EDGE_CURVE('',#946,#1057,#275,.T.);
#1400=EDGE_CURVE('',#1058,#948,#276,.T.);
#1401=EDGE_CURVE('',#1052,#1058,#277,.T.);
#1402=EDGE_CURVE('',#1053,#1059,#278,.T.);
#1403=EDGE_CURVE('',#1059,#1058,#279,.T.);
#1404=EDGE_CURVE('',#1060,#1057,#280,.T.);
#1405=EDGE_CURVE('',#947,#1060,#281,.T.);
#1406=EDGE_CURVE('',#1061,#1060,#282,.T.);
#1407=EDGE_CURVE('',#1059,#1061,#533,.T.);
#1408=EDGE_CURVE('',#1061,#1056,#534,.T.);
#1409=EDGE_CURVE('',#1062,#941,#283,.T.);
#1410=EDGE_CURVE('',#1063,#1062,#284,.T.);
#1411=EDGE_CURVE('',#1064,#1063,#535,.T.);
#1412=EDGE_CURVE('',#1065,#1064,#285,.T.);
#1413=EDGE_CURVE('',#942,#1065,#286,.T.);
#1414=EDGE_CURVE('',#1066,#944,#287,.T.);
#1415=EDGE_CURVE('',#1054,#1066,#288,.T.);
#1416=EDGE_CURVE('',#1067,#1066,#289,.T.);
#1417=EDGE_CURVE('',#1055,#1067,#536,.T.);
#1418=EDGE_CURVE('',#943,#1068,#290,.T.);
#1419=EDGE_CURVE('',#1068,#1065,#291,.T.);
#1420=EDGE_CURVE('',#1069,#1068,#292,.T.);
#1421=EDGE_CURVE('',#1067,#1069,#537,.T.);
#1422=EDGE_CURVE('',#1069,#1064,#293,.T.);
#1423=EDGE_CURVE('',#1070,#940,#294,.T.);
#1424=EDGE_CURVE('',#1062,#1070,#295,.T.);
#1425=EDGE_CURVE('',#1071,#1070,#296,.T.);
#1426=EDGE_CURVE('',#1063,#1071,#297,.T.);
#1427=EDGE_CURVE('',#1072,#939,#298,.T.);
#1428=EDGE_CURVE('',#1073,#1072,#299,.T.);
#1429=EDGE_CURVE('',#1071,#1073,#538,.T.);
#1430=EDGE_CURVE('',#1074,#938,#300,.T.);
#1431=EDGE_CURVE('',#1072,#1074,#301,.T.);
#1432=EDGE_CURVE('',#1075,#1074,#302,.T.);
#1433=EDGE_CURVE('',#1073,#1075,#539,.T.);
#1434=EDGE_CURVE('',#1076,#937,#303,.T.);
#1435=EDGE_CURVE('',#1077,#1076,#304,.T.);
#1436=EDGE_CURVE('',#1075,#1077,#540,.T.);
#1437=EDGE_CURVE('',#934,#1078,#305,.T.);
#1438=EDGE_CURVE('',#1079,#933,#306,.T.);
#1439=EDGE_CURVE('',#1080,#1079,#307,.T.);
#1440=EDGE_CURVE('',#1081,#1080,#541,.T.);
#1441=EDGE_CURVE('',#1078,#1081,#308,.T.);
#1442=EDGE_CURVE('',#1082,#936,#309,.T.);
#1443=EDGE_CURVE('',#1076,#1082,#310,.T.);
#1444=EDGE_CURVE('',#1083,#1082,#311,.T.);
#1445=EDGE_CURVE('',#1077,#1083,#312,.T.);
#1446=EDGE_CURVE('',#935,#1084,#313,.T.);
#1447=EDGE_CURVE('',#1084,#1078,#314,.T.);
#1448=EDGE_CURVE('',#1085,#1084,#315,.T.);
#1449=EDGE_CURVE('',#1083,#1085,#542,.T.);
#1450=EDGE_CURVE('',#1085,#1081,#543,.T.);
#1451=EDGE_CURVE('',#1086,#929,#316,.T.);
#1452=EDGE_CURVE('',#1087,#1086,#317,.T.);
#1453=EDGE_CURVE('',#1088,#1087,#544,.T.);
#1454=EDGE_CURVE('',#1089,#1088,#318,.T.);
#1455=EDGE_CURVE('',#930,#1089,#319,.T.);
#1456=EDGE_CURVE('',#1090,#932,#320,.T.);
#1457=EDGE_CURVE('',#1079,#1090,#321,.T.);
#1458=EDGE_CURVE('',#1091,#1090,#322,.T.);
#1459=EDGE_CURVE('',#1080,#1091,#323,.T.);
#1460=EDGE_CURVE('',#1092,#1089,#324,.T.);
#1461=EDGE_CURVE('',#931,#1092,#325,.T.);
#1462=EDGE_CURVE('',#1093,#1092,#326,.T.);
#1463=EDGE_CURVE('',#1091,#1093,#545,.T.);
#1464=EDGE_CURVE('',#1093,#1088,#327,.T.);
#1465=EDGE_CURVE('',#1094,#928,#328,.T.);
#1466=EDGE_CURVE('',#1086,#1094,#329,.T.);
#1467=EDGE_CURVE('',#1095,#1094,#330,.T.);
#1468=EDGE_CURVE('',#1087,#1095,#546,.T.);
#1469=EDGE_CURVE('',#1096,#1097,#331,.T.);
#1470=EDGE_CURVE('',#1095,#1096,#547,.T.);
#1471=EDGE_CURVE('',#1097,#927,#332,.T.);
#1472=EDGE_CURVE('',#1097,#1098,#333,.T.);
#1473=EDGE_CURVE('',#1098,#926,#334,.T.);
#1474=EDGE_CURVE('',#1099,#1098,#335,.T.);
#1475=EDGE_CURVE('',#1096,#1099,#548,.T.);
#1476=EDGE_CURVE('',#1100,#925,#336,.T.);
#1477=EDGE_CURVE('',#1101,#1100,#337,.T.);
#1478=EDGE_CURVE('',#1099,#1101,#549,.T.);
#1479=EDGE_CURVE('',#1102,#921,#338,.T.);
#1480=EDGE_CURVE('',#1103,#1102,#339,.T.);
#1481=EDGE_CURVE('',#1104,#1103,#550,.T.);
#1482=EDGE_CURVE('',#1105,#1104,#340,.T.);
#1483=EDGE_CURVE('',#922,#1105,#341,.T.);
#1484=EDGE_CURVE('',#1106,#924,#342,.T.);
#1485=EDGE_CURVE('',#1100,#1106,#343,.T.);
#1486=EDGE_CURVE('',#1107,#1106,#344,.T.);
#1487=EDGE_CURVE('',#1101,#1107,#345,.T.);
#1488=EDGE_CURVE('',#1108,#1105,#346,.T.);
#1489=EDGE_CURVE('',#923,#1108,#347,.T.);
#1490=EDGE_CURVE('',#1107,#1109,#551,.T.);
#1491=EDGE_CURVE('',#1109,#1108,#348,.T.);
#1492=EDGE_CURVE('',#1109,#1104,#552,.T.);
#1493=EDGE_CURVE('',#1110,#1111,#349,.T.);
#1494=EDGE_CURVE('',#1112,#1110,#553,.T.);
#1495=EDGE_CURVE('',#1113,#1112,#350,.T.);
#1496=EDGE_CURVE('',#918,#1113,#351,.T.);
#1497=EDGE_CURVE('',#1111,#917,#352,.T.);
#1498=EDGE_CURVE('',#1114,#920,#353,.T.);
#1499=EDGE_CURVE('',#1102,#1114,#354,.T.);
#1500=EDGE_CURVE('',#1115,#1114,#355,.T.);
#1501=EDGE_CURVE('',#1103,#1115,#356,.T.);
#1502=EDGE_CURVE('',#1116,#1113,#357,.T.);
#1503=EDGE_CURVE('',#919,#1116,#358,.T.);
#1504=EDGE_CURVE('',#1117,#1116,#359,.T.);
#1505=EDGE_CURVE('',#1115,#1117,#554,.T.);
#1506=EDGE_CURVE('',#1117,#1112,#360,.T.);
#1507=EDGE_CURVE('',#1118,#916,#361,.T.);
#1508=EDGE_CURVE('',#1111,#1118,#362,.T.);
#1509=EDGE_CURVE('',#1119,#1118,#363,.T.);
#1510=EDGE_CURVE('',#1110,#1119,#555,.T.);
#1511=EDGE_CURVE('',#1119,#1120,#556,.T.);
#1512=EDGE_CURVE('',#1121,#915,#364,.T.);
#1513=EDGE_CURVE('',#1120,#1121,#365,.T.);
#1514=EDGE_CURVE('',#1122,#914,#366,.T.);
#1515=EDGE_CURVE('',#1121,#1122,#367,.T.);
#1516=EDGE_CURVE('',#1123,#1122,#368,.T.);
#1517=EDGE_CURVE('',#1120,#1123,#557,.T.);
#1518=EDGE_CURVE('',#1124,#913,#369,.T.);
#1519=EDGE_CURVE('',#1125,#1124,#370,.T.);
#1520=EDGE_CURVE('',#1123,#1125,#558,.T.);
#1521=EDGE_CURVE('',#1126,#909,#371,.T.);
#1522=EDGE_CURVE('',#1127,#1126,#372,.T.);
#1523=EDGE_CURVE('',#1128,#1127,#559,.T.);
#1524=EDGE_CURVE('',#1129,#1128,#373,.T.);
#1525=EDGE_CURVE('',#910,#1129,#374,.T.);
#1526=EDGE_CURVE('',#1130,#912,#375,.T.);
#1527=EDGE_CURVE('',#1124,#1130,#376,.T.);
#1528=EDGE_CURVE('',#1131,#1130,#377,.T.);
#1529=EDGE_CURVE('',#1125,#1131,#378,.T.);
#1530=EDGE_CURVE('',#1132,#1129,#379,.T.);
#1531=EDGE_CURVE('',#911,#1132,#380,.T.);
#1532=EDGE_CURVE('',#1133,#1132,#381,.T.);
#1533=EDGE_CURVE('',#1131,#1133,#560,.T.);
#1534=EDGE_CURVE('',#1133,#1128,#561,.T.);
#1535=EDGE_CURVE('',#1134,#905,#382,.T.);
#1536=EDGE_CURVE('',#1135,#1134,#383,.T.);
#1537=EDGE_CURVE('',#1136,#1135,#562,.T.);
#1538=EDGE_CURVE('',#1137,#1136,#384,.T.);
#1539=EDGE_CURVE('',#906,#1137,#385,.T.);
#1540=EDGE_CURVE('',#1138,#908,#386,.T.);
#1541=EDGE_CURVE('',#1126,#1138,#387,.T.);
#1542=EDGE_CURVE('',#1127,#1139,#388,.T.);
#1543=EDGE_CURVE('',#1139,#1138,#389,.T.);
#1544=EDGE_CURVE('',#907,#1140,#390,.T.);
#1545=EDGE_CURVE('',#1140,#1137,#391,.T.);
#1546=EDGE_CURVE('',#1141,#1140,#392,.T.);
#1547=EDGE_CURVE('',#1139,#1141,#563,.T.);
#1548=EDGE_CURVE('',#1141,#1136,#564,.T.);
#1549=EDGE_CURVE('',#1142,#904,#393,.T.);
#1550=EDGE_CURVE('',#1134,#1142,#394,.T.);
#1551=EDGE_CURVE('',#1143,#1142,#395,.T.);
#1552=EDGE_CURVE('',#1135,#1143,#396,.T.);
#1553=EDGE_CURVE('',#1144,#903,#397,.T.);
#1554=EDGE_CURVE('',#1145,#1144,#398,.T.);
#1555=EDGE_CURVE('',#1143,#1145,#565,.T.);
#1556=EDGE_CURVE('',#1146,#902,#399,.T.);
#1557=EDGE_CURVE('',#1144,#1146,#400,.T.);
#1558=EDGE_CURVE('',#1147,#1146,#401,.T.);
#1559=EDGE_CURVE('',#1145,#1147,#402,.T.);
#1560=EDGE_CURVE('',#1148,#901,#403,.T.);
#1561=EDGE_CURVE('',#1149,#1148,#404,.T.);
#1562=EDGE_CURVE('',#1147,#1149,#566,.T.);
#1563=EDGE_CURVE('',#1150,#1151,#405,.T.);
#1564=EDGE_CURVE('',#898,#1150,#406,.T.);
#1565=EDGE_CURVE('',#1152,#897,#407,.T.);
#1566=EDGE_CURVE('',#1153,#1152,#408,.T.);
#1567=EDGE_CURVE('',#1151,#1153,#567,.T.);
#1568=EDGE_CURVE('',#1154,#900,#409,.T.);
#1569=EDGE_CURVE('',#1148,#1154,#410,.T.);
#1570=EDGE_CURVE('',#1155,#1154,#411,.T.);
#1571=EDGE_CURVE('',#1149,#1155,#412,.T.);
#1572=EDGE_CURVE('',#1156,#1150,#413,.T.);
#1573=EDGE_CURVE('',#899,#1156,#414,.T.);
#1574=EDGE_CURVE('',#1157,#1156,#415,.T.);
#1575=EDGE_CURVE('',#1155,#1157,#568,.T.);
#1576=EDGE_CURVE('',#1157,#1151,#569,.T.);
#1577=EDGE_CURVE('',#1158,#896,#416,.T.);
#1578=EDGE_CURVE('',#1152,#1158,#417,.T.);
#1579=EDGE_CURVE('',#1159,#1158,#418,.T.);
#1580=EDGE_CURVE('',#1153,#1159,#419,.T.);
#1581=EDGE_CURVE('',#895,#1160,#420,.T.);
#1582=EDGE_CURVE('',#1160,#982,#421,.T.);
#1583=EDGE_CURVE('',#1159,#1161,#570,.T.);
#1584=EDGE_CURVE('',#1161,#1160,#422,.T.);
#1585=EDGE_CURVE('',#983,#1161,#423,.T.);
#1586=EDGE_CURVE('',#1162,#1163,#869,.T.);
#1587=EDGE_CURVE('',#1164,#1164,#870,.T.);
#1588=EDGE_CURVE('',#1164,#1165,#876,.T.);
#1589=EDGE_CURVE('',#1165,#1165,#871,.T.);
#1590=ORIENTED_EDGE('',*,*,#1166,.F.);
#1591=ORIENTED_EDGE('',*,*,#1167,.F.);
#1592=ORIENTED_EDGE('',*,*,#1166,.T.);
#1593=ORIENTED_EDGE('',*,*,#1168,.F.);
#1594=ORIENTED_EDGE('',*,*,#1169,.F.);
#1595=ORIENTED_EDGE('',*,*,#1170,.T.);
#1596=ORIENTED_EDGE('',*,*,#1167,.T.);
#1597=ORIENTED_EDGE('',*,*,#1170,.F.);
#1598=ORIENTED_EDGE('',*,*,#1171,.F.);
#1599=ORIENTED_EDGE('',*,*,#1168,.T.);
#1600=ORIENTED_EDGE('',*,*,#1172,.F.);
#1601=ORIENTED_EDGE('',*,*,#1173,.F.);
#1602=ORIENTED_EDGE('',*,*,#1174,.F.);
#1603=ORIENTED_EDGE('',*,*,#1175,.F.);
#1604=ORIENTED_EDGE('',*,*,#1176,.F.);
#1605=ORIENTED_EDGE('',*,*,#1177,.F.);
#1606=ORIENTED_EDGE('',*,*,#1178,.F.);
#1607=ORIENTED_EDGE('',*,*,#1179,.F.);
#1608=ORIENTED_EDGE('',*,*,#1180,.F.);
#1609=ORIENTED_EDGE('',*,*,#1181,.F.);
#1610=ORIENTED_EDGE('',*,*,#1182,.F.);
#1611=ORIENTED_EDGE('',*,*,#1183,.F.);
#1612=ORIENTED_EDGE('',*,*,#1184,.F.);
#1613=ORIENTED_EDGE('',*,*,#1185,.F.);
#1614=ORIENTED_EDGE('',*,*,#1186,.F.);
#1615=ORIENTED_EDGE('',*,*,#1187,.F.);
#1616=ORIENTED_EDGE('',*,*,#1188,.F.);
#1617=ORIENTED_EDGE('',*,*,#1189,.F.);
#1618=ORIENTED_EDGE('',*,*,#1190,.F.);
#1619=ORIENTED_EDGE('',*,*,#1191,.F.);
#1620=ORIENTED_EDGE('',*,*,#1192,.F.);
#1621=ORIENTED_EDGE('',*,*,#1193,.F.);
#1622=ORIENTED_EDGE('',*,*,#1194,.F.);
#1623=ORIENTED_EDGE('',*,*,#1195,.F.);
#1624=ORIENTED_EDGE('',*,*,#1196,.F.);
#1625=ORIENTED_EDGE('',*,*,#1197,.F.);
#1626=ORIENTED_EDGE('',*,*,#1198,.F.);
#1627=ORIENTED_EDGE('',*,*,#1199,.F.);
#1628=ORIENTED_EDGE('',*,*,#1200,.F.);
#1629=ORIENTED_EDGE('',*,*,#1201,.F.);
#1630=ORIENTED_EDGE('',*,*,#1202,.F.);
#1631=ORIENTED_EDGE('',*,*,#1203,.F.);
#1632=ORIENTED_EDGE('',*,*,#1204,.F.);
#1633=ORIENTED_EDGE('',*,*,#1205,.F.);
#1634=ORIENTED_EDGE('',*,*,#1206,.F.);
#1635=ORIENTED_EDGE('',*,*,#1207,.F.);
#1636=ORIENTED_EDGE('',*,*,#1208,.F.);
#1637=ORIENTED_EDGE('',*,*,#1209,.F.);
#1638=ORIENTED_EDGE('',*,*,#1210,.F.);
#1639=ORIENTED_EDGE('',*,*,#1211,.F.);
#1640=ORIENTED_EDGE('',*,*,#1212,.F.);
#1641=ORIENTED_EDGE('',*,*,#1213,.F.);
#1642=ORIENTED_EDGE('',*,*,#1214,.F.);
#1643=ORIENTED_EDGE('',*,*,#1215,.F.);
#1644=ORIENTED_EDGE('',*,*,#1216,.F.);
#1645=ORIENTED_EDGE('',*,*,#1217,.F.);
#1646=ORIENTED_EDGE('',*,*,#1218,.F.);
#1647=ORIENTED_EDGE('',*,*,#1219,.F.);
#1648=ORIENTED_EDGE('',*,*,#1220,.F.);
#1649=ORIENTED_EDGE('',*,*,#1221,.F.);
#1650=ORIENTED_EDGE('',*,*,#1222,.F.);
#1651=ORIENTED_EDGE('',*,*,#1223,.F.);
#1652=ORIENTED_EDGE('',*,*,#1224,.F.);
#1653=ORIENTED_EDGE('',*,*,#1225,.F.);
#1654=ORIENTED_EDGE('',*,*,#1226,.F.);
#1655=ORIENTED_EDGE('',*,*,#1227,.F.);
#1656=ORIENTED_EDGE('',*,*,#1228,.F.);
#1657=ORIENTED_EDGE('',*,*,#1229,.F.);
#1658=ORIENTED_EDGE('',*,*,#1230,.F.);
#1659=ORIENTED_EDGE('',*,*,#1231,.F.);
#1660=ORIENTED_EDGE('',*,*,#1232,.F.);
#1661=ORIENTED_EDGE('',*,*,#1233,.F.);
#1662=ORIENTED_EDGE('',*,*,#1234,.F.);
#1663=ORIENTED_EDGE('',*,*,#1235,.F.);
#1664=ORIENTED_EDGE('',*,*,#1236,.F.);
#1665=ORIENTED_EDGE('',*,*,#1237,.F.);
#1666=ORIENTED_EDGE('',*,*,#1238,.F.);
#1667=ORIENTED_EDGE('',*,*,#1239,.F.);
#1668=ORIENTED_EDGE('',*,*,#1240,.F.);
#1669=ORIENTED_EDGE('',*,*,#1241,.F.);
#1670=ORIENTED_EDGE('',*,*,#1242,.F.);
#1671=ORIENTED_EDGE('',*,*,#1243,.F.);
#1672=ORIENTED_EDGE('',*,*,#1244,.F.);
#1673=ORIENTED_EDGE('',*,*,#1245,.F.);
#1674=ORIENTED_EDGE('',*,*,#1246,.F.);
#1675=ORIENTED_EDGE('',*,*,#1247,.F.);
#1676=ORIENTED_EDGE('',*,*,#1248,.F.);
#1677=ORIENTED_EDGE('',*,*,#1249,.F.);
#1678=ORIENTED_EDGE('',*,*,#1250,.F.);
#1679=ORIENTED_EDGE('',*,*,#1251,.F.);
#1680=ORIENTED_EDGE('',*,*,#1252,.F.);
#1681=ORIENTED_EDGE('',*,*,#1253,.F.);
#1682=ORIENTED_EDGE('',*,*,#1254,.F.);
#1683=ORIENTED_EDGE('',*,*,#1255,.F.);
#1684=ORIENTED_EDGE('',*,*,#1256,.F.);
#1685=ORIENTED_EDGE('',*,*,#1257,.F.);
#1686=ORIENTED_EDGE('',*,*,#1258,.F.);
#1687=ORIENTED_EDGE('',*,*,#1259,.F.);
#1688=ORIENTED_EDGE('',*,*,#1260,.F.);
#1689=ORIENTED_EDGE('',*,*,#1261,.F.);
#1690=ORIENTED_EDGE('',*,*,#1262,.F.);
#1691=ORIENTED_EDGE('',*,*,#1263,.F.);
#1692=ORIENTED_EDGE('',*,*,#1171,.T.);
#1693=ORIENTED_EDGE('',*,*,#1169,.T.);
#1694=ORIENTED_EDGE('',*,*,#1264,.F.);
#1695=ORIENTED_EDGE('',*,*,#1265,.F.);
#1696=ORIENTED_EDGE('',*,*,#1266,.F.);
#1697=ORIENTED_EDGE('',*,*,#1175,.T.);
#1698=ORIENTED_EDGE('',*,*,#1267,.F.);
#1699=ORIENTED_EDGE('',*,*,#1268,.F.);
#1700=ORIENTED_EDGE('',*,*,#1269,.F.);
#1701=ORIENTED_EDGE('',*,*,#1270,.F.);
#1702=ORIENTED_EDGE('',*,*,#1179,.T.);
#1703=ORIENTED_EDGE('',*,*,#1271,.F.);
#1704=ORIENTED_EDGE('',*,*,#1272,.F.);
#1705=ORIENTED_EDGE('',*,*,#1273,.F.);
#1706=ORIENTED_EDGE('',*,*,#1178,.T.);
#1707=ORIENTED_EDGE('',*,*,#1274,.F.);
#1708=ORIENTED_EDGE('',*,*,#1275,.F.);
#1709=ORIENTED_EDGE('',*,*,#1271,.T.);
#1710=ORIENTED_EDGE('',*,*,#1272,.T.);
#1711=ORIENTED_EDGE('',*,*,#1275,.T.);
#1712=ORIENTED_EDGE('',*,*,#1276,.F.);
#1713=ORIENTED_EDGE('',*,*,#1277,.F.);
#1714=ORIENTED_EDGE('',*,*,#1278,.F.);
#1715=ORIENTED_EDGE('',*,*,#1176,.T.);
#1716=ORIENTED_EDGE('',*,*,#1266,.T.);
#1717=ORIENTED_EDGE('',*,*,#1279,.F.);
#1718=ORIENTED_EDGE('',*,*,#1280,.F.);
#1719=ORIENTED_EDGE('',*,*,#1276,.T.);
#1720=ORIENTED_EDGE('',*,*,#1274,.T.);
#1721=ORIENTED_EDGE('',*,*,#1177,.T.);
#1722=ORIENTED_EDGE('',*,*,#1278,.T.);
#1723=ORIENTED_EDGE('',*,*,#1281,.F.);
#1724=ORIENTED_EDGE('',*,*,#1279,.T.);
#1725=ORIENTED_EDGE('',*,*,#1265,.T.);
#1726=ORIENTED_EDGE('',*,*,#1282,.F.);
#1727=ORIENTED_EDGE('',*,*,#1281,.T.);
#1728=ORIENTED_EDGE('',*,*,#1283,.F.);
#1729=ORIENTED_EDGE('',*,*,#1284,.F.);
#1730=ORIENTED_EDGE('',*,*,#1285,.F.);
#1731=ORIENTED_EDGE('',*,*,#1286,.F.);
#1732=ORIENTED_EDGE('',*,*,#1287,.F.);
#1733=ORIENTED_EDGE('',*,*,#1263,.T.);
#1734=ORIENTED_EDGE('',*,*,#1267,.T.);
#1735=ORIENTED_EDGE('',*,*,#1174,.T.);
#1736=ORIENTED_EDGE('',*,*,#1288,.F.);
#1737=ORIENTED_EDGE('',*,*,#1289,.F.);
#1738=ORIENTED_EDGE('',*,*,#1268,.T.);
#1739=ORIENTED_EDGE('',*,*,#1289,.T.);
#1740=ORIENTED_EDGE('',*,*,#1290,.F.);
#1741=ORIENTED_EDGE('',*,*,#1291,.F.);
#1742=ORIENTED_EDGE('',*,*,#1287,.T.);
#1743=ORIENTED_EDGE('',*,*,#1292,.F.);
#1744=ORIENTED_EDGE('',*,*,#1293,.F.);
#1745=ORIENTED_EDGE('',*,*,#1172,.T.);
#1746=ORIENTED_EDGE('',*,*,#1290,.T.);
#1747=ORIENTED_EDGE('',*,*,#1288,.T.);
#1748=ORIENTED_EDGE('',*,*,#1173,.T.);
#1749=ORIENTED_EDGE('',*,*,#1293,.T.);
#1750=ORIENTED_EDGE('',*,*,#1294,.F.);
#1751=ORIENTED_EDGE('',*,*,#1295,.F.);
#1752=ORIENTED_EDGE('',*,*,#1296,.F.);
#1753=ORIENTED_EDGE('',*,*,#1294,.T.);
#1754=ORIENTED_EDGE('',*,*,#1292,.T.);
#1755=ORIENTED_EDGE('',*,*,#1286,.T.);
#1756=ORIENTED_EDGE('',*,*,#1283,.T.);
#1757=ORIENTED_EDGE('',*,*,#1262,.T.);
#1758=ORIENTED_EDGE('',*,*,#1297,.F.);
#1759=ORIENTED_EDGE('',*,*,#1298,.F.);
#1760=ORIENTED_EDGE('',*,*,#1299,.F.);
#1761=ORIENTED_EDGE('',*,*,#1284,.T.);
#1762=ORIENTED_EDGE('',*,*,#1298,.T.);
#1763=ORIENTED_EDGE('',*,*,#1300,.F.);
#1764=ORIENTED_EDGE('',*,*,#1297,.T.);
#1765=ORIENTED_EDGE('',*,*,#1261,.T.);
#1766=ORIENTED_EDGE('',*,*,#1301,.F.);
#1767=ORIENTED_EDGE('',*,*,#1302,.F.);
#1768=ORIENTED_EDGE('',*,*,#1303,.F.);
#1769=ORIENTED_EDGE('',*,*,#1300,.T.);
#1770=ORIENTED_EDGE('',*,*,#1260,.T.);
#1771=ORIENTED_EDGE('',*,*,#1304,.F.);
#1772=ORIENTED_EDGE('',*,*,#1305,.F.);
#1773=ORIENTED_EDGE('',*,*,#1301,.T.);
#1774=ORIENTED_EDGE('',*,*,#1305,.T.);
#1775=ORIENTED_EDGE('',*,*,#1306,.F.);
#1776=ORIENTED_EDGE('',*,*,#1307,.F.);
#1777=ORIENTED_EDGE('',*,*,#1302,.T.);
#1778=ORIENTED_EDGE('',*,*,#1308,.F.);
#1779=ORIENTED_EDGE('',*,*,#1309,.F.);
#1780=ORIENTED_EDGE('',*,*,#1310,.F.);
#1781=ORIENTED_EDGE('',*,*,#1306,.T.);
#1782=ORIENTED_EDGE('',*,*,#1304,.T.);
#1783=ORIENTED_EDGE('',*,*,#1259,.T.);
#1784=ORIENTED_EDGE('',*,*,#1255,.T.);
#1785=ORIENTED_EDGE('',*,*,#1311,.F.);
#1786=ORIENTED_EDGE('',*,*,#1312,.F.);
#1787=ORIENTED_EDGE('',*,*,#1313,.F.);
#1788=ORIENTED_EDGE('',*,*,#1314,.F.);
#1789=ORIENTED_EDGE('',*,*,#1315,.F.);
#1790=ORIENTED_EDGE('',*,*,#1258,.T.);
#1791=ORIENTED_EDGE('',*,*,#1316,.F.);
#1792=ORIENTED_EDGE('',*,*,#1317,.F.);
#1793=ORIENTED_EDGE('',*,*,#1308,.T.);
#1794=ORIENTED_EDGE('',*,*,#1318,.F.);
#1795=ORIENTED_EDGE('',*,*,#1309,.T.);
#1796=ORIENTED_EDGE('',*,*,#1317,.T.);
#1797=ORIENTED_EDGE('',*,*,#1319,.F.);
#1798=ORIENTED_EDGE('',*,*,#1320,.F.);
#1799=ORIENTED_EDGE('',*,*,#1256,.T.);
#1800=ORIENTED_EDGE('',*,*,#1315,.T.);
#1801=ORIENTED_EDGE('',*,*,#1321,.F.);
#1802=ORIENTED_EDGE('',*,*,#1322,.F.);
#1803=ORIENTED_EDGE('',*,*,#1323,.F.);
#1804=ORIENTED_EDGE('',*,*,#1319,.T.);
#1805=ORIENTED_EDGE('',*,*,#1316,.T.);
#1806=ORIENTED_EDGE('',*,*,#1257,.T.);
#1807=ORIENTED_EDGE('',*,*,#1320,.T.);
#1808=ORIENTED_EDGE('',*,*,#1314,.T.);
#1809=ORIENTED_EDGE('',*,*,#1324,.F.);
#1810=ORIENTED_EDGE('',*,*,#1322,.T.);
#1811=ORIENTED_EDGE('',*,*,#1321,.T.);
#1812=ORIENTED_EDGE('',*,*,#1325,.F.);
#1813=ORIENTED_EDGE('',*,*,#1326,.F.);
#1814=ORIENTED_EDGE('',*,*,#1327,.F.);
#1815=ORIENTED_EDGE('',*,*,#1328,.F.);
#1816=ORIENTED_EDGE('',*,*,#1329,.F.);
#1817=ORIENTED_EDGE('',*,*,#1251,.T.);
#1818=ORIENTED_EDGE('',*,*,#1311,.T.);
#1819=ORIENTED_EDGE('',*,*,#1254,.T.);
#1820=ORIENTED_EDGE('',*,*,#1330,.F.);
#1821=ORIENTED_EDGE('',*,*,#1331,.F.);
#1822=ORIENTED_EDGE('',*,*,#1331,.T.);
#1823=ORIENTED_EDGE('',*,*,#1332,.F.);
#1824=ORIENTED_EDGE('',*,*,#1333,.F.);
#1825=ORIENTED_EDGE('',*,*,#1312,.T.);
#1826=ORIENTED_EDGE('',*,*,#1334,.F.);
#1827=ORIENTED_EDGE('',*,*,#1252,.T.);
#1828=ORIENTED_EDGE('',*,*,#1329,.T.);
#1829=ORIENTED_EDGE('',*,*,#1335,.F.);
#1830=ORIENTED_EDGE('',*,*,#1330,.T.);
#1831=ORIENTED_EDGE('',*,*,#1253,.T.);
#1832=ORIENTED_EDGE('',*,*,#1334,.T.);
#1833=ORIENTED_EDGE('',*,*,#1336,.F.);
#1834=ORIENTED_EDGE('',*,*,#1337,.F.);
#1835=ORIENTED_EDGE('',*,*,#1332,.T.);
#1836=ORIENTED_EDGE('',*,*,#1335,.T.);
#1837=ORIENTED_EDGE('',*,*,#1328,.T.);
#1838=ORIENTED_EDGE('',*,*,#1338,.F.);
#1839=ORIENTED_EDGE('',*,*,#1336,.T.);
#1840=ORIENTED_EDGE('',*,*,#1325,.T.);
#1841=ORIENTED_EDGE('',*,*,#1250,.T.);
#1842=ORIENTED_EDGE('',*,*,#1339,.F.);
#1843=ORIENTED_EDGE('',*,*,#1340,.F.);
#1844=ORIENTED_EDGE('',*,*,#1326,.T.);
#1845=ORIENTED_EDGE('',*,*,#1340,.T.);
#1846=ORIENTED_EDGE('',*,*,#1341,.F.);
#1847=ORIENTED_EDGE('',*,*,#1342,.F.);
#1848=ORIENTED_EDGE('',*,*,#1343,.F.);
#1849=ORIENTED_EDGE('',*,*,#1344,.F.);
#1850=ORIENTED_EDGE('',*,*,#1341,.T.);
#1851=ORIENTED_EDGE('',*,*,#1339,.T.);
#1852=ORIENTED_EDGE('',*,*,#1249,.T.);
#1853=ORIENTED_EDGE('',*,*,#1345,.F.);
#1854=ORIENTED_EDGE('',*,*,#1248,.T.);
#1855=ORIENTED_EDGE('',*,*,#1346,.F.);
#1856=ORIENTED_EDGE('',*,*,#1347,.F.);
#1857=ORIENTED_EDGE('',*,*,#1345,.T.);
#1858=ORIENTED_EDGE('',*,*,#1343,.T.);
#1859=ORIENTED_EDGE('',*,*,#1347,.T.);
#1860=ORIENTED_EDGE('',*,*,#1348,.F.);
#1861=ORIENTED_EDGE('',*,*,#1349,.F.);
#1862=ORIENTED_EDGE('',*,*,#1350,.F.);
#1863=ORIENTED_EDGE('',*,*,#1351,.F.);
#1864=ORIENTED_EDGE('',*,*,#1348,.T.);
#1865=ORIENTED_EDGE('',*,*,#1346,.T.);
#1866=ORIENTED_EDGE('',*,*,#1247,.T.);
#1867=ORIENTED_EDGE('',*,*,#1352,.F.);
#1868=ORIENTED_EDGE('',*,*,#1353,.F.);
#1869=ORIENTED_EDGE('',*,*,#1354,.F.);
#1870=ORIENTED_EDGE('',*,*,#1355,.F.);
#1871=ORIENTED_EDGE('',*,*,#1356,.F.);
#1872=ORIENTED_EDGE('',*,*,#1357,.F.);
#1873=ORIENTED_EDGE('',*,*,#1243,.T.);
#1874=ORIENTED_EDGE('',*,*,#1352,.T.);
#1875=ORIENTED_EDGE('',*,*,#1246,.T.);
#1876=ORIENTED_EDGE('',*,*,#1358,.F.);
#1877=ORIENTED_EDGE('',*,*,#1359,.F.);
#1878=ORIENTED_EDGE('',*,*,#1360,.F.);
#1879=ORIENTED_EDGE('',*,*,#1350,.T.);
#1880=ORIENTED_EDGE('',*,*,#1359,.T.);
#1881=ORIENTED_EDGE('',*,*,#1361,.F.);
#1882=ORIENTED_EDGE('',*,*,#1362,.F.);
#1883=ORIENTED_EDGE('',*,*,#1244,.T.);
#1884=ORIENTED_EDGE('',*,*,#1357,.T.);
#1885=ORIENTED_EDGE('',*,*,#1363,.F.);
#1886=ORIENTED_EDGE('',*,*,#1358,.T.);
#1887=ORIENTED_EDGE('',*,*,#1245,.T.);
#1888=ORIENTED_EDGE('',*,*,#1362,.T.);
#1889=ORIENTED_EDGE('',*,*,#1364,.F.);
#1890=ORIENTED_EDGE('',*,*,#1365,.F.);
#1891=ORIENTED_EDGE('',*,*,#1361,.T.);
#1892=ORIENTED_EDGE('',*,*,#1363,.T.);
#1893=ORIENTED_EDGE('',*,*,#1356,.T.);
#1894=ORIENTED_EDGE('',*,*,#1366,.F.);
#1895=ORIENTED_EDGE('',*,*,#1364,.T.);
#1896=ORIENTED_EDGE('',*,*,#1367,.F.);
#1897=ORIENTED_EDGE('',*,*,#1368,.F.);
#1898=ORIENTED_EDGE('',*,*,#1369,.F.);
#1899=ORIENTED_EDGE('',*,*,#1239,.T.);
#1900=ORIENTED_EDGE('',*,*,#1370,.F.);
#1901=ORIENTED_EDGE('',*,*,#1371,.F.);
#1902=ORIENTED_EDGE('',*,*,#1372,.F.);
#1903=ORIENTED_EDGE('',*,*,#1353,.T.);
#1904=ORIENTED_EDGE('',*,*,#1242,.T.);
#1905=ORIENTED_EDGE('',*,*,#1373,.F.);
#1906=ORIENTED_EDGE('',*,*,#1374,.F.);
#1907=ORIENTED_EDGE('',*,*,#1354,.T.);
#1908=ORIENTED_EDGE('',*,*,#1372,.T.);
#1909=ORIENTED_EDGE('',*,*,#1375,.F.);
#1910=ORIENTED_EDGE('',*,*,#1376,.F.);
#1911=ORIENTED_EDGE('',*,*,#1240,.T.);
#1912=ORIENTED_EDGE('',*,*,#1369,.T.);
#1913=ORIENTED_EDGE('',*,*,#1377,.F.);
#1914=ORIENTED_EDGE('',*,*,#1373,.T.);
#1915=ORIENTED_EDGE('',*,*,#1241,.T.);
#1916=ORIENTED_EDGE('',*,*,#1376,.T.);
#1917=ORIENTED_EDGE('',*,*,#1378,.F.);
#1918=ORIENTED_EDGE('',*,*,#1379,.F.);
#1919=ORIENTED_EDGE('',*,*,#1375,.T.);
#1920=ORIENTED_EDGE('',*,*,#1368,.T.);
#1921=ORIENTED_EDGE('',*,*,#1380,.F.);
#1922=ORIENTED_EDGE('',*,*,#1378,.T.);
#1923=ORIENTED_EDGE('',*,*,#1377,.T.);
#1924=ORIENTED_EDGE('',*,*,#1381,.F.);
#1925=ORIENTED_EDGE('',*,*,#1382,.F.);
#1926=ORIENTED_EDGE('',*,*,#1370,.T.);
#1927=ORIENTED_EDGE('',*,*,#1238,.T.);
#1928=ORIENTED_EDGE('',*,*,#1382,.T.);
#1929=ORIENTED_EDGE('',*,*,#1383,.F.);
#1930=ORIENTED_EDGE('',*,*,#1384,.F.);
#1931=ORIENTED_EDGE('',*,*,#1371,.T.);
#1932=ORIENTED_EDGE('',*,*,#1237,.T.);
#1933=ORIENTED_EDGE('',*,*,#1385,.F.);
#1934=ORIENTED_EDGE('',*,*,#1386,.F.);
#1935=ORIENTED_EDGE('',*,*,#1387,.F.);
#1936=ORIENTED_EDGE('',*,*,#1383,.T.);
#1937=ORIENTED_EDGE('',*,*,#1381,.T.);
#1938=ORIENTED_EDGE('',*,*,#1385,.T.);
#1939=ORIENTED_EDGE('',*,*,#1236,.T.);
#1940=ORIENTED_EDGE('',*,*,#1388,.F.);
#1941=ORIENTED_EDGE('',*,*,#1389,.F.);
#1942=ORIENTED_EDGE('',*,*,#1390,.F.);
#1943=ORIENTED_EDGE('',*,*,#1386,.T.);
#1944=ORIENTED_EDGE('',*,*,#1389,.T.);
#1945=ORIENTED_EDGE('',*,*,#1391,.F.);
#1946=ORIENTED_EDGE('',*,*,#1391,.T.);
#1947=ORIENTED_EDGE('',*,*,#1388,.T.);
#1948=ORIENTED_EDGE('',*,*,#1235,.T.);
#1949=ORIENTED_EDGE('',*,*,#1392,.F.);
#1950=ORIENTED_EDGE('',*,*,#1393,.F.);
#1951=ORIENTED_EDGE('',*,*,#1394,.F.);
#1952=ORIENTED_EDGE('',*,*,#1231,.T.);
#1953=ORIENTED_EDGE('',*,*,#1395,.F.);
#1954=ORIENTED_EDGE('',*,*,#1396,.F.);
#1955=ORIENTED_EDGE('',*,*,#1397,.F.);
#1956=ORIENTED_EDGE('',*,*,#1398,.F.);
#1957=ORIENTED_EDGE('',*,*,#1399,.F.);
#1958=ORIENTED_EDGE('',*,*,#1392,.T.);
#1959=ORIENTED_EDGE('',*,*,#1234,.T.);
#1960=ORIENTED_EDGE('',*,*,#1400,.F.);
#1961=ORIENTED_EDGE('',*,*,#1401,.F.);
#1962=ORIENTED_EDGE('',*,*,#1402,.F.);
#1963=ORIENTED_EDGE('',*,*,#1393,.T.);
#1964=ORIENTED_EDGE('',*,*,#1401,.T.);
#1965=ORIENTED_EDGE('',*,*,#1403,.F.);
#1966=ORIENTED_EDGE('',*,*,#1232,.T.);
#1967=ORIENTED_EDGE('',*,*,#1399,.T.);
#1968=ORIENTED_EDGE('',*,*,#1404,.F.);
#1969=ORIENTED_EDGE('',*,*,#1405,.F.);
#1970=ORIENTED_EDGE('',*,*,#1400,.T.);
#1971=ORIENTED_EDGE('',*,*,#1233,.T.);
#1972=ORIENTED_EDGE('',*,*,#1405,.T.);
#1973=ORIENTED_EDGE('',*,*,#1406,.F.);
#1974=ORIENTED_EDGE('',*,*,#1407,.F.);
#1975=ORIENTED_EDGE('',*,*,#1403,.T.);
#1976=ORIENTED_EDGE('',*,*,#1398,.T.);
#1977=ORIENTED_EDGE('',*,*,#1408,.F.);
#1978=ORIENTED_EDGE('',*,*,#1406,.T.);
#1979=ORIENTED_EDGE('',*,*,#1404,.T.);
#1980=ORIENTED_EDGE('',*,*,#1409,.F.);
#1981=ORIENTED_EDGE('',*,*,#1410,.F.);
#1982=ORIENTED_EDGE('',*,*,#1411,.F.);
#1983=ORIENTED_EDGE('',*,*,#1412,.F.);
#1984=ORIENTED_EDGE('',*,*,#1413,.F.);
#1985=ORIENTED_EDGE('',*,*,#1227,.T.);
#1986=ORIENTED_EDGE('',*,*,#1395,.T.);
#1987=ORIENTED_EDGE('',*,*,#1230,.T.);
#1988=ORIENTED_EDGE('',*,*,#1414,.F.);
#1989=ORIENTED_EDGE('',*,*,#1415,.F.);
#1990=ORIENTED_EDGE('',*,*,#1415,.T.);
#1991=ORIENTED_EDGE('',*,*,#1416,.F.);
#1992=ORIENTED_EDGE('',*,*,#1417,.F.);
#1993=ORIENTED_EDGE('',*,*,#1396,.T.);
#1994=ORIENTED_EDGE('',*,*,#1418,.F.);
#1995=ORIENTED_EDGE('',*,*,#1228,.T.);
#1996=ORIENTED_EDGE('',*,*,#1413,.T.);
#1997=ORIENTED_EDGE('',*,*,#1419,.F.);
#1998=ORIENTED_EDGE('',*,*,#1414,.T.);
#1999=ORIENTED_EDGE('',*,*,#1229,.T.);
#2000=ORIENTED_EDGE('',*,*,#1418,.T.);
#2001=ORIENTED_EDGE('',*,*,#1420,.F.);
#2002=ORIENTED_EDGE('',*,*,#1421,.F.);
#2003=ORIENTED_EDGE('',*,*,#1416,.T.);
#2004=ORIENTED_EDGE('',*,*,#1412,.T.);
#2005=ORIENTED_EDGE('',*,*,#1422,.F.);
#2006=ORIENTED_EDGE('',*,*,#1420,.T.);
#2007=ORIENTED_EDGE('',*,*,#1419,.T.);
#2008=ORIENTED_EDGE('',*,*,#1226,.T.);
#2009=ORIENTED_EDGE('',*,*,#1423,.F.);
#2010=ORIENTED_EDGE('',*,*,#1424,.F.);
#2011=ORIENTED_EDGE('',*,*,#1409,.T.);
#2012=ORIENTED_EDGE('',*,*,#1425,.F.);
#2013=ORIENTED_EDGE('',*,*,#1426,.F.);
#2014=ORIENTED_EDGE('',*,*,#1410,.T.);
#2015=ORIENTED_EDGE('',*,*,#1424,.T.);
#2016=ORIENTED_EDGE('',*,*,#1425,.T.);
#2017=ORIENTED_EDGE('',*,*,#1423,.T.);
#2018=ORIENTED_EDGE('',*,*,#1225,.T.);
#2019=ORIENTED_EDGE('',*,*,#1427,.F.);
#2020=ORIENTED_EDGE('',*,*,#1428,.F.);
#2021=ORIENTED_EDGE('',*,*,#1429,.F.);
#2022=ORIENTED_EDGE('',*,*,#1427,.T.);
#2023=ORIENTED_EDGE('',*,*,#1224,.T.);
#2024=ORIENTED_EDGE('',*,*,#1430,.F.);
#2025=ORIENTED_EDGE('',*,*,#1431,.F.);
#2026=ORIENTED_EDGE('',*,*,#1432,.F.);
#2027=ORIENTED_EDGE('',*,*,#1433,.F.);
#2028=ORIENTED_EDGE('',*,*,#1428,.T.);
#2029=ORIENTED_EDGE('',*,*,#1431,.T.);
#2030=ORIENTED_EDGE('',*,*,#1223,.T.);
#2031=ORIENTED_EDGE('',*,*,#1434,.F.);
#2032=ORIENTED_EDGE('',*,*,#1435,.F.);
#2033=ORIENTED_EDGE('',*,*,#1436,.F.);
#2034=ORIENTED_EDGE('',*,*,#1432,.T.);
#2035=ORIENTED_EDGE('',*,*,#1430,.T.);
#2036=ORIENTED_EDGE('',*,*,#1437,.F.);
#2037=ORIENTED_EDGE('',*,*,#1219,.T.);
#2038=ORIENTED_EDGE('',*,*,#1438,.F.);
#2039=ORIENTED_EDGE('',*,*,#1439,.F.);
#2040=ORIENTED_EDGE('',*,*,#1440,.F.);
#2041=ORIENTED_EDGE('',*,*,#1441,.F.);
#2042=ORIENTED_EDGE('',*,*,#1434,.T.);
#2043=ORIENTED_EDGE('',*,*,#1222,.T.);
#2044=ORIENTED_EDGE('',*,*,#1442,.F.);
#2045=ORIENTED_EDGE('',*,*,#1443,.F.);
#2046=ORIENTED_EDGE('',*,*,#1444,.F.);
#2047=ORIENTED_EDGE('',*,*,#1445,.F.);
#2048=ORIENTED_EDGE('',*,*,#1435,.T.);
#2049=ORIENTED_EDGE('',*,*,#1443,.T.);
#2050=ORIENTED_EDGE('',*,*,#1446,.F.);
#2051=ORIENTED_EDGE('',*,*,#1220,.T.);
#2052=ORIENTED_EDGE('',*,*,#1437,.T.);
#2053=ORIENTED_EDGE('',*,*,#1447,.F.);
#2054=ORIENTED_EDGE('',*,*,#1448,.F.);
#2055=ORIENTED_EDGE('',*,*,#1449,.F.);
#2056=ORIENTED_EDGE('',*,*,#1444,.T.);
#2057=ORIENTED_EDGE('',*,*,#1442,.T.);
#2058=ORIENTED_EDGE('',*,*,#1221,.T.);
#2059=ORIENTED_EDGE('',*,*,#1446,.T.);
#2060=ORIENTED_EDGE('',*,*,#1447,.T.);
#2061=ORIENTED_EDGE('',*,*,#1441,.T.);
#2062=ORIENTED_EDGE('',*,*,#1450,.F.);
#2063=ORIENTED_EDGE('',*,*,#1448,.T.);
#2064=ORIENTED_EDGE('',*,*,#1215,.T.);
#2065=ORIENTED_EDGE('',*,*,#1451,.F.);
#2066=ORIENTED_EDGE('',*,*,#1452,.F.);
#2067=ORIENTED_EDGE('',*,*,#1453,.F.);
#2068=ORIENTED_EDGE('',*,*,#1454,.F.);
#2069=ORIENTED_EDGE('',*,*,#1455,.F.);
#2070=ORIENTED_EDGE('',*,*,#1218,.T.);
#2071=ORIENTED_EDGE('',*,*,#1456,.F.);
#2072=ORIENTED_EDGE('',*,*,#1457,.F.);
#2073=ORIENTED_EDGE('',*,*,#1438,.T.);
#2074=ORIENTED_EDGE('',*,*,#1457,.T.);
#2075=ORIENTED_EDGE('',*,*,#1458,.F.);
#2076=ORIENTED_EDGE('',*,*,#1459,.F.);
#2077=ORIENTED_EDGE('',*,*,#1439,.T.);
#2078=ORIENTED_EDGE('',*,*,#1455,.T.);
#2079=ORIENTED_EDGE('',*,*,#1460,.F.);
#2080=ORIENTED_EDGE('',*,*,#1461,.F.);
#2081=ORIENTED_EDGE('',*,*,#1216,.T.);
#2082=ORIENTED_EDGE('',*,*,#1217,.T.);
#2083=ORIENTED_EDGE('',*,*,#1461,.T.);
#2084=ORIENTED_EDGE('',*,*,#1462,.F.);
#2085=ORIENTED_EDGE('',*,*,#1463,.F.);
#2086=ORIENTED_EDGE('',*,*,#1458,.T.);
#2087=ORIENTED_EDGE('',*,*,#1456,.T.);
#2088=ORIENTED_EDGE('',*,*,#1454,.T.);
#2089=ORIENTED_EDGE('',*,*,#1464,.F.);
#2090=ORIENTED_EDGE('',*,*,#1462,.T.);
#2091=ORIENTED_EDGE('',*,*,#1460,.T.);
#2092=ORIENTED_EDGE('',*,*,#1451,.T.);
#2093=ORIENTED_EDGE('',*,*,#1214,.T.);
#2094=ORIENTED_EDGE('',*,*,#1465,.F.);
#2095=ORIENTED_EDGE('',*,*,#1466,.F.);
#2096=ORIENTED_EDGE('',*,*,#1452,.T.);
#2097=ORIENTED_EDGE('',*,*,#1466,.T.);
#2098=ORIENTED_EDGE('',*,*,#1467,.F.);
#2099=ORIENTED_EDGE('',*,*,#1468,.F.);
#2100=ORIENTED_EDGE('',*,*,#1469,.F.);
#2101=ORIENTED_EDGE('',*,*,#1470,.F.);
#2102=ORIENTED_EDGE('',*,*,#1467,.T.);
#2103=ORIENTED_EDGE('',*,*,#1465,.T.);
#2104=ORIENTED_EDGE('',*,*,#1213,.T.);
#2105=ORIENTED_EDGE('',*,*,#1471,.F.);
#2106=ORIENTED_EDGE('',*,*,#1472,.F.);
#2107=ORIENTED_EDGE('',*,*,#1471,.T.);
#2108=ORIENTED_EDGE('',*,*,#1212,.T.);
#2109=ORIENTED_EDGE('',*,*,#1473,.F.);
#2110=ORIENTED_EDGE('',*,*,#1474,.F.);
#2111=ORIENTED_EDGE('',*,*,#1475,.F.);
#2112=ORIENTED_EDGE('',*,*,#1469,.T.);
#2113=ORIENTED_EDGE('',*,*,#1472,.T.);
#2114=ORIENTED_EDGE('',*,*,#1473,.T.);
#2115=ORIENTED_EDGE('',*,*,#1211,.T.);
#2116=ORIENTED_EDGE('',*,*,#1476,.F.);
#2117=ORIENTED_EDGE('',*,*,#1477,.F.);
#2118=ORIENTED_EDGE('',*,*,#1478,.F.);
#2119=ORIENTED_EDGE('',*,*,#1474,.T.);
#2120=ORIENTED_EDGE('',*,*,#1207,.T.);
#2121=ORIENTED_EDGE('',*,*,#1479,.F.);
#2122=ORIENTED_EDGE('',*,*,#1480,.F.);
#2123=ORIENTED_EDGE('',*,*,#1481,.F.);
#2124=ORIENTED_EDGE('',*,*,#1482,.F.);
#2125=ORIENTED_EDGE('',*,*,#1483,.F.);
#2126=ORIENTED_EDGE('',*,*,#1210,.T.);
#2127=ORIENTED_EDGE('',*,*,#1484,.F.);
#2128=ORIENTED_EDGE('',*,*,#1485,.F.);
#2129=ORIENTED_EDGE('',*,*,#1476,.T.);
#2130=ORIENTED_EDGE('',*,*,#1485,.T.);
#2131=ORIENTED_EDGE('',*,*,#1486,.F.);
#2132=ORIENTED_EDGE('',*,*,#1487,.F.);
#2133=ORIENTED_EDGE('',*,*,#1477,.T.);
#2134=ORIENTED_EDGE('',*,*,#1483,.T.);
#2135=ORIENTED_EDGE('',*,*,#1488,.F.);
#2136=ORIENTED_EDGE('',*,*,#1489,.F.);
#2137=ORIENTED_EDGE('',*,*,#1208,.T.);
#2138=ORIENTED_EDGE('',*,*,#1490,.F.);
#2139=ORIENTED_EDGE('',*,*,#1486,.T.);
#2140=ORIENTED_EDGE('',*,*,#1484,.T.);
#2141=ORIENTED_EDGE('',*,*,#1209,.T.);
#2142=ORIENTED_EDGE('',*,*,#1489,.T.);
#2143=ORIENTED_EDGE('',*,*,#1491,.F.);
#2144=ORIENTED_EDGE('',*,*,#1488,.T.);
#2145=ORIENTED_EDGE('',*,*,#1482,.T.);
#2146=ORIENTED_EDGE('',*,*,#1492,.F.);
#2147=ORIENTED_EDGE('',*,*,#1491,.T.);
#2148=ORIENTED_EDGE('',*,*,#1493,.F.);
#2149=ORIENTED_EDGE('',*,*,#1494,.F.);
#2150=ORIENTED_EDGE('',*,*,#1495,.F.);
#2151=ORIENTED_EDGE('',*,*,#1496,.F.);
#2152=ORIENTED_EDGE('',*,*,#1203,.T.);
#2153=ORIENTED_EDGE('',*,*,#1497,.F.);
#2154=ORIENTED_EDGE('',*,*,#1498,.F.);
#2155=ORIENTED_EDGE('',*,*,#1499,.F.);
#2156=ORIENTED_EDGE('',*,*,#1479,.T.);
#2157=ORIENTED_EDGE('',*,*,#1206,.T.);
#2158=ORIENTED_EDGE('',*,*,#1500,.F.);
#2159=ORIENTED_EDGE('',*,*,#1501,.F.);
#2160=ORIENTED_EDGE('',*,*,#1480,.T.);
#2161=ORIENTED_EDGE('',*,*,#1499,.T.);
#2162=ORIENTED_EDGE('',*,*,#1496,.T.);
#2163=ORIENTED_EDGE('',*,*,#1502,.F.);
#2164=ORIENTED_EDGE('',*,*,#1503,.F.);
#2165=ORIENTED_EDGE('',*,*,#1204,.T.);
#2166=ORIENTED_EDGE('',*,*,#1205,.T.);
#2167=ORIENTED_EDGE('',*,*,#1503,.T.);
#2168=ORIENTED_EDGE('',*,*,#1504,.F.);
#2169=ORIENTED_EDGE('',*,*,#1505,.F.);
#2170=ORIENTED_EDGE('',*,*,#1500,.T.);
#2171=ORIENTED_EDGE('',*,*,#1498,.T.);
#2172=ORIENTED_EDGE('',*,*,#1506,.F.);
#2173=ORIENTED_EDGE('',*,*,#1504,.T.);
#2174=ORIENTED_EDGE('',*,*,#1502,.T.);
#2175=ORIENTED_EDGE('',*,*,#1495,.T.);
#2176=ORIENTED_EDGE('',*,*,#1497,.T.);
#2177=ORIENTED_EDGE('',*,*,#1202,.T.);
#2178=ORIENTED_EDGE('',*,*,#1507,.F.);
#2179=ORIENTED_EDGE('',*,*,#1508,.F.);
#2180=ORIENTED_EDGE('',*,*,#1508,.T.);
#2181=ORIENTED_EDGE('',*,*,#1509,.F.);
#2182=ORIENTED_EDGE('',*,*,#1510,.F.);
#2183=ORIENTED_EDGE('',*,*,#1493,.T.);
#2184=ORIENTED_EDGE('',*,*,#1511,.F.);
#2185=ORIENTED_EDGE('',*,*,#1509,.T.);
#2186=ORIENTED_EDGE('',*,*,#1507,.T.);
#2187=ORIENTED_EDGE('',*,*,#1201,.T.);
#2188=ORIENTED_EDGE('',*,*,#1512,.F.);
#2189=ORIENTED_EDGE('',*,*,#1513,.F.);
#2190=ORIENTED_EDGE('',*,*,#1512,.T.);
#2191=ORIENTED_EDGE('',*,*,#1200,.T.);
#2192=ORIENTED_EDGE('',*,*,#1514,.F.);
#2193=ORIENTED_EDGE('',*,*,#1515,.F.);
#2194=ORIENTED_EDGE('',*,*,#1515,.T.);
#2195=ORIENTED_EDGE('',*,*,#1516,.F.);
#2196=ORIENTED_EDGE('',*,*,#1517,.F.);
#2197=ORIENTED_EDGE('',*,*,#1513,.T.);
#2198=ORIENTED_EDGE('',*,*,#1518,.F.);
#2199=ORIENTED_EDGE('',*,*,#1519,.F.);
#2200=ORIENTED_EDGE('',*,*,#1520,.F.);
#2201=ORIENTED_EDGE('',*,*,#1516,.T.);
#2202=ORIENTED_EDGE('',*,*,#1514,.T.);
#2203=ORIENTED_EDGE('',*,*,#1199,.T.);
#2204=ORIENTED_EDGE('',*,*,#1195,.T.);
#2205=ORIENTED_EDGE('',*,*,#1521,.F.);
#2206=ORIENTED_EDGE('',*,*,#1522,.F.);
#2207=ORIENTED_EDGE('',*,*,#1523,.F.);
#2208=ORIENTED_EDGE('',*,*,#1524,.F.);
#2209=ORIENTED_EDGE('',*,*,#1525,.F.);
#2210=ORIENTED_EDGE('',*,*,#1198,.T.);
#2211=ORIENTED_EDGE('',*,*,#1526,.F.);
#2212=ORIENTED_EDGE('',*,*,#1527,.F.);
#2213=ORIENTED_EDGE('',*,*,#1518,.T.);
#2214=ORIENTED_EDGE('',*,*,#1528,.F.);
#2215=ORIENTED_EDGE('',*,*,#1529,.F.);
#2216=ORIENTED_EDGE('',*,*,#1519,.T.);
#2217=ORIENTED_EDGE('',*,*,#1527,.T.);
#2218=ORIENTED_EDGE('',*,*,#1525,.T.);
#2219=ORIENTED_EDGE('',*,*,#1530,.F.);
#2220=ORIENTED_EDGE('',*,*,#1531,.F.);
#2221=ORIENTED_EDGE('',*,*,#1196,.T.);
#2222=ORIENTED_EDGE('',*,*,#1197,.T.);
#2223=ORIENTED_EDGE('',*,*,#1531,.T.);
#2224=ORIENTED_EDGE('',*,*,#1532,.F.);
#2225=ORIENTED_EDGE('',*,*,#1533,.F.);
#2226=ORIENTED_EDGE('',*,*,#1528,.T.);
#2227=ORIENTED_EDGE('',*,*,#1526,.T.);
#2228=ORIENTED_EDGE('',*,*,#1524,.T.);
#2229=ORIENTED_EDGE('',*,*,#1534,.F.);
#2230=ORIENTED_EDGE('',*,*,#1532,.T.);
#2231=ORIENTED_EDGE('',*,*,#1530,.T.);
#2232=ORIENTED_EDGE('',*,*,#1535,.F.);
#2233=ORIENTED_EDGE('',*,*,#1536,.F.);
#2234=ORIENTED_EDGE('',*,*,#1537,.F.);
#2235=ORIENTED_EDGE('',*,*,#1538,.F.);
#2236=ORIENTED_EDGE('',*,*,#1539,.F.);
#2237=ORIENTED_EDGE('',*,*,#1191,.T.);
#2238=ORIENTED_EDGE('',*,*,#1521,.T.);
#2239=ORIENTED_EDGE('',*,*,#1194,.T.);
#2240=ORIENTED_EDGE('',*,*,#1540,.F.);
#2241=ORIENTED_EDGE('',*,*,#1541,.F.);
#2242=ORIENTED_EDGE('',*,*,#1542,.F.);
#2243=ORIENTED_EDGE('',*,*,#1522,.T.);
#2244=ORIENTED_EDGE('',*,*,#1541,.T.);
#2245=ORIENTED_EDGE('',*,*,#1543,.F.);
#2246=ORIENTED_EDGE('',*,*,#1544,.F.);
#2247=ORIENTED_EDGE('',*,*,#1192,.T.);
#2248=ORIENTED_EDGE('',*,*,#1539,.T.);
#2249=ORIENTED_EDGE('',*,*,#1545,.F.);
#2250=ORIENTED_EDGE('',*,*,#1540,.T.);
#2251=ORIENTED_EDGE('',*,*,#1193,.T.);
#2252=ORIENTED_EDGE('',*,*,#1544,.T.);
#2253=ORIENTED_EDGE('',*,*,#1546,.F.);
#2254=ORIENTED_EDGE('',*,*,#1547,.F.);
#2255=ORIENTED_EDGE('',*,*,#1543,.T.);
#2256=ORIENTED_EDGE('',*,*,#1538,.T.);
#2257=ORIENTED_EDGE('',*,*,#1548,.F.);
#2258=ORIENTED_EDGE('',*,*,#1546,.T.);
#2259=ORIENTED_EDGE('',*,*,#1545,.T.);
#2260=ORIENTED_EDGE('',*,*,#1190,.T.);
#2261=ORIENTED_EDGE('',*,*,#1549,.F.);
#2262=ORIENTED_EDGE('',*,*,#1550,.F.);
#2263=ORIENTED_EDGE('',*,*,#1535,.T.);
#2264=ORIENTED_EDGE('',*,*,#1550,.T.);
#2265=ORIENTED_EDGE('',*,*,#1551,.F.);
#2266=ORIENTED_EDGE('',*,*,#1552,.F.);
#2267=ORIENTED_EDGE('',*,*,#1536,.T.);
#2268=ORIENTED_EDGE('',*,*,#1189,.T.);
#2269=ORIENTED_EDGE('',*,*,#1553,.F.);
#2270=ORIENTED_EDGE('',*,*,#1554,.F.);
#2271=ORIENTED_EDGE('',*,*,#1555,.F.);
#2272=ORIENTED_EDGE('',*,*,#1551,.T.);
#2273=ORIENTED_EDGE('',*,*,#1549,.T.);
#2274=ORIENTED_EDGE('',*,*,#1556,.F.);
#2275=ORIENTED_EDGE('',*,*,#1557,.F.);
#2276=ORIENTED_EDGE('',*,*,#1553,.T.);
#2277=ORIENTED_EDGE('',*,*,#1188,.T.);
#2278=ORIENTED_EDGE('',*,*,#1554,.T.);
#2279=ORIENTED_EDGE('',*,*,#1557,.T.);
#2280=ORIENTED_EDGE('',*,*,#1558,.F.);
#2281=ORIENTED_EDGE('',*,*,#1559,.F.);
#2282=ORIENTED_EDGE('',*,*,#1187,.T.);
#2283=ORIENTED_EDGE('',*,*,#1560,.F.);
#2284=ORIENTED_EDGE('',*,*,#1561,.F.);
#2285=ORIENTED_EDGE('',*,*,#1562,.F.);
#2286=ORIENTED_EDGE('',*,*,#1558,.T.);
#2287=ORIENTED_EDGE('',*,*,#1556,.T.);
#2288=ORIENTED_EDGE('',*,*,#1563,.F.);
#2289=ORIENTED_EDGE('',*,*,#1564,.F.);
#2290=ORIENTED_EDGE('',*,*,#1183,.T.);
#2291=ORIENTED_EDGE('',*,*,#1565,.F.);
#2292=ORIENTED_EDGE('',*,*,#1566,.F.);
#2293=ORIENTED_EDGE('',*,*,#1567,.F.);
#2294=ORIENTED_EDGE('',*,*,#1560,.T.);
#2295=ORIENTED_EDGE('',*,*,#1186,.T.);
#2296=ORIENTED_EDGE('',*,*,#1568,.F.);
#2297=ORIENTED_EDGE('',*,*,#1569,.F.);
#2298=ORIENTED_EDGE('',*,*,#1570,.F.);
#2299=ORIENTED_EDGE('',*,*,#1571,.F.);
#2300=ORIENTED_EDGE('',*,*,#1561,.T.);
#2301=ORIENTED_EDGE('',*,*,#1569,.T.);
#2302=ORIENTED_EDGE('',*,*,#1564,.T.);
#2303=ORIENTED_EDGE('',*,*,#1572,.F.);
#2304=ORIENTED_EDGE('',*,*,#1573,.F.);
#2305=ORIENTED_EDGE('',*,*,#1184,.T.);
#2306=ORIENTED_EDGE('',*,*,#1574,.F.);
#2307=ORIENTED_EDGE('',*,*,#1575,.F.);
#2308=ORIENTED_EDGE('',*,*,#1570,.T.);
#2309=ORIENTED_EDGE('',*,*,#1568,.T.);
#2310=ORIENTED_EDGE('',*,*,#1185,.T.);
#2311=ORIENTED_EDGE('',*,*,#1573,.T.);
#2312=ORIENTED_EDGE('',*,*,#1576,.F.);
#2313=ORIENTED_EDGE('',*,*,#1574,.T.);
#2314=ORIENTED_EDGE('',*,*,#1572,.T.);
#2315=ORIENTED_EDGE('',*,*,#1563,.T.);
#2316=ORIENTED_EDGE('',*,*,#1565,.T.);
#2317=ORIENTED_EDGE('',*,*,#1182,.T.);
#2318=ORIENTED_EDGE('',*,*,#1577,.F.);
#2319=ORIENTED_EDGE('',*,*,#1578,.F.);
#2320=ORIENTED_EDGE('',*,*,#1578,.T.);
#2321=ORIENTED_EDGE('',*,*,#1579,.F.);
#2322=ORIENTED_EDGE('',*,*,#1580,.F.);
#2323=ORIENTED_EDGE('',*,*,#1566,.T.);
#2324=ORIENTED_EDGE('',*,*,#1581,.F.);
#2325=ORIENTED_EDGE('',*,*,#1180,.T.);
#2326=ORIENTED_EDGE('',*,*,#1270,.T.);
#2327=ORIENTED_EDGE('',*,*,#1582,.F.);
#2328=ORIENTED_EDGE('',*,*,#1583,.F.);
#2329=ORIENTED_EDGE('',*,*,#1579,.T.);
#2330=ORIENTED_EDGE('',*,*,#1577,.T.);
#2331=ORIENTED_EDGE('',*,*,#1181,.T.);
#2332=ORIENTED_EDGE('',*,*,#1581,.T.);
#2333=ORIENTED_EDGE('',*,*,#1584,.F.);
#2334=ORIENTED_EDGE('',*,*,#1384,.T.);
#2335=ORIENTED_EDGE('',*,*,#1387,.T.);
#2336=ORIENTED_EDGE('',*,*,#1390,.T.);
#2337=ORIENTED_EDGE('',*,*,#1394,.T.);
#2338=ORIENTED_EDGE('',*,*,#1402,.T.);
#2339=ORIENTED_EDGE('',*,*,#1407,.T.);
#2340=ORIENTED_EDGE('',*,*,#1408,.T.);
#2341=ORIENTED_EDGE('',*,*,#1397,.T.);
#2342=ORIENTED_EDGE('',*,*,#1417,.T.);
#2343=ORIENTED_EDGE('',*,*,#1421,.T.);
#2344=ORIENTED_EDGE('',*,*,#1422,.T.);
#2345=ORIENTED_EDGE('',*,*,#1411,.T.);
#2346=ORIENTED_EDGE('',*,*,#1426,.T.);
#2347=ORIENTED_EDGE('',*,*,#1429,.T.);
#2348=ORIENTED_EDGE('',*,*,#1433,.T.);
#2349=ORIENTED_EDGE('',*,*,#1436,.T.);
#2350=ORIENTED_EDGE('',*,*,#1445,.T.);
#2351=ORIENTED_EDGE('',*,*,#1449,.T.);
#2352=ORIENTED_EDGE('',*,*,#1450,.T.);
#2353=ORIENTED_EDGE('',*,*,#1440,.T.);
#2354=ORIENTED_EDGE('',*,*,#1459,.T.);
#2355=ORIENTED_EDGE('',*,*,#1463,.T.);
#2356=ORIENTED_EDGE('',*,*,#1464,.T.);
#2357=ORIENTED_EDGE('',*,*,#1453,.T.);
#2358=ORIENTED_EDGE('',*,*,#1468,.T.);
#2359=ORIENTED_EDGE('',*,*,#1470,.T.);
#2360=ORIENTED_EDGE('',*,*,#1475,.T.);
#2361=ORIENTED_EDGE('',*,*,#1478,.T.);
#2362=ORIENTED_EDGE('',*,*,#1487,.T.);
#2363=ORIENTED_EDGE('',*,*,#1490,.T.);
#2364=ORIENTED_EDGE('',*,*,#1492,.T.);
#2365=ORIENTED_EDGE('',*,*,#1481,.T.);
#2366=ORIENTED_EDGE('',*,*,#1501,.T.);
#2367=ORIENTED_EDGE('',*,*,#1505,.T.);
#2368=ORIENTED_EDGE('',*,*,#1506,.T.);
#2369=ORIENTED_EDGE('',*,*,#1494,.T.);
#2370=ORIENTED_EDGE('',*,*,#1510,.T.);
#2371=ORIENTED_EDGE('',*,*,#1511,.T.);
#2372=ORIENTED_EDGE('',*,*,#1517,.T.);
#2373=ORIENTED_EDGE('',*,*,#1520,.T.);
#2374=ORIENTED_EDGE('',*,*,#1529,.T.);
#2375=ORIENTED_EDGE('',*,*,#1533,.T.);
#2376=ORIENTED_EDGE('',*,*,#1534,.T.);
#2377=ORIENTED_EDGE('',*,*,#1523,.T.);
#2378=ORIENTED_EDGE('',*,*,#1542,.T.);
#2379=ORIENTED_EDGE('',*,*,#1547,.T.);
#2380=ORIENTED_EDGE('',*,*,#1548,.T.);
#2381=ORIENTED_EDGE('',*,*,#1537,.T.);
#2382=ORIENTED_EDGE('',*,*,#1552,.T.);
#2383=ORIENTED_EDGE('',*,*,#1555,.T.);
#2384=ORIENTED_EDGE('',*,*,#1559,.T.);
#2385=ORIENTED_EDGE('',*,*,#1562,.T.);
#2386=ORIENTED_EDGE('',*,*,#1571,.T.);
#2387=ORIENTED_EDGE('',*,*,#1575,.T.);
#2388=ORIENTED_EDGE('',*,*,#1576,.T.);
#2389=ORIENTED_EDGE('',*,*,#1567,.T.);
#2390=ORIENTED_EDGE('',*,*,#1580,.T.);
#2391=ORIENTED_EDGE('',*,*,#1583,.T.);
#2392=ORIENTED_EDGE('',*,*,#1585,.F.);
#2393=ORIENTED_EDGE('',*,*,#1273,.T.);
#2394=ORIENTED_EDGE('',*,*,#1277,.T.);
#2395=ORIENTED_EDGE('',*,*,#1280,.T.);
#2396=ORIENTED_EDGE('',*,*,#1282,.T.);
#2397=ORIENTED_EDGE('',*,*,#1264,.T.);
#2398=ORIENTED_EDGE('',*,*,#1291,.T.);
#2399=ORIENTED_EDGE('',*,*,#1295,.T.);
#2400=ORIENTED_EDGE('',*,*,#1296,.T.);
#2401=ORIENTED_EDGE('',*,*,#1285,.T.);
#2402=ORIENTED_EDGE('',*,*,#1299,.T.);
#2403=ORIENTED_EDGE('',*,*,#1303,.T.);
#2404=ORIENTED_EDGE('',*,*,#1307,.T.);
#2405=ORIENTED_EDGE('',*,*,#1310,.T.);
#2406=ORIENTED_EDGE('',*,*,#1318,.T.);
#2407=ORIENTED_EDGE('',*,*,#1323,.T.);
#2408=ORIENTED_EDGE('',*,*,#1324,.T.);
#2409=ORIENTED_EDGE('',*,*,#1313,.T.);
#2410=ORIENTED_EDGE('',*,*,#1333,.T.);
#2411=ORIENTED_EDGE('',*,*,#1337,.T.);
#2412=ORIENTED_EDGE('',*,*,#1338,.T.);
#2413=ORIENTED_EDGE('',*,*,#1327,.T.);
#2414=ORIENTED_EDGE('',*,*,#1342,.T.);
#2415=ORIENTED_EDGE('',*,*,#1344,.T.);
#2416=ORIENTED_EDGE('',*,*,#1349,.T.);
#2417=ORIENTED_EDGE('',*,*,#1351,.T.);
#2418=ORIENTED_EDGE('',*,*,#1360,.T.);
#2419=ORIENTED_EDGE('',*,*,#1365,.T.);
#2420=ORIENTED_EDGE('',*,*,#1366,.T.);
#2421=ORIENTED_EDGE('',*,*,#1355,.T.);
#2422=ORIENTED_EDGE('',*,*,#1374,.T.);
#2423=ORIENTED_EDGE('',*,*,#1379,.T.);
#2424=ORIENTED_EDGE('',*,*,#1380,.T.);
#2425=ORIENTED_EDGE('',*,*,#1367,.T.);
#2426=ORIENTED_EDGE('',*,*,#1586,.T.);
#2427=ORIENTED_EDGE('',*,*,#1586,.F.);
#2428=ORIENTED_EDGE('',*,*,#1585,.T.);
#2429=ORIENTED_EDGE('',*,*,#1584,.T.);
#2430=ORIENTED_EDGE('',*,*,#1582,.T.);
#2431=ORIENTED_EDGE('',*,*,#1269,.T.);
#2432=ORIENTED_EDGE('',*,*,#1587,.F.);
#2433=ORIENTED_EDGE('',*,*,#1588,.T.);
#2434=ORIENTED_EDGE('',*,*,#1589,.T.);
#2435=ORIENTED_EDGE('',*,*,#1588,.F.);
#2436=ORIENTED_EDGE('',*,*,#1587,.T.);
#2437=ORIENTED_EDGE('',*,*,#1589,.F.);
#2438=PLANE('',#2605);
#2439=PLANE('',#2607);
#2440=PLANE('',#2610);
#2441=PLANE('',#2889);
#2442=PLANE('',#2895);
#2443=PLANE('',#2896);
#2444=ADVANCED_FACE('',(#573),#2438,.F.);
#2445=ADVANCED_FACE('',(#574),#2439,.T.);
#2446=ADVANCED_FACE('',(#575),#571,.F.);
#2447=ADVANCED_FACE('',(#576,#155),#2440,.T.);
#2448=ADVANCED_FACE('',(#577),#54,.T.);
#2449=ADVANCED_FACE('',(#578),#55,.T.);
#2450=ADVANCED_FACE('',(#579),#48,.T.);
#2451=ADVANCED_FACE('',(#580),#56,.T.);
#2452=ADVANCED_FACE('',(#581),#57,.T.);
#2453=ADVANCED_FACE('',(#582),#58,.T.);
#2454=ADVANCED_FACE('',(#583),#17,.T.);
#2455=ADVANCED_FACE('',(#584),#59,.T.);
#2456=ADVANCED_FACE('',(#585),#60,.T.);
#2457=ADVANCED_FACE('',(#586),#49,.T.);
#2458=ADVANCED_FACE('',(#587),#61,.T.);
#2459=ADVANCED_FACE('',(#588),#62,.T.);
#2460=ADVANCED_FACE('',(#589),#63,.T.);
#2461=ADVANCED_FACE('',(#590),#64,.T.);
#2462=ADVANCED_FACE('',(#591),#18,.F.);
#2463=ADVANCED_FACE('',(#592),#65,.T.);
#2464=ADVANCED_FACE('',(#593),#66,.T.);
#2465=ADVANCED_FACE('',(#594),#19,.F.);
#2466=ADVANCED_FACE('',(#595),#67,.T.);
#2467=ADVANCED_FACE('',(#596),#68,.T.);
#2468=ADVANCED_FACE('',(#597),#69,.T.);
#2469=ADVANCED_FACE('',(#598),#70,.T.);
#2470=ADVANCED_FACE('',(#599),#71,.T.);
#2471=ADVANCED_FACE('',(#600),#72,.T.);
#2472=ADVANCED_FACE('',(#601),#20,.F.);
#2473=ADVANCED_FACE('',(#602),#73,.T.);
#2474=ADVANCED_FACE('',(#603),#21,.F.);
#2475=ADVANCED_FACE('',(#604),#22,.F.);
#2476=ADVANCED_FACE('',(#605),#74,.T.);
#2477=ADVANCED_FACE('',(#606),#75,.T.);
#2478=ADVANCED_FACE('',(#607),#76,.T.);
#2479=ADVANCED_FACE('',(#608),#23,.F.);
#2480=ADVANCED_FACE('',(#609),#24,.F.);
#2481=ADVANCED_FACE('',(#610),#77,.T.);
#2482=ADVANCED_FACE('',(#611),#78,.T.);
#2483=ADVANCED_FACE('',(#612),#50,.T.);
#2484=ADVANCED_FACE('',(#613),#79,.T.);
#2485=ADVANCED_FACE('',(#614),#80,.T.);
#2486=ADVANCED_FACE('',(#615),#51,.T.);
#2487=ADVANCED_FACE('',(#616),#25,.F.);
#2488=ADVANCED_FACE('',(#617),#81,.T.);
#2489=ADVANCED_FACE('',(#618),#82,.T.);
#2490=ADVANCED_FACE('',(#619),#83,.T.);
#2491=ADVANCED_FACE('',(#620),#84,.T.);
#2492=ADVANCED_FACE('',(#621),#85,.T.);
#2493=ADVANCED_FACE('',(#622),#26,.F.);
#2494=ADVANCED_FACE('',(#623),#86,.T.);
#2495=ADVANCED_FACE('',(#624),#87,.T.);
#2496=ADVANCED_FACE('',(#625),#88,.T.);
#2497=ADVANCED_FACE('',(#626),#89,.T.);
#2498=ADVANCED_FACE('',(#627),#27,.F.);
#2499=ADVANCED_FACE('',(#628),#90,.T.);
#2500=ADVANCED_FACE('',(#629),#91,.T.);
#2501=ADVANCED_FACE('',(#630),#92,.T.);
#2502=ADVANCED_FACE('',(#631),#93,.T.);
#2503=ADVANCED_FACE('',(#632),#94,.T.);
#2504=ADVANCED_FACE('',(#633),#95,.T.);
#2505=ADVANCED_FACE('',(#634),#28,.F.);
#2506=ADVANCED_FACE('',(#635),#96,.T.);
#2507=ADVANCED_FACE('',(#636),#97,.T.);
#2508=ADVANCED_FACE('',(#637),#98,.T.);
#2509=ADVANCED_FACE('',(#638),#99,.T.);
#2510=ADVANCED_FACE('',(#639),#52,.T.);
#2511=ADVANCED_FACE('',(#640),#100,.T.);
#2512=ADVANCED_FACE('',(#641),#101,.T.);
#2513=ADVANCED_FACE('',(#642),#102,.T.);
#2514=ADVANCED_FACE('',(#643),#29,.F.);
#2515=ADVANCED_FACE('',(#644),#30,.F.);
#2516=ADVANCED_FACE('',(#645),#31,.F.);
#2517=ADVANCED_FACE('',(#646),#103,.T.);
#2518=ADVANCED_FACE('',(#647),#104,.T.);
#2519=ADVANCED_FACE('',(#648),#105,.T.);
#2520=ADVANCED_FACE('',(#649),#106,.T.);
#2521=ADVANCED_FACE('',(#650),#107,.T.);
#2522=ADVANCED_FACE('',(#651),#108,.T.);
#2523=ADVANCED_FACE('',(#652),#32,.F.);
#2524=ADVANCED_FACE('',(#653),#109,.T.);
#2525=ADVANCED_FACE('',(#654),#110,.T.);
#2526=ADVANCED_FACE('',(#655),#111,.T.);
#2527=ADVANCED_FACE('',(#656),#112,.T.);
#2528=ADVANCED_FACE('',(#657),#113,.T.);
#2529=ADVANCED_FACE('',(#658),#33,.F.);
#2530=ADVANCED_FACE('',(#659),#34,.F.);
#2531=ADVANCED_FACE('',(#660),#114,.T.);
#2532=ADVANCED_FACE('',(#661),#53,.T.);
#2533=ADVANCED_FACE('',(#662),#115,.T.);
#2534=ADVANCED_FACE('',(#663),#116,.T.);
#2535=ADVANCED_FACE('',(#664),#117,.T.);
#2536=ADVANCED_FACE('',(#665),#118,.T.);
#2537=ADVANCED_FACE('',(#666),#119,.T.);
#2538=ADVANCED_FACE('',(#667),#120,.T.);
#2539=ADVANCED_FACE('',(#668),#121,.T.);
#2540=ADVANCED_FACE('',(#669),#122,.T.);
#2541=ADVANCED_FACE('',(#670),#35,.F.);
#2542=ADVANCED_FACE('',(#671),#123,.T.);
#2543=ADVANCED_FACE('',(#672),#124,.T.);
#2544=ADVANCED_FACE('',(#673),#125,.T.);
#2545=ADVANCED_FACE('',(#674),#126,.T.);
#2546=ADVANCED_FACE('',(#675),#36,.F.);
#2547=ADVANCED_FACE('',(#676),#37,.F.);
#2548=ADVANCED_FACE('',(#677),#127,.T.);
#2549=ADVANCED_FACE('',(#678),#128,.T.);
#2550=ADVANCED_FACE('',(#679),#38,.F.);
#2551=ADVANCED_FACE('',(#680),#39,.F.);
#2552=ADVANCED_FACE('',(#681),#129,.T.);
#2553=ADVANCED_FACE('',(#682),#130,.T.);
#2554=ADVANCED_FACE('',(#683),#131,.T.);
#2555=ADVANCED_FACE('',(#684),#132,.T.);
#2556=ADVANCED_FACE('',(#685),#133,.T.);
#2557=ADVANCED_FACE('',(#686),#134,.T.);
#2558=ADVANCED_FACE('',(#687),#135,.T.);
#2559=ADVANCED_FACE('',(#688),#40,.F.);
#2560=ADVANCED_FACE('',(#689),#136,.T.);
#2561=ADVANCED_FACE('',(#690),#137,.T.);
#2562=ADVANCED_FACE('',(#691),#138,.T.);
#2563=ADVANCED_FACE('',(#692),#139,.T.);
#2564=ADVANCED_FACE('',(#693),#140,.T.);
#2565=ADVANCED_FACE('',(#694),#41,.F.);
#2566=ADVANCED_FACE('',(#695),#141,.T.);
#2567=ADVANCED_FACE('',(#696),#142,.T.);
#2568=ADVANCED_FACE('',(#697),#143,.T.);
#2569=ADVANCED_FACE('',(#698),#144,.T.);
#2570=ADVANCED_FACE('',(#699),#42,.F.);
#2571=ADVANCED_FACE('',(#700),#145,.T.);
#2572=ADVANCED_FACE('',(#701),#146,.T.);
#2573=ADVANCED_FACE('',(#702),#43,.F.);
#2574=ADVANCED_FACE('',(#703),#147,.T.);
#2575=ADVANCED_FACE('',(#704),#148,.T.);
#2576=ADVANCED_FACE('',(#705),#149,.T.);
#2577=ADVANCED_FACE('',(#706),#44,.F.);
#2578=ADVANCED_FACE('',(#707),#150,.T.);
#2579=ADVANCED_FACE('',(#708),#151,.T.);
#2580=ADVANCED_FACE('',(#709),#152,.T.);
#2581=ADVANCED_FACE('',(#710),#45,.F.);
#2582=ADVANCED_FACE('',(#711),#46,.F.);
#2583=ADVANCED_FACE('',(#712),#153,.T.);
#2584=ADVANCED_FACE('',(#713),#154,.T.);
#2585=ADVANCED_FACE('',(#714,#156),#2441,.F.);
#2586=ADVANCED_FACE('',(#715),#47,.F.);
#2587=ADVANCED_FACE('',(#716),#572,.T.);
#2588=ADVANCED_FACE('',(#717),#2442,.T.);
#2589=ADVANCED_FACE('',(#718),#2443,.F.);
#2590=CLOSED_SHELL('',(#2444,#2445,#2446,#2447,#2448,#2449,#2450,#2451,
#2452,#2453,#2454,#2455,#2456,#2457,#2458,#2459,#2460,#2461,#2462,#2463,
#2464,#2465,#2466,#2467,#2468,#2469,#2470,#2471,#2472,#2473,#2474,#2475,
#2476,#2477,#2478,#2479,#2480,#2481,#2482,#2483,#2484,#2485,#2486,#2487,
#2488,#2489,#2490,#2491,#2492,#2493,#2494,#2495,#2496,#2497,#2498,#2499,
#2500,#2501,#2502,#2503,#2504,#2505,#2506,#2507,#2508,#2509,#2510,#2511,
#2512,#2513,#2514,#2515,#2516,#2517,#2518,#2519,#2520,#2521,#2522,#2523,
#2524,#2525,#2526,#2527,#2528,#2529,#2530,#2531,#2532,#2533,#2534,#2535,
#2536,#2537,#2538,#2539,#2540,#2541,#2542,#2543,#2544,#2545,#2546,#2547,
#2548,#2549,#2550,#2551,#2552,#2553,#2554,#2555,#2556,#2557,#2558,#2559,
#2560,#2561,#2562,#2563,#2564,#2565,#2566,#2567,#2568,#2569,#2570,#2571,
#2572,#2573,#2574,#2575,#2576,#2577,#2578,#2579,#2580,#2581,#2582,#2583,
#2584,#2585,#2586));
#2591=CLOSED_SHELL('',(#2587,#2588,#2589));
#2592=DERIVED_UNIT_ELEMENT(#2594,1.);
#2593=DERIVED_UNIT_ELEMENT(#6022,-3.);
#2594=(
MASS_UNIT()
NAMED_UNIT(*)
SI_UNIT(.KILO.,.GRAM.)
);
#2595=DERIVED_UNIT((#2592,#2593));
#2596=MEASURE_REPRESENTATION_ITEM('density measure',
POSITIVE_RATIO_MEASURE(7850.),#2595);
#2597=PROPERTY_DEFINITION_REPRESENTATION(#2602,#2599);
#2598=PROPERTY_DEFINITION_REPRESENTATION(#2603,#2600);
#2599=REPRESENTATION('material name',(#2601),#6019);
#2600=REPRESENTATION('density',(#2596),#6019);
#2601=DESCRIPTIVE_REPRESENTATION_ITEM('Steel','Steel');
#2602=PROPERTY_DEFINITION('material property','material name',#6029);
#2603=PROPERTY_DEFINITION('material property','density of part',#6029);
#2604=AXIS2_PLACEMENT_3D('',#3488,#2897,#2898);
#2605=AXIS2_PLACEMENT_3D('',#3489,#2899,#2900);
#2606=AXIS2_PLACEMENT_3D('',#3493,#2902,#2903);
#2607=AXIS2_PLACEMENT_3D('',#3494,#2904,#2905);
#2608=AXIS2_PLACEMENT_3D('',#3500,#2909,#2910);
#2609=AXIS2_PLACEMENT_3D('',#3501,#2911,#2912);
#2610=AXIS2_PLACEMENT_3D('',#3502,#2913,#2914);
#2611=AXIS2_PLACEMENT_3D('',#3505,#2915,#2916);
#2612=AXIS2_PLACEMENT_3D('',#3507,#2917,#2918);
#2613=AXIS2_PLACEMENT_3D('',#3509,#2919,#2920);
#2614=AXIS2_PLACEMENT_3D('',#3511,#2921,#2922);
#2615=AXIS2_PLACEMENT_3D('',#3513,#2923,#2924);
#2616=AXIS2_PLACEMENT_3D('',#3515,#2925,#2926);
#2617=AXIS2_PLACEMENT_3D('',#3529,#2927,#2928);
#2618=AXIS2_PLACEMENT_3D('',#3531,#2929,#2930);
#2619=AXIS2_PLACEMENT_3D('',#3533,#2931,#2932);
#2620=AXIS2_PLACEMENT_3D('',#3546,#2933,#2934);
#2621=AXIS2_PLACEMENT_3D('',#3548,#2935,#2936);
#2622=AXIS2_PLACEMENT_3D('',#3550,#2937,#2938);
#2623=AXIS2_PLACEMENT_3D('',#3552,#2939,#2940);
#2624=AXIS2_PLACEMENT_3D('',#3554,#2941,#2942);
#2625=AXIS2_PLACEMENT_3D('',#3556,#2943,#2944);
#2626=AXIS2_PLACEMENT_3D('',#3558,#2945,#2946);
#2627=AXIS2_PLACEMENT_3D('',#3560,#2947,#2948);
#2628=AXIS2_PLACEMENT_3D('',#3562,#2949,#2950);
#2629=AXIS2_PLACEMENT_3D('',#3564,#2951,#2952);
#2630=AXIS2_PLACEMENT_3D('',#3566,#2953,#2954);
#2631=AXIS2_PLACEMENT_3D('',#3568,#2955,#2956);
#2632=AXIS2_PLACEMENT_3D('',#3570,#2957,#2958);
#2633=AXIS2_PLACEMENT_3D('',#3572,#2959,#2960);
#2634=AXIS2_PLACEMENT_3D('',#3574,#2961,#2962);
#2635=AXIS2_PLACEMENT_3D('',#3576,#2963,#2964);
#2636=AXIS2_PLACEMENT_3D('',#3578,#2965,#2966);
#2637=AXIS2_PLACEMENT_3D('',#3580,#2967,#2968);
#2638=AXIS2_PLACEMENT_3D('',#3582,#2969,#2970);
#2639=AXIS2_PLACEMENT_3D('',#3596,#2971,#2972);
#2640=AXIS2_PLACEMENT_3D('',#3598,#2973,#2974);
#2641=AXIS2_PLACEMENT_3D('',#3600,#2975,#2976);
#2642=AXIS2_PLACEMENT_3D('',#3614,#2977,#2978);
#2643=AXIS2_PLACEMENT_3D('',#3616,#2979,#2980);
#2644=AXIS2_PLACEMENT_3D('',#3618,#2981,#2982);
#2645=AXIS2_PLACEMENT_3D('',#3620,#2983,#2984);
#2646=AXIS2_PLACEMENT_3D('',#3622,#2985,#2986);
#2647=AXIS2_PLACEMENT_3D('',#3624,#2987,#2988);
#2648=AXIS2_PLACEMENT_3D('',#3626,#2989,#2990);
#2649=AXIS2_PLACEMENT_3D('',#3628,#2991,#2992);
#2650=AXIS2_PLACEMENT_3D('',#3630,#2993,#2994);
#2651=AXIS2_PLACEMENT_3D('',#3644,#2995,#2996);
#2652=AXIS2_PLACEMENT_3D('',#3646,#2997,#2998);
#2653=AXIS2_PLACEMENT_3D('',#3648,#2999,#3000);
#2654=AXIS2_PLACEMENT_3D('',#3650,#3001,#3002);
#2655=AXIS2_PLACEMENT_3D('',#3652,#3003,#3004);
#2656=AXIS2_PLACEMENT_3D('',#3654,#3005,#3006);
#2657=AXIS2_PLACEMENT_3D('',#3656,#3007,#3008);
#2658=AXIS2_PLACEMENT_3D('',#3658,#3009,#3010);
#2659=AXIS2_PLACEMENT_3D('',#3660,#3011,#3012);
#2660=AXIS2_PLACEMENT_3D('',#3672,#3013,#3014);
#2661=AXIS2_PLACEMENT_3D('',#3674,#3015,#3016);
#2662=AXIS2_PLACEMENT_3D('',#3676,#3017,#3018);
#2663=AXIS2_PLACEMENT_3D('',#3689,#3019,#3020);
#2664=AXIS2_PLACEMENT_3D('',#3691,#3021,#3022);
#2665=AXIS2_PLACEMENT_3D('',#3693,#3023,#3024);
#2666=AXIS2_PLACEMENT_3D('',#3695,#3025,#3026);
#2667=AXIS2_PLACEMENT_3D('',#3697,#3027,#3028);
#2668=AXIS2_PLACEMENT_3D('',#3699,#3029,#3030);
#2669=AXIS2_PLACEMENT_3D('',#3701,#3031,#3032);
#2670=AXIS2_PLACEMENT_3D('',#3703,#3033,#3034);
#2671=AXIS2_PLACEMENT_3D('',#3705,#3035,#3036);
#2672=AXIS2_PLACEMENT_3D('',#3707,#3037,#3038);
#2673=AXIS2_PLACEMENT_3D('',#3709,#3039,#3040);
#2674=AXIS2_PLACEMENT_3D('',#3711,#3041,#3042);
#2675=AXIS2_PLACEMENT_3D('',#3713,#3043,#3044);
#2676=AXIS2_PLACEMENT_3D('',#3715,#3045,#3046);
#2677=AXIS2_PLACEMENT_3D('',#3717,#3047,#3048);
#2678=AXIS2_PLACEMENT_3D('',#3731,#3049,#3050);
#2679=AXIS2_PLACEMENT_3D('',#3733,#3051,#3052);
#2680=AXIS2_PLACEMENT_3D('',#3735,#3053,#3054);
#2681=AXIS2_PLACEMENT_3D('',#3749,#3055,#3056);
#2682=AXIS2_PLACEMENT_3D('',#3751,#3057,#3058);
#2683=AXIS2_PLACEMENT_3D('',#3753,#3059,#3060);
#2684=AXIS2_PLACEMENT_3D('',#3767,#3061,#3062);
#2685=AXIS2_PLACEMENT_3D('',#3769,#3063,#3064);
#2686=AXIS2_PLACEMENT_3D('',#3771,#3065,#3066);
#2687=AXIS2_PLACEMENT_3D('',#3773,#3067,#3068);
#2688=AXIS2_PLACEMENT_3D('',#3775,#3069,#3070);
#2689=AXIS2_PLACEMENT_3D('',#3777,#3071,#3072);
#2690=AXIS2_PLACEMENT_3D('',#3779,#3073,#3074);
#2691=AXIS2_PLACEMENT_3D('',#3781,#3075,#3076);
#2692=AXIS2_PLACEMENT_3D('',#3782,#3077,#3078);
#2693=AXIS2_PLACEMENT_3D('',#3783,#3079,#3080);
#2694=AXIS2_PLACEMENT_3D('',#3786,#3081,#3082);
#2695=AXIS2_PLACEMENT_3D('',#3815,#3083,#3084);
#2696=AXIS2_PLACEMENT_3D('',#3838,#3085,#3086);
#2697=AXIS2_PLACEMENT_3D('',#3861,#3087,#3088);
#2698=AXIS2_PLACEMENT_3D('',#3873,#3089,#3090);
#2699=AXIS2_PLACEMENT_3D('',#3874,#3091,#3092);
#2700=AXIS2_PLACEMENT_3D('',#3890,#3093,#3094);
#2701=AXIS2_PLACEMENT_3D('',#3892,#3095,#3096);
#2702=AXIS2_PLACEMENT_3D('',#3903,#3097,#3098);
#2703=AXIS2_PLACEMENT_3D('',#3912,#3099,#3100);
#2704=AXIS2_PLACEMENT_3D('',#3926,#3101,#3102);
#2705=AXIS2_PLACEMENT_3D('',#3938,#3103,#3104);
#2706=AXIS2_PLACEMENT_3D('',#3979,#3105,#3106);
#2707=AXIS2_PLACEMENT_3D('',#3993,#3107,#3108);
#2708=AXIS2_PLACEMENT_3D('',#3999,#3109,#3110);
#2709=AXIS2_PLACEMENT_3D('',#4000,#3111,#3112);
#2710=AXIS2_PLACEMENT_3D('',#4001,#3113,#3114);
#2711=AXIS2_PLACEMENT_3D('',#4002,#3115,#3116);
#2712=AXIS2_PLACEMENT_3D('',#4014,#3117,#3118);
#2713=AXIS2_PLACEMENT_3D('',#4032,#3119,#3120);
#2714=AXIS2_PLACEMENT_3D('',#4049,#3121,#3122);
#2715=AXIS2_PLACEMENT_3D('',#4050,#3123,#3124);
#2716=AXIS2_PLACEMENT_3D('',#4066,#3125,#3126);
#2717=AXIS2_PLACEMENT_3D('',#4082,#3127,#3128);
#2718=AXIS2_PLACEMENT_3D('',#4095,#3129,#3130);
#2719=AXIS2_PLACEMENT_3D('',#4096,#3131,#3132);
#2720=AXIS2_PLACEMENT_3D('',#4113,#3133,#3134);
#2721=AXIS2_PLACEMENT_3D('',#4125,#3135,#3136);
#2722=AXIS2_PLACEMENT_3D('',#4139,#3137,#3138);
#2723=AXIS2_PLACEMENT_3D('',#4141,#3139,#3140);
#2724=AXIS2_PLACEMENT_3D('',#4146,#3141,#3142);
#2725=AXIS2_PLACEMENT_3D('',#4160,#3143,#3144);
#2726=AXIS2_PLACEMENT_3D('',#4172,#3145,#3146);
#2727=AXIS2_PLACEMENT_3D('',#4173,#3147,#3148);
#2728=AXIS2_PLACEMENT_3D('',#4184,#3149,#3150);
#2729=AXIS2_PLACEMENT_3D('',#4198,#3151,#3152);
#2730=AXIS2_PLACEMENT_3D('',#4210,#3153,#3154);
#2731=AXIS2_PLACEMENT_3D('',#4227,#3155,#3156);
#2732=AXIS2_PLACEMENT_3D('',#4247,#3157,#3158);
#2733=AXIS2_PLACEMENT_3D('',#4263,#3159,#3160);
#2734=AXIS2_PLACEMENT_3D('',#4269,#3161,#3162);
#2735=AXIS2_PLACEMENT_3D('',#4270,#3163,#3164);
#2736=AXIS2_PLACEMENT_3D('',#4271,#3165,#3166);
#2737=AXIS2_PLACEMENT_3D('',#4272,#3167,#3168);
#2738=AXIS2_PLACEMENT_3D('',#4288,#3169,#3170);
#2739=AXIS2_PLACEMENT_3D('',#4313,#3171,#3172);
#2740=AXIS2_PLACEMENT_3D('',#4320,#3173,#3174);
#2741=AXIS2_PLACEMENT_3D('',#4325,#3175,#3176);
#2742=AXIS2_PLACEMENT_3D('',#4365,#3177,#3178);
#2743=AXIS2_PLACEMENT_3D('',#4372,#3179,#3180);
#2744=AXIS2_PLACEMENT_3D('',#4379,#3181,#3182);
#2745=AXIS2_PLACEMENT_3D('',#4393,#3183,#3184);
#2746=AXIS2_PLACEMENT_3D('',#4436,#3185,#3186);
#2747=AXIS2_PLACEMENT_3D('',#4449,#3187,#3188);
#2748=AXIS2_PLACEMENT_3D('',#4465,#3189,#3190);
#2749=AXIS2_PLACEMENT_3D('',#4473,#3191,#3192);
#2750=AXIS2_PLACEMENT_3D('',#4474,#3193,#3194);
#2751=AXIS2_PLACEMENT_3D('',#4475,#3195,#3196);
#2752=AXIS2_PLACEMENT_3D('',#4476,#3197,#3198);
#2753=AXIS2_PLACEMENT_3D('',#4479,#3199,#3200);
#2754=AXIS2_PLACEMENT_3D('',#4502,#3201,#3202);
#2755=AXIS2_PLACEMENT_3D('',#4518,#3203,#3204);
#2756=AXIS2_PLACEMENT_3D('',#4542,#3205,#3206);
#2757=AXIS2_PLACEMENT_3D('',#4558,#3207,#3208);
#2758=AXIS2_PLACEMENT_3D('',#4570,#3209,#3210);
#2759=AXIS2_PLACEMENT_3D('',#4571,#3211,#3212);
#2760=AXIS2_PLACEMENT_3D('',#4572,#3213,#3214);
#2761=AXIS2_PLACEMENT_3D('',#4573,#3215,#3216);
#2762=AXIS2_PLACEMENT_3D('',#4589,#3217,#3218);
#2763=AXIS2_PLACEMENT_3D('',#4604,#3219,#3220);
#2764=AXIS2_PLACEMENT_3D('',#4632,#3221,#3222);
#2765=AXIS2_PLACEMENT_3D('',#4633,#3223,#3224);
#2766=AXIS2_PLACEMENT_3D('',#4649,#3225,#3226);
#2767=AXIS2_PLACEMENT_3D('',#4651,#3227,#3228);
#2768=AXIS2_PLACEMENT_3D('',#4656,#3229,#3230);
#2769=AXIS2_PLACEMENT_3D('',#4671,#3231,#3232);
#2770=AXIS2_PLACEMENT_3D('',#4672,#3233,#3234);
#2771=AXIS2_PLACEMENT_3D('',#4684,#3235,#3236);
#2772=AXIS2_PLACEMENT_3D('',#4696,#3237,#3238);
#2773=AXIS2_PLACEMENT_3D('',#4712,#3239,#3240);
#2774=AXIS2_PLACEMENT_3D('',#4736,#3241,#3242);
#2775=AXIS2_PLACEMENT_3D('',#4750,#3243,#3244);
#2776=AXIS2_PLACEMENT_3D('',#4771,#3245,#3246);
#2777=AXIS2_PLACEMENT_3D('',#4772,#3247,#3248);
#2778=AXIS2_PLACEMENT_3D('',#4773,#3249,#3250);
#2779=AXIS2_PLACEMENT_3D('',#4774,#3251,#3252);
#2780=AXIS2_PLACEMENT_3D('',#4786,#3253,#3254);
#2781=AXIS2_PLACEMENT_3D('',#4828,#3255,#3256);
#2782=AXIS2_PLACEMENT_3D('',#4840,#3257,#3258);
#2783=AXIS2_PLACEMENT_3D('',#4841,#3259,#3260);
#2784=AXIS2_PLACEMENT_3D('',#4853,#3261,#3262);
#2785=AXIS2_PLACEMENT_3D('',#4864,#3263,#3264);
#2786=AXIS2_PLACEMENT_3D('',#4865,#3265,#3266);
#2787=AXIS2_PLACEMENT_3D('',#4876,#3267,#3268);
#2788=AXIS2_PLACEMENT_3D('',#4896,#3269,#3270);
#2789=AXIS2_PLACEMENT_3D('',#4919,#3271,#3272);
#2790=AXIS2_PLACEMENT_3D('',#4938,#3273,#3274);
#2791=AXIS2_PLACEMENT_3D('',#4939,#3275,#3276);
#2792=AXIS2_PLACEMENT_3D('',#4955,#3277,#3278);
#2793=AXIS2_PLACEMENT_3D('',#4961,#3279,#3280);
#2794=AXIS2_PLACEMENT_3D('',#4962,#3281,#3282);
#2795=AXIS2_PLACEMENT_3D('',#4977,#3283,#3284);
#2796=AXIS2_PLACEMENT_3D('',#4978,#3285,#3286);
#2797=AXIS2_PLACEMENT_3D('',#4999,#3287,#3288);
#2798=AXIS2_PLACEMENT_3D('',#5004,#3289,#3290);
#2799=AXIS2_PLACEMENT_3D('',#5021,#3291,#3292);
#2800=AXIS2_PLACEMENT_3D('',#5034,#3293,#3294);
#2801=AXIS2_PLACEMENT_3D('',#5050,#3295,#3296);
#2802=AXIS2_PLACEMENT_3D('',#5058,#3297,#3298);
#2803=AXIS2_PLACEMENT_3D('',#5059,#3299,#3300);
#2804=AXIS2_PLACEMENT_3D('',#5060,#3301,#3302);
#2805=AXIS2_PLACEMENT_3D('',#5061,#3303,#3304);
#2806=AXIS2_PLACEMENT_3D('',#5075,#3305,#3306);
#2807=AXIS2_PLACEMENT_3D('',#5085,#3307,#3308);
#2808=AXIS2_PLACEMENT_3D('',#5101,#3309,#3310);
#2809=AXIS2_PLACEMENT_3D('',#5117,#3311,#3312);
#2810=AXIS2_PLACEMENT_3D('',#5136,#3313,#3314);
#2811=AXIS2_PLACEMENT_3D('',#5169,#3315,#3316);
#2812=AXIS2_PLACEMENT_3D('',#5189,#3317,#3318);
#2813=AXIS2_PLACEMENT_3D('',#5203,#3319,#3320);
#2814=AXIS2_PLACEMENT_3D('',#5209,#3321,#3322);
#2815=AXIS2_PLACEMENT_3D('',#5210,#3323,#3324);
#2816=AXIS2_PLACEMENT_3D('',#5217,#3325,#3326);
#2817=AXIS2_PLACEMENT_3D('',#5222,#3327,#3328);
#2818=AXIS2_PLACEMENT_3D('',#5238,#3329,#3330);
#2819=AXIS2_PLACEMENT_3D('',#5244,#3331,#3332);
#2820=AXIS2_PLACEMENT_3D('',#5245,#3333,#3334);
#2821=AXIS2_PLACEMENT_3D('',#5261,#3335,#3336);
#2822=AXIS2_PLACEMENT_3D('',#5262,#3337,#3338);
#2823=AXIS2_PLACEMENT_3D('',#5274,#3339,#3340);
#2824=AXIS2_PLACEMENT_3D('',#5286,#3341,#3342);
#2825=AXIS2_PLACEMENT_3D('',#5302,#3343,#3344);
#2826=AXIS2_PLACEMENT_3D('',#5325,#3345,#3346);
#2827=AXIS2_PLACEMENT_3D('',#5341,#3347,#3348);
#2828=AXIS2_PLACEMENT_3D('',#5343,#3349,#3350);
#2829=AXIS2_PLACEMENT_3D('',#5348,#3351,#3352);
#2830=AXIS2_PLACEMENT_3D('',#5349,#3353,#3354);
#2831=AXIS2_PLACEMENT_3D('',#5350,#3355,#3356);
#2832=AXIS2_PLACEMENT_3D('',#5358,#3357,#3358);
#2833=AXIS2_PLACEMENT_3D('',#5374,#3359,#3360);
#2834=AXIS2_PLACEMENT_3D('',#5392,#3361,#3362);
#2835=AXIS2_PLACEMENT_3D('',#5408,#3363,#3364);
#2836=AXIS2_PLACEMENT_3D('',#5422,#3365,#3366);
#2837=AXIS2_PLACEMENT_3D('',#5431,#3367,#3368);
#2838=AXIS2_PLACEMENT_3D('',#5432,#3369,#3370);
#2839=AXIS2_PLACEMENT_3D('',#5444,#3371,#3372);
#2840=AXIS2_PLACEMENT_3D('',#5467,#3373,#3374);
#2841=AXIS2_PLACEMENT_3D('',#5479,#3375,#3376);
#2842=AXIS2_PLACEMENT_3D('',#5480,#3377,#3378);
#2843=AXIS2_PLACEMENT_3D('',#5482,#3379,#3380);
#2844=AXIS2_PLACEMENT_3D('',#5500,#3381,#3382);
#2845=AXIS2_PLACEMENT_3D('',#5516,#3383,#3384);
#2846=AXIS2_PLACEMENT_3D('',#5522,#3385,#3386);
#2847=AXIS2_PLACEMENT_3D('',#5523,#3387,#3388);
#2848=AXIS2_PLACEMENT_3D('',#5536,#3389,#3390);
#2849=AXIS2_PLACEMENT_3D('',#5537,#3391,#3392);
#2850=AXIS2_PLACEMENT_3D('',#5553,#3393,#3394);
#2851=AXIS2_PLACEMENT_3D('',#5565,#3395,#3396);
#2852=AXIS2_PLACEMENT_3D('',#5581,#3397,#3398);
#2853=AXIS2_PLACEMENT_3D('',#5604,#3399,#3400);
#2854=AXIS2_PLACEMENT_3D('',#5620,#3401,#3402);
#2855=AXIS2_PLACEMENT_3D('',#5628,#3403,#3404);
#2856=AXIS2_PLACEMENT_3D('',#5629,#3405,#3406);
#2857=AXIS2_PLACEMENT_3D('',#5630,#3407,#3408);
#2858=AXIS2_PLACEMENT_3D('',#5631,#3409,#3410);
#2859=AXIS2_PLACEMENT_3D('',#5645,#3411,#3412);
#2860=AXIS2_PLACEMENT_3D('',#5657,#3413,#3414);
#2861=AXIS2_PLACEMENT_3D('',#5671,#3415,#3416);
#2862=AXIS2_PLACEMENT_3D('',#5695,#3417,#3418);
#2863=AXIS2_PLACEMENT_3D('',#5713,#3419,#3420);
#2864=AXIS2_PLACEMENT_3D('',#5719,#3421,#3422);
#2865=AXIS2_PLACEMENT_3D('',#5720,#3423,#3424);
#2866=AXIS2_PLACEMENT_3D('',#5721,#3425,#3426);
#2867=AXIS2_PLACEMENT_3D('',#5722,#3427,#3428);
#2868=AXIS2_PLACEMENT_3D('',#5736,#3429,#3430);
#2869=AXIS2_PLACEMENT_3D('',#5755,#3431,#3432);
#2870=AXIS2_PLACEMENT_3D('',#5766,#3433,#3434);
#2871=AXIS2_PLACEMENT_3D('',#5767,#3435,#3436);
#2872=AXIS2_PLACEMENT_3D('',#5781,#3437,#3438);
#2873=AXIS2_PLACEMENT_3D('',#5797,#3439,#3440);
#2874=AXIS2_PLACEMENT_3D('',#5812,#3441,#3442);
#2875=AXIS2_PLACEMENT_3D('',#5813,#3443,#3444);
#2876=AXIS2_PLACEMENT_3D('',#5838,#3445,#3446);
#2877=AXIS2_PLACEMENT_3D('',#5839,#3447,#3448);
#2878=AXIS2_PLACEMENT_3D('',#5856,#3449,#3450);
#2879=AXIS2_PLACEMENT_3D('',#5879,#3451,#3452);
#2880=AXIS2_PLACEMENT_3D('',#5895,#3453,#3454);
#2881=AXIS2_PLACEMENT_3D('',#5916,#3455,#3456);
#2882=AXIS2_PLACEMENT_3D('',#5917,#3457,#3458);
#2883=AXIS2_PLACEMENT_3D('',#5918,#3459,#3460);
#2884=AXIS2_PLACEMENT_3D('',#5919,#3461,#3462);
#2885=AXIS2_PLACEMENT_3D('',#5943,#3463,#3464);
#2886=AXIS2_PLACEMENT_3D('',#5963,#3465,#3466);
#2887=AXIS2_PLACEMENT_3D('',#5978,#3467,#3468);
#2888=AXIS2_PLACEMENT_3D('',#5980,#3469,#3470);
#2889=AXIS2_PLACEMENT_3D('',#5994,#3471,#3472);
#2890=AXIS2_PLACEMENT_3D('',#6007,#3473,#3474);
#2891=AXIS2_PLACEMENT_3D('',#6008,#3475,#3476);
#2892=AXIS2_PLACEMENT_3D('',#6009,#3477,#3478);
#2893=AXIS2_PLACEMENT_3D('',#6011,#3479,#3480);
#2894=AXIS2_PLACEMENT_3D('',#6014,#3482,#3483);
#2895=AXIS2_PLACEMENT_3D('',#6015,#3484,#3485);
#2896=AXIS2_PLACEMENT_3D('',#6016,#3486,#3487);
#2897=DIRECTION('axis',(0.,0.,1.));
#2898=DIRECTION('refdir',(1.,0.,0.));
#2899=DIRECTION('center_axis',(0.,0.,1.));
#2900=DIRECTION('ref_axis',(-1.,0.,0.));
#2901=DIRECTION('',(1.,0.,0.));
#2902=DIRECTION('center_axis',(0.,0.,1.));
#2903=DIRECTION('ref_axis',(-0.676435448064932,-0.736501924370327,0.));
#2904=DIRECTION('center_axis',(0.,1.,0.));
#2905=DIRECTION('ref_axis',(-1.,0.,0.));
#2906=DIRECTION('',(0.,0.,1.));
#2907=DIRECTION('',(1.,0.,0.));
#2908=DIRECTION('',(0.,0.,1.));
#2909=DIRECTION('center_axis',(0.,0.,1.));
#2910=DIRECTION('ref_axis',(0.,1.,0.));
#2911=DIRECTION('center_axis',(0.,0.,1.));
#2912=DIRECTION('ref_axis',(-0.676435448064932,-0.736501924370327,0.));
#2913=DIRECTION('center_axis',(0.,-1.22464679914735E-16,-1.));
#2914=DIRECTION('ref_axis',(1.,0.,0.));
#2915=DIRECTION('center_axis',(0.,1.22464679914735E-16,1.));
#2916=DIRECTION('ref_axis',(0.210119246282218,-0.977675765446701,1.19730749675824E-16));
#2917=DIRECTION('center_axis',(0.,1.22464679914735E-16,1.));
#2918=DIRECTION('ref_axis',(-0.864714074419263,-0.502264441804551,6.15096540981475E-17));
#2919=DIRECTION('center_axis',(0.,1.22464679914735E-16,1.));
#2920=DIRECTION('ref_axis',(0.671240050407023,-0.74124003853649,9.07757240593573E-17));
#2921=DIRECTION('center_axis',(0.,1.22464679914735E-16,1.));
#2922=DIRECTION('ref_axis',(0.344552245923801,-0.938767143560566,1.07856689117484E-16));
#2923=DIRECTION('center_axis',(0.,1.22464679914735E-16,1.));
#2924=DIRECTION('ref_axis',(-0.0595098548620524,-0.998227718095574,1.22247637978591E-16));
#2925=DIRECTION('center_axis',(0.,1.22464679914735E-16,1.));
#2926=DIRECTION('ref_axis',(-0.968014253771466,-0.250895206202257,3.07258011197009E-17));
#2927=DIRECTION('center_axis',(0.,1.22464679914735E-16,1.));
#2928=DIRECTION('ref_axis',(-0.992691962335932,-0.120675879585099,1.47785329668183E-17));
#2929=DIRECTION('center_axis',(0.,1.22464679914735E-16,1.));
#2930=DIRECTION('ref_axis',(-0.326486248794294,-0.945201951621044,1.15753854460054E-16));
#2931=DIRECTION('center_axis',(0.,1.22464679914735E-16,1.));
#2932=DIRECTION('ref_axis',(0.999726618011561,-0.0233813865963354,2.8633940254829E-18));
#2933=DIRECTION('center_axis',(0.,1.22464679914735E-16,1.));
#2934=DIRECTION('ref_axis',(-0.193320071382901,-0.981135744940785,1.20154474957079E-16));
#2935=DIRECTION('center_axis',(0.,1.22464679914735E-16,1.));
#2936=DIRECTION('ref_axis',(-0.571665186344878,-0.820486998508372,1.0048067764653E-16));
#2937=DIRECTION('center_axis',(0.,1.22464679914735E-16,1.));
#2938=DIRECTION('ref_axis',(0.95811266322876,-0.286391558117017,3.50728504950828E-17));
#2939=DIRECTION('center_axis',(0.,1.22464679914735E-16,1.));
#2940=DIRECTION('ref_axis',(-0.0827849145040312,-0.996567437723389,1.22044312274243E-16));
#2941=DIRECTION('center_axis',(0.,1.22464679914735E-16,1.));
#2942=DIRECTION('ref_axis',(-0.450807120239938,-0.892621386894227,1.09314592431049E-16));
#2943=DIRECTION('center_axis',(0.,1.22464679914735E-16,1.));
#2944=DIRECTION('ref_axis',(-0.769552149054537,-0.638583972462153,7.82039817862577E-17));
#2945=DIRECTION('center_axis',(0.,1.22464679914735E-16,1.));
#2946=DIRECTION('ref_axis',(0.401061344919572,-0.916051198138676,1.12183916765563E-16));
#2947=DIRECTION('center_axis',(0.,1.22464679914735E-16,1.));
#2948=DIRECTION('ref_axis',(-0.349314231029649,-0.937005639257398,1.14750095689959E-16));
#2949=DIRECTION('center_axis',(0.,1.22464679914735E-16,1.));
#2950=DIRECTION('ref_axis',(-0.674929850982749,-0.737881898580257,1.07566594138894E-16));
#2951=DIRECTION('center_axis',(0.,1.22464679914735E-16,1.));
#2952=DIRECTION('ref_axis',(-0.911379317549053,-0.411567417981334,5.04024721064182E-17));
#2953=DIRECTION('center_axis',(0.,1.22464679914735E-16,1.));
#2954=DIRECTION('ref_axis',(0.670740259029793,-0.741692324968141,4.36349671597799E-18));
#2955=DIRECTION('center_axis',(0.,1.22464679914735E-16,1.));
#2956=DIRECTION('ref_axis',(-0.58986365502382,-0.807502859736076,9.88905792478119E-17));
#2957=DIRECTION('center_axis',(0.,1.22464679914735E-16,1.));
#2958=DIRECTION('ref_axis',(-0.848963411893089,-0.528451630016264,6.47166597203619E-17));
#2959=DIRECTION('center_axis',(0.,1.22464679914735E-16,1.));
#2960=DIRECTION('ref_axis',(-0.989629979149048,-0.143640190648211,1.75908499706247E-17));
#2961=DIRECTION('center_axis',(0.,1.22464679914735E-16,1.));
#2962=DIRECTION('ref_axis',(0.444799480664691,-0.895630181492574,1.09683063498464E-16));
#2963=DIRECTION('center_axis',(0.,1.22464679914735E-16,1.));
#2964=DIRECTION('ref_axis',(-0.785417747823211,-0.618966042206125,7.58014782368636E-17));
#2965=DIRECTION('center_axis',(0.,1.22464679914735E-16,1.));
#2966=DIRECTION('ref_axis',(-0.9600698627589,-0.279760359275766,3.42607628515381E-17));
#2967=DIRECTION('center_axis',(0.,1.22464679914735E-16,1.));
#2968=DIRECTION('ref_axis',(0.991167315837277,-0.13261731416345,1.62409369301788E-17));
#2969=DIRECTION('center_axis',(0.,1.22464679914735E-16,1.));
#2970=DIRECTION('ref_axis',(0.182969533688019,-0.983118583763926,3.41018420595303E-17));
#2971=DIRECTION('center_axis',(0.,1.22464679914735E-16,1.));
#2972=DIRECTION('ref_axis',(-0.999946798722971,-0.0103150241726786,1.26322613361984E-18));
#2973=DIRECTION('center_axis',(0.,1.22464679914735E-16,1.));
#2974=DIRECTION('ref_axis',(0.920344442107071,-0.391108818466963,4.7897016265387E-17));
#2975=DIRECTION('center_axis',(0.,1.22464679914735E-16,1.));
#2976=DIRECTION('ref_axis',(0.991403782808792,-0.130837836394593,1.60230137548003E-17));
#2977=DIRECTION('center_axis',(0.,1.22464679914735E-16,1.));
#2978=DIRECTION('ref_axis',(0.965659861894972,-0.259809605528709,3.1817500179847E-17));
#2979=DIRECTION('center_axis',(0.,1.22464679914735E-16,1.));
#2980=DIRECTION('ref_axis',(0.779506206143212,-0.62639450395435,7.67112024271189E-17));
#2981=DIRECTION('center_axis',(0.,1.22464679914735E-16,1.));
#2982=DIRECTION('ref_axis',(-0.353280140572259,-0.935517579886794,2.8261747349793E-17));
#2983=DIRECTION('center_axis',(0.,1.22464679914735E-16,1.));
#2984=DIRECTION('ref_axis',(0.988493434508214,-0.151263776014469,1.85244699123062E-17));
#2985=DIRECTION('center_axis',(0.,1.22464679914735E-16,1.));
#2986=DIRECTION('ref_axis',(0.859733703374189,-0.510742556756829,6.25479237320585E-17));
#2987=DIRECTION('center_axis',(0.,1.22464679914735E-16,1.));
#2988=DIRECTION('ref_axis',(0.586559063055732,-0.809906454812642,9.91849347495082E-17));
#2989=DIRECTION('center_axis',(0.,1.22464679914735E-16,1.));
#2990=DIRECTION('ref_axis',(-0.983017906708829,-0.183509659390974,2.24734516985778E-17));
#2991=DIRECTION('center_axis',(0.,1.22464679914735E-16,1.));
#2992=DIRECTION('ref_axis',(0.910598614055447,-0.413291863070517,5.06136557222955E-17));
#2993=DIRECTION('center_axis',(0.,1.22464679914735E-16,1.));
#2994=DIRECTION('ref_axis',(0.690065735786955,-0.723746696222379,1.45309475624928E-16));
#2995=DIRECTION('center_axis',(0.,1.22464679914735E-16,1.));
#2996=DIRECTION('ref_axis',(-0.789003446816575,-0.614388770170455,2.48697987795493E-16));
#2997=DIRECTION('center_axis',(0.,1.22464679914735E-16,1.));
#2998=DIRECTION('ref_axis',(0.766039091143281,-0.642793987868879,7.87195599754785E-17));
#2999=DIRECTION('center_axis',(0.,1.22464679914735E-16,1.));
#3000=DIRECTION('ref_axis',(0.469193973124423,-0.883095133937289,1.0814796291189E-16));
#3001=DIRECTION('center_axis',(0.,1.22464679914735E-16,1.));
#3002=DIRECTION('ref_axis',(0.0750559223652392,-0.997179326158492,1.22119246995591E-16));
#3003=DIRECTION('center_axis',(0.,1.22464679914735E-16,1.));
#3004=DIRECTION('ref_axis',(-0.923813805567041,-0.38284207271895,-1.26038273250891E-16));
#3005=DIRECTION('center_axis',(0.,1.22464679914735E-16,1.));
#3006=DIRECTION('ref_axis',(0.56617202140186,-0.82428711149801,1.00946057267446E-16));
#3007=DIRECTION('center_axis',(0.,1.22464679914735E-16,1.));
#3008=DIRECTION('ref_axis',(0.213574720809145,-0.976926731454972,1.23941455869615E-16));
#3009=DIRECTION('center_axis',(0.,1.22464679914735E-16,1.));
#3010=DIRECTION('ref_axis',(-0.194736501201846,-0.980855593397756,1.20120166288034E-16));
#3011=DIRECTION('center_axis',(0.,1.22464679914735E-16,1.));
#3012=DIRECTION('ref_axis',(-0.993207614728752,-0.116355636068149,1.42494557273612E-17));
#3013=DIRECTION('center_axis',(0.,1.22464679914735E-16,1.));
#3014=DIRECTION('ref_axis',(-0.0579448369833834,-0.998319786374571,1.22258913090909E-16));
#3015=DIRECTION('center_axis',(0.,1.22464679914735E-16,1.));
#3016=DIRECTION('ref_axis',(-0.452613046201073,-0.89170703171422,1.09202616216601E-16));
#3017=DIRECTION('center_axis',(0.,1.22464679914735E-16,1.));
#3018=DIRECTION('ref_axis',(0.987073158967607,-0.160270330522242,1.91915903021409E-16));
#3019=DIRECTION('center_axis',(0.,1.22464679914735E-16,1.));
#3020=DIRECTION('ref_axis',(-0.325174751266769,-0.945653943648835,1.08701160832787E-16));
#3021=DIRECTION('center_axis',(0.,1.22464679914735E-16,1.));
#3022=DIRECTION('ref_axis',(-0.679172241431111,-0.73397892781022,8.98864944584393E-17));
#3023=DIRECTION('center_axis',(0.,1.22464679914735E-16,1.));
#3024=DIRECTION('ref_axis',(0.910357208192226,-0.413823336089757,5.067874239548E-17));
#3025=DIRECTION('center_axis',(0.,1.22464679914735E-16,1.));
#3026=DIRECTION('ref_axis',(-0.218803681279483,-0.975768901461072,1.19497226188183E-16));
#3027=DIRECTION('center_axis',(0.,1.22464679914735E-16,1.));
#3028=DIRECTION('ref_axis',(-0.568174085311544,-0.822908384196194,1.00777211869739E-16));
#3029=DIRECTION('center_axis',(0.,1.22464679914735E-16,1.));
#3030=DIRECTION('ref_axis',(-0.849498731121005,-0.527590661236344,6.46112214543125E-17));
#3031=DIRECTION('center_axis',(0.,1.22464679914735E-16,1.));
#3032=DIRECTION('ref_axis',(0.761813441783999,-0.647796480321727,7.93321886124924E-17));
#3033=DIRECTION('center_axis',(0.,1.22464679914735E-16,1.));
#3034=DIRECTION('ref_axis',(-0.473489654514725,-0.88079937957944,1.07866814089294E-16));
#3035=DIRECTION('center_axis',(0.,1.22464679914735E-16,1.));
#3036=DIRECTION('ref_axis',(-0.769118905697474,-0.639105710269217,7.82678762397992E-17));
#3037=DIRECTION('center_axis',(0.,1.22464679914735E-16,1.));
#3038=DIRECTION('ref_axis',(-0.960271936021119,-0.279065957956632,3.41757232162579E-17));
#3039=DIRECTION('center_axis',(0.,1.22464679914735E-16,1.));
#3040=DIRECTION('ref_axis',(0.559886332829212,-0.828569426367553,-7.03548384342045E-17));
#3041=DIRECTION('center_axis',(0.,1.22464679914735E-16,1.));
#3042=DIRECTION('ref_axis',(-0.695657175370527,-0.718373923771945,8.79754326338237E-17));
#3043=DIRECTION('center_axis',(0.,1.22464679914735E-16,1.));
#3044=DIRECTION('ref_axis',(-0.913022602204101,-0.407908970071084,4.99544414541046E-17));
#3045=DIRECTION('center_axis',(0.,1.22464679914735E-16,1.));
#3046=DIRECTION('ref_axis',(-0.999977268277523,-0.00674262027873416,8.25732834221782E-19));
#3047=DIRECTION('center_axis',(0.,1.22464679914735E-16,1.));
#3048=DIRECTION('ref_axis',(0.315092585024809,-0.949060937380937,1.16226443915935E-16));
#3049=DIRECTION('center_axis',(0.,1.22464679914735E-16,1.));
#3050=DIRECTION('ref_axis',(-0.989237985896207,-0.146315437531439,1.79184732238722E-17));
#3051=DIRECTION('center_axis',(0.,1.22464679914735E-16,1.));
#3052=DIRECTION('ref_axis',(0.965764651392403,-0.259419810579129,3.17697640661143E-17));
#3053=DIRECTION('center_axis',(0.,1.22464679914735E-16,1.));
#3054=DIRECTION('ref_axis',(0.0534553620834571,-0.998570240025471,-5.3886330640072E-17));
#3055=DIRECTION('center_axis',(0.,1.22464679914735E-16,1.));
#3056=DIRECTION('ref_axis',(0.992029321998614,-0.126007239057801,1.54314361981531E-17));
#3057=DIRECTION('center_axis',(0.,1.22464679914735E-16,1.));
#3058=DIRECTION('ref_axis',(0.857866187902052,-0.513873139650635,6.29313095640951E-17));
#3059=DIRECTION('center_axis',(0.,1.22464679914735E-16,1.));
#3060=DIRECTION('ref_axis',(-0.22323632033995,-0.974764353718928,-5.287852503908E-17));
#3061=DIRECTION('center_axis',(0.,1.22464679914735E-16,1.));
#3062=DIRECTION('ref_axis',(0.921262676674715,-0.388940973113068,4.76315317780175E-17));
#3063=DIRECTION('center_axis',(0.,1.22464679914735E-16,1.));
#3064=DIRECTION('ref_axis',(0.689480993758477,-0.724303775529178,8.87016300312151E-17));
#3065=DIRECTION('center_axis',(0.,1.22464679914735E-16,1.));
#3066=DIRECTION('ref_axis',(-0.566064509153834,-0.824360947326127,1.00955099548502E-16));
#3067=DIRECTION('center_axis',(0.,1.22464679914735E-16,1.));
#3068=DIRECTION('ref_axis',(0.958616146234687,-0.284701746004759,3.4865908195639E-17));
#3069=DIRECTION('center_axis',(0.,1.22464679914735E-16,1.));
#3070=DIRECTION('ref_axis',(0.782219005119939,-0.623003553785348,7.62959308000652E-17));
#3071=DIRECTION('center_axis',(0.,1.22464679914735E-16,1.));
#3072=DIRECTION('ref_axis',(0.46794431704868,-0.883757951105304,1.08229134604213E-16));
#3073=DIRECTION('center_axis',(0.,1.22464679914735E-16,1.));
#3074=DIRECTION('ref_axis',(-0.755418371114949,-0.655242767668623,8.02440958089833E-17));
#3075=DIRECTION('center_axis',(0.,1.22464679914735E-16,1.));
#3076=DIRECTION('ref_axis',(0.847549036759074,-0.530717090631878,6.49940986295126E-17));
#3077=DIRECTION('center_axis',(0.,1.22464679914735E-16,1.));
#3078=DIRECTION('ref_axis',(0.585126421149817,-0.810942088729156,9.9311763325603E-17));
#3079=DIRECTION('center_axis',(0.313857947721458,-0.855137450276309,0.412593177097013));
#3080=DIRECTION('ref_axis',(0.,0.434551063442673,0.90064719688724));
#3081=DIRECTION('center_axis',(0.,1.22464679914735E-16,1.));
#3082=DIRECTION('ref_axis',(0.344552245923801,-0.938767143560566,6.50530256310675E-17));
#3083=DIRECTION('center_axis',(-0.0100543963015847,-0.00122225540594647,
0.999948706287844));
#3084=DIRECTION('ref_axis',(0.996894387280809,0.0780972695456516,0.0101191450989546));
#3085=DIRECTION('center_axis',(0.,1.22464679914735E-16,1.));
#3086=DIRECTION('ref_axis',(-0.992691962336535,-0.120675879580138,1.47785329662107E-17));
#3087=DIRECTION('center_axis',(0.113811264755834,-0.226468485146432,-0.967346381215208));
#3088=DIRECTION('ref_axis',(-0.993149912344901,-1.43096462801194E-17,-0.116847129230095));
#3089=DIRECTION('center_axis',(0.,1.22464679914735E-16,1.));
#3090=DIRECTION('ref_axis',(0.449033947108604,-0.893514697329634,1.09423991407585E-16));
#3091=DIRECTION('center_axis',(0.0130077289652117,0.21819370308735,-0.975818787952044));
#3092=DIRECTION('ref_axis',(0.999911166507095,1.63231726338605E-18,0.0133288819643552));
#3093=DIRECTION('center_axis',(-0.285334347395629,-0.0739545101195523,0.955570531478073));
#3094=DIRECTION('ref_axis',(-0.958194435941171,-3.50393306704798E-17,-0.286117847977683));
#3095=DIRECTION('center_axis',(0.,1.22464679914735E-16,1.));
#3096=DIRECTION('ref_axis',(-0.968014253771465,-0.250895206202259,3.07258011197011E-17));
#3097=DIRECTION('center_axis',(-0.0432504252475544,-0.966436335237145,0.253239433440574));
#3098=DIRECTION('ref_axis',(0.,-0.253476621006111,-0.967341512912231));
#3099=DIRECTION('center_axis',(0.533002795223734,-0.738702585345302,0.41258515568044));
#3100=DIRECTION('ref_axis',(0.,0.48762390110806,0.873053796205112));
#3101=DIRECTION('center_axis',(0.,1.22464679914735E-16,1.));
#3102=DIRECTION('ref_axis',(0.585126421149817,-0.810942088729156,9.9311763325603E-17));
#3103=DIRECTION('center_axis',(-0.171798756593754,0.189714718126326,-0.966692046599686));
#3104=DIRECTION('ref_axis',(0.98457261729851,-2.14284360656695E-17,-0.174976459176546));
#3105=DIRECTION('center_axis',(-0.044967800176555,0.209233229396867,-0.976831281574991));
#3106=DIRECTION('ref_axis',(0.998942100076286,-5.63161882570221E-18,-0.0459856574942519));
#3107=DIRECTION('center_axis',(-0.256447049254803,-0.148955866287816,0.955011550101333));
#3108=DIRECTION('ref_axis',(-0.965786008457701,-3.17600255684421E-17,-0.259340289710917));
#3109=DIRECTION('center_axis',(0.,1.22464679914735E-16,1.));
#3110=DIRECTION('ref_axis',(-0.864714074419263,-0.50226444180455,6.15096540981475E-17));
#3111=DIRECTION('center_axis',(-0.0431265763872792,0.206975630358349,0.977395102733217));
#3112=DIRECTION('ref_axis',(0.999027955687761,5.398378325644E-18,0.0440811042775971));
#3113=DIRECTION('center_axis',(0.,1.22464679914735E-16,1.));
#3114=DIRECTION('ref_axis',(0.203984414851955,-0.978974135765346,1.19889754181308E-16));
#3115=DIRECTION('center_axis',(-0.220118145972095,0.137833278027547,-0.965686278913596));
#3116=DIRECTION('ref_axis',(-0.974992145594485,2.72164673742476E-17,0.222239321518635));
#3117=DIRECTION('center_axis',(-0.133201458896548,0.0645628870889999,0.988983824417045));
#3118=DIRECTION('ref_axis',(-0.99105151430053,-1.30049638365884E-17,-0.133479946069165));
#3119=DIRECTION('center_axis',(-0.00776771355857532,-0.0067376414516449,
0.999947132009358));
#3120=DIRECTION('ref_axis',(-0.999969829488312,-9.51292147205225E-19,-0.00776788987541185));
#3121=DIRECTION('center_axis',(0.,1.22464679914735E-16,1.));
#3122=DIRECTION('ref_axis',(-0.75541837111676,-0.655242767666535,8.02440958087275E-17));
#3123=DIRECTION('center_axis',(-0.102204596784223,0.193023233228342,-0.975856675864982));
#3124=DIRECTION('ref_axis',(0.994560189396227,-1.27563467093698E-17,-0.104163475691532));
#3125=DIRECTION('center_axis',(-0.0748469109275197,0.1572378043895,0.984720372895462));
#3126=DIRECTION('ref_axis',(-0.99712382630305,-1.08601313634113E-17,-0.0757896762017484));
#3127=DIRECTION('center_axis',(0.712548243064508,-0.567513809773297,0.412556756122453));
#3128=DIRECTION('ref_axis',(0.623003553785348,0.782219005119939,-9.5794200085236E-17));
#3129=DIRECTION('center_axis',(0.,1.22464679914735E-16,1.));
#3130=DIRECTION('ref_axis',(0.782219005119939,-0.623003553785347,7.62959308000652E-17));
#3131=DIRECTION('center_axis',(0.839212811513743,-0.354300956527686,0.412544166356482));
#3132=DIRECTION('ref_axis',(0.388940973113067,0.921262676674715,-1.12822138816361E-16));
#3133=DIRECTION('center_axis',(0.,1.22464679914735E-16,1.));
#3134=DIRECTION('ref_axis',(0.921262676674715,-0.388940973113067,4.76315317780175E-17));
#3135=DIRECTION('center_axis',(-0.245737356969079,0.0729821366586567,-0.96658510185011));
#3136=DIRECTION('ref_axis',(0.96916963683853,-3.01746149766913E-17,-0.24639442978743));
#3137=DIRECTION('center_axis',(-0.24804116148498,0.0730922458833802,0.965988149927785));
#3138=DIRECTION('ref_axis',(-0.968578919858046,-3.04577503102682E-17,-0.248706405238426));
#3139=DIRECTION('center_axis',(0.,1.22464679914735E-16,1.));
#3140=DIRECTION('ref_axis',(0.959219900809774,-0.282660895580708,3.46159761017038E-17));
#3141=DIRECTION('center_axis',(-0.15068568461478,0.158296184046678,-0.975825877177089));
#3142=DIRECTION('ref_axis',(0.988286515631602,-1.8689315109506E-17,-0.152609839200317));
#3143=DIRECTION('center_axis',(-0.00449897928922743,-0.00655187309735527,
0.999968415573348));
#3144=DIRECTION('ref_axis',(-0.999989879107004,-5.50977884650321E-19,-0.00449907585627083));
#3145=DIRECTION('center_axis',(0.,1.22464679914735E-16,1.));
#3146=DIRECTION('ref_axis',(-0.566064509150356,-0.824360947328515,1.00955099548795E-16));
#3147=DIRECTION('center_axis',(-0.113460528237321,0.13028076721477,0.984963771022081));
#3148=DIRECTION('ref_axis',(-0.993430640008394,-1.08704553949249E-17,-0.114435848808459));
#3149=DIRECTION('center_axis',(0.903671329255162,-0.114784035804231,0.412556364399704));
#3150=DIRECTION('ref_axis',(0.1260072390578,0.992029321998614,-1.21488553384592E-16));
#3151=DIRECTION('center_axis',(0.,1.22464679914735E-16,1.));
#3152=DIRECTION('ref_axis',(0.992029321998614,-0.126007239057801,1.54314361981531E-17));
#3153=DIRECTION('center_axis',(-0.384637941362898,0.0182043235524071,-0.92288799790013));
#3154=DIRECTION('ref_axis',(0.923040957258582,-4.69758314996864E-17,-0.384701691214322));
#3155=DIRECTION('center_axis',(0.130473717642105,0.0150951723417418,-0.991336847280793));
#3156=DIRECTION('ref_axis',(0.99144981168928,1.47412520838652E-17,0.130488585329488));
#3157=DIRECTION('center_axis',(-0.183011122858349,0.109626071781892,-0.976979556232267));
#3158=DIRECTION('ref_axis',(0.982903615378259,-2.25482994548952E-17,-0.184120837702709));
#3159=DIRECTION('center_axis',(-0.0664084863532072,-0.289973536487963,0.954727846601816));
#3160=DIRECTION('ref_axis',(-0.997589619785655,-8.49780507500418E-18,-0.0693898443283458));
#3161=DIRECTION('center_axis',(0.,1.22464679914735E-16,1.));
#3162=DIRECTION('ref_axis',(-0.223236320339948,-0.974764353718928,1.19374204570482E-16));
#3163=DIRECTION('center_axis',(-0.180544164781246,0.109391757026137,0.97746470425186));
#3164=DIRECTION('ref_axis',(0.983366165825489,2.22437746028362E-17,0.181634203578723));
#3165=DIRECTION('center_axis',(0.,1.22464679914735E-16,1.));
#3166=DIRECTION('ref_axis',(0.85525861052029,-0.518201417530774,6.34613707292683E-17));
#3167=DIRECTION('center_axis',(-0.281909493618603,-0.0725217528429755,-0.956696207148479));
#3168=DIRECTION('ref_axis',(0.959222000888436,-3.37141767145335E-17,-0.282653768790697));
#3169=DIRECTION('center_axis',(0.256098655756011,0.0706821113109502,-0.964063025771962));
#3170=DIRECTION('ref_axis',(0.966480297570129,3.40169373933095E-17,0.256740792257006));
#3171=DIRECTION('center_axis',(0.0168924719173746,-0.315558983789501,0.948755591362843));
#3172=DIRECTION('ref_axis',(-0.999841530942145,2.18012242065408E-18,0.0178020505354847));
#3173=DIRECTION('center_axis',(0.,1.22464679914735E-16,1.));
#3174=DIRECTION('ref_axis',(0.0534553620834617,-0.998570240025471,2.75984777021883E-16));
#3175=DIRECTION('center_axis',(-0.213857851617768,0.0574456346870394,-0.975174250253172));
#3176=DIRECTION('ref_axis',(-0.967353755125965,0.126509476897024,0.219595229226263));
#3177=DIRECTION('center_axis',(0.901116899838225,0.13328169292585,0.412582504666359));
#3178=DIRECTION('ref_axis',(-0.14631543753144,0.989237985896206,-1.21146713302276E-16));
#3179=DIRECTION('center_axis',(0.,1.22464679914735E-16,1.));
#3180=DIRECTION('ref_axis',(-0.989237985896207,-0.14631543753144,1.79462867909998E-17));
#3181=DIRECTION('center_axis',(0.831683288531929,0.371569195364293,0.412600582443902));
#3182=DIRECTION('ref_axis',(-0.407908970071083,0.913022602204101,-1.11813020733844E-16));
#3183=DIRECTION('center_axis',(0.,1.22464679914735E-16,1.));
#3184=DIRECTION('ref_axis',(-0.913022602204101,-0.407908970071083,4.99544414541046E-17));
#3185=DIRECTION('center_axis',(0.123689492979495,0.0906420031223448,-0.988172523700414));
#3186=DIRECTION('ref_axis',(0.99225710939111,0.,0.124200760314901));
#3187=DIRECTION('center_axis',(-0.216193273694742,-0.00145774228832293,
-0.976349498589809));
#3188=DIRECTION('ref_axis',(-0.966934896020188,-0.138224452557869,0.214314972816895));
#3189=DIRECTION('center_axis',(0.0924169369371066,-0.278360421564652,0.956020180473986));
#3190=DIRECTION('ref_axis',(-0.995360104544327,1.17835348801355E-17,0.0962198642771098));
#3191=DIRECTION('center_axis',(0.,1.22464679914735E-16,1.));
#3192=DIRECTION('ref_axis',(0.315092585024812,-0.949060937380936,1.16226443915935E-16));
#3193=DIRECTION('center_axis',(-0.235318079472923,-0.00750618808354596,
0.971889427153948));
#3194=DIRECTION('ref_axis',(-0.961894269429582,-0.141449206195795,-0.233990462423387));
#3195=DIRECTION('center_axis',(0.,1.22464679914735E-16,1.));
#3196=DIRECTION('ref_axis',(-0.999491645073471,-0.0318818353976948,3.90439876707297E-18));
#3197=DIRECTION('center_axis',(0.700607395618461,0.582175504827242,0.41257842743394));
#3198=DIRECTION('ref_axis',(-0.639105710269217,0.769118905697474,-9.41899006026127E-17));
#3199=DIRECTION('center_axis',(0.,1.22464679914735E-16,1.));
#3200=DIRECTION('ref_axis',(-0.769118905697474,-0.639105710269217,7.82678762397992E-17));
#3201=DIRECTION('center_axis',(-0.190015823112571,-0.196220807117282,-0.961972651285417));
#3202=DIRECTION('ref_axis',(0.981044414198484,-2.37315750525981E-17,-0.19378301620615));
#3203=DIRECTION('center_axis',(-0.0857960765103769,-0.11368786158125,0.989805083531353));
#3204=DIRECTION('ref_axis',(-0.996264346193974,0.,-0.086355963909243));
#3205=DIRECTION('center_axis',(-0.210541179928447,-0.0611856640416921,-0.975668348400272));
#3206=DIRECTION('ref_axis',(0.977499789980135,-2.58322574728512E-17,-0.210936389911252));
#3207=DIRECTION('center_axis',(0.170845637929935,-0.252832519596769,0.952306402915922));
#3208=DIRECTION('ref_axis',(-0.984285788710173,2.16251563881488E-17,0.17658280251257));
#3209=DIRECTION('center_axis',(0.,1.22464679914735E-16,1.));
#3210=DIRECTION('ref_axis',(0.559886332829214,-0.828569426367552,1.01470489587238E-16));
#3211=DIRECTION('center_axis',(-0.198155952406088,-0.0547847908030493,0.978638260657482));
#3212=DIRECTION('ref_axis',(-0.980110204251189,-2.43036047876425E-17,-0.198453993466227));
#3213=DIRECTION('center_axis',(0.,1.22464679914735E-16,1.));
#3214=DIRECTION('ref_axis',(-0.963841486272163,-0.266476245359069,3.26339280927789E-17));
#3215=DIRECTION('center_axis',(-0.120965482664878,-0.225023548172236,-0.966815264035291));
#3216=DIRECTION('ref_axis',(0.992263523720163,-1.52039293434079E-17,-0.124149504608133));
#3217=DIRECTION('center_axis',(0.126964211959191,0.241856675203449,-0.961969561650011));
#3218=DIRECTION('ref_axis',(0.991402328636544,2.83075273176202E-17,0.130848854691352));
#3219=DIRECTION('center_axis',(0.239205539061274,-0.203404794111378,0.949424667793561));
#3220=DIRECTION('ref_axis',(-0.969696433849055,2.99197093869067E-17,0.24431296768781));
#3221=DIRECTION('center_axis',(0.,1.22464679914735E-16,1.));
#3222=DIRECTION('ref_axis',(0.761813441783998,-0.647796480321728,7.93321886124926E-17));
#3223=DIRECTION('center_axis',(-0.185832024366037,-0.115413051276468,-0.975779834960262));
#3224=DIRECTION('ref_axis',(0.982344265569411,-2.2910959890198E-17,-0.187082184889141));
#3225=DIRECTION('center_axis',(-0.173458271007078,-0.103997586944651,0.979334840659172));
#3226=DIRECTION('ref_axis',(0.984674187730337,2.13583261041493E-17,0.174403967895231));
#3227=DIRECTION('center_axis',(0.,1.22464679914735E-16,1.));
#3228=DIRECTION('ref_axis',(-0.857661666062948,-0.514214416917814,6.29731039753824E-17));
#3229=DIRECTION('center_axis',(0.517569557433012,0.749615899821973,0.412550307178034));
#3230=DIRECTION('ref_axis',(0.,0.482153428502093,-0.876086794435162));
#3231=DIRECTION('center_axis',(0.,1.22464679914735E-16,1.));
#3232=DIRECTION('ref_axis',(-0.568174085311543,-0.822908384196194,6.64488198674046E-17));
#3233=DIRECTION('center_axis',(0.296213889233559,0.861431680737941,0.412544290041851));
#3234=DIRECTION('ref_axis',(0.,0.431928537937275,-0.901907832383868));
#3235=DIRECTION('center_axis',(0.,1.22464679914735E-16,1.));
#3236=DIRECTION('ref_axis',(-0.325174751266769,-0.945653943648836,1.15809207519062E-16));
#3237=DIRECTION('center_axis',(-0.0561966868099191,-0.250612690945661,-0.966454971288659));
#3238=DIRECTION('ref_axis',(0.998313724280763,-7.10897489568285E-18,-0.0580491852886269));
#3239=DIRECTION('center_axis',(-0.0149230726452133,-0.140792225165733,0.989926689828952));
#3240=DIRECTION('ref_axis',(-0.999886392649926,0.,-0.0150732144387917));
#3241=DIRECTION('center_axis',(-0.143075876023031,-0.154621569717885,-0.977558931153626));
#3242=DIRECTION('ref_axis',(0.989458385285539,-1.77350268731835E-17,-0.144817484400656));
#3243=DIRECTION('center_axis',(0.280241227005886,-0.127389950258929,0.9514392546344));
#3244=DIRECTION('ref_axis',(-0.959254578789069,3.4601561077692E-17,0.282543187976998));
#3245=DIRECTION('center_axis',(0.,1.22464679914735E-16,1.));
#3246=DIRECTION('ref_axis',(0.910357208192226,-0.413823336089757,5.067874239548E-17));
#3247=DIRECTION('center_axis',(-0.136087613920962,-0.143059597450686,0.98031327284422));
#3248=DIRECTION('ref_axis',(-0.990501496284796,-1.68391321179565E-17,-0.137501948559213));
#3249=DIRECTION('center_axis',(0.,1.22464679914735E-16,1.));
#3250=DIRECTION('ref_axis',(-0.6892311371343,-0.724541537528774,8.87307474783915E-17));
#3251=DIRECTION('center_axis',(0.0527838499943173,0.909402193425197,0.41255486395535));
#3252=DIRECTION('ref_axis',(0.,0.413130784415047,-0.9106717053739));
#3253=DIRECTION('center_axis',(0.,1.22464679914735E-16,1.));
#3254=DIRECTION('ref_axis',(-0.0579448369833834,-0.998319786374571,1.22258913090909E-16));
#3255=DIRECTION('center_axis',(0.0144434778838731,-0.257124486325102,0.966270347510815));
#3256=DIRECTION('ref_axis',(-0.999888302489918,1.83035558126026E-18,0.0149459875495092));
#3257=DIRECTION('center_axis',(0.,1.22464679914735E-16,1.));
#3258=DIRECTION('ref_axis',(0.056084678215075,-0.998426015721501,1.22271922433878E-16));
#3259=DIRECTION('center_axis',(-0.0981563093470457,-0.193380796215479,-0.976201417019272));
#3260=DIRECTION('ref_axis',(0.994982935854353,-1.22519515640911E-17,-0.100044776768464));
#3261=DIRECTION('center_axis',(0.288086248811231,-0.0467763487401237,0.956461335572126));
#3262=DIRECTION('ref_axis',(-0.957509437360577,3.53190509227431E-17,0.288401937173507));
#3263=DIRECTION('center_axis',(0.,1.22464679914735E-16,1.));
#3264=DIRECTION('ref_axis',(0.987073158967609,-0.160270330522231,1.96274547272338E-17));
#3265=DIRECTION('center_axis',(-0.0870478356424335,-0.157473269455301,0.983679238226072));
#3266=DIRECTION('ref_axis',(-0.996107421437742,0.,-0.088147631599797));
#3267=DIRECTION('center_axis',(0.0612242693504635,-0.132810502157603,-0.989248684284769));
#3268=DIRECTION('ref_axis',(0.998090318987655,1.56323969451066E-17,0.061771475157403));
#3269=DIRECTION('center_axis',(-0.0627048652742152,0.132257205531052,-0.989230070032275));
#3270=DIRECTION('ref_axis',(0.997997043452791,0.,-0.0632605821937161));
#3271=DIRECTION('center_axis',(0.291236532750121,0.0341187597758007,0.95604246360873));
#3272=DIRECTION('ref_axis',(-0.956599409532351,3.56869662273196E-17,0.291406193623878));
#3273=DIRECTION('center_axis',(0.,1.22464679914735E-16,1.));
#3274=DIRECTION('ref_axis',(-0.99320761472875,-0.116355636068162,1.42494557273629E-17));
#3275=DIRECTION('center_axis',(-0.0422158512659448,-0.212634270353544,-0.976219488113768));
#3276=DIRECTION('ref_axis',(0.999066278061048,-5.29094479171716E-18,-0.0432038428990377));
#3277=DIRECTION('center_axis',(-0.042462167710925,-0.204178925570891,0.978012234415299));
#3278=DIRECTION('ref_axis',(-0.999058820863315,-5.31202100946348E-18,-0.0433759432773753));
#3279=DIRECTION('center_axis',(0.,1.22464679914735E-16,1.));
#3280=DIRECTION('ref_axis',(-0.203609072443681,-0.979052269094262,1.19899322754424E-16));
#3281=DIRECTION('center_axis',(-0.194548389551727,0.889897088918299,0.412594347098415));
#3282=DIRECTION('ref_axis',(0.,0.420631383824188,-0.907231634667877));
#3283=DIRECTION('center_axis',(0.,1.22464679914735E-16,1.));
#3284=DIRECTION('ref_axis',(0.213574720809146,-0.976926731454972,1.19639019467782E-16));
#3285=DIRECTION('center_axis',(-0.427395324665972,0.804423656524631,0.412596433912377));
#3286=DIRECTION('ref_axis',(0.,0.456379249884709,-0.88978535629368));
#3287=DIRECTION('center_axis',(0.,1.22464679914735E-16,1.));
#3288=DIRECTION('ref_axis',(0.469193973124424,-0.883095133937288,1.0814796291189E-16));
#3289=DIRECTION('center_axis',(0.147285460696687,-0.214432190878531,-0.965570209038368));
#3290=DIRECTION('ref_axis',(-0.98856534835394,-1.84668258930273E-17,-0.150793076876407));
#3291=DIRECTION('center_axis',(-0.0945237510656539,0.10732244579955,-0.989720745014512));
#3292=DIRECTION('ref_axis',(0.995470316001496,0.,-0.0950728665807581));
#3293=DIRECTION('center_axis',(0.0162140006331531,-0.215416261851153,-0.976387699796317));
#3294=DIRECTION('ref_axis',(0.999862147081231,2.0333814851318E-18,0.0166038198650216));
#3295=DIRECTION('center_axis',(0.299233032211857,0.124006583997353,0.946087712402294));
#3296=DIRECTION('ref_axis',(-0.953446993003777,3.6930529675871E-17,0.301560659788467));
#3297=DIRECTION('center_axis',(0.,1.22464679914735E-16,1.));
#3298=DIRECTION('ref_axis',(-0.923813805567039,-0.382842072718954,4.68846318934205E-17));
#3299=DIRECTION('center_axis',(0.0226562817951213,-0.232018276995387,0.972447536906394));
#3300=DIRECTION('ref_axis',(0.99972870726796,-2.85243312935364E-18,-0.0232918840872292));
#3301=DIRECTION('center_axis',(0.,1.22464679914735E-16,1.));
#3302=DIRECTION('ref_axis',(0.0971864442030292,-0.995266193067549,1.21884955763975E-16));
#3303=DIRECTION('center_axis',(-0.628598697379632,0.659279553938983,0.412570172710831));
#3304=DIRECTION('ref_axis',(0.,0.530480072238779,-0.847697406482726));
#3305=DIRECTION('center_axis',(0.,1.22464679914735E-16,1.));
#3306=DIRECTION('ref_axis',(0.690065735786956,-0.723746696222379,8.86334074922208E-17));
#3307=DIRECTION('center_axis',(0.195703979374657,-0.164217913678916,-0.966815612867246));
#3308=DIRECTION('ref_axis',(0.980121660545381,2.42966747668396E-17,0.198397405552));
#3309=DIRECTION('center_axis',(0.210671775640838,-0.173242830433862,0.962083325212323));
#3310=DIRECTION('ref_axis',(-0.976854200170735,5.62101392649941E-17,0.213906221528953));
#3311=DIRECTION('center_axis',(-0.0553244142636273,0.173381673200686,0.983299549773373));
#3312=DIRECTION('ref_axis',(-0.998420926482933,0.,-0.0561752041470447));
#3313=DIRECTION('center_axis',(0.245604459678836,0.191249635903731,0.95031680304652));
#3314=DIRECTION('ref_axis',(-0.968188173221096,3.06435068889965E-17,0.250223222812747));
#3315=DIRECTION('center_axis',(0.,1.22464679914735E-16,1.));
#3316=DIRECTION('ref_axis',(-0.789003446816575,-0.614388770170455,7.52409240821326E-17));
#3317=DIRECTION('center_axis',(0.234101404291703,-0.106251211053629,-0.96638874820555));
#3318=DIRECTION('ref_axis',(0.971890309783004,2.88323643782085E-17,0.235434121889534));
#3319=DIRECTION('center_axis',(-0.229144747798343,0.102485940715724,-0.967982084809449));
#3320=DIRECTION('ref_axis',(-0.973106020309849,2.82106828702419E-17,0.230357707135504));
#3321=DIRECTION('center_axis',(0.,1.22464679914735E-16,1.));
#3322=DIRECTION('ref_axis',(0.912857129993109,-0.408279144974054,4.99997748051093E-17));
#3323=DIRECTION('center_axis',(0.00155221688716704,0.000289767653631291,
0.999998753327944));
#3324=DIRECTION('ref_axis',(-0.999998795310541,1.90091752225713E-19,0.00155221695233321));
#3325=DIRECTION('center_axis',(0.,1.22464679914735E-16,1.));
#3326=DIRECTION('ref_axis',(-0.983017906646325,-0.183509659725793,2.24734517395812E-17));
#3327=DIRECTION('center_axis',(0.132781115555645,-0.183340927349237,-0.974040697153112));
#3328=DIRECTION('ref_axis',(0.990835970671592,1.6541383343233E-17,0.135070645305649));
#3329=DIRECTION('center_axis',(0.121700710038536,-0.172922021916517,0.977387799960906));
#3330=DIRECTION('ref_axis',(-0.992336840575564,1.51319941560161E-17,0.123562109226526));
#3331=DIRECTION('center_axis',(0.,1.22464679914735E-16,1.));
#3332=DIRECTION('ref_axis',(0.57554035121366,-0.817773381888196,1.00148355455729E-16));
#3333=DIRECTION('center_axis',(-0.783164689175053,0.465255153009676,0.412541770281853));
#3334=DIRECTION('ref_axis',(-0.510742556756829,-0.859733703374189,1.0528701279563E-16));
#3335=DIRECTION('center_axis',(0.,1.22464679914735E-16,1.));
#3336=DIRECTION('ref_axis',(0.859733703374189,-0.510742556756829,6.25201243212576E-17));
#3337=DIRECTION('center_axis',(-0.879661910336757,0.236671961776206,0.41253036980529));
#3338=DIRECTION('ref_axis',(-0.259809605528709,-0.965659861894972,1.18259225893475E-16));
#3339=DIRECTION('center_axis',(0.,1.22464679914735E-16,1.));
#3340=DIRECTION('ref_axis',(0.965659861894972,-0.259809605528709,3.18511530075431E-17));
#3341=DIRECTION('center_axis',(0.253035667899927,-0.0387206725474428,-0.966681778191723));
#3342=DIRECTION('ref_axis',(-0.932207366378375,0.25750275317015,-0.254326086313784));
#3343=DIRECTION('center_axis',(-0.140355699312742,0.005113948369642,-0.990087938115854));
#3344=DIRECTION('ref_axis',(-0.963401475372848,0.229955823323128,0.137760359208311));
#3345=DIRECTION('center_axis',(0.166871467793361,-0.134094340069117,-0.976817598734747));
#3346=DIRECTION('ref_axis',(0.985720059841275,2.06221080022553E-17,0.168392290876138));
#3347=DIRECTION('center_axis',(0.101910394703938,0.269867889160997,0.957489213438499));
#3348=DIRECTION('ref_axis',(-0.994383467042879,1.29613231995215E-17,0.105837235752755));
#3349=DIRECTION('center_axis',(0.,1.22464679914735E-16,1.));
#3350=DIRECTION('ref_axis',(-0.353280140572258,-0.935517579886795,1.14567860975444E-16));
#3351=DIRECTION('center_axis',(0.168928604718092,-0.135811573577516,0.976226583837174));
#3352=DIRECTION('ref_axis',(0.985356219387978,-2.08812589425131E-17,-0.170508418893117));
#3353=DIRECTION('center_axis',(0.,1.22464679914735E-16,1.));
#3354=DIRECTION('ref_axis',(0.779361646973198,-0.62657435570507,7.67332279142029E-17));
#3355=DIRECTION('center_axis',(-0.910879257782443,-0.00939624145446227,
0.412565980648229));
#3356=DIRECTION('ref_axis',(0.0103150241726788,-0.999946798722971,1.22458164637373E-16));
#3357=DIRECTION('center_axis',(0.,1.22464679914735E-16,1.));
#3358=DIRECTION('ref_axis',(-0.999946798722971,-0.0103150241726788,1.26322613361987E-18));
#3359=DIRECTION('center_axis',(0.262859906208998,0.0334308373147181,-0.964254659736853));
#3360=DIRECTION('ref_axis',(-0.964781128639345,-0.00135613885815169,-0.263050441377295));
#3361=DIRECTION('center_axis',(-0.240010479342243,-0.0358111099157853,-0.970109547531879));
#3362=DIRECTION('ref_axis',(-0.970643494505738,-0.00729875094389423,0.240412010532643));
#3363=DIRECTION('center_axis',(0.199808649219525,-0.0849105195189919,-0.976148916596276));
#3364=DIRECTION('ref_axis',(0.979686977089847,2.4558192201069E-17,0.200532857458717));
#3365=DIRECTION('center_axis',(-0.00173588437987945,0.000229088652918341,
-0.999998467110729));
#3366=DIRECTION('ref_axis',(-0.999998493351496,2.12584530529315E-19,0.00173588442543046));
#3367=DIRECTION('center_axis',(0.,1.22464679914735E-16,1.));
#3368=DIRECTION('ref_axis',(0.991403782797766,-0.130837836478135,1.60230137650313E-17));
#3369=DIRECTION('center_axis',(-0.165979596690064,0.0771134944104318,-0.983109496680007));
#3370=DIRECTION('ref_axis',(0.986045623825565,0.,-0.166475306680758));
#3371=DIRECTION('center_axis',(0.227261993199824,0.0965878821691474,-0.96903187123279));
#3372=DIRECTION('ref_axis',(-0.931820845439129,-0.267554081998019,-0.24520343637744));
#3373=DIRECTION('center_axis',(-0.232325731422114,-0.0978930919343668,-0.967699176950518));
#3374=DIRECTION('ref_axis',(-0.972369529481329,2.85890111687077E-17,0.233446992133671));
#3375=DIRECTION('center_axis',(0.,1.22464679914735E-16,1.));
#3376=DIRECTION('ref_axis',(-0.921533583372781,-0.388298666899749,4.75528719531962E-17));
#3377=DIRECTION('center_axis',(-0.0532170993720396,0.285942245750437,0.956767982548341));
#3378=DIRECTION('ref_axis',(-0.998456691123549,-6.80118595464898E-18,-0.0555358978554815));
#3379=DIRECTION('center_axis',(0.,1.22464679914735E-16,1.));
#3380=DIRECTION('ref_axis',(0.182969533688027,-0.983118583763925,1.20397302678877E-16));
#3381=DIRECTION('center_axis',(0.208804262752288,-0.0279378265098439,-0.977558314222931));
#3382=DIRECTION('ref_axis',(0.977940040655553,2.55811324718619E-17,0.208885798661887));
#3383=DIRECTION('center_axis',(0.207433110885629,-0.0282756975099674,0.977840472387309));
#3384=DIRECTION('ref_axis',(0.978231606037583,-2.54133907541855E-17,-0.207516083591443));
#3385=DIRECTION('center_axis',(0.,1.22464679914735E-16,1.));
#3386=DIRECTION('ref_axis',(0.990836968074356,-0.135063328469346,1.65404872892172E-17));
#3387=DIRECTION('center_axis',(-0.874539809018645,-0.2548372578522,0.41259919346989));
#3388=DIRECTION('ref_axis',(0.279760359275766,-0.9600698627589,1.17574648438553E-16));
#3389=DIRECTION('center_axis',(0.,1.22464679914735E-16,1.));
#3390=DIRECTION('ref_axis',(-0.9600698627589,-0.279760359275767,3.42271320882706E-17));
#3391=DIRECTION('center_axis',(-0.773334498732787,-0.481375134285075,0.412591484596732));
#3392=DIRECTION('ref_axis',(0.528451630016263,-0.848963411893089,1.03968032496809E-16));
#3393=DIRECTION('center_axis',(0.,1.22464679914735E-16,1.));
#3394=DIRECTION('ref_axis',(-0.848963411893089,-0.528451630016264,6.47166597203619E-17));
#3395=DIRECTION('center_axis',(0.201335976707465,0.158667324492864,-0.966586004772223));
#3396=DIRECTION('ref_axis',(0.978987721119454,2.4972900087569E-17,0.203919204336761));
#3397=DIRECTION('center_axis',(-0.100324560377221,-0.101327976300203,-0.989781604094571));
#3398=DIRECTION('ref_axis',(0.994902291379646,0.,-0.10084359477691));
#3399=DIRECTION('center_axis',(0.212578407977095,0.0308547676332285,-0.976656748185474));
#3400=DIRECTION('ref_axis',(0.97712197715138,2.60457476350485E-17,0.212679669380449));
#3401=DIRECTION('center_axis',(-0.135697878185774,0.273235740037434,0.95232784072612));
#3402=DIRECTION('ref_axis',(-0.990000216267309,-1.72755831924297E-17,-0.141065842040805));
#3403=DIRECTION('center_axis',(0.,1.22464679914735E-16,1.));
#3404=DIRECTION('ref_axis',(0.444799480664695,-0.895630181492572,5.86350382012699E-17));
#3405=DIRECTION('center_axis',(0.230650348277725,0.038579998878125,0.972271567272194));
#3406=DIRECTION('ref_axis',(0.972995948439036,-2.82675658609051E-17,-0.230822192003328));
#3407=DIRECTION('center_axis',(0.,1.22464679914735E-16,1.));
#3408=DIRECTION('ref_axis',(-0.986297872414415,-0.164974261237316,2.02035200965978E-17));
#3409=DIRECTION('center_axis',(-0.614812969730747,-0.672157796423031,0.412563824103126));
#3410=DIRECTION('ref_axis',(0.,0.523111420718558,0.852264302616161));
#3411=DIRECTION('center_axis',(0.,1.22464679914735E-16,1.));
#3412=DIRECTION('ref_axis',(-0.674929850982748,-0.737881898580257,1.07579092691712E-16));
#3413=DIRECTION('center_axis',(0.152274091387839,0.20845794314014,-0.966104490742999));
#3414=DIRECTION('ref_axis',(0.987805256694081,1.90670761305723E-17,0.155694492026987));
#3415=DIRECTION('center_axis',(0.0677967659179879,0.123420648954536,0.990035828615663));
#3416=DIRECTION('ref_axis',(-0.997663520485781,0.,0.0683191034185771));
#3417=DIRECTION('center_axis',(0.210251428414715,0.0949468962629531,-0.973025911134747));
#3418=DIRECTION('ref_axis',(0.977441661390263,2.58652242018753E-17,0.211205583682443));
#3419=DIRECTION('center_axis',(-0.210050279468651,0.232269761717689,0.949699761970461));
#3420=DIRECTION('ref_axis',(-0.97640301141061,-2.64470293054195E-17,-0.215956382883889));
#3421=DIRECTION('center_axis',(0.,1.22464679914735E-16,1.));
#3422=DIRECTION('ref_axis',(0.670740259029792,-0.741692324968142,9.08311131724393E-17));
#3423=DIRECTION('center_axis',(0.195944879092546,0.0852857784683055,0.976899145433377));
#3424=DIRECTION('ref_axis',(-0.98047146324577,2.40840764956848E-17,0.196661408925847));
#3425=DIRECTION('center_axis',(0.,1.22464679914735E-16,1.));
#3426=DIRECTION('ref_axis',(-0.916911961026757,-0.399089533470958,4.88743719738419E-17));
#3427=DIRECTION('center_axis',(0.0894068004585274,0.239826118651568,-0.966690155553626));
#3428=DIRECTION('ref_axis',(0.995750271505388,1.12783233757757E-17,0.0920944992762659));
#3429=DIRECTION('center_axis',(0.0987051309696798,0.267988087369261,0.958352587594161));
#3430=DIRECTION('ref_axis',(-0.994737885426332,0.,0.10245261976909));
#3431=DIRECTION('center_axis',(-0.000774897025092964,0.00176991714038817,
0.999998133462216));
#3432=DIRECTION('ref_axis',(-0.999999699766315,-9.48976647835364E-20,-0.000774898238819616));
#3433=DIRECTION('center_axis',(0.,1.22464679914735E-16,1.));
#3434=DIRECTION('ref_axis',(0.401061344958832,-0.916051198121487,1.12183916763458E-16));
#3435=DIRECTION('center_axis',(0.168660453901427,0.139956548470382,-0.975687355575556));
#3436=DIRECTION('ref_axis',(0.985385871850373,2.08602625837904E-17,0.170336970613193));
#3437=DIRECTION('center_axis',(0.13776085954642,0.104441531415004,0.984943608585141));
#3438=DIRECTION('ref_axis',(-0.99035985849249,2.17701109587445E-17,0.138518412807593));
#3439=DIRECTION('center_axis',(-0.410659878952377,-0.813127775127391,0.412530829314851));
#3440=DIRECTION('ref_axis',(0.,0.45244130729068,0.891794182228781));
#3441=DIRECTION('center_axis',(0.,1.22464679914735E-16,1.));
#3442=DIRECTION('ref_axis',(-0.450807120239938,-0.892621386894228,1.43799121312079E-16));
#3443=DIRECTION('center_axis',(-0.176103231122275,-0.893757040423455,0.41253606470441));
#3444=DIRECTION('ref_axis',(0.,0.419085659363272,0.907946700041391));
#3445=DIRECTION('center_axis',(0.,1.22464679914735E-16,1.));
#3446=DIRECTION('ref_axis',(-0.193320071382901,-0.981135744940785,1.20154474957079E-16));
#3447=DIRECTION('center_axis',(0.0222294722498735,0.267599095012969,-0.96327388364459));
#3448=DIRECTION('ref_axis',(-0.999733832321024,-2.82536530366219E-18,-0.0230708585171603));
#3449=DIRECTION('center_axis',(0.00791512780598597,-0.137427100310971,-0.990480258688649));
#3450=DIRECTION('ref_axis',(0.999968071874617,0.,0.0079909468375189));
#3451=DIRECTION('center_axis',(0.12246149679183,0.175763835782984,-0.976785675485855));
#3452=DIRECTION('ref_axis',(0.992232390824343,1.52343711926044E-17,0.124398081170924));
#3453=DIRECTION('center_axis',(-0.293710754832621,0.0877937260830894,0.951854113904068));
#3454=DIRECTION('ref_axis',(-0.955543778105498,-3.61086206646182E-17,-0.294849263393808));
#3455=DIRECTION('center_axis',(0.,1.22464679914735E-16,1.));
#3456=DIRECTION('ref_axis',(0.958112663228758,-0.286391558117023,3.50728504950835E-17));
#3457=DIRECTION('center_axis',(0.119433236997539,0.168316727176477,0.978470838223035));
#3458=DIRECTION('ref_axis',(-0.992632764074045,1.48380480834071E-17,0.121161857392171));
#3459=DIRECTION('center_axis',(0.,1.22464679914735E-16,1.));
#3460=DIRECTION('ref_axis',(-0.578691116927498,-0.815546805026667,9.98756784330758E-17));
#3461=DIRECTION('center_axis',(0.0522649494451013,-0.276286315636668,0.959653190924417));
#3462=DIRECTION('ref_axis',(-0.998520218390296,1.60197887444248E-17,0.0543817383484224));
#3463=DIRECTION('center_axis',(0.0450481280032598,-0.168260249005814,-0.984712727026468));
#3464=DIRECTION('ref_axis',(0.99895522355437,0.,0.0456996863603984));
#3465=DIRECTION('center_axis',(0.071541513368408,0.207117997488298,-0.975696647007355));
#3466=DIRECTION('ref_axis',(0.997322621696014,8.95549987251836E-18,0.073127205972804));
#3467=DIRECTION('center_axis',(-0.301495794374786,0.00705131742862615,0.953441432337004));
#3468=DIRECTION('ref_axis',(0.951869566838952,-0.0556433536970691,0.301410260135862));
#3469=DIRECTION('center_axis',(0.,1.22464679914735E-16,1.));
#3470=DIRECTION('ref_axis',(0.99972661801156,-0.0233813865963403,2.86339402548349E-18));
#3471=DIRECTION('center_axis',(0.,-1.22464679914735E-16,-1.));
#3472=DIRECTION('ref_axis',(1.,0.,0.));
#3473=DIRECTION('center_axis',(0.,-1.22464679914735E-16,-1.));
#3474=DIRECTION('ref_axis',(-0.971607433911583,-0.236598804662552,2.89749968812084E-17));
#3475=DIRECTION('center_axis',(0.0650870101317066,0.170964975349848,0.983124945424406));
#3476=DIRECTION('ref_axis',(-0.997815679091102,0.,0.0660595985452715));
#3477=DIRECTION('center_axis',(0.,0.,1.));
#3478=DIRECTION('ref_axis',(1.,0.,0.));
#3479=DIRECTION('center_axis',(0.,0.,1.));
#3480=DIRECTION('ref_axis',(1.,0.,0.));
#3481=DIRECTION('',(0.,0.,-1.));
#3482=DIRECTION('center_axis',(0.,0.,1.));
#3483=DIRECTION('ref_axis',(1.,0.,0.));
#3484=DIRECTION('center_axis',(0.,0.,1.));
#3485=DIRECTION('ref_axis',(1.,0.,0.));
#3486=DIRECTION('center_axis',(0.,0.,1.));
#3487=DIRECTION('ref_axis',(1.,0.,0.));
#3488=CARTESIAN_POINT('',(0.,0.,0.));
#3489=CARTESIAN_POINT('Origin',(36.8804536936187,-24.6970922368501,5.20362842031184));
#3490=CARTESIAN_POINT('',(35.0165813185562,-27.0520663313021,5.20362842031184));
#3491=CARTESIAN_POINT('',(38.7369762829133,-27.0520663313021,5.20362842031184));
#3492=CARTESIAN_POINT('',(37.808714988266,-27.0520663313021,5.20362842031184));
#3493=CARTESIAN_POINT('Origin',(36.8767788007348,-25.0266860392837,5.20362842031184));
#3494=CARTESIAN_POINT('Origin',(38.7369762829133,-27.0520663313021,0.903628420311844));
#3495=CARTESIAN_POINT('',(38.7369762829133,-27.0520663313021,0.903628420311844));
#3496=CARTESIAN_POINT('',(38.7369762829133,-27.0520663313021,0.903628420311844));
#3497=CARTESIAN_POINT('',(35.0165813185562,-27.0520663313021,0.903628420311844));
#3498=CARTESIAN_POINT('',(35.0165813185562,-27.0520663313021,0.903628420311844));
#3499=CARTESIAN_POINT('',(35.0165813185562,-27.0520663313021,0.903628420311844));
#3500=CARTESIAN_POINT('Origin',(36.8767788007348,-25.0266860392837,0.903628420311844));
#3501=CARTESIAN_POINT('Origin',(36.8767788007348,-25.0266860392837,0.903628420311844));
#3502=CARTESIAN_POINT('Origin',(37.0437155350093,-25.0479615581398,0.903628420311844));
#3503=CARTESIAN_POINT('',(47.4421976133617,-18.1894571599037,0.903628420311844));
#3504=CARTESIAN_POINT('',(45.3226745555376,-19.1284788979043,0.903628420311868));
#3505=CARTESIAN_POINT('Origin',(47.7998926401425,-21.9393353319204,0.903628420311845));
#3506=CARTESIAN_POINT('',(47.901274312086,-18.9465558321861,0.903628420311844));
#3507=CARTESIAN_POINT('Origin',(36.6431937270097,-25.2278987988256,0.903628420311844));
#3508=CARTESIAN_POINT('',(46.1664630279469,-20.3768837263617,0.903628420775222));
#3509=CARTESIAN_POINT('Origin',(44.7799125809211,-16.9447893748501,0.903628420311844));
#3510=CARTESIAN_POINT('',(46.6136026842968,-21.5943641794734,0.903628420311912));
#3511=CARTESIAN_POINT('Origin',(-7692.61673285439,-2872.32317761636,0.903628420312335));
#3512=CARTESIAN_POINT('',(48.9077967943865,-21.2597502601481,0.903628420311844));
#3513=CARTESIAN_POINT('Origin',(48.2440833519023,-24.9777561597752,0.903628420311844));
#3514=CARTESIAN_POINT('',(49.1518954887921,-22.1388071019886,0.903628420311844));
#3515=CARTESIAN_POINT('Origin',(36.5912335861425,-25.1312843225007,0.903628420311844));
#3516=CARTESIAN_POINT('',(47.0487909887278,-23.0416425930185,0.903628420311851));
#3517=CARTESIAN_POINT('Ctrl Pts',(47.0487909887278,-23.0416425930184,0.903628420311844));
#3518=CARTESIAN_POINT('Ctrl Pts',(47.1652178589812,-23.0260246143029,0.903628420311844));
#3519=CARTESIAN_POINT('Ctrl Pts',(47.2824908488983,-23.0054288120955,0.903628420311844));
#3520=CARTESIAN_POINT('Ctrl Pts',(47.691890457012,-22.9156388648213,0.903628420311844));
#3521=CARTESIAN_POINT('Ctrl Pts',(47.9778736975044,-22.8186403817571,0.903628420311844));
#3522=CARTESIAN_POINT('Ctrl Pts',(48.2291404065546,-22.7056416503791,0.903628420311844));
#3523=CARTESIAN_POINT('Ctrl Pts',(48.4804071156048,-22.5926429190011,0.903628420311845));
#3524=CARTESIAN_POINT('Ctrl Pts',(48.7427399168343,-22.4430547478165,0.903628420311845));
#3525=CARTESIAN_POINT('Ctrl Pts',(49.0420210820429,-22.2251498811464,0.903628420311845));
#3526=CARTESIAN_POINT('Ctrl Pts',(49.0976074207383,-22.1825453467686,0.903628420311844));
#3527=CARTESIAN_POINT('Ctrl Pts',(49.1518954887921,-22.1388071019886,0.903628420311844));
#3528=CARTESIAN_POINT('',(47.219355306456,-24.3107351411281,0.903628420311846));
#3529=CARTESIAN_POINT('Origin',(36.6869572731281,-25.0802532982194,0.903628420311844));
#3530=CARTESIAN_POINT('',(49.4915304051747,-24.6139305180761,0.903628420311846));
#3531=CARTESIAN_POINT('Origin',(47.8454138969884,-28.0291561708694,0.903628420311844));
#3532=CARTESIAN_POINT('',(49.4940874055529,-25.5051033594996,0.903770391529168));
#3533=CARTESIAN_POINT('Origin',(36.7061310190033,-25.0276378728188,0.903628420311844));
#3534=CARTESIAN_POINT('',(47.262460913705,-25.8309715689598,0.903628419683673));
#3535=CARTESIAN_POINT('Ctrl Pts',(47.2624609135698,-25.8309715697168,0.903628420311844));
#3536=CARTESIAN_POINT('Ctrl Pts',(47.4422163009328,-25.8630866501138,0.903628420311844));
#3537=CARTESIAN_POINT('Ctrl Pts',(47.6336872385675,-25.8826638472342,0.903628420311844));
#3538=CARTESIAN_POINT('Ctrl Pts',(48.075650097152,-25.8909274770479,0.903628420311844));
#3539=CARTESIAN_POINT('Ctrl Pts',(48.3264107758217,-25.8677244304609,0.903628420311844));
#3540=CARTESIAN_POINT('Ctrl Pts',(48.7778654360243,-25.782322969524,0.903628420311844));
#3541=CARTESIAN_POINT('Ctrl Pts',(49.0197744938184,-25.7123279190208,0.903628420311844));
#3542=CARTESIAN_POINT('Ctrl Pts',(49.3332829646162,-25.5824989927971,0.903628420311844));
#3543=CARTESIAN_POINT('Ctrl Pts',(49.4142594822157,-25.5453292114567,0.903628420311844));
#3544=CARTESIAN_POINT('Ctrl Pts',(49.4929520200118,-25.5056383300396,0.903628420311844));
#3545=CARTESIAN_POINT('',(47.0142563497174,-27.0934511726835,0.903628420311848));
#3546=CARTESIAN_POINT('Origin',(-6645.23293051235,1275.03742459812,0.903628420311684));
#3547=CARTESIAN_POINT('',(49.1480673238051,-27.9997983428119,0.903628420311848));
#3548=CARTESIAN_POINT('Origin',(46.6488167851464,-30.8338873169528,0.903628420311845));
#3549=CARTESIAN_POINT('',(48.9081588400846,-28.853442299198,0.903628420705753));
#3550=CARTESIAN_POINT('Origin',(36.7667201210856,-24.9580460224796,0.903628420311844));
#3551=CARTESIAN_POINT('',(46.6798013284135,-28.5588076922989,0.903628420311846));
#3552=CARTESIAN_POINT('Origin',(48.2611310736034,-25.0753025124754,0.903628420311844));
#3553=CARTESIAN_POINT('',(46.0938705692228,-29.720022820403,0.903628420311839));
#3554=CARTESIAN_POINT('Origin',(-6045.55181196031,3031.30943326111,0.903628420311469));
#3555=CARTESIAN_POINT('',(47.9039128997139,-31.1706350243249,0.903628420311842));
#3556=CARTESIAN_POINT('Origin',(44.7367403906183,-33.2137169900639,0.903628420311845));
#3557=CARTESIAN_POINT('',(47.4423420876931,-31.9258767109164,0.903628420311845));
#3558=CARTESIAN_POINT('Origin',(36.5513659737687,-24.7510930480932,0.903628420311844));
#3559=CARTESIAN_POINT('',(45.3745723819473,-31.0439327648657,0.903628420776427));
#3560=CARTESIAN_POINT('Origin',(47.7836521271759,-28.2334100081751,0.903628420311844));
#3561=CARTESIAN_POINT('',(44.4993921083682,-32.0011228680083,0.903628420311706));
#3562=CARTESIAN_POINT('Origin',(-4990.15075924828,4563.26583592441,0.903628420310998));
#3563=CARTESIAN_POINT('',(45.8507355127293,-33.8845424027931,0.903628420311845));
#3564=CARTESIAN_POINT('Origin',(42.2398255805418,-35.0033846177499,0.903628420311846));
#3565=CARTESIAN_POINT('',(45.2023467758084,-34.4887814010319,0.903628420311848));
#3566=CARTESIAN_POINT('Origin',(36.794121594964,-24.7855841872102,0.903628420311846));
#3567=CARTESIAN_POINT('',(43.4487587927441,-33.0808259772791,0.903628420761078));
#3568=CARTESIAN_POINT('Origin',(46.5351256059983,-31.0156321058549,0.903628420311845));
#3569=CARTESIAN_POINT('',(42.3481981917007,-33.766418087685,0.903628420311839));
#3570=CARTESIAN_POINT('Origin',(-3570.59428720376,5745.42382331318,0.903628420311138));
#3571=CARTESIAN_POINT('',(43.1409082104237,-35.9453464101983,0.903628420311846));
#3572=CARTESIAN_POINT('Origin',(39.372113023476,-36.0477136492107,0.903628420311846));
#3573=CARTESIAN_POINT('',(42.3542795017025,-36.3519989029087,0.903628420311846));
#3574=CARTESIAN_POINT('Origin',(36.9157205479604,-24.8214682874203,0.903628420311844));
#3575=CARTESIAN_POINT('',(41.0453995571373,-34.5231677134962,0.90362842076084));
#3576=CARTESIAN_POINT('Origin',(44.5660648802669,-33.3730653026333,0.903628420311845));
#3577=CARTESIAN_POINT('',(39.8010856961806,-34.8862958813361,0.903628420311846));
#3578=CARTESIAN_POINT('Origin',(-1883.54417862463,6510.56235537436,0.903628420311045));
#3579=CARTESIAN_POINT('',(39.977811094943,-37.1980430073754,0.903628420311846));
#3580=CARTESIAN_POINT('Origin',(36.3050298834221,-36.2835641465538,0.903628420311846));
#3581=CARTESIAN_POINT('',(39.1098204750219,-37.3788255797719,0.903965769218096));
#3582=CARTESIAN_POINT('Origin',(36.964753975399,-24.6923252772378,0.903628420311846));
#3583=CARTESIAN_POINT('',(38.3431068446463,-35.2636305502324,0.903628420888103));
#3584=CARTESIAN_POINT('Ctrl Pts',(38.3431068453881,-35.2636305502172,0.903628420311845));
#3585=CARTESIAN_POINT('Ctrl Pts',(38.3471611092804,-35.4612743878164,0.903628420311845));
#3586=CARTESIAN_POINT('Ctrl Pts',(38.3688724357793,-35.6714534773317,0.903628420311846));
#3587=CARTESIAN_POINT('Ctrl Pts',(38.4578824182784,-36.1182526079288,0.903628420311846));
#3588=CARTESIAN_POINT('Ctrl Pts',(38.5325585644713,-36.3534480816986,0.903628420311846));
#3589=CARTESIAN_POINT('Ctrl Pts',(38.6206073013228,-36.5606182875901,0.903628420311846));
#3590=CARTESIAN_POINT('Ctrl Pts',(38.7086560381744,-36.7677884934817,0.903628420311846));
#3591=CARTESIAN_POINT('Ctrl Pts',(38.8261627120139,-36.9847807036994,0.903628420311846));
#3592=CARTESIAN_POINT('Ctrl Pts',(39.0117992461146,-37.2520274237431,0.903628420311846));
#3593=CARTESIAN_POINT('Ctrl Pts',(39.059792171388,-37.3162625463561,0.903628420311845));
#3594=CARTESIAN_POINT('Ctrl Pts',(39.1094766510269,-37.3782640939902,0.903628420311845));
#3595=CARTESIAN_POINT('',(37.0455680851365,-35.2775944430589,0.903628420311845));
#3596=CARTESIAN_POINT('Origin',(-50.510815089347,6782.55230326092,0.903628420311011));
#3597=CARTESIAN_POINT('',(36.5910974111611,-37.5520461941916,0.903628420311842));
#3598=CARTESIAN_POINT('Origin',(33.2976857302541,-35.6768291453215,0.903628420311846));
#3599=CARTESIAN_POINT('',(35.7068650375164,-37.490547470787,0.903628420311846));
#3600=CARTESIAN_POINT('Origin',(37.0395272775133,-24.7169367413905,0.903628420311844));
#3601=CARTESIAN_POINT('',(35.5354913061568,-35.2463400764568,0.903628420368143));
#3602=CARTESIAN_POINT('Ctrl Pts',(35.5354913062409,-35.2463400764781,0.903628420311844));
#3603=CARTESIAN_POINT('Ctrl Pts',(35.4881735526287,-35.4326896141073,0.903628420311844));
#3604=CARTESIAN_POINT('Ctrl Pts',(35.4538010167034,-35.634091353421,0.903628420311846));
#3605=CARTESIAN_POINT('Ctrl Pts',(35.4180304691669,-36.0838927077588,0.903628420311846));
#3606=CARTESIAN_POINT('Ctrl Pts',(35.4259431940139,-36.3330801035365,0.903628420311846));
#3607=CARTESIAN_POINT('Ctrl Pts',(35.4546373479847,-36.5586964274861,0.903628420311846));
#3608=CARTESIAN_POINT('Ctrl Pts',(35.4833315019554,-36.7843127514357,0.903628420311846));
#3609=CARTESIAN_POINT('Ctrl Pts',(35.5380456633841,-37.0275478845232,0.903628420311846));
#3610=CARTESIAN_POINT('Ctrl Pts',(35.6456324831215,-37.3392433389824,0.903628420311846));
#3611=CARTESIAN_POINT('Ctrl Pts',(35.6750922935337,-37.415776710069,0.903628420311845));
#3612=CARTESIAN_POINT('Ctrl Pts',(35.7068650375165,-37.490547470787,0.903628420311845));
#3613=CARTESIAN_POINT('',(34.286747910745,-34.9109089461484,0.903628420311846));
#3614=CARTESIAN_POINT('Origin',(1790.28464772775,6551.66789877163,0.903628420311038));
#3615=CARTESIAN_POINT('',(33.2366804940915,-36.978096659563,0.903628420311848));
#3616=CARTESIAN_POINT('Origin',(30.5798469397654,-34.2910241213149,0.903628420311846));
#3617=CARTESIAN_POINT('',(32.4015312159401,-36.6800117560599,0.903628420311845));
#3618=CARTESIAN_POINT('Origin',(37.1604668174933,-24.7291065743953,0.903628420311846));
#3619=CARTESIAN_POINT('',(32.8443820382715,-34.475127220612,0.903628420756897));
#3620=CARTESIAN_POINT('Origin',(36.0826764838631,-36.2615392261202,0.903628420311846));
#3621=CARTESIAN_POINT('',(31.7293805951491,-33.8131583748076,0.903628420311839));
#3622=CARTESIAN_POINT('Origin',(4233.96253431606,7065.01946855191,0.903628420310976));
#3623=CARTESIAN_POINT('',(30.1589241357223,-35.5206348652131,0.903628420311846));
#3624=CARTESIAN_POINT('Origin',(28.3262986388693,-32.2102297546412,0.903628420311845));
#3625=CARTESIAN_POINT('',(29.436172644726,-35.0080715278817,0.903628420311846));
#3626=CARTESIAN_POINT('Origin',(37.3387952359349,-24.63067610326,0.903628420311844));
#3627=CARTESIAN_POINT('',(30.4579958008959,-33.004779163576,0.903628420768521));
#3628=CARTESIAN_POINT('Origin',(33.1032136959734,-35.6043229689159,0.903628420311846));
#3629=CARTESIAN_POINT('',(29.5763668977464,-32.0806055990087,0.90362842031128));
#3630=CARTESIAN_POINT('Origin',(5987.39494403979,5665.17357748824,0.903628420310014));
#3631=CARTESIAN_POINT('',(27.6074501131215,-33.3049518753136,0.903628420311839));
#3632=CARTESIAN_POINT('Ctrl Pts',(27.6074501131215,-33.3049518753136,0.903628420311845));
#3633=CARTESIAN_POINT('Ctrl Pts',(27.6988885284187,-33.2832137241201,0.903628420311845));
#3634=CARTESIAN_POINT('Ctrl Pts',(27.7876577826578,-33.2583436760073,0.903628420311845));
#3635=CARTESIAN_POINT('Ctrl Pts',(27.8724775944402,-33.2312784947907,0.903628420311845));
#3636=CARTESIAN_POINT('Ctrl Pts',(28.096463880802,-33.1598066381216,0.903628420311845));
#3637=CARTESIAN_POINT('Ctrl Pts',(28.333545640614,-33.0586972535681,0.903628420311845));
#3638=CARTESIAN_POINT('Ctrl Pts',(28.7797229703585,-32.8068548667011,0.903628420311845));
#3639=CARTESIAN_POINT('Ctrl Pts',(28.9888239574782,-32.6561314618844,0.903628420311846));
#3640=CARTESIAN_POINT('Ctrl Pts',(29.3061949976078,-32.3788975675824,0.903628420311846));
#3641=CARTESIAN_POINT('Ctrl Pts',(29.4470478353484,-32.2362680046807,0.903628420311845));
#3642=CARTESIAN_POINT('Ctrl Pts',(29.5763668977463,-32.0806055990087,0.903628420311845));
#3643=CARTESIAN_POINT('',(27.0322337128612,-32.5994339852743,0.903628420311846));
#3644=CARTESIAN_POINT('Origin',(37.2534357779817,-24.8928699040171,0.903628420311842));
#3645=CARTESIAN_POINT('',(28.5568424024924,-30.9451646997985,0.90362842076576));
#3646=CARTESIAN_POINT('Origin',(30.3955246950805,-34.1548853578931,0.903628420311846));
#3647=CARTESIAN_POINT('',(27.9479395626193,-29.7999052087296,0.903628420311839));
#3648=CARTESIAN_POINT('Origin',(7304.00426088136,3850.93927927266,0.903628420311369));
#3649=CARTESIAN_POINT('',(25.7203355106946,-30.4440913050369,0.903628420311845));
#3650=CARTESIAN_POINT('Origin',(25.8704413803882,-26.6683067061708,0.903628420311844));
#3651=CARTESIAN_POINT('',(25.3683703578971,-29.6320543216477,0.903628420311847));
#3652=CARTESIAN_POINT('Origin',(37.3274805517035,-24.9572773494499,0.903628420311846));
#3653=CARTESIAN_POINT('',(27.281631207731,-28.4487631713919,0.903628420809757));
#3654=CARTESIAN_POINT('Origin',(28.209566754203,-32.0655935347348,0.903628420311845));
#3655=CARTESIAN_POINT('',(27.0041215892137,-27.181908728232,0.903628420311806));
#3656=CARTESIAN_POINT('Origin',(6680.31071826611,1443.70544396472,0.903628420311593));
#3657=CARTESIAN_POINT('',(24.685479303208,-27.1991418648581,0.903628420311844));
#3658=CARTESIAN_POINT('Origin',(25.851562989819,-23.6247065567152,0.903628420311844));
#3659=CARTESIAN_POINT('',(24.5689559514169,-26.3285692719171,0.90567734253771));
#3660=CARTESIAN_POINT('Origin',(37.3623987376812,-25.0495342870935,0.903628420311844));
#3661=CARTESIAN_POINT('',(26.7276250380724,-25.6975501599829,0.903628419811739));
#3662=CARTESIAN_POINT('Ctrl Pts',(26.7276250381169,-25.6975501593432,0.903628420311844));
#3663=CARTESIAN_POINT('Ctrl Pts',(26.6190469664285,-25.6899896633839,0.903628420311844));
#3664=CARTESIAN_POINT('Ctrl Pts',(26.5123429738094,-25.6881037747595,0.903628420311844));
#3665=CARTESIAN_POINT('Ctrl Pts',(25.9993361095267,-25.7025018962588,0.903628420311844));
#3666=CARTESIAN_POINT('Ctrl Pts',(25.5188465773428,-25.8147774212308,0.903628420311844));
#3667=CARTESIAN_POINT('Ctrl Pts',(25.1454211469097,-25.9869226865805,0.903628420311844));
#3668=CARTESIAN_POINT('Ctrl Pts',(24.9536953584676,-26.0753062942193,0.903628420311844));
#3669=CARTESIAN_POINT('Ctrl Pts',(24.7531883341637,-26.1921005814096,0.903628420311844));
#3670=CARTESIAN_POINT('Ctrl Pts',(24.5686148299184,-26.3294498061165,0.903628420311844));
#3671=CARTESIAN_POINT('',(26.8019707088424,-24.4067758125402,0.903628420311848));
#3672=CARTESIAN_POINT('Origin',(6831.49749903265,-402.240516128032,0.903628420311892));
#3673=CARTESIAN_POINT('',(24.5645944670348,-23.7980238163665,0.903628420311839));
#3674=CARTESIAN_POINT('Origin',(26.6567971330292,-20.6522377519665,0.903628420311845));
#3675=CARTESIAN_POINT('',(24.6904033850613,-22.8943811874922,0.903628420311844));
#3676=CARTESIAN_POINT('Origin',(37.3794722783284,-25.1489724104756,0.903628420311842));
#3677=CARTESIAN_POINT('',(26.9390722949004,-22.8932477735631,0.903628420195708));
#3678=CARTESIAN_POINT('Ctrl Pts',(26.939072294887,-22.8932477736129,0.903628420311844));
#3679=CARTESIAN_POINT('Ctrl Pts',(26.8447664849064,-22.8679272009975,0.903628420311844));
#3680=CARTESIAN_POINT('Ctrl Pts',(26.7488245086034,-22.8455511523508,0.903628420311844));
#3681=CARTESIAN_POINT('Ctrl Pts',(26.3529331502535,-22.7673451057757,0.903628420311844));
#3682=CARTESIAN_POINT('Ctrl Pts',(26.0471106349301,-22.7415680764572,0.903628420311844));
#3683=CARTESIAN_POINT('Ctrl Pts',(25.4871553856074,-22.7480037825336,0.903628420311844));
#3684=CARTESIAN_POINT('Ctrl Pts',(25.1820061002113,-22.7808028639449,0.903628420311844));
#3685=CARTESIAN_POINT('Ctrl Pts',(24.8191248205683,-22.8611955328853,0.903628420311844));
#3686=CARTESIAN_POINT('Ctrl Pts',(24.7544473309994,-22.8770923449679,0.903628420311844));
#3687=CARTESIAN_POINT('Ctrl Pts',(24.6904033850613,-22.8943811874921,0.903628420311844));
#3688=CARTESIAN_POINT('',(27.3561569918899,-21.6794587376858,0.903628420311914));
#3689=CARTESIAN_POINT('Origin',(7830.13393277778,-2694.42850830249,0.903628420312312));
#3690=CARTESIAN_POINT('',(25.3660957391393,-20.4894291769661,0.903628420311844));
#3691=CARTESIAN_POINT('Origin',(28.2210530810326,-18.0366560023627,0.903628420311844));
#3692=CARTESIAN_POINT('',(25.7197037792199,-19.677575747396,0.903628420311844));
#3693=CARTESIAN_POINT('Origin',(37.231512454815,-25.1976705615898,0.903628420311844));
#3694=CARTESIAN_POINT('',(27.8884857519635,-20.2697998283978,0.903628420776901));
#3695=CARTESIAN_POINT('Origin',(25.8831220584379,-23.3870349862592,0.903628420311844));
#3696=CARTESIAN_POINT('',(28.6250130179716,-19.2025888019221,0.903628420311839));
#3697=CARTESIAN_POINT('Origin',(5644.69416324813,-3887.55215290464,0.903628420312317));
#3698=CARTESIAN_POINT('',(27.0304459435507,-17.5205423211648,0.903628420311846));
#3699=CARTESIAN_POINT('Origin',(30.4465607835679,-15.9256388181159,0.903628420311842));
#3700=CARTESIAN_POINT('',(27.5890789637639,-16.8337291362397,0.903628420311844));
#3701=CARTESIAN_POINT('Origin',(37.2142693117806,-25.2725491901406,0.903628420311844));
#3702=CARTESIAN_POINT('',(29.5183812032522,-17.9891746826959,0.90362842077629));
#3703=CARTESIAN_POINT('Origin',(26.7504698544297,-20.4431866367127,0.903628420311844));
#3704=CARTESIAN_POINT('',(30.5156001880656,-17.1601908100355,0.903628420311844));
#3705=CARTESIAN_POINT('Origin',(4394.53966078004,-5257.4605116955,0.903628420312486));
#3706=CARTESIAN_POINT('',(29.4338532753386,-15.109662426959,0.903628420311844));
#3707=CARTESIAN_POINT('Origin',(33.1537819280534,-14.4962671199707,0.903628420311842));
#3708=CARTESIAN_POINT('',(30.157875943673,-14.6000017455987,0.903628420311846));
#3709=CARTESIAN_POINT('Origin',(37.208665313177,-25.429442143204,0.903628420311846));
#3710=CARTESIAN_POINT('',(31.7042818669058,-16.2331842818597,0.903628420804958));
#3711=CARTESIAN_POINT('Origin',(28.2975221346634,-17.9264114649428,0.903628420311844));
#3712=CARTESIAN_POINT('',(32.8874290353202,-15.7040669013538,0.903628420311844));
#3713=CARTESIAN_POINT('Origin',(2826.44123878498,-6233.76497620998,0.903628420312604));
#3714=CARTESIAN_POINT('',(32.3970306921853,-13.4381721102895,0.903628420311845));
#3715=CARTESIAN_POINT('Origin',(36.155190170293,-13.8453501467662,0.903628420311842));
#3716=CARTESIAN_POINT('',(33.2567615883527,-13.1347140863356,0.903628420311839));
#3717=CARTESIAN_POINT('Origin',(37.0879838894354,-25.4268330576376,0.903628420311844));
#3718=CARTESIAN_POINT('',(34.2927783645182,-15.129764726003,0.903628420351532));
#3719=CARTESIAN_POINT('Ctrl Pts',(34.292778364283,-15.129764726053,0.903628420311843));
#3720=CARTESIAN_POINT('Ctrl Pts',(34.2705738488592,-15.0253330907529,0.903628420311843));
#3721=CARTESIAN_POINT('Ctrl Pts',(34.2442068437458,-14.9206292960791,0.903628420311842));
#3722=CARTESIAN_POINT('Ctrl Pts',(34.1300653387291,-14.5311637980109,0.903628420311842));
#3723=CARTESIAN_POINT('Ctrl Pts',(34.0143748917758,-14.2546332210975,0.903628420311842));
#3724=CARTESIAN_POINT('Ctrl Pts',(33.8852243456188,-14.0135793594322,0.903628420311842));
#3725=CARTESIAN_POINT('Ctrl Pts',(33.7560737994619,-13.7725254977669,0.903628420311842));
#3726=CARTESIAN_POINT('Ctrl Pts',(33.5899307501712,-13.5230261457503,0.903628420311842));
#3727=CARTESIAN_POINT('Ctrl Pts',(33.3523943637767,-13.2402237010134,0.903628420311842));
#3728=CARTESIAN_POINT('Ctrl Pts',(33.3051189497845,-13.1867460693438,0.903628420311842));
#3729=CARTESIAN_POINT('Ctrl Pts',(33.2567615883527,-13.1347140863356,0.903628420311842));
#3730=CARTESIAN_POINT('',(35.5638696382553,-14.9414467313837,0.903628420311837));
#3731=CARTESIAN_POINT('Origin',(1252.90187581826,-8169.61786515581,0.903628420312841));
#3732=CARTESIAN_POINT('',(35.7038543182494,-12.6266752108541,0.903628420311842));
#3733=CARTESIAN_POINT('Origin',(39.2165397250769,-14.0355065066042,0.903628420311842));
#3734=CARTESIAN_POINT('',(36.5889210149959,-12.5656063419292,0.904794578803915));
#3735=CARTESIAN_POINT('Origin',(36.9812617698401,-25.1635231815311,0.903628420311846));
#3736=CARTESIAN_POINT('',(37.0708942931583,-14.7674175612789,0.903628420311837));
#3737=CARTESIAN_POINT('Ctrl Pts',(37.0708942931583,-14.7674175612789,0.903628420311843));
#3738=CARTESIAN_POINT('Ctrl Pts',(37.0896556970421,-14.5909390410212,0.903628420311843));
#3739=CARTESIAN_POINT('Ctrl Pts',(37.0959234974703,-14.4047942227629,0.903628420311842));
#3740=CARTESIAN_POINT('Ctrl Pts',(37.0757768493447,-13.9671027337477,0.903628420311842));
#3741=CARTESIAN_POINT('Ctrl Pts',(37.0360422431735,-13.7161249636051,0.903628420311842));
#3742=CARTESIAN_POINT('Ctrl Pts',(36.9782904020096,-13.4916296686097,0.903628420311842));
#3743=CARTESIAN_POINT('Ctrl Pts',(36.9205385608456,-13.2671343736142,0.903628420311842));
#3744=CARTESIAN_POINT('Ctrl Pts',(36.8342265736687,-13.0281387232293,0.903628420311842));
#3745=CARTESIAN_POINT('Ctrl Pts',(36.6826941210127,-12.7204260116594,0.903628420311842));
#3746=CARTESIAN_POINT('Ctrl Pts',(36.6396496668683,-12.64079862801,0.903628420311842));
#3747=CARTESIAN_POINT('Ctrl Pts',(36.594188451075,-12.563676323128,0.903628420311842));
#3748=CARTESIAN_POINT('',(38.3466072536441,-14.9291415273378,0.903628420311837));
#3749=CARTESIAN_POINT('Origin',(-989.000256943,-8191.79421671915,0.903628420312844));
#3750=CARTESIAN_POINT('',(39.1070960312023,-12.7384013057958,0.903628420311849));
#3751=CARTESIAN_POINT('Origin',(42.090600472147,-15.0359645218543,0.903628420311842));
#3752=CARTESIAN_POINT('',(39.988158024025,-12.9232928372919,0.903628420311845));
#3753=CARTESIAN_POINT('Origin',(36.8796422799328,-25.4332644492844,0.903628420311846));
#3754=CARTESIAN_POINT('',(39.8399015590724,-15.1661029544974,0.903628420873703));
#3755=CARTESIAN_POINT('Ctrl Pts',(39.8399015583501,-15.1661029542307,0.903628420311843));
#3756=CARTESIAN_POINT('Ctrl Pts',(39.8850297849018,-15.043883706113,0.903628420311843));
#3757=CARTESIAN_POINT('Ctrl Pts',(39.9249628755723,-14.9171827045087,0.903628420311842));
#3758=CARTESIAN_POINT('Ctrl Pts',(40.0289660977,-14.5175905913532,0.903628420311842));
#3759=CARTESIAN_POINT('Ctrl Pts',(40.0691513377404,-14.2384934462396,0.903628420311842));
#3760=CARTESIAN_POINT('Ctrl Pts',(40.0813129889444,-13.9815307269588,0.903628420311842));
#3761=CARTESIAN_POINT('Ctrl Pts',(40.0934746401484,-13.7245680076779,0.903628420311842));
#3762=CARTESIAN_POINT('Ctrl Pts',(40.0798284608358,-13.4429231040887,0.903628420311842));
#3763=CARTESIAN_POINT('Ctrl Pts',(40.021990746054,-13.0846135408179,0.903628420311842));
#3764=CARTESIAN_POINT('Ctrl Pts',(40.0062518764883,-13.0033940916256,0.903628420311842));
#3765=CARTESIAN_POINT('Ctrl Pts',(39.9881580240249,-12.923292837292,0.903628420311842));
#3766=CARTESIAN_POINT('',(41.029738643723,-15.6681455980296,0.903628420311837));
#3767=CARTESIAN_POINT('Origin',(-3157.78016185494,-7616.24327433949,0.903628420312774));
#3768=CARTESIAN_POINT('',(42.3535806102441,-13.7631261809134,0.903628420311844));
#3769=CARTESIAN_POINT('Origin',(44.60798061613,-16.7833905395036,0.903628420311844));
#3770=CARTESIAN_POINT('',(43.1384589658231,-14.1723575379361,0.903628420311837));
#3771=CARTESIAN_POINT('Origin',(36.6925730645647,-25.5776330017367,0.903628420311844));
#3772=CARTESIAN_POINT('',(42.399652421256,-16.295368496475,0.903628420776603));
#3773=CARTESIAN_POINT('Origin',(39.4291638148986,-14.0829229636491,0.903628420311842));
#3774=CARTESIAN_POINT('',(43.4140873490697,-17.102989335804,0.903628420311846));
#3775=CARTESIAN_POINT('Origin',(-4197.48487731413,-5353.66950518878,0.903628420312497));
#3776=CARTESIAN_POINT('',(45.2024005232458,-15.6263322803903,0.903628420311837));
#3777=CARTESIAN_POINT('Origin',(46.5604368716421,-19.1453659762341,0.903628420311844));
#3778=CARTESIAN_POINT('',(45.8465006648058,-16.2307844105073,0.903628420311839));
#3779=CARTESIAN_POINT('Origin',(36.5727348015441,-25.4672406879617,0.903628420311844));
#3780=CARTESIAN_POINT('',(44.5638862557279,-18.0773068018903,0.903628420812601));
#3781=CARTESIAN_POINT('Origin',(42.276964123917,-15.1339695176005,0.903628420311842));
#3782=CARTESIAN_POINT('Origin',(-5483.25626062708,-4017.51046218834,0.903628420312332));
#3783=CARTESIAN_POINT('Origin',(-7696.7210411611,-2861.1405780804,6.60491456629555));
#3784=CARTESIAN_POINT('',(46.608178977742,-21.5678862478622,10.9036284203123));
#3785=CARTESIAN_POINT('',(46.1697938279134,-20.3759224685273,10.9036284203123));
#3786=CARTESIAN_POINT('Origin',(-7685.00975985271,-2893.04913833905,10.9036284203132));
#3787=CARTESIAN_POINT('',(47.0223303908771,-22.6971133679591,5.85293383299802));
#3788=CARTESIAN_POINT('Ctrl Pts',(47.0223303908764,-22.6971133679595,5.85293383299805));
#3789=CARTESIAN_POINT('Ctrl Pts',(46.9744109720713,-22.5658126567589,6.52295108622144));
#3790=CARTESIAN_POINT('Ctrl Pts',(46.923929251865,-22.427744899983,7.21605163927935));
#3791=CARTESIAN_POINT('Ctrl Pts',(46.8177260442049,-22.137908829432,8.57275020557349));
#3792=CARTESIAN_POINT('Ctrl Pts',(46.7642687018958,-21.992266462965,9.21551490742921));
#3793=CARTESIAN_POINT('Ctrl Pts',(46.6739043912123,-21.7464680742092,10.2171684989246));
#3794=CARTESIAN_POINT('Ctrl Pts',(46.6418284272971,-21.6592832013453,10.5590874674478));
#3795=CARTESIAN_POINT('Ctrl Pts',(46.6081789777421,-21.5678862478621,10.9036284203123));
#3796=CARTESIAN_POINT('Ctrl Pts',(46.6136026842957,-21.594364179474,0.903628420311887));
#3797=CARTESIAN_POINT('Ctrl Pts',(46.669247992013,-21.7440708594235,1.59152623713568));
#3798=CARTESIAN_POINT('Ctrl Pts',(46.7247847365809,-21.8936665951628,2.27232993716324));
#3799=CARTESIAN_POINT('Ctrl Pts',(46.8598849092165,-22.2579907526706,3.91462976827982));
#3800=CARTESIAN_POINT('Ctrl Pts',(46.9406544352759,-22.4761548922407,4.88467636454551));
#3801=CARTESIAN_POINT('Ctrl Pts',(47.0223303908765,-22.6971133679597,5.85293383299793));
#3802=CARTESIAN_POINT('',(46.5816656263554,-21.497891435275,5.95331981688367));
#3803=CARTESIAN_POINT('Ctrl Pts',(46.5816656263541,-21.4978914352729,5.95331981688424));
#3804=CARTESIAN_POINT('Ctrl Pts',(46.528180835815,-21.353130386324,5.28136238136819));
#3805=CARTESIAN_POINT('Ctrl Pts',(46.4747449067541,-21.2086500625347,4.61903068110881));
#3806=CARTESIAN_POINT('Ctrl Pts',(46.3398341546944,-20.8442179232011,2.96719653837053));
#3807=CARTESIAN_POINT('Ctrl Pts',(46.2546897916522,-20.6145383379512,1.94380899288146));
#3808=CARTESIAN_POINT('Ctrl Pts',(46.166463028119,-20.3768837258044,0.903628420887971));
#3809=CARTESIAN_POINT('Ctrl Pts',(46.1697938279131,-20.3759224685274,10.9036284203123));
#3810=CARTESIAN_POINT('Ctrl Pts',(46.2739045387551,-20.658383943948,9.58027309887347));
#3811=CARTESIAN_POINT('Ctrl Pts',(46.3822469871442,-20.9532816939123,8.262848599761));
#3812=CARTESIAN_POINT('Ctrl Pts',(46.523999625856,-21.340286248099,6.61353070267142));
#3813=CARTESIAN_POINT('Ctrl Pts',(46.5526912731688,-21.4186747468382,6.28327597571835));
#3814=CARTESIAN_POINT('Ctrl Pts',(46.5816656263545,-21.4978914352743,5.95331981688341));
#3815=CARTESIAN_POINT('Origin',(36.6149763009181,-25.0890036129842,8.16921900690857));
#3816=CARTESIAN_POINT('',(47.2397382280682,-25.4975100200217,5.87454201276201));
#3817=CARTESIAN_POINT('',(47.2180185525062,-24.2932692068327,10.9036284203118));
#3818=CARTESIAN_POINT('Ctrl Pts',(47.2397382280678,-25.4975100200215,5.87454201276198));
#3819=CARTESIAN_POINT('Ctrl Pts',(47.2543563895613,-25.1257307877406,7.58494129670122));
#3820=CARTESIAN_POINT('Ctrl Pts',(47.2502902175383,-24.7224926906315,9.25725353769174));
#3821=CARTESIAN_POINT('Ctrl Pts',(47.2180185525062,-24.2932692068327,10.9036284203119));
#3822=CARTESIAN_POINT('Ctrl Pts',(47.219355306456,-24.3107351411281,0.903628420311845));
#3823=CARTESIAN_POINT('Ctrl Pts',(47.2476349208836,-24.6979093032509,2.56870804983454));
#3824=CARTESIAN_POINT('Ctrl Pts',(47.2551103306257,-25.0964679049427,4.22958743291901));
#3825=CARTESIAN_POINT('Ctrl Pts',(47.2397382280678,-25.4975100200216,5.87454201276203));
#3826=CARTESIAN_POINT('',(47.2105830780441,-24.1993477137242,5.92140815470812));
#3827=CARTESIAN_POINT('Ctrl Pts',(47.2105830780439,-24.199347713724,5.92140815470818));
#3828=CARTESIAN_POINT('Ctrl Pts',(47.1828626344709,-23.8687393040637,4.44457838159338));
#3829=CARTESIAN_POINT('Ctrl Pts',(47.133984694579,-23.4745322647299,2.78595165392045));
#3830=CARTESIAN_POINT('Ctrl Pts',(47.0487909887278,-23.0416425930184,0.903628420311847));
#3831=CARTESIAN_POINT('',(47.0456616512697,-23.0251474927731,10.9036284203118));
#3832=CARTESIAN_POINT('Ctrl Pts',(47.0456616512697,-23.0251474927731,10.9036284203118));
#3833=CARTESIAN_POINT('Ctrl Pts',(47.0470693175242,-23.0322709373137,10.8739125116372));
#3834=CARTESIAN_POINT('Ctrl Pts',(47.0484693599456,-23.0393932361979,10.8441958143882));
#3835=CARTESIAN_POINT('Ctrl Pts',(47.1265359726931,-23.4387415163605,9.17766913509083));
#3836=CARTESIAN_POINT('Ctrl Pts',(47.1793678107405,-23.8273862021618,7.53883373939809));
#3837=CARTESIAN_POINT('Ctrl Pts',(47.2105830780439,-24.199347713724,5.92140815470807));
#3838=CARTESIAN_POINT('Origin',(36.5863978669903,-25.0924777296108,10.9036284203118));
#3839=CARTESIAN_POINT('Ctrl Pts',(49.1537073185328,-22.1320982060168,0.886485148104844));
#3840=CARTESIAN_POINT('Ctrl Pts',(47.8162005284569,-23.1522174241765,0.692895220798522));
#3841=CARTESIAN_POINT('Ctrl Pts',(46.1640498239215,-23.1011751772952,1.06009738752509));
#3842=CARTESIAN_POINT('Ctrl Pts',(49.2927226007503,-22.794731555406,3.41776937985078));
#3843=CARTESIAN_POINT('Ctrl Pts',(48.1350376847719,-23.6777002551732,3.25020676230686));
#3844=CARTESIAN_POINT('Ctrl Pts',(46.7050113374251,-23.6335204127002,3.56804022131293));
#3845=CARTESIAN_POINT('Ctrl Pts',(49.4737533014113,-23.5092588804684,5.93222491802515));
#3846=CARTESIAN_POINT('Ctrl Pts',(48.4747640176484,-24.2711900905853,5.78763181071652));
#3847=CARTESIAN_POINT('Ctrl Pts',(47.2407659091988,-24.2330664279378,6.0618966086646));
#3848=CARTESIAN_POINT('',(49.4083671145183,-23.551052250099,5.90343548796428));
#3849=CARTESIAN_POINT('Ctrl Pts',(49.4085584145958,-23.5510169303059,5.90336087404925));
#3850=CARTESIAN_POINT('Ctrl Pts',(49.3403203753025,-23.0428206703561,4.25128284099469));
#3851=CARTESIAN_POINT('Ctrl Pts',(49.2537846988561,-22.5710244954094,2.5835538451268));
#3852=CARTESIAN_POINT('Ctrl Pts',(49.1518954887921,-22.1388071019886,0.903628420311854));
#3853=CARTESIAN_POINT('Ctrl Pts',(47.2105830780441,-24.199347713724,5.92140815470833));
#3854=CARTESIAN_POINT('Ctrl Pts',(47.5202599378282,-24.2190194229594,5.89802280816488));
#3855=CARTESIAN_POINT('Ctrl Pts',(47.8350415594373,-24.1965473384598,5.88371338318172));
#3856=CARTESIAN_POINT('Ctrl Pts',(48.5544512538618,-24.0384646297485,5.86902212323288));
#3857=CARTESIAN_POINT('Ctrl Pts',(48.9466416152465,-23.8707756585934,5.87466580606305));
#3858=CARTESIAN_POINT('Ctrl Pts',(49.3363695016294,-23.6037429920304,5.89825498700178));
#3859=CARTESIAN_POINT('Ctrl Pts',(49.3726892933466,-23.5777569189749,5.90065661478631));
#3860=CARTESIAN_POINT('Ctrl Pts',(49.4084712906646,-23.5510411736924,5.9032343837141));
#3861=CARTESIAN_POINT('Origin',(46.7999920973287,-19.5906168639531,9.98004741596879));
#3862=CARTESIAN_POINT('',(49.1453565653903,-22.1111263656241,10.9025698155746));
#3863=CARTESIAN_POINT('Ctrl Pts',(49.1453565653904,-22.1111263656241,10.9025698155746));
#3864=CARTESIAN_POINT('Ctrl Pts',(49.1872848595904,-22.2939249692662,10.2578341958575));
#3865=CARTESIAN_POINT('Ctrl Pts',(49.2262243557772,-22.477617569834,9.61487151285117));
#3866=CARTESIAN_POINT('Ctrl Pts',(49.2619706947679,-22.6619131773869,8.97358959850699));
#3867=CARTESIAN_POINT('Ctrl Pts',(49.2969072648565,-22.8420339000148,8.34683477046963));
#3868=CARTESIAN_POINT('Ctrl Pts',(49.3287931690179,-23.0227306908277,7.72168537725751));
#3869=CARTESIAN_POINT('Ctrl Pts',(49.3574378779441,-23.2036838383678,7.0980441538652));
#3870=CARTESIAN_POINT('Ctrl Pts',(49.3757557832802,-23.3194009376561,6.69923399582957));
#3871=CARTESIAN_POINT('Ctrl Pts',(49.3927482461756,-23.4352219012814,6.3010403685464));
#3872=CARTESIAN_POINT('Ctrl Pts',(49.4083671145183,-23.551052250099,5.90343548796427));
#3873=CARTESIAN_POINT('Origin',(46.6914951243748,-19.3747230755786,10.9036284203118));
#3874=CARTESIAN_POINT('Origin',(48.1919500668446,-25.8522481292241,4.68027306214526));
#3875=CARTESIAN_POINT('',(49.2699250206634,-22.6860780355384,5.91938720681081));
#3876=CARTESIAN_POINT('Ctrl Pts',(48.9077967943865,-21.2597502601481,0.903628420311843));
#3877=CARTESIAN_POINT('Ctrl Pts',(48.9550746890352,-21.406814839691,1.42702403672125));
#3878=CARTESIAN_POINT('Ctrl Pts',(48.9991772084999,-21.5552079184639,1.95216999292505));
#3879=CARTESIAN_POINT('Ctrl Pts',(49.129497571113,-22.0276907914832,3.6180195688291));
#3880=CARTESIAN_POINT('Ctrl Pts',(49.2051433498223,-22.3555293898738,4.76501167345502));
#3881=CARTESIAN_POINT('Ctrl Pts',(49.2699250206634,-22.6860780355385,5.9193872068108));
#3882=CARTESIAN_POINT('Ctrl Pts',(49.2699250206634,-22.6860780355385,5.91938720681083));
#3883=CARTESIAN_POINT('Ctrl Pts',(48.9995232304043,-22.5946958493064,5.91471197270214));
#3884=CARTESIAN_POINT('Ctrl Pts',(48.7181833655518,-22.5370673193903,5.90999648108039));
#3885=CARTESIAN_POINT('Ctrl Pts',(47.9800486453748,-22.4800995948903,5.89438679849344));
#3886=CARTESIAN_POINT('Ctrl Pts',(47.5263062228712,-22.5346620883749,5.88246686388869));
#3887=CARTESIAN_POINT('Ctrl Pts',(47.070578407095,-22.680780066205,5.85590077341658));
#3888=CARTESIAN_POINT('Ctrl Pts',(47.0463521907107,-22.6888386104577,5.85443784249217));
#3889=CARTESIAN_POINT('Ctrl Pts',(47.0223303908772,-22.6971133679593,5.8529338329976));
#3890=CARTESIAN_POINT('Origin',(30.7482857157928,-26.6456913728606,24.4522941070295));
#3891=CARTESIAN_POINT('',(48.9146136531639,-21.2739854822031,10.9036284203118));
#3892=CARTESIAN_POINT('Origin',(33.2915623421361,-25.9865110858868,10.9036284203118));
#3893=CARTESIAN_POINT('Ctrl Pts',(48.9146136531639,-21.2739854822031,10.9036284203118));
#3894=CARTESIAN_POINT('Ctrl Pts',(48.9261160850359,-21.3116240137848,10.7610362694746));
#3895=CARTESIAN_POINT('Ctrl Pts',(48.9375464907601,-21.3495146426298,10.6181876243055));
#3896=CARTESIAN_POINT('Ctrl Pts',(48.9903327354786,-21.5269092097582,9.95260792420323));
#3897=CARTESIAN_POINT('Ctrl Pts',(49.0317747906408,-21.6733206775957,9.41230600173807));
#3898=CARTESIAN_POINT('Ctrl Pts',(49.1267944900777,-22.0316152716345,8.11874577749527));
#3899=CARTESIAN_POINT('Ctrl Pts',(49.1817164610644,-22.2583067502726,7.32324483253102));
#3900=CARTESIAN_POINT('Ctrl Pts',(49.2445304357501,-22.557414173218,6.3342115450921));
#3901=CARTESIAN_POINT('Ctrl Pts',(49.2574681427171,-22.6215482520997,6.12553849038866));
#3902=CARTESIAN_POINT('Ctrl Pts',(49.2699250206634,-22.6860780355385,5.91938720681082));
#3903=CARTESIAN_POINT('Origin',(21.111561471846,-24.1378827494114,9.15020333624061));
#3904=CARTESIAN_POINT('Ctrl Pts',(48.9146136531639,-21.2739854822031,10.9036284203118));
#3905=CARTESIAN_POINT('Ctrl Pts',(48.7154583626251,-21.2308578603876,10.9036284203118));
#3906=CARTESIAN_POINT('Ctrl Pts',(48.5145390725546,-21.206081131182,10.9036284203118));
#3907=CARTESIAN_POINT('Ctrl Pts',(47.8896130207302,-21.1781141389403,10.9036284203118));
#3908=CARTESIAN_POINT('Ctrl Pts',(47.3700084133442,-21.2595580851537,10.9036284203118));
#3909=CARTESIAN_POINT('Ctrl Pts',(46.8444078469604,-21.4565014970484,10.9036284203118));
#3910=CARTESIAN_POINT('Ctrl Pts',(46.7257457645409,-21.5081508509234,10.9036284203118));
#3911=CARTESIAN_POINT('Ctrl Pts',(46.6081789777421,-21.5678862478623,10.9036284203118));
#3912=CARTESIAN_POINT('Origin',(-5488.84952508152,-4009.75860994659,6.023516854706));
#3913=CARTESIAN_POINT('',(45.262923622846,-19.0400493613279,5.92944850596671));
#3914=CARTESIAN_POINT('Ctrl Pts',(45.2629236228458,-19.0400493613279,5.92944850596672));
#3915=CARTESIAN_POINT('Ctrl Pts',(45.1782128738253,-18.9231411806258,5.30003693503526));
#3916=CARTESIAN_POINT('Ctrl Pts',(45.0936071864051,-18.8064723720249,4.67949929884999));
#3917=CARTESIAN_POINT('Ctrl Pts',(44.8668609570054,-18.4940259803583,3.03579356494353));
#3918=CARTESIAN_POINT('Ctrl Pts',(44.7181408241197,-18.28934334243,1.97848543015802));
#3919=CARTESIAN_POINT('Ctrl Pts',(44.5638862557336,-18.0773068012643,0.903628420935256));
#3920=CARTESIAN_POINT('',(44.5712269433548,-18.082509289596,10.9036284203118));
#3921=CARTESIAN_POINT('Ctrl Pts',(44.5712269433553,-18.0825092895956,10.9036284203118));
#3922=CARTESIAN_POINT('Ctrl Pts',(44.7866002902971,-18.3796167098714,9.24331388185966));
#3923=CARTESIAN_POINT('Ctrl Pts',(45.0170517202601,-18.698629376124,7.58198805827336));
#3924=CARTESIAN_POINT('Ctrl Pts',(45.262923622846,-19.0400493613279,5.92944850596672));
#3925=CARTESIAN_POINT('',(45.3254717323288,-19.1261754740534,10.9036284203118));
#3926=CARTESIAN_POINT('Origin',(-5470.33762285609,-4035.41474187708,10.9036284203123));
#3927=CARTESIAN_POINT('',(46.0208281926878,-20.0894699923846,5.90265217778173));
#3928=CARTESIAN_POINT('Ctrl Pts',(46.0208281926881,-20.0894699923844,5.90265217778172));
#3929=CARTESIAN_POINT('Ctrl Pts',(45.789712881259,-19.7682657672613,7.5310295412075));
#3930=CARTESIAN_POINT('Ctrl Pts',(45.5574861122248,-19.4465138363454,9.20145602783103));
#3931=CARTESIAN_POINT('Ctrl Pts',(45.3254717323293,-19.126175474053,10.9036284203118));
#3932=CARTESIAN_POINT('Ctrl Pts',(45.3226745555401,-19.1284788979022,0.903628420311898));
#3933=CARTESIAN_POINT('Ctrl Pts',(45.4194013451296,-19.2613100576853,1.61095214332746));
#3934=CARTESIAN_POINT('Ctrl Pts',(45.5159918987534,-19.3940891615178,2.31118233272268));
#3935=CARTESIAN_POINT('Ctrl Pts',(45.7468487582879,-19.7117418186959,3.97025489056764));
#3936=CARTESIAN_POINT('Ctrl Pts',(45.8830802173423,-19.8994401126267,4.93745972253541));
#3937=CARTESIAN_POINT('Ctrl Pts',(46.0208281926875,-20.0894699923847,5.90265217778172));
#3938=CARTESIAN_POINT('Origin',(45.1812884092674,-17.3880225137109,3.15265797856265));
#3939=CARTESIAN_POINT('',(48.5454226103371,-20.2687703345777,5.94120508592758));
#3940=CARTESIAN_POINT('Ctrl Pts',(48.5454226103366,-20.2687703345776,5.94120508592766));
#3941=CARTESIAN_POINT('Ctrl Pts',(48.5177813552494,-20.2045122534642,5.70275406000959));
#3942=CARTESIAN_POINT('Ctrl Pts',(48.4900979917711,-20.1412062330907,5.4673428615887));
#3943=CARTESIAN_POINT('Ctrl Pts',(48.2996412300033,-19.7126712327494,3.86959840437628));
#3944=CARTESIAN_POINT('Ctrl Pts',(48.1107565026359,-19.3239387667008,2.39985518027978));
#3945=CARTESIAN_POINT('Ctrl Pts',(47.901274312086,-18.9465558321861,0.903628420311848));
#3946=CARTESIAN_POINT('Ctrl Pts',(46.5816656263553,-21.4978914352732,5.95331981688662));
#3947=CARTESIAN_POINT('Ctrl Pts',(46.8838871167617,-21.4212247938028,5.91446479213051));
#3948=CARTESIAN_POINT('Ctrl Pts',(47.1779587729271,-21.3066265079945,5.89177665232626));
#3949=CARTESIAN_POINT('Ctrl Pts',(47.8648950791111,-20.9342120140581,5.87119861790129));
#3950=CARTESIAN_POINT('Ctrl Pts',(48.2302907252799,-20.6383397480637,5.89015989331545));
#3951=CARTESIAN_POINT('Ctrl Pts',(48.5309712721137,-20.2858158529705,5.93883400554489));
#3952=CARTESIAN_POINT('Ctrl Pts',(48.5358064390146,-20.2801470064578,5.93961672148332));
#3953=CARTESIAN_POINT('Ctrl Pts',(48.5406235691452,-20.2744651341912,5.94040708212088));
#3954=CARTESIAN_POINT('Ctrl Pts',(48.5454226103368,-20.2687703345775,5.94120508592791));
#3955=CARTESIAN_POINT('Ctrl Pts',(49.1257801934848,-19.4433334359438,5.92738963034891));
#3956=CARTESIAN_POINT('Ctrl Pts',(48.3012542481897,-21.020995670872,5.88572980755207));
#3957=CARTESIAN_POINT('Ctrl Pts',(46.5957498018019,-21.5287295093038,5.82203023548259));
#3958=CARTESIAN_POINT('Ctrl Pts',(48.4682213924651,-19.1660691741754,8.44168110060757));
#3959=CARTESIAN_POINT('Ctrl Pts',(47.7694364344103,-20.5031364246961,8.40637444022682));
#3960=CARTESIAN_POINT('Ctrl Pts',(46.3240230307065,-20.9334403720928,8.35238911320264));
#3961=CARTESIAN_POINT('Ctrl Pts',(47.8734035580851,-18.9220967597298,10.9749773426529));
#3962=CARTESIAN_POINT('Ctrl Pts',(47.2863666392847,-20.0453433750543,10.9453168399702));
#3963=CARTESIAN_POINT('Ctrl Pts',(46.0721003315708,-20.406834131997,10.8999647188757));
#3964=CARTESIAN_POINT('',(47.8901696125823,-18.928975078315,10.9036284203118));
#3965=CARTESIAN_POINT('Ctrl Pts',(47.8901696125823,-18.928975078315,10.9036284203118));
#3966=CARTESIAN_POINT('Ctrl Pts',(48.1137310636924,-19.325925658565,9.38786749048807));
#3967=CARTESIAN_POINT('Ctrl Pts',(48.3428071420509,-19.7763078253467,7.68062074499382));
#3968=CARTESIAN_POINT('Ctrl Pts',(48.5452151814865,-20.2682660883644,5.94298603527021));
#3969=CARTESIAN_POINT('Ctrl Pts',(48.5453188996429,-20.2685182066245,5.94209556338718));
#3970=CARTESIAN_POINT('Ctrl Pts',(48.5454226103367,-20.2687703345778,5.94120508592755));
#3971=CARTESIAN_POINT('Ctrl Pts',(46.1697938279134,-20.3759224685273,10.9036284203118));
#3972=CARTESIAN_POINT('Ctrl Pts',(46.4536379875351,-20.2832967970664,10.9036284203118));
#3973=CARTESIAN_POINT('Ctrl Pts',(46.7400896433545,-20.1365334403376,10.9036284203118));
#3974=CARTESIAN_POINT('Ctrl Pts',(47.2726745084288,-19.7608478430424,10.9036284203118));
#3975=CARTESIAN_POINT('Ctrl Pts',(47.5798371650884,-19.437265704662,10.9036284203119));
#3976=CARTESIAN_POINT('Ctrl Pts',(47.8166162792974,-19.0614050542934,10.9036284203119));
#3977=CARTESIAN_POINT('Ctrl Pts',(47.8543387242738,-18.9965567876263,10.9036284203118));
#3978=CARTESIAN_POINT('Ctrl Pts',(47.8901696125822,-18.928975078315,10.9036284203118));
#3979=CARTESIAN_POINT('Origin',(47.9141764544132,-22.4710929770303,3.23582168062304));
#3980=CARTESIAN_POINT('',(48.1731988367746,-19.4607899828091,5.90166466656522));
#3981=CARTESIAN_POINT('Ctrl Pts',(48.1731988367746,-19.4607899828091,5.90166466656522));
#3982=CARTESIAN_POINT('Ctrl Pts',(47.8802284371414,-19.446022998573,5.90329951327215));
#3983=CARTESIAN_POINT('Ctrl Pts',(47.5631294855811,-19.473416491855,5.90436256571127));
#3984=CARTESIAN_POINT('Ctrl Pts',(46.9466986080003,-19.6040766332395,5.90537105529886));
#3985=CARTESIAN_POINT('Ctrl Pts',(46.5508373826085,-19.7597715471758,5.90504466928158));
#3986=CARTESIAN_POINT('Ctrl Pts',(46.171121011223,-19.9871348657939,5.90348325968834));
#3987=CARTESIAN_POINT('Ctrl Pts',(46.0954987307687,-20.03638842498,5.90310616159912));
#3988=CARTESIAN_POINT('Ctrl Pts',(46.0208281926878,-20.0894699923846,5.90265217778174));
#3989=CARTESIAN_POINT('Ctrl Pts',(47.4421976133617,-18.1894571599037,0.903628420311842));
#3990=CARTESIAN_POINT('Ctrl Pts',(47.7111004363208,-18.5960850654018,2.55615037120464));
#3991=CARTESIAN_POINT('Ctrl Pts',(47.9526235984849,-19.0230055730954,4.2229932979793));
#3992=CARTESIAN_POINT('Ctrl Pts',(48.1731988367746,-19.4607899828091,5.90166466656522));
#3993=CARTESIAN_POINT('Origin',(31.7169517186779,-28.0892795323017,23.2503448873369));
#3994=CARTESIAN_POINT('',(47.4445711738717,-18.188628790135,10.9036284203118));
#3995=CARTESIAN_POINT('Ctrl Pts',(47.4445711738717,-18.188628790135,10.9036284203118));
#3996=CARTESIAN_POINT('Ctrl Pts',(47.7101110478667,-18.6024177329891,9.22338109668982));
#3997=CARTESIAN_POINT('Ctrl Pts',(47.9576542430659,-19.0298745280802,7.55329987720843));
#3998=CARTESIAN_POINT('Ctrl Pts',(48.1731988367746,-19.4607899828091,5.90166466656522));
#3999=CARTESIAN_POINT('Origin',(33.6716362743894,-26.9539116964795,10.9036284203118));
#4000=CARTESIAN_POINT('Origin',(48.1314471955826,-23.4874155925391,3.91953831623513));
#4001=CARTESIAN_POINT('Origin',(47.8161415773533,-21.9741821166774,10.9036284203118));
#4002=CARTESIAN_POINT('Origin',(42.9973379188971,-15.5850521901751,4.04147234045785));
#4003=CARTESIAN_POINT('',(46.8241273440754,-17.3299895543273,5.93398797729903));
#4004=CARTESIAN_POINT('Ctrl Pts',(46.8241273440753,-17.3299895543274,5.93398797729903));
#4005=CARTESIAN_POINT('Ctrl Pts',(46.5219875313471,-16.9493000730898,4.28809485660901));
#4006=CARTESIAN_POINT('Ctrl Pts',(46.1915080597445,-16.5773094350049,2.59893019890229));
#4007=CARTESIAN_POINT('Ctrl Pts',(45.8465006643207,-16.2307844120293,0.903628420099435));
#4008=CARTESIAN_POINT('Ctrl Pts',(45.262923622846,-19.0400493613279,5.92944850596684));
#4009=CARTESIAN_POINT('Ctrl Pts',(45.6514707847047,-18.825266305842,5.90794482251571));
#4010=CARTESIAN_POINT('Ctrl Pts',(46.0011038341896,-18.539160141374,5.90022125535159));
#4011=CARTESIAN_POINT('Ctrl Pts',(46.5076028630317,-17.9325123619088,5.90732620051347));
#4012=CARTESIAN_POINT('Ctrl Pts',(46.6875742729242,-17.6422716747054,5.91709240698344));
#4013=CARTESIAN_POINT('Ctrl Pts',(46.8241273440754,-17.3299895543273,5.93398797729909));
#4014=CARTESIAN_POINT('Origin',(41.1021013444571,-14.6611028790807,22.0957974105139));
#4015=CARTESIAN_POINT('',(45.8440329562992,-16.2290688530951,10.9036284203118));
#4016=CARTESIAN_POINT('Ctrl Pts',(44.5712269433548,-18.082509289596,10.9036284203118));
#4017=CARTESIAN_POINT('Ctrl Pts',(44.6636664362571,-18.0172933790204,10.9036284203118));
#4018=CARTESIAN_POINT('Ctrl Pts',(44.7507346305336,-17.9485363334947,10.9036284203118));
#4019=CARTESIAN_POINT('Ctrl Pts',(45.1400492683769,-17.6098780381233,10.9036284203118));
#4020=CARTESIAN_POINT('Ctrl Pts',(45.4393040311034,-17.219133503868,10.9036284203118));
#4021=CARTESIAN_POINT('Ctrl Pts',(45.6181951695461,-16.8500583014009,10.9036284203118));
#4022=CARTESIAN_POINT('Ctrl Pts',(45.7089223101692,-16.6628766551426,10.9036284203118));
#4023=CARTESIAN_POINT('Ctrl Pts',(45.788754975522,-16.4489240228533,10.9036284203118));
#4024=CARTESIAN_POINT('Ctrl Pts',(45.8440329562992,-16.2290688530951,10.9036284203118));
#4025=CARTESIAN_POINT('Ctrl Pts',(45.8440329562992,-16.2290688530951,10.9036284203119));
#4026=CARTESIAN_POINT('Ctrl Pts',(45.9489682790508,-16.3344513060294,10.3663807885577));
#4027=CARTESIAN_POINT('Ctrl Pts',(46.0544759620096,-16.4439580796465,9.83029499320057));
#4028=CARTESIAN_POINT('Ctrl Pts',(46.1601020331117,-16.5576125776539,9.29533150727761));
#4029=CARTESIAN_POINT('Ctrl Pts',(46.3814985483847,-16.7958370002933,8.17402641331831));
#4030=CARTESIAN_POINT('Ctrl Pts',(46.6048702288779,-17.0539846651054,7.05025969824613));
#4031=CARTESIAN_POINT('Ctrl Pts',(46.8241273440754,-17.3299895543275,5.93398797729906));
#4032=CARTESIAN_POINT('Origin',(36.5176865423025,-25.5149890286426,8.12362899489011));
#4033=CARTESIAN_POINT('',(46.2488993156502,-16.654766297285,5.90647122903708));
#4034=CARTESIAN_POINT('Ctrl Pts',(46.2494945677347,-16.6544421555717,5.90646920211445));
#4035=CARTESIAN_POINT('Ctrl Pts',(45.9233487310216,-16.2960708734917,4.24420556118795));
#4036=CARTESIAN_POINT('Ctrl Pts',(45.5719810429651,-15.9503759689777,2.57448216299534));
#4037=CARTESIAN_POINT('Ctrl Pts',(45.2024005232458,-15.6263322803903,0.903628420311839));
#4038=CARTESIAN_POINT('',(45.2012707228082,-15.621927403646,10.9021223044553));
#4039=CARTESIAN_POINT('Ctrl Pts',(45.2013283657065,-15.6218784906515,10.9020753121375));
#4040=CARTESIAN_POINT('Ctrl Pts',(45.3672376774289,-15.7707387021966,10.1494218489481));
#4041=CARTESIAN_POINT('Ctrl Pts',(45.5294414327842,-15.9228853383093,9.39736156690188));
#4042=CARTESIAN_POINT('Ctrl Pts',(45.6878595334651,-16.0778453571651,8.64581830476564));
#4043=CARTESIAN_POINT('Ctrl Pts',(45.8473928423098,-16.2338962404949,7.88898444024435));
#4044=CARTESIAN_POINT('Ctrl Pts',(46.0030871364919,-16.3927999182653,7.13267485622547));
#4045=CARTESIAN_POINT('Ctrl Pts',(46.1549113452797,-16.5540865571107,6.3768177105685));
#4046=CARTESIAN_POINT('Ctrl Pts',(46.1864070535234,-16.5875452325172,6.22001626023601));
#4047=CARTESIAN_POINT('Ctrl Pts',(46.2177363820276,-16.6211065136207,6.06323430207659));
#4048=CARTESIAN_POINT('Ctrl Pts',(46.2488993156501,-16.6547662972849,5.90647122903709));
#4049=CARTESIAN_POINT('Origin',(36.4950454682164,-25.5346276826844,10.9036284203118));
#4050=CARTESIAN_POINT('Origin',(46.4851368198908,-19.003154569814,0.0502869498655012));
#4051=CARTESIAN_POINT('',(44.3429095450249,-17.837824911701,5.90360751217168));
#4052=CARTESIAN_POINT('Ctrl Pts',(44.3453635886205,-17.8397792435217,5.90082636842598));
#4053=CARTESIAN_POINT('Ctrl Pts',(44.156372527369,-17.6899302756311,4.90976535334386));
#4054=CARTESIAN_POINT('Ctrl Pts',(43.9696852440697,-17.5420974086748,3.91674601268294));
#4055=CARTESIAN_POINT('Ctrl Pts',(43.6620270543634,-17.2987944064914,2.25829996274312));
#4056=CARTESIAN_POINT('Ctrl Pts',(43.5381369285043,-17.2009076658437,1.58445727529985));
#4057=CARTESIAN_POINT('Ctrl Pts',(43.4140873490699,-17.1029893358036,0.903628420311852));
#4058=CARTESIAN_POINT('Ctrl Pts',(46.2491784254568,-16.6546110073118,5.90684192242342));
#4059=CARTESIAN_POINT('Ctrl Pts',(46.2106868019066,-16.6631143440445,5.90588271146679));
#4060=CARTESIAN_POINT('Ctrl Pts',(46.1723357549212,-16.6722931442973,5.90497289009637));
#4061=CARTESIAN_POINT('Ctrl Pts',(45.7065883897478,-16.792434865082,5.89445140958629));
#4062=CARTESIAN_POINT('Ctrl Pts',(45.3079886712168,-16.9847271037006,5.89047571008264));
#4063=CARTESIAN_POINT('Ctrl Pts',(44.7282837189404,-17.4181549732725,5.8913772939422));
#4064=CARTESIAN_POINT('Ctrl Pts',(44.5224630010221,-17.6180353344632,5.89378773928314));
#4065=CARTESIAN_POINT('Ctrl Pts',(44.3448253303123,-17.8396901988155,5.8988764080278));
#4066=CARTESIAN_POINT('Origin',(50.6819353336046,-27.750195876794,-42.4167128830958));
#4067=CARTESIAN_POINT('',(43.4078395326207,-17.0933994941023,10.902513517074));
#4068=CARTESIAN_POINT('Ctrl Pts',(43.4078341913718,-17.0933959622514,10.9025124023924));
#4069=CARTESIAN_POINT('Ctrl Pts',(43.7215018277375,-17.3423131671665,9.23173328792397));
#4070=CARTESIAN_POINT('Ctrl Pts',(44.0331913946857,-17.5904590365475,7.56543151768361));
#4071=CARTESIAN_POINT('Ctrl Pts',(44.3429095450261,-17.8378249117,5.90360751217168));
#4072=CARTESIAN_POINT('Ctrl Pts',(45.2001447618165,-15.6219007386649,10.9036284203118));
#4073=CARTESIAN_POINT('Ctrl Pts',(45.1164515744046,-15.654685429525,10.9036284203118));
#4074=CARTESIAN_POINT('Ctrl Pts',(45.0355957562266,-15.6898896324906,10.9036284203118));
#4075=CARTESIAN_POINT('Ctrl Pts',(44.7438001157137,-15.8287875419298,10.9036284203118));
#4076=CARTESIAN_POINT('Ctrl Pts',(44.5198679587442,-15.9623681043161,10.9036284203118));
#4077=CARTESIAN_POINT('Ctrl Pts',(44.1065497939511,-16.2752014194562,10.9036284203118));
#4078=CARTESIAN_POINT('Ctrl Pts',(43.9171579765003,-16.4544464964048,10.9036284203118));
#4079=CARTESIAN_POINT('Ctrl Pts',(43.6392005092588,-16.7713479051932,10.9036284203118));
#4080=CARTESIAN_POINT('Ctrl Pts',(43.5200206663485,-16.9285589874645,10.9036284203118));
#4081=CARTESIAN_POINT('Ctrl Pts',(43.4131818436485,-17.0969320483283,10.9036284203118));
#4082=CARTESIAN_POINT('Origin',(-4204.85971415444,-5347.79576710517,6.02411772336109));
#4083=CARTESIAN_POINT('',(43.3274582837645,-17.0298046193081,5.90040009493848));
#4084=CARTESIAN_POINT('Ctrl Pts',(43.3274582837647,-17.029804619308,5.90040009493847));
#4085=CARTESIAN_POINT('Ctrl Pts',(43.2101514874402,-16.9367597484459,5.24884768183364));
#4086=CARTESIAN_POINT('Ctrl Pts',(43.0930290294695,-16.8439370179009,4.60645394832078));
#4087=CARTESIAN_POINT('Ctrl Pts',(42.7915537515537,-16.6051876043575,2.97169701947771));
#4088=CARTESIAN_POINT('Ctrl Pts',(42.5990103010846,-16.452880186378,1.94606338607646));
#4089=CARTESIAN_POINT('Ctrl Pts',(42.3996524211152,-16.2953684959027,0.903628420890017));
#4090=CARTESIAN_POINT('',(42.3999518694123,-16.2918999306786,10.9036284203118));
#4091=CARTESIAN_POINT('Ctrl Pts',(42.3999518694125,-16.2918999306783,10.9036284203118));
#4092=CARTESIAN_POINT('Ctrl Pts',(42.7095560726377,-16.5374387390314,9.28486070120544));
#4093=CARTESIAN_POINT('Ctrl Pts',(43.0205666078008,-16.784832994054,7.61109014489302));
#4094=CARTESIAN_POINT('Ctrl Pts',(43.3274582837647,-17.0298046193079,5.90040009493848));
#4095=CARTESIAN_POINT('Origin',(-4180.21332413332,-5367.42554913633,10.9036284203125));
#4096=CARTESIAN_POINT('Origin',(-3168.46690224536,-7611.73151964445,6.60474117525751));
#4097=CARTESIAN_POINT('',(40.9289718200151,-15.6220751304695,5.94443758052794));
#4098=CARTESIAN_POINT('Ctrl Pts',(40.9289718200137,-15.6220751304684,5.94443758052832));
#4099=CARTESIAN_POINT('Ctrl Pts',(40.8462378576791,-15.587358432929,5.54611049912644));
#4100=CARTESIAN_POINT('Ctrl Pts',(40.7628404060296,-15.5523821619739,5.14984843692242));
#4101=CARTESIAN_POINT('Ctrl Pts',(40.6799488346309,-15.5176359656039,4.75982491012663));
#4102=CARTESIAN_POINT('Ctrl Pts',(40.4112140147073,-15.4049886521683,3.49536701084087));
#4103=CARTESIAN_POINT('Ctrl Pts',(40.1383130047882,-15.2907708285526,2.24931089740769));
#4104=CARTESIAN_POINT('Ctrl Pts',(39.8399015586761,-15.1661029538405,0.90362842102244));
#4105=CARTESIAN_POINT('',(39.8377075002929,-15.1614263998021,10.9036284206831));
#4106=CARTESIAN_POINT('Ctrl Pts',(39.8377075008026,-15.1614263995913,10.9036284207725));
#4107=CARTESIAN_POINT('Ctrl Pts',(40.0826566641938,-15.2644483247326,9.75052901048942));
#4108=CARTESIAN_POINT('Ctrl Pts',(40.3342012676235,-15.3705123919046,8.59318711931705));
#4109=CARTESIAN_POINT('Ctrl Pts',(40.7062447501902,-15.5277818549967,6.92616409204334));
#4110=CARTESIAN_POINT('Ctrl Pts',(40.8171552954978,-15.5747134514421,6.43457537423427));
#4111=CARTESIAN_POINT('Ctrl Pts',(40.9289718200144,-15.6220751304689,5.94443758052772));
#4112=CARTESIAN_POINT('',(41.0268536886879,-15.6625391197303,10.9036284203118));
#4113=CARTESIAN_POINT('Origin',(-3137.43775100732,-7624.83148405521,10.9036284203128));
#4114=CARTESIAN_POINT('',(42.1246951482553,-16.126334892733,5.89884160086411));
#4115=CARTESIAN_POINT('Ctrl Pts',(42.1246951482554,-16.1263348927328,5.89884160086411));
#4116=CARTESIAN_POINT('Ctrl Pts',(41.7699797885112,-15.9759383352546,7.51708216812454));
#4117=CARTESIAN_POINT('Ctrl Pts',(41.4053841081698,-15.821875384907,9.1822894032593));
#4118=CARTESIAN_POINT('Ctrl Pts',(41.0268536886882,-15.6625391197294,10.9036284203119));
#4119=CARTESIAN_POINT('Ctrl Pts',(41.0297386437227,-15.6681455980303,0.903628420311832));
#4120=CARTESIAN_POINT('Ctrl Pts',(41.1775591362356,-15.7298397863535,1.59366133040179));
#4121=CARTESIAN_POINT('Ctrl Pts',(41.3252216791997,-15.7915368685992,2.27655705079611));
#4122=CARTESIAN_POINT('Ctrl Pts',(41.6869727506447,-15.9428433910881,3.93414407247546));
#4123=CARTESIAN_POINT('Ctrl Pts',(41.9044732475926,-16.033952267676,4.91743593429817));
#4124=CARTESIAN_POINT('Ctrl Pts',(42.1246951482553,-16.1263348927328,5.89884160086411));
#4125=CARTESIAN_POINT('Origin',(39.96390219754,-14.2417362193946,2.99598259330901));
#4126=CARTESIAN_POINT('',(44.3672101681042,-14.960739893214,5.90515579254332));
#4127=CARTESIAN_POINT('Ctrl Pts',(44.3672101681042,-14.960739893214,5.90515579254332));
#4128=CARTESIAN_POINT('Ctrl Pts',(43.9758455229316,-14.6777014751022,4.26651014466769));
#4129=CARTESIAN_POINT('Ctrl Pts',(43.5605906375317,-14.41104293281,2.58775042736832));
#4130=CARTESIAN_POINT('Ctrl Pts',(43.1384589658231,-14.1723575379361,0.903628420311841));
#4131=CARTESIAN_POINT('Ctrl Pts',(43.3274582837645,-17.0298046193081,5.90040009493848));
#4132=CARTESIAN_POINT('Ctrl Pts',(43.5610320831571,-16.8045691096684,5.90155939246567));
#4133=CARTESIAN_POINT('Ctrl Pts',(43.7783556941665,-16.523080792928,5.90250861456227));
#4134=CARTESIAN_POINT('Ctrl Pts',(44.0590923632866,-16.0361016100691,5.90372574974504));
#4135=CARTESIAN_POINT('Ctrl Pts',(44.1800181973106,-15.7543678320591,5.90424379094181));
#4136=CARTESIAN_POINT('Ctrl Pts',(44.3018780425815,-15.3420413259804,5.9048034019693));
#4137=CARTESIAN_POINT('Ctrl Pts',(44.343607126205,-15.1482842642788,5.90501061993058));
#4138=CARTESIAN_POINT('Ctrl Pts',(44.3672101681042,-14.960739893214,5.90515579254332));
#4139=CARTESIAN_POINT('Origin',(39.5303912850837,-14.1137790924728,10.4887782249428));
#4140=CARTESIAN_POINT('',(43.1360861882318,-14.1716916091692,10.9036284203118));
#4141=CARTESIAN_POINT('Origin',(39.4193490418745,-14.0810573986398,10.9036284203118));
#4142=CARTESIAN_POINT('Ctrl Pts',(43.1360861881233,-14.1716916121711,10.9036284207111));
#4143=CARTESIAN_POINT('Ctrl Pts',(43.5590511594139,-14.4108126572831,9.22051326652773));
#4144=CARTESIAN_POINT('Ctrl Pts',(43.9750008611263,-14.6774413627951,7.54330319429261));
#4145=CARTESIAN_POINT('Ctrl Pts',(44.3672101681042,-14.960739893214,5.90515579254332));
#4146=CARTESIAN_POINT('Origin',(44.9495732463355,-17.1422355751037,2.98207825610068));
#4147=CARTESIAN_POINT('',(43.6385329191015,-14.4711272968042,5.90658674582085));
#4148=CARTESIAN_POINT('Ctrl Pts',(42.3535806102441,-13.7631261809134,0.903628420311848));
#4149=CARTESIAN_POINT('Ctrl Pts',(42.7904211280204,-13.9724250436799,2.55036539804981));
#4150=CARTESIAN_POINT('Ctrl Pts',(43.2234598970675,-14.2104765010359,4.22431076461269));
#4151=CARTESIAN_POINT('Ctrl Pts',(43.6390481744366,-14.4706266807141,5.90658465985578));
#4152=CARTESIAN_POINT('Ctrl Pts',(43.6387736887562,-14.4708891363899,5.90697886206272));
#4153=CARTESIAN_POINT('Ctrl Pts',(43.6037550108792,-14.4895849585787,5.90600264117636));
#4154=CARTESIAN_POINT('Ctrl Pts',(43.5689889301755,-14.5089395955121,5.9050750620375));
#4155=CARTESIAN_POINT('Ctrl Pts',(43.1610851462823,-14.7456191711478,5.89465878122844));
#4156=CARTESIAN_POINT('Ctrl Pts',(42.8270909845812,-15.0352957944519,5.890417731756));
#4157=CARTESIAN_POINT('Ctrl Pts',(42.3826638219211,-15.6132965337167,5.89129547300945));
#4158=CARTESIAN_POINT('Ctrl Pts',(42.2374509650767,-15.8610708862385,5.89364549451038));
#4159=CARTESIAN_POINT('Ctrl Pts',(42.1246951482553,-16.126334892733,5.89884160086408));
#4160=CARTESIAN_POINT('Origin',(36.6605814343896,-25.6242224807295,8.11722798191329));
#4161=CARTESIAN_POINT('',(42.3510857069616,-13.7591999174985,10.9021258439813));
#4162=CARTESIAN_POINT('Ctrl Pts',(42.3511333189002,-13.7591293702683,10.9020732033623));
#4163=CARTESIAN_POINT('Ctrl Pts',(42.5512920350797,-13.8578217106651,10.1484318326018));
#4164=CARTESIAN_POINT('Ctrl Pts',(42.7485710254316,-13.9605857540549,9.39616881665017));
#4165=CARTESIAN_POINT('Ctrl Pts',(42.9427757556715,-14.0669779551627,8.64520929995427));
#4166=CARTESIAN_POINT('Ctrl Pts',(43.1384915113266,-14.1741979492889,7.88840688275782));
#4167=CARTESIAN_POINT('Ctrl Pts',(43.3310850331037,-14.2851024250109,7.1329282868564));
#4168=CARTESIAN_POINT('Ctrl Pts',(43.5204096712773,-14.3992390195729,6.37870304846268));
#4169=CARTESIAN_POINT('Ctrl Pts',(43.5599266730881,-14.4230623109178,6.22127652226487));
#4170=CARTESIAN_POINT('Ctrl Pts',(43.5993014398095,-14.4470264309011,6.06390462300464));
#4171=CARTESIAN_POINT('Ctrl Pts',(43.6385329191016,-14.4711272968043,5.90658674582082));
#4172=CARTESIAN_POINT('Origin',(36.6475790715765,-25.6431578493189,10.9036284203118));
#4173=CARTESIAN_POINT('Origin',(50.9440980359636,-24.0218929191381,-43.2734233478475));
#4174=CARTESIAN_POINT('Ctrl Pts',(42.3499934609387,-13.7594744171975,10.9036284203118));
#4175=CARTESIAN_POINT('Ctrl Pts',(42.2794194802283,-13.8127678567441,10.9036284203118));
#4176=CARTESIAN_POINT('Ctrl Pts',(42.2121369546557,-13.867558829143,10.9036284203118));
#4177=CARTESIAN_POINT('Ctrl Pts',(41.9692930575101,-14.0790497302053,10.9036284203118));
#4178=CARTESIAN_POINT('Ctrl Pts',(41.7893696889049,-14.2680744591187,10.9036284203118));
#4179=CARTESIAN_POINT('Ctrl Pts',(41.4751041477639,-14.6808491459165,10.9036284203118));
#4180=CARTESIAN_POINT('Ctrl Pts',(41.3407544343165,-14.9045933624819,10.9036284203118));
#4181=CARTESIAN_POINT('Ctrl Pts',(41.1576396280532,-15.2857327001878,10.9036284203118));
#4182=CARTESIAN_POINT('Ctrl Pts',(41.0847032672071,-15.4704064793806,10.9036284203118));
#4183=CARTESIAN_POINT('Ctrl Pts',(41.0268536886879,-15.6625391197303,10.9036284203118));
#4184=CARTESIAN_POINT('Origin',(-1002.09788541962,-8190.13056024656,6.60493770800445));
#4185=CARTESIAN_POINT('',(38.2347951852119,-14.9116862374661,5.90694048307017));
#4186=CARTESIAN_POINT('Ctrl Pts',(38.234795185212,-14.9116862374659,5.90694048307017));
#4187=CARTESIAN_POINT('Ctrl Pts',(37.8485082890105,-14.863458253563,4.27086755694537));
#4188=CARTESIAN_POINT('Ctrl Pts',(37.4575257500325,-14.8149796987004,2.59456222957166));
#4189=CARTESIAN_POINT('Ctrl Pts',(37.0708942931582,-14.7674175612795,0.903628420311849));
#4190=CARTESIAN_POINT('',(37.0727665811346,-14.7641747097481,10.9036284203118));
#4191=CARTESIAN_POINT('Ctrl Pts',(37.0727665811348,-14.764174709747,10.9036284203119));
#4192=CARTESIAN_POINT('Ctrl Pts',(37.3132354943537,-14.794373020765,9.82724664324756));
#4193=CARTESIAN_POINT('Ctrl Pts',(37.5575363438979,-14.8252723471817,8.76282301593569));
#4194=CARTESIAN_POINT('Ctrl Pts',(37.9475212863319,-14.8749170175522,7.10377411206194));
#4195=CARTESIAN_POINT('Ctrl Pts',(38.091425525573,-14.8933044768059,6.50025591601981));
#4196=CARTESIAN_POINT('Ctrl Pts',(38.234795185212,-14.9116862374657,5.9069404830702));
#4197=CARTESIAN_POINT('',(38.3472036934969,-14.9251464837155,10.9036284203118));
#4198=CARTESIAN_POINT('Origin',(-967.096022208669,-8194.5764854297,10.9036284203128));
#4199=CARTESIAN_POINT('',(39.5253975555672,-15.0750326807525,5.90228509430274));
#4200=CARTESIAN_POINT('Ctrl Pts',(39.5253975555673,-15.0750326807522,5.90228509430274));
#4201=CARTESIAN_POINT('Ctrl Pts',(39.132947418249,-15.0246047423668,7.53137060915709));
#4202=CARTESIAN_POINT('Ctrl Pts',(38.7394769392226,-14.9745282031142,9.20184449108097));
#4203=CARTESIAN_POINT('Ctrl Pts',(38.347203693497,-14.9251464837143,10.9036284203118));
#4204=CARTESIAN_POINT('Ctrl Pts',(38.3466072536441,-14.9291415273385,0.903628420311842));
#4205=CARTESIAN_POINT('Ctrl Pts',(38.5122191939622,-14.9494819123872,1.62170846864518));
#4206=CARTESIAN_POINT('Ctrl Pts',(38.6777090845246,-14.9698762866752,2.33260045108218));
#4207=CARTESIAN_POINT('Ctrl Pts',(39.0675051626709,-15.0180658772961,3.99144217437155));
#4208=CARTESIAN_POINT('Ctrl Pts',(39.2951187693345,-15.046325139983,4.94784786012722));
#4209=CARTESIAN_POINT('Ctrl Pts',(39.5253975555673,-15.0750326807521,5.90228509430274));
#4210=CARTESIAN_POINT('Origin',(56.922325153544,-14.7785899908163,51.7560003731386));
#4211=CARTESIAN_POINT('',(41.3761810592855,-13.3503925993958,5.92724460449413));
#4212=CARTESIAN_POINT('Ctrl Pts',(41.3761810592854,-13.350392599396,5.92724460449414));
#4213=CARTESIAN_POINT('Ctrl Pts',(41.0036605070071,-13.2164195210048,4.62281690490311));
#4214=CARTESIAN_POINT('Ctrl Pts',(40.6461273899436,-13.1020430958147,3.34393117359761));
#4215=CARTESIAN_POINT('Ctrl Pts',(40.1939594224083,-12.9763588378578,1.67458593619607));
#4216=CARTESIAN_POINT('Ctrl Pts',(40.0904015750638,-12.9489571347793,1.28857119607962));
#4217=CARTESIAN_POINT('Ctrl Pts',(39.9881580240249,-12.9232928372919,0.903628420311862));
#4218=CARTESIAN_POINT('Ctrl Pts',(40.928971820014,-15.6220751304686,5.94443758052966));
#4219=CARTESIAN_POINT('Ctrl Pts',(41.0675252265399,-15.3854029912264,5.91322237495719));
#4220=CARTESIAN_POINT('Ctrl Pts',(41.1789495585213,-15.1317676555057,5.89358327522495));
#4221=CARTESIAN_POINT('Ctrl Pts',(41.3534534480985,-14.5585775936275,5.87203712018994));
#4222=CARTESIAN_POINT('Ctrl Pts',(41.404564623384,-14.2384007060682,5.87371629588386));
#4223=CARTESIAN_POINT('Ctrl Pts',(41.4110005104942,-13.9162239475723,5.88817707368837));
#4224=CARTESIAN_POINT('Ctrl Pts',(41.4147952904806,-13.7262594727062,5.89670355484925));
#4225=CARTESIAN_POINT('Ctrl Pts',(41.4030488493803,-13.5369746719398,5.90966720294935));
#4226=CARTESIAN_POINT('Ctrl Pts',(41.3761810592854,-13.3503925993959,5.92724460449417));
#4227=CARTESIAN_POINT('Origin',(33.3578077439502,-14.2874014762086,37.2401474197983));
#4228=CARTESIAN_POINT('',(39.9620899668539,-12.9181743365334,10.9036284203118));
#4229=CARTESIAN_POINT('Ctrl Pts',(39.9620899668539,-12.9181743365334,10.9036284203118));
#4230=CARTESIAN_POINT('Ctrl Pts',(40.0146146791896,-12.9309684788898,10.7162920715779));
#4231=CARTESIAN_POINT('Ctrl Pts',(40.0672850088777,-12.9441134703899,10.5287731084806));
#4232=CARTESIAN_POINT('Ctrl Pts',(40.1200831437881,-12.9576241889126,10.3411253467184));
#4233=CARTESIAN_POINT('Ctrl Pts',(40.4881480453604,-13.0518097371648,9.0330004464629));
#4234=CARTESIAN_POINT('Ctrl Pts',(40.8651705866655,-13.1643357986244,7.70978360721819));
#4235=CARTESIAN_POINT('Ctrl Pts',(41.2441364906825,-13.3015794605043,6.38766153245006));
#4236=CARTESIAN_POINT('Ctrl Pts',(41.2884830002974,-13.3176396846739,6.2329470880124));
#4237=CARTESIAN_POINT('Ctrl Pts',(41.3324987250306,-13.3339111131338,6.07948094471505));
#4238=CARTESIAN_POINT('Ctrl Pts',(41.3761810592854,-13.350392599396,5.92724460449412));
#4239=CARTESIAN_POINT('Ctrl Pts',(39.8377075007389,-15.1614263999988,10.9036284203118));
#4240=CARTESIAN_POINT('Ctrl Pts',(39.8942431479415,-15.033213213451,10.9036284203118));
#4241=CARTESIAN_POINT('Ctrl Pts',(39.9410997538623,-14.903623479043,10.9036284203118));
#4242=CARTESIAN_POINT('Ctrl Pts',(40.0925550490934,-14.3920863386629,10.9036284203118));
#4243=CARTESIAN_POINT('Ctrl Pts',(40.1344907718869,-13.9096284467912,10.9036284203118));
#4244=CARTESIAN_POINT('Ctrl Pts',(40.0662219029782,-13.3195528302902,10.9036284203118));
#4245=CARTESIAN_POINT('Ctrl Pts',(40.0244548215313,-13.1160907425973,10.9036284203118));
#4246=CARTESIAN_POINT('Ctrl Pts',(39.9620899668539,-12.9181743365334,10.9036284203118));
#4247=CARTESIAN_POINT('Origin',(42.5283550276515,-15.2981852632774,3.08762437049654));
#4248=CARTESIAN_POINT('',(40.5351953929807,-13.0721227880843,5.9018840731922));
#4249=CARTESIAN_POINT('Ctrl Pts',(39.1070960312022,-12.7384013057958,0.903628420311849));
#4250=CARTESIAN_POINT('Ctrl Pts',(39.2808258086576,-12.7676962571769,1.50087988136652));
#4251=CARTESIAN_POINT('Ctrl Pts',(39.4543478278777,-12.8015080955691,2.10089153533256));
#4252=CARTESIAN_POINT('Ctrl Pts',(39.9314909669562,-12.9055872368204,3.76182469030738));
#4253=CARTESIAN_POINT('Ctrl Pts',(40.2342577651606,-12.9840553927392,4.8282306638291));
#4254=CARTESIAN_POINT('Ctrl Pts',(40.5351953929807,-13.0721227880843,5.9018840731922));
#4255=CARTESIAN_POINT('Ctrl Pts',(40.5351953929807,-13.0721227880843,5.9018840731922));
#4256=CARTESIAN_POINT('Ctrl Pts',(40.3238157171094,-13.2762268982345,5.9023945359082));
#4257=CARTESIAN_POINT('Ctrl Pts',(40.126794735155,-13.5271472590905,5.90274057680536));
#4258=CARTESIAN_POINT('Ctrl Pts',(39.8013528837837,-14.0673588192978,5.90308427446536));
#4259=CARTESIAN_POINT('Ctrl Pts',(39.6452567668291,-14.4630335882328,5.90300285636968));
#4260=CARTESIAN_POINT('Ctrl Pts',(39.5528714516118,-14.8956756602091,5.90253548111781));
#4261=CARTESIAN_POINT('Ctrl Pts',(39.5374098927951,-14.9844031181462,5.90242208958782));
#4262=CARTESIAN_POINT('Ctrl Pts',(39.5253975555672,-15.0750326807525,5.90228509430273));
#4263=CARTESIAN_POINT('Origin',(35.6652658974383,-30.7358550306519,22.3763083452012));
#4264=CARTESIAN_POINT('',(39.1075751604486,-12.7362092316595,10.9036284203118));
#4265=CARTESIAN_POINT('Ctrl Pts',(39.1075751604486,-12.7362092316595,10.9036284203118));
#4266=CARTESIAN_POINT('Ctrl Pts',(39.5914112547339,-12.8245924042045,9.22342577001843));
#4267=CARTESIAN_POINT('Ctrl Pts',(40.0729827130406,-12.9354692730281,7.55341687691087));
#4268=CARTESIAN_POINT('Ctrl Pts',(40.5351953929807,-13.0721227880843,5.90188407319218));
#4269=CARTESIAN_POINT('Origin',(36.1093677985724,-28.7966781888856,10.9036284203118));
#4270=CARTESIAN_POINT('Origin',(43.4201581112543,-15.8348859470854,3.9589450380055));
#4271=CARTESIAN_POINT('Origin',(42.1075075139444,-15.0395506042062,10.9036284203118));
#4272=CARTESIAN_POINT('Origin',(36.5525340765198,-13.6011562922511,12.1036176443609));
#4273=CARTESIAN_POINT('',(38.0538549719219,-12.5999242119868,5.90065999847934));
#4274=CARTESIAN_POINT('Ctrl Pts',(38.048982962966,-12.60293373304,5.90362842031184));
#4275=CARTESIAN_POINT('Ctrl Pts',(37.3197706729728,-12.5490449881849,3.40420424424207));
#4276=CARTESIAN_POINT('Ctrl Pts',(36.5889210149959,-12.5656063419292,0.904794578803912));
#4277=CARTESIAN_POINT('Ctrl Pts',(38.2347951852119,-14.9116862374661,5.90694048307018));
#4278=CARTESIAN_POINT('Ctrl Pts',(38.2358820976059,-14.9077184689392,5.90691629832873));
#4279=CARTESIAN_POINT('Ctrl Pts',(38.2369620930281,-14.9037484007997,5.90689233881743));
#4280=CARTESIAN_POINT('Ctrl Pts',(38.3159446595456,-14.6113654033155,5.90514534038458));
#4281=CARTESIAN_POINT('Ctrl Pts',(38.356452547705,-14.3141667757033,5.90459629712539));
#4282=CARTESIAN_POINT('Ctrl Pts',(38.3588451820373,-13.7176822339857,5.90556852053225));
#4283=CARTESIAN_POINT('Ctrl Pts',(38.3211276640792,-13.4216494643969,5.90708003851942));
#4284=CARTESIAN_POINT('Ctrl Pts',(38.2450932398254,-13.1341098367739,5.90966579984644));
#4285=CARTESIAN_POINT('Ctrl Pts',(38.1965973524453,-12.9507127829343,5.9113150369037));
#4286=CARTESIAN_POINT('Ctrl Pts',(38.1329142117822,-12.7722796506798,5.91339181245577));
#4287=CARTESIAN_POINT('Ctrl Pts',(38.0549279622275,-12.600417752205,5.91593663962802));
#4288=CARTESIAN_POINT('Origin',(34.7516356312136,-14.0515314000748,5.68515286600424));
#4289=CARTESIAN_POINT('',(36.5918577161053,-12.5638164003063,10.9034241078806));
#4290=CARTESIAN_POINT('Ctrl Pts',(36.5918577161053,-12.5638164003063,10.9034241078806));
#4291=CARTESIAN_POINT('Ctrl Pts',(36.7250841357596,-12.5658571977853,10.4216868278534));
#4292=CARTESIAN_POINT('Ctrl Pts',(36.8558989143757,-12.5676148735388,9.9564424007883));
#4293=CARTESIAN_POINT('Ctrl Pts',(36.98401569989,-12.5695008665842,9.50761797869574));
#4294=CARTESIAN_POINT('Ctrl Pts',(37.1116703382326,-12.5713800564123,9.06041257113313));
#4295=CARTESIAN_POINT('Ctrl Pts',(37.2366461342954,-12.5733865273402,8.62950875146475));
#4296=CARTESIAN_POINT('Ctrl Pts',(37.358655116718,-12.5758742676807,8.21482817727183));
#4297=CARTESIAN_POINT('Ctrl Pts',(37.4820108311372,-12.5783894676348,7.79557036961205));
#4298=CARTESIAN_POINT('Ctrl Pts',(37.6023335967195,-12.5813966083255,7.39289577441885));
#4299=CARTESIAN_POINT('Ctrl Pts',(37.7193251737691,-12.5852079851219,7.00671940854816));
#4300=CARTESIAN_POINT('Ctrl Pts',(37.8350190065771,-12.5889770837269,6.62482675410081));
#4301=CARTESIAN_POINT('Ctrl Pts',(37.9474548843632,-12.5935324497796,6.25906819235172));
#4302=CARTESIAN_POINT('Ctrl Pts',(38.0563477988127,-12.5991261022197,5.90935990958372));
#4303=CARTESIAN_POINT('Ctrl Pts',(37.0727665811347,-14.7641747097481,10.9036284203118));
#4304=CARTESIAN_POINT('Ctrl Pts',(37.0945444154248,-14.5679546329853,10.9036284203118));
#4305=CARTESIAN_POINT('Ctrl Pts',(37.1006091326058,-14.3572183168378,10.9036284203118));
#4306=CARTESIAN_POINT('Ctrl Pts',(37.0713519143117,-13.9019092087488,10.9036284203118));
#4307=CARTESIAN_POINT('Ctrl Pts',(37.0282215035368,-13.6577938951814,10.9036284203118));
#4308=CARTESIAN_POINT('Ctrl Pts',(36.9078953989507,-13.2218228543434,10.9036284203118));
#4309=CARTESIAN_POINT('Ctrl Pts',(36.8197084088395,-12.9901429600348,10.9036284203118));
#4310=CARTESIAN_POINT('Ctrl Pts',(36.6712176888672,-12.7009865241156,10.9036284203118));
#4311=CARTESIAN_POINT('Ctrl Pts',(36.6329196768816,-12.6322196293856,10.9036284203118));
#4312=CARTESIAN_POINT('Ctrl Pts',(36.5927206652615,-12.5653442671185,10.9036284203118));
#4313=CARTESIAN_POINT('Origin',(37.4212492100868,-33.3826867357769,29.8103559018426));
#4314=CARTESIAN_POINT('',(35.705977162557,-12.625833785901,10.9036284203118));
#4315=CARTESIAN_POINT('',(37.1614779204066,-12.5598730670772,5.91846307760102));
#4316=CARTESIAN_POINT('Ctrl Pts',(35.7064279615879,-12.6259542389451,10.9036284203118));
#4317=CARTESIAN_POINT('Ctrl Pts',(36.1898366289074,-12.5794611959004,9.24190897993609));
#4318=CARTESIAN_POINT('Ctrl Pts',(36.6756597754771,-12.5523773954582,7.58016803686569));
#4319=CARTESIAN_POINT('Ctrl Pts',(37.1614779204066,-12.5598730670772,5.91846307760102));
#4320=CARTESIAN_POINT('Origin',(37.181497439856,-28.9040156836164,10.9036284203118));
#4321=CARTESIAN_POINT('Ctrl Pts',(37.1732036930715,-12.5618149560338,5.91958178134485));
#4322=CARTESIAN_POINT('Ctrl Pts',(36.6818543156763,-12.5559748215981,4.23268877267317));
#4323=CARTESIAN_POINT('Ctrl Pts',(36.1904436582505,-12.5736849488312,2.56029621576053));
#4324=CARTESIAN_POINT('Ctrl Pts',(35.7038543182494,-12.6266752108541,0.903628420311838));
#4325=CARTESIAN_POINT('Origin',(39.0504649635134,-13.9908961730983,0.0228198344993746));
#4326=CARTESIAN_POINT('',(36.7417344189326,-14.8120047069193,5.90362733705931));
#4327=CARTESIAN_POINT('Ctrl Pts',(36.738326948164,-14.7638895682769,5.90119948741901));
#4328=CARTESIAN_POINT('Ctrl Pts',(36.4956262865275,-14.8003610326445,4.89329700342017));
#4329=CARTESIAN_POINT('Ctrl Pts',(36.2561501936473,-14.8364779541887,3.8835054166115));
#4330=CARTESIAN_POINT('Ctrl Pts',(35.8684352700246,-14.8951701795591,2.22491381713002));
#4331=CARTESIAN_POINT('Ctrl Pts',(35.7162253649865,-14.9182675393681,1.56770480540857));
#4332=CARTESIAN_POINT('Ctrl Pts',(35.5638696382554,-14.941446731384,0.903628420311837));
#4333=CARTESIAN_POINT('Ctrl Pts',(37.1731756123757,-12.5658986855862,5.92754010386322));
#4334=CARTESIAN_POINT('Ctrl Pts',(37.1549984746,-12.5955119952702,5.92387412857561));
#4335=CARTESIAN_POINT('Ctrl Pts',(37.1372746051533,-12.6254488180144,5.92035295816365));
#4336=CARTESIAN_POINT('Ctrl Pts',(37.1200147753004,-12.655701842412,5.9169753543874));
#4337=CARTESIAN_POINT('Ctrl Pts',(36.9174253081597,-13.010800597401,5.87733029675505));
#4338=CARTESIAN_POINT('Ctrl Pts',(36.7840159060575,-13.4006560601908,5.8576902071704));
#4339=CARTESIAN_POINT('Ctrl Pts',(36.6827790275575,-14.1252703777806,5.85870051944659));
#4340=CARTESIAN_POINT('Ctrl Pts',(36.6872103423232,-14.4485621194827,5.87202167195531));
#4341=CARTESIAN_POINT('Ctrl Pts',(36.738326948164,-14.7638895682772,5.90119948741903));
#4342=CARTESIAN_POINT('Ctrl Pts',(36.7549719676558,-14.8227587909551,5.87870140248526));
#4343=CARTESIAN_POINT('Ctrl Pts',(36.5155375502988,-13.6135263572344,5.84568042266531));
#4344=CARTESIAN_POINT('Ctrl Pts',(37.1969447378304,-12.5865514481214,5.80482598694702));
#4345=CARTESIAN_POINT('Ctrl Pts',(36.1698261083359,-14.8687730525762,8.43653344713707));
#4346=CARTESIAN_POINT('Ctrl Pts',(35.8797120346505,-13.4035895954463,8.3965231132912));
#4347=CARTESIAN_POINT('Ctrl Pts',(36.7053486210502,-12.1592410270821,8.34702126261669));
#4348=CARTESIAN_POINT('Ctrl Pts',(35.5099559105533,-14.9300903474056,10.9757910687723));
#4349=CARTESIAN_POINT('Ctrl Pts',(35.1630974272965,-13.178326618135,10.9279549761068));
#4350=CARTESIAN_POINT('Ctrl Pts',(36.1502231135548,-11.6905916331249,10.8687708881884));
#4351=CARTESIAN_POINT('',(35.5480089485645,-14.9122060223161,10.9036284203118));
#4352=CARTESIAN_POINT('Ctrl Pts',(35.5480089485645,-14.9122060223161,10.9036284203118));
#4353=CARTESIAN_POINT('Ctrl Pts',(36.1428397798769,-14.8386418367565,8.40362503678568));
#4354=CARTESIAN_POINT('Ctrl Pts',(36.7417399846017,-14.8120952530443,5.90362842031184));
#4355=CARTESIAN_POINT('Ctrl Pts',(35.6827557565705,-12.6214832601226,10.9036284203118));
#4356=CARTESIAN_POINT('Ctrl Pts',(35.638604550605,-12.7480150976128,10.9036284203118));
#4357=CARTESIAN_POINT('Ctrl Pts',(35.5995724974468,-12.8789206214273,10.9036284203118));
#4358=CARTESIAN_POINT('Ctrl Pts',(35.4968592137327,-13.2947166702924,10.9036284203118));
#4359=CARTESIAN_POINT('Ctrl Pts',(35.4570035131035,-13.5855199213624,10.9036284203118));
#4360=CARTESIAN_POINT('Ctrl Pts',(35.4322480552077,-14.1193731296249,10.9036284203118));
#4361=CARTESIAN_POINT('Ctrl Pts',(35.4448880522104,-14.4116340324073,10.9036284203118));
#4362=CARTESIAN_POINT('Ctrl Pts',(35.4995680470325,-14.7761492920472,10.9036284203118));
#4363=CARTESIAN_POINT('Ctrl Pts',(35.5131625395129,-14.8526775300996,10.9036284203118));
#4364=CARTESIAN_POINT('Ctrl Pts',(35.528692564388,-14.9283509643251,10.9036284203118));
#4365=CARTESIAN_POINT('Origin',(1239.91960574834,-8171.53803659334,6.60484245879655));
#4366=CARTESIAN_POINT('',(34.2922313479718,-15.1263532696348,10.9036284203118));
#4367=CARTESIAN_POINT('',(35.4515262118048,-14.9547840905932,5.94717909724805));
#4368=CARTESIAN_POINT('Ctrl Pts',(34.2922313479719,-15.1263532696357,10.9036284203118));
#4369=CARTESIAN_POINT('Ctrl Pts',(34.6385996574436,-15.0746149062412,9.29651448142543));
#4370=CARTESIAN_POINT('Ctrl Pts',(35.0235524679799,-15.0176114905195,7.63871624553455));
#4371=CARTESIAN_POINT('Ctrl Pts',(35.4515262118042,-14.9547840905929,5.9471790972479));
#4372=CARTESIAN_POINT('Origin',(1274.74280914058,-8166.38743348951,10.9036284203128));
#4373=CARTESIAN_POINT('Ctrl Pts',(35.4515262118034,-14.954784090593,5.94717909724834));
#4374=CARTESIAN_POINT('Ctrl Pts',(35.4433626637816,-14.9560100913604,5.91030441582673));
#4375=CARTESIAN_POINT('Ctrl Pts',(35.4351711433625,-14.957240438211,5.87335948273004));
#4376=CARTESIAN_POINT('Ctrl Pts',(35.0899002136504,-15.0091054872536,4.3184208972655));
#4377=CARTESIAN_POINT('Ctrl Pts',(34.7051253993729,-15.0671480277732,2.67531367459869));
#4378=CARTESIAN_POINT('Ctrl Pts',(34.292778364109,-15.1297647251178,0.903628420415477));
#4379=CARTESIAN_POINT('Origin',(2811.56379654207,-6240.41173624412,6.02398653630168));
#4380=CARTESIAN_POINT('',(32.7877349801774,-15.7445717463422,5.93106073963674));
#4381=CARTESIAN_POINT('Ctrl Pts',(32.7877349801773,-15.7445717463419,5.93106073963674));
#4382=CARTESIAN_POINT('Ctrl Pts',(32.6661666330204,-15.7992549076002,5.347230110461));
#4383=CARTESIAN_POINT('Ctrl Pts',(32.5448259248882,-15.8538870309594,4.77192048312058));
#4384=CARTESIAN_POINT('Ctrl Pts',(32.1940700573924,-16.0119454592683,3.12763072354466));
#4385=CARTESIAN_POINT('Ctrl Pts',(31.953713964735,-16.1204259982775,2.02456769000529));
#4386=CARTESIAN_POINT('Ctrl Pts',(31.7042818662962,-16.2331842817259,0.903628420927144));
#4387=CARTESIAN_POINT('',(31.7107824175337,-16.2261937617872,10.9036284203118));
#4388=CARTESIAN_POINT('Ctrl Pts',(31.7107824175335,-16.2261937617869,10.9036284203118));
#4389=CARTESIAN_POINT('Ctrl Pts',(32.0371361511472,-16.0796032167687,9.28214509187657));
#4390=CARTESIAN_POINT('Ctrl Pts',(32.3952283330216,-15.9194260652272,7.61917587332634));
#4391=CARTESIAN_POINT('Ctrl Pts',(32.7877349801773,-15.7445717463418,5.93106073963676));
#4392=CARTESIAN_POINT('',(32.8820224136898,-15.7016263862215,10.9036284203118));
#4393=CARTESIAN_POINT('Origin',(2846.5984106594,-6224.75940373128,10.9036284203126));
#4394=CARTESIAN_POINT('',(33.9714166559111,-15.2148769090028,5.90737032703121));
#4395=CARTESIAN_POINT('Ctrl Pts',(33.971416655911,-15.2148769090025,5.90737032703121));
#4396=CARTESIAN_POINT('Ctrl Pts',(33.6096516778536,-15.3758606049222,7.5249407819061));
#4397=CARTESIAN_POINT('Ctrl Pts',(33.2449034449689,-15.5387996393242,9.19607328322683));
#4398=CARTESIAN_POINT('Ctrl Pts',(32.8820224136897,-15.7016263862214,10.9036284203118));
#4399=CARTESIAN_POINT('Ctrl Pts',(32.8874290353198,-15.7040669013531,0.903628420311868));
#4400=CARTESIAN_POINT('Ctrl Pts',(33.0327509178662,-15.6382882648605,1.59049136434373));
#4401=CARTESIAN_POINT('Ctrl Pts',(33.1779870960838,-15.5726315287951,2.2704385685773));
#4402=CARTESIAN_POINT('Ctrl Pts',(33.5360992233833,-15.4109323758905,3.93120028633142));
#4403=CARTESIAN_POINT('Ctrl Pts',(33.7523654658359,-15.3134499032787,4.92029797673216));
#4404=CARTESIAN_POINT('Ctrl Pts',(33.971416655911,-15.2148769090026,5.90737032703121));
#4405=CARTESIAN_POINT('Ctrl Pts',(33.2524272450615,-13.1344473585504,0.891064768776526));
#4406=CARTESIAN_POINT('Ctrl Pts',(34.3714505036522,-14.4047349219067,0.699064810557072));
#4407=CARTESIAN_POINT('Ctrl Pts',(34.4199463864701,-16.0673532799639,1.06792233812284));
#4408=CARTESIAN_POINT('Ctrl Pts',(33.9016547498274,-12.9457938800927,3.42677631265415));
#4409=CARTESIAN_POINT('Ctrl Pts',(34.8744478365695,-14.0500845642415,3.25986625910808));
#4410=CARTESIAN_POINT('Ctrl Pts',(34.9166064415659,-15.4954375827709,3.58052273345222));
#4411=CARTESIAN_POINT('Ctrl Pts',(34.600130122896,-12.7111905675476,5.94550872412476));
#4412=CARTESIAN_POINT('Ctrl Pts',(35.4446648147567,-13.6698854898004,5.80060501072353));
#4413=CARTESIAN_POINT('Ctrl Pts',(35.4812649972263,-14.9246752110365,6.0789843705731));
#4414=CARTESIAN_POINT('',(34.6435014095883,-12.7830381906428,5.92462672649685));
#4415=CARTESIAN_POINT('Ctrl Pts',(34.6564627343718,-12.7809111543038,5.9259801999245));
#4416=CARTESIAN_POINT('Ctrl Pts',(34.6009536239315,-12.7922086866374,5.74376857612379));
#4417=CARTESIAN_POINT('Ctrl Pts',(34.5454200687319,-12.8037986119023,5.55984128660732));
#4418=CARTESIAN_POINT('Ctrl Pts',(34.2981338223994,-12.8567391237226,4.73296616567363));
#4419=CARTESIAN_POINT('Ctrl Pts',(34.1114756811562,-12.9002530433261,4.08775780018454));
#4420=CARTESIAN_POINT('Ctrl Pts',(33.8273105490383,-12.9721604291716,3.06889021978503));
#4421=CARTESIAN_POINT('Ctrl Pts',(33.7267023827135,-12.9987845855813,2.70064603292374));
#4422=CARTESIAN_POINT('Ctrl Pts',(33.5430025646585,-13.0496178488099,2.01355269915402));
#4423=CARTESIAN_POINT('Ctrl Pts',(33.4595313952996,-13.0735924360232,1.69553635564501));
#4424=CARTESIAN_POINT('Ctrl Pts',(33.3366347154515,-13.1102397370511,1.21824629623813));
#4425=CARTESIAN_POINT('Ctrl Pts',(33.296575864951,-13.1224033577519,1.06120474458776));
#4426=CARTESIAN_POINT('Ctrl Pts',(33.2567615883527,-13.1347140863356,0.903628420311839));
#4427=CARTESIAN_POINT('Ctrl Pts',(35.4515262118037,-14.9547840905931,5.94717909724966));
#4428=CARTESIAN_POINT('Ctrl Pts',(35.4510186601569,-14.7985836134738,5.93086736146894));
#4429=CARTESIAN_POINT('Ctrl Pts',(35.4399000634624,-14.6377316563051,5.91751743632891));
#4430=CARTESIAN_POINT('Ctrl Pts',(35.3563642869314,-14.0611165448502,5.88168088634498));
#4431=CARTESIAN_POINT('Ctrl Pts',(35.2203514307969,-13.6536258477396,5.87688010519444));
#4432=CARTESIAN_POINT('Ctrl Pts',(35.0047773676348,-13.2763830361035,5.89435973412565));
#4433=CARTESIAN_POINT('Ctrl Pts',(34.90360194599,-13.0993315858042,5.9025634521489));
#4434=CARTESIAN_POINT('Ctrl Pts',(34.7869154902427,-12.93249146586,5.91563466456855));
#4435=CARTESIAN_POINT('Ctrl Pts',(34.6565056351498,-12.7777798591546,5.9338009831575));
#4436=CARTESIAN_POINT('Origin',(29.9365328460672,-16.4286227206554,19.9007856395202));
#4437=CARTESIAN_POINT('',(33.2332037091255,-13.1398964806138,10.9036284203118));
#4438=CARTESIAN_POINT('Ctrl Pts',(34.2922313479718,-15.1263532696348,10.9036284203118));
#4439=CARTESIAN_POINT('Ctrl Pts',(34.2782884821236,-15.0204052335358,10.9036284203118));
#4440=CARTESIAN_POINT('Ctrl Pts',(34.2592340983268,-14.9173721036135,10.9036284203118));
#4441=CARTESIAN_POINT('Ctrl Pts',(34.1453839439277,-14.4283735938445,10.9036284203118));
#4442=CARTESIAN_POINT('Ctrl Pts',(33.9442845278346,-13.9899735204485,10.9036284203118));
#4443=CARTESIAN_POINT('Ctrl Pts',(33.5755856950897,-13.486849470743,10.9036284203118));
#4444=CARTESIAN_POINT('Ctrl Pts',(33.4108381581171,-13.3047404057822,10.9036284203118));
#4445=CARTESIAN_POINT('Ctrl Pts',(33.2284122932913,-13.146438702077,10.9036284203118));
#4446=CARTESIAN_POINT('Ctrl Pts',(33.2332037091255,-13.1398964806138,10.9036284203118));
#4447=CARTESIAN_POINT('Ctrl Pts',(33.9298635619849,-12.9275604213816,8.41412040023617));
#4448=CARTESIAN_POINT('Ctrl Pts',(34.6435014095883,-12.7830381906428,5.92462672649684));
#4449=CARTESIAN_POINT('Origin',(37.0068470220144,-13.8396076174697,4.60640263639121));
#4450=CARTESIAN_POINT('',(33.7907970034995,-12.9807789378198,5.90258421846459));
#4451=CARTESIAN_POINT('Ctrl Pts',(32.3970306921853,-13.4381721102895,0.903628420311842));
#4452=CARTESIAN_POINT('Ctrl Pts',(32.4987780232494,-13.3975782205746,1.2748534774149));
#4453=CARTESIAN_POINT('Ctrl Pts',(32.6013239544805,-13.3585312216833,1.64700333200075));
#4454=CARTESIAN_POINT('Ctrl Pts',(33.0597952286507,-13.1915643793951,3.30383490280267));
#4455=CARTESIAN_POINT('Ctrl Pts',(33.4230067177222,-13.0793459286809,4.59836497809107));
#4456=CARTESIAN_POINT('Ctrl Pts',(33.7907970034995,-12.9807789378198,5.9025842184646));
#4457=CARTESIAN_POINT('Ctrl Pts',(33.7907970034995,-12.9807789378198,5.90258421846459));
#4458=CARTESIAN_POINT('Ctrl Pts',(33.7140633339963,-13.2783328567494,5.90409928347767));
#4459=CARTESIAN_POINT('Ctrl Pts',(33.6766309034932,-13.6175076082703,5.90518476029159));
#4460=CARTESIAN_POINT('Ctrl Pts',(33.690349486409,-14.2591368911612,5.90670374305796));
#4461=CARTESIAN_POINT('Ctrl Pts',(33.7671616083008,-14.671244378641,5.90726787060823));
#4462=CARTESIAN_POINT('Ctrl Pts',(33.9113185672507,-15.0710750334496,5.90738719275053));
#4463=CARTESIAN_POINT('Ctrl Pts',(33.939900232966,-15.1429698635929,5.90739049581741));
#4464=CARTESIAN_POINT('Ctrl Pts',(33.9714166559111,-15.2148769090028,5.90737032703121));
#4465=CARTESIAN_POINT('Origin',(38.945056107461,-31.0203467859424,24.0623342951785));
#4466=CARTESIAN_POINT('',(32.3994250837455,-13.4345623544197,10.9036284203118));
#4467=CARTESIAN_POINT('Ctrl Pts',(32.3994250837455,-13.4345623544197,10.9036284203118));
#4468=CARTESIAN_POINT('Ctrl Pts',(32.8292445407977,-13.2700397738118,9.33771732205918));
#4469=CARTESIAN_POINT('Ctrl Pts',(33.2650363720296,-13.1244219449827,7.78137220664199));
#4470=CARTESIAN_POINT('Ctrl Pts',(33.7273871131529,-12.9977294663519,6.12921036756194));
#4471=CARTESIAN_POINT('Ctrl Pts',(33.7591089377355,-12.9891782572743,6.01584782666431));
#4472=CARTESIAN_POINT('Ctrl Pts',(33.7907970034995,-12.9807789378198,5.90258421846461));
#4473=CARTESIAN_POINT('Origin',(38.1549959718181,-28.640680463863,10.9036284203118));
#4474=CARTESIAN_POINT('Origin',(36.7328680039569,-13.8464972901374,8.35813937791342));
#4475=CARTESIAN_POINT('Origin',(36.0995661514629,-13.8666983848817,10.9036284203118));
#4476=CARTESIAN_POINT('Origin',(4387.31382496829,-5263.46487967364,6.02384297534203));
#4477=CARTESIAN_POINT('',(30.5132449488806,-17.1574480432919,10.9036284203118));
#4478=CARTESIAN_POINT('',(29.5288411578093,-17.9766962042324,10.9036284203118));
#4479=CARTESIAN_POINT('Origin',(4411.52088600239,-5243.34982227338,10.9036284203125));
#4480=CARTESIAN_POINT('',(31.426539698668,-16.3982258296928,5.90176836337677));
#4481=CARTESIAN_POINT('Ctrl Pts',(31.4265396986678,-16.3982258296926,5.90176836337676));
#4482=CARTESIAN_POINT('Ctrl Pts',(31.1216697618111,-16.6508748627799,7.53329290821527));
#4483=CARTESIAN_POINT('Ctrl Pts',(30.8167817450573,-16.9042983842387,9.20351080948008));
#4484=CARTESIAN_POINT('Ctrl Pts',(30.5132449488798,-17.1574480432909,10.9036284203118));
#4485=CARTESIAN_POINT('Ctrl Pts',(30.5156001880654,-17.1601908100354,0.903628420311847));
#4486=CARTESIAN_POINT('Ctrl Pts',(30.6364264295234,-17.0588949081345,1.58303558936876));
#4487=CARTESIAN_POINT('Ctrl Pts',(30.757185058833,-16.9577518724005,2.25541185220698));
#4488=CARTESIAN_POINT('Ctrl Pts',(31.0579883510656,-16.7060340402118,3.91409507847721));
#4489=CARTESIAN_POINT('Ctrl Pts',(31.2410298647335,-16.553063029341,4.9088970575477));
#4490=CARTESIAN_POINT('Ctrl Pts',(31.4265396986678,-16.3982258296926,5.90176836337678));
#4491=CARTESIAN_POINT('',(30.4270451375857,-17.2295156836105,5.90460524678521));
#4492=CARTESIAN_POINT('Ctrl Pts',(30.4270451375855,-17.2295156836103,5.9046052467852));
#4493=CARTESIAN_POINT('Ctrl Pts',(30.3111811754821,-17.326187559981,5.24811919224649));
#4494=CARTESIAN_POINT('Ctrl Pts',(30.1955737251956,-17.4227240571498,4.60085286412937));
#4495=CARTESIAN_POINT('Ctrl Pts',(29.900160804812,-17.6695879554559,2.9647142630076));
#4496=CARTESIAN_POINT('Ctrl Pts',(29.7124896838206,-17.8265940450771,1.9425518122768));
#4497=CARTESIAN_POINT('Ctrl Pts',(29.5183812026641,-17.9891746827173,0.903628420889531));
#4498=CARTESIAN_POINT('Ctrl Pts',(29.5288411578082,-17.9766962042312,10.9036284203119));
#4499=CARTESIAN_POINT('Ctrl Pts',(29.8068926451371,-17.7446081561885,9.26135964507264));
#4500=CARTESIAN_POINT('Ctrl Pts',(30.1079322577343,-17.494158335937,7.58452715479427));
#4501=CARTESIAN_POINT('Ctrl Pts',(30.4270451375855,-17.2295156836103,5.9046052467852));
#4502=CARTESIAN_POINT('Origin',(27.997454961004,-18.2362773594791,-0.690564265588998));
#4503=CARTESIAN_POINT('',(31.4267228716589,-13.8623492046923,5.9329919470855));
#4504=CARTESIAN_POINT('Ctrl Pts',(32.7877349801774,-15.7445717463421,5.9310607396369));
#4505=CARTESIAN_POINT('Ctrl Pts',(32.7809207228799,-15.7223557974383,5.92993946240633));
#4506=CARTESIAN_POINT('Ctrl Pts',(32.7738902680116,-15.7001973667816,5.92885661712552));
#4507=CARTESIAN_POINT('Ctrl Pts',(32.6224768292675,-15.2384629773225,5.90702077074959));
#4508=CARTESIAN_POINT('Ctrl Pts',(32.3956773412637,-14.8317342341307,5.90104707247788));
#4509=CARTESIAN_POINT('Ctrl Pts',(31.9019675494235,-14.2463808229917,5.91167406758723));
#4510=CARTESIAN_POINT('Ctrl Pts',(31.6766466557336,-14.0401402737117,5.92146330264458));
#4511=CARTESIAN_POINT('Ctrl Pts',(31.4293468237341,-13.8656042428971,5.93687440696273));
#4512=CARTESIAN_POINT('Ctrl Pts',(31.431479735467,-13.8682815537814,5.93301508616226));
#4513=CARTESIAN_POINT('Ctrl Pts',(31.3641095885207,-13.9028986128129,5.67540148857587));
#4514=CARTESIAN_POINT('Ctrl Pts',(31.2979154866244,-13.9374542820216,5.42150979713422));
#4515=CARTESIAN_POINT('Ctrl Pts',(30.8841612463007,-14.1568366355588,3.82869125222458));
#4516=CARTESIAN_POINT('Ctrl Pts',(30.5142007367311,-14.3692001277268,2.37790875322756));
#4517=CARTESIAN_POINT('Ctrl Pts',(30.157875943673,-14.6000017455987,0.903628420311844));
#4518=CARTESIAN_POINT('Origin',(27.6837536783982,-18.93736908382,22.8821764593157));
#4519=CARTESIAN_POINT('',(30.1540433757138,-14.6047704483318,10.9018882800252));
#4520=CARTESIAN_POINT('Ctrl Pts',(31.7107824175337,-16.2261937617872,10.9036284203118));
#4521=CARTESIAN_POINT('Ctrl Pts',(31.6604932241507,-16.1088374608802,10.9036284203118));
#4522=CARTESIAN_POINT('Ctrl Pts',(31.6040535139529,-15.9968964785107,10.9036284203118));
#4523=CARTESIAN_POINT('Ctrl Pts',(31.3440883222106,-15.5440043298195,10.9036284203118));
#4524=CARTESIAN_POINT('Ctrl Pts',(31.0240727622438,-15.1808005179184,10.9036284203118));
#4525=CARTESIAN_POINT('Ctrl Pts',(30.7020794260087,-14.9378039083664,10.9036284203118));
#4526=CARTESIAN_POINT('Ctrl Pts',(30.5408729305579,-14.8161472545663,10.9036284203118));
#4527=CARTESIAN_POINT('Ctrl Pts',(30.3525019199162,-14.6997151840404,10.9036284203118));
#4528=CARTESIAN_POINT('Ctrl Pts',(30.1537660966987,-14.605095987749,10.9036284203118));
#4529=CARTESIAN_POINT('Ctrl Pts',(30.1540433757138,-14.6047704483319,10.9018882800252));
#4530=CARTESIAN_POINT('Ctrl Pts',(30.2607244781513,-14.5391922777535,10.459327617778));
#4531=CARTESIAN_POINT('Ctrl Pts',(30.3706500881935,-14.4722182074749,10.009586038402));
#4532=CARTESIAN_POINT('Ctrl Pts',(30.4842030430226,-14.4039778271434,9.55273046297975));
#4533=CARTESIAN_POINT('Ctrl Pts',(30.5968115005249,-14.33630504857,9.09967486678643));
#4534=CARTESIAN_POINT('Ctrl Pts',(30.7129875187967,-14.2673867813268,8.63962315224799));
#4535=CARTESIAN_POINT('Ctrl Pts',(30.8331164744648,-14.197398840211,8.17264174435228));
#4536=CARTESIAN_POINT('Ctrl Pts',(30.9517711448331,-14.1282698276706,7.7113913762476));
#4537=CARTESIAN_POINT('Ctrl Pts',(31.0742826407224,-14.058097147236,7.24338038464747));
#4538=CARTESIAN_POINT('Ctrl Pts',(31.2010294522646,-13.9871004044424,6.76867354469206));
#4539=CARTESIAN_POINT('Ctrl Pts',(31.274800667792,-13.9457777395909,6.4923770432136));
#4540=CARTESIAN_POINT('Ctrl Pts',(31.3500067742864,-13.9041768572726,6.21381222853319));
#4541=CARTESIAN_POINT('Ctrl Pts',(31.4267228716589,-13.8623492046923,5.93299194708549));
#4542=CARTESIAN_POINT('Origin',(33.6705280720678,-14.3460948070139,3.16722793899915));
#4543=CARTESIAN_POINT('',(30.6525030635,-14.2933066614369,5.9049134621177));
#4544=CARTESIAN_POINT('Ctrl Pts',(29.4338532753386,-15.109662426959,0.903628420311843));
#4545=CARTESIAN_POINT('Ctrl Pts',(29.5007985241197,-15.0584810304673,1.18908814519264));
#4546=CARTESIAN_POINT('Ctrl Pts',(29.5686814853894,-15.0078870132235,1.47611854579006));
#4547=CARTESIAN_POINT('Ctrl Pts',(29.9612892253248,-14.7222965692156,3.12379267052501));
#4548=CARTESIAN_POINT('Ctrl Pts',(30.3034678050324,-14.5005169290222,4.51259139917153));
#4549=CARTESIAN_POINT('Ctrl Pts',(30.6527202254706,-14.2936072474647,5.90463175208412));
#4550=CARTESIAN_POINT('Ctrl Pts',(30.652647180716,-14.2934533636683,5.90435530245096));
#4551=CARTESIAN_POINT('Ctrl Pts',(30.6576673578975,-14.5877132028546,5.90225043313807));
#4552=CARTESIAN_POINT('Ctrl Pts',(30.7067422883124,-14.9032211476614,5.90088369615648));
#4553=CARTESIAN_POINT('Ctrl Pts',(30.880024864291,-15.5112019021483,5.89939283281404));
#4554=CARTESIAN_POINT('Ctrl Pts',(31.0634957487993,-15.8965273659811,5.89949915524351));
#4555=CARTESIAN_POINT('Ctrl Pts',(31.3165892976064,-16.2586203469184,5.90096888051389));
#4556=CARTESIAN_POINT('Ctrl Pts',(31.3697618261166,-16.3289951518748,5.90132608093789));
#4557=CARTESIAN_POINT('Ctrl Pts',(31.426539698668,-16.3982258296928,5.90176836337677));
#4558=CARTESIAN_POINT('Origin',(40.2015691446854,-29.8586065386182,21.724602701436));
#4559=CARTESIAN_POINT('',(29.432965729924,-15.1083627605792,10.9031405899418));
#4560=CARTESIAN_POINT('Ctrl Pts',(29.432965729924,-15.1083627605792,10.9031405899418));
#4561=CARTESIAN_POINT('Ctrl Pts',(29.5895424830264,-14.991744239136,10.2361822880069));
#4562=CARTESIAN_POINT('Ctrl Pts',(29.7491014127048,-14.8781129165249,9.56857866750356));
#4563=CARTESIAN_POINT('Ctrl Pts',(29.9112325745119,-14.7675392568861,8.90024277771763));
#4564=CARTESIAN_POINT('Ctrl Pts',(30.0767154703077,-14.6546797103818,8.21809039458966));
#4565=CARTESIAN_POINT('Ctrl Pts',(30.2448777439294,-14.5450052890098,7.53517510602125));
#4566=CARTESIAN_POINT('Ctrl Pts',(30.4153092096062,-14.4385435733186,6.85141231308551));
#4567=CARTESIAN_POINT('Ctrl Pts',(30.4939036095049,-14.3894487971649,6.53609538395835));
#4568=CARTESIAN_POINT('Ctrl Pts',(30.572980956357,-14.3410366044359,6.22059833810402));
#4569=CARTESIAN_POINT('Ctrl Pts',(30.6525030635,-14.2933066614369,5.9049134621177));
#4570=CARTESIAN_POINT('Origin',(39.2077111725445,-28.3878074110411,10.9036284203118));
#4571=CARTESIAN_POINT('Origin',(33.0027979452575,-14.5296803222798,11.9097271994375));
#4572=CARTESIAN_POINT('Origin',(33.1694557338702,-14.4836039265219,10.9036284203118));
#4573=CARTESIAN_POINT('Origin',(27.0519579266329,-19.8823496587235,3.30555806479705));
#4574=CARTESIAN_POINT('',(28.6090161129723,-15.7938496047394,5.92106719924631));
#4575=CARTESIAN_POINT('Ctrl Pts',(28.6158114222437,-15.7878757001043,5.92198249809463));
#4576=CARTESIAN_POINT('Ctrl Pts',(28.5493504758753,-15.8494812064781,5.6131663077545));
#4577=CARTESIAN_POINT('Ctrl Pts',(28.484357640543,-15.9106710167263,5.309186180906));
#4578=CARTESIAN_POINT('Ctrl Pts',(28.1462107136646,-16.2340253031497,3.71569882599807));
#4579=CARTESIAN_POINT('Ctrl Pts',(27.8596357499162,-16.5266215075493,2.32242599420772));
#4580=CARTESIAN_POINT('Ctrl Pts',(27.5890789637638,-16.8337291362397,0.903628420311843));
#4581=CARTESIAN_POINT('Ctrl Pts',(30.4270451375857,-17.2295156836105,5.90460524678521));
#4582=CARTESIAN_POINT('Ctrl Pts',(30.3604142055775,-17.122517816435,5.90804314258329));
#4583=CARTESIAN_POINT('Ctrl Pts',(30.2885729953803,-17.0199808436227,5.91099958655397));
#4584=CARTESIAN_POINT('Ctrl Pts',(29.9274201744821,-16.558644346306,5.92312570028722));
#4585=CARTESIAN_POINT('Ctrl Pts',(29.5842824281824,-16.2686394963319,5.92744958072544));
#4586=CARTESIAN_POINT('Ctrl Pts',(29.016485683923,-15.9439897449361,5.92915586646643));
#4587=CARTESIAN_POINT('Ctrl Pts',(28.8169099862287,-15.8548436432888,5.92881836823448));
#4588=CARTESIAN_POINT('Ctrl Pts',(28.6141069614318,-15.7857496933928,5.92762452504409));
#4589=CARTESIAN_POINT('Origin',(27.5098393971801,-19.0254781708772,5.1062103971333));
#4590=CARTESIAN_POINT('',(27.5889411821038,-16.8319426722181,10.9023085005647));
#4591=CARTESIAN_POINT('Ctrl Pts',(27.5889411821038,-16.8319426722181,10.9023085005647));
#4592=CARTESIAN_POINT('Ctrl Pts',(28.0740838001819,-16.2883126034279,8.41168059829618));
#4593=CARTESIAN_POINT('Ctrl Pts',(28.6090161129723,-15.7938496047394,5.92106719924631));
#4594=CARTESIAN_POINT('Ctrl Pts',(29.5288411578093,-17.9766962042324,10.9036284203118));
#4595=CARTESIAN_POINT('Ctrl Pts',(29.4015962968969,-17.8290154349772,10.9036284203118));
#4596=CARTESIAN_POINT('Ctrl Pts',(29.2539126575405,-17.6831207995364,10.9036284203118));
#4597=CARTESIAN_POINT('Ctrl Pts',(28.9030253162017,-17.3944378809195,10.9036284203118));
#4598=CARTESIAN_POINT('Ctrl Pts',(28.6942712356252,-17.2583244097888,10.9036284203118));
#4599=CARTESIAN_POINT('Ctrl Pts',(28.291704092003,-17.0469942072725,10.9036284203118));
#4600=CARTESIAN_POINT('Ctrl Pts',(28.0611162444378,-16.9524723170256,10.9036284203118));
#4601=CARTESIAN_POINT('Ctrl Pts',(27.7464736084145,-16.8625463064525,10.9036284203118));
#4602=CARTESIAN_POINT('Ctrl Pts',(27.6692488378784,-16.8432815140115,10.9036284203118));
#4603=CARTESIAN_POINT('Ctrl Pts',(27.5921114736387,-16.8267412066275,10.9036284203118));
#4604=CARTESIAN_POINT('Origin',(42.7463465752331,-29.9766670011105,27.091510338761));
#4605=CARTESIAN_POINT('',(27.9826091851912,-16.4052576803849,5.90433684671985));
#4606=CARTESIAN_POINT('Ctrl Pts',(27.9832532663315,-16.4048096334698,5.90337334471489));
#4607=CARTESIAN_POINT('Ctrl Pts',(27.658119394566,-16.7449602039254,4.29007057271072));
#4608=CARTESIAN_POINT('Ctrl Pts',(27.3464636997513,-17.1025770124242,2.67736977817747));
#4609=CARTESIAN_POINT('Ctrl Pts',(27.050578860749,-17.4937206585298,1.01712139168847));
#4610=CARTESIAN_POINT('Ctrl Pts',(27.0404955418769,-17.5071187468777,0.960369421167093));
#4611=CARTESIAN_POINT('Ctrl Pts',(27.0304459435507,-17.5205423211648,0.903628420311862));
#4612=CARTESIAN_POINT('',(27.0284178227523,-17.5191739984179,10.9029835508445));
#4613=CARTESIAN_POINT('Ctrl Pts',(27.0284178227523,-17.5191739984179,10.9029835508445));
#4614=CARTESIAN_POINT('Ctrl Pts',(27.0819192001286,-17.4502511812834,10.6042785486822));
#4615=CARTESIAN_POINT('Ctrl Pts',(27.1359952450425,-17.3810695999524,10.3049242661812));
#4616=CARTESIAN_POINT('Ctrl Pts',(27.1907311766291,-17.3120908429249,10.005341861116));
#4617=CARTESIAN_POINT('Ctrl Pts',(27.2461683586862,-17.242228363187,9.70192135014067));
#4618=CARTESIAN_POINT('Ctrl Pts',(27.3022824380177,-17.1725742376712,9.39826680107929));
#4619=CARTESIAN_POINT('Ctrl Pts',(27.3591088140289,-17.103602678894,9.09480692301869));
#4620=CARTESIAN_POINT('Ctrl Pts',(27.4023931772151,-17.051067391424,8.86366306876666));
#4621=CARTESIAN_POINT('Ctrl Pts',(27.4460896513022,-16.9989280452239,8.63263196250871));
#4622=CARTESIAN_POINT('Ctrl Pts',(27.4901942208411,-16.9473904463174,8.40189997621976));
#4623=CARTESIAN_POINT('Ctrl Pts',(27.5517366591557,-16.8754761405039,8.07994220218722));
#4624=CARTESIAN_POINT('Ctrl Pts',(27.6140667042727,-16.8047324325123,7.75856571071025));
#4625=CARTESIAN_POINT('Ctrl Pts',(27.6771140419446,-16.7347204138736,7.4371524197054));
#4626=CARTESIAN_POINT('Ctrl Pts',(27.7414972276629,-16.6632249794117,7.10892901850865));
#4627=CARTESIAN_POINT('Ctrl Pts',(27.8066285914776,-16.5924922033212,6.78066731033389));
#4628=CARTESIAN_POINT('Ctrl Pts',(27.8724862617775,-16.5220628802784,6.45171760510509));
#4629=CARTESIAN_POINT('Ctrl Pts',(27.9089428736838,-16.4830755537408,6.26962200886567));
#4630=CARTESIAN_POINT('Ctrl Pts',(27.9456229648795,-16.4441813940192,6.08731572829738));
#4631=CARTESIAN_POINT('Ctrl Pts',(27.9825293898278,-16.4053041357637,5.9046895441757));
#4632=CARTESIAN_POINT('Origin',(40.0427383305941,-27.6776948263159,10.9036284203118));
#4633=CARTESIAN_POINT('Origin',(30.304160780013,-16.0140779284798,0.0229761551512575));
#4634=CARTESIAN_POINT('',(29.2966352464727,-18.2230508468657,5.90180226182741));
#4635=CARTESIAN_POINT('Ctrl Pts',(29.296635246474,-18.2230508468665,5.90180226182742));
#4636=CARTESIAN_POINT('Ctrl Pts',(29.1601293620939,-18.4216875346694,4.91143681862447));
#4637=CARTESIAN_POINT('Ctrl Pts',(29.0254788627744,-18.6178860138452,3.91913085601896));
#4638=CARTESIAN_POINT('Ctrl Pts',(28.8037083520142,-18.941474533762,2.26042406666207));
#4639=CARTESIAN_POINT('Ctrl Pts',(28.7143717542773,-19.0719497502136,1.58554386003822));
#4640=CARTESIAN_POINT('Ctrl Pts',(28.6250130179727,-19.2025888019226,0.903628420311815));
#4641=CARTESIAN_POINT('Ctrl Pts',(27.9830499557282,-16.405001071963,5.90238863017515));
#4642=CARTESIAN_POINT('Ctrl Pts',(28.0669189409073,-16.6855329173733,5.90095603099969));
#4643=CARTESIAN_POINT('Ctrl Pts',(28.1979678271545,-16.9735736874623,5.90011327351196));
#4644=CARTESIAN_POINT('Ctrl Pts',(28.5281611337168,-17.5131763417867,5.89933989672426));
#4645=CARTESIAN_POINT('Ctrl Pts',(28.8104381281383,-17.8370486528676,5.89965975202081));
#4646=CARTESIAN_POINT('Ctrl Pts',(29.1535664186805,-18.1186579715211,5.90107301594507));
#4647=CARTESIAN_POINT('Ctrl Pts',(29.2235341948371,-18.1718862381918,5.90140315110181));
#4648=CARTESIAN_POINT('Ctrl Pts',(29.2966352464727,-18.2230508468656,5.90180226182742));
#4649=CARTESIAN_POINT('Origin',(30.7663113935498,-15.7193482839586,9.43432900971153));
#4650=CARTESIAN_POINT('',(28.6216743485227,-19.2010569824176,10.9036284203121));
#4651=CARTESIAN_POINT('Origin',(30.4712325826444,-15.8962639427767,10.9036284203118));
#4652=CARTESIAN_POINT('Ctrl Pts',(28.6216743485254,-19.2010569824192,10.9036284203122));
#4653=CARTESIAN_POINT('Ctrl Pts',(28.8457373073633,-18.8752850017212,9.20493154208634));
#4654=CARTESIAN_POINT('Ctrl Pts',(29.070999608739,-18.5489227034918,7.53502950481183));
#4655=CARTESIAN_POINT('Ctrl Pts',(29.296635246474,-18.2230508468665,5.90180226182742));
#4656=CARTESIAN_POINT('Origin',(5639.23029679885,-3895.46568086637,6.02386672724667));
#4657=CARTESIAN_POINT('',(28.5614580039441,-19.2888495850667,5.92804168365392));
#4658=CARTESIAN_POINT('Ctrl Pts',(28.5614580039452,-19.2888495850678,5.92804168365397));
#4659=CARTESIAN_POINT('Ctrl Pts',(28.4756972408935,-19.4135946936106,5.26895723216199));
#4660=CARTESIAN_POINT('Ctrl Pts',(28.3901457786579,-19.5381427889416,4.61925307810068));
#4661=CARTESIAN_POINT('Ctrl Pts',(28.1713688051334,-19.8568943477775,2.9755800284406));
#4662=CARTESIAN_POINT('Ctrl Pts',(28.0322999286785,-20.059756572754,1.94801585001385));
#4663=CARTESIAN_POINT('Ctrl Pts',(27.8884857514034,-20.2697998285786,0.903628420890396));
#4664=CARTESIAN_POINT('',(27.8893881059985,-20.2633745359241,10.9036284203121));
#4665=CARTESIAN_POINT('Ctrl Pts',(27.889388106001,-20.2633745359259,10.9036284203121));
#4666=CARTESIAN_POINT('Ctrl Pts',(28.1008833074323,-19.9556247288883,9.24945977872891));
#4667=CARTESIAN_POINT('Ctrl Pts',(28.3225434579463,-19.6342113539053,7.60551668822674));
#4668=CARTESIAN_POINT('Ctrl Pts',(28.5554268325542,-19.2975674211094,5.97034440474934));
#4669=CARTESIAN_POINT('Ctrl Pts',(28.558441531149,-19.2932097006045,5.94919182236365));
#4670=CARTESIAN_POINT('Ctrl Pts',(28.5614580039452,-19.2888495850677,5.92804168365387));
#4671=CARTESIAN_POINT('Origin',(5657.23979823319,-3869.38182715208,10.9036284203129));
#4672=CARTESIAN_POINT('Origin',(7826.21365273891,-2705.82923441828,6.60477962599979));
#4673=CARTESIAN_POINT('',(27.3143027531079,-21.7912135511197,5.92540583786934));
#4674=CARTESIAN_POINT('Ctrl Pts',(27.314302753108,-21.7912135511202,5.92540583786943));
#4675=CARTESIAN_POINT('Ctrl Pts',(27.2066440731197,-22.1065847853747,4.41878313809767));
#4676=CARTESIAN_POINT('Ctrl Pts',(27.0780115510982,-22.4841043922426,2.73530447150837));
#4677=CARTESIAN_POINT('Ctrl Pts',(26.9390722940401,-22.8932477734064,0.903628420225973));
#4678=CARTESIAN_POINT('',(26.9308629174453,-22.9064981188991,10.9036284203118));
#4679=CARTESIAN_POINT('Ctrl Pts',(26.9308629174447,-22.9064981188989,10.9036284203118));
#4680=CARTESIAN_POINT('Ctrl Pts',(27.0582538541211,-22.5344208789421,9.29237212232092));
#4681=CARTESIAN_POINT('Ctrl Pts',(27.1867672807756,-22.1605453747005,7.62714603649347));
#4682=CARTESIAN_POINT('Ctrl Pts',(27.314302753108,-21.7912135511202,5.92540583786924));
#4683=CARTESIAN_POINT('',(27.3521588175743,-21.6786330184402,10.9036284203118));
#4684=CARTESIAN_POINT('Origin',(7837.31411776155,-2673.54751978913,10.9036284203122));
#4685=CARTESIAN_POINT('',(27.7387221293554,-20.5552904315307,5.90154951382163));
#4686=CARTESIAN_POINT('Ctrl Pts',(27.7387221293562,-20.555290431531,5.90154951382163));
#4687=CARTESIAN_POINT('Ctrl Pts',(27.6091915652805,-20.9301663934726,7.5376861531276));
#4688=CARTESIAN_POINT('Ctrl Pts',(27.4802339999006,-21.3048620031801,9.20724002760623));
#4689=CARTESIAN_POINT('Ctrl Pts',(27.3521588175737,-21.67863301844,10.9036284203118));
#4690=CARTESIAN_POINT('Ctrl Pts',(27.3561569918901,-21.6794587376857,0.903628420311903));
#4691=CARTESIAN_POINT('Ctrl Pts',(27.4108438481198,-21.5182713499705,1.63589355739426));
#4692=CARTESIAN_POINT('Ctrl Pts',(27.4655678198654,-21.3571955213632,2.36096228049122));
#4693=CARTESIAN_POINT('Ctrl Pts',(27.5920851084099,-20.985280548355,4.01962437134669));
#4694=CARTESIAN_POINT('Ctrl Pts',(27.6649378414672,-20.7714775524447,4.96158753303321));
#4695=CARTESIAN_POINT('Ctrl Pts',(27.7387221293559,-20.5552904315309,5.90154951382163));
#4696=CARTESIAN_POINT('Origin',(25.9980999247303,-22.8742838952881,2.86814402092677));
#4697=CARTESIAN_POINT('',(26.4208923206254,-18.3898847444644,5.92864500123382));
#4698=CARTESIAN_POINT('Ctrl Pts',(26.4270225559604,-18.392101344385,5.92866692427115));
#4699=CARTESIAN_POINT('Ctrl Pts',(26.380735113254,-18.4676379341283,5.62669320144738));
#4700=CARTESIAN_POINT('Ctrl Pts',(26.3356922340346,-18.5424030404207,5.32936934790926));
#4701=CARTESIAN_POINT('Ctrl Pts',(26.0970187497658,-18.9454065310971,3.73371392742652));
#4702=CARTESIAN_POINT('Ctrl Pts',(25.8987414046877,-19.3066145714157,2.33160477863103));
#4703=CARTESIAN_POINT('Ctrl Pts',(25.7197037792199,-19.677575747396,0.903628420311834));
#4704=CARTESIAN_POINT('Ctrl Pts',(28.561458003944,-19.2888495850667,5.92804168365397));
#4705=CARTESIAN_POINT('Ctrl Pts',(28.5535015184876,-19.2818061189235,5.92754133932435));
#4706=CARTESIAN_POINT('Ctrl Pts',(28.5455112251373,-19.2747949502041,5.92704867166171));
#4707=CARTESIAN_POINT('Ctrl Pts',(28.1893484226504,-18.9650334674592,5.90551894083579));
#4708=CARTESIAN_POINT('Ctrl Pts',(27.7846267199892,-18.7296287456016,5.8987002959565));
#4709=CARTESIAN_POINT('Ctrl Pts',(27.0469448634506,-18.4756255258277,5.9076767478141));
#4710=CARTESIAN_POINT('Ctrl Pts',(26.7377550512967,-18.4127611332162,5.9169032570781));
#4711=CARTESIAN_POINT('Ctrl Pts',(26.4242488323878,-18.3910846029563,5.93198163420714));
#4712=CARTESIAN_POINT('Origin',(25.777207854207,-25.3195103344061,27.5156504751823));
#4713=CARTESIAN_POINT('',(25.7190707952772,-19.6853585073089,10.9014600468171));
#4714=CARTESIAN_POINT('Ctrl Pts',(27.8893881059985,-20.2633745359241,10.9036284203118));
#4715=CARTESIAN_POINT('Ctrl Pts',(27.7900550364444,-20.1924218242839,10.9036284203118));
#4716=CARTESIAN_POINT('Ctrl Pts',(27.6886120308902,-20.128698739491,10.9036284203118));
#4717=CARTESIAN_POINT('Ctrl Pts',(27.2368940016869,-19.8766052540462,10.9036284203118));
#4718=CARTESIAN_POINT('Ctrl Pts',(26.7754337931826,-19.7299361382576,10.9036284203118));
#4719=CARTESIAN_POINT('Ctrl Pts',(26.3741748599451,-19.6874052655251,10.9036284203118));
#4720=CARTESIAN_POINT('Ctrl Pts',(26.1689221046887,-19.665649790223,10.9036284203118));
#4721=CARTESIAN_POINT('Ctrl Pts',(25.942152668272,-19.6632459941699,10.9036284203118));
#4722=CARTESIAN_POINT('Ctrl Pts',(25.7183616394373,-19.6859575027396,10.9036284203118));
#4723=CARTESIAN_POINT('Ctrl Pts',(25.7190707952772,-19.6853585073089,10.9014600468171));
#4724=CARTESIAN_POINT('Ctrl Pts',(25.7796914335151,-19.5646439526788,10.4301390511524));
#4725=CARTESIAN_POINT('Ctrl Pts',(25.8428365647363,-19.4411133261339,9.95026524776297));
#4726=CARTESIAN_POINT('Ctrl Pts',(25.9089005257523,-19.3147318110498,9.46189133269063));
#4727=CARTESIAN_POINT('Ctrl Pts',(25.9743222755814,-19.1895788572201,8.9782649257432));
#4728=CARTESIAN_POINT('Ctrl Pts',(26.0426065820339,-19.0616298763325,8.48630289361123));
#4729=CARTESIAN_POINT('Ctrl Pts',(26.1141697842617,-18.9308893650381,7.98605629039096));
#4730=CARTESIAN_POINT('Ctrl Pts',(26.1847591080214,-18.8019280554129,7.49261736738131));
#4731=CARTESIAN_POINT('Ctrl Pts',(26.2585389346905,-18.6702504373747,6.99111784896043));
#4732=CARTESIAN_POINT('Ctrl Pts',(26.3359381814121,-18.5359021958757,6.48160620215926));
#4733=CARTESIAN_POINT('Ctrl Pts',(26.3637806664824,-18.4875737034602,6.29832185482945));
#4734=CARTESIAN_POINT('Ctrl Pts',(26.3920917740083,-18.4389000355991,6.11400071146938));
#4735=CARTESIAN_POINT('Ctrl Pts',(26.4208923206254,-18.3898847444644,5.92864500123382));
#4736=CARTESIAN_POINT('Origin',(28.5634462642208,-17.6666329564318,3.08018288905835));
#4737=CARTESIAN_POINT('',(25.9828543065622,-19.1586077568992,5.90382439564232));
#4738=CARTESIAN_POINT('Ctrl Pts',(25.9832359918875,-19.1581518243066,5.90160075640969));
#4739=CARTESIAN_POINT('Ctrl Pts',(26.1374155055899,-19.4038873126977,5.90079290520014));
#4740=CARTESIAN_POINT('Ctrl Pts',(26.3376578136827,-19.6432297613509,5.90034382501643));
#4741=CARTESIAN_POINT('Ctrl Pts',(26.7986760889697,-20.0749986691351,5.89995875092495));
#4742=CARTESIAN_POINT('Ctrl Pts',(27.1596328395853,-20.3127720637393,5.90019144911679));
#4743=CARTESIAN_POINT('Ctrl Pts',(27.5696062456073,-20.4926100976036,5.90108570462073));
#4744=CARTESIAN_POINT('Ctrl Pts',(27.6529088583022,-20.5254444725832,5.90129580000145));
#4745=CARTESIAN_POINT('Ctrl Pts',(27.7387221293554,-20.5552904315307,5.90154951382162));
#4746=CARTESIAN_POINT('Ctrl Pts',(25.3660957391393,-20.4894291769661,0.903628420311845));
#4747=CARTESIAN_POINT('Ctrl Pts',(25.542367303468,-20.0360741249567,2.55188486417423));
#4748=CARTESIAN_POINT('Ctrl Pts',(25.7522348876516,-19.591728416377,4.22122437521647));
#4749=CARTESIAN_POINT('Ctrl Pts',(25.9832059724715,-19.1581075345558,5.90159345364278));
#4750=CARTESIAN_POINT('Origin',(44.1793189721502,-28.355952218105,28.6209867534212));
#4751=CARTESIAN_POINT('',(25.3642175048609,-20.4888901747732,10.9030541095841));
#4752=CARTESIAN_POINT('Ctrl Pts',(25.3642175048609,-20.4888901747732,10.9030541095841));
#4753=CARTESIAN_POINT('Ctrl Pts',(25.3975763411539,-20.4067395081042,10.599503938438));
#4754=CARTESIAN_POINT('Ctrl Pts',(25.4314981363138,-20.3242202668315,10.2952652516125));
#4755=CARTESIAN_POINT('Ctrl Pts',(25.4661651115953,-20.2417486820749,9.99080502662679));
#4756=CARTESIAN_POINT('Ctrl Pts',(25.5012534309737,-20.1582747336819,9.68264437731691));
#4757=CARTESIAN_POINT('Ctrl Pts',(25.5371052108085,-20.0748499141473,9.37425673499065));
#4758=CARTESIAN_POINT('Ctrl Pts',(25.57385652973,-19.9919127914814,9.06611795492697));
#4759=CARTESIAN_POINT('Ctrl Pts',(25.6003091244948,-19.932216917667,8.84432808398937));
#4760=CARTESIAN_POINT('Ctrl Pts',(25.6272266058683,-19.8727738776972,8.62266695851934));
#4761=CARTESIAN_POINT('Ctrl Pts',(25.6546432300425,-19.8137478904343,8.40130963453423));
#4762=CARTESIAN_POINT('Ctrl Pts',(25.6952513583685,-19.726321559238,8.07344627100822));
#4763=CARTESIAN_POINT('Ctrl Pts',(25.7369477362718,-19.6398107434697,7.74624836340549));
#4764=CARTESIAN_POINT('Ctrl Pts',(25.7795715226794,-19.553820317572,7.41903402112272));
#4765=CARTESIAN_POINT('Ctrl Pts',(25.8230333837427,-19.4661391362853,7.08538594616779));
#4766=CARTESIAN_POINT('Ctrl Pts',(25.8674595507663,-19.3789986087028,6.75172085207458));
#4767=CARTESIAN_POINT('Ctrl Pts',(25.9127328593593,-19.2919757633058,6.41732383132451));
#4768=CARTESIAN_POINT('Ctrl Pts',(25.9358315627392,-19.2475762052534,6.24671254106389));
#4769=CARTESIAN_POINT('Ctrl Pts',(25.959151625334,-19.2032072550889,6.07591084340249));
#4770=CARTESIAN_POINT('Ctrl Pts',(25.9826826406776,-19.1588128160583,5.90482449433781));
#4771=CARTESIAN_POINT('Origin',(40.5210542851219,-26.6930057576803,10.9036284203118));
#4772=CARTESIAN_POINT('Origin',(28.1282756560927,-18.1174478213397,11.8979019817476));
#4773=CARTESIAN_POINT('Origin',(28.2365911412424,-18.0035831627074,10.9036284203118));
#4774=CARTESIAN_POINT('Origin',(6830.4125875011,-420.932235784184,6.02420720527377));
#4775=CARTESIAN_POINT('',(26.7925096584541,-24.5064288894351,5.90248478081904));
#4776=CARTESIAN_POINT('Ctrl Pts',(26.7925096584545,-24.5064288894352,5.90248478081905));
#4777=CARTESIAN_POINT('Ctrl Pts',(26.7697250789247,-24.9165159026533,4.2459372680587));
#4778=CARTESIAN_POINT('Ctrl Pts',(26.7481606557193,-25.3122553775923,2.58230410553891));
#4779=CARTESIAN_POINT('Ctrl Pts',(26.727625037737,-25.6975501594588,0.903628419695556));
#4780=CARTESIAN_POINT('',(26.7243569545952,-25.6894057769285,10.9036284203118));
#4781=CARTESIAN_POINT('Ctrl Pts',(26.7243569545951,-25.6894057769285,10.9036284203118));
#4782=CARTESIAN_POINT('Ctrl Pts',(26.7441629429212,-25.3353725199163,9.27712388142075));
#4783=CARTESIAN_POINT('Ctrl Pts',(26.7667611507412,-24.9424768835572,7.60469108062023));
#4784=CARTESIAN_POINT('Ctrl Pts',(26.7925096584546,-24.5064288894352,5.90248478081904));
#4785=CARTESIAN_POINT('',(26.7964485955416,-24.4256233424316,10.9036284207193));
#4786=CARTESIAN_POINT('Origin',(6832.77694244269,-380.197246385883,10.9036284203119));
#4787=CARTESIAN_POINT('',(26.8658369137446,-23.2281459376069,5.87010067122287));
#4788=CARTESIAN_POINT('Ctrl Pts',(26.865836913745,-23.2281459376071,5.87010067122282));
#4789=CARTESIAN_POINT('Ctrl Pts',(26.8443096462576,-23.5883497847426,7.54889388025279));
#4790=CARTESIAN_POINT('Ctrl Pts',(26.8211917031421,-23.9871188400976,9.23034177737102));
#4791=CARTESIAN_POINT('Ctrl Pts',(26.7964485959406,-24.4256233419463,10.9036284208524));
#4792=CARTESIAN_POINT('Ctrl Pts',(26.801970708842,-24.4067758125401,0.903628420311853));
#4793=CARTESIAN_POINT('Ctrl Pts',(26.8103567786815,-24.2487496780166,1.58494700058904));
#4794=CARTESIAN_POINT('Ctrl Pts',(26.8188100547427,-24.0908634725448,2.25940820866663));
#4795=CARTESIAN_POINT('Ctrl Pts',(26.8398329361895,-23.7014338350603,3.90779610194424));
#4796=CARTESIAN_POINT('Ctrl Pts',(26.8526805259134,-23.4662574882469,4.88992529789654));
#4797=CARTESIAN_POINT('Ctrl Pts',(26.8658369137451,-23.228145937607,5.87010067122292));
#4798=CARTESIAN_POINT('Ctrl Pts',(27.2984325983522,-21.7471791089852,6.06758665394336));
#4799=CARTESIAN_POINT('Ctrl Pts',(26.1842757961127,-21.2112375124039,5.77723995854488));
#4800=CARTESIAN_POINT('Ctrl Pts',(24.9585011374949,-21.5078918024801,5.92674814200435));
#4801=CARTESIAN_POINT('Ctrl Pts',(27.5752208227737,-22.5173423490899,3.5838387381656));
#4802=CARTESIAN_POINT('Ctrl Pts',(26.2675651662735,-21.8883222157348,3.24306668721121));
#4803=CARTESIAN_POINT('Ctrl Pts',(24.8289066554479,-22.2364973196908,3.41854039199034));
#4804=CARTESIAN_POINT('Ctrl Pts',(27.8847830553825,-23.2270171543951,1.08597970659986));
#4805=CARTESIAN_POINT('Ctrl Pts',(26.3594576905676,-22.4932916054583,0.688483431218078));
#4806=CARTESIAN_POINT('Ctrl Pts',(24.6813230020042,-22.8994232310291,0.893166132988364));
#4807=CARTESIAN_POINT('',(25.0180398644353,-21.4982537668697,5.90458787661995));
#4808=CARTESIAN_POINT('Ctrl Pts',(25.0179466945096,-21.4982665140343,5.90458822373591));
#4809=CARTESIAN_POINT('Ctrl Pts',(24.991400658585,-21.5915257333882,5.59253261920789));
#4810=CARTESIAN_POINT('Ctrl Pts',(24.9658904281188,-21.6841833269848,5.27878897268014));
#4811=CARTESIAN_POINT('Ctrl Pts',(24.9070919566683,-21.9053946170239,4.52009826427362));
#4812=CARTESIAN_POINT('Ctrl Pts',(24.8748618822775,-22.0331309379592,4.07408892316666));
#4813=CARTESIAN_POINT('Ctrl Pts',(24.823401871618,-22.248955248637,3.30583136701013));
#4814=CARTESIAN_POINT('Ctrl Pts',(24.8031285547364,-22.3376656336968,2.98575674991587));
#4815=CARTESIAN_POINT('Ctrl Pts',(24.7640424026531,-22.5167112714803,2.33052378972673));
#4816=CARTESIAN_POINT('Ctrl Pts',(24.7453020715534,-22.6069453152039,1.99548198804805));
#4817=CARTESIAN_POINT('Ctrl Pts',(24.7146075263613,-22.7630114434196,1.40720089003547));
#4818=CARTESIAN_POINT('Ctrl Pts',(24.7021892138865,-22.8289128500962,1.15600910448062));
#4819=CARTESIAN_POINT('Ctrl Pts',(24.6904033850613,-22.8943811874921,0.903628420311827));
#4820=CARTESIAN_POINT('Ctrl Pts',(27.3143027531077,-21.7912135511201,5.92540583786934));
#4821=CARTESIAN_POINT('Ctrl Pts',(27.213072675461,-21.7383360583908,5.91587030043051));
#4822=CARTESIAN_POINT('Ctrl Pts',(27.1069978413948,-21.689392678813,5.90756081229064));
#4823=CARTESIAN_POINT('Ctrl Pts',(26.5973858586985,-21.4869206263463,5.87502727703391));
#4824=CARTESIAN_POINT('Ctrl Pts',(26.1749442948943,-21.4074391614375,5.86724055302157));
#4825=CARTESIAN_POINT('Ctrl Pts',(25.5023639981501,-21.4118468148674,5.87923722660308));
#4826=CARTESIAN_POINT('Ctrl Pts',(25.2564608994465,-21.4418658197444,5.88908377611432));
#4827=CARTESIAN_POINT('Ctrl Pts',(25.0179920772268,-21.4982597516676,5.90457095390461));
#4828=CARTESIAN_POINT('Origin',(25.8408137871933,-26.3405843926267,10.5118830914925));
#4829=CARTESIAN_POINT('',(24.6856758987709,-22.9235634583045,10.9026318885039));
#4830=CARTESIAN_POINT('Ctrl Pts',(24.6856758987709,-22.9235634583045,10.9026318885039));
#4831=CARTESIAN_POINT('Ctrl Pts',(24.720066339142,-22.7391289973019,10.2574498840603));
#4832=CARTESIAN_POINT('Ctrl Pts',(24.7575692737714,-22.5550524658233,9.61412159983932));
#4833=CARTESIAN_POINT('Ctrl Pts',(24.7982395657143,-22.3716886703709,8.97255180177591));
#4834=CARTESIAN_POINT('Ctrl Pts',(24.8380322050026,-22.1922818104154,8.34482688678453));
#4835=CARTESIAN_POINT('Ctrl Pts',(24.8808575275336,-22.0135574201406,7.71878533001613));
#4836=CARTESIAN_POINT('Ctrl Pts',(24.9267477580998,-21.8358919522654,7.09432647573778));
#4837=CARTESIAN_POINT('Ctrl Pts',(24.9559379447542,-21.7228812285161,6.69711621356537));
#4838=CARTESIAN_POINT('Ctrl Pts',(24.9863678101523,-21.6102998335538,6.30054609518592));
#4839=CARTESIAN_POINT('Ctrl Pts',(25.0180398644353,-21.4982537668697,5.90458787661995));
#4840=CARTESIAN_POINT('Origin',(25.8468695294982,-26.4483894269816,10.9036284203118));
#4841=CARTESIAN_POINT('Origin',(26.8990175251385,-20.1750318280954,3.17221121392836));
#4842=CARTESIAN_POINT('',(24.7993835027809,-22.3518427525431,5.89852790748638));
#4843=CARTESIAN_POINT('Ctrl Pts',(24.5645944670348,-23.7980238163665,0.903628420311834));
#4844=CARTESIAN_POINT('Ctrl Pts',(24.5774368722717,-23.667589833184,1.34773852491518));
#4845=CARTESIAN_POINT('Ctrl Pts',(24.5927794185859,-23.5371889737144,1.79312895221659));
#4846=CARTESIAN_POINT('Ctrl Pts',(24.6581164555683,-23.0538226396199,3.45039087964156));
#4847=CARTESIAN_POINT('Ctrl Pts',(24.722417689474,-22.7017549454527,4.67023639119916));
#4848=CARTESIAN_POINT('Ctrl Pts',(24.7993835027809,-22.3518427525431,5.89852790748637));
#4849=CARTESIAN_POINT('Ctrl Pts',(24.7993835027809,-22.3518427525431,5.89852790748638));
#4850=CARTESIAN_POINT('Ctrl Pts',(25.3807970276093,-22.8847022813855,5.86779177396082));
#4851=CARTESIAN_POINT('Ctrl Pts',(26.1337732532384,-23.183441500882,5.85994471108913));
#4852=CARTESIAN_POINT('Ctrl Pts',(26.8658369137446,-23.2281459376071,5.87010067122265));
#4853=CARTESIAN_POINT('Origin',(42.8858149194094,-26.0430331465387,23.1143240525639));
#4854=CARTESIAN_POINT('',(24.5600977219093,-23.8181797890843,10.9036284203118));
#4855=CARTESIAN_POINT('Ctrl Pts',(24.5600977219093,-23.8181797890842,10.9036284203119));
#4856=CARTESIAN_POINT('Ctrl Pts',(24.5986461414548,-23.4727155044135,9.83929608291646));
#4857=CARTESIAN_POINT('Ctrl Pts',(24.6451537382269,-23.1569702163578,8.80560193050773));
#4858=CARTESIAN_POINT('Ctrl Pts',(24.6958626974781,-22.8716196028813,7.80681385398932));
#4859=CARTESIAN_POINT('Ctrl Pts',(24.7040140285102,-22.8257502467556,7.64626131331756));
#4860=CARTESIAN_POINT('Ctrl Pts',(24.7123258755244,-22.7803695230813,7.48558368530157));
#4861=CARTESIAN_POINT('Ctrl Pts',(24.7457979983299,-22.6028786054297,6.84961005955899));
#4862=CARTESIAN_POINT('Ctrl Pts',(24.7720700957757,-22.4749697207224,6.3744750963806));
#4863=CARTESIAN_POINT('Ctrl Pts',(24.7993835027809,-22.3518427525431,5.89852790748639));
#4864=CARTESIAN_POINT('Origin',(40.7001964565696,-25.6881559115005,10.9036284203118));
#4865=CARTESIAN_POINT('Origin',(27.4798447288855,-19.1629248399626,1.80906256751139));
#4866=CARTESIAN_POINT('Ctrl Pts',(24.5600977219093,-23.8181797890843,10.9036284203118));
#4867=CARTESIAN_POINT('Ctrl Pts',(24.6464780170415,-23.8758043271801,10.9036284203118));
#4868=CARTESIAN_POINT('Ctrl Pts',(24.7335790208475,-23.9285195126466,10.9036284203118));
#4869=CARTESIAN_POINT('Ctrl Pts',(25.0246862632451,-24.0894373336723,10.9036284203118));
#4870=CARTESIAN_POINT('Ctrl Pts',(25.2605145439511,-24.1921721454074,10.9036284203118));
#4871=CARTESIAN_POINT('Ctrl Pts',(25.7489868259736,-24.3433897678535,10.9036284203118));
#4872=CARTESIAN_POINT('Ctrl Pts',(26.0016276735983,-24.3918827656224,10.9036284203118));
#4873=CARTESIAN_POINT('Ctrl Pts',(26.4124820284135,-24.4315651934126,10.9036284203118));
#4874=CARTESIAN_POINT('Ctrl Pts',(26.603491304819,-24.4364947494753,10.9036284203118));
#4875=CARTESIAN_POINT('Ctrl Pts',(26.7964485955077,-24.4256233418295,10.9036284203118));
#4876=CARTESIAN_POINT('Origin',(27.8595078712107,-31.8744444908889,-20.2779023406723));
#4877=CARTESIAN_POINT('',(24.4951576706147,-24.8495953967536,5.9079764750861));
#4878=CARTESIAN_POINT('Ctrl Pts',(24.4966291592343,-24.8524612593104,5.90061910666881));
#4879=CARTESIAN_POINT('Ctrl Pts',(24.4983975406738,-25.0240115197625,5.33538906730142));
#4880=CARTESIAN_POINT('Ctrl Pts',(24.502553178957,-25.1915160814451,4.77848188568051));
#4881=CARTESIAN_POINT('Ctrl Pts',(24.5086638506409,-25.3550764407493,4.22992552570069));
#4882=CARTESIAN_POINT('Ctrl Pts',(24.5150386261988,-25.5257058960158,3.65766050204517));
#4883=CARTESIAN_POINT('Ctrl Pts',(24.5235406854451,-25.6920430515557,3.09448376137149));
#4884=CARTESIAN_POINT('Ctrl Pts',(24.5337282268748,-25.8542372099135,2.54043027313252));
#4885=CARTESIAN_POINT('Ctrl Pts',(24.5439157683046,-26.0164313682713,1.98637678489355));
#4886=CARTESIAN_POINT('Ctrl Pts',(24.5557887803406,-26.1744829864846,1.44144659080062));
#4887=CARTESIAN_POINT('Ctrl Pts',(24.5689559514169,-26.3285692719171,0.905677342537707));
#4888=CARTESIAN_POINT('Ctrl Pts',(26.7925096584541,-24.5064288894351,5.90248478081909));
#4889=CARTESIAN_POINT('Ctrl Pts',(26.5891415110114,-24.4722624513561,5.90584870701235));
#4890=CARTESIAN_POINT('Ctrl Pts',(26.3822427088445,-24.4546290923806,5.90852376118309));
#4891=CARTESIAN_POINT('Ctrl Pts',(25.6880635943804,-24.4536578019336,5.91545743408241));
#4892=CARTESIAN_POINT('Ctrl Pts',(25.2033751079994,-24.5471670475649,5.917096726993));
#4893=CARTESIAN_POINT('Ctrl Pts',(24.6618343173137,-24.7693400562552,5.91567961321603));
#4894=CARTESIAN_POINT('Ctrl Pts',(24.5775691355715,-24.8076273907185,5.91535233937986));
#4895=CARTESIAN_POINT('Ctrl Pts',(24.4948227450057,-24.8489979225528,5.91492090592241));
#4896=CARTESIAN_POINT('Origin',(27.1642214459678,-30.2872176061108,20.779405684838));
#4897=CARTESIAN_POINT('',(24.5677037224721,-26.3267973171787,10.9021773386749));
#4898=CARTESIAN_POINT('Ctrl Pts',(24.5677037224721,-26.3267973171787,10.9021773386749));
#4899=CARTESIAN_POINT('Ctrl Pts',(24.5592715945355,-26.2033735284022,10.4614680609878));
#4900=CARTESIAN_POINT('Ctrl Pts',(24.5509026803525,-26.0765303420146,10.0146697143362));
#4901=CARTESIAN_POINT('Ctrl Pts',(24.5428934439896,-25.9459754671305,9.56185467613795));
#4902=CARTESIAN_POINT('Ctrl Pts',(24.5349426284869,-25.8163728837931,9.11234255507316));
#4903=CARTESIAN_POINT('Ctrl Pts',(24.5273462879039,-25.6831122269334,8.65690122194871));
#4904=CARTESIAN_POINT('Ctrl Pts',(24.5204434137566,-25.5459218071514,8.19560243613008));
#4905=CARTESIAN_POINT('Ctrl Pts',(24.513616046774,-25.4102320462857,7.73934957215552));
#4906=CARTESIAN_POINT('Ctrl Pts',(24.5074671431186,-25.270697711977,7.27736672183021));
#4907=CARTESIAN_POINT('Ctrl Pts',(24.5023719046909,-25.1270747080692,6.80972388493339));
#4908=CARTESIAN_POINT('Ctrl Pts',(24.4991243861887,-25.0355346615856,6.51166545513763));
#4909=CARTESIAN_POINT('Ctrl Pts',(24.4963058468629,-24.9423340568391,6.21130776730371));
#4910=CARTESIAN_POINT('Ctrl Pts',(24.4940233539652,-24.8474146304461,5.90866900420755));
#4911=CARTESIAN_POINT('Ctrl Pts',(26.7243569545952,-25.6894057769285,10.9036284203118));
#4912=CARTESIAN_POINT('Ctrl Pts',(26.6018483566148,-25.6805477079346,10.9036284203118));
#4913=CARTESIAN_POINT('Ctrl Pts',(26.4813137788406,-25.6790284961428,10.9036284203118));
#4914=CARTESIAN_POINT('Ctrl Pts',(25.9628212626079,-25.6994749044637,10.9036284203118));
#4915=CARTESIAN_POINT('Ctrl Pts',(25.491504911723,-25.8151180817476,10.9036284203118));
#4916=CARTESIAN_POINT('Ctrl Pts',(24.9403839671581,-26.076411706091,10.9036284203118));
#4917=CARTESIAN_POINT('Ctrl Pts',(24.7464920034249,-26.1918633867281,10.9036284203118));
#4918=CARTESIAN_POINT('Ctrl Pts',(24.5679222166836,-26.3270592831823,10.9036284203118));
#4919=CARTESIAN_POINT('Origin',(43.5796150622036,-24.3211788563805,25.254951794317));
#4920=CARTESIAN_POINT('',(24.5210488864064,-25.7421245601775,5.90453604779866));
#4921=CARTESIAN_POINT('Ctrl Pts',(24.5215411089876,-25.7418591616597,5.90273784209235));
#4922=CARTESIAN_POINT('Ctrl Pts',(24.543296543162,-26.1240299201173,4.59081216499665));
#4923=CARTESIAN_POINT('Ctrl Pts',(24.5794827529309,-26.5045879636477,3.28861159639108));
#4924=CARTESIAN_POINT('Ctrl Pts',(24.6498398213634,-26.9873527425956,1.6317936253079));
#4925=CARTESIAN_POINT('Ctrl Pts',(24.666855051141,-27.093466322609,1.26727304751543));
#4926=CARTESIAN_POINT('Ctrl Pts',(24.685479303208,-27.1991418648581,0.90362842031185));
#4927=CARTESIAN_POINT('',(24.6837533533486,-27.1997360747902,10.9031123479807));
#4928=CARTESIAN_POINT('Ctrl Pts',(24.6837533533486,-27.1997360747902,10.9031123479807));
#4929=CARTESIAN_POINT('Ctrl Pts',(24.6526003611537,-27.0090532810203,10.2432962654105));
#4930=CARTESIAN_POINT('Ctrl Pts',(24.6253768543566,-26.8171384530146,9.58276657400836));
#4931=CARTESIAN_POINT('Ctrl Pts',(24.6019527511759,-26.6243795799125,8.92143662581929));
#4932=CARTESIAN_POINT('Ctrl Pts',(24.5780278657428,-26.4274997284374,8.24596815124204));
#4933=CARTESIAN_POINT('Ctrl Pts',(24.55806618805,-26.2297394949668,7.56966479115129));
#4934=CARTESIAN_POINT('Ctrl Pts',(24.5419002040599,-26.0314667574777,6.89244247099627));
#4935=CARTESIAN_POINT('Ctrl Pts',(24.5340469025075,-25.935147498589,6.56345345916163));
#4936=CARTESIAN_POINT('Ctrl Pts',(24.5270889683327,-25.8387066023834,6.23424770556747));
#4937=CARTESIAN_POINT('Ctrl Pts',(24.5210052285142,-25.7421823694423,5.90481629496346));
#4938=CARTESIAN_POINT('Origin',(40.7246506698948,-24.6556418557502,10.9036284203118));
#4939=CARTESIAN_POINT('Origin',(25.8132663877381,-23.8176002162365,-0.121533004135197));
#4940=CARTESIAN_POINT('',(26.7460986128036,-26.0228649661918,5.90294376741203));
#4941=CARTESIAN_POINT('Ctrl Pts',(26.7460986128041,-26.0228649661917,5.90294376741202));
#4942=CARTESIAN_POINT('Ctrl Pts',(26.7971689490546,-26.2534375603372,4.93186316541489));
#4943=CARTESIAN_POINT('Ctrl Pts',(26.8477527349096,-26.48114901789,3.95886017142335));
#4944=CARTESIAN_POINT('Ctrl Pts',(26.9330875687984,-26.8641437027451,2.29998081798111));
#4945=CARTESIAN_POINT('Ctrl Pts',(26.9685508153104,-27.0229671139617,1.60543619190217));
#4946=CARTESIAN_POINT('Ctrl Pts',(27.004121589214,-27.1819087282319,0.903628420311797));
#4947=CARTESIAN_POINT('Ctrl Pts',(24.5215411089876,-25.7418591616597,5.90273784209234));
#4948=CARTESIAN_POINT('Ctrl Pts',(24.7853282648319,-25.8730260221768,5.90245818901576));
#4949=CARTESIAN_POINT('Ctrl Pts',(25.0885332014611,-25.9747979861388,5.90233329227571));
#4950=CARTESIAN_POINT('Ctrl Pts',(25.7082780043731,-26.1004854999656,5.90227378672043));
#4951=CARTESIAN_POINT('Ctrl Pts',(26.1345777734948,-26.114640258081,5.90239958116238));
#4952=CARTESIAN_POINT('Ctrl Pts',(26.5720658478854,-26.056273127131,5.90276092826321));
#4953=CARTESIAN_POINT('Ctrl Pts',(26.6587669549358,-26.0414244565245,5.90284414151231));
#4954=CARTESIAN_POINT('Ctrl Pts',(26.7460986128036,-26.0228649661918,5.90294376741203));
#4955=CARTESIAN_POINT('Origin',(26.1007975975376,-22.3852284705072,5.26405686833842));
#4956=CARTESIAN_POINT('',(26.999889384831,-27.1833517742567,10.9036284203118));
#4957=CARTESIAN_POINT('Ctrl Pts',(26.9998893848309,-27.1833517742567,10.9036284203118));
#4958=CARTESIAN_POINT('Ctrl Pts',(26.9147960640463,-26.7971911866596,9.20284295243987));
#4959=CARTESIAN_POINT('Ctrl Pts',(26.8300780039411,-26.4096963862428,7.53277956936537));
#4960=CARTESIAN_POINT('Ctrl Pts',(26.7460986128041,-26.0228649661917,5.90294376741202));
#4961=CARTESIAN_POINT('Origin',(25.8484843222286,-23.5984744312547,10.9036284203118));
#4962=CARTESIAN_POINT('Origin',(6684.11039592715,1426.32507861098,6.02431454766814));
#4963=CARTESIAN_POINT('',(27.0233847824768,-27.2872653545517,5.92962373634331));
#4964=CARTESIAN_POINT('Ctrl Pts',(27.0233847824773,-27.2872653545516,5.92962373634332));
#4965=CARTESIAN_POINT('Ctrl Pts',(27.0544331983632,-27.4275527349027,5.30322195318692));
#4966=CARTESIAN_POINT('Ctrl Pts',(27.0854793800522,-27.5675788280996,4.68563694968589));
#4967=CARTESIAN_POINT('Ctrl Pts',(27.1691726587302,-27.9444415556077,3.04185669044728));
#4968=CARTESIAN_POINT('Ctrl Pts',(27.2243221842192,-28.1921076922998,1.98153819677094));
#4969=CARTESIAN_POINT('Ctrl Pts',(27.2816312074858,-28.4487631719599,0.903628420931981));
#4970=CARTESIAN_POINT('',(27.2754753571254,-28.4381139908256,10.9036284203118));
#4971=CARTESIAN_POINT('Ctrl Pts',(27.2754753571255,-28.4381139908256,10.9036284203118));
#4972=CARTESIAN_POINT('Ctrl Pts',(27.2019562016024,-28.1051231023957,9.33511590543146));
#4973=CARTESIAN_POINT('Ctrl Pts',(27.1235477680582,-27.747314432873,7.77894842311338));
#4974=CARTESIAN_POINT('Ctrl Pts',(27.0350748948805,-27.3409879018625,6.14406584015774));
#4975=CARTESIAN_POINT('Ctrl Pts',(27.0292426867089,-27.3141912585016,6.03681832342872));
#4976=CARTESIAN_POINT('Ctrl Pts',(27.0233847824771,-27.2872653545516,5.92962373634332));
#4977=CARTESIAN_POINT('Origin',(6675.59545450428,1465.27385429597,10.9036284203117));
#4978=CARTESIAN_POINT('Origin',(7311.37051031439,3837.07486625311,6.60477662576518));
#4979=CARTESIAN_POINT('',(27.386395133084,-28.7517069246682,5.90693844101657));
#4980=CARTESIAN_POINT('Ctrl Pts',(27.9479395626202,-29.7999052087291,0.903628420311818));
#4981=CARTESIAN_POINT('Ctrl Pts',(27.8714609249007,-29.6574682283574,1.59969295499526));
#4982=CARTESIAN_POINT('Ctrl Pts',(27.7950986347556,-29.5151110045568,2.28872560139717));
#4983=CARTESIAN_POINT('Ctrl Pts',(27.6094783254965,-29.1687584359698,3.94919581878771));
#4984=CARTESIAN_POINT('Ctrl Pts',(27.4985730243017,-28.9615518524384,4.92905101395558));
#4985=CARTESIAN_POINT('Ctrl Pts',(27.3863951330842,-28.7517069246681,5.90693844101658));
#4986=CARTESIAN_POINT('',(27.9978092007582,-29.901123055995,5.90466558087375));
#4987=CARTESIAN_POINT('Ctrl Pts',(27.9978092007584,-29.9011230559949,5.90466558087376));
#4988=CARTESIAN_POINT('Ctrl Pts',(28.0692729921224,-30.0348414293091,5.24502001916711));
#4989=CARTESIAN_POINT('Ctrl Pts',(28.1406462912316,-30.1682860765991,4.59465405754036));
#4990=CARTESIAN_POINT('Ctrl Pts',(28.3223238428785,-30.5077216532714,2.9584845199717));
#4991=CARTESIAN_POINT('Ctrl Pts',(28.4375312214661,-30.7227368216531,1.93940587043402));
#4992=CARTESIAN_POINT('Ctrl Pts',(28.5568424023967,-30.9451647003637,0.903628420876133));
#4993=CARTESIAN_POINT('',(28.5459526679367,-30.9330225841179,10.9036284203118));
#4994=CARTESIAN_POINT('Ctrl Pts',(28.545952667934,-30.9330225841193,10.9036284203118));
#4995=CARTESIAN_POINT('Ctrl Pts',(28.3709789498895,-30.6046942889803,9.21804090299073));
#4996=CARTESIAN_POINT('Ctrl Pts',(28.1866905223137,-30.2577451354325,7.54076124933518));
#4997=CARTESIAN_POINT('Ctrl Pts',(27.9978092007584,-29.9011230559949,5.90466558087372));
#4998=CARTESIAN_POINT('',(27.9458665389443,-29.8055857197768,10.9036284203118));
#4999=CARTESIAN_POINT('Origin',(7293.64555873855,3870.43594798581,10.9036284203114));
#5000=CARTESIAN_POINT('Ctrl Pts',(27.3863951330841,-28.7517069246681,5.90693844101656));
#5001=CARTESIAN_POINT('Ctrl Pts',(27.5717096744908,-29.1018340199778,7.5258896406828));
#5002=CARTESIAN_POINT('Ctrl Pts',(27.7589357320612,-29.454564526808,9.19683853755383));
#5003=CARTESIAN_POINT('Ctrl Pts',(27.945866538942,-29.8055857197783,10.9036284203118));
#5004=CARTESIAN_POINT('Origin',(27.7316351474844,-31.3697752167964,4.01277361462667));
#5005=CARTESIAN_POINT('',(24.9138887821328,-28.248639006405,5.9289592430729));
#5006=CARTESIAN_POINT('Ctrl Pts',(24.9107850034813,-28.2342790285946,5.93041646284279));
#5007=CARTESIAN_POINT('Ctrl Pts',(24.9430122450952,-28.3506973397945,5.51936567915591));
#5008=CARTESIAN_POINT('Ctrl Pts',(24.9758136144955,-28.4646812111118,5.11618608502917));
#5009=CARTESIAN_POINT('Ctrl Pts',(25.110435361297,-28.9151320215549,3.51740514759789));
#5010=CARTESIAN_POINT('Ctrl Pts',(25.2305441488402,-29.276393344112,2.22313556186623));
#5011=CARTESIAN_POINT('Ctrl Pts',(25.3683703578971,-29.6320543216477,0.903628420311851));
#5012=CARTESIAN_POINT('Ctrl Pts',(27.0233847824768,-27.2872653545516,5.92962373634344));
#5013=CARTESIAN_POINT('Ctrl Pts',(26.8352023077185,-27.3049221497467,5.92207967178796));
#5014=CARTESIAN_POINT('Ctrl Pts',(26.6484557076345,-27.3372589922217,5.91673269903271));
#5015=CARTESIAN_POINT('Ctrl Pts',(26.0148768349317,-27.4991462860509,5.90513643783295));
#5016=CARTESIAN_POINT('Ctrl Pts',(25.5931596794927,-27.6994473416388,5.90873296493941));
#5017=CARTESIAN_POINT('Ctrl Pts',(25.2222595574645,-27.9730180142878,5.9233182164525));
#5018=CARTESIAN_POINT('Ctrl Pts',(25.1119904699589,-28.0543509302122,5.92765443065107));
#5019=CARTESIAN_POINT('Ctrl Pts',(25.0067266228396,-28.1417751950784,5.93296947593708));
#5020=CARTESIAN_POINT('Ctrl Pts',(24.9069141389265,-28.2347958278348,5.93928268054019));
#5021=CARTESIAN_POINT('Origin',(28.9290909719771,-32.7175369569287,20.8930489211446));
#5022=CARTESIAN_POINT('',(25.3658957481384,-29.6302340312539,10.9036284203118));
#5023=CARTESIAN_POINT('Ctrl Pts',(25.3658957481384,-29.6302340312539,10.9036284203118));
#5024=CARTESIAN_POINT('Ctrl Pts',(25.1067322310119,-28.9502682921707,8.41623721673183));
#5025=CARTESIAN_POINT('Ctrl Pts',(24.9139554454494,-28.2487713188645,5.92886057213582));
#5026=CARTESIAN_POINT('Ctrl Pts',(27.2754753571254,-28.4381139908256,10.9036284203118));
#5027=CARTESIAN_POINT('Ctrl Pts',(27.1476561161426,-28.4640557242171,10.9036284203118));
#5028=CARTESIAN_POINT('Ctrl Pts',(27.0239853786131,-28.4974536102021,10.9036284203118));
#5029=CARTESIAN_POINT('Ctrl Pts',(26.5259975893464,-28.6619150156903,10.9036284203118));
#5030=CARTESIAN_POINT('Ctrl Pts',(26.1061496721704,-28.9023515883513,10.9036284203118));
#5031=CARTESIAN_POINT('Ctrl Pts',(25.6535530067805,-29.3009740220252,10.9036284203118));
#5032=CARTESIAN_POINT('Ctrl Pts',(25.5031684048051,-29.4602122058265,10.9036284203118));
#5033=CARTESIAN_POINT('Ctrl Pts',(25.3715374862867,-29.6338554308639,10.9036284203118));
#5034=CARTESIAN_POINT('Origin',(25.8058516414915,-25.8101791889798,4.64915143840722));
#5035=CARTESIAN_POINT('',(25.1688918844291,-29.0854890373076,5.89967130392924));
#5036=CARTESIAN_POINT('Ctrl Pts',(25.7203355106946,-30.4440913050369,0.903628420311853));
#5037=CARTESIAN_POINT('Ctrl Pts',(25.542801908015,-30.0758649033972,2.28787712814485));
#5038=CARTESIAN_POINT('Ctrl Pts',(25.387146143719,-29.6959025686692,3.68282708812637));
#5039=CARTESIAN_POINT('Ctrl Pts',(25.2209756261266,-29.2355204823108,5.35601746086287));
#5040=CARTESIAN_POINT('Ctrl Pts',(25.1946402436495,-29.1605993929162,5.62773792394753));
#5041=CARTESIAN_POINT('Ctrl Pts',(25.1688918844291,-29.0854890373076,5.89967130392923));
#5042=CARTESIAN_POINT('Ctrl Pts',(25.1688918844291,-29.0854890373076,5.89967130392923));
#5043=CARTESIAN_POINT('Ctrl Pts',(25.4697504265417,-29.1413762183247,5.90193298277082));
#5044=CARTESIAN_POINT('Ctrl Pts',(25.8084188607542,-29.1555603370533,5.90362700999167));
#5045=CARTESIAN_POINT('Ctrl Pts',(26.4465906435926,-29.0989516096278,5.90599499033993));
#5046=CARTESIAN_POINT('Ctrl Pts',(26.8532269860808,-28.9944545706314,5.90684889426693));
#5047=CARTESIAN_POINT('Ctrl Pts',(27.2442745575424,-28.8228746049412,5.90698492148042));
#5048=CARTESIAN_POINT('Ctrl Pts',(27.315439734658,-28.7888099706095,5.90698014039168));
#5049=CARTESIAN_POINT('Ctrl Pts',(27.386395133084,-28.7517069246682,5.90693844101657));
#5050=CARTESIAN_POINT('Origin',(44.9524229187141,-21.797388719774,29.4054073211729));
#5051=CARTESIAN_POINT('',(25.7175669744258,-30.4438085438378,10.9036284203118));
#5052=CARTESIAN_POINT('Ctrl Pts',(25.7175669744258,-30.4438085438378,10.9036284203119));
#5053=CARTESIAN_POINT('Ctrl Pts',(25.5337129235765,-30.047797784684,9.41809404301627));
#5054=CARTESIAN_POINT('Ctrl Pts',(25.3662712592391,-29.6451705109932,7.94179885222323));
#5055=CARTESIAN_POINT('Ctrl Pts',(25.2053345351051,-29.1918176364574,6.28742065620655));
#5056=CARTESIAN_POINT('Ctrl Pts',(25.1868798961395,-29.1386175186766,6.09339461279212));
#5057=CARTESIAN_POINT('Ctrl Pts',(25.1688918844291,-29.0854890373076,5.89967130392922));
#5058=CARTESIAN_POINT('Origin',(40.9098431866176,-23.4726934126038,10.9036284203118));
#5059=CARTESIAN_POINT('Origin',(25.7894599020032,-25.6903656968553,6.71683979886472));
#5060=CARTESIAN_POINT('Origin',(25.8888536436837,-26.7082363650153,10.9036284203118));
#5061=CARTESIAN_POINT('Origin',(5997.57475680801,5654.49690499592,6.60468845375311));
#5062=CARTESIAN_POINT('',(29.6386115666852,-32.1508905133015,5.90073941485375));
#5063=CARTESIAN_POINT('Ctrl Pts',(29.6386115666865,-32.1508905133006,5.9007394148538));
#5064=CARTESIAN_POINT('Ctrl Pts',(29.7421049334181,-32.2589124979891,5.24974329089843));
#5065=CARTESIAN_POINT('Ctrl Pts',(29.8454357686855,-32.3666955813948,4.60791681871665));
#5066=CARTESIAN_POINT('Ctrl Pts',(30.1116742510827,-32.6442430658616,2.97302493908336));
#5067=CARTESIAN_POINT('Ctrl Pts',(30.2818219912393,-32.8214581123618,1.94671646237814));
#5068=CARTESIAN_POINT('Ctrl Pts',(30.457995800959,-33.0047791641494,0.903628420879968));
#5069=CARTESIAN_POINT('',(30.4566228196331,-33.008984525846,10.9036284203118));
#5070=CARTESIAN_POINT('Ctrl Pts',(30.4566228196329,-33.0089845258462,10.9036284203119));
#5071=CARTESIAN_POINT('Ctrl Pts',(30.1849094393618,-32.7246919318476,9.29118157133625));
#5072=CARTESIAN_POINT('Ctrl Pts',(29.9103382401363,-32.4367089874249,7.6154093971335));
#5073=CARTESIAN_POINT('Ctrl Pts',(29.6386115666863,-32.1508905133006,5.90073941485372));
#5074=CARTESIAN_POINT('',(29.5725929863518,-32.0831396918731,10.9036284202048));
#5075=CARTESIAN_POINT('Origin',(5972.15874527274,5681.15342976719,10.9036284203111));
#5076=CARTESIAN_POINT('',(28.7483491105622,-31.218067769671,5.93006521254574));
#5077=CARTESIAN_POINT('Ctrl Pts',(28.7483491105635,-31.2180677696701,5.93006521254567));
#5078=CARTESIAN_POINT('Ctrl Pts',(29.0102459802669,-31.4937068436352,7.60011129270159));
#5079=CARTESIAN_POINT('Ctrl Pts',(29.2840361251138,-31.7810581105951,9.25390166217093));
#5080=CARTESIAN_POINT('Ctrl Pts',(29.5725929866919,-32.0831396914887,10.9036284202157));
#5081=CARTESIAN_POINT('Ctrl Pts',(29.5763668977477,-32.0806055990073,0.903628420311244));
#5082=CARTESIAN_POINT('Ctrl Pts',(29.272194321959,-31.7640272809047,2.5588354267636));
#5083=CARTESIAN_POINT('Ctrl Pts',(28.9954771864578,-31.4757998998304,4.24153604095757));
#5084=CARTESIAN_POINT('Ctrl Pts',(28.7483491105635,-31.2180677696701,5.93006521254577));
#5085=CARTESIAN_POINT('Origin',(29.9036120777975,-33.7421146826075,3.32606641253913));
#5086=CARTESIAN_POINT('',(26.2215898710762,-31.3892900133636,5.92101655784485));
#5087=CARTESIAN_POINT('Ctrl Pts',(26.2171307740512,-31.3814636186176,5.92192884151672));
#5088=CARTESIAN_POINT('Ctrl Pts',(26.2622307757964,-31.4562507750057,5.62431280488542));
#5089=CARTESIAN_POINT('Ctrl Pts',(26.3072245285366,-31.5296135022514,5.3312280559237));
#5090=CARTESIAN_POINT('Ctrl Pts',(26.5547646658061,-31.9265291243482,3.73800579930019));
#5091=CARTESIAN_POINT('Ctrl Pts',(26.7846625414559,-32.2694461811496,2.33364840905765));
#5092=CARTESIAN_POINT('Ctrl Pts',(27.0322337128612,-32.5994339852743,0.903628420311851));
#5093=CARTESIAN_POINT('Ctrl Pts',(27.9978092007582,-29.901123055995,5.90466558087374));
#5094=CARTESIAN_POINT('Ctrl Pts',(27.9862452172841,-29.9053699885886,5.90499642002426));
#5095=CARTESIAN_POINT('Ctrl Pts',(27.9746969785604,-29.9096801013425,5.90532316857174));
#5096=CARTESIAN_POINT('Ctrl Pts',(27.5498478562656,-30.0708005953858,5.91721292304833));
#5097=CARTESIAN_POINT('Ctrl Pts',(27.1650752443163,-30.3059671666184,5.92373217277513));
#5098=CARTESIAN_POINT('Ctrl Pts',(26.5926343247436,-30.8377732533981,5.92902564315531));
#5099=CARTESIAN_POINT('Ctrl Pts',(26.3839359136641,-31.0960567300285,5.92931550236385));
#5100=CARTESIAN_POINT('Ctrl Pts',(26.2147172091482,-31.3826864322597,5.92754836453577));
#5101=CARTESIAN_POINT('Origin',(29.1706184894024,-33.1303376059047,5.14022962768696));
#5102=CARTESIAN_POINT('',(27.0304410049496,-32.5992528278971,10.9023291072608));
#5103=CARTESIAN_POINT('Ctrl Pts',(27.0304410049496,-32.5992528278971,10.9023291072608));
#5104=CARTESIAN_POINT('Ctrl Pts',(26.5968807808979,-32.0136437083486,8.4116656775609));
#5105=CARTESIAN_POINT('Ctrl Pts',(26.2215898710762,-31.3892900133636,5.92101655784485));
#5106=CARTESIAN_POINT('Ctrl Pts',(28.5459526679367,-30.9330225841178,10.9036284203118));
#5107=CARTESIAN_POINT('Ctrl Pts',(28.3753615264832,-31.0276043901376,10.9036284203118));
#5108=CARTESIAN_POINT('Ctrl Pts',(28.2023441915901,-31.1425986277298,10.9036284203118));
#5109=CARTESIAN_POINT('Ctrl Pts',(27.8482579023106,-31.4275035352872,10.9036284203118));
#5110=CARTESIAN_POINT('Ctrl Pts',(27.6725715055529,-31.6041762151007,10.9036284203118));
#5111=CARTESIAN_POINT('Ctrl Pts',(27.5282098518543,-31.7797270638312,10.9036284203118));
#5112=CARTESIAN_POINT('Ctrl Pts',(27.3838481981556,-31.9552779125616,10.9036284203118));
#5113=CARTESIAN_POINT('Ctrl Pts',(27.2444362099097,-32.1617803177087,10.9036284203118));
#5114=CARTESIAN_POINT('Ctrl Pts',(27.0924630214436,-32.4514408381108,10.9036284203118));
#5115=CARTESIAN_POINT('Ctrl Pts',(27.0579291962281,-32.52305939129,10.9036284203118));
#5116=CARTESIAN_POINT('Ctrl Pts',(27.0260756327745,-32.5951462750153,10.9036284203118));
#5117=CARTESIAN_POINT('Origin',(26.2455377343868,-28.1325972184054,9.05072460795424));
#5118=CARTESIAN_POINT('',(26.6948383343974,-32.1241019294876,5.92041114460995));
#5119=CARTESIAN_POINT('Ctrl Pts',(26.6933366695727,-32.1245721045576,5.92197492180463));
#5120=CARTESIAN_POINT('Ctrl Pts',(26.8280192939906,-32.1163790193297,5.91684939288965));
#5121=CARTESIAN_POINT('Ctrl Pts',(26.9622373831272,-32.0997751050058,5.91275496228247));
#5122=CARTESIAN_POINT('Ctrl Pts',(27.0952129910403,-32.0747614427255,5.90961262141874));
#5123=CARTESIAN_POINT('Ctrl Pts',(27.3284799651962,-32.0308822576309,5.90410029959858));
#5124=CARTESIAN_POINT('Ctrl Pts',(27.556207240939,-31.9614407824636,5.90151982184322));
#5125=CARTESIAN_POINT('Ctrl Pts',(27.9928169863135,-31.7736477561754,5.90217494171518));
#5126=CARTESIAN_POINT('Ctrl Pts',(28.1994556389081,-31.6561550004466,5.90541461675417));
#5127=CARTESIAN_POINT('Ctrl Pts',(28.5175806883375,-31.4262278743123,5.91648216081039));
#5128=CARTESIAN_POINT('Ctrl Pts',(28.6369764531565,-31.3259713474021,5.92238180728781));
#5129=CARTESIAN_POINT('Ctrl Pts',(28.7483491105624,-31.2180677696712,5.93006521254567));
#5130=CARTESIAN_POINT('Ctrl Pts',(27.6074501131215,-33.3049518753136,0.903628420311843));
#5131=CARTESIAN_POINT('Ctrl Pts',(27.4465017380024,-33.1233362464136,1.63049824614491));
#5132=CARTESIAN_POINT('Ctrl Pts',(27.2933824593638,-32.9374348910611,2.38538495980764));
#5133=CARTESIAN_POINT('Ctrl Pts',(26.9800286060728,-32.533857275111,4.08073554070795));
#5134=CARTESIAN_POINT('Ctrl Pts',(26.8289050208378,-32.3243390532476,4.99631930073016));
#5135=CARTESIAN_POINT('Ctrl Pts',(26.6916292985138,-32.125045725187,5.92040106154917));
#5136=CARTESIAN_POINT('Origin',(42.8411545065223,-20.5417715006605,26.7144840176984));
#5137=CARTESIAN_POINT('',(27.5937035680314,-33.3029687897723,10.898761217898));
#5138=CARTESIAN_POINT('Ctrl Pts',(27.5935164138944,-33.3030944817274,10.8985852129635));
#5139=CARTESIAN_POINT('Ctrl Pts',(27.5520330144373,-33.2564463945714,10.6956564689653));
#5140=CARTESIAN_POINT('Ctrl Pts',(27.5113554040075,-33.208848052536,10.4902730325379));
#5141=CARTESIAN_POINT('Ctrl Pts',(27.4716162224265,-33.1608991709838,10.2844983566301));
#5142=CARTESIAN_POINT('Ctrl Pts',(27.4315380338131,-33.1125412470861,10.0769682580025));
#5143=CARTESIAN_POINT('Ctrl Pts',(27.3924142716158,-33.0638270447842,9.86904020992256));
#5144=CARTESIAN_POINT('Ctrl Pts',(27.3543304948004,-33.0153562811609,9.66283774719848));
#5145=CARTESIAN_POINT('Ctrl Pts',(27.3159356198872,-32.9664895704017,9.45495086136138));
#5146=CARTESIAN_POINT('Ctrl Pts',(27.2785976527724,-32.9178704659493,9.24881788907848));
#5147=CARTESIAN_POINT('Ctrl Pts',(27.242354829736,-32.8700944709782,9.04662162325975));
#5148=CARTESIAN_POINT('Ctrl Pts',(27.2054395075903,-32.8214319745877,8.84067353025733));
#5149=CARTESIAN_POINT('Ctrl Pts',(27.1696602480576,-32.7736442684324,8.63880963233444));
#5150=CARTESIAN_POINT('Ctrl Pts',(27.1350080797759,-32.7273387664242,8.44334307712825));
#5151=CARTESIAN_POINT('Ctrl Pts',(27.1179993700062,-32.7046101210478,8.34740005041352));
#5152=CARTESIAN_POINT('Ctrl Pts',(27.1012614692278,-32.682238235115,8.25299839936699));
#5153=CARTESIAN_POINT('Ctrl Pts',(27.0847892159235,-32.6602930117017,8.16041217424069));
#5154=CARTESIAN_POINT('Ctrl Pts',(27.0518688552087,-32.6164347333357,7.97537544173717));
#5155=CARTESIAN_POINT('Ctrl Pts',(27.0200051257955,-32.5742788362001,7.79759052184407));
#5156=CARTESIAN_POINT('Ctrl Pts',(26.989033010059,-32.5332526957862,7.62489058943258));
#5157=CARTESIAN_POINT('Ctrl Pts',(26.9574208362976,-32.4913787246773,7.44862170556177));
#5158=CARTESIAN_POINT('Ctrl Pts',(26.9267375766633,-32.450681647794,7.2776501012552));
#5159=CARTESIAN_POINT('Ctrl Pts',(26.8968591701768,-32.4105687597531,7.10966510759286));
#5160=CARTESIAN_POINT('Ctrl Pts',(26.8667196118197,-32.3701052654724,6.94021184301205));
#5161=CARTESIAN_POINT('Ctrl Pts',(26.8373991744871,-32.3302361161317,6.77379759307295));
#5162=CARTESIAN_POINT('Ctrl Pts',(26.8088205858545,-32.2903701964006,6.60804445165049));
#5163=CARTESIAN_POINT('Ctrl Pts',(26.7800303698236,-32.2502090654193,6.44106389110877));
#5164=CARTESIAN_POINT('Ctrl Pts',(26.751993159083,-32.2100510046354,6.2747542623699));
#5165=CARTESIAN_POINT('Ctrl Pts',(26.7246785345116,-32.169311425674,6.1066785449534));
#5166=CARTESIAN_POINT('Ctrl Pts',(26.7146335946956,-32.1543294654524,6.04486878214399));
#5167=CARTESIAN_POINT('Ctrl Pts',(26.7046868383633,-32.1392690689721,5.9828201169292));
#5168=CARTESIAN_POINT('Ctrl Pts',(26.6948383343974,-32.1241019294876,5.92041114460992));
#5169=CARTESIAN_POINT('Origin',(40.1480886364433,-22.6388338577157,10.9036284203118));
#5170=CARTESIAN_POINT('Ctrl Pts',(28.871407419958,-31.0919244948991,5.9386909501959));
#5171=CARTESIAN_POINT('Ctrl Pts',(27.9910710223623,-32.0456446732103,5.87261504085112));
#5172=CARTESIAN_POINT('Ctrl Pts',(26.6930926358575,-32.1094962012986,5.86186944767782));
#5173=CARTESIAN_POINT('Ctrl Pts',(29.2034560222671,-31.5740168078359,8.47315014922352));
#5174=CARTESIAN_POINT('Ctrl Pts',(28.193058174123,-32.668640202403,8.39731214366283));
#5175=CARTESIAN_POINT('Ctrl Pts',(26.703315648148,-32.7419251952277,8.38497898982644));
#5176=CARTESIAN_POINT('Ctrl Pts',(29.5859084278765,-32.1015122696107,10.9914097464999));
#5177=CARTESIAN_POINT('Ctrl Pts',(28.426477467419,-33.3575919970502,10.9043856779234));
#5178=CARTESIAN_POINT('Ctrl Pts',(26.7169987597018,-33.4416864849531,10.8902333908572));
#5179=CARTESIAN_POINT('Ctrl Pts',(27.5964410657556,-33.3037341801243,10.9036284203118));
#5180=CARTESIAN_POINT('Ctrl Pts',(27.6670077845438,-33.284353829502,10.9036284203118));
#5181=CARTESIAN_POINT('Ctrl Pts',(27.7358449164555,-33.2634191075596,10.9036284203118));
#5182=CARTESIAN_POINT('Ctrl Pts',(28.0472574554737,-33.1601357602406,10.9036284203118));
#5183=CARTESIAN_POINT('Ctrl Pts',(28.3064458435753,-33.0469960240139,10.9036284203118));
#5184=CARTESIAN_POINT('Ctrl Pts',(28.7947029166706,-32.7679940772438,10.9036284203118));
#5185=CARTESIAN_POINT('Ctrl Pts',(29.0237732871792,-32.6021348163837,10.9036284203118));
#5186=CARTESIAN_POINT('Ctrl Pts',(29.3377395365022,-32.3279846810507,10.9036284203118));
#5187=CARTESIAN_POINT('Ctrl Pts',(29.458091800011,-32.2104303710098,10.9036284203118));
#5188=CARTESIAN_POINT('Ctrl Pts',(29.5725929863667,-32.0831396918865,10.9036284203118));
#5189=CARTESIAN_POINT('Origin',(32.8926791715027,-35.5087680180121,1.75886891105838));
#5190=CARTESIAN_POINT('',(28.3266024081681,-34.0593475292804,5.90548227693386));
#5191=CARTESIAN_POINT('Ctrl Pts',(28.3266024081681,-34.0593475292804,5.90548227693385));
#5192=CARTESIAN_POINT('Ctrl Pts',(28.6758155148712,-34.3937600188329,4.26575410308933));
#5193=CARTESIAN_POINT('Ctrl Pts',(29.0508117413114,-34.7144838887486,2.58698733898514));
#5194=CARTESIAN_POINT('Ctrl Pts',(29.436172644726,-35.0080715278817,0.903628420311839));
#5195=CARTESIAN_POINT('Ctrl Pts',(29.6386115666852,-32.1508905133015,5.90073941485373));
#5196=CARTESIAN_POINT('Ctrl Pts',(29.3772853528445,-32.3416170134227,5.90195149271608));
#5197=CARTESIAN_POINT('Ctrl Pts',(29.1252696934746,-32.5890416767075,5.90285299060327));
#5198=CARTESIAN_POINT('Ctrl Pts',(28.7796555950653,-33.0334305152879,5.90403199000869));
#5199=CARTESIAN_POINT('Ctrl Pts',(28.6199105317413,-33.2984870200297,5.90454057594959));
#5200=CARTESIAN_POINT('Ctrl Pts',(28.4426383966488,-33.6920627372722,5.9051091235117));
#5201=CARTESIAN_POINT('Ctrl Pts',(28.3753678362141,-33.8772820795613,5.90532609831312));
#5202=CARTESIAN_POINT('Ctrl Pts',(28.3266024081681,-34.0593475292804,5.90548227693386));
#5203=CARTESIAN_POINT('Origin',(32.8337799533812,-35.476930343451,9.94448640432926));
#5204=CARTESIAN_POINT('',(29.4399809651433,-35.0102135056267,10.9036284203118));
#5205=CARTESIAN_POINT('Ctrl Pts',(29.4399809651433,-35.0102135056267,10.9036284203118));
#5206=CARTESIAN_POINT('Ctrl Pts',(29.0525713265043,-34.7150275464271,9.22038044810656));
#5207=CARTESIAN_POINT('Ctrl Pts',(28.6765838464132,-34.3937167738739,7.54392977837281));
#5208=CARTESIAN_POINT('Ctrl Pts',(28.3266024081681,-34.0593475292804,5.90548227693385));
#5209=CARTESIAN_POINT('Origin',(33.0583099628008,-35.5773523232492,10.9036284203118));
#5210=CARTESIAN_POINT('Origin',(37.3499630005936,-24.6285913063555,8.112827492656));
#5211=CARTESIAN_POINT('',(30.1595070888299,-35.5211872283524,10.9036284203118));
#5212=CARTESIAN_POINT('',(28.9817960938915,-34.645089813854,5.90406539252078));
#5213=CARTESIAN_POINT('Ctrl Pts',(30.1595070888299,-35.5211872283523,10.9036284203118));
#5214=CARTESIAN_POINT('Ctrl Pts',(29.7502330087543,-35.2508461017692,9.23418872241671));
#5215=CARTESIAN_POINT('Ctrl Pts',(29.3548545551668,-34.9564185003833,7.56572973466383));
#5216=CARTESIAN_POINT('Ctrl Pts',(28.9817960938915,-34.645089813854,5.90406539252077));
#5217=CARTESIAN_POINT('Origin',(37.3543174433095,-24.627778419536,10.9036284203118));
#5218=CARTESIAN_POINT('Ctrl Pts',(28.9817960938915,-34.645089813854,5.90406539252078));
#5219=CARTESIAN_POINT('Ctrl Pts',(29.352640412871,-34.955030778352,4.24377560679198));
#5220=CARTESIAN_POINT('Ctrl Pts',(29.7478929347417,-35.2496670822064,2.57458235210565));
#5221=CARTESIAN_POINT('Ctrl Pts',(30.1589241364616,-35.5206348647716,0.903628420422093));
#5222=CARTESIAN_POINT('Origin',(28.4134800087135,-32.3306076647674,0.158402828466027));
#5223=CARTESIAN_POINT('',(30.705920934483,-33.2098911078976,5.90072475257324));
#5224=CARTESIAN_POINT('Ctrl Pts',(28.9817960938915,-34.645089813854,5.90406539252078));
#5225=CARTESIAN_POINT('Ctrl Pts',(29.2580639863967,-34.5404176732286,5.90160813884901));
#5226=CARTESIAN_POINT('Ctrl Pts',(29.540250157858,-34.3867652227287,5.89999235902033));
#5227=CARTESIAN_POINT('Ctrl Pts',(30.0542974006277,-34.0185690749229,5.89820468147256));
#5228=CARTESIAN_POINT('Ctrl Pts',(30.3547674705226,-33.7176652426195,5.89826136596587));
#5229=CARTESIAN_POINT('Ctrl Pts',(30.6110063424999,-33.3596649473791,5.89985012006925));
#5230=CARTESIAN_POINT('Ctrl Pts',(30.6595756302906,-33.2862846611643,5.90023953638493));
#5231=CARTESIAN_POINT('Ctrl Pts',(30.705920934483,-33.2098911078976,5.90072475257323));
#5232=CARTESIAN_POINT('Ctrl Pts',(30.7059209344829,-33.2098911078979,5.90072475257324));
#5233=CARTESIAN_POINT('Ctrl Pts',(30.9238756236078,-33.338624997728,4.86249341360018));
#5234=CARTESIAN_POINT('Ctrl Pts',(31.1387818697701,-33.465398818629,3.82243576542273));
#5235=CARTESIAN_POINT('Ctrl Pts',(31.4763349412742,-33.6642619486249,2.16397145188367));
#5236=CARTESIAN_POINT('Ctrl Pts',(31.6027713470365,-33.7386907797766,1.53714153116469));
#5237=CARTESIAN_POINT('Ctrl Pts',(31.7293805951498,-33.8131583748061,0.903628420311808));
#5238=CARTESIAN_POINT('Origin',(27.8801721921939,-31.589961359771,7.6126803781576));
#5239=CARTESIAN_POINT('',(31.7272666268692,-33.8171311597878,10.9036284203118));
#5240=CARTESIAN_POINT('Ctrl Pts',(31.7272666268694,-33.8171311597874,10.9036284203119));
#5241=CARTESIAN_POINT('Ctrl Pts',(31.3870284519276,-33.6154432316972,9.20089510686497));
#5242=CARTESIAN_POINT('Ctrl Pts',(31.0459307511503,-33.4126200705122,7.52984358855111));
#5243=CARTESIAN_POINT('Ctrl Pts',(30.7059209344831,-33.2098911078975,5.90072475257323));
#5244=CARTESIAN_POINT('Origin',(28.3101425044549,-32.2008972839468,10.9036284203118));
#5245=CARTESIAN_POINT('Origin',(4247.24076294725,7057.13126268807,6.60483386057741));
#5246=CARTESIAN_POINT('',(31.8197822040924,-33.8708911923379,5.92807089863415));
#5247=CARTESIAN_POINT('Ctrl Pts',(31.8197822040926,-33.8708911923377,5.92807089863417));
#5248=CARTESIAN_POINT('Ctrl Pts',(31.9519528505431,-33.948977466946,5.25976914373077));
#5249=CARTESIAN_POINT('Ctrl Pts',(32.0839070258706,-34.026877197135,4.6010070992811));
#5250=CARTESIAN_POINT('Ctrl Pts',(32.4169761693424,-34.2233714223849,2.95731069486472));
#5251=CARTESIAN_POINT('Ctrl Pts',(32.6269981516908,-34.3471473535489,1.93880314494334));
#5252=CARTESIAN_POINT('Ctrl Pts',(32.8443820384769,-34.4751272211405,0.903628420865354));
#5253=CARTESIAN_POINT('',(32.8380379987967,-34.475904534163,10.9036284203118));
#5254=CARTESIAN_POINT('Ctrl Pts',(32.8380379987969,-34.4759045341626,10.9036284203119));
#5255=CARTESIAN_POINT('Ctrl Pts',(32.6059938063495,-34.338443809842,9.71401921782314));
#5256=CARTESIAN_POINT('Ctrl Pts',(32.3670909786396,-34.1966119526711,8.52922193115556));
#5257=CARTESIAN_POINT('Ctrl Pts',(32.1221049723081,-34.0508760049711,7.35586188679257));
#5258=CARTESIAN_POINT('Ctrl Pts',(32.0224428709184,-33.9915895542334,6.87853042831845));
#5259=CARTESIAN_POINT('Ctrl Pts',(31.9216887796361,-33.9316064582906,6.40264898673537));
#5260=CARTESIAN_POINT('Ctrl Pts',(31.8197822040925,-33.8708911923377,5.92807089863415));
#5261=CARTESIAN_POINT('Origin',(4214.97860103935,7076.29726606175,10.903628420311));
#5262=CARTESIAN_POINT('Origin',(1807.13838683746,6547.13342086428,6.02404999297643));
#5263=CARTESIAN_POINT('',(34.3948847116933,-34.9438033512145,5.90901448267624));
#5264=CARTESIAN_POINT('Ctrl Pts',(34.3948847116935,-34.9438033512142,5.90901448267624));
#5265=CARTESIAN_POINT('Ctrl Pts',(34.7564581869875,-35.0400899472156,4.28429779049137));
#5266=CARTESIAN_POINT('Ctrl Pts',(35.1368396674948,-35.1410020296896,2.6144506588695));
#5267=CARTESIAN_POINT('Ctrl Pts',(35.5354913061415,-35.2463400767973,0.903628420385551));
#5268=CARTESIAN_POINT('',(35.5326719302231,-35.249445187765,10.903628420496));
#5269=CARTESIAN_POINT('Ctrl Pts',(35.5326719299776,-35.249445188058,10.9036284205336));
#5270=CARTESIAN_POINT('Ctrl Pts',(35.1743167681857,-35.1537923003297,9.31040593958325));
#5271=CARTESIAN_POINT('Ctrl Pts',(34.7936368475646,-35.0515842291207,7.63692911470243));
#5272=CARTESIAN_POINT('Ctrl Pts',(34.3948847116934,-34.9438033512143,5.90901448267624));
#5273=CARTESIAN_POINT('',(34.2853055602026,-34.915121075621,10.9036284203118));
#5274=CARTESIAN_POINT('Origin',(1768.96100258484,6557.40499943371,10.903628420311));
#5275=CARTESIAN_POINT('',(33.1380512086779,-34.6065275036442,5.90224939375289));
#5276=CARTESIAN_POINT('Ctrl Pts',(33.138051208678,-34.606527503644,5.90224939375289));
#5277=CARTESIAN_POINT('Ctrl Pts',(33.5197218297925,-34.7098143634445,7.528351971029));
#5278=CARTESIAN_POINT('Ctrl Pts',(33.9030988611529,-34.8129640775905,9.19942647096394));
#5279=CARTESIAN_POINT('Ctrl Pts',(34.2853055602026,-34.9151210756209,10.9036284203118));
#5280=CARTESIAN_POINT('Ctrl Pts',(34.2867479107451,-34.9109089461479,0.903628420311847));
#5281=CARTESIAN_POINT('Ctrl Pts',(34.1297395121232,-34.8694931165169,1.60230069476023));
#5282=CARTESIAN_POINT('Ctrl Pts',(33.972864911685,-34.8280317310507,2.2940366812954));
#5283=CARTESIAN_POINT('Ctrl Pts',(33.5931545548221,-34.7274918635891,3.95314073600946));
#5284=CARTESIAN_POINT('Ctrl Pts',(33.3669562011664,-34.6674444785293,4.92871874426509));
#5285=CARTESIAN_POINT('Ctrl Pts',(33.138051208678,-34.6065275036439,5.90224939375288));
#5286=CARTESIAN_POINT('Origin',(35.5102311225495,-36.173941024765,3.08100738166415));
#5287=CARTESIAN_POINT('',(31.0688188484315,-36.0683355320962,5.92808863053677));
#5288=CARTESIAN_POINT('Ctrl Pts',(31.0705405623359,-36.0625482132389,5.92811179630058));
#5289=CARTESIAN_POINT('Ctrl Pts',(31.1219914343482,-36.089437155691,5.73027990182683));
#5290=CARTESIAN_POINT('Ctrl Pts',(31.1730327522547,-36.1157868818574,5.53461104025438));
#5291=CARTESIAN_POINT('Ctrl Pts',(31.5894446565236,-36.3281313065394,3.94245056927859));
#5292=CARTESIAN_POINT('Ctrl Pts',(31.9909929107753,-36.5155327484413,2.43641422733087));
#5293=CARTESIAN_POINT('Ctrl Pts',(32.4015312159401,-36.6800117560599,0.903628420311852));
#5294=CARTESIAN_POINT('Ctrl Pts',(31.8197822040924,-33.8708911923379,5.92807089863429));
#5295=CARTESIAN_POINT('Ctrl Pts',(31.7388643055504,-33.9759563044784,5.92159890827713));
#5296=CARTESIAN_POINT('Ctrl Pts',(31.6634998192045,-34.0857034666999,5.91636931282427));
#5297=CARTESIAN_POINT('Ctrl Pts',(31.3543876835344,-34.59404132047,5.89818816356388));
#5298=CARTESIAN_POINT('Ctrl Pts',(31.1914352732278,-35.0319811720444,5.89771019449912));
#5299=CARTESIAN_POINT('Ctrl Pts',(31.0855123515171,-35.6806527069867,5.91471958678603));
#5300=CARTESIAN_POINT('Ctrl Pts',(31.0698899618564,-35.8728986277495,5.92188813398745));
#5301=CARTESIAN_POINT('Ctrl Pts',(31.069746549791,-36.065147348337,5.9312986273279));
#5302=CARTESIAN_POINT('Origin',(38.205862262095,-36.2423037596155,28.9333413290074));
#5303=CARTESIAN_POINT('',(32.4092646534681,-36.6801066536706,10.90135717624));
#5304=CARTESIAN_POINT('Ctrl Pts',(32.4092646534681,-36.6801066536706,10.90135717624));
#5305=CARTESIAN_POINT('Ctrl Pts',(32.2833040860973,-36.6275310897149,10.4264574695331));
#5306=CARTESIAN_POINT('Ctrl Pts',(32.154339130133,-36.5725170027919,9.9425117581129));
#5307=CARTESIAN_POINT('Ctrl Pts',(32.0223185889262,-36.5146723751661,9.44956997240774));
#5308=CARTESIAN_POINT('Ctrl Pts',(31.8916396014294,-36.4574155475453,8.96163731539833));
#5309=CARTESIAN_POINT('Ctrl Pts',(31.7579665013726,-36.3973852346755,8.46489051596041));
#5310=CARTESIAN_POINT('Ctrl Pts',(31.6212858065825,-36.3341656061366,7.95937774163811));
#5311=CARTESIAN_POINT('Ctrl Pts',(31.4865319742112,-36.271837219236,7.46099145704095));
#5312=CARTESIAN_POINT('Ctrl Pts',(31.3488544925031,-36.2064085794748,6.95408463924801));
#5313=CARTESIAN_POINT('Ctrl Pts',(31.2082799338994,-36.1374494055672,6.43870278182405));
#5314=CARTESIAN_POINT('Ctrl Pts',(31.1621044999471,-36.1147979399549,6.26941197163697));
#5315=CARTESIAN_POINT('Ctrl Pts',(31.1156168175051,-36.0917652978283,6.0992067248291));
#5316=CARTESIAN_POINT('Ctrl Pts',(31.0688188484315,-36.0683355320962,5.92808863053676));
#5317=CARTESIAN_POINT('Ctrl Pts',(32.8380379987967,-34.475904534163,10.9036284203118));
#5318=CARTESIAN_POINT('Ctrl Pts',(32.7733703089581,-34.5808589597631,10.9036284203118));
#5319=CARTESIAN_POINT('Ctrl Pts',(32.7161934089197,-34.6874912233214,10.9036284203118));
#5320=CARTESIAN_POINT('Ctrl Pts',(32.4955780511046,-35.1563193818033,10.9036284203118));
#5321=CARTESIAN_POINT('Ctrl Pts',(32.3812324187971,-35.6265412042071,10.9036284203118));
#5322=CARTESIAN_POINT('Ctrl Pts',(32.3590741605071,-36.2346892755298,10.9036284203118));
#5323=CARTESIAN_POINT('Ctrl Pts',(32.3721634909702,-36.4597537294743,10.9036284203118));
#5324=CARTESIAN_POINT('Ctrl Pts',(32.4098533862989,-36.6802780617323,10.9036284203118));
#5325=CARTESIAN_POINT('Origin',(30.1666779059307,-33.9590103285335,3.17089892819398));
#5326=CARTESIAN_POINT('',(31.8666978798687,-36.453040366931,5.90308674193737));
#5327=CARTESIAN_POINT('Ctrl Pts',(31.8666978798687,-36.453040366931,5.90308674193738));
#5328=CARTESIAN_POINT('Ctrl Pts',(32.1039126024209,-36.2786693139796,5.90386166974533));
#5329=CARTESIAN_POINT('Ctrl Pts',(32.3334240861699,-36.0558081250711,5.90428055342458));
#5330=CARTESIAN_POINT('Ctrl Pts',(32.728750168752,-35.5638803014758,5.9044752334502));
#5331=CARTESIAN_POINT('Ctrl Pts',(32.9368045322029,-35.19319438234,5.90403691294074));
#5332=CARTESIAN_POINT('Ctrl Pts',(33.0868357293606,-34.778369997149,5.90284660337928));
#5333=CARTESIAN_POINT('Ctrl Pts',(33.1139715684204,-34.6936099342604,5.9025717199288));
#5334=CARTESIAN_POINT('Ctrl Pts',(33.1380512086779,-34.6065275036442,5.90224939375291));
#5335=CARTESIAN_POINT('Ctrl Pts',(33.2366804940915,-36.978096659563,0.903628420311849));
#5336=CARTESIAN_POINT('Ctrl Pts',(33.1632167416711,-36.9550641355303,1.16463195096841));
#5337=CARTESIAN_POINT('Ctrl Pts',(33.0899163758122,-36.931192833681,1.42611134006539));
#5338=CARTESIAN_POINT('Ctrl Pts',(32.6281182108364,-36.7754564036609,3.080346315438));
#5339=CARTESIAN_POINT('Ctrl Pts',(32.2445051510124,-36.6222431585081,4.48588632671282));
#5340=CARTESIAN_POINT('Ctrl Pts',(31.8666978798687,-36.453040366931,5.90308674193738));
#5341=CARTESIAN_POINT('Origin',(39.065939684368,-19.6832430790088,22.6797756673003));
#5342=CARTESIAN_POINT('',(33.2342301500618,-36.9796980819135,10.9036284203118));
#5343=CARTESIAN_POINT('Origin',(38.3309541926774,-21.6295507523598,10.9036284203118));
#5344=CARTESIAN_POINT('Ctrl Pts',(33.2342301500618,-36.9796980819135,10.9036284203119));
#5345=CARTESIAN_POINT('Ctrl Pts',(32.7667505413273,-36.826308824793,9.223885734241));
#5346=CARTESIAN_POINT('Ctrl Pts',(32.3051380962504,-36.6509119848373,7.55417050089499));
#5347=CARTESIAN_POINT('Ctrl Pts',(31.8666978798687,-36.453040366931,5.90308674193739));
#5348=CARTESIAN_POINT('Origin',(29.3011754741806,-33.2640123819744,3.68616761355441));
#5349=CARTESIAN_POINT('Origin',(30.574487061169,-34.2877019493628,10.9036284203118));
#5350=CARTESIAN_POINT('Origin',(-31.6806304562044,6782.74654740462,6.02385633892175));
#5351=CARTESIAN_POINT('',(38.3439768761961,-35.2673442426064,10.9036284203118));
#5352=CARTESIAN_POINT('',(37.1566495130849,-35.2801053479018,5.89127701254917));
#5353=CARTESIAN_POINT('Ctrl Pts',(38.3439768761961,-35.2673442426056,10.9036284203118));
#5354=CARTESIAN_POINT('Ctrl Pts',(37.9501761051458,-35.2721872160668,9.28870032060175));
#5355=CARTESIAN_POINT('Ctrl Pts',(37.5515717407818,-35.2765067499502,7.6095381140926));
#5356=CARTESIAN_POINT('Ctrl Pts',(37.156649513085,-35.2801053479015,5.89127701254916));
#5357=CARTESIAN_POINT('',(37.0647694570394,-35.2818163400499,10.9036284207486));
#5358=CARTESIAN_POINT('Origin',(-72.5892934560152,6782.32455110617,10.903628420311));
#5359=CARTESIAN_POINT('',(35.8663101047587,-35.2942951820214,5.86541355281657));
#5360=CARTESIAN_POINT('Ctrl Pts',(35.8663101047591,-35.2942951820211,5.8654135528165));
#5361=CARTESIAN_POINT('Ctrl Pts',(36.2211813528821,-35.2912576983021,7.54482889747653));
#5362=CARTESIAN_POINT('Ctrl Pts',(36.620446632936,-35.2871134636383,9.22930465212314));
#5363=CARTESIAN_POINT('Ctrl Pts',(37.0647694564921,-35.2818163396654,10.9036284208927));
#5364=CARTESIAN_POINT('Ctrl Pts',(37.0455680851365,-35.2775944430593,0.903628420311847));
#5365=CARTESIAN_POINT('Ctrl Pts',(36.8902247754801,-35.2799675845277,1.57245484820358));
#5366=CARTESIAN_POINT('Ctrl Pts',(36.7350151588291,-35.2822668798294,2.23464490426852));
#5367=CARTESIAN_POINT('Ctrl Pts',(36.3454534543448,-35.2878686656926,3.88171436462724));
#5368=CARTESIAN_POINT('Ctrl Pts',(36.107390881081,-35.2911369329553,4.87456097454058));
#5369=CARTESIAN_POINT('Ctrl Pts',(35.8663101047589,-35.2942951820211,5.86541355281664));
#5370=CARTESIAN_POINT('Ctrl Pts',(37.156649513085,-35.2801053479015,5.89127701254919));
#5371=CARTESIAN_POINT('Ctrl Pts',(37.5676462580528,-35.2748196489844,4.17217084531429));
#5372=CARTESIAN_POINT('Ctrl Pts',(37.9677252122531,-35.2692318147058,2.48933155985137));
#5373=CARTESIAN_POINT('Ctrl Pts',(38.3431068452269,-35.2636305505845,0.903628421024311));
#5374=CARTESIAN_POINT('Origin',(34.7515344426966,-36.6481178960591,17.1622180123352));
#5375=CARTESIAN_POINT('',(34.2585582543895,-37.2535446126964,5.91871527319759));
#5376=CARTESIAN_POINT('Ctrl Pts',(34.2585582543895,-37.2535446126964,5.9187152731976));
#5377=CARTESIAN_POINT('Ctrl Pts',(34.6062341784617,-37.3313051858944,4.72537332622644));
#5378=CARTESIAN_POINT('Ctrl Pts',(34.9653319502717,-37.395723866594,3.49235273228999));
#5379=CARTESIAN_POINT('Ctrl Pts',(35.3167795118328,-37.4435742668981,2.26894991944098));
#5380=CARTESIAN_POINT('Ctrl Pts',(35.4474624054335,-37.4613670458376,1.81403761641593));
#5381=CARTESIAN_POINT('Ctrl Pts',(35.5775498096056,-37.4770029269902,1.35892849301453));
#5382=CARTESIAN_POINT('Ctrl Pts',(35.7068650375165,-37.490547470787,0.903628420311853));
#5383=CARTESIAN_POINT('Ctrl Pts',(34.3948847116933,-34.9438033512145,5.90901448267624));
#5384=CARTESIAN_POINT('Ctrl Pts',(34.3178863174446,-35.128984570101,5.90719966001116));
#5385=CARTESIAN_POINT('Ctrl Pts',(34.2563594680393,-35.3209851099771,5.90616198370024));
#5386=CARTESIAN_POINT('Ctrl Pts',(34.1186060581788,-35.9262748256984,5.90501685168078));
#5387=CARTESIAN_POINT('Ctrl Pts',(34.0993572254666,-36.3472329106541,5.90703449258869));
#5388=CARTESIAN_POINT('Ctrl Pts',(34.1554892804437,-36.76204319038,5.91172970646286));
#5389=CARTESIAN_POINT('Ctrl Pts',(34.1779955505021,-36.9283622781511,5.91361226272197));
#5390=CARTESIAN_POINT('Ctrl Pts',(34.2124721705832,-37.0925893863733,5.9159281824539));
#5391=CARTESIAN_POINT('Ctrl Pts',(34.2585582543895,-37.2535446126964,5.91871527319764));
#5392=CARTESIAN_POINT('Origin',(39.0453570043624,-36.0917063243611,10.6312973324203));
#5393=CARTESIAN_POINT('',(35.707916596849,-37.4894788104356,10.9036284203118));
#5394=CARTESIAN_POINT('Ctrl Pts',(35.707916596849,-37.4894788104356,10.9036284203118));
#5395=CARTESIAN_POINT('Ctrl Pts',(35.2389004139884,-37.4401353311643,9.2194653924778));
#5396=CARTESIAN_POINT('Ctrl Pts',(34.7548837564645,-37.3634613134527,7.56987210376258));
#5397=CARTESIAN_POINT('Ctrl Pts',(34.2585582543895,-37.2535446126964,5.91871527319759));
#5398=CARTESIAN_POINT('Ctrl Pts',(35.5326719300128,-35.2494451877113,10.9036284203118));
#5399=CARTESIAN_POINT('Ctrl Pts',(35.4798314996947,-35.4565476828942,10.9036284203118));
#5400=CARTESIAN_POINT('Ctrl Pts',(35.4426965702479,-35.6854588075977,10.9036284203118));
#5401=CARTESIAN_POINT('Ctrl Pts',(35.4156961781021,-36.1594582253391,10.9036284203118));
#5402=CARTESIAN_POINT('Ctrl Pts',(35.4289019011039,-36.4047459060292,10.9036284203118));
#5403=CARTESIAN_POINT('Ctrl Pts',(35.4950376220316,-36.8479956717816,10.9036284203118));
#5404=CARTESIAN_POINT('Ctrl Pts',(35.5540100202715,-37.0864546696496,10.9036284203118));
#5405=CARTESIAN_POINT('Ctrl Pts',(35.6600775534253,-37.3742293253568,10.9036284203118));
#5406=CARTESIAN_POINT('Ctrl Pts',(35.6832951643747,-37.4323344070185,10.9036284203118));
#5407=CARTESIAN_POINT('Ctrl Pts',(35.707916596849,-37.4894788104356,10.9036284203118));
#5408=CARTESIAN_POINT('Origin',(32.7946307813142,-35.4630513272543,3.22122261568911));
#5409=CARTESIAN_POINT('',(35.1322509451904,-37.4164760778016,5.90007604401389));
#5410=CARTESIAN_POINT('Ctrl Pts',(35.1322509451904,-37.4164760778016,5.90007604401389));
#5411=CARTESIAN_POINT('Ctrl Pts',(35.248375988202,-37.2712761289036,5.89095703724958));
#5412=CARTESIAN_POINT('Ctrl Pts',(35.3516235353953,-37.1174558905269,5.88369825178823));
#5413=CARTESIAN_POINT('Ctrl Pts',(35.6572733710042,-36.5700739243591,5.86399605538715));
#5414=CARTESIAN_POINT('Ctrl Pts',(35.7899137047009,-36.1524329359262,5.85849127538156));
#5415=CARTESIAN_POINT('Ctrl Pts',(35.8593634398423,-35.5838098112504,5.86113470585673));
#5416=CARTESIAN_POINT('Ctrl Pts',(35.8674436010328,-35.438465756663,5.86275052774339));
#5417=CARTESIAN_POINT('Ctrl Pts',(35.866310104759,-35.2942951820214,5.86541355281626));
#5418=CARTESIAN_POINT('Ctrl Pts',(36.5910974111611,-37.5520461941916,0.903628420311842));
#5419=CARTESIAN_POINT('Ctrl Pts',(36.1074929429393,-37.5351573714547,2.54821613435839));
#5420=CARTESIAN_POINT('Ctrl Pts',(35.615933651159,-37.4897881925626,4.22031148998454));
#5421=CARTESIAN_POINT('Ctrl Pts',(35.1322509451904,-37.4164760778015,5.90007604401389));
#5422=CARTESIAN_POINT('Origin',(37.0520363351141,-24.718587590484,8.10767123921994));
#5423=CARTESIAN_POINT('',(36.6150635500173,-37.5529266772594,10.9036284203118));
#5424=CARTESIAN_POINT('Ctrl Pts',(36.6150635500173,-37.5529266772594,10.9036284203118));
#5425=CARTESIAN_POINT('Ctrl Pts',(36.4519256504098,-37.5473076832051,10.4126981643953));
#5426=CARTESIAN_POINT('Ctrl Pts',(36.2931415991876,-37.5387539677624,9.92013272288372));
#5427=CARTESIAN_POINT('Ctrl Pts',(36.1391825275839,-37.527783486783,9.4262167004715));
#5428=CARTESIAN_POINT('Ctrl Pts',(35.7764555637005,-37.5019370769773,8.26255250480683));
#5429=CARTESIAN_POINT('Ctrl Pts',(35.439466868858,-37.4625933729017,7.08780940405743));
#5430=CARTESIAN_POINT('Ctrl Pts',(35.1322509451904,-37.4164760778016,5.90007604401388));
#5431=CARTESIAN_POINT('Origin',(37.0568861483874,-24.7192276314929,10.9036284203118));
#5432=CARTESIAN_POINT('Origin',(31.9536208841679,-35.0421822650832,2.85283457632276));
#5433=CARTESIAN_POINT('Ctrl Pts',(36.6150635500173,-37.5529266772594,10.9036284203118));
#5434=CARTESIAN_POINT('Ctrl Pts',(36.6685283744827,-37.4599551796086,10.9036284203118));
#5435=CARTESIAN_POINT('Ctrl Pts',(36.7166957479969,-37.3664875683208,10.9036284203118));
#5436=CARTESIAN_POINT('Ctrl Pts',(36.7592630273589,-37.2748654739687,10.9036284203118));
#5437=CARTESIAN_POINT('Ctrl Pts',(36.85718629735,-37.0640947783341,10.9036284203118));
#5438=CARTESIAN_POINT('Ctrl Pts',(36.9423117772874,-36.8239607169391,10.9036284203118));
#5439=CARTESIAN_POINT('Ctrl Pts',(37.0577271872176,-36.3308372636002,10.9036284203118));
#5440=CARTESIAN_POINT('Ctrl Pts',(37.0880278398139,-36.0778503813403,10.9036284203118));
#5441=CARTESIAN_POINT('Ctrl Pts',(37.0986255663791,-35.6665576875649,10.9036284203118));
#5442=CARTESIAN_POINT('Ctrl Pts',(37.0898161891983,-35.4745190470944,10.9036284203118));
#5443=CARTESIAN_POINT('Ctrl Pts',(37.0647694563985,-35.2818163401332,10.9036284203118));
#5444=CARTESIAN_POINT('Origin',(41.8586716593316,-35.1844190636729,1.65715384288716));
#5445=CARTESIAN_POINT('',(37.6563450032786,-37.542005788752,5.90030013992578));
#5446=CARTESIAN_POINT('Ctrl Pts',(37.6539374609789,-37.5441103327278,5.89779527019475));
#5447=CARTESIAN_POINT('Ctrl Pts',(37.7930476302059,-37.533982777134,5.4363311914421));
#5448=CARTESIAN_POINT('Ctrl Pts',(37.9374485435132,-37.521229255301,4.95258707650227));
#5449=CARTESIAN_POINT('Ctrl Pts',(38.0869124401287,-37.5060637241033,4.44648902001451));
#5450=CARTESIAN_POINT('Ctrl Pts',(38.2350350764666,-37.4910342854673,3.94493259020141));
#5451=CARTESIAN_POINT('Ctrl Pts',(38.3881298554938,-37.4736359173485,3.42142149383589));
#5452=CARTESIAN_POINT('Ctrl Pts',(38.5459845100228,-37.4541270153111,2.87588352850621));
#5453=CARTESIAN_POINT('Ctrl Pts',(38.701910427763,-37.4348564815192,2.33701118318348));
#5454=CARTESIAN_POINT('Ctrl Pts',(38.8624802608304,-37.4135267251616,1.77664682399598));
#5455=CARTESIAN_POINT('Ctrl Pts',(39.0275040820076,-37.3904356219907,1.19472244295899));
#5456=CARTESIAN_POINT('Ctrl Pts',(39.0548210650539,-37.3866132691367,1.09839441990398));
#5457=CARTESIAN_POINT('Ctrl Pts',(39.0822601332635,-37.3827427615645,1.00147562882229));
#5458=CARTESIAN_POINT('Ctrl Pts',(39.1098204750219,-37.3788255797719,0.903965769218061));
#5459=CARTESIAN_POINT('Ctrl Pts',(37.1566495130849,-35.2801053479018,5.89127701254917));
#5460=CARTESIAN_POINT('Ctrl Pts',(37.127301236358,-35.5250329966696,5.89447446787232));
#5461=CARTESIAN_POINT('Ctrl Pts',(37.1234993888257,-35.7722351001931,5.89644618035449));
#5462=CARTESIAN_POINT('Ctrl Pts',(37.1868025309238,-36.474404327828,5.89952795559621));
#5463=CARTESIAN_POINT('Ctrl Pts',(37.3167101533475,-36.9152541719792,5.89850853031985));
#5464=CARTESIAN_POINT('Ctrl Pts',(37.5665632436825,-37.3943551111584,5.89402291529481));
#5465=CARTESIAN_POINT('Ctrl Pts',(37.6094226135827,-37.4695276268202,5.89319879083232));
#5466=CARTESIAN_POINT('Ctrl Pts',(37.6548991378368,-37.5428451687396,5.89226583600181));
#5467=CARTESIAN_POINT('Origin',(41.7801967856063,-35.2105119222348,9.97799163530595));
#5468=CARTESIAN_POINT('',(39.1124768189952,-37.3766647063856,10.9024187379948));
#5469=CARTESIAN_POINT('Ctrl Pts',(39.1124768189952,-37.3766647063856,10.9024187379948));
#5470=CARTESIAN_POINT('Ctrl Pts',(38.9272090688873,-37.4061013524197,10.2580033633576));
#5471=CARTESIAN_POINT('Ctrl Pts',(38.7412767445859,-37.4324888957826,9.6153765328689));
#5472=CARTESIAN_POINT('Ctrl Pts',(38.5549811263361,-37.4556386969093,8.97444683210387));
#5473=CARTESIAN_POINT('Ctrl Pts',(38.3729839280021,-37.4782543600507,8.34830537497163));
#5474=CARTESIAN_POINT('Ctrl Pts',(38.1906399729648,-37.4977794330202,7.72378358908512));
#5475=CARTESIAN_POINT('Ctrl Pts',(38.0082780468341,-37.5140418578667,7.10078513392416));
#5476=CARTESIAN_POINT('Ctrl Pts',(37.8912738223397,-37.5244759021211,6.70106654872403));
#5477=CARTESIAN_POINT('Ctrl Pts',(37.7742631678594,-37.5335669492702,6.30197482915607));
#5478=CARTESIAN_POINT('Ctrl Pts',(37.6573437704326,-37.5412720307499,5.90348217573557));
#5479=CARTESIAN_POINT('Origin',(42.0008333650259,-35.1175441875762,10.9036284203118));
#5480=CARTESIAN_POINT('Origin',(35.879215771836,-18.8595903962047,24.3289144749059));
#5481=CARTESIAN_POINT('',(39.9765352607354,-37.2003116641927,10.9030741578015));
#5482=CARTESIAN_POINT('Origin',(36.3519641109437,-21.3997273701165,10.9036284203118));
#5483=CARTESIAN_POINT('',(38.5335977976135,-37.4622238514331,5.90474629645738));
#5484=CARTESIAN_POINT('Ctrl Pts',(38.5335965610164,-37.4615325215354,5.90442993587214));
#5485=CARTESIAN_POINT('Ctrl Pts',(39.0175269562422,-37.4006417472308,4.23622194292576));
#5486=CARTESIAN_POINT('Ctrl Pts',(39.4964662359253,-37.3166429706873,2.58455858040785));
#5487=CARTESIAN_POINT('Ctrl Pts',(39.9684173486649,-37.2003677578871,0.936439494909178));
#5488=CARTESIAN_POINT('Ctrl Pts',(39.9731148365012,-37.1992069681597,0.920032951933682));
#5489=CARTESIAN_POINT('Ctrl Pts',(39.977811094943,-37.1980430073754,0.903628420311838));
#5490=CARTESIAN_POINT('Ctrl Pts',(39.9765352607354,-37.2003116641927,10.9030741578015));
#5491=CARTESIAN_POINT('Ctrl Pts',(39.7888266373331,-37.2443017374562,10.2447623991633));
#5492=CARTESIAN_POINT('Ctrl Pts',(39.5996375619473,-37.2844767655286,9.58571971821109));
#5493=CARTESIAN_POINT('Ctrl Pts',(39.4093616985944,-37.320941701422,8.92585957059147));
#5494=CARTESIAN_POINT('Ctrl Pts',(39.2149835452186,-37.3581928102965,8.25177303790992));
#5495=CARTESIAN_POINT('Ctrl Pts',(39.0194713983413,-37.3915725049407,7.57683336473683));
#5496=CARTESIAN_POINT('Ctrl Pts',(38.8232011702257,-37.4212242083733,6.90095666005065));
#5497=CARTESIAN_POINT('Ctrl Pts',(38.7268365967408,-37.4357825740603,6.5691153461601));
#5498=CARTESIAN_POINT('Ctrl Pts',(38.6302886044557,-37.4494427072521,6.23704828162569));
#5499=CARTESIAN_POINT('Ctrl Pts',(38.5335977976135,-37.4622238514331,5.90474629645737));
#5500=CARTESIAN_POINT('Origin',(36.3817637843951,-36.2938310749419,0.379837390424393));
#5501=CARTESIAN_POINT('',(38.6609081014108,-35.2232330600766,5.90275014818923));
#5502=CARTESIAN_POINT('Ctrl Pts',(38.6609081014108,-35.2232330600763,5.90275014818923));
#5503=CARTESIAN_POINT('Ctrl Pts',(38.8863111728284,-35.1568846665131,4.93691146888046));
#5504=CARTESIAN_POINT('Ctrl Pts',(39.1090842697179,-35.091162652657,3.96891933181791));
#5505=CARTESIAN_POINT('Ctrl Pts',(39.4861213124813,-34.9796713179807,2.30932849207256));
#5506=CARTESIAN_POINT('Ctrl Pts',(39.6435698919527,-34.9330350618651,1.60985397021283));
#5507=CARTESIAN_POINT('Ctrl Pts',(39.8010856961804,-34.8862958813355,0.903628420311837));
#5508=CARTESIAN_POINT('Ctrl Pts',(38.5335599874012,-37.4618630582911,5.90406602624833));
#5509=CARTESIAN_POINT('Ctrl Pts',(38.6408033714185,-37.2025783712008,5.90393928213605));
#5510=CARTESIAN_POINT('Ctrl Pts',(38.7183303135656,-36.9127059899223,5.90380230997771));
#5511=CARTESIAN_POINT('Ctrl Pts',(38.8079559235838,-36.3008109826137,5.90348705284678));
#5512=CARTESIAN_POINT('Ctrl Pts',(38.7986172447715,-35.8729055556052,5.90323935090799));
#5513=CARTESIAN_POINT('Ctrl Pts',(38.7131871380839,-35.4240809580244,5.90291105556001));
#5514=CARTESIAN_POINT('Ctrl Pts',(38.6895979683895,-35.3238384350161,5.90283351550356));
#5515=CARTESIAN_POINT('Ctrl Pts',(38.6609081014109,-35.2232330600766,5.90275014818922));
#5516=CARTESIAN_POINT('Origin',(35.9724214364694,-36.2395986518327,9.5325292994372));
#5517=CARTESIAN_POINT('',(39.8022219530457,-34.8905904645334,10.9036284203118));
#5518=CARTESIAN_POINT('Ctrl Pts',(39.8022219530457,-34.8905904645334,10.9036284203118));
#5519=CARTESIAN_POINT('Ctrl Pts',(39.422448343618,-35.0019309564676,9.20255186216447));
#5520=CARTESIAN_POINT('Ctrl Pts',(39.0413320197383,-35.1129844685139,7.53237690399516));
#5521=CARTESIAN_POINT('Ctrl Pts',(38.6609081014107,-35.2232330600763,5.90275014818922));
#5522=CARTESIAN_POINT('Origin',(36.2991949964083,-36.284141927955,10.9036284203118));
#5523=CARTESIAN_POINT('Origin',(-1866.92164180567,6515.40609336983,6.02347160281759));
#5524=CARTESIAN_POINT('',(39.9040982068791,-34.8601135352649,5.92961495540629));
#5525=CARTESIAN_POINT('Ctrl Pts',(39.904098206879,-34.8601135352645,5.9296149554063));
#5526=CARTESIAN_POINT('Ctrl Pts',(40.0509145008981,-34.8169242262395,5.26345736390864));
#5527=CARTESIAN_POINT('Ctrl Pts',(40.1974404847972,-34.7737562312597,4.60681231829681));
#5528=CARTESIAN_POINT('Ctrl Pts',(40.5684902840389,-34.6642936676888,2.9625547647958));
#5529=CARTESIAN_POINT('Ctrl Pts',(40.8028948992993,-34.5950024644203,1.94142569688851));
#5530=CARTESIAN_POINT('Ctrl Pts',(41.0453995576678,-34.5231677137075,0.903628420870182));
#5531=CARTESIAN_POINT('',(41.0354217283029,-34.5299685513435,10.9036284203118));
#5532=CARTESIAN_POINT('Ctrl Pts',(41.035421728303,-34.5299685513436,10.9036284203119));
#5533=CARTESIAN_POINT('Ctrl Pts',(40.6973422470939,-34.6292337151868,9.28737054815216));
#5534=CARTESIAN_POINT('Ctrl Pts',(40.3216389628176,-34.7389112328148,7.62395973782102));
#5535=CARTESIAN_POINT('Ctrl Pts',(39.904098206879,-34.8601135352647,5.92961495540629));
#5536=CARTESIAN_POINT('Origin',(-1904.74012326012,6504.3859453896,10.903628420311));
#5537=CARTESIAN_POINT('Origin',(-3557.4328769757,5753.61636564291,6.02411542898982));
#5538=CARTESIAN_POINT('',(42.4402936960029,-33.713432710978,5.93257932568906));
#5539=CARTESIAN_POINT('Ctrl Pts',(42.4402936960028,-33.7134327109776,5.93257932568908));
#5540=CARTESIAN_POINT('Ctrl Pts',(42.5687221265841,-33.6330441561352,5.2726239758081));
#5541=CARTESIAN_POINT('Ctrl Pts',(42.6968801518126,-33.5527536415677,4.62215407364789));
#5542=CARTESIAN_POINT('Ctrl Pts',(43.024655932719,-33.3472376858184,2.97698434408995));
#5543=CARTESIAN_POINT('Ctrl Pts',(43.2330996843,-33.2163822733082,1.94868117238163));
#5544=CARTESIAN_POINT('Ctrl Pts',(43.4487587933135,-33.0808259773396,0.903628420870731));
#5545=CARTESIAN_POINT('',(43.4425830932206,-33.0890574718034,10.9036284203118));
#5546=CARTESIAN_POINT('Ctrl Pts',(43.4425830932204,-33.0890574718032,10.9036284203118));
#5547=CARTESIAN_POINT('Ctrl Pts',(43.4143247892585,-33.1067254867488,10.7519562814914));
#5548=CARTESIAN_POINT('Ctrl Pts',(43.3859117266623,-33.1244839693727,10.6005516604022));
#5549=CARTESIAN_POINT('Ctrl Pts',(43.0714446374204,-33.3209609928463,8.93686785483288));
#5550=CARTESIAN_POINT('Ctrl Pts',(42.7663932929931,-33.510936309385,7.4316624202985));
#5551=CARTESIAN_POINT('Ctrl Pts',(42.4402936960028,-33.7134327109777,5.93257932568906));
#5552=CARTESIAN_POINT('',(42.3557901059208,-33.7669051574542,10.9036284203118));
#5553=CARTESIAN_POINT('Origin',(-3589.33769277903,5733.75667359913,10.9036284203111));
#5554=CARTESIAN_POINT('',(41.3416099707164,-34.3982162952262,5.90411799836892));
#5555=CARTESIAN_POINT('Ctrl Pts',(41.3416099707163,-34.398216295226,5.90411799836891));
#5556=CARTESIAN_POINT('Ctrl Pts',(41.6784959847946,-34.1892164939676,7.52311574263325));
#5557=CARTESIAN_POINT('Ctrl Pts',(42.017997168815,-33.9779179430987,9.19512831920068));
#5558=CARTESIAN_POINT('Ctrl Pts',(42.3557901059207,-33.7669051574542,10.9036284203119));
#5559=CARTESIAN_POINT('Ctrl Pts',(42.3481981917002,-33.7664180876843,0.903628420311827));
#5560=CARTESIAN_POINT('Ctrl Pts',(42.2106129109427,-33.8529905560233,1.60333252267826));
#5561=CARTESIAN_POINT('Ctrl Pts',(42.0730926896411,-33.9394294052034,2.29601226337386));
#5562=CARTESIAN_POINT('Ctrl Pts',(41.7404314267746,-34.148314642611,3.95562656759091));
#5563=CARTESIAN_POINT('Ctrl Pts',(41.5422658924643,-34.2725708209296,4.93088246890446));
#5564=CARTESIAN_POINT('Ctrl Pts',(41.3416099707162,-34.3982162952258,5.90411799836892));
#5565=CARTESIAN_POINT('Origin',(44.1209968843214,-33.7238111022112,3.02936043443628));
#5566=CARTESIAN_POINT('',(40.9965722071246,-36.9106036451687,5.93569549211333));
#5567=CARTESIAN_POINT('Ctrl Pts',(40.9923158240665,-36.9034795766212,5.93571565790918));
#5568=CARTESIAN_POINT('Ctrl Pts',(41.0728401282214,-36.8751941270053,5.64481187603657));
#5569=CARTESIAN_POINT('Ctrl Pts',(41.1520067967333,-36.846735826663,5.35825712716647));
#5570=CARTESIAN_POINT('Ctrl Pts',(41.5921634352301,-36.6848850714714,3.76068509087822));
#5571=CARTESIAN_POINT('Ctrl Pts',(41.977734177423,-36.528473851649,2.34514996787605));
#5572=CARTESIAN_POINT('Ctrl Pts',(42.3542795017025,-36.3519989029087,0.903628420311853));
#5573=CARTESIAN_POINT('Ctrl Pts',(39.9040982068791,-34.8601135352649,5.9296149554064));
#5574=CARTESIAN_POINT('Ctrl Pts',(39.9058221300914,-34.870671250108,5.92917562227111));
#5575=CARTESIAN_POINT('Ctrl Pts',(39.9075929810093,-34.8812230111226,5.9287435789675));
#5576=CARTESIAN_POINT('Ctrl Pts',(39.9884013724396,-35.3500145942495,5.90985916253862));
#5577=CARTESIAN_POINT('Ctrl Pts',(40.1545162504388,-35.7873152034066,5.90491058092364));
#5578=CARTESIAN_POINT('Ctrl Pts',(40.5647919486001,-36.448706637546,5.91539439554987));
#5579=CARTESIAN_POINT('Ctrl Pts',(40.7655563143433,-36.6928308945947,5.92497026353629));
#5580=CARTESIAN_POINT('Ctrl Pts',(40.9942417067658,-36.9067090155835,5.93991511369081));
#5581=CARTESIAN_POINT('Origin',(45.2257779362132,-32.5540341935489,21.2635744917267));
#5582=CARTESIAN_POINT('',(42.3582653277831,-36.3483834340033,10.9020887792196));
#5583=CARTESIAN_POINT('Ctrl Pts',(42.3582653277831,-36.3483834340033,10.9020887792196));
#5584=CARTESIAN_POINT('Ctrl Pts',(42.2474009672232,-36.3966217367977,10.4719426997924));
#5585=CARTESIAN_POINT('Ctrl Pts',(42.1332549543877,-36.4459601310365,10.0351355307751));
#5586=CARTESIAN_POINT('Ctrl Pts',(42.0154512678392,-36.4962335422726,9.59174065618577));
#5587=CARTESIAN_POINT('Ctrl Pts',(41.8985594964274,-36.5461177883983,9.15177808927311));
#5588=CARTESIAN_POINT('Ctrl Pts',(41.7780661413205,-36.5969227460992,8.70532943636937));
#5589=CARTESIAN_POINT('Ctrl Pts',(41.6535975634536,-36.6484366472671,8.25246814836692));
#5590=CARTESIAN_POINT('Ctrl Pts',(41.5305836084931,-36.699348522591,7.80489929974306));
#5591=CARTESIAN_POINT('Ctrl Pts',(41.4036864810477,-36.7509529146032,7.35106684728802));
#5592=CARTESIAN_POINT('Ctrl Pts',(41.2725440751768,-36.8029947379888,6.89104307607298));
#5593=CARTESIAN_POINT('Ctrl Pts',(41.1825895704696,-36.8386917836211,6.57549899085977));
#5594=CARTESIAN_POINT('Ctrl Pts',(41.090637631138,-36.8745935915946,6.25704191905439));
#5595=CARTESIAN_POINT('Ctrl Pts',(40.9965722071246,-36.9106036451687,5.93569549211333));
#5596=CARTESIAN_POINT('Ctrl Pts',(41.0354217283029,-34.5299685513435,10.9036284203118));
#5597=CARTESIAN_POINT('Ctrl Pts',(41.0700393720633,-34.6558408611785,10.9036284203118));
#5598=CARTESIAN_POINT('Ctrl Pts',(41.1118303818387,-34.7770611239627,10.9036284203118));
#5599=CARTESIAN_POINT('Ctrl Pts',(41.3098937411654,-35.2626715098408,10.9036284203118));
#5600=CARTESIAN_POINT('Ctrl Pts',(41.578356180345,-35.6650321014655,10.9036284203118));
#5601=CARTESIAN_POINT('Ctrl Pts',(42.0069445458112,-36.0893763044998,10.9036284203118));
#5602=CARTESIAN_POINT('Ctrl Pts',(42.176190992519,-36.2286169326805,10.9036284203118));
#5603=CARTESIAN_POINT('Ctrl Pts',(42.3585329909899,-36.3481261307328,10.9036284203118));
#5604=CARTESIAN_POINT('Origin',(38.8288320751892,-36.1265683531219,3.25198907819218));
#5605=CARTESIAN_POINT('',(41.8240635662365,-36.5878183168699,5.89703193768305));
#5606=CARTESIAN_POINT('Ctrl Pts',(41.8240635662365,-36.5878183168699,5.89703193768305));
#5607=CARTESIAN_POINT('Ctrl Pts',(41.8595212310609,-36.282705389259,5.9012217802977));
#5608=CARTESIAN_POINT('Ctrl Pts',(41.8504944753774,-35.9417471699269,5.90404923183618));
#5609=CARTESIAN_POINT('Ctrl Pts',(41.7498856708899,-35.3081638279948,5.90708173842748));
#5610=CARTESIAN_POINT('Ctrl Pts',(41.6180589460103,-34.9103974580925,5.90719428887559));
#5611=CARTESIAN_POINT('Ctrl Pts',(41.4210955878835,-34.5334099544024,5.90514458099588));
#5612=CARTESIAN_POINT('Ctrl Pts',(41.3828236972311,-34.4656187302749,5.90468562793514));
#5613=CARTESIAN_POINT('Ctrl Pts',(41.3416099707164,-34.3982162952262,5.90411799836892));
#5614=CARTESIAN_POINT('Ctrl Pts',(43.1409082104237,-35.9453464101983,0.90362842031184));
#5615=CARTESIAN_POINT('Ctrl Pts',(42.8321023706678,-36.1209457992201,2.10712608037734));
#5616=CARTESIAN_POINT('Ctrl Pts',(42.5133079930212,-36.280994898608,3.31866692358512));
#5617=CARTESIAN_POINT('Ctrl Pts',(42.0677662625841,-36.4833114744978,4.98949147765754));
#5618=CARTESIAN_POINT('Ctrl Pts',(41.9462725812996,-36.536360710278,5.44282494230871));
#5619=CARTESIAN_POINT('Ctrl Pts',(41.8240635662365,-36.5878183168699,5.89703193768305));
#5620=CARTESIAN_POINT('Origin',(33.640625545534,-18.2268699145868,27.9706661600504));
#5621=CARTESIAN_POINT('',(43.1418054829167,-35.9477549437208,10.9036284203118));
#5622=CARTESIAN_POINT('Ctrl Pts',(43.1418054829167,-35.9477549437208,10.9036284203119));
#5623=CARTESIAN_POINT('Ctrl Pts',(42.7500136352569,-36.1634305898268,9.38169944160959));
#5624=CARTESIAN_POINT('Ctrl Pts',(42.3501068255943,-36.3620992477756,7.86914789020968));
#5625=CARTESIAN_POINT('Ctrl Pts',(41.9088114646057,-36.5522024319323,6.21442867922686));
#5626=CARTESIAN_POINT('Ctrl Pts',(41.8664247586467,-36.5701662393437,6.0556311181123));
#5627=CARTESIAN_POINT('Ctrl Pts',(41.8240635662365,-36.5878183168699,5.89703193768304));
#5628=CARTESIAN_POINT('Origin',(35.328001533459,-21.6245017194916,10.9036284203118));
#5629=CARTESIAN_POINT('Origin',(38.7859918753802,-36.1334062361278,8.45800885290687));
#5630=CARTESIAN_POINT('Origin',(39.3843779194526,-36.0333164982133,10.9036284203118));
#5631=CARTESIAN_POINT('Origin',(-4983.85441614545,4570.14945145285,6.02414213572487));
#5632=CARTESIAN_POINT('',(44.5782653588849,-31.9197474698383,5.90191315059197));
#5633=CARTESIAN_POINT('Ctrl Pts',(44.5782653588855,-31.9197474698389,5.90191315059195));
#5634=CARTESIAN_POINT('Ctrl Pts',(44.6794343483502,-31.8086956426934,5.248267721156));
#5635=CARTESIAN_POINT('Ctrl Pts',(44.7803684607917,-31.6978127209041,4.60380506826984));
#5636=CARTESIAN_POINT('Ctrl Pts',(45.0392422218583,-31.413214528564,2.96854912637135));
#5637=CARTESIAN_POINT('Ctrl Pts',(45.2040874996783,-31.2317853638506,1.94448048272363));
#5638=CARTESIAN_POINT('Ctrl Pts',(45.3745723825285,-31.0439327647648,0.903628420889843));
#5639=CARTESIAN_POINT('',(45.3665796107285,-31.0569842814912,10.9036284203117));
#5640=CARTESIAN_POINT('Ctrl Pts',(45.3665796107294,-31.056984281492,10.9036284203117));
#5641=CARTESIAN_POINT('Ctrl Pts',(45.1120599062796,-31.3364711769958,9.2066705480128));
#5642=CARTESIAN_POINT('Ctrl Pts',(44.8467180440537,-31.6268417163759,7.52891965647485));
#5643=CARTESIAN_POINT('Ctrl Pts',(44.5782653588856,-31.9197474698392,5.90191315059204));
#5644=CARTESIAN_POINT('',(44.5023081023934,-32.0032901785291,10.9036284203117));
#5645=CARTESIAN_POINT('Origin',(-5005.05303835029,4546.97359165494,10.903628420311));
#5646=CARTESIAN_POINT('',(43.7006380427528,-32.8800877983371,5.90138746247482));
#5647=CARTESIAN_POINT('Ctrl Pts',(43.7006380427536,-32.8800877983377,5.90138746247482));
#5648=CARTESIAN_POINT('Ctrl Pts',(43.9680320249384,-32.5885331403344,7.52896415000497));
#5649=CARTESIAN_POINT('Ctrl Pts',(44.2358705677486,-32.2956323856756,9.2000518977584));
#5650=CARTESIAN_POINT('Ctrl Pts',(44.5023081023943,-32.0032901785298,10.9036284203117));
#5651=CARTESIAN_POINT('Ctrl Pts',(44.4993921083691,-32.0011228680089,0.90362842031174));
#5652=CARTESIAN_POINT('Ctrl Pts',(44.403581076288,-32.1067942423276,1.51966427743744));
#5653=CARTESIAN_POINT('Ctrl Pts',(44.3078482193231,-32.2122881713673,2.12902102288445));
#5654=CARTESIAN_POINT('Ctrl Pts',(44.0447351970983,-32.5019950586531,3.78759422688949));
#5655=CARTESIAN_POINT('Ctrl Pts',(43.8740546571917,-32.6896646956699,4.84535606397227));
#5656=CARTESIAN_POINT('Ctrl Pts',(43.7006380427535,-32.8800877983377,5.90138746247481));
#5657=CARTESIAN_POINT('Origin',(46.3657314254672,-31.2475268565088,1.96051782569538));
#5658=CARTESIAN_POINT('',(44.0459821293353,-35.3922573517745,5.93434532303304));
#5659=CARTESIAN_POINT('Ctrl Pts',(44.0407071689034,-35.3870719647038,5.93437737647065));
#5660=CARTESIAN_POINT('Ctrl Pts',(44.1191877582119,-35.3319995112508,5.60747348564155));
#5661=CARTESIAN_POINT('Ctrl Pts',(44.1960006283364,-35.2771658947927,5.285915326378));
#5662=CARTESIAN_POINT('Ctrl Pts',(44.5754429601655,-35.0016399054058,3.68788310567164));
#5663=CARTESIAN_POINT('Ctrl Pts',(44.8954581432963,-34.7532579548809,2.30858184447809));
#5664=CARTESIAN_POINT('Ctrl Pts',(45.2023467758084,-34.4887814010319,0.903628420311844));
#5665=CARTESIAN_POINT('Ctrl Pts',(42.4402936960029,-33.713432710978,5.93257932568927));
#5666=CARTESIAN_POINT('Ctrl Pts',(42.6269217053429,-34.1114595714418,5.90714942030196));
#5667=CARTESIAN_POINT('Ctrl Pts',(42.8841559770878,-34.4731246973639,5.89821766987178));
#5668=CARTESIAN_POINT('Ctrl Pts',(43.4508118913392,-35.023320915265,5.90590028610791));
#5669=CARTESIAN_POINT('Ctrl Pts',(43.7350673109532,-35.2285133201931,5.91779175139529));
#5670=CARTESIAN_POINT('Ctrl Pts',(44.0430021884368,-35.3893652086527,5.93830682555002));
#5671=CARTESIAN_POINT('Origin',(47.0433298920742,-29.8938883177286,22.2439889581276));
#5672=CARTESIAN_POINT('',(45.2048565365629,-34.4860972166825,10.902571316627));
#5673=CARTESIAN_POINT('Ctrl Pts',(43.4425830932205,-33.0890574718034,10.9036284203118));
#5674=CARTESIAN_POINT('Ctrl Pts',(43.5113227657752,-33.2017785152592,10.9036284203118));
#5675=CARTESIAN_POINT('Ctrl Pts',(43.5856653984494,-33.3080080079304,10.9036284203118));
#5676=CARTESIAN_POINT('Ctrl Pts',(43.9155290617409,-33.7283312959392,10.9036284203118));
#5677=CARTESIAN_POINT('Ctrl Pts',(44.2918575289812,-34.0480747631933,10.9036284203118));
#5678=CARTESIAN_POINT('Ctrl Pts',(44.6525399131636,-34.246202867188,10.9036284203118));
#5679=CARTESIAN_POINT('Ctrl Pts',(44.8190669201527,-34.3376785854531,10.9036284203118));
#5680=CARTESIAN_POINT('Ctrl Pts',(45.0081662466517,-34.4214321714588,10.9036284203118));
#5681=CARTESIAN_POINT('Ctrl Pts',(45.2048623965072,-34.4858355996763,10.9036284203118));
#5682=CARTESIAN_POINT('Ctrl Pts',(45.2048565365629,-34.4860972166824,10.902571316627));
#5683=CARTESIAN_POINT('Ctrl Pts',(45.1092705602019,-34.5640979139537,10.4641699710306));
#5684=CARTESIAN_POINT('Ctrl Pts',(45.0106977544016,-34.6440151887818,10.018758426477));
#5685=CARTESIAN_POINT('Ctrl Pts',(44.9087319816816,-34.725783079675,9.56640817573712));
#5686=CARTESIAN_POINT('Ctrl Pts',(44.8075803205025,-34.8068981222458,9.11766956397995));
#5687=CARTESIAN_POINT('Ctrl Pts',(44.7030893805205,-34.8898345447533,8.66210262645389));
#5688=CARTESIAN_POINT('Ctrl Pts',(44.5948431911991,-34.9744809437439,8.19977886909681));
#5689=CARTESIAN_POINT('Ctrl Pts',(44.4878818774677,-35.0581225951999,7.74294286622065));
#5690=CARTESIAN_POINT('Ctrl Pts',(44.3772536385026,-35.1434340023241,7.27950951934349));
#5691=CARTESIAN_POINT('Ctrl Pts',(44.2625422954579,-35.230259203678,6.80954916190892));
#5692=CARTESIAN_POINT('Ctrl Pts',(44.1919358129049,-35.2837013646869,6.52028179830706));
#5693=CARTESIAN_POINT('Ctrl Pts',(44.119782138732,-35.3377160785111,6.22854164972126));
#5694=CARTESIAN_POINT('Ctrl Pts',(44.0459821293353,-35.3922573517744,5.93434532303303));
#5695=CARTESIAN_POINT('Origin',(41.7552017196494,-35.2222346478954,3.05730535145284));
#5696=CARTESIAN_POINT('',(44.7551634118632,-34.8592332057141,5.90211315612655));
#5697=CARTESIAN_POINT('Ctrl Pts',(45.8507355127293,-33.8845424027931,0.903628420311848));
#5698=CARTESIAN_POINT('Ctrl Pts',(45.8134848357628,-33.9221418028047,1.0825573951338));
#5699=CARTESIAN_POINT('Ctrl Pts',(45.7759451692997,-33.9594473523887,1.26160228705597));
#5700=CARTESIAN_POINT('Ctrl Pts',(45.4687623528918,-34.2602069709332,2.71717570412131));
#5701=CARTESIAN_POINT('Ctrl Pts',(45.1858818125091,-34.5094455584384,3.99958650613517));
#5702=CARTESIAN_POINT('Ctrl Pts',(44.848253116177,-34.7847281302181,5.49278436466407));
#5703=CARTESIAN_POINT('Ctrl Pts',(44.8018106846087,-34.8221220876032,5.69736905024967));
#5704=CARTESIAN_POINT('Ctrl Pts',(44.7551634118632,-34.8592332057141,5.90211315612656));
#5705=CARTESIAN_POINT('Ctrl Pts',(44.7551634118632,-34.8592332057141,5.90211315612655));
#5706=CARTESIAN_POINT('Ctrl Pts',(44.70826890212,-34.5664730411597,5.90007245499526));
#5707=CARTESIAN_POINT('Ctrl Pts',(44.6142202718362,-34.2572980769462,5.89886118546178));
#5708=CARTESIAN_POINT('Ctrl Pts',(44.3570692889752,-33.6792103304496,5.89782895472711));
#5709=CARTESIAN_POINT('Ctrl Pts',(44.1238782286536,-33.3249333996789,5.89832560883572));
#5710=CARTESIAN_POINT('Ctrl Pts',(43.8266953499446,-33.0024550916101,5.90034772476609));
#5711=CARTESIAN_POINT('Ctrl Pts',(43.7653408540433,-32.9405164991189,5.90081969927908));
#5712=CARTESIAN_POINT('Ctrl Pts',(43.7006380427528,-32.8800877983371,5.90138746247482));
#5713=CARTESIAN_POINT('Origin',(31.7435824146468,-19.2007902277563,27.9706410709435));
#5714=CARTESIAN_POINT('',(45.852455902163,-33.8861881974585,10.9036284203118));
#5715=CARTESIAN_POINT('Ctrl Pts',(45.852455902163,-33.8861881974585,10.9036284203118));
#5716=CARTESIAN_POINT('Ctrl Pts',(45.5012555993548,-34.2310991766292,9.22288545322049));
#5717=CARTESIAN_POINT('Ctrl Pts',(45.1330398399235,-34.5610052917878,7.55281987389132));
#5718=CARTESIAN_POINT('Ctrl Pts',(44.7551634118632,-34.8592332057141,5.90211315612655));
#5719=CARTESIAN_POINT('Origin',(34.3127746195527,-22.0417560324674,10.9036284203118));
#5720=CARTESIAN_POINT('Origin',(42.3884227586353,-34.9499508155912,11.8924398878257));
#5721=CARTESIAN_POINT('Origin',(42.2209026881461,-35.0228645844373,10.9036284203118));
#5722=CARTESIAN_POINT('Origin',(47.5779359930465,-28.7852259968832,3.11839318797316));
#5723=CARTESIAN_POINT('',(46.5676082101343,-33.1023675859489,5.92481930351974));
#5724=CARTESIAN_POINT('Ctrl Pts',(46.5676082101342,-33.1023675859488,5.92481930351973));
#5725=CARTESIAN_POINT('Ctrl Pts',(46.8787587498876,-32.7298675448675,4.27899858568772));
#5726=CARTESIAN_POINT('Ctrl Pts',(47.1745143664028,-32.3322422339097,2.59378971693002));
#5727=CARTESIAN_POINT('Ctrl Pts',(47.4423420876931,-31.9258767109164,0.903628420311848));
#5728=CARTESIAN_POINT('Ctrl Pts',(44.578265358885,-31.9197474698382,5.90191315059196));
#5729=CARTESIAN_POINT('Ctrl Pts',(44.6297467845066,-31.9818056911011,5.90448199879915));
#5730=CARTESIAN_POINT('Ctrl Pts',(44.6834165191287,-32.0421453103594,5.90682153318394));
#5731=CARTESIAN_POINT('Ctrl Pts',(45.0465398562907,-32.4228268143897,5.9207158748912));
#5732=CARTESIAN_POINT('Ctrl Pts',(45.412098367203,-32.6823634933238,5.92637867019619));
#5733=CARTESIAN_POINT('Ctrl Pts',(46.0583844446194,-32.9729129709333,5.92835054768089));
#5734=CARTESIAN_POINT('Ctrl Pts',(46.3100411866846,-33.0524376860189,5.92743492113947));
#5735=CARTESIAN_POINT('Ctrl Pts',(46.5676082101343,-33.1023675859489,5.92481930351977));
#5736=CARTESIAN_POINT('Origin',(47.0181560821856,-30.2884030024855,3.2339393871177));
#5737=CARTESIAN_POINT('',(47.4366297589846,-31.9334221087144,10.9036284203118));
#5738=CARTESIAN_POINT('Ctrl Pts',(47.4366297589846,-31.9334221087144,10.9036284203119));
#5739=CARTESIAN_POINT('Ctrl Pts',(47.3274013177512,-32.0987600314195,10.1545319268415));
#5740=CARTESIAN_POINT('Ctrl Pts',(47.2095627697559,-32.2690527278427,9.40845963042329));
#5741=CARTESIAN_POINT('Ctrl Pts',(46.9236919382564,-32.6601879485292,7.73905286928598));
#5742=CARTESIAN_POINT('Ctrl Pts',(46.7529917431779,-32.8799359497582,6.83039361220496));
#5743=CARTESIAN_POINT('Ctrl Pts',(46.5676082101342,-33.1023675859489,5.92481930351973));
#5744=CARTESIAN_POINT('Ctrl Pts',(45.3665796107286,-31.0569842814912,10.9036284203118));
#5745=CARTESIAN_POINT('Ctrl Pts',(45.507308955373,-31.1804000875593,10.9036284203118));
#5746=CARTESIAN_POINT('Ctrl Pts',(45.6655897611955,-31.2991275303337,10.9036284203118));
#5747=CARTESIAN_POINT('Ctrl Pts',(46.045483789777,-31.5363713664601,10.9036284203118));
#5748=CARTESIAN_POINT('Ctrl Pts',(46.2729820553145,-31.6455520692468,10.9036284203118));
#5749=CARTESIAN_POINT('Ctrl Pts',(46.4889888970018,-31.7251115146251,10.9036284203118));
#5750=CARTESIAN_POINT('Ctrl Pts',(46.704995738689,-31.8046709600034,10.9036284203118));
#5751=CARTESIAN_POINT('Ctrl Pts',(46.9489622585029,-31.8691397423208,10.9036284203118));
#5752=CARTESIAN_POINT('Ctrl Pts',(47.276786006135,-31.9178681041095,10.9036284203118));
#5753=CARTESIAN_POINT('Ctrl Pts',(47.3569323258556,-31.9270105455196,10.9036284203118));
#5754=CARTESIAN_POINT('Ctrl Pts',(47.4366297589846,-31.9334221087144,10.9036284203118));
#5755=CARTESIAN_POINT('Origin',(36.5457957851287,-24.7383703610397,8.11226072317185));
#5756=CARTESIAN_POINT('',(47.1104275723743,-32.405065634086,5.90698643199753));
#5757=CARTESIAN_POINT('Ctrl Pts',(47.1104275723743,-32.405065634086,5.90698643199753));
#5758=CARTESIAN_POINT('Ctrl Pts',(47.3948778540174,-32.0132599976369,4.24515323049693));
#5759=CARTESIAN_POINT('Ctrl Pts',(47.6618425886041,-31.5987723961296,2.57517837591069));
#5760=CARTESIAN_POINT('Ctrl Pts',(47.9039128997139,-31.1706350243249,0.903628420311842));
#5761=CARTESIAN_POINT('',(47.9067935269782,-31.1658360006997,10.9036284203118));
#5762=CARTESIAN_POINT('Ctrl Pts',(47.9067935269783,-31.1658360006997,10.9036284203118));
#5763=CARTESIAN_POINT('Ctrl Pts',(47.6647883452947,-31.5933026544433,9.2536459141118));
#5764=CARTESIAN_POINT('Ctrl Pts',(47.39781764361,-32.0086032968887,7.58811016188812));
#5765=CARTESIAN_POINT('Ctrl Pts',(47.1104275723743,-32.405065634086,5.90698643199751));
#5766=CARTESIAN_POINT('Origin',(36.5436169701866,-24.7333938005587,10.9036284203118));
#5767=CARTESIAN_POINT('Origin',(44.8737644502634,-33.1000127161709,-0.0203652617345251));
#5768=CARTESIAN_POINT('',(45.5640205630269,-30.779037771646,5.90360346253213));
#5769=CARTESIAN_POINT('Ctrl Pts',(45.5625819497205,-30.7818875700821,5.9010223095723));
#5770=CARTESIAN_POINT('Ctrl Pts',(45.6709145481221,-30.565945522109,4.90832133426599));
#5771=CARTESIAN_POINT('Ctrl Pts',(45.7777246441382,-30.3527034264009,3.91368651727375));
#5772=CARTESIAN_POINT('Ctrl Pts',(45.9531169926951,-30.0019677790075,2.25525629735637));
#5773=CARTESIAN_POINT('Ctrl Pts',(46.0234939220758,-29.8610781777869,1.58295874341919));
#5774=CARTESIAN_POINT('Ctrl Pts',(46.0938705692234,-29.7200228204031,0.903628420311869));
#5775=CARTESIAN_POINT('Ctrl Pts',(47.1104275723743,-32.405065634086,5.90698643199746));
#5776=CARTESIAN_POINT('Ctrl Pts',(46.9546342145699,-32.0581004381026,5.8975025573202));
#5777=CARTESIAN_POINT('Ctrl Pts',(46.7398996777873,-31.736761841894,5.89253425267497));
#5778=CARTESIAN_POINT('Ctrl Pts',(46.2108122491147,-31.1837813340278,5.88992355814657));
#5779=CARTESIAN_POINT('Ctrl Pts',(45.9038931046317,-30.9550023400103,5.89207924401709));
#5780=CARTESIAN_POINT('Ctrl Pts',(45.562539446734,-30.7813872813984,5.89927410512453));
#5781=CARTESIAN_POINT('Origin',(37.1026524745824,-39.0316768881869,-43.1193243740834));
#5782=CARTESIAN_POINT('',(46.1028007669989,-29.7121570705307,10.9025578816421));
#5783=CARTESIAN_POINT('Ctrl Pts',(46.102803054767,-29.712151333024,10.9025568069054));
#5784=CARTESIAN_POINT('Ctrl Pts',(45.9228496151951,-30.0698784745842,9.23174555666752));
#5785=CARTESIAN_POINT('Ctrl Pts',(45.7432521631405,-30.4255056978455,7.56542763522141));
#5786=CARTESIAN_POINT('Ctrl Pts',(45.5640205630269,-30.7790377716465,5.90360346253187));
#5787=CARTESIAN_POINT('Ctrl Pts',(47.9067935269783,-31.1658360006997,10.9036284203118));
#5788=CARTESIAN_POINT('Ctrl Pts',(47.8583767340448,-31.0917590110585,10.9036284203118));
#5789=CARTESIAN_POINT('Ctrl Pts',(47.808237089196,-31.0208652048052,10.9036284203118));
#5790=CARTESIAN_POINT('Ctrl Pts',(47.6136812974049,-30.7642414963652,10.9036284203118));
#5791=CARTESIAN_POINT('Ctrl Pts',(47.4373272054763,-30.5719731303327,10.9036284203118));
#5792=CARTESIAN_POINT('Ctrl Pts',(47.0468942713456,-30.2305496646994,10.9036284203118));
#5793=CARTESIAN_POINT('Ctrl Pts',(46.8328216751675,-30.081387422558,10.9036284203118));
#5794=CARTESIAN_POINT('Ctrl Pts',(46.4657577831336,-29.8733197822677,10.9036284203118));
#5795=CARTESIAN_POINT('Ctrl Pts',(46.287357595542,-29.7884019021304,10.9036284203118));
#5796=CARTESIAN_POINT('Ctrl Pts',(46.1005219357473,-29.7178721680178,10.9036284203118));
#5797=CARTESIAN_POINT('Origin',(-6038.34038985699,3045.58842156973,6.02395637604764));
#5798=CARTESIAN_POINT('',(46.1454649869658,-29.6260310391047,5.92654106956579));
#5799=CARTESIAN_POINT('Ctrl Pts',(46.1454649869671,-29.6260310391055,5.92654106956576));
#5800=CARTESIAN_POINT('Ctrl Pts',(46.2026800430923,-29.5120304173452,5.37161368016525));
#5801=CARTESIAN_POINT('Ctrl Pts',(46.2597487181775,-29.3982269531103,4.82416133850712));
#5802=CARTESIAN_POINT('Ctrl Pts',(46.4326809749563,-29.0531114365504,3.18156376129903));
#5803=CARTESIAN_POINT('Ctrl Pts',(46.553983129075,-28.8106673099299,2.05203828311454));
#5804=CARTESIAN_POINT('Ctrl Pts',(46.6798013284142,-28.5588076922992,0.903628420311836));
#5805=CARTESIAN_POINT('',(46.6788270246641,-28.569003011406,10.9036284203116));
#5806=CARTESIAN_POINT('Ctrl Pts',(46.6788270246647,-28.5690030114063,10.9036284203116));
#5807=CARTESIAN_POINT('Ctrl Pts',(46.5213210674761,-28.882409926504,9.3495254542222));
#5808=CARTESIAN_POINT('Ctrl Pts',(46.3563835155502,-29.2093646018085,7.80224526770863));
#5809=CARTESIAN_POINT('Ctrl Pts',(46.1718046490295,-29.5740143044905,6.15957112156558));
#5810=CARTESIAN_POINT('Ctrl Pts',(46.1586565743293,-29.5999829007963,6.04301869379844));
#5811=CARTESIAN_POINT('Ctrl Pts',(46.1454649869672,-29.6260310391056,5.92654106956582));
#5812=CARTESIAN_POINT('Origin',(-6055.50649172209,3011.59865307132,10.9036284203109));
#5813=CARTESIAN_POINT('Origin',(-6641.75934935136,1292.66650271514,6.02390941609737));
#5814=CARTESIAN_POINT('',(46.7889420844666,-28.2604068178072,5.90301338058499));
#5815=CARTESIAN_POINT('',(47.0187396369592,-27.0936724545543,10.9036284203118));
#5816=CARTESIAN_POINT('Ctrl Pts',(46.7889420844679,-28.2604068178075,5.90301338058499));
#5817=CARTESIAN_POINT('Ctrl Pts',(46.8661337905945,-27.8716131071609,7.53398666672319));
#5818=CARTESIAN_POINT('Ctrl Pts',(46.9428694365323,-27.4821288697999,9.20380054285347));
#5819=CARTESIAN_POINT('Ctrl Pts',(47.0187396369629,-27.0936724545548,10.9036284203118));
#5820=CARTESIAN_POINT('Ctrl Pts',(47.0142563497196,-27.0934511726837,0.903628420311892));
#5821=CARTESIAN_POINT('Ctrl Pts',(46.9836771878766,-27.2527869222783,1.60174854905253));
#5822=CARTESIAN_POINT('Ctrl Pts',(46.9530437403337,-27.4119914251173,2.29292909227571));
#5823=CARTESIAN_POINT('Ctrl Pts',(46.8786422926613,-27.7977219870005,3.95227954688295));
#5824=CARTESIAN_POINT('Ctrl Pts',(46.8341345706826,-28.0276802348606,4.92866922757259));
#5825=CARTESIAN_POINT('Ctrl Pts',(46.7889420844678,-28.2604068178075,5.90301338058499));
#5826=CARTESIAN_POINT('',(47.0387668371485,-26.9880796310425,5.92378648675698));
#5827=CARTESIAN_POINT('Ctrl Pts',(47.03876683715,-26.9880796310431,5.92378648675693));
#5828=CARTESIAN_POINT('Ctrl Pts',(47.0603055804478,-26.8773000630417,5.45023163636732));
#5829=CARTESIAN_POINT('Ctrl Pts',(47.0812558741074,-26.7693717046526,4.98704539716895));
#5830=CARTESIAN_POINT('Ctrl Pts',(47.1545152633229,-26.3914016859015,3.358772066768));
#5831=CARTESIAN_POINT('Ctrl Pts',(47.2084177159153,-26.1121971020202,2.14410803257645));
#5832=CARTESIAN_POINT('Ctrl Pts',(47.2624609138612,-25.8309715695897,0.903628419547683));
#5833=CARTESIAN_POINT('',(47.2660930016205,-25.8318483133985,10.9036284203118));
#5834=CARTESIAN_POINT('Ctrl Pts',(47.266093001624,-25.8318483133992,10.9036284203118));
#5835=CARTESIAN_POINT('Ctrl Pts',(47.195651521665,-26.1932550622872,9.24153545839349));
#5836=CARTESIAN_POINT('Ctrl Pts',(47.1198158249644,-26.5789921910896,7.57637270792526));
#5837=CARTESIAN_POINT('Ctrl Pts',(47.0387668371499,-26.9880796310431,5.92378648675704));
#5838=CARTESIAN_POINT('Origin',(-6649.5017426741,1253.37239949043,10.9036284203117));
#5839=CARTESIAN_POINT('Origin',(48.1820265395655,-26.0275654129179,4.27757145781535));
#5840=CARTESIAN_POINT('',(48.3885239514526,-30.228753070647,5.9278352399578));
#5841=CARTESIAN_POINT('Ctrl Pts',(48.380675199315,-30.2273478711737,5.92785405062066));
#5842=CARTESIAN_POINT('Ctrl Pts',(48.416520697773,-30.1456811437069,5.6251102943699));
#5843=CARTESIAN_POINT('Ctrl Pts',(48.4511975614766,-30.0650101323565,5.32720177276827));
#5844=CARTESIAN_POINT('Ctrl Pts',(48.6333921127613,-29.63213083852,3.73331904742562));
#5845=CARTESIAN_POINT('Ctrl Pts',(48.7811460050717,-29.246009028329,2.33078030925786));
#5846=CARTESIAN_POINT('Ctrl Pts',(48.9081588401705,-28.8534422989757,0.903628420774538));
#5847=CARTESIAN_POINT('Ctrl Pts',(46.1454649869658,-29.6260310391047,5.92654106956591));
#5848=CARTESIAN_POINT('Ctrl Pts',(46.3039238143559,-29.7309409238691,5.91695493712214));
#5849=CARTESIAN_POINT('Ctrl Pts',(46.4703931788718,-29.8235263030978,5.91005688152072));
#5850=CARTESIAN_POINT('Ctrl Pts',(47.071447351917,-30.0990154076637,5.89441542025045));
#5851=CARTESIAN_POINT('Ctrl Pts',(47.5309361379221,-30.209752612077,5.89781244248223));
#5852=CARTESIAN_POINT('Ctrl Pts',(47.996091466735,-30.2310161878399,5.91436308450385));
#5853=CARTESIAN_POINT('Ctrl Pts',(48.1257036802648,-30.2369411315125,5.91897480281574));
#5854=CARTESIAN_POINT('Ctrl Pts',(48.2552825531586,-30.2359042118847,5.92462247438892));
#5855=CARTESIAN_POINT('Ctrl Pts',(48.3842777442028,-30.2279854506229,5.93132411828969));
#5856=CARTESIAN_POINT('Origin',(48.0197886744263,-23.1999094939389,28.2404627548656));
#5857=CARTESIAN_POINT('',(48.9074632260039,-28.8456591345468,10.9013117439804));
#5858=CARTESIAN_POINT('Ctrl Pts',(48.9074632260039,-28.8456591345469,10.9013117439804));
#5859=CARTESIAN_POINT('Ctrl Pts',(48.8651371691541,-28.9706116334372,10.4427535433225));
#5860=CARTESIAN_POINT('Ctrl Pts',(48.8206906755605,-29.0987476098712,9.97508592282375));
#5861=CARTESIAN_POINT('Ctrl Pts',(48.7737399999816,-29.2301620688027,9.49836187649481));
#5862=CARTESIAN_POINT('Ctrl Pts',(48.727267266809,-29.3602387718456,9.02649072386851));
#5863=CARTESIAN_POINT('Ctrl Pts',(48.6783409365092,-29.4935278782152,8.54574661700565));
#5864=CARTESIAN_POINT('Ctrl Pts',(48.6265493066352,-29.6300897950495,8.05618131001845));
#5865=CARTESIAN_POINT('Ctrl Pts',(48.575505137798,-29.7646808391347,7.57368144956908));
#5866=CARTESIAN_POINT('Ctrl Pts',(48.5216775823385,-29.9024511857371,7.08261319259806));
#5867=CARTESIAN_POINT('Ctrl Pts',(48.4646363994846,-30.0434232509439,6.58302605708582));
#5868=CARTESIAN_POINT('Ctrl Pts',(48.4398835773975,-30.1045975863053,6.3662319644035));
#5869=CARTESIAN_POINT('Ctrl Pts',(48.4145251514782,-30.1663743560526,6.14783368285328));
#5870=CARTESIAN_POINT('Ctrl Pts',(48.3885239514526,-30.2287530706471,5.9278352399578));
#5871=CARTESIAN_POINT('Ctrl Pts',(46.6788270246641,-28.569003011406,10.9036284203118));
#5872=CARTESIAN_POINT('Ctrl Pts',(46.810114535741,-28.6371229001653,10.9036284203118));
#5873=CARTESIAN_POINT('Ctrl Pts',(46.9437978532255,-28.6947917873279,10.9036284203118));
#5874=CARTESIAN_POINT('Ctrl Pts',(47.4568800697705,-28.879596157233,10.9036284203118));
#5875=CARTESIAN_POINT('Ctrl Pts',(47.9418775761094,-28.9501695317702,10.9036284203118));
#5876=CARTESIAN_POINT('Ctrl Pts',(48.5277552174641,-28.9164258494871,10.9036284203118));
#5877=CARTESIAN_POINT('Ctrl Pts',(48.719230830979,-28.8897859532733,10.9036284203118));
#5878=CARTESIAN_POINT('Ctrl Pts',(48.908175789173,-28.8449094554194,10.9036284203118));
#5879=CARTESIAN_POINT('Origin',(46.3342068033907,-31.2854337917031,3.2622964952846));
#5880=CARTESIAN_POINT('',(48.7192016133962,-29.4027693086222,5.90406693169282));
#5881=CARTESIAN_POINT('Ctrl Pts',(48.7183683372135,-29.4026293231771,5.90192182819925));
#5882=CARTESIAN_POINT('Ctrl Pts',(48.5304485198366,-29.1802701060955,5.90215602484919));
#5883=CARTESIAN_POINT('Ctrl Pts',(48.2973517851494,-28.9701423913011,5.90238556364885));
#5884=CARTESIAN_POINT('Ctrl Pts',(47.7805754762297,-28.6069251258274,5.90275209339649));
#5885=CARTESIAN_POINT('Ctrl Pts',(47.3916849629473,-28.4216268519359,5.90290377808221));
#5886=CARTESIAN_POINT('Ctrl Pts',(46.9631780515873,-28.2994536271346,5.90298735179947));
#5887=CARTESIAN_POINT('Ctrl Pts',(46.8770920273582,-28.2783339364411,5.90300114479492));
#5888=CARTESIAN_POINT('Ctrl Pts',(46.7889420844666,-28.2604068178072,5.903013380585));
#5889=CARTESIAN_POINT('Ctrl Pts',(49.1480673238051,-27.9997983428119,0.903628420311849));
#5890=CARTESIAN_POINT('Ctrl Pts',(49.1448345462009,-28.0133652855774,0.95087001297284));
#5891=CARTESIAN_POINT('Ctrl Pts',(49.1415730667178,-28.0269289375452,0.998129608602055));
#5892=CARTESIAN_POINT('Ctrl Pts',(49.026980016556,-28.4992633146372,2.64491025992034));
#5893=CARTESIAN_POINT('Ctrl Pts',(48.8835488250596,-28.9539143286706,4.26501593475757));
#5894=CARTESIAN_POINT('Ctrl Pts',(48.7183683372135,-29.4026293231771,5.90192182819924));
#5895=CARTESIAN_POINT('Origin',(29.2220523380783,-22.7028528236241,29.4592430621007));
#5896=CARTESIAN_POINT('',(49.1505053968987,-28.0008917812482,10.9027297766945));
#5897=CARTESIAN_POINT('Ctrl Pts',(49.1505053968987,-28.0008917812482,10.9027297766945));
#5898=CARTESIAN_POINT('Ctrl Pts',(49.129055133605,-28.0844243008988,10.6075535444586));
#5899=CARTESIAN_POINT('Ctrl Pts',(49.10724735152,-28.1684427216457,10.3117564694174));
#5900=CARTESIAN_POINT('Ctrl Pts',(49.0848000523418,-28.2525546757744,10.0157264024048));
#5901=CARTESIAN_POINT('Ctrl Pts',(49.0620521867082,-28.3377928781749,9.71573253078378));
#5902=CARTESIAN_POINT('Ctrl Pts',(49.0386474363868,-28.4231268747485,9.41549935657552));
#5903=CARTESIAN_POINT('Ctrl Pts',(49.0143426731986,-28.5081303107397,9.11542127543249));
#5904=CARTESIAN_POINT('Ctrl Pts',(48.9950742473666,-28.5755196693263,8.87752419305793));
#5905=CARTESIAN_POINT('Ctrl Pts',(48.9752411979588,-28.64270082476,8.63972438436044));
#5906=CARTESIAN_POINT('Ctrl Pts',(48.9547445805821,-28.7094555199376,8.40221465441269));
#5907=CARTESIAN_POINT('Ctrl Pts',(48.9273238797764,-28.7987610131419,8.08447035916321));
#5908=CARTESIAN_POINT('Ctrl Pts',(48.8987225149907,-28.887301153934,7.76724402318814));
#5909=CARTESIAN_POINT('Ctrl Pts',(48.8692006997289,-28.9754560767565,7.44996310543715));
#5910=CARTESIAN_POINT('Ctrl Pts',(48.8390117976272,-29.065602983756,7.12551278015224));
#5911=CARTESIAN_POINT('Ctrl Pts',(48.8078603725008,-29.1553474657107,6.80100544769183));
#5912=CARTESIAN_POINT('Ctrl Pts',(48.7759731876348,-29.2451114562195,6.47583781297654));
#5913=CARTESIAN_POINT('Ctrl Pts',(48.7573210368128,-29.2976181762824,6.28563363563593));
#5914=CARTESIAN_POINT('Ctrl Pts',(48.7384161858112,-29.3501318228205,6.09520369103689));
#5915=CARTESIAN_POINT('Ctrl Pts',(48.719296053639,-29.4027384789134,5.90442848832312));
#5916=CARTESIAN_POINT('Origin',(33.3242643397818,-23.9290540126733,10.9036284203118));
#5917=CARTESIAN_POINT('Origin',(46.3937666508522,-31.2089938590416,9.08134766229281));
#5918=CARTESIAN_POINT('Origin',(46.6383931512462,-30.8642428252251,10.9036284203118));
#5919=CARTESIAN_POINT('Origin',(48.3595017006545,-24.8066968244442,10.3577997193128));
#5920=CARTESIAN_POINT('',(49.3584233558489,-26.9627318058987,5.90861211278291));
#5921=CARTESIAN_POINT('Ctrl Pts',(49.356390319743,-26.9583472955651,5.90277593299317));
#5922=CARTESIAN_POINT('Ctrl Pts',(49.3701391498041,-26.8551903823169,5.56406005276854));
#5923=CARTESIAN_POINT('Ctrl Pts',(49.3830474787508,-26.7464984565053,5.20357933173132));
#5924=CARTESIAN_POINT('Ctrl Pts',(49.3953306650951,-26.6325465781267,4.82125482230155));
#5925=CARTESIAN_POINT('Ctrl Pts',(49.4075267656914,-26.5194025996118,4.44164093005075));
#5926=CARTESIAN_POINT('Ctrl Pts',(49.419106379593,-26.4010732554349,4.04049175189259));
#5927=CARTESIAN_POINT('Ctrl Pts',(49.4303279748333,-26.2778454356099,3.61772727881981));
#5928=CARTESIAN_POINT('Ctrl Pts',(49.4414206212879,-26.1560336424199,3.19982084636732));
#5929=CARTESIAN_POINT('Ctrl Pts',(49.4521633242631,-26.0294355773755,2.760792891571));
#5930=CARTESIAN_POINT('Ctrl Pts',(49.4628545130608,-25.8983416327808,2.30056552476827));
#5931=CARTESIAN_POINT('Ctrl Pts',(49.4732080771991,-25.771387597154,1.85487200549778));
#5932=CARTESIAN_POINT('Ctrl Pts',(49.483513422356,-25.6402174286452,1.38929674849109));
#5933=CARTESIAN_POINT('Ctrl Pts',(49.4940874055529,-25.5051033594996,0.903770391529164));
#5934=CARTESIAN_POINT('Ctrl Pts',(47.0387668371485,-26.9880796310426,5.9237864867571));
#5935=CARTESIAN_POINT('Ctrl Pts',(47.2956642971884,-27.0743472445647,5.91108682575688));
#5936=CARTESIAN_POINT('Ctrl Pts',(47.5611155120219,-27.1309034477307,5.90332638691294));
#5937=CARTESIAN_POINT('Ctrl Pts',(48.1979916527553,-27.1919032519055,5.89464380633081));
#5938=CARTESIAN_POINT('Ctrl Pts',(48.5692786338671,-27.1690012257587,5.89731948120753));
#5939=CARTESIAN_POINT('Ctrl Pts',(48.9301631004685,-27.0883637615087,5.90744557302795));
#5940=CARTESIAN_POINT('Ctrl Pts',(49.0758177373066,-27.0558181086534,5.91153251043643));
#5941=CARTESIAN_POINT('Ctrl Pts',(49.2185814408892,-27.014139467759,5.91682409945576));
#5942=CARTESIAN_POINT('Ctrl Pts',(49.3577064243575,-26.9638054337315,5.92334424786662));
#5943=CARTESIAN_POINT('Origin',(47.5325734316907,-21.1738917165144,18.7148663650697));
#5944=CARTESIAN_POINT('',(49.4907364095646,-25.4983147333533,10.9029207600604));
#5945=CARTESIAN_POINT('Ctrl Pts',(49.4907364095646,-25.4983147333533,10.9029207600604));
#5946=CARTESIAN_POINT('Ctrl Pts',(49.480245231742,-25.6484435916824,10.3657003155777));
#5947=CARTESIAN_POINT('Ctrl Pts',(49.4690706644577,-25.801070512986,9.82841791219161));
#5948=CARTESIAN_POINT('Ctrl Pts',(49.456751943155,-25.9562731082646,9.29110780141812));
#5949=CARTESIAN_POINT('Ctrl Pts',(49.4438465904416,-26.1188666262849,8.72821037678578));
#5950=CARTESIAN_POINT('Ctrl Pts',(49.4296853075383,-26.2842875544001,8.16528262831249));
#5951=CARTESIAN_POINT('Ctrl Pts',(49.4137204993465,-26.4525671491882,7.60235385344778));
#5952=CARTESIAN_POINT('Ctrl Pts',(49.3977556911548,-26.6208467439764,7.03942507858307));
#5953=CARTESIAN_POINT('Ctrl Pts',(49.3799869745269,-26.7919851281405,6.47649528106207));
#5954=CARTESIAN_POINT('Ctrl Pts',(49.3598540893559,-26.9659521913734,5.91358334168532));
#5955=CARTESIAN_POINT('Ctrl Pts',(47.2660930016205,-25.8318483133985,10.9036284203118));
#5956=CARTESIAN_POINT('Ctrl Pts',(47.3308985886642,-25.8451539005785,10.9036284203118));
#5957=CARTESIAN_POINT('Ctrl Pts',(47.3949461936003,-25.8562540475098,10.9036284203118));
#5958=CARTESIAN_POINT('Ctrl Pts',(47.868788631931,-25.9246242952823,10.9036284203118));
#5959=CARTESIAN_POINT('Ctrl Pts',(48.366540560044,-25.8954767696518,10.9036284203118));
#5960=CARTESIAN_POINT('Ctrl Pts',(49.0037195104514,-25.7248855629435,10.9036284203118));
#5961=CARTESIAN_POINT('Ctrl Pts',(49.2571614672107,-25.625984834537,10.9036284203118));
#5962=CARTESIAN_POINT('Ctrl Pts',(49.4899223283244,-25.4985703282838,10.9036284203118));
#5963=CARTESIAN_POINT('Origin',(47.661754238579,-28.5608645298085,3.2758439757328));
#5964=CARTESIAN_POINT('',(49.457247581709,-26.0789307728213,5.90410762228291));
#5965=CARTESIAN_POINT('Ctrl Pts',(49.4915304051747,-24.6139305180761,0.903628420311844));
#5966=CARTESIAN_POINT('Ctrl Pts',(49.4989878535269,-24.8023967926366,1.54240856758953));
#5967=CARTESIAN_POINT('Ctrl Pts',(49.5012047889228,-24.991383826626,2.18366320408264));
#5968=CARTESIAN_POINT('Ctrl Pts',(49.495205870243,-25.4800495458044,3.84649828691853));
#5969=CARTESIAN_POINT('Ctrl Pts',(49.4801767809351,-25.7799647348507,4.87172465777351));
#5970=CARTESIAN_POINT('Ctrl Pts',(49.4561089475837,-26.0794551700571,5.90266992606292));
#5971=CARTESIAN_POINT('Ctrl Pts',(49.4567813115544,-26.0794382108591,5.90113477800227));
#5972=CARTESIAN_POINT('Ctrl Pts',(48.981366957014,-25.7516618091528,5.87735074422152));
#5973=CARTESIAN_POINT('Ctrl Pts',(48.4055452694024,-25.5382499836507,5.86657324935128));
#5974=CARTESIAN_POINT('Ctrl Pts',(47.7912676661611,-25.4930504297624,5.86862973480109));
#5975=CARTESIAN_POINT('Ctrl Pts',(47.6096937860674,-25.4796899257579,5.86923760987338));
#5976=CARTESIAN_POINT('Ctrl Pts',(47.4245854903735,-25.4809315188129,5.87109160058215));
#5977=CARTESIAN_POINT('Ctrl Pts',(47.2397382280682,-25.4975100200215,5.87454201276185));
#5978=CARTESIAN_POINT('Origin',(30.6796489814527,-24.8866918343747,24.0042193881886));
#5979=CARTESIAN_POINT('',(49.5002517413047,-24.6002255857887,10.8983313688965));
#5980=CARTESIAN_POINT('Origin',(33.1931521375068,-24.9454770942087,10.9036284203118));
#5981=CARTESIAN_POINT('Ctrl Pts',(49.5002517413047,-24.6002255857887,10.8983313688965));
#5982=CARTESIAN_POINT('Ctrl Pts',(49.4983953530444,-24.7570751402327,10.4066233051062));
#5983=CARTESIAN_POINT('Ctrl Pts',(49.4952318666944,-24.9113143401586,9.91225833303005));
#5984=CARTESIAN_POINT('Ctrl Pts',(49.491274980203,-25.0629270701228,9.41524958686322));
#5985=CARTESIAN_POINT('Ctrl Pts',(49.4873226907693,-25.2143636584464,8.91881825880624));
#5986=CARTESIAN_POINT('Ctrl Pts',(49.4825791338642,-25.3631798689307,8.41974927353965));
#5987=CARTESIAN_POINT('Ctrl Pts',(49.4775565723578,-25.5094103504199,7.91806708502195));
#5988=CARTESIAN_POINT('Ctrl Pts',(49.4725427193687,-25.6553872858515,7.41725475304685));
#5989=CARTESIAN_POINT('Ctrl Pts',(49.4672511177821,-25.7987874707714,6.91383825440883));
#5990=CARTESIAN_POINT('Ctrl Pts',(49.4621873828845,-25.9396958352524,6.40785354714247));
#5991=CARTESIAN_POINT('Ctrl Pts',(49.4605097543824,-25.9863791417862,6.2402195015859));
#5992=CARTESIAN_POINT('Ctrl Pts',(49.458857085462,-26.0327893526054,6.07230366178591));
#5993=CARTESIAN_POINT('Ctrl Pts',(49.457247581709,-26.0789307728213,5.90410762228291));
#5994=CARTESIAN_POINT('Origin',(37.0017306090205,-24.9266419687003,10.9036284203118));
#5995=CARTESIAN_POINT('Ctrl Pts',(47.2180185525062,-24.2932692068327,10.9036284203118));
#5996=CARTESIAN_POINT('Ctrl Pts',(47.3945778317109,-24.2598391408287,10.9036284203118));
#5997=CARTESIAN_POINT('Ctrl Pts',(47.5707053356021,-24.2402479127289,10.9036284203118));
#5998=CARTESIAN_POINT('Ctrl Pts',(47.970498641837,-24.2222457620151,10.9036284203118));
#5999=CARTESIAN_POINT('Ctrl Pts',(48.2269897027998,-24.2346581350399,10.9036284203118));
#6000=CARTESIAN_POINT('Ctrl Pts',(48.7309790383557,-24.3154510891625,10.9036284203118));
#6001=CARTESIAN_POINT('Ctrl Pts',(48.9784755753267,-24.3838425092359,10.9036284203118));
#6002=CARTESIAN_POINT('Ctrl Pts',(49.2961071702818,-24.5047660539367,10.9036284203118));
#6003=CARTESIAN_POINT('Ctrl Pts',(49.3972691619813,-24.5482717698694,10.9036284203118));
#6004=CARTESIAN_POINT('Ctrl Pts',(49.4982134485722,-24.5975305667967,10.9036284203118));
#6005=CARTESIAN_POINT('',(35.1245312900439,-26.9639057951288,10.9036284203118));
#6006=CARTESIAN_POINT('',(36.5266794613285,-22.434576224785,10.9036284203118));
#6007=CARTESIAN_POINT('Origin',(36.8804536936187,-25.0257911559861,10.9036284203118));
#6008=CARTESIAN_POINT('Origin',(47.222689103072,-29.6541162906797,1.66025140487149));
#6009=CARTESIAN_POINT('Origin',(-20.0000002980232,10.0000001490116,0.));
#6010=CARTESIAN_POINT('',(-31.5000002980232,10.0000001490116,1.));
#6011=CARTESIAN_POINT('Origin',(-20.0000002980232,10.0000001490116,1.));
#6012=CARTESIAN_POINT('',(-31.5000002980232,10.0000001490116,0.));
#6013=CARTESIAN_POINT('',(-31.5000002980232,10.0000001490116,0.));
#6014=CARTESIAN_POINT('Origin',(-20.0000002980232,10.0000001490116,0.));
#6015=CARTESIAN_POINT('Origin',(-20.0000002980232,10.0000001490116,1.));
#6016=CARTESIAN_POINT('Origin',(-20.0000002980232,10.0000001490116,0.));
#6017=UNCERTAINTY_MEASURE_WITH_UNIT(LENGTH_MEASURE(0.01),#6021,
'DISTANCE_ACCURACY_VALUE',
'Maximum model space distance between geometric entities at asserted c
onnectivities');
#6018=UNCERTAINTY_MEASURE_WITH_UNIT(LENGTH_MEASURE(0.01),#6021,
'DISTANCE_ACCURACY_VALUE',
'Maximum model space distance between geometric entities at asserted c
onnectivities');
#6019=(
GEOMETRIC_REPRESENTATION_CONTEXT(3)
GLOBAL_UNCERTAINTY_ASSIGNED_CONTEXT((#6017))
GLOBAL_UNIT_ASSIGNED_CONTEXT((#6021,#6023,#6024))
REPRESENTATION_CONTEXT('','3D')
);
#6020=(
GEOMETRIC_REPRESENTATION_CONTEXT(3)
GLOBAL_UNCERTAINTY_ASSIGNED_CONTEXT((#6018))
GLOBAL_UNIT_ASSIGNED_CONTEXT((#6021,#6023,#6024))
REPRESENTATION_CONTEXT('','3D')
);
#6021=(
LENGTH_UNIT()
NAMED_UNIT(*)
SI_UNIT(.MILLI.,.METRE.)
);
#6022=(
LENGTH_UNIT()
NAMED_UNIT(*)
SI_UNIT($,.METRE.)
);
#6023=(
NAMED_UNIT(*)
PLANE_ANGLE_UNIT()
SI_UNIT($,.RADIAN.)
);
#6024=(
NAMED_UNIT(*)
SI_UNIT($,.STERADIAN.)
SOLID_ANGLE_UNIT()
);
#6025=SHAPE_DEFINITION_REPRESENTATION(#6026,#6027);
#6026=PRODUCT_DEFINITION_SHAPE('',$,#6029);
#6027=SHAPE_REPRESENTATION('',(#2604),#6019);
#6028=PRODUCT_DEFINITION_CONTEXT('part definition',#6033,'design');
#6029=PRODUCT_DEFINITION('2026-09-26-21-41-21-084',
'herringbone gear-23',#6030,#6028);
#6030=PRODUCT_DEFINITION_FORMATION('',$,#6035);
#6031=PRODUCT_RELATED_PRODUCT_CATEGORY('herringbone gear-23',
'herringbone gear-23',(#6035));
#6032=APPLICATION_PROTOCOL_DEFINITION('international standard',
'automotive_design',2009,#6033);
#6033=APPLICATION_CONTEXT(
'Core Data for Automotive Mechanical Design Process');
#6034=PRODUCT_CONTEXT('part definition',#6033,'mechanical');
#6035=PRODUCT('2026-09-26-21-41-21-084','herringbone gear-23',$,(#6034));
#6036=PRESENTATION_STYLE_ASSIGNMENT((#6037));
#6037=SURFACE_STYLE_USAGE(.BOTH.,#6038);
#6038=SURFACE_SIDE_STYLE('',(#6039));
#6039=SURFACE_STYLE_FILL_AREA(#6040);
#6040=FILL_AREA_STYLE('Steel - Satin',(#6041));
#6041=FILL_AREA_STYLE_COLOUR('Steel - Satin',#6042);
#6042=COLOUR_RGB('Steel - Satin',0.627450980392157,0.627450980392157,0.627450980392157);
ENDSEC;
END-ISO-10303-21;
