ISO-10303-21;
HEADER;
/* Generated by software containing ST-Developer
 * from STEP Tools, Inc. (www.steptools.com) 
 */

FILE_DESCRIPTION(
/* description */ (''),
/* implementation_level */ '2;1');

FILE_NAME(
/* name */ 'shoulder shaft right.step',
/* time_stamp */ '2026-09-26T21:35:16-07:00',
/* author */ (''),
/* organization */ (''),
/* preprocessor_version */ 'ST-DEVELOPER v20.2',
/* originating_system */ 'Autodesk Translation Framework v15.15.0.0',
/* authorisation */ '');

FILE_SCHEMA (('AUTOMOTIVE_DESIGN { 1 0 10303 214 3 1 1 }'));
ENDSEC;

DATA;
#10=MECHANICAL_DESIGN_GEOMETRIC_PRESENTATION_REPRESENTATION('',(#13),#3518);
#11=SHAPE_REPRESENTATION_RELATIONSHIP('SRR','None',#3525,#12);
#12=ADVANCED_BREP_SHAPE_REPRESENTATION('',(#14),#3517);
#13=STYLED_ITEM('',(#3534),#14);
#14=MANIFOLD_SOLID_BREP('arm shaft left (1) (1) (1) (1)',#2003);
#15=(
BOUNDED_CURVE()
B_SPLINE_CURVE(2,(#3286,#3287,#3288),.UNSPECIFIED.,.F.,.F.)
B_SPLINE_CURVE_WITH_KNOTS((3,3),(2.16819152538324,2.77862687442307),
 .UNSPECIFIED.)
CURVE()
GEOMETRIC_REPRESENTATION_ITEM()
RATIONAL_B_SPLINE_CURVE((1.28434964813671,1.26841150846127,1.22095977148632))
REPRESENTATION_ITEM('')
);
#16=B_SPLINE_SURFACE_WITH_KNOTS('',3,3,((#2954,#2955,#2956,#2957),(#2958,
#2959,#2960,#2961),(#2962,#2963,#2964,#2965),(#2966,#2967,#2968,#2969)),
 .UNSPECIFIED.,.F.,.F.,.F.,(4,4),(4,4),(0.,1.00000000000001),(1.,1.47448110798722),
 .UNSPECIFIED.);
#17=B_SPLINE_SURFACE_WITH_KNOTS('',3,3,((#3001,#3002,#3003,#3004),(#3005,
#3006,#3007,#3008),(#3009,#3010,#3011,#3012),(#3013,#3014,#3015,#3016)),
 .UNSPECIFIED.,.F.,.F.,.F.,(4,4),(4,4),(0.,1.),(0.760609648480553,0.785398163397449),
 .UNSPECIFIED.);
#18=B_SPLINE_CURVE_WITH_KNOTS('',3,(#2868,#2869,#2870,#2871),
 .UNSPECIFIED.,.F.,.F.,(4,4),(-0.148660325510095,0.),.UNSPECIFIED.);
#19=B_SPLINE_CURVE_WITH_KNOTS('',3,(#2873,#2874,#2875,#2876),
 .UNSPECIFIED.,.F.,.F.,(4,4),(-0.148704534780411,0.),.UNSPECIFIED.);
#20=B_SPLINE_CURVE_WITH_KNOTS('',3,(#2971,#2972,#2973,#2974,#2975,#2976,
#2977,#2978,#2979,#2980,#2981,#2982,#2983,#2984,#2985,#2986,#2987,#2988),
 .UNSPECIFIED.,.F.,.F.,(4,2,2,2,2,2,2,2,4),(0.,0.145888876732101,0.267958612097898,
0.366293375664764,0.456836931811218,0.552745229145953,0.674034213954778,
0.790491446841738,0.91258836949597),.UNSPECIFIED.);
#21=B_SPLINE_CURVE_WITH_KNOTS('',3,(#2992,#2993,#2994,#2995),
 .UNSPECIFIED.,.F.,.F.,(4,4),(-1.47448110798722,-1.),.UNSPECIFIED.);
#22=B_SPLINE_CURVE_WITH_KNOTS('',3,(#3018,#3019,#3020,#3021,#3022,#3023,
#3024,#3025,#3026,#3027),.UNSPECIFIED.,.F.,.F.,(4,3,3,4),(0.,0.0314492201091134,
0.0405446967792763,0.0682704479890618),.UNSPECIFIED.);
#23=B_SPLINE_CURVE_WITH_KNOTS('',3,(#3029,#3030,#3031,#3032),
 .UNSPECIFIED.,.F.,.F.,(4,4),(-0.785398163397449,-0.760609648480553),
 .UNSPECIFIED.);
#24=B_SPLINE_CURVE_WITH_KNOTS('',3,(#3073,#3074,#3075,#3076,#3077,#3078,
#3079,#3080,#3081,#3082,#3083,#3084,#3085,#3086,#3087,#3088,#3089,#3090,
#3091,#3092,#3093,#3094,#3095,#3096,#3097,#3098),.UNSPECIFIED.,.F.,.F.,
(4,2,2,2,2,2,2,2,2,2,2,2,4),(0.,0.113361407454839,0.226722814909679,0.344047010467034,
0.461371206024389,0.575478389303033,0.689585572581676,0.80256430351259,
0.915543034443503,1.02852176537442,1.14150049630533,1.25560767958397,1.36971486286262),
 .UNSPECIFIED.);
#25=B_SPLINE_CURVE_WITH_KNOTS('',3,(#3099,#3100,#3101,#3102,#3103,#3104,
#3105,#3106,#3107,#3108),.UNSPECIFIED.,.F.,.F.,(4,2,2,2,4),(1.36971486286262,
1.48703905841997,1.60436325397733,1.71772466143217,1.83108606888701),
 .UNSPECIFIED.);
#26=B_SPLINE_CURVE_WITH_KNOTS('',3,(#3111,#3112,#3113,#3114,#3115,#3116,
#3117,#3118,#3119,#3120,#3121,#3122,#3123,#3124,#3125,#3126,#3127,#3128,
#3129,#3130,#3131,#3132,#3133,#3134,#3135,#3136),.UNSPECIFIED.,.F.,.F.,
(4,2,2,2,2,2,2,2,2,2,2,2,4),(0.,0.112978730930914,0.225957461861828,0.340064645140472,
0.454171828419116,0.571496023976471,0.688820219533827,0.802181626988667,
0.915543034443506,1.02890444189835,1.14226584935319,1.25959004491054,1.3769142404679),
 .UNSPECIFIED.);
#27=B_SPLINE_CURVE_WITH_KNOTS('',3,(#3137,#3138,#3139,#3140,#3141,#3142,
#3143,#3144,#3145,#3146),.UNSPECIFIED.,.F.,.F.,(4,2,2,2,4),(1.3769142404679,
1.49102142374654,1.60512860702519,1.7181073379561,1.83108606888701),
 .UNSPECIFIED.);
#28=B_SPLINE_CURVE_WITH_KNOTS('',3,(#3294,#3295,#3296,#3297,#3298,#3299,
#3300,#3301,#3302,#3303,#3304,#3305,#3306,#3307,#3308,#3309,#3310,#3311,
#3312,#3313,#3314,#3315),.UNSPECIFIED.,.F.,.F.,(4,2,2,2,2,2,2,2,2,2,4),
(0.050697853110479,0.158985092286538,0.317970184573076,0.386538609656044,
0.455107034739012,0.512901129465614,0.570695224192215,0.628489318918815,
0.686283413645416,0.754851838728386,0.815230365349721),.UNSPECIFIED.);
#29=B_SPLINE_CURVE_WITH_KNOTS('',3,(#3406,#3407,#3408,#3409,#3410,#3411,
#3412,#3413,#3414,#3415),.UNSPECIFIED.,.F.,.F.,(4,2,2,2,4),(0.,0.0600469304889771,
0.120093860977954,0.183179506602247,0.24626515222654),.UNSPECIFIED.);
#30=B_SPLINE_CURVE_WITH_KNOTS('',3,(#3416,#3417,#3418,#3419,#3420,#3421,
#3422,#3423,#3424,#3425,#3426,#3427,#3428,#3429,#3430,#3431,#3432,#3433,
#3434,#3435,#3436,#3437,#3438,#3439,#3440,#3441),.UNSPECIFIED.,.F.,.F.,
(4,2,2,2,2,2,2,2,2,2,2,2,4),(0.24626515222654,0.312580666517155,0.378896180807769,
0.439363439229123,0.499830697650477,0.560297956071831,0.620765214493185,
0.687080728783799,0.753396243074414,0.816481888698707,0.879567534322999,
0.939614464811977,0.999661395300954),.UNSPECIFIED.);
#31=B_SPLINE_CURVE_WITH_KNOTS('',3,(#3448,#3449,#3450,#3451,#3452,#3453,
#3454,#3455,#3456,#3457),.UNSPECIFIED.,.F.,.F.,(4,2,2,2,4),(0.,0.0604672584213537,
0.120934516842707,0.187250031133322,0.253565545423936),.UNSPECIFIED.);
#32=B_SPLINE_CURVE_WITH_KNOTS('',3,(#3458,#3459,#3460,#3461,#3462,#3463,
#3464,#3465,#3466,#3467,#3468,#3469,#3470,#3471,#3472,#3473,#3474,#3475,
#3476,#3477,#3478,#3479,#3480,#3481,#3482,#3483),.UNSPECIFIED.,.F.,.F.,
(4,2,2,2,2,2,2,2,2,2,2,2,4),(0.253565545423936,0.316651191048229,0.379736836672522,
0.439783767161499,0.499830697650476,0.559877628139453,0.61992455862843,
0.683010204252723,0.746095849877016,0.81241136416763,0.878726878458244,
0.939194136879598,0.999661395300952),.UNSPECIFIED.);
#33=CONICAL_SURFACE('',#2046,10.5,0.785398163397451);
#34=CONICAL_SURFACE('',#2055,5.5,0.785398163397451);
#35=CONICAL_SURFACE('',#2077,8.,0.785398163397447);
#36=CONICAL_SURFACE('',#2088,15.5,0.785398163397448);
#37=CONICAL_SURFACE('',#2143,8.,0.785398163397447);
#38=CONICAL_SURFACE('',#2146,8.,0.785398163397447);
#39=CONICAL_SURFACE('',#2149,5.,0.785398163397447);
#40=CONICAL_SURFACE('',#2157,7.99999999999999,0.78539816339745);
#41=CYLINDRICAL_SURFACE('',#2040,5.);
#42=CYLINDRICAL_SURFACE('',#2043,10.);
#43=CYLINDRICAL_SURFACE('',#2066,2.5);
#44=CYLINDRICAL_SURFACE('',#2068,2.5);
#45=CYLINDRICAL_SURFACE('',#2084,17.5);
#46=CYLINDRICAL_SURFACE('',#2096,10.);
#47=CYLINDRICAL_SURFACE('',#2116,1.60000000000001);
#48=CYLINDRICAL_SURFACE('',#2117,1.59999999999999);
#49=CYLINDRICAL_SURFACE('',#2118,1.59999999999999);
#50=CYLINDRICAL_SURFACE('',#2119,1.6);
#51=CYLINDRICAL_SURFACE('',#2120,2.5);
#52=CYLINDRICAL_SURFACE('',#2122,16.1);
#53=CYLINDRICAL_SURFACE('',#2123,10.);
#54=CYLINDRICAL_SURFACE('',#2127,2.5);
#55=CYLINDRICAL_SURFACE('',#2130,12.5);
#56=CYLINDRICAL_SURFACE('',#2133,7.);
#57=CYLINDRICAL_SURFACE('',#2136,10.);
#58=CYLINDRICAL_SURFACE('',#2139,10.);
#59=CYLINDRICAL_SURFACE('',#2161,3.);
#60=CYLINDRICAL_SURFACE('',#2162,1.6);
#61=CYLINDRICAL_SURFACE('',#2163,1.6);
#62=CYLINDRICAL_SURFACE('',#2165,1.6);
#63=CYLINDRICAL_SURFACE('',#2167,3.00000000000001);
#64=CYLINDRICAL_SURFACE('',#2169,3.);
#65=CYLINDRICAL_SURFACE('',#2173,10.);
#66=CYLINDRICAL_SURFACE('',#2177,1.6);
#67=CYLINDRICAL_SURFACE('',#2180,1.6);
#68=ELLIPSE('',#2036,9.89949493661167,7.);
#69=ELLIPSE('',#2076,14.142135623731,10.);
#70=FACE_BOUND('',#208,.T.);
#71=FACE_BOUND('',#210,.T.);
#72=FACE_BOUND('',#211,.T.);
#73=FACE_BOUND('',#216,.T.);
#74=FACE_BOUND('',#218,.T.);
#75=FACE_BOUND('',#221,.T.);
#76=FACE_BOUND('',#227,.T.);
#77=FACE_BOUND('',#237,.T.);
#78=FACE_BOUND('',#238,.T.);
#79=FACE_BOUND('',#240,.T.);
#80=FACE_BOUND('',#241,.T.);
#81=FACE_BOUND('',#258,.T.);
#82=FACE_BOUND('',#259,.T.);
#83=FACE_BOUND('',#264,.T.);
#84=FACE_BOUND('',#265,.T.);
#85=FACE_BOUND('',#266,.T.);
#86=FACE_BOUND('',#275,.T.);
#87=FACE_BOUND('',#277,.T.);
#88=FACE_BOUND('',#280,.T.);
#89=FACE_BOUND('',#281,.T.);
#90=FACE_BOUND('',#283,.T.);
#91=FACE_BOUND('',#284,.T.);
#92=FACE_BOUND('',#317,.T.);
#93=FACE_BOUND('',#323,.T.);
#94=FACE_BOUND('',#331,.T.);
#95=FACE_BOUND('',#333,.T.);
#96=FACE_BOUND('',#335,.T.);
#97=FACE_BOUND('',#336,.T.);
#98=FACE_BOUND('',#338,.T.);
#99=FACE_BOUND('',#339,.T.);
#100=FACE_OUTER_BOUND('',#207,.T.);
#101=FACE_OUTER_BOUND('',#209,.T.);
#102=FACE_OUTER_BOUND('',#212,.T.);
#103=FACE_OUTER_BOUND('',#213,.T.);
#104=FACE_OUTER_BOUND('',#214,.T.);
#105=FACE_OUTER_BOUND('',#215,.T.);
#106=FACE_OUTER_BOUND('',#217,.T.);
#107=FACE_OUTER_BOUND('',#219,.T.);
#108=FACE_OUTER_BOUND('',#220,.T.);
#109=FACE_OUTER_BOUND('',#222,.T.);
#110=FACE_OUTER_BOUND('',#223,.T.);
#111=FACE_OUTER_BOUND('',#224,.T.);
#112=FACE_OUTER_BOUND('',#225,.T.);
#113=FACE_OUTER_BOUND('',#226,.T.);
#114=FACE_OUTER_BOUND('',#228,.T.);
#115=FACE_OUTER_BOUND('',#229,.T.);
#116=FACE_OUTER_BOUND('',#230,.T.);
#117=FACE_OUTER_BOUND('',#231,.T.);
#118=FACE_OUTER_BOUND('',#232,.T.);
#119=FACE_OUTER_BOUND('',#233,.T.);
#120=FACE_OUTER_BOUND('',#234,.T.);
#121=FACE_OUTER_BOUND('',#235,.T.);
#122=FACE_OUTER_BOUND('',#236,.T.);
#123=FACE_OUTER_BOUND('',#239,.T.);
#124=FACE_OUTER_BOUND('',#242,.T.);
#125=FACE_OUTER_BOUND('',#243,.T.);
#126=FACE_OUTER_BOUND('',#244,.T.);
#127=FACE_OUTER_BOUND('',#245,.T.);
#128=FACE_OUTER_BOUND('',#246,.T.);
#129=FACE_OUTER_BOUND('',#247,.T.);
#130=FACE_OUTER_BOUND('',#248,.T.);
#131=FACE_OUTER_BOUND('',#249,.T.);
#132=FACE_OUTER_BOUND('',#250,.T.);
#133=FACE_OUTER_BOUND('',#251,.T.);
#134=FACE_OUTER_BOUND('',#252,.T.);
#135=FACE_OUTER_BOUND('',#253,.T.);
#136=FACE_OUTER_BOUND('',#254,.T.);
#137=FACE_OUTER_BOUND('',#255,.T.);
#138=FACE_OUTER_BOUND('',#256,.T.);
#139=FACE_OUTER_BOUND('',#257,.T.);
#140=FACE_OUTER_BOUND('',#260,.T.);
#141=FACE_OUTER_BOUND('',#261,.T.);
#142=FACE_OUTER_BOUND('',#262,.T.);
#143=FACE_OUTER_BOUND('',#263,.T.);
#144=FACE_OUTER_BOUND('',#267,.T.);
#145=FACE_OUTER_BOUND('',#268,.T.);
#146=FACE_OUTER_BOUND('',#269,.T.);
#147=FACE_OUTER_BOUND('',#270,.T.);
#148=FACE_OUTER_BOUND('',#271,.T.);
#149=FACE_OUTER_BOUND('',#272,.T.);
#150=FACE_OUTER_BOUND('',#273,.T.);
#151=FACE_OUTER_BOUND('',#274,.T.);
#152=FACE_OUTER_BOUND('',#276,.T.);
#153=FACE_OUTER_BOUND('',#278,.T.);
#154=FACE_OUTER_BOUND('',#279,.T.);
#155=FACE_OUTER_BOUND('',#282,.T.);
#156=FACE_OUTER_BOUND('',#285,.T.);
#157=FACE_OUTER_BOUND('',#286,.T.);
#158=FACE_OUTER_BOUND('',#287,.T.);
#159=FACE_OUTER_BOUND('',#288,.T.);
#160=FACE_OUTER_BOUND('',#289,.T.);
#161=FACE_OUTER_BOUND('',#290,.T.);
#162=FACE_OUTER_BOUND('',#291,.T.);
#163=FACE_OUTER_BOUND('',#292,.T.);
#164=FACE_OUTER_BOUND('',#293,.T.);
#165=FACE_OUTER_BOUND('',#294,.T.);
#166=FACE_OUTER_BOUND('',#295,.T.);
#167=FACE_OUTER_BOUND('',#296,.T.);
#168=FACE_OUTER_BOUND('',#297,.T.);
#169=FACE_OUTER_BOUND('',#298,.T.);
#170=FACE_OUTER_BOUND('',#299,.T.);
#171=FACE_OUTER_BOUND('',#300,.T.);
#172=FACE_OUTER_BOUND('',#301,.T.);
#173=FACE_OUTER_BOUND('',#302,.T.);
#174=FACE_OUTER_BOUND('',#303,.T.);
#175=FACE_OUTER_BOUND('',#304,.T.);
#176=FACE_OUTER_BOUND('',#305,.T.);
#177=FACE_OUTER_BOUND('',#306,.T.);
#178=FACE_OUTER_BOUND('',#307,.T.);
#179=FACE_OUTER_BOUND('',#308,.T.);
#180=FACE_OUTER_BOUND('',#309,.T.);
#181=FACE_OUTER_BOUND('',#310,.T.);
#182=FACE_OUTER_BOUND('',#311,.T.);
#183=FACE_OUTER_BOUND('',#312,.T.);
#184=FACE_OUTER_BOUND('',#313,.T.);
#185=FACE_OUTER_BOUND('',#314,.T.);
#186=FACE_OUTER_BOUND('',#315,.T.);
#187=FACE_OUTER_BOUND('',#316,.T.);
#188=FACE_OUTER_BOUND('',#318,.T.);
#189=FACE_OUTER_BOUND('',#319,.T.);
#190=FACE_OUTER_BOUND('',#320,.T.);
#191=FACE_OUTER_BOUND('',#321,.T.);
#192=FACE_OUTER_BOUND('',#322,.T.);
#193=FACE_OUTER_BOUND('',#324,.T.);
#194=FACE_OUTER_BOUND('',#325,.T.);
#195=FACE_OUTER_BOUND('',#326,.T.);
#196=FACE_OUTER_BOUND('',#327,.T.);
#197=FACE_OUTER_BOUND('',#328,.T.);
#198=FACE_OUTER_BOUND('',#329,.T.);
#199=FACE_OUTER_BOUND('',#330,.T.);
#200=FACE_OUTER_BOUND('',#332,.T.);
#201=FACE_OUTER_BOUND('',#334,.T.);
#202=FACE_OUTER_BOUND('',#337,.T.);
#203=FACE_OUTER_BOUND('',#340,.T.);
#204=FACE_OUTER_BOUND('',#341,.T.);
#205=FACE_OUTER_BOUND('',#342,.T.);
#206=FACE_OUTER_BOUND('',#343,.T.);
#207=EDGE_LOOP('',(#1268,#1269));
#208=EDGE_LOOP('',(#1270));
#209=EDGE_LOOP('',(#1271,#1272,#1273,#1274,#1275,#1276,#1277));
#210=EDGE_LOOP('',(#1278));
#211=EDGE_LOOP('',(#1279));
#212=EDGE_LOOP('',(#1280,#1281,#1282,#1283,#1284,#1285,#1286,#1287,#1288,
#1289));
#213=EDGE_LOOP('',(#1290,#1291,#1292,#1293));
#214=EDGE_LOOP('',(#1294,#1295,#1296,#1297));
#215=EDGE_LOOP('',(#1298));
#216=EDGE_LOOP('',(#1299));
#217=EDGE_LOOP('',(#1300,#1301,#1302,#1303,#1304,#1305));
#218=EDGE_LOOP('',(#1306));
#219=EDGE_LOOP('',(#1307,#1308,#1309,#1310,#1311));
#220=EDGE_LOOP('',(#1312,#1313,#1314,#1315,#1316));
#221=EDGE_LOOP('',(#1317));
#222=EDGE_LOOP('',(#1318,#1319,#1320,#1321));
#223=EDGE_LOOP('',(#1322,#1323,#1324,#1325));
#224=EDGE_LOOP('',(#1326,#1327,#1328,#1329));
#225=EDGE_LOOP('',(#1330,#1331,#1332,#1333));
#226=EDGE_LOOP('',(#1334));
#227=EDGE_LOOP('',(#1335,#1336,#1337,#1338,#1339));
#228=EDGE_LOOP('',(#1340,#1341,#1342,#1343));
#229=EDGE_LOOP('',(#1344,#1345,#1346,#1347));
#230=EDGE_LOOP('',(#1348,#1349,#1350,#1351));
#231=EDGE_LOOP('',(#1352,#1353,#1354,#1355));
#232=EDGE_LOOP('',(#1356,#1357,#1358,#1359));
#233=EDGE_LOOP('',(#1360,#1361,#1362,#1363));
#234=EDGE_LOOP('',(#1364,#1365,#1366,#1367));
#235=EDGE_LOOP('',(#1368,#1369,#1370,#1371));
#236=EDGE_LOOP('',(#1372,#1373,#1374,#1375));
#237=EDGE_LOOP('',(#1376));
#238=EDGE_LOOP('',(#1377));
#239=EDGE_LOOP('',(#1378,#1379,#1380,#1381));
#240=EDGE_LOOP('',(#1382));
#241=EDGE_LOOP('',(#1383));
#242=EDGE_LOOP('',(#1384,#1385,#1386,#1387));
#243=EDGE_LOOP('',(#1388,#1389,#1390,#1391,#1392,#1393));
#244=EDGE_LOOP('',(#1394,#1395,#1396,#1397));
#245=EDGE_LOOP('',(#1398,#1399,#1400,#1401));
#246=EDGE_LOOP('',(#1402,#1403,#1404,#1405));
#247=EDGE_LOOP('',(#1406,#1407,#1408,#1409));
#248=EDGE_LOOP('',(#1410,#1411,#1412,#1413,#1414,#1415,#1416,#1417,#1418,
#1419));
#249=EDGE_LOOP('',(#1420,#1421,#1422,#1423));
#250=EDGE_LOOP('',(#1424,#1425,#1426,#1427));
#251=EDGE_LOOP('',(#1428,#1429,#1430,#1431));
#252=EDGE_LOOP('',(#1432,#1433,#1434,#1435));
#253=EDGE_LOOP('',(#1436,#1437,#1438,#1439));
#254=EDGE_LOOP('',(#1440,#1441,#1442,#1443));
#255=EDGE_LOOP('',(#1444,#1445,#1446,#1447));
#256=EDGE_LOOP('',(#1448,#1449,#1450,#1451));
#257=EDGE_LOOP('',(#1452,#1453,#1454,#1455));
#258=EDGE_LOOP('',(#1456,#1457));
#259=EDGE_LOOP('',(#1458,#1459));
#260=EDGE_LOOP('',(#1460,#1461,#1462,#1463));
#261=EDGE_LOOP('',(#1464,#1465,#1466,#1467));
#262=EDGE_LOOP('',(#1468,#1469,#1470,#1471));
#263=EDGE_LOOP('',(#1472,#1473,#1474,#1475,#1476,#1477,#1478,#1479,#1480,
#1481,#1482,#1483,#1484,#1485,#1486,#1487,#1488,#1489,#1490,#1491,#1492,
#1493,#1494,#1495,#1496,#1497,#1498,#1499));
#264=EDGE_LOOP('',(#1500));
#265=EDGE_LOOP('',(#1501));
#266=EDGE_LOOP('',(#1502));
#267=EDGE_LOOP('',(#1503,#1504,#1505,#1506,#1507,#1508,#1509,#1510,#1511,
#1512));
#268=EDGE_LOOP('',(#1513,#1514,#1515,#1516));
#269=EDGE_LOOP('',(#1517,#1518,#1519,#1520,#1521));
#270=EDGE_LOOP('',(#1522,#1523,#1524,#1525));
#271=EDGE_LOOP('',(#1526,#1527,#1528,#1529,#1530,#1531,#1532,#1533));
#272=EDGE_LOOP('',(#1534,#1535,#1536,#1537));
#273=EDGE_LOOP('',(#1538,#1539,#1540,#1541));
#274=EDGE_LOOP('',(#1542,#1543,#1544,#1545,#1546));
#275=EDGE_LOOP('',(#1547,#1548,#1549,#1550));
#276=EDGE_LOOP('',(#1551,#1552,#1553,#1554));
#277=EDGE_LOOP('',(#1555,#1556));
#278=EDGE_LOOP('',(#1557,#1558,#1559,#1560));
#279=EDGE_LOOP('',(#1561,#1562,#1563,#1564));
#280=EDGE_LOOP('',(#1565));
#281=EDGE_LOOP('',(#1566));
#282=EDGE_LOOP('',(#1567,#1568,#1569,#1570));
#283=EDGE_LOOP('',(#1571));
#284=EDGE_LOOP('',(#1572));
#285=EDGE_LOOP('',(#1573,#1574,#1575,#1576,#1577,#1578,#1579,#1580,#1581,
#1582));
#286=EDGE_LOOP('',(#1583,#1584,#1585,#1586));
#287=EDGE_LOOP('',(#1587,#1588,#1589,#1590,#1591,#1592,#1593,#1594,#1595,
#1596));
#288=EDGE_LOOP('',(#1597,#1598,#1599,#1600));
#289=EDGE_LOOP('',(#1601,#1602,#1603,#1604));
#290=EDGE_LOOP('',(#1605,#1606,#1607,#1608));
#291=EDGE_LOOP('',(#1609,#1610,#1611,#1612));
#292=EDGE_LOOP('',(#1613,#1614,#1615,#1616));
#293=EDGE_LOOP('',(#1617,#1618,#1619,#1620,#1621,#1622,#1623));
#294=EDGE_LOOP('',(#1624,#1625,#1626,#1627));
#295=EDGE_LOOP('',(#1628,#1629,#1630,#1631));
#296=EDGE_LOOP('',(#1632,#1633,#1634,#1635,#1636));
#297=EDGE_LOOP('',(#1637,#1638,#1639,#1640,#1641,#1642));
#298=EDGE_LOOP('',(#1643,#1644,#1645,#1646,#1647,#1648));
#299=EDGE_LOOP('',(#1649,#1650,#1651,#1652,#1653));
#300=EDGE_LOOP('',(#1654,#1655,#1656,#1657,#1658));
#301=EDGE_LOOP('',(#1659,#1660,#1661,#1662));
#302=EDGE_LOOP('',(#1663,#1664,#1665,#1666,#1667,#1668,#1669,#1670,#1671,
#1672));
#303=EDGE_LOOP('',(#1673,#1674,#1675,#1676,#1677));
#304=EDGE_LOOP('',(#1678,#1679,#1680,#1681,#1682,#1683));
#305=EDGE_LOOP('',(#1684,#1685,#1686,#1687));
#306=EDGE_LOOP('',(#1688,#1689,#1690,#1691));
#307=EDGE_LOOP('',(#1692,#1693,#1694,#1695));
#308=EDGE_LOOP('',(#1696,#1697,#1698,#1699));
#309=EDGE_LOOP('',(#1700,#1701,#1702,#1703));
#310=EDGE_LOOP('',(#1704,#1705,#1706,#1707));
#311=EDGE_LOOP('',(#1708,#1709,#1710,#1711));
#312=EDGE_LOOP('',(#1712,#1713,#1714,#1715));
#313=EDGE_LOOP('',(#1716,#1717,#1718,#1719));
#314=EDGE_LOOP('',(#1720,#1721,#1722,#1723));
#315=EDGE_LOOP('',(#1724,#1725,#1726,#1727));
#316=EDGE_LOOP('',(#1728,#1729,#1730,#1731,#1732,#1733,#1734,#1735,#1736,
#1737,#1738,#1739,#1740));
#317=EDGE_LOOP('',(#1741));
#318=EDGE_LOOP('',(#1742,#1743,#1744,#1745,#1746,#1747,#1748,#1749,#1750,
#1751));
#319=EDGE_LOOP('',(#1752,#1753,#1754,#1755,#1756,#1757,#1758));
#320=EDGE_LOOP('',(#1759,#1760,#1761,#1762));
#321=EDGE_LOOP('',(#1763,#1764,#1765,#1766,#1767));
#322=EDGE_LOOP('',(#1768));
#323=EDGE_LOOP('',(#1769));
#324=EDGE_LOOP('',(#1770,#1771,#1772,#1773));
#325=EDGE_LOOP('',(#1774,#1775,#1776,#1777));
#326=EDGE_LOOP('',(#1778,#1779,#1780,#1781,#1782));
#327=EDGE_LOOP('',(#1783,#1784,#1785,#1786,#1787));
#328=EDGE_LOOP('',(#1788,#1789,#1790,#1791,#1792));
#329=EDGE_LOOP('',(#1793,#1794,#1795,#1796,#1797));
#330=EDGE_LOOP('',(#1798));
#331=EDGE_LOOP('',(#1799));
#332=EDGE_LOOP('',(#1800));
#333=EDGE_LOOP('',(#1801));
#334=EDGE_LOOP('',(#1802,#1803,#1804,#1805));
#335=EDGE_LOOP('',(#1806,#1807));
#336=EDGE_LOOP('',(#1808,#1809));
#337=EDGE_LOOP('',(#1810,#1811,#1812,#1813));
#338=EDGE_LOOP('',(#1814));
#339=EDGE_LOOP('',(#1815));
#340=EDGE_LOOP('',(#1816,#1817,#1818,#1819));
#341=EDGE_LOOP('',(#1820));
#342=EDGE_LOOP('',(#1821,#1822,#1823,#1824));
#343=EDGE_LOOP('',(#1825));
#344=LINE('',#2724,#546);
#345=LINE('',#2730,#547);
#346=LINE('',#2732,#548);
#347=LINE('',#2734,#549);
#348=LINE('',#2736,#550);
#349=LINE('',#2738,#551);
#350=LINE('',#2740,#552);
#351=LINE('',#2741,#553);
#352=LINE('',#2749,#554);
#353=LINE('',#2751,#555);
#354=LINE('',#2753,#556);
#355=LINE('',#2755,#557);
#356=LINE('',#2757,#558);
#357=LINE('',#2759,#559);
#358=LINE('',#2763,#560);
#359=LINE('',#2766,#561);
#360=LINE('',#2769,#562);
#361=LINE('',#2771,#563);
#362=LINE('',#2772,#564);
#363=LINE('',#2775,#565);
#364=LINE('',#2777,#566);
#365=LINE('',#2778,#567);
#366=LINE('',#2787,#568);
#367=LINE('',#2791,#569);
#368=LINE('',#2795,#570);
#369=LINE('',#2796,#571);
#370=LINE('',#2802,#572);
#371=LINE('',#2806,#573);
#372=LINE('',#2808,#574);
#373=LINE('',#2809,#575);
#374=LINE('',#2813,#576);
#375=LINE('',#2815,#577);
#376=LINE('',#2819,#578);
#377=LINE('',#2820,#579);
#378=LINE('',#2827,#580);
#379=LINE('',#2828,#581);
#380=LINE('',#2831,#582);
#381=LINE('',#2832,#583);
#382=LINE('',#2837,#584);
#383=LINE('',#2842,#585);
#384=LINE('',#2846,#586);
#385=LINE('',#2848,#587);
#386=LINE('',#2850,#588);
#387=LINE('',#2853,#589);
#388=LINE('',#2856,#590);
#389=LINE('',#2857,#591);
#390=LINE('',#2860,#592);
#391=LINE('',#2861,#593);
#392=LINE('',#2863,#594);
#393=LINE('',#2865,#595);
#394=LINE('',#2866,#596);
#395=LINE('',#2878,#597);
#396=LINE('',#2883,#598);
#397=LINE('',#2885,#599);
#398=LINE('',#2887,#600);
#399=LINE('',#2888,#601);
#400=LINE('',#2896,#602);
#401=LINE('',#2898,#603);
#402=LINE('',#2900,#604);
#403=LINE('',#2901,#605);
#404=LINE('',#2909,#606);
#405=LINE('',#2910,#607);
#406=LINE('',#2911,#608);
#407=LINE('',#2914,#609);
#408=LINE('',#2915,#610);
#409=LINE('',#2918,#611);
#410=LINE('',#2922,#612);
#411=LINE('',#2927,#613);
#412=LINE('',#2931,#614);
#413=LINE('',#2936,#615);
#414=LINE('',#2938,#616);
#415=LINE('',#2940,#617);
#416=LINE('',#2941,#618);
#417=LINE('',#2944,#619);
#418=LINE('',#2945,#620);
#419=LINE('',#2947,#621);
#420=LINE('',#2948,#622);
#421=LINE('',#2950,#623);
#422=LINE('',#2952,#624);
#423=LINE('',#2953,#625);
#424=LINE('',#2990,#626);
#425=LINE('',#2996,#627);
#426=LINE('',#3000,#628);
#427=LINE('',#3033,#629);
#428=LINE('',#3037,#630);
#429=LINE('',#3040,#631);
#430=LINE('',#3044,#632);
#431=LINE('',#3046,#633);
#432=LINE('',#3048,#634);
#433=LINE('',#3049,#635);
#434=LINE('',#3052,#636);
#435=LINE('',#3054,#637);
#436=LINE('',#3055,#638);
#437=LINE('',#3059,#639);
#438=LINE('',#3061,#640);
#439=LINE('',#3063,#641);
#440=LINE('',#3064,#642);
#441=LINE('',#3069,#643);
#442=LINE('',#3150,#644);
#443=LINE('',#3152,#645);
#444=LINE('',#3153,#646);
#445=LINE('',#3154,#647);
#446=LINE('',#3158,#648);
#447=LINE('',#3161,#649);
#448=LINE('',#3162,#650);
#449=LINE('',#3166,#651);
#450=LINE('',#3168,#652);
#451=LINE('',#3169,#653);
#452=LINE('',#3172,#654);
#453=LINE('',#3173,#655);
#454=LINE('',#3175,#656);
#455=LINE('',#3177,#657);
#456=LINE('',#3178,#658);
#457=LINE('',#3179,#659);
#458=LINE('',#3181,#660);
#459=LINE('',#3183,#661);
#460=LINE('',#3184,#662);
#461=LINE('',#3187,#663);
#462=LINE('',#3189,#664);
#463=LINE('',#3190,#665);
#464=LINE('',#3192,#666);
#465=LINE('',#3193,#667);
#466=LINE('',#3196,#668);
#467=LINE('',#3197,#669);
#468=LINE('',#3201,#670);
#469=LINE('',#3205,#671);
#470=LINE('',#3206,#672);
#471=LINE('',#3207,#673);
#472=LINE('',#3209,#674);
#473=LINE('',#3212,#675);
#474=LINE('',#3213,#676);
#475=LINE('',#3216,#677);
#476=LINE('',#3217,#678);
#477=LINE('',#3220,#679);
#478=LINE('',#3221,#680);
#479=LINE('',#3222,#681);
#480=LINE('',#3224,#682);
#481=LINE('',#3227,#683);
#482=LINE('',#3230,#684);
#483=LINE('',#3233,#685);
#484=LINE('',#3234,#686);
#485=LINE('',#3241,#687);
#486=LINE('',#3242,#688);
#487=LINE('',#3248,#689);
#488=LINE('',#3251,#690);
#489=LINE('',#3254,#691);
#490=LINE('',#3256,#692);
#491=LINE('',#3258,#693);
#492=LINE('',#3260,#694);
#493=LINE('',#3262,#695);
#494=LINE('',#3263,#696);
#495=LINE('',#3266,#697);
#496=LINE('',#3271,#698);
#497=LINE('',#3272,#699);
#498=LINE('',#3275,#700);
#499=LINE('',#3277,#701);
#500=LINE('',#3279,#702);
#501=LINE('',#3281,#703);
#502=LINE('',#3282,#704);
#503=LINE('',#3285,#705);
#504=LINE('',#3291,#706);
#505=LINE('',#3317,#707);
#506=LINE('',#3320,#708);
#507=LINE('',#3324,#709);
#508=LINE('',#3325,#710);
#509=LINE('',#3329,#711);
#510=LINE('',#3332,#712);
#511=LINE('',#3333,#713);
#512=LINE('',#3334,#714);
#513=LINE('',#3338,#715);
#514=LINE('',#3341,#716);
#515=LINE('',#3342,#717);
#516=LINE('',#3346,#718);
#517=LINE('',#3349,#719);
#518=LINE('',#3350,#720);
#519=LINE('',#3353,#721);
#520=LINE('',#3355,#722);
#521=LINE('',#3356,#723);
#522=LINE('',#3360,#724);
#523=LINE('',#3363,#725);
#524=LINE('',#3364,#726);
#525=LINE('',#3368,#727);
#526=LINE('',#3371,#728);
#527=LINE('',#3372,#729);
#528=LINE('',#3375,#730);
#529=LINE('',#3378,#731);
#530=LINE('',#3382,#732);
#531=LINE('',#3384,#733);
#532=LINE('',#3387,#734);
#533=LINE('',#3388,#735);
#534=LINE('',#3390,#736);
#535=LINE('',#3392,#737);
#536=LINE('',#3400,#738);
#537=LINE('',#3402,#739);
#538=LINE('',#3443,#740);
#539=LINE('',#3485,#741);
#540=LINE('',#3489,#742);
#541=LINE('',#3493,#743);
#542=LINE('',#3498,#744);
#543=LINE('',#3499,#745);
#544=LINE('',#3507,#746);
#545=LINE('',#3512,#747);
#546=VECTOR('',#2189,10.);
#547=VECTOR('',#2194,10.);
#548=VECTOR('',#2195,10.);
#549=VECTOR('',#2196,10.);
#550=VECTOR('',#2197,10.);
#551=VECTOR('',#2198,10.);
#552=VECTOR('',#2199,10.);
#553=VECTOR('',#2200,10.);
#554=VECTOR('',#2207,10.);
#555=VECTOR('',#2208,10.);
#556=VECTOR('',#2209,10.);
#557=VECTOR('',#2210,10.);
#558=VECTOR('',#2211,10.);
#559=VECTOR('',#2212,10.);
#560=VECTOR('',#2215,10.);
#561=VECTOR('',#2218,10.);
#562=VECTOR('',#2221,10.);
#563=VECTOR('',#2222,10.);
#564=VECTOR('',#2223,10.);
#565=VECTOR('',#2226,10.);
#566=VECTOR('',#2227,10.);
#567=VECTOR('',#2228,10.);
#568=VECTOR('',#2237,10.);
#569=VECTOR('',#2240,10.);
#570=VECTOR('',#2243,10.);
#571=VECTOR('',#2244,10.);
#572=VECTOR('',#2249,10.);
#573=VECTOR('',#2252,10.);
#574=VECTOR('',#2253,10.);
#575=VECTOR('',#2254,10.);
#576=VECTOR('',#2257,10.);
#577=VECTOR('',#2258,10.);
#578=VECTOR('',#2261,10.);
#579=VECTOR('',#2262,10.);
#580=VECTOR('',#2269,10.);
#581=VECTOR('',#2270,10.);
#582=VECTOR('',#2273,10.);
#583=VECTOR('',#2274,10.);
#584=VECTOR('',#2279,10.);
#585=VECTOR('',#2286,10.5);
#586=VECTOR('',#2289,10.);
#587=VECTOR('',#2290,10.);
#588=VECTOR('',#2291,10.);
#589=VECTOR('',#2294,10.);
#590=VECTOR('',#2297,10.);
#591=VECTOR('',#2298,10.);
#592=VECTOR('',#2301,10.);
#593=VECTOR('',#2302,10.);
#594=VECTOR('',#2305,10.);
#595=VECTOR('',#2308,10.);
#596=VECTOR('',#2309,10.);
#597=VECTOR('',#2316,10.);
#598=VECTOR('',#2321,10.);
#599=VECTOR('',#2322,10.);
#600=VECTOR('',#2323,10.);
#601=VECTOR('',#2324,10.);
#602=VECTOR('',#2331,10.);
#603=VECTOR('',#2332,10.);
#604=VECTOR('',#2333,10.);
#605=VECTOR('',#2334,10.);
#606=VECTOR('',#2341,10.);
#607=VECTOR('',#2342,10.);
#608=VECTOR('',#2343,10.);
#609=VECTOR('',#2346,10.);
#610=VECTOR('',#2347,10.);
#611=VECTOR('',#2350,2.5);
#612=VECTOR('',#2355,2.5);
#613=VECTOR('',#2360,10.);
#614=VECTOR('',#2363,10.);
#615=VECTOR('',#2368,10.);
#616=VECTOR('',#2369,10.);
#617=VECTOR('',#2370,10.);
#618=VECTOR('',#2371,10.);
#619=VECTOR('',#2374,10.);
#620=VECTOR('',#2375,10.);
#621=VECTOR('',#2376,10.);
#622=VECTOR('',#2377,10.);
#623=VECTOR('',#2378,10.);
#624=VECTOR('',#2379,10.);
#625=VECTOR('',#2380,10.);
#626=VECTOR('',#2381,10.);
#627=VECTOR('',#2382,10.);
#628=VECTOR('',#2387,10.);
#629=VECTOR('',#2388,10.);
#630=VECTOR('',#2393,10.);
#631=VECTOR('',#2398,10.);
#632=VECTOR('',#2401,10.);
#633=VECTOR('',#2402,10.);
#634=VECTOR('',#2403,10.);
#635=VECTOR('',#2404,10.);
#636=VECTOR('',#2407,10.);
#637=VECTOR('',#2408,10.);
#638=VECTOR('',#2409,10.);
#639=VECTOR('',#2412,10.);
#640=VECTOR('',#2413,10.);
#641=VECTOR('',#2414,10.);
#642=VECTOR('',#2415,10.);
#643=VECTOR('',#2420,17.5);
#644=VECTOR('',#2425,10.);
#645=VECTOR('',#2426,10.);
#646=VECTOR('',#2427,10.);
#647=VECTOR('',#2428,10.);
#648=VECTOR('',#2433,10.);
#649=VECTOR('',#2436,10.);
#650=VECTOR('',#2437,10.);
#651=VECTOR('',#2440,10.);
#652=VECTOR('',#2441,10.);
#653=VECTOR('',#2442,10.);
#654=VECTOR('',#2445,10.);
#655=VECTOR('',#2446,10.);
#656=VECTOR('',#2447,10.);
#657=VECTOR('',#2450,10.);
#658=VECTOR('',#2451,10.);
#659=VECTOR('',#2452,10.);
#660=VECTOR('',#2453,10.);
#661=VECTOR('',#2454,10.);
#662=VECTOR('',#2455,10.);
#663=VECTOR('',#2458,10.);
#664=VECTOR('',#2459,10.);
#665=VECTOR('',#2460,10.);
#666=VECTOR('',#2461,10.);
#667=VECTOR('',#2462,10.);
#668=VECTOR('',#2465,10.);
#669=VECTOR('',#2466,10.);
#670=VECTOR('',#2471,10.);
#671=VECTOR('',#2474,10.);
#672=VECTOR('',#2475,10.);
#673=VECTOR('',#2476,10.);
#674=VECTOR('',#2479,10.);
#675=VECTOR('',#2482,10.);
#676=VECTOR('',#2483,10.);
#677=VECTOR('',#2486,10.);
#678=VECTOR('',#2487,10.);
#679=VECTOR('',#2490,10.);
#680=VECTOR('',#2491,10.);
#681=VECTOR('',#2492,10.);
#682=VECTOR('',#2495,10.);
#683=VECTOR('',#2496,10.);
#684=VECTOR('',#2501,10.);
#685=VECTOR('',#2504,10.);
#686=VECTOR('',#2505,10.);
#687=VECTOR('',#2512,10.);
#688=VECTOR('',#2513,10.);
#689=VECTOR('',#2520,10.);
#690=VECTOR('',#2525,10.);
#691=VECTOR('',#2530,1.60000000000001);
#692=VECTOR('',#2533,1.59999999999999);
#693=VECTOR('',#2536,1.59999999999999);
#694=VECTOR('',#2539,1.6);
#695=VECTOR('',#2542,10.);
#696=VECTOR('',#2543,10.);
#697=VECTOR('',#2548,16.1);
#698=VECTOR('',#2553,10.);
#699=VECTOR('',#2554,10.);
#700=VECTOR('',#2557,10.);
#701=VECTOR('',#2558,10.);
#702=VECTOR('',#2559,10.);
#703=VECTOR('',#2560,10.);
#704=VECTOR('',#2561,10.);
#705=VECTOR('',#2564,10.);
#706=VECTOR('',#2567,10.);
#707=VECTOR('',#2572,10.);
#708=VECTOR('',#2575,12.5);
#709=VECTOR('',#2580,10.);
#710=VECTOR('',#2581,10.);
#711=VECTOR('',#2586,10.);
#712=VECTOR('',#2589,10.);
#713=VECTOR('',#2590,10.);
#714=VECTOR('',#2591,10.);
#715=VECTOR('',#2596,10.);
#716=VECTOR('',#2599,10.);
#717=VECTOR('',#2600,10.);
#718=VECTOR('',#2605,10.);
#719=VECTOR('',#2608,10.);
#720=VECTOR('',#2609,10.);
#721=VECTOR('',#2612,10.);
#722=VECTOR('',#2613,10.);
#723=VECTOR('',#2614,10.);
#724=VECTOR('',#2619,10.);
#725=VECTOR('',#2622,10.);
#726=VECTOR('',#2623,10.);
#727=VECTOR('',#2628,10.);
#728=VECTOR('',#2631,10.);
#729=VECTOR('',#2632,10.);
#730=VECTOR('',#2635,10.);
#731=VECTOR('',#2640,10.);
#732=VECTOR('',#2643,10.);
#733=VECTOR('',#2646,10.);
#734=VECTOR('',#2649,10.);
#735=VECTOR('',#2650,10.);
#736=VECTOR('',#2653,10.);
#737=VECTOR('',#2656,10.);
#738=VECTOR('',#2667,3.);
#739=VECTOR('',#2670,1.6);
#740=VECTOR('',#2673,1.6);
#741=VECTOR('',#2678,1.6);
#742=VECTOR('',#2683,3.00000000000001);
#743=VECTOR('',#2688,3.);
#744=VECTOR('',#2697,10.);
#745=VECTOR('',#2698,10.);
#746=VECTOR('',#2707,1.6);
#747=VECTOR('',#2714,1.6);
#748=CIRCLE('',#2018,10.);
#749=CIRCLE('',#2019,1.6);
#750=CIRCLE('',#2021,2.5);
#751=CIRCLE('',#2022,2.5);
#752=CIRCLE('',#2024,2.5);
#753=CIRCLE('',#2025,2.5);
#754=CIRCLE('',#2029,16.1);
#755=CIRCLE('',#2030,12.5);
#756=CIRCLE('',#2032,10.);
#757=CIRCLE('',#2033,10.);
#758=CIRCLE('',#2034,16.1);
#759=CIRCLE('',#2038,5.);
#760=CIRCLE('',#2039,3.);
#761=CIRCLE('',#2041,5.);
#762=CIRCLE('',#2044,10.);
#763=CIRCLE('',#2045,10.);
#764=CIRCLE('',#2047,11.);
#765=CIRCLE('',#2049,6.);
#766=CIRCLE('',#2059,1.6);
#767=CIRCLE('',#2060,1.59999999999999);
#768=CIRCLE('',#2062,1.59999999999999);
#769=CIRCLE('',#2063,1.60000000000001);
#770=CIRCLE('',#2067,2.5);
#771=CIRCLE('',#2069,2.5);
#772=CIRCLE('',#2071,2.5);
#773=CIRCLE('',#2072,10.);
#774=CIRCLE('',#2078,10.);
#775=CIRCLE('',#2079,6.00000000000001);
#776=CIRCLE('',#2085,17.5);
#777=CIRCLE('',#2086,17.5);
#778=CIRCLE('',#2089,13.5);
#779=CIRCLE('',#2092,7.);
#780=CIRCLE('',#2093,2.5);
#781=CIRCLE('',#2097,10.);
#782=CIRCLE('',#2104,10.);
#783=CIRCLE('',#2107,1.6);
#784=CIRCLE('',#2108,1.59999999999999);
#785=CIRCLE('',#2110,1.59999999999999);
#786=CIRCLE('',#2111,1.60000000000001);
#787=CIRCLE('',#2124,10.);
#788=CIRCLE('',#2128,2.5);
#789=CIRCLE('',#2131,12.5);
#790=CIRCLE('',#2134,7.);
#791=CIRCLE('',#2137,10.);
#792=CIRCLE('',#2140,10.);
#793=CIRCLE('',#2144,6.00000000000001);
#794=CIRCLE('',#2147,6.00000000000001);
#795=CIRCLE('',#2150,3.);
#796=CIRCLE('',#2153,5.99999999999998);
#797=CIRCLE('',#2159,3.);
#798=CIRCLE('',#2160,1.6);
#799=CIRCLE('',#2164,1.6);
#800=CIRCLE('',#2166,1.6);
#801=CIRCLE('',#2168,3.00000000000001);
#802=CIRCLE('',#2170,3.);
#803=CIRCLE('',#2175,1.6);
#804=CIRCLE('',#2176,1.6);
#805=CIRCLE('',#2178,1.6);
#806=CIRCLE('',#2181,1.6);
#807=VERTEX_POINT('',#2721);
#808=VERTEX_POINT('',#2722);
#809=VERTEX_POINT('',#2725);
#810=VERTEX_POINT('',#2728);
#811=VERTEX_POINT('',#2729);
#812=VERTEX_POINT('',#2731);
#813=VERTEX_POINT('',#2733);
#814=VERTEX_POINT('',#2735);
#815=VERTEX_POINT('',#2737);
#816=VERTEX_POINT('',#2739);
#817=VERTEX_POINT('',#2742);
#818=VERTEX_POINT('',#2744);
#819=VERTEX_POINT('',#2747);
#820=VERTEX_POINT('',#2748);
#821=VERTEX_POINT('',#2750);
#822=VERTEX_POINT('',#2752);
#823=VERTEX_POINT('',#2754);
#824=VERTEX_POINT('',#2756);
#825=VERTEX_POINT('',#2758);
#826=VERTEX_POINT('',#2760);
#827=VERTEX_POINT('',#2762);
#828=VERTEX_POINT('',#2764);
#829=VERTEX_POINT('',#2768);
#830=VERTEX_POINT('',#2770);
#831=VERTEX_POINT('',#2774);
#832=VERTEX_POINT('',#2776);
#833=VERTEX_POINT('',#2780);
#834=VERTEX_POINT('',#2782);
#835=VERTEX_POINT('',#2785);
#836=VERTEX_POINT('',#2786);
#837=VERTEX_POINT('',#2788);
#838=VERTEX_POINT('',#2790);
#839=VERTEX_POINT('',#2792);
#840=VERTEX_POINT('',#2794);
#841=VERTEX_POINT('',#2797);
#842=VERTEX_POINT('',#2800);
#843=VERTEX_POINT('',#2801);
#844=VERTEX_POINT('',#2803);
#845=VERTEX_POINT('',#2805);
#846=VERTEX_POINT('',#2807);
#847=VERTEX_POINT('',#2811);
#848=VERTEX_POINT('',#2812);
#849=VERTEX_POINT('',#2814);
#850=VERTEX_POINT('',#2816);
#851=VERTEX_POINT('',#2818);
#852=VERTEX_POINT('',#2821);
#853=VERTEX_POINT('',#2824);
#854=VERTEX_POINT('',#2825);
#855=VERTEX_POINT('',#2830);
#856=VERTEX_POINT('',#2834);
#857=VERTEX_POINT('',#2836);
#858=VERTEX_POINT('',#2840);
#859=VERTEX_POINT('',#2844);
#860=VERTEX_POINT('',#2845);
#861=VERTEX_POINT('',#2847);
#862=VERTEX_POINT('',#2849);
#863=VERTEX_POINT('',#2851);
#864=VERTEX_POINT('',#2855);
#865=VERTEX_POINT('',#2859);
#866=VERTEX_POINT('',#2881);
#867=VERTEX_POINT('',#2882);
#868=VERTEX_POINT('',#2884);
#869=VERTEX_POINT('',#2886);
#870=VERTEX_POINT('',#2889);
#871=VERTEX_POINT('',#2891);
#872=VERTEX_POINT('',#2894);
#873=VERTEX_POINT('',#2895);
#874=VERTEX_POINT('',#2897);
#875=VERTEX_POINT('',#2899);
#876=VERTEX_POINT('',#2902);
#877=VERTEX_POINT('',#2904);
#878=VERTEX_POINT('',#2907);
#879=VERTEX_POINT('',#2908);
#880=VERTEX_POINT('',#2913);
#881=VERTEX_POINT('',#2917);
#882=VERTEX_POINT('',#2921);
#883=VERTEX_POINT('',#2925);
#884=VERTEX_POINT('',#2926);
#885=VERTEX_POINT('',#2928);
#886=VERTEX_POINT('',#2930);
#887=VERTEX_POINT('',#2934);
#888=VERTEX_POINT('',#2935);
#889=VERTEX_POINT('',#2937);
#890=VERTEX_POINT('',#2939);
#891=VERTEX_POINT('',#2943);
#892=VERTEX_POINT('',#2946);
#893=VERTEX_POINT('',#2949);
#894=VERTEX_POINT('',#2951);
#895=VERTEX_POINT('',#2970);
#896=VERTEX_POINT('',#2989);
#897=VERTEX_POINT('',#2991);
#898=VERTEX_POINT('',#2998);
#899=VERTEX_POINT('',#3017);
#900=VERTEX_POINT('',#3028);
#901=VERTEX_POINT('',#3036);
#902=VERTEX_POINT('',#3042);
#903=VERTEX_POINT('',#3043);
#904=VERTEX_POINT('',#3045);
#905=VERTEX_POINT('',#3047);
#906=VERTEX_POINT('',#3051);
#907=VERTEX_POINT('',#3053);
#908=VERTEX_POINT('',#3057);
#909=VERTEX_POINT('',#3058);
#910=VERTEX_POINT('',#3060);
#911=VERTEX_POINT('',#3062);
#912=VERTEX_POINT('',#3066);
#913=VERTEX_POINT('',#3068);
#914=VERTEX_POINT('',#3071);
#915=VERTEX_POINT('',#3072);
#916=VERTEX_POINT('',#3109);
#917=VERTEX_POINT('',#3110);
#918=VERTEX_POINT('',#3148);
#919=VERTEX_POINT('',#3149);
#920=VERTEX_POINT('',#3151);
#921=VERTEX_POINT('',#3156);
#922=VERTEX_POINT('',#3160);
#923=VERTEX_POINT('',#3164);
#924=VERTEX_POINT('',#3165);
#925=VERTEX_POINT('',#3167);
#926=VERTEX_POINT('',#3170);
#927=VERTEX_POINT('',#3174);
#928=VERTEX_POINT('',#3180);
#929=VERTEX_POINT('',#3182);
#930=VERTEX_POINT('',#3186);
#931=VERTEX_POINT('',#3188);
#932=VERTEX_POINT('',#3191);
#933=VERTEX_POINT('',#3195);
#934=VERTEX_POINT('',#3199);
#935=VERTEX_POINT('',#3203);
#936=VERTEX_POINT('',#3204);
#937=VERTEX_POINT('',#3211);
#938=VERTEX_POINT('',#3215);
#939=VERTEX_POINT('',#3219);
#940=VERTEX_POINT('',#3225);
#941=VERTEX_POINT('',#3226);
#942=VERTEX_POINT('',#3232);
#943=VERTEX_POINT('',#3235);
#944=VERTEX_POINT('',#3237);
#945=VERTEX_POINT('',#3240);
#946=VERTEX_POINT('',#3243);
#947=VERTEX_POINT('',#3245);
#948=VERTEX_POINT('',#3268);
#949=VERTEX_POINT('',#3269);
#950=VERTEX_POINT('',#3274);
#951=VERTEX_POINT('',#3276);
#952=VERTEX_POINT('',#3278);
#953=VERTEX_POINT('',#3280);
#954=VERTEX_POINT('',#3284);
#955=VERTEX_POINT('',#3290);
#956=VERTEX_POINT('',#3292);
#957=VERTEX_POINT('',#3319);
#958=VERTEX_POINT('',#3323);
#959=VERTEX_POINT('',#3327);
#960=VERTEX_POINT('',#3331);
#961=VERTEX_POINT('',#3336);
#962=VERTEX_POINT('',#3340);
#963=VERTEX_POINT('',#3344);
#964=VERTEX_POINT('',#3348);
#965=VERTEX_POINT('',#3352);
#966=VERTEX_POINT('',#3354);
#967=VERTEX_POINT('',#3358);
#968=VERTEX_POINT('',#3362);
#969=VERTEX_POINT('',#3366);
#970=VERTEX_POINT('',#3370);
#971=VERTEX_POINT('',#3374);
#972=VERTEX_POINT('',#3380);
#973=VERTEX_POINT('',#3381);
#974=VERTEX_POINT('',#3386);
#975=VERTEX_POINT('',#3395);
#976=VERTEX_POINT('',#3397);
#977=VERTEX_POINT('',#3404);
#978=VERTEX_POINT('',#3405);
#979=VERTEX_POINT('',#3442);
#980=VERTEX_POINT('',#3446);
#981=VERTEX_POINT('',#3447);
#982=VERTEX_POINT('',#3484);
#983=VERTEX_POINT('',#3488);
#984=VERTEX_POINT('',#3492);
#985=VERTEX_POINT('',#3501);
#986=VERTEX_POINT('',#3503);
#987=VERTEX_POINT('',#3506);
#988=VERTEX_POINT('',#3511);
#989=EDGE_CURVE('',#807,#808,#748,.T.);
#990=EDGE_CURVE('',#808,#807,#344,.T.);
#991=EDGE_CURVE('',#809,#809,#749,.T.);
#992=EDGE_CURVE('',#810,#811,#345,.T.);
#993=EDGE_CURVE('',#812,#810,#346,.T.);
#994=EDGE_CURVE('',#813,#812,#347,.T.);
#995=EDGE_CURVE('',#814,#813,#348,.T.);
#996=EDGE_CURVE('',#815,#814,#349,.T.);
#997=EDGE_CURVE('',#816,#815,#350,.T.);
#998=EDGE_CURVE('',#811,#816,#351,.T.);
#999=EDGE_CURVE('',#817,#817,#750,.T.);
#1000=EDGE_CURVE('',#818,#818,#751,.T.);
#1001=EDGE_CURVE('',#819,#820,#352,.T.);
#1002=EDGE_CURVE('',#821,#819,#353,.T.);
#1003=EDGE_CURVE('',#822,#821,#354,.T.);
#1004=EDGE_CURVE('',#823,#822,#355,.T.);
#1005=EDGE_CURVE('',#824,#823,#356,.T.);
#1006=EDGE_CURVE('',#825,#824,#357,.T.);
#1007=EDGE_CURVE('',#826,#825,#752,.T.);
#1008=EDGE_CURVE('',#827,#826,#358,.T.);
#1009=EDGE_CURVE('',#828,#827,#753,.T.);
#1010=EDGE_CURVE('',#820,#828,#359,.T.);
#1011=EDGE_CURVE('',#829,#812,#360,.T.);
#1012=EDGE_CURVE('',#829,#830,#361,.T.);
#1013=EDGE_CURVE('',#830,#813,#362,.T.);
#1014=EDGE_CURVE('',#831,#820,#363,.T.);
#1015=EDGE_CURVE('',#831,#832,#364,.T.);
#1016=EDGE_CURVE('',#819,#832,#365,.T.);
#1017=EDGE_CURVE('',#833,#833,#754,.T.);
#1018=EDGE_CURVE('',#834,#834,#755,.T.);
#1019=EDGE_CURVE('',#835,#836,#366,.T.);
#1020=EDGE_CURVE('',#837,#835,#756,.T.);
#1021=EDGE_CURVE('',#838,#837,#367,.T.);
#1022=EDGE_CURVE('',#839,#838,#757,.T.);
#1023=EDGE_CURVE('',#840,#839,#368,.T.);
#1024=EDGE_CURVE('',#836,#840,#369,.T.);
#1025=EDGE_CURVE('',#841,#841,#758,.T.);
#1026=EDGE_CURVE('',#842,#843,#370,.T.);
#1027=EDGE_CURVE('',#843,#844,#68,.T.);
#1028=EDGE_CURVE('',#844,#845,#371,.F.);
#1029=EDGE_CURVE('',#845,#846,#372,.T.);
#1030=EDGE_CURVE('',#846,#842,#373,.T.);
#1031=EDGE_CURVE('',#847,#848,#374,.T.);
#1032=EDGE_CURVE('',#848,#849,#375,.T.);
#1033=EDGE_CURVE('',#849,#850,#759,.T.);
#1034=EDGE_CURVE('',#851,#850,#376,.T.);
#1035=EDGE_CURVE('',#847,#851,#377,.T.);
#1036=EDGE_CURVE('',#852,#852,#760,.T.);
#1037=EDGE_CURVE('',#853,#854,#761,.T.);
#1038=EDGE_CURVE('',#850,#853,#378,.T.);
#1039=EDGE_CURVE('',#849,#854,#379,.T.);
#1040=EDGE_CURVE('',#854,#855,#380,.T.);
#1041=EDGE_CURVE('',#848,#855,#381,.T.);
#1042=EDGE_CURVE('',#856,#856,#762,.T.);
#1043=EDGE_CURVE('',#856,#857,#382,.T.);
#1044=EDGE_CURVE('',#857,#857,#763,.T.);
#1045=EDGE_CURVE('',#858,#858,#764,.T.);
#1046=EDGE_CURVE('',#858,#857,#383,.T.);
#1047=EDGE_CURVE('',#859,#860,#384,.T.);
#1048=EDGE_CURVE('',#861,#859,#385,.T.);
#1049=EDGE_CURVE('',#862,#861,#386,.T.);
#1050=EDGE_CURVE('',#863,#862,#765,.T.);
#1051=EDGE_CURVE('',#860,#863,#387,.T.);
#1052=EDGE_CURVE('',#855,#864,#388,.T.);
#1053=EDGE_CURVE('',#847,#864,#389,.T.);
#1054=EDGE_CURVE('',#864,#865,#390,.T.);
#1055=EDGE_CURVE('',#851,#865,#391,.T.);
#1056=EDGE_CURVE('',#865,#853,#392,.T.);
#1057=EDGE_CURVE('',#864,#859,#393,.T.);
#1058=EDGE_CURVE('',#861,#865,#394,.T.);
#1059=EDGE_CURVE('',#862,#853,#18,.T.);
#1060=EDGE_CURVE('',#863,#854,#19,.T.);
#1061=EDGE_CURVE('',#860,#855,#395,.T.);
#1062=EDGE_CURVE('',#866,#867,#396,.T.);
#1063=EDGE_CURVE('',#868,#866,#397,.T.);
#1064=EDGE_CURVE('',#868,#869,#398,.T.);
#1065=EDGE_CURVE('',#867,#869,#399,.T.);
#1066=EDGE_CURVE('',#870,#870,#766,.T.);
#1067=EDGE_CURVE('',#871,#871,#767,.T.);
#1068=EDGE_CURVE('',#872,#873,#400,.T.);
#1069=EDGE_CURVE('',#874,#872,#401,.T.);
#1070=EDGE_CURVE('',#874,#875,#402,.T.);
#1071=EDGE_CURVE('',#873,#875,#403,.T.);
#1072=EDGE_CURVE('',#876,#876,#768,.T.);
#1073=EDGE_CURVE('',#877,#877,#769,.T.);
#1074=EDGE_CURVE('',#878,#879,#404,.T.);
#1075=EDGE_CURVE('',#879,#815,#405,.T.);
#1076=EDGE_CURVE('',#878,#814,#406,.T.);
#1077=EDGE_CURVE('',#880,#816,#407,.T.);
#1078=EDGE_CURVE('',#880,#829,#408,.T.);
#1079=EDGE_CURVE('',#817,#881,#409,.T.);
#1080=EDGE_CURVE('',#881,#881,#770,.T.);
#1081=EDGE_CURVE('',#818,#882,#410,.T.);
#1082=EDGE_CURVE('',#882,#882,#771,.T.);
#1083=EDGE_CURVE('',#883,#884,#411,.T.);
#1084=EDGE_CURVE('',#885,#883,#772,.T.);
#1085=EDGE_CURVE('',#886,#885,#412,.T.);
#1086=EDGE_CURVE('',#884,#886,#773,.F.);
#1087=EDGE_CURVE('',#887,#888,#413,.T.);
#1088=EDGE_CURVE('',#888,#889,#414,.T.);
#1089=EDGE_CURVE('',#890,#889,#415,.T.);
#1090=EDGE_CURVE('',#887,#890,#416,.T.);
#1091=EDGE_CURVE('',#891,#874,#417,.T.);
#1092=EDGE_CURVE('',#889,#891,#418,.T.);
#1093=EDGE_CURVE('',#888,#892,#419,.T.);
#1094=EDGE_CURVE('',#846,#892,#420,.T.);
#1095=EDGE_CURVE('',#893,#845,#421,.T.);
#1096=EDGE_CURVE('',#893,#894,#422,.T.);
#1097=EDGE_CURVE('',#894,#875,#423,.T.);
#1098=EDGE_CURVE('',#895,#883,#20,.T.);
#1099=EDGE_CURVE('',#896,#883,#424,.T.);
#1100=EDGE_CURVE('',#896,#897,#21,.T.);
#1101=EDGE_CURVE('',#895,#897,#425,.T.);
#1102=EDGE_CURVE('',#884,#898,#69,.F.);
#1103=EDGE_CURVE('',#898,#896,#426,.T.);
#1104=EDGE_CURVE('',#899,#895,#22,.T.);
#1105=EDGE_CURVE('',#897,#900,#23,.T.);
#1106=EDGE_CURVE('',#899,#900,#427,.T.);
#1107=EDGE_CURVE('',#900,#890,#774,.T.);
#1108=EDGE_CURVE('',#901,#890,#428,.T.);
#1109=EDGE_CURVE('',#901,#899,#775,.T.);
#1110=EDGE_CURVE('',#891,#901,#429,.T.);
#1111=EDGE_CURVE('',#902,#903,#430,.T.);
#1112=EDGE_CURVE('',#903,#904,#431,.T.);
#1113=EDGE_CURVE('',#905,#904,#432,.T.);
#1114=EDGE_CURVE('',#905,#902,#433,.T.);
#1115=EDGE_CURVE('',#906,#905,#434,.T.);
#1116=EDGE_CURVE('',#904,#907,#435,.T.);
#1117=EDGE_CURVE('',#907,#906,#436,.T.);
#1118=EDGE_CURVE('',#908,#909,#437,.T.);
#1119=EDGE_CURVE('',#909,#910,#438,.T.);
#1120=EDGE_CURVE('',#911,#910,#439,.T.);
#1121=EDGE_CURVE('',#911,#908,#440,.T.);
#1122=EDGE_CURVE('',#909,#912,#776,.T.);
#1123=EDGE_CURVE('',#912,#913,#441,.T.);
#1124=EDGE_CURVE('',#910,#913,#777,.T.);
#1125=EDGE_CURVE('',#914,#915,#24,.T.);
#1126=EDGE_CURVE('',#915,#914,#25,.T.);
#1127=EDGE_CURVE('',#916,#917,#26,.T.);
#1128=EDGE_CURVE('',#917,#916,#27,.T.);
#1129=EDGE_CURVE('',#918,#919,#442,.T.);
#1130=EDGE_CURVE('',#919,#920,#443,.T.);
#1131=EDGE_CURVE('',#913,#920,#444,.T.);
#1132=EDGE_CURVE('',#913,#918,#445,.T.);
#1133=EDGE_CURVE('',#920,#921,#778,.T.);
#1134=EDGE_CURVE('',#910,#921,#446,.T.);
#1135=EDGE_CURVE('',#922,#911,#447,.T.);
#1136=EDGE_CURVE('',#921,#922,#448,.T.);
#1137=EDGE_CURVE('',#923,#924,#449,.T.);
#1138=EDGE_CURVE('',#923,#925,#450,.T.);
#1139=EDGE_CURVE('',#925,#893,#451,.T.);
#1140=EDGE_CURVE('',#844,#926,#779,.T.);
#1141=EDGE_CURVE('',#926,#830,#452,.T.);
#1142=EDGE_CURVE('',#832,#880,#453,.T.);
#1143=EDGE_CURVE('',#927,#831,#454,.T.);
#1144=EDGE_CURVE('',#899,#927,#780,.T.);
#1145=EDGE_CURVE('',#872,#906,#455,.T.);
#1146=EDGE_CURVE('',#907,#868,#456,.T.);
#1147=EDGE_CURVE('',#866,#922,#457,.T.);
#1148=EDGE_CURVE('',#919,#928,#458,.T.);
#1149=EDGE_CURVE('',#928,#929,#459,.T.);
#1150=EDGE_CURVE('',#929,#924,#460,.T.);
#1151=EDGE_CURVE('',#903,#930,#461,.T.);
#1152=EDGE_CURVE('',#931,#930,#462,.T.);
#1153=EDGE_CURVE('',#924,#931,#463,.T.);
#1154=EDGE_CURVE('',#929,#932,#464,.T.);
#1155=EDGE_CURVE('',#932,#869,#465,.T.);
#1156=EDGE_CURVE('',#933,#923,#466,.T.);
#1157=EDGE_CURVE('',#931,#933,#467,.T.);
#1158=EDGE_CURVE('',#934,#887,#781,.T.);
#1159=EDGE_CURVE('',#897,#934,#468,.T.);
#1160=EDGE_CURVE('',#935,#936,#469,.T.);
#1161=EDGE_CURVE('',#936,#822,#470,.T.);
#1162=EDGE_CURVE('',#935,#821,#471,.T.);
#1163=EDGE_CURVE('',#879,#935,#472,.T.);
#1164=EDGE_CURVE('',#912,#937,#473,.T.);
#1165=EDGE_CURVE('',#937,#918,#474,.T.);
#1166=EDGE_CURVE('',#930,#938,#475,.T.);
#1167=EDGE_CURVE('',#938,#933,#476,.T.);
#1168=EDGE_CURVE('',#939,#934,#477,.T.);
#1169=EDGE_CURVE('',#892,#939,#478,.T.);
#1170=EDGE_CURVE('',#936,#878,#479,.T.);
#1171=EDGE_CURVE('',#937,#908,#480,.T.);
#1172=EDGE_CURVE('',#940,#941,#481,.T.);
#1173=EDGE_CURVE('',#941,#940,#782,.T.);
#1174=EDGE_CURVE('',#938,#902,#482,.T.);
#1175=EDGE_CURVE('',#928,#942,#483,.T.);
#1176=EDGE_CURVE('',#932,#942,#484,.T.);
#1177=EDGE_CURVE('',#943,#943,#783,.T.);
#1178=EDGE_CURVE('',#944,#944,#784,.T.);
#1179=EDGE_CURVE('',#925,#945,#485,.T.);
#1180=EDGE_CURVE('',#894,#945,#486,.T.);
#1181=EDGE_CURVE('',#946,#946,#785,.T.);
#1182=EDGE_CURVE('',#947,#947,#786,.T.);
#1183=EDGE_CURVE('',#867,#942,#487,.T.);
#1184=EDGE_CURVE('',#873,#945,#488,.T.);
#1185=EDGE_CURVE('',#877,#947,#489,.T.);
#1186=EDGE_CURVE('',#876,#946,#490,.T.);
#1187=EDGE_CURVE('',#871,#944,#491,.T.);
#1188=EDGE_CURVE('',#870,#943,#492,.T.);
#1189=EDGE_CURVE('',#827,#885,#493,.T.);
#1190=EDGE_CURVE('',#927,#828,#494,.T.);
#1191=EDGE_CURVE('',#833,#841,#495,.T.);
#1192=EDGE_CURVE('',#948,#949,#787,.T.);
#1193=EDGE_CURVE('',#948,#898,#496,.T.);
#1194=EDGE_CURVE('',#949,#886,#497,.T.);
#1195=EDGE_CURVE('',#823,#950,#498,.T.);
#1196=EDGE_CURVE('',#951,#950,#499,.F.);
#1197=EDGE_CURVE('',#952,#951,#500,.T.);
#1198=EDGE_CURVE('',#952,#953,#501,.T.);
#1199=EDGE_CURVE('',#953,#824,#502,.T.);
#1200=EDGE_CURVE('',#954,#826,#503,.T.);
#1201=EDGE_CURVE('',#949,#954,#15,.T.);
#1202=EDGE_CURVE('',#825,#955,#504,.T.);
#1203=EDGE_CURVE('',#956,#955,#788,.T.);
#1204=EDGE_CURVE('',#956,#954,#28,.T.);
#1205=EDGE_CURVE('',#955,#952,#505,.T.);
#1206=EDGE_CURVE('',#834,#957,#506,.T.);
#1207=EDGE_CURVE('',#957,#957,#789,.T.);
#1208=EDGE_CURVE('',#950,#958,#507,.T.);
#1209=EDGE_CURVE('',#958,#926,#508,.T.);
#1210=EDGE_CURVE('',#958,#959,#790,.T.);
#1211=EDGE_CURVE('',#843,#959,#509,.T.);
#1212=EDGE_CURVE('',#959,#960,#510,.T.);
#1213=EDGE_CURVE('',#840,#842,#511,.T.);
#1214=EDGE_CURVE('',#960,#839,#512,.T.);
#1215=EDGE_CURVE('',#960,#961,#791,.T.);
#1216=EDGE_CURVE('',#838,#961,#513,.T.);
#1217=EDGE_CURVE('',#961,#962,#514,.T.);
#1218=EDGE_CURVE('',#837,#962,#515,.T.);
#1219=EDGE_CURVE('',#962,#963,#792,.T.);
#1220=EDGE_CURVE('',#835,#963,#516,.T.);
#1221=EDGE_CURVE('',#963,#964,#517,.T.);
#1222=EDGE_CURVE('',#964,#836,#518,.T.);
#1223=EDGE_CURVE('',#964,#965,#519,.F.);
#1224=EDGE_CURVE('',#965,#966,#520,.T.);
#1225=EDGE_CURVE('',#963,#966,#521,.T.);
#1226=EDGE_CURVE('',#966,#967,#793,.T.);
#1227=EDGE_CURVE('',#962,#967,#522,.T.);
#1228=EDGE_CURVE('',#967,#968,#523,.T.);
#1229=EDGE_CURVE('',#961,#968,#524,.T.);
#1230=EDGE_CURVE('',#968,#969,#794,.T.);
#1231=EDGE_CURVE('',#960,#969,#525,.T.);
#1232=EDGE_CURVE('',#969,#970,#526,.T.);
#1233=EDGE_CURVE('',#959,#970,#527,.T.);
#1234=EDGE_CURVE('',#958,#971,#528,.T.);
#1235=EDGE_CURVE('',#970,#971,#795,.T.);
#1236=EDGE_CURVE('',#971,#951,#529,.T.);
#1237=EDGE_CURVE('',#972,#973,#530,.T.);
#1238=EDGE_CURVE('',#956,#972,#796,.T.);
#1239=EDGE_CURVE('',#973,#965,#531,.T.);
#1240=EDGE_CURVE('',#973,#974,#532,.T.);
#1241=EDGE_CURVE('',#939,#974,#533,.T.);
#1242=EDGE_CURVE('',#974,#948,#534,.T.);
#1243=EDGE_CURVE('',#972,#948,#535,.T.);
#1244=EDGE_CURVE('',#975,#975,#797,.T.);
#1245=EDGE_CURVE('',#976,#976,#798,.T.);
#1246=EDGE_CURVE('',#852,#975,#536,.T.);
#1247=EDGE_CURVE('',#976,#809,#537,.T.);
#1248=EDGE_CURVE('',#977,#978,#29,.T.);
#1249=EDGE_CURVE('',#978,#977,#30,.T.);
#1250=EDGE_CURVE('',#978,#979,#538,.T.);
#1251=EDGE_CURVE('',#979,#979,#799,.T.);
#1252=EDGE_CURVE('',#980,#981,#31,.T.);
#1253=EDGE_CURVE('',#981,#980,#32,.T.);
#1254=EDGE_CURVE('',#981,#982,#539,.T.);
#1255=EDGE_CURVE('',#982,#982,#800,.T.);
#1256=EDGE_CURVE('',#917,#983,#540,.T.);
#1257=EDGE_CURVE('',#983,#983,#801,.T.);
#1258=EDGE_CURVE('',#915,#984,#541,.T.);
#1259=EDGE_CURVE('',#984,#984,#802,.T.);
#1260=EDGE_CURVE('',#940,#807,#542,.T.);
#1261=EDGE_CURVE('',#941,#808,#543,.T.);
#1262=EDGE_CURVE('',#985,#985,#803,.T.);
#1263=EDGE_CURVE('',#986,#986,#804,.T.);
#1264=EDGE_CURVE('',#985,#987,#544,.T.);
#1265=EDGE_CURVE('',#987,#987,#805,.T.);
#1266=EDGE_CURVE('',#986,#988,#545,.T.);
#1267=EDGE_CURVE('',#988,#988,#806,.T.);
#1268=ORIENTED_EDGE('',*,*,#989,.F.);
#1269=ORIENTED_EDGE('',*,*,#990,.F.);
#1270=ORIENTED_EDGE('',*,*,#991,.F.);
#1271=ORIENTED_EDGE('',*,*,#992,.F.);
#1272=ORIENTED_EDGE('',*,*,#993,.F.);
#1273=ORIENTED_EDGE('',*,*,#994,.F.);
#1274=ORIENTED_EDGE('',*,*,#995,.F.);
#1275=ORIENTED_EDGE('',*,*,#996,.F.);
#1276=ORIENTED_EDGE('',*,*,#997,.F.);
#1277=ORIENTED_EDGE('',*,*,#998,.F.);
#1278=ORIENTED_EDGE('',*,*,#999,.F.);
#1279=ORIENTED_EDGE('',*,*,#1000,.F.);
#1280=ORIENTED_EDGE('',*,*,#1001,.F.);
#1281=ORIENTED_EDGE('',*,*,#1002,.F.);
#1282=ORIENTED_EDGE('',*,*,#1003,.F.);
#1283=ORIENTED_EDGE('',*,*,#1004,.F.);
#1284=ORIENTED_EDGE('',*,*,#1005,.F.);
#1285=ORIENTED_EDGE('',*,*,#1006,.F.);
#1286=ORIENTED_EDGE('',*,*,#1007,.F.);
#1287=ORIENTED_EDGE('',*,*,#1008,.F.);
#1288=ORIENTED_EDGE('',*,*,#1009,.F.);
#1289=ORIENTED_EDGE('',*,*,#1010,.F.);
#1290=ORIENTED_EDGE('',*,*,#994,.T.);
#1291=ORIENTED_EDGE('',*,*,#1011,.F.);
#1292=ORIENTED_EDGE('',*,*,#1012,.T.);
#1293=ORIENTED_EDGE('',*,*,#1013,.T.);
#1294=ORIENTED_EDGE('',*,*,#1001,.T.);
#1295=ORIENTED_EDGE('',*,*,#1014,.F.);
#1296=ORIENTED_EDGE('',*,*,#1015,.T.);
#1297=ORIENTED_EDGE('',*,*,#1016,.F.);
#1298=ORIENTED_EDGE('',*,*,#1017,.F.);
#1299=ORIENTED_EDGE('',*,*,#1018,.F.);
#1300=ORIENTED_EDGE('',*,*,#1019,.F.);
#1301=ORIENTED_EDGE('',*,*,#1020,.F.);
#1302=ORIENTED_EDGE('',*,*,#1021,.F.);
#1303=ORIENTED_EDGE('',*,*,#1022,.F.);
#1304=ORIENTED_EDGE('',*,*,#1023,.F.);
#1305=ORIENTED_EDGE('',*,*,#1024,.F.);
#1306=ORIENTED_EDGE('',*,*,#1025,.F.);
#1307=ORIENTED_EDGE('',*,*,#1026,.T.);
#1308=ORIENTED_EDGE('',*,*,#1027,.T.);
#1309=ORIENTED_EDGE('',*,*,#1028,.T.);
#1310=ORIENTED_EDGE('',*,*,#1029,.T.);
#1311=ORIENTED_EDGE('',*,*,#1030,.T.);
#1312=ORIENTED_EDGE('',*,*,#1031,.T.);
#1313=ORIENTED_EDGE('',*,*,#1032,.T.);
#1314=ORIENTED_EDGE('',*,*,#1033,.T.);
#1315=ORIENTED_EDGE('',*,*,#1034,.F.);
#1316=ORIENTED_EDGE('',*,*,#1035,.F.);
#1317=ORIENTED_EDGE('',*,*,#1036,.T.);
#1318=ORIENTED_EDGE('',*,*,#1037,.F.);
#1319=ORIENTED_EDGE('',*,*,#1038,.F.);
#1320=ORIENTED_EDGE('',*,*,#1033,.F.);
#1321=ORIENTED_EDGE('',*,*,#1039,.T.);
#1322=ORIENTED_EDGE('',*,*,#1040,.F.);
#1323=ORIENTED_EDGE('',*,*,#1039,.F.);
#1324=ORIENTED_EDGE('',*,*,#1032,.F.);
#1325=ORIENTED_EDGE('',*,*,#1041,.T.);
#1326=ORIENTED_EDGE('',*,*,#1042,.T.);
#1327=ORIENTED_EDGE('',*,*,#1043,.T.);
#1328=ORIENTED_EDGE('',*,*,#1044,.F.);
#1329=ORIENTED_EDGE('',*,*,#1043,.F.);
#1330=ORIENTED_EDGE('',*,*,#1045,.T.);
#1331=ORIENTED_EDGE('',*,*,#1046,.T.);
#1332=ORIENTED_EDGE('',*,*,#1044,.T.);
#1333=ORIENTED_EDGE('',*,*,#1046,.F.);
#1334=ORIENTED_EDGE('',*,*,#1042,.F.);
#1335=ORIENTED_EDGE('',*,*,#1047,.F.);
#1336=ORIENTED_EDGE('',*,*,#1048,.F.);
#1337=ORIENTED_EDGE('',*,*,#1049,.F.);
#1338=ORIENTED_EDGE('',*,*,#1050,.F.);
#1339=ORIENTED_EDGE('',*,*,#1051,.F.);
#1340=ORIENTED_EDGE('',*,*,#1052,.F.);
#1341=ORIENTED_EDGE('',*,*,#1041,.F.);
#1342=ORIENTED_EDGE('',*,*,#1031,.F.);
#1343=ORIENTED_EDGE('',*,*,#1053,.T.);
#1344=ORIENTED_EDGE('',*,*,#1054,.F.);
#1345=ORIENTED_EDGE('',*,*,#1053,.F.);
#1346=ORIENTED_EDGE('',*,*,#1035,.T.);
#1347=ORIENTED_EDGE('',*,*,#1055,.T.);
#1348=ORIENTED_EDGE('',*,*,#1056,.F.);
#1349=ORIENTED_EDGE('',*,*,#1055,.F.);
#1350=ORIENTED_EDGE('',*,*,#1034,.T.);
#1351=ORIENTED_EDGE('',*,*,#1038,.T.);
#1352=ORIENTED_EDGE('',*,*,#1057,.F.);
#1353=ORIENTED_EDGE('',*,*,#1054,.T.);
#1354=ORIENTED_EDGE('',*,*,#1058,.F.);
#1355=ORIENTED_EDGE('',*,*,#1048,.T.);
#1356=ORIENTED_EDGE('',*,*,#1056,.T.);
#1357=ORIENTED_EDGE('',*,*,#1059,.F.);
#1358=ORIENTED_EDGE('',*,*,#1049,.T.);
#1359=ORIENTED_EDGE('',*,*,#1058,.T.);
#1360=ORIENTED_EDGE('',*,*,#1037,.T.);
#1361=ORIENTED_EDGE('',*,*,#1060,.F.);
#1362=ORIENTED_EDGE('',*,*,#1050,.T.);
#1363=ORIENTED_EDGE('',*,*,#1059,.T.);
#1364=ORIENTED_EDGE('',*,*,#1051,.T.);
#1365=ORIENTED_EDGE('',*,*,#1060,.T.);
#1366=ORIENTED_EDGE('',*,*,#1040,.T.);
#1367=ORIENTED_EDGE('',*,*,#1061,.F.);
#1368=ORIENTED_EDGE('',*,*,#1057,.T.);
#1369=ORIENTED_EDGE('',*,*,#1047,.T.);
#1370=ORIENTED_EDGE('',*,*,#1061,.T.);
#1371=ORIENTED_EDGE('',*,*,#1052,.T.);
#1372=ORIENTED_EDGE('',*,*,#1062,.F.);
#1373=ORIENTED_EDGE('',*,*,#1063,.F.);
#1374=ORIENTED_EDGE('',*,*,#1064,.T.);
#1375=ORIENTED_EDGE('',*,*,#1065,.F.);
#1376=ORIENTED_EDGE('',*,*,#1066,.T.);
#1377=ORIENTED_EDGE('',*,*,#1067,.T.);
#1378=ORIENTED_EDGE('',*,*,#1068,.F.);
#1379=ORIENTED_EDGE('',*,*,#1069,.F.);
#1380=ORIENTED_EDGE('',*,*,#1070,.T.);
#1381=ORIENTED_EDGE('',*,*,#1071,.F.);
#1382=ORIENTED_EDGE('',*,*,#1072,.T.);
#1383=ORIENTED_EDGE('',*,*,#1073,.T.);
#1384=ORIENTED_EDGE('',*,*,#1074,.T.);
#1385=ORIENTED_EDGE('',*,*,#1075,.T.);
#1386=ORIENTED_EDGE('',*,*,#996,.T.);
#1387=ORIENTED_EDGE('',*,*,#1076,.F.);
#1388=ORIENTED_EDGE('',*,*,#998,.T.);
#1389=ORIENTED_EDGE('',*,*,#1077,.F.);
#1390=ORIENTED_EDGE('',*,*,#1078,.T.);
#1391=ORIENTED_EDGE('',*,*,#1011,.T.);
#1392=ORIENTED_EDGE('',*,*,#993,.T.);
#1393=ORIENTED_EDGE('',*,*,#992,.T.);
#1394=ORIENTED_EDGE('',*,*,#999,.T.);
#1395=ORIENTED_EDGE('',*,*,#1079,.T.);
#1396=ORIENTED_EDGE('',*,*,#1080,.T.);
#1397=ORIENTED_EDGE('',*,*,#1079,.F.);
#1398=ORIENTED_EDGE('',*,*,#1000,.T.);
#1399=ORIENTED_EDGE('',*,*,#1081,.T.);
#1400=ORIENTED_EDGE('',*,*,#1082,.T.);
#1401=ORIENTED_EDGE('',*,*,#1081,.F.);
#1402=ORIENTED_EDGE('',*,*,#1083,.F.);
#1403=ORIENTED_EDGE('',*,*,#1084,.F.);
#1404=ORIENTED_EDGE('',*,*,#1085,.F.);
#1405=ORIENTED_EDGE('',*,*,#1086,.F.);
#1406=ORIENTED_EDGE('',*,*,#1087,.T.);
#1407=ORIENTED_EDGE('',*,*,#1088,.T.);
#1408=ORIENTED_EDGE('',*,*,#1089,.F.);
#1409=ORIENTED_EDGE('',*,*,#1090,.F.);
#1410=ORIENTED_EDGE('',*,*,#1070,.F.);
#1411=ORIENTED_EDGE('',*,*,#1091,.F.);
#1412=ORIENTED_EDGE('',*,*,#1092,.F.);
#1413=ORIENTED_EDGE('',*,*,#1088,.F.);
#1414=ORIENTED_EDGE('',*,*,#1093,.T.);
#1415=ORIENTED_EDGE('',*,*,#1094,.F.);
#1416=ORIENTED_EDGE('',*,*,#1029,.F.);
#1417=ORIENTED_EDGE('',*,*,#1095,.F.);
#1418=ORIENTED_EDGE('',*,*,#1096,.T.);
#1419=ORIENTED_EDGE('',*,*,#1097,.T.);
#1420=ORIENTED_EDGE('',*,*,#1098,.T.);
#1421=ORIENTED_EDGE('',*,*,#1099,.F.);
#1422=ORIENTED_EDGE('',*,*,#1100,.T.);
#1423=ORIENTED_EDGE('',*,*,#1101,.F.);
#1424=ORIENTED_EDGE('',*,*,#1099,.T.);
#1425=ORIENTED_EDGE('',*,*,#1083,.T.);
#1426=ORIENTED_EDGE('',*,*,#1102,.T.);
#1427=ORIENTED_EDGE('',*,*,#1103,.T.);
#1428=ORIENTED_EDGE('',*,*,#1104,.T.);
#1429=ORIENTED_EDGE('',*,*,#1101,.T.);
#1430=ORIENTED_EDGE('',*,*,#1105,.T.);
#1431=ORIENTED_EDGE('',*,*,#1106,.F.);
#1432=ORIENTED_EDGE('',*,*,#1106,.T.);
#1433=ORIENTED_EDGE('',*,*,#1107,.T.);
#1434=ORIENTED_EDGE('',*,*,#1108,.F.);
#1435=ORIENTED_EDGE('',*,*,#1109,.T.);
#1436=ORIENTED_EDGE('',*,*,#1092,.T.);
#1437=ORIENTED_EDGE('',*,*,#1110,.T.);
#1438=ORIENTED_EDGE('',*,*,#1108,.T.);
#1439=ORIENTED_EDGE('',*,*,#1089,.T.);
#1440=ORIENTED_EDGE('',*,*,#1111,.T.);
#1441=ORIENTED_EDGE('',*,*,#1112,.T.);
#1442=ORIENTED_EDGE('',*,*,#1113,.F.);
#1443=ORIENTED_EDGE('',*,*,#1114,.T.);
#1444=ORIENTED_EDGE('',*,*,#1115,.T.);
#1445=ORIENTED_EDGE('',*,*,#1113,.T.);
#1446=ORIENTED_EDGE('',*,*,#1116,.T.);
#1447=ORIENTED_EDGE('',*,*,#1117,.T.);
#1448=ORIENTED_EDGE('',*,*,#1118,.T.);
#1449=ORIENTED_EDGE('',*,*,#1119,.T.);
#1450=ORIENTED_EDGE('',*,*,#1120,.F.);
#1451=ORIENTED_EDGE('',*,*,#1121,.T.);
#1452=ORIENTED_EDGE('',*,*,#1122,.T.);
#1453=ORIENTED_EDGE('',*,*,#1123,.T.);
#1454=ORIENTED_EDGE('',*,*,#1124,.F.);
#1455=ORIENTED_EDGE('',*,*,#1119,.F.);
#1456=ORIENTED_EDGE('',*,*,#1125,.T.);
#1457=ORIENTED_EDGE('',*,*,#1126,.T.);
#1458=ORIENTED_EDGE('',*,*,#1127,.T.);
#1459=ORIENTED_EDGE('',*,*,#1128,.T.);
#1460=ORIENTED_EDGE('',*,*,#1129,.T.);
#1461=ORIENTED_EDGE('',*,*,#1130,.T.);
#1462=ORIENTED_EDGE('',*,*,#1131,.F.);
#1463=ORIENTED_EDGE('',*,*,#1132,.T.);
#1464=ORIENTED_EDGE('',*,*,#1131,.T.);
#1465=ORIENTED_EDGE('',*,*,#1133,.T.);
#1466=ORIENTED_EDGE('',*,*,#1134,.F.);
#1467=ORIENTED_EDGE('',*,*,#1124,.T.);
#1468=ORIENTED_EDGE('',*,*,#1135,.T.);
#1469=ORIENTED_EDGE('',*,*,#1120,.T.);
#1470=ORIENTED_EDGE('',*,*,#1134,.T.);
#1471=ORIENTED_EDGE('',*,*,#1136,.T.);
#1472=ORIENTED_EDGE('',*,*,#1137,.F.);
#1473=ORIENTED_EDGE('',*,*,#1138,.T.);
#1474=ORIENTED_EDGE('',*,*,#1139,.T.);
#1475=ORIENTED_EDGE('',*,*,#1095,.T.);
#1476=ORIENTED_EDGE('',*,*,#1028,.F.);
#1477=ORIENTED_EDGE('',*,*,#1140,.T.);
#1478=ORIENTED_EDGE('',*,*,#1141,.T.);
#1479=ORIENTED_EDGE('',*,*,#1012,.F.);
#1480=ORIENTED_EDGE('',*,*,#1078,.F.);
#1481=ORIENTED_EDGE('',*,*,#1142,.F.);
#1482=ORIENTED_EDGE('',*,*,#1015,.F.);
#1483=ORIENTED_EDGE('',*,*,#1143,.F.);
#1484=ORIENTED_EDGE('',*,*,#1144,.F.);
#1485=ORIENTED_EDGE('',*,*,#1109,.F.);
#1486=ORIENTED_EDGE('',*,*,#1110,.F.);
#1487=ORIENTED_EDGE('',*,*,#1091,.T.);
#1488=ORIENTED_EDGE('',*,*,#1069,.T.);
#1489=ORIENTED_EDGE('',*,*,#1145,.T.);
#1490=ORIENTED_EDGE('',*,*,#1117,.F.);
#1491=ORIENTED_EDGE('',*,*,#1146,.T.);
#1492=ORIENTED_EDGE('',*,*,#1063,.T.);
#1493=ORIENTED_EDGE('',*,*,#1147,.T.);
#1494=ORIENTED_EDGE('',*,*,#1136,.F.);
#1495=ORIENTED_EDGE('',*,*,#1133,.F.);
#1496=ORIENTED_EDGE('',*,*,#1130,.F.);
#1497=ORIENTED_EDGE('',*,*,#1148,.T.);
#1498=ORIENTED_EDGE('',*,*,#1149,.T.);
#1499=ORIENTED_EDGE('',*,*,#1150,.T.);
#1500=ORIENTED_EDGE('',*,*,#1045,.F.);
#1501=ORIENTED_EDGE('',*,*,#1082,.F.);
#1502=ORIENTED_EDGE('',*,*,#1080,.F.);
#1503=ORIENTED_EDGE('',*,*,#1064,.F.);
#1504=ORIENTED_EDGE('',*,*,#1146,.F.);
#1505=ORIENTED_EDGE('',*,*,#1116,.F.);
#1506=ORIENTED_EDGE('',*,*,#1112,.F.);
#1507=ORIENTED_EDGE('',*,*,#1151,.T.);
#1508=ORIENTED_EDGE('',*,*,#1152,.F.);
#1509=ORIENTED_EDGE('',*,*,#1153,.F.);
#1510=ORIENTED_EDGE('',*,*,#1150,.F.);
#1511=ORIENTED_EDGE('',*,*,#1154,.T.);
#1512=ORIENTED_EDGE('',*,*,#1155,.T.);
#1513=ORIENTED_EDGE('',*,*,#1156,.T.);
#1514=ORIENTED_EDGE('',*,*,#1137,.T.);
#1515=ORIENTED_EDGE('',*,*,#1153,.T.);
#1516=ORIENTED_EDGE('',*,*,#1157,.T.);
#1517=ORIENTED_EDGE('',*,*,#1158,.T.);
#1518=ORIENTED_EDGE('',*,*,#1090,.T.);
#1519=ORIENTED_EDGE('',*,*,#1107,.F.);
#1520=ORIENTED_EDGE('',*,*,#1105,.F.);
#1521=ORIENTED_EDGE('',*,*,#1159,.T.);
#1522=ORIENTED_EDGE('',*,*,#1160,.T.);
#1523=ORIENTED_EDGE('',*,*,#1161,.T.);
#1524=ORIENTED_EDGE('',*,*,#1003,.T.);
#1525=ORIENTED_EDGE('',*,*,#1162,.F.);
#1526=ORIENTED_EDGE('',*,*,#1163,.T.);
#1527=ORIENTED_EDGE('',*,*,#1162,.T.);
#1528=ORIENTED_EDGE('',*,*,#1002,.T.);
#1529=ORIENTED_EDGE('',*,*,#1016,.T.);
#1530=ORIENTED_EDGE('',*,*,#1142,.T.);
#1531=ORIENTED_EDGE('',*,*,#1077,.T.);
#1532=ORIENTED_EDGE('',*,*,#997,.T.);
#1533=ORIENTED_EDGE('',*,*,#1075,.F.);
#1534=ORIENTED_EDGE('',*,*,#1164,.T.);
#1535=ORIENTED_EDGE('',*,*,#1165,.T.);
#1536=ORIENTED_EDGE('',*,*,#1132,.F.);
#1537=ORIENTED_EDGE('',*,*,#1123,.F.);
#1538=ORIENTED_EDGE('',*,*,#1166,.T.);
#1539=ORIENTED_EDGE('',*,*,#1167,.T.);
#1540=ORIENTED_EDGE('',*,*,#1157,.F.);
#1541=ORIENTED_EDGE('',*,*,#1152,.T.);
#1542=ORIENTED_EDGE('',*,*,#1158,.F.);
#1543=ORIENTED_EDGE('',*,*,#1168,.F.);
#1544=ORIENTED_EDGE('',*,*,#1169,.F.);
#1545=ORIENTED_EDGE('',*,*,#1093,.F.);
#1546=ORIENTED_EDGE('',*,*,#1087,.F.);
#1547=ORIENTED_EDGE('',*,*,#1170,.F.);
#1548=ORIENTED_EDGE('',*,*,#1160,.F.);
#1549=ORIENTED_EDGE('',*,*,#1163,.F.);
#1550=ORIENTED_EDGE('',*,*,#1074,.F.);
#1551=ORIENTED_EDGE('',*,*,#1171,.F.);
#1552=ORIENTED_EDGE('',*,*,#1164,.F.);
#1553=ORIENTED_EDGE('',*,*,#1122,.F.);
#1554=ORIENTED_EDGE('',*,*,#1118,.F.);
#1555=ORIENTED_EDGE('',*,*,#1172,.F.);
#1556=ORIENTED_EDGE('',*,*,#1173,.F.);
#1557=ORIENTED_EDGE('',*,*,#1174,.F.);
#1558=ORIENTED_EDGE('',*,*,#1166,.F.);
#1559=ORIENTED_EDGE('',*,*,#1151,.F.);
#1560=ORIENTED_EDGE('',*,*,#1111,.F.);
#1561=ORIENTED_EDGE('',*,*,#1154,.F.);
#1562=ORIENTED_EDGE('',*,*,#1149,.F.);
#1563=ORIENTED_EDGE('',*,*,#1175,.T.);
#1564=ORIENTED_EDGE('',*,*,#1176,.F.);
#1565=ORIENTED_EDGE('',*,*,#1177,.T.);
#1566=ORIENTED_EDGE('',*,*,#1178,.T.);
#1567=ORIENTED_EDGE('',*,*,#1096,.F.);
#1568=ORIENTED_EDGE('',*,*,#1139,.F.);
#1569=ORIENTED_EDGE('',*,*,#1179,.T.);
#1570=ORIENTED_EDGE('',*,*,#1180,.F.);
#1571=ORIENTED_EDGE('',*,*,#1181,.T.);
#1572=ORIENTED_EDGE('',*,*,#1182,.T.);
#1573=ORIENTED_EDGE('',*,*,#1062,.T.);
#1574=ORIENTED_EDGE('',*,*,#1183,.T.);
#1575=ORIENTED_EDGE('',*,*,#1175,.F.);
#1576=ORIENTED_EDGE('',*,*,#1148,.F.);
#1577=ORIENTED_EDGE('',*,*,#1129,.F.);
#1578=ORIENTED_EDGE('',*,*,#1165,.F.);
#1579=ORIENTED_EDGE('',*,*,#1171,.T.);
#1580=ORIENTED_EDGE('',*,*,#1121,.F.);
#1581=ORIENTED_EDGE('',*,*,#1135,.F.);
#1582=ORIENTED_EDGE('',*,*,#1147,.F.);
#1583=ORIENTED_EDGE('',*,*,#1176,.T.);
#1584=ORIENTED_EDGE('',*,*,#1183,.F.);
#1585=ORIENTED_EDGE('',*,*,#1065,.T.);
#1586=ORIENTED_EDGE('',*,*,#1155,.F.);
#1587=ORIENTED_EDGE('',*,*,#1068,.T.);
#1588=ORIENTED_EDGE('',*,*,#1184,.T.);
#1589=ORIENTED_EDGE('',*,*,#1179,.F.);
#1590=ORIENTED_EDGE('',*,*,#1138,.F.);
#1591=ORIENTED_EDGE('',*,*,#1156,.F.);
#1592=ORIENTED_EDGE('',*,*,#1167,.F.);
#1593=ORIENTED_EDGE('',*,*,#1174,.T.);
#1594=ORIENTED_EDGE('',*,*,#1114,.F.);
#1595=ORIENTED_EDGE('',*,*,#1115,.F.);
#1596=ORIENTED_EDGE('',*,*,#1145,.F.);
#1597=ORIENTED_EDGE('',*,*,#1180,.T.);
#1598=ORIENTED_EDGE('',*,*,#1184,.F.);
#1599=ORIENTED_EDGE('',*,*,#1071,.T.);
#1600=ORIENTED_EDGE('',*,*,#1097,.F.);
#1601=ORIENTED_EDGE('',*,*,#1073,.F.);
#1602=ORIENTED_EDGE('',*,*,#1185,.T.);
#1603=ORIENTED_EDGE('',*,*,#1182,.F.);
#1604=ORIENTED_EDGE('',*,*,#1185,.F.);
#1605=ORIENTED_EDGE('',*,*,#1072,.F.);
#1606=ORIENTED_EDGE('',*,*,#1186,.T.);
#1607=ORIENTED_EDGE('',*,*,#1181,.F.);
#1608=ORIENTED_EDGE('',*,*,#1186,.F.);
#1609=ORIENTED_EDGE('',*,*,#1067,.F.);
#1610=ORIENTED_EDGE('',*,*,#1187,.T.);
#1611=ORIENTED_EDGE('',*,*,#1178,.F.);
#1612=ORIENTED_EDGE('',*,*,#1187,.F.);
#1613=ORIENTED_EDGE('',*,*,#1066,.F.);
#1614=ORIENTED_EDGE('',*,*,#1188,.T.);
#1615=ORIENTED_EDGE('',*,*,#1177,.F.);
#1616=ORIENTED_EDGE('',*,*,#1188,.F.);
#1617=ORIENTED_EDGE('',*,*,#1009,.T.);
#1618=ORIENTED_EDGE('',*,*,#1189,.T.);
#1619=ORIENTED_EDGE('',*,*,#1084,.T.);
#1620=ORIENTED_EDGE('',*,*,#1098,.F.);
#1621=ORIENTED_EDGE('',*,*,#1104,.F.);
#1622=ORIENTED_EDGE('',*,*,#1144,.T.);
#1623=ORIENTED_EDGE('',*,*,#1190,.T.);
#1624=ORIENTED_EDGE('',*,*,#1010,.T.);
#1625=ORIENTED_EDGE('',*,*,#1190,.F.);
#1626=ORIENTED_EDGE('',*,*,#1143,.T.);
#1627=ORIENTED_EDGE('',*,*,#1014,.T.);
#1628=ORIENTED_EDGE('',*,*,#1017,.T.);
#1629=ORIENTED_EDGE('',*,*,#1191,.T.);
#1630=ORIENTED_EDGE('',*,*,#1025,.T.);
#1631=ORIENTED_EDGE('',*,*,#1191,.F.);
#1632=ORIENTED_EDGE('',*,*,#1192,.F.);
#1633=ORIENTED_EDGE('',*,*,#1193,.T.);
#1634=ORIENTED_EDGE('',*,*,#1102,.F.);
#1635=ORIENTED_EDGE('',*,*,#1086,.T.);
#1636=ORIENTED_EDGE('',*,*,#1194,.F.);
#1637=ORIENTED_EDGE('',*,*,#1005,.T.);
#1638=ORIENTED_EDGE('',*,*,#1195,.T.);
#1639=ORIENTED_EDGE('',*,*,#1196,.F.);
#1640=ORIENTED_EDGE('',*,*,#1197,.F.);
#1641=ORIENTED_EDGE('',*,*,#1198,.T.);
#1642=ORIENTED_EDGE('',*,*,#1199,.T.);
#1643=ORIENTED_EDGE('',*,*,#1008,.T.);
#1644=ORIENTED_EDGE('',*,*,#1200,.F.);
#1645=ORIENTED_EDGE('',*,*,#1201,.F.);
#1646=ORIENTED_EDGE('',*,*,#1194,.T.);
#1647=ORIENTED_EDGE('',*,*,#1085,.T.);
#1648=ORIENTED_EDGE('',*,*,#1189,.F.);
#1649=ORIENTED_EDGE('',*,*,#1007,.T.);
#1650=ORIENTED_EDGE('',*,*,#1202,.T.);
#1651=ORIENTED_EDGE('',*,*,#1203,.F.);
#1652=ORIENTED_EDGE('',*,*,#1204,.T.);
#1653=ORIENTED_EDGE('',*,*,#1200,.T.);
#1654=ORIENTED_EDGE('',*,*,#1006,.T.);
#1655=ORIENTED_EDGE('',*,*,#1199,.F.);
#1656=ORIENTED_EDGE('',*,*,#1198,.F.);
#1657=ORIENTED_EDGE('',*,*,#1205,.F.);
#1658=ORIENTED_EDGE('',*,*,#1202,.F.);
#1659=ORIENTED_EDGE('',*,*,#1018,.T.);
#1660=ORIENTED_EDGE('',*,*,#1206,.T.);
#1661=ORIENTED_EDGE('',*,*,#1207,.F.);
#1662=ORIENTED_EDGE('',*,*,#1206,.F.);
#1663=ORIENTED_EDGE('',*,*,#1208,.F.);
#1664=ORIENTED_EDGE('',*,*,#1195,.F.);
#1665=ORIENTED_EDGE('',*,*,#1004,.T.);
#1666=ORIENTED_EDGE('',*,*,#1161,.F.);
#1667=ORIENTED_EDGE('',*,*,#1170,.T.);
#1668=ORIENTED_EDGE('',*,*,#1076,.T.);
#1669=ORIENTED_EDGE('',*,*,#995,.T.);
#1670=ORIENTED_EDGE('',*,*,#1013,.F.);
#1671=ORIENTED_EDGE('',*,*,#1141,.F.);
#1672=ORIENTED_EDGE('',*,*,#1209,.F.);
#1673=ORIENTED_EDGE('',*,*,#1210,.F.);
#1674=ORIENTED_EDGE('',*,*,#1209,.T.);
#1675=ORIENTED_EDGE('',*,*,#1140,.F.);
#1676=ORIENTED_EDGE('',*,*,#1027,.F.);
#1677=ORIENTED_EDGE('',*,*,#1211,.T.);
#1678=ORIENTED_EDGE('',*,*,#1212,.F.);
#1679=ORIENTED_EDGE('',*,*,#1211,.F.);
#1680=ORIENTED_EDGE('',*,*,#1026,.F.);
#1681=ORIENTED_EDGE('',*,*,#1213,.F.);
#1682=ORIENTED_EDGE('',*,*,#1023,.T.);
#1683=ORIENTED_EDGE('',*,*,#1214,.F.);
#1684=ORIENTED_EDGE('',*,*,#1215,.F.);
#1685=ORIENTED_EDGE('',*,*,#1214,.T.);
#1686=ORIENTED_EDGE('',*,*,#1022,.T.);
#1687=ORIENTED_EDGE('',*,*,#1216,.T.);
#1688=ORIENTED_EDGE('',*,*,#1217,.F.);
#1689=ORIENTED_EDGE('',*,*,#1216,.F.);
#1690=ORIENTED_EDGE('',*,*,#1021,.T.);
#1691=ORIENTED_EDGE('',*,*,#1218,.T.);
#1692=ORIENTED_EDGE('',*,*,#1219,.F.);
#1693=ORIENTED_EDGE('',*,*,#1218,.F.);
#1694=ORIENTED_EDGE('',*,*,#1020,.T.);
#1695=ORIENTED_EDGE('',*,*,#1220,.T.);
#1696=ORIENTED_EDGE('',*,*,#1221,.F.);
#1697=ORIENTED_EDGE('',*,*,#1220,.F.);
#1698=ORIENTED_EDGE('',*,*,#1019,.T.);
#1699=ORIENTED_EDGE('',*,*,#1222,.F.);
#1700=ORIENTED_EDGE('',*,*,#1223,.T.);
#1701=ORIENTED_EDGE('',*,*,#1224,.T.);
#1702=ORIENTED_EDGE('',*,*,#1225,.F.);
#1703=ORIENTED_EDGE('',*,*,#1221,.T.);
#1704=ORIENTED_EDGE('',*,*,#1225,.T.);
#1705=ORIENTED_EDGE('',*,*,#1226,.T.);
#1706=ORIENTED_EDGE('',*,*,#1227,.F.);
#1707=ORIENTED_EDGE('',*,*,#1219,.T.);
#1708=ORIENTED_EDGE('',*,*,#1227,.T.);
#1709=ORIENTED_EDGE('',*,*,#1228,.T.);
#1710=ORIENTED_EDGE('',*,*,#1229,.F.);
#1711=ORIENTED_EDGE('',*,*,#1217,.T.);
#1712=ORIENTED_EDGE('',*,*,#1229,.T.);
#1713=ORIENTED_EDGE('',*,*,#1230,.T.);
#1714=ORIENTED_EDGE('',*,*,#1231,.F.);
#1715=ORIENTED_EDGE('',*,*,#1215,.T.);
#1716=ORIENTED_EDGE('',*,*,#1231,.T.);
#1717=ORIENTED_EDGE('',*,*,#1232,.T.);
#1718=ORIENTED_EDGE('',*,*,#1233,.F.);
#1719=ORIENTED_EDGE('',*,*,#1212,.T.);
#1720=ORIENTED_EDGE('',*,*,#1234,.F.);
#1721=ORIENTED_EDGE('',*,*,#1210,.T.);
#1722=ORIENTED_EDGE('',*,*,#1233,.T.);
#1723=ORIENTED_EDGE('',*,*,#1235,.T.);
#1724=ORIENTED_EDGE('',*,*,#1196,.T.);
#1725=ORIENTED_EDGE('',*,*,#1208,.T.);
#1726=ORIENTED_EDGE('',*,*,#1234,.T.);
#1727=ORIENTED_EDGE('',*,*,#1236,.T.);
#1728=ORIENTED_EDGE('',*,*,#1237,.F.);
#1729=ORIENTED_EDGE('',*,*,#1238,.F.);
#1730=ORIENTED_EDGE('',*,*,#1203,.T.);
#1731=ORIENTED_EDGE('',*,*,#1205,.T.);
#1732=ORIENTED_EDGE('',*,*,#1197,.T.);
#1733=ORIENTED_EDGE('',*,*,#1236,.F.);
#1734=ORIENTED_EDGE('',*,*,#1235,.F.);
#1735=ORIENTED_EDGE('',*,*,#1232,.F.);
#1736=ORIENTED_EDGE('',*,*,#1230,.F.);
#1737=ORIENTED_EDGE('',*,*,#1228,.F.);
#1738=ORIENTED_EDGE('',*,*,#1226,.F.);
#1739=ORIENTED_EDGE('',*,*,#1224,.F.);
#1740=ORIENTED_EDGE('',*,*,#1239,.F.);
#1741=ORIENTED_EDGE('',*,*,#1207,.T.);
#1742=ORIENTED_EDGE('',*,*,#1240,.F.);
#1743=ORIENTED_EDGE('',*,*,#1239,.T.);
#1744=ORIENTED_EDGE('',*,*,#1223,.F.);
#1745=ORIENTED_EDGE('',*,*,#1222,.T.);
#1746=ORIENTED_EDGE('',*,*,#1024,.T.);
#1747=ORIENTED_EDGE('',*,*,#1213,.T.);
#1748=ORIENTED_EDGE('',*,*,#1030,.F.);
#1749=ORIENTED_EDGE('',*,*,#1094,.T.);
#1750=ORIENTED_EDGE('',*,*,#1169,.T.);
#1751=ORIENTED_EDGE('',*,*,#1241,.T.);
#1752=ORIENTED_EDGE('',*,*,#1242,.F.);
#1753=ORIENTED_EDGE('',*,*,#1241,.F.);
#1754=ORIENTED_EDGE('',*,*,#1168,.T.);
#1755=ORIENTED_EDGE('',*,*,#1159,.F.);
#1756=ORIENTED_EDGE('',*,*,#1100,.F.);
#1757=ORIENTED_EDGE('',*,*,#1103,.F.);
#1758=ORIENTED_EDGE('',*,*,#1193,.F.);
#1759=ORIENTED_EDGE('',*,*,#1240,.T.);
#1760=ORIENTED_EDGE('',*,*,#1242,.T.);
#1761=ORIENTED_EDGE('',*,*,#1243,.F.);
#1762=ORIENTED_EDGE('',*,*,#1237,.T.);
#1763=ORIENTED_EDGE('',*,*,#1204,.F.);
#1764=ORIENTED_EDGE('',*,*,#1238,.T.);
#1765=ORIENTED_EDGE('',*,*,#1243,.T.);
#1766=ORIENTED_EDGE('',*,*,#1192,.T.);
#1767=ORIENTED_EDGE('',*,*,#1201,.T.);
#1768=ORIENTED_EDGE('',*,*,#1244,.F.);
#1769=ORIENTED_EDGE('',*,*,#1245,.T.);
#1770=ORIENTED_EDGE('',*,*,#1036,.F.);
#1771=ORIENTED_EDGE('',*,*,#1246,.T.);
#1772=ORIENTED_EDGE('',*,*,#1244,.T.);
#1773=ORIENTED_EDGE('',*,*,#1246,.F.);
#1774=ORIENTED_EDGE('',*,*,#1245,.F.);
#1775=ORIENTED_EDGE('',*,*,#1247,.T.);
#1776=ORIENTED_EDGE('',*,*,#991,.T.);
#1777=ORIENTED_EDGE('',*,*,#1247,.F.);
#1778=ORIENTED_EDGE('',*,*,#1248,.F.);
#1779=ORIENTED_EDGE('',*,*,#1249,.F.);
#1780=ORIENTED_EDGE('',*,*,#1250,.T.);
#1781=ORIENTED_EDGE('',*,*,#1251,.T.);
#1782=ORIENTED_EDGE('',*,*,#1250,.F.);
#1783=ORIENTED_EDGE('',*,*,#1252,.F.);
#1784=ORIENTED_EDGE('',*,*,#1253,.F.);
#1785=ORIENTED_EDGE('',*,*,#1254,.T.);
#1786=ORIENTED_EDGE('',*,*,#1255,.T.);
#1787=ORIENTED_EDGE('',*,*,#1254,.F.);
#1788=ORIENTED_EDGE('',*,*,#1127,.F.);
#1789=ORIENTED_EDGE('',*,*,#1128,.F.);
#1790=ORIENTED_EDGE('',*,*,#1256,.T.);
#1791=ORIENTED_EDGE('',*,*,#1257,.T.);
#1792=ORIENTED_EDGE('',*,*,#1256,.F.);
#1793=ORIENTED_EDGE('',*,*,#1125,.F.);
#1794=ORIENTED_EDGE('',*,*,#1126,.F.);
#1795=ORIENTED_EDGE('',*,*,#1258,.T.);
#1796=ORIENTED_EDGE('',*,*,#1259,.T.);
#1797=ORIENTED_EDGE('',*,*,#1258,.F.);
#1798=ORIENTED_EDGE('',*,*,#1257,.F.);
#1799=ORIENTED_EDGE('',*,*,#1251,.F.);
#1800=ORIENTED_EDGE('',*,*,#1259,.F.);
#1801=ORIENTED_EDGE('',*,*,#1255,.F.);
#1802=ORIENTED_EDGE('',*,*,#1173,.T.);
#1803=ORIENTED_EDGE('',*,*,#1260,.T.);
#1804=ORIENTED_EDGE('',*,*,#989,.T.);
#1805=ORIENTED_EDGE('',*,*,#1261,.F.);
#1806=ORIENTED_EDGE('',*,*,#1252,.T.);
#1807=ORIENTED_EDGE('',*,*,#1253,.T.);
#1808=ORIENTED_EDGE('',*,*,#1248,.T.);
#1809=ORIENTED_EDGE('',*,*,#1249,.T.);
#1810=ORIENTED_EDGE('',*,*,#1172,.T.);
#1811=ORIENTED_EDGE('',*,*,#1261,.T.);
#1812=ORIENTED_EDGE('',*,*,#990,.T.);
#1813=ORIENTED_EDGE('',*,*,#1260,.F.);
#1814=ORIENTED_EDGE('',*,*,#1262,.T.);
#1815=ORIENTED_EDGE('',*,*,#1263,.T.);
#1816=ORIENTED_EDGE('',*,*,#1262,.F.);
#1817=ORIENTED_EDGE('',*,*,#1264,.T.);
#1818=ORIENTED_EDGE('',*,*,#1265,.T.);
#1819=ORIENTED_EDGE('',*,*,#1264,.F.);
#1820=ORIENTED_EDGE('',*,*,#1265,.F.);
#1821=ORIENTED_EDGE('',*,*,#1263,.F.);
#1822=ORIENTED_EDGE('',*,*,#1266,.T.);
#1823=ORIENTED_EDGE('',*,*,#1267,.T.);
#1824=ORIENTED_EDGE('',*,*,#1266,.F.);
#1825=ORIENTED_EDGE('',*,*,#1267,.F.);
#1826=PLANE('',#2017);
#1827=PLANE('',#2020);
#1828=PLANE('',#2023);
#1829=PLANE('',#2026);
#1830=PLANE('',#2027);
#1831=PLANE('',#2028);
#1832=PLANE('',#2031);
#1833=PLANE('',#2035);
#1834=PLANE('',#2037);
#1835=PLANE('',#2042);
#1836=PLANE('',#2048);
#1837=PLANE('',#2050);
#1838=PLANE('',#2051);
#1839=PLANE('',#2052);
#1840=PLANE('',#2053);
#1841=PLANE('',#2054);
#1842=PLANE('',#2056);
#1843=PLANE('',#2057);
#1844=PLANE('',#2058);
#1845=PLANE('',#2061);
#1846=PLANE('',#2064);
#1847=PLANE('',#2065);
#1848=PLANE('',#2070);
#1849=PLANE('',#2073);
#1850=PLANE('',#2074);
#1851=PLANE('',#2075);
#1852=PLANE('',#2080);
#1853=PLANE('',#2081);
#1854=PLANE('',#2082);
#1855=PLANE('',#2083);
#1856=PLANE('',#2087);
#1857=PLANE('',#2090);
#1858=PLANE('',#2091);
#1859=PLANE('',#2094);
#1860=PLANE('',#2095);
#1861=PLANE('',#2098);
#1862=PLANE('',#2099);
#1863=PLANE('',#2100);
#1864=PLANE('',#2101);
#1865=PLANE('',#2102);
#1866=PLANE('',#2103);
#1867=PLANE('',#2105);
#1868=PLANE('',#2106);
#1869=PLANE('',#2109);
#1870=PLANE('',#2112);
#1871=PLANE('',#2113);
#1872=PLANE('',#2114);
#1873=PLANE('',#2115);
#1874=PLANE('',#2121);
#1875=PLANE('',#2125);
#1876=PLANE('',#2126);
#1877=PLANE('',#2129);
#1878=PLANE('',#2132);
#1879=PLANE('',#2135);
#1880=PLANE('',#2138);
#1881=PLANE('',#2141);
#1882=PLANE('',#2142);
#1883=PLANE('',#2145);
#1884=PLANE('',#2148);
#1885=PLANE('',#2151);
#1886=PLANE('',#2152);
#1887=PLANE('',#2154);
#1888=PLANE('',#2155);
#1889=PLANE('',#2156);
#1890=PLANE('',#2158);
#1891=PLANE('',#2171);
#1892=PLANE('',#2172);
#1893=PLANE('',#2174);
#1894=PLANE('',#2179);
#1895=PLANE('',#2182);
#1896=ADVANCED_FACE('',(#100,#70),#1826,.T.);
#1897=ADVANCED_FACE('',(#101,#71,#72),#1827,.T.);
#1898=ADVANCED_FACE('',(#102),#1828,.T.);
#1899=ADVANCED_FACE('',(#103),#1829,.T.);
#1900=ADVANCED_FACE('',(#104),#1830,.F.);
#1901=ADVANCED_FACE('',(#105,#73),#1831,.F.);
#1902=ADVANCED_FACE('',(#106,#74),#1832,.F.);
#1903=ADVANCED_FACE('',(#107),#1833,.T.);
#1904=ADVANCED_FACE('',(#108,#75),#1834,.T.);
#1905=ADVANCED_FACE('',(#109),#41,.T.);
#1906=ADVANCED_FACE('',(#110),#1835,.T.);
#1907=ADVANCED_FACE('',(#111),#42,.T.);
#1908=ADVANCED_FACE('',(#112),#33,.T.);
#1909=ADVANCED_FACE('',(#113,#76),#1836,.T.);
#1910=ADVANCED_FACE('',(#114),#1837,.T.);
#1911=ADVANCED_FACE('',(#115),#1838,.T.);
#1912=ADVANCED_FACE('',(#116),#1839,.T.);
#1913=ADVANCED_FACE('',(#117),#1840,.T.);
#1914=ADVANCED_FACE('',(#118),#1841,.T.);
#1915=ADVANCED_FACE('',(#119),#34,.T.);
#1916=ADVANCED_FACE('',(#120),#1842,.T.);
#1917=ADVANCED_FACE('',(#121),#1843,.T.);
#1918=ADVANCED_FACE('',(#122,#77,#78),#1844,.F.);
#1919=ADVANCED_FACE('',(#123,#79,#80),#1845,.F.);
#1920=ADVANCED_FACE('',(#124),#1846,.F.);
#1921=ADVANCED_FACE('',(#125),#1847,.F.);
#1922=ADVANCED_FACE('',(#126),#43,.F.);
#1923=ADVANCED_FACE('',(#127),#44,.F.);
#1924=ADVANCED_FACE('',(#128),#1848,.T.);
#1925=ADVANCED_FACE('',(#129),#1849,.T.);
#1926=ADVANCED_FACE('',(#130),#1850,.F.);
#1927=ADVANCED_FACE('',(#131),#16,.T.);
#1928=ADVANCED_FACE('',(#132),#1851,.T.);
#1929=ADVANCED_FACE('',(#133),#17,.T.);
#1930=ADVANCED_FACE('',(#134),#35,.T.);
#1931=ADVANCED_FACE('',(#135),#1852,.T.);
#1932=ADVANCED_FACE('',(#136),#1853,.T.);
#1933=ADVANCED_FACE('',(#137),#1854,.T.);
#1934=ADVANCED_FACE('',(#138),#1855,.T.);
#1935=ADVANCED_FACE('',(#139,#81,#82),#45,.T.);
#1936=ADVANCED_FACE('',(#140),#1856,.T.);
#1937=ADVANCED_FACE('',(#141),#36,.T.);
#1938=ADVANCED_FACE('',(#142),#1857,.T.);
#1939=ADVANCED_FACE('',(#143,#83,#84,#85),#1858,.T.);
#1940=ADVANCED_FACE('',(#144),#1859,.F.);
#1941=ADVANCED_FACE('',(#145),#1860,.T.);
#1942=ADVANCED_FACE('',(#146),#46,.T.);
#1943=ADVANCED_FACE('',(#147),#1861,.F.);
#1944=ADVANCED_FACE('',(#148),#1862,.F.);
#1945=ADVANCED_FACE('',(#149),#1863,.T.);
#1946=ADVANCED_FACE('',(#150),#1864,.T.);
#1947=ADVANCED_FACE('',(#151,#86),#1865,.F.);
#1948=ADVANCED_FACE('',(#152,#87),#1866,.F.);
#1949=ADVANCED_FACE('',(#153),#1867,.F.);
#1950=ADVANCED_FACE('',(#154,#88,#89),#1868,.F.);
#1951=ADVANCED_FACE('',(#155,#90,#91),#1869,.F.);
#1952=ADVANCED_FACE('',(#156),#1870,.F.);
#1953=ADVANCED_FACE('',(#157),#1871,.T.);
#1954=ADVANCED_FACE('',(#158),#1872,.F.);
#1955=ADVANCED_FACE('',(#159),#1873,.T.);
#1956=ADVANCED_FACE('',(#160),#47,.F.);
#1957=ADVANCED_FACE('',(#161),#48,.F.);
#1958=ADVANCED_FACE('',(#162),#49,.F.);
#1959=ADVANCED_FACE('',(#163),#50,.F.);
#1960=ADVANCED_FACE('',(#164),#51,.F.);
#1961=ADVANCED_FACE('',(#165),#1874,.F.);
#1962=ADVANCED_FACE('',(#166),#52,.F.);
#1963=ADVANCED_FACE('',(#167),#53,.T.);
#1964=ADVANCED_FACE('',(#168),#1875,.F.);
#1965=ADVANCED_FACE('',(#169),#1876,.F.);
#1966=ADVANCED_FACE('',(#170),#54,.F.);
#1967=ADVANCED_FACE('',(#171),#1877,.F.);
#1968=ADVANCED_FACE('',(#172),#55,.F.);
#1969=ADVANCED_FACE('',(#173),#1878,.F.);
#1970=ADVANCED_FACE('',(#174),#56,.T.);
#1971=ADVANCED_FACE('',(#175),#1879,.F.);
#1972=ADVANCED_FACE('',(#176),#57,.T.);
#1973=ADVANCED_FACE('',(#177),#1880,.T.);
#1974=ADVANCED_FACE('',(#178),#58,.T.);
#1975=ADVANCED_FACE('',(#179),#1881,.T.);
#1976=ADVANCED_FACE('',(#180),#1882,.T.);
#1977=ADVANCED_FACE('',(#181),#37,.T.);
#1978=ADVANCED_FACE('',(#182),#1883,.T.);
#1979=ADVANCED_FACE('',(#183),#38,.T.);
#1980=ADVANCED_FACE('',(#184),#1884,.T.);
#1981=ADVANCED_FACE('',(#185),#39,.T.);
#1982=ADVANCED_FACE('',(#186),#1885,.T.);
#1983=ADVANCED_FACE('',(#187,#92),#1886,.T.);
#1984=ADVANCED_FACE('',(#188),#1887,.T.);
#1985=ADVANCED_FACE('',(#189),#1888,.T.);
#1986=ADVANCED_FACE('',(#190),#1889,.T.);
#1987=ADVANCED_FACE('',(#191),#40,.T.);
#1988=ADVANCED_FACE('',(#192,#93),#1890,.T.);
#1989=ADVANCED_FACE('',(#193),#59,.F.);
#1990=ADVANCED_FACE('',(#194),#60,.F.);
#1991=ADVANCED_FACE('',(#195),#61,.F.);
#1992=ADVANCED_FACE('',(#196),#62,.F.);
#1993=ADVANCED_FACE('',(#197),#63,.F.);
#1994=ADVANCED_FACE('',(#198),#64,.F.);
#1995=ADVANCED_FACE('',(#199,#94),#1891,.T.);
#1996=ADVANCED_FACE('',(#200,#95),#1892,.T.);
#1997=ADVANCED_FACE('',(#201,#96,#97),#65,.F.);
#1998=ADVANCED_FACE('',(#202,#98,#99),#1893,.T.);
#1999=ADVANCED_FACE('',(#203),#66,.F.);
#2000=ADVANCED_FACE('',(#204),#1894,.T.);
#2001=ADVANCED_FACE('',(#205),#67,.F.);
#2002=ADVANCED_FACE('',(#206),#1895,.T.);
#2003=CLOSED_SHELL('',(#1896,#1897,#1898,#1899,#1900,#1901,#1902,#1903,
#1904,#1905,#1906,#1907,#1908,#1909,#1910,#1911,#1912,#1913,#1914,#1915,
#1916,#1917,#1918,#1919,#1920,#1921,#1922,#1923,#1924,#1925,#1926,#1927,
#1928,#1929,#1930,#1931,#1932,#1933,#1934,#1935,#1936,#1937,#1938,#1939,
#1940,#1941,#1942,#1943,#1944,#1945,#1946,#1947,#1948,#1949,#1950,#1951,
#1952,#1953,#1954,#1955,#1956,#1957,#1958,#1959,#1960,#1961,#1962,#1963,
#1964,#1965,#1966,#1967,#1968,#1969,#1970,#1971,#1972,#1973,#1974,#1975,
#1976,#1977,#1978,#1979,#1980,#1981,#1982,#1983,#1984,#1985,#1986,#1987,
#1988,#1989,#1990,#1991,#1992,#1993,#1994,#1995,#1996,#1997,#1998,#1999,
#2000,#2001,#2002));
#2004=DERIVED_UNIT_ELEMENT(#2006,1.);
#2005=DERIVED_UNIT_ELEMENT(#3520,-3.);
#2006=(
MASS_UNIT()
NAMED_UNIT(*)
SI_UNIT(.KILO.,.GRAM.)
);
#2007=DERIVED_UNIT((#2004,#2005));
#2008=MEASURE_REPRESENTATION_ITEM('density measure',
POSITIVE_RATIO_MEASURE(7850.),#2007);
#2009=PROPERTY_DEFINITION_REPRESENTATION(#2014,#2011);
#2010=PROPERTY_DEFINITION_REPRESENTATION(#2015,#2012);
#2011=REPRESENTATION('material name',(#2013),#3517);
#2012=REPRESENTATION('density',(#2008),#3517);
#2013=DESCRIPTIVE_REPRESENTATION_ITEM('Steel','Steel');
#2014=PROPERTY_DEFINITION('material property','material name',#3527);
#2015=PROPERTY_DEFINITION('material property','density of part',#3527);
#2016=AXIS2_PLACEMENT_3D('',#2719,#2183,#2184);
#2017=AXIS2_PLACEMENT_3D('',#2720,#2185,#2186);
#2018=AXIS2_PLACEMENT_3D('',#2723,#2187,#2188);
#2019=AXIS2_PLACEMENT_3D('',#2726,#2190,#2191);
#2020=AXIS2_PLACEMENT_3D('',#2727,#2192,#2193);
#2021=AXIS2_PLACEMENT_3D('',#2743,#2201,#2202);
#2022=AXIS2_PLACEMENT_3D('',#2745,#2203,#2204);
#2023=AXIS2_PLACEMENT_3D('',#2746,#2205,#2206);
#2024=AXIS2_PLACEMENT_3D('',#2761,#2213,#2214);
#2025=AXIS2_PLACEMENT_3D('',#2765,#2216,#2217);
#2026=AXIS2_PLACEMENT_3D('',#2767,#2219,#2220);
#2027=AXIS2_PLACEMENT_3D('',#2773,#2224,#2225);
#2028=AXIS2_PLACEMENT_3D('',#2779,#2229,#2230);
#2029=AXIS2_PLACEMENT_3D('',#2781,#2231,#2232);
#2030=AXIS2_PLACEMENT_3D('',#2783,#2233,#2234);
#2031=AXIS2_PLACEMENT_3D('',#2784,#2235,#2236);
#2032=AXIS2_PLACEMENT_3D('',#2789,#2238,#2239);
#2033=AXIS2_PLACEMENT_3D('',#2793,#2241,#2242);
#2034=AXIS2_PLACEMENT_3D('',#2798,#2245,#2246);
#2035=AXIS2_PLACEMENT_3D('',#2799,#2247,#2248);
#2036=AXIS2_PLACEMENT_3D('',#2804,#2250,#2251);
#2037=AXIS2_PLACEMENT_3D('',#2810,#2255,#2256);
#2038=AXIS2_PLACEMENT_3D('',#2817,#2259,#2260);
#2039=AXIS2_PLACEMENT_3D('',#2822,#2263,#2264);
#2040=AXIS2_PLACEMENT_3D('',#2823,#2265,#2266);
#2041=AXIS2_PLACEMENT_3D('',#2826,#2267,#2268);
#2042=AXIS2_PLACEMENT_3D('',#2829,#2271,#2272);
#2043=AXIS2_PLACEMENT_3D('',#2833,#2275,#2276);
#2044=AXIS2_PLACEMENT_3D('',#2835,#2277,#2278);
#2045=AXIS2_PLACEMENT_3D('',#2838,#2280,#2281);
#2046=AXIS2_PLACEMENT_3D('',#2839,#2282,#2283);
#2047=AXIS2_PLACEMENT_3D('',#2841,#2284,#2285);
#2048=AXIS2_PLACEMENT_3D('',#2843,#2287,#2288);
#2049=AXIS2_PLACEMENT_3D('',#2852,#2292,#2293);
#2050=AXIS2_PLACEMENT_3D('',#2854,#2295,#2296);
#2051=AXIS2_PLACEMENT_3D('',#2858,#2299,#2300);
#2052=AXIS2_PLACEMENT_3D('',#2862,#2303,#2304);
#2053=AXIS2_PLACEMENT_3D('',#2864,#2306,#2307);
#2054=AXIS2_PLACEMENT_3D('',#2867,#2310,#2311);
#2055=AXIS2_PLACEMENT_3D('',#2872,#2312,#2313);
#2056=AXIS2_PLACEMENT_3D('',#2877,#2314,#2315);
#2057=AXIS2_PLACEMENT_3D('',#2879,#2317,#2318);
#2058=AXIS2_PLACEMENT_3D('',#2880,#2319,#2320);
#2059=AXIS2_PLACEMENT_3D('',#2890,#2325,#2326);
#2060=AXIS2_PLACEMENT_3D('',#2892,#2327,#2328);
#2061=AXIS2_PLACEMENT_3D('',#2893,#2329,#2330);
#2062=AXIS2_PLACEMENT_3D('',#2903,#2335,#2336);
#2063=AXIS2_PLACEMENT_3D('',#2905,#2337,#2338);
#2064=AXIS2_PLACEMENT_3D('',#2906,#2339,#2340);
#2065=AXIS2_PLACEMENT_3D('',#2912,#2344,#2345);
#2066=AXIS2_PLACEMENT_3D('',#2916,#2348,#2349);
#2067=AXIS2_PLACEMENT_3D('',#2919,#2351,#2352);
#2068=AXIS2_PLACEMENT_3D('',#2920,#2353,#2354);
#2069=AXIS2_PLACEMENT_3D('',#2923,#2356,#2357);
#2070=AXIS2_PLACEMENT_3D('',#2924,#2358,#2359);
#2071=AXIS2_PLACEMENT_3D('',#2929,#2361,#2362);
#2072=AXIS2_PLACEMENT_3D('',#2932,#2364,#2365);
#2073=AXIS2_PLACEMENT_3D('',#2933,#2366,#2367);
#2074=AXIS2_PLACEMENT_3D('',#2942,#2372,#2373);
#2075=AXIS2_PLACEMENT_3D('',#2997,#2383,#2384);
#2076=AXIS2_PLACEMENT_3D('',#2999,#2385,#2386);
#2077=AXIS2_PLACEMENT_3D('',#3034,#2389,#2390);
#2078=AXIS2_PLACEMENT_3D('',#3035,#2391,#2392);
#2079=AXIS2_PLACEMENT_3D('',#3038,#2394,#2395);
#2080=AXIS2_PLACEMENT_3D('',#3039,#2396,#2397);
#2081=AXIS2_PLACEMENT_3D('',#3041,#2399,#2400);
#2082=AXIS2_PLACEMENT_3D('',#3050,#2405,#2406);
#2083=AXIS2_PLACEMENT_3D('',#3056,#2410,#2411);
#2084=AXIS2_PLACEMENT_3D('',#3065,#2416,#2417);
#2085=AXIS2_PLACEMENT_3D('',#3067,#2418,#2419);
#2086=AXIS2_PLACEMENT_3D('',#3070,#2421,#2422);
#2087=AXIS2_PLACEMENT_3D('',#3147,#2423,#2424);
#2088=AXIS2_PLACEMENT_3D('',#3155,#2429,#2430);
#2089=AXIS2_PLACEMENT_3D('',#3157,#2431,#2432);
#2090=AXIS2_PLACEMENT_3D('',#3159,#2434,#2435);
#2091=AXIS2_PLACEMENT_3D('',#3163,#2438,#2439);
#2092=AXIS2_PLACEMENT_3D('',#3171,#2443,#2444);
#2093=AXIS2_PLACEMENT_3D('',#3176,#2448,#2449);
#2094=AXIS2_PLACEMENT_3D('',#3185,#2456,#2457);
#2095=AXIS2_PLACEMENT_3D('',#3194,#2463,#2464);
#2096=AXIS2_PLACEMENT_3D('',#3198,#2467,#2468);
#2097=AXIS2_PLACEMENT_3D('',#3200,#2469,#2470);
#2098=AXIS2_PLACEMENT_3D('',#3202,#2472,#2473);
#2099=AXIS2_PLACEMENT_3D('',#3208,#2477,#2478);
#2100=AXIS2_PLACEMENT_3D('',#3210,#2480,#2481);
#2101=AXIS2_PLACEMENT_3D('',#3214,#2484,#2485);
#2102=AXIS2_PLACEMENT_3D('',#3218,#2488,#2489);
#2103=AXIS2_PLACEMENT_3D('',#3223,#2493,#2494);
#2104=AXIS2_PLACEMENT_3D('',#3228,#2497,#2498);
#2105=AXIS2_PLACEMENT_3D('',#3229,#2499,#2500);
#2106=AXIS2_PLACEMENT_3D('',#3231,#2502,#2503);
#2107=AXIS2_PLACEMENT_3D('',#3236,#2506,#2507);
#2108=AXIS2_PLACEMENT_3D('',#3238,#2508,#2509);
#2109=AXIS2_PLACEMENT_3D('',#3239,#2510,#2511);
#2110=AXIS2_PLACEMENT_3D('',#3244,#2514,#2515);
#2111=AXIS2_PLACEMENT_3D('',#3246,#2516,#2517);
#2112=AXIS2_PLACEMENT_3D('',#3247,#2518,#2519);
#2113=AXIS2_PLACEMENT_3D('',#3249,#2521,#2522);
#2114=AXIS2_PLACEMENT_3D('',#3250,#2523,#2524);
#2115=AXIS2_PLACEMENT_3D('',#3252,#2526,#2527);
#2116=AXIS2_PLACEMENT_3D('',#3253,#2528,#2529);
#2117=AXIS2_PLACEMENT_3D('',#3255,#2531,#2532);
#2118=AXIS2_PLACEMENT_3D('',#3257,#2534,#2535);
#2119=AXIS2_PLACEMENT_3D('',#3259,#2537,#2538);
#2120=AXIS2_PLACEMENT_3D('',#3261,#2540,#2541);
#2121=AXIS2_PLACEMENT_3D('',#3264,#2544,#2545);
#2122=AXIS2_PLACEMENT_3D('',#3265,#2546,#2547);
#2123=AXIS2_PLACEMENT_3D('',#3267,#2549,#2550);
#2124=AXIS2_PLACEMENT_3D('',#3270,#2551,#2552);
#2125=AXIS2_PLACEMENT_3D('',#3273,#2555,#2556);
#2126=AXIS2_PLACEMENT_3D('',#3283,#2562,#2563);
#2127=AXIS2_PLACEMENT_3D('',#3289,#2565,#2566);
#2128=AXIS2_PLACEMENT_3D('',#3293,#2568,#2569);
#2129=AXIS2_PLACEMENT_3D('',#3316,#2570,#2571);
#2130=AXIS2_PLACEMENT_3D('',#3318,#2573,#2574);
#2131=AXIS2_PLACEMENT_3D('',#3321,#2576,#2577);
#2132=AXIS2_PLACEMENT_3D('',#3322,#2578,#2579);
#2133=AXIS2_PLACEMENT_3D('',#3326,#2582,#2583);
#2134=AXIS2_PLACEMENT_3D('',#3328,#2584,#2585);
#2135=AXIS2_PLACEMENT_3D('',#3330,#2587,#2588);
#2136=AXIS2_PLACEMENT_3D('',#3335,#2592,#2593);
#2137=AXIS2_PLACEMENT_3D('',#3337,#2594,#2595);
#2138=AXIS2_PLACEMENT_3D('',#3339,#2597,#2598);
#2139=AXIS2_PLACEMENT_3D('',#3343,#2601,#2602);
#2140=AXIS2_PLACEMENT_3D('',#3345,#2603,#2604);
#2141=AXIS2_PLACEMENT_3D('',#3347,#2606,#2607);
#2142=AXIS2_PLACEMENT_3D('',#3351,#2610,#2611);
#2143=AXIS2_PLACEMENT_3D('',#3357,#2615,#2616);
#2144=AXIS2_PLACEMENT_3D('',#3359,#2617,#2618);
#2145=AXIS2_PLACEMENT_3D('',#3361,#2620,#2621);
#2146=AXIS2_PLACEMENT_3D('',#3365,#2624,#2625);
#2147=AXIS2_PLACEMENT_3D('',#3367,#2626,#2627);
#2148=AXIS2_PLACEMENT_3D('',#3369,#2629,#2630);
#2149=AXIS2_PLACEMENT_3D('',#3373,#2633,#2634);
#2150=AXIS2_PLACEMENT_3D('',#3376,#2636,#2637);
#2151=AXIS2_PLACEMENT_3D('',#3377,#2638,#2639);
#2152=AXIS2_PLACEMENT_3D('',#3379,#2641,#2642);
#2153=AXIS2_PLACEMENT_3D('',#3383,#2644,#2645);
#2154=AXIS2_PLACEMENT_3D('',#3385,#2647,#2648);
#2155=AXIS2_PLACEMENT_3D('',#3389,#2651,#2652);
#2156=AXIS2_PLACEMENT_3D('',#3391,#2654,#2655);
#2157=AXIS2_PLACEMENT_3D('',#3393,#2657,#2658);
#2158=AXIS2_PLACEMENT_3D('',#3394,#2659,#2660);
#2159=AXIS2_PLACEMENT_3D('',#3396,#2661,#2662);
#2160=AXIS2_PLACEMENT_3D('',#3398,#2663,#2664);
#2161=AXIS2_PLACEMENT_3D('',#3399,#2665,#2666);
#2162=AXIS2_PLACEMENT_3D('',#3401,#2668,#2669);
#2163=AXIS2_PLACEMENT_3D('',#3403,#2671,#2672);
#2164=AXIS2_PLACEMENT_3D('',#3444,#2674,#2675);
#2165=AXIS2_PLACEMENT_3D('',#3445,#2676,#2677);
#2166=AXIS2_PLACEMENT_3D('',#3486,#2679,#2680);
#2167=AXIS2_PLACEMENT_3D('',#3487,#2681,#2682);
#2168=AXIS2_PLACEMENT_3D('',#3490,#2684,#2685);
#2169=AXIS2_PLACEMENT_3D('',#3491,#2686,#2687);
#2170=AXIS2_PLACEMENT_3D('',#3494,#2689,#2690);
#2171=AXIS2_PLACEMENT_3D('',#3495,#2691,#2692);
#2172=AXIS2_PLACEMENT_3D('',#3496,#2693,#2694);
#2173=AXIS2_PLACEMENT_3D('',#3497,#2695,#2696);
#2174=AXIS2_PLACEMENT_3D('',#3500,#2699,#2700);
#2175=AXIS2_PLACEMENT_3D('',#3502,#2701,#2702);
#2176=AXIS2_PLACEMENT_3D('',#3504,#2703,#2704);
#2177=AXIS2_PLACEMENT_3D('',#3505,#2705,#2706);
#2178=AXIS2_PLACEMENT_3D('',#3508,#2708,#2709);
#2179=AXIS2_PLACEMENT_3D('',#3509,#2710,#2711);
#2180=AXIS2_PLACEMENT_3D('',#3510,#2712,#2713);
#2181=AXIS2_PLACEMENT_3D('',#3513,#2715,#2716);
#2182=AXIS2_PLACEMENT_3D('',#3514,#2717,#2718);
#2183=DIRECTION('axis',(0.,0.,1.));
#2184=DIRECTION('refdir',(1.,0.,0.));
#2185=DIRECTION('center_axis',(1.,0.,0.));
#2186=DIRECTION('ref_axis',(0.,1.,0.));
#2187=DIRECTION('center_axis',(-1.,0.,0.));
#2188=DIRECTION('ref_axis',(0.,1.,0.));
#2189=DIRECTION('',(0.,0.,1.));
#2190=DIRECTION('center_axis',(1.,0.,0.));
#2191=DIRECTION('ref_axis',(0.,-1.,0.));
#2192=DIRECTION('center_axis',(1.,0.,0.));
#2193=DIRECTION('ref_axis',(0.,1.,0.));
#2194=DIRECTION('',(0.,0.,1.));
#2195=DIRECTION('',(0.,0.,1.));
#2196=DIRECTION('',(0.,9.49949445417164E-6,0.99999999995488));
#2197=DIRECTION('',(0.,-1.,1.99691669005222E-17));
#2198=DIRECTION('',(0.,0.,-1.));
#2199=DIRECTION('',(0.,1.,0.));
#2200=DIRECTION('',(0.,0.,1.));
#2201=DIRECTION('center_axis',(1.,0.,0.));
#2202=DIRECTION('ref_axis',(0.,1.,0.));
#2203=DIRECTION('center_axis',(1.,0.,0.));
#2204=DIRECTION('ref_axis',(0.,1.,0.));
#2205=DIRECTION('center_axis',(1.,0.,0.));
#2206=DIRECTION('ref_axis',(0.,1.,0.));
#2207=DIRECTION('',(0.,0.,-1.));
#2208=DIRECTION('',(0.,1.,0.));
#2209=DIRECTION('',(0.,0.,1.));
#2210=DIRECTION('',(0.,-1.,1.99691669005222E-17));
#2211=DIRECTION('',(0.,0.,-1.));
#2212=DIRECTION('',(0.,1.,0.));
#2213=DIRECTION('center_axis',(1.,0.,0.));
#2214=DIRECTION('ref_axis',(0.,1.,0.));
#2215=DIRECTION('',(0.,0.,-1.));
#2216=DIRECTION('center_axis',(1.,0.,0.));
#2217=DIRECTION('ref_axis',(0.,1.,0.));
#2218=DIRECTION('',(0.,-1.,0.));
#2219=DIRECTION('center_axis',(0.,-0.99999999995488,9.49949445417164E-6));
#2220=DIRECTION('ref_axis',(0.,-9.49949445417164E-6,-0.99999999995488));
#2221=DIRECTION('',(1.,0.,0.));
#2222=DIRECTION('',(0.,0.,-1.));
#2223=DIRECTION('',(1.,0.,0.));
#2224=DIRECTION('center_axis',(0.,-1.,0.));
#2225=DIRECTION('ref_axis',(0.,0.,-1.));
#2226=DIRECTION('',(1.,0.,0.));
#2227=DIRECTION('',(0.,0.,1.));
#2228=DIRECTION('',(-1.,0.,0.));
#2229=DIRECTION('center_axis',(-1.,0.,0.));
#2230=DIRECTION('ref_axis',(0.,-1.,0.));
#2231=DIRECTION('center_axis',(-1.,0.,0.));
#2232=DIRECTION('ref_axis',(0.,-1.,0.));
#2233=DIRECTION('center_axis',(1.,0.,0.));
#2234=DIRECTION('ref_axis',(0.,-1.,0.));
#2235=DIRECTION('center_axis',(-1.,0.,0.));
#2236=DIRECTION('ref_axis',(0.,-1.,0.));
#2237=DIRECTION('',(0.,0.,1.));
#2238=DIRECTION('center_axis',(-1.,0.,0.));
#2239=DIRECTION('ref_axis',(0.,-0.707106781186547,-0.707106781186547));
#2240=DIRECTION('',(0.,-1.,0.));
#2241=DIRECTION('center_axis',(-1.,0.,0.));
#2242=DIRECTION('ref_axis',(0.,0.707106781186547,-0.707106781186547));
#2243=DIRECTION('',(0.,0.,-1.));
#2244=DIRECTION('',(0.,1.,0.));
#2245=DIRECTION('center_axis',(1.,0.,0.));
#2246=DIRECTION('ref_axis',(0.,-1.,0.));
#2247=DIRECTION('center_axis',(-0.707106781186548,0.,-0.707106781186548));
#2248=DIRECTION('ref_axis',(-0.707106781186548,0.,0.707106781186548));
#2249=DIRECTION('',(-0.707106781186548,0.,0.707106781186548));
#2250=DIRECTION('center_axis',(0.707106781186548,0.,0.707106781186548));
#2251=DIRECTION('ref_axis',(-0.707106781186547,0.,0.707106781186547));
#2252=DIRECTION('',(0.,-1.,0.));
#2253=DIRECTION('',(0.707106781186548,0.,-0.707106781186548));
#2254=DIRECTION('',(0.,-1.,0.));
#2255=DIRECTION('center_axis',(-1.,0.,0.));
#2256=DIRECTION('ref_axis',(0.,-1.,0.));
#2257=DIRECTION('',(0.,0.,-1.));
#2258=DIRECTION('',(0.,-0.999998308018379,0.00183955439717316));
#2259=DIRECTION('center_axis',(-1.,0.,0.));
#2260=DIRECTION('ref_axis',(0.,-1.,0.));
#2261=DIRECTION('',(0.,-1.,0.));
#2262=DIRECTION('',(0.,0.00183955439717313,0.999998308018379));
#2263=DIRECTION('center_axis',(1.,0.,0.));
#2264=DIRECTION('ref_axis',(0.,-1.,0.));
#2265=DIRECTION('center_axis',(1.,0.,0.));
#2266=DIRECTION('ref_axis',(0.,-1.,0.));
#2267=DIRECTION('center_axis',(1.,0.,0.));
#2268=DIRECTION('ref_axis',(0.,-1.,0.));
#2269=DIRECTION('',(1.,0.,0.));
#2270=DIRECTION('',(1.,0.,0.));
#2271=DIRECTION('center_axis',(0.,-0.00183955439717316,-0.999998308018379));
#2272=DIRECTION('ref_axis',(0.,0.999998308018379,-0.00183955439717316));
#2273=DIRECTION('',(0.,0.999998308018379,-0.00183955439717316));
#2274=DIRECTION('',(1.,0.,0.));
#2275=DIRECTION('center_axis',(-1.,0.,0.));
#2276=DIRECTION('ref_axis',(0.,-1.,0.));
#2277=DIRECTION('center_axis',(1.,0.,0.));
#2278=DIRECTION('ref_axis',(0.,-1.,0.));
#2279=DIRECTION('',(1.,0.,0.));
#2280=DIRECTION('center_axis',(1.,0.,0.));
#2281=DIRECTION('ref_axis',(0.,-1.,0.));
#2282=DIRECTION('center_axis',(1.,0.,0.));
#2283=DIRECTION('ref_axis',(0.,-1.,0.));
#2284=DIRECTION('center_axis',(-1.,0.,0.));
#2285=DIRECTION('ref_axis',(0.,-1.,0.));
#2286=DIRECTION('',(-0.707106781186546,-0.707106781186549,-8.65956056235495E-17));
#2287=DIRECTION('center_axis',(-1.,0.,0.));
#2288=DIRECTION('ref_axis',(0.,-1.,0.));
#2289=DIRECTION('',(0.,0.,-1.));
#2290=DIRECTION('',(0.,-0.00183955439717313,-0.999998308018379));
#2291=DIRECTION('',(0.,1.,0.));
#2292=DIRECTION('center_axis',(-1.,0.,0.));
#2293=DIRECTION('ref_axis',(0.,-1.,0.));
#2294=DIRECTION('',(0.,-0.999998308018379,0.00183955439717316));
#2295=DIRECTION('center_axis',(0.,1.,0.));
#2296=DIRECTION('ref_axis',(0.,0.,1.));
#2297=DIRECTION('',(0.,0.,1.));
#2298=DIRECTION('',(1.,0.,0.));
#2299=DIRECTION('center_axis',(0.,0.999998308018379,-0.00183955439717313));
#2300=DIRECTION('ref_axis',(0.,0.00183955439717313,0.999998308018379));
#2301=DIRECTION('',(0.,0.00183955439717313,0.999998308018379));
#2302=DIRECTION('',(1.,0.,0.));
#2303=DIRECTION('center_axis',(0.,0.,1.));
#2304=DIRECTION('ref_axis',(0.,-1.,0.));
#2305=DIRECTION('',(0.,-1.,0.));
#2306=DIRECTION('center_axis',(-0.70710678118655,0.707105584774867,-0.00130076138860265));
#2307=DIRECTION('ref_axis',(-0.00183955128469142,0.,0.999998308024104));
#2308=DIRECTION('',(0.707106631635261,0.707106631635262,-0.000650380556747726));
#2309=DIRECTION('',(-0.57699592082593,-0.578058314273284,-0.576995920825933));
#2310=DIRECTION('center_axis',(-0.707106781186549,0.,0.707106781186546));
#2311=DIRECTION('ref_axis',(0.707106781186546,0.,0.707106781186549));
#2312=DIRECTION('center_axis',(1.,0.,0.));
#2313=DIRECTION('ref_axis',(0.,-1.,0.));
#2314=DIRECTION('center_axis',(-0.707106781186548,-0.00130076138860267,
-0.707105584774869));
#2315=DIRECTION('ref_axis',(-0.707106182979949,0.,0.70710737939264));
#2316=DIRECTION('',(-0.576995920825931,-0.576995920825933,0.578058314273283));
#2317=DIRECTION('center_axis',(-0.707106781186548,0.707106781186547,0.));
#2318=DIRECTION('ref_axis',(0.,0.,1.));
#2319=DIRECTION('center_axis',(0.,0.,-1.));
#2320=DIRECTION('ref_axis',(0.,1.,0.));
#2321=DIRECTION('',(1.,0.,0.));
#2322=DIRECTION('',(0.,1.,0.));
#2323=DIRECTION('',(1.,0.,0.));
#2324=DIRECTION('',(0.,-1.,0.));
#2325=DIRECTION('center_axis',(0.,0.,-1.));
#2326=DIRECTION('ref_axis',(-1.,0.,0.));
#2327=DIRECTION('center_axis',(0.,0.,-1.));
#2328=DIRECTION('ref_axis',(-1.,0.,0.));
#2329=DIRECTION('center_axis',(0.,0.,-1.));
#2330=DIRECTION('ref_axis',(0.,1.,0.));
#2331=DIRECTION('',(1.,0.,0.));
#2332=DIRECTION('',(0.,1.,0.));
#2333=DIRECTION('',(1.,0.,0.));
#2334=DIRECTION('',(0.,-1.,0.));
#2335=DIRECTION('center_axis',(0.,0.,-1.));
#2336=DIRECTION('ref_axis',(-1.,0.,0.));
#2337=DIRECTION('center_axis',(0.,0.,-1.));
#2338=DIRECTION('ref_axis',(-1.,0.,0.));
#2339=DIRECTION('center_axis',(0.,1.,0.));
#2340=DIRECTION('ref_axis',(0.,0.,-1.));
#2341=DIRECTION('',(0.,0.,1.));
#2342=DIRECTION('',(-1.,0.,0.));
#2343=DIRECTION('',(-1.,0.,0.));
#2344=DIRECTION('center_axis',(0.,1.,0.));
#2345=DIRECTION('ref_axis',(0.,0.,1.));
#2346=DIRECTION('',(1.,0.,0.));
#2347=DIRECTION('',(0.,0.,-1.));
#2348=DIRECTION('center_axis',(-1.,0.,0.));
#2349=DIRECTION('ref_axis',(0.,1.,0.));
#2350=DIRECTION('',(-1.,0.,0.));
#2351=DIRECTION('center_axis',(-1.,0.,0.));
#2352=DIRECTION('ref_axis',(0.,1.,0.));
#2353=DIRECTION('center_axis',(-1.,0.,0.));
#2354=DIRECTION('ref_axis',(0.,1.,0.));
#2355=DIRECTION('',(-1.,0.,0.));
#2356=DIRECTION('center_axis',(-1.,0.,0.));
#2357=DIRECTION('ref_axis',(0.,1.,0.));
#2358=DIRECTION('center_axis',(-1.,0.,0.));
#2359=DIRECTION('ref_axis',(0.,0.,1.));
#2360=DIRECTION('',(0.,0.,-1.));
#2361=DIRECTION('center_axis',(-1.,0.,0.));
#2362=DIRECTION('ref_axis',(0.,1.,0.));
#2363=DIRECTION('',(0.,0.,1.));
#2364=DIRECTION('center_axis',(1.,0.,0.));
#2365=DIRECTION('ref_axis',(0.,-0.579498265061993,0.814973472445662));
#2366=DIRECTION('center_axis',(0.,0.,1.));
#2367=DIRECTION('ref_axis',(0.,-1.,0.));
#2368=DIRECTION('',(0.,1.,0.));
#2369=DIRECTION('',(-1.,0.,0.));
#2370=DIRECTION('',(0.,1.,0.));
#2371=DIRECTION('',(-1.,0.,0.));
#2372=DIRECTION('center_axis',(0.,-1.,0.));
#2373=DIRECTION('ref_axis',(0.,0.,-1.));
#2374=DIRECTION('',(0.,0.,-1.));
#2375=DIRECTION('',(-0.707106781186547,0.,-0.707106781186548));
#2376=DIRECTION('',(0.,0.,-1.));
#2377=DIRECTION('',(1.,0.,0.));
#2378=DIRECTION('',(0.,0.,-1.));
#2379=DIRECTION('',(1.,0.,0.));
#2380=DIRECTION('',(0.,0.,1.));
#2381=DIRECTION('',(-0.707106781186552,0.707106781186543,0.));
#2382=DIRECTION('',(0.707106781186549,-0.707106781186546,0.));
#2383=DIRECTION('center_axis',(-0.707106781186543,-0.707106781186552,0.));
#2384=DIRECTION('ref_axis',(0.,0.,1.));
#2385=DIRECTION('center_axis',(-0.707106781186543,-0.707106781186552,0.));
#2386=DIRECTION('ref_axis',(0.707106781186552,-0.707106781186543,0.));
#2387=DIRECTION('',(0.,0.,1.));
#2388=DIRECTION('',(0.707106781186546,-0.706889544191981,0.0175263319623536));
#2389=DIRECTION('center_axis',(1.,0.,0.));
#2390=DIRECTION('ref_axis',(0.,-0.707106781186548,0.707106781186548));
#2391=DIRECTION('center_axis',(-1.,0.,0.));
#2392=DIRECTION('ref_axis',(0.,-0.707106781186547,0.707106781186547));
#2393=DIRECTION('',(0.707106781186547,6.28036983473509E-15,0.707106781186548));
#2394=DIRECTION('center_axis',(1.,0.,0.));
#2395=DIRECTION('ref_axis',(0.,-0.707106781186547,0.707106781186547));
#2396=DIRECTION('center_axis',(-0.707106781186548,0.,0.707106781186547));
#2397=DIRECTION('ref_axis',(0.707106781186547,0.,0.707106781186548));
#2398=DIRECTION('',(0.,-1.,0.));
#2399=DIRECTION('center_axis',(0.,0.,1.));
#2400=DIRECTION('ref_axis',(0.,-1.,0.));
#2401=DIRECTION('',(0.,1.,0.));
#2402=DIRECTION('',(-1.,0.,0.));
#2403=DIRECTION('',(0.,1.,0.));
#2404=DIRECTION('',(1.,0.,0.));
#2405=DIRECTION('center_axis',(-0.707106781186548,0.,0.707106781186547));
#2406=DIRECTION('ref_axis',(0.707106781186547,0.,0.707106781186548));
#2407=DIRECTION('',(0.707106781186547,0.,0.707106781186548));
#2408=DIRECTION('',(-0.707106781186547,0.,-0.707106781186548));
#2409=DIRECTION('',(0.,-1.,0.));
#2410=DIRECTION('center_axis',(0.,0.,1.));
#2411=DIRECTION('ref_axis',(0.,-1.,0.));
#2412=DIRECTION('',(0.,1.,0.));
#2413=DIRECTION('',(-1.,0.,0.));
#2414=DIRECTION('',(0.,1.,0.));
#2415=DIRECTION('',(1.,0.,0.));
#2416=DIRECTION('center_axis',(-1.,0.,0.));
#2417=DIRECTION('ref_axis',(0.,1.,1.22464679914735E-16));
#2418=DIRECTION('center_axis',(-1.,0.,0.));
#2419=DIRECTION('ref_axis',(0.,-1.,0.));
#2420=DIRECTION('',(-1.,0.,0.));
#2421=DIRECTION('center_axis',(-1.,0.,0.));
#2422=DIRECTION('ref_axis',(0.,1.,0.));
#2423=DIRECTION('center_axis',(-0.707106781186547,0.,-0.707106781186548));
#2424=DIRECTION('ref_axis',(-0.707106781186548,0.,0.707106781186547));
#2425=DIRECTION('',(-0.707106781186548,0.,0.707106781186547));
#2426=DIRECTION('',(0.,1.,0.));
#2427=DIRECTION('',(-0.707106781186548,0.,0.707106781186547));
#2428=DIRECTION('',(0.,-1.,0.));
#2429=DIRECTION('center_axis',(1.,0.,0.));
#2430=DIRECTION('ref_axis',(0.,1.,0.));
#2431=DIRECTION('center_axis',(1.,0.,0.));
#2432=DIRECTION('ref_axis',(0.,1.,0.));
#2433=DIRECTION('',(-0.707106781186547,0.,-0.707106781186548));
#2434=DIRECTION('center_axis',(-0.707106781186548,0.,0.707106781186547));
#2435=DIRECTION('ref_axis',(0.707106781186547,0.,0.707106781186548));
#2436=DIRECTION('',(0.707106781186547,0.,0.707106781186548));
#2437=DIRECTION('',(0.,-1.,0.));
#2438=DIRECTION('center_axis',(-1.,0.,0.));
#2439=DIRECTION('ref_axis',(0.,0.,1.));
#2440=DIRECTION('',(0.,1.,0.));
#2441=DIRECTION('',(0.,0.,1.));
#2442=DIRECTION('',(0.,-1.,0.));
#2443=DIRECTION('center_axis',(1.,0.,0.));
#2444=DIRECTION('ref_axis',(0.,0.707106781186545,0.70710678118655));
#2445=DIRECTION('',(0.,1.,0.));
#2446=DIRECTION('',(0.,1.,0.));
#2447=DIRECTION('',(0.,1.,0.));
#2448=DIRECTION('center_axis',(-1.,0.,0.));
#2449=DIRECTION('ref_axis',(0.,1.,0.));
#2450=DIRECTION('',(0.,0.,1.));
#2451=DIRECTION('',(0.,0.,-1.));
#2452=DIRECTION('',(0.,0.,1.));
#2453=DIRECTION('',(0.,0.,1.));
#2454=DIRECTION('',(0.,-1.,0.));
#2455=DIRECTION('',(0.,0.,-1.));
#2456=DIRECTION('center_axis',(0.,-1.,0.));
#2457=DIRECTION('ref_axis',(0.,0.,-1.));
#2458=DIRECTION('',(0.,0.,-1.));
#2459=DIRECTION('',(1.,0.,0.));
#2460=DIRECTION('',(0.707106781186548,0.,-0.707106781186547));
#2461=DIRECTION('',(1.,0.,0.));
#2462=DIRECTION('',(0.,0.,1.));
#2463=DIRECTION('center_axis',(-0.707106781186547,0.,-0.707106781186548));
#2464=DIRECTION('ref_axis',(-0.707106781186548,0.,0.707106781186547));
#2465=DIRECTION('',(-0.707106781186548,0.,0.707106781186547));
#2466=DIRECTION('',(0.,-1.,0.));
#2467=DIRECTION('center_axis',(1.,0.,0.));
#2468=DIRECTION('ref_axis',(0.,-0.707106781186547,0.707106781186547));
#2469=DIRECTION('center_axis',(-1.,0.,0.));
#2470=DIRECTION('ref_axis',(0.,-0.707106781186547,0.707106781186547));
#2471=DIRECTION('',(1.,0.,0.));
#2472=DIRECTION('center_axis',(0.,-1.,0.));
#2473=DIRECTION('ref_axis',(0.,0.,1.));
#2474=DIRECTION('',(0.,0.,-1.));
#2475=DIRECTION('',(-1.,0.,0.));
#2476=DIRECTION('',(-1.,0.,0.));
#2477=DIRECTION('center_axis',(0.,0.,1.));
#2478=DIRECTION('ref_axis',(0.,-1.,0.));
#2479=DIRECTION('',(0.,-1.,0.));
#2480=DIRECTION('center_axis',(0.,0.,-1.));
#2481=DIRECTION('ref_axis',(0.,1.,0.));
#2482=DIRECTION('',(0.,-1.,0.));
#2483=DIRECTION('',(-1.,0.,0.));
#2484=DIRECTION('center_axis',(0.,0.,-1.));
#2485=DIRECTION('ref_axis',(0.,1.,0.));
#2486=DIRECTION('',(0.,-1.,0.));
#2487=DIRECTION('',(-1.,0.,0.));
#2488=DIRECTION('center_axis',(-1.,0.,0.));
#2489=DIRECTION('ref_axis',(0.,-1.,0.));
#2490=DIRECTION('',(0.,0.,1.));
#2491=DIRECTION('',(0.,-1.,0.));
#2492=DIRECTION('',(0.,1.,0.));
#2493=DIRECTION('center_axis',(-1.,0.,0.));
#2494=DIRECTION('ref_axis',(0.,-1.,0.));
#2495=DIRECTION('',(0.,0.,1.));
#2496=DIRECTION('',(0.,0.,-1.));
#2497=DIRECTION('center_axis',(1.,0.,0.));
#2498=DIRECTION('ref_axis',(0.,1.,0.));
#2499=DIRECTION('center_axis',(-1.,0.,0.));
#2500=DIRECTION('ref_axis',(0.,0.,1.));
#2501=DIRECTION('',(0.,0.,1.));
#2502=DIRECTION('center_axis',(0.,0.,1.));
#2503=DIRECTION('ref_axis',(0.,-1.,0.));
#2504=DIRECTION('',(1.,0.,0.));
#2505=DIRECTION('',(0.,1.,0.));
#2506=DIRECTION('center_axis',(0.,0.,1.));
#2507=DIRECTION('ref_axis',(-1.,0.,0.));
#2508=DIRECTION('center_axis',(0.,0.,1.));
#2509=DIRECTION('ref_axis',(-1.,0.,0.));
#2510=DIRECTION('center_axis',(0.,0.,1.));
#2511=DIRECTION('ref_axis',(0.,-1.,0.));
#2512=DIRECTION('',(1.,0.,0.));
#2513=DIRECTION('',(0.,1.,0.));
#2514=DIRECTION('center_axis',(0.,0.,1.));
#2515=DIRECTION('ref_axis',(-1.,0.,0.));
#2516=DIRECTION('center_axis',(0.,0.,1.));
#2517=DIRECTION('ref_axis',(-1.,0.,0.));
#2518=DIRECTION('center_axis',(0.,1.,0.));
#2519=DIRECTION('ref_axis',(0.,0.,1.));
#2520=DIRECTION('',(0.,0.,-1.));
#2521=DIRECTION('center_axis',(1.,0.,0.));
#2522=DIRECTION('ref_axis',(0.,0.,-1.));
#2523=DIRECTION('center_axis',(0.,1.,0.));
#2524=DIRECTION('ref_axis',(0.,0.,1.));
#2525=DIRECTION('',(0.,0.,-1.));
#2526=DIRECTION('center_axis',(1.,0.,0.));
#2527=DIRECTION('ref_axis',(0.,0.,-1.));
#2528=DIRECTION('center_axis',(0.,0.,-1.));
#2529=DIRECTION('ref_axis',(-1.,0.,0.));
#2530=DIRECTION('',(0.,0.,-1.));
#2531=DIRECTION('center_axis',(0.,0.,-1.));
#2532=DIRECTION('ref_axis',(-1.,0.,0.));
#2533=DIRECTION('',(0.,0.,-1.));
#2534=DIRECTION('center_axis',(0.,0.,-1.));
#2535=DIRECTION('ref_axis',(-1.,0.,0.));
#2536=DIRECTION('',(0.,0.,-1.));
#2537=DIRECTION('center_axis',(0.,0.,-1.));
#2538=DIRECTION('ref_axis',(-1.,0.,0.));
#2539=DIRECTION('',(0.,0.,-1.));
#2540=DIRECTION('center_axis',(-1.,0.,0.));
#2541=DIRECTION('ref_axis',(0.,-0.401022210795635,0.916068330665667));
#2542=DIRECTION('',(-1.,0.,0.));
#2543=DIRECTION('',(1.,0.,0.));
#2544=DIRECTION('center_axis',(0.,0.,1.));
#2545=DIRECTION('ref_axis',(0.,-1.,0.));
#2546=DIRECTION('center_axis',(1.,0.,0.));
#2547=DIRECTION('ref_axis',(0.,-1.,0.));
#2548=DIRECTION('',(1.,0.,0.));
#2549=DIRECTION('center_axis',(1.,0.,0.));
#2550=DIRECTION('ref_axis',(0.,-0.579498265061993,0.814973472445662));
#2551=DIRECTION('center_axis',(-1.,0.,0.));
#2552=DIRECTION('ref_axis',(0.,-0.579498265061993,0.814973472445662));
#2553=DIRECTION('',(1.,0.,0.));
#2554=DIRECTION('',(1.,0.,0.));
#2555=DIRECTION('center_axis',(0.,-1.,0.));
#2556=DIRECTION('ref_axis',(0.,0.,-1.));
#2557=DIRECTION('',(-1.,0.,0.));
#2558=DIRECTION('',(-0.707106781186546,0.,-0.707106781186549));
#2559=DIRECTION('',(0.,0.,-1.));
#2560=DIRECTION('',(1.,0.,0.));
#2561=DIRECTION('',(1.,0.,0.));
#2562=DIRECTION('center_axis',(0.,-1.,0.));
#2563=DIRECTION('ref_axis',(0.,0.,-1.));
#2564=DIRECTION('',(1.,0.,0.));
#2565=DIRECTION('center_axis',(-1.,0.,0.));
#2566=DIRECTION('ref_axis',(0.,-0.373583207296401,-0.927596672711871));
#2567=DIRECTION('',(-1.,0.,0.));
#2568=DIRECTION('center_axis',(1.,0.,0.));
#2569=DIRECTION('ref_axis',(0.,1.,0.));
#2570=DIRECTION('center_axis',(0.,0.,-1.));
#2571=DIRECTION('ref_axis',(0.,1.,0.));
#2572=DIRECTION('',(0.,1.,0.));
#2573=DIRECTION('center_axis',(1.,0.,0.));
#2574=DIRECTION('ref_axis',(0.,-1.,0.));
#2575=DIRECTION('',(-1.,0.,0.));
#2576=DIRECTION('center_axis',(1.,0.,0.));
#2577=DIRECTION('ref_axis',(0.,-1.,0.));
#2578=DIRECTION('center_axis',(0.,0.,-1.));
#2579=DIRECTION('ref_axis',(0.,1.,0.));
#2580=DIRECTION('',(0.,1.,0.));
#2581=DIRECTION('',(1.,0.,0.));
#2582=DIRECTION('center_axis',(1.,0.,0.));
#2583=DIRECTION('ref_axis',(0.,0.707106781186545,0.70710678118655));
#2584=DIRECTION('center_axis',(-1.,0.,0.));
#2585=DIRECTION('ref_axis',(0.,0.707106781186545,0.70710678118655));
#2586=DIRECTION('',(-1.,0.,0.));
#2587=DIRECTION('center_axis',(0.,-1.,0.));
#2588=DIRECTION('ref_axis',(0.,0.,-1.));
#2589=DIRECTION('',(0.,0.,-1.));
#2590=DIRECTION('',(1.,0.,0.));
#2591=DIRECTION('',(1.,0.,0.));
#2592=DIRECTION('center_axis',(1.,0.,0.));
#2593=DIRECTION('ref_axis',(0.,0.707106781186547,-0.707106781186547));
#2594=DIRECTION('center_axis',(-1.,0.,0.));
#2595=DIRECTION('ref_axis',(0.,0.707106781186547,-0.707106781186547));
#2596=DIRECTION('',(-1.,0.,0.));
#2597=DIRECTION('center_axis',(0.,0.,-1.));
#2598=DIRECTION('ref_axis',(0.,1.,0.));
#2599=DIRECTION('',(0.,-1.,0.));
#2600=DIRECTION('',(-1.,0.,0.));
#2601=DIRECTION('center_axis',(1.,0.,0.));
#2602=DIRECTION('ref_axis',(0.,-0.707106781186547,-0.707106781186547));
#2603=DIRECTION('center_axis',(-1.,0.,0.));
#2604=DIRECTION('ref_axis',(0.,-0.707106781186547,-0.707106781186547));
#2605=DIRECTION('',(-1.,0.,0.));
#2606=DIRECTION('center_axis',(0.,-1.,0.));
#2607=DIRECTION('ref_axis',(0.,0.,-1.));
#2608=DIRECTION('',(0.,0.,1.));
#2609=DIRECTION('',(1.,0.,0.));
#2610=DIRECTION('center_axis',(-0.707106796991613,-0.707106765381481,0.));
#2611=DIRECTION('ref_axis',(0.,0.,1.));
#2612=DIRECTION('',(0.707106765381481,-0.707106796991613,0.));
#2613=DIRECTION('',(0.,0.,-1.));
#2614=DIRECTION('',(-0.707106781186549,0.707106781186546,0.));
#2615=DIRECTION('center_axis',(1.,0.,0.));
#2616=DIRECTION('ref_axis',(0.,-0.707106781186548,-0.707106781186548));
#2617=DIRECTION('center_axis',(1.,0.,0.));
#2618=DIRECTION('ref_axis',(0.,-0.707106781186547,-0.707106781186547));
#2619=DIRECTION('',(-0.707106781186547,0.,0.707106781186547));
#2620=DIRECTION('center_axis',(-0.707106781186548,0.,-0.707106781186548));
#2621=DIRECTION('ref_axis',(-0.707106781186548,0.,0.707106781186548));
#2622=DIRECTION('',(0.,1.,0.));
#2623=DIRECTION('',(-0.707106781186549,0.,0.707106781186546));
#2624=DIRECTION('center_axis',(1.,0.,0.));
#2625=DIRECTION('ref_axis',(0.,0.707106781186548,-0.707106781186548));
#2626=DIRECTION('center_axis',(1.,0.,0.));
#2627=DIRECTION('ref_axis',(0.,0.707106781186547,-0.707106781186547));
#2628=DIRECTION('',(-0.707106781186552,-0.707106781186543,0.));
#2629=DIRECTION('center_axis',(-0.707106781186543,0.707106781186552,0.));
#2630=DIRECTION('ref_axis',(0.,0.,1.));
#2631=DIRECTION('',(0.,0.,1.));
#2632=DIRECTION('',(-0.707106781186549,-0.707106781186546,0.));
#2633=DIRECTION('center_axis',(1.,0.,0.));
#2634=DIRECTION('ref_axis',(0.,0.707106781186545,0.70710678118655));
#2635=DIRECTION('',(-0.707106781186546,0.,-0.707106781186549));
#2636=DIRECTION('center_axis',(1.,0.,0.));
#2637=DIRECTION('ref_axis',(0.,0.707106781186545,0.70710678118655));
#2638=DIRECTION('center_axis',(-0.707106781186549,0.,0.707106781186546));
#2639=DIRECTION('ref_axis',(0.707106781186546,0.,0.707106781186549));
#2640=DIRECTION('',(0.,-1.,0.));
#2641=DIRECTION('center_axis',(-1.,0.,0.));
#2642=DIRECTION('ref_axis',(0.,0.,1.));
#2643=DIRECTION('',(0.,0.,-1.));
#2644=DIRECTION('center_axis',(1.,0.,0.));
#2645=DIRECTION('ref_axis',(0.,-0.579498265061993,0.814973472445662));
#2646=DIRECTION('',(0.,1.,0.));
#2647=DIRECTION('center_axis',(0.,0.,-1.));
#2648=DIRECTION('ref_axis',(0.,1.,0.));
#2649=DIRECTION('',(0.707106781186546,-0.707106781186549,0.));
#2650=DIRECTION('',(-1.,0.,0.));
#2651=DIRECTION('center_axis',(0.,-1.,0.));
#2652=DIRECTION('ref_axis',(0.,0.,-1.));
#2653=DIRECTION('',(0.,0.,1.));
#2654=DIRECTION('center_axis',(-0.707106781186549,-0.707106781186546,0.));
#2655=DIRECTION('ref_axis',(0.,0.,1.));
#2656=DIRECTION('',(0.707106781186546,-0.707106781186549,1.96261557335471E-16));
#2657=DIRECTION('center_axis',(1.,0.,0.));
#2658=DIRECTION('ref_axis',(0.,-0.579498265061993,0.814973472445662));
#2659=DIRECTION('center_axis',(-1.,0.,0.));
#2660=DIRECTION('ref_axis',(0.,-1.,0.));
#2661=DIRECTION('center_axis',(1.,0.,0.));
#2662=DIRECTION('ref_axis',(0.,-1.,0.));
#2663=DIRECTION('center_axis',(1.,0.,0.));
#2664=DIRECTION('ref_axis',(0.,-1.,0.));
#2665=DIRECTION('center_axis',(1.,0.,0.));
#2666=DIRECTION('ref_axis',(0.,-1.,0.));
#2667=DIRECTION('',(1.,0.,0.));
#2668=DIRECTION('center_axis',(1.,0.,0.));
#2669=DIRECTION('ref_axis',(0.,-1.,0.));
#2670=DIRECTION('',(1.,0.,0.));
#2671=DIRECTION('center_axis',(0.,1.,0.));
#2672=DIRECTION('ref_axis',(-1.,0.,0.));
#2673=DIRECTION('',(0.,1.,0.));
#2674=DIRECTION('center_axis',(0.,1.,0.));
#2675=DIRECTION('ref_axis',(-1.,0.,0.));
#2676=DIRECTION('center_axis',(0.,1.,0.));
#2677=DIRECTION('ref_axis',(-1.,0.,0.));
#2678=DIRECTION('',(0.,1.,0.));
#2679=DIRECTION('center_axis',(0.,1.,0.));
#2680=DIRECTION('ref_axis',(-1.,0.,0.));
#2681=DIRECTION('center_axis',(0.,-1.,0.));
#2682=DIRECTION('ref_axis',(-1.,0.,0.));
#2683=DIRECTION('',(0.,-1.,0.));
#2684=DIRECTION('center_axis',(0.,-1.,0.));
#2685=DIRECTION('ref_axis',(-1.,0.,0.));
#2686=DIRECTION('center_axis',(0.,-1.,0.));
#2687=DIRECTION('ref_axis',(-1.,0.,0.));
#2688=DIRECTION('',(0.,-1.,0.));
#2689=DIRECTION('center_axis',(0.,-1.,0.));
#2690=DIRECTION('ref_axis',(-1.,0.,0.));
#2691=DIRECTION('center_axis',(0.,1.,0.));
#2692=DIRECTION('ref_axis',(-1.,0.,0.));
#2693=DIRECTION('center_axis',(0.,1.,0.));
#2694=DIRECTION('ref_axis',(-1.,0.,0.));
#2695=DIRECTION('center_axis',(-1.,0.,0.));
#2696=DIRECTION('ref_axis',(0.,1.,0.));
#2697=DIRECTION('',(-1.,0.,0.));
#2698=DIRECTION('',(-1.,0.,0.));
#2699=DIRECTION('center_axis',(0.,1.,0.));
#2700=DIRECTION('ref_axis',(0.,0.,-1.));
#2701=DIRECTION('center_axis',(0.,-1.,0.));
#2702=DIRECTION('ref_axis',(-1.,0.,0.));
#2703=DIRECTION('center_axis',(0.,-1.,0.));
#2704=DIRECTION('ref_axis',(-1.,0.,0.));
#2705=DIRECTION('center_axis',(0.,-1.,0.));
#2706=DIRECTION('ref_axis',(-1.,0.,0.));
#2707=DIRECTION('',(0.,-1.,0.));
#2708=DIRECTION('center_axis',(0.,-1.,0.));
#2709=DIRECTION('ref_axis',(-1.,0.,0.));
#2710=DIRECTION('center_axis',(0.,1.,0.));
#2711=DIRECTION('ref_axis',(-1.,0.,0.));
#2712=DIRECTION('center_axis',(0.,-1.,0.));
#2713=DIRECTION('ref_axis',(-1.,0.,0.));
#2714=DIRECTION('',(0.,-1.,0.));
#2715=DIRECTION('center_axis',(0.,-1.,0.));
#2716=DIRECTION('ref_axis',(-1.,0.,0.));
#2717=DIRECTION('center_axis',(0.,1.,0.));
#2718=DIRECTION('ref_axis',(-1.,0.,0.));
#2719=CARTESIAN_POINT('',(0.,0.,0.));
#2720=CARTESIAN_POINT('Origin',(-63.200000834465,-58.252354195509,17.5540473543468));
#2721=CARTESIAN_POINT('',(-63.200000834465,-67.00464980642,24.1684256320083));
#2722=CARTESIAN_POINT('',(-63.200000834465,-67.00464980642,10.9396690766853));
#2723=CARTESIAN_POINT('Origin',(-63.200000834465,-59.50464980642,17.5540473543468));
#2724=CARTESIAN_POINT('',(-63.200000834465,-67.00464980642,20.8612364931776));
#2725=CARTESIAN_POINT('',(-63.200000834465,-57.90464980642,17.5540473543468));
#2726=CARTESIAN_POINT('Origin',(-63.200000834465,-59.50464980642,17.5540473543468));
#2727=CARTESIAN_POINT('Origin',(-64.000000834465,-238.050007991408,17.7000001065433));
#2728=CARTESIAN_POINT('',(-64.000000834465,-241.299995440245,13.800000230968));
#2729=CARTESIAN_POINT('',(-64.000000834465,-241.299995440245,21.3000003427267));
#2730=CARTESIAN_POINT('',(-64.000000834465,-241.300003039837,19.500000224635));
#2731=CARTESIAN_POINT('',(-64.000000834465,-241.300003039837,8.09999978095293));
#2732=CARTESIAN_POINT('',(-64.000000834465,-241.300003039837,19.500000224635));
#2733=CARTESIAN_POINT('',(-64.000000834465,-241.300003039837,7.30000013411045));
#2734=CARTESIAN_POINT('',(-64.000000834465,-241.299949842523,12.9000153799338));
#2735=CARTESIAN_POINT('',(-64.000000834465,-234.26475382869,7.30000013411045));
#2736=CARTESIAN_POINT('',(-64.000000834465,-234.26475382869,7.30000013411045));
#2737=CARTESIAN_POINT('',(-64.000000834465,-234.26475382869,28.3000004470348));
#2738=CARTESIAN_POINT('',(-64.000000834465,-234.26475382869,28.3000004470348));
#2739=CARTESIAN_POINT('',(-64.000000834465,-241.300003039837,28.3000004470348));
#2740=CARTESIAN_POINT('',(-64.000000834465,-289.861616239416,28.3000004470348));
#2741=CARTESIAN_POINT('',(-64.000000834465,-241.300003039837,19.500000224635));
#2742=CARTESIAN_POINT('',(-64.000000834465,-239.857378042087,22.7330362939003));
#2743=CARTESIAN_POINT('Origin',(-64.000000834465,-237.357378042087,22.7330362939003));
#2744=CARTESIAN_POINT('',(-64.000000834465,-239.879091008309,12.7227019422591));
#2745=CARTESIAN_POINT('Origin',(-64.000000834465,-237.379091008309,12.7227019422591));
#2746=CARTESIAN_POINT('Origin',(-64.000000834465,-286.149994437769,17.6999995663762));
#2747=CARTESIAN_POINT('',(-64.000000834465,-282.800003658235,28.3000004470348));
#2748=CARTESIAN_POINT('',(-64.000000834465,-282.799994982034,21.2999995239079));
#2749=CARTESIAN_POINT('',(-64.000000834465,-282.800003658235,23.0000000067055));
#2750=CARTESIAN_POINT('',(-64.000000834465,-289.861616239416,28.3000004470348));
#2751=CARTESIAN_POINT('',(-64.000000834465,-289.861616239416,28.3000004470348));
#2752=CARTESIAN_POINT('',(-64.000000834465,-289.861616239416,7.30000013411045));
#2753=CARTESIAN_POINT('',(-64.000000834465,-289.861616239416,7.30000013411045));
#2754=CARTESIAN_POINT('',(-64.000000834465,-282.800003658235,7.30000013411045));
#2755=CARTESIAN_POINT('',(-64.000000834465,-234.26475382869,7.30000013411045));
#2756=CARTESIAN_POINT('',(-64.000000834465,-282.799994982034,14.2999996803701));
#2757=CARTESIAN_POINT('',(-64.000000834465,-282.800003658235,23.0000000067055));
#2758=CARTESIAN_POINT('',(-64.000000834465,-285.034036096168,14.2999996803701));
#2759=CARTESIAN_POINT('',(-64.000000834465,-286.72499465961,14.2999996803701));
#2760=CARTESIAN_POINT('',(-64.000000834465,-287.299994881451,15.2125990627424));
#2761=CARTESIAN_POINT('Origin',(-64.000000834465,-286.981919269424,12.7329160376293));
#2762=CARTESIAN_POINT('',(-64.000000834465,-287.299994881451,20.2749858995229));
#2763=CARTESIAN_POINT('',(-64.000000834465,-287.299994881451,19.4999995451421));
#2764=CARTESIAN_POINT('',(-64.000000834465,-284.958522278383,21.2999995239079));
#2765=CARTESIAN_POINT('Origin',(-64.000000834465,-286.990916488923,22.7558064386333));
#2766=CARTESIAN_POINT('',(-64.000000834465,-284.474994709901,21.2999995239079));
#2767=CARTESIAN_POINT('Origin',(-68.000000834465,-241.299995440245,8.09999978095293));
#2768=CARTESIAN_POINT('',(-68.000000834465,-241.299995440245,8.09999978095293));
#2769=CARTESIAN_POINT('',(-68.000000834465,-241.299995440245,8.09999978095293));
#2770=CARTESIAN_POINT('',(-68.000000834465,-241.300003039837,7.30000013411045));
#2771=CARTESIAN_POINT('',(-68.000000834465,-241.300003039837,12.4270237442286));
#2772=CARTESIAN_POINT('',(-68.000000834465,-241.300003039837,7.30000013411045));
#2773=CARTESIAN_POINT('Origin',(-88.000000834465,-282.800003658235,28.3000004470348));
#2774=CARTESIAN_POINT('',(-68.000000834465,-282.799994982034,21.2999995239079));
#2775=CARTESIAN_POINT('',(-70.800000834465,-282.799994982034,21.2999995239079));
#2776=CARTESIAN_POINT('',(-68.000000834465,-282.800003658235,28.3000004470348));
#2777=CARTESIAN_POINT('',(-68.000000834465,-282.800003658235,31.6770239006908));
#2778=CARTESIAN_POINT('',(-57.800000834465,-282.800003658235,28.3000004470348));
#2779=CARTESIAN_POINT('Origin',(-80.200000834465,-270.032874316307,-36.8275166979081));
#2780=CARTESIAN_POINT('',(-80.200000834465,-253.932874316307,-36.8275166979081));
#2781=CARTESIAN_POINT('Origin',(-80.200000834465,-270.032874316307,-36.8275166979081));
#2782=CARTESIAN_POINT('',(-80.200000834465,-257.532874316307,-36.8275166979081));
#2783=CARTESIAN_POINT('Origin',(-80.200000834465,-270.032874316307,-36.8275166979081));
#2784=CARTESIAN_POINT('Origin',(-73.000000834465,-151.80464980642,-38.6459526456532));
#2785=CARTESIAN_POINT('',(-73.000000834465,-291.50464980642,-46.1459526456532));
#2786=CARTESIAN_POINT('',(-73.000000834465,-291.50464980642,0.0540473543468201));
#2787=CARTESIAN_POINT('',(-73.000000834465,-291.50464980642,-0.145952645653176));
#2788=CARTESIAN_POINT('',(-73.000000834465,-281.50464980642,-56.1459526456532));
#2789=CARTESIAN_POINT('Origin',(-73.000000834465,-281.50464980642,-46.1459526456532));
#2790=CARTESIAN_POINT('',(-73.000000834465,-258.505012230831,-56.1459526456532));
#2791=CARTESIAN_POINT('',(-73.000000834465,-197.30464980642,-56.1459526456532));
#2792=CARTESIAN_POINT('',(-73.000000834465,-248.505012230831,-46.1459526456532));
#2793=CARTESIAN_POINT('Origin',(-73.000000834465,-258.505012230831,-46.1459526456532));
#2794=CARTESIAN_POINT('',(-73.000000834465,-248.505012230831,0.0540473543468201));
#2795=CARTESIAN_POINT('',(-73.000000834465,-248.505012230831,-26.3959526456532));
#2796=CARTESIAN_POINT('',(-73.000000834465,-266.15464980642,0.0540473543468201));
#2797=CARTESIAN_POINT('',(-73.000000834465,-253.932874316307,-36.8275166979081));
#2798=CARTESIAN_POINT('Origin',(-73.000000834465,-270.032874316307,-36.8275166979081));
#2799=CARTESIAN_POINT('Origin',(-65.500000834465,-204.803488271236,2.55404735434682));
#2800=CARTESIAN_POINT('',(-63.000000834465,-248.505012230831,0.0540473543468201));
#2801=CARTESIAN_POINT('',(-63.2459536142286,-248.505012230831,0.30000013411045));
#2802=CARTESIAN_POINT('',(-60.500000834465,-248.505012230831,-2.44595264565318));
#2803=CARTESIAN_POINT('',(-68.000000834465,-250.367013103957,5.05404735434682));
#2804=CARTESIAN_POINT('Origin',(-63.2459536142287,-255.505012230831,0.30000013411045));
#2805=CARTESIAN_POINT('',(-68.000000834465,-229.50464980642,5.05404735434682));
#2806=CARTESIAN_POINT('',(-68.000000834465,-186.802907503645,5.05404735434682));
#2807=CARTESIAN_POINT('',(-63.000000834465,-229.50464980642,0.0540473543468201));
#2808=CARTESIAN_POINT('',(-67.250000834465,-229.50464980642,4.30404735434682));
#2809=CARTESIAN_POINT('',(-63.000000834465,-204.803488271236,0.0540473543468201));
#2810=CARTESIAN_POINT('Origin',(-88.500000834465,-59.50464980642,17.5540473543468));
#2811=CARTESIAN_POINT('',(-88.500000834465,-52.0046502158806,17.5520238410862));
#2812=CARTESIAN_POINT('',(-88.500000834465,-52.0046502158806,14.5520238410862));
#2813=CARTESIAN_POINT('',(-88.500000834465,-52.0046502158806,17.5520238410862));
#2814=CARTESIAN_POINT('',(-88.500000834465,-55.5013469536702,14.5584562158292));
#2815=CARTESIAN_POINT('',(-88.500000834465,-52.0046502158806,14.5520238410862));
#2816=CARTESIAN_POINT('',(-88.500000834465,-55.5031291679553,20.5520187651413));
#2817=CARTESIAN_POINT('Origin',(-88.500000834465,-59.50464980642,17.5540473543468));
#2818=CARTESIAN_POINT('',(-88.500000834465,-51.9991315526891,20.5520187651413));
#2819=CARTESIAN_POINT('',(-88.500000834465,-51.9991315526891,20.5520187651413));
#2820=CARTESIAN_POINT('',(-88.500000834465,-52.0046502158806,17.5520238410862));
#2821=CARTESIAN_POINT('',(-88.500000834465,-56.50464980642,17.5540473543468));
#2822=CARTESIAN_POINT('Origin',(-88.500000834465,-59.50464980642,17.5540473543468));
#2823=CARTESIAN_POINT('Origin',(-88.500000834465,-59.50464980642,17.5540473543468));
#2824=CARTESIAN_POINT('',(-72.500000834465,-55.5031291679553,20.5520187651413));
#2825=CARTESIAN_POINT('',(-72.500000834465,-55.5013469536702,14.5584562158292));
#2826=CARTESIAN_POINT('Origin',(-72.500000834465,-59.50464980642,17.5540473543468));
#2827=CARTESIAN_POINT('',(-88.500000834465,-55.5031291679553,20.5520187651413));
#2828=CARTESIAN_POINT('',(-88.500000834465,-55.5013469536702,14.5584562158292));
#2829=CARTESIAN_POINT('Origin',(-88.500000834465,-55.5013469536702,14.5584562158292));
#2830=CARTESIAN_POINT('',(-72.500000834465,-52.0046502158806,14.5520238410862));
#2831=CARTESIAN_POINT('',(-72.500000834465,-55.5307535616213,14.5585103109757));
#2832=CARTESIAN_POINT('',(-72.500000834465,-52.0046502158806,14.5520238410862));
#2833=CARTESIAN_POINT('Origin',(-68.000000834465,-59.50464980642,17.5540473543468));
#2834=CARTESIAN_POINT('',(-71.500000834465,-49.50464980642,17.5540473543468));
#2835=CARTESIAN_POINT('Origin',(-71.500000834465,-59.50464980642,17.5540473543468));
#2836=CARTESIAN_POINT('',(-69.000000834465,-49.50464980642,17.5540473543468));
#2837=CARTESIAN_POINT('',(-68.000000834465,-49.50464980642,17.5540473543468));
#2838=CARTESIAN_POINT('Origin',(-69.000000834465,-59.50464980642,17.5540473543468));
#2839=CARTESIAN_POINT('Origin',(-68.500000834465,-59.50464980642,17.5540473543468));
#2840=CARTESIAN_POINT('',(-68.000000834465,-48.50464980642,17.5540473543468));
#2841=CARTESIAN_POINT('Origin',(-68.000000834465,-59.50464980642,17.5540473543468));
#2842=CARTESIAN_POINT('',(-68.500000834465,-49.00464980642,17.5540473543468));
#2843=CARTESIAN_POINT('Origin',(-71.500000834465,-55.55464980642,17.5540473543468));
#2844=CARTESIAN_POINT('',(-71.500000834465,-51.0046502158806,17.5511040638876));
#2845=CARTESIAN_POINT('',(-71.500000834465,-51.0046502158806,13.550182591592));
#2846=CARTESIAN_POINT('',(-71.500000834465,-51.0046502158806,16.0530355977165));
#2847=CARTESIAN_POINT('',(-71.500000834465,-50.9972903031949,21.5520187651413));
#2848=CARTESIAN_POINT('',(-71.500000834465,-51.004656053213,17.5479308367419));
#2849=CARTESIAN_POINT('',(-71.500000834465,-55.0307002539027,21.5520187651413));
#2850=CARTESIAN_POINT('',(-71.500000834465,-53.7768906795545,21.5520187651413));
#2851=CARTESIAN_POINT('',(-71.500000834465,-55.0293510763191,13.557586260284));
#2852=CARTESIAN_POINT('Origin',(-71.500000834465,-59.50464980642,17.5540473543468));
#2853=CARTESIAN_POINT('',(-71.500000834465,-55.5325931160185,13.5585120029573));
#2854=CARTESIAN_POINT('Origin',(-88.500000834465,-52.0046502158806,14.5520238410862));
#2855=CARTESIAN_POINT('',(-72.500000834465,-52.0046502158806,17.5520238410862));
#2856=CARTESIAN_POINT('',(-72.500000834465,-52.0046502158806,16.0530355977165));
#2857=CARTESIAN_POINT('',(-88.500000834465,-52.0046502158806,17.5520238410862));
#2858=CARTESIAN_POINT('Origin',(-88.500000834465,-52.0046502158806,17.5520238410862));
#2859=CARTESIAN_POINT('',(-72.500000834465,-51.9991315526891,20.5520187651413));
#2860=CARTESIAN_POINT('',(-72.500000834465,-52.0046543612314,17.5497703911391));
#2861=CARTESIAN_POINT('',(-88.500000834465,-51.9991315526891,20.5520187651413));
#2862=CARTESIAN_POINT('Origin',(-88.500000834465,-51.9991315526891,20.5520187651413));
#2863=CARTESIAN_POINT('',(-72.500000834465,-53.7768906795545,20.5520187651413));
#2864=CARTESIAN_POINT('Origin',(-72.000000834465,-51.5046552072222,17.5488506139405));
#2865=CARTESIAN_POINT('',(-72.500000834465,-52.0046502158806,17.5520238410862));
#2866=CARTESIAN_POINT('',(-71.500000834465,-50.9972903031949,21.5520187651413));
#2867=CARTESIAN_POINT('Origin',(-72.000000834465,-53.7768906795545,21.0520187651413));
#2868=CARTESIAN_POINT('Ctrl Pts',(-71.500000834465,-55.0307002539027,21.5520187651413));
#2869=CARTESIAN_POINT('Ctrl Pts',(-71.8340412162429,-55.180178558568,21.2179783833635));
#2870=CARTESIAN_POINT('Ctrl Pts',(-72.1696678283428,-55.3378579668379,20.8823517712636));
#2871=CARTESIAN_POINT('Ctrl Pts',(-72.500000834465,-55.5031291679553,20.5520187651413));
#2872=CARTESIAN_POINT('Origin',(-72.000000834465,-59.50464980642,17.5540473543468));
#2873=CARTESIAN_POINT('Ctrl Pts',(-71.500000834465,-55.0293510763191,13.557586260284));
#2874=CARTESIAN_POINT('Ctrl Pts',(-71.8340515854438,-55.1786559183443,13.8919122313149));
#2875=CARTESIAN_POINT('Ctrl Pts',(-72.1696815735954,-55.3361875633829,14.2278325758678));
#2876=CARTESIAN_POINT('Ctrl Pts',(-72.500000834465,-55.5013469536702,14.5584562158292));
#2877=CARTESIAN_POINT('Origin',(-72.000000834465,-55.5316733388199,14.0585111569665));
#2878=CARTESIAN_POINT('',(-71.500000834465,-51.0046502158806,13.550182591592));
#2879=CARTESIAN_POINT('Origin',(-72.000000834465,-51.5046502158806,16.0530355977165));
#2880=CARTESIAN_POINT('Origin',(-68.000000834465,-149.50464980642,28.0540473543468));
#2881=CARTESIAN_POINT('',(-68.000000834465,-109.50464980642,28.0540473543468));
#2882=CARTESIAN_POINT('',(-58.000000834465,-109.50464980642,28.0540473543468));
#2883=CARTESIAN_POINT('',(-64.000000834465,-109.50464980642,28.0540473543468));
#2884=CARTESIAN_POINT('',(-68.000000834465,-149.50464980642,28.0540473543468));
#2885=CARTESIAN_POINT('',(-68.000000834465,-174.153488271236,28.0540473543468));
#2886=CARTESIAN_POINT('',(-58.000000834465,-149.50464980642,28.0540473543468));
#2887=CARTESIAN_POINT('',(-68.000000834465,-149.50464980642,28.0540473543468));
#2888=CARTESIAN_POINT('',(-58.000000834465,-139.50464980642,28.0540473543468));
#2889=CARTESIAN_POINT('',(-59.400000834465,-112.50464980642,28.0540473543468));
#2890=CARTESIAN_POINT('Origin',(-61.000000834465,-112.50464980642,28.0540473543468));
#2891=CARTESIAN_POINT('',(-59.400000834465,-146.50464980642,28.0540473543468));
#2892=CARTESIAN_POINT('Origin',(-61.000000834465,-146.50464980642,28.0540473543468));
#2893=CARTESIAN_POINT('Origin',(-68.000000834465,-229.50464980642,28.0540473543468));
#2894=CARTESIAN_POINT('',(-68.000000834465,-189.50464980642,28.0540473543468));
#2895=CARTESIAN_POINT('',(-58.000000834465,-189.50464980642,28.0540473543468));
#2896=CARTESIAN_POINT('',(-64.000000834465,-189.50464980642,28.0540473543468));
#2897=CARTESIAN_POINT('',(-68.000000834465,-229.50464980642,28.0540473543468));
#2898=CARTESIAN_POINT('',(-68.000000834465,-209.153488271236,28.0540473543468));
#2899=CARTESIAN_POINT('',(-58.000000834465,-229.50464980642,28.0540473543468));
#2900=CARTESIAN_POINT('',(-68.000000834465,-229.50464980642,28.0540473543468));
#2901=CARTESIAN_POINT('',(-58.000000834465,-219.50464980642,28.0540473543468));
#2902=CARTESIAN_POINT('',(-59.3999985694885,-226.50464980642,28.0540473543468));
#2903=CARTESIAN_POINT('Origin',(-60.9999985694885,-226.50464980642,28.0540473543468));
#2904=CARTESIAN_POINT('',(-59.3999985694885,-192.50464980642,28.0540473543468));
#2905=CARTESIAN_POINT('Origin',(-60.9999985694885,-192.50464980642,28.0540473543468));
#2906=CARTESIAN_POINT('Origin',(-48.000000834465,-234.26475382869,28.3000004470348));
#2907=CARTESIAN_POINT('',(-53.000000834465,-234.26475382869,7.30000013411045));
#2908=CARTESIAN_POINT('',(-53.000000834465,-234.26475382869,28.3000004470348));
#2909=CARTESIAN_POINT('',(-53.000000834465,-234.26475382869,22.9270239006908));
#2910=CARTESIAN_POINT('',(-48.000000834465,-234.26475382869,28.3000004470348));
#2911=CARTESIAN_POINT('',(-48.000000834465,-234.26475382869,7.30000013411045));
#2912=CARTESIAN_POINT('Origin',(-88.000000834465,-241.300003039837,21.3000003427267));
#2913=CARTESIAN_POINT('',(-68.000000834465,-241.300003039837,28.3000004470348));
#2914=CARTESIAN_POINT('',(-68.000000834465,-241.300003039837,28.3000004470348));
#2915=CARTESIAN_POINT('',(-68.000000834465,-241.300003039837,10.6770238485368));
#2916=CARTESIAN_POINT('Origin',(-87.000000834465,-237.357378042087,22.7330362939003));
#2917=CARTESIAN_POINT('',(-68.000000834465,-239.857378042087,22.7330362939003));
#2918=CARTESIAN_POINT('',(-87.000000834465,-239.857378042087,22.7330362939003));
#2919=CARTESIAN_POINT('Origin',(-68.000000834465,-237.357378042087,22.7330362939003));
#2920=CARTESIAN_POINT('Origin',(-87.000000834465,-237.379091008309,12.7227019422591));
#2921=CARTESIAN_POINT('',(-68.000000834465,-239.879091008309,12.7227019422591));
#2922=CARTESIAN_POINT('',(-87.000000834465,-239.879091008309,12.7227019422591));
#2923=CARTESIAN_POINT('Origin',(-68.000000834465,-237.379091008309,12.7227019422591));
#2924=CARTESIAN_POINT('Origin',(-68.000000834465,-168.802326736053,17.5270236771734));
#2925=CARTESIAN_POINT('',(-68.000000834465,-287.505012230831,20.3092362744746));
#2926=CARTESIAN_POINT('',(-68.000000834465,-287.505012230831,17.9043126298902));
#2927=CARTESIAN_POINT('',(-68.000000834465,-287.505012230831,26.2905355157601));
#2928=CARTESIAN_POINT('',(-68.000000834465,-287.299994881451,20.2749858995229));
#2929=CARTESIAN_POINT('Origin',(-68.000000834465,-286.990916488923,22.7558064386333));
#2930=CARTESIAN_POINT('',(-68.000000834465,-287.299994881451,18.0540473543468));
#2931=CARTESIAN_POINT('',(-68.000000834465,-287.299994881451,28.1770234391274));
#2932=CARTESIAN_POINT('Origin',(-68.000000834465,-281.505012230831,9.9043126298902));
#2933=CARTESIAN_POINT('Origin',(-68.000000834465,-49.80464980642,35.0540473543468));
#2934=CARTESIAN_POINT('',(-53.000000834465,-281.505012230831,35.0540473543468));
#2935=CARTESIAN_POINT('',(-53.000000834465,-229.50464980642,35.0540473543468));
#2936=CARTESIAN_POINT('',(-53.000000834465,-99.80464980642,35.0540473543468));
#2937=CARTESIAN_POINT('',(-64.000000834465,-229.50464980642,35.0540473543468));
#2938=CARTESIAN_POINT('',(-68.000000834465,-229.50464980642,35.0540473543468));
#2939=CARTESIAN_POINT('',(-64.000000834465,-281.505012230831,35.0540473543468));
#2940=CARTESIAN_POINT('',(-64.000000834465,-109.303488271236,35.0540473543468));
#2941=CARTESIAN_POINT('',(-68.000000834465,-281.505012230831,35.0540473543468));
#2942=CARTESIAN_POINT('Origin',(-68.000000834465,-229.50464980642,35.0540473543468));
#2943=CARTESIAN_POINT('',(-68.000000834465,-229.50464980642,31.0540473543468));
#2944=CARTESIAN_POINT('',(-68.000000834465,-229.50464980642,26.2905355157601));
#2945=CARTESIAN_POINT('',(-66.000000834465,-229.50464980642,33.0540473543468));
#2946=CARTESIAN_POINT('',(-53.000000834465,-229.50464980642,0.0540473543468201));
#2947=CARTESIAN_POINT('',(-53.000000834465,-229.50464980642,26.3040473543468));
#2948=CARTESIAN_POINT('',(-68.000000834465,-229.50464980642,0.0540473543468201));
#2949=CARTESIAN_POINT('',(-68.000000834465,-229.50464980642,7.05404735434682));
#2950=CARTESIAN_POINT('',(-68.000000834465,-229.50464980642,12.2905355157601));
#2951=CARTESIAN_POINT('',(-58.000000834465,-229.50464980642,7.05404735434682));
#2952=CARTESIAN_POINT('',(-64.000000834465,-229.50464980642,7.05404735434682));
#2953=CARTESIAN_POINT('',(-58.000000834465,-229.50464980642,26.3040473543468));
#2954=CARTESIAN_POINT('Ctrl Pts',(-64.000000834465,-291.505012230831,25.0540473543468));
#2955=CARTESIAN_POINT('Ctrl Pts',(-64.000000834465,-291.505012230831,23.4724436610561));
#2956=CARTESIAN_POINT('Ctrl Pts',(-64.000000834465,-291.505012230831,21.8908399677653));
#2957=CARTESIAN_POINT('Ctrl Pts',(-64.000000834465,-291.505012230831,20.3092362744746));
#2958=CARTESIAN_POINT('Ctrl Pts',(-65.3333341677984,-290.171678897498,25.0540473543468));
#2959=CARTESIAN_POINT('Ctrl Pts',(-65.3333341677984,-290.171678897498,23.4724436610561));
#2960=CARTESIAN_POINT('Ctrl Pts',(-65.3333341677984,-290.171678897498,21.8908399677653));
#2961=CARTESIAN_POINT('Ctrl Pts',(-65.3333341677984,-290.171678897498,20.3092362744746));
#2962=CARTESIAN_POINT('Ctrl Pts',(-66.6666675011317,-288.838345564165,25.0540473543468));
#2963=CARTESIAN_POINT('Ctrl Pts',(-66.6666675011317,-288.838345564165,23.4724436610561));
#2964=CARTESIAN_POINT('Ctrl Pts',(-66.6666675011317,-288.838345564165,21.8908399677653));
#2965=CARTESIAN_POINT('Ctrl Pts',(-66.6666675011317,-288.838345564165,20.3092362744746));
#2966=CARTESIAN_POINT('Ctrl Pts',(-68.000000834465,-287.505012230831,25.0540473543468));
#2967=CARTESIAN_POINT('Ctrl Pts',(-68.000000834465,-287.505012230831,23.4724436610561));
#2968=CARTESIAN_POINT('Ctrl Pts',(-68.000000834465,-287.505012230831,21.8908399677653));
#2969=CARTESIAN_POINT('Ctrl Pts',(-68.000000834465,-287.505012230831,20.3092362744746));
#2970=CARTESIAN_POINT('',(-67.5301815935926,-287.974831471704,25.0540473543468));
#2971=CARTESIAN_POINT('Ctrl Pts',(-67.5301815935926,-287.974831471704,25.0540473543468));
#2972=CARTESIAN_POINT('Ctrl Pts',(-67.2010679920268,-288.303945073269,24.9131483731288));
#2973=CARTESIAN_POINT('Ctrl Pts',(-66.9071293376717,-288.597883727625,24.7039424531399));
#2974=CARTESIAN_POINT('Ctrl Pts',(-66.4651743298757,-289.039838735421,24.2191030971022));
#2975=CARTESIAN_POINT('Ctrl Pts',(-66.3060709247329,-289.198942140563,23.965321051222));
#2976=CARTESIAN_POINT('Ctrl Pts',(-66.1056490434601,-289.399364021836,23.4676230625189));
#2977=CARTESIAN_POINT('Ctrl Pts',(-66.045744180254,-289.459268885042,23.2268237006004));
#2978=CARTESIAN_POINT('Ctrl Pts',(-66.0032104028197,-289.501802662477,22.7404084585451));
#2979=CARTESIAN_POINT('Ctrl Pts',(-66.0157995864537,-289.489213478843,22.507169189008));
#2980=CARTESIAN_POINT('Ctrl Pts',(-66.1061947789461,-289.39881828635,22.0403894347171));
#2981=CARTESIAN_POINT('Ctrl Pts',(-66.1858885576621,-289.319124507634,21.8172372495966));
#2982=CARTESIAN_POINT('Ctrl Pts',(-66.4202511508432,-289.084761914453,21.3600561348763));
#2983=CARTESIAN_POINT('Ctrl Pts',(-66.5869924921707,-288.918020573126,21.1426266098707));
#2984=CARTESIAN_POINT('Ctrl Pts',(-66.9482487696074,-288.556764295689,20.7913624815939));
#2985=CARTESIAN_POINT('Ctrl Pts',(-67.1427827321182,-288.362230333178,20.653078866835));
#2986=CARTESIAN_POINT('Ctrl Pts',(-67.5554591415452,-287.949553923751,20.4345709790493));
#2987=CARTESIAN_POINT('Ctrl Pts',(-67.7766917801908,-287.728321285105,20.3561600192393));
#2988=CARTESIAN_POINT('Ctrl Pts',(-68.000000834465,-287.505012230831,20.3092362744746));
#2989=CARTESIAN_POINT('',(-64.000000834465,-291.505012230831,20.3092362744746));
#2990=CARTESIAN_POINT('',(-64.000000834465,-291.505012230831,20.3092362744746));
#2991=CARTESIAN_POINT('',(-64.000000834465,-291.505012230831,25.0540473543468));
#2992=CARTESIAN_POINT('Ctrl Pts',(-64.000000834465,-291.505012230831,20.3092362744746));
#2993=CARTESIAN_POINT('Ctrl Pts',(-64.000000834465,-291.505012230831,21.8908399677653));
#2994=CARTESIAN_POINT('Ctrl Pts',(-64.000000834465,-291.505012230831,23.4724436610561));
#2995=CARTESIAN_POINT('Ctrl Pts',(-64.000000834465,-291.505012230831,25.0540473543468));
#2996=CARTESIAN_POINT('',(-68.000000834465,-287.505012230831,25.0540473543468));
#2997=CARTESIAN_POINT('Origin',(-66.000000834465,-289.505012230831,26.2905355157601));
#2998=CARTESIAN_POINT('',(-64.000000834465,-291.505012230831,9.9043126298902));
#2999=CARTESIAN_POINT('Origin',(-74.0000008344651,-281.505012230831,9.9043126298902));
#3000=CARTESIAN_POINT('',(-64.000000834465,-291.505012230831,26.2905355157601));
#3001=CARTESIAN_POINT('Ctrl Pts',(-64.000000834465,-291.501940035792,25.301907117945));
#3002=CARTESIAN_POINT('Ctrl Pts',(-64.000000834465,-291.503988060941,25.2193041199395));
#3003=CARTESIAN_POINT('Ctrl Pts',(-64.000000834465,-291.505012230831,25.1366757374031));
#3004=CARTESIAN_POINT('Ctrl Pts',(-64.000000834465,-291.505012230831,25.0540473543468));
#3005=CARTESIAN_POINT('Ctrl Pts',(-65.3333341677984,-290.169016328463,25.2688591494652));
#3006=CARTESIAN_POINT('Ctrl Pts',(-65.3333341677984,-290.170791283593,25.1972698845271));
#3007=CARTESIAN_POINT('Ctrl Pts',(-65.3333341677984,-290.171678897498,25.1256586196623));
#3008=CARTESIAN_POINT('Ctrl Pts',(-65.3333341677984,-290.171678897498,25.0540473543468));
#3009=CARTESIAN_POINT('Ctrl Pts',(-66.6666675011317,-288.836092621135,25.2358111809855));
#3010=CARTESIAN_POINT('Ctrl Pts',(-66.6666675011317,-288.837594506245,25.1752356491148));
#3011=CARTESIAN_POINT('Ctrl Pts',(-66.6666675011317,-288.838345564165,25.1146415019215));
#3012=CARTESIAN_POINT('Ctrl Pts',(-66.6666675011317,-288.838345564165,25.0540473543468));
#3013=CARTESIAN_POINT('Ctrl Pts',(-68.000000834465,-287.503168913807,25.2027632125057));
#3014=CARTESIAN_POINT('Ctrl Pts',(-68.000000834465,-287.504397728897,25.1532014137024));
#3015=CARTESIAN_POINT('Ctrl Pts',(-68.000000834465,-287.505012230831,25.1036243841806));
#3016=CARTESIAN_POINT('Ctrl Pts',(-68.000000834465,-287.505012230831,25.0540473543468));
#3017=CARTESIAN_POINT('',(-68.000000834465,-287.503168913807,25.2027632125057));
#3018=CARTESIAN_POINT('Ctrl Pts',(-68.000000834465,-287.503168913807,25.2027632125057));
#3019=CARTESIAN_POINT('Ctrl Pts',(-67.9268799971613,-287.576693842766,25.1873713087538));
#3020=CARTESIAN_POINT('Ctrl Pts',(-67.8541013229417,-287.649888402344,25.1685921115806));
#3021=CARTESIAN_POINT('Ctrl Pts',(-67.7818219769538,-287.72250571694,25.1463673629944));
#3022=CARTESIAN_POINT('Ctrl Pts',(-67.7609179576208,-287.743507480687,25.1399397097311));
#3023=CARTESIAN_POINT('Ctrl Pts',(-67.7400557037498,-287.764460806291,25.1332241525456));
#3024=CARTESIAN_POINT('Ctrl Pts',(-67.7192390172611,-287.785359357774,25.1262200139552));
#3025=CARTESIAN_POINT('Ctrl Pts',(-67.6557834583617,-287.849064465945,25.1048692802973));
#3026=CARTESIAN_POINT('Ctrl Pts',(-67.5927280870328,-287.912284978263,25.0808252509453));
#3027=CARTESIAN_POINT('Ctrl Pts',(-67.5301815935926,-287.974831471704,25.0540473543468));
#3028=CARTESIAN_POINT('',(-64.000000834465,-291.501940035792,25.301907117945));
#3029=CARTESIAN_POINT('Ctrl Pts',(-64.000000834465,-291.505012230831,25.0540473543468));
#3030=CARTESIAN_POINT('Ctrl Pts',(-64.000000834465,-291.505012230831,25.1366757374031));
#3031=CARTESIAN_POINT('Ctrl Pts',(-64.000000834465,-291.503988060941,25.2193041199395));
#3032=CARTESIAN_POINT('Ctrl Pts',(-64.000000834465,-291.501940035792,25.301907117945));
#3033=CARTESIAN_POINT('',(-68.000000834465,-287.503168913807,25.2027632125057));
#3034=CARTESIAN_POINT('Origin',(-66.000000834465,-281.505012230831,25.0540473543468));
#3035=CARTESIAN_POINT('Origin',(-64.000000834465,-281.505012230831,25.0540473543468));
#3036=CARTESIAN_POINT('',(-68.000000834465,-281.505012230831,31.0540473543468));
#3037=CARTESIAN_POINT('',(-68.000000834465,-281.505012230831,31.0540473543468));
#3038=CARTESIAN_POINT('Origin',(-68.000000834465,-281.505012230831,25.0540473543468));
#3039=CARTESIAN_POINT('Origin',(-66.000000834465,-109.303488271236,33.0540473543468));
#3040=CARTESIAN_POINT('',(-68.000000834465,-109.303488271236,31.0540473543468));
#3041=CARTESIAN_POINT('Origin',(-68.000000834465,-59.80464980642,35.0540473543468));
#3042=CARTESIAN_POINT('',(-53.000000834465,-189.50464980642,35.0540473543468));
#3043=CARTESIAN_POINT('',(-53.000000834465,-149.50464980642,35.0540473543468));
#3044=CARTESIAN_POINT('',(-53.000000834465,-104.80464980642,35.0540473543468));
#3045=CARTESIAN_POINT('',(-64.000000834465,-149.50464980642,35.0540473543468));
#3046=CARTESIAN_POINT('',(-68.000000834465,-149.50464980642,35.0540473543468));
#3047=CARTESIAN_POINT('',(-64.000000834465,-189.50464980642,35.0540473543468));
#3048=CARTESIAN_POINT('',(-64.000000834465,-114.303488271236,35.0540473543468));
#3049=CARTESIAN_POINT('',(-68.000000834465,-189.50464980642,35.0540473543468));
#3050=CARTESIAN_POINT('Origin',(-66.000000834465,-114.303488271236,33.0540473543468));
#3051=CARTESIAN_POINT('',(-68.000000834465,-189.50464980642,31.0540473543468));
#3052=CARTESIAN_POINT('',(-67.750000834465,-189.50464980642,31.3040473543468));
#3053=CARTESIAN_POINT('',(-68.000000834465,-149.50464980642,31.0540473543468));
#3054=CARTESIAN_POINT('',(-66.000000834465,-149.50464980642,33.0540473543468));
#3055=CARTESIAN_POINT('',(-68.000000834465,-114.303488271236,31.0540473543468));
#3056=CARTESIAN_POINT('Origin',(-68.000000834465,-49.80464980642,35.0540473543468));
#3057=CARTESIAN_POINT('',(-53.000000834465,-109.50464980642,35.0540473543468));
#3058=CARTESIAN_POINT('',(-53.000000834465,-59.50464980642,35.0540473543468));
#3059=CARTESIAN_POINT('',(-53.000000834465,-99.80464980642,35.0540473543468));
#3060=CARTESIAN_POINT('',(-64.000000834465,-59.50464980642,35.0540473543468));
#3061=CARTESIAN_POINT('',(-42.000000834465,-59.50464980642,35.0540473543468));
#3062=CARTESIAN_POINT('',(-64.000000834465,-109.50464980642,35.0540473543468));
#3063=CARTESIAN_POINT('',(-64.000000834465,-109.303488271236,35.0540473543468));
#3064=CARTESIAN_POINT('',(-68.000000834465,-109.50464980642,35.0540473543468));
#3065=CARTESIAN_POINT('Origin',(-42.000000834465,-59.50464980642,17.5540473543468));
#3066=CARTESIAN_POINT('',(-53.000000834465,-59.50464980642,0.0540473543468201));
#3067=CARTESIAN_POINT('Origin',(-53.000000834465,-59.50464980642,17.5540473543468));
#3068=CARTESIAN_POINT('',(-64.000000834465,-59.50464980642,0.0540473543468201));
#3069=CARTESIAN_POINT('',(-42.000000834465,-59.50464980642,0.0540473543468201));
#3070=CARTESIAN_POINT('Origin',(-64.000000834465,-59.50464980642,17.5540473543468));
#3071=CARTESIAN_POINT('',(-58.000000834465,-43.2423881939631,24.0184767373637));
#3072=CARTESIAN_POINT('',(-55.000000834465,-42.3509992022457,21.0184767373637));
#3073=CARTESIAN_POINT('Ctrl Pts',(-58.000000834465,-43.2423881939631,24.0184767373637));
#3074=CARTESIAN_POINT('Ctrl Pts',(-58.3778721926478,-43.2423881939631,24.0184767373637));
#3075=CARTESIAN_POINT('Ctrl Pts',(-58.778516019821,-43.2116596276867,23.9426837323396));
#3076=CARTESIAN_POINT('Ctrl Pts',(-59.5111779288109,-43.0962682494012,23.6401970105977));
#3077=CARTESIAN_POINT('Ctrl Pts',(-59.8434192707312,-43.012564007629,23.4136792134868));
#3078=CARTESIAN_POINT('Ctrl Pts',(-60.3764352744131,-42.8351567011791,22.8886003801839));
#3079=CARTESIAN_POINT('Ctrl Pts',(-60.6104732078622,-42.72873105744,22.5507501038459));
#3080=CARTESIAN_POINT('Ctrl Pts',(-60.9223146885142,-42.5250476891901,21.8074695256728));
#3081=CARTESIAN_POINT('Ctrl Pts',(-61.000000834465,-42.42842041947,21.4018173579364));
#3082=CARTESIAN_POINT('Ctrl Pts',(-61.000000834465,-42.2757008634716,20.6456472605278));
#3083=CARTESIAN_POINT('Ctrl Pts',(-60.9261006953696,-42.2087287569836,20.2449045871848));
#3084=CARTESIAN_POINT('Ctrl Pts',(-60.6206087882237,-42.1096414824579,19.5042481054039));
#3085=CARTESIAN_POINT('Ctrl Pts',(-60.3889140538835,-42.0768269025131,19.1644705109515));
#3086=CARTESIAN_POINT('Ctrl Pts',(-59.8541785389915,-42.0357417871182,18.6302908985348));
#3087=CARTESIAN_POINT('Ctrl Pts',(-59.517083213492,-42.0244208033157,18.3996390270206));
#3088=CARTESIAN_POINT('Ctrl Pts',(-58.7782857939767,-42.0123037666353,18.093733585018));
#3089=CARTESIAN_POINT('Ctrl Pts',(-58.3765966042347,-42.0108135962518,18.0184767373637));
#3090=CARTESIAN_POINT('Ctrl Pts',(-57.6234050646953,-42.0108135962518,18.0184767373637));
#3091=CARTESIAN_POINT('Ctrl Pts',(-57.2217158749534,-42.0123037666353,18.093733585018));
#3092=CARTESIAN_POINT('Ctrl Pts',(-56.482918455438,-42.0244208033157,18.3996390270206));
#3093=CARTESIAN_POINT('Ctrl Pts',(-56.1458231299385,-42.0357417871182,18.6302908985348));
#3094=CARTESIAN_POINT('Ctrl Pts',(-55.6110876150466,-42.0768269025131,19.1644705109515));
#3095=CARTESIAN_POINT('Ctrl Pts',(-55.3793928807064,-42.1096414824579,19.5042481054039));
#3096=CARTESIAN_POINT('Ctrl Pts',(-55.0739009735605,-42.2087287569836,20.2449045871848));
#3097=CARTESIAN_POINT('Ctrl Pts',(-55.000000834465,-42.2757008634716,20.6456472605278));
#3098=CARTESIAN_POINT('Ctrl Pts',(-55.000000834465,-42.3509992022457,21.0184767373637));
#3099=CARTESIAN_POINT('Ctrl Pts',(-55.000000834465,-42.3509992022457,21.0184767373637));
#3100=CARTESIAN_POINT('Ctrl Pts',(-55.000000834465,-42.42842041947,21.4018173579364));
#3101=CARTESIAN_POINT('Ctrl Pts',(-55.0776869804158,-42.5250476891901,21.8074695256727));
#3102=CARTESIAN_POINT('Ctrl Pts',(-55.3895284610678,-42.7287310574399,22.5507501038459));
#3103=CARTESIAN_POINT('Ctrl Pts',(-55.6235663945169,-42.8351567011791,22.8886003801839));
#3104=CARTESIAN_POINT('Ctrl Pts',(-56.1565823981988,-43.012564007629,23.4136792134868));
#3105=CARTESIAN_POINT('Ctrl Pts',(-56.4888237401191,-43.0962682494012,23.6401970105977));
#3106=CARTESIAN_POINT('Ctrl Pts',(-57.221485649109,-43.2116596276867,23.9426837323396));
#3107=CARTESIAN_POINT('Ctrl Pts',(-57.6221294762822,-43.2423881939631,24.0184767373637));
#3108=CARTESIAN_POINT('Ctrl Pts',(-58.000000834465,-43.2423881939631,24.0184767373637));
#3109=CARTESIAN_POINT('',(-58.000000834465,-42.0108135962518,17.0896179713299));
#3110=CARTESIAN_POINT('',(-55.000000834465,-42.3509992022457,14.0896179713299));
#3111=CARTESIAN_POINT('Ctrl Pts',(-58.000000834465,-42.0108135962518,17.0896179713299));
#3112=CARTESIAN_POINT('Ctrl Pts',(-58.3765966042347,-42.0108135962518,17.0896179713299));
#3113=CARTESIAN_POINT('Ctrl Pts',(-58.7782857939767,-42.0123037666353,17.0143611236756));
#3114=CARTESIAN_POINT('Ctrl Pts',(-59.517083213492,-42.0244208033157,16.708455681673));
#3115=CARTESIAN_POINT('Ctrl Pts',(-59.8541785389915,-42.0357417871182,16.4778038101588));
#3116=CARTESIAN_POINT('Ctrl Pts',(-60.3889140538835,-42.0768269025131,15.9436241977421));
#3117=CARTESIAN_POINT('Ctrl Pts',(-60.6206087882237,-42.1096414824579,15.6038466032896));
#3118=CARTESIAN_POINT('Ctrl Pts',(-60.9261006953696,-42.2087287569836,14.8631901215088));
#3119=CARTESIAN_POINT('Ctrl Pts',(-61.000000834465,-42.2757008634716,14.4624474481657));
#3120=CARTESIAN_POINT('Ctrl Pts',(-61.000000834465,-42.42842041947,13.7062773507572));
#3121=CARTESIAN_POINT('Ctrl Pts',(-60.9223146885143,-42.5250476891901,13.3006251830208));
#3122=CARTESIAN_POINT('Ctrl Pts',(-60.6104732078622,-42.72873105744,12.5573446048477));
#3123=CARTESIAN_POINT('Ctrl Pts',(-60.3764352744131,-42.8351567011792,12.2194943285096));
#3124=CARTESIAN_POINT('Ctrl Pts',(-59.8434192707312,-43.012564007629,11.6944154952067));
#3125=CARTESIAN_POINT('Ctrl Pts',(-59.5111779288109,-43.0962682494012,11.4678976980959));
#3126=CARTESIAN_POINT('Ctrl Pts',(-58.778516019821,-43.2116596276867,11.1654109763539));
#3127=CARTESIAN_POINT('Ctrl Pts',(-58.3778721926478,-43.2423881939632,11.0896179713299));
#3128=CARTESIAN_POINT('Ctrl Pts',(-57.6221294762822,-43.2423881939632,11.0896179713299));
#3129=CARTESIAN_POINT('Ctrl Pts',(-57.221485649109,-43.2116596276867,11.1654109763539));
#3130=CARTESIAN_POINT('Ctrl Pts',(-56.4888237401191,-43.0962682494012,11.4678976980959));
#3131=CARTESIAN_POINT('Ctrl Pts',(-56.1565823981988,-43.012564007629,11.6944154952067));
#3132=CARTESIAN_POINT('Ctrl Pts',(-55.6235663945169,-42.8351567011792,12.2194943285096));
#3133=CARTESIAN_POINT('Ctrl Pts',(-55.3895284610678,-42.72873105744,12.5573446048477));
#3134=CARTESIAN_POINT('Ctrl Pts',(-55.0776869804158,-42.5250476891901,13.3006251830208));
#3135=CARTESIAN_POINT('Ctrl Pts',(-55.000000834465,-42.42842041947,13.7062773507572));
#3136=CARTESIAN_POINT('Ctrl Pts',(-55.000000834465,-42.3509992022457,14.0896179713299));
#3137=CARTESIAN_POINT('Ctrl Pts',(-55.000000834465,-42.3509992022457,14.0896179713299));
#3138=CARTESIAN_POINT('Ctrl Pts',(-55.000000834465,-42.2757008634716,14.4624474481657));
#3139=CARTESIAN_POINT('Ctrl Pts',(-55.0739009735605,-42.2087287569836,14.8631901215088));
#3140=CARTESIAN_POINT('Ctrl Pts',(-55.3793928807064,-42.1096414824579,15.6038466032896));
#3141=CARTESIAN_POINT('Ctrl Pts',(-55.6110876150465,-42.0768269025131,15.9436241977421));
#3142=CARTESIAN_POINT('Ctrl Pts',(-56.1458231299385,-42.0357417871182,16.4778038101588));
#3143=CARTESIAN_POINT('Ctrl Pts',(-56.482918455438,-42.0244208033157,16.708455681673));
#3144=CARTESIAN_POINT('Ctrl Pts',(-57.2217158749534,-42.0123037666353,17.0143611236756));
#3145=CARTESIAN_POINT('Ctrl Pts',(-57.6234050646953,-42.0108135962518,17.0896179713299));
#3146=CARTESIAN_POINT('Ctrl Pts',(-58.000000834465,-42.0108135962518,17.0896179713299));
#3147=CARTESIAN_POINT('Origin',(-66.000000834465,-204.803488271236,2.05404735434682));
#3148=CARTESIAN_POINT('',(-64.000000834465,-109.50464980642,0.0540473543468201));
#3149=CARTESIAN_POINT('',(-68.000000834465,-109.50464980642,4.05404735434682));
#3150=CARTESIAN_POINT('',(-73.000000834465,-109.50464980642,9.05404735434681));
#3151=CARTESIAN_POINT('',(-68.000000834465,-59.50464980642,4.05404735434682));
#3152=CARTESIAN_POINT('',(-68.000000834465,-204.803488271236,4.05404735434682));
#3153=CARTESIAN_POINT('',(-64.000000834465,-59.50464980642,0.0540473543468201));
#3154=CARTESIAN_POINT('',(-64.000000834465,-204.803488271236,0.0540473543468201));
#3155=CARTESIAN_POINT('Origin',(-66.000000834465,-59.50464980642,17.5540473543468));
#3156=CARTESIAN_POINT('',(-68.000000834465,-59.50464980642,31.0540473543468));
#3157=CARTESIAN_POINT('Origin',(-68.000000834465,-59.50464980642,17.5540473543468));
#3158=CARTESIAN_POINT('',(-64.000000834465,-59.50464980642,35.0540473543468));
#3159=CARTESIAN_POINT('Origin',(-66.000000834465,-109.303488271236,33.0540473543468));
#3160=CARTESIAN_POINT('',(-68.000000834465,-109.50464980642,31.0540473543468));
#3161=CARTESIAN_POINT('',(-67.750000834465,-109.50464980642,31.3040473543468));
#3162=CARTESIAN_POINT('',(-68.000000834465,-109.303488271236,31.0540473543468));
#3163=CARTESIAN_POINT('Origin',(-68.000000834465,-168.802326736053,17.5270236771734));
#3164=CARTESIAN_POINT('',(-68.000000834465,-189.50464980642,4.05404735434682));
#3165=CARTESIAN_POINT('',(-68.000000834465,-149.50464980642,4.05404735434682));
#3166=CARTESIAN_POINT('',(-68.000000834465,-209.803488271236,4.05404735434682));
#3167=CARTESIAN_POINT('',(-68.000000834465,-189.50464980642,7.05404735434682));
#3168=CARTESIAN_POINT('',(-68.000000834465,-189.50464980642,8.79053551576012));
#3169=CARTESIAN_POINT('',(-68.000000834465,-174.153488271236,7.05404735434682));
#3170=CARTESIAN_POINT('',(-68.000000834465,-255.505012230831,7.30000013411045));
#3171=CARTESIAN_POINT('Origin',(-68.000000834465,-255.505012230831,0.30000013411045));
#3172=CARTESIAN_POINT('',(-68.000000834465,-225.801165197144,7.30000013411045));
#3173=CARTESIAN_POINT('',(-68.000000834465,-222.902507635334,28.3000004470348));
#3174=CARTESIAN_POINT('',(-68.000000834465,-284.958522278383,21.2999995239079));
#3175=CARTESIAN_POINT('',(-68.000000834465,-265.652503606433,21.2999995239079));
#3176=CARTESIAN_POINT('Origin',(-68.000000834465,-286.990916488923,22.7558064386333));
#3177=CARTESIAN_POINT('',(-68.000000834465,-189.50464980642,22.7905355157601));
#3178=CARTESIAN_POINT('',(-68.000000834465,-149.50464980642,26.2905355157601));
#3179=CARTESIAN_POINT('',(-68.000000834465,-109.50464980642,22.7905355157601));
#3180=CARTESIAN_POINT('',(-68.000000834465,-109.50464980642,7.05404735434682));
#3181=CARTESIAN_POINT('',(-68.000000834465,-109.50464980642,8.79053551576012));
#3182=CARTESIAN_POINT('',(-68.000000834465,-149.50464980642,7.05404735434682));
#3183=CARTESIAN_POINT('',(-68.000000834465,-139.153488271236,7.05404735434682));
#3184=CARTESIAN_POINT('',(-68.000000834465,-149.50464980642,12.2905355157601));
#3185=CARTESIAN_POINT('Origin',(-68.000000834465,-149.50464980642,35.0540473543468));
#3186=CARTESIAN_POINT('',(-53.000000834465,-149.50464980642,0.0540473543468201));
#3187=CARTESIAN_POINT('',(-53.000000834465,-149.50464980642,26.3040473543468));
#3188=CARTESIAN_POINT('',(-64.000000834465,-149.50464980642,0.0540473543468201));
#3189=CARTESIAN_POINT('',(-68.000000834465,-149.50464980642,0.0540473543468201));
#3190=CARTESIAN_POINT('',(-74.750000834465,-149.50464980642,10.8040473543468));
#3191=CARTESIAN_POINT('',(-58.000000834465,-149.50464980642,7.05404735434682));
#3192=CARTESIAN_POINT('',(-64.000000834465,-149.50464980642,7.05404735434682));
#3193=CARTESIAN_POINT('',(-58.000000834465,-149.50464980642,26.3040473543468));
#3194=CARTESIAN_POINT('Origin',(-66.000000834465,-209.803488271236,2.05404735434682));
#3195=CARTESIAN_POINT('',(-64.000000834465,-189.50464980642,0.0540473543468201));
#3196=CARTESIAN_POINT('',(-73.000000834465,-189.50464980642,9.05404735434681));
#3197=CARTESIAN_POINT('',(-64.000000834465,-209.803488271236,0.0540473543468201));
#3198=CARTESIAN_POINT('Origin',(-68.000000834465,-281.505012230831,25.0540473543468));
#3199=CARTESIAN_POINT('',(-53.000000834465,-291.505012230831,25.0540473543468));
#3200=CARTESIAN_POINT('Origin',(-53.000000834465,-281.505012230831,25.0540473543468));
#3201=CARTESIAN_POINT('',(-68.000000834465,-291.505012230831,25.0540473543468));
#3202=CARTESIAN_POINT('Origin',(-48.000000834465,-289.861616239416,7.30000013411045));
#3203=CARTESIAN_POINT('',(-53.000000834465,-289.861616239416,28.3000004470348));
#3204=CARTESIAN_POINT('',(-53.000000834465,-289.861616239416,7.30000013411045));
#3205=CARTESIAN_POINT('',(-53.000000834465,-289.861616239416,12.4270237442286));
#3206=CARTESIAN_POINT('',(-48.000000834465,-289.861616239416,7.30000013411045));
#3207=CARTESIAN_POINT('',(-48.000000834465,-289.861616239416,28.3000004470348));
#3208=CARTESIAN_POINT('Origin',(-88.000000834465,-241.300003039837,28.3000004470348));
#3209=CARTESIAN_POINT('',(-53.000000834465,-195.552326423128,28.3000004470348));
#3210=CARTESIAN_POINT('Origin',(-68.000000834465,-240.80464980642,0.0540473543468201));
#3211=CARTESIAN_POINT('',(-53.000000834465,-109.50464980642,0.0540473543468201));
#3212=CARTESIAN_POINT('',(-53.000000834465,-195.30464980642,0.0540473543468201));
#3213=CARTESIAN_POINT('',(-68.000000834465,-109.50464980642,0.0540473543468201));
#3214=CARTESIAN_POINT('Origin',(-68.000000834465,-250.80464980642,0.0540473543468201));
#3215=CARTESIAN_POINT('',(-53.000000834465,-189.50464980642,0.0540473543468201));
#3216=CARTESIAN_POINT('',(-53.000000834465,-200.30464980642,0.0540473543468201));
#3217=CARTESIAN_POINT('',(-68.000000834465,-189.50464980642,0.0540473543468201));
#3218=CARTESIAN_POINT('Origin',(-53.000000834465,-149.80464980642,17.5540473543468));
#3219=CARTESIAN_POINT('',(-53.000000834465,-291.505012230831,0.0540473543468201));
#3220=CARTESIAN_POINT('',(-53.000000834465,-291.505012230831,26.3040473543468));
#3221=CARTESIAN_POINT('',(-53.000000834465,-195.30464980642,0.0540473543468201));
#3222=CARTESIAN_POINT('',(-53.000000834465,-216.302326732328,7.30000013411045));
#3223=CARTESIAN_POINT('Origin',(-53.000000834465,-149.80464980642,17.5540473543468));
#3224=CARTESIAN_POINT('',(-53.000000834465,-109.50464980642,22.8040473543468));
#3225=CARTESIAN_POINT('',(-53.000000834465,-67.00464980642,24.1684256320083));
#3226=CARTESIAN_POINT('',(-53.000000834465,-67.00464980642,10.9396690766853));
#3227=CARTESIAN_POINT('',(-53.000000834465,-67.00464980642,17.5540473543468));
#3228=CARTESIAN_POINT('Origin',(-53.000000834465,-59.50464980642,17.5540473543468));
#3229=CARTESIAN_POINT('Origin',(-53.000000834465,-149.80464980642,17.5540473543468));
#3230=CARTESIAN_POINT('',(-53.000000834465,-189.50464980642,22.8040473543468));
#3231=CARTESIAN_POINT('Origin',(-68.000000834465,-99.50464980642,7.05404735434682));
#3232=CARTESIAN_POINT('',(-58.000000834465,-109.50464980642,7.05404735434682));
#3233=CARTESIAN_POINT('',(-68.000000834465,-109.50464980642,7.05404735434682));
#3234=CARTESIAN_POINT('',(-58.000000834465,-114.50464980642,7.05404735434682));
#3235=CARTESIAN_POINT('',(-59.400000834465,-112.50464980642,7.05404735434682));
#3236=CARTESIAN_POINT('Origin',(-61.000000834465,-112.50464980642,7.05404735434682));
#3237=CARTESIAN_POINT('',(-59.400000834465,-146.50464980642,7.05404735434682));
#3238=CARTESIAN_POINT('Origin',(-61.000000834465,-146.50464980642,7.05404735434682));
#3239=CARTESIAN_POINT('Origin',(-68.000000834465,-179.50464980642,7.05404735434682));
#3240=CARTESIAN_POINT('',(-58.000000834465,-189.50464980642,7.05404735434682));
#3241=CARTESIAN_POINT('',(-68.000000834465,-189.50464980642,7.05404735434682));
#3242=CARTESIAN_POINT('',(-58.000000834465,-194.50464980642,7.05404735434682));
#3243=CARTESIAN_POINT('',(-59.3999985694885,-226.50464980642,7.05404735434682));
#3244=CARTESIAN_POINT('Origin',(-60.9999985694885,-226.50464980642,7.05404735434682));
#3245=CARTESIAN_POINT('',(-59.3999985694885,-192.50464980642,7.05404735434682));
#3246=CARTESIAN_POINT('Origin',(-60.9999985694885,-192.50464980642,7.05404735434682));
#3247=CARTESIAN_POINT('Origin',(-68.000000834465,-109.50464980642,28.0540473543468));
#3248=CARTESIAN_POINT('',(-58.000000834465,-109.50464980642,22.8040473543468));
#3249=CARTESIAN_POINT('Origin',(-58.000000834465,-129.50464980642,17.5540473543468));
#3250=CARTESIAN_POINT('Origin',(-68.000000834465,-189.50464980642,28.0540473543468));
#3251=CARTESIAN_POINT('',(-58.000000834465,-189.50464980642,22.8040473543468));
#3252=CARTESIAN_POINT('Origin',(-58.000000834465,-209.50464980642,17.5540473543468));
#3253=CARTESIAN_POINT('Origin',(-60.9999985694885,-192.50464980642,28.0540473543468));
#3254=CARTESIAN_POINT('',(-59.3999985694885,-192.50464980642,28.0540473543468));
#3255=CARTESIAN_POINT('Origin',(-60.9999985694885,-226.50464980642,28.0540473543468));
#3256=CARTESIAN_POINT('',(-59.3999985694885,-226.50464980642,28.0540473543468));
#3257=CARTESIAN_POINT('Origin',(-61.000000834465,-146.50464980642,28.0540473543468));
#3258=CARTESIAN_POINT('',(-59.400000834465,-146.50464980642,28.0540473543468));
#3259=CARTESIAN_POINT('Origin',(-61.000000834465,-112.50464980642,28.0540473543468));
#3260=CARTESIAN_POINT('',(-59.400000834465,-112.50464980642,28.0540473543468));
#3261=CARTESIAN_POINT('Origin',(-87.000000834465,-286.990916488923,22.7558064386333));
#3262=CARTESIAN_POINT('',(-87.000000834465,-287.299994881451,20.2749858995229));
#3263=CARTESIAN_POINT('',(-70.800000834465,-284.958522278383,21.2999995239079));
#3264=CARTESIAN_POINT('Origin',(-88.000000834465,-282.799994982034,21.2999995239079));
#3265=CARTESIAN_POINT('Origin',(-88.000000834465,-270.032874316307,-36.8275166979081));
#3266=CARTESIAN_POINT('',(-88.000000834465,-253.932874316307,-36.8275166979081));
#3267=CARTESIAN_POINT('Origin',(-83.250000834465,-281.505012230831,9.9043126298902));
#3268=CARTESIAN_POINT('',(-84.000000834465,-291.505012230831,9.9043126298902));
#3269=CARTESIAN_POINT('',(-84.000000834465,-287.299994881451,18.0540473543468));
#3270=CARTESIAN_POINT('Origin',(-84.000000834465,-281.505012230831,9.9043126298902));
#3271=CARTESIAN_POINT('',(-83.250000834465,-291.505012230831,9.9043126298902));
#3272=CARTESIAN_POINT('',(-83.250000834465,-287.299994881451,18.0540473543468));
#3273=CARTESIAN_POINT('Origin',(-88.000000834465,-282.800003658235,28.3000004470348));
#3274=CARTESIAN_POINT('',(-84.000000834465,-282.800003658235,7.30000013411045));
#3275=CARTESIAN_POINT('',(-57.800000834465,-282.800003658235,7.30000013411045));
#3276=CARTESIAN_POINT('',(-88.000000834465,-282.800003658235,3.30000013411045));
#3277=CARTESIAN_POINT('',(-80.7500007562339,-282.800003658235,10.5500002123416));
#3278=CARTESIAN_POINT('',(-88.000000834465,-282.800003658235,14.2999996803701));
#3279=CARTESIAN_POINT('',(-88.000000834465,-282.800003658235,12.9135119056419));
#3280=CARTESIAN_POINT('',(-70.800000834465,-282.799994982034,14.2999996803701));
#3281=CARTESIAN_POINT('',(-88.000000834465,-282.800003658235,14.2999996803701));
#3282=CARTESIAN_POINT('',(-70.800000834465,-282.799994982034,14.2999996803701));
#3283=CARTESIAN_POINT('Origin',(-88.000000834465,-287.299994881451,21.2999995239079));
#3284=CARTESIAN_POINT('',(-86.1412650090165,-287.299994881451,15.2125990627424));
#3285=CARTESIAN_POINT('',(-70.800000834465,-287.299994881451,15.2125990627424));
#3286=CARTESIAN_POINT('Ctrl Pts',(-84.000000834465,-287.299994881451,18.0540473543468));
#3287=CARTESIAN_POINT('Ctrl Pts',(-85.296679951969,-287.299994881451,16.4629782443135));
#3288=CARTESIAN_POINT('Ctrl Pts',(-86.1412650090165,-287.299994881451,15.2125990627424));
#3289=CARTESIAN_POINT('Origin',(-87.000000834465,-286.981919269424,12.7329160376293));
#3290=CARTESIAN_POINT('',(-88.000000834465,-285.034036096168,14.2999996803701));
#3291=CARTESIAN_POINT('',(-87.000000834465,-285.034036096168,14.2999996803701));
#3292=CARTESIAN_POINT('',(-88.000000834465,-287.492879297972,10.285689066295));
#3293=CARTESIAN_POINT('Origin',(-88.000000834465,-286.981919269424,12.7329160376293));
#3294=CARTESIAN_POINT('Ctrl Pts',(-88.000000834465,-287.492879297972,10.285689066295));
#3295=CARTESIAN_POINT('Ctrl Pts',(-87.7361128088839,-287.753831816475,10.3401737168263));
#3296=CARTESIAN_POINT('Ctrl Pts',(-87.4674640888202,-288.016697740077,10.4394778490263));
#3297=CARTESIAN_POINT('Ctrl Pts',(-86.832372775146,-288.61889798073,10.7979522123954));
#3298=CARTESIAN_POINT('Ctrl Pts',(-86.4788656888539,-288.935943589633,11.1120602987033));
#3299=CARTESIAN_POINT('Ctrl Pts',(-86.0604421480968,-289.24891031035,11.6618908258358));
#3300=CARTESIAN_POINT('Ctrl Pts',(-85.9322168270245,-289.334643791734,11.8592816557352));
#3301=CARTESIAN_POINT('Ctrl Pts',(-85.7072354886196,-289.451183973933,12.2842721218702));
#3302=CARTESIAN_POINT('Ctrl Pts',(-85.6105093163565,-289.481551008353,12.5120079969169));
#3303=CARTESIAN_POINT('Ctrl Pts',(-85.4765856054203,-289.482223139356,12.9113580984379));
#3304=CARTESIAN_POINT('Ctrl Pts',(-85.4231261008742,-289.4611692201,13.1141623714309));
#3305=CARTESIAN_POINT('Ctrl Pts',(-85.352702359387,-289.365937988846,13.5129697694634));
#3306=CARTESIAN_POINT('Ctrl Pts',(-85.3357889669459,-289.291572119365,13.7089368225506));
#3307=CARTESIAN_POINT('Ctrl Pts',(-85.3357889669459,-289.114770308304,14.0512708099823));
#3308=CARTESIAN_POINT('Ctrl Pts',(-85.352702359387,-288.998022471127,14.2253492720445));
#3309=CARTESIAN_POINT('Ctrl Pts',(-85.4231261008742,-288.727952472315,14.5338594402288));
#3310=CARTESIAN_POINT('Ctrl Pts',(-85.4765856054202,-288.57476887429,14.6684240193588));
#3311=CARTESIAN_POINT('Ctrl Pts',(-85.6105093163565,-288.248741026295,14.899046649811));
#3312=CARTESIAN_POINT('Ctrl Pts',(-85.7072354886196,-288.045461749999,15.0061135512856));
#3313=CARTESIAN_POINT('Ctrl Pts',(-85.9187808007845,-287.656178771932,15.148080377216));
#3314=CARTESIAN_POINT('Ctrl Pts',(-86.0299285711531,-287.47108422674,15.1906529721885));
#3315=CARTESIAN_POINT('Ctrl Pts',(-86.1412650090165,-287.299994881451,15.2125990627424));
#3316=CARTESIAN_POINT('Origin',(-88.000000834465,-287.299994881451,14.2999996803701));
#3317=CARTESIAN_POINT('',(-88.000000834465,-250.551160808752,14.2999996803701));
#3318=CARTESIAN_POINT('Origin',(-88.000000834465,-270.032874316307,-36.8275166979081));
#3319=CARTESIAN_POINT('',(-88.000000834465,-257.532874316307,-36.8275166979081));
#3320=CARTESIAN_POINT('',(-88.000000834465,-257.532874316307,-36.8275166979081));
#3321=CARTESIAN_POINT('Origin',(-88.000000834465,-270.032874316307,-36.8275166979081));
#3322=CARTESIAN_POINT('Origin',(-88.000000834465,-282.800003658235,7.30000013411045));
#3323=CARTESIAN_POINT('',(-84.000000834465,-255.505012230831,7.30000013411045));
#3324=CARTESIAN_POINT('',(-84.000000834465,-248.301165197144,7.30000013411045));
#3325=CARTESIAN_POINT('',(-78.1250008046627,-255.505012230831,7.30000013411045));
#3326=CARTESIAN_POINT('Origin',(-78.1250008046627,-255.505012230831,0.30000013411045));
#3327=CARTESIAN_POINT('',(-84.000000834465,-248.505012230831,0.30000013411045));
#3328=CARTESIAN_POINT('Origin',(-84.000000834465,-255.505012230831,0.30000013411045));
#3329=CARTESIAN_POINT('',(-78.1250008046627,-248.505012230831,0.30000013411045));
#3330=CARTESIAN_POINT('Origin',(-68.2500007748604,-248.505012230831,-24.4459526456532));
#3331=CARTESIAN_POINT('',(-84.000000834465,-248.505012230831,-46.1459526456532));
#3332=CARTESIAN_POINT('',(-84.000000834465,-248.505012230831,-2.95946448423989));
#3333=CARTESIAN_POINT('',(-68.3750008493662,-248.505012230831,0.0540473543468201));
#3334=CARTESIAN_POINT('',(-68.1250008046627,-248.505012230831,-46.1459526456532));
#3335=CARTESIAN_POINT('Origin',(-68.1250008046627,-258.505012230831,-46.1459526456532));
#3336=CARTESIAN_POINT('',(-84.000000834465,-258.505012230831,-56.1459526456532));
#3337=CARTESIAN_POINT('Origin',(-84.000000834465,-258.505012230831,-46.1459526456532));
#3338=CARTESIAN_POINT('',(-88.000000834465,-258.505012230831,-56.1459526456532));
#3339=CARTESIAN_POINT('Origin',(-68.000000834465,-242.80464980642,-56.1459526456532));
#3340=CARTESIAN_POINT('',(-84.000000834465,-281.50464980642,-56.1459526456532));
#3341=CARTESIAN_POINT('',(-84.000000834465,-228.303488271236,-56.1459526456532));
#3342=CARTESIAN_POINT('',(-87.000000834465,-281.50464980642,-56.1459526456532));
#3343=CARTESIAN_POINT('Origin',(-78.000000834465,-281.50464980642,-46.1459526456532));
#3344=CARTESIAN_POINT('',(-84.000000834465,-291.50464980642,-46.1459526456532));
#3345=CARTESIAN_POINT('Origin',(-84.000000834465,-281.50464980642,-46.1459526456532));
#3346=CARTESIAN_POINT('',(-77.000000834465,-291.50464980642,-46.1459526456532));
#3347=CARTESIAN_POINT('Origin',(-88.000000834465,-291.50464980642,-30.1459526456532));
#3348=CARTESIAN_POINT('',(-84.0000010132789,-291.50464980642,0.0540473543468201));
#3349=CARTESIAN_POINT('',(-84.0000010132789,-291.50464980642,-5.80946448423988));
#3350=CARTESIAN_POINT('',(-78.500000923872,-291.50464980642,0.0540473543468201));
#3351=CARTESIAN_POINT('Origin',(-86.000000923872,-289.50464980642,-5.80946448423988));
#3352=CARTESIAN_POINT('',(-88.000000834465,-287.50464980642,0.0540473543468201));
#3353=CARTESIAN_POINT('',(-93.6750011026859,-281.829649284507,0.0540473543468206));
#3354=CARTESIAN_POINT('',(-88.000000834465,-287.50464980642,-46.1459526456532));
#3355=CARTESIAN_POINT('',(-88.000000834465,-287.50464980642,-5.80946448423988));
#3356=CARTESIAN_POINT('',(-84.000000834465,-291.50464980642,-46.1459526456532));
#3357=CARTESIAN_POINT('Origin',(-86.000000834465,-281.50464980642,-46.1459526456532));
#3358=CARTESIAN_POINT('',(-88.000000834465,-281.50464980642,-52.1459526456532));
#3359=CARTESIAN_POINT('Origin',(-88.000000834465,-281.50464980642,-46.1459526456532));
#3360=CARTESIAN_POINT('',(-84.000000834465,-281.50464980642,-56.1459526456532));
#3361=CARTESIAN_POINT('Origin',(-86.000000834465,-228.303488271236,-54.1459526456532));
#3362=CARTESIAN_POINT('',(-88.000000834465,-258.505012230831,-52.1459526456532));
#3363=CARTESIAN_POINT('',(-88.000000834465,-228.303488271236,-52.1459526456532));
#3364=CARTESIAN_POINT('',(-84.000000834465,-258.505012230831,-56.1459526456532));
#3365=CARTESIAN_POINT('Origin',(-86.000000834465,-258.505012230831,-46.1459526456532));
#3366=CARTESIAN_POINT('',(-88.000000834465,-252.505012230831,-46.1459526456532));
#3367=CARTESIAN_POINT('Origin',(-88.000000834465,-258.505012230831,-46.1459526456532));
#3368=CARTESIAN_POINT('',(-84.000000834465,-248.505012230831,-46.1459526456532));
#3369=CARTESIAN_POINT('Origin',(-86.000000834465,-250.505012230831,-2.95946448423989));
#3370=CARTESIAN_POINT('',(-88.000000834465,-252.505012230831,0.30000013411045));
#3371=CARTESIAN_POINT('',(-88.000000834465,-252.505012230831,-2.95946448423989));
#3372=CARTESIAN_POINT('',(-84.000000834465,-248.505012230831,0.30000013411045));
#3373=CARTESIAN_POINT('Origin',(-86.000000834465,-255.505012230831,0.30000013411045));
#3374=CARTESIAN_POINT('',(-88.000000834465,-255.505012230831,3.30000013411045));
#3375=CARTESIAN_POINT('',(-84.000000834465,-255.505012230831,7.30000013411045));
#3376=CARTESIAN_POINT('Origin',(-88.000000834465,-255.505012230831,0.30000013411045));
#3377=CARTESIAN_POINT('Origin',(-86.000000834465,-248.301165197144,5.30000013411045));
#3378=CARTESIAN_POINT('',(-88.000000834465,-248.301165197144,3.30000013411045));
#3379=CARTESIAN_POINT('Origin',(-88.000000834465,-213.802326736053,18.5270236771734));
#3380=CARTESIAN_POINT('',(-88.000000834465,-287.505012230831,9.9043126298902));
#3381=CARTESIAN_POINT('',(-88.000000834465,-287.505012230831,0.0540473543468201));
#3382=CARTESIAN_POINT('',(-88.000000834465,-287.505012230831,26.7905355157601));
#3383=CARTESIAN_POINT('Origin',(-88.000000834465,-281.505012230831,9.9043126298902));
#3384=CARTESIAN_POINT('',(-88.000000834465,-190.278578877339,0.0540473543468201));
#3385=CARTESIAN_POINT('Origin',(-68.000000834465,-240.80464980642,0.0540473543468201));
#3386=CARTESIAN_POINT('',(-84.000000834465,-291.505012230831,0.0540473543468201));
#3387=CARTESIAN_POINT('',(-93.6750914405679,-281.829921624728,0.0540473543468178));
#3388=CARTESIAN_POINT('',(-63.250000834465,-291.505012230831,0.0540473543468201));
#3389=CARTESIAN_POINT('Origin',(-68.000000834465,-291.505012230831,35.0540473543468));
#3390=CARTESIAN_POINT('',(-84.000000834465,-291.505012230831,26.7905355157601));
#3391=CARTESIAN_POINT('Origin',(-86.000000834465,-289.505012230831,26.7905355157601));
#3392=CARTESIAN_POINT('',(-88.000000834465,-287.505012230831,9.9043126298902));
#3393=CARTESIAN_POINT('Origin',(-86.000000834465,-281.505012230831,9.9043126298902));
#3394=CARTESIAN_POINT('Origin',(-85.500000834465,-59.50464980642,17.5540473543468));
#3395=CARTESIAN_POINT('',(-85.500000834465,-56.50464980642,17.5540473543468));
#3396=CARTESIAN_POINT('Origin',(-85.500000834465,-59.50464980642,17.5540473543468));
#3397=CARTESIAN_POINT('',(-85.500000834465,-57.90464980642,17.5540473543468));
#3398=CARTESIAN_POINT('Origin',(-85.500000834465,-59.50464980642,17.5540473543468));
#3399=CARTESIAN_POINT('Origin',(-88.500000834465,-59.50464980642,17.5540473543468));
#3400=CARTESIAN_POINT('',(-88.500000834465,-56.50464980642,17.5540473543468));
#3401=CARTESIAN_POINT('Origin',(-88.500000834465,-59.50464980642,17.5540473543468));
#3402=CARTESIAN_POINT('',(-88.500000834465,-57.90464980642,17.5540473543468));
#3403=CARTESIAN_POINT('Origin',(-58.000000834465,-67.2648787174759,14.0896179713299));
#3404=CARTESIAN_POINT('',(-58.000000834465,-49.6799918950348,15.6896179713299));
#3405=CARTESIAN_POINT('',(-56.400000834465,-50.123939329591,14.0896179713299));
#3406=CARTESIAN_POINT('Ctrl Pts',(-58.000000834465,-49.6799918950348,15.6896179713299));
#3407=CARTESIAN_POINT('Ctrl Pts',(-57.7998443995018,-49.6799918950348,15.6896179713299));
#3408=CARTESIAN_POINT('Ctrl Pts',(-57.5865501535444,-49.687303371315,15.6497158357347));
#3409=CARTESIAN_POINT('Ctrl Pts',(-57.194918350915,-49.7199671351909,15.4884349294716));
#3410=CARTESIAN_POINT('Ctrl Pts',(-57.0166037521761,-49.7456810558196,15.3670738555291));
#3411=CARTESIAN_POINT('Ctrl Pts',(-56.7285068736695,-49.8136684817716,15.0827492725075));
#3412=CARTESIAN_POINT('Ctrl Pts',(-56.6029762114155,-49.8613922524126,14.8987317276443));
#3413=CARTESIAN_POINT('Ctrl Pts',(-56.438801688503,-49.9799307377357,14.5007140873142));
#3414=CARTESIAN_POINT('Ctrl Pts',(-56.400000834465,-50.0510874081419,14.286880696945));
#3415=CARTESIAN_POINT('Ctrl Pts',(-56.400000834465,-50.123939329591,14.0896179713299));
#3416=CARTESIAN_POINT('Ctrl Pts',(-56.400000834465,-50.123939329591,14.0896179713299));
#3417=CARTESIAN_POINT('Ctrl Pts',(-56.400000834465,-50.2005211350104,13.8822557581025));
#3418=CARTESIAN_POINT('Ctrl Pts',(-56.4424788910305,-50.2898414432937,13.6636149939168));
#3419=CARTESIAN_POINT('Ctrl Pts',(-56.6128247994123,-50.4693791383832,13.2631219206023));
#3420=CARTESIAN_POINT('Ctrl Pts',(-56.7405900731416,-50.5593080974939,13.0810967582882));
#3421=CARTESIAN_POINT('Ctrl Pts',(-57.0269698616514,-50.7028004514299,12.8054246109205));
#3422=CARTESIAN_POINT('Ctrl Pts',(-57.2005795729973,-50.7679167421332,12.6880679119447));
#3423=CARTESIAN_POINT('Ctrl Pts',(-57.5862010261281,-50.8578050559031,12.5300711670878));
#3424=CARTESIAN_POINT('Ctrl Pts',(-57.7984433063938,-50.8819150300028,12.4896179713299));
#3425=CARTESIAN_POINT('Ctrl Pts',(-58.2015583625362,-50.8819150300028,12.4896179713299));
#3426=CARTESIAN_POINT('Ctrl Pts',(-58.413800642802,-50.8578050559031,12.5300711670878));
#3427=CARTESIAN_POINT('Ctrl Pts',(-58.7994220959327,-50.7679167421332,12.6880679119447));
#3428=CARTESIAN_POINT('Ctrl Pts',(-58.9730318072787,-50.7028004514299,12.8054246109205));
#3429=CARTESIAN_POINT('Ctrl Pts',(-59.2594115957884,-50.5593080974939,13.0810967582882));
#3430=CARTESIAN_POINT('Ctrl Pts',(-59.3871768695177,-50.4693791383832,13.2631219206023));
#3431=CARTESIAN_POINT('Ctrl Pts',(-59.5575227778996,-50.2898414432937,13.6636149939168));
#3432=CARTESIAN_POINT('Ctrl Pts',(-59.600000834465,-50.2005211350104,13.8822557581025));
#3433=CARTESIAN_POINT('Ctrl Pts',(-59.600000834465,-50.0510874081419,14.286880696945));
#3434=CARTESIAN_POINT('Ctrl Pts',(-59.561199980427,-49.9799307377357,14.5007140873142));
#3435=CARTESIAN_POINT('Ctrl Pts',(-59.3970254575145,-49.8613922524126,14.8987317276443));
#3436=CARTESIAN_POINT('Ctrl Pts',(-59.2714947952605,-49.8136684817716,15.0827492725075));
#3437=CARTESIAN_POINT('Ctrl Pts',(-58.9833979167539,-49.7456810558196,15.3670738555291));
#3438=CARTESIAN_POINT('Ctrl Pts',(-58.805083318015,-49.7199671351909,15.4884349294716));
#3439=CARTESIAN_POINT('Ctrl Pts',(-58.4134515153856,-49.687303371315,15.6497158357347));
#3440=CARTESIAN_POINT('Ctrl Pts',(-58.2001572694283,-49.6799918950348,15.6896179713299));
#3441=CARTESIAN_POINT('Ctrl Pts',(-58.000000834465,-49.6799918950348,15.6896179713299));
#3442=CARTESIAN_POINT('',(-56.400000834465,-46.2648787174759,14.0896179713299));
#3443=CARTESIAN_POINT('',(-56.400000834465,-67.2648787174759,14.0896179713299));
#3444=CARTESIAN_POINT('Origin',(-58.000000834465,-46.2648787174759,14.0896179713299));
#3445=CARTESIAN_POINT('Origin',(-58.000000834465,-67.2648787174759,21.0184767373637));
#3446=CARTESIAN_POINT('',(-58.000000834465,-50.8819150300028,22.6184767373637));
#3447=CARTESIAN_POINT('',(-56.400000834465,-50.123939329591,21.0184767373637));
#3448=CARTESIAN_POINT('Ctrl Pts',(-58.000000834465,-50.8819150300028,22.6184767373637));
#3449=CARTESIAN_POINT('Ctrl Pts',(-57.7984433063938,-50.8819150300028,22.6184767373637));
#3450=CARTESIAN_POINT('Ctrl Pts',(-57.5862010261281,-50.857805055903,22.5780235416057));
#3451=CARTESIAN_POINT('Ctrl Pts',(-57.2005795729973,-50.7679167421331,22.4200267967489));
#3452=CARTESIAN_POINT('Ctrl Pts',(-57.0269698616514,-50.7028004514299,22.302670097773));
#3453=CARTESIAN_POINT('Ctrl Pts',(-56.7405900731416,-50.5593080974939,22.0269979504054));
#3454=CARTESIAN_POINT('Ctrl Pts',(-56.6128247994123,-50.4693791383832,21.8449727880913));
#3455=CARTESIAN_POINT('Ctrl Pts',(-56.4424788910305,-50.2898414432936,21.4444797147767));
#3456=CARTESIAN_POINT('Ctrl Pts',(-56.400000834465,-50.2005211350104,21.2258389505911));
#3457=CARTESIAN_POINT('Ctrl Pts',(-56.400000834465,-50.123939329591,21.0184767373637));
#3458=CARTESIAN_POINT('Ctrl Pts',(-56.400000834465,-50.123939329591,21.0184767373637));
#3459=CARTESIAN_POINT('Ctrl Pts',(-56.400000834465,-50.0510874081419,20.8212140117486));
#3460=CARTESIAN_POINT('Ctrl Pts',(-56.438801688503,-49.9799307377356,20.6073806213794));
#3461=CARTESIAN_POINT('Ctrl Pts',(-56.6029762114155,-49.8613922524126,20.2093629810493));
#3462=CARTESIAN_POINT('Ctrl Pts',(-56.7285068736695,-49.8136684817716,20.025345436186));
#3463=CARTESIAN_POINT('Ctrl Pts',(-57.0166037521761,-49.7456810558195,19.7410208531645));
#3464=CARTESIAN_POINT('Ctrl Pts',(-57.1949183509151,-49.7199671351909,19.619659779222));
#3465=CARTESIAN_POINT('Ctrl Pts',(-57.5865501535445,-49.687303371315,19.4583788729588));
#3466=CARTESIAN_POINT('Ctrl Pts',(-57.7998443995018,-49.6799918950348,19.4184767373637));
#3467=CARTESIAN_POINT('Ctrl Pts',(-58.2001572694283,-49.6799918950348,19.4184767373637));
#3468=CARTESIAN_POINT('Ctrl Pts',(-58.4134515153856,-49.687303371315,19.4583788729588));
#3469=CARTESIAN_POINT('Ctrl Pts',(-58.805083318015,-49.7199671351909,19.619659779222));
#3470=CARTESIAN_POINT('Ctrl Pts',(-58.9833979167539,-49.7456810558195,19.7410208531645));
#3471=CARTESIAN_POINT('Ctrl Pts',(-59.2714947952605,-49.8136684817716,20.025345436186));
#3472=CARTESIAN_POINT('Ctrl Pts',(-59.3970254575145,-49.8613922524126,20.2093629810493));
#3473=CARTESIAN_POINT('Ctrl Pts',(-59.561199980427,-49.9799307377356,20.6073806213794));
#3474=CARTESIAN_POINT('Ctrl Pts',(-59.600000834465,-50.0510874081419,20.8212140117486));
#3475=CARTESIAN_POINT('Ctrl Pts',(-59.600000834465,-50.2005211350104,21.2258389505911));
#3476=CARTESIAN_POINT('Ctrl Pts',(-59.5575227778996,-50.2898414432936,21.4444797147767));
#3477=CARTESIAN_POINT('Ctrl Pts',(-59.3871768695177,-50.4693791383832,21.8449727880913));
#3478=CARTESIAN_POINT('Ctrl Pts',(-59.2594115957884,-50.5593080974939,22.0269979504054));
#3479=CARTESIAN_POINT('Ctrl Pts',(-58.9730318072787,-50.7028004514299,22.302670097773));
#3480=CARTESIAN_POINT('Ctrl Pts',(-58.7994220959327,-50.7679167421331,22.4200267967489));
#3481=CARTESIAN_POINT('Ctrl Pts',(-58.413800642802,-50.857805055903,22.5780235416057));
#3482=CARTESIAN_POINT('Ctrl Pts',(-58.2015583625362,-50.8819150300028,22.6184767373637));
#3483=CARTESIAN_POINT('Ctrl Pts',(-58.000000834465,-50.8819150300028,22.6184767373637));
#3484=CARTESIAN_POINT('',(-56.400000834465,-46.2648787174759,21.0184767373637));
#3485=CARTESIAN_POINT('',(-56.400000834465,-67.2648787174759,21.0184767373637));
#3486=CARTESIAN_POINT('Origin',(-58.000000834465,-46.2648787174759,21.0184767373637));
#3487=CARTESIAN_POINT('Origin',(-58.000000834465,-35.2648787174759,14.0896179713299));
#3488=CARTESIAN_POINT('',(-55.000000834465,-46.2648787174759,14.0896179713299));
#3489=CARTESIAN_POINT('',(-55.000000834465,-35.2648787174759,14.0896179713299));
#3490=CARTESIAN_POINT('Origin',(-58.000000834465,-46.2648787174759,14.0896179713299));
#3491=CARTESIAN_POINT('Origin',(-58.000000834465,-35.2648787174759,21.0184767373637));
#3492=CARTESIAN_POINT('',(-55.000000834465,-46.2648787174759,21.0184767373637));
#3493=CARTESIAN_POINT('',(-55.000000834465,-35.2648787174759,21.0184767373637));
#3494=CARTESIAN_POINT('Origin',(-58.000000834465,-46.2648787174759,21.0184767373637));
#3495=CARTESIAN_POINT('Origin',(-58.000000834465,-46.2648787174759,14.0896179713299));
#3496=CARTESIAN_POINT('Origin',(-58.000000834465,-46.2648787174759,21.0184767373637));
#3497=CARTESIAN_POINT('Origin',(-53.000000834465,-59.50464980642,17.5540473543468));
#3498=CARTESIAN_POINT('',(-53.000000834465,-67.00464980642,24.1684256320083));
#3499=CARTESIAN_POINT('',(-53.000000834465,-67.00464980642,10.9396690766853));
#3500=CARTESIAN_POINT('Origin',(-53.000000834465,-67.00464980642,24.1684256320083));
#3501=CARTESIAN_POINT('',(-56.400000834465,-67.00464980642,21.0184767373637));
#3502=CARTESIAN_POINT('Origin',(-58.000000834465,-67.00464980642,21.0184767373637));
#3503=CARTESIAN_POINT('',(-56.400000834465,-67.00464980642,14.0896179713299));
#3504=CARTESIAN_POINT('Origin',(-58.000000834465,-67.00464980642,14.0896179713299));
#3505=CARTESIAN_POINT('Origin',(-58.000000834465,-67.2648787174759,21.0184767373637));
#3506=CARTESIAN_POINT('',(-56.400000834465,-97.2648787174759,21.0184767373637));
#3507=CARTESIAN_POINT('',(-56.400000834465,-67.2648787174759,21.0184767373637));
#3508=CARTESIAN_POINT('Origin',(-58.000000834465,-97.2648787174759,21.0184767373637));
#3509=CARTESIAN_POINT('Origin',(-58.000000834465,-97.2648787174759,21.0184767373637));
#3510=CARTESIAN_POINT('Origin',(-58.000000834465,-67.2648787174759,14.0896179713299));
#3511=CARTESIAN_POINT('',(-56.400000834465,-97.2648787174759,14.0896179713299));
#3512=CARTESIAN_POINT('',(-56.400000834465,-67.2648787174759,14.0896179713299));
#3513=CARTESIAN_POINT('Origin',(-58.000000834465,-97.2648787174759,14.0896179713299));
#3514=CARTESIAN_POINT('Origin',(-58.000000834465,-97.2648787174759,14.0896179713299));
#3515=UNCERTAINTY_MEASURE_WITH_UNIT(LENGTH_MEASURE(0.01),#3519,
'DISTANCE_ACCURACY_VALUE',
'Maximum model space distance between geometric entities at asserted c
onnectivities');
#3516=UNCERTAINTY_MEASURE_WITH_UNIT(LENGTH_MEASURE(0.01),#3519,
'DISTANCE_ACCURACY_VALUE',
'Maximum model space distance between geometric entities at asserted c
onnectivities');
#3517=(
GEOMETRIC_REPRESENTATION_CONTEXT(3)
GLOBAL_UNCERTAINTY_ASSIGNED_CONTEXT((#3515))
GLOBAL_UNIT_ASSIGNED_CONTEXT((#3519,#3521,#3522))
REPRESENTATION_CONTEXT('','3D')
);
#3518=(
GEOMETRIC_REPRESENTATION_CONTEXT(3)
GLOBAL_UNCERTAINTY_ASSIGNED_CONTEXT((#3516))
GLOBAL_UNIT_ASSIGNED_CONTEXT((#3519,#3521,#3522))
REPRESENTATION_CONTEXT('','3D')
);
#3519=(
LENGTH_UNIT()
NAMED_UNIT(*)
SI_UNIT(.MILLI.,.METRE.)
);
#3520=(
LENGTH_UNIT()
NAMED_UNIT(*)
SI_UNIT($,.METRE.)
);
#3521=(
NAMED_UNIT(*)
PLANE_ANGLE_UNIT()
SI_UNIT($,.RADIAN.)
);
#3522=(
NAMED_UNIT(*)
SI_UNIT($,.STERADIAN.)
SOLID_ANGLE_UNIT()
);
#3523=SHAPE_DEFINITION_REPRESENTATION(#3524,#3525);
#3524=PRODUCT_DEFINITION_SHAPE('',$,#3527);
#3525=SHAPE_REPRESENTATION('',(#2016),#3517);
#3526=PRODUCT_DEFINITION_CONTEXT('part definition',#3531,'design');
#3527=PRODUCT_DEFINITION('2026-09-26-21-35-16-115',
'shoulder shaft right',#3528,#3526);
#3528=PRODUCT_DEFINITION_FORMATION('',$,#3533);
#3529=PRODUCT_RELATED_PRODUCT_CATEGORY('shoulder shaft right',
'shoulder shaft right',(#3533));
#3530=APPLICATION_PROTOCOL_DEFINITION('international standard',
'automotive_design',2009,#3531);
#3531=APPLICATION_CONTEXT(
'Core Data for Automotive Mechanical Design Process');
#3532=PRODUCT_CONTEXT('part definition',#3531,'mechanical');
#3533=PRODUCT('2026-09-26-21-35-16-115','shoulder shaft right',$,(#3532));
#3534=PRESENTATION_STYLE_ASSIGNMENT((#3535));
#3535=SURFACE_STYLE_USAGE(.BOTH.,#3536);
#3536=SURFACE_SIDE_STYLE('',(#3537));
#3537=SURFACE_STYLE_FILL_AREA(#3538);
#3538=FILL_AREA_STYLE('Steel - Satin',(#3539));
#3539=FILL_AREA_STYLE_COLOUR('Steel - Satin',#3540);
#3540=COLOUR_RGB('Steel - Satin',0.627450980392157,0.627450980392157,0.627450980392157);
ENDSEC;
END-ISO-10303-21;
