ISO-10303-21;
HEADER;
/* Generated by software containing ST-Developer
 * from STEP Tools, Inc. (www.steptools.com) 
 */

FILE_DESCRIPTION(
/* description */ (''),
/* implementation_level */ '2;1');

FILE_NAME(
/* name */ 'soulder base v3.step',
/* time_stamp */ '2026-09-26T21:29:09-07:00',
/* author */ (''),
/* organization */ (''),
/* preprocessor_version */ 'ST-DEVELOPER v20.2',
/* originating_system */ 'Autodesk Translation Framework v15.15.0.0',
/* authorisation */ '');

FILE_SCHEMA (('AUTOMOTIVE_DESIGN { 1 0 10303 214 3 1 1 }'));
ENDSEC;

DATA;
#10=MECHANICAL_DESIGN_GEOMETRIC_PRESENTATION_REPRESENTATION('',(#13),#3525);
#11=SHAPE_REPRESENTATION_RELATIONSHIP('SRR','None',#3532,#12);
#12=ADVANCED_BREP_SHAPE_REPRESENTATION('',(#2014),#3524);
#13=STYLED_ITEM('',(#3541),#2014);
#14=ORIENTED_CLOSED_SHELL('',*,#2012,.F.);
#15=ORIENTED_CLOSED_SHELL('',*,#2013,.F.);
#16=CONICAL_SURFACE('',#2206,22.,0.785398163397448);
#17=ELLIPSE('',#2145,5.84760880032616,2.);
#18=ELLIPSE('',#2148,5.84760880032616,2.);
#19=ELLIPSE('',#2151,190.0472860106,65.);
#20=ELLIPSE('',#2152,91.9238815542512,65.);
#21=ELLIPSE('',#2165,91.9238815542512,65.);
#22=ELLIPSE('',#2166,190.0472860106,65.);
#23=B_SPLINE_CURVE_WITH_KNOTS('',3,(#3205,#3206,#3207,#3208,#3209,#3210,
#3211,#3212,#3213,#3214,#3215,#3216,#3217,#3218,#3219,#3220,#3221,#3222,
#3223,#3224,#3225,#3226,#3227,#3228,#3229,#3230,#3231,#3232,#3233,#3234,
#3235,#3236,#3237,#3238),.UNSPECIFIED.,.T.,.F.,(4,2,2,2,2,2,2,2,2,2,2,2,
2,2,2,2,4),(0.,0.0600512798392429,0.120102559678486,0.183256544676909,0.246410529675333,
0.311537103227303,0.376663676779272,0.436950165474208,0.497236654169144,
0.557523142864079,0.617809631559015,0.682936205110985,0.748062778662954,
0.811216763661378,0.874370748659802,0.934422028499044,0.994473308338287),
 .UNSPECIFIED.);
#24=B_SPLINE_CURVE_WITH_KNOTS('',3,(#3242,#3243,#3244,#3245,#3246,#3247,
#3248,#3249,#3250,#3251,#3252,#3253,#3254,#3255,#3256,#3257,#3258,#3259,
#3260,#3261,#3262,#3263,#3264,#3265,#3266,#3267,#3268,#3269,#3270,#3271,
#3272,#3273,#3274,#3275),.UNSPECIFIED.,.T.,.F.,(4,2,2,2,2,2,2,2,2,2,2,2,
2,2,2,2,4),(0.,0.0602864886949356,0.120572977389871,0.185699550941841,0.250826124493811,
0.313980109492234,0.377134094490658,0.437185374329901,0.497236654169144,
0.557287934008386,0.617339213847629,0.680493198846053,0.743647183844476,
0.808773757396446,0.873900330948416,0.934186819643352,0.994473308338287),
 .UNSPECIFIED.);
#25=B_SPLINE_CURVE_WITH_KNOTS('',3,(#3318,#3319,#3320,#3321,#3322,#3323,
#3324,#3325,#3326,#3327,#3328,#3329,#3330,#3331,#3332,#3333,#3334,#3335,
#3336,#3337,#3338,#3339,#3340,#3341,#3342,#3343,#3344,#3345,#3346,#3347,
#3348,#3349,#3350,#3351),.UNSPECIFIED.,.T.,.F.,(4,2,2,2,2,2,2,2,2,2,2,2,
2,2,2,2,4),(0.,0.0602864886949356,0.120572977389871,0.185699550941841,0.250826124493811,
0.313980109492235,0.377134094490658,0.437185374329901,0.497236654169143,
0.557287934008386,0.617339213847629,0.680493198846053,0.743647183844476,
0.808773757396446,0.873900330948416,0.934186819643352,0.994473308338287),
 .UNSPECIFIED.);
#26=B_SPLINE_CURVE_WITH_KNOTS('',3,(#3353,#3354,#3355,#3356,#3357,#3358,
#3359,#3360,#3361,#3362,#3363,#3364,#3365,#3366,#3367,#3368,#3369,#3370,
#3371,#3372,#3373,#3374,#3375,#3376,#3377,#3378,#3379,#3380,#3381,#3382,
#3383,#3384,#3385,#3386),.UNSPECIFIED.,.T.,.F.,(4,2,2,2,2,2,2,2,2,2,2,2,
2,2,2,2,4),(0.,0.0600512798392425,0.120102559678485,0.183256544676909,0.246410529675333,
0.311537103227302,0.376663676779272,0.436950165474208,0.497236654169143,
0.557523142864079,0.617809631559015,0.682936205110984,0.748062778662954,
0.811216763661378,0.874370748659801,0.934422028499044,0.994473308338287),
 .UNSPECIFIED.);
#27=FACE_BOUND('',#218,.T.);
#28=FACE_BOUND('',#219,.T.);
#29=FACE_BOUND('',#225,.T.);
#30=FACE_BOUND('',#276,.T.);
#31=FACE_BOUND('',#277,.T.);
#32=FACE_BOUND('',#283,.T.);
#33=FACE_BOUND('',#289,.T.);
#34=FACE_BOUND('',#290,.T.);
#35=FACE_BOUND('',#291,.T.);
#36=FACE_BOUND('',#292,.T.);
#37=FACE_BOUND('',#303,.T.);
#38=FACE_BOUND('',#304,.T.);
#39=FACE_BOUND('',#308,.T.);
#40=FACE_BOUND('',#313,.T.);
#41=FACE_BOUND('',#320,.T.);
#42=FACE_BOUND('',#322,.T.);
#43=FACE_BOUND('',#326,.T.);
#44=FACE_BOUND('',#330,.T.);
#45=PLANE('',#2031);
#46=PLANE('',#2032);
#47=PLANE('',#2040);
#48=PLANE('',#2043);
#49=PLANE('',#2044);
#50=PLANE('',#2048);
#51=PLANE('',#2052);
#52=PLANE('',#2056);
#53=PLANE('',#2060);
#54=PLANE('',#2061);
#55=PLANE('',#2067);
#56=PLANE('',#2071);
#57=PLANE('',#2075);
#58=PLANE('',#2079);
#59=PLANE('',#2080);
#60=PLANE('',#2086);
#61=PLANE('',#2089);
#62=PLANE('',#2094);
#63=PLANE('',#2097);
#64=PLANE('',#2098);
#65=PLANE('',#2099);
#66=PLANE('',#2100);
#67=PLANE('',#2101);
#68=PLANE('',#2106);
#69=PLANE('',#2112);
#70=PLANE('',#2113);
#71=PLANE('',#2114);
#72=PLANE('',#2115);
#73=PLANE('',#2116);
#74=PLANE('',#2119);
#75=PLANE('',#2122);
#76=PLANE('',#2124);
#77=PLANE('',#2125);
#78=PLANE('',#2126);
#79=PLANE('',#2127);
#80=PLANE('',#2128);
#81=PLANE('',#2129);
#82=PLANE('',#2130);
#83=PLANE('',#2132);
#84=PLANE('',#2141);
#85=PLANE('',#2142);
#86=PLANE('',#2162);
#87=PLANE('',#2179);
#88=PLANE('',#2180);
#89=PLANE('',#2181);
#90=PLANE('',#2182);
#91=PLANE('',#2183);
#92=PLANE('',#2187);
#93=PLANE('',#2188);
#94=PLANE('',#2190);
#95=PLANE('',#2191);
#96=PLANE('',#2192);
#97=PLANE('',#2198);
#98=PLANE('',#2200);
#99=PLANE('',#2203);
#100=PLANE('',#2204);
#101=PLANE('',#2207);
#102=PLANE('',#2208);
#103=PLANE('',#2209);
#104=PLANE('',#2210);
#105=PLANE('',#2211);
#106=PLANE('',#2215);
#107=PLANE('',#2216);
#108=PLANE('',#2218);
#109=FACE_OUTER_BOUND('',#215,.T.);
#110=FACE_OUTER_BOUND('',#216,.T.);
#111=FACE_OUTER_BOUND('',#217,.T.);
#112=FACE_OUTER_BOUND('',#220,.T.);
#113=FACE_OUTER_BOUND('',#221,.T.);
#114=FACE_OUTER_BOUND('',#222,.T.);
#115=FACE_OUTER_BOUND('',#223,.T.);
#116=FACE_OUTER_BOUND('',#224,.T.);
#117=FACE_OUTER_BOUND('',#226,.T.);
#118=FACE_OUTER_BOUND('',#227,.T.);
#119=FACE_OUTER_BOUND('',#228,.T.);
#120=FACE_OUTER_BOUND('',#229,.T.);
#121=FACE_OUTER_BOUND('',#230,.T.);
#122=FACE_OUTER_BOUND('',#231,.T.);
#123=FACE_OUTER_BOUND('',#232,.T.);
#124=FACE_OUTER_BOUND('',#233,.T.);
#125=FACE_OUTER_BOUND('',#234,.T.);
#126=FACE_OUTER_BOUND('',#235,.T.);
#127=FACE_OUTER_BOUND('',#236,.T.);
#128=FACE_OUTER_BOUND('',#237,.T.);
#129=FACE_OUTER_BOUND('',#238,.T.);
#130=FACE_OUTER_BOUND('',#239,.T.);
#131=FACE_OUTER_BOUND('',#240,.T.);
#132=FACE_OUTER_BOUND('',#241,.T.);
#133=FACE_OUTER_BOUND('',#242,.T.);
#134=FACE_OUTER_BOUND('',#243,.T.);
#135=FACE_OUTER_BOUND('',#244,.T.);
#136=FACE_OUTER_BOUND('',#245,.T.);
#137=FACE_OUTER_BOUND('',#246,.T.);
#138=FACE_OUTER_BOUND('',#247,.T.);
#139=FACE_OUTER_BOUND('',#248,.T.);
#140=FACE_OUTER_BOUND('',#249,.T.);
#141=FACE_OUTER_BOUND('',#250,.T.);
#142=FACE_OUTER_BOUND('',#251,.T.);
#143=FACE_OUTER_BOUND('',#252,.T.);
#144=FACE_OUTER_BOUND('',#253,.T.);
#145=FACE_OUTER_BOUND('',#254,.T.);
#146=FACE_OUTER_BOUND('',#255,.T.);
#147=FACE_OUTER_BOUND('',#256,.T.);
#148=FACE_OUTER_BOUND('',#257,.T.);
#149=FACE_OUTER_BOUND('',#258,.T.);
#150=FACE_OUTER_BOUND('',#259,.T.);
#151=FACE_OUTER_BOUND('',#260,.T.);
#152=FACE_OUTER_BOUND('',#261,.T.);
#153=FACE_OUTER_BOUND('',#262,.T.);
#154=FACE_OUTER_BOUND('',#263,.T.);
#155=FACE_OUTER_BOUND('',#264,.T.);
#156=FACE_OUTER_BOUND('',#265,.T.);
#157=FACE_OUTER_BOUND('',#266,.T.);
#158=FACE_OUTER_BOUND('',#267,.T.);
#159=FACE_OUTER_BOUND('',#268,.T.);
#160=FACE_OUTER_BOUND('',#269,.T.);
#161=FACE_OUTER_BOUND('',#270,.T.);
#162=FACE_OUTER_BOUND('',#271,.T.);
#163=FACE_OUTER_BOUND('',#272,.T.);
#164=FACE_OUTER_BOUND('',#273,.T.);
#165=FACE_OUTER_BOUND('',#274,.T.);
#166=FACE_OUTER_BOUND('',#275,.T.);
#167=FACE_OUTER_BOUND('',#278,.T.);
#168=FACE_OUTER_BOUND('',#279,.T.);
#169=FACE_OUTER_BOUND('',#280,.T.);
#170=FACE_OUTER_BOUND('',#281,.T.);
#171=FACE_OUTER_BOUND('',#282,.T.);
#172=FACE_OUTER_BOUND('',#284,.T.);
#173=FACE_OUTER_BOUND('',#285,.T.);
#174=FACE_OUTER_BOUND('',#286,.T.);
#175=FACE_OUTER_BOUND('',#287,.T.);
#176=FACE_OUTER_BOUND('',#288,.T.);
#177=FACE_OUTER_BOUND('',#293,.T.);
#178=FACE_OUTER_BOUND('',#294,.T.);
#179=FACE_OUTER_BOUND('',#295,.T.);
#180=FACE_OUTER_BOUND('',#296,.T.);
#181=FACE_OUTER_BOUND('',#297,.T.);
#182=FACE_OUTER_BOUND('',#298,.T.);
#183=FACE_OUTER_BOUND('',#299,.T.);
#184=FACE_OUTER_BOUND('',#300,.T.);
#185=FACE_OUTER_BOUND('',#301,.T.);
#186=FACE_OUTER_BOUND('',#302,.T.);
#187=FACE_OUTER_BOUND('',#305,.T.);
#188=FACE_OUTER_BOUND('',#306,.T.);
#189=FACE_OUTER_BOUND('',#307,.T.);
#190=FACE_OUTER_BOUND('',#309,.T.);
#191=FACE_OUTER_BOUND('',#310,.T.);
#192=FACE_OUTER_BOUND('',#311,.T.);
#193=FACE_OUTER_BOUND('',#312,.T.);
#194=FACE_OUTER_BOUND('',#314,.T.);
#195=FACE_OUTER_BOUND('',#315,.T.);
#196=FACE_OUTER_BOUND('',#316,.T.);
#197=FACE_OUTER_BOUND('',#317,.T.);
#198=FACE_OUTER_BOUND('',#318,.T.);
#199=FACE_OUTER_BOUND('',#319,.T.);
#200=FACE_OUTER_BOUND('',#321,.T.);
#201=FACE_OUTER_BOUND('',#323,.T.);
#202=FACE_OUTER_BOUND('',#324,.T.);
#203=FACE_OUTER_BOUND('',#325,.T.);
#204=FACE_OUTER_BOUND('',#327,.T.);
#205=FACE_OUTER_BOUND('',#328,.T.);
#206=FACE_OUTER_BOUND('',#329,.T.);
#207=FACE_OUTER_BOUND('',#331,.T.);
#208=FACE_OUTER_BOUND('',#332,.T.);
#209=FACE_OUTER_BOUND('',#333,.T.);
#210=FACE_OUTER_BOUND('',#334,.T.);
#211=FACE_OUTER_BOUND('',#335,.T.);
#212=FACE_OUTER_BOUND('',#336,.T.);
#213=FACE_OUTER_BOUND('',#337,.T.);
#214=FACE_OUTER_BOUND('',#338,.T.);
#215=EDGE_LOOP('',(#1290,#1291,#1292,#1293));
#216=EDGE_LOOP('',(#1294,#1295,#1296,#1297));
#217=EDGE_LOOP('',(#1298,#1299,#1300,#1301,#1302,#1303,#1304,#1305,#1306,
#1307,#1308,#1309,#1310,#1311,#1312,#1313));
#218=EDGE_LOOP('',(#1314));
#219=EDGE_LOOP('',(#1315));
#220=EDGE_LOOP('',(#1316,#1317,#1318,#1319));
#221=EDGE_LOOP('',(#1320,#1321,#1322,#1323));
#222=EDGE_LOOP('',(#1324,#1325,#1326,#1327));
#223=EDGE_LOOP('',(#1328,#1329,#1330,#1331));
#224=EDGE_LOOP('',(#1332,#1333,#1334,#1335,#1336,#1337,#1338,#1339,#1340,
#1341));
#225=EDGE_LOOP('',(#1342));
#226=EDGE_LOOP('',(#1343,#1344,#1345,#1346));
#227=EDGE_LOOP('',(#1347,#1348,#1349,#1350));
#228=EDGE_LOOP('',(#1351,#1352,#1353,#1354));
#229=EDGE_LOOP('',(#1355,#1356,#1357,#1358));
#230=EDGE_LOOP('',(#1359,#1360,#1361,#1362));
#231=EDGE_LOOP('',(#1363,#1364,#1365,#1366));
#232=EDGE_LOOP('',(#1367,#1368,#1369,#1370));
#233=EDGE_LOOP('',(#1371,#1372,#1373,#1374));
#234=EDGE_LOOP('',(#1375,#1376,#1377,#1378,#1379,#1380,#1381,#1382,#1383,
#1384,#1385,#1386,#1387,#1388,#1389,#1390,#1391,#1392,#1393,#1394));
#235=EDGE_LOOP('',(#1395,#1396,#1397,#1398));
#236=EDGE_LOOP('',(#1399,#1400,#1401,#1402));
#237=EDGE_LOOP('',(#1403,#1404,#1405,#1406));
#238=EDGE_LOOP('',(#1407,#1408,#1409,#1410));
#239=EDGE_LOOP('',(#1411,#1412,#1413,#1414));
#240=EDGE_LOOP('',(#1415,#1416,#1417,#1418));
#241=EDGE_LOOP('',(#1419,#1420,#1421,#1422));
#242=EDGE_LOOP('',(#1423,#1424,#1425,#1426));
#243=EDGE_LOOP('',(#1427,#1428,#1429,#1430,#1431,#1432,#1433,#1434,#1435,
#1436,#1437,#1438,#1439,#1440,#1441,#1442,#1443,#1444,#1445,#1446));
#244=EDGE_LOOP('',(#1447,#1448,#1449,#1450));
#245=EDGE_LOOP('',(#1451,#1452,#1453,#1454));
#246=EDGE_LOOP('',(#1455,#1456,#1457,#1458));
#247=EDGE_LOOP('',(#1459,#1460,#1461,#1462));
#248=EDGE_LOOP('',(#1463,#1464,#1465,#1466));
#249=EDGE_LOOP('',(#1467,#1468,#1469,#1470));
#250=EDGE_LOOP('',(#1471,#1472,#1473,#1474));
#251=EDGE_LOOP('',(#1475,#1476,#1477,#1478));
#252=EDGE_LOOP('',(#1479,#1480,#1481,#1482));
#253=EDGE_LOOP('',(#1483,#1484,#1485,#1486));
#254=EDGE_LOOP('',(#1487,#1488,#1489,#1490));
#255=EDGE_LOOP('',(#1491,#1492,#1493,#1494));
#256=EDGE_LOOP('',(#1495,#1496,#1497,#1498,#1499,#1500,#1501,#1502,#1503,
#1504,#1505,#1506,#1507,#1508,#1509,#1510,#1511,#1512,#1513,#1514));
#257=EDGE_LOOP('',(#1515,#1516,#1517,#1518,#1519,#1520,#1521,#1522,#1523,
#1524));
#258=EDGE_LOOP('',(#1525,#1526,#1527,#1528));
#259=EDGE_LOOP('',(#1529,#1530,#1531,#1532));
#260=EDGE_LOOP('',(#1533,#1534,#1535,#1536));
#261=EDGE_LOOP('',(#1537,#1538,#1539,#1540));
#262=EDGE_LOOP('',(#1541,#1542,#1543,#1544));
#263=EDGE_LOOP('',(#1545,#1546,#1547,#1548,#1549,#1550,#1551,#1552,#1553,
#1554));
#264=EDGE_LOOP('',(#1555,#1556,#1557,#1558));
#265=EDGE_LOOP('',(#1559,#1560,#1561,#1562));
#266=EDGE_LOOP('',(#1563,#1564,#1565,#1566));
#267=EDGE_LOOP('',(#1567,#1568,#1569,#1570));
#268=EDGE_LOOP('',(#1571,#1572,#1573,#1574));
#269=EDGE_LOOP('',(#1575,#1576,#1577,#1578));
#270=EDGE_LOOP('',(#1579,#1580,#1581,#1582));
#271=EDGE_LOOP('',(#1583,#1584,#1585,#1586));
#272=EDGE_LOOP('',(#1587,#1588,#1589,#1590));
#273=EDGE_LOOP('',(#1591,#1592,#1593,#1594));
#274=EDGE_LOOP('',(#1595,#1596));
#275=EDGE_LOOP('',(#1597,#1598,#1599,#1600));
#276=EDGE_LOOP('',(#1601));
#277=EDGE_LOOP('',(#1602));
#278=EDGE_LOOP('',(#1603,#1604,#1605,#1606));
#279=EDGE_LOOP('',(#1607,#1608,#1609,#1610));
#280=EDGE_LOOP('',(#1611,#1612,#1613,#1614));
#281=EDGE_LOOP('',(#1615,#1616,#1617,#1618));
#282=EDGE_LOOP('',(#1619,#1620,#1621,#1622,#1623,#1624,#1625,#1626,#1627,
#1628));
#283=EDGE_LOOP('',(#1629));
#284=EDGE_LOOP('',(#1630,#1631,#1632,#1633,#1634,#1635,#1636,#1637,#1638,
#1639,#1640,#1641,#1642,#1643,#1644,#1645,#1646,#1647,#1648,#1649));
#285=EDGE_LOOP('',(#1650,#1651,#1652,#1653));
#286=EDGE_LOOP('',(#1654,#1655,#1656,#1657));
#287=EDGE_LOOP('',(#1658,#1659,#1660,#1661,#1662,#1663));
#288=EDGE_LOOP('',(#1664,#1665,#1666,#1667));
#289=EDGE_LOOP('',(#1668));
#290=EDGE_LOOP('',(#1669));
#291=EDGE_LOOP('',(#1670));
#292=EDGE_LOOP('',(#1671));
#293=EDGE_LOOP('',(#1672,#1673,#1674,#1675,#1676,#1677,#1678,#1679,#1680,
#1681,#1682,#1683));
#294=EDGE_LOOP('',(#1684,#1685,#1686,#1687));
#295=EDGE_LOOP('',(#1688,#1689,#1690,#1691,#1692,#1693));
#296=EDGE_LOOP('',(#1694,#1695,#1696,#1697));
#297=EDGE_LOOP('',(#1698,#1699,#1700,#1701));
#298=EDGE_LOOP('',(#1702,#1703,#1704,#1705));
#299=EDGE_LOOP('',(#1706,#1707,#1708,#1709));
#300=EDGE_LOOP('',(#1710,#1711,#1712,#1713));
#301=EDGE_LOOP('',(#1714,#1715,#1716,#1717));
#302=EDGE_LOOP('',(#1718,#1719,#1720,#1721));
#303=EDGE_LOOP('',(#1722));
#304=EDGE_LOOP('',(#1723));
#305=EDGE_LOOP('',(#1724,#1725,#1726));
#306=EDGE_LOOP('',(#1727));
#307=EDGE_LOOP('',(#1728,#1729,#1730,#1731));
#308=EDGE_LOOP('',(#1732));
#309=EDGE_LOOP('',(#1733,#1734,#1735,#1736));
#310=EDGE_LOOP('',(#1737,#1738,#1739,#1740));
#311=EDGE_LOOP('',(#1741,#1742,#1743,#1744,#1745,#1746,#1747,#1748,#1749,
#1750));
#312=EDGE_LOOP('',(#1751,#1752,#1753,#1754,#1755,#1756));
#313=EDGE_LOOP('',(#1757));
#314=EDGE_LOOP('',(#1758,#1759,#1760,#1761,#1762,#1763));
#315=EDGE_LOOP('',(#1764,#1765,#1766,#1767));
#316=EDGE_LOOP('',(#1768,#1769,#1770,#1771,#1772,#1773));
#317=EDGE_LOOP('',(#1774,#1775,#1776,#1777));
#318=EDGE_LOOP('',(#1778,#1779,#1780,#1781));
#319=EDGE_LOOP('',(#1782));
#320=EDGE_LOOP('',(#1783));
#321=EDGE_LOOP('',(#1784,#1785,#1786,#1787,#1788,#1789,#1790,#1791,#1792,
#1793,#1794,#1795,#1796,#1797,#1798,#1799));
#322=EDGE_LOOP('',(#1800));
#323=EDGE_LOOP('',(#1801,#1802,#1803,#1804));
#324=EDGE_LOOP('',(#1805,#1806,#1807,#1808));
#325=EDGE_LOOP('',(#1809));
#326=EDGE_LOOP('',(#1810));
#327=EDGE_LOOP('',(#1811,#1812,#1813,#1814));
#328=EDGE_LOOP('',(#1815,#1816,#1817,#1818));
#329=EDGE_LOOP('',(#1819,#1820,#1821,#1822,#1823,#1824));
#330=EDGE_LOOP('',(#1825));
#331=EDGE_LOOP('',(#1826,#1827,#1828,#1829,#1830,#1831));
#332=EDGE_LOOP('',(#1832,#1833,#1834,#1835,#1836,#1837,#1838,#1839,#1840,
#1841,#1842,#1843,#1844,#1845,#1846,#1847,#1848,#1849,#1850,#1851));
#333=EDGE_LOOP('',(#1852));
#334=EDGE_LOOP('',(#1853,#1854,#1855,#1856));
#335=EDGE_LOOP('',(#1857));
#336=EDGE_LOOP('',(#1858));
#337=EDGE_LOOP('',(#1859));
#338=EDGE_LOOP('',(#1860,#1861,#1862,#1863));
#339=LINE('',#2811,#535);
#340=LINE('',#2814,#536);
#341=LINE('',#2817,#537);
#342=LINE('',#2819,#538);
#343=LINE('',#2820,#539);
#344=LINE('',#2823,#540);
#345=LINE('',#2827,#541);
#346=LINE('',#2829,#542);
#347=LINE('',#2831,#543);
#348=LINE('',#2835,#544);
#349=LINE('',#2839,#545);
#350=LINE('',#2841,#546);
#351=LINE('',#2843,#547);
#352=LINE('',#2845,#548);
#353=LINE('',#2847,#549);
#354=LINE('',#2848,#550);
#355=LINE('',#2855,#551);
#356=LINE('',#2858,#552);
#357=LINE('',#2861,#553);
#358=LINE('',#2862,#554);
#359=LINE('',#2865,#555);
#360=LINE('',#2868,#556);
#361=LINE('',#2871,#557);
#362=LINE('',#2872,#558);
#363=LINE('',#2875,#559);
#364=LINE('',#2879,#560);
#365=LINE('',#2881,#561);
#366=LINE('',#2883,#562);
#367=LINE('',#2885,#563);
#368=LINE('',#2887,#564);
#369=LINE('',#2888,#565);
#370=LINE('',#2892,#566);
#371=LINE('',#2893,#567);
#372=LINE('',#2895,#568);
#373=LINE('',#2901,#569);
#374=LINE('',#2904,#570);
#375=LINE('',#2907,#571);
#376=LINE('',#2909,#572);
#377=LINE('',#2910,#573);
#378=LINE('',#2916,#574);
#379=LINE('',#2919,#575);
#380=LINE('',#2922,#576);
#381=LINE('',#2924,#577);
#382=LINE('',#2925,#578);
#383=LINE('',#2931,#579);
#384=LINE('',#2934,#580);
#385=LINE('',#2936,#581);
#386=LINE('',#2937,#582);
#387=LINE('',#2940,#583);
#388=LINE('',#2942,#584);
#389=LINE('',#2946,#585);
#390=LINE('',#2950,#586);
#391=LINE('',#2952,#587);
#392=LINE('',#2955,#588);
#393=LINE('',#2957,#589);
#394=LINE('',#2959,#590);
#395=LINE('',#2961,#591);
#396=LINE('',#2963,#592);
#397=LINE('',#2964,#593);
#398=LINE('',#2968,#594);
#399=LINE('',#2971,#595);
#400=LINE('',#2972,#596);
#401=LINE('',#2978,#597);
#402=LINE('',#2981,#598);
#403=LINE('',#2984,#599);
#404=LINE('',#2986,#600);
#405=LINE('',#2987,#601);
#406=LINE('',#2993,#602);
#407=LINE('',#2996,#603);
#408=LINE('',#2999,#604);
#409=LINE('',#3001,#605);
#410=LINE('',#3002,#606);
#411=LINE('',#3008,#607);
#412=LINE('',#3011,#608);
#413=LINE('',#3013,#609);
#414=LINE('',#3014,#610);
#415=LINE('',#3017,#611);
#416=LINE('',#3019,#612);
#417=LINE('',#3023,#613);
#418=LINE('',#3027,#614);
#419=LINE('',#3029,#615);
#420=LINE('',#3032,#616);
#421=LINE('',#3034,#617);
#422=LINE('',#3036,#618);
#423=LINE('',#3038,#619);
#424=LINE('',#3040,#620);
#425=LINE('',#3041,#621);
#426=LINE('',#3045,#622);
#427=LINE('',#3048,#623);
#428=LINE('',#3049,#624);
#429=LINE('',#3054,#625);
#430=LINE('',#3055,#626);
#431=LINE('',#3058,#627);
#432=LINE('',#3059,#628);
#433=LINE('',#3063,#629);
#434=LINE('',#3068,#630);
#435=LINE('',#3069,#631);
#436=LINE('',#3072,#632);
#437=LINE('',#3073,#633);
#438=LINE('',#3078,#634);
#439=LINE('',#3079,#635);
#440=LINE('',#3081,#636);
#441=LINE('',#3083,#637);
#442=LINE('',#3085,#638);
#443=LINE('',#3088,#639);
#444=LINE('',#3089,#640);
#445=LINE('',#3096,#641);
#446=LINE('',#3098,#642);
#447=LINE('',#3100,#643);
#448=LINE('',#3105,#644);
#449=LINE('',#3107,#645);
#450=LINE('',#3108,#646);
#451=LINE('',#3110,#647);
#452=LINE('',#3112,#648);
#453=LINE('',#3113,#649);
#454=LINE('',#3116,#650);
#455=LINE('',#3118,#651);
#456=LINE('',#3119,#652);
#457=LINE('',#3123,#653);
#458=LINE('',#3130,#654);
#459=LINE('',#3133,#655);
#460=LINE('',#3136,#656);
#461=LINE('',#3137,#657);
#462=LINE('',#3139,#658);
#463=LINE('',#3141,#659);
#464=LINE('',#3143,#660);
#465=LINE('',#3148,#661);
#466=LINE('',#3151,#662);
#467=LINE('',#3152,#663);
#468=LINE('',#3154,#664);
#469=LINE('',#3157,#665);
#470=LINE('',#3161,#666);
#471=LINE('',#3164,#667);
#472=LINE('',#3166,#668);
#473=LINE('',#3167,#669);
#474=LINE('',#3169,#670);
#475=LINE('',#3171,#671);
#476=LINE('',#3174,#672);
#477=LINE('',#3176,#673);
#478=LINE('',#3177,#674);
#479=LINE('',#3180,#675);
#480=LINE('',#3182,#676);
#481=LINE('',#3183,#677);
#482=LINE('',#3185,#678);
#483=LINE('',#3186,#679);
#484=LINE('',#3191,#680);
#485=LINE('',#3195,#681);
#486=LINE('',#3196,#682);
#487=LINE('',#3197,#683);
#488=LINE('',#3204,#684);
#489=LINE('',#3241,#685);
#490=LINE('',#3279,#686);
#491=LINE('',#3283,#687);
#492=LINE('',#3289,#688);
#493=LINE('',#3293,#689);
#494=LINE('',#3298,#690);
#495=LINE('',#3302,#691);
#496=LINE('',#3306,#692);
#497=LINE('',#3315,#693);
#498=LINE('',#3391,#694);
#499=LINE('',#3395,#695);
#500=LINE('',#3400,#696);
#501=LINE('',#3403,#697);
#502=LINE('',#3404,#698);
#503=LINE('',#3408,#699);
#504=LINE('',#3419,#700);
#505=LINE('',#3422,#701);
#506=LINE('',#3426,#702);
#507=LINE('',#3430,#703);
#508=LINE('',#3433,#704);
#509=LINE('',#3434,#705);
#510=LINE('',#3440,#706);
#511=LINE('',#3442,#707);
#512=LINE('',#3443,#708);
#513=LINE('',#3447,#709);
#514=LINE('',#3452,#710);
#515=LINE('',#3453,#711);
#516=LINE('',#3455,#712);
#517=LINE('',#3456,#713);
#518=LINE('',#3459,#714);
#519=LINE('',#3460,#715);
#520=LINE('',#3465,#716);
#521=LINE('',#3466,#717);
#522=LINE('',#3469,#718);
#523=LINE('',#3470,#719);
#524=LINE('',#3473,#720);
#525=LINE('',#3474,#721);
#526=LINE('',#3477,#722);
#527=LINE('',#3483,#723);
#528=LINE('',#3489,#724);
#529=LINE('',#3490,#725);
#530=LINE('',#3493,#726);
#531=LINE('',#3500,#727);
#532=LINE('',#3503,#728);
#533=LINE('',#3511,#729);
#534=LINE('',#3521,#730);
#535=VECTOR('',#2227,10.);
#536=VECTOR('',#2230,10.);
#537=VECTOR('',#2233,10.);
#538=VECTOR('',#2234,10.);
#539=VECTOR('',#2235,10.);
#540=VECTOR('',#2238,10.);
#541=VECTOR('',#2241,10.);
#542=VECTOR('',#2242,10.);
#543=VECTOR('',#2243,10.);
#544=VECTOR('',#2246,10.);
#545=VECTOR('',#2249,10.);
#546=VECTOR('',#2250,10.);
#547=VECTOR('',#2251,10.);
#548=VECTOR('',#2252,10.);
#549=VECTOR('',#2253,10.);
#550=VECTOR('',#2254,10.);
#551=VECTOR('',#2261,10.);
#552=VECTOR('',#2264,10.);
#553=VECTOR('',#2267,10.);
#554=VECTOR('',#2268,10.);
#555=VECTOR('',#2271,10.);
#556=VECTOR('',#2274,10.);
#557=VECTOR('',#2277,10.);
#558=VECTOR('',#2278,10.);
#559=VECTOR('',#2281,10.);
#560=VECTOR('',#2284,10.);
#561=VECTOR('',#2285,10.);
#562=VECTOR('',#2286,10.);
#563=VECTOR('',#2287,10.);
#564=VECTOR('',#2288,10.);
#565=VECTOR('',#2289,10.);
#566=VECTOR('',#2294,10.);
#567=VECTOR('',#2295,10.);
#568=VECTOR('',#2298,10.);
#569=VECTOR('',#2303,10.);
#570=VECTOR('',#2306,10.);
#571=VECTOR('',#2309,10.);
#572=VECTOR('',#2310,10.);
#573=VECTOR('',#2311,10.);
#574=VECTOR('',#2316,10.);
#575=VECTOR('',#2319,10.);
#576=VECTOR('',#2322,10.);
#577=VECTOR('',#2323,10.);
#578=VECTOR('',#2324,10.);
#579=VECTOR('',#2329,10.);
#580=VECTOR('',#2332,10.);
#581=VECTOR('',#2335,10.);
#582=VECTOR('',#2336,10.);
#583=VECTOR('',#2339,10.);
#584=VECTOR('',#2340,10.);
#585=VECTOR('',#2343,10.);
#586=VECTOR('',#2346,10.);
#587=VECTOR('',#2347,10.);
#588=VECTOR('',#2350,10.);
#589=VECTOR('',#2351,10.);
#590=VECTOR('',#2352,10.);
#591=VECTOR('',#2353,10.);
#592=VECTOR('',#2354,10.);
#593=VECTOR('',#2355,10.);
#594=VECTOR('',#2360,10.);
#595=VECTOR('',#2363,10.);
#596=VECTOR('',#2364,10.);
#597=VECTOR('',#2369,10.);
#598=VECTOR('',#2372,10.);
#599=VECTOR('',#2375,10.);
#600=VECTOR('',#2376,10.);
#601=VECTOR('',#2377,10.);
#602=VECTOR('',#2382,10.);
#603=VECTOR('',#2385,10.);
#604=VECTOR('',#2388,10.);
#605=VECTOR('',#2389,10.);
#606=VECTOR('',#2390,10.);
#607=VECTOR('',#2395,10.);
#608=VECTOR('',#2398,10.);
#609=VECTOR('',#2401,10.);
#610=VECTOR('',#2402,10.);
#611=VECTOR('',#2405,10.);
#612=VECTOR('',#2406,10.);
#613=VECTOR('',#2409,10.);
#614=VECTOR('',#2412,10.);
#615=VECTOR('',#2413,10.);
#616=VECTOR('',#2416,10.);
#617=VECTOR('',#2417,10.);
#618=VECTOR('',#2418,10.);
#619=VECTOR('',#2419,10.);
#620=VECTOR('',#2420,10.);
#621=VECTOR('',#2421,10.);
#622=VECTOR('',#2426,10.);
#623=VECTOR('',#2429,10.);
#624=VECTOR('',#2430,10.);
#625=VECTOR('',#2435,10.);
#626=VECTOR('',#2436,10.);
#627=VECTOR('',#2439,10.);
#628=VECTOR('',#2440,10.);
#629=VECTOR('',#2445,10.);
#630=VECTOR('',#2450,10.);
#631=VECTOR('',#2451,10.);
#632=VECTOR('',#2454,10.);
#633=VECTOR('',#2455,10.);
#634=VECTOR('',#2460,10.);
#635=VECTOR('',#2461,10.);
#636=VECTOR('',#2464,10.);
#637=VECTOR('',#2467,10.);
#638=VECTOR('',#2470,10.);
#639=VECTOR('',#2473,10.);
#640=VECTOR('',#2474,10.);
#641=VECTOR('',#2481,10.);
#642=VECTOR('',#2482,10.);
#643=VECTOR('',#2483,10.);
#644=VECTOR('',#2488,10.);
#645=VECTOR('',#2489,10.);
#646=VECTOR('',#2490,10.);
#647=VECTOR('',#2491,10.);
#648=VECTOR('',#2492,10.);
#649=VECTOR('',#2493,10.);
#650=VECTOR('',#2496,10.);
#651=VECTOR('',#2497,10.);
#652=VECTOR('',#2498,10.);
#653=VECTOR('',#2501,10.);
#654=VECTOR('',#2508,10.);
#655=VECTOR('',#2511,10.);
#656=VECTOR('',#2514,10.);
#657=VECTOR('',#2515,10.);
#658=VECTOR('',#2518,10.);
#659=VECTOR('',#2521,10.);
#660=VECTOR('',#2524,10.);
#661=VECTOR('',#2529,10.);
#662=VECTOR('',#2532,10.);
#663=VECTOR('',#2533,10.);
#664=VECTOR('',#2536,10.);
#665=VECTOR('',#2539,1.6);
#666=VECTOR('',#2546,1.59999999999999);
#667=VECTOR('',#2549,10.);
#668=VECTOR('',#2550,10.);
#669=VECTOR('',#2551,10.);
#670=VECTOR('',#2554,10.);
#671=VECTOR('',#2557,10.);
#672=VECTOR('',#2560,10.);
#673=VECTOR('',#2561,10.);
#674=VECTOR('',#2562,10.);
#675=VECTOR('',#2565,10.);
#676=VECTOR('',#2566,10.);
#677=VECTOR('',#2567,10.);
#678=VECTOR('',#2570,10.);
#679=VECTOR('',#2571,10.);
#680=VECTOR('',#2576,10.);
#681=VECTOR('',#2579,10.);
#682=VECTOR('',#2580,10.);
#683=VECTOR('',#2581,10.);
#684=VECTOR('',#2588,1.6);
#685=VECTOR('',#2591,1.6);
#686=VECTOR('',#2596,10.);
#687=VECTOR('',#2601,10.);
#688=VECTOR('',#2608,10.);
#689=VECTOR('',#2611,2.);
#690=VECTOR('',#2616,2.);
#691=VECTOR('',#2619,10.);
#692=VECTOR('',#2624,10.);
#693=VECTOR('',#2635,15.15);
#694=VECTOR('',#2642,10.);
#695=VECTOR('',#2645,20.);
#696=VECTOR('',#2650,10.);
#697=VECTOR('',#2655,10.);
#698=VECTOR('',#2656,10.);
#699=VECTOR('',#2661,10.);
#700=VECTOR('',#2678,10.);
#701=VECTOR('',#2681,10.);
#702=VECTOR('',#2686,1.6);
#703=VECTOR('',#2691,1.6);
#704=VECTOR('',#2696,10.);
#705=VECTOR('',#2697,10.);
#706=VECTOR('',#2706,10.);
#707=VECTOR('',#2707,10.);
#708=VECTOR('',#2708,10.);
#709=VECTOR('',#2711,10.);
#710=VECTOR('',#2718,10.);
#711=VECTOR('',#2719,10.);
#712=VECTOR('',#2720,10.);
#713=VECTOR('',#2721,10.);
#714=VECTOR('',#2724,10.);
#715=VECTOR('',#2725,10.);
#716=VECTOR('',#2730,10.);
#717=VECTOR('',#2731,10.);
#718=VECTOR('',#2734,10.);
#719=VECTOR('',#2735,10.);
#720=VECTOR('',#2738,10.);
#721=VECTOR('',#2739,10.);
#722=VECTOR('',#2742,23.65);
#723=VECTOR('',#2749,55.);
#724=VECTOR('',#2758,10.);
#725=VECTOR('',#2759,10.);
#726=VECTOR('',#2762,50.);
#727=VECTOR('',#2773,22.);
#728=VECTOR('',#2778,10.);
#729=VECTOR('',#2789,1.6);
#730=VECTOR('',#2804,1.6);
#731=CIRCLE('',#2029,5.);
#732=CIRCLE('',#2030,5.);
#733=CIRCLE('',#2033,5.);
#734=CIRCLE('',#2034,5.);
#735=CIRCLE('',#2035,5.);
#736=CIRCLE('',#2036,1.6);
#737=CIRCLE('',#2037,1.59999999999999);
#738=CIRCLE('',#2039,5.);
#739=CIRCLE('',#2042,5.);
#740=CIRCLE('',#2045,5.);
#741=CIRCLE('',#2046,1.59999999999999);
#742=CIRCLE('',#2050,3.);
#743=CIRCLE('',#2051,3.);
#744=CIRCLE('',#2054,3.);
#745=CIRCLE('',#2055,3.);
#746=CIRCLE('',#2058,3.);
#747=CIRCLE('',#2059,3.);
#748=CIRCLE('',#2062,3.);
#749=CIRCLE('',#2063,3.);
#750=CIRCLE('',#2064,3.);
#751=CIRCLE('',#2066,3.);
#752=CIRCLE('',#2069,3.);
#753=CIRCLE('',#2070,3.);
#754=CIRCLE('',#2073,3.);
#755=CIRCLE('',#2074,3.);
#756=CIRCLE('',#2077,3.);
#757=CIRCLE('',#2078,3.);
#758=CIRCLE('',#2081,3.);
#759=CIRCLE('',#2082,3.);
#760=CIRCLE('',#2083,3.);
#761=CIRCLE('',#2085,3.);
#762=CIRCLE('',#2088,3.);
#763=CIRCLE('',#2091,3.);
#764=CIRCLE('',#2093,3.);
#765=CIRCLE('',#2096,3.);
#766=CIRCLE('',#2102,4.);
#767=CIRCLE('',#2103,65.);
#768=CIRCLE('',#2104,65.);
#769=CIRCLE('',#2105,4.);
#770=CIRCLE('',#2107,4.);
#771=CIRCLE('',#2108,4.);
#772=CIRCLE('',#2110,10.);
#773=CIRCLE('',#2111,10.);
#774=CIRCLE('',#2117,4.);
#775=CIRCLE('',#2118,4.);
#776=CIRCLE('',#2121,1.6);
#777=CIRCLE('',#2131,20.);
#778=CIRCLE('',#2133,1.6);
#779=CIRCLE('',#2134,1.6);
#780=CIRCLE('',#2138,4.);
#781=CIRCLE('',#2140,4.);
#782=CIRCLE('',#2144,2.);
#783=CIRCLE('',#2147,2.);
#784=CIRCLE('',#2150,65.);
#785=CIRCLE('',#2154,15.15);
#786=CIRCLE('',#2155,15.15);
#787=CIRCLE('',#2157,20.);
#788=CIRCLE('',#2158,20.);
#789=CIRCLE('',#2159,20.);
#790=CIRCLE('',#2160,20.);
#791=CIRCLE('',#2161,20.);
#792=CIRCLE('',#2164,65.);
#793=CIRCLE('',#2168,4.);
#794=CIRCLE('',#2170,4.);
#795=CIRCLE('',#2172,4.);
#796=CIRCLE('',#2174,4.);
#797=CIRCLE('',#2176,1.6);
#798=CIRCLE('',#2178,1.6);
#799=CIRCLE('',#2185,10.);
#800=CIRCLE('',#2186,10.);
#801=CIRCLE('',#2189,23.65);
#802=CIRCLE('',#2194,23.65);
#803=CIRCLE('',#2196,55.);
#804=CIRCLE('',#2197,55.);
#805=CIRCLE('',#2199,50.);
#806=CIRCLE('',#2202,50.);
#807=CIRCLE('',#2205,24.);
#808=CIRCLE('',#2212,1.6);
#809=CIRCLE('',#2214,1.6);
#810=CIRCLE('',#2217,1.6);
#811=CIRCLE('',#2219,1.6);
#812=VERTEX_POINT('',#2807);
#813=VERTEX_POINT('',#2808);
#814=VERTEX_POINT('',#2810);
#815=VERTEX_POINT('',#2812);
#816=VERTEX_POINT('',#2816);
#817=VERTEX_POINT('',#2818);
#818=VERTEX_POINT('',#2822);
#819=VERTEX_POINT('',#2824);
#820=VERTEX_POINT('',#2826);
#821=VERTEX_POINT('',#2828);
#822=VERTEX_POINT('',#2830);
#823=VERTEX_POINT('',#2832);
#824=VERTEX_POINT('',#2834);
#825=VERTEX_POINT('',#2836);
#826=VERTEX_POINT('',#2838);
#827=VERTEX_POINT('',#2840);
#828=VERTEX_POINT('',#2842);
#829=VERTEX_POINT('',#2844);
#830=VERTEX_POINT('',#2846);
#831=VERTEX_POINT('',#2849);
#832=VERTEX_POINT('',#2851);
#833=VERTEX_POINT('',#2854);
#834=VERTEX_POINT('',#2856);
#835=VERTEX_POINT('',#2860);
#836=VERTEX_POINT('',#2864);
#837=VERTEX_POINT('',#2866);
#838=VERTEX_POINT('',#2870);
#839=VERTEX_POINT('',#2874);
#840=VERTEX_POINT('',#2876);
#841=VERTEX_POINT('',#2878);
#842=VERTEX_POINT('',#2880);
#843=VERTEX_POINT('',#2882);
#844=VERTEX_POINT('',#2884);
#845=VERTEX_POINT('',#2886);
#846=VERTEX_POINT('',#2889);
#847=VERTEX_POINT('',#2897);
#848=VERTEX_POINT('',#2898);
#849=VERTEX_POINT('',#2900);
#850=VERTEX_POINT('',#2902);
#851=VERTEX_POINT('',#2906);
#852=VERTEX_POINT('',#2908);
#853=VERTEX_POINT('',#2912);
#854=VERTEX_POINT('',#2913);
#855=VERTEX_POINT('',#2915);
#856=VERTEX_POINT('',#2917);
#857=VERTEX_POINT('',#2921);
#858=VERTEX_POINT('',#2923);
#859=VERTEX_POINT('',#2927);
#860=VERTEX_POINT('',#2928);
#861=VERTEX_POINT('',#2930);
#862=VERTEX_POINT('',#2932);
#863=VERTEX_POINT('',#2939);
#864=VERTEX_POINT('',#2941);
#865=VERTEX_POINT('',#2943);
#866=VERTEX_POINT('',#2945);
#867=VERTEX_POINT('',#2947);
#868=VERTEX_POINT('',#2949);
#869=VERTEX_POINT('',#2951);
#870=VERTEX_POINT('',#2954);
#871=VERTEX_POINT('',#2956);
#872=VERTEX_POINT('',#2958);
#873=VERTEX_POINT('',#2960);
#874=VERTEX_POINT('',#2962);
#875=VERTEX_POINT('',#2966);
#876=VERTEX_POINT('',#2970);
#877=VERTEX_POINT('',#2974);
#878=VERTEX_POINT('',#2975);
#879=VERTEX_POINT('',#2977);
#880=VERTEX_POINT('',#2979);
#881=VERTEX_POINT('',#2983);
#882=VERTEX_POINT('',#2985);
#883=VERTEX_POINT('',#2989);
#884=VERTEX_POINT('',#2990);
#885=VERTEX_POINT('',#2992);
#886=VERTEX_POINT('',#2994);
#887=VERTEX_POINT('',#2998);
#888=VERTEX_POINT('',#3000);
#889=VERTEX_POINT('',#3004);
#890=VERTEX_POINT('',#3005);
#891=VERTEX_POINT('',#3007);
#892=VERTEX_POINT('',#3009);
#893=VERTEX_POINT('',#3016);
#894=VERTEX_POINT('',#3018);
#895=VERTEX_POINT('',#3020);
#896=VERTEX_POINT('',#3022);
#897=VERTEX_POINT('',#3024);
#898=VERTEX_POINT('',#3026);
#899=VERTEX_POINT('',#3028);
#900=VERTEX_POINT('',#3031);
#901=VERTEX_POINT('',#3033);
#902=VERTEX_POINT('',#3035);
#903=VERTEX_POINT('',#3037);
#904=VERTEX_POINT('',#3039);
#905=VERTEX_POINT('',#3043);
#906=VERTEX_POINT('',#3047);
#907=VERTEX_POINT('',#3051);
#908=VERTEX_POINT('',#3052);
#909=VERTEX_POINT('',#3057);
#910=VERTEX_POINT('',#3061);
#911=VERTEX_POINT('',#3065);
#912=VERTEX_POINT('',#3066);
#913=VERTEX_POINT('',#3071);
#914=VERTEX_POINT('',#3075);
#915=VERTEX_POINT('',#3076);
#916=VERTEX_POINT('',#3087);
#917=VERTEX_POINT('',#3091);
#918=VERTEX_POINT('',#3093);
#919=VERTEX_POINT('',#3095);
#920=VERTEX_POINT('',#3097);
#921=VERTEX_POINT('',#3099);
#922=VERTEX_POINT('',#3101);
#923=VERTEX_POINT('',#3104);
#924=VERTEX_POINT('',#3106);
#925=VERTEX_POINT('',#3109);
#926=VERTEX_POINT('',#3111);
#927=VERTEX_POINT('',#3115);
#928=VERTEX_POINT('',#3117);
#929=VERTEX_POINT('',#3120);
#930=VERTEX_POINT('',#3122);
#931=VERTEX_POINT('',#3126);
#932=VERTEX_POINT('',#3127);
#933=VERTEX_POINT('',#3129);
#934=VERTEX_POINT('',#3131);
#935=VERTEX_POINT('',#3135);
#936=VERTEX_POINT('',#3145);
#937=VERTEX_POINT('',#3147);
#938=VERTEX_POINT('',#3150);
#939=VERTEX_POINT('',#3156);
#940=VERTEX_POINT('',#3163);
#941=VERTEX_POINT('',#3165);
#942=VERTEX_POINT('',#3173);
#943=VERTEX_POINT('',#3175);
#944=VERTEX_POINT('',#3179);
#945=VERTEX_POINT('',#3181);
#946=VERTEX_POINT('',#3188);
#947=VERTEX_POINT('',#3189);
#948=VERTEX_POINT('',#3193);
#949=VERTEX_POINT('',#3194);
#950=VERTEX_POINT('',#3198);
#951=VERTEX_POINT('',#3200);
#952=VERTEX_POINT('',#3203);
#953=VERTEX_POINT('',#3240);
#954=VERTEX_POINT('',#3277);
#955=VERTEX_POINT('',#3281);
#956=VERTEX_POINT('',#3287);
#957=VERTEX_POINT('',#3288);
#958=VERTEX_POINT('',#3290);
#959=VERTEX_POINT('',#3292);
#960=VERTEX_POINT('',#3296);
#961=VERTEX_POINT('',#3297);
#962=VERTEX_POINT('',#3299);
#963=VERTEX_POINT('',#3301);
#964=VERTEX_POINT('',#3305);
#965=VERTEX_POINT('',#3308);
#966=VERTEX_POINT('',#3312);
#967=VERTEX_POINT('',#3314);
#968=VERTEX_POINT('',#3317);
#969=VERTEX_POINT('',#3352);
#970=VERTEX_POINT('',#3388);
#971=VERTEX_POINT('',#3390);
#972=VERTEX_POINT('',#3392);
#973=VERTEX_POINT('',#3394);
#974=VERTEX_POINT('',#3397);
#975=VERTEX_POINT('',#3399);
#976=VERTEX_POINT('',#3406);
#977=VERTEX_POINT('',#3409);
#978=VERTEX_POINT('',#3417);
#979=VERTEX_POINT('',#3421);
#980=VERTEX_POINT('',#3425);
#981=VERTEX_POINT('',#3429);
#982=VERTEX_POINT('',#3439);
#983=VERTEX_POINT('',#3441);
#984=VERTEX_POINT('',#3445);
#985=VERTEX_POINT('',#3446);
#986=VERTEX_POINT('',#3451);
#987=VERTEX_POINT('',#3454);
#988=VERTEX_POINT('',#3458);
#989=VERTEX_POINT('',#3461);
#990=VERTEX_POINT('',#3464);
#991=VERTEX_POINT('',#3468);
#992=VERTEX_POINT('',#3472);
#993=VERTEX_POINT('',#3476);
#994=VERTEX_POINT('',#3480);
#995=VERTEX_POINT('',#3482);
#996=VERTEX_POINT('',#3486);
#997=VERTEX_POINT('',#3492);
#998=VERTEX_POINT('',#3497);
#999=VERTEX_POINT('',#3507);
#1000=VERTEX_POINT('',#3510);
#1001=VERTEX_POINT('',#3515);
#1002=VERTEX_POINT('',#3518);
#1003=EDGE_CURVE('',#812,#813,#731,.T.);
#1004=EDGE_CURVE('',#813,#814,#339,.T.);
#1005=EDGE_CURVE('',#814,#815,#732,.T.);
#1006=EDGE_CURVE('',#815,#812,#340,.T.);
#1007=EDGE_CURVE('',#813,#816,#341,.T.);
#1008=EDGE_CURVE('',#817,#816,#342,.T.);
#1009=EDGE_CURVE('',#817,#814,#343,.T.);
#1010=EDGE_CURVE('',#818,#812,#344,.T.);
#1011=EDGE_CURVE('',#819,#818,#733,.T.);
#1012=EDGE_CURVE('',#820,#819,#345,.T.);
#1013=EDGE_CURVE('',#821,#820,#346,.T.);
#1014=EDGE_CURVE('',#821,#822,#347,.T.);
#1015=EDGE_CURVE('',#823,#822,#734,.T.);
#1016=EDGE_CURVE('',#823,#824,#348,.T.);
#1017=EDGE_CURVE('',#825,#824,#735,.T.);
#1018=EDGE_CURVE('',#825,#826,#349,.T.);
#1019=EDGE_CURVE('',#827,#826,#350,.T.);
#1020=EDGE_CURVE('',#828,#827,#351,.T.);
#1021=EDGE_CURVE('',#828,#829,#352,.T.);
#1022=EDGE_CURVE('',#830,#829,#353,.T.);
#1023=EDGE_CURVE('',#816,#830,#354,.T.);
#1024=EDGE_CURVE('',#831,#831,#736,.T.);
#1025=EDGE_CURVE('',#832,#832,#737,.T.);
#1026=EDGE_CURVE('',#818,#833,#355,.T.);
#1027=EDGE_CURVE('',#833,#834,#738,.T.);
#1028=EDGE_CURVE('',#834,#819,#356,.T.);
#1029=EDGE_CURVE('',#834,#835,#357,.T.);
#1030=EDGE_CURVE('',#820,#835,#358,.T.);
#1031=EDGE_CURVE('',#824,#836,#359,.T.);
#1032=EDGE_CURVE('',#836,#837,#739,.T.);
#1033=EDGE_CURVE('',#837,#825,#360,.T.);
#1034=EDGE_CURVE('',#837,#838,#361,.T.);
#1035=EDGE_CURVE('',#826,#838,#362,.T.);
#1036=EDGE_CURVE('',#839,#836,#363,.T.);
#1037=EDGE_CURVE('',#840,#839,#740,.T.);
#1038=EDGE_CURVE('',#841,#840,#364,.T.);
#1039=EDGE_CURVE('',#842,#841,#365,.T.);
#1040=EDGE_CURVE('',#843,#842,#366,.T.);
#1041=EDGE_CURVE('',#844,#843,#367,.T.);
#1042=EDGE_CURVE('',#845,#844,#368,.T.);
#1043=EDGE_CURVE('',#838,#845,#369,.T.);
#1044=EDGE_CURVE('',#846,#846,#741,.T.);
#1045=EDGE_CURVE('',#822,#840,#370,.T.);
#1046=EDGE_CURVE('',#839,#823,#371,.T.);
#1047=EDGE_CURVE('',#841,#821,#372,.T.);
#1048=EDGE_CURVE('',#847,#848,#742,.T.);
#1049=EDGE_CURVE('',#848,#849,#373,.T.);
#1050=EDGE_CURVE('',#849,#850,#743,.T.);
#1051=EDGE_CURVE('',#850,#847,#374,.T.);
#1052=EDGE_CURVE('',#848,#851,#375,.T.);
#1053=EDGE_CURVE('',#852,#851,#376,.T.);
#1054=EDGE_CURVE('',#849,#852,#377,.T.);
#1055=EDGE_CURVE('',#853,#854,#744,.T.);
#1056=EDGE_CURVE('',#854,#855,#378,.T.);
#1057=EDGE_CURVE('',#855,#856,#745,.T.);
#1058=EDGE_CURVE('',#856,#853,#379,.T.);
#1059=EDGE_CURVE('',#854,#857,#380,.T.);
#1060=EDGE_CURVE('',#858,#857,#381,.T.);
#1061=EDGE_CURVE('',#855,#858,#382,.T.);
#1062=EDGE_CURVE('',#859,#860,#746,.T.);
#1063=EDGE_CURVE('',#860,#861,#383,.T.);
#1064=EDGE_CURVE('',#861,#862,#747,.T.);
#1065=EDGE_CURVE('',#862,#859,#384,.T.);
#1066=EDGE_CURVE('',#859,#856,#385,.T.);
#1067=EDGE_CURVE('',#862,#853,#386,.T.);
#1068=EDGE_CURVE('',#863,#861,#387,.T.);
#1069=EDGE_CURVE('',#864,#863,#388,.T.);
#1070=EDGE_CURVE('',#865,#864,#748,.T.);
#1071=EDGE_CURVE('',#866,#865,#389,.T.);
#1072=EDGE_CURVE('',#867,#866,#749,.T.);
#1073=EDGE_CURVE('',#868,#867,#390,.T.);
#1074=EDGE_CURVE('',#869,#868,#391,.T.);
#1075=EDGE_CURVE('',#851,#869,#750,.T.);
#1076=EDGE_CURVE('',#870,#847,#392,.T.);
#1077=EDGE_CURVE('',#871,#870,#393,.T.);
#1078=EDGE_CURVE('',#872,#871,#394,.T.);
#1079=EDGE_CURVE('',#872,#873,#395,.T.);
#1080=EDGE_CURVE('',#874,#873,#396,.T.);
#1081=EDGE_CURVE('',#857,#874,#397,.T.);
#1082=EDGE_CURVE('',#875,#852,#751,.T.);
#1083=EDGE_CURVE('',#869,#875,#398,.T.);
#1084=EDGE_CURVE('',#868,#876,#399,.T.);
#1085=EDGE_CURVE('',#875,#876,#400,.T.);
#1086=EDGE_CURVE('',#877,#878,#752,.T.);
#1087=EDGE_CURVE('',#878,#879,#401,.T.);
#1088=EDGE_CURVE('',#879,#880,#753,.T.);
#1089=EDGE_CURVE('',#880,#877,#402,.T.);
#1090=EDGE_CURVE('',#878,#881,#403,.T.);
#1091=EDGE_CURVE('',#882,#881,#404,.T.);
#1092=EDGE_CURVE('',#879,#882,#405,.T.);
#1093=EDGE_CURVE('',#883,#884,#754,.T.);
#1094=EDGE_CURVE('',#884,#885,#406,.T.);
#1095=EDGE_CURVE('',#885,#886,#755,.T.);
#1096=EDGE_CURVE('',#886,#883,#407,.T.);
#1097=EDGE_CURVE('',#884,#887,#408,.T.);
#1098=EDGE_CURVE('',#888,#887,#409,.T.);
#1099=EDGE_CURVE('',#885,#888,#410,.T.);
#1100=EDGE_CURVE('',#889,#890,#756,.T.);
#1101=EDGE_CURVE('',#890,#891,#411,.T.);
#1102=EDGE_CURVE('',#891,#892,#757,.T.);
#1103=EDGE_CURVE('',#892,#889,#412,.T.);
#1104=EDGE_CURVE('',#889,#886,#413,.T.);
#1105=EDGE_CURVE('',#892,#883,#414,.T.);
#1106=EDGE_CURVE('',#893,#891,#415,.T.);
#1107=EDGE_CURVE('',#894,#893,#416,.T.);
#1108=EDGE_CURVE('',#895,#894,#758,.T.);
#1109=EDGE_CURVE('',#896,#895,#417,.T.);
#1110=EDGE_CURVE('',#897,#896,#759,.T.);
#1111=EDGE_CURVE('',#898,#897,#418,.T.);
#1112=EDGE_CURVE('',#899,#898,#419,.T.);
#1113=EDGE_CURVE('',#881,#899,#760,.T.);
#1114=EDGE_CURVE('',#900,#877,#420,.T.);
#1115=EDGE_CURVE('',#901,#900,#421,.T.);
#1116=EDGE_CURVE('',#902,#901,#422,.T.);
#1117=EDGE_CURVE('',#903,#902,#423,.T.);
#1118=EDGE_CURVE('',#904,#903,#424,.T.);
#1119=EDGE_CURVE('',#904,#887,#425,.T.);
#1120=EDGE_CURVE('',#905,#882,#761,.T.);
#1121=EDGE_CURVE('',#899,#905,#426,.T.);
#1122=EDGE_CURVE('',#898,#906,#427,.T.);
#1123=EDGE_CURVE('',#905,#906,#428,.T.);
#1124=EDGE_CURVE('',#907,#908,#762,.T.);
#1125=EDGE_CURVE('',#908,#897,#429,.T.);
#1126=EDGE_CURVE('',#896,#907,#430,.T.);
#1127=EDGE_CURVE('',#909,#895,#431,.T.);
#1128=EDGE_CURVE('',#907,#909,#432,.T.);
#1129=EDGE_CURVE('',#910,#909,#763,.T.);
#1130=EDGE_CURVE('',#894,#910,#433,.T.);
#1131=EDGE_CURVE('',#911,#912,#764,.T.);
#1132=EDGE_CURVE('',#912,#865,#434,.T.);
#1133=EDGE_CURVE('',#864,#911,#435,.T.);
#1134=EDGE_CURVE('',#863,#913,#436,.T.);
#1135=EDGE_CURVE('',#911,#913,#437,.T.);
#1136=EDGE_CURVE('',#914,#915,#765,.T.);
#1137=EDGE_CURVE('',#915,#867,#438,.T.);
#1138=EDGE_CURVE('',#866,#914,#439,.T.);
#1139=EDGE_CURVE('',#876,#915,#440,.T.);
#1140=EDGE_CURVE('',#913,#860,#441,.T.);
#1141=EDGE_CURVE('',#914,#912,#442,.T.);
#1142=EDGE_CURVE('',#916,#850,#443,.T.);
#1143=EDGE_CURVE('',#870,#916,#444,.T.);
#1144=EDGE_CURVE('',#917,#874,#766,.T.);
#1145=EDGE_CURVE('',#917,#918,#767,.T.);
#1146=EDGE_CURVE('',#918,#919,#445,.T.);
#1147=EDGE_CURVE('',#919,#920,#446,.T.);
#1148=EDGE_CURVE('',#920,#921,#447,.T.);
#1149=EDGE_CURVE('',#921,#922,#768,.T.);
#1150=EDGE_CURVE('',#901,#922,#769,.T.);
#1151=EDGE_CURVE('',#900,#923,#448,.T.);
#1152=EDGE_CURVE('',#923,#924,#449,.T.);
#1153=EDGE_CURVE('',#924,#842,#450,.T.);
#1154=EDGE_CURVE('',#835,#925,#451,.T.);
#1155=EDGE_CURVE('',#925,#926,#452,.T.);
#1156=EDGE_CURVE('',#926,#858,#453,.T.);
#1157=EDGE_CURVE('',#927,#916,#454,.T.);
#1158=EDGE_CURVE('',#927,#928,#455,.T.);
#1159=EDGE_CURVE('',#928,#817,#456,.T.);
#1160=EDGE_CURVE('',#929,#830,#770,.T.);
#1161=EDGE_CURVE('',#930,#929,#457,.T.);
#1162=EDGE_CURVE('',#871,#930,#771,.T.);
#1163=EDGE_CURVE('',#931,#932,#772,.T.);
#1164=EDGE_CURVE('',#933,#931,#458,.T.);
#1165=EDGE_CURVE('',#934,#933,#773,.T.);
#1166=EDGE_CURVE('',#934,#932,#459,.T.);
#1167=EDGE_CURVE('',#935,#890,#460,.T.);
#1168=EDGE_CURVE('',#893,#935,#461,.T.);
#1169=EDGE_CURVE('',#910,#935,#462,.T.);
#1170=EDGE_CURVE('',#906,#908,#463,.T.);
#1171=EDGE_CURVE('',#923,#880,#464,.T.);
#1172=EDGE_CURVE('',#936,#904,#774,.T.);
#1173=EDGE_CURVE('',#936,#937,#465,.T.);
#1174=EDGE_CURVE('',#827,#937,#775,.T.);
#1175=EDGE_CURVE('',#845,#938,#466,.T.);
#1176=EDGE_CURVE('',#888,#938,#467,.T.);
#1177=EDGE_CURVE('',#815,#833,#468,.T.);
#1178=EDGE_CURVE('',#831,#939,#469,.T.);
#1179=EDGE_CURVE('',#939,#939,#776,.T.);
#1180=EDGE_CURVE('',#832,#846,#470,.T.);
#1181=EDGE_CURVE('',#940,#843,#471,.T.);
#1182=EDGE_CURVE('',#941,#940,#472,.T.);
#1183=EDGE_CURVE('',#844,#941,#473,.T.);
#1184=EDGE_CURVE('',#938,#941,#474,.T.);
#1185=EDGE_CURVE('',#940,#924,#475,.T.);
#1186=EDGE_CURVE('',#925,#942,#476,.T.);
#1187=EDGE_CURVE('',#943,#942,#477,.T.);
#1188=EDGE_CURVE('',#926,#943,#478,.T.);
#1189=EDGE_CURVE('',#944,#927,#479,.T.);
#1190=EDGE_CURVE('',#945,#944,#480,.T.);
#1191=EDGE_CURVE('',#945,#928,#481,.T.);
#1192=EDGE_CURVE('',#943,#944,#482,.T.);
#1193=EDGE_CURVE('',#942,#945,#483,.T.);
#1194=EDGE_CURVE('',#946,#947,#777,.T.);
#1195=EDGE_CURVE('',#947,#946,#484,.T.);
#1196=EDGE_CURVE('',#948,#949,#485,.T.);
#1197=EDGE_CURVE('',#947,#948,#486,.T.);
#1198=EDGE_CURVE('',#949,#946,#487,.T.);
#1199=EDGE_CURVE('',#950,#950,#778,.T.);
#1200=EDGE_CURVE('',#951,#951,#779,.T.);
#1201=EDGE_CURVE('',#951,#952,#488,.T.);
#1202=EDGE_CURVE('',#952,#952,#23,.T.);
#1203=EDGE_CURVE('',#950,#953,#489,.T.);
#1204=EDGE_CURVE('',#953,#953,#24,.T.);
#1205=EDGE_CURVE('',#954,#828,#780,.T.);
#1206=EDGE_CURVE('',#937,#954,#490,.T.);
#1207=EDGE_CURVE('',#829,#955,#781,.T.);
#1208=EDGE_CURVE('',#955,#929,#491,.T.);
#1209=EDGE_CURVE('',#956,#957,#492,.T.);
#1210=EDGE_CURVE('',#957,#958,#782,.T.);
#1211=EDGE_CURVE('',#958,#959,#493,.T.);
#1212=EDGE_CURVE('',#959,#956,#17,.T.);
#1213=EDGE_CURVE('',#960,#961,#494,.T.);
#1214=EDGE_CURVE('',#962,#961,#783,.F.);
#1215=EDGE_CURVE('',#963,#962,#495,.T.);
#1216=EDGE_CURVE('',#960,#963,#18,.F.);
#1217=EDGE_CURVE('',#964,#917,#496,.T.);
#1218=EDGE_CURVE('',#964,#961,#784,.T.);
#1219=EDGE_CURVE('',#965,#960,#19,.F.);
#1220=EDGE_CURVE('',#918,#965,#20,.T.);
#1221=EDGE_CURVE('',#966,#966,#785,.T.);
#1222=EDGE_CURVE('',#966,#967,#497,.T.);
#1223=EDGE_CURVE('',#967,#967,#786,.T.);
#1224=EDGE_CURVE('',#968,#968,#25,.T.);
#1225=EDGE_CURVE('',#969,#969,#26,.T.);
#1226=EDGE_CURVE('',#970,#948,#787,.T.);
#1227=EDGE_CURVE('',#970,#971,#498,.T.);
#1228=EDGE_CURVE('',#971,#972,#788,.T.);
#1229=EDGE_CURVE('',#972,#973,#499,.T.);
#1230=EDGE_CURVE('',#973,#973,#789,.T.);
#1231=EDGE_CURVE('',#972,#974,#790,.T.);
#1232=EDGE_CURVE('',#974,#975,#500,.T.);
#1233=EDGE_CURVE('',#949,#975,#791,.T.);
#1234=EDGE_CURVE('',#956,#963,#501,.T.);
#1235=EDGE_CURVE('',#957,#962,#502,.T.);
#1236=EDGE_CURVE('',#958,#976,#792,.T.);
#1237=EDGE_CURVE('',#922,#976,#503,.T.);
#1238=EDGE_CURVE('',#921,#977,#21,.F.);
#1239=EDGE_CURVE('',#977,#959,#22,.T.);
#1240=EDGE_CURVE('',#976,#902,#793,.T.);
#1241=EDGE_CURVE('',#873,#964,#794,.T.);
#1242=EDGE_CURVE('',#903,#978,#795,.T.);
#1243=EDGE_CURVE('',#978,#936,#504,.T.);
#1244=EDGE_CURVE('',#930,#979,#505,.T.);
#1245=EDGE_CURVE('',#979,#872,#796,.T.);
#1246=EDGE_CURVE('',#968,#980,#506,.T.);
#1247=EDGE_CURVE('',#980,#980,#797,.T.);
#1248=EDGE_CURVE('',#969,#981,#507,.T.);
#1249=EDGE_CURVE('',#981,#981,#798,.T.);
#1250=EDGE_CURVE('',#975,#970,#508,.T.);
#1251=EDGE_CURVE('',#974,#971,#509,.T.);
#1252=EDGE_CURVE('',#934,#982,#510,.T.);
#1253=EDGE_CURVE('',#982,#983,#511,.T.);
#1254=EDGE_CURVE('',#932,#983,#512,.T.);
#1255=EDGE_CURVE('',#984,#985,#513,.T.);
#1256=EDGE_CURVE('',#985,#983,#799,.T.);
#1257=EDGE_CURVE('',#984,#982,#800,.T.);
#1258=EDGE_CURVE('',#986,#977,#514,.T.);
#1259=EDGE_CURVE('',#985,#986,#515,.T.);
#1260=EDGE_CURVE('',#984,#987,#516,.T.);
#1261=EDGE_CURVE('',#987,#965,#517,.F.);
#1262=EDGE_CURVE('',#988,#933,#518,.T.);
#1263=EDGE_CURVE('',#987,#988,#519,.T.);
#1264=EDGE_CURVE('',#989,#989,#801,.T.);
#1265=EDGE_CURVE('',#988,#990,#520,.T.);
#1266=EDGE_CURVE('',#919,#990,#521,.T.);
#1267=EDGE_CURVE('',#990,#991,#522,.T.);
#1268=EDGE_CURVE('',#920,#991,#523,.T.);
#1269=EDGE_CURVE('',#992,#986,#524,.T.);
#1270=EDGE_CURVE('',#991,#992,#525,.T.);
#1271=EDGE_CURVE('',#989,#993,#526,.T.);
#1272=EDGE_CURVE('',#993,#993,#802,.T.);
#1273=EDGE_CURVE('',#994,#994,#803,.T.);
#1274=EDGE_CURVE('',#994,#995,#527,.T.);
#1275=EDGE_CURVE('',#995,#995,#804,.T.);
#1276=EDGE_CURVE('',#996,#996,#805,.T.);
#1277=EDGE_CURVE('',#955,#979,#528,.T.);
#1278=EDGE_CURVE('',#954,#978,#529,.T.);
#1279=EDGE_CURVE('',#996,#997,#530,.T.);
#1280=EDGE_CURVE('',#997,#997,#806,.T.);
#1281=EDGE_CURVE('',#998,#998,#807,.T.);
#1282=EDGE_CURVE('',#998,#973,#531,.T.);
#1283=EDGE_CURVE('',#992,#931,#532,.T.);
#1284=EDGE_CURVE('',#999,#999,#808,.T.);
#1285=EDGE_CURVE('',#999,#1000,#533,.T.);
#1286=EDGE_CURVE('',#1000,#1000,#809,.T.);
#1287=EDGE_CURVE('',#1001,#1001,#810,.T.);
#1288=EDGE_CURVE('',#1002,#1002,#811,.T.);
#1289=EDGE_CURVE('',#1001,#1002,#534,.T.);
#1290=ORIENTED_EDGE('',*,*,#1003,.T.);
#1291=ORIENTED_EDGE('',*,*,#1004,.T.);
#1292=ORIENTED_EDGE('',*,*,#1005,.T.);
#1293=ORIENTED_EDGE('',*,*,#1006,.T.);
#1294=ORIENTED_EDGE('',*,*,#1004,.F.);
#1295=ORIENTED_EDGE('',*,*,#1007,.T.);
#1296=ORIENTED_EDGE('',*,*,#1008,.F.);
#1297=ORIENTED_EDGE('',*,*,#1009,.T.);
#1298=ORIENTED_EDGE('',*,*,#1003,.F.);
#1299=ORIENTED_EDGE('',*,*,#1010,.F.);
#1300=ORIENTED_EDGE('',*,*,#1011,.F.);
#1301=ORIENTED_EDGE('',*,*,#1012,.F.);
#1302=ORIENTED_EDGE('',*,*,#1013,.F.);
#1303=ORIENTED_EDGE('',*,*,#1014,.T.);
#1304=ORIENTED_EDGE('',*,*,#1015,.F.);
#1305=ORIENTED_EDGE('',*,*,#1016,.T.);
#1306=ORIENTED_EDGE('',*,*,#1017,.F.);
#1307=ORIENTED_EDGE('',*,*,#1018,.T.);
#1308=ORIENTED_EDGE('',*,*,#1019,.F.);
#1309=ORIENTED_EDGE('',*,*,#1020,.F.);
#1310=ORIENTED_EDGE('',*,*,#1021,.T.);
#1311=ORIENTED_EDGE('',*,*,#1022,.F.);
#1312=ORIENTED_EDGE('',*,*,#1023,.F.);
#1313=ORIENTED_EDGE('',*,*,#1007,.F.);
#1314=ORIENTED_EDGE('',*,*,#1024,.T.);
#1315=ORIENTED_EDGE('',*,*,#1025,.T.);
#1316=ORIENTED_EDGE('',*,*,#1011,.T.);
#1317=ORIENTED_EDGE('',*,*,#1026,.T.);
#1318=ORIENTED_EDGE('',*,*,#1027,.T.);
#1319=ORIENTED_EDGE('',*,*,#1028,.T.);
#1320=ORIENTED_EDGE('',*,*,#1028,.F.);
#1321=ORIENTED_EDGE('',*,*,#1029,.T.);
#1322=ORIENTED_EDGE('',*,*,#1030,.F.);
#1323=ORIENTED_EDGE('',*,*,#1012,.T.);
#1324=ORIENTED_EDGE('',*,*,#1017,.T.);
#1325=ORIENTED_EDGE('',*,*,#1031,.T.);
#1326=ORIENTED_EDGE('',*,*,#1032,.T.);
#1327=ORIENTED_EDGE('',*,*,#1033,.T.);
#1328=ORIENTED_EDGE('',*,*,#1033,.F.);
#1329=ORIENTED_EDGE('',*,*,#1034,.T.);
#1330=ORIENTED_EDGE('',*,*,#1035,.F.);
#1331=ORIENTED_EDGE('',*,*,#1018,.F.);
#1332=ORIENTED_EDGE('',*,*,#1032,.F.);
#1333=ORIENTED_EDGE('',*,*,#1036,.F.);
#1334=ORIENTED_EDGE('',*,*,#1037,.F.);
#1335=ORIENTED_EDGE('',*,*,#1038,.F.);
#1336=ORIENTED_EDGE('',*,*,#1039,.F.);
#1337=ORIENTED_EDGE('',*,*,#1040,.F.);
#1338=ORIENTED_EDGE('',*,*,#1041,.F.);
#1339=ORIENTED_EDGE('',*,*,#1042,.F.);
#1340=ORIENTED_EDGE('',*,*,#1043,.F.);
#1341=ORIENTED_EDGE('',*,*,#1034,.F.);
#1342=ORIENTED_EDGE('',*,*,#1044,.F.);
#1343=ORIENTED_EDGE('',*,*,#1015,.T.);
#1344=ORIENTED_EDGE('',*,*,#1045,.T.);
#1345=ORIENTED_EDGE('',*,*,#1037,.T.);
#1346=ORIENTED_EDGE('',*,*,#1046,.T.);
#1347=ORIENTED_EDGE('',*,*,#1045,.F.);
#1348=ORIENTED_EDGE('',*,*,#1014,.F.);
#1349=ORIENTED_EDGE('',*,*,#1047,.F.);
#1350=ORIENTED_EDGE('',*,*,#1038,.T.);
#1351=ORIENTED_EDGE('',*,*,#1048,.T.);
#1352=ORIENTED_EDGE('',*,*,#1049,.T.);
#1353=ORIENTED_EDGE('',*,*,#1050,.T.);
#1354=ORIENTED_EDGE('',*,*,#1051,.T.);
#1355=ORIENTED_EDGE('',*,*,#1049,.F.);
#1356=ORIENTED_EDGE('',*,*,#1052,.T.);
#1357=ORIENTED_EDGE('',*,*,#1053,.F.);
#1358=ORIENTED_EDGE('',*,*,#1054,.F.);
#1359=ORIENTED_EDGE('',*,*,#1055,.T.);
#1360=ORIENTED_EDGE('',*,*,#1056,.T.);
#1361=ORIENTED_EDGE('',*,*,#1057,.T.);
#1362=ORIENTED_EDGE('',*,*,#1058,.T.);
#1363=ORIENTED_EDGE('',*,*,#1056,.F.);
#1364=ORIENTED_EDGE('',*,*,#1059,.T.);
#1365=ORIENTED_EDGE('',*,*,#1060,.F.);
#1366=ORIENTED_EDGE('',*,*,#1061,.F.);
#1367=ORIENTED_EDGE('',*,*,#1062,.T.);
#1368=ORIENTED_EDGE('',*,*,#1063,.T.);
#1369=ORIENTED_EDGE('',*,*,#1064,.T.);
#1370=ORIENTED_EDGE('',*,*,#1065,.T.);
#1371=ORIENTED_EDGE('',*,*,#1058,.F.);
#1372=ORIENTED_EDGE('',*,*,#1066,.F.);
#1373=ORIENTED_EDGE('',*,*,#1065,.F.);
#1374=ORIENTED_EDGE('',*,*,#1067,.T.);
#1375=ORIENTED_EDGE('',*,*,#1064,.F.);
#1376=ORIENTED_EDGE('',*,*,#1068,.F.);
#1377=ORIENTED_EDGE('',*,*,#1069,.F.);
#1378=ORIENTED_EDGE('',*,*,#1070,.F.);
#1379=ORIENTED_EDGE('',*,*,#1071,.F.);
#1380=ORIENTED_EDGE('',*,*,#1072,.F.);
#1381=ORIENTED_EDGE('',*,*,#1073,.F.);
#1382=ORIENTED_EDGE('',*,*,#1074,.F.);
#1383=ORIENTED_EDGE('',*,*,#1075,.F.);
#1384=ORIENTED_EDGE('',*,*,#1052,.F.);
#1385=ORIENTED_EDGE('',*,*,#1048,.F.);
#1386=ORIENTED_EDGE('',*,*,#1076,.F.);
#1387=ORIENTED_EDGE('',*,*,#1077,.F.);
#1388=ORIENTED_EDGE('',*,*,#1078,.F.);
#1389=ORIENTED_EDGE('',*,*,#1079,.T.);
#1390=ORIENTED_EDGE('',*,*,#1080,.F.);
#1391=ORIENTED_EDGE('',*,*,#1081,.F.);
#1392=ORIENTED_EDGE('',*,*,#1059,.F.);
#1393=ORIENTED_EDGE('',*,*,#1055,.F.);
#1394=ORIENTED_EDGE('',*,*,#1067,.F.);
#1395=ORIENTED_EDGE('',*,*,#1082,.T.);
#1396=ORIENTED_EDGE('',*,*,#1053,.T.);
#1397=ORIENTED_EDGE('',*,*,#1075,.T.);
#1398=ORIENTED_EDGE('',*,*,#1083,.T.);
#1399=ORIENTED_EDGE('',*,*,#1083,.F.);
#1400=ORIENTED_EDGE('',*,*,#1074,.T.);
#1401=ORIENTED_EDGE('',*,*,#1084,.T.);
#1402=ORIENTED_EDGE('',*,*,#1085,.F.);
#1403=ORIENTED_EDGE('',*,*,#1086,.T.);
#1404=ORIENTED_EDGE('',*,*,#1087,.T.);
#1405=ORIENTED_EDGE('',*,*,#1088,.T.);
#1406=ORIENTED_EDGE('',*,*,#1089,.T.);
#1407=ORIENTED_EDGE('',*,*,#1087,.F.);
#1408=ORIENTED_EDGE('',*,*,#1090,.T.);
#1409=ORIENTED_EDGE('',*,*,#1091,.F.);
#1410=ORIENTED_EDGE('',*,*,#1092,.F.);
#1411=ORIENTED_EDGE('',*,*,#1093,.T.);
#1412=ORIENTED_EDGE('',*,*,#1094,.T.);
#1413=ORIENTED_EDGE('',*,*,#1095,.T.);
#1414=ORIENTED_EDGE('',*,*,#1096,.T.);
#1415=ORIENTED_EDGE('',*,*,#1094,.F.);
#1416=ORIENTED_EDGE('',*,*,#1097,.T.);
#1417=ORIENTED_EDGE('',*,*,#1098,.F.);
#1418=ORIENTED_EDGE('',*,*,#1099,.F.);
#1419=ORIENTED_EDGE('',*,*,#1100,.T.);
#1420=ORIENTED_EDGE('',*,*,#1101,.T.);
#1421=ORIENTED_EDGE('',*,*,#1102,.T.);
#1422=ORIENTED_EDGE('',*,*,#1103,.T.);
#1423=ORIENTED_EDGE('',*,*,#1096,.F.);
#1424=ORIENTED_EDGE('',*,*,#1104,.F.);
#1425=ORIENTED_EDGE('',*,*,#1103,.F.);
#1426=ORIENTED_EDGE('',*,*,#1105,.T.);
#1427=ORIENTED_EDGE('',*,*,#1102,.F.);
#1428=ORIENTED_EDGE('',*,*,#1106,.F.);
#1429=ORIENTED_EDGE('',*,*,#1107,.F.);
#1430=ORIENTED_EDGE('',*,*,#1108,.F.);
#1431=ORIENTED_EDGE('',*,*,#1109,.F.);
#1432=ORIENTED_EDGE('',*,*,#1110,.F.);
#1433=ORIENTED_EDGE('',*,*,#1111,.F.);
#1434=ORIENTED_EDGE('',*,*,#1112,.F.);
#1435=ORIENTED_EDGE('',*,*,#1113,.F.);
#1436=ORIENTED_EDGE('',*,*,#1090,.F.);
#1437=ORIENTED_EDGE('',*,*,#1086,.F.);
#1438=ORIENTED_EDGE('',*,*,#1114,.F.);
#1439=ORIENTED_EDGE('',*,*,#1115,.F.);
#1440=ORIENTED_EDGE('',*,*,#1116,.F.);
#1441=ORIENTED_EDGE('',*,*,#1117,.F.);
#1442=ORIENTED_EDGE('',*,*,#1118,.F.);
#1443=ORIENTED_EDGE('',*,*,#1119,.T.);
#1444=ORIENTED_EDGE('',*,*,#1097,.F.);
#1445=ORIENTED_EDGE('',*,*,#1093,.F.);
#1446=ORIENTED_EDGE('',*,*,#1105,.F.);
#1447=ORIENTED_EDGE('',*,*,#1120,.T.);
#1448=ORIENTED_EDGE('',*,*,#1091,.T.);
#1449=ORIENTED_EDGE('',*,*,#1113,.T.);
#1450=ORIENTED_EDGE('',*,*,#1121,.T.);
#1451=ORIENTED_EDGE('',*,*,#1121,.F.);
#1452=ORIENTED_EDGE('',*,*,#1112,.T.);
#1453=ORIENTED_EDGE('',*,*,#1122,.T.);
#1454=ORIENTED_EDGE('',*,*,#1123,.F.);
#1455=ORIENTED_EDGE('',*,*,#1124,.T.);
#1456=ORIENTED_EDGE('',*,*,#1125,.T.);
#1457=ORIENTED_EDGE('',*,*,#1110,.T.);
#1458=ORIENTED_EDGE('',*,*,#1126,.T.);
#1459=ORIENTED_EDGE('',*,*,#1126,.F.);
#1460=ORIENTED_EDGE('',*,*,#1109,.T.);
#1461=ORIENTED_EDGE('',*,*,#1127,.F.);
#1462=ORIENTED_EDGE('',*,*,#1128,.F.);
#1463=ORIENTED_EDGE('',*,*,#1129,.T.);
#1464=ORIENTED_EDGE('',*,*,#1127,.T.);
#1465=ORIENTED_EDGE('',*,*,#1108,.T.);
#1466=ORIENTED_EDGE('',*,*,#1130,.T.);
#1467=ORIENTED_EDGE('',*,*,#1131,.T.);
#1468=ORIENTED_EDGE('',*,*,#1132,.T.);
#1469=ORIENTED_EDGE('',*,*,#1070,.T.);
#1470=ORIENTED_EDGE('',*,*,#1133,.T.);
#1471=ORIENTED_EDGE('',*,*,#1133,.F.);
#1472=ORIENTED_EDGE('',*,*,#1069,.T.);
#1473=ORIENTED_EDGE('',*,*,#1134,.T.);
#1474=ORIENTED_EDGE('',*,*,#1135,.F.);
#1475=ORIENTED_EDGE('',*,*,#1136,.T.);
#1476=ORIENTED_EDGE('',*,*,#1137,.T.);
#1477=ORIENTED_EDGE('',*,*,#1072,.T.);
#1478=ORIENTED_EDGE('',*,*,#1138,.T.);
#1479=ORIENTED_EDGE('',*,*,#1137,.F.);
#1480=ORIENTED_EDGE('',*,*,#1139,.F.);
#1481=ORIENTED_EDGE('',*,*,#1084,.F.);
#1482=ORIENTED_EDGE('',*,*,#1073,.T.);
#1483=ORIENTED_EDGE('',*,*,#1063,.F.);
#1484=ORIENTED_EDGE('',*,*,#1140,.F.);
#1485=ORIENTED_EDGE('',*,*,#1134,.F.);
#1486=ORIENTED_EDGE('',*,*,#1068,.T.);
#1487=ORIENTED_EDGE('',*,*,#1132,.F.);
#1488=ORIENTED_EDGE('',*,*,#1141,.F.);
#1489=ORIENTED_EDGE('',*,*,#1138,.F.);
#1490=ORIENTED_EDGE('',*,*,#1071,.T.);
#1491=ORIENTED_EDGE('',*,*,#1051,.F.);
#1492=ORIENTED_EDGE('',*,*,#1142,.F.);
#1493=ORIENTED_EDGE('',*,*,#1143,.F.);
#1494=ORIENTED_EDGE('',*,*,#1076,.T.);
#1495=ORIENTED_EDGE('',*,*,#1081,.T.);
#1496=ORIENTED_EDGE('',*,*,#1144,.F.);
#1497=ORIENTED_EDGE('',*,*,#1145,.T.);
#1498=ORIENTED_EDGE('',*,*,#1146,.T.);
#1499=ORIENTED_EDGE('',*,*,#1147,.T.);
#1500=ORIENTED_EDGE('',*,*,#1148,.T.);
#1501=ORIENTED_EDGE('',*,*,#1149,.T.);
#1502=ORIENTED_EDGE('',*,*,#1150,.F.);
#1503=ORIENTED_EDGE('',*,*,#1115,.T.);
#1504=ORIENTED_EDGE('',*,*,#1151,.T.);
#1505=ORIENTED_EDGE('',*,*,#1152,.T.);
#1506=ORIENTED_EDGE('',*,*,#1153,.T.);
#1507=ORIENTED_EDGE('',*,*,#1039,.T.);
#1508=ORIENTED_EDGE('',*,*,#1047,.T.);
#1509=ORIENTED_EDGE('',*,*,#1013,.T.);
#1510=ORIENTED_EDGE('',*,*,#1030,.T.);
#1511=ORIENTED_EDGE('',*,*,#1154,.T.);
#1512=ORIENTED_EDGE('',*,*,#1155,.T.);
#1513=ORIENTED_EDGE('',*,*,#1156,.T.);
#1514=ORIENTED_EDGE('',*,*,#1060,.T.);
#1515=ORIENTED_EDGE('',*,*,#1143,.T.);
#1516=ORIENTED_EDGE('',*,*,#1157,.F.);
#1517=ORIENTED_EDGE('',*,*,#1158,.T.);
#1518=ORIENTED_EDGE('',*,*,#1159,.T.);
#1519=ORIENTED_EDGE('',*,*,#1008,.T.);
#1520=ORIENTED_EDGE('',*,*,#1023,.T.);
#1521=ORIENTED_EDGE('',*,*,#1160,.F.);
#1522=ORIENTED_EDGE('',*,*,#1161,.F.);
#1523=ORIENTED_EDGE('',*,*,#1162,.F.);
#1524=ORIENTED_EDGE('',*,*,#1077,.T.);
#1525=ORIENTED_EDGE('',*,*,#1163,.F.);
#1526=ORIENTED_EDGE('',*,*,#1164,.F.);
#1527=ORIENTED_EDGE('',*,*,#1165,.F.);
#1528=ORIENTED_EDGE('',*,*,#1166,.T.);
#1529=ORIENTED_EDGE('',*,*,#1101,.F.);
#1530=ORIENTED_EDGE('',*,*,#1167,.F.);
#1531=ORIENTED_EDGE('',*,*,#1168,.F.);
#1532=ORIENTED_EDGE('',*,*,#1106,.T.);
#1533=ORIENTED_EDGE('',*,*,#1130,.F.);
#1534=ORIENTED_EDGE('',*,*,#1107,.T.);
#1535=ORIENTED_EDGE('',*,*,#1168,.T.);
#1536=ORIENTED_EDGE('',*,*,#1169,.F.);
#1537=ORIENTED_EDGE('',*,*,#1125,.F.);
#1538=ORIENTED_EDGE('',*,*,#1170,.F.);
#1539=ORIENTED_EDGE('',*,*,#1122,.F.);
#1540=ORIENTED_EDGE('',*,*,#1111,.T.);
#1541=ORIENTED_EDGE('',*,*,#1089,.F.);
#1542=ORIENTED_EDGE('',*,*,#1171,.F.);
#1543=ORIENTED_EDGE('',*,*,#1151,.F.);
#1544=ORIENTED_EDGE('',*,*,#1114,.T.);
#1545=ORIENTED_EDGE('',*,*,#1098,.T.);
#1546=ORIENTED_EDGE('',*,*,#1119,.F.);
#1547=ORIENTED_EDGE('',*,*,#1172,.F.);
#1548=ORIENTED_EDGE('',*,*,#1173,.T.);
#1549=ORIENTED_EDGE('',*,*,#1174,.F.);
#1550=ORIENTED_EDGE('',*,*,#1019,.T.);
#1551=ORIENTED_EDGE('',*,*,#1035,.T.);
#1552=ORIENTED_EDGE('',*,*,#1043,.T.);
#1553=ORIENTED_EDGE('',*,*,#1175,.T.);
#1554=ORIENTED_EDGE('',*,*,#1176,.F.);
#1555=ORIENTED_EDGE('',*,*,#1006,.F.);
#1556=ORIENTED_EDGE('',*,*,#1177,.T.);
#1557=ORIENTED_EDGE('',*,*,#1026,.F.);
#1558=ORIENTED_EDGE('',*,*,#1010,.T.);
#1559=ORIENTED_EDGE('',*,*,#1024,.F.);
#1560=ORIENTED_EDGE('',*,*,#1178,.T.);
#1561=ORIENTED_EDGE('',*,*,#1179,.T.);
#1562=ORIENTED_EDGE('',*,*,#1178,.F.);
#1563=ORIENTED_EDGE('',*,*,#1031,.F.);
#1564=ORIENTED_EDGE('',*,*,#1016,.F.);
#1565=ORIENTED_EDGE('',*,*,#1046,.F.);
#1566=ORIENTED_EDGE('',*,*,#1036,.T.);
#1567=ORIENTED_EDGE('',*,*,#1025,.F.);
#1568=ORIENTED_EDGE('',*,*,#1180,.T.);
#1569=ORIENTED_EDGE('',*,*,#1044,.T.);
#1570=ORIENTED_EDGE('',*,*,#1180,.F.);
#1571=ORIENTED_EDGE('',*,*,#1181,.F.);
#1572=ORIENTED_EDGE('',*,*,#1182,.F.);
#1573=ORIENTED_EDGE('',*,*,#1183,.F.);
#1574=ORIENTED_EDGE('',*,*,#1041,.T.);
#1575=ORIENTED_EDGE('',*,*,#1175,.F.);
#1576=ORIENTED_EDGE('',*,*,#1042,.T.);
#1577=ORIENTED_EDGE('',*,*,#1183,.T.);
#1578=ORIENTED_EDGE('',*,*,#1184,.F.);
#1579=ORIENTED_EDGE('',*,*,#1153,.F.);
#1580=ORIENTED_EDGE('',*,*,#1185,.F.);
#1581=ORIENTED_EDGE('',*,*,#1181,.T.);
#1582=ORIENTED_EDGE('',*,*,#1040,.T.);
#1583=ORIENTED_EDGE('',*,*,#1155,.F.);
#1584=ORIENTED_EDGE('',*,*,#1186,.T.);
#1585=ORIENTED_EDGE('',*,*,#1187,.F.);
#1586=ORIENTED_EDGE('',*,*,#1188,.F.);
#1587=ORIENTED_EDGE('',*,*,#1158,.F.);
#1588=ORIENTED_EDGE('',*,*,#1189,.F.);
#1589=ORIENTED_EDGE('',*,*,#1190,.F.);
#1590=ORIENTED_EDGE('',*,*,#1191,.T.);
#1591=ORIENTED_EDGE('',*,*,#1190,.T.);
#1592=ORIENTED_EDGE('',*,*,#1192,.F.);
#1593=ORIENTED_EDGE('',*,*,#1187,.T.);
#1594=ORIENTED_EDGE('',*,*,#1193,.T.);
#1595=ORIENTED_EDGE('',*,*,#1194,.F.);
#1596=ORIENTED_EDGE('',*,*,#1195,.F.);
#1597=ORIENTED_EDGE('',*,*,#1196,.F.);
#1598=ORIENTED_EDGE('',*,*,#1197,.F.);
#1599=ORIENTED_EDGE('',*,*,#1195,.T.);
#1600=ORIENTED_EDGE('',*,*,#1198,.F.);
#1601=ORIENTED_EDGE('',*,*,#1199,.T.);
#1602=ORIENTED_EDGE('',*,*,#1200,.T.);
#1603=ORIENTED_EDGE('',*,*,#1200,.F.);
#1604=ORIENTED_EDGE('',*,*,#1201,.T.);
#1605=ORIENTED_EDGE('',*,*,#1202,.T.);
#1606=ORIENTED_EDGE('',*,*,#1201,.F.);
#1607=ORIENTED_EDGE('',*,*,#1199,.F.);
#1608=ORIENTED_EDGE('',*,*,#1203,.T.);
#1609=ORIENTED_EDGE('',*,*,#1204,.T.);
#1610=ORIENTED_EDGE('',*,*,#1203,.F.);
#1611=ORIENTED_EDGE('',*,*,#1205,.T.);
#1612=ORIENTED_EDGE('',*,*,#1020,.T.);
#1613=ORIENTED_EDGE('',*,*,#1174,.T.);
#1614=ORIENTED_EDGE('',*,*,#1206,.T.);
#1615=ORIENTED_EDGE('',*,*,#1207,.T.);
#1616=ORIENTED_EDGE('',*,*,#1208,.T.);
#1617=ORIENTED_EDGE('',*,*,#1160,.T.);
#1618=ORIENTED_EDGE('',*,*,#1022,.T.);
#1619=ORIENTED_EDGE('',*,*,#1005,.F.);
#1620=ORIENTED_EDGE('',*,*,#1009,.F.);
#1621=ORIENTED_EDGE('',*,*,#1159,.F.);
#1622=ORIENTED_EDGE('',*,*,#1191,.F.);
#1623=ORIENTED_EDGE('',*,*,#1193,.F.);
#1624=ORIENTED_EDGE('',*,*,#1186,.F.);
#1625=ORIENTED_EDGE('',*,*,#1154,.F.);
#1626=ORIENTED_EDGE('',*,*,#1029,.F.);
#1627=ORIENTED_EDGE('',*,*,#1027,.F.);
#1628=ORIENTED_EDGE('',*,*,#1177,.F.);
#1629=ORIENTED_EDGE('',*,*,#1179,.F.);
#1630=ORIENTED_EDGE('',*,*,#1100,.F.);
#1631=ORIENTED_EDGE('',*,*,#1104,.T.);
#1632=ORIENTED_EDGE('',*,*,#1095,.F.);
#1633=ORIENTED_EDGE('',*,*,#1099,.T.);
#1634=ORIENTED_EDGE('',*,*,#1176,.T.);
#1635=ORIENTED_EDGE('',*,*,#1184,.T.);
#1636=ORIENTED_EDGE('',*,*,#1182,.T.);
#1637=ORIENTED_EDGE('',*,*,#1185,.T.);
#1638=ORIENTED_EDGE('',*,*,#1152,.F.);
#1639=ORIENTED_EDGE('',*,*,#1171,.T.);
#1640=ORIENTED_EDGE('',*,*,#1088,.F.);
#1641=ORIENTED_EDGE('',*,*,#1092,.T.);
#1642=ORIENTED_EDGE('',*,*,#1120,.F.);
#1643=ORIENTED_EDGE('',*,*,#1123,.T.);
#1644=ORIENTED_EDGE('',*,*,#1170,.T.);
#1645=ORIENTED_EDGE('',*,*,#1124,.F.);
#1646=ORIENTED_EDGE('',*,*,#1128,.T.);
#1647=ORIENTED_EDGE('',*,*,#1129,.F.);
#1648=ORIENTED_EDGE('',*,*,#1169,.T.);
#1649=ORIENTED_EDGE('',*,*,#1167,.T.);
#1650=ORIENTED_EDGE('',*,*,#1209,.T.);
#1651=ORIENTED_EDGE('',*,*,#1210,.T.);
#1652=ORIENTED_EDGE('',*,*,#1211,.T.);
#1653=ORIENTED_EDGE('',*,*,#1212,.T.);
#1654=ORIENTED_EDGE('',*,*,#1213,.T.);
#1655=ORIENTED_EDGE('',*,*,#1214,.F.);
#1656=ORIENTED_EDGE('',*,*,#1215,.F.);
#1657=ORIENTED_EDGE('',*,*,#1216,.F.);
#1658=ORIENTED_EDGE('',*,*,#1145,.F.);
#1659=ORIENTED_EDGE('',*,*,#1217,.F.);
#1660=ORIENTED_EDGE('',*,*,#1218,.T.);
#1661=ORIENTED_EDGE('',*,*,#1213,.F.);
#1662=ORIENTED_EDGE('',*,*,#1219,.F.);
#1663=ORIENTED_EDGE('',*,*,#1220,.F.);
#1664=ORIENTED_EDGE('',*,*,#1221,.F.);
#1665=ORIENTED_EDGE('',*,*,#1222,.T.);
#1666=ORIENTED_EDGE('',*,*,#1223,.T.);
#1667=ORIENTED_EDGE('',*,*,#1222,.F.);
#1668=ORIENTED_EDGE('',*,*,#1204,.F.);
#1669=ORIENTED_EDGE('',*,*,#1202,.F.);
#1670=ORIENTED_EDGE('',*,*,#1224,.F.);
#1671=ORIENTED_EDGE('',*,*,#1225,.F.);
#1672=ORIENTED_EDGE('',*,*,#1226,.F.);
#1673=ORIENTED_EDGE('',*,*,#1227,.T.);
#1674=ORIENTED_EDGE('',*,*,#1228,.T.);
#1675=ORIENTED_EDGE('',*,*,#1229,.T.);
#1676=ORIENTED_EDGE('',*,*,#1230,.F.);
#1677=ORIENTED_EDGE('',*,*,#1229,.F.);
#1678=ORIENTED_EDGE('',*,*,#1231,.T.);
#1679=ORIENTED_EDGE('',*,*,#1232,.T.);
#1680=ORIENTED_EDGE('',*,*,#1233,.F.);
#1681=ORIENTED_EDGE('',*,*,#1198,.T.);
#1682=ORIENTED_EDGE('',*,*,#1194,.T.);
#1683=ORIENTED_EDGE('',*,*,#1197,.T.);
#1684=ORIENTED_EDGE('',*,*,#1234,.T.);
#1685=ORIENTED_EDGE('',*,*,#1215,.T.);
#1686=ORIENTED_EDGE('',*,*,#1235,.F.);
#1687=ORIENTED_EDGE('',*,*,#1209,.F.);
#1688=ORIENTED_EDGE('',*,*,#1211,.F.);
#1689=ORIENTED_EDGE('',*,*,#1236,.T.);
#1690=ORIENTED_EDGE('',*,*,#1237,.F.);
#1691=ORIENTED_EDGE('',*,*,#1149,.F.);
#1692=ORIENTED_EDGE('',*,*,#1238,.T.);
#1693=ORIENTED_EDGE('',*,*,#1239,.T.);
#1694=ORIENTED_EDGE('',*,*,#1240,.T.);
#1695=ORIENTED_EDGE('',*,*,#1116,.T.);
#1696=ORIENTED_EDGE('',*,*,#1150,.T.);
#1697=ORIENTED_EDGE('',*,*,#1237,.T.);
#1698=ORIENTED_EDGE('',*,*,#1241,.T.);
#1699=ORIENTED_EDGE('',*,*,#1217,.T.);
#1700=ORIENTED_EDGE('',*,*,#1144,.T.);
#1701=ORIENTED_EDGE('',*,*,#1080,.T.);
#1702=ORIENTED_EDGE('',*,*,#1172,.T.);
#1703=ORIENTED_EDGE('',*,*,#1118,.T.);
#1704=ORIENTED_EDGE('',*,*,#1242,.T.);
#1705=ORIENTED_EDGE('',*,*,#1243,.T.);
#1706=ORIENTED_EDGE('',*,*,#1162,.T.);
#1707=ORIENTED_EDGE('',*,*,#1244,.T.);
#1708=ORIENTED_EDGE('',*,*,#1245,.T.);
#1709=ORIENTED_EDGE('',*,*,#1078,.T.);
#1710=ORIENTED_EDGE('',*,*,#1224,.T.);
#1711=ORIENTED_EDGE('',*,*,#1246,.T.);
#1712=ORIENTED_EDGE('',*,*,#1247,.F.);
#1713=ORIENTED_EDGE('',*,*,#1246,.F.);
#1714=ORIENTED_EDGE('',*,*,#1225,.T.);
#1715=ORIENTED_EDGE('',*,*,#1248,.T.);
#1716=ORIENTED_EDGE('',*,*,#1249,.F.);
#1717=ORIENTED_EDGE('',*,*,#1248,.F.);
#1718=ORIENTED_EDGE('',*,*,#1250,.F.);
#1719=ORIENTED_EDGE('',*,*,#1232,.F.);
#1720=ORIENTED_EDGE('',*,*,#1251,.T.);
#1721=ORIENTED_EDGE('',*,*,#1227,.F.);
#1722=ORIENTED_EDGE('',*,*,#1247,.T.);
#1723=ORIENTED_EDGE('',*,*,#1249,.T.);
#1724=ORIENTED_EDGE('',*,*,#1251,.F.);
#1725=ORIENTED_EDGE('',*,*,#1231,.F.);
#1726=ORIENTED_EDGE('',*,*,#1228,.F.);
#1727=ORIENTED_EDGE('',*,*,#1223,.F.);
#1728=ORIENTED_EDGE('',*,*,#1226,.T.);
#1729=ORIENTED_EDGE('',*,*,#1196,.T.);
#1730=ORIENTED_EDGE('',*,*,#1233,.T.);
#1731=ORIENTED_EDGE('',*,*,#1250,.T.);
#1732=ORIENTED_EDGE('',*,*,#1221,.T.);
#1733=ORIENTED_EDGE('',*,*,#1252,.T.);
#1734=ORIENTED_EDGE('',*,*,#1253,.T.);
#1735=ORIENTED_EDGE('',*,*,#1254,.F.);
#1736=ORIENTED_EDGE('',*,*,#1166,.F.);
#1737=ORIENTED_EDGE('',*,*,#1255,.T.);
#1738=ORIENTED_EDGE('',*,*,#1256,.T.);
#1739=ORIENTED_EDGE('',*,*,#1253,.F.);
#1740=ORIENTED_EDGE('',*,*,#1257,.F.);
#1741=ORIENTED_EDGE('',*,*,#1234,.F.);
#1742=ORIENTED_EDGE('',*,*,#1212,.F.);
#1743=ORIENTED_EDGE('',*,*,#1239,.F.);
#1744=ORIENTED_EDGE('',*,*,#1258,.F.);
#1745=ORIENTED_EDGE('',*,*,#1259,.F.);
#1746=ORIENTED_EDGE('',*,*,#1255,.F.);
#1747=ORIENTED_EDGE('',*,*,#1260,.T.);
#1748=ORIENTED_EDGE('',*,*,#1261,.T.);
#1749=ORIENTED_EDGE('',*,*,#1219,.T.);
#1750=ORIENTED_EDGE('',*,*,#1216,.T.);
#1751=ORIENTED_EDGE('',*,*,#1262,.F.);
#1752=ORIENTED_EDGE('',*,*,#1263,.F.);
#1753=ORIENTED_EDGE('',*,*,#1260,.F.);
#1754=ORIENTED_EDGE('',*,*,#1257,.T.);
#1755=ORIENTED_EDGE('',*,*,#1252,.F.);
#1756=ORIENTED_EDGE('',*,*,#1165,.T.);
#1757=ORIENTED_EDGE('',*,*,#1264,.T.);
#1758=ORIENTED_EDGE('',*,*,#1146,.F.);
#1759=ORIENTED_EDGE('',*,*,#1220,.T.);
#1760=ORIENTED_EDGE('',*,*,#1261,.F.);
#1761=ORIENTED_EDGE('',*,*,#1263,.T.);
#1762=ORIENTED_EDGE('',*,*,#1265,.T.);
#1763=ORIENTED_EDGE('',*,*,#1266,.F.);
#1764=ORIENTED_EDGE('',*,*,#1267,.T.);
#1765=ORIENTED_EDGE('',*,*,#1268,.F.);
#1766=ORIENTED_EDGE('',*,*,#1147,.F.);
#1767=ORIENTED_EDGE('',*,*,#1266,.T.);
#1768=ORIENTED_EDGE('',*,*,#1269,.T.);
#1769=ORIENTED_EDGE('',*,*,#1258,.T.);
#1770=ORIENTED_EDGE('',*,*,#1238,.F.);
#1771=ORIENTED_EDGE('',*,*,#1148,.F.);
#1772=ORIENTED_EDGE('',*,*,#1268,.T.);
#1773=ORIENTED_EDGE('',*,*,#1270,.T.);
#1774=ORIENTED_EDGE('',*,*,#1264,.F.);
#1775=ORIENTED_EDGE('',*,*,#1271,.T.);
#1776=ORIENTED_EDGE('',*,*,#1272,.F.);
#1777=ORIENTED_EDGE('',*,*,#1271,.F.);
#1778=ORIENTED_EDGE('',*,*,#1273,.F.);
#1779=ORIENTED_EDGE('',*,*,#1274,.T.);
#1780=ORIENTED_EDGE('',*,*,#1275,.T.);
#1781=ORIENTED_EDGE('',*,*,#1274,.F.);
#1782=ORIENTED_EDGE('',*,*,#1273,.T.);
#1783=ORIENTED_EDGE('',*,*,#1276,.F.);
#1784=ORIENTED_EDGE('',*,*,#1277,.F.);
#1785=ORIENTED_EDGE('',*,*,#1207,.F.);
#1786=ORIENTED_EDGE('',*,*,#1021,.F.);
#1787=ORIENTED_EDGE('',*,*,#1205,.F.);
#1788=ORIENTED_EDGE('',*,*,#1278,.T.);
#1789=ORIENTED_EDGE('',*,*,#1242,.F.);
#1790=ORIENTED_EDGE('',*,*,#1117,.T.);
#1791=ORIENTED_EDGE('',*,*,#1240,.F.);
#1792=ORIENTED_EDGE('',*,*,#1236,.F.);
#1793=ORIENTED_EDGE('',*,*,#1210,.F.);
#1794=ORIENTED_EDGE('',*,*,#1235,.T.);
#1795=ORIENTED_EDGE('',*,*,#1214,.T.);
#1796=ORIENTED_EDGE('',*,*,#1218,.F.);
#1797=ORIENTED_EDGE('',*,*,#1241,.F.);
#1798=ORIENTED_EDGE('',*,*,#1079,.F.);
#1799=ORIENTED_EDGE('',*,*,#1245,.F.);
#1800=ORIENTED_EDGE('',*,*,#1275,.F.);
#1801=ORIENTED_EDGE('',*,*,#1276,.T.);
#1802=ORIENTED_EDGE('',*,*,#1279,.T.);
#1803=ORIENTED_EDGE('',*,*,#1280,.F.);
#1804=ORIENTED_EDGE('',*,*,#1279,.F.);
#1805=ORIENTED_EDGE('',*,*,#1277,.T.);
#1806=ORIENTED_EDGE('',*,*,#1244,.F.);
#1807=ORIENTED_EDGE('',*,*,#1161,.T.);
#1808=ORIENTED_EDGE('',*,*,#1208,.F.);
#1809=ORIENTED_EDGE('',*,*,#1280,.T.);
#1810=ORIENTED_EDGE('',*,*,#1281,.F.);
#1811=ORIENTED_EDGE('',*,*,#1281,.T.);
#1812=ORIENTED_EDGE('',*,*,#1282,.T.);
#1813=ORIENTED_EDGE('',*,*,#1230,.T.);
#1814=ORIENTED_EDGE('',*,*,#1282,.F.);
#1815=ORIENTED_EDGE('',*,*,#1173,.F.);
#1816=ORIENTED_EDGE('',*,*,#1243,.F.);
#1817=ORIENTED_EDGE('',*,*,#1278,.F.);
#1818=ORIENTED_EDGE('',*,*,#1206,.F.);
#1819=ORIENTED_EDGE('',*,*,#1254,.T.);
#1820=ORIENTED_EDGE('',*,*,#1256,.F.);
#1821=ORIENTED_EDGE('',*,*,#1259,.T.);
#1822=ORIENTED_EDGE('',*,*,#1269,.F.);
#1823=ORIENTED_EDGE('',*,*,#1283,.T.);
#1824=ORIENTED_EDGE('',*,*,#1163,.T.);
#1825=ORIENTED_EDGE('',*,*,#1272,.T.);
#1826=ORIENTED_EDGE('',*,*,#1283,.F.);
#1827=ORIENTED_EDGE('',*,*,#1270,.F.);
#1828=ORIENTED_EDGE('',*,*,#1267,.F.);
#1829=ORIENTED_EDGE('',*,*,#1265,.F.);
#1830=ORIENTED_EDGE('',*,*,#1262,.T.);
#1831=ORIENTED_EDGE('',*,*,#1164,.T.);
#1832=ORIENTED_EDGE('',*,*,#1062,.F.);
#1833=ORIENTED_EDGE('',*,*,#1066,.T.);
#1834=ORIENTED_EDGE('',*,*,#1057,.F.);
#1835=ORIENTED_EDGE('',*,*,#1061,.T.);
#1836=ORIENTED_EDGE('',*,*,#1156,.F.);
#1837=ORIENTED_EDGE('',*,*,#1188,.T.);
#1838=ORIENTED_EDGE('',*,*,#1192,.T.);
#1839=ORIENTED_EDGE('',*,*,#1189,.T.);
#1840=ORIENTED_EDGE('',*,*,#1157,.T.);
#1841=ORIENTED_EDGE('',*,*,#1142,.T.);
#1842=ORIENTED_EDGE('',*,*,#1050,.F.);
#1843=ORIENTED_EDGE('',*,*,#1054,.T.);
#1844=ORIENTED_EDGE('',*,*,#1082,.F.);
#1845=ORIENTED_EDGE('',*,*,#1085,.T.);
#1846=ORIENTED_EDGE('',*,*,#1139,.T.);
#1847=ORIENTED_EDGE('',*,*,#1136,.F.);
#1848=ORIENTED_EDGE('',*,*,#1141,.T.);
#1849=ORIENTED_EDGE('',*,*,#1131,.F.);
#1850=ORIENTED_EDGE('',*,*,#1135,.T.);
#1851=ORIENTED_EDGE('',*,*,#1140,.T.);
#1852=ORIENTED_EDGE('',*,*,#1284,.F.);
#1853=ORIENTED_EDGE('',*,*,#1284,.T.);
#1854=ORIENTED_EDGE('',*,*,#1285,.T.);
#1855=ORIENTED_EDGE('',*,*,#1286,.T.);
#1856=ORIENTED_EDGE('',*,*,#1285,.F.);
#1857=ORIENTED_EDGE('',*,*,#1286,.F.);
#1858=ORIENTED_EDGE('',*,*,#1287,.F.);
#1859=ORIENTED_EDGE('',*,*,#1288,.F.);
#1860=ORIENTED_EDGE('',*,*,#1287,.T.);
#1861=ORIENTED_EDGE('',*,*,#1289,.T.);
#1862=ORIENTED_EDGE('',*,*,#1288,.T.);
#1863=ORIENTED_EDGE('',*,*,#1289,.F.);
#1864=CYLINDRICAL_SURFACE('',#2028,5.);
#1865=CYLINDRICAL_SURFACE('',#2038,5.);
#1866=CYLINDRICAL_SURFACE('',#2041,5.);
#1867=CYLINDRICAL_SURFACE('',#2047,5.);
#1868=CYLINDRICAL_SURFACE('',#2049,3.);
#1869=CYLINDRICAL_SURFACE('',#2053,3.);
#1870=CYLINDRICAL_SURFACE('',#2057,3.);
#1871=CYLINDRICAL_SURFACE('',#2065,3.);
#1872=CYLINDRICAL_SURFACE('',#2068,3.);
#1873=CYLINDRICAL_SURFACE('',#2072,3.);
#1874=CYLINDRICAL_SURFACE('',#2076,3.);
#1875=CYLINDRICAL_SURFACE('',#2084,3.);
#1876=CYLINDRICAL_SURFACE('',#2087,3.);
#1877=CYLINDRICAL_SURFACE('',#2090,3.);
#1878=CYLINDRICAL_SURFACE('',#2092,3.);
#1879=CYLINDRICAL_SURFACE('',#2095,3.);
#1880=CYLINDRICAL_SURFACE('',#2109,10.);
#1881=CYLINDRICAL_SURFACE('',#2120,1.6);
#1882=CYLINDRICAL_SURFACE('',#2123,1.59999999999999);
#1883=CYLINDRICAL_SURFACE('',#2135,1.6);
#1884=CYLINDRICAL_SURFACE('',#2136,1.6);
#1885=CYLINDRICAL_SURFACE('',#2137,4.);
#1886=CYLINDRICAL_SURFACE('',#2139,4.);
#1887=CYLINDRICAL_SURFACE('',#2143,2.);
#1888=CYLINDRICAL_SURFACE('',#2146,2.);
#1889=CYLINDRICAL_SURFACE('',#2149,65.);
#1890=CYLINDRICAL_SURFACE('',#2153,15.15);
#1891=CYLINDRICAL_SURFACE('',#2156,20.);
#1892=CYLINDRICAL_SURFACE('',#2163,65.);
#1893=CYLINDRICAL_SURFACE('',#2167,4.);
#1894=CYLINDRICAL_SURFACE('',#2169,4.);
#1895=CYLINDRICAL_SURFACE('',#2171,4.);
#1896=CYLINDRICAL_SURFACE('',#2173,4.);
#1897=CYLINDRICAL_SURFACE('',#2175,1.6);
#1898=CYLINDRICAL_SURFACE('',#2177,1.6);
#1899=CYLINDRICAL_SURFACE('',#2184,10.);
#1900=CYLINDRICAL_SURFACE('',#2193,23.65);
#1901=CYLINDRICAL_SURFACE('',#2195,55.);
#1902=CYLINDRICAL_SURFACE('',#2201,50.);
#1903=CYLINDRICAL_SURFACE('',#2213,1.6);
#1904=CYLINDRICAL_SURFACE('',#2220,1.6);
#1905=ADVANCED_FACE('',(#109),#1864,.T.);
#1906=ADVANCED_FACE('',(#110),#45,.F.);
#1907=ADVANCED_FACE('',(#111,#27,#28),#46,.T.);
#1908=ADVANCED_FACE('',(#112),#1865,.T.);
#1909=ADVANCED_FACE('',(#113),#47,.F.);
#1910=ADVANCED_FACE('',(#114),#1866,.T.);
#1911=ADVANCED_FACE('',(#115),#48,.T.);
#1912=ADVANCED_FACE('',(#116,#29),#49,.F.);
#1913=ADVANCED_FACE('',(#117),#1867,.T.);
#1914=ADVANCED_FACE('',(#118),#50,.T.);
#1915=ADVANCED_FACE('',(#119),#1868,.F.);
#1916=ADVANCED_FACE('',(#120),#51,.T.);
#1917=ADVANCED_FACE('',(#121),#1869,.F.);
#1918=ADVANCED_FACE('',(#122),#52,.T.);
#1919=ADVANCED_FACE('',(#123),#1870,.T.);
#1920=ADVANCED_FACE('',(#124),#53,.T.);
#1921=ADVANCED_FACE('',(#125),#54,.F.);
#1922=ADVANCED_FACE('',(#126),#1871,.T.);
#1923=ADVANCED_FACE('',(#127),#55,.T.);
#1924=ADVANCED_FACE('',(#128),#1872,.F.);
#1925=ADVANCED_FACE('',(#129),#56,.T.);
#1926=ADVANCED_FACE('',(#130),#1873,.F.);
#1927=ADVANCED_FACE('',(#131),#57,.T.);
#1928=ADVANCED_FACE('',(#132),#1874,.T.);
#1929=ADVANCED_FACE('',(#133),#58,.T.);
#1930=ADVANCED_FACE('',(#134),#59,.T.);
#1931=ADVANCED_FACE('',(#135),#1875,.T.);
#1932=ADVANCED_FACE('',(#136),#60,.T.);
#1933=ADVANCED_FACE('',(#137),#1876,.T.);
#1934=ADVANCED_FACE('',(#138),#61,.T.);
#1935=ADVANCED_FACE('',(#139),#1877,.T.);
#1936=ADVANCED_FACE('',(#140),#1878,.T.);
#1937=ADVANCED_FACE('',(#141),#62,.T.);
#1938=ADVANCED_FACE('',(#142),#1879,.T.);
#1939=ADVANCED_FACE('',(#143),#63,.T.);
#1940=ADVANCED_FACE('',(#144),#64,.T.);
#1941=ADVANCED_FACE('',(#145),#65,.T.);
#1942=ADVANCED_FACE('',(#146),#66,.T.);
#1943=ADVANCED_FACE('',(#147),#67,.F.);
#1944=ADVANCED_FACE('',(#148),#68,.F.);
#1945=ADVANCED_FACE('',(#149),#1880,.T.);
#1946=ADVANCED_FACE('',(#150),#69,.T.);
#1947=ADVANCED_FACE('',(#151),#70,.T.);
#1948=ADVANCED_FACE('',(#152),#71,.T.);
#1949=ADVANCED_FACE('',(#153),#72,.T.);
#1950=ADVANCED_FACE('',(#154),#73,.F.);
#1951=ADVANCED_FACE('',(#155),#74,.F.);
#1952=ADVANCED_FACE('',(#156),#1881,.F.);
#1953=ADVANCED_FACE('',(#157),#75,.T.);
#1954=ADVANCED_FACE('',(#158),#1882,.F.);
#1955=ADVANCED_FACE('',(#159),#76,.F.);
#1956=ADVANCED_FACE('',(#160),#77,.F.);
#1957=ADVANCED_FACE('',(#161),#78,.F.);
#1958=ADVANCED_FACE('',(#162),#79,.T.);
#1959=ADVANCED_FACE('',(#163),#80,.T.);
#1960=ADVANCED_FACE('',(#164),#81,.T.);
#1961=ADVANCED_FACE('',(#165),#82,.T.);
#1962=ADVANCED_FACE('',(#166,#30,#31),#83,.F.);
#1963=ADVANCED_FACE('',(#167),#1883,.F.);
#1964=ADVANCED_FACE('',(#168),#1884,.F.);
#1965=ADVANCED_FACE('',(#169),#1885,.T.);
#1966=ADVANCED_FACE('',(#170),#1886,.T.);
#1967=ADVANCED_FACE('',(#171,#32),#84,.T.);
#1968=ADVANCED_FACE('',(#172),#85,.T.);
#1969=ADVANCED_FACE('',(#173),#1887,.F.);
#1970=ADVANCED_FACE('',(#174),#1888,.F.);
#1971=ADVANCED_FACE('',(#175),#1889,.T.);
#1972=ADVANCED_FACE('',(#176,#33,#34,#35,#36),#1890,.F.);
#1973=ADVANCED_FACE('',(#177),#1891,.T.);
#1974=ADVANCED_FACE('',(#178),#86,.T.);
#1975=ADVANCED_FACE('',(#179),#1892,.T.);
#1976=ADVANCED_FACE('',(#180),#1893,.F.);
#1977=ADVANCED_FACE('',(#181),#1894,.F.);
#1978=ADVANCED_FACE('',(#182),#1895,.T.);
#1979=ADVANCED_FACE('',(#183),#1896,.T.);
#1980=ADVANCED_FACE('',(#184),#1897,.F.);
#1981=ADVANCED_FACE('',(#185),#1898,.F.);
#1982=ADVANCED_FACE('',(#186,#37,#38),#87,.F.);
#1983=ADVANCED_FACE('',(#187),#88,.T.);
#1984=ADVANCED_FACE('',(#188),#89,.T.);
#1985=ADVANCED_FACE('',(#189,#39),#90,.T.);
#1986=ADVANCED_FACE('',(#190),#91,.T.);
#1987=ADVANCED_FACE('',(#191),#1899,.T.);
#1988=ADVANCED_FACE('',(#192),#92,.T.);
#1989=ADVANCED_FACE('',(#193,#40),#93,.T.);
#1990=ADVANCED_FACE('',(#194),#94,.T.);
#1991=ADVANCED_FACE('',(#195),#95,.T.);
#1992=ADVANCED_FACE('',(#196),#96,.T.);
#1993=ADVANCED_FACE('',(#197),#1900,.F.);
#1994=ADVANCED_FACE('',(#198),#1901,.T.);
#1995=ADVANCED_FACE('',(#199,#41),#97,.T.);
#1996=ADVANCED_FACE('',(#200,#42),#98,.F.);
#1997=ADVANCED_FACE('',(#201),#1902,.F.);
#1998=ADVANCED_FACE('',(#202),#99,.T.);
#1999=ADVANCED_FACE('',(#203,#43),#100,.F.);
#2000=ADVANCED_FACE('',(#204),#16,.T.);
#2001=ADVANCED_FACE('',(#205),#101,.F.);
#2002=ADVANCED_FACE('',(#206,#44),#102,.F.);
#2003=ADVANCED_FACE('',(#207),#103,.T.);
#2004=ADVANCED_FACE('',(#208),#104,.T.);
#2005=ADVANCED_FACE('',(#209),#105,.F.);
#2006=ADVANCED_FACE('',(#210),#1903,.F.);
#2007=ADVANCED_FACE('',(#211),#106,.T.);
#2008=ADVANCED_FACE('',(#212),#107,.F.);
#2009=ADVANCED_FACE('',(#213),#108,.T.);
#2010=ADVANCED_FACE('',(#214),#1904,.F.);
#2011=CLOSED_SHELL('',(#1905,#1906,#1907,#1908,#1909,#1910,#1911,#1912,
#1913,#1914,#1915,#1916,#1917,#1918,#1919,#1920,#1921,#1922,#1923,#1924,
#1925,#1926,#1927,#1928,#1929,#1930,#1931,#1932,#1933,#1934,#1935,#1936,
#1937,#1938,#1939,#1940,#1941,#1942,#1943,#1944,#1945,#1946,#1947,#1948,
#1949,#1950,#1951,#1952,#1953,#1954,#1955,#1956,#1957,#1958,#1959,#1960,
#1961,#1962,#1963,#1964,#1965,#1966,#1967,#1968,#1969,#1970,#1971,#1972,
#1973,#1974,#1975,#1976,#1977,#1978,#1979,#1980,#1981,#1982,#1983,#1984,
#1985,#1986,#1987,#1988,#1989,#1990,#1991,#1992,#1993,#1994,#1995,#1996,
#1997,#1998,#1999,#2000,#2001,#2002,#2003,#2004));
#2012=CLOSED_SHELL('',(#2005,#2006,#2007));
#2013=CLOSED_SHELL('',(#2008,#2009,#2010));
#2014=BREP_WITH_VOIDS('shoulder plate',#2011,(#14,#15));
#2015=DERIVED_UNIT_ELEMENT(#2017,1.);
#2016=DERIVED_UNIT_ELEMENT(#3527,-3.);
#2017=(
MASS_UNIT()
NAMED_UNIT(*)
SI_UNIT(.KILO.,.GRAM.)
);
#2018=DERIVED_UNIT((#2015,#2016));
#2019=MEASURE_REPRESENTATION_ITEM('density measure',
POSITIVE_RATIO_MEASURE(7850.),#2018);
#2020=PROPERTY_DEFINITION_REPRESENTATION(#2025,#2022);
#2021=PROPERTY_DEFINITION_REPRESENTATION(#2026,#2023);
#2022=REPRESENTATION('material name',(#2024),#3524);
#2023=REPRESENTATION('density',(#2019),#3524);
#2024=DESCRIPTIVE_REPRESENTATION_ITEM('Steel','Steel');
#2025=PROPERTY_DEFINITION('material property','material name',#3534);
#2026=PROPERTY_DEFINITION('material property','density of part',#3534);
#2027=AXIS2_PLACEMENT_3D('',#2805,#2221,#2222);
#2028=AXIS2_PLACEMENT_3D('',#2806,#2223,#2224);
#2029=AXIS2_PLACEMENT_3D('',#2809,#2225,#2226);
#2030=AXIS2_PLACEMENT_3D('',#2813,#2228,#2229);
#2031=AXIS2_PLACEMENT_3D('',#2815,#2231,#2232);
#2032=AXIS2_PLACEMENT_3D('',#2821,#2236,#2237);
#2033=AXIS2_PLACEMENT_3D('',#2825,#2239,#2240);
#2034=AXIS2_PLACEMENT_3D('',#2833,#2244,#2245);
#2035=AXIS2_PLACEMENT_3D('',#2837,#2247,#2248);
#2036=AXIS2_PLACEMENT_3D('',#2850,#2255,#2256);
#2037=AXIS2_PLACEMENT_3D('',#2852,#2257,#2258);
#2038=AXIS2_PLACEMENT_3D('',#2853,#2259,#2260);
#2039=AXIS2_PLACEMENT_3D('',#2857,#2262,#2263);
#2040=AXIS2_PLACEMENT_3D('',#2859,#2265,#2266);
#2041=AXIS2_PLACEMENT_3D('',#2863,#2269,#2270);
#2042=AXIS2_PLACEMENT_3D('',#2867,#2272,#2273);
#2043=AXIS2_PLACEMENT_3D('',#2869,#2275,#2276);
#2044=AXIS2_PLACEMENT_3D('',#2873,#2279,#2280);
#2045=AXIS2_PLACEMENT_3D('',#2877,#2282,#2283);
#2046=AXIS2_PLACEMENT_3D('',#2890,#2290,#2291);
#2047=AXIS2_PLACEMENT_3D('',#2891,#2292,#2293);
#2048=AXIS2_PLACEMENT_3D('',#2894,#2296,#2297);
#2049=AXIS2_PLACEMENT_3D('',#2896,#2299,#2300);
#2050=AXIS2_PLACEMENT_3D('',#2899,#2301,#2302);
#2051=AXIS2_PLACEMENT_3D('',#2903,#2304,#2305);
#2052=AXIS2_PLACEMENT_3D('',#2905,#2307,#2308);
#2053=AXIS2_PLACEMENT_3D('',#2911,#2312,#2313);
#2054=AXIS2_PLACEMENT_3D('',#2914,#2314,#2315);
#2055=AXIS2_PLACEMENT_3D('',#2918,#2317,#2318);
#2056=AXIS2_PLACEMENT_3D('',#2920,#2320,#2321);
#2057=AXIS2_PLACEMENT_3D('',#2926,#2325,#2326);
#2058=AXIS2_PLACEMENT_3D('',#2929,#2327,#2328);
#2059=AXIS2_PLACEMENT_3D('',#2933,#2330,#2331);
#2060=AXIS2_PLACEMENT_3D('',#2935,#2333,#2334);
#2061=AXIS2_PLACEMENT_3D('',#2938,#2337,#2338);
#2062=AXIS2_PLACEMENT_3D('',#2944,#2341,#2342);
#2063=AXIS2_PLACEMENT_3D('',#2948,#2344,#2345);
#2064=AXIS2_PLACEMENT_3D('',#2953,#2348,#2349);
#2065=AXIS2_PLACEMENT_3D('',#2965,#2356,#2357);
#2066=AXIS2_PLACEMENT_3D('',#2967,#2358,#2359);
#2067=AXIS2_PLACEMENT_3D('',#2969,#2361,#2362);
#2068=AXIS2_PLACEMENT_3D('',#2973,#2365,#2366);
#2069=AXIS2_PLACEMENT_3D('',#2976,#2367,#2368);
#2070=AXIS2_PLACEMENT_3D('',#2980,#2370,#2371);
#2071=AXIS2_PLACEMENT_3D('',#2982,#2373,#2374);
#2072=AXIS2_PLACEMENT_3D('',#2988,#2378,#2379);
#2073=AXIS2_PLACEMENT_3D('',#2991,#2380,#2381);
#2074=AXIS2_PLACEMENT_3D('',#2995,#2383,#2384);
#2075=AXIS2_PLACEMENT_3D('',#2997,#2386,#2387);
#2076=AXIS2_PLACEMENT_3D('',#3003,#2391,#2392);
#2077=AXIS2_PLACEMENT_3D('',#3006,#2393,#2394);
#2078=AXIS2_PLACEMENT_3D('',#3010,#2396,#2397);
#2079=AXIS2_PLACEMENT_3D('',#3012,#2399,#2400);
#2080=AXIS2_PLACEMENT_3D('',#3015,#2403,#2404);
#2081=AXIS2_PLACEMENT_3D('',#3021,#2407,#2408);
#2082=AXIS2_PLACEMENT_3D('',#3025,#2410,#2411);
#2083=AXIS2_PLACEMENT_3D('',#3030,#2414,#2415);
#2084=AXIS2_PLACEMENT_3D('',#3042,#2422,#2423);
#2085=AXIS2_PLACEMENT_3D('',#3044,#2424,#2425);
#2086=AXIS2_PLACEMENT_3D('',#3046,#2427,#2428);
#2087=AXIS2_PLACEMENT_3D('',#3050,#2431,#2432);
#2088=AXIS2_PLACEMENT_3D('',#3053,#2433,#2434);
#2089=AXIS2_PLACEMENT_3D('',#3056,#2437,#2438);
#2090=AXIS2_PLACEMENT_3D('',#3060,#2441,#2442);
#2091=AXIS2_PLACEMENT_3D('',#3062,#2443,#2444);
#2092=AXIS2_PLACEMENT_3D('',#3064,#2446,#2447);
#2093=AXIS2_PLACEMENT_3D('',#3067,#2448,#2449);
#2094=AXIS2_PLACEMENT_3D('',#3070,#2452,#2453);
#2095=AXIS2_PLACEMENT_3D('',#3074,#2456,#2457);
#2096=AXIS2_PLACEMENT_3D('',#3077,#2458,#2459);
#2097=AXIS2_PLACEMENT_3D('',#3080,#2462,#2463);
#2098=AXIS2_PLACEMENT_3D('',#3082,#2465,#2466);
#2099=AXIS2_PLACEMENT_3D('',#3084,#2468,#2469);
#2100=AXIS2_PLACEMENT_3D('',#3086,#2471,#2472);
#2101=AXIS2_PLACEMENT_3D('',#3090,#2475,#2476);
#2102=AXIS2_PLACEMENT_3D('',#3092,#2477,#2478);
#2103=AXIS2_PLACEMENT_3D('',#3094,#2479,#2480);
#2104=AXIS2_PLACEMENT_3D('',#3102,#2484,#2485);
#2105=AXIS2_PLACEMENT_3D('',#3103,#2486,#2487);
#2106=AXIS2_PLACEMENT_3D('',#3114,#2494,#2495);
#2107=AXIS2_PLACEMENT_3D('',#3121,#2499,#2500);
#2108=AXIS2_PLACEMENT_3D('',#3124,#2502,#2503);
#2109=AXIS2_PLACEMENT_3D('',#3125,#2504,#2505);
#2110=AXIS2_PLACEMENT_3D('',#3128,#2506,#2507);
#2111=AXIS2_PLACEMENT_3D('',#3132,#2509,#2510);
#2112=AXIS2_PLACEMENT_3D('',#3134,#2512,#2513);
#2113=AXIS2_PLACEMENT_3D('',#3138,#2516,#2517);
#2114=AXIS2_PLACEMENT_3D('',#3140,#2519,#2520);
#2115=AXIS2_PLACEMENT_3D('',#3142,#2522,#2523);
#2116=AXIS2_PLACEMENT_3D('',#3144,#2525,#2526);
#2117=AXIS2_PLACEMENT_3D('',#3146,#2527,#2528);
#2118=AXIS2_PLACEMENT_3D('',#3149,#2530,#2531);
#2119=AXIS2_PLACEMENT_3D('',#3153,#2534,#2535);
#2120=AXIS2_PLACEMENT_3D('',#3155,#2537,#2538);
#2121=AXIS2_PLACEMENT_3D('',#3158,#2540,#2541);
#2122=AXIS2_PLACEMENT_3D('',#3159,#2542,#2543);
#2123=AXIS2_PLACEMENT_3D('',#3160,#2544,#2545);
#2124=AXIS2_PLACEMENT_3D('',#3162,#2547,#2548);
#2125=AXIS2_PLACEMENT_3D('',#3168,#2552,#2553);
#2126=AXIS2_PLACEMENT_3D('',#3170,#2555,#2556);
#2127=AXIS2_PLACEMENT_3D('',#3172,#2558,#2559);
#2128=AXIS2_PLACEMENT_3D('',#3178,#2563,#2564);
#2129=AXIS2_PLACEMENT_3D('',#3184,#2568,#2569);
#2130=AXIS2_PLACEMENT_3D('',#3187,#2572,#2573);
#2131=AXIS2_PLACEMENT_3D('',#3190,#2574,#2575);
#2132=AXIS2_PLACEMENT_3D('',#3192,#2577,#2578);
#2133=AXIS2_PLACEMENT_3D('',#3199,#2582,#2583);
#2134=AXIS2_PLACEMENT_3D('',#3201,#2584,#2585);
#2135=AXIS2_PLACEMENT_3D('',#3202,#2586,#2587);
#2136=AXIS2_PLACEMENT_3D('',#3239,#2589,#2590);
#2137=AXIS2_PLACEMENT_3D('',#3276,#2592,#2593);
#2138=AXIS2_PLACEMENT_3D('',#3278,#2594,#2595);
#2139=AXIS2_PLACEMENT_3D('',#3280,#2597,#2598);
#2140=AXIS2_PLACEMENT_3D('',#3282,#2599,#2600);
#2141=AXIS2_PLACEMENT_3D('',#3284,#2602,#2603);
#2142=AXIS2_PLACEMENT_3D('',#3285,#2604,#2605);
#2143=AXIS2_PLACEMENT_3D('',#3286,#2606,#2607);
#2144=AXIS2_PLACEMENT_3D('',#3291,#2609,#2610);
#2145=AXIS2_PLACEMENT_3D('',#3294,#2612,#2613);
#2146=AXIS2_PLACEMENT_3D('',#3295,#2614,#2615);
#2147=AXIS2_PLACEMENT_3D('',#3300,#2617,#2618);
#2148=AXIS2_PLACEMENT_3D('',#3303,#2620,#2621);
#2149=AXIS2_PLACEMENT_3D('',#3304,#2622,#2623);
#2150=AXIS2_PLACEMENT_3D('',#3307,#2625,#2626);
#2151=AXIS2_PLACEMENT_3D('',#3309,#2627,#2628);
#2152=AXIS2_PLACEMENT_3D('',#3310,#2629,#2630);
#2153=AXIS2_PLACEMENT_3D('',#3311,#2631,#2632);
#2154=AXIS2_PLACEMENT_3D('',#3313,#2633,#2634);
#2155=AXIS2_PLACEMENT_3D('',#3316,#2636,#2637);
#2156=AXIS2_PLACEMENT_3D('',#3387,#2638,#2639);
#2157=AXIS2_PLACEMENT_3D('',#3389,#2640,#2641);
#2158=AXIS2_PLACEMENT_3D('',#3393,#2643,#2644);
#2159=AXIS2_PLACEMENT_3D('',#3396,#2646,#2647);
#2160=AXIS2_PLACEMENT_3D('',#3398,#2648,#2649);
#2161=AXIS2_PLACEMENT_3D('',#3401,#2651,#2652);
#2162=AXIS2_PLACEMENT_3D('',#3402,#2653,#2654);
#2163=AXIS2_PLACEMENT_3D('',#3405,#2657,#2658);
#2164=AXIS2_PLACEMENT_3D('',#3407,#2659,#2660);
#2165=AXIS2_PLACEMENT_3D('',#3410,#2662,#2663);
#2166=AXIS2_PLACEMENT_3D('',#3411,#2664,#2665);
#2167=AXIS2_PLACEMENT_3D('',#3412,#2666,#2667);
#2168=AXIS2_PLACEMENT_3D('',#3413,#2668,#2669);
#2169=AXIS2_PLACEMENT_3D('',#3414,#2670,#2671);
#2170=AXIS2_PLACEMENT_3D('',#3415,#2672,#2673);
#2171=AXIS2_PLACEMENT_3D('',#3416,#2674,#2675);
#2172=AXIS2_PLACEMENT_3D('',#3418,#2676,#2677);
#2173=AXIS2_PLACEMENT_3D('',#3420,#2679,#2680);
#2174=AXIS2_PLACEMENT_3D('',#3423,#2682,#2683);
#2175=AXIS2_PLACEMENT_3D('',#3424,#2684,#2685);
#2176=AXIS2_PLACEMENT_3D('',#3427,#2687,#2688);
#2177=AXIS2_PLACEMENT_3D('',#3428,#2689,#2690);
#2178=AXIS2_PLACEMENT_3D('',#3431,#2692,#2693);
#2179=AXIS2_PLACEMENT_3D('',#3432,#2694,#2695);
#2180=AXIS2_PLACEMENT_3D('',#3435,#2698,#2699);
#2181=AXIS2_PLACEMENT_3D('',#3436,#2700,#2701);
#2182=AXIS2_PLACEMENT_3D('',#3437,#2702,#2703);
#2183=AXIS2_PLACEMENT_3D('',#3438,#2704,#2705);
#2184=AXIS2_PLACEMENT_3D('',#3444,#2709,#2710);
#2185=AXIS2_PLACEMENT_3D('',#3448,#2712,#2713);
#2186=AXIS2_PLACEMENT_3D('',#3449,#2714,#2715);
#2187=AXIS2_PLACEMENT_3D('',#3450,#2716,#2717);
#2188=AXIS2_PLACEMENT_3D('',#3457,#2722,#2723);
#2189=AXIS2_PLACEMENT_3D('',#3462,#2726,#2727);
#2190=AXIS2_PLACEMENT_3D('',#3463,#2728,#2729);
#2191=AXIS2_PLACEMENT_3D('',#3467,#2732,#2733);
#2192=AXIS2_PLACEMENT_3D('',#3471,#2736,#2737);
#2193=AXIS2_PLACEMENT_3D('',#3475,#2740,#2741);
#2194=AXIS2_PLACEMENT_3D('',#3478,#2743,#2744);
#2195=AXIS2_PLACEMENT_3D('',#3479,#2745,#2746);
#2196=AXIS2_PLACEMENT_3D('',#3481,#2747,#2748);
#2197=AXIS2_PLACEMENT_3D('',#3484,#2750,#2751);
#2198=AXIS2_PLACEMENT_3D('',#3485,#2752,#2753);
#2199=AXIS2_PLACEMENT_3D('',#3487,#2754,#2755);
#2200=AXIS2_PLACEMENT_3D('',#3488,#2756,#2757);
#2201=AXIS2_PLACEMENT_3D('',#3491,#2760,#2761);
#2202=AXIS2_PLACEMENT_3D('',#3494,#2763,#2764);
#2203=AXIS2_PLACEMENT_3D('',#3495,#2765,#2766);
#2204=AXIS2_PLACEMENT_3D('',#3496,#2767,#2768);
#2205=AXIS2_PLACEMENT_3D('',#3498,#2769,#2770);
#2206=AXIS2_PLACEMENT_3D('',#3499,#2771,#2772);
#2207=AXIS2_PLACEMENT_3D('',#3501,#2774,#2775);
#2208=AXIS2_PLACEMENT_3D('',#3502,#2776,#2777);
#2209=AXIS2_PLACEMENT_3D('',#3504,#2779,#2780);
#2210=AXIS2_PLACEMENT_3D('',#3505,#2781,#2782);
#2211=AXIS2_PLACEMENT_3D('',#3506,#2783,#2784);
#2212=AXIS2_PLACEMENT_3D('',#3508,#2785,#2786);
#2213=AXIS2_PLACEMENT_3D('',#3509,#2787,#2788);
#2214=AXIS2_PLACEMENT_3D('',#3512,#2790,#2791);
#2215=AXIS2_PLACEMENT_3D('',#3513,#2792,#2793);
#2216=AXIS2_PLACEMENT_3D('',#3514,#2794,#2795);
#2217=AXIS2_PLACEMENT_3D('',#3516,#2796,#2797);
#2218=AXIS2_PLACEMENT_3D('',#3517,#2798,#2799);
#2219=AXIS2_PLACEMENT_3D('',#3519,#2800,#2801);
#2220=AXIS2_PLACEMENT_3D('',#3520,#2802,#2803);
#2221=DIRECTION('axis',(0.,0.,1.));
#2222=DIRECTION('refdir',(1.,0.,0.));
#2223=DIRECTION('center_axis',(1.,0.,0.));
#2224=DIRECTION('ref_axis',(0.,0.382683438454293,0.923879529989056));
#2225=DIRECTION('center_axis',(-1.,0.,0.));
#2226=DIRECTION('ref_axis',(0.,0.382683438454293,0.923879529989056));
#2227=DIRECTION('',(-1.,0.,0.));
#2228=DIRECTION('center_axis',(1.,0.,0.));
#2229=DIRECTION('ref_axis',(0.,0.382683438454293,0.923879529989056));
#2230=DIRECTION('',(1.,0.,0.));
#2231=DIRECTION('center_axis',(0.,-0.707106790507495,-0.7071067718656));
#2232=DIRECTION('ref_axis',(0.,-0.7071067718656,0.707106790507495));
#2233=DIRECTION('',(0.,0.7071067718656,-0.707106790507495));
#2234=DIRECTION('',(1.,0.,0.));
#2235=DIRECTION('',(0.,-0.7071067718656,0.707106790507495));
#2236=DIRECTION('center_axis',(1.,0.,0.));
#2237=DIRECTION('ref_axis',(0.,0.,-1.));
#2238=DIRECTION('',(0.,1.,0.));
#2239=DIRECTION('center_axis',(-1.,0.,0.));
#2240=DIRECTION('ref_axis',(0.,-0.382683428923363,0.923879533936897));
#2241=DIRECTION('',(0.,0.707106786454913,0.707106775918182));
#2242=DIRECTION('',(0.,1.,0.));
#2243=DIRECTION('',(0.,-0.707106786454913,0.707106775918182));
#2244=DIRECTION('center_axis',(-1.,0.,0.));
#2245=DIRECTION('ref_axis',(0.,0.382683428923365,0.923879533936896));
#2246=DIRECTION('',(0.,-1.,0.));
#2247=DIRECTION('center_axis',(-1.,0.,0.));
#2248=DIRECTION('ref_axis',(0.,-0.382683438454293,0.923879529989056));
#2249=DIRECTION('',(0.,-0.7071067718656,-0.707106790507495));
#2250=DIRECTION('',(0.,1.,0.));
#2251=DIRECTION('',(0.,0.,1.));
#2252=DIRECTION('',(0.,1.,0.));
#2253=DIRECTION('',(0.,0.,-1.));
#2254=DIRECTION('',(0.,1.,0.));
#2255=DIRECTION('center_axis',(-1.,0.,0.));
#2256=DIRECTION('ref_axis',(0.,1.,0.));
#2257=DIRECTION('center_axis',(-1.,0.,0.));
#2258=DIRECTION('ref_axis',(0.,1.,0.));
#2259=DIRECTION('center_axis',(1.,0.,0.));
#2260=DIRECTION('ref_axis',(0.,-0.382683428923363,0.923879533936897));
#2261=DIRECTION('',(-1.,0.,0.));
#2262=DIRECTION('center_axis',(1.,0.,0.));
#2263=DIRECTION('ref_axis',(0.,-0.382683428923363,0.923879533936897));
#2264=DIRECTION('',(1.,0.,0.));
#2265=DIRECTION('center_axis',(0.,0.707106775918182,-0.707106786454913));
#2266=DIRECTION('ref_axis',(0.,-0.707106786454913,-0.707106775918182));
#2267=DIRECTION('',(0.,-0.707106786454913,-0.707106775918182));
#2268=DIRECTION('',(-1.,0.,0.));
#2269=DIRECTION('center_axis',(1.,0.,0.));
#2270=DIRECTION('ref_axis',(0.,-0.382683438454293,0.923879529989056));
#2271=DIRECTION('',(-1.,0.,0.));
#2272=DIRECTION('center_axis',(1.,0.,0.));
#2273=DIRECTION('ref_axis',(0.,-0.382683438454293,0.923879529989056));
#2274=DIRECTION('',(1.,0.,0.));
#2275=DIRECTION('center_axis',(0.,-0.707106790507495,0.7071067718656));
#2276=DIRECTION('ref_axis',(0.,0.7071067718656,0.707106790507495));
#2277=DIRECTION('',(0.,-0.7071067718656,-0.707106790507495));
#2278=DIRECTION('',(-1.,0.,0.));
#2279=DIRECTION('center_axis',(1.,0.,0.));
#2280=DIRECTION('ref_axis',(0.,-1.,0.));
#2281=DIRECTION('',(0.,-1.,0.));
#2282=DIRECTION('center_axis',(1.,0.,0.));
#2283=DIRECTION('ref_axis',(0.,0.382683428923365,0.923879533936896));
#2284=DIRECTION('',(0.,-0.707106786454913,0.707106775918182));
#2285=DIRECTION('',(0.,1.,0.));
#2286=DIRECTION('',(0.,0.,1.));
#2287=DIRECTION('',(0.,1.,0.));
#2288=DIRECTION('',(0.,0.,-1.));
#2289=DIRECTION('',(0.,-1.,0.));
#2290=DIRECTION('center_axis',(-1.,0.,0.));
#2291=DIRECTION('ref_axis',(0.,1.,0.));
#2292=DIRECTION('center_axis',(1.,0.,0.));
#2293=DIRECTION('ref_axis',(0.,0.382683428923365,0.923879533936896));
#2294=DIRECTION('',(-1.,0.,0.));
#2295=DIRECTION('',(1.,0.,0.));
#2296=DIRECTION('center_axis',(0.,0.707106775918182,0.707106786454913));
#2297=DIRECTION('ref_axis',(0.,0.707106786454913,-0.707106775918182));
#2298=DIRECTION('',(1.,0.,0.));
#2299=DIRECTION('center_axis',(1.,0.,0.));
#2300=DIRECTION('ref_axis',(0.,-0.923879532511288,-0.382683432365087));
#2301=DIRECTION('center_axis',(-1.,0.,0.));
#2302=DIRECTION('ref_axis',(0.,-0.923879532511288,-0.382683432365087));
#2303=DIRECTION('',(1.,0.,0.));
#2304=DIRECTION('center_axis',(1.,0.,0.));
#2305=DIRECTION('ref_axis',(0.,-0.923879532511288,-0.382683432365087));
#2306=DIRECTION('',(-1.,0.,0.));
#2307=DIRECTION('center_axis',(0.,1.,0.));
#2308=DIRECTION('ref_axis',(0.,0.,1.));
#2309=DIRECTION('',(0.,0.,1.));
#2310=DIRECTION('',(-1.,0.,0.));
#2311=DIRECTION('',(0.,0.,1.));
#2312=DIRECTION('center_axis',(1.,0.,0.));
#2313=DIRECTION('ref_axis',(0.,0.923884407696085,-0.382671662415777));
#2314=DIRECTION('center_axis',(-1.,0.,0.));
#2315=DIRECTION('ref_axis',(0.,0.923884407696085,-0.382671662415777));
#2316=DIRECTION('',(1.,0.,0.));
#2317=DIRECTION('center_axis',(1.,0.,0.));
#2318=DIRECTION('ref_axis',(0.,0.923884407696085,-0.382671662415777));
#2319=DIRECTION('',(-1.,0.,0.));
#2320=DIRECTION('center_axis',(0.,-0.707124797567895,0.707088764346149));
#2321=DIRECTION('ref_axis',(0.,-0.707088764346149,-0.707124797567895));
#2322=DIRECTION('',(0.,-0.707088764346149,-0.707124797567895));
#2323=DIRECTION('',(-1.,0.,0.));
#2324=DIRECTION('',(0.,-0.707088764346149,-0.707124797567895));
#2325=DIRECTION('center_axis',(1.,0.,0.));
#2326=DIRECTION('ref_axis',(0.,-0.707106781186545,0.70710678118655));
#2327=DIRECTION('center_axis',(-1.,0.,0.));
#2328=DIRECTION('ref_axis',(0.,-0.707106781186545,0.70710678118655));
#2329=DIRECTION('',(-1.,0.,0.));
#2330=DIRECTION('center_axis',(1.,0.,0.));
#2331=DIRECTION('ref_axis',(0.,-0.707106781186545,0.70710678118655));
#2332=DIRECTION('',(1.,0.,0.));
#2333=DIRECTION('center_axis',(0.,-1.,0.));
#2334=DIRECTION('ref_axis',(0.,0.,-1.));
#2335=DIRECTION('',(0.,0.,-1.));
#2336=DIRECTION('',(0.,0.,-1.));
#2337=DIRECTION('center_axis',(1.,0.,0.));
#2338=DIRECTION('ref_axis',(0.,0.,1.));
#2339=DIRECTION('',(0.,-1.,0.));
#2340=DIRECTION('',(0.,0.,-1.));
#2341=DIRECTION('center_axis',(1.,0.,0.));
#2342=DIRECTION('ref_axis',(0.,-0.70710678118655,0.707106781186545));
#2343=DIRECTION('',(0.,-1.,0.));
#2344=DIRECTION('center_axis',(1.,0.,0.));
#2345=DIRECTION('ref_axis',(0.,0.707106781186552,0.707106781186543));
#2346=DIRECTION('',(0.,0.,1.));
#2347=DIRECTION('',(0.,-1.,0.));
#2348=DIRECTION('center_axis',(1.,0.,0.));
#2349=DIRECTION('ref_axis',(0.,0.707106781186548,0.707106781186548));
#2350=DIRECTION('',(0.,-0.707106781186548,0.707106781186548));
#2351=DIRECTION('',(0.,-1.,0.));
#2352=DIRECTION('',(0.,0.,1.));
#2353=DIRECTION('',(0.,-1.,0.));
#2354=DIRECTION('',(0.,0.,-1.));
#2355=DIRECTION('',(0.,1.,0.));
#2356=DIRECTION('center_axis',(1.,0.,0.));
#2357=DIRECTION('ref_axis',(0.,0.707106781186548,0.707106781186548));
#2358=DIRECTION('center_axis',(-1.,0.,0.));
#2359=DIRECTION('ref_axis',(0.,0.707106781186548,0.707106781186548));
#2360=DIRECTION('',(1.,0.,0.));
#2361=DIRECTION('center_axis',(0.,0.,1.));
#2362=DIRECTION('ref_axis',(0.,-1.,0.));
#2363=DIRECTION('',(1.,0.,0.));
#2364=DIRECTION('',(0.,-1.,0.));
#2365=DIRECTION('center_axis',(1.,0.,0.));
#2366=DIRECTION('ref_axis',(0.,-0.923879532511285,-0.382683432365093));
#2367=DIRECTION('center_axis',(-1.,0.,0.));
#2368=DIRECTION('ref_axis',(0.,-0.923879532511285,-0.382683432365093));
#2369=DIRECTION('',(1.,0.,0.));
#2370=DIRECTION('center_axis',(1.,0.,0.));
#2371=DIRECTION('ref_axis',(0.,-0.923879532511285,-0.382683432365093));
#2372=DIRECTION('',(-1.,0.,0.));
#2373=DIRECTION('center_axis',(0.,1.,0.));
#2374=DIRECTION('ref_axis',(0.,0.,1.));
#2375=DIRECTION('',(0.,0.,1.));
#2376=DIRECTION('',(-1.,0.,0.));
#2377=DIRECTION('',(0.,0.,1.));
#2378=DIRECTION('center_axis',(1.,0.,0.));
#2379=DIRECTION('ref_axis',(0.,0.923884407696087,-0.382671662415771));
#2380=DIRECTION('center_axis',(-1.,0.,0.));
#2381=DIRECTION('ref_axis',(0.,0.923884407696087,-0.382671662415771));
#2382=DIRECTION('',(1.,0.,0.));
#2383=DIRECTION('center_axis',(1.,0.,0.));
#2384=DIRECTION('ref_axis',(0.,0.923884407696087,-0.382671662415771));
#2385=DIRECTION('',(-1.,0.,0.));
#2386=DIRECTION('center_axis',(0.,-0.707124797567895,0.707088764346149));
#2387=DIRECTION('ref_axis',(0.,-0.707088764346149,-0.707124797567895));
#2388=DIRECTION('',(0.,-0.707088764346149,-0.707124797567895));
#2389=DIRECTION('',(-1.,0.,0.));
#2390=DIRECTION('',(0.,-0.707088764346149,-0.707124797567895));
#2391=DIRECTION('center_axis',(1.,0.,0.));
#2392=DIRECTION('ref_axis',(0.,-0.707106781186545,0.70710678118655));
#2393=DIRECTION('center_axis',(-1.,0.,0.));
#2394=DIRECTION('ref_axis',(0.,-0.707106781186545,0.70710678118655));
#2395=DIRECTION('',(-1.,0.,0.));
#2396=DIRECTION('center_axis',(1.,0.,0.));
#2397=DIRECTION('ref_axis',(0.,-0.707106781186545,0.70710678118655));
#2398=DIRECTION('',(1.,0.,0.));
#2399=DIRECTION('center_axis',(0.,-1.,0.));
#2400=DIRECTION('ref_axis',(0.,0.,-1.));
#2401=DIRECTION('',(0.,0.,-1.));
#2402=DIRECTION('',(0.,0.,-1.));
#2403=DIRECTION('center_axis',(-1.,0.,0.));
#2404=DIRECTION('ref_axis',(0.,0.,1.));
#2405=DIRECTION('',(0.,-1.,0.));
#2406=DIRECTION('',(0.,0.,-1.));
#2407=DIRECTION('center_axis',(1.,0.,0.));
#2408=DIRECTION('ref_axis',(0.,-0.70710678118655,0.707106781186545));
#2409=DIRECTION('',(0.,-1.,0.));
#2410=DIRECTION('center_axis',(1.,0.,0.));
#2411=DIRECTION('ref_axis',(0.,0.707106781186552,0.707106781186543));
#2412=DIRECTION('',(0.,0.,1.));
#2413=DIRECTION('',(0.,-1.,0.));
#2414=DIRECTION('center_axis',(1.,0.,0.));
#2415=DIRECTION('ref_axis',(0.,0.707106781186548,0.707106781186548));
#2416=DIRECTION('',(0.,-0.707106781186548,0.707106781186548));
#2417=DIRECTION('',(0.,1.,0.));
#2418=DIRECTION('',(0.,0.,1.));
#2419=DIRECTION('',(0.,1.,0.));
#2420=DIRECTION('',(0.,0.,-1.));
#2421=DIRECTION('',(0.,1.,0.));
#2422=DIRECTION('center_axis',(1.,0.,0.));
#2423=DIRECTION('ref_axis',(0.,0.707106781186548,0.707106781186548));
#2424=DIRECTION('center_axis',(-1.,0.,0.));
#2425=DIRECTION('ref_axis',(0.,0.707106781186548,0.707106781186548));
#2426=DIRECTION('',(1.,0.,0.));
#2427=DIRECTION('center_axis',(0.,0.,1.));
#2428=DIRECTION('ref_axis',(0.,-1.,0.));
#2429=DIRECTION('',(1.,0.,0.));
#2430=DIRECTION('',(0.,-1.,0.));
#2431=DIRECTION('center_axis',(1.,0.,0.));
#2432=DIRECTION('ref_axis',(0.,0.707106781186552,0.707106781186543));
#2433=DIRECTION('center_axis',(-1.,0.,0.));
#2434=DIRECTION('ref_axis',(0.,0.707106781186552,0.707106781186543));
#2435=DIRECTION('',(-1.,0.,0.));
#2436=DIRECTION('',(1.,0.,0.));
#2437=DIRECTION('center_axis',(0.,0.,1.));
#2438=DIRECTION('ref_axis',(0.,-1.,0.));
#2439=DIRECTION('',(-1.,0.,0.));
#2440=DIRECTION('',(0.,-1.,0.));
#2441=DIRECTION('center_axis',(1.,0.,0.));
#2442=DIRECTION('ref_axis',(0.,-0.70710678118655,0.707106781186545));
#2443=DIRECTION('center_axis',(-1.,0.,0.));
#2444=DIRECTION('ref_axis',(0.,-0.70710678118655,0.707106781186545));
#2445=DIRECTION('',(1.,0.,0.));
#2446=DIRECTION('center_axis',(1.,0.,0.));
#2447=DIRECTION('ref_axis',(0.,-0.70710678118655,0.707106781186545));
#2448=DIRECTION('center_axis',(-1.,0.,0.));
#2449=DIRECTION('ref_axis',(0.,-0.70710678118655,0.707106781186545));
#2450=DIRECTION('',(-1.,0.,0.));
#2451=DIRECTION('',(1.,0.,0.));
#2452=DIRECTION('center_axis',(0.,-1.,0.));
#2453=DIRECTION('ref_axis',(0.,0.,-1.));
#2454=DIRECTION('',(1.,0.,0.));
#2455=DIRECTION('',(0.,0.,-1.));
#2456=DIRECTION('center_axis',(1.,0.,0.));
#2457=DIRECTION('ref_axis',(0.,0.707106781186552,0.707106781186543));
#2458=DIRECTION('center_axis',(-1.,0.,0.));
#2459=DIRECTION('ref_axis',(0.,0.707106781186552,0.707106781186543));
#2460=DIRECTION('',(-1.,0.,0.));
#2461=DIRECTION('',(1.,0.,0.));
#2462=DIRECTION('center_axis',(0.,1.,0.));
#2463=DIRECTION('ref_axis',(0.,0.,1.));
#2464=DIRECTION('',(0.,0.,1.));
#2465=DIRECTION('center_axis',(0.,0.,1.));
#2466=DIRECTION('ref_axis',(0.,-1.,0.));
#2467=DIRECTION('',(0.,-1.,0.));
#2468=DIRECTION('center_axis',(0.,0.,1.));
#2469=DIRECTION('ref_axis',(0.,-1.,0.));
#2470=DIRECTION('',(0.,-1.,0.));
#2471=DIRECTION('center_axis',(0.,0.707106781186548,0.707106781186548));
#2472=DIRECTION('ref_axis',(0.,-0.707106781186548,0.707106781186548));
#2473=DIRECTION('',(0.,-0.707106781186548,0.707106781186548));
#2474=DIRECTION('',(1.,0.,0.));
#2475=DIRECTION('center_axis',(0.,0.,-1.));
#2476=DIRECTION('ref_axis',(1.,0.,0.));
#2477=DIRECTION('center_axis',(0.,0.,1.));
#2478=DIRECTION('ref_axis',(0.784819846096805,-0.619723978213356,0.));
#2479=DIRECTION('center_axis',(0.,0.,1.));
#2480=DIRECTION('ref_axis',(1.,0.,0.));
#2481=DIRECTION('',(1.,0.,0.));
#2482=DIRECTION('',(0.,-1.,0.));
#2483=DIRECTION('',(-1.,0.,0.));
#2484=DIRECTION('center_axis',(0.,0.,1.));
#2485=DIRECTION('ref_axis',(1.,0.,0.));
#2486=DIRECTION('center_axis',(0.,0.,1.));
#2487=DIRECTION('ref_axis',(0.784819846096805,0.619723978213356,0.));
#2488=DIRECTION('',(1.,0.,0.));
#2489=DIRECTION('',(0.,-1.,0.));
#2490=DIRECTION('',(1.,0.,0.));
#2491=DIRECTION('',(0.,1.,0.));
#2492=DIRECTION('',(-1.,0.,0.));
#2493=DIRECTION('',(0.,-1.,0.));
#2494=DIRECTION('center_axis',(0.,0.,-1.));
#2495=DIRECTION('ref_axis',(1.,0.,0.));
#2496=DIRECTION('',(0.,-1.,0.));
#2497=DIRECTION('',(1.,0.,0.));
#2498=DIRECTION('',(0.,-1.,0.));
#2499=DIRECTION('center_axis',(0.,0.,-1.));
#2500=DIRECTION('ref_axis',(0.707106781186546,0.707106781186549,0.));
#2501=DIRECTION('',(1.,0.,0.));
#2502=DIRECTION('center_axis',(0.,0.,-1.));
#2503=DIRECTION('ref_axis',(-0.707106781186549,0.707106781186546,0.));
#2504=DIRECTION('center_axis',(0.,1.,0.));
#2505=DIRECTION('ref_axis',(0.819152040846918,0.,0.573576441266838));
#2506=DIRECTION('center_axis',(0.,-1.,0.));
#2507=DIRECTION('ref_axis',(0.819152040846918,0.,0.573576441266838));
#2508=DIRECTION('',(0.,-1.,0.));
#2509=DIRECTION('center_axis',(0.,1.,0.));
#2510=DIRECTION('ref_axis',(0.819152040846918,0.,0.573576441266838));
#2511=DIRECTION('',(0.,-1.,0.));
#2512=DIRECTION('center_axis',(0.,0.,1.));
#2513=DIRECTION('ref_axis',(0.,-1.,0.));
#2514=DIRECTION('',(0.,-1.,0.));
#2515=DIRECTION('',(1.,0.,0.));
#2516=DIRECTION('center_axis',(0.,-1.,0.));
#2517=DIRECTION('ref_axis',(0.,0.,-1.));
#2518=DIRECTION('',(0.,0.,-1.));
#2519=DIRECTION('center_axis',(0.,1.,0.));
#2520=DIRECTION('ref_axis',(0.,0.,1.));
#2521=DIRECTION('',(0.,0.,1.));
#2522=DIRECTION('center_axis',(0.,0.707106781186548,0.707106781186548));
#2523=DIRECTION('ref_axis',(0.,-0.707106781186548,0.707106781186548));
#2524=DIRECTION('',(0.,-0.707106781186548,0.707106781186548));
#2525=DIRECTION('center_axis',(0.,0.,-1.));
#2526=DIRECTION('ref_axis',(1.,0.,0.));
#2527=DIRECTION('center_axis',(0.,0.,-1.));
#2528=DIRECTION('ref_axis',(-0.707106781186546,-0.707106781186549,0.));
#2529=DIRECTION('',(1.,0.,0.));
#2530=DIRECTION('center_axis',(0.,0.,-1.));
#2531=DIRECTION('ref_axis',(0.707106781186546,-0.707106781186549,0.));
#2532=DIRECTION('',(-1.,0.,0.));
#2533=DIRECTION('',(0.,-1.,0.));
#2534=DIRECTION('center_axis',(0.,0.,-1.));
#2535=DIRECTION('ref_axis',(0.,-1.,0.));
#2536=DIRECTION('',(0.,-1.,0.));
#2537=DIRECTION('center_axis',(-1.,0.,0.));
#2538=DIRECTION('ref_axis',(0.,1.,0.));
#2539=DIRECTION('',(-1.,0.,0.));
#2540=DIRECTION('center_axis',(-1.,0.,0.));
#2541=DIRECTION('ref_axis',(0.,1.,0.));
#2542=DIRECTION('center_axis',(0.,0.,1.));
#2543=DIRECTION('ref_axis',(0.,1.,0.));
#2544=DIRECTION('center_axis',(-1.,0.,0.));
#2545=DIRECTION('ref_axis',(0.,1.,0.));
#2546=DIRECTION('',(-1.,0.,0.));
#2547=DIRECTION('center_axis',(0.,0.,-1.));
#2548=DIRECTION('ref_axis',(-1.,0.,0.));
#2549=DIRECTION('',(1.,0.,0.));
#2550=DIRECTION('',(0.,1.,0.));
#2551=DIRECTION('',(-1.,0.,0.));
#2552=DIRECTION('center_axis',(0.,-1.,0.));
#2553=DIRECTION('ref_axis',(-1.,0.,0.));
#2554=DIRECTION('',(0.,0.,-1.));
#2555=DIRECTION('center_axis',(0.,1.,0.));
#2556=DIRECTION('ref_axis',(1.,0.,0.));
#2557=DIRECTION('',(0.,0.,1.));
#2558=DIRECTION('center_axis',(0.,1.,0.));
#2559=DIRECTION('ref_axis',(1.,0.,0.));
#2560=DIRECTION('',(0.,0.,-1.));
#2561=DIRECTION('',(1.,0.,0.));
#2562=DIRECTION('',(0.,0.,-1.));
#2563=DIRECTION('center_axis',(0.,-1.,0.));
#2564=DIRECTION('ref_axis',(-1.,0.,0.));
#2565=DIRECTION('',(0.,0.,1.));
#2566=DIRECTION('',(-1.,0.,0.));
#2567=DIRECTION('',(0.,0.,1.));
#2568=DIRECTION('center_axis',(0.,0.,1.));
#2569=DIRECTION('ref_axis',(-1.,0.,0.));
#2570=DIRECTION('',(0.,1.,0.));
#2571=DIRECTION('',(0.,1.,0.));
#2572=DIRECTION('center_axis',(0.,0.,-1.));
#2573=DIRECTION('ref_axis',(1.,0.,0.));
#2574=DIRECTION('center_axis',(0.,0.,1.));
#2575=DIRECTION('ref_axis',(1.,0.,0.));
#2576=DIRECTION('',(0.,-1.,0.));
#2577=DIRECTION('center_axis',(-1.,0.,0.));
#2578=DIRECTION('ref_axis',(0.,-1.,0.));
#2579=DIRECTION('',(0.,-1.,0.));
#2580=DIRECTION('',(0.,0.,-1.));
#2581=DIRECTION('',(0.,0.,1.));
#2582=DIRECTION('center_axis',(-1.,0.,0.));
#2583=DIRECTION('ref_axis',(0.,1.,0.));
#2584=DIRECTION('center_axis',(-1.,0.,0.));
#2585=DIRECTION('ref_axis',(0.,1.,0.));
#2586=DIRECTION('center_axis',(-1.,0.,0.));
#2587=DIRECTION('ref_axis',(0.,1.,0.));
#2588=DIRECTION('',(-1.,0.,0.));
#2589=DIRECTION('center_axis',(-1.,0.,0.));
#2590=DIRECTION('ref_axis',(0.,1.,0.));
#2591=DIRECTION('',(-1.,0.,0.));
#2592=DIRECTION('center_axis',(0.,0.,-1.));
#2593=DIRECTION('ref_axis',(0.707106781186546,-0.707106781186549,0.));
#2594=DIRECTION('center_axis',(0.,0.,1.));
#2595=DIRECTION('ref_axis',(0.707106781186546,-0.707106781186549,0.));
#2596=DIRECTION('',(0.,0.,-1.));
#2597=DIRECTION('center_axis',(0.,0.,-1.));
#2598=DIRECTION('ref_axis',(0.707106781186546,0.707106781186549,0.));
#2599=DIRECTION('center_axis',(0.,0.,1.));
#2600=DIRECTION('ref_axis',(0.707106781186546,0.707106781186549,0.));
#2601=DIRECTION('',(0.,0.,1.));
#2602=DIRECTION('center_axis',(-1.,0.,0.));
#2603=DIRECTION('ref_axis',(0.,1.,0.));
#2604=DIRECTION('center_axis',(1.,0.,0.));
#2605=DIRECTION('ref_axis',(0.,0.,-1.));
#2606=DIRECTION('center_axis',(0.,0.,-1.));
#2607=DIRECTION('ref_axis',(0.98449131256118,0.175433336317714,0.));
#2608=DIRECTION('',(0.,0.,-1.));
#2609=DIRECTION('center_axis',(0.,0.,-1.));
#2610=DIRECTION('ref_axis',(0.98449131256118,0.175433336317714,0.));
#2611=DIRECTION('',(0.,0.,1.));
#2612=DIRECTION('center_axis',(-0.939692620785908,0.,0.342020143325669));
#2613=DIRECTION('ref_axis',(0.342020143325669,1.18662074376798E-17,0.939692620785908));
#2614=DIRECTION('center_axis',(0.,0.,1.));
#2615=DIRECTION('ref_axis',(0.98449131256118,-0.175433336317714,0.));
#2616=DIRECTION('',(0.,0.,-1.));
#2617=DIRECTION('center_axis',(0.,0.,-1.));
#2618=DIRECTION('ref_axis',(0.98449131256118,-0.175433336317714,0.));
#2619=DIRECTION('',(0.,0.,-1.));
#2620=DIRECTION('center_axis',(-0.939692620785908,0.,0.342020143325669));
#2621=DIRECTION('ref_axis',(0.342020143325669,-1.18662074376798E-17,0.939692620785908));
#2622=DIRECTION('center_axis',(0.,0.,1.));
#2623=DIRECTION('ref_axis',(1.,0.,0.));
#2624=DIRECTION('',(0.,0.,1.));
#2625=DIRECTION('center_axis',(0.,0.,1.));
#2626=DIRECTION('ref_axis',(1.,0.,0.));
#2627=DIRECTION('center_axis',(0.939692620785908,0.,-0.342020143325669));
#2628=DIRECTION('ref_axis',(0.342020143325669,0.,0.939692620785908));
#2629=DIRECTION('center_axis',(0.,0.707106781186548,0.707106781186548));
#2630=DIRECTION('ref_axis',(0.,0.707106781186548,-0.707106781186548));
#2631=DIRECTION('center_axis',(0.,0.,1.));
#2632=DIRECTION('ref_axis',(1.,0.,0.));
#2633=DIRECTION('center_axis',(0.,0.,1.));
#2634=DIRECTION('ref_axis',(1.,0.,0.));
#2635=DIRECTION('',(0.,0.,1.));
#2636=DIRECTION('center_axis',(0.,0.,1.));
#2637=DIRECTION('ref_axis',(1.,0.,0.));
#2638=DIRECTION('center_axis',(0.,0.,-1.));
#2639=DIRECTION('ref_axis',(1.,0.,0.));
#2640=DIRECTION('center_axis',(0.,0.,-1.));
#2641=DIRECTION('ref_axis',(1.,0.,0.));
#2642=DIRECTION('',(0.,0.,1.));
#2643=DIRECTION('center_axis',(0.,0.,1.));
#2644=DIRECTION('ref_axis',(1.,0.,0.));
#2645=DIRECTION('',(0.,0.,1.));
#2646=DIRECTION('center_axis',(0.,0.,1.));
#2647=DIRECTION('ref_axis',(1.,0.,0.));
#2648=DIRECTION('center_axis',(0.,0.,1.));
#2649=DIRECTION('ref_axis',(1.,0.,0.));
#2650=DIRECTION('',(0.,0.,-1.));
#2651=DIRECTION('center_axis',(0.,0.,-1.));
#2652=DIRECTION('ref_axis',(1.,0.,0.));
#2653=DIRECTION('center_axis',(-1.,0.,0.));
#2654=DIRECTION('ref_axis',(0.,1.,0.));
#2655=DIRECTION('',(0.,1.,0.));
#2656=DIRECTION('',(0.,1.,0.));
#2657=DIRECTION('center_axis',(0.,0.,1.));
#2658=DIRECTION('ref_axis',(1.,0.,0.));
#2659=DIRECTION('center_axis',(0.,0.,1.));
#2660=DIRECTION('ref_axis',(1.,0.,0.));
#2661=DIRECTION('',(0.,0.,-1.));
#2662=DIRECTION('center_axis',(0.,-0.707106781186548,0.707106781186548));
#2663=DIRECTION('ref_axis',(0.,0.707106781186548,0.707106781186548));
#2664=DIRECTION('center_axis',(0.939692620785908,0.,-0.342020143325669));
#2665=DIRECTION('ref_axis',(0.342020143325669,0.,0.939692620785908));
#2666=DIRECTION('center_axis',(0.,0.,1.));
#2667=DIRECTION('ref_axis',(0.784819846096805,0.619723978213356,0.));
#2668=DIRECTION('center_axis',(0.,0.,-1.));
#2669=DIRECTION('ref_axis',(0.784819846096805,0.619723978213356,0.));
#2670=DIRECTION('center_axis',(0.,0.,1.));
#2671=DIRECTION('ref_axis',(0.784819846096805,-0.619723978213356,0.));
#2672=DIRECTION('center_axis',(0.,0.,-1.));
#2673=DIRECTION('ref_axis',(0.784819846096805,-0.619723978213356,0.));
#2674=DIRECTION('center_axis',(0.,0.,1.));
#2675=DIRECTION('ref_axis',(-0.707106781186546,-0.707106781186549,0.));
#2676=DIRECTION('center_axis',(0.,0.,1.));
#2677=DIRECTION('ref_axis',(-0.707106781186546,-0.707106781186549,0.));
#2678=DIRECTION('',(0.,0.,1.));
#2679=DIRECTION('center_axis',(0.,0.,1.));
#2680=DIRECTION('ref_axis',(-0.707106781186549,0.707106781186546,0.));
#2681=DIRECTION('',(0.,0.,-1.));
#2682=DIRECTION('center_axis',(0.,0.,1.));
#2683=DIRECTION('ref_axis',(-0.707106781186549,0.707106781186546,0.));
#2684=DIRECTION('center_axis',(-1.,0.,0.));
#2685=DIRECTION('ref_axis',(0.,1.,0.));
#2686=DIRECTION('',(-1.,0.,0.));
#2687=DIRECTION('center_axis',(1.,0.,0.));
#2688=DIRECTION('ref_axis',(0.,1.,0.));
#2689=DIRECTION('center_axis',(-1.,0.,0.));
#2690=DIRECTION('ref_axis',(0.,1.,0.));
#2691=DIRECTION('',(-1.,0.,0.));
#2692=DIRECTION('center_axis',(1.,0.,0.));
#2693=DIRECTION('ref_axis',(0.,1.,0.));
#2694=DIRECTION('center_axis',(1.,0.,0.));
#2695=DIRECTION('ref_axis',(0.,1.,0.));
#2696=DIRECTION('',(0.,1.,0.));
#2697=DIRECTION('',(0.,1.,0.));
#2698=DIRECTION('center_axis',(0.,0.,-1.));
#2699=DIRECTION('ref_axis',(1.,0.,0.));
#2700=DIRECTION('center_axis',(0.,0.,-1.));
#2701=DIRECTION('ref_axis',(1.,0.,0.));
#2702=DIRECTION('center_axis',(0.,0.,-1.));
#2703=DIRECTION('ref_axis',(1.,0.,0.));
#2704=DIRECTION('center_axis',(0.,0.,1.));
#2705=DIRECTION('ref_axis',(1.,0.,0.));
#2706=DIRECTION('',(-1.,0.,0.));
#2707=DIRECTION('',(0.,-1.,0.));
#2708=DIRECTION('',(-1.,0.,0.));
#2709=DIRECTION('center_axis',(0.,1.,0.));
#2710=DIRECTION('ref_axis',(-0.573576436351046,0.,0.819152044288992));
#2711=DIRECTION('',(0.,-1.,0.));
#2712=DIRECTION('center_axis',(0.,1.,0.));
#2713=DIRECTION('ref_axis',(-0.573576436351046,0.,0.819152044288992));
#2714=DIRECTION('center_axis',(0.,1.,0.));
#2715=DIRECTION('ref_axis',(-0.573576436351046,0.,0.819152044288992));
#2716=DIRECTION('center_axis',(-0.939692620785908,0.,0.342020143325669));
#2717=DIRECTION('ref_axis',(0.342020143325669,0.,0.939692620785908));
#2718=DIRECTION('',(-0.249243569363955,-0.684791078771736,-0.684791078771736));
#2719=DIRECTION('',(-0.342020143325669,0.,-0.939692620785908));
#2720=DIRECTION('',(-0.342020143325669,0.,-0.939692620785908));
#2721=DIRECTION('',(0.249243569363955,-0.684791078771736,0.684791078771736));
#2722=DIRECTION('center_axis',(0.,1.,0.));
#2723=DIRECTION('ref_axis',(1.,0.,0.));
#2724=DIRECTION('',(0.342020132047335,0.,0.939692624890886));
#2725=DIRECTION('',(1.,0.,0.));
#2726=DIRECTION('center_axis',(0.,-1.,0.));
#2727=DIRECTION('ref_axis',(-1.,0.,0.));
#2728=DIRECTION('center_axis',(0.,0.707106781186548,0.707106781186548));
#2729=DIRECTION('ref_axis',(1.,0.,0.));
#2730=DIRECTION('',(-0.249243560634406,0.684791080360384,-0.684791080360384));
#2731=DIRECTION('',(-0.443712610831165,-0.633687272631142,0.633687272631142));
#2732=DIRECTION('center_axis',(0.819152040846915,0.,0.573576441266841));
#2733=DIRECTION('ref_axis',(0.573576441266841,0.,-0.819152040846915));
#2734=DIRECTION('',(0.,-1.,0.));
#2735=DIRECTION('',(-0.443712610831165,0.633687272631142,0.633687272631142));
#2736=DIRECTION('center_axis',(0.,-0.707106781186548,0.707106781186548));
#2737=DIRECTION('ref_axis',(1.,0.,0.));
#2738=DIRECTION('',(-1.,0.,0.));
#2739=DIRECTION('',(0.249243560634406,0.684791080360384,0.684791080360384));
#2740=DIRECTION('center_axis',(0.,-1.,0.));
#2741=DIRECTION('ref_axis',(-1.,0.,0.));
#2742=DIRECTION('',(0.,-1.,0.));
#2743=DIRECTION('center_axis',(0.,1.,0.));
#2744=DIRECTION('ref_axis',(-1.,0.,0.));
#2745=DIRECTION('center_axis',(0.,0.,-1.));
#2746=DIRECTION('ref_axis',(1.,0.,0.));
#2747=DIRECTION('center_axis',(0.,0.,-1.));
#2748=DIRECTION('ref_axis',(1.,0.,0.));
#2749=DIRECTION('',(0.,0.,1.));
#2750=DIRECTION('center_axis',(0.,0.,-1.));
#2751=DIRECTION('ref_axis',(1.,0.,0.));
#2752=DIRECTION('center_axis',(0.,0.,-1.));
#2753=DIRECTION('ref_axis',(1.,0.,0.));
#2754=DIRECTION('center_axis',(0.,0.,-1.));
#2755=DIRECTION('ref_axis',(1.,0.,0.));
#2756=DIRECTION('center_axis',(0.,0.,1.));
#2757=DIRECTION('ref_axis',(1.,0.,0.));
#2758=DIRECTION('',(-1.,0.,0.));
#2759=DIRECTION('',(-1.,0.,0.));
#2760=DIRECTION('center_axis',(0.,0.,-1.));
#2761=DIRECTION('ref_axis',(1.,0.,0.));
#2762=DIRECTION('',(0.,0.,1.));
#2763=DIRECTION('center_axis',(0.,0.,-1.));
#2764=DIRECTION('ref_axis',(1.,0.,0.));
#2765=DIRECTION('center_axis',(0.,1.,0.));
#2766=DIRECTION('ref_axis',(0.,0.,1.));
#2767=DIRECTION('center_axis',(0.,0.,1.));
#2768=DIRECTION('ref_axis',(1.,0.,0.));
#2769=DIRECTION('center_axis',(0.,0.,-1.));
#2770=DIRECTION('ref_axis',(1.,0.,0.));
#2771=DIRECTION('center_axis',(0.,0.,1.));
#2772=DIRECTION('ref_axis',(1.,0.,0.));
#2773=DIRECTION('',(0.707106781186548,8.65956056235493E-17,-0.707106781186548));
#2774=DIRECTION('center_axis',(0.,1.,0.));
#2775=DIRECTION('ref_axis',(0.,0.,1.));
#2776=DIRECTION('center_axis',(0.,1.,0.));
#2777=DIRECTION('ref_axis',(1.,0.,0.));
#2778=DIRECTION('',(0.342020132047335,0.,0.939692624890886));
#2779=DIRECTION('center_axis',(0.939692624890886,0.,-0.342020132047335));
#2780=DIRECTION('ref_axis',(-0.342020132047335,0.,-0.939692624890886));
#2781=DIRECTION('center_axis',(1.,0.,0.));
#2782=DIRECTION('ref_axis',(0.,0.,-1.));
#2783=DIRECTION('center_axis',(0.,0.,1.));
#2784=DIRECTION('ref_axis',(-1.,0.,0.));
#2785=DIRECTION('center_axis',(0.,0.,1.));
#2786=DIRECTION('ref_axis',(-1.,0.,0.));
#2787=DIRECTION('center_axis',(0.,0.,-1.));
#2788=DIRECTION('ref_axis',(-1.,0.,0.));
#2789=DIRECTION('',(0.,0.,-1.));
#2790=DIRECTION('center_axis',(0.,0.,-1.));
#2791=DIRECTION('ref_axis',(-1.,0.,0.));
#2792=DIRECTION('center_axis',(0.,0.,1.));
#2793=DIRECTION('ref_axis',(-1.,0.,0.));
#2794=DIRECTION('center_axis',(0.,0.,1.));
#2795=DIRECTION('ref_axis',(-1.,0.,0.));
#2796=DIRECTION('center_axis',(0.,0.,1.));
#2797=DIRECTION('ref_axis',(-1.,0.,0.));
#2798=DIRECTION('center_axis',(0.,0.,1.));
#2799=DIRECTION('ref_axis',(-1.,0.,0.));
#2800=DIRECTION('center_axis',(0.,0.,-1.));
#2801=DIRECTION('ref_axis',(-1.,0.,0.));
#2802=DIRECTION('center_axis',(0.,0.,-1.));
#2803=DIRECTION('ref_axis',(-1.,0.,0.));
#2804=DIRECTION('',(0.,0.,-1.));
#2805=CARTESIAN_POINT('',(0.,0.,0.));
#2806=CARTESIAN_POINT('Origin',(52.9999776658171,73.9289332820141,118.));
#2807=CARTESIAN_POINT('',(57.9999776658171,73.9289332820141,123.));
#2808=CARTESIAN_POINT('',(57.9999776658171,77.4644672345516,121.535533859328));
#2809=CARTESIAN_POINT('Origin',(57.9999776658171,73.9289332820141,118.));
#2810=CARTESIAN_POINT('',(43.0999776658171,77.4644672345516,121.535533859328));
#2811=CARTESIAN_POINT('',(52.9999776658171,77.4644672345516,121.535533859328));
#2812=CARTESIAN_POINT('',(43.0999776658171,73.9289332820141,123.));
#2813=CARTESIAN_POINT('Origin',(43.0999776658171,73.9289332820141,118.));
#2814=CARTESIAN_POINT('',(52.9999776658171,73.9289332820141,123.));
#2815=CARTESIAN_POINT('Origin',(52.9999776658171,89.0000007897612,110.));
#2816=CARTESIAN_POINT('',(57.9999776658171,89.0000007897612,110.));
#2817=CARTESIAN_POINT('',(57.9999776658171,89.0000007897612,110.));
#2818=CARTESIAN_POINT('',(43.0999776658171,89.0000007897612,110.));
#2819=CARTESIAN_POINT('',(24.2499776658171,89.0000007897612,110.));
#2820=CARTESIAN_POINT('',(43.0999776658171,82.4630018581651,116.536999103935));
#2821=CARTESIAN_POINT('Origin',(57.9999776658171,-65.0000007897612,110.));
#2822=CARTESIAN_POINT('',(57.9999776658171,68.0710687735198,123.));
#2823=CARTESIAN_POINT('',(57.9999776658171,71.0000007897612,123.));
#2824=CARTESIAN_POINT('',(57.9999776658171,64.5355348939289,121.535533932275));
#2825=CARTESIAN_POINT('Origin',(57.9999776658171,68.0710687735198,118.));
#2826=CARTESIAN_POINT('',(57.9999776658171,53.0000007897612,110.));
#2827=CARTESIAN_POINT('',(57.9999776658171,53.0000007897612,110.));
#2828=CARTESIAN_POINT('',(57.9999776658171,-53.0000007897612,110.));
#2829=CARTESIAN_POINT('',(57.9999776658171,-32.5000003948806,110.));
#2830=CARTESIAN_POINT('',(57.9999776658171,-64.5355348939289,121.535533932275));
#2831=CARTESIAN_POINT('',(57.9999776658171,-53.0000007897612,110.));
#2832=CARTESIAN_POINT('',(57.9999776658171,-68.0710687735199,123.));
#2833=CARTESIAN_POINT('Origin',(57.9999776658171,-68.0710687735199,118.));
#2834=CARTESIAN_POINT('',(57.9999776658171,-73.9289332820141,123.));
#2835=CARTESIAN_POINT('',(57.9999776658171,-71.0000007897612,123.));
#2836=CARTESIAN_POINT('',(57.9999776658171,-77.4644672345516,121.535533859328));
#2837=CARTESIAN_POINT('Origin',(57.9999776658171,-73.9289332820141,118.));
#2838=CARTESIAN_POINT('',(57.9999776658171,-89.0000007897612,110.));
#2839=CARTESIAN_POINT('',(57.9999776658171,-89.0000007897612,110.));
#2840=CARTESIAN_POINT('',(57.9999776658171,-89.6470043740211,110.));
#2841=CARTESIAN_POINT('',(57.9999776658171,-32.5000003948806,110.));
#2842=CARTESIAN_POINT('',(57.9999776658171,-89.6470043740211,100.));
#2843=CARTESIAN_POINT('',(57.9999776658171,-89.6470043740211,110.));
#2844=CARTESIAN_POINT('',(57.9999776658171,89.6470043740211,100.));
#2845=CARTESIAN_POINT('',(57.9999776658171,0.,100.));
#2846=CARTESIAN_POINT('',(57.9999776658171,89.6470043740211,110.));
#2847=CARTESIAN_POINT('',(57.9999776658171,89.6470043740211,110.));
#2848=CARTESIAN_POINT('',(57.9999776658171,-32.5000003948806,110.));
#2849=CARTESIAN_POINT('',(57.9999776658171,69.4000010579825,118.000001758337));
#2850=CARTESIAN_POINT('Origin',(57.9999776658171,71.0000010579824,118.000001758337));
#2851=CARTESIAN_POINT('',(57.9999776658171,-72.6000010579824,118.));
#2852=CARTESIAN_POINT('Origin',(57.9999776658171,-71.0000010579824,118.));
#2853=CARTESIAN_POINT('Origin',(52.9999776658171,68.0710687735198,118.));
#2854=CARTESIAN_POINT('',(43.0999776658171,68.0710687735198,123.));
#2855=CARTESIAN_POINT('',(52.9999776658171,68.0710687735198,123.));
#2856=CARTESIAN_POINT('',(43.0999776658171,64.5355348939289,121.535533932275));
#2857=CARTESIAN_POINT('Origin',(43.0999776658171,68.0710687735198,118.));
#2858=CARTESIAN_POINT('',(52.9999776658171,64.5355348939289,121.535533932275));
#2859=CARTESIAN_POINT('Origin',(52.9999776658171,66.0000009834766,123.));
#2860=CARTESIAN_POINT('',(43.0999776658171,53.0000007897612,110.));
#2861=CARTESIAN_POINT('',(43.0999776658171,61.9630018193855,118.963000896065));
#2862=CARTESIAN_POINT('',(24.2499776658171,53.0000007897612,110.));
#2863=CARTESIAN_POINT('Origin',(52.9999776658171,-73.9289332820141,118.));
#2864=CARTESIAN_POINT('',(43.0999776658171,-73.9289332820141,123.));
#2865=CARTESIAN_POINT('',(52.9999776658171,-73.9289332820141,123.));
#2866=CARTESIAN_POINT('',(43.0999776658171,-77.4644672345516,121.535533859328));
#2867=CARTESIAN_POINT('Origin',(43.0999776658171,-73.9289332820141,118.));
#2868=CARTESIAN_POINT('',(52.9999776658171,-77.4644672345516,121.535533859328));
#2869=CARTESIAN_POINT('Origin',(52.9999776658171,-89.0000007897612,110.));
#2870=CARTESIAN_POINT('',(43.0999776658171,-89.0000007897612,110.));
#2871=CARTESIAN_POINT('',(43.0999776658171,-82.4630018581651,116.536999103935));
#2872=CARTESIAN_POINT('',(24.2499776658171,-89.0000007897612,110.));
#2873=CARTESIAN_POINT('Origin',(43.0999776658171,-62.8520043740211,110.));
#2874=CARTESIAN_POINT('',(43.0999776658171,-68.0710687735199,123.));
#2875=CARTESIAN_POINT('',(43.0999776658171,-69.4260027532547,123.));
#2876=CARTESIAN_POINT('',(43.0999776658171,-64.5355348939289,121.535533932275));
#2877=CARTESIAN_POINT('Origin',(43.0999776658171,-68.0710687735199,118.));
#2878=CARTESIAN_POINT('',(43.0999776658171,-53.0000007897612,110.));
#2879=CARTESIAN_POINT('',(43.0999776658171,-61.9630018193855,118.963000896065));
#2880=CARTESIAN_POINT('',(43.0999776658171,-62.8520043740211,110.));
#2881=CARTESIAN_POINT('',(43.0999776658171,7.3475,110.));
#2882=CARTESIAN_POINT('',(43.0999776658171,-62.8520043740211,105.));
#2883=CARTESIAN_POINT('',(43.0999776658171,-62.8520043740211,110.));
#2884=CARTESIAN_POINT('',(43.0999776658171,-89.4519924953541,105.));
#2885=CARTESIAN_POINT('',(43.0999776658171,-89.4519924953541,105.));
#2886=CARTESIAN_POINT('',(43.0999776658171,-89.4519924953541,110.));
#2887=CARTESIAN_POINT('',(43.0999776658171,-89.4519924953541,110.));
#2888=CARTESIAN_POINT('',(43.0999776658171,-31.4260021870105,110.));
#2889=CARTESIAN_POINT('',(43.0999776658171,-72.6000010579824,118.));
#2890=CARTESIAN_POINT('Origin',(43.0999776658171,-71.0000010579824,118.));
#2891=CARTESIAN_POINT('Origin',(52.9999776658171,-68.0710687735199,118.));
#2892=CARTESIAN_POINT('',(52.9999776658171,-64.5355348939289,121.535533932275));
#2893=CARTESIAN_POINT('',(52.9999776658171,-68.0710687735199,123.));
#2894=CARTESIAN_POINT('Origin',(52.9999776658171,-66.0000009834766,123.));
#2895=CARTESIAN_POINT('',(24.2499776658171,-53.0000007897612,110.));
#2896=CARTESIAN_POINT('Origin',(-12.0000223341829,84.9996420764917,118.242999459994));
#2897=CARTESIAN_POINT('',(-12.0000223341829,82.878321732932,116.121679116434));
#2898=CARTESIAN_POINT('',(-12.0000223341829,81.9996420764917,118.242999459994));
#2899=CARTESIAN_POINT('Origin',(-12.0000223341829,84.9996420764917,118.242999459994));
#2900=CARTESIAN_POINT('',(2.89997766581706,81.9996420764917,118.242999459994));
#2901=CARTESIAN_POINT('',(-12.0000223341829,81.9996420764917,118.242999459994));
#2902=CARTESIAN_POINT('',(2.89997766581706,82.878321732932,116.121679116434));
#2903=CARTESIAN_POINT('Origin',(2.89997766581706,84.9996420764917,118.242999459994));
#2904=CARTESIAN_POINT('',(-12.0000223341829,82.878321732932,116.121679116434));
#2905=CARTESIAN_POINT('Origin',(-12.0000223341829,81.9996420764917,117.000358772875));
#2906=CARTESIAN_POINT('',(-12.0000223341829,81.9996420764917,125.000358772875));
#2907=CARTESIAN_POINT('',(-12.0000223341829,81.9996420764917,117.000358772875));
#2908=CARTESIAN_POINT('',(2.89997766581706,81.9996420764917,125.000358772875));
#2909=CARTESIAN_POINT('',(-12.0000223341829,81.9996420764917,125.000358772875));
#2910=CARTESIAN_POINT('',(2.89997766581706,81.9996420764917,117.000358772875));
#2911=CARTESIAN_POINT('Origin',(-12.0000223341829,56.9996420764917,118.242597654444));
#2912=CARTESIAN_POINT('',(-12.0000223341829,59.9996420764917,118.242597654444));
#2913=CARTESIAN_POINT('',(-12.0000223341829,59.1210164691953,116.121331361406));
#2914=CARTESIAN_POINT('Origin',(-12.0000223341829,56.9996420764917,118.242597654444));
#2915=CARTESIAN_POINT('',(2.89997766581706,59.1210164691953,116.121331361406));
#2916=CARTESIAN_POINT('',(-12.0000223341829,59.1210164691953,116.121331361406));
#2917=CARTESIAN_POINT('',(2.89997766581706,59.9996420764917,118.242597654444));
#2918=CARTESIAN_POINT('Origin',(2.89997766581706,56.9996420764917,118.242597654444));
#2919=CARTESIAN_POINT('',(-12.0000223341829,59.9996420764917,118.242597654444));
#2920=CARTESIAN_POINT('Origin',(-12.0000223341829,59.9996420764917,117.000001743436));
#2921=CARTESIAN_POINT('',(-12.0000223341829,52.9999986737967,110.000001639128));
#2922=CARTESIAN_POINT('',(-12.0000223341829,59.9996420764917,117.000001743436));
#2923=CARTESIAN_POINT('',(2.89997766581706,52.9999986737967,110.000001639128));
#2924=CARTESIAN_POINT('',(-8.25002233418294,52.9999970347525,110.));
#2925=CARTESIAN_POINT('',(2.89997766581706,59.9996420764917,117.000001743436));
#2926=CARTESIAN_POINT('Origin',(-12.0000223341829,62.9996420764917,125.000358772875));
#2927=CARTESIAN_POINT('',(2.89997766581706,59.9996420764917,125.000358772875));
#2928=CARTESIAN_POINT('',(2.89997766581706,62.9996420764917,128.000358772875));
#2929=CARTESIAN_POINT('Origin',(2.89997766581706,62.9996420764917,125.000358772875));
#2930=CARTESIAN_POINT('',(-12.0000223341829,62.9996420764917,128.000358772875));
#2931=CARTESIAN_POINT('',(-12.0000223341829,62.9996420764917,128.000358772875));
#2932=CARTESIAN_POINT('',(-12.0000223341829,59.9996420764917,125.000358772875));
#2933=CARTESIAN_POINT('Origin',(-12.0000223341829,62.9996420764917,125.000358772875));
#2934=CARTESIAN_POINT('',(-12.0000223341829,59.9996420764917,125.000358772875));
#2935=CARTESIAN_POINT('Origin',(-12.0000223341829,59.9996420764917,128.000358772875));
#2936=CARTESIAN_POINT('',(2.89997766581706,59.9996420764917,128.000358772875));
#2937=CARTESIAN_POINT('',(-12.0000223341829,59.9996420764917,128.000358772875));
#2938=CARTESIAN_POINT('Origin',(-12.0000223341829,99.4520043740211,110.));
#2939=CARTESIAN_POINT('',(-12.0000223341829,65.9996420764917,128.000358772875));
#2940=CARTESIAN_POINT('',(-12.0000223341829,65.9996420764917,128.000358772875));
#2941=CARTESIAN_POINT('',(-12.0000223341829,65.9996420764917,192.000358772875));
#2942=CARTESIAN_POINT('',(-12.0000223341829,65.9996420764917,195.000358772875));
#2943=CARTESIAN_POINT('',(-12.0000223341829,68.9996420764917,195.000358772875));
#2944=CARTESIAN_POINT('Origin',(-12.0000223341829,68.9996420764917,192.000358772875));
#2945=CARTESIAN_POINT('',(-12.0000223341829,72.9996420764917,195.000358772875));
#2946=CARTESIAN_POINT('',(-12.0000223341829,75.9996420764917,195.000358772875));
#2947=CARTESIAN_POINT('',(-12.0000223341829,75.9996420764917,192.000358772875));
#2948=CARTESIAN_POINT('Origin',(-12.0000223341829,72.9996420764917,192.000358772875));
#2949=CARTESIAN_POINT('',(-12.0000223341829,75.9996420764917,128.000358772875));
#2950=CARTESIAN_POINT('',(-12.0000223341829,75.9996420764917,128.000358772875));
#2951=CARTESIAN_POINT('',(-12.0000223341829,78.9996420764916,128.000358772875));
#2952=CARTESIAN_POINT('',(-12.0000223341829,81.9996420764917,128.000358772875));
#2953=CARTESIAN_POINT('Origin',(-12.0000223341829,78.9996420764916,125.000358772875));
#2954=CARTESIAN_POINT('',(-12.0000223341829,88.9999992102385,110.000001639128));
#2955=CARTESIAN_POINT('',(-12.0000223341829,88.9999992102385,110.000001639128));
#2956=CARTESIAN_POINT('',(-12.0000223341829,89.6470043740211,110.));
#2957=CARTESIAN_POINT('',(-12.0000223341829,99.4520043740211,110.));
#2958=CARTESIAN_POINT('',(-12.0000223341829,89.6470043740211,100.));
#2959=CARTESIAN_POINT('',(-12.0000223341829,89.6470043740211,110.));
#2960=CARTESIAN_POINT('',(-12.0000223341829,67.1192914541389,100.));
#2961=CARTESIAN_POINT('',(-12.0000223341829,64.6219752663205,100.));
#2962=CARTESIAN_POINT('',(-12.0000223341829,67.1192914541389,110.));
#2963=CARTESIAN_POINT('',(-12.0000223341829,67.1192914541389,100.));
#2964=CARTESIAN_POINT('',(-12.0000223341829,60.0475,110.));
#2965=CARTESIAN_POINT('Origin',(-12.0000223341829,78.9996420764916,125.000358772875));
#2966=CARTESIAN_POINT('',(2.89997766581706,78.9996420764916,128.000358772875));
#2967=CARTESIAN_POINT('Origin',(2.89997766581706,78.9996420764916,125.000358772875));
#2968=CARTESIAN_POINT('',(-12.0000223341829,78.9996420764916,128.000358772875));
#2969=CARTESIAN_POINT('Origin',(-12.0000223341829,81.9996420764917,128.000358772875));
#2970=CARTESIAN_POINT('',(2.89997766581706,75.9996420764917,128.000358772875));
#2971=CARTESIAN_POINT('',(-12.0000223341829,75.9996420764917,128.000358772875));
#2972=CARTESIAN_POINT('',(2.89997766581706,81.9996420764917,128.000358772875));
#2973=CARTESIAN_POINT('Origin',(-12.0000223341829,-57.0003579235084,118.242999459994));
#2974=CARTESIAN_POINT('',(-12.0000223341829,-59.121678267068,116.121679116434));
#2975=CARTESIAN_POINT('',(-12.0000223341829,-60.0003579235084,118.242999459994));
#2976=CARTESIAN_POINT('Origin',(-12.0000223341829,-57.0003579235084,118.242999459994));
#2977=CARTESIAN_POINT('',(2.89997766581706,-60.0003579235084,118.242999459994));
#2978=CARTESIAN_POINT('',(-12.0000223341829,-60.0003579235084,118.242999459994));
#2979=CARTESIAN_POINT('',(2.89997766581706,-59.121678267068,116.121679116434));
#2980=CARTESIAN_POINT('Origin',(2.89997766581706,-57.0003579235084,118.242999459994));
#2981=CARTESIAN_POINT('',(-12.0000223341829,-59.121678267068,116.121679116434));
#2982=CARTESIAN_POINT('Origin',(-12.0000223341829,-60.0003579235084,117.000358772875));
#2983=CARTESIAN_POINT('',(-12.0000223341829,-60.0003579235084,125.000358772875));
#2984=CARTESIAN_POINT('',(-12.0000223341829,-60.0003579235084,117.000358772875));
#2985=CARTESIAN_POINT('',(2.89997766581706,-60.0003579235084,125.000358772875));
#2986=CARTESIAN_POINT('',(-12.0000223341829,-60.0003579235084,125.000358772875));
#2987=CARTESIAN_POINT('',(2.89997766581706,-60.0003579235084,117.000358772875));
#2988=CARTESIAN_POINT('Origin',(-12.0000223341829,-85.0003579235084,118.242597654444));
#2989=CARTESIAN_POINT('',(-12.0000223341829,-82.0003579235083,118.242597654444));
#2990=CARTESIAN_POINT('',(-12.0000223341829,-82.8789835308047,116.121331361406));
#2991=CARTESIAN_POINT('Origin',(-12.0000223341829,-85.0003579235084,118.242597654444));
#2992=CARTESIAN_POINT('',(2.89997766581706,-82.8789835308047,116.121331361406));
#2993=CARTESIAN_POINT('',(-12.0000223341829,-82.8789835308047,116.121331361406));
#2994=CARTESIAN_POINT('',(2.89997766581706,-82.0003579235083,118.242597654444));
#2995=CARTESIAN_POINT('Origin',(2.89997766581706,-85.0003579235084,118.242597654444));
#2996=CARTESIAN_POINT('',(-12.0000223341829,-82.0003579235083,118.242597654444));
#2997=CARTESIAN_POINT('Origin',(-12.0000223341829,-82.0003579235083,117.000001743436));
#2998=CARTESIAN_POINT('',(-12.0000223341829,-89.0000013262033,110.000001639128));
#2999=CARTESIAN_POINT('',(-12.0000223341829,-82.0003579235083,117.000001743436));
#3000=CARTESIAN_POINT('',(2.89997766581706,-89.0000013262033,110.000001639128));
#3001=CARTESIAN_POINT('',(-8.25002233418294,-89.0000029652475,110.));
#3002=CARTESIAN_POINT('',(2.89997766581706,-82.0003579235083,117.000001743436));
#3003=CARTESIAN_POINT('Origin',(-12.0000223341829,-79.0003579235084,125.000358772875));
#3004=CARTESIAN_POINT('',(2.89997766581706,-82.0003579235083,125.000358772875));
#3005=CARTESIAN_POINT('',(2.89997766581706,-79.0003579235084,128.000358772875));
#3006=CARTESIAN_POINT('Origin',(2.89997766581706,-79.0003579235084,125.000358772875));
#3007=CARTESIAN_POINT('',(-12.0000223341829,-79.0003579235084,128.000358772875));
#3008=CARTESIAN_POINT('',(-12.0000223341829,-79.0003579235084,128.000358772875));
#3009=CARTESIAN_POINT('',(-12.0000223341829,-82.0003579235083,125.000358772875));
#3010=CARTESIAN_POINT('Origin',(-12.0000223341829,-79.0003579235084,125.000358772875));
#3011=CARTESIAN_POINT('',(-12.0000223341829,-82.0003579235083,125.000358772875));
#3012=CARTESIAN_POINT('Origin',(-12.0000223341829,-82.0003579235083,128.000358772875));
#3013=CARTESIAN_POINT('',(2.89997766581706,-82.0003579235083,128.000358772875));
#3014=CARTESIAN_POINT('',(-12.0000223341829,-82.0003579235083,128.000358772875));
#3015=CARTESIAN_POINT('Origin',(-12.0000223341829,-99.4520043740211,110.));
#3016=CARTESIAN_POINT('',(-12.0000223341829,-76.0003579235084,128.000358772875));
#3017=CARTESIAN_POINT('',(-12.0000223341829,-76.0003579235084,128.000358772875));
#3018=CARTESIAN_POINT('',(-12.0000223341829,-76.0003579235084,192.000358772875));
#3019=CARTESIAN_POINT('',(-12.0000223341829,-76.0003579235084,195.000358772875));
#3020=CARTESIAN_POINT('',(-12.0000223341829,-73.0003579235084,195.000358772875));
#3021=CARTESIAN_POINT('Origin',(-12.0000223341829,-73.0003579235084,192.000358772875));
#3022=CARTESIAN_POINT('',(-12.0000223341829,-69.0003579235084,195.000358772875));
#3023=CARTESIAN_POINT('',(-12.0000223341829,-66.0003579235084,195.000358772875));
#3024=CARTESIAN_POINT('',(-12.0000223341829,-66.0003579235084,192.000358772875));
#3025=CARTESIAN_POINT('Origin',(-12.0000223341829,-69.0003579235084,192.000358772875));
#3026=CARTESIAN_POINT('',(-12.0000223341829,-66.0003579235084,128.000358772875));
#3027=CARTESIAN_POINT('',(-12.0000223341829,-66.0003579235084,128.000358772875));
#3028=CARTESIAN_POINT('',(-12.0000223341829,-63.0003579235084,128.000358772875));
#3029=CARTESIAN_POINT('',(-12.0000223341829,-60.0003579235084,128.000358772875));
#3030=CARTESIAN_POINT('Origin',(-12.0000223341829,-63.0003579235084,125.000358772875));
#3031=CARTESIAN_POINT('',(-12.0000223341829,-53.0000007897615,110.000001639128));
#3032=CARTESIAN_POINT('',(-12.0000223341829,-53.0000007897615,110.000001639128));
#3033=CARTESIAN_POINT('',(-12.0000223341829,-67.1192914541389,110.));
#3034=CARTESIAN_POINT('',(-12.0000223341829,-10.9525,110.));
#3035=CARTESIAN_POINT('',(-12.0000223341829,-67.1192914541389,100.));
#3036=CARTESIAN_POINT('',(-12.0000223341829,-67.1192914541389,100.));
#3037=CARTESIAN_POINT('',(-12.0000223341829,-89.6470043740211,100.));
#3038=CARTESIAN_POINT('',(-12.0000223341829,-64.6219752663205,100.));
#3039=CARTESIAN_POINT('',(-12.0000223341829,-89.6470043740211,110.));
#3040=CARTESIAN_POINT('',(-12.0000223341829,-89.6470043740211,110.));
#3041=CARTESIAN_POINT('',(-12.0000223341829,-99.4520043740211,110.));
#3042=CARTESIAN_POINT('Origin',(-12.0000223341829,-63.0003579235084,125.000358772875));
#3043=CARTESIAN_POINT('',(2.89997766581706,-63.0003579235084,128.000358772875));
#3044=CARTESIAN_POINT('Origin',(2.89997766581706,-63.0003579235084,125.000358772875));
#3045=CARTESIAN_POINT('',(-12.0000223341829,-63.0003579235084,128.000358772875));
#3046=CARTESIAN_POINT('Origin',(-12.0000223341829,-60.0003579235084,128.000358772875));
#3047=CARTESIAN_POINT('',(2.89997766581706,-66.0003579235084,128.000358772875));
#3048=CARTESIAN_POINT('',(-12.0000223341829,-66.0003579235084,128.000358772875));
#3049=CARTESIAN_POINT('',(2.89997766581706,-60.0003579235084,128.000358772875));
#3050=CARTESIAN_POINT('Origin',(-12.0000223341829,-69.0003579235084,192.000358772875));
#3051=CARTESIAN_POINT('',(2.89997766581706,-69.0003579235084,195.000358772875));
#3052=CARTESIAN_POINT('',(2.89997766581706,-66.0003579235084,192.000358772875));
#3053=CARTESIAN_POINT('Origin',(2.89997766581706,-69.0003579235084,192.000358772875));
#3054=CARTESIAN_POINT('',(-12.0000223341829,-66.0003579235084,192.000358772875));
#3055=CARTESIAN_POINT('',(-12.0000223341829,-69.0003579235084,195.000358772875));
#3056=CARTESIAN_POINT('Origin',(-12.0000223341829,-66.0003579235084,195.000358772875));
#3057=CARTESIAN_POINT('',(2.89997766581706,-73.0003579235084,195.000358772875));
#3058=CARTESIAN_POINT('',(-12.0000223341829,-73.0003579235084,195.000358772875));
#3059=CARTESIAN_POINT('',(2.89997766581706,-66.0003579235084,195.000358772875));
#3060=CARTESIAN_POINT('Origin',(-12.0000223341829,-73.0003579235084,192.000358772875));
#3061=CARTESIAN_POINT('',(2.89997766581706,-76.0003579235084,192.000358772875));
#3062=CARTESIAN_POINT('Origin',(2.89997766581706,-73.0003579235084,192.000358772875));
#3063=CARTESIAN_POINT('',(-12.0000223341829,-76.0003579235084,192.000358772875));
#3064=CARTESIAN_POINT('Origin',(-12.0000223341829,68.9996420764917,192.000358772875));
#3065=CARTESIAN_POINT('',(2.89997766581706,65.9996420764917,192.000358772875));
#3066=CARTESIAN_POINT('',(2.89997766581706,68.9996420764917,195.000358772875));
#3067=CARTESIAN_POINT('Origin',(2.89997766581706,68.9996420764917,192.000358772875));
#3068=CARTESIAN_POINT('',(-12.0000223341829,68.9996420764917,195.000358772875));
#3069=CARTESIAN_POINT('',(-12.0000223341829,65.9996420764917,192.000358772875));
#3070=CARTESIAN_POINT('Origin',(-12.0000223341829,65.9996420764917,195.000358772875));
#3071=CARTESIAN_POINT('',(2.89997766581706,65.9996420764917,128.000358772875));
#3072=CARTESIAN_POINT('',(-12.0000223341829,65.9996420764917,128.000358772875));
#3073=CARTESIAN_POINT('',(2.89997766581706,65.9996420764917,195.000358772875));
#3074=CARTESIAN_POINT('Origin',(-12.0000223341829,72.9996420764917,192.000358772875));
#3075=CARTESIAN_POINT('',(2.89997766581706,72.9996420764917,195.000358772875));
#3076=CARTESIAN_POINT('',(2.89997766581706,75.9996420764917,192.000358772875));
#3077=CARTESIAN_POINT('Origin',(2.89997766581706,72.9996420764917,192.000358772875));
#3078=CARTESIAN_POINT('',(-12.0000223341829,75.9996420764917,192.000358772875));
#3079=CARTESIAN_POINT('',(-12.0000223341829,72.9996420764917,195.000358772875));
#3080=CARTESIAN_POINT('Origin',(-12.0000223341829,75.9996420764917,128.000358772875));
#3081=CARTESIAN_POINT('',(2.89997766581706,75.9996420764917,128.000358772875));
#3082=CARTESIAN_POINT('Origin',(-12.0000223341829,65.9996420764917,128.000358772875));
#3083=CARTESIAN_POINT('',(2.89997766581706,65.9996420764917,128.000358772875));
#3084=CARTESIAN_POINT('Origin',(-12.0000223341829,75.9996420764917,195.000358772875));
#3085=CARTESIAN_POINT('',(2.89997766581706,75.9996420764917,195.000358772875));
#3086=CARTESIAN_POINT('Origin',(-12.0000223341829,88.9999992102385,110.000001639128));
#3087=CARTESIAN_POINT('',(2.89997766581706,88.9999992102385,110.000001639128));
#3088=CARTESIAN_POINT('',(2.89997766581706,88.9999992102385,110.000001639128));
#3089=CARTESIAN_POINT('',(-8.25002233418294,89.0000008493662,110.));
#3090=CARTESIAN_POINT('Origin',(-4.50002233418294,77.5470043740211,110.));
#3091=CARTESIAN_POINT('',(-15.0724848075636,63.2283180365077,110.));
#3092=CARTESIAN_POINT('Origin',(-16.0000223341829,67.1192914541389,110.));
#3093=CARTESIAN_POINT('',(-63.2455532033676,15.,110.));
#3094=CARTESIAN_POINT('Origin',(0.,0.,110.));
#3095=CARTESIAN_POINT('',(-6.71099475990644E-7,15.,110.));
#3096=CARTESIAN_POINT('',(-8.00733515513573,15.,110.));
#3097=CARTESIAN_POINT('',(-6.71099475990644E-7,-15.,110.));
#3098=CARTESIAN_POINT('',(-6.7109948348465E-7,38.7735021870105,110.));
#3099=CARTESIAN_POINT('',(-63.2455532033676,-15.,110.));
#3100=CARTESIAN_POINT('',(-8.00733515513573,-15.,110.));
#3101=CARTESIAN_POINT('',(-15.0724848075636,-63.2283180365077,110.));
#3102=CARTESIAN_POINT('Origin',(0.,0.,110.));
#3103=CARTESIAN_POINT('Origin',(-16.0000223341829,-67.1192914541389,110.));
#3104=CARTESIAN_POINT('',(2.89997766581706,-53.0000007897615,110.000001639128));
#3105=CARTESIAN_POINT('',(-8.25002233418294,-52.9999991506338,110.));
#3106=CARTESIAN_POINT('',(2.89997766581706,-62.8520043740211,110.));
#3107=CARTESIAN_POINT('',(2.89997766581706,3.27350165801933,110.));
#3108=CARTESIAN_POINT('',(1.5000179797533,-62.8520043740211,110.));
#3109=CARTESIAN_POINT('',(43.0999776658171,62.8520043740211,110.));
#3110=CARTESIAN_POINT('',(43.0999776658171,70.1995043740211,110.));
#3111=CARTESIAN_POINT('',(2.89997766581706,62.8520043740211,110.));
#3112=CARTESIAN_POINT('',(1.5000179797533,62.8520043740211,110.));
#3113=CARTESIAN_POINT('',(2.89997766581706,74.2735016580193,110.));
#3114=CARTESIAN_POINT('Origin',(-4.50002233418294,77.5470043740211,110.));
#3115=CARTESIAN_POINT('',(2.89997766581706,89.4519924953541,110.));
#3116=CARTESIAN_POINT('',(2.89997766581706,38.7735021870105,110.));
#3117=CARTESIAN_POINT('',(43.0999776658171,89.4519924953541,110.));
#3118=CARTESIAN_POINT('',(21.4999888329085,89.4519924953541,110.));
#3119=CARTESIAN_POINT('',(43.0999776658171,31.4260021870106,110.));
#3120=CARTESIAN_POINT('',(53.9999776658171,93.6470043740211,110.));
#3121=CARTESIAN_POINT('Origin',(53.9999776658171,89.6470043740211,110.));
#3122=CARTESIAN_POINT('',(-8.00002233418294,93.6470043740211,110.));
#3123=CARTESIAN_POINT('',(26.4999888329085,93.6470043740211,110.));
#3124=CARTESIAN_POINT('Origin',(-8.00002233418294,89.6470043740211,110.));
#3125=CARTESIAN_POINT('Origin',(4.65992917920933,0.,165.778485094141));
#3126=CARTESIAN_POINT('',(14.0568554281182,-10.,162.358283773668));
#3127=CARTESIAN_POINT('',(4.65992917920933,-10.,175.778485094141));
#3128=CARTESIAN_POINT('Origin',(4.65992917920933,-10.,165.778485094141));
#3129=CARTESIAN_POINT('',(14.0568554281182,10.,162.358283773668));
#3130=CARTESIAN_POINT('',(14.0568554281182,0.,162.358283773668));
#3131=CARTESIAN_POINT('',(4.65992917920933,10.,175.778485094141));
#3132=CARTESIAN_POINT('Origin',(4.65992917920933,10.,165.778485094141));
#3133=CARTESIAN_POINT('',(4.65992917920933,0.,175.778485094141));
#3134=CARTESIAN_POINT('Origin',(-12.0000223341829,-76.0003579235084,128.000358772875));
#3135=CARTESIAN_POINT('',(2.89997766581706,-76.0003579235084,128.000358772875));
#3136=CARTESIAN_POINT('',(2.89997766581706,-76.0003579235084,128.000358772875));
#3137=CARTESIAN_POINT('',(-12.0000223341829,-76.0003579235084,128.000358772875));
#3138=CARTESIAN_POINT('Origin',(-12.0000223341829,-76.0003579235084,195.000358772875));
#3139=CARTESIAN_POINT('',(2.89997766581706,-76.0003579235084,195.000358772875));
#3140=CARTESIAN_POINT('Origin',(-12.0000223341829,-66.0003579235084,128.000358772875));
#3141=CARTESIAN_POINT('',(2.89997766581706,-66.0003579235084,128.000358772875));
#3142=CARTESIAN_POINT('Origin',(-12.0000223341829,-53.0000007897615,110.000001639128));
#3143=CARTESIAN_POINT('',(2.89997766581706,-53.0000007897615,110.000001639128));
#3144=CARTESIAN_POINT('Origin',(-4.50002233418294,77.5470043740211,110.));
#3145=CARTESIAN_POINT('',(-8.00002233418294,-93.6470043740211,110.));
#3146=CARTESIAN_POINT('Origin',(-8.00002233418294,-89.6470043740211,110.));
#3147=CARTESIAN_POINT('',(53.9999776658171,-93.6470043740211,110.));
#3148=CARTESIAN_POINT('',(26.4999888329085,-93.6470043740211,110.));
#3149=CARTESIAN_POINT('Origin',(53.9999776658171,-89.6470043740211,110.));
#3150=CARTESIAN_POINT('',(2.89997766581706,-89.4519924953541,110.));
#3151=CARTESIAN_POINT('',(1.5000179797533,-89.4519924953541,110.));
#3152=CARTESIAN_POINT('',(2.89997766581706,38.7735021870105,110.));
#3153=CARTESIAN_POINT('Origin',(52.9999776658171,76.0000011324883,123.));
#3154=CARTESIAN_POINT('',(43.0999776658171,69.4260027532547,123.));
#3155=CARTESIAN_POINT('Origin',(57.9999776658171,71.0000010579824,118.000001758337));
#3156=CARTESIAN_POINT('',(43.0999776658171,69.4000010579825,118.000001758337));
#3157=CARTESIAN_POINT('',(57.9999776658171,69.4000010579825,118.000001758337));
#3158=CARTESIAN_POINT('Origin',(43.0999776658171,71.0000010579824,118.000001758337));
#3159=CARTESIAN_POINT('Origin',(52.9999776658171,-76.0000011324883,123.));
#3160=CARTESIAN_POINT('Origin',(57.9999776658171,-71.0000010579824,118.));
#3161=CARTESIAN_POINT('',(57.9999776658171,-72.6000010579824,118.));
#3162=CARTESIAN_POINT('Origin',(23.0000068126618,-76.1519984346876,105.));
#3163=CARTESIAN_POINT('',(2.89997766581706,-62.8520043740211,105.));
#3164=CARTESIAN_POINT('',(42.9999776658171,-62.8520043740211,105.));
#3165=CARTESIAN_POINT('',(2.89997766581706,-89.4519924953541,105.));
#3166=CARTESIAN_POINT('',(2.89997766581706,-38.0759992173438,105.));
#3167=CARTESIAN_POINT('',(3.0000359595066,-89.4519924953541,105.));
#3168=CARTESIAN_POINT('Origin',(42.9999776658171,-89.4519924953541,110.));
#3169=CARTESIAN_POINT('',(2.89997766581706,-89.4519924953541,118.444621273535));
#3170=CARTESIAN_POINT('Origin',(3.0000359595066,-62.8520043740211,110.));
#3171=CARTESIAN_POINT('',(2.89997766581706,-62.8520043740211,118.444621273535));
#3172=CARTESIAN_POINT('Origin',(3.0000359595066,62.8520043740211,110.));
#3173=CARTESIAN_POINT('',(43.0999776658171,62.8520043740211,105.));
#3174=CARTESIAN_POINT('',(43.0999776658171,62.8520043740211,110.));
#3175=CARTESIAN_POINT('',(2.89997766581706,62.8520043740211,105.));
#3176=CARTESIAN_POINT('',(42.9999776658171,62.8520043740211,105.));
#3177=CARTESIAN_POINT('',(2.89997766581706,62.8520043740211,118.444621273535));
#3178=CARTESIAN_POINT('Origin',(42.9999776658171,89.4519924953541,110.));
#3179=CARTESIAN_POINT('',(2.89997766581706,89.4519924953541,105.));
#3180=CARTESIAN_POINT('',(2.89997766581706,89.4519924953541,118.444621273535));
#3181=CARTESIAN_POINT('',(43.0999776658171,89.4519924953541,105.));
#3182=CARTESIAN_POINT('',(3.0000359595066,89.4519924953541,105.));
#3183=CARTESIAN_POINT('',(43.0999776658171,89.4519924953541,110.));
#3184=CARTESIAN_POINT('Origin',(23.0000068126618,76.1519984346876,105.));
#3185=CARTESIAN_POINT('',(2.89997766581706,38.0759992173438,105.));
#3186=CARTESIAN_POINT('',(43.0999776658171,89.4519924953541,105.));
#3187=CARTESIAN_POINT('Origin',(18.7500001303852,0.,83.));
#3188=CARTESIAN_POINT('',(17.5000002607703,-9.68245789420427,83.));
#3189=CARTESIAN_POINT('',(17.5000002607703,9.68245789420427,83.));
#3190=CARTESIAN_POINT('Origin',(0.,0.,83.));
#3191=CARTESIAN_POINT('',(17.5000002607703,0.,83.));
#3192=CARTESIAN_POINT('Origin',(17.5000002607703,9.68245789420427,78.));
#3193=CARTESIAN_POINT('',(17.5000002607703,9.68245789420427,78.));
#3194=CARTESIAN_POINT('',(17.5000002607703,-9.68245789420427,78.));
#3195=CARTESIAN_POINT('',(17.5000002607703,4.84122894710214,78.));
#3196=CARTESIAN_POINT('',(17.5000002607703,9.68245789420427,100.));
#3197=CARTESIAN_POINT('',(17.5000002607703,-9.68245789420427,100.));
#3198=CARTESIAN_POINT('',(17.5000002607703,-6.60000007450581,80.5000011995435));
#3199=CARTESIAN_POINT('Origin',(17.5000002607703,-5.00000007450581,80.5000011995435));
#3200=CARTESIAN_POINT('',(17.5000002607703,3.40000007450581,80.5000011995435));
#3201=CARTESIAN_POINT('Origin',(17.5000002607703,5.00000007450581,80.5000011995435));
#3202=CARTESIAN_POINT('Origin',(17.5000002607703,5.00000007450581,80.5000011995435));
#3203=CARTESIAN_POINT('',(14.763553078218,3.40000007450581,80.5000011995435));
#3204=CARTESIAN_POINT('',(17.5000002607703,3.40000007450581,80.5000011995435));
#3205=CARTESIAN_POINT('Ctrl Pts',(14.763553078218,3.40000007450581,80.5000011995435));
#3206=CARTESIAN_POINT('Ctrl Pts',(14.763553078218,3.40000007450581,80.7001721323409));
#3207=CARTESIAN_POINT('Ctrl Pts',(14.7545369434861,3.43991129107357,80.913354131583));
#3208=CARTESIAN_POINT('Ctrl Pts',(14.716072381828,3.60091152978438,81.3045438051185));
#3209=CARTESIAN_POINT('Ctrl Pts',(14.6863828825484,3.72197003669449,81.4825402966638));
#3210=CARTESIAN_POINT('Ctrl Pts',(14.6117138104816,4.00535709711008,81.7702516607778));
#3211=CARTESIAN_POINT('Ctrl Pts',(14.5608795382084,4.18885648165336,81.8958673103217));
#3212=CARTESIAN_POINT('Ctrl Pts',(14.4404393928229,4.58687712076468,82.060682301798));
#3213=CARTESIAN_POINT('Ctrl Pts',(14.3706126246066,4.8012819783841,82.1000011995435));
#3214=CARTESIAN_POINT('Ctrl Pts',(14.2294898958256,5.20492504802095,82.1000011995435));
#3215=CARTESIAN_POINT('Ctrl Pts',(14.1480655582506,5.42227111430422,82.0584308649846));
#3216=CARTESIAN_POINT('Ctrl Pts',(13.9883957574441,5.8218182054415,81.8898324003185));
#3217=CARTESIAN_POINT('Ctrl Pts',(13.910357192654,6.00411737432202,81.7628409916269));
#3218=CARTESIAN_POINT('Ctrl Pts',(13.7868797040135,6.28218419137716,81.4761485482739));
#3219=CARTESIAN_POINT('Ctrl Pts',(13.7317188428717,6.40079143596073,81.3010299058394));
#3220=CARTESIAN_POINT('Ctrl Pts',(13.65648759677,6.55976981807338,80.9135003617744));
#3221=CARTESIAN_POINT('Ctrl Pts',(13.6368067749207,6.60000007450581,80.7009561618599));
#3222=CARTESIAN_POINT('Ctrl Pts',(13.6368067749207,6.60000007450581,80.299046237227));
#3223=CARTESIAN_POINT('Ctrl Pts',(13.65648759677,6.55976981807338,80.0865020373126));
#3224=CARTESIAN_POINT('Ctrl Pts',(13.7317188428717,6.40079143596073,79.6989724932476));
#3225=CARTESIAN_POINT('Ctrl Pts',(13.7868797040135,6.28218419137716,79.523853850813));
#3226=CARTESIAN_POINT('Ctrl Pts',(13.910357192654,6.00411737432202,79.2371614074601));
#3227=CARTESIAN_POINT('Ctrl Pts',(13.9883957574441,5.8218182054415,79.1101699987684));
#3228=CARTESIAN_POINT('Ctrl Pts',(14.1480655582506,5.42227111430422,78.9415715341023));
#3229=CARTESIAN_POINT('Ctrl Pts',(14.2294898958256,5.20492504802095,78.9000011995435));
#3230=CARTESIAN_POINT('Ctrl Pts',(14.3706126246066,4.8012819783841,78.9000011995435));
#3231=CARTESIAN_POINT('Ctrl Pts',(14.4404393928229,4.58687712076468,78.9393200972889));
#3232=CARTESIAN_POINT('Ctrl Pts',(14.5608795382084,4.18885648165336,79.1041350887652));
#3233=CARTESIAN_POINT('Ctrl Pts',(14.6117138104816,4.00535709711008,79.2297507383091));
#3234=CARTESIAN_POINT('Ctrl Pts',(14.6863828825484,3.72197003669449,79.5174621024232));
#3235=CARTESIAN_POINT('Ctrl Pts',(14.716072381828,3.60091152978438,79.6954585939684));
#3236=CARTESIAN_POINT('Ctrl Pts',(14.7545369434861,3.43991129107357,80.086648267504));
#3237=CARTESIAN_POINT('Ctrl Pts',(14.763553078218,3.40000007450581,80.299830266746));
#3238=CARTESIAN_POINT('Ctrl Pts',(14.763553078218,3.40000007450581,80.5000011995435));
#3239=CARTESIAN_POINT('Origin',(17.5000002607703,-5.00000007450581,80.5000011995435));
#3240=CARTESIAN_POINT('',(13.6368067749207,-6.60000007450581,80.5000011995435));
#3241=CARTESIAN_POINT('',(17.5000002607703,-6.60000007450581,80.5000011995435));
#3242=CARTESIAN_POINT('Ctrl Pts',(13.6368067749207,-6.60000007450581,80.5000011995435));
#3243=CARTESIAN_POINT('Ctrl Pts',(13.6368067749207,-6.60000007450581,80.7009561618599));
#3244=CARTESIAN_POINT('Ctrl Pts',(13.65648759677,-6.55976981807338,80.9135003617744));
#3245=CARTESIAN_POINT('Ctrl Pts',(13.7317188428717,-6.40079143596073,81.3010299058394));
#3246=CARTESIAN_POINT('Ctrl Pts',(13.7868797040135,-6.28218419137716,81.4761485482739));
#3247=CARTESIAN_POINT('Ctrl Pts',(13.910357192654,-6.00411737432202,81.7628409916269));
#3248=CARTESIAN_POINT('Ctrl Pts',(13.9883957574441,-5.8218182054415,81.8898324003185));
#3249=CARTESIAN_POINT('Ctrl Pts',(14.1480655582506,-5.42227111430422,82.0584308649846));
#3250=CARTESIAN_POINT('Ctrl Pts',(14.2294898958256,-5.20492504802095,82.1000011995435));
#3251=CARTESIAN_POINT('Ctrl Pts',(14.3706126246066,-4.8012819783841,82.1000011995435));
#3252=CARTESIAN_POINT('Ctrl Pts',(14.4404393928229,-4.58687712076468,82.060682301798));
#3253=CARTESIAN_POINT('Ctrl Pts',(14.5608795382084,-4.18885648165336,81.8958673103217));
#3254=CARTESIAN_POINT('Ctrl Pts',(14.6117138104816,-4.00535709711008,81.7702516607778));
#3255=CARTESIAN_POINT('Ctrl Pts',(14.6863828825484,-3.72197003669449,81.4825402966638));
#3256=CARTESIAN_POINT('Ctrl Pts',(14.716072381828,-3.60091152978438,81.3045438051185));
#3257=CARTESIAN_POINT('Ctrl Pts',(14.7545369434861,-3.43991129107357,80.913354131583));
#3258=CARTESIAN_POINT('Ctrl Pts',(14.763553078218,-3.4000000745058,80.700172132341));
#3259=CARTESIAN_POINT('Ctrl Pts',(14.763553078218,-3.4000000745058,80.299830266746));
#3260=CARTESIAN_POINT('Ctrl Pts',(14.7545369434861,-3.43991129107357,80.086648267504));
#3261=CARTESIAN_POINT('Ctrl Pts',(14.716072381828,-3.60091152978438,79.6954585939684));
#3262=CARTESIAN_POINT('Ctrl Pts',(14.6863828825484,-3.72197003669449,79.5174621024232));
#3263=CARTESIAN_POINT('Ctrl Pts',(14.6117138104816,-4.00535709711008,79.2297507383091));
#3264=CARTESIAN_POINT('Ctrl Pts',(14.5608795382084,-4.18885648165336,79.1041350887652));
#3265=CARTESIAN_POINT('Ctrl Pts',(14.4404393928229,-4.58687712076468,78.9393200972889));
#3266=CARTESIAN_POINT('Ctrl Pts',(14.3706126246066,-4.8012819783841,78.9000011995435));
#3267=CARTESIAN_POINT('Ctrl Pts',(14.2294898958256,-5.20492504802095,78.9000011995435));
#3268=CARTESIAN_POINT('Ctrl Pts',(14.1480655582506,-5.42227111430422,78.9415715341023));
#3269=CARTESIAN_POINT('Ctrl Pts',(13.9883957574441,-5.8218182054415,79.1101699987684));
#3270=CARTESIAN_POINT('Ctrl Pts',(13.910357192654,-6.00411737432202,79.2371614074601));
#3271=CARTESIAN_POINT('Ctrl Pts',(13.7868797040135,-6.28218419137716,79.523853850813));
#3272=CARTESIAN_POINT('Ctrl Pts',(13.7317188428717,-6.40079143596073,79.6989724932476));
#3273=CARTESIAN_POINT('Ctrl Pts',(13.65648759677,-6.55976981807338,80.0865020373126));
#3274=CARTESIAN_POINT('Ctrl Pts',(13.6368067749207,-6.60000007450581,80.299046237227));
#3275=CARTESIAN_POINT('Ctrl Pts',(13.6368067749207,-6.60000007450581,80.5000011995435));
#3276=CARTESIAN_POINT('Origin',(53.9999776658171,-89.6470043740211,110.));
#3277=CARTESIAN_POINT('',(53.9999776658171,-93.6470043740211,100.));
#3278=CARTESIAN_POINT('Origin',(53.9999776658171,-89.6470043740211,100.));
#3279=CARTESIAN_POINT('',(53.9999776658171,-93.6470043740211,110.));
#3280=CARTESIAN_POINT('Origin',(53.9999776658171,89.6470043740211,110.));
#3281=CARTESIAN_POINT('',(53.9999776658171,93.6470043740211,100.));
#3282=CARTESIAN_POINT('Origin',(53.9999776658171,89.6470043740211,100.));
#3283=CARTESIAN_POINT('',(53.9999776658171,93.6470043740211,110.));
#3284=CARTESIAN_POINT('Origin',(43.0999776658171,62.8520043740211,110.));
#3285=CARTESIAN_POINT('Origin',(2.89997766581706,8.88178419700125E-15,126.889242547071));
#3286=CARTESIAN_POINT('Origin',(-65.9609179415991,-11.7540335332869,110.));
#3287=CARTESIAN_POINT('',(-65.,-10.,110.));
#3288=CARTESIAN_POINT('',(-65.,-10.,100.));
#3289=CARTESIAN_POINT('',(-65.,-10.,110.));
#3290=CARTESIAN_POINT('',(-63.9919353164767,-11.4031668606515,100.));
#3291=CARTESIAN_POINT('Origin',(-65.9609179415991,-11.7540335332869,100.));
#3292=CARTESIAN_POINT('',(-63.9919353164767,-11.4031668606515,112.769639255597));
#3293=CARTESIAN_POINT('',(-63.9919353164767,-11.4031668606515,110.));
#3294=CARTESIAN_POINT('Origin',(-65.9609179415991,-11.7540335332869,107.359903953775));
#3295=CARTESIAN_POINT('Origin',(-65.9609179415991,11.7540335332869,110.));
#3296=CARTESIAN_POINT('',(-63.9919353164767,11.4031668606515,112.769639255597));
#3297=CARTESIAN_POINT('',(-63.9919353164767,11.4031668606515,100.));
#3298=CARTESIAN_POINT('',(-63.9919353164767,11.4031668606515,110.));
#3299=CARTESIAN_POINT('',(-65.,10.,100.));
#3300=CARTESIAN_POINT('Origin',(-65.9609179415991,11.7540335332869,100.));
#3301=CARTESIAN_POINT('',(-65.,10.,110.));
#3302=CARTESIAN_POINT('',(-65.,10.,110.));
#3303=CARTESIAN_POINT('Origin',(-65.9609179415991,11.7540335332869,107.359903953775));
#3304=CARTESIAN_POINT('Origin',(0.,0.,100.));
#3305=CARTESIAN_POINT('',(-15.0724848075636,63.2283180365077,100.));
#3306=CARTESIAN_POINT('',(-15.0724848075636,63.2283180365077,100.));
#3307=CARTESIAN_POINT('Origin',(0.,0.,100.));
#3308=CARTESIAN_POINT('',(-63.8913353362608,11.9539645703622,113.046035429638));
#3309=CARTESIAN_POINT('Origin',(0.,0.,288.586036564817));
#3310=CARTESIAN_POINT('Origin',(0.,0.,125.));
#3311=CARTESIAN_POINT('Origin',(0.,0.,78.));
#3312=CARTESIAN_POINT('',(-15.15,-1.85533990070824E-15,78.));
#3313=CARTESIAN_POINT('Origin',(0.,0.,78.));
#3314=CARTESIAN_POINT('',(-15.15,-1.85533990070824E-15,105.));
#3315=CARTESIAN_POINT('',(-15.15,-1.85533990070824E-15,78.));
#3316=CARTESIAN_POINT('Origin',(0.,0.,105.));
#3317=CARTESIAN_POINT('',(-13.6368067749207,-6.60000007450581,80.5000011995435));
#3318=CARTESIAN_POINT('Ctrl Pts',(-13.6368067749207,-6.60000007450581,80.5000011995435));
#3319=CARTESIAN_POINT('Ctrl Pts',(-13.6368067749207,-6.60000007450581,80.299046237227));
#3320=CARTESIAN_POINT('Ctrl Pts',(-13.65648759677,-6.55976981807338,80.0865020373126));
#3321=CARTESIAN_POINT('Ctrl Pts',(-13.7317188428717,-6.40079143596073,79.6989724932476));
#3322=CARTESIAN_POINT('Ctrl Pts',(-13.7868797040135,-6.28218419137716,79.523853850813));
#3323=CARTESIAN_POINT('Ctrl Pts',(-13.910357192654,-6.00411737432202,79.2371614074601));
#3324=CARTESIAN_POINT('Ctrl Pts',(-13.9883957574441,-5.8218182054415,79.1101699987684));
#3325=CARTESIAN_POINT('Ctrl Pts',(-14.1480655582506,-5.42227111430422,78.9415715341023));
#3326=CARTESIAN_POINT('Ctrl Pts',(-14.2294898958256,-5.20492504802095,78.9000011995435));
#3327=CARTESIAN_POINT('Ctrl Pts',(-14.3706126246066,-4.8012819783841,78.9000011995435));
#3328=CARTESIAN_POINT('Ctrl Pts',(-14.4404393928229,-4.58687712076468,78.9393200972889));
#3329=CARTESIAN_POINT('Ctrl Pts',(-14.5608795382084,-4.18885648165336,79.1041350887652));
#3330=CARTESIAN_POINT('Ctrl Pts',(-14.6117138104816,-4.00535709711008,79.2297507383091));
#3331=CARTESIAN_POINT('Ctrl Pts',(-14.6863828825484,-3.72197003669449,79.5174621024232));
#3332=CARTESIAN_POINT('Ctrl Pts',(-14.716072381828,-3.60091152978438,79.6954585939684));
#3333=CARTESIAN_POINT('Ctrl Pts',(-14.7545369434861,-3.43991129107357,80.086648267504));
#3334=CARTESIAN_POINT('Ctrl Pts',(-14.763553078218,-3.4000000745058,80.299830266746));
#3335=CARTESIAN_POINT('Ctrl Pts',(-14.763553078218,-3.4000000745058,80.700172132341));
#3336=CARTESIAN_POINT('Ctrl Pts',(-14.7545369434861,-3.43991129107356,80.913354131583));
#3337=CARTESIAN_POINT('Ctrl Pts',(-14.716072381828,-3.60091152978438,81.3045438051185));
#3338=CARTESIAN_POINT('Ctrl Pts',(-14.6863828825484,-3.72197003669449,81.4825402966638));
#3339=CARTESIAN_POINT('Ctrl Pts',(-14.6117138104816,-4.00535709711008,81.7702516607778));
#3340=CARTESIAN_POINT('Ctrl Pts',(-14.5608795382084,-4.18885648165336,81.8958673103217));
#3341=CARTESIAN_POINT('Ctrl Pts',(-14.4404393928229,-4.58687712076468,82.060682301798));
#3342=CARTESIAN_POINT('Ctrl Pts',(-14.3706126246066,-4.8012819783841,82.1000011995435));
#3343=CARTESIAN_POINT('Ctrl Pts',(-14.2294898958256,-5.20492504802095,82.1000011995435));
#3344=CARTESIAN_POINT('Ctrl Pts',(-14.1480655582506,-5.42227111430422,82.0584308649846));
#3345=CARTESIAN_POINT('Ctrl Pts',(-13.9883957574441,-5.8218182054415,81.8898324003185));
#3346=CARTESIAN_POINT('Ctrl Pts',(-13.910357192654,-6.00411737432202,81.7628409916269));
#3347=CARTESIAN_POINT('Ctrl Pts',(-13.7868797040135,-6.28218419137716,81.4761485482739));
#3348=CARTESIAN_POINT('Ctrl Pts',(-13.7317188428717,-6.40079143596073,81.3010299058394));
#3349=CARTESIAN_POINT('Ctrl Pts',(-13.65648759677,-6.55976981807338,80.9135003617744));
#3350=CARTESIAN_POINT('Ctrl Pts',(-13.6368067749207,-6.60000007450581,80.7009561618599));
#3351=CARTESIAN_POINT('Ctrl Pts',(-13.6368067749207,-6.60000007450581,80.5000011995435));
#3352=CARTESIAN_POINT('',(-14.763553078218,3.40000007450581,80.5000011995435));
#3353=CARTESIAN_POINT('Ctrl Pts',(-14.763553078218,3.40000007450581,80.5000011995435));
#3354=CARTESIAN_POINT('Ctrl Pts',(-14.763553078218,3.40000007450581,80.299830266746));
#3355=CARTESIAN_POINT('Ctrl Pts',(-14.7545369434861,3.43991129107357,80.086648267504));
#3356=CARTESIAN_POINT('Ctrl Pts',(-14.716072381828,3.60091152978438,79.6954585939684));
#3357=CARTESIAN_POINT('Ctrl Pts',(-14.6863828825484,3.72197003669449,79.5174621024232));
#3358=CARTESIAN_POINT('Ctrl Pts',(-14.6117138104816,4.00535709711008,79.2297507383091));
#3359=CARTESIAN_POINT('Ctrl Pts',(-14.5608795382084,4.18885648165336,79.1041350887652));
#3360=CARTESIAN_POINT('Ctrl Pts',(-14.4404393928229,4.58687712076468,78.9393200972889));
#3361=CARTESIAN_POINT('Ctrl Pts',(-14.3706126246066,4.8012819783841,78.9000011995435));
#3362=CARTESIAN_POINT('Ctrl Pts',(-14.2294898958256,5.20492504802095,78.9000011995435));
#3363=CARTESIAN_POINT('Ctrl Pts',(-14.1480655582506,5.42227111430422,78.9415715341023));
#3364=CARTESIAN_POINT('Ctrl Pts',(-13.9883957574441,5.8218182054415,79.1101699987684));
#3365=CARTESIAN_POINT('Ctrl Pts',(-13.910357192654,6.00411737432202,79.2371614074601));
#3366=CARTESIAN_POINT('Ctrl Pts',(-13.7868797040135,6.28218419137716,79.523853850813));
#3367=CARTESIAN_POINT('Ctrl Pts',(-13.7317188428717,6.40079143596073,79.6989724932476));
#3368=CARTESIAN_POINT('Ctrl Pts',(-13.65648759677,6.55976981807338,80.0865020373126));
#3369=CARTESIAN_POINT('Ctrl Pts',(-13.6368067749207,6.60000007450581,80.299046237227));
#3370=CARTESIAN_POINT('Ctrl Pts',(-13.6368067749207,6.60000007450581,80.7009561618599));
#3371=CARTESIAN_POINT('Ctrl Pts',(-13.65648759677,6.55976981807338,80.9135003617744));
#3372=CARTESIAN_POINT('Ctrl Pts',(-13.7317188428717,6.40079143596073,81.3010299058394));
#3373=CARTESIAN_POINT('Ctrl Pts',(-13.7868797040135,6.28218419137716,81.4761485482739));
#3374=CARTESIAN_POINT('Ctrl Pts',(-13.910357192654,6.00411737432202,81.7628409916269));
#3375=CARTESIAN_POINT('Ctrl Pts',(-13.9883957574441,5.8218182054415,81.8898324003185));
#3376=CARTESIAN_POINT('Ctrl Pts',(-14.1480655582506,5.42227111430422,82.0584308649846));
#3377=CARTESIAN_POINT('Ctrl Pts',(-14.2294898958256,5.20492504802095,82.1000011995435));
#3378=CARTESIAN_POINT('Ctrl Pts',(-14.3706126246066,4.8012819783841,82.1000011995435));
#3379=CARTESIAN_POINT('Ctrl Pts',(-14.4404393928229,4.58687712076468,82.060682301798));
#3380=CARTESIAN_POINT('Ctrl Pts',(-14.5608795382084,4.18885648165336,81.8958673103217));
#3381=CARTESIAN_POINT('Ctrl Pts',(-14.6117138104816,4.00535709711008,81.7702516607778));
#3382=CARTESIAN_POINT('Ctrl Pts',(-14.6863828825484,3.72197003669449,81.4825402966638));
#3383=CARTESIAN_POINT('Ctrl Pts',(-14.716072381828,3.60091152978438,81.3045438051185));
#3384=CARTESIAN_POINT('Ctrl Pts',(-14.7545369434861,3.43991129107357,80.913354131583));
#3385=CARTESIAN_POINT('Ctrl Pts',(-14.763553078218,3.40000007450581,80.700172132341));
#3386=CARTESIAN_POINT('Ctrl Pts',(-14.763553078218,3.40000007450581,80.5000011995435));
#3387=CARTESIAN_POINT('Origin',(0.,0.,100.));
#3388=CARTESIAN_POINT('',(-17.5000002607703,9.68245789420427,78.));
#3389=CARTESIAN_POINT('Origin',(0.,0.,78.));
#3390=CARTESIAN_POINT('',(-17.5000002607703,9.68245789420427,83.));
#3391=CARTESIAN_POINT('',(-17.5000002607703,9.68245789420427,100.));
#3392=CARTESIAN_POINT('',(-20.,2.44929359829471E-15,83.));
#3393=CARTESIAN_POINT('Origin',(0.,0.,83.));
#3394=CARTESIAN_POINT('',(-20.,2.44929359829471E-15,96.));
#3395=CARTESIAN_POINT('',(-20.,2.44929359829471E-15,100.));
#3396=CARTESIAN_POINT('Origin',(0.,0.,96.));
#3397=CARTESIAN_POINT('',(-17.5000002607703,-9.68245789420427,83.));
#3398=CARTESIAN_POINT('Origin',(0.,0.,83.));
#3399=CARTESIAN_POINT('',(-17.5000002607703,-9.68245789420427,78.));
#3400=CARTESIAN_POINT('',(-17.5000002607703,-9.68245789420427,100.));
#3401=CARTESIAN_POINT('Origin',(0.,0.,78.));
#3402=CARTESIAN_POINT('Origin',(-65.,-10.,110.));
#3403=CARTESIAN_POINT('',(-65.,7.96020419445779E-15,110.));
#3404=CARTESIAN_POINT('',(-65.,7.96020419445779E-15,100.));
#3405=CARTESIAN_POINT('Origin',(0.,0.,100.));
#3406=CARTESIAN_POINT('',(-15.0724848075636,-63.2283180365077,100.));
#3407=CARTESIAN_POINT('Origin',(0.,0.,100.));
#3408=CARTESIAN_POINT('',(-15.0724848075636,-63.2283180365077,100.));
#3409=CARTESIAN_POINT('',(-63.8913353362608,-11.9539645703622,113.046035429638));
#3410=CARTESIAN_POINT('Origin',(0.,0.,125.));
#3411=CARTESIAN_POINT('Origin',(0.,0.,288.586036564817));
#3412=CARTESIAN_POINT('Origin',(-16.0000223341829,-67.1192914541389,100.));
#3413=CARTESIAN_POINT('Origin',(-16.0000223341829,-67.1192914541389,100.));
#3414=CARTESIAN_POINT('Origin',(-16.0000223341829,67.1192914541389,100.));
#3415=CARTESIAN_POINT('Origin',(-16.0000223341829,67.1192914541389,100.));
#3416=CARTESIAN_POINT('Origin',(-8.00002233418294,-89.6470043740211,110.));
#3417=CARTESIAN_POINT('',(-8.00002233418294,-93.6470043740211,100.));
#3418=CARTESIAN_POINT('Origin',(-8.00002233418294,-89.6470043740211,100.));
#3419=CARTESIAN_POINT('',(-8.00002233418294,-93.6470043740211,110.));
#3420=CARTESIAN_POINT('Origin',(-8.00002233418294,89.6470043740211,110.));
#3421=CARTESIAN_POINT('',(-8.00002233418294,93.6470043740211,100.));
#3422=CARTESIAN_POINT('',(-8.00002233418294,93.6470043740211,110.));
#3423=CARTESIAN_POINT('Origin',(-8.00002233418294,89.6470043740211,100.));
#3424=CARTESIAN_POINT('Origin',(17.5000002607703,-5.00000007450581,80.5000011995435));
#3425=CARTESIAN_POINT('',(-17.5000002607703,-6.60000007450581,80.5000011995435));
#3426=CARTESIAN_POINT('',(17.5000002607703,-6.60000007450581,80.5000011995435));
#3427=CARTESIAN_POINT('Origin',(-17.5000002607703,-5.00000007450581,80.5000011995435));
#3428=CARTESIAN_POINT('Origin',(17.5000002607703,5.00000007450581,80.5000011995435));
#3429=CARTESIAN_POINT('',(-17.5000002607703,3.40000007450581,80.5000011995435));
#3430=CARTESIAN_POINT('',(17.5000002607703,3.40000007450581,80.5000011995435));
#3431=CARTESIAN_POINT('Origin',(-17.5000002607703,5.00000007450581,80.5000011995435));
#3432=CARTESIAN_POINT('Origin',(-17.5000002607703,-9.68245789420427,78.));
#3433=CARTESIAN_POINT('',(-17.5000002607703,-4.84122894710214,78.));
#3434=CARTESIAN_POINT('',(-17.5000002607703,9.68245789420427,83.));
#3435=CARTESIAN_POINT('Origin',(-18.7500001303852,-1.11022302462516E-15,
83.));
#3436=CARTESIAN_POINT('Origin',(0.,0.,105.));
#3437=CARTESIAN_POINT('Origin',(0.,0.,78.));
#3438=CARTESIAN_POINT('Origin',(-41.0585909357786,0.,175.778485094141));
#3439=CARTESIAN_POINT('',(-34.0565155536815,10.,175.778485094141));
#3440=CARTESIAN_POINT('',(-41.0585909357786,10.,175.778485094141));
#3441=CARTESIAN_POINT('',(-34.0565155536815,-10.,175.778485094141));
#3442=CARTESIAN_POINT('',(-34.0565155536815,0.,175.778485094141));
#3443=CARTESIAN_POINT('',(-41.0585909357786,-10.,175.778485094141));
#3444=CARTESIAN_POINT('Origin',(-34.0565155536815,0.,165.778485094141));
#3445=CARTESIAN_POINT('',(-43.4534417615406,10.,169.198686527398));
#3446=CARTESIAN_POINT('',(-43.4534417615406,-10.,169.198686527398));
#3447=CARTESIAN_POINT('',(-43.4534417615406,0.,169.198686527398));
#3448=CARTESIAN_POINT('Origin',(-34.0565155536815,-10.,165.778485094141));
#3449=CARTESIAN_POINT('Origin',(-34.0565155536815,10.,165.778485094141));
#3450=CARTESIAN_POINT('Origin',(-65.0000009685755,0.,110.000001639128));
#3451=CARTESIAN_POINT('',(-63.1801503938382,-10.,115.));
#3452=CARTESIAN_POINT('',(-61.6318855678683,-5.74617735131205,119.253822648688));
#3453=CARTESIAN_POINT('',(-65.0000009685755,-10.,110.000001639128));
#3454=CARTESIAN_POINT('',(-63.1801503938382,10.,115.));
#3455=CARTESIAN_POINT('',(-65.0000009685755,10.,110.000001639128));
#3456=CARTESIAN_POINT('',(-61.6318855678683,5.74617735131205,119.253822648688));
#3457=CARTESIAN_POINT('Origin',(-23.0292959521771,10.,142.889243366635));
#3458=CARTESIAN_POINT('',(-3.18014956772912,10.,115.));
#3459=CARTESIAN_POINT('',(18.9414090642214,10.,175.778485094141));
#3460=CARTESIAN_POINT('',(-11.5146479760885,10.,115.));
#3461=CARTESIAN_POINT('',(2.64999887381618,10.,148.000001196316));
#3462=CARTESIAN_POINT('Origin',(-21.0000011261838,10.,148.000001196316));
#3463=CARTESIAN_POINT('Origin',(-11.5146479760885,12.5,112.5));
#3464=CARTESIAN_POINT('',(-3.28990001086281,10.3015368755456,114.698463124454));
#3465=CARTESIAN_POINT('',(2.86162099996038,-6.59962882815009,131.59962882815));
#3466=CARTESIAN_POINT('',(-6.71099475990644E-7,15.,110.));
#3467=CARTESIAN_POINT('Origin',(-1.64495034098114,0.,112.349231562227));
#3468=CARTESIAN_POINT('',(-3.28990001086281,-10.3015368755456,114.698463124454));
#3469=CARTESIAN_POINT('',(-3.28990001086281,0.,114.698463124454));
#3470=CARTESIAN_POINT('',(-6.71099475990644E-7,-15.,110.));
#3471=CARTESIAN_POINT('Origin',(-11.5146479760885,-12.5,112.5));
#3472=CARTESIAN_POINT('',(-3.18014956772912,-10.,115.));
#3473=CARTESIAN_POINT('',(-11.5146479760885,-10.,115.));
#3474=CARTESIAN_POINT('',(2.86162099996038,6.59962882815009,131.59962882815));
#3475=CARTESIAN_POINT('Origin',(-21.0000011261838,10.,148.000001196316));
#3476=CARTESIAN_POINT('',(2.64999887381618,-10.,148.000001196316));
#3477=CARTESIAN_POINT('',(2.64999887381618,10.,148.000001196316));
#3478=CARTESIAN_POINT('Origin',(-21.0000011261838,-10.,148.000001196316));
#3479=CARTESIAN_POINT('Origin',(0.,0.,100.));
#3480=CARTESIAN_POINT('',(-55.,6.73555739531044E-15,90.));
#3481=CARTESIAN_POINT('Origin',(0.,0.,90.));
#3482=CARTESIAN_POINT('',(-55.,6.73555739531044E-15,100.));
#3483=CARTESIAN_POINT('',(-55.,6.73555739531044E-15,100.));
#3484=CARTESIAN_POINT('Origin',(0.,0.,100.));
#3485=CARTESIAN_POINT('Origin',(0.,0.,90.));
#3486=CARTESIAN_POINT('',(-50.,6.12323399573677E-15,90.));
#3487=CARTESIAN_POINT('Origin',(0.,0.,90.));
#3488=CARTESIAN_POINT('Origin',(0.,0.,100.));
#3489=CARTESIAN_POINT('',(-7.00002233418294,93.6470043740211,100.));
#3490=CARTESIAN_POINT('',(-7.00002233418294,-93.6470043740211,100.));
#3491=CARTESIAN_POINT('Origin',(0.,0.,100.));
#3492=CARTESIAN_POINT('',(-50.,6.12323399573677E-15,100.));
#3493=CARTESIAN_POINT('',(-50.,6.12323399573677E-15,100.));
#3494=CARTESIAN_POINT('Origin',(0.,0.,100.));
#3495=CARTESIAN_POINT('Origin',(52.9999776658171,93.6470043740211,110.));
#3496=CARTESIAN_POINT('Origin',(0.,0.,100.));
#3497=CARTESIAN_POINT('',(-24.,-2.93915231795365E-15,100.));
#3498=CARTESIAN_POINT('Origin',(0.,0.,100.));
#3499=CARTESIAN_POINT('Origin',(0.,0.,98.));
#3500=CARTESIAN_POINT('',(-22.,-2.69422295812418E-15,98.));
#3501=CARTESIAN_POINT('Origin',(52.9999776658171,-93.6470043740211,110.));
#3502=CARTESIAN_POINT('Origin',(-23.0292959521771,-10.,142.889243366635));
#3503=CARTESIAN_POINT('',(18.9414090642214,-10.,175.778485094141));
#3504=CARTESIAN_POINT('Origin',(18.9414090642214,0.,175.778485094141));
#3505=CARTESIAN_POINT('Origin',(2.89997766581706,8.88178419700125E-15,126.889242547071));
#3506=CARTESIAN_POINT('Origin',(0.,-18.0000002682209,100.));
#3507=CARTESIAN_POINT('',(1.6,-18.0000002682209,100.));
#3508=CARTESIAN_POINT('Origin',(0.,-18.0000002682209,100.));
#3509=CARTESIAN_POINT('Origin',(0.,-18.0000002682209,110.));
#3510=CARTESIAN_POINT('',(1.6,-18.0000002682209,80.));
#3511=CARTESIAN_POINT('',(1.6,-18.0000002682209,110.));
#3512=CARTESIAN_POINT('Origin',(0.,-18.0000002682209,80.));
#3513=CARTESIAN_POINT('Origin',(0.,-18.0000002682209,80.));
#3514=CARTESIAN_POINT('Origin',(0.,18.0000002682209,100.));
#3515=CARTESIAN_POINT('',(1.6,18.0000002682209,100.));
#3516=CARTESIAN_POINT('Origin',(0.,18.0000002682209,100.));
#3517=CARTESIAN_POINT('Origin',(0.,18.0000002682209,80.));
#3518=CARTESIAN_POINT('',(1.6,18.0000002682209,80.));
#3519=CARTESIAN_POINT('Origin',(0.,18.0000002682209,80.));
#3520=CARTESIAN_POINT('Origin',(0.,18.0000002682209,110.));
#3521=CARTESIAN_POINT('',(1.6,18.0000002682209,110.));
#3522=UNCERTAINTY_MEASURE_WITH_UNIT(LENGTH_MEASURE(0.01),#3526,
'DISTANCE_ACCURACY_VALUE',
'Maximum model space distance between geometric entities at asserted c
onnectivities');
#3523=UNCERTAINTY_MEASURE_WITH_UNIT(LENGTH_MEASURE(0.01),#3526,
'DISTANCE_ACCURACY_VALUE',
'Maximum model space distance between geometric entities at asserted c
onnectivities');
#3524=(
GEOMETRIC_REPRESENTATION_CONTEXT(3)
GLOBAL_UNCERTAINTY_ASSIGNED_CONTEXT((#3522))
GLOBAL_UNIT_ASSIGNED_CONTEXT((#3526,#3528,#3529))
REPRESENTATION_CONTEXT('','3D')
);
#3525=(
GEOMETRIC_REPRESENTATION_CONTEXT(3)
GLOBAL_UNCERTAINTY_ASSIGNED_CONTEXT((#3523))
GLOBAL_UNIT_ASSIGNED_CONTEXT((#3526,#3528,#3529))
REPRESENTATION_CONTEXT('','3D')
);
#3526=(
LENGTH_UNIT()
NAMED_UNIT(*)
SI_UNIT(.MILLI.,.METRE.)
);
#3527=(
LENGTH_UNIT()
NAMED_UNIT(*)
SI_UNIT($,.METRE.)
);
#3528=(
NAMED_UNIT(*)
PLANE_ANGLE_UNIT()
SI_UNIT($,.RADIAN.)
);
#3529=(
NAMED_UNIT(*)
SI_UNIT($,.STERADIAN.)
SOLID_ANGLE_UNIT()
);
#3530=SHAPE_DEFINITION_REPRESENTATION(#3531,#3532);
#3531=PRODUCT_DEFINITION_SHAPE('',$,#3534);
#3532=SHAPE_REPRESENTATION('',(#2027),#3524);
#3533=PRODUCT_DEFINITION_CONTEXT('part definition',#3538,'design');
#3534=PRODUCT_DEFINITION('2026-09-26-21-29-08-797','soulder base v3',#3535,
#3533);
#3535=PRODUCT_DEFINITION_FORMATION('',$,#3540);
#3536=PRODUCT_RELATED_PRODUCT_CATEGORY('soulder base v3',
'soulder base v3',(#3540));
#3537=APPLICATION_PROTOCOL_DEFINITION('international standard',
'automotive_design',2009,#3538);
#3538=APPLICATION_CONTEXT(
'Core Data for Automotive Mechanical Design Process');
#3539=PRODUCT_CONTEXT('part definition',#3538,'mechanical');
#3540=PRODUCT('2026-09-26-21-29-08-797','soulder base v3',$,(#3539));
#3541=PRESENTATION_STYLE_ASSIGNMENT((#3542));
#3542=SURFACE_STYLE_USAGE(.BOTH.,#3543);
#3543=SURFACE_SIDE_STYLE('',(#3544));
#3544=SURFACE_STYLE_FILL_AREA(#3545);
#3545=FILL_AREA_STYLE('Steel - Satin',(#3546));
#3546=FILL_AREA_STYLE_COLOUR('Steel - Satin',#3547);
#3547=COLOUR_RGB('Steel - Satin',0.627450980392157,0.627450980392157,0.627450980392157);
ENDSEC;
END-ISO-10303-21;
