ISO-10303-21;
HEADER;
/* Generated by software containing ST-Developer
 * from STEP Tools, Inc. (www.steptools.com) 
 */

FILE_DESCRIPTION(
/* description */ ('STEP AP203'),
/* implementation_level */ '2;1');

FILE_NAME(
/* name */ 'Spur_Gear_60mm.step',
/* time_stamp */ '2026-09-26T21:35:54-07:00',
/* author */ (''),
/* organization */ (''),
/* preprocessor_version */ 'ST-DEVELOPER v20.2',
/* originating_system */ 'Autodesk Translation Framework v15.15.0.0',
/* authorisation */ '');

FILE_SCHEMA (('AUTOMOTIVE_DESIGN { 1 0 10303 214 3 1 1 }'));
ENDSEC;

DATA;
#10=MECHANICAL_DESIGN_GEOMETRIC_PRESENTATION_REPRESENTATION('',(#13),#8934);
#11=SHAPE_REPRESENTATION_RELATIONSHIP('SRR','None',#8941,#12);
#12=ADVANCED_BREP_SHAPE_REPRESENTATION('',(#14),#8933);
#13=STYLED_ITEM('',(#8950),#14);
#14=MANIFOLD_SOLID_BREP('Body1',#4634);
#15=CONICAL_SURFACE('',#4712,30.,0.785398163397448);
#16=CONICAL_SURFACE('',#4715,32.,0.78539816339745);
#17=CONICAL_SURFACE('',#5127,32.,0.78539816339745);
#18=CONICAL_SURFACE('',#5128,32.,0.78539816339745);
#19=CONICAL_SURFACE('',#5129,32.,0.78539816339745);
#20=CONICAL_SURFACE('',#5130,32.,0.78539816339745);
#21=CONICAL_SURFACE('',#5131,32.,0.78539816339745);
#22=CONICAL_SURFACE('',#5132,32.,0.78539816339745);
#23=CONICAL_SURFACE('',#5133,32.,0.78539816339745);
#24=CONICAL_SURFACE('',#5134,32.,0.78539816339745);
#25=CONICAL_SURFACE('',#5135,32.,0.78539816339745);
#26=CONICAL_SURFACE('',#5136,32.,0.78539816339745);
#27=CONICAL_SURFACE('',#5137,32.,0.78539816339745);
#28=CONICAL_SURFACE('',#5138,32.,0.78539816339745);
#29=CONICAL_SURFACE('',#5139,32.,0.78539816339745);
#30=CONICAL_SURFACE('',#5140,32.,0.78539816339745);
#31=CONICAL_SURFACE('',#5141,32.,0.78539816339745);
#32=CONICAL_SURFACE('',#5142,32.,0.78539816339745);
#33=CONICAL_SURFACE('',#5143,32.,0.78539816339745);
#34=CONICAL_SURFACE('',#5144,32.,0.78539816339745);
#35=CONICAL_SURFACE('',#5145,32.,0.78539816339745);
#36=CONICAL_SURFACE('',#5146,32.,0.78539816339745);
#37=CONICAL_SURFACE('',#5147,32.,0.78539816339745);
#38=CONICAL_SURFACE('',#5148,32.,0.78539816339745);
#39=CONICAL_SURFACE('',#5149,32.,0.78539816339745);
#40=CONICAL_SURFACE('',#5150,32.,0.78539816339745);
#41=CONICAL_SURFACE('',#5151,32.,0.78539816339745);
#42=CONICAL_SURFACE('',#5152,32.,0.78539816339745);
#43=CONICAL_SURFACE('',#5153,32.,0.78539816339745);
#44=CONICAL_SURFACE('',#5154,32.,0.78539816339745);
#45=CONICAL_SURFACE('',#5155,30.,0.785398163397448);
#46=CONICAL_SURFACE('',#5156,30.,0.785398163397448);
#47=CONICAL_SURFACE('',#5157,30.,0.785398163397448);
#48=CONICAL_SURFACE('',#5158,30.,0.785398163397448);
#49=CONICAL_SURFACE('',#5159,30.,0.785398163397448);
#50=CONICAL_SURFACE('',#5160,30.,0.785398163397448);
#51=CONICAL_SURFACE('',#5161,30.,0.785398163397448);
#52=CONICAL_SURFACE('',#5162,30.,0.785398163397448);
#53=CONICAL_SURFACE('',#5163,30.,0.785398163397448);
#54=CONICAL_SURFACE('',#5164,30.,0.785398163397448);
#55=CONICAL_SURFACE('',#5165,30.,0.785398163397448);
#56=CONICAL_SURFACE('',#5166,30.,0.785398163397448);
#57=CONICAL_SURFACE('',#5167,30.,0.785398163397448);
#58=CONICAL_SURFACE('',#5168,30.,0.785398163397448);
#59=CONICAL_SURFACE('',#5169,30.,0.785398163397448);
#60=CONICAL_SURFACE('',#5170,30.,0.785398163397448);
#61=CONICAL_SURFACE('',#5171,30.,0.785398163397448);
#62=CONICAL_SURFACE('',#5172,30.,0.785398163397448);
#63=CONICAL_SURFACE('',#5173,30.,0.785398163397448);
#64=CONICAL_SURFACE('',#5174,30.,0.785398163397448);
#65=CONICAL_SURFACE('',#5175,30.,0.785398163397448);
#66=CONICAL_SURFACE('',#5176,30.,0.785398163397448);
#67=CONICAL_SURFACE('',#5177,30.,0.785398163397448);
#68=CONICAL_SURFACE('',#5178,30.,0.785398163397448);
#69=CONICAL_SURFACE('',#5179,30.,0.785398163397448);
#70=CONICAL_SURFACE('',#5180,30.,0.785398163397448);
#71=CONICAL_SURFACE('',#5181,30.,0.785398163397448);
#72=CONICAL_SURFACE('',#5182,30.,0.785398163397448);
#73=CONICAL_SURFACE('',#5191,32.,0.78539816339745);
#74=CONICAL_SURFACE('',#5192,30.,0.785398163397448);
#75=B_SPLINE_CURVE_WITH_KNOTS('',3,(#7018,#7019,#7020,#7021,#7022,#7023),
 .UNSPECIFIED.,.F.,.F.,(4,2,4),(0.342479981974742,0.487522935256282,0.621257690738858),
 .UNSPECIFIED.);
#76=B_SPLINE_CURVE_WITH_KNOTS('',3,(#7027,#7028,#7029,#7030,#7031,#7032),
 .UNSPECIFIED.,.F.,.F.,(4,2,4),(5.34890461467494,5.48263937015752,5.62768232343906),
 .UNSPECIFIED.);
#77=B_SPLINE_CURVE_WITH_KNOTS('',3,(#7038,#7039,#7040,#7041,#7042,#7043),
 .UNSPECIFIED.,.F.,.F.,(4,2,4),(2.88130934513277,3.01504410061535,3.16008705389689),
 .UNSPECIFIED.);
#78=B_SPLINE_CURVE_WITH_KNOTS('',3,(#7048,#7049,#7050,#7051,#7052,#7053),
 .UNSPECIFIED.,.F.,.F.,(4,2,4),(2.81007525151692,2.95511820479845,3.08885296028103),
 .UNSPECIFIED.);
#79=B_SPLINE_CURVE_WITH_KNOTS('',3,(#7061,#7062,#7063,#7064,#7065,#7066),
 .UNSPECIFIED.,.F.,.F.,(4,2,4),(2.81007525151694,2.95511820479845,3.08885296027985),
 .UNSPECIFIED.);
#80=B_SPLINE_CURVE_WITH_KNOTS('',3,(#7069,#7070,#7071,#7072,#7073,#7074),
 .UNSPECIFIED.,.F.,.F.,(4,2,4),(2.88130934513395,3.01504410061535,3.16008705389686),
 .UNSPECIFIED.);
#81=B_SPLINE_CURVE_WITH_KNOTS('',3,(#7079,#7080,#7081,#7082,#7083,#7084),
 .UNSPECIFIED.,.F.,.F.,(4,2,4),(0.34247998197477,0.487522935256281,0.621257690737681),
 .UNSPECIFIED.);
#82=B_SPLINE_CURVE_WITH_KNOTS('',3,(#7088,#7089,#7090,#7091,#7092,#7093),
 .UNSPECIFIED.,.F.,.F.,(4,2,4),(5.34890461467612,5.48263937015752,5.62768232343903),
 .UNSPECIFIED.);
#83=B_SPLINE_CURVE_WITH_KNOTS('',3,(#7100,#7101,#7102,#7103,#7104,#7105),
 .UNSPECIFIED.,.F.,.F.,(4,2,4),(5.34890461467612,5.48263937015752,5.62768232343903),
 .UNSPECIFIED.);
#84=B_SPLINE_CURVE_WITH_KNOTS('',3,(#7108,#7109,#7110,#7111,#7112,#7113),
 .UNSPECIFIED.,.F.,.F.,(4,2,4),(2.81007525151694,2.95511820479845,3.08885296027985),
 .UNSPECIFIED.);
#85=B_SPLINE_CURVE_WITH_KNOTS('',3,(#7119,#7120,#7121,#7122,#7123,#7124),
 .UNSPECIFIED.,.F.,.F.,(4,2,4),(2.88130934513395,3.01504410061535,3.16008705389686),
 .UNSPECIFIED.);
#86=B_SPLINE_CURVE_WITH_KNOTS('',3,(#7127,#7128,#7129,#7130,#7131,#7132),
 .UNSPECIFIED.,.F.,.F.,(4,2,4),(0.34247998197477,0.487522935256282,0.621257690737681),
 .UNSPECIFIED.);
#87=B_SPLINE_CURVE_WITH_KNOTS('',3,(#7996,#7997,#7998,#7999,#8000,#8001),
 .UNSPECIFIED.,.F.,.F.,(4,2,4),(2.88130934513395,3.01504410061535,3.16008705389686),
 .UNSPECIFIED.);
#88=B_SPLINE_CURVE_WITH_KNOTS('',3,(#8002,#8003,#8004,#8005,#8006,#8007),
 .UNSPECIFIED.,.F.,.F.,(4,2,4),(0.34247998197477,0.487522935256281,0.62125769073768),
 .UNSPECIFIED.);
#89=B_SPLINE_CURVE_WITH_KNOTS('',3,(#8009,#8010,#8011,#8012,#8013,#8014),
 .UNSPECIFIED.,.F.,.F.,(4,2,4),(2.88130934513395,3.01504410061535,3.16008705389686),
 .UNSPECIFIED.);
#90=B_SPLINE_CURVE_WITH_KNOTS('',3,(#8015,#8016,#8017,#8018,#8019,#8020),
 .UNSPECIFIED.,.F.,.F.,(4,2,4),(0.34247998197477,0.487522935256281,0.62125769073768),
 .UNSPECIFIED.);
#91=B_SPLINE_CURVE_WITH_KNOTS('',3,(#8022,#8023,#8024,#8025,#8026,#8027),
 .UNSPECIFIED.,.F.,.F.,(4,2,4),(2.88130934513395,3.01504410061535,3.16008705389686),
 .UNSPECIFIED.);
#92=B_SPLINE_CURVE_WITH_KNOTS('',3,(#8028,#8029,#8030,#8031,#8032,#8033),
 .UNSPECIFIED.,.F.,.F.,(4,2,4),(0.34247998197477,0.487522935256281,0.621257690737679),
 .UNSPECIFIED.);
#93=B_SPLINE_CURVE_WITH_KNOTS('',3,(#8035,#8036,#8037,#8038,#8039,#8040),
 .UNSPECIFIED.,.F.,.F.,(4,2,4),(0.34247998197477,0.487522935256281,0.621257690737679),
 .UNSPECIFIED.);
#94=B_SPLINE_CURVE_WITH_KNOTS('',3,(#8041,#8042,#8043,#8044,#8045,#8046),
 .UNSPECIFIED.,.F.,.F.,(4,2,4),(2.88130934513395,3.01504410061535,3.16008705389686),
 .UNSPECIFIED.);
#95=B_SPLINE_CURVE_WITH_KNOTS('',3,(#8048,#8049,#8050,#8051,#8052,#8053),
 .UNSPECIFIED.,.F.,.F.,(4,2,4),(2.88130934513395,3.01504410061535,3.16008705389686),
 .UNSPECIFIED.);
#96=B_SPLINE_CURVE_WITH_KNOTS('',3,(#8054,#8055,#8056,#8057,#8058,#8059),
 .UNSPECIFIED.,.F.,.F.,(4,2,4),(0.342479981974769,0.487522935256281,0.621257690737679),
 .UNSPECIFIED.);
#97=B_SPLINE_CURVE_WITH_KNOTS('',3,(#8061,#8062,#8063,#8064,#8065,#8066),
 .UNSPECIFIED.,.F.,.F.,(4,2,4),(2.88130934513395,3.01504410061535,3.16008705389686),
 .UNSPECIFIED.);
#98=B_SPLINE_CURVE_WITH_KNOTS('',3,(#8067,#8068,#8069,#8070,#8071,#8072),
 .UNSPECIFIED.,.F.,.F.,(4,2,4),(0.34247998197477,0.487522935256281,0.62125769073768),
 .UNSPECIFIED.);
#99=B_SPLINE_CURVE_WITH_KNOTS('',3,(#8074,#8075,#8076,#8077,#8078,#8079),
 .UNSPECIFIED.,.F.,.F.,(4,2,4),(2.88130934513395,3.01504410061535,3.16008705389686),
 .UNSPECIFIED.);
#100=B_SPLINE_CURVE_WITH_KNOTS('',3,(#8080,#8081,#8082,#8083,#8084,#8085),
 .UNSPECIFIED.,.F.,.F.,(4,2,4),(0.34247998197477,0.487522935256282,0.62125769073768),
 .UNSPECIFIED.);
#101=B_SPLINE_CURVE_WITH_KNOTS('',3,(#8087,#8088,#8089,#8090,#8091,#8092),
 .UNSPECIFIED.,.F.,.F.,(4,2,4),(2.88130934513395,3.01504410061535,3.16008705389686),
 .UNSPECIFIED.);
#102=B_SPLINE_CURVE_WITH_KNOTS('',3,(#8093,#8094,#8095,#8096,#8097,#8098),
 .UNSPECIFIED.,.F.,.F.,(4,2,4),(0.34247998197477,0.487522935256281,0.62125769073768),
 .UNSPECIFIED.);
#103=B_SPLINE_CURVE_WITH_KNOTS('',3,(#8100,#8101,#8102,#8103,#8104,#8105),
 .UNSPECIFIED.,.F.,.F.,(4,2,4),(0.34247998197477,0.487522935256281,0.621257690737679),
 .UNSPECIFIED.);
#104=B_SPLINE_CURVE_WITH_KNOTS('',3,(#8107,#8108,#8109,#8110,#8111,#8112),
 .UNSPECIFIED.,.F.,.F.,(4,2,4),(2.88130934513395,3.01504410061535,3.16008705389686),
 .UNSPECIFIED.);
#105=B_SPLINE_CURVE_WITH_KNOTS('',3,(#8113,#8114,#8115,#8116,#8117,#8118),
 .UNSPECIFIED.,.F.,.F.,(4,2,4),(0.34247998197477,0.487522935256281,0.621257690737681),
 .UNSPECIFIED.);
#106=B_SPLINE_CURVE_WITH_KNOTS('',3,(#8120,#8121,#8122,#8123,#8124,#8125),
 .UNSPECIFIED.,.F.,.F.,(4,2,4),(0.342479981974771,0.487522935256282,0.62125769073768),
 .UNSPECIFIED.);
#107=B_SPLINE_CURVE_WITH_KNOTS('',3,(#8126,#8127,#8128,#8129,#8130,#8131),
 .UNSPECIFIED.,.F.,.F.,(4,2,4),(2.88130934513395,3.01504410061535,3.16008705389686),
 .UNSPECIFIED.);
#108=B_SPLINE_CURVE_WITH_KNOTS('',3,(#8133,#8134,#8135,#8136,#8137,#8138),
 .UNSPECIFIED.,.F.,.F.,(4,2,4),(0.34247998197477,0.487522935256281,0.62125769073768),
 .UNSPECIFIED.);
#109=B_SPLINE_CURVE_WITH_KNOTS('',3,(#8140,#8141,#8142,#8143,#8144,#8145),
 .UNSPECIFIED.,.F.,.F.,(4,2,4),(2.88130934513395,3.01504410061535,3.16008705389686),
 .UNSPECIFIED.);
#110=B_SPLINE_CURVE_WITH_KNOTS('',3,(#8146,#8147,#8148,#8149,#8150,#8151),
 .UNSPECIFIED.,.F.,.F.,(4,2,4),(0.34247998197477,0.487522935256281,0.621257690737681),
 .UNSPECIFIED.);
#111=B_SPLINE_CURVE_WITH_KNOTS('',3,(#8153,#8154,#8155,#8156,#8157,#8158),
 .UNSPECIFIED.,.F.,.F.,(4,2,4),(2.88130934513395,3.01504410061535,3.16008705389686),
 .UNSPECIFIED.);
#112=B_SPLINE_CURVE_WITH_KNOTS('',3,(#8159,#8160,#8161,#8162,#8163,#8164),
 .UNSPECIFIED.,.F.,.F.,(4,2,4),(0.342479981974771,0.487522935256281,0.62125769073768),
 .UNSPECIFIED.);
#113=B_SPLINE_CURVE_WITH_KNOTS('',3,(#8166,#8167,#8168,#8169,#8170,#8171),
 .UNSPECIFIED.,.F.,.F.,(4,2,4),(2.88130934513395,3.01504410061535,3.16008705389686),
 .UNSPECIFIED.);
#114=B_SPLINE_CURVE_WITH_KNOTS('',3,(#8172,#8173,#8174,#8175,#8176,#8177),
 .UNSPECIFIED.,.F.,.F.,(4,2,4),(0.34247998197477,0.487522935256281,0.621257690737679),
 .UNSPECIFIED.);
#115=B_SPLINE_CURVE_WITH_KNOTS('',3,(#8179,#8180,#8181,#8182,#8183,#8184),
 .UNSPECIFIED.,.F.,.F.,(4,2,4),(2.88130934513395,3.01504410061535,3.16008705389686),
 .UNSPECIFIED.);
#116=B_SPLINE_CURVE_WITH_KNOTS('',3,(#8185,#8186,#8187,#8188,#8189,#8190),
 .UNSPECIFIED.,.F.,.F.,(4,2,4),(0.342479981974769,0.487522935256281,0.621257690737679),
 .UNSPECIFIED.);
#117=B_SPLINE_CURVE_WITH_KNOTS('',3,(#8192,#8193,#8194,#8195,#8196,#8197),
 .UNSPECIFIED.,.F.,.F.,(4,2,4),(0.34247998197477,0.487522935256281,0.62125769073768),
 .UNSPECIFIED.);
#118=B_SPLINE_CURVE_WITH_KNOTS('',3,(#8198,#8199,#8200,#8201,#8202,#8203),
 .UNSPECIFIED.,.F.,.F.,(4,2,4),(2.88130934513395,3.01504410061535,3.16008705389686),
 .UNSPECIFIED.);
#119=B_SPLINE_CURVE_WITH_KNOTS('',3,(#8205,#8206,#8207,#8208,#8209,#8210),
 .UNSPECIFIED.,.F.,.F.,(4,2,4),(2.88130934513395,3.01504410061535,3.16008705389686),
 .UNSPECIFIED.);
#120=B_SPLINE_CURVE_WITH_KNOTS('',3,(#8211,#8212,#8213,#8214,#8215,#8216),
 .UNSPECIFIED.,.F.,.F.,(4,2,4),(0.34247998197477,0.487522935256281,0.62125769073768),
 .UNSPECIFIED.);
#121=B_SPLINE_CURVE_WITH_KNOTS('',3,(#8218,#8219,#8220,#8221,#8222,#8223),
 .UNSPECIFIED.,.F.,.F.,(4,2,4),(2.88130934513395,3.01504410061535,3.16008705389686),
 .UNSPECIFIED.);
#122=B_SPLINE_CURVE_WITH_KNOTS('',3,(#8224,#8225,#8226,#8227,#8228,#8229),
 .UNSPECIFIED.,.F.,.F.,(4,2,4),(0.34247998197477,0.487522935256281,0.621257690737681),
 .UNSPECIFIED.);
#123=B_SPLINE_CURVE_WITH_KNOTS('',3,(#8231,#8232,#8233,#8234,#8235,#8236),
 .UNSPECIFIED.,.F.,.F.,(4,2,4),(0.342479981974771,0.487522935256281,0.62125769073768),
 .UNSPECIFIED.);
#124=B_SPLINE_CURVE_WITH_KNOTS('',3,(#8237,#8238,#8239,#8240,#8241,#8242),
 .UNSPECIFIED.,.F.,.F.,(4,2,4),(2.88130934513395,3.01504410061535,3.16008705389686),
 .UNSPECIFIED.);
#125=B_SPLINE_CURVE_WITH_KNOTS('',3,(#8244,#8245,#8246,#8247,#8248,#8249),
 .UNSPECIFIED.,.F.,.F.,(4,2,4),(0.34247998197477,0.487522935256282,0.62125769073768),
 .UNSPECIFIED.);
#126=B_SPLINE_CURVE_WITH_KNOTS('',3,(#8250,#8251,#8252,#8253,#8254,#8255),
 .UNSPECIFIED.,.F.,.F.,(4,2,4),(2.88130934513395,3.01504410061535,3.16008705389686),
 .UNSPECIFIED.);
#127=B_SPLINE_CURVE_WITH_KNOTS('',3,(#8257,#8258,#8259,#8260,#8261,#8262),
 .UNSPECIFIED.,.F.,.F.,(4,2,4),(0.34247998197477,0.487522935256281,0.62125769073768),
 .UNSPECIFIED.);
#128=B_SPLINE_CURVE_WITH_KNOTS('',3,(#8263,#8264,#8265,#8266,#8267,#8268),
 .UNSPECIFIED.,.F.,.F.,(4,2,4),(2.88130934513395,3.01504410061535,3.16008705389686),
 .UNSPECIFIED.);
#129=B_SPLINE_CURVE_WITH_KNOTS('',3,(#8270,#8271,#8272,#8273,#8274,#8275),
 .UNSPECIFIED.,.F.,.F.,(4,2,4),(0.34247998197477,0.487522935256281,0.62125769073768),
 .UNSPECIFIED.);
#130=B_SPLINE_CURVE_WITH_KNOTS('',3,(#8276,#8277,#8278,#8279,#8280,#8281),
 .UNSPECIFIED.,.F.,.F.,(4,2,4),(2.88130934513395,3.01504410061535,3.16008705389686),
 .UNSPECIFIED.);
#131=B_SPLINE_CURVE_WITH_KNOTS('',3,(#8283,#8284,#8285,#8286,#8287,#8288),
 .UNSPECIFIED.,.F.,.F.,(4,2,4),(2.88130934513395,3.01504410061535,3.16008705389686),
 .UNSPECIFIED.);
#132=B_SPLINE_CURVE_WITH_KNOTS('',3,(#8289,#8290,#8291,#8292,#8293,#8294),
 .UNSPECIFIED.,.F.,.F.,(4,2,4),(0.342479981974769,0.487522935256281,0.621257690737679),
 .UNSPECIFIED.);
#133=B_SPLINE_CURVE_WITH_KNOTS('',3,(#8296,#8297,#8298,#8299,#8300,#8301),
 .UNSPECIFIED.,.F.,.F.,(4,2,4),(0.34247998197477,0.487522935256281,0.62125769073768),
 .UNSPECIFIED.);
#134=B_SPLINE_CURVE_WITH_KNOTS('',3,(#8302,#8303,#8304,#8305,#8306,#8307),
 .UNSPECIFIED.,.F.,.F.,(4,2,4),(2.88130934513395,3.01504410061535,3.16008705389686),
 .UNSPECIFIED.);
#135=B_SPLINE_CURVE_WITH_KNOTS('',3,(#8309,#8310,#8311,#8312,#8313,#8314),
 .UNSPECIFIED.,.F.,.F.,(4,2,4),(2.88130934513395,3.01504410061535,3.16008705389686),
 .UNSPECIFIED.);
#136=B_SPLINE_CURVE_WITH_KNOTS('',3,(#8315,#8316,#8317,#8318,#8319,#8320),
 .UNSPECIFIED.,.F.,.F.,(4,2,4),(0.342479981974771,0.487522935256281,0.621257690737681),
 .UNSPECIFIED.);
#137=B_SPLINE_CURVE_WITH_KNOTS('',3,(#8322,#8323,#8324,#8325,#8326,#8327),
 .UNSPECIFIED.,.F.,.F.,(4,2,4),(0.34247998197477,0.487522935256282,0.62125769073768),
 .UNSPECIFIED.);
#138=B_SPLINE_CURVE_WITH_KNOTS('',3,(#8328,#8329,#8330,#8331,#8332,#8333),
 .UNSPECIFIED.,.F.,.F.,(4,2,4),(2.88130934513395,3.01504410061535,3.16008705389686),
 .UNSPECIFIED.);
#139=B_SPLINE_CURVE_WITH_KNOTS('',3,(#8335,#8336,#8337,#8338,#8339,#8340),
 .UNSPECIFIED.,.F.,.F.,(4,2,4),(2.88130934513395,3.01504410061535,3.16008705389686),
 .UNSPECIFIED.);
#140=B_SPLINE_CURVE_WITH_KNOTS('',3,(#8342,#8343,#8344,#8345,#8346,#8347),
 .UNSPECIFIED.,.F.,.F.,(4,2,4),(2.81007525151694,2.95511820479845,3.08885296027985),
 .UNSPECIFIED.);
#141=B_SPLINE_CURVE_WITH_KNOTS('',3,(#8348,#8349,#8350,#8351,#8352,#8353),
 .UNSPECIFIED.,.F.,.F.,(4,2,4),(5.34890461467612,5.48263937015752,5.62768232343903),
 .UNSPECIFIED.);
#142=B_SPLINE_CURVE_WITH_KNOTS('',3,(#8355,#8356,#8357,#8358,#8359,#8360),
 .UNSPECIFIED.,.F.,.F.,(4,2,4),(2.81007525151694,2.95511820479845,3.08885296027985),
 .UNSPECIFIED.);
#143=B_SPLINE_CURVE_WITH_KNOTS('',3,(#8361,#8362,#8363,#8364,#8365,#8366),
 .UNSPECIFIED.,.F.,.F.,(4,2,4),(5.34890461467612,5.48263937015752,5.62768232343903),
 .UNSPECIFIED.);
#144=B_SPLINE_CURVE_WITH_KNOTS('',3,(#8368,#8369,#8370,#8371,#8372,#8373),
 .UNSPECIFIED.,.F.,.F.,(4,2,4),(2.81007525151694,2.95511820479845,3.08885296027985),
 .UNSPECIFIED.);
#145=B_SPLINE_CURVE_WITH_KNOTS('',3,(#8374,#8375,#8376,#8377,#8378,#8379),
 .UNSPECIFIED.,.F.,.F.,(4,2,4),(5.34890461467612,5.48263937015752,5.62768232343903),
 .UNSPECIFIED.);
#146=B_SPLINE_CURVE_WITH_KNOTS('',3,(#8381,#8382,#8383,#8384,#8385,#8386),
 .UNSPECIFIED.,.F.,.F.,(4,2,4),(5.34890461467612,5.48263937015752,5.62768232343903),
 .UNSPECIFIED.);
#147=B_SPLINE_CURVE_WITH_KNOTS('',3,(#8387,#8388,#8389,#8390,#8391,#8392),
 .UNSPECIFIED.,.F.,.F.,(4,2,4),(2.81007525151694,2.95511820479845,3.08885296027985),
 .UNSPECIFIED.);
#148=B_SPLINE_CURVE_WITH_KNOTS('',3,(#8394,#8395,#8396,#8397,#8398,#8399),
 .UNSPECIFIED.,.F.,.F.,(4,2,4),(2.81007525151694,2.95511820479845,3.08885296027985),
 .UNSPECIFIED.);
#149=B_SPLINE_CURVE_WITH_KNOTS('',3,(#8400,#8401,#8402,#8403,#8404,#8405),
 .UNSPECIFIED.,.F.,.F.,(4,2,4),(5.34890461467612,5.48263937015752,5.62768232343903),
 .UNSPECIFIED.);
#150=B_SPLINE_CURVE_WITH_KNOTS('',3,(#8407,#8408,#8409,#8410,#8411,#8412),
 .UNSPECIFIED.,.F.,.F.,(4,2,4),(2.81007525151694,2.95511820479845,3.08885296027985),
 .UNSPECIFIED.);
#151=B_SPLINE_CURVE_WITH_KNOTS('',3,(#8413,#8414,#8415,#8416,#8417,#8418),
 .UNSPECIFIED.,.F.,.F.,(4,2,4),(5.34890461467612,5.48263937015752,5.62768232343903),
 .UNSPECIFIED.);
#152=B_SPLINE_CURVE_WITH_KNOTS('',3,(#8420,#8421,#8422,#8423,#8424,#8425),
 .UNSPECIFIED.,.F.,.F.,(4,2,4),(2.81007525151694,2.95511820479845,3.08885296027985),
 .UNSPECIFIED.);
#153=B_SPLINE_CURVE_WITH_KNOTS('',3,(#8426,#8427,#8428,#8429,#8430,#8431),
 .UNSPECIFIED.,.F.,.F.,(4,2,4),(5.34890461467612,5.48263937015752,5.62768232343903),
 .UNSPECIFIED.);
#154=B_SPLINE_CURVE_WITH_KNOTS('',3,(#8433,#8434,#8435,#8436,#8437,#8438),
 .UNSPECIFIED.,.F.,.F.,(4,2,4),(2.81007525151694,2.95511820479845,3.08885296027985),
 .UNSPECIFIED.);
#155=B_SPLINE_CURVE_WITH_KNOTS('',3,(#8439,#8440,#8441,#8442,#8443,#8444),
 .UNSPECIFIED.,.F.,.F.,(4,2,4),(5.34890461467612,5.48263937015752,5.62768232343903),
 .UNSPECIFIED.);
#156=B_SPLINE_CURVE_WITH_KNOTS('',3,(#8446,#8447,#8448,#8449,#8450,#8451),
 .UNSPECIFIED.,.F.,.F.,(4,2,4),(2.81007525151694,2.95511820479845,3.08885296027985),
 .UNSPECIFIED.);
#157=B_SPLINE_CURVE_WITH_KNOTS('',3,(#8452,#8453,#8454,#8455,#8456,#8457),
 .UNSPECIFIED.,.F.,.F.,(4,2,4),(5.34890461467612,5.48263937015752,5.62768232343903),
 .UNSPECIFIED.);
#158=B_SPLINE_CURVE_WITH_KNOTS('',3,(#8459,#8460,#8461,#8462,#8463,#8464),
 .UNSPECIFIED.,.F.,.F.,(4,2,4),(5.34890461467612,5.48263937015752,5.62768232343903),
 .UNSPECIFIED.);
#159=B_SPLINE_CURVE_WITH_KNOTS('',3,(#8466,#8467,#8468,#8469,#8470,#8471),
 .UNSPECIFIED.,.F.,.F.,(4,2,4),(2.81007525151694,2.95511820479845,3.08885296027985),
 .UNSPECIFIED.);
#160=B_SPLINE_CURVE_WITH_KNOTS('',3,(#8472,#8473,#8474,#8475,#8476,#8477),
 .UNSPECIFIED.,.F.,.F.,(4,2,4),(5.34890461467612,5.48263937015752,5.62768232343903),
 .UNSPECIFIED.);
#161=B_SPLINE_CURVE_WITH_KNOTS('',3,(#8479,#8480,#8481,#8482,#8483,#8484),
 .UNSPECIFIED.,.F.,.F.,(4,2,4),(5.34890461467612,5.48263937015752,5.62768232343903),
 .UNSPECIFIED.);
#162=B_SPLINE_CURVE_WITH_KNOTS('',3,(#8485,#8486,#8487,#8488,#8489,#8490),
 .UNSPECIFIED.,.F.,.F.,(4,2,4),(2.81007525151694,2.95511820479845,3.08885296027985),
 .UNSPECIFIED.);
#163=B_SPLINE_CURVE_WITH_KNOTS('',3,(#8492,#8493,#8494,#8495,#8496,#8497),
 .UNSPECIFIED.,.F.,.F.,(4,2,4),(5.34890461467612,5.48263937015752,5.62768232343903),
 .UNSPECIFIED.);
#164=B_SPLINE_CURVE_WITH_KNOTS('',3,(#8499,#8500,#8501,#8502,#8503,#8504),
 .UNSPECIFIED.,.F.,.F.,(4,2,4),(2.81007525151694,2.95511820479845,3.08885296027985),
 .UNSPECIFIED.);
#165=B_SPLINE_CURVE_WITH_KNOTS('',3,(#8505,#8506,#8507,#8508,#8509,#8510),
 .UNSPECIFIED.,.F.,.F.,(4,2,4),(5.34890461467612,5.48263937015752,5.62768232343903),
 .UNSPECIFIED.);
#166=B_SPLINE_CURVE_WITH_KNOTS('',3,(#8512,#8513,#8514,#8515,#8516,#8517),
 .UNSPECIFIED.,.F.,.F.,(4,2,4),(2.81007525151694,2.95511820479845,3.08885296027985),
 .UNSPECIFIED.);
#167=B_SPLINE_CURVE_WITH_KNOTS('',3,(#8518,#8519,#8520,#8521,#8522,#8523),
 .UNSPECIFIED.,.F.,.F.,(4,2,4),(5.34890461467612,5.48263937015752,5.62768232343903),
 .UNSPECIFIED.);
#168=B_SPLINE_CURVE_WITH_KNOTS('',3,(#8525,#8526,#8527,#8528,#8529,#8530),
 .UNSPECIFIED.,.F.,.F.,(4,2,4),(2.81007525151694,2.95511820479845,3.08885296027985),
 .UNSPECIFIED.);
#169=B_SPLINE_CURVE_WITH_KNOTS('',3,(#8531,#8532,#8533,#8534,#8535,#8536),
 .UNSPECIFIED.,.F.,.F.,(4,2,4),(5.34890461467612,5.48263937015752,5.62768232343903),
 .UNSPECIFIED.);
#170=B_SPLINE_CURVE_WITH_KNOTS('',3,(#8538,#8539,#8540,#8541,#8542,#8543),
 .UNSPECIFIED.,.F.,.F.,(4,2,4),(2.81007525151694,2.95511820479845,3.08885296027985),
 .UNSPECIFIED.);
#171=B_SPLINE_CURVE_WITH_KNOTS('',3,(#8544,#8545,#8546,#8547,#8548,#8549),
 .UNSPECIFIED.,.F.,.F.,(4,2,4),(5.34890461467612,5.48263937015752,5.62768232343903),
 .UNSPECIFIED.);
#172=B_SPLINE_CURVE_WITH_KNOTS('',3,(#8551,#8552,#8553,#8554,#8555,#8556),
 .UNSPECIFIED.,.F.,.F.,(4,2,4),(5.34890461467612,5.48263937015752,5.62768232343903),
 .UNSPECIFIED.);
#173=B_SPLINE_CURVE_WITH_KNOTS('',3,(#8557,#8558,#8559,#8560,#8561,#8562),
 .UNSPECIFIED.,.F.,.F.,(4,2,4),(2.81007525151694,2.95511820479845,3.08885296027985),
 .UNSPECIFIED.);
#174=B_SPLINE_CURVE_WITH_KNOTS('',3,(#8564,#8565,#8566,#8567,#8568,#8569),
 .UNSPECIFIED.,.F.,.F.,(4,2,4),(2.81007525151694,2.95511820479845,3.08885296027985),
 .UNSPECIFIED.);
#175=B_SPLINE_CURVE_WITH_KNOTS('',3,(#8570,#8571,#8572,#8573,#8574,#8575),
 .UNSPECIFIED.,.F.,.F.,(4,2,4),(5.34890461467612,5.48263937015752,5.62768232343903),
 .UNSPECIFIED.);
#176=B_SPLINE_CURVE_WITH_KNOTS('',3,(#8577,#8578,#8579,#8580,#8581,#8582),
 .UNSPECIFIED.,.F.,.F.,(4,2,4),(2.81007525151694,2.95511820479845,3.08885296027985),
 .UNSPECIFIED.);
#177=B_SPLINE_CURVE_WITH_KNOTS('',3,(#8583,#8584,#8585,#8586,#8587,#8588),
 .UNSPECIFIED.,.F.,.F.,(4,2,4),(5.34890461467612,5.48263937015752,5.62768232343903),
 .UNSPECIFIED.);
#178=B_SPLINE_CURVE_WITH_KNOTS('',3,(#8590,#8591,#8592,#8593,#8594,#8595),
 .UNSPECIFIED.,.F.,.F.,(4,2,4),(5.34890461467612,5.48263937015752,5.62768232343903),
 .UNSPECIFIED.);
#179=B_SPLINE_CURVE_WITH_KNOTS('',3,(#8596,#8597,#8598,#8599,#8600,#8601),
 .UNSPECIFIED.,.F.,.F.,(4,2,4),(2.81007525151694,2.95511820479845,3.08885296027985),
 .UNSPECIFIED.);
#180=B_SPLINE_CURVE_WITH_KNOTS('',3,(#8603,#8604,#8605,#8606,#8607,#8608),
 .UNSPECIFIED.,.F.,.F.,(4,2,4),(5.34890461467612,5.48263937015752,5.62768232343903),
 .UNSPECIFIED.);
#181=B_SPLINE_CURVE_WITH_KNOTS('',3,(#8609,#8610,#8611,#8612,#8613,#8614),
 .UNSPECIFIED.,.F.,.F.,(4,2,4),(2.81007525151694,2.95511820479845,3.08885296027985),
 .UNSPECIFIED.);
#182=B_SPLINE_CURVE_WITH_KNOTS('',3,(#8616,#8617,#8618,#8619,#8620,#8621),
 .UNSPECIFIED.,.F.,.F.,(4,2,4),(5.34890461467612,5.48263937015752,5.62768232343903),
 .UNSPECIFIED.);
#183=B_SPLINE_CURVE_WITH_KNOTS('',3,(#8622,#8623,#8624,#8625,#8626,#8627),
 .UNSPECIFIED.,.F.,.F.,(4,2,4),(2.81007525151694,2.95511820479845,3.08885296027985),
 .UNSPECIFIED.);
#184=B_SPLINE_CURVE_WITH_KNOTS('',3,(#8629,#8630,#8631,#8632,#8633,#8634),
 .UNSPECIFIED.,.F.,.F.,(4,2,4),(2.81007525151694,2.95511820479845,3.08885296027985),
 .UNSPECIFIED.);
#185=B_SPLINE_CURVE_WITH_KNOTS('',3,(#8635,#8636,#8637,#8638,#8639,#8640),
 .UNSPECIFIED.,.F.,.F.,(4,2,4),(5.34890461467612,5.48263937015752,5.62768232343903),
 .UNSPECIFIED.);
#186=B_SPLINE_CURVE_WITH_KNOTS('',3,(#8642,#8643,#8644,#8645,#8646,#8647),
 .UNSPECIFIED.,.F.,.F.,(4,2,4),(5.34890461467612,5.48263937015752,5.62768232343903),
 .UNSPECIFIED.);
#187=B_SPLINE_CURVE_WITH_KNOTS('',3,(#8648,#8649,#8650,#8651,#8652,#8653),
 .UNSPECIFIED.,.F.,.F.,(4,2,4),(2.81007525151694,2.95511820479845,3.08885296027985),
 .UNSPECIFIED.);
#188=B_SPLINE_CURVE_WITH_KNOTS('',3,(#8655,#8656,#8657,#8658,#8659,#8660),
 .UNSPECIFIED.,.F.,.F.,(4,2,4),(2.81007525151694,2.95511820479845,3.08885296027985),
 .UNSPECIFIED.);
#189=B_SPLINE_CURVE_WITH_KNOTS('',3,(#8661,#8662,#8663,#8664,#8665,#8666),
 .UNSPECIFIED.,.F.,.F.,(4,2,4),(5.34890461467612,5.48263937015752,5.62768232343903),
 .UNSPECIFIED.);
#190=B_SPLINE_CURVE_WITH_KNOTS('',3,(#8668,#8669,#8670,#8671,#8672,#8673),
 .UNSPECIFIED.,.F.,.F.,(4,2,4),(5.34890461467612,5.48263937015752,5.62768232343903),
 .UNSPECIFIED.);
#191=B_SPLINE_CURVE_WITH_KNOTS('',3,(#8674,#8675,#8676,#8677,#8678,#8679),
 .UNSPECIFIED.,.F.,.F.,(4,2,4),(2.81007525151694,2.95511820479845,3.08885296027985),
 .UNSPECIFIED.);
#192=B_SPLINE_CURVE_WITH_KNOTS('',3,(#8681,#8682,#8683,#8684,#8685,#8686),
 .UNSPECIFIED.,.F.,.F.,(4,2,4),(2.81007525151694,2.95511820479845,3.08885296027985),
 .UNSPECIFIED.);
#193=B_SPLINE_CURVE_WITH_KNOTS('',3,(#8694,#8695,#8696,#8697,#8698,#8699),
 .UNSPECIFIED.,.F.,.F.,(4,2,4),(2.88130934513395,3.01504410061535,3.16008705389686),
 .UNSPECIFIED.);
#194=B_SPLINE_CURVE_WITH_KNOTS('',3,(#8701,#8702,#8703,#8704,#8705,#8706),
 .UNSPECIFIED.,.F.,.F.,(4,2,4),(2.81007525151694,2.95511820479845,3.08885296027985),
 .UNSPECIFIED.);
#195=FACE_BOUND('',#458,.T.);
#196=FACE_BOUND('',#481,.T.);
#197=FACE_BOUND('',#483,.T.);
#198=PLANE('',#4651);
#199=PLANE('',#4655);
#200=PLANE('',#4656);
#201=PLANE('',#4657);
#202=PLANE('',#4720);
#203=PLANE('',#4882);
#204=FACE_OUTER_BOUND('',#452,.T.);
#205=FACE_OUTER_BOUND('',#453,.T.);
#206=FACE_OUTER_BOUND('',#454,.T.);
#207=FACE_OUTER_BOUND('',#455,.T.);
#208=FACE_OUTER_BOUND('',#456,.T.);
#209=FACE_OUTER_BOUND('',#457,.T.);
#210=FACE_OUTER_BOUND('',#459,.T.);
#211=FACE_OUTER_BOUND('',#460,.T.);
#212=FACE_OUTER_BOUND('',#461,.T.);
#213=FACE_OUTER_BOUND('',#462,.T.);
#214=FACE_OUTER_BOUND('',#463,.T.);
#215=FACE_OUTER_BOUND('',#464,.T.);
#216=FACE_OUTER_BOUND('',#465,.T.);
#217=FACE_OUTER_BOUND('',#466,.T.);
#218=FACE_OUTER_BOUND('',#467,.T.);
#219=FACE_OUTER_BOUND('',#468,.T.);
#220=FACE_OUTER_BOUND('',#469,.T.);
#221=FACE_OUTER_BOUND('',#470,.T.);
#222=FACE_OUTER_BOUND('',#471,.T.);
#223=FACE_OUTER_BOUND('',#472,.T.);
#224=FACE_OUTER_BOUND('',#473,.T.);
#225=FACE_OUTER_BOUND('',#474,.T.);
#226=FACE_OUTER_BOUND('',#475,.T.);
#227=FACE_OUTER_BOUND('',#476,.T.);
#228=FACE_OUTER_BOUND('',#477,.T.);
#229=FACE_OUTER_BOUND('',#478,.T.);
#230=FACE_OUTER_BOUND('',#479,.T.);
#231=FACE_OUTER_BOUND('',#480,.T.);
#232=FACE_OUTER_BOUND('',#482,.T.);
#233=FACE_OUTER_BOUND('',#484,.T.);
#234=FACE_OUTER_BOUND('',#485,.T.);
#235=FACE_OUTER_BOUND('',#486,.T.);
#236=FACE_OUTER_BOUND('',#487,.T.);
#237=FACE_OUTER_BOUND('',#488,.T.);
#238=FACE_OUTER_BOUND('',#489,.T.);
#239=FACE_OUTER_BOUND('',#490,.T.);
#240=FACE_OUTER_BOUND('',#491,.T.);
#241=FACE_OUTER_BOUND('',#492,.T.);
#242=FACE_OUTER_BOUND('',#493,.T.);
#243=FACE_OUTER_BOUND('',#494,.T.);
#244=FACE_OUTER_BOUND('',#495,.T.);
#245=FACE_OUTER_BOUND('',#496,.T.);
#246=FACE_OUTER_BOUND('',#497,.T.);
#247=FACE_OUTER_BOUND('',#498,.T.);
#248=FACE_OUTER_BOUND('',#499,.T.);
#249=FACE_OUTER_BOUND('',#500,.T.);
#250=FACE_OUTER_BOUND('',#501,.T.);
#251=FACE_OUTER_BOUND('',#502,.T.);
#252=FACE_OUTER_BOUND('',#503,.T.);
#253=FACE_OUTER_BOUND('',#504,.T.);
#254=FACE_OUTER_BOUND('',#505,.T.);
#255=FACE_OUTER_BOUND('',#506,.T.);
#256=FACE_OUTER_BOUND('',#507,.T.);
#257=FACE_OUTER_BOUND('',#508,.T.);
#258=FACE_OUTER_BOUND('',#509,.T.);
#259=FACE_OUTER_BOUND('',#510,.T.);
#260=FACE_OUTER_BOUND('',#511,.T.);
#261=FACE_OUTER_BOUND('',#512,.T.);
#262=FACE_OUTER_BOUND('',#513,.T.);
#263=FACE_OUTER_BOUND('',#514,.T.);
#264=FACE_OUTER_BOUND('',#515,.T.);
#265=FACE_OUTER_BOUND('',#516,.T.);
#266=FACE_OUTER_BOUND('',#517,.T.);
#267=FACE_OUTER_BOUND('',#518,.T.);
#268=FACE_OUTER_BOUND('',#519,.T.);
#269=FACE_OUTER_BOUND('',#520,.T.);
#270=FACE_OUTER_BOUND('',#521,.T.);
#271=FACE_OUTER_BOUND('',#522,.T.);
#272=FACE_OUTER_BOUND('',#523,.T.);
#273=FACE_OUTER_BOUND('',#524,.T.);
#274=FACE_OUTER_BOUND('',#525,.T.);
#275=FACE_OUTER_BOUND('',#526,.T.);
#276=FACE_OUTER_BOUND('',#527,.T.);
#277=FACE_OUTER_BOUND('',#528,.T.);
#278=FACE_OUTER_BOUND('',#529,.T.);
#279=FACE_OUTER_BOUND('',#530,.T.);
#280=FACE_OUTER_BOUND('',#531,.T.);
#281=FACE_OUTER_BOUND('',#532,.T.);
#282=FACE_OUTER_BOUND('',#533,.T.);
#283=FACE_OUTER_BOUND('',#534,.T.);
#284=FACE_OUTER_BOUND('',#535,.T.);
#285=FACE_OUTER_BOUND('',#536,.T.);
#286=FACE_OUTER_BOUND('',#537,.T.);
#287=FACE_OUTER_BOUND('',#538,.T.);
#288=FACE_OUTER_BOUND('',#539,.T.);
#289=FACE_OUTER_BOUND('',#540,.T.);
#290=FACE_OUTER_BOUND('',#541,.T.);
#291=FACE_OUTER_BOUND('',#542,.T.);
#292=FACE_OUTER_BOUND('',#543,.T.);
#293=FACE_OUTER_BOUND('',#544,.T.);
#294=FACE_OUTER_BOUND('',#545,.T.);
#295=FACE_OUTER_BOUND('',#546,.T.);
#296=FACE_OUTER_BOUND('',#547,.T.);
#297=FACE_OUTER_BOUND('',#548,.T.);
#298=FACE_OUTER_BOUND('',#549,.T.);
#299=FACE_OUTER_BOUND('',#550,.T.);
#300=FACE_OUTER_BOUND('',#551,.T.);
#301=FACE_OUTER_BOUND('',#552,.T.);
#302=FACE_OUTER_BOUND('',#553,.T.);
#303=FACE_OUTER_BOUND('',#554,.T.);
#304=FACE_OUTER_BOUND('',#555,.T.);
#305=FACE_OUTER_BOUND('',#556,.T.);
#306=FACE_OUTER_BOUND('',#557,.T.);
#307=FACE_OUTER_BOUND('',#558,.T.);
#308=FACE_OUTER_BOUND('',#559,.T.);
#309=FACE_OUTER_BOUND('',#560,.T.);
#310=FACE_OUTER_BOUND('',#561,.T.);
#311=FACE_OUTER_BOUND('',#562,.T.);
#312=FACE_OUTER_BOUND('',#563,.T.);
#313=FACE_OUTER_BOUND('',#564,.T.);
#314=FACE_OUTER_BOUND('',#565,.T.);
#315=FACE_OUTER_BOUND('',#566,.T.);
#316=FACE_OUTER_BOUND('',#567,.T.);
#317=FACE_OUTER_BOUND('',#568,.T.);
#318=FACE_OUTER_BOUND('',#569,.T.);
#319=FACE_OUTER_BOUND('',#570,.T.);
#320=FACE_OUTER_BOUND('',#571,.T.);
#321=FACE_OUTER_BOUND('',#572,.T.);
#322=FACE_OUTER_BOUND('',#573,.T.);
#323=FACE_OUTER_BOUND('',#574,.T.);
#324=FACE_OUTER_BOUND('',#575,.T.);
#325=FACE_OUTER_BOUND('',#576,.T.);
#326=FACE_OUTER_BOUND('',#577,.T.);
#327=FACE_OUTER_BOUND('',#578,.T.);
#328=FACE_OUTER_BOUND('',#579,.T.);
#329=FACE_OUTER_BOUND('',#580,.T.);
#330=FACE_OUTER_BOUND('',#581,.T.);
#331=FACE_OUTER_BOUND('',#582,.T.);
#332=FACE_OUTER_BOUND('',#583,.T.);
#333=FACE_OUTER_BOUND('',#584,.T.);
#334=FACE_OUTER_BOUND('',#585,.T.);
#335=FACE_OUTER_BOUND('',#586,.T.);
#336=FACE_OUTER_BOUND('',#587,.T.);
#337=FACE_OUTER_BOUND('',#588,.T.);
#338=FACE_OUTER_BOUND('',#589,.T.);
#339=FACE_OUTER_BOUND('',#590,.T.);
#340=FACE_OUTER_BOUND('',#591,.T.);
#341=FACE_OUTER_BOUND('',#592,.T.);
#342=FACE_OUTER_BOUND('',#593,.T.);
#343=FACE_OUTER_BOUND('',#594,.T.);
#344=FACE_OUTER_BOUND('',#595,.T.);
#345=FACE_OUTER_BOUND('',#596,.T.);
#346=FACE_OUTER_BOUND('',#597,.T.);
#347=FACE_OUTER_BOUND('',#598,.T.);
#348=FACE_OUTER_BOUND('',#599,.T.);
#349=FACE_OUTER_BOUND('',#600,.T.);
#350=FACE_OUTER_BOUND('',#601,.T.);
#351=FACE_OUTER_BOUND('',#602,.T.);
#352=FACE_OUTER_BOUND('',#603,.T.);
#353=FACE_OUTER_BOUND('',#604,.T.);
#354=FACE_OUTER_BOUND('',#605,.T.);
#355=FACE_OUTER_BOUND('',#606,.T.);
#356=FACE_OUTER_BOUND('',#607,.T.);
#357=FACE_OUTER_BOUND('',#608,.T.);
#358=FACE_OUTER_BOUND('',#609,.T.);
#359=FACE_OUTER_BOUND('',#610,.T.);
#360=FACE_OUTER_BOUND('',#611,.T.);
#361=FACE_OUTER_BOUND('',#612,.T.);
#362=FACE_OUTER_BOUND('',#613,.T.);
#363=FACE_OUTER_BOUND('',#614,.T.);
#364=FACE_OUTER_BOUND('',#615,.T.);
#365=FACE_OUTER_BOUND('',#616,.T.);
#366=FACE_OUTER_BOUND('',#617,.T.);
#367=FACE_OUTER_BOUND('',#618,.T.);
#368=FACE_OUTER_BOUND('',#619,.T.);
#369=FACE_OUTER_BOUND('',#620,.T.);
#370=FACE_OUTER_BOUND('',#621,.T.);
#371=FACE_OUTER_BOUND('',#622,.T.);
#372=FACE_OUTER_BOUND('',#623,.T.);
#373=FACE_OUTER_BOUND('',#624,.T.);
#374=FACE_OUTER_BOUND('',#625,.T.);
#375=FACE_OUTER_BOUND('',#626,.T.);
#376=FACE_OUTER_BOUND('',#627,.T.);
#377=FACE_OUTER_BOUND('',#628,.T.);
#378=FACE_OUTER_BOUND('',#629,.T.);
#379=FACE_OUTER_BOUND('',#630,.T.);
#380=FACE_OUTER_BOUND('',#631,.T.);
#381=FACE_OUTER_BOUND('',#632,.T.);
#382=FACE_OUTER_BOUND('',#633,.T.);
#383=FACE_OUTER_BOUND('',#634,.T.);
#384=FACE_OUTER_BOUND('',#635,.T.);
#385=FACE_OUTER_BOUND('',#636,.T.);
#386=FACE_OUTER_BOUND('',#637,.T.);
#387=FACE_OUTER_BOUND('',#638,.T.);
#388=FACE_OUTER_BOUND('',#639,.T.);
#389=FACE_OUTER_BOUND('',#640,.T.);
#390=FACE_OUTER_BOUND('',#641,.T.);
#391=FACE_OUTER_BOUND('',#642,.T.);
#392=FACE_OUTER_BOUND('',#643,.T.);
#393=FACE_OUTER_BOUND('',#644,.T.);
#394=FACE_OUTER_BOUND('',#645,.T.);
#395=FACE_OUTER_BOUND('',#646,.T.);
#396=FACE_OUTER_BOUND('',#647,.T.);
#397=FACE_OUTER_BOUND('',#648,.T.);
#398=FACE_OUTER_BOUND('',#649,.T.);
#399=FACE_OUTER_BOUND('',#650,.T.);
#400=FACE_OUTER_BOUND('',#651,.T.);
#401=FACE_OUTER_BOUND('',#652,.T.);
#402=FACE_OUTER_BOUND('',#653,.T.);
#403=FACE_OUTER_BOUND('',#654,.T.);
#404=FACE_OUTER_BOUND('',#655,.T.);
#405=FACE_OUTER_BOUND('',#656,.T.);
#406=FACE_OUTER_BOUND('',#657,.T.);
#407=FACE_OUTER_BOUND('',#658,.T.);
#408=FACE_OUTER_BOUND('',#659,.T.);
#409=FACE_OUTER_BOUND('',#660,.T.);
#410=FACE_OUTER_BOUND('',#661,.T.);
#411=FACE_OUTER_BOUND('',#662,.T.);
#412=FACE_OUTER_BOUND('',#663,.T.);
#413=FACE_OUTER_BOUND('',#664,.T.);
#414=FACE_OUTER_BOUND('',#665,.T.);
#415=FACE_OUTER_BOUND('',#666,.T.);
#416=FACE_OUTER_BOUND('',#667,.T.);
#417=FACE_OUTER_BOUND('',#668,.T.);
#418=FACE_OUTER_BOUND('',#669,.T.);
#419=FACE_OUTER_BOUND('',#670,.T.);
#420=FACE_OUTER_BOUND('',#671,.T.);
#421=FACE_OUTER_BOUND('',#672,.T.);
#422=FACE_OUTER_BOUND('',#673,.T.);
#423=FACE_OUTER_BOUND('',#674,.T.);
#424=FACE_OUTER_BOUND('',#675,.T.);
#425=FACE_OUTER_BOUND('',#676,.T.);
#426=FACE_OUTER_BOUND('',#677,.T.);
#427=FACE_OUTER_BOUND('',#678,.T.);
#428=FACE_OUTER_BOUND('',#679,.T.);
#429=FACE_OUTER_BOUND('',#680,.T.);
#430=FACE_OUTER_BOUND('',#681,.T.);
#431=FACE_OUTER_BOUND('',#682,.T.);
#432=FACE_OUTER_BOUND('',#683,.T.);
#433=FACE_OUTER_BOUND('',#684,.T.);
#434=FACE_OUTER_BOUND('',#685,.T.);
#435=FACE_OUTER_BOUND('',#686,.T.);
#436=FACE_OUTER_BOUND('',#687,.T.);
#437=FACE_OUTER_BOUND('',#688,.T.);
#438=FACE_OUTER_BOUND('',#689,.T.);
#439=FACE_OUTER_BOUND('',#690,.T.);
#440=FACE_OUTER_BOUND('',#691,.T.);
#441=FACE_OUTER_BOUND('',#692,.T.);
#442=FACE_OUTER_BOUND('',#693,.T.);
#443=FACE_OUTER_BOUND('',#694,.T.);
#444=FACE_OUTER_BOUND('',#695,.T.);
#445=FACE_OUTER_BOUND('',#696,.T.);
#446=FACE_OUTER_BOUND('',#697,.T.);
#447=FACE_OUTER_BOUND('',#698,.T.);
#448=FACE_OUTER_BOUND('',#699,.T.);
#449=FACE_OUTER_BOUND('',#700,.T.);
#450=FACE_OUTER_BOUND('',#701,.T.);
#451=FACE_OUTER_BOUND('',#702,.T.);
#452=EDGE_LOOP('',(#2734,#2735,#2736,#2737));
#453=EDGE_LOOP('',(#2738,#2739,#2740,#2741));
#454=EDGE_LOOP('',(#2742,#2743,#2744,#2745));
#455=EDGE_LOOP('',(#2746,#2747,#2748,#2749));
#456=EDGE_LOOP('',(#2750,#2751,#2752,#2753));
#457=EDGE_LOOP('',(#2754,#2755,#2756,#2757));
#458=EDGE_LOOP('',(#2758));
#459=EDGE_LOOP('',(#2759,#2760,#2761,#2762));
#460=EDGE_LOOP('',(#2763,#2764,#2765,#2766));
#461=EDGE_LOOP('',(#2767,#2768,#2769,#2770));
#462=EDGE_LOOP('',(#2771,#2772,#2773,#2774));
#463=EDGE_LOOP('',(#2775,#2776,#2777,#2778));
#464=EDGE_LOOP('',(#2779,#2780,#2781,#2782));
#465=EDGE_LOOP('',(#2783,#2784,#2785,#2786));
#466=EDGE_LOOP('',(#2787,#2788,#2789,#2790));
#467=EDGE_LOOP('',(#2791,#2792,#2793,#2794));
#468=EDGE_LOOP('',(#2795,#2796,#2797,#2798));
#469=EDGE_LOOP('',(#2799,#2800,#2801,#2802));
#470=EDGE_LOOP('',(#2803,#2804,#2805,#2806));
#471=EDGE_LOOP('',(#2807,#2808,#2809,#2810));
#472=EDGE_LOOP('',(#2811,#2812,#2813,#2814));
#473=EDGE_LOOP('',(#2815,#2816,#2817,#2818,#2819,#2820));
#474=EDGE_LOOP('',(#2821,#2822,#2823,#2824,#2825,#2826));
#475=EDGE_LOOP('',(#2827,#2828,#2829,#2830,#2831,#2832));
#476=EDGE_LOOP('',(#2833,#2834,#2835,#2836,#2837,#2838));
#477=EDGE_LOOP('',(#2839,#2840,#2841,#2842));
#478=EDGE_LOOP('',(#2843,#2844,#2845,#2846));
#479=EDGE_LOOP('',(#2847,#2848,#2849,#2850));
#480=EDGE_LOOP('',(#2851,#2852,#2853,#2854,#2855,#2856,#2857,#2858,#2859,
#2860,#2861,#2862,#2863,#2864,#2865,#2866,#2867,#2868,#2869,#2870,#2871,
#2872,#2873,#2874,#2875,#2876,#2877,#2878,#2879,#2880,#2881,#2882,#2883,
#2884,#2885,#2886,#2887,#2888,#2889,#2890,#2891,#2892,#2893,#2894,#2895,
#2896,#2897,#2898,#2899,#2900,#2901,#2902,#2903,#2904,#2905,#2906,#2907,
#2908,#2909,#2910,#2911,#2912,#2913,#2914,#2915,#2916,#2917,#2918,#2919,
#2920,#2921,#2922,#2923,#2924,#2925,#2926,#2927,#2928,#2929,#2930,#2931,
#2932,#2933,#2934,#2935,#2936,#2937,#2938,#2939,#2940,#2941,#2942,#2943,
#2944,#2945,#2946,#2947,#2948,#2949,#2950,#2951,#2952,#2953,#2954,#2955,
#2956,#2957,#2958,#2959,#2960,#2961,#2962,#2963,#2964,#2965,#2966,#2967,
#2968,#2969,#2970,#2971,#2972,#2973,#2974,#2975,#2976,#2977,#2978,#2979,
#2980,#2981,#2982,#2983,#2984,#2985,#2986,#2987,#2988,#2989,#2990,#2991,
#2992,#2993,#2994,#2995,#2996,#2997,#2998,#2999,#3000,#3001,#3002,#3003,
#3004,#3005,#3006,#3007,#3008,#3009,#3010,#3011,#3012,#3013,#3014,#3015,
#3016,#3017,#3018,#3019,#3020,#3021,#3022,#3023,#3024,#3025,#3026,#3027,
#3028,#3029,#3030));
#481=EDGE_LOOP('',(#3031,#3032,#3033,#3034));
#482=EDGE_LOOP('',(#3035,#3036,#3037,#3038,#3039,#3040,#3041,#3042,#3043,
#3044,#3045,#3046,#3047,#3048,#3049,#3050,#3051,#3052,#3053,#3054,#3055,
#3056,#3057,#3058,#3059,#3060,#3061,#3062,#3063,#3064,#3065,#3066,#3067,
#3068,#3069,#3070,#3071,#3072,#3073,#3074,#3075,#3076,#3077,#3078,#3079,
#3080,#3081,#3082,#3083,#3084,#3085,#3086,#3087,#3088,#3089,#3090,#3091,
#3092,#3093,#3094,#3095,#3096,#3097,#3098,#3099,#3100,#3101,#3102,#3103,
#3104,#3105,#3106,#3107,#3108,#3109,#3110,#3111,#3112,#3113,#3114,#3115,
#3116,#3117,#3118,#3119,#3120,#3121,#3122,#3123,#3124,#3125,#3126,#3127,
#3128,#3129,#3130,#3131,#3132,#3133,#3134,#3135,#3136,#3137,#3138,#3139,
#3140,#3141,#3142,#3143,#3144,#3145,#3146,#3147,#3148,#3149,#3150,#3151,
#3152,#3153,#3154,#3155,#3156,#3157,#3158,#3159,#3160,#3161,#3162,#3163,
#3164,#3165,#3166,#3167,#3168,#3169,#3170,#3171,#3172,#3173,#3174,#3175,
#3176,#3177,#3178,#3179,#3180,#3181,#3182,#3183,#3184,#3185,#3186,#3187,
#3188,#3189,#3190,#3191,#3192,#3193,#3194,#3195,#3196,#3197,#3198,#3199,
#3200,#3201,#3202,#3203,#3204,#3205,#3206,#3207,#3208,#3209,#3210,#3211,
#3212,#3213,#3214));
#483=EDGE_LOOP('',(#3215));
#484=EDGE_LOOP('',(#3216,#3217,#3218,#3219));
#485=EDGE_LOOP('',(#3220,#3221,#3222,#3223));
#486=EDGE_LOOP('',(#3224,#3225,#3226,#3227));
#487=EDGE_LOOP('',(#3228,#3229,#3230,#3231));
#488=EDGE_LOOP('',(#3232,#3233,#3234,#3235));
#489=EDGE_LOOP('',(#3236,#3237,#3238,#3239));
#490=EDGE_LOOP('',(#3240,#3241,#3242,#3243));
#491=EDGE_LOOP('',(#3244,#3245,#3246,#3247));
#492=EDGE_LOOP('',(#3248,#3249,#3250,#3251));
#493=EDGE_LOOP('',(#3252,#3253,#3254,#3255));
#494=EDGE_LOOP('',(#3256,#3257,#3258,#3259));
#495=EDGE_LOOP('',(#3260,#3261,#3262,#3263));
#496=EDGE_LOOP('',(#3264,#3265,#3266,#3267));
#497=EDGE_LOOP('',(#3268,#3269,#3270,#3271));
#498=EDGE_LOOP('',(#3272,#3273,#3274,#3275));
#499=EDGE_LOOP('',(#3276,#3277,#3278,#3279));
#500=EDGE_LOOP('',(#3280,#3281,#3282,#3283));
#501=EDGE_LOOP('',(#3284,#3285,#3286,#3287));
#502=EDGE_LOOP('',(#3288,#3289,#3290,#3291));
#503=EDGE_LOOP('',(#3292,#3293,#3294,#3295));
#504=EDGE_LOOP('',(#3296,#3297,#3298,#3299));
#505=EDGE_LOOP('',(#3300,#3301,#3302,#3303));
#506=EDGE_LOOP('',(#3304,#3305,#3306,#3307));
#507=EDGE_LOOP('',(#3308,#3309,#3310,#3311));
#508=EDGE_LOOP('',(#3312,#3313,#3314,#3315));
#509=EDGE_LOOP('',(#3316,#3317,#3318,#3319));
#510=EDGE_LOOP('',(#3320,#3321,#3322,#3323));
#511=EDGE_LOOP('',(#3324,#3325,#3326,#3327));
#512=EDGE_LOOP('',(#3328,#3329,#3330,#3331));
#513=EDGE_LOOP('',(#3332,#3333,#3334,#3335));
#514=EDGE_LOOP('',(#3336,#3337,#3338,#3339));
#515=EDGE_LOOP('',(#3340,#3341,#3342,#3343));
#516=EDGE_LOOP('',(#3344,#3345,#3346,#3347));
#517=EDGE_LOOP('',(#3348,#3349,#3350,#3351));
#518=EDGE_LOOP('',(#3352,#3353,#3354,#3355));
#519=EDGE_LOOP('',(#3356,#3357,#3358,#3359));
#520=EDGE_LOOP('',(#3360,#3361,#3362,#3363));
#521=EDGE_LOOP('',(#3364,#3365,#3366,#3367));
#522=EDGE_LOOP('',(#3368,#3369,#3370,#3371));
#523=EDGE_LOOP('',(#3372,#3373,#3374,#3375));
#524=EDGE_LOOP('',(#3376,#3377,#3378,#3379));
#525=EDGE_LOOP('',(#3380,#3381,#3382,#3383));
#526=EDGE_LOOP('',(#3384,#3385,#3386,#3387));
#527=EDGE_LOOP('',(#3388,#3389,#3390,#3391));
#528=EDGE_LOOP('',(#3392,#3393,#3394,#3395));
#529=EDGE_LOOP('',(#3396,#3397,#3398,#3399));
#530=EDGE_LOOP('',(#3400,#3401,#3402,#3403));
#531=EDGE_LOOP('',(#3404,#3405,#3406,#3407));
#532=EDGE_LOOP('',(#3408,#3409,#3410,#3411));
#533=EDGE_LOOP('',(#3412,#3413,#3414,#3415));
#534=EDGE_LOOP('',(#3416,#3417,#3418,#3419));
#535=EDGE_LOOP('',(#3420,#3421,#3422,#3423));
#536=EDGE_LOOP('',(#3424,#3425,#3426,#3427));
#537=EDGE_LOOP('',(#3428,#3429,#3430,#3431));
#538=EDGE_LOOP('',(#3432,#3433,#3434,#3435));
#539=EDGE_LOOP('',(#3436,#3437,#3438,#3439));
#540=EDGE_LOOP('',(#3440,#3441,#3442,#3443));
#541=EDGE_LOOP('',(#3444,#3445,#3446,#3447));
#542=EDGE_LOOP('',(#3448,#3449,#3450,#3451));
#543=EDGE_LOOP('',(#3452,#3453,#3454,#3455));
#544=EDGE_LOOP('',(#3456,#3457,#3458,#3459));
#545=EDGE_LOOP('',(#3460,#3461,#3462,#3463));
#546=EDGE_LOOP('',(#3464,#3465,#3466,#3467));
#547=EDGE_LOOP('',(#3468,#3469,#3470,#3471));
#548=EDGE_LOOP('',(#3472,#3473,#3474,#3475));
#549=EDGE_LOOP('',(#3476,#3477,#3478,#3479));
#550=EDGE_LOOP('',(#3480,#3481,#3482,#3483));
#551=EDGE_LOOP('',(#3484,#3485,#3486,#3487));
#552=EDGE_LOOP('',(#3488,#3489,#3490,#3491));
#553=EDGE_LOOP('',(#3492,#3493,#3494,#3495));
#554=EDGE_LOOP('',(#3496,#3497,#3498,#3499));
#555=EDGE_LOOP('',(#3500,#3501,#3502,#3503));
#556=EDGE_LOOP('',(#3504,#3505,#3506,#3507));
#557=EDGE_LOOP('',(#3508,#3509,#3510,#3511));
#558=EDGE_LOOP('',(#3512,#3513,#3514,#3515));
#559=EDGE_LOOP('',(#3516,#3517,#3518,#3519));
#560=EDGE_LOOP('',(#3520,#3521,#3522,#3523));
#561=EDGE_LOOP('',(#3524,#3525,#3526,#3527));
#562=EDGE_LOOP('',(#3528,#3529,#3530,#3531));
#563=EDGE_LOOP('',(#3532,#3533,#3534,#3535));
#564=EDGE_LOOP('',(#3536,#3537,#3538,#3539));
#565=EDGE_LOOP('',(#3540,#3541,#3542,#3543));
#566=EDGE_LOOP('',(#3544,#3545,#3546,#3547));
#567=EDGE_LOOP('',(#3548,#3549,#3550,#3551));
#568=EDGE_LOOP('',(#3552,#3553,#3554,#3555));
#569=EDGE_LOOP('',(#3556,#3557,#3558,#3559,#3560,#3561));
#570=EDGE_LOOP('',(#3562,#3563,#3564,#3565));
#571=EDGE_LOOP('',(#3566,#3567,#3568,#3569,#3570,#3571));
#572=EDGE_LOOP('',(#3572,#3573,#3574,#3575));
#573=EDGE_LOOP('',(#3576,#3577,#3578,#3579));
#574=EDGE_LOOP('',(#3580,#3581,#3582,#3583));
#575=EDGE_LOOP('',(#3584,#3585,#3586,#3587));
#576=EDGE_LOOP('',(#3588,#3589,#3590,#3591,#3592,#3593));
#577=EDGE_LOOP('',(#3594,#3595,#3596,#3597));
#578=EDGE_LOOP('',(#3598,#3599,#3600,#3601,#3602,#3603));
#579=EDGE_LOOP('',(#3604,#3605,#3606,#3607));
#580=EDGE_LOOP('',(#3608,#3609,#3610,#3611,#3612,#3613));
#581=EDGE_LOOP('',(#3614,#3615,#3616,#3617,#3618,#3619));
#582=EDGE_LOOP('',(#3620,#3621,#3622,#3623));
#583=EDGE_LOOP('',(#3624,#3625,#3626,#3627,#3628,#3629));
#584=EDGE_LOOP('',(#3630,#3631,#3632,#3633,#3634,#3635));
#585=EDGE_LOOP('',(#3636,#3637,#3638,#3639));
#586=EDGE_LOOP('',(#3640,#3641,#3642,#3643,#3644,#3645));
#587=EDGE_LOOP('',(#3646,#3647,#3648,#3649,#3650,#3651));
#588=EDGE_LOOP('',(#3652,#3653,#3654,#3655));
#589=EDGE_LOOP('',(#3656,#3657,#3658,#3659,#3660,#3661));
#590=EDGE_LOOP('',(#3662,#3663,#3664,#3665,#3666,#3667));
#591=EDGE_LOOP('',(#3668,#3669,#3670,#3671));
#592=EDGE_LOOP('',(#3672,#3673,#3674,#3675,#3676,#3677));
#593=EDGE_LOOP('',(#3678,#3679,#3680,#3681,#3682,#3683));
#594=EDGE_LOOP('',(#3684,#3685,#3686,#3687));
#595=EDGE_LOOP('',(#3688,#3689,#3690,#3691,#3692,#3693));
#596=EDGE_LOOP('',(#3694,#3695,#3696,#3697,#3698,#3699));
#597=EDGE_LOOP('',(#3700,#3701,#3702,#3703));
#598=EDGE_LOOP('',(#3704,#3705,#3706,#3707,#3708,#3709));
#599=EDGE_LOOP('',(#3710,#3711,#3712,#3713,#3714,#3715));
#600=EDGE_LOOP('',(#3716,#3717,#3718,#3719));
#601=EDGE_LOOP('',(#3720,#3721,#3722,#3723,#3724,#3725));
#602=EDGE_LOOP('',(#3726,#3727,#3728,#3729,#3730,#3731));
#603=EDGE_LOOP('',(#3732,#3733,#3734,#3735));
#604=EDGE_LOOP('',(#3736,#3737,#3738,#3739,#3740,#3741));
#605=EDGE_LOOP('',(#3742,#3743,#3744,#3745,#3746,#3747));
#606=EDGE_LOOP('',(#3748,#3749,#3750,#3751));
#607=EDGE_LOOP('',(#3752,#3753,#3754,#3755,#3756,#3757));
#608=EDGE_LOOP('',(#3758,#3759,#3760,#3761,#3762,#3763));
#609=EDGE_LOOP('',(#3764,#3765,#3766,#3767));
#610=EDGE_LOOP('',(#3768,#3769,#3770,#3771,#3772,#3773));
#611=EDGE_LOOP('',(#3774,#3775,#3776,#3777,#3778,#3779));
#612=EDGE_LOOP('',(#3780,#3781,#3782,#3783));
#613=EDGE_LOOP('',(#3784,#3785,#3786,#3787,#3788,#3789));
#614=EDGE_LOOP('',(#3790,#3791,#3792,#3793,#3794,#3795));
#615=EDGE_LOOP('',(#3796,#3797,#3798,#3799));
#616=EDGE_LOOP('',(#3800,#3801,#3802,#3803,#3804,#3805));
#617=EDGE_LOOP('',(#3806,#3807,#3808,#3809,#3810,#3811));
#618=EDGE_LOOP('',(#3812,#3813,#3814,#3815));
#619=EDGE_LOOP('',(#3816,#3817,#3818,#3819,#3820,#3821));
#620=EDGE_LOOP('',(#3822,#3823,#3824,#3825,#3826,#3827));
#621=EDGE_LOOP('',(#3828,#3829,#3830,#3831));
#622=EDGE_LOOP('',(#3832,#3833,#3834,#3835,#3836,#3837));
#623=EDGE_LOOP('',(#3838,#3839,#3840,#3841));
#624=EDGE_LOOP('',(#3842,#3843,#3844,#3845,#3846,#3847));
#625=EDGE_LOOP('',(#3848,#3849,#3850,#3851,#3852,#3853));
#626=EDGE_LOOP('',(#3854,#3855,#3856,#3857));
#627=EDGE_LOOP('',(#3858,#3859,#3860,#3861,#3862,#3863));
#628=EDGE_LOOP('',(#3864,#3865,#3866,#3867,#3868,#3869));
#629=EDGE_LOOP('',(#3870,#3871,#3872,#3873));
#630=EDGE_LOOP('',(#3874,#3875,#3876,#3877,#3878,#3879));
#631=EDGE_LOOP('',(#3880,#3881,#3882,#3883));
#632=EDGE_LOOP('',(#3884,#3885,#3886,#3887,#3888,#3889));
#633=EDGE_LOOP('',(#3890,#3891,#3892,#3893,#3894,#3895));
#634=EDGE_LOOP('',(#3896,#3897,#3898,#3899));
#635=EDGE_LOOP('',(#3900,#3901,#3902,#3903,#3904,#3905));
#636=EDGE_LOOP('',(#3906,#3907,#3908,#3909,#3910,#3911));
#637=EDGE_LOOP('',(#3912,#3913,#3914,#3915));
#638=EDGE_LOOP('',(#3916,#3917,#3918,#3919,#3920,#3921));
#639=EDGE_LOOP('',(#3922,#3923,#3924,#3925,#3926,#3927));
#640=EDGE_LOOP('',(#3928,#3929,#3930,#3931));
#641=EDGE_LOOP('',(#3932,#3933,#3934,#3935,#3936,#3937));
#642=EDGE_LOOP('',(#3938,#3939,#3940,#3941,#3942,#3943));
#643=EDGE_LOOP('',(#3944,#3945,#3946,#3947));
#644=EDGE_LOOP('',(#3948,#3949,#3950,#3951,#3952,#3953));
#645=EDGE_LOOP('',(#3954,#3955,#3956,#3957,#3958,#3959));
#646=EDGE_LOOP('',(#3960,#3961,#3962,#3963));
#647=EDGE_LOOP('',(#3964,#3965,#3966,#3967,#3968,#3969));
#648=EDGE_LOOP('',(#3970,#3971,#3972,#3973,#3974,#3975));
#649=EDGE_LOOP('',(#3976,#3977,#3978,#3979));
#650=EDGE_LOOP('',(#3980,#3981,#3982,#3983,#3984,#3985));
#651=EDGE_LOOP('',(#3986,#3987,#3988,#3989,#3990,#3991));
#652=EDGE_LOOP('',(#3992,#3993,#3994,#3995));
#653=EDGE_LOOP('',(#3996,#3997,#3998,#3999,#4000,#4001));
#654=EDGE_LOOP('',(#4002,#4003,#4004,#4005));
#655=EDGE_LOOP('',(#4006,#4007,#4008,#4009,#4010,#4011));
#656=EDGE_LOOP('',(#4012,#4013,#4014,#4015,#4016,#4017));
#657=EDGE_LOOP('',(#4018,#4019,#4020,#4021));
#658=EDGE_LOOP('',(#4022,#4023,#4024,#4025,#4026,#4027));
#659=EDGE_LOOP('',(#4028,#4029,#4030,#4031));
#660=EDGE_LOOP('',(#4032,#4033,#4034,#4035));
#661=EDGE_LOOP('',(#4036,#4037,#4038,#4039));
#662=EDGE_LOOP('',(#4040,#4041,#4042,#4043));
#663=EDGE_LOOP('',(#4044,#4045,#4046,#4047));
#664=EDGE_LOOP('',(#4048,#4049,#4050,#4051));
#665=EDGE_LOOP('',(#4052,#4053,#4054,#4055));
#666=EDGE_LOOP('',(#4056,#4057,#4058,#4059));
#667=EDGE_LOOP('',(#4060,#4061,#4062,#4063));
#668=EDGE_LOOP('',(#4064,#4065,#4066,#4067));
#669=EDGE_LOOP('',(#4068,#4069,#4070,#4071));
#670=EDGE_LOOP('',(#4072,#4073,#4074,#4075));
#671=EDGE_LOOP('',(#4076,#4077,#4078,#4079));
#672=EDGE_LOOP('',(#4080,#4081,#4082,#4083));
#673=EDGE_LOOP('',(#4084,#4085,#4086,#4087));
#674=EDGE_LOOP('',(#4088,#4089,#4090,#4091));
#675=EDGE_LOOP('',(#4092,#4093,#4094,#4095));
#676=EDGE_LOOP('',(#4096,#4097,#4098,#4099));
#677=EDGE_LOOP('',(#4100,#4101,#4102,#4103));
#678=EDGE_LOOP('',(#4104,#4105,#4106,#4107));
#679=EDGE_LOOP('',(#4108,#4109,#4110,#4111));
#680=EDGE_LOOP('',(#4112,#4113,#4114,#4115));
#681=EDGE_LOOP('',(#4116,#4117,#4118,#4119));
#682=EDGE_LOOP('',(#4120,#4121,#4122,#4123));
#683=EDGE_LOOP('',(#4124,#4125,#4126,#4127));
#684=EDGE_LOOP('',(#4128,#4129,#4130,#4131));
#685=EDGE_LOOP('',(#4132,#4133,#4134,#4135));
#686=EDGE_LOOP('',(#4136,#4137,#4138,#4139));
#687=EDGE_LOOP('',(#4140,#4141,#4142,#4143));
#688=EDGE_LOOP('',(#4144,#4145,#4146,#4147));
#689=EDGE_LOOP('',(#4148,#4149,#4150,#4151));
#690=EDGE_LOOP('',(#4152,#4153,#4154,#4155));
#691=EDGE_LOOP('',(#4156,#4157,#4158,#4159));
#692=EDGE_LOOP('',(#4160,#4161,#4162,#4163));
#693=EDGE_LOOP('',(#4164,#4165,#4166,#4167));
#694=EDGE_LOOP('',(#4168,#4169,#4170,#4171));
#695=EDGE_LOOP('',(#4172,#4173,#4174,#4175));
#696=EDGE_LOOP('',(#4176,#4177,#4178,#4179));
#697=EDGE_LOOP('',(#4180,#4181,#4182,#4183));
#698=EDGE_LOOP('',(#4184,#4185,#4186,#4187));
#699=EDGE_LOOP('',(#4188,#4189,#4190,#4191));
#700=EDGE_LOOP('',(#4192,#4193,#4194,#4195));
#701=EDGE_LOOP('',(#4196,#4197,#4198,#4199));
#702=EDGE_LOOP('',(#4200,#4201,#4202,#4203));
#703=LINE('',#6862,#894);
#704=LINE('',#6867,#895);
#705=LINE('',#6869,#896);
#706=LINE('',#6871,#897);
#707=LINE('',#6872,#898);
#708=LINE('',#6877,#899);
#709=LINE('',#6881,#900);
#710=LINE('',#6883,#901);
#711=LINE('',#6884,#902);
#712=LINE('',#6886,#903);
#713=LINE('',#6887,#904);
#714=LINE('',#6894,#905);
#715=LINE('',#6897,#906);
#716=LINE('',#6903,#907);
#717=LINE('',#6906,#908);
#718=LINE('',#6912,#909);
#719=LINE('',#6915,#910);
#720=LINE('',#6921,#911);
#721=LINE('',#6924,#912);
#722=LINE('',#6930,#913);
#723=LINE('',#6933,#914);
#724=LINE('',#6939,#915);
#725=LINE('',#6942,#916);
#726=LINE('',#6948,#917);
#727=LINE('',#6951,#918);
#728=LINE('',#6957,#919);
#729=LINE('',#6960,#920);
#730=LINE('',#6966,#921);
#731=LINE('',#6969,#922);
#732=LINE('',#6975,#923);
#733=LINE('',#6978,#924);
#734=LINE('',#6984,#925);
#735=LINE('',#6987,#926);
#736=LINE('',#6993,#927);
#737=LINE('',#6996,#928);
#738=LINE('',#7002,#929);
#739=LINE('',#7005,#930);
#740=LINE('',#7011,#931);
#741=LINE('',#7014,#932);
#742=LINE('',#7025,#933);
#743=LINE('',#7054,#934);
#744=LINE('',#7068,#935);
#745=LINE('',#7086,#936);
#746=LINE('',#7135,#937);
#747=LINE('',#7138,#938);
#748=LINE('',#7760,#939);
#749=LINE('',#7763,#940);
#750=LINE('',#7769,#941);
#751=LINE('',#7772,#942);
#752=LINE('',#7778,#943);
#753=LINE('',#7781,#944);
#754=LINE('',#7787,#945);
#755=LINE('',#7790,#946);
#756=LINE('',#7796,#947);
#757=LINE('',#7799,#948);
#758=LINE('',#7802,#949);
#759=LINE('',#7805,#950);
#760=LINE('',#7811,#951);
#761=LINE('',#7814,#952);
#762=LINE('',#7820,#953);
#763=LINE('',#7823,#954);
#764=LINE('',#7829,#955);
#765=LINE('',#7832,#956);
#766=LINE('',#7838,#957);
#767=LINE('',#7844,#958);
#768=LINE('',#7847,#959);
#769=LINE('',#7853,#960);
#770=LINE('',#7856,#961);
#771=LINE('',#7862,#962);
#772=LINE('',#7868,#963);
#773=LINE('',#7871,#964);
#774=LINE('',#7877,#965);
#775=LINE('',#7880,#966);
#776=LINE('',#7886,#967);
#777=LINE('',#7889,#968);
#778=LINE('',#7895,#969);
#779=LINE('',#7898,#970);
#780=LINE('',#7904,#971);
#781=LINE('',#7907,#972);
#782=LINE('',#7913,#973);
#783=LINE('',#7916,#974);
#784=LINE('',#7922,#975);
#785=LINE('',#7925,#976);
#786=LINE('',#7931,#977);
#787=LINE('',#7934,#978);
#788=LINE('',#7940,#979);
#789=LINE('',#7943,#980);
#790=LINE('',#7949,#981);
#791=LINE('',#7952,#982);
#792=LINE('',#7958,#983);
#793=LINE('',#7961,#984);
#794=LINE('',#7967,#985);
#795=LINE('',#7970,#986);
#796=LINE('',#7976,#987);
#797=LINE('',#7979,#988);
#798=LINE('',#7985,#989);
#799=LINE('',#7988,#990);
#800=LINE('',#7994,#991);
#801=LINE('',#8692,#992);
#802=LINE('',#8700,#993);
#803=LINE('',#8708,#994);
#804=LINE('',#8709,#995);
#805=LINE('',#8711,#996);
#806=LINE('',#8717,#997);
#807=LINE('',#8719,#998);
#808=LINE('',#8721,#999);
#809=LINE('',#8723,#1000);
#810=LINE('',#8724,#1001);
#811=LINE('',#8726,#1002);
#812=LINE('',#8728,#1003);
#813=LINE('',#8730,#1004);
#814=LINE('',#8731,#1005);
#815=LINE('',#8733,#1006);
#816=LINE('',#8735,#1007);
#817=LINE('',#8737,#1008);
#818=LINE('',#8738,#1009);
#819=LINE('',#8740,#1010);
#820=LINE('',#8742,#1011);
#821=LINE('',#8744,#1012);
#822=LINE('',#8745,#1013);
#823=LINE('',#8747,#1014);
#824=LINE('',#8749,#1015);
#825=LINE('',#8751,#1016);
#826=LINE('',#8752,#1017);
#827=LINE('',#8754,#1018);
#828=LINE('',#8756,#1019);
#829=LINE('',#8758,#1020);
#830=LINE('',#8759,#1021);
#831=LINE('',#8761,#1022);
#832=LINE('',#8763,#1023);
#833=LINE('',#8765,#1024);
#834=LINE('',#8766,#1025);
#835=LINE('',#8768,#1026);
#836=LINE('',#8770,#1027);
#837=LINE('',#8772,#1028);
#838=LINE('',#8773,#1029);
#839=LINE('',#8775,#1030);
#840=LINE('',#8777,#1031);
#841=LINE('',#8779,#1032);
#842=LINE('',#8780,#1033);
#843=LINE('',#8782,#1034);
#844=LINE('',#8784,#1035);
#845=LINE('',#8786,#1036);
#846=LINE('',#8787,#1037);
#847=LINE('',#8789,#1038);
#848=LINE('',#8791,#1039);
#849=LINE('',#8793,#1040);
#850=LINE('',#8794,#1041);
#851=LINE('',#8796,#1042);
#852=LINE('',#8798,#1043);
#853=LINE('',#8800,#1044);
#854=LINE('',#8801,#1045);
#855=LINE('',#8803,#1046);
#856=LINE('',#8805,#1047);
#857=LINE('',#8807,#1048);
#858=LINE('',#8808,#1049);
#859=LINE('',#8810,#1050);
#860=LINE('',#8812,#1051);
#861=LINE('',#8814,#1052);
#862=LINE('',#8815,#1053);
#863=LINE('',#8817,#1054);
#864=LINE('',#8819,#1055);
#865=LINE('',#8821,#1056);
#866=LINE('',#8822,#1057);
#867=LINE('',#8824,#1058);
#868=LINE('',#8826,#1059);
#869=LINE('',#8828,#1060);
#870=LINE('',#8831,#1061);
#871=LINE('',#8833,#1062);
#872=LINE('',#8836,#1063);
#873=LINE('',#8838,#1064);
#874=LINE('',#8840,#1065);
#875=LINE('',#8842,#1066);
#876=LINE('',#8845,#1067);
#877=LINE('',#8847,#1068);
#878=LINE('',#8850,#1069);
#879=LINE('',#8852,#1070);
#880=LINE('',#8855,#1071);
#881=LINE('',#8857,#1072);
#882=LINE('',#8859,#1073);
#883=LINE('',#8861,#1074);
#884=LINE('',#8864,#1075);
#885=LINE('',#8866,#1076);
#886=LINE('',#8869,#1077);
#887=LINE('',#8871,#1078);
#888=LINE('',#8874,#1079);
#889=LINE('',#8876,#1080);
#890=LINE('',#8878,#1081);
#891=LINE('',#8880,#1082);
#892=LINE('',#8883,#1083);
#893=LINE('',#8885,#1084);
#894=VECTOR('',#5326,1.6);
#895=VECTOR('',#5331,10.);
#896=VECTOR('',#5332,10.);
#897=VECTOR('',#5333,10.);
#898=VECTOR('',#5334,10.);
#899=VECTOR('',#5339,10.);
#900=VECTOR('',#5344,10.);
#901=VECTOR('',#5345,10.);
#902=VECTOR('',#5346,10.);
#903=VECTOR('',#5349,10.);
#904=VECTOR('',#5350,10.);
#905=VECTOR('',#5357,1000.);
#906=VECTOR('',#5360,1000.);
#907=VECTOR('',#5365,1000.);
#908=VECTOR('',#5368,1000.);
#909=VECTOR('',#5373,1000.);
#910=VECTOR('',#5376,1000.);
#911=VECTOR('',#5381,1000.);
#912=VECTOR('',#5384,1000.);
#913=VECTOR('',#5389,1000.);
#914=VECTOR('',#5392,1000.);
#915=VECTOR('',#5397,1000.);
#916=VECTOR('',#5400,1000.);
#917=VECTOR('',#5405,1000.);
#918=VECTOR('',#5408,1000.);
#919=VECTOR('',#5413,1000.);
#920=VECTOR('',#5416,1000.);
#921=VECTOR('',#5421,1000.);
#922=VECTOR('',#5424,1000.);
#923=VECTOR('',#5429,1000.);
#924=VECTOR('',#5432,1000.);
#925=VECTOR('',#5437,1000.);
#926=VECTOR('',#5440,1000.);
#927=VECTOR('',#5445,1000.);
#928=VECTOR('',#5448,1000.);
#929=VECTOR('',#5453,1000.);
#930=VECTOR('',#5456,1000.);
#931=VECTOR('',#5461,1000.);
#932=VECTOR('',#5464,1000.);
#933=VECTOR('',#5467,1000.);
#934=VECTOR('',#5478,1000.);
#935=VECTOR('',#5485,1000.);
#936=VECTOR('',#5490,1000.);
#937=VECTOR('',#5507,1000.);
#938=VECTOR('',#5510,1000.);
#939=VECTOR('',#6163,1000.);
#940=VECTOR('',#6166,1000.);
#941=VECTOR('',#6171,1000.);
#942=VECTOR('',#6174,1000.);
#943=VECTOR('',#6179,1000.);
#944=VECTOR('',#6182,1000.);
#945=VECTOR('',#6187,1000.);
#946=VECTOR('',#6190,1000.);
#947=VECTOR('',#6195,1000.);
#948=VECTOR('',#6198,1000.);
#949=VECTOR('',#6201,1000.);
#950=VECTOR('',#6204,1000.);
#951=VECTOR('',#6209,1000.);
#952=VECTOR('',#6212,1000.);
#953=VECTOR('',#6217,1000.);
#954=VECTOR('',#6220,1000.);
#955=VECTOR('',#6225,1000.);
#956=VECTOR('',#6228,1000.);
#957=VECTOR('',#6235,1000.);
#958=VECTOR('',#6240,1000.);
#959=VECTOR('',#6243,1000.);
#960=VECTOR('',#6248,1000.);
#961=VECTOR('',#6251,1000.);
#962=VECTOR('',#6258,1000.);
#963=VECTOR('',#6263,1000.);
#964=VECTOR('',#6266,1000.);
#965=VECTOR('',#6271,1000.);
#966=VECTOR('',#6274,1000.);
#967=VECTOR('',#6279,1000.);
#968=VECTOR('',#6282,1000.);
#969=VECTOR('',#6287,1000.);
#970=VECTOR('',#6290,1000.);
#971=VECTOR('',#6295,1000.);
#972=VECTOR('',#6298,1000.);
#973=VECTOR('',#6303,1000.);
#974=VECTOR('',#6306,1000.);
#975=VECTOR('',#6311,1000.);
#976=VECTOR('',#6314,1000.);
#977=VECTOR('',#6319,1000.);
#978=VECTOR('',#6322,1000.);
#979=VECTOR('',#6327,1000.);
#980=VECTOR('',#6330,1000.);
#981=VECTOR('',#6335,1000.);
#982=VECTOR('',#6338,1000.);
#983=VECTOR('',#6343,1000.);
#984=VECTOR('',#6346,1000.);
#985=VECTOR('',#6351,1000.);
#986=VECTOR('',#6354,1000.);
#987=VECTOR('',#6359,1000.);
#988=VECTOR('',#6362,1000.);
#989=VECTOR('',#6367,1000.);
#990=VECTOR('',#6370,1000.);
#991=VECTOR('',#6377,1000.);
#992=VECTOR('',#6496,1000.);
#993=VECTOR('',#6499,1000.);
#994=VECTOR('',#6502,1000.);
#995=VECTOR('',#6503,1000.);
#996=VECTOR('',#6506,1000.);
#997=VECTOR('',#6517,1000.);
#998=VECTOR('',#6520,1000.);
#999=VECTOR('',#6523,1000.);
#1000=VECTOR('',#6526,1000.);
#1001=VECTOR('',#6527,1000.);
#1002=VECTOR('',#6530,1000.);
#1003=VECTOR('',#6533,1000.);
#1004=VECTOR('',#6536,1000.);
#1005=VECTOR('',#6537,1000.);
#1006=VECTOR('',#6540,1000.);
#1007=VECTOR('',#6543,1000.);
#1008=VECTOR('',#6546,1000.);
#1009=VECTOR('',#6547,1000.);
#1010=VECTOR('',#6550,1000.);
#1011=VECTOR('',#6553,1000.);
#1012=VECTOR('',#6556,1000.);
#1013=VECTOR('',#6557,1000.);
#1014=VECTOR('',#6560,1000.);
#1015=VECTOR('',#6563,1000.);
#1016=VECTOR('',#6566,1000.);
#1017=VECTOR('',#6567,1000.);
#1018=VECTOR('',#6570,1000.);
#1019=VECTOR('',#6573,1000.);
#1020=VECTOR('',#6576,1000.);
#1021=VECTOR('',#6577,1000.);
#1022=VECTOR('',#6580,1000.);
#1023=VECTOR('',#6583,1000.);
#1024=VECTOR('',#6586,1000.);
#1025=VECTOR('',#6587,1000.);
#1026=VECTOR('',#6590,1000.);
#1027=VECTOR('',#6593,1000.);
#1028=VECTOR('',#6596,1000.);
#1029=VECTOR('',#6597,1000.);
#1030=VECTOR('',#6600,1000.);
#1031=VECTOR('',#6603,1000.);
#1032=VECTOR('',#6606,1000.);
#1033=VECTOR('',#6607,1000.);
#1034=VECTOR('',#6610,1000.);
#1035=VECTOR('',#6613,1000.);
#1036=VECTOR('',#6616,1000.);
#1037=VECTOR('',#6617,1000.);
#1038=VECTOR('',#6620,1000.);
#1039=VECTOR('',#6623,1000.);
#1040=VECTOR('',#6626,1000.);
#1041=VECTOR('',#6627,1000.);
#1042=VECTOR('',#6630,1000.);
#1043=VECTOR('',#6633,1000.);
#1044=VECTOR('',#6636,1000.);
#1045=VECTOR('',#6637,1000.);
#1046=VECTOR('',#6640,1000.);
#1047=VECTOR('',#6643,1000.);
#1048=VECTOR('',#6646,1000.);
#1049=VECTOR('',#6647,1000.);
#1050=VECTOR('',#6650,1000.);
#1051=VECTOR('',#6653,1000.);
#1052=VECTOR('',#6656,1000.);
#1053=VECTOR('',#6657,1000.);
#1054=VECTOR('',#6660,1000.);
#1055=VECTOR('',#6663,1000.);
#1056=VECTOR('',#6666,1000.);
#1057=VECTOR('',#6667,1000.);
#1058=VECTOR('',#6670,1000.);
#1059=VECTOR('',#6673,1000.);
#1060=VECTOR('',#6676,1000.);
#1061=VECTOR('',#6681,1000.);
#1062=VECTOR('',#6684,1000.);
#1063=VECTOR('',#6689,1000.);
#1064=VECTOR('',#6692,1000.);
#1065=VECTOR('',#6695,1000.);
#1066=VECTOR('',#6698,1000.);
#1067=VECTOR('',#6703,1000.);
#1068=VECTOR('',#6706,1000.);
#1069=VECTOR('',#6711,1000.);
#1070=VECTOR('',#6714,1000.);
#1071=VECTOR('',#6719,1000.);
#1072=VECTOR('',#6722,1000.);
#1073=VECTOR('',#6725,1000.);
#1074=VECTOR('',#6728,1000.);
#1075=VECTOR('',#6733,1000.);
#1076=VECTOR('',#6736,1000.);
#1077=VECTOR('',#6741,1000.);
#1078=VECTOR('',#6744,1000.);
#1079=VECTOR('',#6749,1000.);
#1080=VECTOR('',#6752,1000.);
#1081=VECTOR('',#6755,1000.);
#1082=VECTOR('',#6758,1000.);
#1083=VECTOR('',#6763,1000.);
#1084=VECTOR('',#6766,1000.);
#1085=CIRCLE('',#4649,1.6);
#1086=CIRCLE('',#4650,1.6);
#1087=CIRCLE('',#4653,5.1);
#1088=CIRCLE('',#4654,5.1);
#1089=CIRCLE('',#4659,0.6);
#1090=CIRCLE('',#4660,0.6);
#1091=CIRCLE('',#4662,0.6);
#1092=CIRCLE('',#4663,0.6);
#1093=CIRCLE('',#4665,0.6);
#1094=CIRCLE('',#4666,0.6);
#1095=CIRCLE('',#4668,0.6);
#1096=CIRCLE('',#4669,0.6);
#1097=CIRCLE('',#4671,0.6);
#1098=CIRCLE('',#4672,0.6);
#1099=CIRCLE('',#4674,0.6);
#1100=CIRCLE('',#4675,0.6);
#1101=CIRCLE('',#4677,0.6);
#1102=CIRCLE('',#4678,0.6);
#1103=CIRCLE('',#4680,0.6);
#1104=CIRCLE('',#4681,0.6);
#1105=CIRCLE('',#4683,0.6);
#1106=CIRCLE('',#4684,0.6);
#1107=CIRCLE('',#4686,0.6);
#1108=CIRCLE('',#4687,0.6);
#1109=CIRCLE('',#4689,0.6);
#1110=CIRCLE('',#4690,0.6);
#1111=CIRCLE('',#4692,0.6);
#1112=CIRCLE('',#4693,0.6);
#1113=CIRCLE('',#4695,0.6);
#1114=CIRCLE('',#4696,0.6);
#1115=CIRCLE('',#4698,0.6);
#1116=CIRCLE('',#4699,0.6);
#1117=CIRCLE('',#4701,8.19447742251712);
#1118=CIRCLE('',#4702,8.19447742251712);
#1119=CIRCLE('',#4704,8.19447742251712);
#1120=CIRCLE('',#4705,8.19447742251712);
#1121=CIRCLE('',#4707,8.19447742251711);
#1122=CIRCLE('',#4708,8.19447742251711);
#1123=CIRCLE('',#4710,8.19447742251712);
#1124=CIRCLE('',#4711,8.19447742251712);
#1125=CIRCLE('',#4713,30.);
#1126=CIRCLE('',#4714,32.);
#1127=CIRCLE('',#4716,30.);
#1128=CIRCLE('',#4717,32.);
#1129=CIRCLE('',#4719,32.);
#1130=CIRCLE('',#4721,8.19447742251711);
#1131=CIRCLE('',#4722,0.6);
#1132=CIRCLE('',#4723,27.5);
#1133=CIRCLE('',#4724,8.19447742251712);
#1134=CIRCLE('',#4725,30.);
#1135=CIRCLE('',#4726,8.19447742251711);
#1136=CIRCLE('',#4727,0.6);
#1137=CIRCLE('',#4728,27.5);
#1138=CIRCLE('',#4729,8.19447742251711);
#1139=CIRCLE('',#4730,30.);
#1140=CIRCLE('',#4731,8.19447742251711);
#1141=CIRCLE('',#4732,0.6);
#1142=CIRCLE('',#4733,27.5);
#1143=CIRCLE('',#4734,30.);
#1144=CIRCLE('',#4735,8.19447742251711);
#1145=CIRCLE('',#4736,0.6);
#1146=CIRCLE('',#4737,27.5);
#1147=CIRCLE('',#4738,30.);
#1148=CIRCLE('',#4739,8.19447742251711);
#1149=CIRCLE('',#4740,0.6);
#1150=CIRCLE('',#4741,27.5);
#1151=CIRCLE('',#4742,0.6);
#1152=CIRCLE('',#4743,8.19447742251711);
#1153=CIRCLE('',#4744,30.);
#1154=CIRCLE('',#4745,8.19447742251711);
#1155=CIRCLE('',#4746,0.6);
#1156=CIRCLE('',#4747,27.5);
#1157=CIRCLE('',#4748,0.6);
#1158=CIRCLE('',#4749,8.19447742251711);
#1159=CIRCLE('',#4750,30.);
#1160=CIRCLE('',#4751,8.19447742251711);
#1161=CIRCLE('',#4752,0.6);
#1162=CIRCLE('',#4753,27.5);
#1163=CIRCLE('',#4754,0.6);
#1164=CIRCLE('',#4755,8.19447742251712);
#1165=CIRCLE('',#4756,30.);
#1166=CIRCLE('',#4757,8.19447742251711);
#1167=CIRCLE('',#4758,0.6);
#1168=CIRCLE('',#4759,27.5);
#1169=CIRCLE('',#4760,0.6);
#1170=CIRCLE('',#4761,8.19447742251712);
#1171=CIRCLE('',#4762,30.);
#1172=CIRCLE('',#4763,8.19447742251711);
#1173=CIRCLE('',#4764,0.6);
#1174=CIRCLE('',#4765,27.5);
#1175=CIRCLE('',#4766,0.6);
#1176=CIRCLE('',#4767,8.19447742251712);
#1177=CIRCLE('',#4768,30.);
#1178=CIRCLE('',#4769,8.19447742251711);
#1179=CIRCLE('',#4770,0.6);
#1180=CIRCLE('',#4771,27.5);
#1181=CIRCLE('',#4772,0.6);
#1182=CIRCLE('',#4773,8.19447742251711);
#1183=CIRCLE('',#4774,30.);
#1184=CIRCLE('',#4775,8.19447742251711);
#1185=CIRCLE('',#4776,0.6);
#1186=CIRCLE('',#4777,27.5);
#1187=CIRCLE('',#4778,0.6);
#1188=CIRCLE('',#4779,8.19447742251711);
#1189=CIRCLE('',#4780,30.);
#1190=CIRCLE('',#4781,8.19447742251711);
#1191=CIRCLE('',#4782,0.6);
#1192=CIRCLE('',#4783,27.5);
#1193=CIRCLE('',#4784,0.6);
#1194=CIRCLE('',#4785,8.19447742251711);
#1195=CIRCLE('',#4786,8.19447742251712);
#1196=CIRCLE('',#4787,0.6);
#1197=CIRCLE('',#4788,27.5);
#1198=CIRCLE('',#4789,0.6);
#1199=CIRCLE('',#4790,8.19447742251712);
#1200=CIRCLE('',#4791,30.);
#1201=CIRCLE('',#4792,8.19447742251712);
#1202=CIRCLE('',#4793,0.6);
#1203=CIRCLE('',#4794,27.5);
#1204=CIRCLE('',#4795,0.6);
#1205=CIRCLE('',#4796,8.19447742251711);
#1206=CIRCLE('',#4797,30.);
#1207=CIRCLE('',#4798,8.19447742251711);
#1208=CIRCLE('',#4799,0.6);
#1209=CIRCLE('',#4800,27.5);
#1210=CIRCLE('',#4801,0.6);
#1211=CIRCLE('',#4802,8.19447742251711);
#1212=CIRCLE('',#4803,30.);
#1213=CIRCLE('',#4804,8.19447742251712);
#1214=CIRCLE('',#4805,0.6);
#1215=CIRCLE('',#4806,27.5);
#1216=CIRCLE('',#4807,0.6);
#1217=CIRCLE('',#4808,8.19447742251712);
#1218=CIRCLE('',#4809,30.);
#1219=CIRCLE('',#4810,8.19447742251711);
#1220=CIRCLE('',#4811,0.6);
#1221=CIRCLE('',#4812,27.5);
#1222=CIRCLE('',#4813,0.6);
#1223=CIRCLE('',#4814,8.19447742251711);
#1224=CIRCLE('',#4815,30.);
#1225=CIRCLE('',#4816,8.19447742251712);
#1226=CIRCLE('',#4817,0.6);
#1227=CIRCLE('',#4818,27.5);
#1228=CIRCLE('',#4819,0.6);
#1229=CIRCLE('',#4820,8.19447742251711);
#1230=CIRCLE('',#4821,30.);
#1231=CIRCLE('',#4822,8.19447742251712);
#1232=CIRCLE('',#4823,0.6);
#1233=CIRCLE('',#4824,27.5);
#1234=CIRCLE('',#4825,0.6);
#1235=CIRCLE('',#4826,8.19447742251711);
#1236=CIRCLE('',#4827,30.);
#1237=CIRCLE('',#4828,8.19447742251711);
#1238=CIRCLE('',#4829,0.6);
#1239=CIRCLE('',#4830,27.5);
#1240=CIRCLE('',#4831,0.6);
#1241=CIRCLE('',#4832,8.19447742251711);
#1242=CIRCLE('',#4833,30.);
#1243=CIRCLE('',#4834,27.5);
#1244=CIRCLE('',#4835,0.6);
#1245=CIRCLE('',#4836,8.19447742251711);
#1246=CIRCLE('',#4837,30.);
#1247=CIRCLE('',#4838,27.5);
#1248=CIRCLE('',#4839,0.6);
#1249=CIRCLE('',#4840,8.19447742251711);
#1250=CIRCLE('',#4841,30.);
#1251=CIRCLE('',#4842,8.19447742251712);
#1252=CIRCLE('',#4843,27.5);
#1253=CIRCLE('',#4844,0.6);
#1254=CIRCLE('',#4845,8.19447742251711);
#1255=CIRCLE('',#4846,30.);
#1256=CIRCLE('',#4847,8.19447742251711);
#1257=CIRCLE('',#4848,27.5);
#1258=CIRCLE('',#4849,0.6);
#1259=CIRCLE('',#4850,8.19447742251711);
#1260=CIRCLE('',#4851,30.);
#1261=CIRCLE('',#4852,8.19447742251712);
#1262=CIRCLE('',#4853,27.5);
#1263=CIRCLE('',#4854,0.6);
#1264=CIRCLE('',#4855,8.19447742251712);
#1265=CIRCLE('',#4856,30.);
#1266=CIRCLE('',#4857,8.19447742251711);
#1267=CIRCLE('',#4858,27.5);
#1268=CIRCLE('',#4859,0.6);
#1269=CIRCLE('',#4860,8.19447742251711);
#1270=CIRCLE('',#4861,30.);
#1271=CIRCLE('',#4862,8.19447742251712);
#1272=CIRCLE('',#4863,27.5);
#1273=CIRCLE('',#4864,0.6);
#1274=CIRCLE('',#4865,8.19447742251712);
#1275=CIRCLE('',#4866,30.);
#1276=CIRCLE('',#4867,8.19447742251712);
#1277=CIRCLE('',#4868,0.6);
#1278=CIRCLE('',#4869,27.5);
#1279=CIRCLE('',#4870,8.19447742251711);
#1280=CIRCLE('',#4871,30.);
#1281=CIRCLE('',#4872,8.19447742251712);
#1282=CIRCLE('',#4873,0.6);
#1283=CIRCLE('',#4874,27.5);
#1284=CIRCLE('',#4875,8.19447742251711);
#1285=CIRCLE('',#4876,30.);
#1286=CIRCLE('',#4877,8.19447742251711);
#1287=CIRCLE('',#4878,0.6);
#1288=CIRCLE('',#4879,27.5);
#1289=CIRCLE('',#4880,8.19447742251711);
#1290=CIRCLE('',#4881,30.);
#1291=CIRCLE('',#4883,8.19447742251712);
#1292=CIRCLE('',#4884,27.5);
#1293=CIRCLE('',#4885,0.6);
#1294=CIRCLE('',#4886,8.19447742251711);
#1295=CIRCLE('',#4887,30.);
#1296=CIRCLE('',#4888,8.19447742251711);
#1297=CIRCLE('',#4889,27.5);
#1298=CIRCLE('',#4890,0.6);
#1299=CIRCLE('',#4891,8.19447742251711);
#1300=CIRCLE('',#4892,30.);
#1301=CIRCLE('',#4893,8.19447742251711);
#1302=CIRCLE('',#4894,27.5);
#1303=CIRCLE('',#4895,0.6);
#1304=CIRCLE('',#4896,8.19447742251712);
#1305=CIRCLE('',#4897,30.);
#1306=CIRCLE('',#4898,8.19447742251711);
#1307=CIRCLE('',#4899,27.5);
#1308=CIRCLE('',#4900,0.6);
#1309=CIRCLE('',#4901,8.19447742251712);
#1310=CIRCLE('',#4902,8.19447742251712);
#1311=CIRCLE('',#4903,0.6);
#1312=CIRCLE('',#4904,27.5);
#1313=CIRCLE('',#4905,8.19447742251712);
#1314=CIRCLE('',#4906,30.);
#1315=CIRCLE('',#4907,8.19447742251711);
#1316=CIRCLE('',#4908,0.6);
#1317=CIRCLE('',#4909,27.5);
#1318=CIRCLE('',#4910,8.19447742251711);
#1319=CIRCLE('',#4911,30.);
#1320=CIRCLE('',#4912,8.19447742251712);
#1321=CIRCLE('',#4913,0.6);
#1322=CIRCLE('',#4914,27.5);
#1323=CIRCLE('',#4915,8.19447742251712);
#1324=CIRCLE('',#4916,30.);
#1325=CIRCLE('',#4917,8.19447742251711);
#1326=CIRCLE('',#4918,0.6);
#1327=CIRCLE('',#4919,27.5);
#1328=CIRCLE('',#4920,8.19447742251711);
#1329=CIRCLE('',#4921,30.);
#1330=CIRCLE('',#4922,8.19447742251711);
#1331=CIRCLE('',#4923,0.6);
#1332=CIRCLE('',#4924,27.5);
#1333=CIRCLE('',#4925,8.19447742251712);
#1334=CIRCLE('',#4926,30.);
#1335=CIRCLE('',#4927,8.19447742251711);
#1336=CIRCLE('',#4928,0.6);
#1337=CIRCLE('',#4929,27.5);
#1338=CIRCLE('',#4930,30.);
#1339=CIRCLE('',#4931,8.19447742251711);
#1340=CIRCLE('',#4932,0.6);
#1341=CIRCLE('',#4933,27.5);
#1342=CIRCLE('',#4934,30.);
#1343=CIRCLE('',#4935,8.19447742251711);
#1344=CIRCLE('',#4936,0.6);
#1345=CIRCLE('',#4937,27.5);
#1346=CIRCLE('',#4938,0.6);
#1347=CIRCLE('',#4939,8.19447742251711);
#1348=CIRCLE('',#4940,30.);
#1349=CIRCLE('',#4941,8.19447742251711);
#1350=CIRCLE('',#4942,0.6);
#1351=CIRCLE('',#4943,27.5);
#1352=CIRCLE('',#4944,0.6);
#1353=CIRCLE('',#4945,8.19447742251712);
#1354=CIRCLE('',#4946,30.);
#1355=CIRCLE('',#4947,8.19447742251711);
#1356=CIRCLE('',#4948,0.6);
#1357=CIRCLE('',#4949,27.5);
#1358=CIRCLE('',#4950,0.6);
#1359=CIRCLE('',#4951,8.19447742251712);
#1360=CIRCLE('',#4952,30.);
#1361=CIRCLE('',#4953,8.19447742251711);
#1362=CIRCLE('',#4954,0.6);
#1363=CIRCLE('',#4955,27.5);
#1364=CIRCLE('',#4956,0.6);
#1365=CIRCLE('',#4957,8.19447742251711);
#1366=CIRCLE('',#4958,30.);
#1367=CIRCLE('',#4959,8.19447742251712);
#1368=CIRCLE('',#4960,0.6);
#1369=CIRCLE('',#4961,27.5);
#1370=CIRCLE('',#4962,0.6);
#1371=CIRCLE('',#4963,8.19447742251712);
#1372=CIRCLE('',#4964,30.);
#1373=CIRCLE('',#4965,8.19447742251711);
#1374=CIRCLE('',#4966,0.6);
#1375=CIRCLE('',#4967,27.5);
#1376=CIRCLE('',#4968,0.6);
#1377=CIRCLE('',#4969,8.19447742251711);
#1378=CIRCLE('',#4970,30.);
#1379=CIRCLE('',#4971,8.19447742251711);
#1380=CIRCLE('',#4972,0.6);
#1381=CIRCLE('',#4973,27.5);
#1382=CIRCLE('',#4974,0.6);
#1383=CIRCLE('',#4975,8.19447742251712);
#1384=CIRCLE('',#4976,30.);
#1385=CIRCLE('',#4977,8.19447742251712);
#1386=CIRCLE('',#4978,0.6);
#1387=CIRCLE('',#4979,27.5);
#1388=CIRCLE('',#4980,0.6);
#1389=CIRCLE('',#4981,8.19447742251712);
#1390=CIRCLE('',#4982,30.);
#1391=CIRCLE('',#4983,8.19447742251711);
#1392=CIRCLE('',#4984,0.6);
#1393=CIRCLE('',#4985,27.5);
#1394=CIRCLE('',#4986,0.6);
#1395=CIRCLE('',#4987,8.19447742251711);
#1396=CIRCLE('',#4988,30.);
#1397=CIRCLE('',#4989,8.19447742251711);
#1398=CIRCLE('',#4990,0.6);
#1399=CIRCLE('',#4991,27.5);
#1400=CIRCLE('',#4992,0.6);
#1401=CIRCLE('',#4993,8.19447742251711);
#1402=CIRCLE('',#4994,30.);
#1403=CIRCLE('',#4995,8.19447742251711);
#1404=CIRCLE('',#4996,0.6);
#1405=CIRCLE('',#4997,27.5);
#1406=CIRCLE('',#4998,0.6);
#1407=CIRCLE('',#4999,8.19447742251711);
#1408=CIRCLE('',#5000,30.);
#1409=CIRCLE('',#5001,8.19447742251712);
#1410=CIRCLE('',#5002,0.6);
#1411=CIRCLE('',#5003,27.5);
#1412=CIRCLE('',#5004,0.6);
#1413=CIRCLE('',#5005,8.19447742251711);
#1414=CIRCLE('',#5006,30.);
#1415=CIRCLE('',#5007,8.19447742251712);
#1416=CIRCLE('',#5008,0.6);
#1417=CIRCLE('',#5009,27.5);
#1418=CIRCLE('',#5010,0.6);
#1419=CIRCLE('',#5011,8.19447742251711);
#1420=CIRCLE('',#5012,30.);
#1421=CIRCLE('',#5013,8.19447742251712);
#1422=CIRCLE('',#5014,0.6);
#1423=CIRCLE('',#5015,27.5);
#1424=CIRCLE('',#5016,0.6);
#1425=CIRCLE('',#5017,8.19447742251711);
#1426=CIRCLE('',#5018,30.);
#1427=CIRCLE('',#5019,8.19447742251711);
#1428=CIRCLE('',#5020,0.6);
#1429=CIRCLE('',#5021,27.5);
#1430=CIRCLE('',#5022,0.6);
#1431=CIRCLE('',#5023,8.19447742251711);
#1432=CIRCLE('',#5024,30.);
#1433=CIRCLE('',#5025,8.19447742251711);
#1434=CIRCLE('',#5026,0.6);
#1435=CIRCLE('',#5027,27.5);
#1436=CIRCLE('',#5028,0.6);
#1437=CIRCLE('',#5029,8.19447742251711);
#1438=CIRCLE('',#5030,30.);
#1439=CIRCLE('',#5031,27.5);
#1440=CIRCLE('',#5032,0.6);
#1441=CIRCLE('',#5033,8.19447742251711);
#1442=CIRCLE('',#5034,30.);
#1443=CIRCLE('',#5035,27.5);
#1444=CIRCLE('',#5036,0.6);
#1445=CIRCLE('',#5037,8.19447742251711);
#1446=CIRCLE('',#5038,30.);
#1447=CIRCLE('',#5039,8.19447742251711);
#1448=CIRCLE('',#5040,27.5);
#1449=CIRCLE('',#5041,0.6);
#1450=CIRCLE('',#5042,8.19447742251711);
#1451=CIRCLE('',#5043,30.);
#1452=CIRCLE('',#5045,32.);
#1453=CIRCLE('',#5046,32.);
#1454=CIRCLE('',#5048,32.);
#1455=CIRCLE('',#5049,32.);
#1456=CIRCLE('',#5051,32.);
#1457=CIRCLE('',#5052,32.);
#1458=CIRCLE('',#5054,32.);
#1459=CIRCLE('',#5055,32.);
#1460=CIRCLE('',#5057,32.);
#1461=CIRCLE('',#5058,32.);
#1462=CIRCLE('',#5060,32.);
#1463=CIRCLE('',#5062,32.);
#1464=CIRCLE('',#5063,32.);
#1465=CIRCLE('',#5065,32.);
#1466=CIRCLE('',#5066,32.);
#1467=CIRCLE('',#5068,32.);
#1468=CIRCLE('',#5069,32.);
#1469=CIRCLE('',#5071,32.);
#1470=CIRCLE('',#5072,32.);
#1471=CIRCLE('',#5074,32.);
#1472=CIRCLE('',#5075,32.);
#1473=CIRCLE('',#5077,32.);
#1474=CIRCLE('',#5078,32.);
#1475=CIRCLE('',#5080,32.);
#1476=CIRCLE('',#5081,32.);
#1477=CIRCLE('',#5083,32.);
#1478=CIRCLE('',#5084,32.);
#1479=CIRCLE('',#5086,32.);
#1480=CIRCLE('',#5087,32.);
#1481=CIRCLE('',#5089,32.);
#1482=CIRCLE('',#5090,32.);
#1483=CIRCLE('',#5092,32.);
#1484=CIRCLE('',#5093,32.);
#1485=CIRCLE('',#5095,32.);
#1486=CIRCLE('',#5096,32.);
#1487=CIRCLE('',#5098,32.);
#1488=CIRCLE('',#5099,32.);
#1489=CIRCLE('',#5101,32.);
#1490=CIRCLE('',#5102,32.);
#1491=CIRCLE('',#5104,32.);
#1492=CIRCLE('',#5105,32.);
#1493=CIRCLE('',#5107,32.);
#1494=CIRCLE('',#5108,32.);
#1495=CIRCLE('',#5110,32.);
#1496=CIRCLE('',#5111,32.);
#1497=CIRCLE('',#5113,32.);
#1498=CIRCLE('',#5114,32.);
#1499=CIRCLE('',#5116,32.);
#1500=CIRCLE('',#5117,32.);
#1501=CIRCLE('',#5119,32.);
#1502=CIRCLE('',#5120,32.);
#1503=CIRCLE('',#5122,32.);
#1504=CIRCLE('',#5123,32.);
#1505=CIRCLE('',#5125,32.);
#1506=CIRCLE('',#5126,32.);
#1507=CIRCLE('',#5184,32.);
#1508=CIRCLE('',#5185,32.);
#1509=VERTEX_POINT('',#6859);
#1510=VERTEX_POINT('',#6861);
#1511=VERTEX_POINT('',#6865);
#1512=VERTEX_POINT('',#6866);
#1513=VERTEX_POINT('',#6868);
#1514=VERTEX_POINT('',#6870);
#1515=VERTEX_POINT('',#6874);
#1516=VERTEX_POINT('',#6876);
#1517=VERTEX_POINT('',#6880);
#1518=VERTEX_POINT('',#6882);
#1519=VERTEX_POINT('',#6890);
#1520=VERTEX_POINT('',#6891);
#1521=VERTEX_POINT('',#6893);
#1522=VERTEX_POINT('',#6895);
#1523=VERTEX_POINT('',#6899);
#1524=VERTEX_POINT('',#6900);
#1525=VERTEX_POINT('',#6902);
#1526=VERTEX_POINT('',#6904);
#1527=VERTEX_POINT('',#6908);
#1528=VERTEX_POINT('',#6909);
#1529=VERTEX_POINT('',#6911);
#1530=VERTEX_POINT('',#6913);
#1531=VERTEX_POINT('',#6917);
#1532=VERTEX_POINT('',#6918);
#1533=VERTEX_POINT('',#6920);
#1534=VERTEX_POINT('',#6922);
#1535=VERTEX_POINT('',#6926);
#1536=VERTEX_POINT('',#6927);
#1537=VERTEX_POINT('',#6929);
#1538=VERTEX_POINT('',#6931);
#1539=VERTEX_POINT('',#6935);
#1540=VERTEX_POINT('',#6936);
#1541=VERTEX_POINT('',#6938);
#1542=VERTEX_POINT('',#6940);
#1543=VERTEX_POINT('',#6944);
#1544=VERTEX_POINT('',#6945);
#1545=VERTEX_POINT('',#6947);
#1546=VERTEX_POINT('',#6949);
#1547=VERTEX_POINT('',#6953);
#1548=VERTEX_POINT('',#6954);
#1549=VERTEX_POINT('',#6956);
#1550=VERTEX_POINT('',#6958);
#1551=VERTEX_POINT('',#6962);
#1552=VERTEX_POINT('',#6963);
#1553=VERTEX_POINT('',#6965);
#1554=VERTEX_POINT('',#6967);
#1555=VERTEX_POINT('',#6971);
#1556=VERTEX_POINT('',#6972);
#1557=VERTEX_POINT('',#6974);
#1558=VERTEX_POINT('',#6976);
#1559=VERTEX_POINT('',#6980);
#1560=VERTEX_POINT('',#6981);
#1561=VERTEX_POINT('',#6983);
#1562=VERTEX_POINT('',#6985);
#1563=VERTEX_POINT('',#6989);
#1564=VERTEX_POINT('',#6990);
#1565=VERTEX_POINT('',#6992);
#1566=VERTEX_POINT('',#6994);
#1567=VERTEX_POINT('',#6998);
#1568=VERTEX_POINT('',#6999);
#1569=VERTEX_POINT('',#7001);
#1570=VERTEX_POINT('',#7003);
#1571=VERTEX_POINT('',#7007);
#1572=VERTEX_POINT('',#7008);
#1573=VERTEX_POINT('',#7010);
#1574=VERTEX_POINT('',#7012);
#1575=VERTEX_POINT('',#7016);
#1576=VERTEX_POINT('',#7017);
#1577=VERTEX_POINT('',#7024);
#1578=VERTEX_POINT('',#7026);
#1579=VERTEX_POINT('',#7036);
#1580=VERTEX_POINT('',#7037);
#1581=VERTEX_POINT('',#7045);
#1582=VERTEX_POINT('',#7047);
#1583=VERTEX_POINT('',#7056);
#1584=VERTEX_POINT('',#7058);
#1585=VERTEX_POINT('',#7060);
#1586=VERTEX_POINT('',#7067);
#1587=VERTEX_POINT('',#7076);
#1588=VERTEX_POINT('',#7078);
#1589=VERTEX_POINT('',#7085);
#1590=VERTEX_POINT('',#7087);
#1591=VERTEX_POINT('',#7096);
#1592=VERTEX_POINT('',#7097);
#1593=VERTEX_POINT('',#7099);
#1594=VERTEX_POINT('',#7106);
#1595=VERTEX_POINT('',#7115);
#1596=VERTEX_POINT('',#7116);
#1597=VERTEX_POINT('',#7118);
#1598=VERTEX_POINT('',#7125);
#1599=VERTEX_POINT('',#7134);
#1600=VERTEX_POINT('',#7136);
#1601=VERTEX_POINT('',#7140);
#1602=VERTEX_POINT('',#7141);
#1603=VERTEX_POINT('',#7143);
#1604=VERTEX_POINT('',#7146);
#1605=VERTEX_POINT('',#7148);
#1606=VERTEX_POINT('',#7150);
#1607=VERTEX_POINT('',#7152);
#1608=VERTEX_POINT('',#7155);
#1609=VERTEX_POINT('',#7157);
#1610=VERTEX_POINT('',#7159);
#1611=VERTEX_POINT('',#7161);
#1612=VERTEX_POINT('',#7164);
#1613=VERTEX_POINT('',#7166);
#1614=VERTEX_POINT('',#7168);
#1615=VERTEX_POINT('',#7171);
#1616=VERTEX_POINT('',#7173);
#1617=VERTEX_POINT('',#7175);
#1618=VERTEX_POINT('',#7177);
#1619=VERTEX_POINT('',#7179);
#1620=VERTEX_POINT('',#7181);
#1621=VERTEX_POINT('',#7183);
#1622=VERTEX_POINT('',#7185);
#1623=VERTEX_POINT('',#7187);
#1624=VERTEX_POINT('',#7189);
#1625=VERTEX_POINT('',#7191);
#1626=VERTEX_POINT('',#7193);
#1627=VERTEX_POINT('',#7195);
#1628=VERTEX_POINT('',#7197);
#1629=VERTEX_POINT('',#7199);
#1630=VERTEX_POINT('',#7201);
#1631=VERTEX_POINT('',#7203);
#1632=VERTEX_POINT('',#7205);
#1633=VERTEX_POINT('',#7207);
#1634=VERTEX_POINT('',#7209);
#1635=VERTEX_POINT('',#7211);
#1636=VERTEX_POINT('',#7213);
#1637=VERTEX_POINT('',#7215);
#1638=VERTEX_POINT('',#7217);
#1639=VERTEX_POINT('',#7219);
#1640=VERTEX_POINT('',#7221);
#1641=VERTEX_POINT('',#7223);
#1642=VERTEX_POINT('',#7225);
#1643=VERTEX_POINT('',#7227);
#1644=VERTEX_POINT('',#7229);
#1645=VERTEX_POINT('',#7231);
#1646=VERTEX_POINT('',#7233);
#1647=VERTEX_POINT('',#7235);
#1648=VERTEX_POINT('',#7237);
#1649=VERTEX_POINT('',#7239);
#1650=VERTEX_POINT('',#7241);
#1651=VERTEX_POINT('',#7243);
#1652=VERTEX_POINT('',#7245);
#1653=VERTEX_POINT('',#7247);
#1654=VERTEX_POINT('',#7249);
#1655=VERTEX_POINT('',#7251);
#1656=VERTEX_POINT('',#7253);
#1657=VERTEX_POINT('',#7255);
#1658=VERTEX_POINT('',#7257);
#1659=VERTEX_POINT('',#7259);
#1660=VERTEX_POINT('',#7261);
#1661=VERTEX_POINT('',#7263);
#1662=VERTEX_POINT('',#7266);
#1663=VERTEX_POINT('',#7268);
#1664=VERTEX_POINT('',#7270);
#1665=VERTEX_POINT('',#7272);
#1666=VERTEX_POINT('',#7274);
#1667=VERTEX_POINT('',#7276);
#1668=VERTEX_POINT('',#7278);
#1669=VERTEX_POINT('',#7280);
#1670=VERTEX_POINT('',#7282);
#1671=VERTEX_POINT('',#7284);
#1672=VERTEX_POINT('',#7286);
#1673=VERTEX_POINT('',#7288);
#1674=VERTEX_POINT('',#7290);
#1675=VERTEX_POINT('',#7292);
#1676=VERTEX_POINT('',#7294);
#1677=VERTEX_POINT('',#7296);
#1678=VERTEX_POINT('',#7298);
#1679=VERTEX_POINT('',#7300);
#1680=VERTEX_POINT('',#7302);
#1681=VERTEX_POINT('',#7304);
#1682=VERTEX_POINT('',#7306);
#1683=VERTEX_POINT('',#7308);
#1684=VERTEX_POINT('',#7310);
#1685=VERTEX_POINT('',#7312);
#1686=VERTEX_POINT('',#7314);
#1687=VERTEX_POINT('',#7316);
#1688=VERTEX_POINT('',#7318);
#1689=VERTEX_POINT('',#7320);
#1690=VERTEX_POINT('',#7322);
#1691=VERTEX_POINT('',#7324);
#1692=VERTEX_POINT('',#7326);
#1693=VERTEX_POINT('',#7328);
#1694=VERTEX_POINT('',#7330);
#1695=VERTEX_POINT('',#7332);
#1696=VERTEX_POINT('',#7334);
#1697=VERTEX_POINT('',#7336);
#1698=VERTEX_POINT('',#7338);
#1699=VERTEX_POINT('',#7340);
#1700=VERTEX_POINT('',#7342);
#1701=VERTEX_POINT('',#7344);
#1702=VERTEX_POINT('',#7346);
#1703=VERTEX_POINT('',#7348);
#1704=VERTEX_POINT('',#7350);
#1705=VERTEX_POINT('',#7352);
#1706=VERTEX_POINT('',#7354);
#1707=VERTEX_POINT('',#7356);
#1708=VERTEX_POINT('',#7358);
#1709=VERTEX_POINT('',#7361);
#1710=VERTEX_POINT('',#7363);
#1711=VERTEX_POINT('',#7365);
#1712=VERTEX_POINT('',#7368);
#1713=VERTEX_POINT('',#7370);
#1714=VERTEX_POINT('',#7372);
#1715=VERTEX_POINT('',#7374);
#1716=VERTEX_POINT('',#7377);
#1717=VERTEX_POINT('',#7379);
#1718=VERTEX_POINT('',#7381);
#1719=VERTEX_POINT('',#7383);
#1720=VERTEX_POINT('',#7386);
#1721=VERTEX_POINT('',#7388);
#1722=VERTEX_POINT('',#7390);
#1723=VERTEX_POINT('',#7392);
#1724=VERTEX_POINT('',#7395);
#1725=VERTEX_POINT('',#7397);
#1726=VERTEX_POINT('',#7399);
#1727=VERTEX_POINT('',#7401);
#1728=VERTEX_POINT('',#7404);
#1729=VERTEX_POINT('',#7406);
#1730=VERTEX_POINT('',#7408);
#1731=VERTEX_POINT('',#7410);
#1732=VERTEX_POINT('',#7413);
#1733=VERTEX_POINT('',#7415);
#1734=VERTEX_POINT('',#7417);
#1735=VERTEX_POINT('',#7419);
#1736=VERTEX_POINT('',#7421);
#1737=VERTEX_POINT('',#7423);
#1738=VERTEX_POINT('',#7426);
#1739=VERTEX_POINT('',#7428);
#1740=VERTEX_POINT('',#7430);
#1741=VERTEX_POINT('',#7432);
#1742=VERTEX_POINT('',#7435);
#1743=VERTEX_POINT('',#7437);
#1744=VERTEX_POINT('',#7439);
#1745=VERTEX_POINT('',#7441);
#1746=VERTEX_POINT('',#7444);
#1747=VERTEX_POINT('',#7448);
#1748=VERTEX_POINT('',#7450);
#1749=VERTEX_POINT('',#7452);
#1750=VERTEX_POINT('',#7454);
#1751=VERTEX_POINT('',#7456);
#1752=VERTEX_POINT('',#7459);
#1753=VERTEX_POINT('',#7461);
#1754=VERTEX_POINT('',#7463);
#1755=VERTEX_POINT('',#7465);
#1756=VERTEX_POINT('',#7468);
#1757=VERTEX_POINT('',#7470);
#1758=VERTEX_POINT('',#7472);
#1759=VERTEX_POINT('',#7474);
#1760=VERTEX_POINT('',#7477);
#1761=VERTEX_POINT('',#7479);
#1762=VERTEX_POINT('',#7482);
#1763=VERTEX_POINT('',#7484);
#1764=VERTEX_POINT('',#7487);
#1765=VERTEX_POINT('',#7489);
#1766=VERTEX_POINT('',#7491);
#1767=VERTEX_POINT('',#7493);
#1768=VERTEX_POINT('',#7496);
#1769=VERTEX_POINT('',#7498);
#1770=VERTEX_POINT('',#7500);
#1771=VERTEX_POINT('',#7502);
#1772=VERTEX_POINT('',#7505);
#1773=VERTEX_POINT('',#7507);
#1774=VERTEX_POINT('',#7509);
#1775=VERTEX_POINT('',#7511);
#1776=VERTEX_POINT('',#7514);
#1777=VERTEX_POINT('',#7516);
#1778=VERTEX_POINT('',#7518);
#1779=VERTEX_POINT('',#7520);
#1780=VERTEX_POINT('',#7523);
#1781=VERTEX_POINT('',#7525);
#1782=VERTEX_POINT('',#7527);
#1783=VERTEX_POINT('',#7529);
#1784=VERTEX_POINT('',#7532);
#1785=VERTEX_POINT('',#7534);
#1786=VERTEX_POINT('',#7536);
#1787=VERTEX_POINT('',#7539);
#1788=VERTEX_POINT('',#7541);
#1789=VERTEX_POINT('',#7543);
#1790=VERTEX_POINT('',#7545);
#1791=VERTEX_POINT('',#7547);
#1792=VERTEX_POINT('',#7549);
#1793=VERTEX_POINT('',#7551);
#1794=VERTEX_POINT('',#7553);
#1795=VERTEX_POINT('',#7555);
#1796=VERTEX_POINT('',#7557);
#1797=VERTEX_POINT('',#7559);
#1798=VERTEX_POINT('',#7561);
#1799=VERTEX_POINT('',#7563);
#1800=VERTEX_POINT('',#7565);
#1801=VERTEX_POINT('',#7567);
#1802=VERTEX_POINT('',#7569);
#1803=VERTEX_POINT('',#7571);
#1804=VERTEX_POINT('',#7573);
#1805=VERTEX_POINT('',#7575);
#1806=VERTEX_POINT('',#7577);
#1807=VERTEX_POINT('',#7579);
#1808=VERTEX_POINT('',#7581);
#1809=VERTEX_POINT('',#7583);
#1810=VERTEX_POINT('',#7585);
#1811=VERTEX_POINT('',#7587);
#1812=VERTEX_POINT('',#7589);
#1813=VERTEX_POINT('',#7591);
#1814=VERTEX_POINT('',#7593);
#1815=VERTEX_POINT('',#7595);
#1816=VERTEX_POINT('',#7597);
#1817=VERTEX_POINT('',#7599);
#1818=VERTEX_POINT('',#7601);
#1819=VERTEX_POINT('',#7603);
#1820=VERTEX_POINT('',#7605);
#1821=VERTEX_POINT('',#7607);
#1822=VERTEX_POINT('',#7609);
#1823=VERTEX_POINT('',#7611);
#1824=VERTEX_POINT('',#7613);
#1825=VERTEX_POINT('',#7615);
#1826=VERTEX_POINT('',#7617);
#1827=VERTEX_POINT('',#7619);
#1828=VERTEX_POINT('',#7621);
#1829=VERTEX_POINT('',#7623);
#1830=VERTEX_POINT('',#7625);
#1831=VERTEX_POINT('',#7627);
#1832=VERTEX_POINT('',#7629);
#1833=VERTEX_POINT('',#7631);
#1834=VERTEX_POINT('',#7633);
#1835=VERTEX_POINT('',#7635);
#1836=VERTEX_POINT('',#7637);
#1837=VERTEX_POINT('',#7639);
#1838=VERTEX_POINT('',#7641);
#1839=VERTEX_POINT('',#7643);
#1840=VERTEX_POINT('',#7645);
#1841=VERTEX_POINT('',#7647);
#1842=VERTEX_POINT('',#7649);
#1843=VERTEX_POINT('',#7651);
#1844=VERTEX_POINT('',#7653);
#1845=VERTEX_POINT('',#7655);
#1846=VERTEX_POINT('',#7657);
#1847=VERTEX_POINT('',#7659);
#1848=VERTEX_POINT('',#7661);
#1849=VERTEX_POINT('',#7663);
#1850=VERTEX_POINT('',#7665);
#1851=VERTEX_POINT('',#7667);
#1852=VERTEX_POINT('',#7669);
#1853=VERTEX_POINT('',#7671);
#1854=VERTEX_POINT('',#7673);
#1855=VERTEX_POINT('',#7675);
#1856=VERTEX_POINT('',#7677);
#1857=VERTEX_POINT('',#7679);
#1858=VERTEX_POINT('',#7681);
#1859=VERTEX_POINT('',#7683);
#1860=VERTEX_POINT('',#7685);
#1861=VERTEX_POINT('',#7687);
#1862=VERTEX_POINT('',#7689);
#1863=VERTEX_POINT('',#7691);
#1864=VERTEX_POINT('',#7693);
#1865=VERTEX_POINT('',#7695);
#1866=VERTEX_POINT('',#7697);
#1867=VERTEX_POINT('',#7699);
#1868=VERTEX_POINT('',#7701);
#1869=VERTEX_POINT('',#7703);
#1870=VERTEX_POINT('',#7705);
#1871=VERTEX_POINT('',#7707);
#1872=VERTEX_POINT('',#7709);
#1873=VERTEX_POINT('',#7711);
#1874=VERTEX_POINT('',#7713);
#1875=VERTEX_POINT('',#7715);
#1876=VERTEX_POINT('',#7717);
#1877=VERTEX_POINT('',#7719);
#1878=VERTEX_POINT('',#7721);
#1879=VERTEX_POINT('',#7723);
#1880=VERTEX_POINT('',#7725);
#1881=VERTEX_POINT('',#7727);
#1882=VERTEX_POINT('',#7729);
#1883=VERTEX_POINT('',#7732);
#1884=VERTEX_POINT('',#7734);
#1885=VERTEX_POINT('',#7736);
#1886=VERTEX_POINT('',#7739);
#1887=VERTEX_POINT('',#7741);
#1888=VERTEX_POINT('',#7743);
#1889=VERTEX_POINT('',#7745);
#1890=VERTEX_POINT('',#7748);
#1891=VERTEX_POINT('',#7750);
#1892=VERTEX_POINT('',#7752);
#1893=VERTEX_POINT('',#7756);
#1894=VERTEX_POINT('',#7757);
#1895=VERTEX_POINT('',#7759);
#1896=VERTEX_POINT('',#7761);
#1897=VERTEX_POINT('',#7765);
#1898=VERTEX_POINT('',#7766);
#1899=VERTEX_POINT('',#7768);
#1900=VERTEX_POINT('',#7770);
#1901=VERTEX_POINT('',#7774);
#1902=VERTEX_POINT('',#7775);
#1903=VERTEX_POINT('',#7777);
#1904=VERTEX_POINT('',#7779);
#1905=VERTEX_POINT('',#7783);
#1906=VERTEX_POINT('',#7784);
#1907=VERTEX_POINT('',#7786);
#1908=VERTEX_POINT('',#7788);
#1909=VERTEX_POINT('',#7792);
#1910=VERTEX_POINT('',#7793);
#1911=VERTEX_POINT('',#7795);
#1912=VERTEX_POINT('',#7797);
#1913=VERTEX_POINT('',#7801);
#1914=VERTEX_POINT('',#7803);
#1915=VERTEX_POINT('',#7807);
#1916=VERTEX_POINT('',#7808);
#1917=VERTEX_POINT('',#7810);
#1918=VERTEX_POINT('',#7812);
#1919=VERTEX_POINT('',#7816);
#1920=VERTEX_POINT('',#7817);
#1921=VERTEX_POINT('',#7819);
#1922=VERTEX_POINT('',#7821);
#1923=VERTEX_POINT('',#7825);
#1924=VERTEX_POINT('',#7826);
#1925=VERTEX_POINT('',#7828);
#1926=VERTEX_POINT('',#7830);
#1927=VERTEX_POINT('',#7834);
#1928=VERTEX_POINT('',#7836);
#1929=VERTEX_POINT('',#7840);
#1930=VERTEX_POINT('',#7841);
#1931=VERTEX_POINT('',#7843);
#1932=VERTEX_POINT('',#7845);
#1933=VERTEX_POINT('',#7849);
#1934=VERTEX_POINT('',#7850);
#1935=VERTEX_POINT('',#7852);
#1936=VERTEX_POINT('',#7854);
#1937=VERTEX_POINT('',#7858);
#1938=VERTEX_POINT('',#7860);
#1939=VERTEX_POINT('',#7864);
#1940=VERTEX_POINT('',#7865);
#1941=VERTEX_POINT('',#7867);
#1942=VERTEX_POINT('',#7869);
#1943=VERTEX_POINT('',#7873);
#1944=VERTEX_POINT('',#7874);
#1945=VERTEX_POINT('',#7876);
#1946=VERTEX_POINT('',#7878);
#1947=VERTEX_POINT('',#7882);
#1948=VERTEX_POINT('',#7883);
#1949=VERTEX_POINT('',#7885);
#1950=VERTEX_POINT('',#7887);
#1951=VERTEX_POINT('',#7891);
#1952=VERTEX_POINT('',#7892);
#1953=VERTEX_POINT('',#7894);
#1954=VERTEX_POINT('',#7896);
#1955=VERTEX_POINT('',#7900);
#1956=VERTEX_POINT('',#7901);
#1957=VERTEX_POINT('',#7903);
#1958=VERTEX_POINT('',#7905);
#1959=VERTEX_POINT('',#7909);
#1960=VERTEX_POINT('',#7910);
#1961=VERTEX_POINT('',#7912);
#1962=VERTEX_POINT('',#7914);
#1963=VERTEX_POINT('',#7918);
#1964=VERTEX_POINT('',#7919);
#1965=VERTEX_POINT('',#7921);
#1966=VERTEX_POINT('',#7923);
#1967=VERTEX_POINT('',#7927);
#1968=VERTEX_POINT('',#7928);
#1969=VERTEX_POINT('',#7930);
#1970=VERTEX_POINT('',#7932);
#1971=VERTEX_POINT('',#7936);
#1972=VERTEX_POINT('',#7937);
#1973=VERTEX_POINT('',#7939);
#1974=VERTEX_POINT('',#7941);
#1975=VERTEX_POINT('',#7945);
#1976=VERTEX_POINT('',#7946);
#1977=VERTEX_POINT('',#7948);
#1978=VERTEX_POINT('',#7950);
#1979=VERTEX_POINT('',#7954);
#1980=VERTEX_POINT('',#7955);
#1981=VERTEX_POINT('',#7957);
#1982=VERTEX_POINT('',#7959);
#1983=VERTEX_POINT('',#7963);
#1984=VERTEX_POINT('',#7964);
#1985=VERTEX_POINT('',#7966);
#1986=VERTEX_POINT('',#7968);
#1987=VERTEX_POINT('',#7972);
#1988=VERTEX_POINT('',#7973);
#1989=VERTEX_POINT('',#7975);
#1990=VERTEX_POINT('',#7977);
#1991=VERTEX_POINT('',#7981);
#1992=VERTEX_POINT('',#7982);
#1993=VERTEX_POINT('',#7984);
#1994=VERTEX_POINT('',#7986);
#1995=VERTEX_POINT('',#7990);
#1996=VERTEX_POINT('',#7992);
#1997=VERTEX_POINT('',#8688);
#1998=VERTEX_POINT('',#8690);
#1999=EDGE_CURVE('',#1509,#1509,#1085,.T.);
#2000=EDGE_CURVE('',#1509,#1510,#703,.T.);
#2001=EDGE_CURVE('',#1510,#1510,#1086,.T.);
#2002=EDGE_CURVE('',#1511,#1512,#704,.T.);
#2003=EDGE_CURVE('',#1511,#1513,#705,.T.);
#2004=EDGE_CURVE('',#1513,#1514,#706,.T.);
#2005=EDGE_CURVE('',#1512,#1514,#707,.T.);
#2006=EDGE_CURVE('',#1515,#1511,#1087,.T.);
#2007=EDGE_CURVE('',#1515,#1516,#708,.T.);
#2008=EDGE_CURVE('',#1516,#1513,#1088,.T.);
#2009=EDGE_CURVE('',#1517,#1515,#709,.T.);
#2010=EDGE_CURVE('',#1517,#1518,#710,.T.);
#2011=EDGE_CURVE('',#1518,#1516,#711,.T.);
#2012=EDGE_CURVE('',#1512,#1517,#712,.T.);
#2013=EDGE_CURVE('',#1514,#1518,#713,.T.);
#2014=EDGE_CURVE('',#1519,#1520,#1089,.T.);
#2015=EDGE_CURVE('',#1521,#1519,#714,.T.);
#2016=EDGE_CURVE('',#1522,#1521,#1090,.T.);
#2017=EDGE_CURVE('',#1520,#1522,#715,.T.);
#2018=EDGE_CURVE('',#1523,#1524,#1091,.T.);
#2019=EDGE_CURVE('',#1525,#1523,#716,.T.);
#2020=EDGE_CURVE('',#1526,#1525,#1092,.T.);
#2021=EDGE_CURVE('',#1524,#1526,#717,.T.);
#2022=EDGE_CURVE('',#1527,#1528,#1093,.T.);
#2023=EDGE_CURVE('',#1529,#1527,#718,.T.);
#2024=EDGE_CURVE('',#1530,#1529,#1094,.T.);
#2025=EDGE_CURVE('',#1528,#1530,#719,.T.);
#2026=EDGE_CURVE('',#1531,#1532,#1095,.T.);
#2027=EDGE_CURVE('',#1533,#1531,#720,.T.);
#2028=EDGE_CURVE('',#1534,#1533,#1096,.T.);
#2029=EDGE_CURVE('',#1532,#1534,#721,.T.);
#2030=EDGE_CURVE('',#1535,#1536,#1097,.T.);
#2031=EDGE_CURVE('',#1537,#1535,#722,.T.);
#2032=EDGE_CURVE('',#1538,#1537,#1098,.T.);
#2033=EDGE_CURVE('',#1536,#1538,#723,.T.);
#2034=EDGE_CURVE('',#1539,#1540,#1099,.T.);
#2035=EDGE_CURVE('',#1541,#1539,#724,.T.);
#2036=EDGE_CURVE('',#1542,#1541,#1100,.T.);
#2037=EDGE_CURVE('',#1540,#1542,#725,.T.);
#2038=EDGE_CURVE('',#1543,#1544,#1101,.T.);
#2039=EDGE_CURVE('',#1545,#1543,#726,.T.);
#2040=EDGE_CURVE('',#1546,#1545,#1102,.T.);
#2041=EDGE_CURVE('',#1544,#1546,#727,.T.);
#2042=EDGE_CURVE('',#1547,#1548,#1103,.T.);
#2043=EDGE_CURVE('',#1549,#1547,#728,.T.);
#2044=EDGE_CURVE('',#1550,#1549,#1104,.T.);
#2045=EDGE_CURVE('',#1548,#1550,#729,.T.);
#2046=EDGE_CURVE('',#1551,#1552,#1105,.T.);
#2047=EDGE_CURVE('',#1553,#1551,#730,.T.);
#2048=EDGE_CURVE('',#1554,#1553,#1106,.T.);
#2049=EDGE_CURVE('',#1552,#1554,#731,.T.);
#2050=EDGE_CURVE('',#1555,#1556,#1107,.T.);
#2051=EDGE_CURVE('',#1557,#1555,#732,.T.);
#2052=EDGE_CURVE('',#1558,#1557,#1108,.T.);
#2053=EDGE_CURVE('',#1556,#1558,#733,.T.);
#2054=EDGE_CURVE('',#1559,#1560,#1109,.T.);
#2055=EDGE_CURVE('',#1561,#1559,#734,.T.);
#2056=EDGE_CURVE('',#1562,#1561,#1110,.T.);
#2057=EDGE_CURVE('',#1560,#1562,#735,.T.);
#2058=EDGE_CURVE('',#1563,#1564,#1111,.T.);
#2059=EDGE_CURVE('',#1565,#1563,#736,.T.);
#2060=EDGE_CURVE('',#1566,#1565,#1112,.T.);
#2061=EDGE_CURVE('',#1564,#1566,#737,.T.);
#2062=EDGE_CURVE('',#1567,#1568,#1113,.T.);
#2063=EDGE_CURVE('',#1569,#1567,#738,.T.);
#2064=EDGE_CURVE('',#1570,#1569,#1114,.T.);
#2065=EDGE_CURVE('',#1568,#1570,#739,.T.);
#2066=EDGE_CURVE('',#1571,#1572,#1115,.T.);
#2067=EDGE_CURVE('',#1573,#1571,#740,.T.);
#2068=EDGE_CURVE('',#1574,#1573,#1116,.T.);
#2069=EDGE_CURVE('',#1572,#1574,#741,.T.);
#2070=EDGE_CURVE('',#1575,#1576,#75,.T.);
#2071=EDGE_CURVE('',#1576,#1577,#742,.T.);
#2072=EDGE_CURVE('',#1577,#1578,#76,.T.);
#2073=EDGE_CURVE('',#1578,#1568,#1117,.T.);
#2074=EDGE_CURVE('',#1575,#1570,#1118,.T.);
#2075=EDGE_CURVE('',#1579,#1580,#77,.T.);
#2076=EDGE_CURVE('',#1525,#1580,#1119,.T.);
#2077=EDGE_CURVE('',#1523,#1581,#1120,.T.);
#2078=EDGE_CURVE('',#1581,#1582,#78,.T.);
#2079=EDGE_CURVE('',#1579,#1582,#743,.T.);
#2080=EDGE_CURVE('',#1521,#1583,#1121,.T.);
#2081=EDGE_CURVE('',#1519,#1584,#1122,.T.);
#2082=EDGE_CURVE('',#1584,#1585,#79,.T.);
#2083=EDGE_CURVE('',#1586,#1585,#744,.T.);
#2084=EDGE_CURVE('',#1586,#1583,#80,.T.);
#2085=EDGE_CURVE('',#1587,#1574,#1123,.T.);
#2086=EDGE_CURVE('',#1587,#1588,#81,.T.);
#2087=EDGE_CURVE('',#1588,#1589,#745,.T.);
#2088=EDGE_CURVE('',#1589,#1590,#82,.T.);
#2089=EDGE_CURVE('',#1590,#1572,#1124,.T.);
#2090=EDGE_CURVE('',#1591,#1592,#1125,.T.);
#2091=EDGE_CURVE('',#1593,#1591,#83,.T.);
#2092=EDGE_CURVE('',#1594,#1593,#1126,.T.);
#2093=EDGE_CURVE('',#1592,#1594,#84,.T.);
#2094=EDGE_CURVE('',#1595,#1596,#1127,.T.);
#2095=EDGE_CURVE('',#1597,#1595,#85,.T.);
#2096=EDGE_CURVE('',#1598,#1597,#1128,.T.);
#2097=EDGE_CURVE('',#1596,#1598,#86,.T.);
#2098=EDGE_CURVE('',#1599,#1593,#746,.T.);
#2099=EDGE_CURVE('',#1599,#1600,#1129,.T.);
#2100=EDGE_CURVE('',#1600,#1594,#747,.T.);
#2101=EDGE_CURVE('',#1601,#1602,#1130,.T.);
#2102=EDGE_CURVE('',#1601,#1603,#1131,.T.);
#2103=EDGE_CURVE('',#1559,#1603,#1132,.T.);
#2104=EDGE_CURVE('',#1604,#1560,#1133,.T.);
#2105=EDGE_CURVE('',#1604,#1605,#1134,.T.);
#2106=EDGE_CURVE('',#1606,#1605,#1135,.T.);
#2107=EDGE_CURVE('',#1606,#1607,#1136,.T.);
#2108=EDGE_CURVE('',#1563,#1607,#1137,.T.);
#2109=EDGE_CURVE('',#1608,#1564,#1138,.T.);
#2110=EDGE_CURVE('',#1608,#1609,#1139,.T.);
#2111=EDGE_CURVE('',#1610,#1609,#1140,.T.);
#2112=EDGE_CURVE('',#1610,#1611,#1141,.T.);
#2113=EDGE_CURVE('',#1567,#1611,#1142,.T.);
#2114=EDGE_CURVE('',#1578,#1612,#1143,.T.);
#2115=EDGE_CURVE('',#1613,#1612,#1144,.T.);
#2116=EDGE_CURVE('',#1613,#1614,#1145,.T.);
#2117=EDGE_CURVE('',#1571,#1614,#1146,.T.);
#2118=EDGE_CURVE('',#1590,#1615,#1147,.T.);
#2119=EDGE_CURVE('',#1616,#1615,#1148,.T.);
#2120=EDGE_CURVE('',#1616,#1617,#1149,.T.);
#2121=EDGE_CURVE('',#1618,#1617,#1150,.T.);
#2122=EDGE_CURVE('',#1618,#1619,#1151,.T.);
#2123=EDGE_CURVE('',#1620,#1619,#1152,.T.);
#2124=EDGE_CURVE('',#1620,#1621,#1153,.T.);
#2125=EDGE_CURVE('',#1622,#1621,#1154,.T.);
#2126=EDGE_CURVE('',#1622,#1623,#1155,.T.);
#2127=EDGE_CURVE('',#1624,#1623,#1156,.T.);
#2128=EDGE_CURVE('',#1624,#1625,#1157,.T.);
#2129=EDGE_CURVE('',#1626,#1625,#1158,.T.);
#2130=EDGE_CURVE('',#1626,#1627,#1159,.T.);
#2131=EDGE_CURVE('',#1628,#1627,#1160,.T.);
#2132=EDGE_CURVE('',#1628,#1629,#1161,.T.);
#2133=EDGE_CURVE('',#1630,#1629,#1162,.T.);
#2134=EDGE_CURVE('',#1630,#1631,#1163,.T.);
#2135=EDGE_CURVE('',#1632,#1631,#1164,.T.);
#2136=EDGE_CURVE('',#1632,#1633,#1165,.T.);
#2137=EDGE_CURVE('',#1634,#1633,#1166,.T.);
#2138=EDGE_CURVE('',#1634,#1635,#1167,.T.);
#2139=EDGE_CURVE('',#1636,#1635,#1168,.T.);
#2140=EDGE_CURVE('',#1636,#1637,#1169,.T.);
#2141=EDGE_CURVE('',#1638,#1637,#1170,.T.);
#2142=EDGE_CURVE('',#1638,#1639,#1171,.T.);
#2143=EDGE_CURVE('',#1640,#1639,#1172,.T.);
#2144=EDGE_CURVE('',#1640,#1641,#1173,.T.);
#2145=EDGE_CURVE('',#1642,#1641,#1174,.T.);
#2146=EDGE_CURVE('',#1642,#1643,#1175,.T.);
#2147=EDGE_CURVE('',#1644,#1643,#1176,.T.);
#2148=EDGE_CURVE('',#1644,#1645,#1177,.T.);
#2149=EDGE_CURVE('',#1646,#1645,#1178,.T.);
#2150=EDGE_CURVE('',#1646,#1647,#1179,.T.);
#2151=EDGE_CURVE('',#1648,#1647,#1180,.T.);
#2152=EDGE_CURVE('',#1648,#1649,#1181,.T.);
#2153=EDGE_CURVE('',#1650,#1649,#1182,.T.);
#2154=EDGE_CURVE('',#1650,#1651,#1183,.T.);
#2155=EDGE_CURVE('',#1652,#1651,#1184,.T.);
#2156=EDGE_CURVE('',#1652,#1653,#1185,.T.);
#2157=EDGE_CURVE('',#1654,#1653,#1186,.T.);
#2158=EDGE_CURVE('',#1654,#1655,#1187,.T.);
#2159=EDGE_CURVE('',#1656,#1655,#1188,.T.);
#2160=EDGE_CURVE('',#1656,#1657,#1189,.T.);
#2161=EDGE_CURVE('',#1658,#1657,#1190,.T.);
#2162=EDGE_CURVE('',#1658,#1659,#1191,.T.);
#2163=EDGE_CURVE('',#1660,#1659,#1192,.T.);
#2164=EDGE_CURVE('',#1660,#1661,#1193,.T.);
#2165=EDGE_CURVE('',#1591,#1661,#1194,.T.);
#2166=EDGE_CURVE('',#1662,#1592,#1195,.T.);
#2167=EDGE_CURVE('',#1662,#1663,#1196,.T.);
#2168=EDGE_CURVE('',#1664,#1663,#1197,.T.);
#2169=EDGE_CURVE('',#1664,#1665,#1198,.T.);
#2170=EDGE_CURVE('',#1666,#1665,#1199,.T.);
#2171=EDGE_CURVE('',#1666,#1667,#1200,.T.);
#2172=EDGE_CURVE('',#1668,#1667,#1201,.T.);
#2173=EDGE_CURVE('',#1668,#1669,#1202,.T.);
#2174=EDGE_CURVE('',#1670,#1669,#1203,.T.);
#2175=EDGE_CURVE('',#1670,#1671,#1204,.T.);
#2176=EDGE_CURVE('',#1672,#1671,#1205,.T.);
#2177=EDGE_CURVE('',#1672,#1673,#1206,.T.);
#2178=EDGE_CURVE('',#1674,#1673,#1207,.T.);
#2179=EDGE_CURVE('',#1674,#1675,#1208,.T.);
#2180=EDGE_CURVE('',#1676,#1675,#1209,.T.);
#2181=EDGE_CURVE('',#1676,#1677,#1210,.T.);
#2182=EDGE_CURVE('',#1678,#1677,#1211,.T.);
#2183=EDGE_CURVE('',#1678,#1679,#1212,.T.);
#2184=EDGE_CURVE('',#1680,#1679,#1213,.T.);
#2185=EDGE_CURVE('',#1680,#1681,#1214,.T.);
#2186=EDGE_CURVE('',#1682,#1681,#1215,.T.);
#2187=EDGE_CURVE('',#1682,#1683,#1216,.T.);
#2188=EDGE_CURVE('',#1684,#1683,#1217,.T.);
#2189=EDGE_CURVE('',#1684,#1685,#1218,.T.);
#2190=EDGE_CURVE('',#1686,#1685,#1219,.T.);
#2191=EDGE_CURVE('',#1686,#1687,#1220,.T.);
#2192=EDGE_CURVE('',#1688,#1687,#1221,.T.);
#2193=EDGE_CURVE('',#1688,#1689,#1222,.T.);
#2194=EDGE_CURVE('',#1690,#1689,#1223,.T.);
#2195=EDGE_CURVE('',#1690,#1691,#1224,.T.);
#2196=EDGE_CURVE('',#1692,#1691,#1225,.T.);
#2197=EDGE_CURVE('',#1692,#1693,#1226,.T.);
#2198=EDGE_CURVE('',#1694,#1693,#1227,.T.);
#2199=EDGE_CURVE('',#1694,#1695,#1228,.T.);
#2200=EDGE_CURVE('',#1696,#1695,#1229,.T.);
#2201=EDGE_CURVE('',#1696,#1697,#1230,.T.);
#2202=EDGE_CURVE('',#1698,#1697,#1231,.T.);
#2203=EDGE_CURVE('',#1698,#1699,#1232,.T.);
#2204=EDGE_CURVE('',#1700,#1699,#1233,.T.);
#2205=EDGE_CURVE('',#1700,#1701,#1234,.T.);
#2206=EDGE_CURVE('',#1702,#1701,#1235,.T.);
#2207=EDGE_CURVE('',#1702,#1703,#1236,.T.);
#2208=EDGE_CURVE('',#1704,#1703,#1237,.T.);
#2209=EDGE_CURVE('',#1704,#1705,#1238,.T.);
#2210=EDGE_CURVE('',#1706,#1705,#1239,.T.);
#2211=EDGE_CURVE('',#1706,#1707,#1240,.T.);
#2212=EDGE_CURVE('',#1708,#1707,#1241,.T.);
#2213=EDGE_CURVE('',#1708,#1584,#1242,.T.);
#2214=EDGE_CURVE('',#1709,#1520,#1243,.T.);
#2215=EDGE_CURVE('',#1709,#1710,#1244,.T.);
#2216=EDGE_CURVE('',#1711,#1710,#1245,.T.);
#2217=EDGE_CURVE('',#1711,#1581,#1246,.T.);
#2218=EDGE_CURVE('',#1712,#1524,#1247,.T.);
#2219=EDGE_CURVE('',#1712,#1713,#1248,.T.);
#2220=EDGE_CURVE('',#1714,#1713,#1249,.T.);
#2221=EDGE_CURVE('',#1714,#1715,#1250,.T.);
#2222=EDGE_CURVE('',#1527,#1715,#1251,.T.);
#2223=EDGE_CURVE('',#1716,#1528,#1252,.T.);
#2224=EDGE_CURVE('',#1716,#1717,#1253,.T.);
#2225=EDGE_CURVE('',#1718,#1717,#1254,.T.);
#2226=EDGE_CURVE('',#1718,#1719,#1255,.T.);
#2227=EDGE_CURVE('',#1531,#1719,#1256,.T.);
#2228=EDGE_CURVE('',#1720,#1532,#1257,.T.);
#2229=EDGE_CURVE('',#1720,#1721,#1258,.T.);
#2230=EDGE_CURVE('',#1722,#1721,#1259,.T.);
#2231=EDGE_CURVE('',#1722,#1723,#1260,.T.);
#2232=EDGE_CURVE('',#1535,#1723,#1261,.T.);
#2233=EDGE_CURVE('',#1724,#1536,#1262,.T.);
#2234=EDGE_CURVE('',#1724,#1725,#1263,.T.);
#2235=EDGE_CURVE('',#1726,#1725,#1264,.T.);
#2236=EDGE_CURVE('',#1726,#1727,#1265,.T.);
#2237=EDGE_CURVE('',#1539,#1727,#1266,.T.);
#2238=EDGE_CURVE('',#1728,#1540,#1267,.T.);
#2239=EDGE_CURVE('',#1728,#1729,#1268,.T.);
#2240=EDGE_CURVE('',#1730,#1729,#1269,.T.);
#2241=EDGE_CURVE('',#1730,#1731,#1270,.T.);
#2242=EDGE_CURVE('',#1543,#1731,#1271,.T.);
#2243=EDGE_CURVE('',#1732,#1544,#1272,.T.);
#2244=EDGE_CURVE('',#1732,#1733,#1273,.T.);
#2245=EDGE_CURVE('',#1734,#1733,#1274,.T.);
#2246=EDGE_CURVE('',#1734,#1735,#1275,.T.);
#2247=EDGE_CURVE('',#1736,#1735,#1276,.T.);
#2248=EDGE_CURVE('',#1736,#1737,#1277,.T.);
#2249=EDGE_CURVE('',#1547,#1737,#1278,.T.);
#2250=EDGE_CURVE('',#1738,#1548,#1279,.T.);
#2251=EDGE_CURVE('',#1738,#1739,#1280,.T.);
#2252=EDGE_CURVE('',#1740,#1739,#1281,.T.);
#2253=EDGE_CURVE('',#1740,#1741,#1282,.T.);
#2254=EDGE_CURVE('',#1551,#1741,#1283,.T.);
#2255=EDGE_CURVE('',#1742,#1552,#1284,.T.);
#2256=EDGE_CURVE('',#1742,#1743,#1285,.T.);
#2257=EDGE_CURVE('',#1744,#1743,#1286,.T.);
#2258=EDGE_CURVE('',#1744,#1745,#1287,.T.);
#2259=EDGE_CURVE('',#1555,#1745,#1288,.T.);
#2260=EDGE_CURVE('',#1746,#1556,#1289,.T.);
#2261=EDGE_CURVE('',#1746,#1602,#1290,.T.);
#2262=EDGE_CURVE('',#1747,#1562,#1291,.T.);
#2263=EDGE_CURVE('',#1561,#1748,#1292,.T.);
#2264=EDGE_CURVE('',#1748,#1749,#1293,.T.);
#2265=EDGE_CURVE('',#1749,#1750,#1294,.T.);
#2266=EDGE_CURVE('',#1750,#1751,#1295,.T.);
#2267=EDGE_CURVE('',#1751,#1558,#1296,.T.);
#2268=EDGE_CURVE('',#1557,#1752,#1297,.T.);
#2269=EDGE_CURVE('',#1752,#1753,#1298,.T.);
#2270=EDGE_CURVE('',#1753,#1754,#1299,.T.);
#2271=EDGE_CURVE('',#1754,#1755,#1300,.T.);
#2272=EDGE_CURVE('',#1755,#1554,#1301,.T.);
#2273=EDGE_CURVE('',#1553,#1756,#1302,.T.);
#2274=EDGE_CURVE('',#1756,#1757,#1303,.T.);
#2275=EDGE_CURVE('',#1757,#1758,#1304,.T.);
#2276=EDGE_CURVE('',#1758,#1759,#1305,.T.);
#2277=EDGE_CURVE('',#1759,#1550,#1306,.T.);
#2278=EDGE_CURVE('',#1549,#1760,#1307,.T.);
#2279=EDGE_CURVE('',#1760,#1761,#1308,.T.);
#2280=EDGE_CURVE('',#1761,#1595,#1309,.T.);
#2281=EDGE_CURVE('',#1596,#1762,#1310,.T.);
#2282=EDGE_CURVE('',#1762,#1763,#1311,.T.);
#2283=EDGE_CURVE('',#1763,#1546,#1312,.T.);
#2284=EDGE_CURVE('',#1545,#1764,#1313,.T.);
#2285=EDGE_CURVE('',#1764,#1765,#1314,.T.);
#2286=EDGE_CURVE('',#1765,#1766,#1315,.T.);
#2287=EDGE_CURVE('',#1766,#1767,#1316,.T.);
#2288=EDGE_CURVE('',#1767,#1542,#1317,.T.);
#2289=EDGE_CURVE('',#1541,#1768,#1318,.T.);
#2290=EDGE_CURVE('',#1768,#1769,#1319,.T.);
#2291=EDGE_CURVE('',#1769,#1770,#1320,.T.);
#2292=EDGE_CURVE('',#1770,#1771,#1321,.T.);
#2293=EDGE_CURVE('',#1771,#1538,#1322,.T.);
#2294=EDGE_CURVE('',#1537,#1772,#1323,.T.);
#2295=EDGE_CURVE('',#1772,#1773,#1324,.T.);
#2296=EDGE_CURVE('',#1773,#1774,#1325,.T.);
#2297=EDGE_CURVE('',#1774,#1775,#1326,.T.);
#2298=EDGE_CURVE('',#1775,#1534,#1327,.T.);
#2299=EDGE_CURVE('',#1533,#1776,#1328,.T.);
#2300=EDGE_CURVE('',#1776,#1777,#1329,.T.);
#2301=EDGE_CURVE('',#1777,#1778,#1330,.T.);
#2302=EDGE_CURVE('',#1778,#1779,#1331,.T.);
#2303=EDGE_CURVE('',#1779,#1530,#1332,.T.);
#2304=EDGE_CURVE('',#1529,#1780,#1333,.T.);
#2305=EDGE_CURVE('',#1780,#1781,#1334,.T.);
#2306=EDGE_CURVE('',#1781,#1782,#1335,.T.);
#2307=EDGE_CURVE('',#1782,#1783,#1336,.T.);
#2308=EDGE_CURVE('',#1783,#1526,#1337,.T.);
#2309=EDGE_CURVE('',#1580,#1784,#1338,.T.);
#2310=EDGE_CURVE('',#1784,#1785,#1339,.T.);
#2311=EDGE_CURVE('',#1785,#1786,#1340,.T.);
#2312=EDGE_CURVE('',#1786,#1522,#1341,.T.);
#2313=EDGE_CURVE('',#1583,#1787,#1342,.T.);
#2314=EDGE_CURVE('',#1787,#1788,#1343,.T.);
#2315=EDGE_CURVE('',#1788,#1789,#1344,.T.);
#2316=EDGE_CURVE('',#1789,#1790,#1345,.T.);
#2317=EDGE_CURVE('',#1790,#1791,#1346,.T.);
#2318=EDGE_CURVE('',#1791,#1792,#1347,.T.);
#2319=EDGE_CURVE('',#1792,#1793,#1348,.T.);
#2320=EDGE_CURVE('',#1793,#1794,#1349,.T.);
#2321=EDGE_CURVE('',#1794,#1795,#1350,.T.);
#2322=EDGE_CURVE('',#1795,#1796,#1351,.T.);
#2323=EDGE_CURVE('',#1796,#1797,#1352,.T.);
#2324=EDGE_CURVE('',#1797,#1798,#1353,.T.);
#2325=EDGE_CURVE('',#1798,#1799,#1354,.T.);
#2326=EDGE_CURVE('',#1799,#1800,#1355,.T.);
#2327=EDGE_CURVE('',#1800,#1801,#1356,.T.);
#2328=EDGE_CURVE('',#1801,#1802,#1357,.T.);
#2329=EDGE_CURVE('',#1802,#1803,#1358,.T.);
#2330=EDGE_CURVE('',#1803,#1804,#1359,.T.);
#2331=EDGE_CURVE('',#1804,#1805,#1360,.T.);
#2332=EDGE_CURVE('',#1805,#1806,#1361,.T.);
#2333=EDGE_CURVE('',#1806,#1807,#1362,.T.);
#2334=EDGE_CURVE('',#1807,#1808,#1363,.T.);
#2335=EDGE_CURVE('',#1808,#1809,#1364,.T.);
#2336=EDGE_CURVE('',#1809,#1810,#1365,.T.);
#2337=EDGE_CURVE('',#1810,#1811,#1366,.T.);
#2338=EDGE_CURVE('',#1811,#1812,#1367,.T.);
#2339=EDGE_CURVE('',#1812,#1813,#1368,.T.);
#2340=EDGE_CURVE('',#1813,#1814,#1369,.T.);
#2341=EDGE_CURVE('',#1814,#1815,#1370,.T.);
#2342=EDGE_CURVE('',#1815,#1816,#1371,.T.);
#2343=EDGE_CURVE('',#1816,#1817,#1372,.T.);
#2344=EDGE_CURVE('',#1817,#1818,#1373,.T.);
#2345=EDGE_CURVE('',#1818,#1819,#1374,.T.);
#2346=EDGE_CURVE('',#1819,#1820,#1375,.T.);
#2347=EDGE_CURVE('',#1820,#1821,#1376,.T.);
#2348=EDGE_CURVE('',#1821,#1822,#1377,.T.);
#2349=EDGE_CURVE('',#1822,#1823,#1378,.T.);
#2350=EDGE_CURVE('',#1823,#1824,#1379,.T.);
#2351=EDGE_CURVE('',#1824,#1825,#1380,.T.);
#2352=EDGE_CURVE('',#1825,#1826,#1381,.T.);
#2353=EDGE_CURVE('',#1826,#1827,#1382,.T.);
#2354=EDGE_CURVE('',#1827,#1828,#1383,.T.);
#2355=EDGE_CURVE('',#1828,#1829,#1384,.T.);
#2356=EDGE_CURVE('',#1829,#1830,#1385,.T.);
#2357=EDGE_CURVE('',#1830,#1831,#1386,.T.);
#2358=EDGE_CURVE('',#1831,#1832,#1387,.T.);
#2359=EDGE_CURVE('',#1832,#1833,#1388,.T.);
#2360=EDGE_CURVE('',#1833,#1834,#1389,.T.);
#2361=EDGE_CURVE('',#1834,#1835,#1390,.T.);
#2362=EDGE_CURVE('',#1835,#1836,#1391,.T.);
#2363=EDGE_CURVE('',#1836,#1837,#1392,.T.);
#2364=EDGE_CURVE('',#1837,#1838,#1393,.T.);
#2365=EDGE_CURVE('',#1838,#1839,#1394,.T.);
#2366=EDGE_CURVE('',#1839,#1840,#1395,.T.);
#2367=EDGE_CURVE('',#1840,#1841,#1396,.T.);
#2368=EDGE_CURVE('',#1841,#1842,#1397,.T.);
#2369=EDGE_CURVE('',#1842,#1843,#1398,.T.);
#2370=EDGE_CURVE('',#1843,#1844,#1399,.T.);
#2371=EDGE_CURVE('',#1844,#1845,#1400,.T.);
#2372=EDGE_CURVE('',#1845,#1846,#1401,.T.);
#2373=EDGE_CURVE('',#1846,#1847,#1402,.T.);
#2374=EDGE_CURVE('',#1847,#1848,#1403,.T.);
#2375=EDGE_CURVE('',#1848,#1849,#1404,.T.);
#2376=EDGE_CURVE('',#1849,#1850,#1405,.T.);
#2377=EDGE_CURVE('',#1850,#1851,#1406,.T.);
#2378=EDGE_CURVE('',#1851,#1852,#1407,.T.);
#2379=EDGE_CURVE('',#1852,#1853,#1408,.T.);
#2380=EDGE_CURVE('',#1853,#1854,#1409,.T.);
#2381=EDGE_CURVE('',#1854,#1855,#1410,.T.);
#2382=EDGE_CURVE('',#1855,#1856,#1411,.T.);
#2383=EDGE_CURVE('',#1856,#1857,#1412,.T.);
#2384=EDGE_CURVE('',#1857,#1858,#1413,.T.);
#2385=EDGE_CURVE('',#1858,#1859,#1414,.T.);
#2386=EDGE_CURVE('',#1859,#1860,#1415,.T.);
#2387=EDGE_CURVE('',#1860,#1861,#1416,.T.);
#2388=EDGE_CURVE('',#1861,#1862,#1417,.T.);
#2389=EDGE_CURVE('',#1862,#1863,#1418,.T.);
#2390=EDGE_CURVE('',#1863,#1864,#1419,.T.);
#2391=EDGE_CURVE('',#1864,#1865,#1420,.T.);
#2392=EDGE_CURVE('',#1865,#1866,#1421,.T.);
#2393=EDGE_CURVE('',#1866,#1867,#1422,.T.);
#2394=EDGE_CURVE('',#1867,#1868,#1423,.T.);
#2395=EDGE_CURVE('',#1868,#1869,#1424,.T.);
#2396=EDGE_CURVE('',#1869,#1870,#1425,.T.);
#2397=EDGE_CURVE('',#1870,#1871,#1426,.T.);
#2398=EDGE_CURVE('',#1871,#1872,#1427,.T.);
#2399=EDGE_CURVE('',#1872,#1873,#1428,.T.);
#2400=EDGE_CURVE('',#1873,#1874,#1429,.T.);
#2401=EDGE_CURVE('',#1874,#1875,#1430,.T.);
#2402=EDGE_CURVE('',#1875,#1876,#1431,.T.);
#2403=EDGE_CURVE('',#1876,#1877,#1432,.T.);
#2404=EDGE_CURVE('',#1877,#1878,#1433,.T.);
#2405=EDGE_CURVE('',#1878,#1879,#1434,.T.);
#2406=EDGE_CURVE('',#1879,#1880,#1435,.T.);
#2407=EDGE_CURVE('',#1880,#1881,#1436,.T.);
#2408=EDGE_CURVE('',#1881,#1882,#1437,.T.);
#2409=EDGE_CURVE('',#1882,#1587,#1438,.T.);
#2410=EDGE_CURVE('',#1573,#1883,#1439,.T.);
#2411=EDGE_CURVE('',#1883,#1884,#1440,.T.);
#2412=EDGE_CURVE('',#1884,#1885,#1441,.T.);
#2413=EDGE_CURVE('',#1885,#1575,#1442,.T.);
#2414=EDGE_CURVE('',#1569,#1886,#1443,.T.);
#2415=EDGE_CURVE('',#1886,#1887,#1444,.T.);
#2416=EDGE_CURVE('',#1887,#1888,#1445,.T.);
#2417=EDGE_CURVE('',#1888,#1889,#1446,.T.);
#2418=EDGE_CURVE('',#1889,#1566,#1447,.T.);
#2419=EDGE_CURVE('',#1565,#1890,#1448,.T.);
#2420=EDGE_CURVE('',#1890,#1891,#1449,.T.);
#2421=EDGE_CURVE('',#1891,#1892,#1450,.T.);
#2422=EDGE_CURVE('',#1892,#1747,#1451,.T.);
#2423=EDGE_CURVE('',#1893,#1894,#1452,.T.);
#2424=EDGE_CURVE('',#1894,#1895,#748,.T.);
#2425=EDGE_CURVE('',#1895,#1896,#1453,.T.);
#2426=EDGE_CURVE('',#1893,#1896,#749,.T.);
#2427=EDGE_CURVE('',#1897,#1898,#1454,.T.);
#2428=EDGE_CURVE('',#1898,#1899,#750,.T.);
#2429=EDGE_CURVE('',#1899,#1900,#1455,.T.);
#2430=EDGE_CURVE('',#1897,#1900,#751,.T.);
#2431=EDGE_CURVE('',#1901,#1902,#1456,.T.);
#2432=EDGE_CURVE('',#1902,#1903,#752,.T.);
#2433=EDGE_CURVE('',#1903,#1904,#1457,.T.);
#2434=EDGE_CURVE('',#1901,#1904,#753,.T.);
#2435=EDGE_CURVE('',#1905,#1906,#1458,.T.);
#2436=EDGE_CURVE('',#1907,#1906,#754,.T.);
#2437=EDGE_CURVE('',#1907,#1908,#1459,.T.);
#2438=EDGE_CURVE('',#1908,#1905,#755,.T.);
#2439=EDGE_CURVE('',#1909,#1910,#1460,.T.);
#2440=EDGE_CURVE('',#1910,#1911,#756,.T.);
#2441=EDGE_CURVE('',#1911,#1912,#1461,.T.);
#2442=EDGE_CURVE('',#1909,#1912,#757,.T.);
#2443=EDGE_CURVE('',#1597,#1913,#758,.T.);
#2444=EDGE_CURVE('',#1913,#1914,#1462,.T.);
#2445=EDGE_CURVE('',#1598,#1914,#759,.T.);
#2446=EDGE_CURVE('',#1915,#1916,#1463,.T.);
#2447=EDGE_CURVE('',#1916,#1917,#760,.T.);
#2448=EDGE_CURVE('',#1917,#1918,#1464,.T.);
#2449=EDGE_CURVE('',#1915,#1918,#761,.T.);
#2450=EDGE_CURVE('',#1919,#1920,#1465,.T.);
#2451=EDGE_CURVE('',#1920,#1921,#762,.T.);
#2452=EDGE_CURVE('',#1921,#1922,#1466,.T.);
#2453=EDGE_CURVE('',#1919,#1922,#763,.T.);
#2454=EDGE_CURVE('',#1923,#1924,#1467,.T.);
#2455=EDGE_CURVE('',#1924,#1925,#764,.T.);
#2456=EDGE_CURVE('',#1925,#1926,#1468,.T.);
#2457=EDGE_CURVE('',#1923,#1926,#765,.T.);
#2458=EDGE_CURVE('',#1927,#1579,#1469,.T.);
#2459=EDGE_CURVE('',#1582,#1928,#1470,.T.);
#2460=EDGE_CURVE('',#1927,#1928,#766,.T.);
#2461=EDGE_CURVE('',#1929,#1930,#1471,.T.);
#2462=EDGE_CURVE('',#1930,#1931,#767,.T.);
#2463=EDGE_CURVE('',#1931,#1932,#1472,.T.);
#2464=EDGE_CURVE('',#1929,#1932,#768,.T.);
#2465=EDGE_CURVE('',#1933,#1934,#1473,.T.);
#2466=EDGE_CURVE('',#1935,#1934,#769,.T.);
#2467=EDGE_CURVE('',#1935,#1936,#1474,.T.);
#2468=EDGE_CURVE('',#1936,#1933,#770,.T.);
#2469=EDGE_CURVE('',#1937,#1586,#1475,.T.);
#2470=EDGE_CURVE('',#1585,#1938,#1476,.T.);
#2471=EDGE_CURVE('',#1937,#1938,#771,.T.);
#2472=EDGE_CURVE('',#1939,#1940,#1477,.T.);
#2473=EDGE_CURVE('',#1940,#1941,#772,.T.);
#2474=EDGE_CURVE('',#1941,#1942,#1478,.T.);
#2475=EDGE_CURVE('',#1939,#1942,#773,.T.);
#2476=EDGE_CURVE('',#1943,#1944,#1479,.T.);
#2477=EDGE_CURVE('',#1944,#1945,#774,.T.);
#2478=EDGE_CURVE('',#1945,#1946,#1480,.T.);
#2479=EDGE_CURVE('',#1943,#1946,#775,.T.);
#2480=EDGE_CURVE('',#1947,#1948,#1481,.T.);
#2481=EDGE_CURVE('',#1948,#1949,#776,.T.);
#2482=EDGE_CURVE('',#1949,#1950,#1482,.T.);
#2483=EDGE_CURVE('',#1947,#1950,#777,.T.);
#2484=EDGE_CURVE('',#1951,#1952,#1483,.T.);
#2485=EDGE_CURVE('',#1952,#1953,#778,.T.);
#2486=EDGE_CURVE('',#1953,#1954,#1484,.T.);
#2487=EDGE_CURVE('',#1951,#1954,#779,.T.);
#2488=EDGE_CURVE('',#1955,#1956,#1485,.T.);
#2489=EDGE_CURVE('',#1957,#1956,#780,.T.);
#2490=EDGE_CURVE('',#1957,#1958,#1486,.T.);
#2491=EDGE_CURVE('',#1958,#1955,#781,.T.);
#2492=EDGE_CURVE('',#1959,#1960,#1487,.T.);
#2493=EDGE_CURVE('',#1960,#1961,#782,.T.);
#2494=EDGE_CURVE('',#1961,#1962,#1488,.T.);
#2495=EDGE_CURVE('',#1959,#1962,#783,.T.);
#2496=EDGE_CURVE('',#1963,#1964,#1489,.T.);
#2497=EDGE_CURVE('',#1964,#1965,#784,.T.);
#2498=EDGE_CURVE('',#1965,#1966,#1490,.T.);
#2499=EDGE_CURVE('',#1963,#1966,#785,.T.);
#2500=EDGE_CURVE('',#1967,#1968,#1491,.T.);
#2501=EDGE_CURVE('',#1969,#1968,#786,.T.);
#2502=EDGE_CURVE('',#1969,#1970,#1492,.T.);
#2503=EDGE_CURVE('',#1970,#1967,#787,.T.);
#2504=EDGE_CURVE('',#1971,#1972,#1493,.T.);
#2505=EDGE_CURVE('',#1973,#1972,#788,.T.);
#2506=EDGE_CURVE('',#1973,#1974,#1494,.T.);
#2507=EDGE_CURVE('',#1974,#1971,#789,.T.);
#2508=EDGE_CURVE('',#1975,#1976,#1495,.T.);
#2509=EDGE_CURVE('',#1977,#1976,#790,.T.);
#2510=EDGE_CURVE('',#1977,#1978,#1496,.T.);
#2511=EDGE_CURVE('',#1978,#1975,#791,.T.);
#2512=EDGE_CURVE('',#1979,#1980,#1497,.T.);
#2513=EDGE_CURVE('',#1980,#1981,#792,.T.);
#2514=EDGE_CURVE('',#1981,#1982,#1498,.T.);
#2515=EDGE_CURVE('',#1979,#1982,#793,.T.);
#2516=EDGE_CURVE('',#1983,#1984,#1499,.T.);
#2517=EDGE_CURVE('',#1985,#1984,#794,.T.);
#2518=EDGE_CURVE('',#1985,#1986,#1500,.T.);
#2519=EDGE_CURVE('',#1986,#1983,#795,.T.);
#2520=EDGE_CURVE('',#1987,#1988,#1501,.T.);
#2521=EDGE_CURVE('',#1988,#1989,#796,.T.);
#2522=EDGE_CURVE('',#1989,#1990,#1502,.T.);
#2523=EDGE_CURVE('',#1987,#1990,#797,.T.);
#2524=EDGE_CURVE('',#1991,#1992,#1503,.T.);
#2525=EDGE_CURVE('',#1993,#1992,#798,.T.);
#2526=EDGE_CURVE('',#1993,#1994,#1504,.T.);
#2527=EDGE_CURVE('',#1994,#1991,#799,.T.);
#2528=EDGE_CURVE('',#1995,#1577,#1505,.T.);
#2529=EDGE_CURVE('',#1576,#1996,#1506,.T.);
#2530=EDGE_CURVE('',#1996,#1995,#800,.T.);
#2531=EDGE_CURVE('',#1894,#1750,#87,.T.);
#2532=EDGE_CURVE('',#1751,#1893,#88,.T.);
#2533=EDGE_CURVE('',#1898,#1754,#89,.T.);
#2534=EDGE_CURVE('',#1755,#1897,#90,.T.);
#2535=EDGE_CURVE('',#1902,#1888,#91,.T.);
#2536=EDGE_CURVE('',#1889,#1901,#92,.T.);
#2537=EDGE_CURVE('',#1747,#1907,#93,.T.);
#2538=EDGE_CURVE('',#1908,#1892,#94,.T.);
#2539=EDGE_CURVE('',#1910,#1758,#95,.T.);
#2540=EDGE_CURVE('',#1759,#1909,#96,.T.);
#2541=EDGE_CURVE('',#1916,#1764,#97,.T.);
#2542=EDGE_CURVE('',#1765,#1915,#98,.T.);
#2543=EDGE_CURVE('',#1920,#1768,#99,.T.);
#2544=EDGE_CURVE('',#1769,#1919,#100,.T.);
#2545=EDGE_CURVE('',#1924,#1780,#101,.T.);
#2546=EDGE_CURVE('',#1781,#1923,#102,.T.);
#2547=EDGE_CURVE('',#1784,#1927,#103,.T.);
#2548=EDGE_CURVE('',#1930,#1772,#104,.T.);
#2549=EDGE_CURVE('',#1773,#1929,#105,.T.);
#2550=EDGE_CURVE('',#1777,#1935,#106,.T.);
#2551=EDGE_CURVE('',#1936,#1776,#107,.T.);
#2552=EDGE_CURVE('',#1787,#1937,#108,.T.);
#2553=EDGE_CURVE('',#1940,#1792,#109,.T.);
#2554=EDGE_CURVE('',#1793,#1939,#110,.T.);
#2555=EDGE_CURVE('',#1944,#1798,#111,.T.);
#2556=EDGE_CURVE('',#1799,#1943,#112,.T.);
#2557=EDGE_CURVE('',#1948,#1804,#113,.T.);
#2558=EDGE_CURVE('',#1805,#1947,#114,.T.);
#2559=EDGE_CURVE('',#1952,#1864,#115,.T.);
#2560=EDGE_CURVE('',#1865,#1951,#116,.T.);
#2561=EDGE_CURVE('',#1859,#1957,#117,.T.);
#2562=EDGE_CURVE('',#1958,#1858,#118,.T.);
#2563=EDGE_CURVE('',#1960,#1870,#119,.T.);
#2564=EDGE_CURVE('',#1871,#1959,#120,.T.);
#2565=EDGE_CURVE('',#1964,#1876,#121,.T.);
#2566=EDGE_CURVE('',#1877,#1963,#122,.T.);
#2567=EDGE_CURVE('',#1853,#1969,#123,.T.);
#2568=EDGE_CURVE('',#1970,#1852,#124,.T.);
#2569=EDGE_CURVE('',#1847,#1973,#125,.T.);
#2570=EDGE_CURVE('',#1974,#1846,#126,.T.);
#2571=EDGE_CURVE('',#1841,#1977,#127,.T.);
#2572=EDGE_CURVE('',#1978,#1840,#128,.T.);
#2573=EDGE_CURVE('',#1835,#1599,#129,.T.);
#2574=EDGE_CURVE('',#1600,#1834,#130,.T.);
#2575=EDGE_CURVE('',#1980,#1816,#131,.T.);
#2576=EDGE_CURVE('',#1817,#1979,#132,.T.);
#2577=EDGE_CURVE('',#1811,#1985,#133,.T.);
#2578=EDGE_CURVE('',#1986,#1810,#134,.T.);
#2579=EDGE_CURVE('',#1988,#1822,#135,.T.);
#2580=EDGE_CURVE('',#1823,#1987,#136,.T.);
#2581=EDGE_CURVE('',#1829,#1993,#137,.T.);
#2582=EDGE_CURVE('',#1994,#1828,#138,.T.);
#2583=EDGE_CURVE('',#1996,#1885,#139,.T.);
#2584=EDGE_CURVE('',#1602,#1895,#140,.T.);
#2585=EDGE_CURVE('',#1896,#1746,#141,.T.);
#2586=EDGE_CURVE('',#1743,#1899,#142,.T.);
#2587=EDGE_CURVE('',#1900,#1742,#143,.T.);
#2588=EDGE_CURVE('',#1609,#1903,#144,.T.);
#2589=EDGE_CURVE('',#1904,#1608,#145,.T.);
#2590=EDGE_CURVE('',#1906,#1604,#146,.T.);
#2591=EDGE_CURVE('',#1605,#1905,#147,.T.);
#2592=EDGE_CURVE('',#1739,#1911,#148,.T.);
#2593=EDGE_CURVE('',#1912,#1738,#149,.T.);
#2594=EDGE_CURVE('',#1735,#1913,#150,.T.);
#2595=EDGE_CURVE('',#1914,#1734,#151,.T.);
#2596=EDGE_CURVE('',#1731,#1917,#152,.T.);
#2597=EDGE_CURVE('',#1918,#1730,#153,.T.);
#2598=EDGE_CURVE('',#1727,#1921,#154,.T.);
#2599=EDGE_CURVE('',#1922,#1726,#155,.T.);
#2600=EDGE_CURVE('',#1715,#1925,#156,.T.);
#2601=EDGE_CURVE('',#1926,#1714,#157,.T.);
#2602=EDGE_CURVE('',#1928,#1711,#158,.T.);
#2603=EDGE_CURVE('',#1723,#1931,#159,.T.);
#2604=EDGE_CURVE('',#1932,#1722,#160,.T.);
#2605=EDGE_CURVE('',#1934,#1718,#161,.T.);
#2606=EDGE_CURVE('',#1719,#1933,#162,.T.);
#2607=EDGE_CURVE('',#1938,#1708,#163,.T.);
#2608=EDGE_CURVE('',#1703,#1941,#164,.T.);
#2609=EDGE_CURVE('',#1942,#1702,#165,.T.);
#2610=EDGE_CURVE('',#1697,#1945,#166,.T.);
#2611=EDGE_CURVE('',#1946,#1696,#167,.T.);
#2612=EDGE_CURVE('',#1691,#1949,#168,.T.);
#2613=EDGE_CURVE('',#1950,#1690,#169,.T.);
#2614=EDGE_CURVE('',#1633,#1953,#170,.T.);
#2615=EDGE_CURVE('',#1954,#1632,#171,.T.);
#2616=EDGE_CURVE('',#1956,#1638,#172,.T.);
#2617=EDGE_CURVE('',#1639,#1955,#173,.T.);
#2618=EDGE_CURVE('',#1627,#1961,#174,.T.);
#2619=EDGE_CURVE('',#1962,#1626,#175,.T.);
#2620=EDGE_CURVE('',#1621,#1965,#176,.T.);
#2621=EDGE_CURVE('',#1966,#1620,#177,.T.);
#2622=EDGE_CURVE('',#1968,#1644,#178,.T.);
#2623=EDGE_CURVE('',#1645,#1967,#179,.T.);
#2624=EDGE_CURVE('',#1972,#1650,#180,.T.);
#2625=EDGE_CURVE('',#1651,#1971,#181,.T.);
#2626=EDGE_CURVE('',#1976,#1656,#182,.T.);
#2627=EDGE_CURVE('',#1657,#1975,#183,.T.);
#2628=EDGE_CURVE('',#1679,#1981,#184,.T.);
#2629=EDGE_CURVE('',#1982,#1678,#185,.T.);
#2630=EDGE_CURVE('',#1984,#1684,#186,.T.);
#2631=EDGE_CURVE('',#1685,#1983,#187,.T.);
#2632=EDGE_CURVE('',#1673,#1989,#188,.T.);
#2633=EDGE_CURVE('',#1990,#1672,#189,.T.);
#2634=EDGE_CURVE('',#1992,#1666,#190,.T.);
#2635=EDGE_CURVE('',#1667,#1991,#191,.T.);
#2636=EDGE_CURVE('',#1612,#1995,#192,.T.);
#2637=EDGE_CURVE('',#1997,#1589,#1507,.T.);
#2638=EDGE_CURVE('',#1588,#1998,#1508,.T.);
#2639=EDGE_CURVE('',#1998,#1997,#801,.T.);
#2640=EDGE_CURVE('',#1998,#1882,#193,.T.);
#2641=EDGE_CURVE('',#1881,#1616,#802,.T.);
#2642=EDGE_CURVE('',#1615,#1997,#194,.T.);
#2643=EDGE_CURVE('',#1617,#1880,#803,.T.);
#2644=EDGE_CURVE('',#1879,#1618,#804,.T.);
#2645=EDGE_CURVE('',#1619,#1878,#805,.T.);
#2646=EDGE_CURVE('',#1884,#1613,#806,.T.);
#2647=EDGE_CURVE('',#1614,#1883,#807,.T.);
#2648=EDGE_CURVE('',#1827,#1668,#808,.T.);
#2649=EDGE_CURVE('',#1669,#1826,#809,.T.);
#2650=EDGE_CURVE('',#1825,#1670,#810,.T.);
#2651=EDGE_CURVE('',#1671,#1824,#811,.T.);
#2652=EDGE_CURVE('',#1821,#1674,#812,.T.);
#2653=EDGE_CURVE('',#1675,#1820,#813,.T.);
#2654=EDGE_CURVE('',#1819,#1676,#814,.T.);
#2655=EDGE_CURVE('',#1677,#1818,#815,.T.);
#2656=EDGE_CURVE('',#1809,#1686,#816,.T.);
#2657=EDGE_CURVE('',#1687,#1808,#817,.T.);
#2658=EDGE_CURVE('',#1807,#1688,#818,.T.);
#2659=EDGE_CURVE('',#1689,#1806,#819,.T.);
#2660=EDGE_CURVE('',#1815,#1680,#820,.T.);
#2661=EDGE_CURVE('',#1681,#1814,#821,.T.);
#2662=EDGE_CURVE('',#1813,#1682,#822,.T.);
#2663=EDGE_CURVE('',#1683,#1812,#823,.T.);
#2664=EDGE_CURVE('',#1833,#1662,#824,.T.);
#2665=EDGE_CURVE('',#1663,#1832,#825,.T.);
#2666=EDGE_CURVE('',#1831,#1664,#826,.T.);
#2667=EDGE_CURVE('',#1665,#1830,#827,.T.);
#2668=EDGE_CURVE('',#1839,#1658,#828,.T.);
#2669=EDGE_CURVE('',#1659,#1838,#829,.T.);
#2670=EDGE_CURVE('',#1837,#1660,#830,.T.);
#2671=EDGE_CURVE('',#1661,#1836,#831,.T.);
#2672=EDGE_CURVE('',#1845,#1652,#832,.T.);
#2673=EDGE_CURVE('',#1653,#1844,#833,.T.);
#2674=EDGE_CURVE('',#1843,#1654,#834,.T.);
#2675=EDGE_CURVE('',#1655,#1842,#835,.T.);
#2676=EDGE_CURVE('',#1851,#1646,#836,.T.);
#2677=EDGE_CURVE('',#1647,#1850,#837,.T.);
#2678=EDGE_CURVE('',#1849,#1648,#838,.T.);
#2679=EDGE_CURVE('',#1649,#1848,#839,.T.);
#2680=EDGE_CURVE('',#1875,#1622,#840,.T.);
#2681=EDGE_CURVE('',#1623,#1874,#841,.T.);
#2682=EDGE_CURVE('',#1873,#1624,#842,.T.);
#2683=EDGE_CURVE('',#1625,#1872,#843,.T.);
#2684=EDGE_CURVE('',#1869,#1628,#844,.T.);
#2685=EDGE_CURVE('',#1629,#1868,#845,.T.);
#2686=EDGE_CURVE('',#1867,#1630,#846,.T.);
#2687=EDGE_CURVE('',#1631,#1866,#847,.T.);
#2688=EDGE_CURVE('',#1857,#1640,#848,.T.);
#2689=EDGE_CURVE('',#1641,#1856,#849,.T.);
#2690=EDGE_CURVE('',#1855,#1642,#850,.T.);
#2691=EDGE_CURVE('',#1643,#1854,#851,.T.);
#2692=EDGE_CURVE('',#1863,#1634,#852,.T.);
#2693=EDGE_CURVE('',#1635,#1862,#853,.T.);
#2694=EDGE_CURVE('',#1861,#1636,#854,.T.);
#2695=EDGE_CURVE('',#1637,#1860,#855,.T.);
#2696=EDGE_CURVE('',#1803,#1692,#856,.T.);
#2697=EDGE_CURVE('',#1693,#1802,#857,.T.);
#2698=EDGE_CURVE('',#1801,#1694,#858,.T.);
#2699=EDGE_CURVE('',#1695,#1800,#859,.T.);
#2700=EDGE_CURVE('',#1797,#1698,#860,.T.);
#2701=EDGE_CURVE('',#1699,#1796,#861,.T.);
#2702=EDGE_CURVE('',#1795,#1700,#862,.T.);
#2703=EDGE_CURVE('',#1701,#1794,#863,.T.);
#2704=EDGE_CURVE('',#1791,#1704,#864,.T.);
#2705=EDGE_CURVE('',#1705,#1790,#865,.T.);
#2706=EDGE_CURVE('',#1789,#1706,#866,.T.);
#2707=EDGE_CURVE('',#1707,#1788,#867,.T.);
#2708=EDGE_CURVE('',#1786,#1709,#868,.T.);
#2709=EDGE_CURVE('',#1710,#1785,#869,.T.);
#2710=EDGE_CURVE('',#1775,#1720,#870,.T.);
#2711=EDGE_CURVE('',#1721,#1774,#871,.T.);
#2712=EDGE_CURVE('',#1771,#1724,#872,.T.);
#2713=EDGE_CURVE('',#1725,#1770,#873,.T.);
#2714=EDGE_CURVE('',#1783,#1712,#874,.T.);
#2715=EDGE_CURVE('',#1713,#1782,#875,.T.);
#2716=EDGE_CURVE('',#1779,#1716,#876,.T.);
#2717=EDGE_CURVE('',#1717,#1778,#877,.T.);
#2718=EDGE_CURVE('',#1767,#1728,#878,.T.);
#2719=EDGE_CURVE('',#1729,#1766,#879,.T.);
#2720=EDGE_CURVE('',#1763,#1732,#880,.T.);
#2721=EDGE_CURVE('',#1733,#1762,#881,.T.);
#2722=EDGE_CURVE('',#1761,#1736,#882,.T.);
#2723=EDGE_CURVE('',#1737,#1760,#883,.T.);
#2724=EDGE_CURVE('',#1757,#1740,#884,.T.);
#2725=EDGE_CURVE('',#1741,#1756,#885,.T.);
#2726=EDGE_CURVE('',#1891,#1606,#886,.T.);
#2727=EDGE_CURVE('',#1607,#1890,#887,.T.);
#2728=EDGE_CURVE('',#1887,#1610,#888,.T.);
#2729=EDGE_CURVE('',#1611,#1886,#889,.T.);
#2730=EDGE_CURVE('',#1753,#1744,#890,.T.);
#2731=EDGE_CURVE('',#1745,#1752,#891,.T.);
#2732=EDGE_CURVE('',#1749,#1601,#892,.T.);
#2733=EDGE_CURVE('',#1603,#1748,#893,.T.);
#2734=ORIENTED_EDGE('',*,*,#1999,.F.);
#2735=ORIENTED_EDGE('',*,*,#2000,.T.);
#2736=ORIENTED_EDGE('',*,*,#2001,.F.);
#2737=ORIENTED_EDGE('',*,*,#2000,.F.);
#2738=ORIENTED_EDGE('',*,*,#2002,.F.);
#2739=ORIENTED_EDGE('',*,*,#2003,.T.);
#2740=ORIENTED_EDGE('',*,*,#2004,.T.);
#2741=ORIENTED_EDGE('',*,*,#2005,.F.);
#2742=ORIENTED_EDGE('',*,*,#2006,.F.);
#2743=ORIENTED_EDGE('',*,*,#2007,.T.);
#2744=ORIENTED_EDGE('',*,*,#2008,.T.);
#2745=ORIENTED_EDGE('',*,*,#2003,.F.);
#2746=ORIENTED_EDGE('',*,*,#2009,.F.);
#2747=ORIENTED_EDGE('',*,*,#2010,.T.);
#2748=ORIENTED_EDGE('',*,*,#2011,.T.);
#2749=ORIENTED_EDGE('',*,*,#2007,.F.);
#2750=ORIENTED_EDGE('',*,*,#2012,.F.);
#2751=ORIENTED_EDGE('',*,*,#2005,.T.);
#2752=ORIENTED_EDGE('',*,*,#2013,.T.);
#2753=ORIENTED_EDGE('',*,*,#2010,.F.);
#2754=ORIENTED_EDGE('',*,*,#2008,.F.);
#2755=ORIENTED_EDGE('',*,*,#2011,.F.);
#2756=ORIENTED_EDGE('',*,*,#2013,.F.);
#2757=ORIENTED_EDGE('',*,*,#2004,.F.);
#2758=ORIENTED_EDGE('',*,*,#1999,.T.);
#2759=ORIENTED_EDGE('',*,*,#2014,.F.);
#2760=ORIENTED_EDGE('',*,*,#2015,.F.);
#2761=ORIENTED_EDGE('',*,*,#2016,.F.);
#2762=ORIENTED_EDGE('',*,*,#2017,.F.);
#2763=ORIENTED_EDGE('',*,*,#2018,.F.);
#2764=ORIENTED_EDGE('',*,*,#2019,.F.);
#2765=ORIENTED_EDGE('',*,*,#2020,.F.);
#2766=ORIENTED_EDGE('',*,*,#2021,.F.);
#2767=ORIENTED_EDGE('',*,*,#2022,.F.);
#2768=ORIENTED_EDGE('',*,*,#2023,.F.);
#2769=ORIENTED_EDGE('',*,*,#2024,.F.);
#2770=ORIENTED_EDGE('',*,*,#2025,.F.);
#2771=ORIENTED_EDGE('',*,*,#2026,.F.);
#2772=ORIENTED_EDGE('',*,*,#2027,.F.);
#2773=ORIENTED_EDGE('',*,*,#2028,.F.);
#2774=ORIENTED_EDGE('',*,*,#2029,.F.);
#2775=ORIENTED_EDGE('',*,*,#2030,.F.);
#2776=ORIENTED_EDGE('',*,*,#2031,.F.);
#2777=ORIENTED_EDGE('',*,*,#2032,.F.);
#2778=ORIENTED_EDGE('',*,*,#2033,.F.);
#2779=ORIENTED_EDGE('',*,*,#2034,.F.);
#2780=ORIENTED_EDGE('',*,*,#2035,.F.);
#2781=ORIENTED_EDGE('',*,*,#2036,.F.);
#2782=ORIENTED_EDGE('',*,*,#2037,.F.);
#2783=ORIENTED_EDGE('',*,*,#2038,.F.);
#2784=ORIENTED_EDGE('',*,*,#2039,.F.);
#2785=ORIENTED_EDGE('',*,*,#2040,.F.);
#2786=ORIENTED_EDGE('',*,*,#2041,.F.);
#2787=ORIENTED_EDGE('',*,*,#2042,.F.);
#2788=ORIENTED_EDGE('',*,*,#2043,.F.);
#2789=ORIENTED_EDGE('',*,*,#2044,.F.);
#2790=ORIENTED_EDGE('',*,*,#2045,.F.);
#2791=ORIENTED_EDGE('',*,*,#2046,.F.);
#2792=ORIENTED_EDGE('',*,*,#2047,.F.);
#2793=ORIENTED_EDGE('',*,*,#2048,.F.);
#2794=ORIENTED_EDGE('',*,*,#2049,.F.);
#2795=ORIENTED_EDGE('',*,*,#2050,.F.);
#2796=ORIENTED_EDGE('',*,*,#2051,.F.);
#2797=ORIENTED_EDGE('',*,*,#2052,.F.);
#2798=ORIENTED_EDGE('',*,*,#2053,.F.);
#2799=ORIENTED_EDGE('',*,*,#2054,.F.);
#2800=ORIENTED_EDGE('',*,*,#2055,.F.);
#2801=ORIENTED_EDGE('',*,*,#2056,.F.);
#2802=ORIENTED_EDGE('',*,*,#2057,.F.);
#2803=ORIENTED_EDGE('',*,*,#2058,.F.);
#2804=ORIENTED_EDGE('',*,*,#2059,.F.);
#2805=ORIENTED_EDGE('',*,*,#2060,.F.);
#2806=ORIENTED_EDGE('',*,*,#2061,.F.);
#2807=ORIENTED_EDGE('',*,*,#2062,.F.);
#2808=ORIENTED_EDGE('',*,*,#2063,.F.);
#2809=ORIENTED_EDGE('',*,*,#2064,.F.);
#2810=ORIENTED_EDGE('',*,*,#2065,.F.);
#2811=ORIENTED_EDGE('',*,*,#2066,.F.);
#2812=ORIENTED_EDGE('',*,*,#2067,.F.);
#2813=ORIENTED_EDGE('',*,*,#2068,.F.);
#2814=ORIENTED_EDGE('',*,*,#2069,.F.);
#2815=ORIENTED_EDGE('',*,*,#2070,.T.);
#2816=ORIENTED_EDGE('',*,*,#2071,.T.);
#2817=ORIENTED_EDGE('',*,*,#2072,.T.);
#2818=ORIENTED_EDGE('',*,*,#2073,.T.);
#2819=ORIENTED_EDGE('',*,*,#2065,.T.);
#2820=ORIENTED_EDGE('',*,*,#2074,.F.);
#2821=ORIENTED_EDGE('',*,*,#2075,.T.);
#2822=ORIENTED_EDGE('',*,*,#2076,.F.);
#2823=ORIENTED_EDGE('',*,*,#2019,.T.);
#2824=ORIENTED_EDGE('',*,*,#2077,.T.);
#2825=ORIENTED_EDGE('',*,*,#2078,.T.);
#2826=ORIENTED_EDGE('',*,*,#2079,.F.);
#2827=ORIENTED_EDGE('',*,*,#2080,.F.);
#2828=ORIENTED_EDGE('',*,*,#2015,.T.);
#2829=ORIENTED_EDGE('',*,*,#2081,.T.);
#2830=ORIENTED_EDGE('',*,*,#2082,.T.);
#2831=ORIENTED_EDGE('',*,*,#2083,.F.);
#2832=ORIENTED_EDGE('',*,*,#2084,.T.);
#2833=ORIENTED_EDGE('',*,*,#2085,.F.);
#2834=ORIENTED_EDGE('',*,*,#2086,.T.);
#2835=ORIENTED_EDGE('',*,*,#2087,.T.);
#2836=ORIENTED_EDGE('',*,*,#2088,.T.);
#2837=ORIENTED_EDGE('',*,*,#2089,.T.);
#2838=ORIENTED_EDGE('',*,*,#2069,.T.);
#2839=ORIENTED_EDGE('',*,*,#2090,.F.);
#2840=ORIENTED_EDGE('',*,*,#2091,.F.);
#2841=ORIENTED_EDGE('',*,*,#2092,.F.);
#2842=ORIENTED_EDGE('',*,*,#2093,.F.);
#2843=ORIENTED_EDGE('',*,*,#2094,.F.);
#2844=ORIENTED_EDGE('',*,*,#2095,.F.);
#2845=ORIENTED_EDGE('',*,*,#2096,.F.);
#2846=ORIENTED_EDGE('',*,*,#2097,.F.);
#2847=ORIENTED_EDGE('',*,*,#2092,.T.);
#2848=ORIENTED_EDGE('',*,*,#2098,.F.);
#2849=ORIENTED_EDGE('',*,*,#2099,.T.);
#2850=ORIENTED_EDGE('',*,*,#2100,.T.);
#2851=ORIENTED_EDGE('',*,*,#2101,.F.);
#2852=ORIENTED_EDGE('',*,*,#2102,.T.);
#2853=ORIENTED_EDGE('',*,*,#2103,.F.);
#2854=ORIENTED_EDGE('',*,*,#2054,.T.);
#2855=ORIENTED_EDGE('',*,*,#2104,.F.);
#2856=ORIENTED_EDGE('',*,*,#2105,.T.);
#2857=ORIENTED_EDGE('',*,*,#2106,.F.);
#2858=ORIENTED_EDGE('',*,*,#2107,.T.);
#2859=ORIENTED_EDGE('',*,*,#2108,.F.);
#2860=ORIENTED_EDGE('',*,*,#2058,.T.);
#2861=ORIENTED_EDGE('',*,*,#2109,.F.);
#2862=ORIENTED_EDGE('',*,*,#2110,.T.);
#2863=ORIENTED_EDGE('',*,*,#2111,.F.);
#2864=ORIENTED_EDGE('',*,*,#2112,.T.);
#2865=ORIENTED_EDGE('',*,*,#2113,.F.);
#2866=ORIENTED_EDGE('',*,*,#2062,.T.);
#2867=ORIENTED_EDGE('',*,*,#2073,.F.);
#2868=ORIENTED_EDGE('',*,*,#2114,.T.);
#2869=ORIENTED_EDGE('',*,*,#2115,.F.);
#2870=ORIENTED_EDGE('',*,*,#2116,.T.);
#2871=ORIENTED_EDGE('',*,*,#2117,.F.);
#2872=ORIENTED_EDGE('',*,*,#2066,.T.);
#2873=ORIENTED_EDGE('',*,*,#2089,.F.);
#2874=ORIENTED_EDGE('',*,*,#2118,.T.);
#2875=ORIENTED_EDGE('',*,*,#2119,.F.);
#2876=ORIENTED_EDGE('',*,*,#2120,.T.);
#2877=ORIENTED_EDGE('',*,*,#2121,.F.);
#2878=ORIENTED_EDGE('',*,*,#2122,.T.);
#2879=ORIENTED_EDGE('',*,*,#2123,.F.);
#2880=ORIENTED_EDGE('',*,*,#2124,.T.);
#2881=ORIENTED_EDGE('',*,*,#2125,.F.);
#2882=ORIENTED_EDGE('',*,*,#2126,.T.);
#2883=ORIENTED_EDGE('',*,*,#2127,.F.);
#2884=ORIENTED_EDGE('',*,*,#2128,.T.);
#2885=ORIENTED_EDGE('',*,*,#2129,.F.);
#2886=ORIENTED_EDGE('',*,*,#2130,.T.);
#2887=ORIENTED_EDGE('',*,*,#2131,.F.);
#2888=ORIENTED_EDGE('',*,*,#2132,.T.);
#2889=ORIENTED_EDGE('',*,*,#2133,.F.);
#2890=ORIENTED_EDGE('',*,*,#2134,.T.);
#2891=ORIENTED_EDGE('',*,*,#2135,.F.);
#2892=ORIENTED_EDGE('',*,*,#2136,.T.);
#2893=ORIENTED_EDGE('',*,*,#2137,.F.);
#2894=ORIENTED_EDGE('',*,*,#2138,.T.);
#2895=ORIENTED_EDGE('',*,*,#2139,.F.);
#2896=ORIENTED_EDGE('',*,*,#2140,.T.);
#2897=ORIENTED_EDGE('',*,*,#2141,.F.);
#2898=ORIENTED_EDGE('',*,*,#2142,.T.);
#2899=ORIENTED_EDGE('',*,*,#2143,.F.);
#2900=ORIENTED_EDGE('',*,*,#2144,.T.);
#2901=ORIENTED_EDGE('',*,*,#2145,.F.);
#2902=ORIENTED_EDGE('',*,*,#2146,.T.);
#2903=ORIENTED_EDGE('',*,*,#2147,.F.);
#2904=ORIENTED_EDGE('',*,*,#2148,.T.);
#2905=ORIENTED_EDGE('',*,*,#2149,.F.);
#2906=ORIENTED_EDGE('',*,*,#2150,.T.);
#2907=ORIENTED_EDGE('',*,*,#2151,.F.);
#2908=ORIENTED_EDGE('',*,*,#2152,.T.);
#2909=ORIENTED_EDGE('',*,*,#2153,.F.);
#2910=ORIENTED_EDGE('',*,*,#2154,.T.);
#2911=ORIENTED_EDGE('',*,*,#2155,.F.);
#2912=ORIENTED_EDGE('',*,*,#2156,.T.);
#2913=ORIENTED_EDGE('',*,*,#2157,.F.);
#2914=ORIENTED_EDGE('',*,*,#2158,.T.);
#2915=ORIENTED_EDGE('',*,*,#2159,.F.);
#2916=ORIENTED_EDGE('',*,*,#2160,.T.);
#2917=ORIENTED_EDGE('',*,*,#2161,.F.);
#2918=ORIENTED_EDGE('',*,*,#2162,.T.);
#2919=ORIENTED_EDGE('',*,*,#2163,.F.);
#2920=ORIENTED_EDGE('',*,*,#2164,.T.);
#2921=ORIENTED_EDGE('',*,*,#2165,.F.);
#2922=ORIENTED_EDGE('',*,*,#2090,.T.);
#2923=ORIENTED_EDGE('',*,*,#2166,.F.);
#2924=ORIENTED_EDGE('',*,*,#2167,.T.);
#2925=ORIENTED_EDGE('',*,*,#2168,.F.);
#2926=ORIENTED_EDGE('',*,*,#2169,.T.);
#2927=ORIENTED_EDGE('',*,*,#2170,.F.);
#2928=ORIENTED_EDGE('',*,*,#2171,.T.);
#2929=ORIENTED_EDGE('',*,*,#2172,.F.);
#2930=ORIENTED_EDGE('',*,*,#2173,.T.);
#2931=ORIENTED_EDGE('',*,*,#2174,.F.);
#2932=ORIENTED_EDGE('',*,*,#2175,.T.);
#2933=ORIENTED_EDGE('',*,*,#2176,.F.);
#2934=ORIENTED_EDGE('',*,*,#2177,.T.);
#2935=ORIENTED_EDGE('',*,*,#2178,.F.);
#2936=ORIENTED_EDGE('',*,*,#2179,.T.);
#2937=ORIENTED_EDGE('',*,*,#2180,.F.);
#2938=ORIENTED_EDGE('',*,*,#2181,.T.);
#2939=ORIENTED_EDGE('',*,*,#2182,.F.);
#2940=ORIENTED_EDGE('',*,*,#2183,.T.);
#2941=ORIENTED_EDGE('',*,*,#2184,.F.);
#2942=ORIENTED_EDGE('',*,*,#2185,.T.);
#2943=ORIENTED_EDGE('',*,*,#2186,.F.);
#2944=ORIENTED_EDGE('',*,*,#2187,.T.);
#2945=ORIENTED_EDGE('',*,*,#2188,.F.);
#2946=ORIENTED_EDGE('',*,*,#2189,.T.);
#2947=ORIENTED_EDGE('',*,*,#2190,.F.);
#2948=ORIENTED_EDGE('',*,*,#2191,.T.);
#2949=ORIENTED_EDGE('',*,*,#2192,.F.);
#2950=ORIENTED_EDGE('',*,*,#2193,.T.);
#2951=ORIENTED_EDGE('',*,*,#2194,.F.);
#2952=ORIENTED_EDGE('',*,*,#2195,.T.);
#2953=ORIENTED_EDGE('',*,*,#2196,.F.);
#2954=ORIENTED_EDGE('',*,*,#2197,.T.);
#2955=ORIENTED_EDGE('',*,*,#2198,.F.);
#2956=ORIENTED_EDGE('',*,*,#2199,.T.);
#2957=ORIENTED_EDGE('',*,*,#2200,.F.);
#2958=ORIENTED_EDGE('',*,*,#2201,.T.);
#2959=ORIENTED_EDGE('',*,*,#2202,.F.);
#2960=ORIENTED_EDGE('',*,*,#2203,.T.);
#2961=ORIENTED_EDGE('',*,*,#2204,.F.);
#2962=ORIENTED_EDGE('',*,*,#2205,.T.);
#2963=ORIENTED_EDGE('',*,*,#2206,.F.);
#2964=ORIENTED_EDGE('',*,*,#2207,.T.);
#2965=ORIENTED_EDGE('',*,*,#2208,.F.);
#2966=ORIENTED_EDGE('',*,*,#2209,.T.);
#2967=ORIENTED_EDGE('',*,*,#2210,.F.);
#2968=ORIENTED_EDGE('',*,*,#2211,.T.);
#2969=ORIENTED_EDGE('',*,*,#2212,.F.);
#2970=ORIENTED_EDGE('',*,*,#2213,.T.);
#2971=ORIENTED_EDGE('',*,*,#2081,.F.);
#2972=ORIENTED_EDGE('',*,*,#2014,.T.);
#2973=ORIENTED_EDGE('',*,*,#2214,.F.);
#2974=ORIENTED_EDGE('',*,*,#2215,.T.);
#2975=ORIENTED_EDGE('',*,*,#2216,.F.);
#2976=ORIENTED_EDGE('',*,*,#2217,.T.);
#2977=ORIENTED_EDGE('',*,*,#2077,.F.);
#2978=ORIENTED_EDGE('',*,*,#2018,.T.);
#2979=ORIENTED_EDGE('',*,*,#2218,.F.);
#2980=ORIENTED_EDGE('',*,*,#2219,.T.);
#2981=ORIENTED_EDGE('',*,*,#2220,.F.);
#2982=ORIENTED_EDGE('',*,*,#2221,.T.);
#2983=ORIENTED_EDGE('',*,*,#2222,.F.);
#2984=ORIENTED_EDGE('',*,*,#2022,.T.);
#2985=ORIENTED_EDGE('',*,*,#2223,.F.);
#2986=ORIENTED_EDGE('',*,*,#2224,.T.);
#2987=ORIENTED_EDGE('',*,*,#2225,.F.);
#2988=ORIENTED_EDGE('',*,*,#2226,.T.);
#2989=ORIENTED_EDGE('',*,*,#2227,.F.);
#2990=ORIENTED_EDGE('',*,*,#2026,.T.);
#2991=ORIENTED_EDGE('',*,*,#2228,.F.);
#2992=ORIENTED_EDGE('',*,*,#2229,.T.);
#2993=ORIENTED_EDGE('',*,*,#2230,.F.);
#2994=ORIENTED_EDGE('',*,*,#2231,.T.);
#2995=ORIENTED_EDGE('',*,*,#2232,.F.);
#2996=ORIENTED_EDGE('',*,*,#2030,.T.);
#2997=ORIENTED_EDGE('',*,*,#2233,.F.);
#2998=ORIENTED_EDGE('',*,*,#2234,.T.);
#2999=ORIENTED_EDGE('',*,*,#2235,.F.);
#3000=ORIENTED_EDGE('',*,*,#2236,.T.);
#3001=ORIENTED_EDGE('',*,*,#2237,.F.);
#3002=ORIENTED_EDGE('',*,*,#2034,.T.);
#3003=ORIENTED_EDGE('',*,*,#2238,.F.);
#3004=ORIENTED_EDGE('',*,*,#2239,.T.);
#3005=ORIENTED_EDGE('',*,*,#2240,.F.);
#3006=ORIENTED_EDGE('',*,*,#2241,.T.);
#3007=ORIENTED_EDGE('',*,*,#2242,.F.);
#3008=ORIENTED_EDGE('',*,*,#2038,.T.);
#3009=ORIENTED_EDGE('',*,*,#2243,.F.);
#3010=ORIENTED_EDGE('',*,*,#2244,.T.);
#3011=ORIENTED_EDGE('',*,*,#2245,.F.);
#3012=ORIENTED_EDGE('',*,*,#2246,.T.);
#3013=ORIENTED_EDGE('',*,*,#2247,.F.);
#3014=ORIENTED_EDGE('',*,*,#2248,.T.);
#3015=ORIENTED_EDGE('',*,*,#2249,.F.);
#3016=ORIENTED_EDGE('',*,*,#2042,.T.);
#3017=ORIENTED_EDGE('',*,*,#2250,.F.);
#3018=ORIENTED_EDGE('',*,*,#2251,.T.);
#3019=ORIENTED_EDGE('',*,*,#2252,.F.);
#3020=ORIENTED_EDGE('',*,*,#2253,.T.);
#3021=ORIENTED_EDGE('',*,*,#2254,.F.);
#3022=ORIENTED_EDGE('',*,*,#2046,.T.);
#3023=ORIENTED_EDGE('',*,*,#2255,.F.);
#3024=ORIENTED_EDGE('',*,*,#2256,.T.);
#3025=ORIENTED_EDGE('',*,*,#2257,.F.);
#3026=ORIENTED_EDGE('',*,*,#2258,.T.);
#3027=ORIENTED_EDGE('',*,*,#2259,.F.);
#3028=ORIENTED_EDGE('',*,*,#2050,.T.);
#3029=ORIENTED_EDGE('',*,*,#2260,.F.);
#3030=ORIENTED_EDGE('',*,*,#2261,.T.);
#3031=ORIENTED_EDGE('',*,*,#2002,.T.);
#3032=ORIENTED_EDGE('',*,*,#2012,.T.);
#3033=ORIENTED_EDGE('',*,*,#2009,.T.);
#3034=ORIENTED_EDGE('',*,*,#2006,.T.);
#3035=ORIENTED_EDGE('',*,*,#2262,.T.);
#3036=ORIENTED_EDGE('',*,*,#2056,.T.);
#3037=ORIENTED_EDGE('',*,*,#2263,.T.);
#3038=ORIENTED_EDGE('',*,*,#2264,.T.);
#3039=ORIENTED_EDGE('',*,*,#2265,.T.);
#3040=ORIENTED_EDGE('',*,*,#2266,.T.);
#3041=ORIENTED_EDGE('',*,*,#2267,.T.);
#3042=ORIENTED_EDGE('',*,*,#2052,.T.);
#3043=ORIENTED_EDGE('',*,*,#2268,.T.);
#3044=ORIENTED_EDGE('',*,*,#2269,.T.);
#3045=ORIENTED_EDGE('',*,*,#2270,.T.);
#3046=ORIENTED_EDGE('',*,*,#2271,.T.);
#3047=ORIENTED_EDGE('',*,*,#2272,.T.);
#3048=ORIENTED_EDGE('',*,*,#2048,.T.);
#3049=ORIENTED_EDGE('',*,*,#2273,.T.);
#3050=ORIENTED_EDGE('',*,*,#2274,.T.);
#3051=ORIENTED_EDGE('',*,*,#2275,.T.);
#3052=ORIENTED_EDGE('',*,*,#2276,.T.);
#3053=ORIENTED_EDGE('',*,*,#2277,.T.);
#3054=ORIENTED_EDGE('',*,*,#2044,.T.);
#3055=ORIENTED_EDGE('',*,*,#2278,.T.);
#3056=ORIENTED_EDGE('',*,*,#2279,.T.);
#3057=ORIENTED_EDGE('',*,*,#2280,.T.);
#3058=ORIENTED_EDGE('',*,*,#2094,.T.);
#3059=ORIENTED_EDGE('',*,*,#2281,.T.);
#3060=ORIENTED_EDGE('',*,*,#2282,.T.);
#3061=ORIENTED_EDGE('',*,*,#2283,.T.);
#3062=ORIENTED_EDGE('',*,*,#2040,.T.);
#3063=ORIENTED_EDGE('',*,*,#2284,.T.);
#3064=ORIENTED_EDGE('',*,*,#2285,.T.);
#3065=ORIENTED_EDGE('',*,*,#2286,.T.);
#3066=ORIENTED_EDGE('',*,*,#2287,.T.);
#3067=ORIENTED_EDGE('',*,*,#2288,.T.);
#3068=ORIENTED_EDGE('',*,*,#2036,.T.);
#3069=ORIENTED_EDGE('',*,*,#2289,.T.);
#3070=ORIENTED_EDGE('',*,*,#2290,.T.);
#3071=ORIENTED_EDGE('',*,*,#2291,.T.);
#3072=ORIENTED_EDGE('',*,*,#2292,.T.);
#3073=ORIENTED_EDGE('',*,*,#2293,.T.);
#3074=ORIENTED_EDGE('',*,*,#2032,.T.);
#3075=ORIENTED_EDGE('',*,*,#2294,.T.);
#3076=ORIENTED_EDGE('',*,*,#2295,.T.);
#3077=ORIENTED_EDGE('',*,*,#2296,.T.);
#3078=ORIENTED_EDGE('',*,*,#2297,.T.);
#3079=ORIENTED_EDGE('',*,*,#2298,.T.);
#3080=ORIENTED_EDGE('',*,*,#2028,.T.);
#3081=ORIENTED_EDGE('',*,*,#2299,.T.);
#3082=ORIENTED_EDGE('',*,*,#2300,.T.);
#3083=ORIENTED_EDGE('',*,*,#2301,.T.);
#3084=ORIENTED_EDGE('',*,*,#2302,.T.);
#3085=ORIENTED_EDGE('',*,*,#2303,.T.);
#3086=ORIENTED_EDGE('',*,*,#2024,.T.);
#3087=ORIENTED_EDGE('',*,*,#2304,.T.);
#3088=ORIENTED_EDGE('',*,*,#2305,.T.);
#3089=ORIENTED_EDGE('',*,*,#2306,.T.);
#3090=ORIENTED_EDGE('',*,*,#2307,.T.);
#3091=ORIENTED_EDGE('',*,*,#2308,.T.);
#3092=ORIENTED_EDGE('',*,*,#2020,.T.);
#3093=ORIENTED_EDGE('',*,*,#2076,.T.);
#3094=ORIENTED_EDGE('',*,*,#2309,.T.);
#3095=ORIENTED_EDGE('',*,*,#2310,.T.);
#3096=ORIENTED_EDGE('',*,*,#2311,.T.);
#3097=ORIENTED_EDGE('',*,*,#2312,.T.);
#3098=ORIENTED_EDGE('',*,*,#2016,.T.);
#3099=ORIENTED_EDGE('',*,*,#2080,.T.);
#3100=ORIENTED_EDGE('',*,*,#2313,.T.);
#3101=ORIENTED_EDGE('',*,*,#2314,.T.);
#3102=ORIENTED_EDGE('',*,*,#2315,.T.);
#3103=ORIENTED_EDGE('',*,*,#2316,.T.);
#3104=ORIENTED_EDGE('',*,*,#2317,.T.);
#3105=ORIENTED_EDGE('',*,*,#2318,.T.);
#3106=ORIENTED_EDGE('',*,*,#2319,.T.);
#3107=ORIENTED_EDGE('',*,*,#2320,.T.);
#3108=ORIENTED_EDGE('',*,*,#2321,.T.);
#3109=ORIENTED_EDGE('',*,*,#2322,.T.);
#3110=ORIENTED_EDGE('',*,*,#2323,.T.);
#3111=ORIENTED_EDGE('',*,*,#2324,.T.);
#3112=ORIENTED_EDGE('',*,*,#2325,.T.);
#3113=ORIENTED_EDGE('',*,*,#2326,.T.);
#3114=ORIENTED_EDGE('',*,*,#2327,.T.);
#3115=ORIENTED_EDGE('',*,*,#2328,.T.);
#3116=ORIENTED_EDGE('',*,*,#2329,.T.);
#3117=ORIENTED_EDGE('',*,*,#2330,.T.);
#3118=ORIENTED_EDGE('',*,*,#2331,.T.);
#3119=ORIENTED_EDGE('',*,*,#2332,.T.);
#3120=ORIENTED_EDGE('',*,*,#2333,.T.);
#3121=ORIENTED_EDGE('',*,*,#2334,.T.);
#3122=ORIENTED_EDGE('',*,*,#2335,.T.);
#3123=ORIENTED_EDGE('',*,*,#2336,.T.);
#3124=ORIENTED_EDGE('',*,*,#2337,.T.);
#3125=ORIENTED_EDGE('',*,*,#2338,.T.);
#3126=ORIENTED_EDGE('',*,*,#2339,.T.);
#3127=ORIENTED_EDGE('',*,*,#2340,.T.);
#3128=ORIENTED_EDGE('',*,*,#2341,.T.);
#3129=ORIENTED_EDGE('',*,*,#2342,.T.);
#3130=ORIENTED_EDGE('',*,*,#2343,.T.);
#3131=ORIENTED_EDGE('',*,*,#2344,.T.);
#3132=ORIENTED_EDGE('',*,*,#2345,.T.);
#3133=ORIENTED_EDGE('',*,*,#2346,.T.);
#3134=ORIENTED_EDGE('',*,*,#2347,.T.);
#3135=ORIENTED_EDGE('',*,*,#2348,.T.);
#3136=ORIENTED_EDGE('',*,*,#2349,.T.);
#3137=ORIENTED_EDGE('',*,*,#2350,.T.);
#3138=ORIENTED_EDGE('',*,*,#2351,.T.);
#3139=ORIENTED_EDGE('',*,*,#2352,.T.);
#3140=ORIENTED_EDGE('',*,*,#2353,.T.);
#3141=ORIENTED_EDGE('',*,*,#2354,.T.);
#3142=ORIENTED_EDGE('',*,*,#2355,.T.);
#3143=ORIENTED_EDGE('',*,*,#2356,.T.);
#3144=ORIENTED_EDGE('',*,*,#2357,.T.);
#3145=ORIENTED_EDGE('',*,*,#2358,.T.);
#3146=ORIENTED_EDGE('',*,*,#2359,.T.);
#3147=ORIENTED_EDGE('',*,*,#2360,.T.);
#3148=ORIENTED_EDGE('',*,*,#2361,.T.);
#3149=ORIENTED_EDGE('',*,*,#2362,.T.);
#3150=ORIENTED_EDGE('',*,*,#2363,.T.);
#3151=ORIENTED_EDGE('',*,*,#2364,.T.);
#3152=ORIENTED_EDGE('',*,*,#2365,.T.);
#3153=ORIENTED_EDGE('',*,*,#2366,.T.);
#3154=ORIENTED_EDGE('',*,*,#2367,.T.);
#3155=ORIENTED_EDGE('',*,*,#2368,.T.);
#3156=ORIENTED_EDGE('',*,*,#2369,.T.);
#3157=ORIENTED_EDGE('',*,*,#2370,.T.);
#3158=ORIENTED_EDGE('',*,*,#2371,.T.);
#3159=ORIENTED_EDGE('',*,*,#2372,.T.);
#3160=ORIENTED_EDGE('',*,*,#2373,.T.);
#3161=ORIENTED_EDGE('',*,*,#2374,.T.);
#3162=ORIENTED_EDGE('',*,*,#2375,.T.);
#3163=ORIENTED_EDGE('',*,*,#2376,.T.);
#3164=ORIENTED_EDGE('',*,*,#2377,.T.);
#3165=ORIENTED_EDGE('',*,*,#2378,.T.);
#3166=ORIENTED_EDGE('',*,*,#2379,.T.);
#3167=ORIENTED_EDGE('',*,*,#2380,.T.);
#3168=ORIENTED_EDGE('',*,*,#2381,.T.);
#3169=ORIENTED_EDGE('',*,*,#2382,.T.);
#3170=ORIENTED_EDGE('',*,*,#2383,.T.);
#3171=ORIENTED_EDGE('',*,*,#2384,.T.);
#3172=ORIENTED_EDGE('',*,*,#2385,.T.);
#3173=ORIENTED_EDGE('',*,*,#2386,.T.);
#3174=ORIENTED_EDGE('',*,*,#2387,.T.);
#3175=ORIENTED_EDGE('',*,*,#2388,.T.);
#3176=ORIENTED_EDGE('',*,*,#2389,.T.);
#3177=ORIENTED_EDGE('',*,*,#2390,.T.);
#3178=ORIENTED_EDGE('',*,*,#2391,.T.);
#3179=ORIENTED_EDGE('',*,*,#2392,.T.);
#3180=ORIENTED_EDGE('',*,*,#2393,.T.);
#3181=ORIENTED_EDGE('',*,*,#2394,.T.);
#3182=ORIENTED_EDGE('',*,*,#2395,.T.);
#3183=ORIENTED_EDGE('',*,*,#2396,.T.);
#3184=ORIENTED_EDGE('',*,*,#2397,.T.);
#3185=ORIENTED_EDGE('',*,*,#2398,.T.);
#3186=ORIENTED_EDGE('',*,*,#2399,.T.);
#3187=ORIENTED_EDGE('',*,*,#2400,.T.);
#3188=ORIENTED_EDGE('',*,*,#2401,.T.);
#3189=ORIENTED_EDGE('',*,*,#2402,.T.);
#3190=ORIENTED_EDGE('',*,*,#2403,.T.);
#3191=ORIENTED_EDGE('',*,*,#2404,.T.);
#3192=ORIENTED_EDGE('',*,*,#2405,.T.);
#3193=ORIENTED_EDGE('',*,*,#2406,.T.);
#3194=ORIENTED_EDGE('',*,*,#2407,.T.);
#3195=ORIENTED_EDGE('',*,*,#2408,.T.);
#3196=ORIENTED_EDGE('',*,*,#2409,.T.);
#3197=ORIENTED_EDGE('',*,*,#2085,.T.);
#3198=ORIENTED_EDGE('',*,*,#2068,.T.);
#3199=ORIENTED_EDGE('',*,*,#2410,.T.);
#3200=ORIENTED_EDGE('',*,*,#2411,.T.);
#3201=ORIENTED_EDGE('',*,*,#2412,.T.);
#3202=ORIENTED_EDGE('',*,*,#2413,.T.);
#3203=ORIENTED_EDGE('',*,*,#2074,.T.);
#3204=ORIENTED_EDGE('',*,*,#2064,.T.);
#3205=ORIENTED_EDGE('',*,*,#2414,.T.);
#3206=ORIENTED_EDGE('',*,*,#2415,.T.);
#3207=ORIENTED_EDGE('',*,*,#2416,.T.);
#3208=ORIENTED_EDGE('',*,*,#2417,.T.);
#3209=ORIENTED_EDGE('',*,*,#2418,.T.);
#3210=ORIENTED_EDGE('',*,*,#2060,.T.);
#3211=ORIENTED_EDGE('',*,*,#2419,.T.);
#3212=ORIENTED_EDGE('',*,*,#2420,.T.);
#3213=ORIENTED_EDGE('',*,*,#2421,.T.);
#3214=ORIENTED_EDGE('',*,*,#2422,.T.);
#3215=ORIENTED_EDGE('',*,*,#2001,.T.);
#3216=ORIENTED_EDGE('',*,*,#2423,.T.);
#3217=ORIENTED_EDGE('',*,*,#2424,.T.);
#3218=ORIENTED_EDGE('',*,*,#2425,.T.);
#3219=ORIENTED_EDGE('',*,*,#2426,.F.);
#3220=ORIENTED_EDGE('',*,*,#2427,.T.);
#3221=ORIENTED_EDGE('',*,*,#2428,.T.);
#3222=ORIENTED_EDGE('',*,*,#2429,.T.);
#3223=ORIENTED_EDGE('',*,*,#2430,.F.);
#3224=ORIENTED_EDGE('',*,*,#2431,.T.);
#3225=ORIENTED_EDGE('',*,*,#2432,.T.);
#3226=ORIENTED_EDGE('',*,*,#2433,.T.);
#3227=ORIENTED_EDGE('',*,*,#2434,.F.);
#3228=ORIENTED_EDGE('',*,*,#2435,.T.);
#3229=ORIENTED_EDGE('',*,*,#2436,.F.);
#3230=ORIENTED_EDGE('',*,*,#2437,.T.);
#3231=ORIENTED_EDGE('',*,*,#2438,.T.);
#3232=ORIENTED_EDGE('',*,*,#2439,.T.);
#3233=ORIENTED_EDGE('',*,*,#2440,.T.);
#3234=ORIENTED_EDGE('',*,*,#2441,.T.);
#3235=ORIENTED_EDGE('',*,*,#2442,.F.);
#3236=ORIENTED_EDGE('',*,*,#2096,.T.);
#3237=ORIENTED_EDGE('',*,*,#2443,.T.);
#3238=ORIENTED_EDGE('',*,*,#2444,.T.);
#3239=ORIENTED_EDGE('',*,*,#2445,.F.);
#3240=ORIENTED_EDGE('',*,*,#2446,.T.);
#3241=ORIENTED_EDGE('',*,*,#2447,.T.);
#3242=ORIENTED_EDGE('',*,*,#2448,.T.);
#3243=ORIENTED_EDGE('',*,*,#2449,.F.);
#3244=ORIENTED_EDGE('',*,*,#2450,.T.);
#3245=ORIENTED_EDGE('',*,*,#2451,.T.);
#3246=ORIENTED_EDGE('',*,*,#2452,.T.);
#3247=ORIENTED_EDGE('',*,*,#2453,.F.);
#3248=ORIENTED_EDGE('',*,*,#2454,.T.);
#3249=ORIENTED_EDGE('',*,*,#2455,.T.);
#3250=ORIENTED_EDGE('',*,*,#2456,.T.);
#3251=ORIENTED_EDGE('',*,*,#2457,.F.);
#3252=ORIENTED_EDGE('',*,*,#2458,.T.);
#3253=ORIENTED_EDGE('',*,*,#2079,.T.);
#3254=ORIENTED_EDGE('',*,*,#2459,.T.);
#3255=ORIENTED_EDGE('',*,*,#2460,.F.);
#3256=ORIENTED_EDGE('',*,*,#2461,.T.);
#3257=ORIENTED_EDGE('',*,*,#2462,.T.);
#3258=ORIENTED_EDGE('',*,*,#2463,.T.);
#3259=ORIENTED_EDGE('',*,*,#2464,.F.);
#3260=ORIENTED_EDGE('',*,*,#2465,.T.);
#3261=ORIENTED_EDGE('',*,*,#2466,.F.);
#3262=ORIENTED_EDGE('',*,*,#2467,.T.);
#3263=ORIENTED_EDGE('',*,*,#2468,.T.);
#3264=ORIENTED_EDGE('',*,*,#2469,.T.);
#3265=ORIENTED_EDGE('',*,*,#2083,.T.);
#3266=ORIENTED_EDGE('',*,*,#2470,.T.);
#3267=ORIENTED_EDGE('',*,*,#2471,.F.);
#3268=ORIENTED_EDGE('',*,*,#2472,.T.);
#3269=ORIENTED_EDGE('',*,*,#2473,.T.);
#3270=ORIENTED_EDGE('',*,*,#2474,.T.);
#3271=ORIENTED_EDGE('',*,*,#2475,.F.);
#3272=ORIENTED_EDGE('',*,*,#2476,.T.);
#3273=ORIENTED_EDGE('',*,*,#2477,.T.);
#3274=ORIENTED_EDGE('',*,*,#2478,.T.);
#3275=ORIENTED_EDGE('',*,*,#2479,.F.);
#3276=ORIENTED_EDGE('',*,*,#2480,.T.);
#3277=ORIENTED_EDGE('',*,*,#2481,.T.);
#3278=ORIENTED_EDGE('',*,*,#2482,.T.);
#3279=ORIENTED_EDGE('',*,*,#2483,.F.);
#3280=ORIENTED_EDGE('',*,*,#2484,.T.);
#3281=ORIENTED_EDGE('',*,*,#2485,.T.);
#3282=ORIENTED_EDGE('',*,*,#2486,.T.);
#3283=ORIENTED_EDGE('',*,*,#2487,.F.);
#3284=ORIENTED_EDGE('',*,*,#2488,.T.);
#3285=ORIENTED_EDGE('',*,*,#2489,.F.);
#3286=ORIENTED_EDGE('',*,*,#2490,.T.);
#3287=ORIENTED_EDGE('',*,*,#2491,.T.);
#3288=ORIENTED_EDGE('',*,*,#2492,.T.);
#3289=ORIENTED_EDGE('',*,*,#2493,.T.);
#3290=ORIENTED_EDGE('',*,*,#2494,.T.);
#3291=ORIENTED_EDGE('',*,*,#2495,.F.);
#3292=ORIENTED_EDGE('',*,*,#2496,.T.);
#3293=ORIENTED_EDGE('',*,*,#2497,.T.);
#3294=ORIENTED_EDGE('',*,*,#2498,.T.);
#3295=ORIENTED_EDGE('',*,*,#2499,.F.);
#3296=ORIENTED_EDGE('',*,*,#2500,.T.);
#3297=ORIENTED_EDGE('',*,*,#2501,.F.);
#3298=ORIENTED_EDGE('',*,*,#2502,.T.);
#3299=ORIENTED_EDGE('',*,*,#2503,.T.);
#3300=ORIENTED_EDGE('',*,*,#2504,.T.);
#3301=ORIENTED_EDGE('',*,*,#2505,.F.);
#3302=ORIENTED_EDGE('',*,*,#2506,.T.);
#3303=ORIENTED_EDGE('',*,*,#2507,.T.);
#3304=ORIENTED_EDGE('',*,*,#2508,.T.);
#3305=ORIENTED_EDGE('',*,*,#2509,.F.);
#3306=ORIENTED_EDGE('',*,*,#2510,.T.);
#3307=ORIENTED_EDGE('',*,*,#2511,.T.);
#3308=ORIENTED_EDGE('',*,*,#2512,.T.);
#3309=ORIENTED_EDGE('',*,*,#2513,.T.);
#3310=ORIENTED_EDGE('',*,*,#2514,.T.);
#3311=ORIENTED_EDGE('',*,*,#2515,.F.);
#3312=ORIENTED_EDGE('',*,*,#2516,.T.);
#3313=ORIENTED_EDGE('',*,*,#2517,.F.);
#3314=ORIENTED_EDGE('',*,*,#2518,.T.);
#3315=ORIENTED_EDGE('',*,*,#2519,.T.);
#3316=ORIENTED_EDGE('',*,*,#2520,.T.);
#3317=ORIENTED_EDGE('',*,*,#2521,.T.);
#3318=ORIENTED_EDGE('',*,*,#2522,.T.);
#3319=ORIENTED_EDGE('',*,*,#2523,.F.);
#3320=ORIENTED_EDGE('',*,*,#2524,.T.);
#3321=ORIENTED_EDGE('',*,*,#2525,.F.);
#3322=ORIENTED_EDGE('',*,*,#2526,.T.);
#3323=ORIENTED_EDGE('',*,*,#2527,.T.);
#3324=ORIENTED_EDGE('',*,*,#2528,.T.);
#3325=ORIENTED_EDGE('',*,*,#2071,.F.);
#3326=ORIENTED_EDGE('',*,*,#2529,.T.);
#3327=ORIENTED_EDGE('',*,*,#2530,.T.);
#3328=ORIENTED_EDGE('',*,*,#2531,.F.);
#3329=ORIENTED_EDGE('',*,*,#2423,.F.);
#3330=ORIENTED_EDGE('',*,*,#2532,.F.);
#3331=ORIENTED_EDGE('',*,*,#2266,.F.);
#3332=ORIENTED_EDGE('',*,*,#2533,.F.);
#3333=ORIENTED_EDGE('',*,*,#2427,.F.);
#3334=ORIENTED_EDGE('',*,*,#2534,.F.);
#3335=ORIENTED_EDGE('',*,*,#2271,.F.);
#3336=ORIENTED_EDGE('',*,*,#2535,.F.);
#3337=ORIENTED_EDGE('',*,*,#2431,.F.);
#3338=ORIENTED_EDGE('',*,*,#2536,.F.);
#3339=ORIENTED_EDGE('',*,*,#2417,.F.);
#3340=ORIENTED_EDGE('',*,*,#2537,.F.);
#3341=ORIENTED_EDGE('',*,*,#2422,.F.);
#3342=ORIENTED_EDGE('',*,*,#2538,.F.);
#3343=ORIENTED_EDGE('',*,*,#2437,.F.);
#3344=ORIENTED_EDGE('',*,*,#2539,.F.);
#3345=ORIENTED_EDGE('',*,*,#2439,.F.);
#3346=ORIENTED_EDGE('',*,*,#2540,.F.);
#3347=ORIENTED_EDGE('',*,*,#2276,.F.);
#3348=ORIENTED_EDGE('',*,*,#2541,.F.);
#3349=ORIENTED_EDGE('',*,*,#2446,.F.);
#3350=ORIENTED_EDGE('',*,*,#2542,.F.);
#3351=ORIENTED_EDGE('',*,*,#2285,.F.);
#3352=ORIENTED_EDGE('',*,*,#2543,.F.);
#3353=ORIENTED_EDGE('',*,*,#2450,.F.);
#3354=ORIENTED_EDGE('',*,*,#2544,.F.);
#3355=ORIENTED_EDGE('',*,*,#2290,.F.);
#3356=ORIENTED_EDGE('',*,*,#2545,.F.);
#3357=ORIENTED_EDGE('',*,*,#2454,.F.);
#3358=ORIENTED_EDGE('',*,*,#2546,.F.);
#3359=ORIENTED_EDGE('',*,*,#2305,.F.);
#3360=ORIENTED_EDGE('',*,*,#2075,.F.);
#3361=ORIENTED_EDGE('',*,*,#2458,.F.);
#3362=ORIENTED_EDGE('',*,*,#2547,.F.);
#3363=ORIENTED_EDGE('',*,*,#2309,.F.);
#3364=ORIENTED_EDGE('',*,*,#2548,.F.);
#3365=ORIENTED_EDGE('',*,*,#2461,.F.);
#3366=ORIENTED_EDGE('',*,*,#2549,.F.);
#3367=ORIENTED_EDGE('',*,*,#2295,.F.);
#3368=ORIENTED_EDGE('',*,*,#2550,.F.);
#3369=ORIENTED_EDGE('',*,*,#2300,.F.);
#3370=ORIENTED_EDGE('',*,*,#2551,.F.);
#3371=ORIENTED_EDGE('',*,*,#2467,.F.);
#3372=ORIENTED_EDGE('',*,*,#2084,.F.);
#3373=ORIENTED_EDGE('',*,*,#2469,.F.);
#3374=ORIENTED_EDGE('',*,*,#2552,.F.);
#3375=ORIENTED_EDGE('',*,*,#2313,.F.);
#3376=ORIENTED_EDGE('',*,*,#2553,.F.);
#3377=ORIENTED_EDGE('',*,*,#2472,.F.);
#3378=ORIENTED_EDGE('',*,*,#2554,.F.);
#3379=ORIENTED_EDGE('',*,*,#2319,.F.);
#3380=ORIENTED_EDGE('',*,*,#2555,.F.);
#3381=ORIENTED_EDGE('',*,*,#2476,.F.);
#3382=ORIENTED_EDGE('',*,*,#2556,.F.);
#3383=ORIENTED_EDGE('',*,*,#2325,.F.);
#3384=ORIENTED_EDGE('',*,*,#2557,.F.);
#3385=ORIENTED_EDGE('',*,*,#2480,.F.);
#3386=ORIENTED_EDGE('',*,*,#2558,.F.);
#3387=ORIENTED_EDGE('',*,*,#2331,.F.);
#3388=ORIENTED_EDGE('',*,*,#2559,.F.);
#3389=ORIENTED_EDGE('',*,*,#2484,.F.);
#3390=ORIENTED_EDGE('',*,*,#2560,.F.);
#3391=ORIENTED_EDGE('',*,*,#2391,.F.);
#3392=ORIENTED_EDGE('',*,*,#2561,.F.);
#3393=ORIENTED_EDGE('',*,*,#2385,.F.);
#3394=ORIENTED_EDGE('',*,*,#2562,.F.);
#3395=ORIENTED_EDGE('',*,*,#2490,.F.);
#3396=ORIENTED_EDGE('',*,*,#2563,.F.);
#3397=ORIENTED_EDGE('',*,*,#2492,.F.);
#3398=ORIENTED_EDGE('',*,*,#2564,.F.);
#3399=ORIENTED_EDGE('',*,*,#2397,.F.);
#3400=ORIENTED_EDGE('',*,*,#2565,.F.);
#3401=ORIENTED_EDGE('',*,*,#2496,.F.);
#3402=ORIENTED_EDGE('',*,*,#2566,.F.);
#3403=ORIENTED_EDGE('',*,*,#2403,.F.);
#3404=ORIENTED_EDGE('',*,*,#2567,.F.);
#3405=ORIENTED_EDGE('',*,*,#2379,.F.);
#3406=ORIENTED_EDGE('',*,*,#2568,.F.);
#3407=ORIENTED_EDGE('',*,*,#2502,.F.);
#3408=ORIENTED_EDGE('',*,*,#2569,.F.);
#3409=ORIENTED_EDGE('',*,*,#2373,.F.);
#3410=ORIENTED_EDGE('',*,*,#2570,.F.);
#3411=ORIENTED_EDGE('',*,*,#2506,.F.);
#3412=ORIENTED_EDGE('',*,*,#2571,.F.);
#3413=ORIENTED_EDGE('',*,*,#2367,.F.);
#3414=ORIENTED_EDGE('',*,*,#2572,.F.);
#3415=ORIENTED_EDGE('',*,*,#2510,.F.);
#3416=ORIENTED_EDGE('',*,*,#2573,.F.);
#3417=ORIENTED_EDGE('',*,*,#2361,.F.);
#3418=ORIENTED_EDGE('',*,*,#2574,.F.);
#3419=ORIENTED_EDGE('',*,*,#2099,.F.);
#3420=ORIENTED_EDGE('',*,*,#2575,.F.);
#3421=ORIENTED_EDGE('',*,*,#2512,.F.);
#3422=ORIENTED_EDGE('',*,*,#2576,.F.);
#3423=ORIENTED_EDGE('',*,*,#2343,.F.);
#3424=ORIENTED_EDGE('',*,*,#2577,.F.);
#3425=ORIENTED_EDGE('',*,*,#2337,.F.);
#3426=ORIENTED_EDGE('',*,*,#2578,.F.);
#3427=ORIENTED_EDGE('',*,*,#2518,.F.);
#3428=ORIENTED_EDGE('',*,*,#2579,.F.);
#3429=ORIENTED_EDGE('',*,*,#2520,.F.);
#3430=ORIENTED_EDGE('',*,*,#2580,.F.);
#3431=ORIENTED_EDGE('',*,*,#2349,.F.);
#3432=ORIENTED_EDGE('',*,*,#2581,.F.);
#3433=ORIENTED_EDGE('',*,*,#2355,.F.);
#3434=ORIENTED_EDGE('',*,*,#2582,.F.);
#3435=ORIENTED_EDGE('',*,*,#2526,.F.);
#3436=ORIENTED_EDGE('',*,*,#2070,.F.);
#3437=ORIENTED_EDGE('',*,*,#2413,.F.);
#3438=ORIENTED_EDGE('',*,*,#2583,.F.);
#3439=ORIENTED_EDGE('',*,*,#2529,.F.);
#3440=ORIENTED_EDGE('',*,*,#2584,.F.);
#3441=ORIENTED_EDGE('',*,*,#2261,.F.);
#3442=ORIENTED_EDGE('',*,*,#2585,.F.);
#3443=ORIENTED_EDGE('',*,*,#2425,.F.);
#3444=ORIENTED_EDGE('',*,*,#2586,.F.);
#3445=ORIENTED_EDGE('',*,*,#2256,.F.);
#3446=ORIENTED_EDGE('',*,*,#2587,.F.);
#3447=ORIENTED_EDGE('',*,*,#2429,.F.);
#3448=ORIENTED_EDGE('',*,*,#2588,.F.);
#3449=ORIENTED_EDGE('',*,*,#2110,.F.);
#3450=ORIENTED_EDGE('',*,*,#2589,.F.);
#3451=ORIENTED_EDGE('',*,*,#2433,.F.);
#3452=ORIENTED_EDGE('',*,*,#2590,.F.);
#3453=ORIENTED_EDGE('',*,*,#2435,.F.);
#3454=ORIENTED_EDGE('',*,*,#2591,.F.);
#3455=ORIENTED_EDGE('',*,*,#2105,.F.);
#3456=ORIENTED_EDGE('',*,*,#2592,.F.);
#3457=ORIENTED_EDGE('',*,*,#2251,.F.);
#3458=ORIENTED_EDGE('',*,*,#2593,.F.);
#3459=ORIENTED_EDGE('',*,*,#2441,.F.);
#3460=ORIENTED_EDGE('',*,*,#2594,.F.);
#3461=ORIENTED_EDGE('',*,*,#2246,.F.);
#3462=ORIENTED_EDGE('',*,*,#2595,.F.);
#3463=ORIENTED_EDGE('',*,*,#2444,.F.);
#3464=ORIENTED_EDGE('',*,*,#2596,.F.);
#3465=ORIENTED_EDGE('',*,*,#2241,.F.);
#3466=ORIENTED_EDGE('',*,*,#2597,.F.);
#3467=ORIENTED_EDGE('',*,*,#2448,.F.);
#3468=ORIENTED_EDGE('',*,*,#2598,.F.);
#3469=ORIENTED_EDGE('',*,*,#2236,.F.);
#3470=ORIENTED_EDGE('',*,*,#2599,.F.);
#3471=ORIENTED_EDGE('',*,*,#2452,.F.);
#3472=ORIENTED_EDGE('',*,*,#2600,.F.);
#3473=ORIENTED_EDGE('',*,*,#2221,.F.);
#3474=ORIENTED_EDGE('',*,*,#2601,.F.);
#3475=ORIENTED_EDGE('',*,*,#2456,.F.);
#3476=ORIENTED_EDGE('',*,*,#2078,.F.);
#3477=ORIENTED_EDGE('',*,*,#2217,.F.);
#3478=ORIENTED_EDGE('',*,*,#2602,.F.);
#3479=ORIENTED_EDGE('',*,*,#2459,.F.);
#3480=ORIENTED_EDGE('',*,*,#2603,.F.);
#3481=ORIENTED_EDGE('',*,*,#2231,.F.);
#3482=ORIENTED_EDGE('',*,*,#2604,.F.);
#3483=ORIENTED_EDGE('',*,*,#2463,.F.);
#3484=ORIENTED_EDGE('',*,*,#2605,.F.);
#3485=ORIENTED_EDGE('',*,*,#2465,.F.);
#3486=ORIENTED_EDGE('',*,*,#2606,.F.);
#3487=ORIENTED_EDGE('',*,*,#2226,.F.);
#3488=ORIENTED_EDGE('',*,*,#2082,.F.);
#3489=ORIENTED_EDGE('',*,*,#2213,.F.);
#3490=ORIENTED_EDGE('',*,*,#2607,.F.);
#3491=ORIENTED_EDGE('',*,*,#2470,.F.);
#3492=ORIENTED_EDGE('',*,*,#2608,.F.);
#3493=ORIENTED_EDGE('',*,*,#2207,.F.);
#3494=ORIENTED_EDGE('',*,*,#2609,.F.);
#3495=ORIENTED_EDGE('',*,*,#2474,.F.);
#3496=ORIENTED_EDGE('',*,*,#2610,.F.);
#3497=ORIENTED_EDGE('',*,*,#2201,.F.);
#3498=ORIENTED_EDGE('',*,*,#2611,.F.);
#3499=ORIENTED_EDGE('',*,*,#2478,.F.);
#3500=ORIENTED_EDGE('',*,*,#2612,.F.);
#3501=ORIENTED_EDGE('',*,*,#2195,.F.);
#3502=ORIENTED_EDGE('',*,*,#2613,.F.);
#3503=ORIENTED_EDGE('',*,*,#2482,.F.);
#3504=ORIENTED_EDGE('',*,*,#2614,.F.);
#3505=ORIENTED_EDGE('',*,*,#2136,.F.);
#3506=ORIENTED_EDGE('',*,*,#2615,.F.);
#3507=ORIENTED_EDGE('',*,*,#2486,.F.);
#3508=ORIENTED_EDGE('',*,*,#2616,.F.);
#3509=ORIENTED_EDGE('',*,*,#2488,.F.);
#3510=ORIENTED_EDGE('',*,*,#2617,.F.);
#3511=ORIENTED_EDGE('',*,*,#2142,.F.);
#3512=ORIENTED_EDGE('',*,*,#2618,.F.);
#3513=ORIENTED_EDGE('',*,*,#2130,.F.);
#3514=ORIENTED_EDGE('',*,*,#2619,.F.);
#3515=ORIENTED_EDGE('',*,*,#2494,.F.);
#3516=ORIENTED_EDGE('',*,*,#2620,.F.);
#3517=ORIENTED_EDGE('',*,*,#2124,.F.);
#3518=ORIENTED_EDGE('',*,*,#2621,.F.);
#3519=ORIENTED_EDGE('',*,*,#2498,.F.);
#3520=ORIENTED_EDGE('',*,*,#2622,.F.);
#3521=ORIENTED_EDGE('',*,*,#2500,.F.);
#3522=ORIENTED_EDGE('',*,*,#2623,.F.);
#3523=ORIENTED_EDGE('',*,*,#2148,.F.);
#3524=ORIENTED_EDGE('',*,*,#2624,.F.);
#3525=ORIENTED_EDGE('',*,*,#2504,.F.);
#3526=ORIENTED_EDGE('',*,*,#2625,.F.);
#3527=ORIENTED_EDGE('',*,*,#2154,.F.);
#3528=ORIENTED_EDGE('',*,*,#2626,.F.);
#3529=ORIENTED_EDGE('',*,*,#2508,.F.);
#3530=ORIENTED_EDGE('',*,*,#2627,.F.);
#3531=ORIENTED_EDGE('',*,*,#2160,.F.);
#3532=ORIENTED_EDGE('',*,*,#2628,.F.);
#3533=ORIENTED_EDGE('',*,*,#2183,.F.);
#3534=ORIENTED_EDGE('',*,*,#2629,.F.);
#3535=ORIENTED_EDGE('',*,*,#2514,.F.);
#3536=ORIENTED_EDGE('',*,*,#2630,.F.);
#3537=ORIENTED_EDGE('',*,*,#2516,.F.);
#3538=ORIENTED_EDGE('',*,*,#2631,.F.);
#3539=ORIENTED_EDGE('',*,*,#2189,.F.);
#3540=ORIENTED_EDGE('',*,*,#2632,.F.);
#3541=ORIENTED_EDGE('',*,*,#2177,.F.);
#3542=ORIENTED_EDGE('',*,*,#2633,.F.);
#3543=ORIENTED_EDGE('',*,*,#2522,.F.);
#3544=ORIENTED_EDGE('',*,*,#2634,.F.);
#3545=ORIENTED_EDGE('',*,*,#2524,.F.);
#3546=ORIENTED_EDGE('',*,*,#2635,.F.);
#3547=ORIENTED_EDGE('',*,*,#2171,.F.);
#3548=ORIENTED_EDGE('',*,*,#2072,.F.);
#3549=ORIENTED_EDGE('',*,*,#2528,.F.);
#3550=ORIENTED_EDGE('',*,*,#2636,.F.);
#3551=ORIENTED_EDGE('',*,*,#2114,.F.);
#3552=ORIENTED_EDGE('',*,*,#2637,.T.);
#3553=ORIENTED_EDGE('',*,*,#2087,.F.);
#3554=ORIENTED_EDGE('',*,*,#2638,.T.);
#3555=ORIENTED_EDGE('',*,*,#2639,.T.);
#3556=ORIENTED_EDGE('',*,*,#2639,.F.);
#3557=ORIENTED_EDGE('',*,*,#2640,.T.);
#3558=ORIENTED_EDGE('',*,*,#2408,.F.);
#3559=ORIENTED_EDGE('',*,*,#2641,.T.);
#3560=ORIENTED_EDGE('',*,*,#2119,.T.);
#3561=ORIENTED_EDGE('',*,*,#2642,.T.);
#3562=ORIENTED_EDGE('',*,*,#2121,.T.);
#3563=ORIENTED_EDGE('',*,*,#2643,.T.);
#3564=ORIENTED_EDGE('',*,*,#2406,.F.);
#3565=ORIENTED_EDGE('',*,*,#2644,.T.);
#3566=ORIENTED_EDGE('',*,*,#2404,.F.);
#3567=ORIENTED_EDGE('',*,*,#2566,.T.);
#3568=ORIENTED_EDGE('',*,*,#2499,.T.);
#3569=ORIENTED_EDGE('',*,*,#2621,.T.);
#3570=ORIENTED_EDGE('',*,*,#2123,.T.);
#3571=ORIENTED_EDGE('',*,*,#2645,.T.);
#3572=ORIENTED_EDGE('',*,*,#2407,.F.);
#3573=ORIENTED_EDGE('',*,*,#2643,.F.);
#3574=ORIENTED_EDGE('',*,*,#2120,.F.);
#3575=ORIENTED_EDGE('',*,*,#2641,.F.);
#3576=ORIENTED_EDGE('',*,*,#2405,.F.);
#3577=ORIENTED_EDGE('',*,*,#2645,.F.);
#3578=ORIENTED_EDGE('',*,*,#2122,.F.);
#3579=ORIENTED_EDGE('',*,*,#2644,.F.);
#3580=ORIENTED_EDGE('',*,*,#2086,.F.);
#3581=ORIENTED_EDGE('',*,*,#2409,.F.);
#3582=ORIENTED_EDGE('',*,*,#2640,.F.);
#3583=ORIENTED_EDGE('',*,*,#2638,.F.);
#3584=ORIENTED_EDGE('',*,*,#2088,.F.);
#3585=ORIENTED_EDGE('',*,*,#2637,.F.);
#3586=ORIENTED_EDGE('',*,*,#2642,.F.);
#3587=ORIENTED_EDGE('',*,*,#2118,.F.);
#3588=ORIENTED_EDGE('',*,*,#2412,.F.);
#3589=ORIENTED_EDGE('',*,*,#2646,.T.);
#3590=ORIENTED_EDGE('',*,*,#2115,.T.);
#3591=ORIENTED_EDGE('',*,*,#2636,.T.);
#3592=ORIENTED_EDGE('',*,*,#2530,.F.);
#3593=ORIENTED_EDGE('',*,*,#2583,.T.);
#3594=ORIENTED_EDGE('',*,*,#2117,.T.);
#3595=ORIENTED_EDGE('',*,*,#2647,.T.);
#3596=ORIENTED_EDGE('',*,*,#2410,.F.);
#3597=ORIENTED_EDGE('',*,*,#2067,.T.);
#3598=ORIENTED_EDGE('',*,*,#2354,.F.);
#3599=ORIENTED_EDGE('',*,*,#2648,.T.);
#3600=ORIENTED_EDGE('',*,*,#2172,.T.);
#3601=ORIENTED_EDGE('',*,*,#2635,.T.);
#3602=ORIENTED_EDGE('',*,*,#2527,.F.);
#3603=ORIENTED_EDGE('',*,*,#2582,.T.);
#3604=ORIENTED_EDGE('',*,*,#2174,.T.);
#3605=ORIENTED_EDGE('',*,*,#2649,.T.);
#3606=ORIENTED_EDGE('',*,*,#2352,.F.);
#3607=ORIENTED_EDGE('',*,*,#2650,.T.);
#3608=ORIENTED_EDGE('',*,*,#2176,.T.);
#3609=ORIENTED_EDGE('',*,*,#2651,.T.);
#3610=ORIENTED_EDGE('',*,*,#2350,.F.);
#3611=ORIENTED_EDGE('',*,*,#2580,.T.);
#3612=ORIENTED_EDGE('',*,*,#2523,.T.);
#3613=ORIENTED_EDGE('',*,*,#2633,.T.);
#3614=ORIENTED_EDGE('',*,*,#2348,.F.);
#3615=ORIENTED_EDGE('',*,*,#2652,.T.);
#3616=ORIENTED_EDGE('',*,*,#2178,.T.);
#3617=ORIENTED_EDGE('',*,*,#2632,.T.);
#3618=ORIENTED_EDGE('',*,*,#2521,.F.);
#3619=ORIENTED_EDGE('',*,*,#2579,.T.);
#3620=ORIENTED_EDGE('',*,*,#2180,.T.);
#3621=ORIENTED_EDGE('',*,*,#2653,.T.);
#3622=ORIENTED_EDGE('',*,*,#2346,.F.);
#3623=ORIENTED_EDGE('',*,*,#2654,.T.);
#3624=ORIENTED_EDGE('',*,*,#2182,.T.);
#3625=ORIENTED_EDGE('',*,*,#2655,.T.);
#3626=ORIENTED_EDGE('',*,*,#2344,.F.);
#3627=ORIENTED_EDGE('',*,*,#2576,.T.);
#3628=ORIENTED_EDGE('',*,*,#2515,.T.);
#3629=ORIENTED_EDGE('',*,*,#2629,.T.);
#3630=ORIENTED_EDGE('',*,*,#2336,.F.);
#3631=ORIENTED_EDGE('',*,*,#2656,.T.);
#3632=ORIENTED_EDGE('',*,*,#2190,.T.);
#3633=ORIENTED_EDGE('',*,*,#2631,.T.);
#3634=ORIENTED_EDGE('',*,*,#2519,.F.);
#3635=ORIENTED_EDGE('',*,*,#2578,.T.);
#3636=ORIENTED_EDGE('',*,*,#2192,.T.);
#3637=ORIENTED_EDGE('',*,*,#2657,.T.);
#3638=ORIENTED_EDGE('',*,*,#2334,.F.);
#3639=ORIENTED_EDGE('',*,*,#2658,.T.);
#3640=ORIENTED_EDGE('',*,*,#2194,.T.);
#3641=ORIENTED_EDGE('',*,*,#2659,.T.);
#3642=ORIENTED_EDGE('',*,*,#2332,.F.);
#3643=ORIENTED_EDGE('',*,*,#2558,.T.);
#3644=ORIENTED_EDGE('',*,*,#2483,.T.);
#3645=ORIENTED_EDGE('',*,*,#2613,.T.);
#3646=ORIENTED_EDGE('',*,*,#2342,.F.);
#3647=ORIENTED_EDGE('',*,*,#2660,.T.);
#3648=ORIENTED_EDGE('',*,*,#2184,.T.);
#3649=ORIENTED_EDGE('',*,*,#2628,.T.);
#3650=ORIENTED_EDGE('',*,*,#2513,.F.);
#3651=ORIENTED_EDGE('',*,*,#2575,.T.);
#3652=ORIENTED_EDGE('',*,*,#2186,.T.);
#3653=ORIENTED_EDGE('',*,*,#2661,.T.);
#3654=ORIENTED_EDGE('',*,*,#2340,.F.);
#3655=ORIENTED_EDGE('',*,*,#2662,.T.);
#3656=ORIENTED_EDGE('',*,*,#2188,.T.);
#3657=ORIENTED_EDGE('',*,*,#2663,.T.);
#3658=ORIENTED_EDGE('',*,*,#2338,.F.);
#3659=ORIENTED_EDGE('',*,*,#2577,.T.);
#3660=ORIENTED_EDGE('',*,*,#2517,.T.);
#3661=ORIENTED_EDGE('',*,*,#2630,.T.);
#3662=ORIENTED_EDGE('',*,*,#2360,.F.);
#3663=ORIENTED_EDGE('',*,*,#2664,.T.);
#3664=ORIENTED_EDGE('',*,*,#2166,.T.);
#3665=ORIENTED_EDGE('',*,*,#2093,.T.);
#3666=ORIENTED_EDGE('',*,*,#2100,.F.);
#3667=ORIENTED_EDGE('',*,*,#2574,.T.);
#3668=ORIENTED_EDGE('',*,*,#2168,.T.);
#3669=ORIENTED_EDGE('',*,*,#2665,.T.);
#3670=ORIENTED_EDGE('',*,*,#2358,.F.);
#3671=ORIENTED_EDGE('',*,*,#2666,.T.);
#3672=ORIENTED_EDGE('',*,*,#2170,.T.);
#3673=ORIENTED_EDGE('',*,*,#2667,.T.);
#3674=ORIENTED_EDGE('',*,*,#2356,.F.);
#3675=ORIENTED_EDGE('',*,*,#2581,.T.);
#3676=ORIENTED_EDGE('',*,*,#2525,.T.);
#3677=ORIENTED_EDGE('',*,*,#2634,.T.);
#3678=ORIENTED_EDGE('',*,*,#2366,.F.);
#3679=ORIENTED_EDGE('',*,*,#2668,.T.);
#3680=ORIENTED_EDGE('',*,*,#2161,.T.);
#3681=ORIENTED_EDGE('',*,*,#2627,.T.);
#3682=ORIENTED_EDGE('',*,*,#2511,.F.);
#3683=ORIENTED_EDGE('',*,*,#2572,.T.);
#3684=ORIENTED_EDGE('',*,*,#2163,.T.);
#3685=ORIENTED_EDGE('',*,*,#2669,.T.);
#3686=ORIENTED_EDGE('',*,*,#2364,.F.);
#3687=ORIENTED_EDGE('',*,*,#2670,.T.);
#3688=ORIENTED_EDGE('',*,*,#2165,.T.);
#3689=ORIENTED_EDGE('',*,*,#2671,.T.);
#3690=ORIENTED_EDGE('',*,*,#2362,.F.);
#3691=ORIENTED_EDGE('',*,*,#2573,.T.);
#3692=ORIENTED_EDGE('',*,*,#2098,.T.);
#3693=ORIENTED_EDGE('',*,*,#2091,.T.);
#3694=ORIENTED_EDGE('',*,*,#2372,.F.);
#3695=ORIENTED_EDGE('',*,*,#2672,.T.);
#3696=ORIENTED_EDGE('',*,*,#2155,.T.);
#3697=ORIENTED_EDGE('',*,*,#2625,.T.);
#3698=ORIENTED_EDGE('',*,*,#2507,.F.);
#3699=ORIENTED_EDGE('',*,*,#2570,.T.);
#3700=ORIENTED_EDGE('',*,*,#2157,.T.);
#3701=ORIENTED_EDGE('',*,*,#2673,.T.);
#3702=ORIENTED_EDGE('',*,*,#2370,.F.);
#3703=ORIENTED_EDGE('',*,*,#2674,.T.);
#3704=ORIENTED_EDGE('',*,*,#2159,.T.);
#3705=ORIENTED_EDGE('',*,*,#2675,.T.);
#3706=ORIENTED_EDGE('',*,*,#2368,.F.);
#3707=ORIENTED_EDGE('',*,*,#2571,.T.);
#3708=ORIENTED_EDGE('',*,*,#2509,.T.);
#3709=ORIENTED_EDGE('',*,*,#2626,.T.);
#3710=ORIENTED_EDGE('',*,*,#2378,.F.);
#3711=ORIENTED_EDGE('',*,*,#2676,.T.);
#3712=ORIENTED_EDGE('',*,*,#2149,.T.);
#3713=ORIENTED_EDGE('',*,*,#2623,.T.);
#3714=ORIENTED_EDGE('',*,*,#2503,.F.);
#3715=ORIENTED_EDGE('',*,*,#2568,.T.);
#3716=ORIENTED_EDGE('',*,*,#2151,.T.);
#3717=ORIENTED_EDGE('',*,*,#2677,.T.);
#3718=ORIENTED_EDGE('',*,*,#2376,.F.);
#3719=ORIENTED_EDGE('',*,*,#2678,.T.);
#3720=ORIENTED_EDGE('',*,*,#2153,.T.);
#3721=ORIENTED_EDGE('',*,*,#2679,.T.);
#3722=ORIENTED_EDGE('',*,*,#2374,.F.);
#3723=ORIENTED_EDGE('',*,*,#2569,.T.);
#3724=ORIENTED_EDGE('',*,*,#2505,.T.);
#3725=ORIENTED_EDGE('',*,*,#2624,.T.);
#3726=ORIENTED_EDGE('',*,*,#2402,.F.);
#3727=ORIENTED_EDGE('',*,*,#2680,.T.);
#3728=ORIENTED_EDGE('',*,*,#2125,.T.);
#3729=ORIENTED_EDGE('',*,*,#2620,.T.);
#3730=ORIENTED_EDGE('',*,*,#2497,.F.);
#3731=ORIENTED_EDGE('',*,*,#2565,.T.);
#3732=ORIENTED_EDGE('',*,*,#2127,.T.);
#3733=ORIENTED_EDGE('',*,*,#2681,.T.);
#3734=ORIENTED_EDGE('',*,*,#2400,.F.);
#3735=ORIENTED_EDGE('',*,*,#2682,.T.);
#3736=ORIENTED_EDGE('',*,*,#2129,.T.);
#3737=ORIENTED_EDGE('',*,*,#2683,.T.);
#3738=ORIENTED_EDGE('',*,*,#2398,.F.);
#3739=ORIENTED_EDGE('',*,*,#2564,.T.);
#3740=ORIENTED_EDGE('',*,*,#2495,.T.);
#3741=ORIENTED_EDGE('',*,*,#2619,.T.);
#3742=ORIENTED_EDGE('',*,*,#2396,.F.);
#3743=ORIENTED_EDGE('',*,*,#2684,.T.);
#3744=ORIENTED_EDGE('',*,*,#2131,.T.);
#3745=ORIENTED_EDGE('',*,*,#2618,.T.);
#3746=ORIENTED_EDGE('',*,*,#2493,.F.);
#3747=ORIENTED_EDGE('',*,*,#2563,.T.);
#3748=ORIENTED_EDGE('',*,*,#2133,.T.);
#3749=ORIENTED_EDGE('',*,*,#2685,.T.);
#3750=ORIENTED_EDGE('',*,*,#2394,.F.);
#3751=ORIENTED_EDGE('',*,*,#2686,.T.);
#3752=ORIENTED_EDGE('',*,*,#2135,.T.);
#3753=ORIENTED_EDGE('',*,*,#2687,.T.);
#3754=ORIENTED_EDGE('',*,*,#2392,.F.);
#3755=ORIENTED_EDGE('',*,*,#2560,.T.);
#3756=ORIENTED_EDGE('',*,*,#2487,.T.);
#3757=ORIENTED_EDGE('',*,*,#2615,.T.);
#3758=ORIENTED_EDGE('',*,*,#2384,.F.);
#3759=ORIENTED_EDGE('',*,*,#2688,.T.);
#3760=ORIENTED_EDGE('',*,*,#2143,.T.);
#3761=ORIENTED_EDGE('',*,*,#2617,.T.);
#3762=ORIENTED_EDGE('',*,*,#2491,.F.);
#3763=ORIENTED_EDGE('',*,*,#2562,.T.);
#3764=ORIENTED_EDGE('',*,*,#2145,.T.);
#3765=ORIENTED_EDGE('',*,*,#2689,.T.);
#3766=ORIENTED_EDGE('',*,*,#2382,.F.);
#3767=ORIENTED_EDGE('',*,*,#2690,.T.);
#3768=ORIENTED_EDGE('',*,*,#2147,.T.);
#3769=ORIENTED_EDGE('',*,*,#2691,.T.);
#3770=ORIENTED_EDGE('',*,*,#2380,.F.);
#3771=ORIENTED_EDGE('',*,*,#2567,.T.);
#3772=ORIENTED_EDGE('',*,*,#2501,.T.);
#3773=ORIENTED_EDGE('',*,*,#2622,.T.);
#3774=ORIENTED_EDGE('',*,*,#2390,.F.);
#3775=ORIENTED_EDGE('',*,*,#2692,.T.);
#3776=ORIENTED_EDGE('',*,*,#2137,.T.);
#3777=ORIENTED_EDGE('',*,*,#2614,.T.);
#3778=ORIENTED_EDGE('',*,*,#2485,.F.);
#3779=ORIENTED_EDGE('',*,*,#2559,.T.);
#3780=ORIENTED_EDGE('',*,*,#2139,.T.);
#3781=ORIENTED_EDGE('',*,*,#2693,.T.);
#3782=ORIENTED_EDGE('',*,*,#2388,.F.);
#3783=ORIENTED_EDGE('',*,*,#2694,.T.);
#3784=ORIENTED_EDGE('',*,*,#2141,.T.);
#3785=ORIENTED_EDGE('',*,*,#2695,.T.);
#3786=ORIENTED_EDGE('',*,*,#2386,.F.);
#3787=ORIENTED_EDGE('',*,*,#2561,.T.);
#3788=ORIENTED_EDGE('',*,*,#2489,.T.);
#3789=ORIENTED_EDGE('',*,*,#2616,.T.);
#3790=ORIENTED_EDGE('',*,*,#2330,.F.);
#3791=ORIENTED_EDGE('',*,*,#2696,.T.);
#3792=ORIENTED_EDGE('',*,*,#2196,.T.);
#3793=ORIENTED_EDGE('',*,*,#2612,.T.);
#3794=ORIENTED_EDGE('',*,*,#2481,.F.);
#3795=ORIENTED_EDGE('',*,*,#2557,.T.);
#3796=ORIENTED_EDGE('',*,*,#2198,.T.);
#3797=ORIENTED_EDGE('',*,*,#2697,.T.);
#3798=ORIENTED_EDGE('',*,*,#2328,.F.);
#3799=ORIENTED_EDGE('',*,*,#2698,.T.);
#3800=ORIENTED_EDGE('',*,*,#2200,.T.);
#3801=ORIENTED_EDGE('',*,*,#2699,.T.);
#3802=ORIENTED_EDGE('',*,*,#2326,.F.);
#3803=ORIENTED_EDGE('',*,*,#2556,.T.);
#3804=ORIENTED_EDGE('',*,*,#2479,.T.);
#3805=ORIENTED_EDGE('',*,*,#2611,.T.);
#3806=ORIENTED_EDGE('',*,*,#2324,.F.);
#3807=ORIENTED_EDGE('',*,*,#2700,.T.);
#3808=ORIENTED_EDGE('',*,*,#2202,.T.);
#3809=ORIENTED_EDGE('',*,*,#2610,.T.);
#3810=ORIENTED_EDGE('',*,*,#2477,.F.);
#3811=ORIENTED_EDGE('',*,*,#2555,.T.);
#3812=ORIENTED_EDGE('',*,*,#2204,.T.);
#3813=ORIENTED_EDGE('',*,*,#2701,.T.);
#3814=ORIENTED_EDGE('',*,*,#2322,.F.);
#3815=ORIENTED_EDGE('',*,*,#2702,.T.);
#3816=ORIENTED_EDGE('',*,*,#2206,.T.);
#3817=ORIENTED_EDGE('',*,*,#2703,.T.);
#3818=ORIENTED_EDGE('',*,*,#2320,.F.);
#3819=ORIENTED_EDGE('',*,*,#2554,.T.);
#3820=ORIENTED_EDGE('',*,*,#2475,.T.);
#3821=ORIENTED_EDGE('',*,*,#2609,.T.);
#3822=ORIENTED_EDGE('',*,*,#2318,.F.);
#3823=ORIENTED_EDGE('',*,*,#2704,.T.);
#3824=ORIENTED_EDGE('',*,*,#2208,.T.);
#3825=ORIENTED_EDGE('',*,*,#2608,.T.);
#3826=ORIENTED_EDGE('',*,*,#2473,.F.);
#3827=ORIENTED_EDGE('',*,*,#2553,.T.);
#3828=ORIENTED_EDGE('',*,*,#2210,.T.);
#3829=ORIENTED_EDGE('',*,*,#2705,.T.);
#3830=ORIENTED_EDGE('',*,*,#2316,.F.);
#3831=ORIENTED_EDGE('',*,*,#2706,.T.);
#3832=ORIENTED_EDGE('',*,*,#2212,.T.);
#3833=ORIENTED_EDGE('',*,*,#2707,.T.);
#3834=ORIENTED_EDGE('',*,*,#2314,.F.);
#3835=ORIENTED_EDGE('',*,*,#2552,.T.);
#3836=ORIENTED_EDGE('',*,*,#2471,.T.);
#3837=ORIENTED_EDGE('',*,*,#2607,.T.);
#3838=ORIENTED_EDGE('',*,*,#2214,.T.);
#3839=ORIENTED_EDGE('',*,*,#2017,.T.);
#3840=ORIENTED_EDGE('',*,*,#2312,.F.);
#3841=ORIENTED_EDGE('',*,*,#2708,.T.);
#3842=ORIENTED_EDGE('',*,*,#2216,.T.);
#3843=ORIENTED_EDGE('',*,*,#2709,.T.);
#3844=ORIENTED_EDGE('',*,*,#2310,.F.);
#3845=ORIENTED_EDGE('',*,*,#2547,.T.);
#3846=ORIENTED_EDGE('',*,*,#2460,.T.);
#3847=ORIENTED_EDGE('',*,*,#2602,.T.);
#3848=ORIENTED_EDGE('',*,*,#2299,.F.);
#3849=ORIENTED_EDGE('',*,*,#2027,.T.);
#3850=ORIENTED_EDGE('',*,*,#2227,.T.);
#3851=ORIENTED_EDGE('',*,*,#2606,.T.);
#3852=ORIENTED_EDGE('',*,*,#2468,.F.);
#3853=ORIENTED_EDGE('',*,*,#2551,.T.);
#3854=ORIENTED_EDGE('',*,*,#2228,.T.);
#3855=ORIENTED_EDGE('',*,*,#2029,.T.);
#3856=ORIENTED_EDGE('',*,*,#2298,.F.);
#3857=ORIENTED_EDGE('',*,*,#2710,.T.);
#3858=ORIENTED_EDGE('',*,*,#2230,.T.);
#3859=ORIENTED_EDGE('',*,*,#2711,.T.);
#3860=ORIENTED_EDGE('',*,*,#2296,.F.);
#3861=ORIENTED_EDGE('',*,*,#2549,.T.);
#3862=ORIENTED_EDGE('',*,*,#2464,.T.);
#3863=ORIENTED_EDGE('',*,*,#2604,.T.);
#3864=ORIENTED_EDGE('',*,*,#2294,.F.);
#3865=ORIENTED_EDGE('',*,*,#2031,.T.);
#3866=ORIENTED_EDGE('',*,*,#2232,.T.);
#3867=ORIENTED_EDGE('',*,*,#2603,.T.);
#3868=ORIENTED_EDGE('',*,*,#2462,.F.);
#3869=ORIENTED_EDGE('',*,*,#2548,.T.);
#3870=ORIENTED_EDGE('',*,*,#2233,.T.);
#3871=ORIENTED_EDGE('',*,*,#2033,.T.);
#3872=ORIENTED_EDGE('',*,*,#2293,.F.);
#3873=ORIENTED_EDGE('',*,*,#2712,.T.);
#3874=ORIENTED_EDGE('',*,*,#2235,.T.);
#3875=ORIENTED_EDGE('',*,*,#2713,.T.);
#3876=ORIENTED_EDGE('',*,*,#2291,.F.);
#3877=ORIENTED_EDGE('',*,*,#2544,.T.);
#3878=ORIENTED_EDGE('',*,*,#2453,.T.);
#3879=ORIENTED_EDGE('',*,*,#2599,.T.);
#3880=ORIENTED_EDGE('',*,*,#2218,.T.);
#3881=ORIENTED_EDGE('',*,*,#2021,.T.);
#3882=ORIENTED_EDGE('',*,*,#2308,.F.);
#3883=ORIENTED_EDGE('',*,*,#2714,.T.);
#3884=ORIENTED_EDGE('',*,*,#2220,.T.);
#3885=ORIENTED_EDGE('',*,*,#2715,.T.);
#3886=ORIENTED_EDGE('',*,*,#2306,.F.);
#3887=ORIENTED_EDGE('',*,*,#2546,.T.);
#3888=ORIENTED_EDGE('',*,*,#2457,.T.);
#3889=ORIENTED_EDGE('',*,*,#2601,.T.);
#3890=ORIENTED_EDGE('',*,*,#2304,.F.);
#3891=ORIENTED_EDGE('',*,*,#2023,.T.);
#3892=ORIENTED_EDGE('',*,*,#2222,.T.);
#3893=ORIENTED_EDGE('',*,*,#2600,.T.);
#3894=ORIENTED_EDGE('',*,*,#2455,.F.);
#3895=ORIENTED_EDGE('',*,*,#2545,.T.);
#3896=ORIENTED_EDGE('',*,*,#2223,.T.);
#3897=ORIENTED_EDGE('',*,*,#2025,.T.);
#3898=ORIENTED_EDGE('',*,*,#2303,.F.);
#3899=ORIENTED_EDGE('',*,*,#2716,.T.);
#3900=ORIENTED_EDGE('',*,*,#2225,.T.);
#3901=ORIENTED_EDGE('',*,*,#2717,.T.);
#3902=ORIENTED_EDGE('',*,*,#2301,.F.);
#3903=ORIENTED_EDGE('',*,*,#2550,.T.);
#3904=ORIENTED_EDGE('',*,*,#2466,.T.);
#3905=ORIENTED_EDGE('',*,*,#2605,.T.);
#3906=ORIENTED_EDGE('',*,*,#2289,.F.);
#3907=ORIENTED_EDGE('',*,*,#2035,.T.);
#3908=ORIENTED_EDGE('',*,*,#2237,.T.);
#3909=ORIENTED_EDGE('',*,*,#2598,.T.);
#3910=ORIENTED_EDGE('',*,*,#2451,.F.);
#3911=ORIENTED_EDGE('',*,*,#2543,.T.);
#3912=ORIENTED_EDGE('',*,*,#2238,.T.);
#3913=ORIENTED_EDGE('',*,*,#2037,.T.);
#3914=ORIENTED_EDGE('',*,*,#2288,.F.);
#3915=ORIENTED_EDGE('',*,*,#2718,.T.);
#3916=ORIENTED_EDGE('',*,*,#2240,.T.);
#3917=ORIENTED_EDGE('',*,*,#2719,.T.);
#3918=ORIENTED_EDGE('',*,*,#2286,.F.);
#3919=ORIENTED_EDGE('',*,*,#2542,.T.);
#3920=ORIENTED_EDGE('',*,*,#2449,.T.);
#3921=ORIENTED_EDGE('',*,*,#2597,.T.);
#3922=ORIENTED_EDGE('',*,*,#2284,.F.);
#3923=ORIENTED_EDGE('',*,*,#2039,.T.);
#3924=ORIENTED_EDGE('',*,*,#2242,.T.);
#3925=ORIENTED_EDGE('',*,*,#2596,.T.);
#3926=ORIENTED_EDGE('',*,*,#2447,.F.);
#3927=ORIENTED_EDGE('',*,*,#2541,.T.);
#3928=ORIENTED_EDGE('',*,*,#2243,.T.);
#3929=ORIENTED_EDGE('',*,*,#2041,.T.);
#3930=ORIENTED_EDGE('',*,*,#2283,.F.);
#3931=ORIENTED_EDGE('',*,*,#2720,.T.);
#3932=ORIENTED_EDGE('',*,*,#2245,.T.);
#3933=ORIENTED_EDGE('',*,*,#2721,.T.);
#3934=ORIENTED_EDGE('',*,*,#2281,.F.);
#3935=ORIENTED_EDGE('',*,*,#2097,.T.);
#3936=ORIENTED_EDGE('',*,*,#2445,.T.);
#3937=ORIENTED_EDGE('',*,*,#2595,.T.);
#3938=ORIENTED_EDGE('',*,*,#2280,.F.);
#3939=ORIENTED_EDGE('',*,*,#2722,.T.);
#3940=ORIENTED_EDGE('',*,*,#2247,.T.);
#3941=ORIENTED_EDGE('',*,*,#2594,.T.);
#3942=ORIENTED_EDGE('',*,*,#2443,.F.);
#3943=ORIENTED_EDGE('',*,*,#2095,.T.);
#3944=ORIENTED_EDGE('',*,*,#2249,.T.);
#3945=ORIENTED_EDGE('',*,*,#2723,.T.);
#3946=ORIENTED_EDGE('',*,*,#2278,.F.);
#3947=ORIENTED_EDGE('',*,*,#2043,.T.);
#3948=ORIENTED_EDGE('',*,*,#2250,.T.);
#3949=ORIENTED_EDGE('',*,*,#2045,.T.);
#3950=ORIENTED_EDGE('',*,*,#2277,.F.);
#3951=ORIENTED_EDGE('',*,*,#2540,.T.);
#3952=ORIENTED_EDGE('',*,*,#2442,.T.);
#3953=ORIENTED_EDGE('',*,*,#2593,.T.);
#3954=ORIENTED_EDGE('',*,*,#2275,.F.);
#3955=ORIENTED_EDGE('',*,*,#2724,.T.);
#3956=ORIENTED_EDGE('',*,*,#2252,.T.);
#3957=ORIENTED_EDGE('',*,*,#2592,.T.);
#3958=ORIENTED_EDGE('',*,*,#2440,.F.);
#3959=ORIENTED_EDGE('',*,*,#2539,.T.);
#3960=ORIENTED_EDGE('',*,*,#2254,.T.);
#3961=ORIENTED_EDGE('',*,*,#2725,.T.);
#3962=ORIENTED_EDGE('',*,*,#2273,.F.);
#3963=ORIENTED_EDGE('',*,*,#2047,.T.);
#3964=ORIENTED_EDGE('',*,*,#2255,.T.);
#3965=ORIENTED_EDGE('',*,*,#2049,.T.);
#3966=ORIENTED_EDGE('',*,*,#2272,.F.);
#3967=ORIENTED_EDGE('',*,*,#2534,.T.);
#3968=ORIENTED_EDGE('',*,*,#2430,.T.);
#3969=ORIENTED_EDGE('',*,*,#2587,.T.);
#3970=ORIENTED_EDGE('',*,*,#2421,.F.);
#3971=ORIENTED_EDGE('',*,*,#2726,.T.);
#3972=ORIENTED_EDGE('',*,*,#2106,.T.);
#3973=ORIENTED_EDGE('',*,*,#2591,.T.);
#3974=ORIENTED_EDGE('',*,*,#2438,.F.);
#3975=ORIENTED_EDGE('',*,*,#2538,.T.);
#3976=ORIENTED_EDGE('',*,*,#2108,.T.);
#3977=ORIENTED_EDGE('',*,*,#2727,.T.);
#3978=ORIENTED_EDGE('',*,*,#2419,.F.);
#3979=ORIENTED_EDGE('',*,*,#2059,.T.);
#3980=ORIENTED_EDGE('',*,*,#2109,.T.);
#3981=ORIENTED_EDGE('',*,*,#2061,.T.);
#3982=ORIENTED_EDGE('',*,*,#2418,.F.);
#3983=ORIENTED_EDGE('',*,*,#2536,.T.);
#3984=ORIENTED_EDGE('',*,*,#2434,.T.);
#3985=ORIENTED_EDGE('',*,*,#2589,.T.);
#3986=ORIENTED_EDGE('',*,*,#2416,.F.);
#3987=ORIENTED_EDGE('',*,*,#2728,.T.);
#3988=ORIENTED_EDGE('',*,*,#2111,.T.);
#3989=ORIENTED_EDGE('',*,*,#2588,.T.);
#3990=ORIENTED_EDGE('',*,*,#2432,.F.);
#3991=ORIENTED_EDGE('',*,*,#2535,.T.);
#3992=ORIENTED_EDGE('',*,*,#2113,.T.);
#3993=ORIENTED_EDGE('',*,*,#2729,.T.);
#3994=ORIENTED_EDGE('',*,*,#2414,.F.);
#3995=ORIENTED_EDGE('',*,*,#2063,.T.);
#3996=ORIENTED_EDGE('',*,*,#2270,.F.);
#3997=ORIENTED_EDGE('',*,*,#2730,.T.);
#3998=ORIENTED_EDGE('',*,*,#2257,.T.);
#3999=ORIENTED_EDGE('',*,*,#2586,.T.);
#4000=ORIENTED_EDGE('',*,*,#2428,.F.);
#4001=ORIENTED_EDGE('',*,*,#2533,.T.);
#4002=ORIENTED_EDGE('',*,*,#2259,.T.);
#4003=ORIENTED_EDGE('',*,*,#2731,.T.);
#4004=ORIENTED_EDGE('',*,*,#2268,.F.);
#4005=ORIENTED_EDGE('',*,*,#2051,.T.);
#4006=ORIENTED_EDGE('',*,*,#2260,.T.);
#4007=ORIENTED_EDGE('',*,*,#2053,.T.);
#4008=ORIENTED_EDGE('',*,*,#2267,.F.);
#4009=ORIENTED_EDGE('',*,*,#2532,.T.);
#4010=ORIENTED_EDGE('',*,*,#2426,.T.);
#4011=ORIENTED_EDGE('',*,*,#2585,.T.);
#4012=ORIENTED_EDGE('',*,*,#2265,.F.);
#4013=ORIENTED_EDGE('',*,*,#2732,.T.);
#4014=ORIENTED_EDGE('',*,*,#2101,.T.);
#4015=ORIENTED_EDGE('',*,*,#2584,.T.);
#4016=ORIENTED_EDGE('',*,*,#2424,.F.);
#4017=ORIENTED_EDGE('',*,*,#2531,.T.);
#4018=ORIENTED_EDGE('',*,*,#2103,.T.);
#4019=ORIENTED_EDGE('',*,*,#2733,.T.);
#4020=ORIENTED_EDGE('',*,*,#2263,.F.);
#4021=ORIENTED_EDGE('',*,*,#2055,.T.);
#4022=ORIENTED_EDGE('',*,*,#2104,.T.);
#4023=ORIENTED_EDGE('',*,*,#2057,.T.);
#4024=ORIENTED_EDGE('',*,*,#2262,.F.);
#4025=ORIENTED_EDGE('',*,*,#2537,.T.);
#4026=ORIENTED_EDGE('',*,*,#2436,.T.);
#4027=ORIENTED_EDGE('',*,*,#2590,.T.);
#4028=ORIENTED_EDGE('',*,*,#2411,.F.);
#4029=ORIENTED_EDGE('',*,*,#2647,.F.);
#4030=ORIENTED_EDGE('',*,*,#2116,.F.);
#4031=ORIENTED_EDGE('',*,*,#2646,.F.);
#4032=ORIENTED_EDGE('',*,*,#2415,.F.);
#4033=ORIENTED_EDGE('',*,*,#2729,.F.);
#4034=ORIENTED_EDGE('',*,*,#2112,.F.);
#4035=ORIENTED_EDGE('',*,*,#2728,.F.);
#4036=ORIENTED_EDGE('',*,*,#2420,.F.);
#4037=ORIENTED_EDGE('',*,*,#2727,.F.);
#4038=ORIENTED_EDGE('',*,*,#2107,.F.);
#4039=ORIENTED_EDGE('',*,*,#2726,.F.);
#4040=ORIENTED_EDGE('',*,*,#2264,.F.);
#4041=ORIENTED_EDGE('',*,*,#2733,.F.);
#4042=ORIENTED_EDGE('',*,*,#2102,.F.);
#4043=ORIENTED_EDGE('',*,*,#2732,.F.);
#4044=ORIENTED_EDGE('',*,*,#2269,.F.);
#4045=ORIENTED_EDGE('',*,*,#2731,.F.);
#4046=ORIENTED_EDGE('',*,*,#2258,.F.);
#4047=ORIENTED_EDGE('',*,*,#2730,.F.);
#4048=ORIENTED_EDGE('',*,*,#2274,.F.);
#4049=ORIENTED_EDGE('',*,*,#2725,.F.);
#4050=ORIENTED_EDGE('',*,*,#2253,.F.);
#4051=ORIENTED_EDGE('',*,*,#2724,.F.);
#4052=ORIENTED_EDGE('',*,*,#2279,.F.);
#4053=ORIENTED_EDGE('',*,*,#2723,.F.);
#4054=ORIENTED_EDGE('',*,*,#2248,.F.);
#4055=ORIENTED_EDGE('',*,*,#2722,.F.);
#4056=ORIENTED_EDGE('',*,*,#2282,.F.);
#4057=ORIENTED_EDGE('',*,*,#2721,.F.);
#4058=ORIENTED_EDGE('',*,*,#2244,.F.);
#4059=ORIENTED_EDGE('',*,*,#2720,.F.);
#4060=ORIENTED_EDGE('',*,*,#2287,.F.);
#4061=ORIENTED_EDGE('',*,*,#2719,.F.);
#4062=ORIENTED_EDGE('',*,*,#2239,.F.);
#4063=ORIENTED_EDGE('',*,*,#2718,.F.);
#4064=ORIENTED_EDGE('',*,*,#2292,.F.);
#4065=ORIENTED_EDGE('',*,*,#2713,.F.);
#4066=ORIENTED_EDGE('',*,*,#2234,.F.);
#4067=ORIENTED_EDGE('',*,*,#2712,.F.);
#4068=ORIENTED_EDGE('',*,*,#2297,.F.);
#4069=ORIENTED_EDGE('',*,*,#2711,.F.);
#4070=ORIENTED_EDGE('',*,*,#2229,.F.);
#4071=ORIENTED_EDGE('',*,*,#2710,.F.);
#4072=ORIENTED_EDGE('',*,*,#2302,.F.);
#4073=ORIENTED_EDGE('',*,*,#2717,.F.);
#4074=ORIENTED_EDGE('',*,*,#2224,.F.);
#4075=ORIENTED_EDGE('',*,*,#2716,.F.);
#4076=ORIENTED_EDGE('',*,*,#2307,.F.);
#4077=ORIENTED_EDGE('',*,*,#2715,.F.);
#4078=ORIENTED_EDGE('',*,*,#2219,.F.);
#4079=ORIENTED_EDGE('',*,*,#2714,.F.);
#4080=ORIENTED_EDGE('',*,*,#2311,.F.);
#4081=ORIENTED_EDGE('',*,*,#2709,.F.);
#4082=ORIENTED_EDGE('',*,*,#2215,.F.);
#4083=ORIENTED_EDGE('',*,*,#2708,.F.);
#4084=ORIENTED_EDGE('',*,*,#2317,.F.);
#4085=ORIENTED_EDGE('',*,*,#2705,.F.);
#4086=ORIENTED_EDGE('',*,*,#2209,.F.);
#4087=ORIENTED_EDGE('',*,*,#2704,.F.);
#4088=ORIENTED_EDGE('',*,*,#2315,.F.);
#4089=ORIENTED_EDGE('',*,*,#2707,.F.);
#4090=ORIENTED_EDGE('',*,*,#2211,.F.);
#4091=ORIENTED_EDGE('',*,*,#2706,.F.);
#4092=ORIENTED_EDGE('',*,*,#2323,.F.);
#4093=ORIENTED_EDGE('',*,*,#2701,.F.);
#4094=ORIENTED_EDGE('',*,*,#2203,.F.);
#4095=ORIENTED_EDGE('',*,*,#2700,.F.);
#4096=ORIENTED_EDGE('',*,*,#2321,.F.);
#4097=ORIENTED_EDGE('',*,*,#2703,.F.);
#4098=ORIENTED_EDGE('',*,*,#2205,.F.);
#4099=ORIENTED_EDGE('',*,*,#2702,.F.);
#4100=ORIENTED_EDGE('',*,*,#2329,.F.);
#4101=ORIENTED_EDGE('',*,*,#2697,.F.);
#4102=ORIENTED_EDGE('',*,*,#2197,.F.);
#4103=ORIENTED_EDGE('',*,*,#2696,.F.);
#4104=ORIENTED_EDGE('',*,*,#2327,.F.);
#4105=ORIENTED_EDGE('',*,*,#2699,.F.);
#4106=ORIENTED_EDGE('',*,*,#2199,.F.);
#4107=ORIENTED_EDGE('',*,*,#2698,.F.);
#4108=ORIENTED_EDGE('',*,*,#2335,.F.);
#4109=ORIENTED_EDGE('',*,*,#2657,.F.);
#4110=ORIENTED_EDGE('',*,*,#2191,.F.);
#4111=ORIENTED_EDGE('',*,*,#2656,.F.);
#4112=ORIENTED_EDGE('',*,*,#2333,.F.);
#4113=ORIENTED_EDGE('',*,*,#2659,.F.);
#4114=ORIENTED_EDGE('',*,*,#2193,.F.);
#4115=ORIENTED_EDGE('',*,*,#2658,.F.);
#4116=ORIENTED_EDGE('',*,*,#2341,.F.);
#4117=ORIENTED_EDGE('',*,*,#2661,.F.);
#4118=ORIENTED_EDGE('',*,*,#2185,.F.);
#4119=ORIENTED_EDGE('',*,*,#2660,.F.);
#4120=ORIENTED_EDGE('',*,*,#2339,.F.);
#4121=ORIENTED_EDGE('',*,*,#2663,.F.);
#4122=ORIENTED_EDGE('',*,*,#2187,.F.);
#4123=ORIENTED_EDGE('',*,*,#2662,.F.);
#4124=ORIENTED_EDGE('',*,*,#2347,.F.);
#4125=ORIENTED_EDGE('',*,*,#2653,.F.);
#4126=ORIENTED_EDGE('',*,*,#2179,.F.);
#4127=ORIENTED_EDGE('',*,*,#2652,.F.);
#4128=ORIENTED_EDGE('',*,*,#2345,.F.);
#4129=ORIENTED_EDGE('',*,*,#2655,.F.);
#4130=ORIENTED_EDGE('',*,*,#2181,.F.);
#4131=ORIENTED_EDGE('',*,*,#2654,.F.);
#4132=ORIENTED_EDGE('',*,*,#2353,.F.);
#4133=ORIENTED_EDGE('',*,*,#2649,.F.);
#4134=ORIENTED_EDGE('',*,*,#2173,.F.);
#4135=ORIENTED_EDGE('',*,*,#2648,.F.);
#4136=ORIENTED_EDGE('',*,*,#2351,.F.);
#4137=ORIENTED_EDGE('',*,*,#2651,.F.);
#4138=ORIENTED_EDGE('',*,*,#2175,.F.);
#4139=ORIENTED_EDGE('',*,*,#2650,.F.);
#4140=ORIENTED_EDGE('',*,*,#2359,.F.);
#4141=ORIENTED_EDGE('',*,*,#2665,.F.);
#4142=ORIENTED_EDGE('',*,*,#2167,.F.);
#4143=ORIENTED_EDGE('',*,*,#2664,.F.);
#4144=ORIENTED_EDGE('',*,*,#2357,.F.);
#4145=ORIENTED_EDGE('',*,*,#2667,.F.);
#4146=ORIENTED_EDGE('',*,*,#2169,.F.);
#4147=ORIENTED_EDGE('',*,*,#2666,.F.);
#4148=ORIENTED_EDGE('',*,*,#2365,.F.);
#4149=ORIENTED_EDGE('',*,*,#2669,.F.);
#4150=ORIENTED_EDGE('',*,*,#2162,.F.);
#4151=ORIENTED_EDGE('',*,*,#2668,.F.);
#4152=ORIENTED_EDGE('',*,*,#2363,.F.);
#4153=ORIENTED_EDGE('',*,*,#2671,.F.);
#4154=ORIENTED_EDGE('',*,*,#2164,.F.);
#4155=ORIENTED_EDGE('',*,*,#2670,.F.);
#4156=ORIENTED_EDGE('',*,*,#2371,.F.);
#4157=ORIENTED_EDGE('',*,*,#2673,.F.);
#4158=ORIENTED_EDGE('',*,*,#2156,.F.);
#4159=ORIENTED_EDGE('',*,*,#2672,.F.);
#4160=ORIENTED_EDGE('',*,*,#2369,.F.);
#4161=ORIENTED_EDGE('',*,*,#2675,.F.);
#4162=ORIENTED_EDGE('',*,*,#2158,.F.);
#4163=ORIENTED_EDGE('',*,*,#2674,.F.);
#4164=ORIENTED_EDGE('',*,*,#2377,.F.);
#4165=ORIENTED_EDGE('',*,*,#2677,.F.);
#4166=ORIENTED_EDGE('',*,*,#2150,.F.);
#4167=ORIENTED_EDGE('',*,*,#2676,.F.);
#4168=ORIENTED_EDGE('',*,*,#2375,.F.);
#4169=ORIENTED_EDGE('',*,*,#2679,.F.);
#4170=ORIENTED_EDGE('',*,*,#2152,.F.);
#4171=ORIENTED_EDGE('',*,*,#2678,.F.);
#4172=ORIENTED_EDGE('',*,*,#2383,.F.);
#4173=ORIENTED_EDGE('',*,*,#2689,.F.);
#4174=ORIENTED_EDGE('',*,*,#2144,.F.);
#4175=ORIENTED_EDGE('',*,*,#2688,.F.);
#4176=ORIENTED_EDGE('',*,*,#2381,.F.);
#4177=ORIENTED_EDGE('',*,*,#2691,.F.);
#4178=ORIENTED_EDGE('',*,*,#2146,.F.);
#4179=ORIENTED_EDGE('',*,*,#2690,.F.);
#4180=ORIENTED_EDGE('',*,*,#2389,.F.);
#4181=ORIENTED_EDGE('',*,*,#2693,.F.);
#4182=ORIENTED_EDGE('',*,*,#2138,.F.);
#4183=ORIENTED_EDGE('',*,*,#2692,.F.);
#4184=ORIENTED_EDGE('',*,*,#2387,.F.);
#4185=ORIENTED_EDGE('',*,*,#2695,.F.);
#4186=ORIENTED_EDGE('',*,*,#2140,.F.);
#4187=ORIENTED_EDGE('',*,*,#2694,.F.);
#4188=ORIENTED_EDGE('',*,*,#2395,.F.);
#4189=ORIENTED_EDGE('',*,*,#2685,.F.);
#4190=ORIENTED_EDGE('',*,*,#2132,.F.);
#4191=ORIENTED_EDGE('',*,*,#2684,.F.);
#4192=ORIENTED_EDGE('',*,*,#2393,.F.);
#4193=ORIENTED_EDGE('',*,*,#2687,.F.);
#4194=ORIENTED_EDGE('',*,*,#2134,.F.);
#4195=ORIENTED_EDGE('',*,*,#2686,.F.);
#4196=ORIENTED_EDGE('',*,*,#2401,.F.);
#4197=ORIENTED_EDGE('',*,*,#2681,.F.);
#4198=ORIENTED_EDGE('',*,*,#2126,.F.);
#4199=ORIENTED_EDGE('',*,*,#2680,.F.);
#4200=ORIENTED_EDGE('',*,*,#2399,.F.);
#4201=ORIENTED_EDGE('',*,*,#2683,.F.);
#4202=ORIENTED_EDGE('',*,*,#2128,.F.);
#4203=ORIENTED_EDGE('',*,*,#2682,.F.);
#4204=CYLINDRICAL_SURFACE('',#4648,1.6);
#4205=CYLINDRICAL_SURFACE('',#4652,5.1);
#4206=CYLINDRICAL_SURFACE('',#4658,0.6);
#4207=CYLINDRICAL_SURFACE('',#4661,0.6);
#4208=CYLINDRICAL_SURFACE('',#4664,0.6);
#4209=CYLINDRICAL_SURFACE('',#4667,0.6);
#4210=CYLINDRICAL_SURFACE('',#4670,0.6);
#4211=CYLINDRICAL_SURFACE('',#4673,0.6);
#4212=CYLINDRICAL_SURFACE('',#4676,0.6);
#4213=CYLINDRICAL_SURFACE('',#4679,0.6);
#4214=CYLINDRICAL_SURFACE('',#4682,0.6);
#4215=CYLINDRICAL_SURFACE('',#4685,0.6);
#4216=CYLINDRICAL_SURFACE('',#4688,0.6);
#4217=CYLINDRICAL_SURFACE('',#4691,0.6);
#4218=CYLINDRICAL_SURFACE('',#4694,0.6);
#4219=CYLINDRICAL_SURFACE('',#4697,0.6);
#4220=CYLINDRICAL_SURFACE('',#4700,8.19447742251711);
#4221=CYLINDRICAL_SURFACE('',#4703,8.19447742251711);
#4222=CYLINDRICAL_SURFACE('',#4706,8.19447742251711);
#4223=CYLINDRICAL_SURFACE('',#4709,8.19447742251711);
#4224=CYLINDRICAL_SURFACE('',#4718,32.);
#4225=CYLINDRICAL_SURFACE('',#5044,32.);
#4226=CYLINDRICAL_SURFACE('',#5047,32.);
#4227=CYLINDRICAL_SURFACE('',#5050,32.);
#4228=CYLINDRICAL_SURFACE('',#5053,32.);
#4229=CYLINDRICAL_SURFACE('',#5056,32.);
#4230=CYLINDRICAL_SURFACE('',#5059,32.);
#4231=CYLINDRICAL_SURFACE('',#5061,32.);
#4232=CYLINDRICAL_SURFACE('',#5064,32.);
#4233=CYLINDRICAL_SURFACE('',#5067,32.);
#4234=CYLINDRICAL_SURFACE('',#5070,32.);
#4235=CYLINDRICAL_SURFACE('',#5073,32.);
#4236=CYLINDRICAL_SURFACE('',#5076,32.);
#4237=CYLINDRICAL_SURFACE('',#5079,32.);
#4238=CYLINDRICAL_SURFACE('',#5082,32.);
#4239=CYLINDRICAL_SURFACE('',#5085,32.);
#4240=CYLINDRICAL_SURFACE('',#5088,32.);
#4241=CYLINDRICAL_SURFACE('',#5091,32.);
#4242=CYLINDRICAL_SURFACE('',#5094,32.);
#4243=CYLINDRICAL_SURFACE('',#5097,32.);
#4244=CYLINDRICAL_SURFACE('',#5100,32.);
#4245=CYLINDRICAL_SURFACE('',#5103,32.);
#4246=CYLINDRICAL_SURFACE('',#5106,32.);
#4247=CYLINDRICAL_SURFACE('',#5109,32.);
#4248=CYLINDRICAL_SURFACE('',#5112,32.);
#4249=CYLINDRICAL_SURFACE('',#5115,32.);
#4250=CYLINDRICAL_SURFACE('',#5118,32.);
#4251=CYLINDRICAL_SURFACE('',#5121,32.);
#4252=CYLINDRICAL_SURFACE('',#5124,32.);
#4253=CYLINDRICAL_SURFACE('',#5183,32.);
#4254=CYLINDRICAL_SURFACE('',#5186,8.19447742251711);
#4255=CYLINDRICAL_SURFACE('',#5187,27.5);
#4256=CYLINDRICAL_SURFACE('',#5188,8.19447742251711);
#4257=CYLINDRICAL_SURFACE('',#5189,0.6);
#4258=CYLINDRICAL_SURFACE('',#5190,0.6);
#4259=CYLINDRICAL_SURFACE('',#5193,8.19447742251711);
#4260=CYLINDRICAL_SURFACE('',#5194,27.5);
#4261=CYLINDRICAL_SURFACE('',#5195,8.19447742251711);
#4262=CYLINDRICAL_SURFACE('',#5196,27.5);
#4263=CYLINDRICAL_SURFACE('',#5197,8.19447742251711);
#4264=CYLINDRICAL_SURFACE('',#5198,8.19447742251711);
#4265=CYLINDRICAL_SURFACE('',#5199,27.5);
#4266=CYLINDRICAL_SURFACE('',#5200,8.19447742251711);
#4267=CYLINDRICAL_SURFACE('',#5201,8.19447742251711);
#4268=CYLINDRICAL_SURFACE('',#5202,27.5);
#4269=CYLINDRICAL_SURFACE('',#5203,8.19447742251711);
#4270=CYLINDRICAL_SURFACE('',#5204,8.19447742251711);
#4271=CYLINDRICAL_SURFACE('',#5205,27.5);
#4272=CYLINDRICAL_SURFACE('',#5206,8.19447742251711);
#4273=CYLINDRICAL_SURFACE('',#5207,8.19447742251711);
#4274=CYLINDRICAL_SURFACE('',#5208,27.5);
#4275=CYLINDRICAL_SURFACE('',#5209,8.19447742251711);
#4276=CYLINDRICAL_SURFACE('',#5210,8.19447742251711);
#4277=CYLINDRICAL_SURFACE('',#5211,27.5);
#4278=CYLINDRICAL_SURFACE('',#5212,8.19447742251711);
#4279=CYLINDRICAL_SURFACE('',#5213,8.19447742251711);
#4280=CYLINDRICAL_SURFACE('',#5214,27.5);
#4281=CYLINDRICAL_SURFACE('',#5215,8.19447742251711);
#4282=CYLINDRICAL_SURFACE('',#5216,8.19447742251711);
#4283=CYLINDRICAL_SURFACE('',#5217,27.5);
#4284=CYLINDRICAL_SURFACE('',#5218,8.19447742251711);
#4285=CYLINDRICAL_SURFACE('',#5219,8.19447742251712);
#4286=CYLINDRICAL_SURFACE('',#5220,27.5);
#4287=CYLINDRICAL_SURFACE('',#5221,8.19447742251711);
#4288=CYLINDRICAL_SURFACE('',#5222,8.19447742251711);
#4289=CYLINDRICAL_SURFACE('',#5223,27.5);
#4290=CYLINDRICAL_SURFACE('',#5224,8.19447742251711);
#4291=CYLINDRICAL_SURFACE('',#5225,8.19447742251711);
#4292=CYLINDRICAL_SURFACE('',#5226,27.5);
#4293=CYLINDRICAL_SURFACE('',#5227,8.19447742251711);
#4294=CYLINDRICAL_SURFACE('',#5228,8.19447742251711);
#4295=CYLINDRICAL_SURFACE('',#5229,27.5);
#4296=CYLINDRICAL_SURFACE('',#5230,8.19447742251711);
#4297=CYLINDRICAL_SURFACE('',#5231,8.19447742251711);
#4298=CYLINDRICAL_SURFACE('',#5232,27.5);
#4299=CYLINDRICAL_SURFACE('',#5233,8.19447742251712);
#4300=CYLINDRICAL_SURFACE('',#5234,8.19447742251711);
#4301=CYLINDRICAL_SURFACE('',#5235,27.5);
#4302=CYLINDRICAL_SURFACE('',#5236,8.19447742251712);
#4303=CYLINDRICAL_SURFACE('',#5237,8.19447742251711);
#4304=CYLINDRICAL_SURFACE('',#5238,27.5);
#4305=CYLINDRICAL_SURFACE('',#5239,8.19447742251711);
#4306=CYLINDRICAL_SURFACE('',#5240,27.5);
#4307=CYLINDRICAL_SURFACE('',#5241,8.19447742251711);
#4308=CYLINDRICAL_SURFACE('',#5242,8.19447742251711);
#4309=CYLINDRICAL_SURFACE('',#5243,27.5);
#4310=CYLINDRICAL_SURFACE('',#5244,8.19447742251711);
#4311=CYLINDRICAL_SURFACE('',#5245,8.19447742251711);
#4312=CYLINDRICAL_SURFACE('',#5246,27.5);
#4313=CYLINDRICAL_SURFACE('',#5247,8.19447742251712);
#4314=CYLINDRICAL_SURFACE('',#5248,27.5);
#4315=CYLINDRICAL_SURFACE('',#5249,8.19447742251711);
#4316=CYLINDRICAL_SURFACE('',#5250,8.19447742251712);
#4317=CYLINDRICAL_SURFACE('',#5251,27.5);
#4318=CYLINDRICAL_SURFACE('',#5252,8.19447742251712);
#4319=CYLINDRICAL_SURFACE('',#5253,8.19447742251711);
#4320=CYLINDRICAL_SURFACE('',#5254,27.5);
#4321=CYLINDRICAL_SURFACE('',#5255,8.19447742251711);
#4322=CYLINDRICAL_SURFACE('',#5256,8.19447742251711);
#4323=CYLINDRICAL_SURFACE('',#5257,27.5);
#4324=CYLINDRICAL_SURFACE('',#5258,8.19447742251712);
#4325=CYLINDRICAL_SURFACE('',#5259,8.19447742251711);
#4326=CYLINDRICAL_SURFACE('',#5260,27.5);
#4327=CYLINDRICAL_SURFACE('',#5261,8.19447742251711);
#4328=CYLINDRICAL_SURFACE('',#5262,8.19447742251711);
#4329=CYLINDRICAL_SURFACE('',#5263,27.5);
#4330=CYLINDRICAL_SURFACE('',#5264,8.19447742251711);
#4331=CYLINDRICAL_SURFACE('',#5265,8.19447742251711);
#4332=CYLINDRICAL_SURFACE('',#5266,27.5);
#4333=CYLINDRICAL_SURFACE('',#5267,8.19447742251711);
#4334=CYLINDRICAL_SURFACE('',#5268,8.19447742251711);
#4335=CYLINDRICAL_SURFACE('',#5269,27.5);
#4336=CYLINDRICAL_SURFACE('',#5270,8.19447742251711);
#4337=CYLINDRICAL_SURFACE('',#5271,27.5);
#4338=CYLINDRICAL_SURFACE('',#5272,8.19447742251711);
#4339=CYLINDRICAL_SURFACE('',#5273,8.19447742251711);
#4340=CYLINDRICAL_SURFACE('',#5274,27.5);
#4341=CYLINDRICAL_SURFACE('',#5275,8.19447742251711);
#4342=CYLINDRICAL_SURFACE('',#5276,0.6);
#4343=CYLINDRICAL_SURFACE('',#5277,0.6);
#4344=CYLINDRICAL_SURFACE('',#5278,0.6);
#4345=CYLINDRICAL_SURFACE('',#5279,0.6);
#4346=CYLINDRICAL_SURFACE('',#5280,0.6);
#4347=CYLINDRICAL_SURFACE('',#5281,0.6);
#4348=CYLINDRICAL_SURFACE('',#5282,0.6);
#4349=CYLINDRICAL_SURFACE('',#5283,0.6);
#4350=CYLINDRICAL_SURFACE('',#5284,0.6);
#4351=CYLINDRICAL_SURFACE('',#5285,0.6);
#4352=CYLINDRICAL_SURFACE('',#5286,0.6);
#4353=CYLINDRICAL_SURFACE('',#5287,0.6);
#4354=CYLINDRICAL_SURFACE('',#5288,0.6);
#4355=CYLINDRICAL_SURFACE('',#5289,0.6);
#4356=CYLINDRICAL_SURFACE('',#5290,0.6);
#4357=CYLINDRICAL_SURFACE('',#5291,0.6);
#4358=CYLINDRICAL_SURFACE('',#5292,0.6);
#4359=CYLINDRICAL_SURFACE('',#5293,0.6);
#4360=CYLINDRICAL_SURFACE('',#5294,0.6);
#4361=CYLINDRICAL_SURFACE('',#5295,0.6);
#4362=CYLINDRICAL_SURFACE('',#5296,0.6);
#4363=CYLINDRICAL_SURFACE('',#5297,0.6);
#4364=CYLINDRICAL_SURFACE('',#5298,0.6);
#4365=CYLINDRICAL_SURFACE('',#5299,0.6);
#4366=CYLINDRICAL_SURFACE('',#5300,0.6);
#4367=CYLINDRICAL_SURFACE('',#5301,0.6);
#4368=CYLINDRICAL_SURFACE('',#5302,0.6);
#4369=CYLINDRICAL_SURFACE('',#5303,0.6);
#4370=CYLINDRICAL_SURFACE('',#5304,0.6);
#4371=CYLINDRICAL_SURFACE('',#5305,0.6);
#4372=CYLINDRICAL_SURFACE('',#5306,0.6);
#4373=CYLINDRICAL_SURFACE('',#5307,0.6);
#4374=CYLINDRICAL_SURFACE('',#5308,0.6);
#4375=CYLINDRICAL_SURFACE('',#5309,0.6);
#4376=CYLINDRICAL_SURFACE('',#5310,0.6);
#4377=CYLINDRICAL_SURFACE('',#5311,0.6);
#4378=CYLINDRICAL_SURFACE('',#5312,0.6);
#4379=CYLINDRICAL_SURFACE('',#5313,0.6);
#4380=CYLINDRICAL_SURFACE('',#5314,0.6);
#4381=CYLINDRICAL_SURFACE('',#5315,0.6);
#4382=CYLINDRICAL_SURFACE('',#5316,0.6);
#4383=CYLINDRICAL_SURFACE('',#5317,0.6);
#4384=CYLINDRICAL_SURFACE('',#5318,0.6);
#4385=CYLINDRICAL_SURFACE('',#5319,0.6);
#4386=ADVANCED_FACE('',(#204),#4204,.F.);
#4387=ADVANCED_FACE('',(#205),#198,.F.);
#4388=ADVANCED_FACE('',(#206),#4205,.F.);
#4389=ADVANCED_FACE('',(#207),#199,.F.);
#4390=ADVANCED_FACE('',(#208),#200,.F.);
#4391=ADVANCED_FACE('',(#209,#195),#201,.T.);
#4392=ADVANCED_FACE('',(#210),#4206,.F.);
#4393=ADVANCED_FACE('',(#211),#4207,.F.);
#4394=ADVANCED_FACE('',(#212),#4208,.F.);
#4395=ADVANCED_FACE('',(#213),#4209,.F.);
#4396=ADVANCED_FACE('',(#214),#4210,.F.);
#4397=ADVANCED_FACE('',(#215),#4211,.F.);
#4398=ADVANCED_FACE('',(#216),#4212,.F.);
#4399=ADVANCED_FACE('',(#217),#4213,.F.);
#4400=ADVANCED_FACE('',(#218),#4214,.F.);
#4401=ADVANCED_FACE('',(#219),#4215,.F.);
#4402=ADVANCED_FACE('',(#220),#4216,.F.);
#4403=ADVANCED_FACE('',(#221),#4217,.F.);
#4404=ADVANCED_FACE('',(#222),#4218,.F.);
#4405=ADVANCED_FACE('',(#223),#4219,.F.);
#4406=ADVANCED_FACE('',(#224),#4220,.T.);
#4407=ADVANCED_FACE('',(#225),#4221,.T.);
#4408=ADVANCED_FACE('',(#226),#4222,.T.);
#4409=ADVANCED_FACE('',(#227),#4223,.T.);
#4410=ADVANCED_FACE('',(#228),#15,.T.);
#4411=ADVANCED_FACE('',(#229),#16,.T.);
#4412=ADVANCED_FACE('',(#230),#4224,.T.);
#4413=ADVANCED_FACE('',(#231,#196),#202,.T.);
#4414=ADVANCED_FACE('',(#232,#197),#203,.F.);
#4415=ADVANCED_FACE('',(#233),#4225,.T.);
#4416=ADVANCED_FACE('',(#234),#4226,.T.);
#4417=ADVANCED_FACE('',(#235),#4227,.T.);
#4418=ADVANCED_FACE('',(#236),#4228,.T.);
#4419=ADVANCED_FACE('',(#237),#4229,.T.);
#4420=ADVANCED_FACE('',(#238),#4230,.T.);
#4421=ADVANCED_FACE('',(#239),#4231,.T.);
#4422=ADVANCED_FACE('',(#240),#4232,.T.);
#4423=ADVANCED_FACE('',(#241),#4233,.T.);
#4424=ADVANCED_FACE('',(#242),#4234,.T.);
#4425=ADVANCED_FACE('',(#243),#4235,.T.);
#4426=ADVANCED_FACE('',(#244),#4236,.T.);
#4427=ADVANCED_FACE('',(#245),#4237,.T.);
#4428=ADVANCED_FACE('',(#246),#4238,.T.);
#4429=ADVANCED_FACE('',(#247),#4239,.T.);
#4430=ADVANCED_FACE('',(#248),#4240,.T.);
#4431=ADVANCED_FACE('',(#249),#4241,.T.);
#4432=ADVANCED_FACE('',(#250),#4242,.T.);
#4433=ADVANCED_FACE('',(#251),#4243,.T.);
#4434=ADVANCED_FACE('',(#252),#4244,.T.);
#4435=ADVANCED_FACE('',(#253),#4245,.T.);
#4436=ADVANCED_FACE('',(#254),#4246,.T.);
#4437=ADVANCED_FACE('',(#255),#4247,.T.);
#4438=ADVANCED_FACE('',(#256),#4248,.T.);
#4439=ADVANCED_FACE('',(#257),#4249,.T.);
#4440=ADVANCED_FACE('',(#258),#4250,.T.);
#4441=ADVANCED_FACE('',(#259),#4251,.T.);
#4442=ADVANCED_FACE('',(#260),#4252,.T.);
#4443=ADVANCED_FACE('',(#261),#17,.T.);
#4444=ADVANCED_FACE('',(#262),#18,.T.);
#4445=ADVANCED_FACE('',(#263),#19,.T.);
#4446=ADVANCED_FACE('',(#264),#20,.T.);
#4447=ADVANCED_FACE('',(#265),#21,.T.);
#4448=ADVANCED_FACE('',(#266),#22,.T.);
#4449=ADVANCED_FACE('',(#267),#23,.T.);
#4450=ADVANCED_FACE('',(#268),#24,.T.);
#4451=ADVANCED_FACE('',(#269),#25,.T.);
#4452=ADVANCED_FACE('',(#270),#26,.T.);
#4453=ADVANCED_FACE('',(#271),#27,.T.);
#4454=ADVANCED_FACE('',(#272),#28,.T.);
#4455=ADVANCED_FACE('',(#273),#29,.T.);
#4456=ADVANCED_FACE('',(#274),#30,.T.);
#4457=ADVANCED_FACE('',(#275),#31,.T.);
#4458=ADVANCED_FACE('',(#276),#32,.T.);
#4459=ADVANCED_FACE('',(#277),#33,.T.);
#4460=ADVANCED_FACE('',(#278),#34,.T.);
#4461=ADVANCED_FACE('',(#279),#35,.T.);
#4462=ADVANCED_FACE('',(#280),#36,.T.);
#4463=ADVANCED_FACE('',(#281),#37,.T.);
#4464=ADVANCED_FACE('',(#282),#38,.T.);
#4465=ADVANCED_FACE('',(#283),#39,.T.);
#4466=ADVANCED_FACE('',(#284),#40,.T.);
#4467=ADVANCED_FACE('',(#285),#41,.T.);
#4468=ADVANCED_FACE('',(#286),#42,.T.);
#4469=ADVANCED_FACE('',(#287),#43,.T.);
#4470=ADVANCED_FACE('',(#288),#44,.T.);
#4471=ADVANCED_FACE('',(#289),#45,.T.);
#4472=ADVANCED_FACE('',(#290),#46,.T.);
#4473=ADVANCED_FACE('',(#291),#47,.T.);
#4474=ADVANCED_FACE('',(#292),#48,.T.);
#4475=ADVANCED_FACE('',(#293),#49,.T.);
#4476=ADVANCED_FACE('',(#294),#50,.T.);
#4477=ADVANCED_FACE('',(#295),#51,.T.);
#4478=ADVANCED_FACE('',(#296),#52,.T.);
#4479=ADVANCED_FACE('',(#297),#53,.T.);
#4480=ADVANCED_FACE('',(#298),#54,.T.);
#4481=ADVANCED_FACE('',(#299),#55,.T.);
#4482=ADVANCED_FACE('',(#300),#56,.T.);
#4483=ADVANCED_FACE('',(#301),#57,.T.);
#4484=ADVANCED_FACE('',(#302),#58,.T.);
#4485=ADVANCED_FACE('',(#303),#59,.T.);
#4486=ADVANCED_FACE('',(#304),#60,.T.);
#4487=ADVANCED_FACE('',(#305),#61,.T.);
#4488=ADVANCED_FACE('',(#306),#62,.T.);
#4489=ADVANCED_FACE('',(#307),#63,.T.);
#4490=ADVANCED_FACE('',(#308),#64,.T.);
#4491=ADVANCED_FACE('',(#309),#65,.T.);
#4492=ADVANCED_FACE('',(#310),#66,.T.);
#4493=ADVANCED_FACE('',(#311),#67,.T.);
#4494=ADVANCED_FACE('',(#312),#68,.T.);
#4495=ADVANCED_FACE('',(#313),#69,.T.);
#4496=ADVANCED_FACE('',(#314),#70,.T.);
#4497=ADVANCED_FACE('',(#315),#71,.T.);
#4498=ADVANCED_FACE('',(#316),#72,.T.);
#4499=ADVANCED_FACE('',(#317),#4253,.T.);
#4500=ADVANCED_FACE('',(#318),#4254,.T.);
#4501=ADVANCED_FACE('',(#319),#4255,.T.);
#4502=ADVANCED_FACE('',(#320),#4256,.T.);
#4503=ADVANCED_FACE('',(#321),#4257,.F.);
#4504=ADVANCED_FACE('',(#322),#4258,.F.);
#4505=ADVANCED_FACE('',(#323),#73,.T.);
#4506=ADVANCED_FACE('',(#324),#74,.T.);
#4507=ADVANCED_FACE('',(#325),#4259,.T.);
#4508=ADVANCED_FACE('',(#326),#4260,.T.);
#4509=ADVANCED_FACE('',(#327),#4261,.T.);
#4510=ADVANCED_FACE('',(#328),#4262,.T.);
#4511=ADVANCED_FACE('',(#329),#4263,.T.);
#4512=ADVANCED_FACE('',(#330),#4264,.T.);
#4513=ADVANCED_FACE('',(#331),#4265,.T.);
#4514=ADVANCED_FACE('',(#332),#4266,.T.);
#4515=ADVANCED_FACE('',(#333),#4267,.T.);
#4516=ADVANCED_FACE('',(#334),#4268,.T.);
#4517=ADVANCED_FACE('',(#335),#4269,.T.);
#4518=ADVANCED_FACE('',(#336),#4270,.T.);
#4519=ADVANCED_FACE('',(#337),#4271,.T.);
#4520=ADVANCED_FACE('',(#338),#4272,.T.);
#4521=ADVANCED_FACE('',(#339),#4273,.T.);
#4522=ADVANCED_FACE('',(#340),#4274,.T.);
#4523=ADVANCED_FACE('',(#341),#4275,.T.);
#4524=ADVANCED_FACE('',(#342),#4276,.T.);
#4525=ADVANCED_FACE('',(#343),#4277,.T.);
#4526=ADVANCED_FACE('',(#344),#4278,.T.);
#4527=ADVANCED_FACE('',(#345),#4279,.T.);
#4528=ADVANCED_FACE('',(#346),#4280,.T.);
#4529=ADVANCED_FACE('',(#347),#4281,.T.);
#4530=ADVANCED_FACE('',(#348),#4282,.T.);
#4531=ADVANCED_FACE('',(#349),#4283,.T.);
#4532=ADVANCED_FACE('',(#350),#4284,.T.);
#4533=ADVANCED_FACE('',(#351),#4285,.T.);
#4534=ADVANCED_FACE('',(#352),#4286,.T.);
#4535=ADVANCED_FACE('',(#353),#4287,.T.);
#4536=ADVANCED_FACE('',(#354),#4288,.T.);
#4537=ADVANCED_FACE('',(#355),#4289,.T.);
#4538=ADVANCED_FACE('',(#356),#4290,.T.);
#4539=ADVANCED_FACE('',(#357),#4291,.T.);
#4540=ADVANCED_FACE('',(#358),#4292,.T.);
#4541=ADVANCED_FACE('',(#359),#4293,.T.);
#4542=ADVANCED_FACE('',(#360),#4294,.T.);
#4543=ADVANCED_FACE('',(#361),#4295,.T.);
#4544=ADVANCED_FACE('',(#362),#4296,.T.);
#4545=ADVANCED_FACE('',(#363),#4297,.T.);
#4546=ADVANCED_FACE('',(#364),#4298,.T.);
#4547=ADVANCED_FACE('',(#365),#4299,.T.);
#4548=ADVANCED_FACE('',(#366),#4300,.T.);
#4549=ADVANCED_FACE('',(#367),#4301,.T.);
#4550=ADVANCED_FACE('',(#368),#4302,.T.);
#4551=ADVANCED_FACE('',(#369),#4303,.T.);
#4552=ADVANCED_FACE('',(#370),#4304,.T.);
#4553=ADVANCED_FACE('',(#371),#4305,.T.);
#4554=ADVANCED_FACE('',(#372),#4306,.T.);
#4555=ADVANCED_FACE('',(#373),#4307,.T.);
#4556=ADVANCED_FACE('',(#374),#4308,.T.);
#4557=ADVANCED_FACE('',(#375),#4309,.T.);
#4558=ADVANCED_FACE('',(#376),#4310,.T.);
#4559=ADVANCED_FACE('',(#377),#4311,.T.);
#4560=ADVANCED_FACE('',(#378),#4312,.T.);
#4561=ADVANCED_FACE('',(#379),#4313,.T.);
#4562=ADVANCED_FACE('',(#380),#4314,.T.);
#4563=ADVANCED_FACE('',(#381),#4315,.T.);
#4564=ADVANCED_FACE('',(#382),#4316,.T.);
#4565=ADVANCED_FACE('',(#383),#4317,.T.);
#4566=ADVANCED_FACE('',(#384),#4318,.T.);
#4567=ADVANCED_FACE('',(#385),#4319,.T.);
#4568=ADVANCED_FACE('',(#386),#4320,.T.);
#4569=ADVANCED_FACE('',(#387),#4321,.T.);
#4570=ADVANCED_FACE('',(#388),#4322,.T.);
#4571=ADVANCED_FACE('',(#389),#4323,.T.);
#4572=ADVANCED_FACE('',(#390),#4324,.T.);
#4573=ADVANCED_FACE('',(#391),#4325,.T.);
#4574=ADVANCED_FACE('',(#392),#4326,.T.);
#4575=ADVANCED_FACE('',(#393),#4327,.T.);
#4576=ADVANCED_FACE('',(#394),#4328,.T.);
#4577=ADVANCED_FACE('',(#395),#4329,.T.);
#4578=ADVANCED_FACE('',(#396),#4330,.T.);
#4579=ADVANCED_FACE('',(#397),#4331,.T.);
#4580=ADVANCED_FACE('',(#398),#4332,.T.);
#4581=ADVANCED_FACE('',(#399),#4333,.T.);
#4582=ADVANCED_FACE('',(#400),#4334,.T.);
#4583=ADVANCED_FACE('',(#401),#4335,.T.);
#4584=ADVANCED_FACE('',(#402),#4336,.T.);
#4585=ADVANCED_FACE('',(#403),#4337,.T.);
#4586=ADVANCED_FACE('',(#404),#4338,.T.);
#4587=ADVANCED_FACE('',(#405),#4339,.T.);
#4588=ADVANCED_FACE('',(#406),#4340,.T.);
#4589=ADVANCED_FACE('',(#407),#4341,.T.);
#4590=ADVANCED_FACE('',(#408),#4342,.F.);
#4591=ADVANCED_FACE('',(#409),#4343,.F.);
#4592=ADVANCED_FACE('',(#410),#4344,.F.);
#4593=ADVANCED_FACE('',(#411),#4345,.F.);
#4594=ADVANCED_FACE('',(#412),#4346,.F.);
#4595=ADVANCED_FACE('',(#413),#4347,.F.);
#4596=ADVANCED_FACE('',(#414),#4348,.F.);
#4597=ADVANCED_FACE('',(#415),#4349,.F.);
#4598=ADVANCED_FACE('',(#416),#4350,.F.);
#4599=ADVANCED_FACE('',(#417),#4351,.F.);
#4600=ADVANCED_FACE('',(#418),#4352,.F.);
#4601=ADVANCED_FACE('',(#419),#4353,.F.);
#4602=ADVANCED_FACE('',(#420),#4354,.F.);
#4603=ADVANCED_FACE('',(#421),#4355,.F.);
#4604=ADVANCED_FACE('',(#422),#4356,.F.);
#4605=ADVANCED_FACE('',(#423),#4357,.F.);
#4606=ADVANCED_FACE('',(#424),#4358,.F.);
#4607=ADVANCED_FACE('',(#425),#4359,.F.);
#4608=ADVANCED_FACE('',(#426),#4360,.F.);
#4609=ADVANCED_FACE('',(#427),#4361,.F.);
#4610=ADVANCED_FACE('',(#428),#4362,.F.);
#4611=ADVANCED_FACE('',(#429),#4363,.F.);
#4612=ADVANCED_FACE('',(#430),#4364,.F.);
#4613=ADVANCED_FACE('',(#431),#4365,.F.);
#4614=ADVANCED_FACE('',(#432),#4366,.F.);
#4615=ADVANCED_FACE('',(#433),#4367,.F.);
#4616=ADVANCED_FACE('',(#434),#4368,.F.);
#4617=ADVANCED_FACE('',(#435),#4369,.F.);
#4618=ADVANCED_FACE('',(#436),#4370,.F.);
#4619=ADVANCED_FACE('',(#437),#4371,.F.);
#4620=ADVANCED_FACE('',(#438),#4372,.F.);
#4621=ADVANCED_FACE('',(#439),#4373,.F.);
#4622=ADVANCED_FACE('',(#440),#4374,.F.);
#4623=ADVANCED_FACE('',(#441),#4375,.F.);
#4624=ADVANCED_FACE('',(#442),#4376,.F.);
#4625=ADVANCED_FACE('',(#443),#4377,.F.);
#4626=ADVANCED_FACE('',(#444),#4378,.F.);
#4627=ADVANCED_FACE('',(#445),#4379,.F.);
#4628=ADVANCED_FACE('',(#446),#4380,.F.);
#4629=ADVANCED_FACE('',(#447),#4381,.F.);
#4630=ADVANCED_FACE('',(#448),#4382,.F.);
#4631=ADVANCED_FACE('',(#449),#4383,.F.);
#4632=ADVANCED_FACE('',(#450),#4384,.F.);
#4633=ADVANCED_FACE('',(#451),#4385,.F.);
#4634=CLOSED_SHELL('',(#4386,#4387,#4388,#4389,#4390,#4391,#4392,#4393,
#4394,#4395,#4396,#4397,#4398,#4399,#4400,#4401,#4402,#4403,#4404,#4405,
#4406,#4407,#4408,#4409,#4410,#4411,#4412,#4413,#4414,#4415,#4416,#4417,
#4418,#4419,#4420,#4421,#4422,#4423,#4424,#4425,#4426,#4427,#4428,#4429,
#4430,#4431,#4432,#4433,#4434,#4435,#4436,#4437,#4438,#4439,#4440,#4441,
#4442,#4443,#4444,#4445,#4446,#4447,#4448,#4449,#4450,#4451,#4452,#4453,
#4454,#4455,#4456,#4457,#4458,#4459,#4460,#4461,#4462,#4463,#4464,#4465,
#4466,#4467,#4468,#4469,#4470,#4471,#4472,#4473,#4474,#4475,#4476,#4477,
#4478,#4479,#4480,#4481,#4482,#4483,#4484,#4485,#4486,#4487,#4488,#4489,
#4490,#4491,#4492,#4493,#4494,#4495,#4496,#4497,#4498,#4499,#4500,#4501,
#4502,#4503,#4504,#4505,#4506,#4507,#4508,#4509,#4510,#4511,#4512,#4513,
#4514,#4515,#4516,#4517,#4518,#4519,#4520,#4521,#4522,#4523,#4524,#4525,
#4526,#4527,#4528,#4529,#4530,#4531,#4532,#4533,#4534,#4535,#4536,#4537,
#4538,#4539,#4540,#4541,#4542,#4543,#4544,#4545,#4546,#4547,#4548,#4549,
#4550,#4551,#4552,#4553,#4554,#4555,#4556,#4557,#4558,#4559,#4560,#4561,
#4562,#4563,#4564,#4565,#4566,#4567,#4568,#4569,#4570,#4571,#4572,#4573,
#4574,#4575,#4576,#4577,#4578,#4579,#4580,#4581,#4582,#4583,#4584,#4585,
#4586,#4587,#4588,#4589,#4590,#4591,#4592,#4593,#4594,#4595,#4596,#4597,
#4598,#4599,#4600,#4601,#4602,#4603,#4604,#4605,#4606,#4607,#4608,#4609,
#4610,#4611,#4612,#4613,#4614,#4615,#4616,#4617,#4618,#4619,#4620,#4621,
#4622,#4623,#4624,#4625,#4626,#4627,#4628,#4629,#4630,#4631,#4632,#4633));
#4635=DERIVED_UNIT_ELEMENT(#4637,1.);
#4636=DERIVED_UNIT_ELEMENT(#8936,-3.);
#4637=(
MASS_UNIT()
NAMED_UNIT(*)
SI_UNIT(.KILO.,.GRAM.)
);
#4638=DERIVED_UNIT((#4635,#4636));
#4639=MEASURE_REPRESENTATION_ITEM('density measure',
POSITIVE_RATIO_MEASURE(7850.),#4638);
#4640=PROPERTY_DEFINITION_REPRESENTATION(#4645,#4642);
#4641=PROPERTY_DEFINITION_REPRESENTATION(#4646,#4643);
#4642=REPRESENTATION('material name',(#4644),#8933);
#4643=REPRESENTATION('density',(#4639),#8933);
#4644=DESCRIPTIVE_REPRESENTATION_ITEM('Steel','Steel');
#4645=PROPERTY_DEFINITION('material property','material name',#8943);
#4646=PROPERTY_DEFINITION('material property','density of part',#8943);
#4647=AXIS2_PLACEMENT_3D('',#6857,#5320,#5321);
#4648=AXIS2_PLACEMENT_3D('',#6858,#5322,#5323);
#4649=AXIS2_PLACEMENT_3D('',#6860,#5324,#5325);
#4650=AXIS2_PLACEMENT_3D('',#6863,#5327,#5328);
#4651=AXIS2_PLACEMENT_3D('',#6864,#5329,#5330);
#4652=AXIS2_PLACEMENT_3D('',#6873,#5335,#5336);
#4653=AXIS2_PLACEMENT_3D('',#6875,#5337,#5338);
#4654=AXIS2_PLACEMENT_3D('',#6878,#5340,#5341);
#4655=AXIS2_PLACEMENT_3D('',#6879,#5342,#5343);
#4656=AXIS2_PLACEMENT_3D('',#6885,#5347,#5348);
#4657=AXIS2_PLACEMENT_3D('',#6888,#5351,#5352);
#4658=AXIS2_PLACEMENT_3D('',#6889,#5353,#5354);
#4659=AXIS2_PLACEMENT_3D('',#6892,#5355,#5356);
#4660=AXIS2_PLACEMENT_3D('',#6896,#5358,#5359);
#4661=AXIS2_PLACEMENT_3D('',#6898,#5361,#5362);
#4662=AXIS2_PLACEMENT_3D('',#6901,#5363,#5364);
#4663=AXIS2_PLACEMENT_3D('',#6905,#5366,#5367);
#4664=AXIS2_PLACEMENT_3D('',#6907,#5369,#5370);
#4665=AXIS2_PLACEMENT_3D('',#6910,#5371,#5372);
#4666=AXIS2_PLACEMENT_3D('',#6914,#5374,#5375);
#4667=AXIS2_PLACEMENT_3D('',#6916,#5377,#5378);
#4668=AXIS2_PLACEMENT_3D('',#6919,#5379,#5380);
#4669=AXIS2_PLACEMENT_3D('',#6923,#5382,#5383);
#4670=AXIS2_PLACEMENT_3D('',#6925,#5385,#5386);
#4671=AXIS2_PLACEMENT_3D('',#6928,#5387,#5388);
#4672=AXIS2_PLACEMENT_3D('',#6932,#5390,#5391);
#4673=AXIS2_PLACEMENT_3D('',#6934,#5393,#5394);
#4674=AXIS2_PLACEMENT_3D('',#6937,#5395,#5396);
#4675=AXIS2_PLACEMENT_3D('',#6941,#5398,#5399);
#4676=AXIS2_PLACEMENT_3D('',#6943,#5401,#5402);
#4677=AXIS2_PLACEMENT_3D('',#6946,#5403,#5404);
#4678=AXIS2_PLACEMENT_3D('',#6950,#5406,#5407);
#4679=AXIS2_PLACEMENT_3D('',#6952,#5409,#5410);
#4680=AXIS2_PLACEMENT_3D('',#6955,#5411,#5412);
#4681=AXIS2_PLACEMENT_3D('',#6959,#5414,#5415);
#4682=AXIS2_PLACEMENT_3D('',#6961,#5417,#5418);
#4683=AXIS2_PLACEMENT_3D('',#6964,#5419,#5420);
#4684=AXIS2_PLACEMENT_3D('',#6968,#5422,#5423);
#4685=AXIS2_PLACEMENT_3D('',#6970,#5425,#5426);
#4686=AXIS2_PLACEMENT_3D('',#6973,#5427,#5428);
#4687=AXIS2_PLACEMENT_3D('',#6977,#5430,#5431);
#4688=AXIS2_PLACEMENT_3D('',#6979,#5433,#5434);
#4689=AXIS2_PLACEMENT_3D('',#6982,#5435,#5436);
#4690=AXIS2_PLACEMENT_3D('',#6986,#5438,#5439);
#4691=AXIS2_PLACEMENT_3D('',#6988,#5441,#5442);
#4692=AXIS2_PLACEMENT_3D('',#6991,#5443,#5444);
#4693=AXIS2_PLACEMENT_3D('',#6995,#5446,#5447);
#4694=AXIS2_PLACEMENT_3D('',#6997,#5449,#5450);
#4695=AXIS2_PLACEMENT_3D('',#7000,#5451,#5452);
#4696=AXIS2_PLACEMENT_3D('',#7004,#5454,#5455);
#4697=AXIS2_PLACEMENT_3D('',#7006,#5457,#5458);
#4698=AXIS2_PLACEMENT_3D('',#7009,#5459,#5460);
#4699=AXIS2_PLACEMENT_3D('',#7013,#5462,#5463);
#4700=AXIS2_PLACEMENT_3D('',#7015,#5465,#5466);
#4701=AXIS2_PLACEMENT_3D('',#7033,#5468,#5469);
#4702=AXIS2_PLACEMENT_3D('',#7034,#5470,#5471);
#4703=AXIS2_PLACEMENT_3D('',#7035,#5472,#5473);
#4704=AXIS2_PLACEMENT_3D('',#7044,#5474,#5475);
#4705=AXIS2_PLACEMENT_3D('',#7046,#5476,#5477);
#4706=AXIS2_PLACEMENT_3D('',#7055,#5479,#5480);
#4707=AXIS2_PLACEMENT_3D('',#7057,#5481,#5482);
#4708=AXIS2_PLACEMENT_3D('',#7059,#5483,#5484);
#4709=AXIS2_PLACEMENT_3D('',#7075,#5486,#5487);
#4710=AXIS2_PLACEMENT_3D('',#7077,#5488,#5489);
#4711=AXIS2_PLACEMENT_3D('',#7094,#5491,#5492);
#4712=AXIS2_PLACEMENT_3D('',#7095,#5493,#5494);
#4713=AXIS2_PLACEMENT_3D('',#7098,#5495,#5496);
#4714=AXIS2_PLACEMENT_3D('',#7107,#5497,#5498);
#4715=AXIS2_PLACEMENT_3D('',#7114,#5499,#5500);
#4716=AXIS2_PLACEMENT_3D('',#7117,#5501,#5502);
#4717=AXIS2_PLACEMENT_3D('',#7126,#5503,#5504);
#4718=AXIS2_PLACEMENT_3D('',#7133,#5505,#5506);
#4719=AXIS2_PLACEMENT_3D('',#7137,#5508,#5509);
#4720=AXIS2_PLACEMENT_3D('',#7139,#5511,#5512);
#4721=AXIS2_PLACEMENT_3D('',#7142,#5513,#5514);
#4722=AXIS2_PLACEMENT_3D('',#7144,#5515,#5516);
#4723=AXIS2_PLACEMENT_3D('',#7145,#5517,#5518);
#4724=AXIS2_PLACEMENT_3D('',#7147,#5519,#5520);
#4725=AXIS2_PLACEMENT_3D('',#7149,#5521,#5522);
#4726=AXIS2_PLACEMENT_3D('',#7151,#5523,#5524);
#4727=AXIS2_PLACEMENT_3D('',#7153,#5525,#5526);
#4728=AXIS2_PLACEMENT_3D('',#7154,#5527,#5528);
#4729=AXIS2_PLACEMENT_3D('',#7156,#5529,#5530);
#4730=AXIS2_PLACEMENT_3D('',#7158,#5531,#5532);
#4731=AXIS2_PLACEMENT_3D('',#7160,#5533,#5534);
#4732=AXIS2_PLACEMENT_3D('',#7162,#5535,#5536);
#4733=AXIS2_PLACEMENT_3D('',#7163,#5537,#5538);
#4734=AXIS2_PLACEMENT_3D('',#7165,#5539,#5540);
#4735=AXIS2_PLACEMENT_3D('',#7167,#5541,#5542);
#4736=AXIS2_PLACEMENT_3D('',#7169,#5543,#5544);
#4737=AXIS2_PLACEMENT_3D('',#7170,#5545,#5546);
#4738=AXIS2_PLACEMENT_3D('',#7172,#5547,#5548);
#4739=AXIS2_PLACEMENT_3D('',#7174,#5549,#5550);
#4740=AXIS2_PLACEMENT_3D('',#7176,#5551,#5552);
#4741=AXIS2_PLACEMENT_3D('',#7178,#5553,#5554);
#4742=AXIS2_PLACEMENT_3D('',#7180,#5555,#5556);
#4743=AXIS2_PLACEMENT_3D('',#7182,#5557,#5558);
#4744=AXIS2_PLACEMENT_3D('',#7184,#5559,#5560);
#4745=AXIS2_PLACEMENT_3D('',#7186,#5561,#5562);
#4746=AXIS2_PLACEMENT_3D('',#7188,#5563,#5564);
#4747=AXIS2_PLACEMENT_3D('',#7190,#5565,#5566);
#4748=AXIS2_PLACEMENT_3D('',#7192,#5567,#5568);
#4749=AXIS2_PLACEMENT_3D('',#7194,#5569,#5570);
#4750=AXIS2_PLACEMENT_3D('',#7196,#5571,#5572);
#4751=AXIS2_PLACEMENT_3D('',#7198,#5573,#5574);
#4752=AXIS2_PLACEMENT_3D('',#7200,#5575,#5576);
#4753=AXIS2_PLACEMENT_3D('',#7202,#5577,#5578);
#4754=AXIS2_PLACEMENT_3D('',#7204,#5579,#5580);
#4755=AXIS2_PLACEMENT_3D('',#7206,#5581,#5582);
#4756=AXIS2_PLACEMENT_3D('',#7208,#5583,#5584);
#4757=AXIS2_PLACEMENT_3D('',#7210,#5585,#5586);
#4758=AXIS2_PLACEMENT_3D('',#7212,#5587,#5588);
#4759=AXIS2_PLACEMENT_3D('',#7214,#5589,#5590);
#4760=AXIS2_PLACEMENT_3D('',#7216,#5591,#5592);
#4761=AXIS2_PLACEMENT_3D('',#7218,#5593,#5594);
#4762=AXIS2_PLACEMENT_3D('',#7220,#5595,#5596);
#4763=AXIS2_PLACEMENT_3D('',#7222,#5597,#5598);
#4764=AXIS2_PLACEMENT_3D('',#7224,#5599,#5600);
#4765=AXIS2_PLACEMENT_3D('',#7226,#5601,#5602);
#4766=AXIS2_PLACEMENT_3D('',#7228,#5603,#5604);
#4767=AXIS2_PLACEMENT_3D('',#7230,#5605,#5606);
#4768=AXIS2_PLACEMENT_3D('',#7232,#5607,#5608);
#4769=AXIS2_PLACEMENT_3D('',#7234,#5609,#5610);
#4770=AXIS2_PLACEMENT_3D('',#7236,#5611,#5612);
#4771=AXIS2_PLACEMENT_3D('',#7238,#5613,#5614);
#4772=AXIS2_PLACEMENT_3D('',#7240,#5615,#5616);
#4773=AXIS2_PLACEMENT_3D('',#7242,#5617,#5618);
#4774=AXIS2_PLACEMENT_3D('',#7244,#5619,#5620);
#4775=AXIS2_PLACEMENT_3D('',#7246,#5621,#5622);
#4776=AXIS2_PLACEMENT_3D('',#7248,#5623,#5624);
#4777=AXIS2_PLACEMENT_3D('',#7250,#5625,#5626);
#4778=AXIS2_PLACEMENT_3D('',#7252,#5627,#5628);
#4779=AXIS2_PLACEMENT_3D('',#7254,#5629,#5630);
#4780=AXIS2_PLACEMENT_3D('',#7256,#5631,#5632);
#4781=AXIS2_PLACEMENT_3D('',#7258,#5633,#5634);
#4782=AXIS2_PLACEMENT_3D('',#7260,#5635,#5636);
#4783=AXIS2_PLACEMENT_3D('',#7262,#5637,#5638);
#4784=AXIS2_PLACEMENT_3D('',#7264,#5639,#5640);
#4785=AXIS2_PLACEMENT_3D('',#7265,#5641,#5642);
#4786=AXIS2_PLACEMENT_3D('',#7267,#5643,#5644);
#4787=AXIS2_PLACEMENT_3D('',#7269,#5645,#5646);
#4788=AXIS2_PLACEMENT_3D('',#7271,#5647,#5648);
#4789=AXIS2_PLACEMENT_3D('',#7273,#5649,#5650);
#4790=AXIS2_PLACEMENT_3D('',#7275,#5651,#5652);
#4791=AXIS2_PLACEMENT_3D('',#7277,#5653,#5654);
#4792=AXIS2_PLACEMENT_3D('',#7279,#5655,#5656);
#4793=AXIS2_PLACEMENT_3D('',#7281,#5657,#5658);
#4794=AXIS2_PLACEMENT_3D('',#7283,#5659,#5660);
#4795=AXIS2_PLACEMENT_3D('',#7285,#5661,#5662);
#4796=AXIS2_PLACEMENT_3D('',#7287,#5663,#5664);
#4797=AXIS2_PLACEMENT_3D('',#7289,#5665,#5666);
#4798=AXIS2_PLACEMENT_3D('',#7291,#5667,#5668);
#4799=AXIS2_PLACEMENT_3D('',#7293,#5669,#5670);
#4800=AXIS2_PLACEMENT_3D('',#7295,#5671,#5672);
#4801=AXIS2_PLACEMENT_3D('',#7297,#5673,#5674);
#4802=AXIS2_PLACEMENT_3D('',#7299,#5675,#5676);
#4803=AXIS2_PLACEMENT_3D('',#7301,#5677,#5678);
#4804=AXIS2_PLACEMENT_3D('',#7303,#5679,#5680);
#4805=AXIS2_PLACEMENT_3D('',#7305,#5681,#5682);
#4806=AXIS2_PLACEMENT_3D('',#7307,#5683,#5684);
#4807=AXIS2_PLACEMENT_3D('',#7309,#5685,#5686);
#4808=AXIS2_PLACEMENT_3D('',#7311,#5687,#5688);
#4809=AXIS2_PLACEMENT_3D('',#7313,#5689,#5690);
#4810=AXIS2_PLACEMENT_3D('',#7315,#5691,#5692);
#4811=AXIS2_PLACEMENT_3D('',#7317,#5693,#5694);
#4812=AXIS2_PLACEMENT_3D('',#7319,#5695,#5696);
#4813=AXIS2_PLACEMENT_3D('',#7321,#5697,#5698);
#4814=AXIS2_PLACEMENT_3D('',#7323,#5699,#5700);
#4815=AXIS2_PLACEMENT_3D('',#7325,#5701,#5702);
#4816=AXIS2_PLACEMENT_3D('',#7327,#5703,#5704);
#4817=AXIS2_PLACEMENT_3D('',#7329,#5705,#5706);
#4818=AXIS2_PLACEMENT_3D('',#7331,#5707,#5708);
#4819=AXIS2_PLACEMENT_3D('',#7333,#5709,#5710);
#4820=AXIS2_PLACEMENT_3D('',#7335,#5711,#5712);
#4821=AXIS2_PLACEMENT_3D('',#7337,#5713,#5714);
#4822=AXIS2_PLACEMENT_3D('',#7339,#5715,#5716);
#4823=AXIS2_PLACEMENT_3D('',#7341,#5717,#5718);
#4824=AXIS2_PLACEMENT_3D('',#7343,#5719,#5720);
#4825=AXIS2_PLACEMENT_3D('',#7345,#5721,#5722);
#4826=AXIS2_PLACEMENT_3D('',#7347,#5723,#5724);
#4827=AXIS2_PLACEMENT_3D('',#7349,#5725,#5726);
#4828=AXIS2_PLACEMENT_3D('',#7351,#5727,#5728);
#4829=AXIS2_PLACEMENT_3D('',#7353,#5729,#5730);
#4830=AXIS2_PLACEMENT_3D('',#7355,#5731,#5732);
#4831=AXIS2_PLACEMENT_3D('',#7357,#5733,#5734);
#4832=AXIS2_PLACEMENT_3D('',#7359,#5735,#5736);
#4833=AXIS2_PLACEMENT_3D('',#7360,#5737,#5738);
#4834=AXIS2_PLACEMENT_3D('',#7362,#5739,#5740);
#4835=AXIS2_PLACEMENT_3D('',#7364,#5741,#5742);
#4836=AXIS2_PLACEMENT_3D('',#7366,#5743,#5744);
#4837=AXIS2_PLACEMENT_3D('',#7367,#5745,#5746);
#4838=AXIS2_PLACEMENT_3D('',#7369,#5747,#5748);
#4839=AXIS2_PLACEMENT_3D('',#7371,#5749,#5750);
#4840=AXIS2_PLACEMENT_3D('',#7373,#5751,#5752);
#4841=AXIS2_PLACEMENT_3D('',#7375,#5753,#5754);
#4842=AXIS2_PLACEMENT_3D('',#7376,#5755,#5756);
#4843=AXIS2_PLACEMENT_3D('',#7378,#5757,#5758);
#4844=AXIS2_PLACEMENT_3D('',#7380,#5759,#5760);
#4845=AXIS2_PLACEMENT_3D('',#7382,#5761,#5762);
#4846=AXIS2_PLACEMENT_3D('',#7384,#5763,#5764);
#4847=AXIS2_PLACEMENT_3D('',#7385,#5765,#5766);
#4848=AXIS2_PLACEMENT_3D('',#7387,#5767,#5768);
#4849=AXIS2_PLACEMENT_3D('',#7389,#5769,#5770);
#4850=AXIS2_PLACEMENT_3D('',#7391,#5771,#5772);
#4851=AXIS2_PLACEMENT_3D('',#7393,#5773,#5774);
#4852=AXIS2_PLACEMENT_3D('',#7394,#5775,#5776);
#4853=AXIS2_PLACEMENT_3D('',#7396,#5777,#5778);
#4854=AXIS2_PLACEMENT_3D('',#7398,#5779,#5780);
#4855=AXIS2_PLACEMENT_3D('',#7400,#5781,#5782);
#4856=AXIS2_PLACEMENT_3D('',#7402,#5783,#5784);
#4857=AXIS2_PLACEMENT_3D('',#7403,#5785,#5786);
#4858=AXIS2_PLACEMENT_3D('',#7405,#5787,#5788);
#4859=AXIS2_PLACEMENT_3D('',#7407,#5789,#5790);
#4860=AXIS2_PLACEMENT_3D('',#7409,#5791,#5792);
#4861=AXIS2_PLACEMENT_3D('',#7411,#5793,#5794);
#4862=AXIS2_PLACEMENT_3D('',#7412,#5795,#5796);
#4863=AXIS2_PLACEMENT_3D('',#7414,#5797,#5798);
#4864=AXIS2_PLACEMENT_3D('',#7416,#5799,#5800);
#4865=AXIS2_PLACEMENT_3D('',#7418,#5801,#5802);
#4866=AXIS2_PLACEMENT_3D('',#7420,#5803,#5804);
#4867=AXIS2_PLACEMENT_3D('',#7422,#5805,#5806);
#4868=AXIS2_PLACEMENT_3D('',#7424,#5807,#5808);
#4869=AXIS2_PLACEMENT_3D('',#7425,#5809,#5810);
#4870=AXIS2_PLACEMENT_3D('',#7427,#5811,#5812);
#4871=AXIS2_PLACEMENT_3D('',#7429,#5813,#5814);
#4872=AXIS2_PLACEMENT_3D('',#7431,#5815,#5816);
#4873=AXIS2_PLACEMENT_3D('',#7433,#5817,#5818);
#4874=AXIS2_PLACEMENT_3D('',#7434,#5819,#5820);
#4875=AXIS2_PLACEMENT_3D('',#7436,#5821,#5822);
#4876=AXIS2_PLACEMENT_3D('',#7438,#5823,#5824);
#4877=AXIS2_PLACEMENT_3D('',#7440,#5825,#5826);
#4878=AXIS2_PLACEMENT_3D('',#7442,#5827,#5828);
#4879=AXIS2_PLACEMENT_3D('',#7443,#5829,#5830);
#4880=AXIS2_PLACEMENT_3D('',#7445,#5831,#5832);
#4881=AXIS2_PLACEMENT_3D('',#7446,#5833,#5834);
#4882=AXIS2_PLACEMENT_3D('',#7447,#5835,#5836);
#4883=AXIS2_PLACEMENT_3D('',#7449,#5837,#5838);
#4884=AXIS2_PLACEMENT_3D('',#7451,#5839,#5840);
#4885=AXIS2_PLACEMENT_3D('',#7453,#5841,#5842);
#4886=AXIS2_PLACEMENT_3D('',#7455,#5843,#5844);
#4887=AXIS2_PLACEMENT_3D('',#7457,#5845,#5846);
#4888=AXIS2_PLACEMENT_3D('',#7458,#5847,#5848);
#4889=AXIS2_PLACEMENT_3D('',#7460,#5849,#5850);
#4890=AXIS2_PLACEMENT_3D('',#7462,#5851,#5852);
#4891=AXIS2_PLACEMENT_3D('',#7464,#5853,#5854);
#4892=AXIS2_PLACEMENT_3D('',#7466,#5855,#5856);
#4893=AXIS2_PLACEMENT_3D('',#7467,#5857,#5858);
#4894=AXIS2_PLACEMENT_3D('',#7469,#5859,#5860);
#4895=AXIS2_PLACEMENT_3D('',#7471,#5861,#5862);
#4896=AXIS2_PLACEMENT_3D('',#7473,#5863,#5864);
#4897=AXIS2_PLACEMENT_3D('',#7475,#5865,#5866);
#4898=AXIS2_PLACEMENT_3D('',#7476,#5867,#5868);
#4899=AXIS2_PLACEMENT_3D('',#7478,#5869,#5870);
#4900=AXIS2_PLACEMENT_3D('',#7480,#5871,#5872);
#4901=AXIS2_PLACEMENT_3D('',#7481,#5873,#5874);
#4902=AXIS2_PLACEMENT_3D('',#7483,#5875,#5876);
#4903=AXIS2_PLACEMENT_3D('',#7485,#5877,#5878);
#4904=AXIS2_PLACEMENT_3D('',#7486,#5879,#5880);
#4905=AXIS2_PLACEMENT_3D('',#7488,#5881,#5882);
#4906=AXIS2_PLACEMENT_3D('',#7490,#5883,#5884);
#4907=AXIS2_PLACEMENT_3D('',#7492,#5885,#5886);
#4908=AXIS2_PLACEMENT_3D('',#7494,#5887,#5888);
#4909=AXIS2_PLACEMENT_3D('',#7495,#5889,#5890);
#4910=AXIS2_PLACEMENT_3D('',#7497,#5891,#5892);
#4911=AXIS2_PLACEMENT_3D('',#7499,#5893,#5894);
#4912=AXIS2_PLACEMENT_3D('',#7501,#5895,#5896);
#4913=AXIS2_PLACEMENT_3D('',#7503,#5897,#5898);
#4914=AXIS2_PLACEMENT_3D('',#7504,#5899,#5900);
#4915=AXIS2_PLACEMENT_3D('',#7506,#5901,#5902);
#4916=AXIS2_PLACEMENT_3D('',#7508,#5903,#5904);
#4917=AXIS2_PLACEMENT_3D('',#7510,#5905,#5906);
#4918=AXIS2_PLACEMENT_3D('',#7512,#5907,#5908);
#4919=AXIS2_PLACEMENT_3D('',#7513,#5909,#5910);
#4920=AXIS2_PLACEMENT_3D('',#7515,#5911,#5912);
#4921=AXIS2_PLACEMENT_3D('',#7517,#5913,#5914);
#4922=AXIS2_PLACEMENT_3D('',#7519,#5915,#5916);
#4923=AXIS2_PLACEMENT_3D('',#7521,#5917,#5918);
#4924=AXIS2_PLACEMENT_3D('',#7522,#5919,#5920);
#4925=AXIS2_PLACEMENT_3D('',#7524,#5921,#5922);
#4926=AXIS2_PLACEMENT_3D('',#7526,#5923,#5924);
#4927=AXIS2_PLACEMENT_3D('',#7528,#5925,#5926);
#4928=AXIS2_PLACEMENT_3D('',#7530,#5927,#5928);
#4929=AXIS2_PLACEMENT_3D('',#7531,#5929,#5930);
#4930=AXIS2_PLACEMENT_3D('',#7533,#5931,#5932);
#4931=AXIS2_PLACEMENT_3D('',#7535,#5933,#5934);
#4932=AXIS2_PLACEMENT_3D('',#7537,#5935,#5936);
#4933=AXIS2_PLACEMENT_3D('',#7538,#5937,#5938);
#4934=AXIS2_PLACEMENT_3D('',#7540,#5939,#5940);
#4935=AXIS2_PLACEMENT_3D('',#7542,#5941,#5942);
#4936=AXIS2_PLACEMENT_3D('',#7544,#5943,#5944);
#4937=AXIS2_PLACEMENT_3D('',#7546,#5945,#5946);
#4938=AXIS2_PLACEMENT_3D('',#7548,#5947,#5948);
#4939=AXIS2_PLACEMENT_3D('',#7550,#5949,#5950);
#4940=AXIS2_PLACEMENT_3D('',#7552,#5951,#5952);
#4941=AXIS2_PLACEMENT_3D('',#7554,#5953,#5954);
#4942=AXIS2_PLACEMENT_3D('',#7556,#5955,#5956);
#4943=AXIS2_PLACEMENT_3D('',#7558,#5957,#5958);
#4944=AXIS2_PLACEMENT_3D('',#7560,#5959,#5960);
#4945=AXIS2_PLACEMENT_3D('',#7562,#5961,#5962);
#4946=AXIS2_PLACEMENT_3D('',#7564,#5963,#5964);
#4947=AXIS2_PLACEMENT_3D('',#7566,#5965,#5966);
#4948=AXIS2_PLACEMENT_3D('',#7568,#5967,#5968);
#4949=AXIS2_PLACEMENT_3D('',#7570,#5969,#5970);
#4950=AXIS2_PLACEMENT_3D('',#7572,#5971,#5972);
#4951=AXIS2_PLACEMENT_3D('',#7574,#5973,#5974);
#4952=AXIS2_PLACEMENT_3D('',#7576,#5975,#5976);
#4953=AXIS2_PLACEMENT_3D('',#7578,#5977,#5978);
#4954=AXIS2_PLACEMENT_3D('',#7580,#5979,#5980);
#4955=AXIS2_PLACEMENT_3D('',#7582,#5981,#5982);
#4956=AXIS2_PLACEMENT_3D('',#7584,#5983,#5984);
#4957=AXIS2_PLACEMENT_3D('',#7586,#5985,#5986);
#4958=AXIS2_PLACEMENT_3D('',#7588,#5987,#5988);
#4959=AXIS2_PLACEMENT_3D('',#7590,#5989,#5990);
#4960=AXIS2_PLACEMENT_3D('',#7592,#5991,#5992);
#4961=AXIS2_PLACEMENT_3D('',#7594,#5993,#5994);
#4962=AXIS2_PLACEMENT_3D('',#7596,#5995,#5996);
#4963=AXIS2_PLACEMENT_3D('',#7598,#5997,#5998);
#4964=AXIS2_PLACEMENT_3D('',#7600,#5999,#6000);
#4965=AXIS2_PLACEMENT_3D('',#7602,#6001,#6002);
#4966=AXIS2_PLACEMENT_3D('',#7604,#6003,#6004);
#4967=AXIS2_PLACEMENT_3D('',#7606,#6005,#6006);
#4968=AXIS2_PLACEMENT_3D('',#7608,#6007,#6008);
#4969=AXIS2_PLACEMENT_3D('',#7610,#6009,#6010);
#4970=AXIS2_PLACEMENT_3D('',#7612,#6011,#6012);
#4971=AXIS2_PLACEMENT_3D('',#7614,#6013,#6014);
#4972=AXIS2_PLACEMENT_3D('',#7616,#6015,#6016);
#4973=AXIS2_PLACEMENT_3D('',#7618,#6017,#6018);
#4974=AXIS2_PLACEMENT_3D('',#7620,#6019,#6020);
#4975=AXIS2_PLACEMENT_3D('',#7622,#6021,#6022);
#4976=AXIS2_PLACEMENT_3D('',#7624,#6023,#6024);
#4977=AXIS2_PLACEMENT_3D('',#7626,#6025,#6026);
#4978=AXIS2_PLACEMENT_3D('',#7628,#6027,#6028);
#4979=AXIS2_PLACEMENT_3D('',#7630,#6029,#6030);
#4980=AXIS2_PLACEMENT_3D('',#7632,#6031,#6032);
#4981=AXIS2_PLACEMENT_3D('',#7634,#6033,#6034);
#4982=AXIS2_PLACEMENT_3D('',#7636,#6035,#6036);
#4983=AXIS2_PLACEMENT_3D('',#7638,#6037,#6038);
#4984=AXIS2_PLACEMENT_3D('',#7640,#6039,#6040);
#4985=AXIS2_PLACEMENT_3D('',#7642,#6041,#6042);
#4986=AXIS2_PLACEMENT_3D('',#7644,#6043,#6044);
#4987=AXIS2_PLACEMENT_3D('',#7646,#6045,#6046);
#4988=AXIS2_PLACEMENT_3D('',#7648,#6047,#6048);
#4989=AXIS2_PLACEMENT_3D('',#7650,#6049,#6050);
#4990=AXIS2_PLACEMENT_3D('',#7652,#6051,#6052);
#4991=AXIS2_PLACEMENT_3D('',#7654,#6053,#6054);
#4992=AXIS2_PLACEMENT_3D('',#7656,#6055,#6056);
#4993=AXIS2_PLACEMENT_3D('',#7658,#6057,#6058);
#4994=AXIS2_PLACEMENT_3D('',#7660,#6059,#6060);
#4995=AXIS2_PLACEMENT_3D('',#7662,#6061,#6062);
#4996=AXIS2_PLACEMENT_3D('',#7664,#6063,#6064);
#4997=AXIS2_PLACEMENT_3D('',#7666,#6065,#6066);
#4998=AXIS2_PLACEMENT_3D('',#7668,#6067,#6068);
#4999=AXIS2_PLACEMENT_3D('',#7670,#6069,#6070);
#5000=AXIS2_PLACEMENT_3D('',#7672,#6071,#6072);
#5001=AXIS2_PLACEMENT_3D('',#7674,#6073,#6074);
#5002=AXIS2_PLACEMENT_3D('',#7676,#6075,#6076);
#5003=AXIS2_PLACEMENT_3D('',#7678,#6077,#6078);
#5004=AXIS2_PLACEMENT_3D('',#7680,#6079,#6080);
#5005=AXIS2_PLACEMENT_3D('',#7682,#6081,#6082);
#5006=AXIS2_PLACEMENT_3D('',#7684,#6083,#6084);
#5007=AXIS2_PLACEMENT_3D('',#7686,#6085,#6086);
#5008=AXIS2_PLACEMENT_3D('',#7688,#6087,#6088);
#5009=AXIS2_PLACEMENT_3D('',#7690,#6089,#6090);
#5010=AXIS2_PLACEMENT_3D('',#7692,#6091,#6092);
#5011=AXIS2_PLACEMENT_3D('',#7694,#6093,#6094);
#5012=AXIS2_PLACEMENT_3D('',#7696,#6095,#6096);
#5013=AXIS2_PLACEMENT_3D('',#7698,#6097,#6098);
#5014=AXIS2_PLACEMENT_3D('',#7700,#6099,#6100);
#5015=AXIS2_PLACEMENT_3D('',#7702,#6101,#6102);
#5016=AXIS2_PLACEMENT_3D('',#7704,#6103,#6104);
#5017=AXIS2_PLACEMENT_3D('',#7706,#6105,#6106);
#5018=AXIS2_PLACEMENT_3D('',#7708,#6107,#6108);
#5019=AXIS2_PLACEMENT_3D('',#7710,#6109,#6110);
#5020=AXIS2_PLACEMENT_3D('',#7712,#6111,#6112);
#5021=AXIS2_PLACEMENT_3D('',#7714,#6113,#6114);
#5022=AXIS2_PLACEMENT_3D('',#7716,#6115,#6116);
#5023=AXIS2_PLACEMENT_3D('',#7718,#6117,#6118);
#5024=AXIS2_PLACEMENT_3D('',#7720,#6119,#6120);
#5025=AXIS2_PLACEMENT_3D('',#7722,#6121,#6122);
#5026=AXIS2_PLACEMENT_3D('',#7724,#6123,#6124);
#5027=AXIS2_PLACEMENT_3D('',#7726,#6125,#6126);
#5028=AXIS2_PLACEMENT_3D('',#7728,#6127,#6128);
#5029=AXIS2_PLACEMENT_3D('',#7730,#6129,#6130);
#5030=AXIS2_PLACEMENT_3D('',#7731,#6131,#6132);
#5031=AXIS2_PLACEMENT_3D('',#7733,#6133,#6134);
#5032=AXIS2_PLACEMENT_3D('',#7735,#6135,#6136);
#5033=AXIS2_PLACEMENT_3D('',#7737,#6137,#6138);
#5034=AXIS2_PLACEMENT_3D('',#7738,#6139,#6140);
#5035=AXIS2_PLACEMENT_3D('',#7740,#6141,#6142);
#5036=AXIS2_PLACEMENT_3D('',#7742,#6143,#6144);
#5037=AXIS2_PLACEMENT_3D('',#7744,#6145,#6146);
#5038=AXIS2_PLACEMENT_3D('',#7746,#6147,#6148);
#5039=AXIS2_PLACEMENT_3D('',#7747,#6149,#6150);
#5040=AXIS2_PLACEMENT_3D('',#7749,#6151,#6152);
#5041=AXIS2_PLACEMENT_3D('',#7751,#6153,#6154);
#5042=AXIS2_PLACEMENT_3D('',#7753,#6155,#6156);
#5043=AXIS2_PLACEMENT_3D('',#7754,#6157,#6158);
#5044=AXIS2_PLACEMENT_3D('',#7755,#6159,#6160);
#5045=AXIS2_PLACEMENT_3D('',#7758,#6161,#6162);
#5046=AXIS2_PLACEMENT_3D('',#7762,#6164,#6165);
#5047=AXIS2_PLACEMENT_3D('',#7764,#6167,#6168);
#5048=AXIS2_PLACEMENT_3D('',#7767,#6169,#6170);
#5049=AXIS2_PLACEMENT_3D('',#7771,#6172,#6173);
#5050=AXIS2_PLACEMENT_3D('',#7773,#6175,#6176);
#5051=AXIS2_PLACEMENT_3D('',#7776,#6177,#6178);
#5052=AXIS2_PLACEMENT_3D('',#7780,#6180,#6181);
#5053=AXIS2_PLACEMENT_3D('',#7782,#6183,#6184);
#5054=AXIS2_PLACEMENT_3D('',#7785,#6185,#6186);
#5055=AXIS2_PLACEMENT_3D('',#7789,#6188,#6189);
#5056=AXIS2_PLACEMENT_3D('',#7791,#6191,#6192);
#5057=AXIS2_PLACEMENT_3D('',#7794,#6193,#6194);
#5058=AXIS2_PLACEMENT_3D('',#7798,#6196,#6197);
#5059=AXIS2_PLACEMENT_3D('',#7800,#6199,#6200);
#5060=AXIS2_PLACEMENT_3D('',#7804,#6202,#6203);
#5061=AXIS2_PLACEMENT_3D('',#7806,#6205,#6206);
#5062=AXIS2_PLACEMENT_3D('',#7809,#6207,#6208);
#5063=AXIS2_PLACEMENT_3D('',#7813,#6210,#6211);
#5064=AXIS2_PLACEMENT_3D('',#7815,#6213,#6214);
#5065=AXIS2_PLACEMENT_3D('',#7818,#6215,#6216);
#5066=AXIS2_PLACEMENT_3D('',#7822,#6218,#6219);
#5067=AXIS2_PLACEMENT_3D('',#7824,#6221,#6222);
#5068=AXIS2_PLACEMENT_3D('',#7827,#6223,#6224);
#5069=AXIS2_PLACEMENT_3D('',#7831,#6226,#6227);
#5070=AXIS2_PLACEMENT_3D('',#7833,#6229,#6230);
#5071=AXIS2_PLACEMENT_3D('',#7835,#6231,#6232);
#5072=AXIS2_PLACEMENT_3D('',#7837,#6233,#6234);
#5073=AXIS2_PLACEMENT_3D('',#7839,#6236,#6237);
#5074=AXIS2_PLACEMENT_3D('',#7842,#6238,#6239);
#5075=AXIS2_PLACEMENT_3D('',#7846,#6241,#6242);
#5076=AXIS2_PLACEMENT_3D('',#7848,#6244,#6245);
#5077=AXIS2_PLACEMENT_3D('',#7851,#6246,#6247);
#5078=AXIS2_PLACEMENT_3D('',#7855,#6249,#6250);
#5079=AXIS2_PLACEMENT_3D('',#7857,#6252,#6253);
#5080=AXIS2_PLACEMENT_3D('',#7859,#6254,#6255);
#5081=AXIS2_PLACEMENT_3D('',#7861,#6256,#6257);
#5082=AXIS2_PLACEMENT_3D('',#7863,#6259,#6260);
#5083=AXIS2_PLACEMENT_3D('',#7866,#6261,#6262);
#5084=AXIS2_PLACEMENT_3D('',#7870,#6264,#6265);
#5085=AXIS2_PLACEMENT_3D('',#7872,#6267,#6268);
#5086=AXIS2_PLACEMENT_3D('',#7875,#6269,#6270);
#5087=AXIS2_PLACEMENT_3D('',#7879,#6272,#6273);
#5088=AXIS2_PLACEMENT_3D('',#7881,#6275,#6276);
#5089=AXIS2_PLACEMENT_3D('',#7884,#6277,#6278);
#5090=AXIS2_PLACEMENT_3D('',#7888,#6280,#6281);
#5091=AXIS2_PLACEMENT_3D('',#7890,#6283,#6284);
#5092=AXIS2_PLACEMENT_3D('',#7893,#6285,#6286);
#5093=AXIS2_PLACEMENT_3D('',#7897,#6288,#6289);
#5094=AXIS2_PLACEMENT_3D('',#7899,#6291,#6292);
#5095=AXIS2_PLACEMENT_3D('',#7902,#6293,#6294);
#5096=AXIS2_PLACEMENT_3D('',#7906,#6296,#6297);
#5097=AXIS2_PLACEMENT_3D('',#7908,#6299,#6300);
#5098=AXIS2_PLACEMENT_3D('',#7911,#6301,#6302);
#5099=AXIS2_PLACEMENT_3D('',#7915,#6304,#6305);
#5100=AXIS2_PLACEMENT_3D('',#7917,#6307,#6308);
#5101=AXIS2_PLACEMENT_3D('',#7920,#6309,#6310);
#5102=AXIS2_PLACEMENT_3D('',#7924,#6312,#6313);
#5103=AXIS2_PLACEMENT_3D('',#7926,#6315,#6316);
#5104=AXIS2_PLACEMENT_3D('',#7929,#6317,#6318);
#5105=AXIS2_PLACEMENT_3D('',#7933,#6320,#6321);
#5106=AXIS2_PLACEMENT_3D('',#7935,#6323,#6324);
#5107=AXIS2_PLACEMENT_3D('',#7938,#6325,#6326);
#5108=AXIS2_PLACEMENT_3D('',#7942,#6328,#6329);
#5109=AXIS2_PLACEMENT_3D('',#7944,#6331,#6332);
#5110=AXIS2_PLACEMENT_3D('',#7947,#6333,#6334);
#5111=AXIS2_PLACEMENT_3D('',#7951,#6336,#6337);
#5112=AXIS2_PLACEMENT_3D('',#7953,#6339,#6340);
#5113=AXIS2_PLACEMENT_3D('',#7956,#6341,#6342);
#5114=AXIS2_PLACEMENT_3D('',#7960,#6344,#6345);
#5115=AXIS2_PLACEMENT_3D('',#7962,#6347,#6348);
#5116=AXIS2_PLACEMENT_3D('',#7965,#6349,#6350);
#5117=AXIS2_PLACEMENT_3D('',#7969,#6352,#6353);
#5118=AXIS2_PLACEMENT_3D('',#7971,#6355,#6356);
#5119=AXIS2_PLACEMENT_3D('',#7974,#6357,#6358);
#5120=AXIS2_PLACEMENT_3D('',#7978,#6360,#6361);
#5121=AXIS2_PLACEMENT_3D('',#7980,#6363,#6364);
#5122=AXIS2_PLACEMENT_3D('',#7983,#6365,#6366);
#5123=AXIS2_PLACEMENT_3D('',#7987,#6368,#6369);
#5124=AXIS2_PLACEMENT_3D('',#7989,#6371,#6372);
#5125=AXIS2_PLACEMENT_3D('',#7991,#6373,#6374);
#5126=AXIS2_PLACEMENT_3D('',#7993,#6375,#6376);
#5127=AXIS2_PLACEMENT_3D('',#7995,#6378,#6379);
#5128=AXIS2_PLACEMENT_3D('',#8008,#6380,#6381);
#5129=AXIS2_PLACEMENT_3D('',#8021,#6382,#6383);
#5130=AXIS2_PLACEMENT_3D('',#8034,#6384,#6385);
#5131=AXIS2_PLACEMENT_3D('',#8047,#6386,#6387);
#5132=AXIS2_PLACEMENT_3D('',#8060,#6388,#6389);
#5133=AXIS2_PLACEMENT_3D('',#8073,#6390,#6391);
#5134=AXIS2_PLACEMENT_3D('',#8086,#6392,#6393);
#5135=AXIS2_PLACEMENT_3D('',#8099,#6394,#6395);
#5136=AXIS2_PLACEMENT_3D('',#8106,#6396,#6397);
#5137=AXIS2_PLACEMENT_3D('',#8119,#6398,#6399);
#5138=AXIS2_PLACEMENT_3D('',#8132,#6400,#6401);
#5139=AXIS2_PLACEMENT_3D('',#8139,#6402,#6403);
#5140=AXIS2_PLACEMENT_3D('',#8152,#6404,#6405);
#5141=AXIS2_PLACEMENT_3D('',#8165,#6406,#6407);
#5142=AXIS2_PLACEMENT_3D('',#8178,#6408,#6409);
#5143=AXIS2_PLACEMENT_3D('',#8191,#6410,#6411);
#5144=AXIS2_PLACEMENT_3D('',#8204,#6412,#6413);
#5145=AXIS2_PLACEMENT_3D('',#8217,#6414,#6415);
#5146=AXIS2_PLACEMENT_3D('',#8230,#6416,#6417);
#5147=AXIS2_PLACEMENT_3D('',#8243,#6418,#6419);
#5148=AXIS2_PLACEMENT_3D('',#8256,#6420,#6421);
#5149=AXIS2_PLACEMENT_3D('',#8269,#6422,#6423);
#5150=AXIS2_PLACEMENT_3D('',#8282,#6424,#6425);
#5151=AXIS2_PLACEMENT_3D('',#8295,#6426,#6427);
#5152=AXIS2_PLACEMENT_3D('',#8308,#6428,#6429);
#5153=AXIS2_PLACEMENT_3D('',#8321,#6430,#6431);
#5154=AXIS2_PLACEMENT_3D('',#8334,#6432,#6433);
#5155=AXIS2_PLACEMENT_3D('',#8341,#6434,#6435);
#5156=AXIS2_PLACEMENT_3D('',#8354,#6436,#6437);
#5157=AXIS2_PLACEMENT_3D('',#8367,#6438,#6439);
#5158=AXIS2_PLACEMENT_3D('',#8380,#6440,#6441);
#5159=AXIS2_PLACEMENT_3D('',#8393,#6442,#6443);
#5160=AXIS2_PLACEMENT_3D('',#8406,#6444,#6445);
#5161=AXIS2_PLACEMENT_3D('',#8419,#6446,#6447);
#5162=AXIS2_PLACEMENT_3D('',#8432,#6448,#6449);
#5163=AXIS2_PLACEMENT_3D('',#8445,#6450,#6451);
#5164=AXIS2_PLACEMENT_3D('',#8458,#6452,#6453);
#5165=AXIS2_PLACEMENT_3D('',#8465,#6454,#6455);
#5166=AXIS2_PLACEMENT_3D('',#8478,#6456,#6457);
#5167=AXIS2_PLACEMENT_3D('',#8491,#6458,#6459);
#5168=AXIS2_PLACEMENT_3D('',#8498,#6460,#6461);
#5169=AXIS2_PLACEMENT_3D('',#8511,#6462,#6463);
#5170=AXIS2_PLACEMENT_3D('',#8524,#6464,#6465);
#5171=AXIS2_PLACEMENT_3D('',#8537,#6466,#6467);
#5172=AXIS2_PLACEMENT_3D('',#8550,#6468,#6469);
#5173=AXIS2_PLACEMENT_3D('',#8563,#6470,#6471);
#5174=AXIS2_PLACEMENT_3D('',#8576,#6472,#6473);
#5175=AXIS2_PLACEMENT_3D('',#8589,#6474,#6475);
#5176=AXIS2_PLACEMENT_3D('',#8602,#6476,#6477);
#5177=AXIS2_PLACEMENT_3D('',#8615,#6478,#6479);
#5178=AXIS2_PLACEMENT_3D('',#8628,#6480,#6481);
#5179=AXIS2_PLACEMENT_3D('',#8641,#6482,#6483);
#5180=AXIS2_PLACEMENT_3D('',#8654,#6484,#6485);
#5181=AXIS2_PLACEMENT_3D('',#8667,#6486,#6487);
#5182=AXIS2_PLACEMENT_3D('',#8680,#6488,#6489);
#5183=AXIS2_PLACEMENT_3D('',#8687,#6490,#6491);
#5184=AXIS2_PLACEMENT_3D('',#8689,#6492,#6493);
#5185=AXIS2_PLACEMENT_3D('',#8691,#6494,#6495);
#5186=AXIS2_PLACEMENT_3D('',#8693,#6497,#6498);
#5187=AXIS2_PLACEMENT_3D('',#8707,#6500,#6501);
#5188=AXIS2_PLACEMENT_3D('',#8710,#6504,#6505);
#5189=AXIS2_PLACEMENT_3D('',#8712,#6507,#6508);
#5190=AXIS2_PLACEMENT_3D('',#8713,#6509,#6510);
#5191=AXIS2_PLACEMENT_3D('',#8714,#6511,#6512);
#5192=AXIS2_PLACEMENT_3D('',#8715,#6513,#6514);
#5193=AXIS2_PLACEMENT_3D('',#8716,#6515,#6516);
#5194=AXIS2_PLACEMENT_3D('',#8718,#6518,#6519);
#5195=AXIS2_PLACEMENT_3D('',#8720,#6521,#6522);
#5196=AXIS2_PLACEMENT_3D('',#8722,#6524,#6525);
#5197=AXIS2_PLACEMENT_3D('',#8725,#6528,#6529);
#5198=AXIS2_PLACEMENT_3D('',#8727,#6531,#6532);
#5199=AXIS2_PLACEMENT_3D('',#8729,#6534,#6535);
#5200=AXIS2_PLACEMENT_3D('',#8732,#6538,#6539);
#5201=AXIS2_PLACEMENT_3D('',#8734,#6541,#6542);
#5202=AXIS2_PLACEMENT_3D('',#8736,#6544,#6545);
#5203=AXIS2_PLACEMENT_3D('',#8739,#6548,#6549);
#5204=AXIS2_PLACEMENT_3D('',#8741,#6551,#6552);
#5205=AXIS2_PLACEMENT_3D('',#8743,#6554,#6555);
#5206=AXIS2_PLACEMENT_3D('',#8746,#6558,#6559);
#5207=AXIS2_PLACEMENT_3D('',#8748,#6561,#6562);
#5208=AXIS2_PLACEMENT_3D('',#8750,#6564,#6565);
#5209=AXIS2_PLACEMENT_3D('',#8753,#6568,#6569);
#5210=AXIS2_PLACEMENT_3D('',#8755,#6571,#6572);
#5211=AXIS2_PLACEMENT_3D('',#8757,#6574,#6575);
#5212=AXIS2_PLACEMENT_3D('',#8760,#6578,#6579);
#5213=AXIS2_PLACEMENT_3D('',#8762,#6581,#6582);
#5214=AXIS2_PLACEMENT_3D('',#8764,#6584,#6585);
#5215=AXIS2_PLACEMENT_3D('',#8767,#6588,#6589);
#5216=AXIS2_PLACEMENT_3D('',#8769,#6591,#6592);
#5217=AXIS2_PLACEMENT_3D('',#8771,#6594,#6595);
#5218=AXIS2_PLACEMENT_3D('',#8774,#6598,#6599);
#5219=AXIS2_PLACEMENT_3D('',#8776,#6601,#6602);
#5220=AXIS2_PLACEMENT_3D('',#8778,#6604,#6605);
#5221=AXIS2_PLACEMENT_3D('',#8781,#6608,#6609);
#5222=AXIS2_PLACEMENT_3D('',#8783,#6611,#6612);
#5223=AXIS2_PLACEMENT_3D('',#8785,#6614,#6615);
#5224=AXIS2_PLACEMENT_3D('',#8788,#6618,#6619);
#5225=AXIS2_PLACEMENT_3D('',#8790,#6621,#6622);
#5226=AXIS2_PLACEMENT_3D('',#8792,#6624,#6625);
#5227=AXIS2_PLACEMENT_3D('',#8795,#6628,#6629);
#5228=AXIS2_PLACEMENT_3D('',#8797,#6631,#6632);
#5229=AXIS2_PLACEMENT_3D('',#8799,#6634,#6635);
#5230=AXIS2_PLACEMENT_3D('',#8802,#6638,#6639);
#5231=AXIS2_PLACEMENT_3D('',#8804,#6641,#6642);
#5232=AXIS2_PLACEMENT_3D('',#8806,#6644,#6645);
#5233=AXIS2_PLACEMENT_3D('',#8809,#6648,#6649);
#5234=AXIS2_PLACEMENT_3D('',#8811,#6651,#6652);
#5235=AXIS2_PLACEMENT_3D('',#8813,#6654,#6655);
#5236=AXIS2_PLACEMENT_3D('',#8816,#6658,#6659);
#5237=AXIS2_PLACEMENT_3D('',#8818,#6661,#6662);
#5238=AXIS2_PLACEMENT_3D('',#8820,#6664,#6665);
#5239=AXIS2_PLACEMENT_3D('',#8823,#6668,#6669);
#5240=AXIS2_PLACEMENT_3D('',#8825,#6671,#6672);
#5241=AXIS2_PLACEMENT_3D('',#8827,#6674,#6675);
#5242=AXIS2_PLACEMENT_3D('',#8829,#6677,#6678);
#5243=AXIS2_PLACEMENT_3D('',#8830,#6679,#6680);
#5244=AXIS2_PLACEMENT_3D('',#8832,#6682,#6683);
#5245=AXIS2_PLACEMENT_3D('',#8834,#6685,#6686);
#5246=AXIS2_PLACEMENT_3D('',#8835,#6687,#6688);
#5247=AXIS2_PLACEMENT_3D('',#8837,#6690,#6691);
#5248=AXIS2_PLACEMENT_3D('',#8839,#6693,#6694);
#5249=AXIS2_PLACEMENT_3D('',#8841,#6696,#6697);
#5250=AXIS2_PLACEMENT_3D('',#8843,#6699,#6700);
#5251=AXIS2_PLACEMENT_3D('',#8844,#6701,#6702);
#5252=AXIS2_PLACEMENT_3D('',#8846,#6704,#6705);
#5253=AXIS2_PLACEMENT_3D('',#8848,#6707,#6708);
#5254=AXIS2_PLACEMENT_3D('',#8849,#6709,#6710);
#5255=AXIS2_PLACEMENT_3D('',#8851,#6712,#6713);
#5256=AXIS2_PLACEMENT_3D('',#8853,#6715,#6716);
#5257=AXIS2_PLACEMENT_3D('',#8854,#6717,#6718);
#5258=AXIS2_PLACEMENT_3D('',#8856,#6720,#6721);
#5259=AXIS2_PLACEMENT_3D('',#8858,#6723,#6724);
#5260=AXIS2_PLACEMENT_3D('',#8860,#6726,#6727);
#5261=AXIS2_PLACEMENT_3D('',#8862,#6729,#6730);
#5262=AXIS2_PLACEMENT_3D('',#8863,#6731,#6732);
#5263=AXIS2_PLACEMENT_3D('',#8865,#6734,#6735);
#5264=AXIS2_PLACEMENT_3D('',#8867,#6737,#6738);
#5265=AXIS2_PLACEMENT_3D('',#8868,#6739,#6740);
#5266=AXIS2_PLACEMENT_3D('',#8870,#6742,#6743);
#5267=AXIS2_PLACEMENT_3D('',#8872,#6745,#6746);
#5268=AXIS2_PLACEMENT_3D('',#8873,#6747,#6748);
#5269=AXIS2_PLACEMENT_3D('',#8875,#6750,#6751);
#5270=AXIS2_PLACEMENT_3D('',#8877,#6753,#6754);
#5271=AXIS2_PLACEMENT_3D('',#8879,#6756,#6757);
#5272=AXIS2_PLACEMENT_3D('',#8881,#6759,#6760);
#5273=AXIS2_PLACEMENT_3D('',#8882,#6761,#6762);
#5274=AXIS2_PLACEMENT_3D('',#8884,#6764,#6765);
#5275=AXIS2_PLACEMENT_3D('',#8886,#6767,#6768);
#5276=AXIS2_PLACEMENT_3D('',#8887,#6769,#6770);
#5277=AXIS2_PLACEMENT_3D('',#8888,#6771,#6772);
#5278=AXIS2_PLACEMENT_3D('',#8889,#6773,#6774);
#5279=AXIS2_PLACEMENT_3D('',#8890,#6775,#6776);
#5280=AXIS2_PLACEMENT_3D('',#8891,#6777,#6778);
#5281=AXIS2_PLACEMENT_3D('',#8892,#6779,#6780);
#5282=AXIS2_PLACEMENT_3D('',#8893,#6781,#6782);
#5283=AXIS2_PLACEMENT_3D('',#8894,#6783,#6784);
#5284=AXIS2_PLACEMENT_3D('',#8895,#6785,#6786);
#5285=AXIS2_PLACEMENT_3D('',#8896,#6787,#6788);
#5286=AXIS2_PLACEMENT_3D('',#8897,#6789,#6790);
#5287=AXIS2_PLACEMENT_3D('',#8898,#6791,#6792);
#5288=AXIS2_PLACEMENT_3D('',#8899,#6793,#6794);
#5289=AXIS2_PLACEMENT_3D('',#8900,#6795,#6796);
#5290=AXIS2_PLACEMENT_3D('',#8901,#6797,#6798);
#5291=AXIS2_PLACEMENT_3D('',#8902,#6799,#6800);
#5292=AXIS2_PLACEMENT_3D('',#8903,#6801,#6802);
#5293=AXIS2_PLACEMENT_3D('',#8904,#6803,#6804);
#5294=AXIS2_PLACEMENT_3D('',#8905,#6805,#6806);
#5295=AXIS2_PLACEMENT_3D('',#8906,#6807,#6808);
#5296=AXIS2_PLACEMENT_3D('',#8907,#6809,#6810);
#5297=AXIS2_PLACEMENT_3D('',#8908,#6811,#6812);
#5298=AXIS2_PLACEMENT_3D('',#8909,#6813,#6814);
#5299=AXIS2_PLACEMENT_3D('',#8910,#6815,#6816);
#5300=AXIS2_PLACEMENT_3D('',#8911,#6817,#6818);
#5301=AXIS2_PLACEMENT_3D('',#8912,#6819,#6820);
#5302=AXIS2_PLACEMENT_3D('',#8913,#6821,#6822);
#5303=AXIS2_PLACEMENT_3D('',#8914,#6823,#6824);
#5304=AXIS2_PLACEMENT_3D('',#8915,#6825,#6826);
#5305=AXIS2_PLACEMENT_3D('',#8916,#6827,#6828);
#5306=AXIS2_PLACEMENT_3D('',#8917,#6829,#6830);
#5307=AXIS2_PLACEMENT_3D('',#8918,#6831,#6832);
#5308=AXIS2_PLACEMENT_3D('',#8919,#6833,#6834);
#5309=AXIS2_PLACEMENT_3D('',#8920,#6835,#6836);
#5310=AXIS2_PLACEMENT_3D('',#8921,#6837,#6838);
#5311=AXIS2_PLACEMENT_3D('',#8922,#6839,#6840);
#5312=AXIS2_PLACEMENT_3D('',#8923,#6841,#6842);
#5313=AXIS2_PLACEMENT_3D('',#8924,#6843,#6844);
#5314=AXIS2_PLACEMENT_3D('',#8925,#6845,#6846);
#5315=AXIS2_PLACEMENT_3D('',#8926,#6847,#6848);
#5316=AXIS2_PLACEMENT_3D('',#8927,#6849,#6850);
#5317=AXIS2_PLACEMENT_3D('',#8928,#6851,#6852);
#5318=AXIS2_PLACEMENT_3D('',#8929,#6853,#6854);
#5319=AXIS2_PLACEMENT_3D('',#8930,#6855,#6856);
#5320=DIRECTION('axis',(0.,0.,1.));
#5321=DIRECTION('refdir',(1.,0.,0.));
#5322=DIRECTION('center_axis',(0.,0.,-1.));
#5323=DIRECTION('ref_axis',(-1.,0.,0.));
#5324=DIRECTION('center_axis',(0.,0.,-1.));
#5325=DIRECTION('ref_axis',(-1.,0.,0.));
#5326=DIRECTION('',(0.,0.,-1.));
#5327=DIRECTION('center_axis',(0.,0.,1.));
#5328=DIRECTION('ref_axis',(-1.,0.,0.));
#5329=DIRECTION('center_axis',(0.,-1.,0.));
#5330=DIRECTION('ref_axis',(-1.,0.,0.));
#5331=DIRECTION('',(-1.,0.,0.));
#5332=DIRECTION('',(0.,0.,-1.));
#5333=DIRECTION('',(-1.,0.,0.));
#5334=DIRECTION('',(0.,0.,-1.));
#5335=DIRECTION('center_axis',(0.,0.,-1.));
#5336=DIRECTION('ref_axis',(1.,1.22464679914735E-16,0.));
#5337=DIRECTION('center_axis',(0.,0.,-1.));
#5338=DIRECTION('ref_axis',(-1.,0.,0.));
#5339=DIRECTION('',(0.,0.,-1.));
#5340=DIRECTION('center_axis',(0.,0.,-1.));
#5341=DIRECTION('ref_axis',(-1.,0.,0.));
#5342=DIRECTION('center_axis',(0.,1.,0.));
#5343=DIRECTION('ref_axis',(1.,0.,0.));
#5344=DIRECTION('',(1.,0.,0.));
#5345=DIRECTION('',(0.,0.,-1.));
#5346=DIRECTION('',(1.,0.,0.));
#5347=DIRECTION('center_axis',(-1.,0.,0.));
#5348=DIRECTION('ref_axis',(0.,1.,0.));
#5349=DIRECTION('',(0.,1.,0.));
#5350=DIRECTION('',(0.,1.,0.));
#5351=DIRECTION('center_axis',(0.,0.,1.));
#5352=DIRECTION('ref_axis',(-1.,0.,0.));
#5353=DIRECTION('center_axis',(0.,0.,-1.));
#5354=DIRECTION('ref_axis',(-1.,0.,0.));
#5355=DIRECTION('center_axis',(0.,0.,-1.));
#5356=DIRECTION('ref_axis',(1.,0.,0.));
#5357=DIRECTION('',(0.,0.,1.));
#5358=DIRECTION('center_axis',(0.,0.,1.));
#5359=DIRECTION('ref_axis',(1.,0.,0.));
#5360=DIRECTION('',(0.,0.,-1.));
#5361=DIRECTION('center_axis',(0.,0.,-1.));
#5362=DIRECTION('ref_axis',(-1.,0.,0.));
#5363=DIRECTION('center_axis',(0.,0.,-1.));
#5364=DIRECTION('ref_axis',(1.,0.,0.));
#5365=DIRECTION('',(0.,0.,1.));
#5366=DIRECTION('center_axis',(0.,0.,1.));
#5367=DIRECTION('ref_axis',(1.,0.,0.));
#5368=DIRECTION('',(0.,0.,-1.));
#5369=DIRECTION('center_axis',(0.,0.,-1.));
#5370=DIRECTION('ref_axis',(-1.,0.,0.));
#5371=DIRECTION('center_axis',(0.,0.,-1.));
#5372=DIRECTION('ref_axis',(1.,0.,0.));
#5373=DIRECTION('',(0.,0.,1.));
#5374=DIRECTION('center_axis',(0.,0.,1.));
#5375=DIRECTION('ref_axis',(1.,0.,0.));
#5376=DIRECTION('',(0.,0.,-1.));
#5377=DIRECTION('center_axis',(0.,0.,-1.));
#5378=DIRECTION('ref_axis',(-1.,0.,0.));
#5379=DIRECTION('center_axis',(0.,0.,-1.));
#5380=DIRECTION('ref_axis',(1.,0.,0.));
#5381=DIRECTION('',(0.,0.,1.));
#5382=DIRECTION('center_axis',(0.,0.,1.));
#5383=DIRECTION('ref_axis',(1.,0.,0.));
#5384=DIRECTION('',(0.,0.,-1.));
#5385=DIRECTION('center_axis',(0.,0.,-1.));
#5386=DIRECTION('ref_axis',(-1.,0.,0.));
#5387=DIRECTION('center_axis',(0.,0.,-1.));
#5388=DIRECTION('ref_axis',(1.,-1.15648231731787E-14,0.));
#5389=DIRECTION('',(0.,0.,1.));
#5390=DIRECTION('center_axis',(0.,0.,1.));
#5391=DIRECTION('ref_axis',(1.,0.,0.));
#5392=DIRECTION('',(0.,0.,-1.));
#5393=DIRECTION('center_axis',(0.,0.,-1.));
#5394=DIRECTION('ref_axis',(-1.,0.,0.));
#5395=DIRECTION('center_axis',(0.,0.,-1.));
#5396=DIRECTION('ref_axis',(1.,2.02384405530628E-14,0.));
#5397=DIRECTION('',(0.,0.,1.));
#5398=DIRECTION('center_axis',(0.,0.,1.));
#5399=DIRECTION('ref_axis',(1.,0.,0.));
#5400=DIRECTION('',(0.,0.,-1.));
#5401=DIRECTION('center_axis',(0.,0.,-1.));
#5402=DIRECTION('ref_axis',(-1.,0.,0.));
#5403=DIRECTION('center_axis',(0.,0.,-1.));
#5404=DIRECTION('ref_axis',(1.,0.,0.));
#5405=DIRECTION('',(0.,0.,1.));
#5406=DIRECTION('center_axis',(0.,0.,1.));
#5407=DIRECTION('ref_axis',(1.,0.,0.));
#5408=DIRECTION('',(0.,0.,-1.));
#5409=DIRECTION('center_axis',(0.,0.,-1.));
#5410=DIRECTION('ref_axis',(-1.,0.,0.));
#5411=DIRECTION('center_axis',(0.,0.,-1.));
#5412=DIRECTION('ref_axis',(1.,-3.61400724161835E-15,0.));
#5413=DIRECTION('',(0.,0.,1.));
#5414=DIRECTION('center_axis',(0.,0.,1.));
#5415=DIRECTION('ref_axis',(1.,0.,0.));
#5416=DIRECTION('',(0.,0.,-1.));
#5417=DIRECTION('center_axis',(0.,0.,-1.));
#5418=DIRECTION('ref_axis',(-1.,0.,0.));
#5419=DIRECTION('center_axis',(0.,0.,-1.));
#5420=DIRECTION('ref_axis',(1.,5.78241158658936E-15,0.));
#5421=DIRECTION('',(0.,0.,1.));
#5422=DIRECTION('center_axis',(0.,0.,1.));
#5423=DIRECTION('ref_axis',(1.,0.,0.));
#5424=DIRECTION('',(0.,0.,-1.));
#5425=DIRECTION('center_axis',(0.,0.,-1.));
#5426=DIRECTION('ref_axis',(-1.,0.,0.));
#5427=DIRECTION('center_axis',(0.,0.,-1.));
#5428=DIRECTION('ref_axis',(1.,0.,0.));
#5429=DIRECTION('',(0.,0.,1.));
#5430=DIRECTION('center_axis',(0.,0.,1.));
#5431=DIRECTION('ref_axis',(1.,0.,0.));
#5432=DIRECTION('',(0.,0.,-1.));
#5433=DIRECTION('center_axis',(0.,0.,-1.));
#5434=DIRECTION('ref_axis',(-1.,0.,0.));
#5435=DIRECTION('center_axis',(0.,0.,-1.));
#5436=DIRECTION('ref_axis',(1.,1.15648231731787E-14,0.));
#5437=DIRECTION('',(0.,0.,1.));
#5438=DIRECTION('center_axis',(0.,0.,1.));
#5439=DIRECTION('ref_axis',(1.,0.,0.));
#5440=DIRECTION('',(0.,0.,-1.));
#5441=DIRECTION('center_axis',(0.,0.,-1.));
#5442=DIRECTION('ref_axis',(-1.,0.,0.));
#5443=DIRECTION('center_axis',(0.,0.,-1.));
#5444=DIRECTION('ref_axis',(1.,0.,0.));
#5445=DIRECTION('',(0.,0.,1.));
#5446=DIRECTION('center_axis',(0.,0.,1.));
#5447=DIRECTION('ref_axis',(1.,0.,0.));
#5448=DIRECTION('',(0.,0.,-1.));
#5449=DIRECTION('center_axis',(0.,0.,-1.));
#5450=DIRECTION('ref_axis',(-1.,0.,0.));
#5451=DIRECTION('center_axis',(0.,0.,-1.));
#5452=DIRECTION('ref_axis',(1.,2.89120579329468E-14,0.));
#5453=DIRECTION('',(0.,0.,1.));
#5454=DIRECTION('center_axis',(0.,0.,1.));
#5455=DIRECTION('ref_axis',(1.,0.,0.));
#5456=DIRECTION('',(0.,0.,-1.));
#5457=DIRECTION('center_axis',(0.,0.,-1.));
#5458=DIRECTION('ref_axis',(-1.,0.,0.));
#5459=DIRECTION('center_axis',(0.,0.,-1.));
#5460=DIRECTION('ref_axis',(1.,4.04768811061255E-14,0.));
#5461=DIRECTION('',(0.,0.,1.));
#5462=DIRECTION('center_axis',(0.,0.,1.));
#5463=DIRECTION('ref_axis',(1.,0.,0.));
#5464=DIRECTION('',(0.,0.,-1.));
#5465=DIRECTION('center_axis',(0.,0.,1.));
#5466=DIRECTION('ref_axis',(1.,0.,0.));
#5467=DIRECTION('',(0.,0.,1.));
#5468=DIRECTION('center_axis',(0.,0.,-1.));
#5469=DIRECTION('ref_axis',(-0.9135454576426,0.406736643075801,0.));
#5470=DIRECTION('center_axis',(0.,0.,-1.));
#5471=DIRECTION('ref_axis',(-0.9135454576426,0.406736643075801,0.));
#5472=DIRECTION('center_axis',(0.,0.,1.));
#5473=DIRECTION('ref_axis',(1.,0.,0.));
#5474=DIRECTION('center_axis',(0.,0.,-1.));
#5475=DIRECTION('ref_axis',(-0.913545457642603,-0.406736643075795,0.));
#5476=DIRECTION('center_axis',(0.,0.,-1.));
#5477=DIRECTION('ref_axis',(-0.913545457642603,-0.406736643075795,0.));
#5478=DIRECTION('',(0.,0.,1.));
#5479=DIRECTION('center_axis',(0.,0.,1.));
#5480=DIRECTION('ref_axis',(1.,0.,0.));
#5481=DIRECTION('center_axis',(0.,0.,-1.));
#5482=DIRECTION('ref_axis',(-0.978147600733807,-0.207911690817753,0.));
#5483=DIRECTION('center_axis',(0.,0.,-1.));
#5484=DIRECTION('ref_axis',(-0.978147600733807,-0.207911690817753,0.));
#5485=DIRECTION('',(0.,0.,1.));
#5486=DIRECTION('center_axis',(0.,0.,1.));
#5487=DIRECTION('ref_axis',(1.,0.,0.));
#5488=DIRECTION('center_axis',(0.,0.,-1.));
#5489=DIRECTION('ref_axis',(-0.978147600733806,0.20791169081776,0.));
#5490=DIRECTION('',(0.,0.,1.));
#5491=DIRECTION('center_axis',(0.,0.,-1.));
#5492=DIRECTION('ref_axis',(-0.978147600733806,0.20791169081776,0.));
#5493=DIRECTION('center_axis',(0.,0.,-1.));
#5494=DIRECTION('ref_axis',(-1.,0.,0.));
#5495=DIRECTION('center_axis',(0.,0.,1.));
#5496=DIRECTION('ref_axis',(1.,0.,0.));
#5497=DIRECTION('center_axis',(0.,0.,-1.));
#5498=DIRECTION('ref_axis',(1.,5.86197757002083E-14,0.));
#5499=DIRECTION('center_axis',(0.,0.,1.));
#5500=DIRECTION('ref_axis',(1.,0.,0.));
#5501=DIRECTION('center_axis',(0.,0.,-1.));
#5502=DIRECTION('ref_axis',(1.,0.,0.));
#5503=DIRECTION('center_axis',(0.,0.,1.));
#5504=DIRECTION('ref_axis',(1.,0.,0.));
#5505=DIRECTION('center_axis',(0.,0.,-1.));
#5506=DIRECTION('ref_axis',(-1.,0.,0.));
#5507=DIRECTION('',(0.,0.,1.));
#5508=DIRECTION('center_axis',(0.,0.,1.));
#5509=DIRECTION('ref_axis',(1.,0.,0.));
#5510=DIRECTION('',(0.,0.,1.));
#5511=DIRECTION('center_axis',(0.,0.,1.));
#5512=DIRECTION('ref_axis',(1.,0.,0.));
#5513=DIRECTION('center_axis',(0.,0.,-1.));
#5514=DIRECTION('ref_axis',(0.669130606358857,-0.743144825477395,0.));
#5515=DIRECTION('center_axis',(0.,0.,-1.));
#5516=DIRECTION('ref_axis',(1.,0.,0.));
#5517=DIRECTION('center_axis',(0.,0.,-1.));
#5518=DIRECTION('ref_axis',(0.669130606358857,-0.743144825477395,0.));
#5519=DIRECTION('center_axis',(0.,0.,-1.));
#5520=DIRECTION('ref_axis',(-0.669130606358857,0.743144825477396,0.));
#5521=DIRECTION('center_axis',(0.,0.,1.));
#5522=DIRECTION('ref_axis',(1.,0.,0.));
#5523=DIRECTION('center_axis',(0.,0.,-1.));
#5524=DIRECTION('ref_axis',(0.809016994374947,-0.587785252292474,0.));
#5525=DIRECTION('center_axis',(0.,0.,-1.));
#5526=DIRECTION('ref_axis',(1.,0.,0.));
#5527=DIRECTION('center_axis',(0.,0.,-1.));
#5528=DIRECTION('ref_axis',(0.809016994374947,-0.587785252292474,0.));
#5529=DIRECTION('center_axis',(0.,0.,-1.));
#5530=DIRECTION('ref_axis',(-0.809016994374947,0.587785252292474,0.));
#5531=DIRECTION('center_axis',(0.,0.,1.));
#5532=DIRECTION('ref_axis',(1.,0.,0.));
#5533=DIRECTION('center_axis',(0.,0.,-1.));
#5534=DIRECTION('ref_axis',(0.913545457642601,-0.406736643075801,0.));
#5535=DIRECTION('center_axis',(0.,0.,-1.));
#5536=DIRECTION('ref_axis',(1.,0.,0.));
#5537=DIRECTION('center_axis',(0.,0.,-1.));
#5538=DIRECTION('ref_axis',(0.913545457642601,-0.406736643075801,0.));
#5539=DIRECTION('center_axis',(0.,0.,1.));
#5540=DIRECTION('ref_axis',(1.,0.,0.));
#5541=DIRECTION('center_axis',(0.,0.,-1.));
#5542=DIRECTION('ref_axis',(0.978147600733806,-0.20791169081776,0.));
#5543=DIRECTION('center_axis',(0.,0.,-1.));
#5544=DIRECTION('ref_axis',(1.,0.,0.));
#5545=DIRECTION('center_axis',(0.,0.,-1.));
#5546=DIRECTION('ref_axis',(0.978147600733806,-0.20791169081776,0.));
#5547=DIRECTION('center_axis',(0.,0.,1.));
#5548=DIRECTION('ref_axis',(1.,0.,0.));
#5549=DIRECTION('center_axis',(0.,0.,-1.));
#5550=DIRECTION('ref_axis',(1.,0.,0.));
#5551=DIRECTION('center_axis',(0.,0.,-1.));
#5552=DIRECTION('ref_axis',(1.,0.,0.));
#5553=DIRECTION('center_axis',(0.,0.,-1.));
#5554=DIRECTION('ref_axis',(1.,0.,0.));
#5555=DIRECTION('center_axis',(0.,0.,-1.));
#5556=DIRECTION('ref_axis',(1.,0.,0.));
#5557=DIRECTION('center_axis',(0.,0.,-1.));
#5558=DIRECTION('ref_axis',(-1.,0.,0.));
#5559=DIRECTION('center_axis',(0.,0.,1.));
#5560=DIRECTION('ref_axis',(1.,0.,0.));
#5561=DIRECTION('center_axis',(0.,0.,-1.));
#5562=DIRECTION('ref_axis',(0.978147600733808,0.207911690817747,0.));
#5563=DIRECTION('center_axis',(0.,0.,-1.));
#5564=DIRECTION('ref_axis',(1.,0.,0.));
#5565=DIRECTION('center_axis',(0.,0.,-1.));
#5566=DIRECTION('ref_axis',(0.978147600733808,0.207911690817747,0.));
#5567=DIRECTION('center_axis',(0.,0.,-1.));
#5568=DIRECTION('ref_axis',(1.,0.,0.));
#5569=DIRECTION('center_axis',(0.,0.,-1.));
#5570=DIRECTION('ref_axis',(-0.978147600733808,-0.207911690817747,0.));
#5571=DIRECTION('center_axis',(0.,0.,1.));
#5572=DIRECTION('ref_axis',(1.,0.,0.));
#5573=DIRECTION('center_axis',(0.,0.,-1.));
#5574=DIRECTION('ref_axis',(0.913545457642606,0.406736643075789,0.));
#5575=DIRECTION('center_axis',(0.,0.,-1.));
#5576=DIRECTION('ref_axis',(1.,-5.78241158658936E-15,0.));
#5577=DIRECTION('center_axis',(0.,0.,-1.));
#5578=DIRECTION('ref_axis',(0.913545457642606,0.406736643075789,0.));
#5579=DIRECTION('center_axis',(0.,0.,-1.));
#5580=DIRECTION('ref_axis',(1.,0.,0.));
#5581=DIRECTION('center_axis',(0.,0.,-1.));
#5582=DIRECTION('ref_axis',(-0.913545457642606,-0.406736643075789,0.));
#5583=DIRECTION('center_axis',(0.,0.,1.));
#5584=DIRECTION('ref_axis',(1.,0.,0.));
#5585=DIRECTION('center_axis',(0.,0.,-1.));
#5586=DIRECTION('ref_axis',(0.809016994374955,0.587785252292463,0.));
#5587=DIRECTION('center_axis',(0.,0.,-1.));
#5588=DIRECTION('ref_axis',(1.,1.15648231731787E-14,0.));
#5589=DIRECTION('center_axis',(0.,0.,-1.));
#5590=DIRECTION('ref_axis',(0.809016994374955,0.587785252292463,0.));
#5591=DIRECTION('center_axis',(0.,0.,-1.));
#5592=DIRECTION('ref_axis',(1.,0.,0.));
#5593=DIRECTION('center_axis',(0.,0.,-1.));
#5594=DIRECTION('ref_axis',(-0.809016994374955,-0.587785252292463,0.));
#5595=DIRECTION('center_axis',(0.,0.,1.));
#5596=DIRECTION('ref_axis',(1.,0.,0.));
#5597=DIRECTION('center_axis',(0.,0.,-1.));
#5598=DIRECTION('ref_axis',(0.669130606358867,0.743144825477386,0.));
#5599=DIRECTION('center_axis',(0.,0.,-1.));
#5600=DIRECTION('ref_axis',(1.,-1.73472347597681E-14,0.));
#5601=DIRECTION('center_axis',(0.,0.,-1.));
#5602=DIRECTION('ref_axis',(0.669130606358867,0.743144825477386,0.));
#5603=DIRECTION('center_axis',(0.,0.,-1.));
#5604=DIRECTION('ref_axis',(1.,0.,0.));
#5605=DIRECTION('center_axis',(0.,0.,-1.));
#5606=DIRECTION('ref_axis',(-0.669130606358867,-0.743144825477386,0.));
#5607=DIRECTION('center_axis',(0.,0.,1.));
#5608=DIRECTION('ref_axis',(1.,0.,0.));
#5609=DIRECTION('center_axis',(0.,0.,-1.));
#5610=DIRECTION('ref_axis',(0.50000000000001,0.866025403784433,0.));
#5611=DIRECTION('center_axis',(0.,0.,-1.));
#5612=DIRECTION('ref_axis',(1.,-1.44560289664734E-14,0.));
#5613=DIRECTION('center_axis',(0.,0.,-1.));
#5614=DIRECTION('ref_axis',(0.50000000000001,0.866025403784433,0.));
#5615=DIRECTION('center_axis',(0.,0.,-1.));
#5616=DIRECTION('ref_axis',(1.,0.,0.));
#5617=DIRECTION('center_axis',(0.,0.,-1.));
#5618=DIRECTION('ref_axis',(-0.50000000000001,-0.866025403784433,0.));
#5619=DIRECTION('center_axis',(0.,0.,1.));
#5620=DIRECTION('ref_axis',(1.,0.,0.));
#5621=DIRECTION('center_axis',(0.,0.,-1.));
#5622=DIRECTION('ref_axis',(0.309016994374957,0.95105651629515,0.));
#5623=DIRECTION('center_axis',(0.,0.,-1.));
#5624=DIRECTION('ref_axis',(1.,1.15648231731787E-14,0.));
#5625=DIRECTION('center_axis',(0.,0.,-1.));
#5626=DIRECTION('ref_axis',(0.309016994374957,0.95105651629515,0.));
#5627=DIRECTION('center_axis',(0.,0.,-1.));
#5628=DIRECTION('ref_axis',(1.,0.,0.));
#5629=DIRECTION('center_axis',(0.,0.,-1.));
#5630=DIRECTION('ref_axis',(-0.309016994374957,-0.95105651629515,0.));
#5631=DIRECTION('center_axis',(0.,0.,1.));
#5632=DIRECTION('ref_axis',(1.,0.,0.));
#5633=DIRECTION('center_axis',(0.,0.,-1.));
#5634=DIRECTION('ref_axis',(0.104528463267664,0.994521895368272,0.));
#5635=DIRECTION('center_axis',(0.,0.,-1.));
#5636=DIRECTION('ref_axis',(1.,-3.61400724161835E-15,0.));
#5637=DIRECTION('center_axis',(0.,0.,-1.));
#5638=DIRECTION('ref_axis',(0.104528463267664,0.994521895368272,0.));
#5639=DIRECTION('center_axis',(0.,0.,-1.));
#5640=DIRECTION('ref_axis',(1.,0.,0.));
#5641=DIRECTION('center_axis',(0.,0.,-1.));
#5642=DIRECTION('ref_axis',(-0.104528463267664,-0.994521895368272,0.));
#5643=DIRECTION('center_axis',(0.,0.,-1.));
#5644=DIRECTION('ref_axis',(-0.104528463267644,0.994521895368274,0.));
#5645=DIRECTION('center_axis',(0.,0.,-1.));
#5646=DIRECTION('ref_axis',(1.,7.2280144832367E-16,0.));
#5647=DIRECTION('center_axis',(0.,0.,-1.));
#5648=DIRECTION('ref_axis',(-0.104528463267644,0.994521895368274,0.));
#5649=DIRECTION('center_axis',(0.,0.,-1.));
#5650=DIRECTION('ref_axis',(1.,-1.44560289664734E-15,0.));
#5651=DIRECTION('center_axis',(0.,0.,-1.));
#5652=DIRECTION('ref_axis',(0.104528463267644,-0.994521895368274,0.));
#5653=DIRECTION('center_axis',(0.,0.,1.));
#5654=DIRECTION('ref_axis',(1.,0.,0.));
#5655=DIRECTION('center_axis',(0.,0.,-1.));
#5656=DIRECTION('ref_axis',(-0.309016994374938,0.951056516295157,0.));
#5657=DIRECTION('center_axis',(0.,0.,-1.));
#5658=DIRECTION('ref_axis',(1.,2.89120579329468E-15,0.));
#5659=DIRECTION('center_axis',(0.,0.,-1.));
#5660=DIRECTION('ref_axis',(-0.309016994374938,0.951056516295157,0.));
#5661=DIRECTION('center_axis',(0.,0.,-1.));
#5662=DIRECTION('ref_axis',(1.,8.67361737988404E-15,0.));
#5663=DIRECTION('center_axis',(0.,0.,-1.));
#5664=DIRECTION('ref_axis',(0.309016994374938,-0.951056516295157,0.));
#5665=DIRECTION('center_axis',(0.,0.,1.));
#5666=DIRECTION('ref_axis',(1.,0.,0.));
#5667=DIRECTION('center_axis',(0.,0.,-1.));
#5668=DIRECTION('ref_axis',(-0.499999999999992,0.866025403784443,0.));
#5669=DIRECTION('center_axis',(0.,0.,-1.));
#5670=DIRECTION('ref_axis',(1.,5.78241158658936E-15,0.));
#5671=DIRECTION('center_axis',(0.,0.,-1.));
#5672=DIRECTION('ref_axis',(-0.499999999999992,0.866025403784443,0.));
#5673=DIRECTION('center_axis',(0.,0.,-1.));
#5674=DIRECTION('ref_axis',(1.,0.,0.));
#5675=DIRECTION('center_axis',(0.,0.,-1.));
#5676=DIRECTION('ref_axis',(0.499999999999992,-0.866025403784443,0.));
#5677=DIRECTION('center_axis',(0.,0.,1.));
#5678=DIRECTION('ref_axis',(1.,0.,0.));
#5679=DIRECTION('center_axis',(0.,0.,-1.));
#5680=DIRECTION('ref_axis',(-0.669130606358852,0.7431448254774,0.));
#5681=DIRECTION('center_axis',(0.,0.,-1.));
#5682=DIRECTION('ref_axis',(1.,0.,0.));
#5683=DIRECTION('center_axis',(0.,0.,-1.));
#5684=DIRECTION('ref_axis',(-0.669130606358852,0.7431448254774,0.));
#5685=DIRECTION('center_axis',(0.,0.,-1.));
#5686=DIRECTION('ref_axis',(1.,-5.78241158658936E-15,0.));
#5687=DIRECTION('center_axis',(0.,0.,-1.));
#5688=DIRECTION('ref_axis',(0.669130606358852,-0.7431448254774,0.));
#5689=DIRECTION('center_axis',(0.,0.,1.));
#5690=DIRECTION('ref_axis',(1.,0.,0.));
#5691=DIRECTION('center_axis',(0.,0.,-1.));
#5692=DIRECTION('ref_axis',(-0.809016994374943,0.58778525229248,0.));
#5693=DIRECTION('center_axis',(0.,0.,-1.));
#5694=DIRECTION('ref_axis',(1.,0.,0.));
#5695=DIRECTION('center_axis',(0.,0.,-1.));
#5696=DIRECTION('ref_axis',(-0.809016994374943,0.58778525229248,0.));
#5697=DIRECTION('center_axis',(0.,0.,-1.));
#5698=DIRECTION('ref_axis',(1.,5.78241158658936E-15,0.));
#5699=DIRECTION('center_axis',(0.,0.,-1.));
#5700=DIRECTION('ref_axis',(0.809016994374943,-0.58778525229248,0.));
#5701=DIRECTION('center_axis',(0.,0.,1.));
#5702=DIRECTION('ref_axis',(1.,0.,0.));
#5703=DIRECTION('center_axis',(0.,0.,-1.));
#5704=DIRECTION('ref_axis',(-0.913545457642598,0.406736643075807,0.));
#5705=DIRECTION('center_axis',(0.,0.,-1.));
#5706=DIRECTION('ref_axis',(1.,0.,0.));
#5707=DIRECTION('center_axis',(0.,0.,-1.));
#5708=DIRECTION('ref_axis',(-0.913545457642598,0.406736643075807,0.));
#5709=DIRECTION('center_axis',(0.,0.,-1.));
#5710=DIRECTION('ref_axis',(1.,-1.15648231731787E-14,0.));
#5711=DIRECTION('center_axis',(0.,0.,-1.));
#5712=DIRECTION('ref_axis',(0.913545457642598,-0.406736643075807,0.));
#5713=DIRECTION('center_axis',(0.,0.,1.));
#5714=DIRECTION('ref_axis',(1.,0.,0.));
#5715=DIRECTION('center_axis',(0.,0.,-1.));
#5716=DIRECTION('ref_axis',(-0.978147600733804,0.207911690817767,0.));
#5717=DIRECTION('center_axis',(0.,0.,-1.));
#5718=DIRECTION('ref_axis',(1.,0.,0.));
#5719=DIRECTION('center_axis',(0.,0.,-1.));
#5720=DIRECTION('ref_axis',(-0.978147600733804,0.207911690817766,0.));
#5721=DIRECTION('center_axis',(0.,0.,-1.));
#5722=DIRECTION('ref_axis',(1.,5.78241158658936E-15,0.));
#5723=DIRECTION('center_axis',(0.,0.,-1.));
#5724=DIRECTION('ref_axis',(0.978147600733804,-0.207911690817767,0.));
#5725=DIRECTION('center_axis',(0.,0.,1.));
#5726=DIRECTION('ref_axis',(1.,0.,0.));
#5727=DIRECTION('center_axis',(0.,0.,-1.));
#5728=DIRECTION('ref_axis',(-1.,0.,0.));
#5729=DIRECTION('center_axis',(0.,0.,-1.));
#5730=DIRECTION('ref_axis',(1.,0.,0.));
#5731=DIRECTION('center_axis',(0.,0.,-1.));
#5732=DIRECTION('ref_axis',(-1.,0.,0.));
#5733=DIRECTION('center_axis',(0.,0.,-1.));
#5734=DIRECTION('ref_axis',(1.,-5.78241158658936E-15,0.));
#5735=DIRECTION('center_axis',(0.,0.,-1.));
#5736=DIRECTION('ref_axis',(1.,0.,0.));
#5737=DIRECTION('center_axis',(0.,0.,1.));
#5738=DIRECTION('ref_axis',(1.,0.,0.));
#5739=DIRECTION('center_axis',(0.,0.,-1.));
#5740=DIRECTION('ref_axis',(-0.978147600733807,-0.207911690817753,0.));
#5741=DIRECTION('center_axis',(0.,0.,-1.));
#5742=DIRECTION('ref_axis',(1.,5.78241158658936E-15,0.));
#5743=DIRECTION('center_axis',(0.,0.,-1.));
#5744=DIRECTION('ref_axis',(0.978147600733807,0.207911690817753,0.));
#5745=DIRECTION('center_axis',(0.,0.,1.));
#5746=DIRECTION('ref_axis',(1.,0.,0.));
#5747=DIRECTION('center_axis',(0.,0.,-1.));
#5748=DIRECTION('ref_axis',(-0.913545457642603,-0.406736643075795,0.));
#5749=DIRECTION('center_axis',(0.,0.,-1.));
#5750=DIRECTION('ref_axis',(1.,0.,0.));
#5751=DIRECTION('center_axis',(0.,0.,-1.));
#5752=DIRECTION('ref_axis',(0.913545457642603,0.406736643075795,0.));
#5753=DIRECTION('center_axis',(0.,0.,1.));
#5754=DIRECTION('ref_axis',(1.,0.,0.));
#5755=DIRECTION('center_axis',(0.,0.,-1.));
#5756=DIRECTION('ref_axis',(-0.80901699437495,-0.587785252292469,0.));
#5757=DIRECTION('center_axis',(0.,0.,-1.));
#5758=DIRECTION('ref_axis',(-0.80901699437495,-0.587785252292469,0.));
#5759=DIRECTION('center_axis',(0.,0.,-1.));
#5760=DIRECTION('ref_axis',(1.,1.15648231731787E-14,0.));
#5761=DIRECTION('center_axis',(0.,0.,-1.));
#5762=DIRECTION('ref_axis',(0.80901699437495,0.587785252292469,0.));
#5763=DIRECTION('center_axis',(0.,0.,1.));
#5764=DIRECTION('ref_axis',(1.,0.,0.));
#5765=DIRECTION('center_axis',(0.,0.,-1.));
#5766=DIRECTION('ref_axis',(-0.669130606358862,-0.743144825477391,0.));
#5767=DIRECTION('center_axis',(0.,0.,-1.));
#5768=DIRECTION('ref_axis',(-0.669130606358862,-0.743144825477391,0.));
#5769=DIRECTION('center_axis',(0.,0.,-1.));
#5770=DIRECTION('ref_axis',(1.,5.78241158658936E-15,0.));
#5771=DIRECTION('center_axis',(0.,0.,-1.));
#5772=DIRECTION('ref_axis',(0.669130606358862,0.743144825477391,0.));
#5773=DIRECTION('center_axis',(0.,0.,1.));
#5774=DIRECTION('ref_axis',(1.,0.,0.));
#5775=DIRECTION('center_axis',(0.,0.,-1.));
#5776=DIRECTION('ref_axis',(-0.500000000000004,-0.866025403784436,0.));
#5777=DIRECTION('center_axis',(0.,0.,-1.));
#5778=DIRECTION('ref_axis',(-0.500000000000004,-0.866025403784436,0.));
#5779=DIRECTION('center_axis',(0.,0.,-1.));
#5780=DIRECTION('ref_axis',(1.,-5.78241158658936E-15,0.));
#5781=DIRECTION('center_axis',(0.,0.,-1.));
#5782=DIRECTION('ref_axis',(0.500000000000004,0.866025403784436,0.));
#5783=DIRECTION('center_axis',(0.,0.,1.));
#5784=DIRECTION('ref_axis',(1.,0.,0.));
#5785=DIRECTION('center_axis',(0.,0.,-1.));
#5786=DIRECTION('ref_axis',(-0.309016994374951,-0.951056516295152,0.));
#5787=DIRECTION('center_axis',(0.,0.,-1.));
#5788=DIRECTION('ref_axis',(-0.309016994374951,-0.951056516295152,0.));
#5789=DIRECTION('center_axis',(0.,0.,-1.));
#5790=DIRECTION('ref_axis',(1.,2.89120579329468E-15,0.));
#5791=DIRECTION('center_axis',(0.,0.,-1.));
#5792=DIRECTION('ref_axis',(0.309016994374951,0.951056516295152,0.));
#5793=DIRECTION('center_axis',(0.,0.,1.));
#5794=DIRECTION('ref_axis',(1.,0.,0.));
#5795=DIRECTION('center_axis',(0.,0.,-1.));
#5796=DIRECTION('ref_axis',(-0.104528463267657,-0.994521895368273,0.));
#5797=DIRECTION('center_axis',(0.,0.,-1.));
#5798=DIRECTION('ref_axis',(-0.104528463267657,-0.994521895368273,0.));
#5799=DIRECTION('center_axis',(0.,0.,-1.));
#5800=DIRECTION('ref_axis',(1.,-1.44560289664734E-15,0.));
#5801=DIRECTION('center_axis',(0.,0.,-1.));
#5802=DIRECTION('ref_axis',(0.104528463267657,0.994521895368273,0.));
#5803=DIRECTION('center_axis',(0.,0.,1.));
#5804=DIRECTION('ref_axis',(1.,0.,0.));
#5805=DIRECTION('center_axis',(0.,0.,-1.));
#5806=DIRECTION('ref_axis',(0.104528463267651,-0.994521895368274,0.));
#5807=DIRECTION('center_axis',(0.,0.,-1.));
#5808=DIRECTION('ref_axis',(1.,0.,0.));
#5809=DIRECTION('center_axis',(0.,0.,-1.));
#5810=DIRECTION('ref_axis',(0.10452846326765,-0.994521895368274,0.));
#5811=DIRECTION('center_axis',(0.,0.,-1.));
#5812=DIRECTION('ref_axis',(-0.104528463267651,0.994521895368274,0.));
#5813=DIRECTION('center_axis',(0.,0.,1.));
#5814=DIRECTION('ref_axis',(1.,0.,0.));
#5815=DIRECTION('center_axis',(0.,0.,-1.));
#5816=DIRECTION('ref_axis',(0.309016994374945,-0.951056516295154,0.));
#5817=DIRECTION('center_axis',(0.,0.,-1.));
#5818=DIRECTION('ref_axis',(1.,-2.89120579329468E-15,0.));
#5819=DIRECTION('center_axis',(0.,0.,-1.));
#5820=DIRECTION('ref_axis',(0.309016994374945,-0.951056516295154,0.));
#5821=DIRECTION('center_axis',(0.,0.,-1.));
#5822=DIRECTION('ref_axis',(-0.309016994374945,0.951056516295154,0.));
#5823=DIRECTION('center_axis',(0.,0.,1.));
#5824=DIRECTION('ref_axis',(1.,0.,0.));
#5825=DIRECTION('center_axis',(0.,0.,-1.));
#5826=DIRECTION('ref_axis',(0.499999999999998,-0.86602540378444,0.));
#5827=DIRECTION('center_axis',(0.,0.,-1.));
#5828=DIRECTION('ref_axis',(1.,0.,0.));
#5829=DIRECTION('center_axis',(0.,0.,-1.));
#5830=DIRECTION('ref_axis',(0.499999999999998,-0.86602540378444,0.));
#5831=DIRECTION('center_axis',(0.,0.,-1.));
#5832=DIRECTION('ref_axis',(-0.499999999999998,0.86602540378444,0.));
#5833=DIRECTION('center_axis',(0.,0.,1.));
#5834=DIRECTION('ref_axis',(1.,0.,0.));
#5835=DIRECTION('center_axis',(0.,0.,1.));
#5836=DIRECTION('ref_axis',(1.,0.,0.));
#5837=DIRECTION('center_axis',(0.,0.,-1.));
#5838=DIRECTION('ref_axis',(-0.669130606358857,0.743144825477396,0.));
#5839=DIRECTION('center_axis',(0.,0.,-1.));
#5840=DIRECTION('ref_axis',(0.669130606358857,-0.743144825477395,0.));
#5841=DIRECTION('center_axis',(0.,0.,1.));
#5842=DIRECTION('ref_axis',(1.,0.,0.));
#5843=DIRECTION('center_axis',(0.,0.,-1.));
#5844=DIRECTION('ref_axis',(0.669130606358857,-0.743144825477395,0.));
#5845=DIRECTION('center_axis',(0.,0.,-1.));
#5846=DIRECTION('ref_axis',(1.,-1.77635683940025E-14,0.));
#5847=DIRECTION('center_axis',(0.,0.,-1.));
#5848=DIRECTION('ref_axis',(-0.499999999999998,0.86602540378444,0.));
#5849=DIRECTION('center_axis',(0.,0.,-1.));
#5850=DIRECTION('ref_axis',(0.499999999999998,-0.86602540378444,0.));
#5851=DIRECTION('center_axis',(0.,0.,1.));
#5852=DIRECTION('ref_axis',(1.,0.,0.));
#5853=DIRECTION('center_axis',(0.,0.,-1.));
#5854=DIRECTION('ref_axis',(0.499999999999998,-0.86602540378444,0.));
#5855=DIRECTION('center_axis',(0.,0.,-1.));
#5856=DIRECTION('ref_axis',(1.,3.01980662698043E-14,0.));
#5857=DIRECTION('center_axis',(0.,0.,-1.));
#5858=DIRECTION('ref_axis',(-0.309016994374945,0.951056516295154,0.));
#5859=DIRECTION('center_axis',(0.,0.,-1.));
#5860=DIRECTION('ref_axis',(0.309016994374945,-0.951056516295154,0.));
#5861=DIRECTION('center_axis',(0.,0.,1.));
#5862=DIRECTION('ref_axis',(1.,0.,0.));
#5863=DIRECTION('center_axis',(0.,0.,-1.));
#5864=DIRECTION('ref_axis',(0.309016994374945,-0.951056516295154,0.));
#5865=DIRECTION('center_axis',(0.,0.,-1.));
#5866=DIRECTION('ref_axis',(1.,3.81916720471054E-14,0.));
#5867=DIRECTION('center_axis',(0.,0.,-1.));
#5868=DIRECTION('ref_axis',(-0.104528463267651,0.994521895368274,0.));
#5869=DIRECTION('center_axis',(0.,0.,-1.));
#5870=DIRECTION('ref_axis',(0.10452846326765,-0.994521895368274,0.));
#5871=DIRECTION('center_axis',(0.,0.,1.));
#5872=DIRECTION('ref_axis',(1.,0.,0.));
#5873=DIRECTION('center_axis',(0.,0.,-1.));
#5874=DIRECTION('ref_axis',(0.104528463267651,-0.994521895368274,0.));
#5875=DIRECTION('center_axis',(0.,0.,-1.));
#5876=DIRECTION('ref_axis',(0.104528463267657,0.994521895368273,0.));
#5877=DIRECTION('center_axis',(0.,0.,1.));
#5878=DIRECTION('ref_axis',(1.,0.,0.));
#5879=DIRECTION('center_axis',(0.,0.,-1.));
#5880=DIRECTION('ref_axis',(-0.104528463267657,-0.994521895368273,0.));
#5881=DIRECTION('center_axis',(0.,0.,-1.));
#5882=DIRECTION('ref_axis',(-0.104528463267657,-0.994521895368273,0.));
#5883=DIRECTION('center_axis',(0.,0.,-1.));
#5884=DIRECTION('ref_axis',(1.,0.,0.));
#5885=DIRECTION('center_axis',(0.,0.,-1.));
#5886=DIRECTION('ref_axis',(0.309016994374951,0.951056516295152,0.));
#5887=DIRECTION('center_axis',(0.,0.,1.));
#5888=DIRECTION('ref_axis',(1.,0.,0.));
#5889=DIRECTION('center_axis',(0.,0.,-1.));
#5890=DIRECTION('ref_axis',(-0.309016994374951,-0.951056516295152,0.));
#5891=DIRECTION('center_axis',(0.,0.,-1.));
#5892=DIRECTION('ref_axis',(-0.309016994374951,-0.951056516295152,0.));
#5893=DIRECTION('center_axis',(0.,0.,-1.));
#5894=DIRECTION('ref_axis',(1.,0.,0.));
#5895=DIRECTION('center_axis',(0.,0.,-1.));
#5896=DIRECTION('ref_axis',(0.500000000000004,0.866025403784436,0.));
#5897=DIRECTION('center_axis',(0.,0.,1.));
#5898=DIRECTION('ref_axis',(1.,0.,0.));
#5899=DIRECTION('center_axis',(0.,0.,-1.));
#5900=DIRECTION('ref_axis',(-0.500000000000004,-0.866025403784436,0.));
#5901=DIRECTION('center_axis',(0.,0.,-1.));
#5902=DIRECTION('ref_axis',(-0.500000000000004,-0.866025403784436,0.));
#5903=DIRECTION('center_axis',(0.,0.,-1.));
#5904=DIRECTION('ref_axis',(1.,-8.88178419700125E-16,0.));
#5905=DIRECTION('center_axis',(0.,0.,-1.));
#5906=DIRECTION('ref_axis',(0.669130606358862,0.743144825477391,0.));
#5907=DIRECTION('center_axis',(0.,0.,1.));
#5908=DIRECTION('ref_axis',(1.,0.,0.));
#5909=DIRECTION('center_axis',(0.,0.,-1.));
#5910=DIRECTION('ref_axis',(-0.669130606358862,-0.743144825477391,0.));
#5911=DIRECTION('center_axis',(0.,0.,-1.));
#5912=DIRECTION('ref_axis',(-0.669130606358862,-0.743144825477391,0.));
#5913=DIRECTION('center_axis',(0.,0.,-1.));
#5914=DIRECTION('ref_axis',(1.,-8.88178419700125E-16,0.));
#5915=DIRECTION('center_axis',(0.,0.,-1.));
#5916=DIRECTION('ref_axis',(0.80901699437495,0.587785252292469,0.));
#5917=DIRECTION('center_axis',(0.,0.,1.));
#5918=DIRECTION('ref_axis',(1.,0.,0.));
#5919=DIRECTION('center_axis',(0.,0.,-1.));
#5920=DIRECTION('ref_axis',(-0.80901699437495,-0.587785252292469,0.));
#5921=DIRECTION('center_axis',(0.,0.,-1.));
#5922=DIRECTION('ref_axis',(-0.80901699437495,-0.587785252292469,0.));
#5923=DIRECTION('center_axis',(0.,0.,-1.));
#5924=DIRECTION('ref_axis',(1.,0.,0.));
#5925=DIRECTION('center_axis',(0.,0.,-1.));
#5926=DIRECTION('ref_axis',(0.913545457642603,0.406736643075795,0.));
#5927=DIRECTION('center_axis',(0.,0.,1.));
#5928=DIRECTION('ref_axis',(1.,0.,0.));
#5929=DIRECTION('center_axis',(0.,0.,-1.));
#5930=DIRECTION('ref_axis',(-0.913545457642603,-0.406736643075795,0.));
#5931=DIRECTION('center_axis',(0.,0.,-1.));
#5932=DIRECTION('ref_axis',(1.,0.,0.));
#5933=DIRECTION('center_axis',(0.,0.,-1.));
#5934=DIRECTION('ref_axis',(0.978147600733807,0.207911690817753,0.));
#5935=DIRECTION('center_axis',(0.,0.,1.));
#5936=DIRECTION('ref_axis',(1.,0.,0.));
#5937=DIRECTION('center_axis',(0.,0.,-1.));
#5938=DIRECTION('ref_axis',(-0.978147600733807,-0.207911690817753,0.));
#5939=DIRECTION('center_axis',(0.,0.,-1.));
#5940=DIRECTION('ref_axis',(1.,0.,0.));
#5941=DIRECTION('center_axis',(0.,0.,-1.));
#5942=DIRECTION('ref_axis',(1.,0.,0.));
#5943=DIRECTION('center_axis',(0.,0.,1.));
#5944=DIRECTION('ref_axis',(1.,0.,0.));
#5945=DIRECTION('center_axis',(0.,0.,-1.));
#5946=DIRECTION('ref_axis',(-1.,0.,0.));
#5947=DIRECTION('center_axis',(0.,0.,1.));
#5948=DIRECTION('ref_axis',(1.,0.,0.));
#5949=DIRECTION('center_axis',(0.,0.,-1.));
#5950=DIRECTION('ref_axis',(-1.,0.,0.));
#5951=DIRECTION('center_axis',(0.,0.,-1.));
#5952=DIRECTION('ref_axis',(1.,0.,0.));
#5953=DIRECTION('center_axis',(0.,0.,-1.));
#5954=DIRECTION('ref_axis',(0.978147600733804,-0.207911690817767,0.));
#5955=DIRECTION('center_axis',(0.,0.,1.));
#5956=DIRECTION('ref_axis',(1.,0.,0.));
#5957=DIRECTION('center_axis',(0.,0.,-1.));
#5958=DIRECTION('ref_axis',(-0.978147600733804,0.207911690817766,0.));
#5959=DIRECTION('center_axis',(0.,0.,1.));
#5960=DIRECTION('ref_axis',(1.,0.,0.));
#5961=DIRECTION('center_axis',(0.,0.,-1.));
#5962=DIRECTION('ref_axis',(-0.978147600733804,0.207911690817767,0.));
#5963=DIRECTION('center_axis',(0.,0.,-1.));
#5964=DIRECTION('ref_axis',(1.,0.,0.));
#5965=DIRECTION('center_axis',(0.,0.,-1.));
#5966=DIRECTION('ref_axis',(0.913545457642598,-0.406736643075807,0.));
#5967=DIRECTION('center_axis',(0.,0.,1.));
#5968=DIRECTION('ref_axis',(1.,0.,0.));
#5969=DIRECTION('center_axis',(0.,0.,-1.));
#5970=DIRECTION('ref_axis',(-0.913545457642598,0.406736643075807,0.));
#5971=DIRECTION('center_axis',(0.,0.,1.));
#5972=DIRECTION('ref_axis',(1.,0.,0.));
#5973=DIRECTION('center_axis',(0.,0.,-1.));
#5974=DIRECTION('ref_axis',(-0.913545457642598,0.406736643075807,0.));
#5975=DIRECTION('center_axis',(0.,0.,-1.));
#5976=DIRECTION('ref_axis',(1.,0.,0.));
#5977=DIRECTION('center_axis',(0.,0.,-1.));
#5978=DIRECTION('ref_axis',(0.809016994374943,-0.58778525229248,0.));
#5979=DIRECTION('center_axis',(0.,0.,1.));
#5980=DIRECTION('ref_axis',(1.,0.,0.));
#5981=DIRECTION('center_axis',(0.,0.,-1.));
#5982=DIRECTION('ref_axis',(-0.809016994374943,0.58778525229248,0.));
#5983=DIRECTION('center_axis',(0.,0.,1.));
#5984=DIRECTION('ref_axis',(1.,0.,0.));
#5985=DIRECTION('center_axis',(0.,0.,-1.));
#5986=DIRECTION('ref_axis',(-0.809016994374943,0.58778525229248,0.));
#5987=DIRECTION('center_axis',(0.,0.,-1.));
#5988=DIRECTION('ref_axis',(1.,0.,0.));
#5989=DIRECTION('center_axis',(0.,0.,-1.));
#5990=DIRECTION('ref_axis',(0.669130606358852,-0.7431448254774,0.));
#5991=DIRECTION('center_axis',(0.,0.,1.));
#5992=DIRECTION('ref_axis',(1.,0.,0.));
#5993=DIRECTION('center_axis',(0.,0.,-1.));
#5994=DIRECTION('ref_axis',(-0.669130606358852,0.7431448254774,0.));
#5995=DIRECTION('center_axis',(0.,0.,1.));
#5996=DIRECTION('ref_axis',(1.,0.,0.));
#5997=DIRECTION('center_axis',(0.,0.,-1.));
#5998=DIRECTION('ref_axis',(-0.669130606358852,0.7431448254774,0.));
#5999=DIRECTION('center_axis',(0.,0.,-1.));
#6000=DIRECTION('ref_axis',(1.,0.,0.));
#6001=DIRECTION('center_axis',(0.,0.,-1.));
#6002=DIRECTION('ref_axis',(0.499999999999992,-0.866025403784443,0.));
#6003=DIRECTION('center_axis',(0.,0.,1.));
#6004=DIRECTION('ref_axis',(1.,0.,0.));
#6005=DIRECTION('center_axis',(0.,0.,-1.));
#6006=DIRECTION('ref_axis',(-0.499999999999992,0.866025403784443,0.));
#6007=DIRECTION('center_axis',(0.,0.,1.));
#6008=DIRECTION('ref_axis',(1.,0.,0.));
#6009=DIRECTION('center_axis',(0.,0.,-1.));
#6010=DIRECTION('ref_axis',(-0.499999999999992,0.866025403784443,0.));
#6011=DIRECTION('center_axis',(0.,0.,-1.));
#6012=DIRECTION('ref_axis',(1.,0.,0.));
#6013=DIRECTION('center_axis',(0.,0.,-1.));
#6014=DIRECTION('ref_axis',(0.309016994374938,-0.951056516295157,0.));
#6015=DIRECTION('center_axis',(0.,0.,1.));
#6016=DIRECTION('ref_axis',(1.,0.,0.));
#6017=DIRECTION('center_axis',(0.,0.,-1.));
#6018=DIRECTION('ref_axis',(-0.309016994374938,0.951056516295157,0.));
#6019=DIRECTION('center_axis',(0.,0.,1.));
#6020=DIRECTION('ref_axis',(1.,0.,0.));
#6021=DIRECTION('center_axis',(0.,0.,-1.));
#6022=DIRECTION('ref_axis',(-0.309016994374938,0.951056516295157,0.));
#6023=DIRECTION('center_axis',(0.,0.,-1.));
#6024=DIRECTION('ref_axis',(1.,-1.24344978758018E-14,0.));
#6025=DIRECTION('center_axis',(0.,0.,-1.));
#6026=DIRECTION('ref_axis',(0.104528463267644,-0.994521895368274,0.));
#6027=DIRECTION('center_axis',(0.,0.,1.));
#6028=DIRECTION('ref_axis',(1.,0.,0.));
#6029=DIRECTION('center_axis',(0.,0.,-1.));
#6030=DIRECTION('ref_axis',(-0.104528463267644,0.994521895368274,0.));
#6031=DIRECTION('center_axis',(0.,0.,1.));
#6032=DIRECTION('ref_axis',(1.,0.,0.));
#6033=DIRECTION('center_axis',(0.,0.,-1.));
#6034=DIRECTION('ref_axis',(-0.104528463267644,0.994521895368274,0.));
#6035=DIRECTION('center_axis',(0.,0.,-1.));
#6036=DIRECTION('ref_axis',(1.,1.4210854715202E-14,0.));
#6037=DIRECTION('center_axis',(0.,0.,-1.));
#6038=DIRECTION('ref_axis',(-0.104528463267664,-0.994521895368272,0.));
#6039=DIRECTION('center_axis',(0.,0.,1.));
#6040=DIRECTION('ref_axis',(1.,0.,0.));
#6041=DIRECTION('center_axis',(0.,0.,-1.));
#6042=DIRECTION('ref_axis',(0.104528463267664,0.994521895368272,0.));
#6043=DIRECTION('center_axis',(0.,0.,1.));
#6044=DIRECTION('ref_axis',(1.,0.,0.));
#6045=DIRECTION('center_axis',(0.,0.,-1.));
#6046=DIRECTION('ref_axis',(0.104528463267664,0.994521895368272,0.));
#6047=DIRECTION('center_axis',(0.,0.,-1.));
#6048=DIRECTION('ref_axis',(1.,0.,0.));
#6049=DIRECTION('center_axis',(0.,0.,-1.));
#6050=DIRECTION('ref_axis',(-0.309016994374957,-0.95105651629515,0.));
#6051=DIRECTION('center_axis',(0.,0.,1.));
#6052=DIRECTION('ref_axis',(1.,0.,0.));
#6053=DIRECTION('center_axis',(0.,0.,-1.));
#6054=DIRECTION('ref_axis',(0.309016994374957,0.95105651629515,0.));
#6055=DIRECTION('center_axis',(0.,0.,1.));
#6056=DIRECTION('ref_axis',(1.,0.,0.));
#6057=DIRECTION('center_axis',(0.,0.,-1.));
#6058=DIRECTION('ref_axis',(0.309016994374957,0.95105651629515,0.));
#6059=DIRECTION('center_axis',(0.,0.,-1.));
#6060=DIRECTION('ref_axis',(1.,0.,0.));
#6061=DIRECTION('center_axis',(0.,0.,-1.));
#6062=DIRECTION('ref_axis',(-0.50000000000001,-0.866025403784433,0.));
#6063=DIRECTION('center_axis',(0.,0.,1.));
#6064=DIRECTION('ref_axis',(1.,0.,0.));
#6065=DIRECTION('center_axis',(0.,0.,-1.));
#6066=DIRECTION('ref_axis',(0.50000000000001,0.866025403784433,0.));
#6067=DIRECTION('center_axis',(0.,0.,1.));
#6068=DIRECTION('ref_axis',(1.,0.,0.));
#6069=DIRECTION('center_axis',(0.,0.,-1.));
#6070=DIRECTION('ref_axis',(0.50000000000001,0.866025403784433,0.));
#6071=DIRECTION('center_axis',(0.,0.,-1.));
#6072=DIRECTION('ref_axis',(1.,0.,0.));
#6073=DIRECTION('center_axis',(0.,0.,-1.));
#6074=DIRECTION('ref_axis',(-0.669130606358867,-0.743144825477386,0.));
#6075=DIRECTION('center_axis',(0.,0.,1.));
#6076=DIRECTION('ref_axis',(1.,0.,0.));
#6077=DIRECTION('center_axis',(0.,0.,-1.));
#6078=DIRECTION('ref_axis',(0.669130606358867,0.743144825477386,0.));
#6079=DIRECTION('center_axis',(0.,0.,1.));
#6080=DIRECTION('ref_axis',(1.,0.,0.));
#6081=DIRECTION('center_axis',(0.,0.,-1.));
#6082=DIRECTION('ref_axis',(0.669130606358867,0.743144825477386,0.));
#6083=DIRECTION('center_axis',(0.,0.,-1.));
#6084=DIRECTION('ref_axis',(1.,0.,0.));
#6085=DIRECTION('center_axis',(0.,0.,-1.));
#6086=DIRECTION('ref_axis',(-0.809016994374955,-0.587785252292463,0.));
#6087=DIRECTION('center_axis',(0.,0.,1.));
#6088=DIRECTION('ref_axis',(1.,0.,0.));
#6089=DIRECTION('center_axis',(0.,0.,-1.));
#6090=DIRECTION('ref_axis',(0.809016994374955,0.587785252292463,0.));
#6091=DIRECTION('center_axis',(0.,0.,1.));
#6092=DIRECTION('ref_axis',(1.,0.,0.));
#6093=DIRECTION('center_axis',(0.,0.,-1.));
#6094=DIRECTION('ref_axis',(0.809016994374955,0.587785252292463,0.));
#6095=DIRECTION('center_axis',(0.,0.,-1.));
#6096=DIRECTION('ref_axis',(1.,1.77635683940025E-14,0.));
#6097=DIRECTION('center_axis',(0.,0.,-1.));
#6098=DIRECTION('ref_axis',(-0.913545457642606,-0.406736643075789,0.));
#6099=DIRECTION('center_axis',(0.,0.,1.));
#6100=DIRECTION('ref_axis',(1.,0.,0.));
#6101=DIRECTION('center_axis',(0.,0.,-1.));
#6102=DIRECTION('ref_axis',(0.913545457642606,0.406736643075789,0.));
#6103=DIRECTION('center_axis',(0.,0.,1.));
#6104=DIRECTION('ref_axis',(1.,0.,0.));
#6105=DIRECTION('center_axis',(0.,0.,-1.));
#6106=DIRECTION('ref_axis',(0.913545457642606,0.406736643075789,0.));
#6107=DIRECTION('center_axis',(0.,0.,-1.));
#6108=DIRECTION('ref_axis',(1.,-2.8421709430404E-14,0.));
#6109=DIRECTION('center_axis',(0.,0.,-1.));
#6110=DIRECTION('ref_axis',(-0.978147600733808,-0.207911690817747,0.));
#6111=DIRECTION('center_axis',(0.,0.,1.));
#6112=DIRECTION('ref_axis',(1.,0.,0.));
#6113=DIRECTION('center_axis',(0.,0.,-1.));
#6114=DIRECTION('ref_axis',(0.978147600733808,0.207911690817747,0.));
#6115=DIRECTION('center_axis',(0.,0.,1.));
#6116=DIRECTION('ref_axis',(1.,0.,0.));
#6117=DIRECTION('center_axis',(0.,0.,-1.));
#6118=DIRECTION('ref_axis',(0.978147600733808,0.207911690817747,0.));
#6119=DIRECTION('center_axis',(0.,0.,-1.));
#6120=DIRECTION('ref_axis',(1.,3.01980662698043E-14,0.));
#6121=DIRECTION('center_axis',(0.,0.,-1.));
#6122=DIRECTION('ref_axis',(-1.,0.,0.));
#6123=DIRECTION('center_axis',(0.,0.,1.));
#6124=DIRECTION('ref_axis',(1.,0.,0.));
#6125=DIRECTION('center_axis',(0.,0.,-1.));
#6126=DIRECTION('ref_axis',(1.,0.,0.));
#6127=DIRECTION('center_axis',(0.,0.,1.));
#6128=DIRECTION('ref_axis',(1.,0.,0.));
#6129=DIRECTION('center_axis',(0.,0.,-1.));
#6130=DIRECTION('ref_axis',(1.,0.,0.));
#6131=DIRECTION('center_axis',(0.,0.,-1.));
#6132=DIRECTION('ref_axis',(1.,2.04281036531029E-14,0.));
#6133=DIRECTION('center_axis',(0.,0.,-1.));
#6134=DIRECTION('ref_axis',(0.978147600733806,-0.20791169081776,0.));
#6135=DIRECTION('center_axis',(0.,0.,1.));
#6136=DIRECTION('ref_axis',(1.,0.,0.));
#6137=DIRECTION('center_axis',(0.,0.,-1.));
#6138=DIRECTION('ref_axis',(0.978147600733806,-0.20791169081776,0.));
#6139=DIRECTION('center_axis',(0.,0.,-1.));
#6140=DIRECTION('ref_axis',(1.,3.19744231092045E-14,0.));
#6141=DIRECTION('center_axis',(0.,0.,-1.));
#6142=DIRECTION('ref_axis',(0.913545457642601,-0.406736643075801,0.));
#6143=DIRECTION('center_axis',(0.,0.,1.));
#6144=DIRECTION('ref_axis',(1.,0.,0.));
#6145=DIRECTION('center_axis',(0.,0.,-1.));
#6146=DIRECTION('ref_axis',(0.913545457642601,-0.406736643075801,0.));
#6147=DIRECTION('center_axis',(0.,0.,-1.));
#6148=DIRECTION('ref_axis',(1.,-1.68753899743024E-14,0.));
#6149=DIRECTION('center_axis',(0.,0.,-1.));
#6150=DIRECTION('ref_axis',(-0.809016994374947,0.587785252292474,0.));
#6151=DIRECTION('center_axis',(0.,0.,-1.));
#6152=DIRECTION('ref_axis',(0.809016994374947,-0.587785252292474,0.));
#6153=DIRECTION('center_axis',(0.,0.,1.));
#6154=DIRECTION('ref_axis',(1.,0.,0.));
#6155=DIRECTION('center_axis',(0.,0.,-1.));
#6156=DIRECTION('ref_axis',(0.809016994374947,-0.587785252292474,0.));
#6157=DIRECTION('center_axis',(0.,0.,-1.));
#6158=DIRECTION('ref_axis',(1.,-6.21724893790088E-15,0.));
#6159=DIRECTION('center_axis',(0.,0.,-1.));
#6160=DIRECTION('ref_axis',(-1.,0.,0.));
#6161=DIRECTION('center_axis',(0.,0.,1.));
#6162=DIRECTION('ref_axis',(1.,0.,0.));
#6163=DIRECTION('',(0.,0.,1.));
#6164=DIRECTION('center_axis',(0.,0.,-1.));
#6165=DIRECTION('ref_axis',(1.,-3.99680288865056E-14,0.));
#6166=DIRECTION('',(0.,0.,1.));
#6167=DIRECTION('center_axis',(0.,0.,-1.));
#6168=DIRECTION('ref_axis',(-1.,0.,0.));
#6169=DIRECTION('center_axis',(0.,0.,1.));
#6170=DIRECTION('ref_axis',(1.,0.,0.));
#6171=DIRECTION('',(0.,0.,1.));
#6172=DIRECTION('center_axis',(0.,0.,-1.));
#6173=DIRECTION('ref_axis',(1.,4.08562073062058E-14,0.));
#6174=DIRECTION('',(0.,0.,1.));
#6175=DIRECTION('center_axis',(0.,0.,-1.));
#6176=DIRECTION('ref_axis',(-1.,0.,0.));
#6177=DIRECTION('center_axis',(0.,0.,1.));
#6178=DIRECTION('ref_axis',(1.,0.,0.));
#6179=DIRECTION('',(0.,0.,1.));
#6180=DIRECTION('center_axis',(0.,0.,-1.));
#6181=DIRECTION('ref_axis',(1.,-7.28306304154103E-14,0.));
#6182=DIRECTION('',(0.,0.,1.));
#6183=DIRECTION('center_axis',(0.,0.,-1.));
#6184=DIRECTION('ref_axis',(-1.,0.,0.));
#6185=DIRECTION('center_axis',(0.,0.,-1.));
#6186=DIRECTION('ref_axis',(1.,-5.06261699229071E-14,0.));
#6187=DIRECTION('',(0.,0.,1.));
#6188=DIRECTION('center_axis',(0.,0.,1.));
#6189=DIRECTION('ref_axis',(1.,0.,0.));
#6190=DIRECTION('',(0.,0.,1.));
#6191=DIRECTION('center_axis',(0.,0.,-1.));
#6192=DIRECTION('ref_axis',(-1.,0.,0.));
#6193=DIRECTION('center_axis',(0.,0.,1.));
#6194=DIRECTION('ref_axis',(1.,0.,0.));
#6195=DIRECTION('',(0.,0.,1.));
#6196=DIRECTION('center_axis',(0.,0.,-1.));
#6197=DIRECTION('ref_axis',(1.,5.59552404411079E-14,0.));
#6198=DIRECTION('',(0.,0.,1.));
#6199=DIRECTION('center_axis',(0.,0.,-1.));
#6200=DIRECTION('ref_axis',(1.,-3.43024899888577E-15,0.));
#6201=DIRECTION('',(0.,0.,1.));
#6202=DIRECTION('center_axis',(0.,0.,-1.));
#6203=DIRECTION('ref_axis',(1.,0.,0.));
#6204=DIRECTION('',(0.,0.,1.));
#6205=DIRECTION('center_axis',(0.,0.,-1.));
#6206=DIRECTION('ref_axis',(-1.,0.,0.));
#6207=DIRECTION('center_axis',(0.,0.,1.));
#6208=DIRECTION('ref_axis',(1.,0.,0.));
#6209=DIRECTION('',(0.,0.,1.));
#6210=DIRECTION('center_axis',(0.,0.,-1.));
#6211=DIRECTION('ref_axis',(1.,0.,0.));
#6212=DIRECTION('',(0.,0.,1.));
#6213=DIRECTION('center_axis',(0.,0.,-1.));
#6214=DIRECTION('ref_axis',(-1.,0.,0.));
#6215=DIRECTION('center_axis',(0.,0.,1.));
#6216=DIRECTION('ref_axis',(1.,0.,0.));
#6217=DIRECTION('',(0.,0.,1.));
#6218=DIRECTION('center_axis',(0.,0.,-1.));
#6219=DIRECTION('ref_axis',(1.,8.88178419700125E-16,0.));
#6220=DIRECTION('',(0.,0.,1.));
#6221=DIRECTION('center_axis',(0.,0.,-1.));
#6222=DIRECTION('ref_axis',(-1.,0.,0.));
#6223=DIRECTION('center_axis',(0.,0.,1.));
#6224=DIRECTION('ref_axis',(1.,0.,0.));
#6225=DIRECTION('',(0.,0.,1.));
#6226=DIRECTION('center_axis',(0.,0.,-1.));
#6227=DIRECTION('ref_axis',(1.,0.,0.));
#6228=DIRECTION('',(0.,0.,1.));
#6229=DIRECTION('center_axis',(0.,0.,-1.));
#6230=DIRECTION('ref_axis',(-1.,0.,0.));
#6231=DIRECTION('center_axis',(0.,0.,1.));
#6232=DIRECTION('ref_axis',(1.,0.,0.));
#6233=DIRECTION('center_axis',(0.,0.,-1.));
#6234=DIRECTION('ref_axis',(1.,0.,0.));
#6235=DIRECTION('',(0.,0.,1.));
#6236=DIRECTION('center_axis',(0.,0.,-1.));
#6237=DIRECTION('ref_axis',(-1.,0.,0.));
#6238=DIRECTION('center_axis',(0.,0.,1.));
#6239=DIRECTION('ref_axis',(1.,0.,0.));
#6240=DIRECTION('',(0.,0.,1.));
#6241=DIRECTION('center_axis',(0.,0.,-1.));
#6242=DIRECTION('ref_axis',(1.,0.,0.));
#6243=DIRECTION('',(0.,0.,1.));
#6244=DIRECTION('center_axis',(0.,0.,-1.));
#6245=DIRECTION('ref_axis',(-1.,0.,0.));
#6246=DIRECTION('center_axis',(0.,0.,-1.));
#6247=DIRECTION('ref_axis',(1.,1.77635683940025E-15,0.));
#6248=DIRECTION('',(0.,0.,1.));
#6249=DIRECTION('center_axis',(0.,0.,1.));
#6250=DIRECTION('ref_axis',(1.,0.,0.));
#6251=DIRECTION('',(0.,0.,1.));
#6252=DIRECTION('center_axis',(0.,0.,-1.));
#6253=DIRECTION('ref_axis',(-1.,0.,0.));
#6254=DIRECTION('center_axis',(0.,0.,1.));
#6255=DIRECTION('ref_axis',(1.,0.,0.));
#6256=DIRECTION('center_axis',(0.,0.,-1.));
#6257=DIRECTION('ref_axis',(1.,0.,0.));
#6258=DIRECTION('',(0.,0.,1.));
#6259=DIRECTION('center_axis',(0.,0.,-1.));
#6260=DIRECTION('ref_axis',(-1.,0.,0.));
#6261=DIRECTION('center_axis',(0.,0.,1.));
#6262=DIRECTION('ref_axis',(1.,0.,0.));
#6263=DIRECTION('',(0.,0.,1.));
#6264=DIRECTION('center_axis',(0.,0.,-1.));
#6265=DIRECTION('ref_axis',(1.,0.,0.));
#6266=DIRECTION('',(0.,0.,1.));
#6267=DIRECTION('center_axis',(0.,0.,-1.));
#6268=DIRECTION('ref_axis',(-1.,0.,0.));
#6269=DIRECTION('center_axis',(0.,0.,1.));
#6270=DIRECTION('ref_axis',(1.,0.,0.));
#6271=DIRECTION('',(0.,0.,1.));
#6272=DIRECTION('center_axis',(0.,0.,-1.));
#6273=DIRECTION('ref_axis',(1.,0.,0.));
#6274=DIRECTION('',(0.,0.,1.));
#6275=DIRECTION('center_axis',(0.,0.,-1.));
#6276=DIRECTION('ref_axis',(-1.,0.,0.));
#6277=DIRECTION('center_axis',(0.,0.,1.));
#6278=DIRECTION('ref_axis',(1.,0.,0.));
#6279=DIRECTION('',(0.,0.,1.));
#6280=DIRECTION('center_axis',(0.,0.,-1.));
#6281=DIRECTION('ref_axis',(1.,0.,0.));
#6282=DIRECTION('',(0.,0.,1.));
#6283=DIRECTION('center_axis',(0.,0.,-1.));
#6284=DIRECTION('ref_axis',(-1.,0.,0.));
#6285=DIRECTION('center_axis',(0.,0.,1.));
#6286=DIRECTION('ref_axis',(1.,0.,0.));
#6287=DIRECTION('',(0.,0.,1.));
#6288=DIRECTION('center_axis',(0.,0.,-1.));
#6289=DIRECTION('ref_axis',(1.,3.90798504668055E-14,0.));
#6290=DIRECTION('',(0.,0.,1.));
#6291=DIRECTION('center_axis',(0.,0.,-1.));
#6292=DIRECTION('ref_axis',(-1.,0.,0.));
#6293=DIRECTION('center_axis',(0.,0.,-1.));
#6294=DIRECTION('ref_axis',(1.,-3.73034936274053E-14,0.));
#6295=DIRECTION('',(0.,0.,1.));
#6296=DIRECTION('center_axis',(0.,0.,1.));
#6297=DIRECTION('ref_axis',(1.,0.,0.));
#6298=DIRECTION('',(0.,0.,1.));
#6299=DIRECTION('center_axis',(0.,0.,-1.));
#6300=DIRECTION('ref_axis',(-1.,0.,0.));
#6301=DIRECTION('center_axis',(0.,0.,1.));
#6302=DIRECTION('ref_axis',(1.,0.,0.));
#6303=DIRECTION('',(0.,0.,1.));
#6304=DIRECTION('center_axis',(0.,0.,-1.));
#6305=DIRECTION('ref_axis',(1.,-6.21724893790088E-14,0.));
#6306=DIRECTION('',(0.,0.,1.));
#6307=DIRECTION('center_axis',(0.,0.,-1.));
#6308=DIRECTION('ref_axis',(-1.,0.,0.));
#6309=DIRECTION('center_axis',(0.,0.,1.));
#6310=DIRECTION('ref_axis',(1.,0.,0.));
#6311=DIRECTION('',(0.,0.,1.));
#6312=DIRECTION('center_axis',(0.,0.,-1.));
#6313=DIRECTION('ref_axis',(1.,4.2632564145606E-14,0.));
#6314=DIRECTION('',(0.,0.,1.));
#6315=DIRECTION('center_axis',(0.,0.,-1.));
#6316=DIRECTION('ref_axis',(-1.,0.,0.));
#6317=DIRECTION('center_axis',(0.,0.,-1.));
#6318=DIRECTION('ref_axis',(1.,0.,0.));
#6319=DIRECTION('',(0.,0.,1.));
#6320=DIRECTION('center_axis',(0.,0.,1.));
#6321=DIRECTION('ref_axis',(1.,0.,0.));
#6322=DIRECTION('',(0.,0.,1.));
#6323=DIRECTION('center_axis',(0.,0.,-1.));
#6324=DIRECTION('ref_axis',(-1.,0.,0.));
#6325=DIRECTION('center_axis',(0.,0.,-1.));
#6326=DIRECTION('ref_axis',(1.,0.,0.));
#6327=DIRECTION('',(0.,0.,1.));
#6328=DIRECTION('center_axis',(0.,0.,1.));
#6329=DIRECTION('ref_axis',(1.,0.,0.));
#6330=DIRECTION('',(0.,0.,1.));
#6331=DIRECTION('center_axis',(0.,0.,-1.));
#6332=DIRECTION('ref_axis',(-1.,0.,0.));
#6333=DIRECTION('center_axis',(0.,0.,-1.));
#6334=DIRECTION('ref_axis',(1.,0.,0.));
#6335=DIRECTION('',(0.,0.,1.));
#6336=DIRECTION('center_axis',(0.,0.,1.));
#6337=DIRECTION('ref_axis',(1.,0.,0.));
#6338=DIRECTION('',(0.,0.,1.));
#6339=DIRECTION('center_axis',(0.,0.,-1.));
#6340=DIRECTION('ref_axis',(-1.,0.,0.));
#6341=DIRECTION('center_axis',(0.,0.,1.));
#6342=DIRECTION('ref_axis',(1.,0.,0.));
#6343=DIRECTION('',(0.,0.,1.));
#6344=DIRECTION('center_axis',(0.,0.,-1.));
#6345=DIRECTION('ref_axis',(1.,-2.30926389122033E-14,0.));
#6346=DIRECTION('',(0.,0.,1.));
#6347=DIRECTION('center_axis',(0.,0.,-1.));
#6348=DIRECTION('ref_axis',(-1.,0.,0.));
#6349=DIRECTION('center_axis',(0.,0.,-1.));
#6350=DIRECTION('ref_axis',(1.,0.,0.));
#6351=DIRECTION('',(0.,0.,1.));
#6352=DIRECTION('center_axis',(0.,0.,1.));
#6353=DIRECTION('ref_axis',(1.,0.,0.));
#6354=DIRECTION('',(0.,0.,1.));
#6355=DIRECTION('center_axis',(0.,0.,-1.));
#6356=DIRECTION('ref_axis',(-1.,0.,0.));
#6357=DIRECTION('center_axis',(0.,0.,1.));
#6358=DIRECTION('ref_axis',(1.,0.,0.));
#6359=DIRECTION('',(0.,0.,1.));
#6360=DIRECTION('center_axis',(0.,0.,-1.));
#6361=DIRECTION('ref_axis',(1.,0.,0.));
#6362=DIRECTION('',(0.,0.,1.));
#6363=DIRECTION('center_axis',(0.,0.,-1.));
#6364=DIRECTION('ref_axis',(-1.,0.,0.));
#6365=DIRECTION('center_axis',(0.,0.,-1.));
#6366=DIRECTION('ref_axis',(1.,0.,0.));
#6367=DIRECTION('',(0.,0.,1.));
#6368=DIRECTION('center_axis',(0.,0.,1.));
#6369=DIRECTION('ref_axis',(1.,0.,0.));
#6370=DIRECTION('',(0.,0.,1.));
#6371=DIRECTION('center_axis',(0.,0.,-1.));
#6372=DIRECTION('ref_axis',(-1.,0.,0.));
#6373=DIRECTION('center_axis',(0.,0.,-1.));
#6374=DIRECTION('ref_axis',(1.,2.30926389122033E-14,0.));
#6375=DIRECTION('center_axis',(0.,0.,1.));
#6376=DIRECTION('ref_axis',(1.,0.,0.));
#6377=DIRECTION('',(0.,0.,1.));
#6378=DIRECTION('center_axis',(0.,0.,1.));
#6379=DIRECTION('ref_axis',(1.,0.,0.));
#6380=DIRECTION('center_axis',(0.,0.,1.));
#6381=DIRECTION('ref_axis',(1.,0.,0.));
#6382=DIRECTION('center_axis',(0.,0.,1.));
#6383=DIRECTION('ref_axis',(1.,0.,0.));
#6384=DIRECTION('center_axis',(0.,0.,1.));
#6385=DIRECTION('ref_axis',(1.,0.,0.));
#6386=DIRECTION('center_axis',(0.,0.,1.));
#6387=DIRECTION('ref_axis',(1.,0.,0.));
#6388=DIRECTION('center_axis',(0.,0.,1.));
#6389=DIRECTION('ref_axis',(1.,0.,0.));
#6390=DIRECTION('center_axis',(0.,0.,1.));
#6391=DIRECTION('ref_axis',(1.,0.,0.));
#6392=DIRECTION('center_axis',(0.,0.,1.));
#6393=DIRECTION('ref_axis',(1.,0.,0.));
#6394=DIRECTION('center_axis',(0.,0.,1.));
#6395=DIRECTION('ref_axis',(1.,0.,0.));
#6396=DIRECTION('center_axis',(0.,0.,1.));
#6397=DIRECTION('ref_axis',(1.,0.,0.));
#6398=DIRECTION('center_axis',(0.,0.,1.));
#6399=DIRECTION('ref_axis',(1.,0.,0.));
#6400=DIRECTION('center_axis',(0.,0.,1.));
#6401=DIRECTION('ref_axis',(1.,0.,0.));
#6402=DIRECTION('center_axis',(0.,0.,1.));
#6403=DIRECTION('ref_axis',(1.,0.,0.));
#6404=DIRECTION('center_axis',(0.,0.,1.));
#6405=DIRECTION('ref_axis',(1.,0.,0.));
#6406=DIRECTION('center_axis',(0.,0.,1.));
#6407=DIRECTION('ref_axis',(1.,0.,0.));
#6408=DIRECTION('center_axis',(0.,0.,1.));
#6409=DIRECTION('ref_axis',(1.,0.,0.));
#6410=DIRECTION('center_axis',(0.,0.,1.));
#6411=DIRECTION('ref_axis',(1.,0.,0.));
#6412=DIRECTION('center_axis',(0.,0.,1.));
#6413=DIRECTION('ref_axis',(1.,0.,0.));
#6414=DIRECTION('center_axis',(0.,0.,1.));
#6415=DIRECTION('ref_axis',(1.,0.,0.));
#6416=DIRECTION('center_axis',(0.,0.,1.));
#6417=DIRECTION('ref_axis',(1.,0.,0.));
#6418=DIRECTION('center_axis',(0.,0.,1.));
#6419=DIRECTION('ref_axis',(1.,0.,0.));
#6420=DIRECTION('center_axis',(0.,0.,1.));
#6421=DIRECTION('ref_axis',(1.,0.,0.));
#6422=DIRECTION('center_axis',(0.,0.,1.));
#6423=DIRECTION('ref_axis',(-1.,9.89242729661611E-15,0.));
#6424=DIRECTION('center_axis',(0.,0.,1.));
#6425=DIRECTION('ref_axis',(1.,0.,0.));
#6426=DIRECTION('center_axis',(0.,0.,1.));
#6427=DIRECTION('ref_axis',(1.,0.,0.));
#6428=DIRECTION('center_axis',(0.,0.,1.));
#6429=DIRECTION('ref_axis',(1.,0.,0.));
#6430=DIRECTION('center_axis',(0.,0.,1.));
#6431=DIRECTION('ref_axis',(1.,0.,0.));
#6432=DIRECTION('center_axis',(0.,0.,1.));
#6433=DIRECTION('ref_axis',(1.,0.,0.));
#6434=DIRECTION('center_axis',(0.,0.,-1.));
#6435=DIRECTION('ref_axis',(-1.,0.,0.));
#6436=DIRECTION('center_axis',(0.,0.,-1.));
#6437=DIRECTION('ref_axis',(-1.,0.,0.));
#6438=DIRECTION('center_axis',(0.,0.,-1.));
#6439=DIRECTION('ref_axis',(-1.,0.,0.));
#6440=DIRECTION('center_axis',(0.,0.,-1.));
#6441=DIRECTION('ref_axis',(-1.,0.,0.));
#6442=DIRECTION('center_axis',(0.,0.,-1.));
#6443=DIRECTION('ref_axis',(-1.,0.,0.));
#6444=DIRECTION('center_axis',(0.,0.,-1.));
#6445=DIRECTION('ref_axis',(1.,-3.43024899888577E-15,0.));
#6446=DIRECTION('center_axis',(0.,0.,-1.));
#6447=DIRECTION('ref_axis',(-1.,0.,0.));
#6448=DIRECTION('center_axis',(0.,0.,-1.));
#6449=DIRECTION('ref_axis',(-1.,0.,0.));
#6450=DIRECTION('center_axis',(0.,0.,-1.));
#6451=DIRECTION('ref_axis',(-1.,0.,0.));
#6452=DIRECTION('center_axis',(0.,0.,-1.));
#6453=DIRECTION('ref_axis',(-1.,0.,0.));
#6454=DIRECTION('center_axis',(0.,0.,-1.));
#6455=DIRECTION('ref_axis',(-1.,0.,0.));
#6456=DIRECTION('center_axis',(0.,0.,-1.));
#6457=DIRECTION('ref_axis',(-1.,0.,0.));
#6458=DIRECTION('center_axis',(0.,0.,-1.));
#6459=DIRECTION('ref_axis',(-1.,0.,0.));
#6460=DIRECTION('center_axis',(0.,0.,-1.));
#6461=DIRECTION('ref_axis',(-1.,0.,0.));
#6462=DIRECTION('center_axis',(0.,0.,-1.));
#6463=DIRECTION('ref_axis',(-1.,0.,0.));
#6464=DIRECTION('center_axis',(0.,0.,-1.));
#6465=DIRECTION('ref_axis',(-1.,0.,0.));
#6466=DIRECTION('center_axis',(0.,0.,-1.));
#6467=DIRECTION('ref_axis',(-1.,0.,0.));
#6468=DIRECTION('center_axis',(0.,0.,-1.));
#6469=DIRECTION('ref_axis',(-1.,0.,0.));
#6470=DIRECTION('center_axis',(0.,0.,-1.));
#6471=DIRECTION('ref_axis',(-1.,0.,0.));
#6472=DIRECTION('center_axis',(0.,0.,-1.));
#6473=DIRECTION('ref_axis',(-1.,0.,0.));
#6474=DIRECTION('center_axis',(0.,0.,-1.));
#6475=DIRECTION('ref_axis',(-1.,0.,0.));
#6476=DIRECTION('center_axis',(0.,0.,-1.));
#6477=DIRECTION('ref_axis',(-1.,0.,0.));
#6478=DIRECTION('center_axis',(0.,0.,-1.));
#6479=DIRECTION('ref_axis',(-1.,0.,0.));
#6480=DIRECTION('center_axis',(0.,0.,-1.));
#6481=DIRECTION('ref_axis',(-1.,0.,0.));
#6482=DIRECTION('center_axis',(0.,0.,-1.));
#6483=DIRECTION('ref_axis',(-1.,0.,0.));
#6484=DIRECTION('center_axis',(0.,0.,-1.));
#6485=DIRECTION('ref_axis',(-1.,0.,0.));
#6486=DIRECTION('center_axis',(0.,0.,-1.));
#6487=DIRECTION('ref_axis',(-1.,0.,0.));
#6488=DIRECTION('center_axis',(0.,0.,-1.));
#6489=DIRECTION('ref_axis',(-1.,0.,0.));
#6490=DIRECTION('center_axis',(0.,0.,-1.));
#6491=DIRECTION('ref_axis',(-1.,0.,0.));
#6492=DIRECTION('center_axis',(0.,0.,-1.));
#6493=DIRECTION('ref_axis',(1.,2.22044604925031E-14,0.));
#6494=DIRECTION('center_axis',(0.,0.,1.));
#6495=DIRECTION('ref_axis',(1.,0.,0.));
#6496=DIRECTION('',(0.,0.,1.));
#6497=DIRECTION('center_axis',(0.,0.,1.));
#6498=DIRECTION('ref_axis',(1.,0.,0.));
#6499=DIRECTION('',(0.,0.,1.));
#6500=DIRECTION('center_axis',(0.,0.,1.));
#6501=DIRECTION('ref_axis',(1.,0.,0.));
#6502=DIRECTION('',(0.,0.,-1.));
#6503=DIRECTION('',(0.,0.,1.));
#6504=DIRECTION('center_axis',(0.,0.,1.));
#6505=DIRECTION('ref_axis',(1.,0.,0.));
#6506=DIRECTION('',(0.,0.,-1.));
#6507=DIRECTION('center_axis',(0.,0.,-1.));
#6508=DIRECTION('ref_axis',(-1.,0.,0.));
#6509=DIRECTION('center_axis',(0.,0.,-1.));
#6510=DIRECTION('ref_axis',(-1.,0.,0.));
#6511=DIRECTION('center_axis',(0.,0.,1.));
#6512=DIRECTION('ref_axis',(1.,0.,0.));
#6513=DIRECTION('center_axis',(0.,0.,-1.));
#6514=DIRECTION('ref_axis',(-1.,0.,0.));
#6515=DIRECTION('center_axis',(0.,0.,1.));
#6516=DIRECTION('ref_axis',(1.,0.,0.));
#6517=DIRECTION('',(0.,0.,1.));
#6518=DIRECTION('center_axis',(0.,0.,1.));
#6519=DIRECTION('ref_axis',(1.,0.,0.));
#6520=DIRECTION('',(0.,0.,-1.));
#6521=DIRECTION('center_axis',(0.,0.,1.));
#6522=DIRECTION('ref_axis',(1.,0.,0.));
#6523=DIRECTION('',(0.,0.,1.));
#6524=DIRECTION('center_axis',(0.,0.,1.));
#6525=DIRECTION('ref_axis',(1.,0.,0.));
#6526=DIRECTION('',(0.,0.,-1.));
#6527=DIRECTION('',(0.,0.,1.));
#6528=DIRECTION('center_axis',(0.,0.,1.));
#6529=DIRECTION('ref_axis',(1.,0.,0.));
#6530=DIRECTION('',(0.,0.,-1.));
#6531=DIRECTION('center_axis',(0.,0.,1.));
#6532=DIRECTION('ref_axis',(1.,0.,0.));
#6533=DIRECTION('',(0.,0.,1.));
#6534=DIRECTION('center_axis',(0.,0.,1.));
#6535=DIRECTION('ref_axis',(1.,0.,0.));
#6536=DIRECTION('',(0.,0.,-1.));
#6537=DIRECTION('',(0.,0.,1.));
#6538=DIRECTION('center_axis',(0.,0.,1.));
#6539=DIRECTION('ref_axis',(1.,0.,0.));
#6540=DIRECTION('',(0.,0.,-1.));
#6541=DIRECTION('center_axis',(0.,0.,1.));
#6542=DIRECTION('ref_axis',(1.,0.,0.));
#6543=DIRECTION('',(0.,0.,1.));
#6544=DIRECTION('center_axis',(0.,0.,1.));
#6545=DIRECTION('ref_axis',(1.,0.,0.));
#6546=DIRECTION('',(0.,0.,-1.));
#6547=DIRECTION('',(0.,0.,1.));
#6548=DIRECTION('center_axis',(0.,0.,1.));
#6549=DIRECTION('ref_axis',(1.,0.,0.));
#6550=DIRECTION('',(0.,0.,-1.));
#6551=DIRECTION('center_axis',(0.,0.,1.));
#6552=DIRECTION('ref_axis',(1.,0.,0.));
#6553=DIRECTION('',(0.,0.,1.));
#6554=DIRECTION('center_axis',(0.,0.,1.));
#6555=DIRECTION('ref_axis',(1.,0.,0.));
#6556=DIRECTION('',(0.,0.,-1.));
#6557=DIRECTION('',(0.,0.,1.));
#6558=DIRECTION('center_axis',(0.,0.,1.));
#6559=DIRECTION('ref_axis',(1.,0.,0.));
#6560=DIRECTION('',(0.,0.,-1.));
#6561=DIRECTION('center_axis',(0.,0.,1.));
#6562=DIRECTION('ref_axis',(1.,0.,0.));
#6563=DIRECTION('',(0.,0.,1.));
#6564=DIRECTION('center_axis',(0.,0.,1.));
#6565=DIRECTION('ref_axis',(1.,0.,0.));
#6566=DIRECTION('',(0.,0.,-1.));
#6567=DIRECTION('',(0.,0.,1.));
#6568=DIRECTION('center_axis',(0.,0.,1.));
#6569=DIRECTION('ref_axis',(1.,0.,0.));
#6570=DIRECTION('',(0.,0.,-1.));
#6571=DIRECTION('center_axis',(0.,0.,1.));
#6572=DIRECTION('ref_axis',(1.,0.,0.));
#6573=DIRECTION('',(0.,0.,1.));
#6574=DIRECTION('center_axis',(0.,0.,1.));
#6575=DIRECTION('ref_axis',(1.,0.,0.));
#6576=DIRECTION('',(0.,0.,-1.));
#6577=DIRECTION('',(0.,0.,1.));
#6578=DIRECTION('center_axis',(0.,0.,1.));
#6579=DIRECTION('ref_axis',(1.,0.,0.));
#6580=DIRECTION('',(0.,0.,-1.));
#6581=DIRECTION('center_axis',(0.,0.,1.));
#6582=DIRECTION('ref_axis',(1.,0.,0.));
#6583=DIRECTION('',(0.,0.,1.));
#6584=DIRECTION('center_axis',(0.,0.,1.));
#6585=DIRECTION('ref_axis',(1.,0.,0.));
#6586=DIRECTION('',(0.,0.,-1.));
#6587=DIRECTION('',(0.,0.,1.));
#6588=DIRECTION('center_axis',(0.,0.,1.));
#6589=DIRECTION('ref_axis',(1.,0.,0.));
#6590=DIRECTION('',(0.,0.,-1.));
#6591=DIRECTION('center_axis',(0.,0.,1.));
#6592=DIRECTION('ref_axis',(1.,0.,0.));
#6593=DIRECTION('',(0.,0.,1.));
#6594=DIRECTION('center_axis',(0.,0.,1.));
#6595=DIRECTION('ref_axis',(1.,0.,0.));
#6596=DIRECTION('',(0.,0.,-1.));
#6597=DIRECTION('',(0.,0.,1.));
#6598=DIRECTION('center_axis',(0.,0.,1.));
#6599=DIRECTION('ref_axis',(1.,0.,0.));
#6600=DIRECTION('',(0.,0.,-1.));
#6601=DIRECTION('center_axis',(0.,0.,1.));
#6602=DIRECTION('ref_axis',(-0.988411742041739,0.151796667269128,0.));
#6603=DIRECTION('',(0.,0.,1.));
#6604=DIRECTION('center_axis',(0.,0.,1.));
#6605=DIRECTION('ref_axis',(1.,0.,0.));
#6606=DIRECTION('',(0.,0.,-1.));
#6607=DIRECTION('',(0.,0.,1.));
#6608=DIRECTION('center_axis',(0.,0.,1.));
#6609=DIRECTION('ref_axis',(1.,0.,0.));
#6610=DIRECTION('',(0.,0.,-1.));
#6611=DIRECTION('center_axis',(0.,0.,1.));
#6612=DIRECTION('ref_axis',(-0.998372875767674,-0.0570228106233414,0.));
#6613=DIRECTION('',(0.,0.,1.));
#6614=DIRECTION('center_axis',(0.,0.,1.));
#6615=DIRECTION('ref_axis',(1.,0.,0.));
#6616=DIRECTION('',(0.,0.,-1.));
#6617=DIRECTION('',(0.,0.,1.));
#6618=DIRECTION('center_axis',(0.,0.,1.));
#6619=DIRECTION('ref_axis',(1.,0.,0.));
#6620=DIRECTION('',(0.,0.,-1.));
#6621=DIRECTION('center_axis',(0.,0.,1.));
#6622=DIRECTION('ref_axis',(1.,0.,0.));
#6623=DIRECTION('',(0.,0.,1.));
#6624=DIRECTION('center_axis',(0.,0.,1.));
#6625=DIRECTION('ref_axis',(1.,0.,0.));
#6626=DIRECTION('',(0.,0.,-1.));
#6627=DIRECTION('',(0.,0.,1.));
#6628=DIRECTION('center_axis',(0.,0.,1.));
#6629=DIRECTION('ref_axis',(1.,0.,0.));
#6630=DIRECTION('',(0.,0.,-1.));
#6631=DIRECTION('center_axis',(0.,0.,1.));
#6632=DIRECTION('ref_axis',(1.,0.,0.));
#6633=DIRECTION('',(0.,0.,1.));
#6634=DIRECTION('center_axis',(0.,0.,1.));
#6635=DIRECTION('ref_axis',(1.,0.,0.));
#6636=DIRECTION('',(0.,0.,-1.));
#6637=DIRECTION('',(0.,0.,1.));
#6638=DIRECTION('center_axis',(0.,0.,1.));
#6639=DIRECTION('ref_axis',(1.,0.,0.));
#6640=DIRECTION('',(0.,0.,-1.));
#6641=DIRECTION('center_axis',(0.,0.,1.));
#6642=DIRECTION('ref_axis',(1.,0.,0.));
#6643=DIRECTION('',(0.,0.,1.));
#6644=DIRECTION('center_axis',(0.,0.,1.));
#6645=DIRECTION('ref_axis',(1.,0.,0.));
#6646=DIRECTION('',(0.,0.,-1.));
#6647=DIRECTION('',(0.,0.,1.));
#6648=DIRECTION('center_axis',(0.,0.,1.));
#6649=DIRECTION('ref_axis',(-0.998372875767672,0.0570228106233608,0.));
#6650=DIRECTION('',(0.,0.,-1.));
#6651=DIRECTION('center_axis',(0.,0.,1.));
#6652=DIRECTION('ref_axis',(1.,0.,0.));
#6653=DIRECTION('',(0.,0.,1.));
#6654=DIRECTION('center_axis',(0.,0.,1.));
#6655=DIRECTION('ref_axis',(1.,0.,0.));
#6656=DIRECTION('',(0.,0.,-1.));
#6657=DIRECTION('',(0.,0.,1.));
#6658=DIRECTION('center_axis',(0.,0.,1.));
#6659=DIRECTION('ref_axis',(-0.988411742041742,-0.151796667269108,0.));
#6660=DIRECTION('',(0.,0.,-1.));
#6661=DIRECTION('center_axis',(0.,0.,1.));
#6662=DIRECTION('ref_axis',(1.,0.,0.));
#6663=DIRECTION('',(0.,0.,1.));
#6664=DIRECTION('center_axis',(0.,0.,1.));
#6665=DIRECTION('ref_axis',(1.,0.,0.));
#6666=DIRECTION('',(0.,0.,-1.));
#6667=DIRECTION('',(0.,0.,1.));
#6668=DIRECTION('center_axis',(0.,0.,1.));
#6669=DIRECTION('ref_axis',(1.,0.,0.));
#6670=DIRECTION('',(0.,0.,-1.));
#6671=DIRECTION('center_axis',(0.,0.,1.));
#6672=DIRECTION('ref_axis',(1.,0.,0.));
#6673=DIRECTION('',(0.,0.,1.));
#6674=DIRECTION('center_axis',(0.,0.,1.));
#6675=DIRECTION('ref_axis',(1.,0.,0.));
#6676=DIRECTION('',(0.,0.,-1.));
#6677=DIRECTION('center_axis',(0.,0.,1.));
#6678=DIRECTION('ref_axis',(1.,0.,0.));
#6679=DIRECTION('center_axis',(0.,0.,1.));
#6680=DIRECTION('ref_axis',(1.,0.,0.));
#6681=DIRECTION('',(0.,0.,1.));
#6682=DIRECTION('center_axis',(0.,0.,1.));
#6683=DIRECTION('ref_axis',(1.,0.,0.));
#6684=DIRECTION('',(0.,0.,-1.));
#6685=DIRECTION('center_axis',(0.,0.,1.));
#6686=DIRECTION('ref_axis',(1.,0.,0.));
#6687=DIRECTION('center_axis',(0.,0.,1.));
#6688=DIRECTION('ref_axis',(1.,0.,0.));
#6689=DIRECTION('',(0.,0.,1.));
#6690=DIRECTION('center_axis',(0.,0.,1.));
#6691=DIRECTION('ref_axis',(1.,0.,0.));
#6692=DIRECTION('',(0.,0.,-1.));
#6693=DIRECTION('center_axis',(0.,0.,1.));
#6694=DIRECTION('ref_axis',(1.,0.,0.));
#6695=DIRECTION('',(0.,0.,1.));
#6696=DIRECTION('center_axis',(0.,0.,1.));
#6697=DIRECTION('ref_axis',(1.,0.,0.));
#6698=DIRECTION('',(0.,0.,-1.));
#6699=DIRECTION('center_axis',(0.,0.,1.));
#6700=DIRECTION('ref_axis',(1.,0.,0.));
#6701=DIRECTION('center_axis',(0.,0.,1.));
#6702=DIRECTION('ref_axis',(1.,0.,0.));
#6703=DIRECTION('',(0.,0.,1.));
#6704=DIRECTION('center_axis',(0.,0.,1.));
#6705=DIRECTION('ref_axis',(1.,0.,0.));
#6706=DIRECTION('',(0.,0.,-1.));
#6707=DIRECTION('center_axis',(0.,0.,1.));
#6708=DIRECTION('ref_axis',(1.,0.,0.));
#6709=DIRECTION('center_axis',(0.,0.,1.));
#6710=DIRECTION('ref_axis',(1.,0.,0.));
#6711=DIRECTION('',(0.,0.,1.));
#6712=DIRECTION('center_axis',(0.,0.,1.));
#6713=DIRECTION('ref_axis',(1.,0.,0.));
#6714=DIRECTION('',(0.,0.,-1.));
#6715=DIRECTION('center_axis',(0.,0.,1.));
#6716=DIRECTION('ref_axis',(1.,0.,0.));
#6717=DIRECTION('center_axis',(0.,0.,1.));
#6718=DIRECTION('ref_axis',(1.,0.,0.));
#6719=DIRECTION('',(0.,0.,1.));
#6720=DIRECTION('center_axis',(0.,0.,1.));
#6721=DIRECTION('ref_axis',(1.,0.,0.));
#6722=DIRECTION('',(0.,0.,-1.));
#6723=DIRECTION('center_axis',(0.,0.,1.));
#6724=DIRECTION('ref_axis',(1.,0.,0.));
#6725=DIRECTION('',(0.,0.,1.));
#6726=DIRECTION('center_axis',(0.,0.,1.));
#6727=DIRECTION('ref_axis',(1.,0.,0.));
#6728=DIRECTION('',(0.,0.,-1.));
#6729=DIRECTION('center_axis',(0.,0.,1.));
#6730=DIRECTION('ref_axis',(1.,0.,0.));
#6731=DIRECTION('center_axis',(0.,0.,1.));
#6732=DIRECTION('ref_axis',(1.,0.,0.));
#6733=DIRECTION('',(0.,0.,1.));
#6734=DIRECTION('center_axis',(0.,0.,1.));
#6735=DIRECTION('ref_axis',(1.,0.,0.));
#6736=DIRECTION('',(0.,0.,-1.));
#6737=DIRECTION('center_axis',(0.,0.,1.));
#6738=DIRECTION('ref_axis',(1.,0.,0.));
#6739=DIRECTION('center_axis',(0.,0.,1.));
#6740=DIRECTION('ref_axis',(1.,0.,0.));
#6741=DIRECTION('',(0.,0.,1.));
#6742=DIRECTION('center_axis',(0.,0.,1.));
#6743=DIRECTION('ref_axis',(1.,0.,0.));
#6744=DIRECTION('',(0.,0.,-1.));
#6745=DIRECTION('center_axis',(0.,0.,1.));
#6746=DIRECTION('ref_axis',(1.,0.,0.));
#6747=DIRECTION('center_axis',(0.,0.,1.));
#6748=DIRECTION('ref_axis',(1.,0.,0.));
#6749=DIRECTION('',(0.,0.,1.));
#6750=DIRECTION('center_axis',(0.,0.,1.));
#6751=DIRECTION('ref_axis',(1.,0.,0.));
#6752=DIRECTION('',(0.,0.,-1.));
#6753=DIRECTION('center_axis',(0.,0.,1.));
#6754=DIRECTION('ref_axis',(1.,0.,0.));
#6755=DIRECTION('',(0.,0.,1.));
#6756=DIRECTION('center_axis',(0.,0.,1.));
#6757=DIRECTION('ref_axis',(1.,0.,0.));
#6758=DIRECTION('',(0.,0.,-1.));
#6759=DIRECTION('center_axis',(0.,0.,1.));
#6760=DIRECTION('ref_axis',(1.,0.,0.));
#6761=DIRECTION('center_axis',(0.,0.,1.));
#6762=DIRECTION('ref_axis',(1.,0.,0.));
#6763=DIRECTION('',(0.,0.,1.));
#6764=DIRECTION('center_axis',(0.,0.,1.));
#6765=DIRECTION('ref_axis',(1.,0.,0.));
#6766=DIRECTION('',(0.,0.,-1.));
#6767=DIRECTION('center_axis',(0.,0.,1.));
#6768=DIRECTION('ref_axis',(1.,0.,0.));
#6769=DIRECTION('center_axis',(0.,0.,-1.));
#6770=DIRECTION('ref_axis',(-1.,0.,0.));
#6771=DIRECTION('center_axis',(0.,0.,-1.));
#6772=DIRECTION('ref_axis',(-1.,0.,0.));
#6773=DIRECTION('center_axis',(0.,0.,-1.));
#6774=DIRECTION('ref_axis',(-1.,0.,0.));
#6775=DIRECTION('center_axis',(0.,0.,-1.));
#6776=DIRECTION('ref_axis',(-1.,0.,0.));
#6777=DIRECTION('center_axis',(0.,0.,-1.));
#6778=DIRECTION('ref_axis',(-1.,0.,0.));
#6779=DIRECTION('center_axis',(0.,0.,-1.));
#6780=DIRECTION('ref_axis',(-1.,0.,0.));
#6781=DIRECTION('center_axis',(0.,0.,-1.));
#6782=DIRECTION('ref_axis',(-1.,0.,0.));
#6783=DIRECTION('center_axis',(0.,0.,-1.));
#6784=DIRECTION('ref_axis',(-1.,0.,0.));
#6785=DIRECTION('center_axis',(0.,0.,-1.));
#6786=DIRECTION('ref_axis',(-1.,0.,0.));
#6787=DIRECTION('center_axis',(0.,0.,-1.));
#6788=DIRECTION('ref_axis',(-1.,0.,0.));
#6789=DIRECTION('center_axis',(0.,0.,-1.));
#6790=DIRECTION('ref_axis',(-1.,0.,0.));
#6791=DIRECTION('center_axis',(0.,0.,-1.));
#6792=DIRECTION('ref_axis',(-1.,0.,0.));
#6793=DIRECTION('center_axis',(0.,0.,-1.));
#6794=DIRECTION('ref_axis',(-1.,0.,0.));
#6795=DIRECTION('center_axis',(0.,0.,-1.));
#6796=DIRECTION('ref_axis',(-1.,0.,0.));
#6797=DIRECTION('center_axis',(0.,0.,-1.));
#6798=DIRECTION('ref_axis',(-1.,0.,0.));
#6799=DIRECTION('center_axis',(0.,0.,-1.));
#6800=DIRECTION('ref_axis',(-1.,0.,0.));
#6801=DIRECTION('center_axis',(0.,0.,-1.));
#6802=DIRECTION('ref_axis',(-1.,0.,0.));
#6803=DIRECTION('center_axis',(0.,0.,-1.));
#6804=DIRECTION('ref_axis',(0.802811069346201,0.596233500346307,0.));
#6805=DIRECTION('center_axis',(0.,0.,-1.));
#6806=DIRECTION('ref_axis',(-1.,0.,0.));
#6807=DIRECTION('center_axis',(0.,0.,-1.));
#6808=DIRECTION('ref_axis',(0.90923163650272,0.416290561005874,0.));
#6809=DIRECTION('center_axis',(0.,0.,-1.));
#6810=DIRECTION('ref_axis',(-1.,0.,0.));
#6811=DIRECTION('center_axis',(0.,0.,-1.));
#6812=DIRECTION('ref_axis',(0.975914418166612,0.218153726565746,0.));
#6813=DIRECTION('center_axis',(0.,0.,-1.));
#6814=DIRECTION('ref_axis',(-1.,0.,0.));
#6815=DIRECTION('center_axis',(0.,0.,-1.));
#6816=DIRECTION('ref_axis',(0.999945056799679,0.0104825274569752,0.));
#6817=DIRECTION('center_axis',(0.,0.,-1.));
#6818=DIRECTION('ref_axis',(-1.,0.,0.));
#6819=DIRECTION('center_axis',(0.,0.,-1.));
#6820=DIRECTION('ref_axis',(0.980273298181859,-0.197646808402413,0.));
#6821=DIRECTION('center_axis',(0.,0.,-1.));
#6822=DIRECTION('ref_axis',(-1.,0.,0.));
#6823=DIRECTION('center_axis',(0.,0.,-1.));
#6824=DIRECTION('ref_axis',(0.917758892560319,-0.397138030320009,0.));
#6825=DIRECTION('center_axis',(0.,0.,-1.));
#6826=DIRECTION('ref_axis',(-1.,0.,0.));
#6827=DIRECTION('center_axis',(0.,0.,-1.));
#6828=DIRECTION('ref_axis',(0.815134019438123,-0.579272414632917,0.));
#6829=DIRECTION('center_axis',(0.,0.,-1.));
#6830=DIRECTION('ref_axis',(0.815134019438135,0.5792724146329,0.));
#6831=DIRECTION('center_axis',(0.,0.,-1.));
#6832=DIRECTION('ref_axis',(-1.,0.,0.));
#6833=DIRECTION('center_axis',(0.,0.,-1.));
#6834=DIRECTION('ref_axis',(0.917758892560328,0.397138030319989,0.));
#6835=DIRECTION('center_axis',(0.,0.,-1.));
#6836=DIRECTION('ref_axis',(-1.,0.,0.));
#6837=DIRECTION('center_axis',(0.,0.,-1.));
#6838=DIRECTION('ref_axis',(0.980273298181863,0.197646808402395,0.));
#6839=DIRECTION('center_axis',(0.,0.,-1.));
#6840=DIRECTION('ref_axis',(-1.,0.,0.));
#6841=DIRECTION('center_axis',(0.,0.,-1.));
#6842=DIRECTION('ref_axis',(0.999945056799679,-0.0104825274570012,0.));
#6843=DIRECTION('center_axis',(0.,0.,-1.));
#6844=DIRECTION('ref_axis',(-1.,0.,0.));
#6845=DIRECTION('center_axis',(0.,0.,-1.));
#6846=DIRECTION('ref_axis',(0.975914418166607,-0.218153726565769,0.));
#6847=DIRECTION('center_axis',(0.,0.,-1.));
#6848=DIRECTION('ref_axis',(-1.,0.,0.));
#6849=DIRECTION('center_axis',(0.,0.,-1.));
#6850=DIRECTION('ref_axis',(0.909231636502709,-0.416290561005898,0.));
#6851=DIRECTION('center_axis',(0.,0.,-1.));
#6852=DIRECTION('ref_axis',(-1.,0.,0.));
#6853=DIRECTION('center_axis',(0.,0.,-1.));
#6854=DIRECTION('ref_axis',(0.802811069346191,-0.59623350034632,0.));
#6855=DIRECTION('center_axis',(0.,0.,-1.));
#6856=DIRECTION('ref_axis',(-1.,0.,0.));
#6857=CARTESIAN_POINT('',(0.,0.,0.));
#6858=CARTESIAN_POINT('Origin',(-1.38777878078145E-16,-8.32667268468867E-16,
-6.));
#6859=CARTESIAN_POINT('',(1.6,-6.36723780605291E-16,-6.));
#6860=CARTESIAN_POINT('Origin',(-1.38777878078145E-16,-8.32667268468867E-16,
-6.));
#6861=CARTESIAN_POINT('',(1.6,-6.36723780605291E-16,-10.));
#6862=CARTESIAN_POINT('',(1.6,-1.02861075633244E-15,-6.));
#6863=CARTESIAN_POINT('Origin',(-1.38777878078145E-16,-8.32667268468867E-16,
-10.));
#6864=CARTESIAN_POINT('Origin',(-4.04969139930445,-3.0999999307096,10.));
#6865=CARTESIAN_POINT('',(-4.04969139930445,-3.0999999307096,10.));
#6866=CARTESIAN_POINT('',(-7.59999988600612,-3.0999999307096,10.));
#6867=CARTESIAN_POINT('',(-2.02484569965223,-3.0999999307096,10.));
#6868=CARTESIAN_POINT('',(-4.04969139930445,-3.0999999307096,-6.));
#6869=CARTESIAN_POINT('',(-4.04969139930445,-3.0999999307096,10.));
#6870=CARTESIAN_POINT('',(-7.59999988600612,-3.0999999307096,-6.));
#6871=CARTESIAN_POINT('',(-7.59999988600612,-3.0999999307096,-6.));
#6872=CARTESIAN_POINT('',(-7.59999988600612,-3.0999999307096,10.));
#6873=CARTESIAN_POINT('Origin',(0.,0.,10.));
#6874=CARTESIAN_POINT('',(-4.04969139930445,3.0999999307096,10.));
#6875=CARTESIAN_POINT('Origin',(0.,0.,10.));
#6876=CARTESIAN_POINT('',(-4.04969139930445,3.0999999307096,-6.));
#6877=CARTESIAN_POINT('',(-4.04969139930445,3.0999999307096,10.));
#6878=CARTESIAN_POINT('Origin',(0.,0.,-6.));
#6879=CARTESIAN_POINT('Origin',(-7.59999988600612,3.0999999307096,10.));
#6880=CARTESIAN_POINT('',(-7.59999988600612,3.0999999307096,10.));
#6881=CARTESIAN_POINT('',(-3.79999994300306,3.0999999307096,10.));
#6882=CARTESIAN_POINT('',(-7.59999988600612,3.0999999307096,-6.));
#6883=CARTESIAN_POINT('',(-7.59999988600612,3.0999999307096,10.));
#6884=CARTESIAN_POINT('',(-7.59999988600612,3.0999999307096,-6.));
#6885=CARTESIAN_POINT('Origin',(-7.59999988600612,-3.0999999307096,10.));
#6886=CARTESIAN_POINT('',(-7.59999988600612,-1.5499999653548,10.));
#6887=CARTESIAN_POINT('',(-7.59999988600612,0.,-6.));
#6888=CARTESIAN_POINT('Origin',(-1.24999994300306,0.,-6.));
#6889=CARTESIAN_POINT('Origin',(5.32664234702336,-27.5905215845387,-10.));
#6890=CARTESIAN_POINT('',(4.7297902108207,-27.6519017727946,10.));
#6891=CARTESIAN_POINT('',(5.21290621149973,-27.0014001272176,10.));
#6892=CARTESIAN_POINT('Origin',(5.32664234702336,-27.5905215845387,10.));
#6893=CARTESIAN_POINT('',(4.7297902108207,-27.6519017727946,-10.));
#6894=CARTESIAN_POINT('',(4.7297902108207,-27.6519017727946,-10.));
#6895=CARTESIAN_POINT('',(5.21290621149973,-27.0014001272176,-10.));
#6896=CARTESIAN_POINT('Origin',(5.32664234702336,-27.5905215845387,-10.));
#6897=CARTESIAN_POINT('',(5.21290621149973,-27.0014001272176,-10.));
#6898=CARTESIAN_POINT('Origin',(10.9466344248933,-25.8801312741597,-10.));
#6899=CARTESIAN_POINT('',(10.3755865985968,-26.0642626948409,10.));
#6900=CARTESIAN_POINT('',(10.7128984585255,-25.3275306063841,10.));
#6901=CARTESIAN_POINT('Origin',(10.9466344248933,-25.8801312741597,10.));
#6902=CARTESIAN_POINT('',(10.3755865985968,-26.0642626948409,-10.));
#6903=CARTESIAN_POINT('',(10.3755865985968,-26.0642626948409,-10.));
#6904=CARTESIAN_POINT('',(10.7128984585255,-25.3275306063841,-10.));
#6905=CARTESIAN_POINT('Origin',(10.9466344248933,-25.8801312741597,-10.));
#6906=CARTESIAN_POINT('',(10.7128984585255,-25.3275306063841,-10.));
#6907=CARTESIAN_POINT('Origin',(16.0882060506156,-23.0386550404518,-10.));
#6908=CARTESIAN_POINT('',(15.567920064426,-23.3374902669139,10.));
#6909=CARTESIAN_POINT('',(15.7446856367235,-22.5467264630756,10.));
#6910=CARTESIAN_POINT('Origin',(16.0882060506156,-23.0386550404518,10.));
#6911=CARTESIAN_POINT('',(15.567920064426,-23.3374902669139,-10.));
#6912=CARTESIAN_POINT('',(15.567920064426,-23.3374902669139,-10.));
#6913=CARTESIAN_POINT('',(15.7446856367235,-22.5467264630756,-10.));
#6914=CARTESIAN_POINT('Origin',(16.0882060506156,-23.0386550404518,-10.));
#6915=CARTESIAN_POINT('',(15.7446856367235,-22.5467264630756,-10.));
#6916=CARTESIAN_POINT('Origin',(20.5266458721482,-19.1902790297437,-10.));
#6917=CARTESIAN_POINT('',(20.079860720271,-19.5907575286198,10.));
#6918=CARTESIAN_POINT('',(20.0883545012127,-18.7805221821335,10.));
#6919=CARTESIAN_POINT('Origin',(20.5266458721482,-19.1902790297437,10.));
#6920=CARTESIAN_POINT('',(20.079860720271,-19.5907575286198,-10.));
#6921=CARTESIAN_POINT('',(20.079860720271,-19.5907575286198,-10.));
#6922=CARTESIAN_POINT('',(20.0883545012127,-18.7805221821335,-10.));
#6923=CARTESIAN_POINT('Origin',(20.5266458721482,-19.1902790297437,-10.));
#6924=CARTESIAN_POINT('',(20.0883545012127,-18.7805221821335,-10.));
#6925=CARTESIAN_POINT('Origin',(24.0679727712929,-14.5031957402604,-10.));
#6926=CARTESIAN_POINT('',(23.7142151087781,-14.9878146794405,10.));
#6927=CARTESIAN_POINT('',(23.5540658793791,-14.1935189628883,10.));
#6928=CARTESIAN_POINT('Origin',(24.0679727712929,-14.5031957402604,10.));
#6929=CARTESIAN_POINT('',(23.7142151087781,-14.9878146794405,-10.));
#6930=CARTESIAN_POINT('',(23.7142151087781,-14.9878146794405,-10.));
#6931=CARTESIAN_POINT('',(23.5540658793791,-14.1935189628883,-10.));
#6932=CARTESIAN_POINT('Origin',(24.0679727712929,-14.5031957402604,-10.));
#6933=CARTESIAN_POINT('',(23.5540658793791,-14.1935189628883,-10.));
#6934=CARTESIAN_POINT('Origin',(26.5574137693851,-9.18225320287311,-10.));
#6935=CARTESIAN_POINT('',(26.3121445036024,-9.72983240925555,10.));
#6936=CARTESIAN_POINT('',(25.9903515536687,-8.9861908569043,10.));
#6937=CARTESIAN_POINT('Origin',(26.5574137693851,-9.18225320287311,10.));
#6938=CARTESIAN_POINT('',(26.3121445036024,-9.72983240925555,-10.));
#6939=CARTESIAN_POINT('',(26.3121445036024,-9.72983240925555,-10.));
#6940=CARTESIAN_POINT('',(25.9903515536687,-8.9861908569043,-10.));
#6941=CARTESIAN_POINT('Origin',(26.5574137693851,-9.18225320287311,-10.));
#6942=CARTESIAN_POINT('',(25.9903515536687,-8.9861908569043,-10.));
#6943=CARTESIAN_POINT('Origin',(27.8861683491451,-3.46000213918092,-10.));
#6944=CARTESIAN_POINT('',(27.7601069239417,-4.04660977387013,10.));
#6945=CARTESIAN_POINT('',(27.2907341495193,-3.38612308994574,10.));
#6946=CARTESIAN_POINT('Origin',(27.8861683491451,-3.46000213918092,10.));
#6947=CARTESIAN_POINT('',(27.7601069239417,-4.04660977387013,-10.));
#6948=CARTESIAN_POINT('',(27.7601069239417,-4.04660977387013,-10.));
#6949=CARTESIAN_POINT('',(27.2907341495193,-3.38612308994574,-10.));
#6950=CARTESIAN_POINT('Origin',(27.8861683491451,-3.46000213918092,-10.));
#6951=CARTESIAN_POINT('',(27.2907341495193,-3.38612308994574,-10.));
#6952=CARTESIAN_POINT('Origin',(27.8861683491452,3.46000213918074,-10.));
#6953=CARTESIAN_POINT('',(27.2907341495193,3.38612308994556,10.));
#6954=CARTESIAN_POINT('',(27.7601069239417,4.04660977386994,10.));
#6955=CARTESIAN_POINT('Origin',(27.8861683491452,3.46000213918074,10.));
#6956=CARTESIAN_POINT('',(27.2907341495193,3.38612308994556,-10.));
#6957=CARTESIAN_POINT('',(27.2907341495193,3.38612308994556,-10.));
#6958=CARTESIAN_POINT('',(27.7601069239417,4.04660977386994,-10.));
#6959=CARTESIAN_POINT('Origin',(27.8861683491452,3.46000213918074,-10.));
#6960=CARTESIAN_POINT('',(27.7601069239417,4.04660977386994,-10.));
#6961=CARTESIAN_POINT('Origin',(26.5574137693852,9.18225320287294,-10.));
#6962=CARTESIAN_POINT('',(25.9903515536688,8.98619085690412,10.));
#6963=CARTESIAN_POINT('',(26.3121445036025,9.72983240925537,10.));
#6964=CARTESIAN_POINT('Origin',(26.5574137693852,9.18225320287294,10.));
#6965=CARTESIAN_POINT('',(25.9903515536688,8.98619085690412,-10.));
#6966=CARTESIAN_POINT('',(25.9903515536688,8.98619085690412,-10.));
#6967=CARTESIAN_POINT('',(26.3121445036025,9.72983240925537,-10.));
#6968=CARTESIAN_POINT('Origin',(26.5574137693852,9.18225320287294,-10.));
#6969=CARTESIAN_POINT('',(26.3121445036025,9.72983240925537,-10.));
#6970=CARTESIAN_POINT('Origin',(24.067972771293,14.5031957402602,-10.));
#6971=CARTESIAN_POINT('',(23.5540658793792,14.1935189628881,10.));
#6972=CARTESIAN_POINT('',(23.7142151087782,14.9878146794404,10.));
#6973=CARTESIAN_POINT('Origin',(24.067972771293,14.5031957402602,10.));
#6974=CARTESIAN_POINT('',(23.5540658793792,14.1935189628881,-10.));
#6975=CARTESIAN_POINT('',(23.5540658793792,14.1935189628881,-10.));
#6976=CARTESIAN_POINT('',(23.7142151087782,14.9878146794404,-10.));
#6977=CARTESIAN_POINT('Origin',(24.067972771293,14.5031957402602,-10.));
#6978=CARTESIAN_POINT('',(23.7142151087782,14.9878146794404,-10.));
#6979=CARTESIAN_POINT('Origin',(20.5266458721483,19.1902790297436,-10.));
#6980=CARTESIAN_POINT('',(20.0883545012128,18.7805221821334,10.));
#6981=CARTESIAN_POINT('',(20.0798607202711,19.5907575286197,10.));
#6982=CARTESIAN_POINT('Origin',(20.5266458721483,19.1902790297436,10.));
#6983=CARTESIAN_POINT('',(20.0883545012128,18.7805221821334,-10.));
#6984=CARTESIAN_POINT('',(20.0883545012128,18.7805221821334,-10.));
#6985=CARTESIAN_POINT('',(20.0798607202711,19.5907575286197,-10.));
#6986=CARTESIAN_POINT('Origin',(20.5266458721483,19.1902790297436,-10.));
#6987=CARTESIAN_POINT('',(20.0798607202711,19.5907575286197,-10.));
#6988=CARTESIAN_POINT('Origin',(16.0882060506158,23.0386550404517,-10.));
#6989=CARTESIAN_POINT('',(15.7446856367236,22.5467264630755,10.));
#6990=CARTESIAN_POINT('',(15.5679200644261,23.3374902669138,10.));
#6991=CARTESIAN_POINT('Origin',(16.0882060506158,23.0386550404517,10.));
#6992=CARTESIAN_POINT('',(15.7446856367236,22.5467264630755,-10.));
#6993=CARTESIAN_POINT('',(15.7446856367236,22.5467264630755,-10.));
#6994=CARTESIAN_POINT('',(15.5679200644261,23.3374902669138,-10.));
#6995=CARTESIAN_POINT('Origin',(16.0882060506158,23.0386550404517,-10.));
#6996=CARTESIAN_POINT('',(15.5679200644261,23.3374902669138,-10.));
#6997=CARTESIAN_POINT('Origin',(10.9466344248935,25.8801312741597,-10.));
#6998=CARTESIAN_POINT('',(10.7128984585257,25.327530606384,10.));
#6999=CARTESIAN_POINT('',(10.375586598597,26.0642626948408,10.));
#7000=CARTESIAN_POINT('Origin',(10.9466344248935,25.8801312741597,10.));
#7001=CARTESIAN_POINT('',(10.7128984585257,25.327530606384,-10.));
#7002=CARTESIAN_POINT('',(10.7128984585257,25.327530606384,-10.));
#7003=CARTESIAN_POINT('',(10.375586598597,26.0642626948408,-10.));
#7004=CARTESIAN_POINT('Origin',(10.9466344248935,25.8801312741597,-10.));
#7005=CARTESIAN_POINT('',(10.375586598597,26.0642626948408,-10.));
#7006=CARTESIAN_POINT('Origin',(5.32664234702354,27.5905215845387,-10.));
#7007=CARTESIAN_POINT('',(5.21290621149991,27.0014001272176,10.));
#7008=CARTESIAN_POINT('',(4.72979021082089,27.6519017727945,10.));
#7009=CARTESIAN_POINT('Origin',(5.32664234702354,27.5905215845387,10.));
#7010=CARTESIAN_POINT('',(5.21290621149991,27.0014001272176,-10.));
#7011=CARTESIAN_POINT('',(5.21290621149991,27.0014001272176,-10.));
#7012=CARTESIAN_POINT('',(4.72979021082089,27.6519017727945,-10.));
#7013=CARTESIAN_POINT('Origin',(5.32664234702354,27.5905215845387,-10.));
#7014=CARTESIAN_POINT('',(4.72979021082089,27.6519017727945,-10.));
#7015=CARTESIAN_POINT('Origin',(2.57652239899022,28.5790306440867,-10.));
#7016=CARTESIAN_POINT('',(10.7510384863591,28.007412794916,-10.));
#7017=CARTESIAN_POINT('',(10.6111993264094,30.1894426721529,-7.99999999999999));
#7018=CARTESIAN_POINT('Ctrl Pts',(10.7510384863591,28.0074127949158,-10.0000000000002));
#7019=CARTESIAN_POINT('Ctrl Pts',(10.7769867818136,28.3784907081422,-9.64426988607033));
#7020=CARTESIAN_POINT('Ctrl Pts',(10.7779305168582,28.7562327394941,-9.29071110054946));
#7021=CARTESIAN_POINT('Ctrl Pts',(10.7281628941751,29.486505590296,-8.62282922856422));
#7022=CARTESIAN_POINT('Ctrl Pts',(10.6814762702393,29.8388165409049,-8.30748390092635));
#7023=CARTESIAN_POINT('Ctrl Pts',(10.6111993264076,30.1894426721622,-7.99999999999187));
#7024=CARTESIAN_POINT('',(10.6111993264094,30.1894426721529,8.));
#7025=CARTESIAN_POINT('',(10.6111993264094,30.1894426721529,-10.));
#7026=CARTESIAN_POINT('',(10.7510384863591,28.007412794916,10.));
#7027=CARTESIAN_POINT('Ctrl Pts',(10.6111993264075,30.1894426721622,7.99999999999187));
#7028=CARTESIAN_POINT('Ctrl Pts',(10.6814762702393,29.8388165409049,8.30748390092635));
#7029=CARTESIAN_POINT('Ctrl Pts',(10.7281628941751,29.486505590296,8.62282922856423));
#7030=CARTESIAN_POINT('Ctrl Pts',(10.7779305168582,28.7562327394941,9.29071110054947));
#7031=CARTESIAN_POINT('Ctrl Pts',(10.7769867818136,28.3784907081422,9.64426988607034));
#7032=CARTESIAN_POINT('Ctrl Pts',(10.7510384863591,28.0074127949158,10.0000000000002));
#7033=CARTESIAN_POINT('Origin',(2.57652239899022,28.5790306440867,10.));
#7034=CARTESIAN_POINT('Origin',(2.57652239899022,28.5790306440867,-10.));
#7035=CARTESIAN_POINT('Origin',(2.57652239899002,-28.5790306440867,-10.));
#7036=CARTESIAN_POINT('',(10.6111993264092,-30.189442672153,-7.99999999999999));
#7037=CARTESIAN_POINT('',(10.7510384863589,-28.0074127949161,-10.));
#7038=CARTESIAN_POINT('Ctrl Pts',(10.6111993264073,-30.1894426721623,-7.99999999999187));
#7039=CARTESIAN_POINT('Ctrl Pts',(10.6814762702391,-29.8388165409049,-8.30748390092635));
#7040=CARTESIAN_POINT('Ctrl Pts',(10.7281628941749,-29.4865055902961,-8.62282922856422));
#7041=CARTESIAN_POINT('Ctrl Pts',(10.777930516858,-28.7562327394942,-9.29071110054946));
#7042=CARTESIAN_POINT('Ctrl Pts',(10.7769867818135,-28.3784907081423,-9.64426988607033));
#7043=CARTESIAN_POINT('Ctrl Pts',(10.7510384863589,-28.0074127949159,-10.0000000000002));
#7044=CARTESIAN_POINT('Origin',(2.57652239899002,-28.5790306440867,-10.));
#7045=CARTESIAN_POINT('',(10.7510384863589,-28.0074127949161,10.));
#7046=CARTESIAN_POINT('Origin',(2.57652239899002,-28.5790306440867,10.));
#7047=CARTESIAN_POINT('',(10.6111993264092,-30.189442672153,8.));
#7048=CARTESIAN_POINT('Ctrl Pts',(10.7510384863589,-28.0074127949159,10.0000000000002));
#7049=CARTESIAN_POINT('Ctrl Pts',(10.7769867818134,-28.3784907081423,9.64426988607034));
#7050=CARTESIAN_POINT('Ctrl Pts',(10.777930516858,-28.7562327394942,9.29071110054947));
#7051=CARTESIAN_POINT('Ctrl Pts',(10.7281628941749,-29.4865055902961,8.62282922856423));
#7052=CARTESIAN_POINT('Ctrl Pts',(10.6814762702391,-29.8388165409049,8.30748390092635));
#7053=CARTESIAN_POINT('Ctrl Pts',(10.6111993264073,-30.1894426721623,7.99999999999188));
#7054=CARTESIAN_POINT('',(10.6111993264092,-30.189442672153,-10.));
#7055=CARTESIAN_POINT('Origin',(-3.42169538033563,-28.4901993842151,-10.));
#7056=CARTESIAN_POINT('',(4.69303395120679,-29.6306502178541,-10.));
#7057=CARTESIAN_POINT('Origin',(-3.42169538033563,-28.4901993842151,-10.));
#7058=CARTESIAN_POINT('',(4.69303395120679,-29.6306502178541,10.));
#7059=CARTESIAN_POINT('Origin',(-3.42169538033563,-28.4901993842151,10.));
#7060=CARTESIAN_POINT('',(4.10258109122218,-31.7359233108152,8.00000000000001));
#7061=CARTESIAN_POINT('Ctrl Pts',(4.69303395120679,-29.6306502178541,10.));
#7062=CARTESIAN_POINT('Ctrl Pts',(4.64126377778479,-29.9990141423436,9.6442698860702));
#7063=CARTESIAN_POINT('Ctrl Pts',(4.56364990552301,-30.3686978175555,9.2907111005494));
#7064=CARTESIAN_POINT('Ctrl Pts',(4.3631375616337,-31.0726651838654,8.62282922856705));
#7065=CARTESIAN_POINT('Ctrl Pts',(4.24422158701107,-31.4075705999916,8.30748390093191));
#7066=CARTESIAN_POINT('Ctrl Pts',(4.10258109122218,-31.7359233108152,8.00000000000001));
#7067=CARTESIAN_POINT('',(4.10258109122218,-31.7359233108152,-8.));
#7068=CARTESIAN_POINT('',(4.10258109122218,-31.7359233108152,-10.));
#7069=CARTESIAN_POINT('Ctrl Pts',(4.10258109122218,-31.7359233108152,-8.));
#7070=CARTESIAN_POINT('Ctrl Pts',(4.24422158701107,-31.4075705999916,-8.3074839009319));
#7071=CARTESIAN_POINT('Ctrl Pts',(4.36313756163369,-31.0726651838654,-8.62282922856704));
#7072=CARTESIAN_POINT('Ctrl Pts',(4.56364990552301,-30.3686978175555,-9.29071110054939));
#7073=CARTESIAN_POINT('Ctrl Pts',(4.64126377778479,-29.9990141423436,-9.6442698860702));
#7074=CARTESIAN_POINT('Ctrl Pts',(4.69303395120679,-29.6306502178541,-10.));
#7075=CARTESIAN_POINT('Origin',(-3.42169538033544,28.4901993842152,-10.));
#7076=CARTESIAN_POINT('',(4.69303395120699,29.6306502178541,-10.));
#7077=CARTESIAN_POINT('Origin',(-3.42169538033544,28.4901993842152,-10.));
#7078=CARTESIAN_POINT('',(4.10258109122239,31.7359233108152,-7.99999999999999));
#7079=CARTESIAN_POINT('Ctrl Pts',(4.69303395120699,29.6306502178541,-10.));
#7080=CARTESIAN_POINT('Ctrl Pts',(4.64126377778499,29.9990141423436,-9.64426988607019));
#7081=CARTESIAN_POINT('Ctrl Pts',(4.56364990552322,30.3686978175554,-9.29071110054939));
#7082=CARTESIAN_POINT('Ctrl Pts',(4.3631375616339,31.0726651838653,-8.62282922856704));
#7083=CARTESIAN_POINT('Ctrl Pts',(4.24422158701128,31.4075705999916,-8.3074839009319));
#7084=CARTESIAN_POINT('Ctrl Pts',(4.10258109122239,31.7359233108152,-7.99999999999999));
#7085=CARTESIAN_POINT('',(4.10258109122239,31.7359233108152,8.));
#7086=CARTESIAN_POINT('',(4.10258109122239,31.7359233108152,-10.));
#7087=CARTESIAN_POINT('',(4.69303395120698,29.6306502178541,10.));
#7088=CARTESIAN_POINT('Ctrl Pts',(4.10258109122239,31.7359233108152,8.));
#7089=CARTESIAN_POINT('Ctrl Pts',(4.24422158701128,31.4075705999916,8.30748390093191));
#7090=CARTESIAN_POINT('Ctrl Pts',(4.3631375616339,31.0726651838653,8.62282922856705));
#7091=CARTESIAN_POINT('Ctrl Pts',(4.56364990552321,30.3686978175554,9.2907111005494));
#7092=CARTESIAN_POINT('Ctrl Pts',(4.64126377778499,29.9990141423436,9.64426988607019));
#7093=CARTESIAN_POINT('Ctrl Pts',(4.69303395120699,29.6306502178541,10.));
#7094=CARTESIAN_POINT('Origin',(-3.42169538033544,28.4901993842152,10.));
#7095=CARTESIAN_POINT('Origin',(0.,0.,10.));
#7096=CARTESIAN_POINT('',(-29.9588860426372,1.57007868728867,10.));
#7097=CARTESIAN_POINT('',(-29.9588860426372,-1.57007868728807,10.));
#7098=CARTESIAN_POINT('Origin',(0.,0.,10.));
#7099=CARTESIAN_POINT('',(-31.9909070992305,0.762799428685223,8.));
#7100=CARTESIAN_POINT('Ctrl Pts',(-31.9909070992305,0.762799428685222,8.));
#7101=CARTESIAN_POINT('Ctrl Pts',(-31.6791586022742,0.937986207290249,8.30748390093191));
#7102=CARTESIAN_POINT('Ctrl Pts',(-31.3585179371445,1.0912578962492,8.62282922856705));
#7103=CARTESIAN_POINT('Ctrl Pts',(-30.6793662248975,1.36425643952967,9.29071110054941));
#7104=CARTESIAN_POINT('Ctrl Pts',(-30.3198205743348,1.48008760134335,9.6442698860702));
#7105=CARTESIAN_POINT('Ctrl Pts',(-29.9588860426372,1.57007868728867,10.));
#7106=CARTESIAN_POINT('',(-31.9909070992305,-0.762799428684585,8.));
#7107=CARTESIAN_POINT('Origin',(0.,0.,8.));
#7108=CARTESIAN_POINT('Ctrl Pts',(-29.9588860426372,-1.57007868728807,10.));
#7109=CARTESIAN_POINT('Ctrl Pts',(-30.3198205743349,-1.48008760134275,9.6442698860702));
#7110=CARTESIAN_POINT('Ctrl Pts',(-30.6793662248975,-1.36425643952906,9.2907111005494));
#7111=CARTESIAN_POINT('Ctrl Pts',(-31.3585179371445,-1.09125789624857,8.62282922856705));
#7112=CARTESIAN_POINT('Ctrl Pts',(-31.6791586022742,-0.937986207289616,
8.30748390093191));
#7113=CARTESIAN_POINT('Ctrl Pts',(-31.9909070992305,-0.762799428684586,
8.));
#7114=CARTESIAN_POINT('Origin',(0.,0.,-7.99999999999999));
#7115=CARTESIAN_POINT('',(29.9588860426372,1.57007868728827,-10.));
#7116=CARTESIAN_POINT('',(29.9588860426372,-1.57007868728847,-10.));
#7117=CARTESIAN_POINT('Origin',(0.,0.,-10.));
#7118=CARTESIAN_POINT('',(31.9909070992305,0.762799428684802,-7.99999999999999));
#7119=CARTESIAN_POINT('Ctrl Pts',(31.9909070992305,0.762799428684803,-7.99999999999999));
#7120=CARTESIAN_POINT('Ctrl Pts',(31.6791586022742,0.937986207289831,-8.3074839009319));
#7121=CARTESIAN_POINT('Ctrl Pts',(31.3585179371445,1.09125789624878,-8.62282922856704));
#7122=CARTESIAN_POINT('Ctrl Pts',(30.6793662248975,1.36425643952927,-9.29071110054939));
#7123=CARTESIAN_POINT('Ctrl Pts',(30.3198205743349,1.48008760134296,-9.64426988607019));
#7124=CARTESIAN_POINT('Ctrl Pts',(29.9588860426372,1.57007868728827,-10.));
#7125=CARTESIAN_POINT('',(31.9909070992305,-0.762799428685018,-7.99999999999999));
#7126=CARTESIAN_POINT('Origin',(0.,0.,-7.99999999999999));
#7127=CARTESIAN_POINT('Ctrl Pts',(29.9588860426372,-1.57007868728848,-10.));
#7128=CARTESIAN_POINT('Ctrl Pts',(30.3198205743349,-1.48008760134316,-9.6442698860702));
#7129=CARTESIAN_POINT('Ctrl Pts',(30.6793662248975,-1.36425643952948,-9.29071110054939));
#7130=CARTESIAN_POINT('Ctrl Pts',(31.3585179371445,-1.09125789624899,-8.62282922856704));
#7131=CARTESIAN_POINT('Ctrl Pts',(31.6791586022742,-0.937986207290046,-8.3074839009319));
#7132=CARTESIAN_POINT('Ctrl Pts',(31.9909070992305,-0.762799428685019,-7.99999999999999));
#7133=CARTESIAN_POINT('Origin',(0.,0.,10.));
#7134=CARTESIAN_POINT('',(-31.9909070992305,0.762799428685227,-7.99999999999999));
#7135=CARTESIAN_POINT('',(-31.9909070992305,0.762799428685227,-10.));
#7136=CARTESIAN_POINT('',(-31.9909070992305,-0.762799428684585,-7.99999999999999));
#7137=CARTESIAN_POINT('Origin',(0.,0.,-7.99999999999999));
#7138=CARTESIAN_POINT('',(-31.9909070992305,-0.762799428684585,-10.));
#7139=CARTESIAN_POINT('Origin',(0.,0.,10.));
#7140=CARTESIAN_POINT('',(21.5823542927816,17.9220693635391,10.));
#7141=CARTESIAN_POINT('',(23.3143788437091,18.8796117314951,10.));
#7142=CARTESIAN_POINT('Origin',(26.3840841157818,11.2818245687252,10.));
#7143=CARTESIAN_POINT('',(20.7774453421689,18.0152092703134,10.));
#7144=CARTESIAN_POINT('Origin',(21.2307714223617,18.4082683816657,10.));
#7145=CARTESIAN_POINT('Origin',(0.,0.,10.));
#7146=CARTESIAN_POINT('',(21.2132034355965,21.2132034355964,10.));
#7147=CARTESIAN_POINT('Origin',(13.9779093206482,25.0602775573592,10.));
#7148=CARTESIAN_POINT('',(18.8796117314951,23.3143788437091,10.));
#7149=CARTESIAN_POINT('Origin',(0.,0.,10.));
#7150=CARTESIAN_POINT('',(17.3845203253447,22.0176529209708,10.));
#7151=CARTESIAN_POINT('Origin',(23.4619053538179,16.5208491729884,10.));
#7152=CARTESIAN_POINT('',(16.5778356909936,21.9414075164384,10.));
#7153=CARTESIAN_POINT('Origin',(16.9395339242517,22.4201291349788,10.));
#7154=CARTESIAN_POINT('Origin',(0.,0.,10.));
#7155=CARTESIAN_POINT('',(16.3391710504509,25.1601170383627,10.));
#7156=CARTESIAN_POINT('Origin',(8.46213378595382,27.4188211274074,10.));
#7157=CARTESIAN_POINT('',(13.6197149921864,26.730195725651,10.));
#7158=CARTESIAN_POINT('Origin',(0.,0.,10.));
#7159=CARTESIAN_POINT('',(12.4268993995064,25.1509593933353,10.));
#7160=CARTESIAN_POINT('Origin',(19.5143287451794,21.0378333925622,10.));
#7161=CARTESIAN_POINT('',(11.6536950708405,24.9086609675404,10.));
#7162=CARTESIAN_POINT('Origin',(11.9079575087497,25.4521226613776,10.));
#7163=CARTESIAN_POINT('Origin',(0.,0.,10.));
#7164=CARTESIAN_POINT('',(7.76457135307559,28.9777747886721,10.));
#7165=CARTESIAN_POINT('Origin',(0.,0.,10.));
#7166=CARTESIAN_POINT('',(6.92616333903038,27.1850482525179,10.));
#7167=CARTESIAN_POINT('Origin',(14.713882330238,24.6353633421562,10.));
#7168=CARTESIAN_POINT('',(6.22023205545835,26.7872864093444,10.));
#7169=CARTESIAN_POINT('Origin',(6.35594620939562,27.3717362946392,10.));
#7170=CARTESIAN_POINT('Origin',(0.,0.,10.));
#7171=CARTESIAN_POINT('',(1.57007868728827,29.9588860426372,10.));
#7172=CARTESIAN_POINT('Origin',(0.,0.,10.));
#7173=CARTESIAN_POINT('',(1.12272070521963,28.0310200547309,10.));
#7174=CARTESIAN_POINT('Origin',(9.27036865242433,27.156209700109,10.));
#7175=CARTESIAN_POINT('',(0.51491505126769,27.4951788953987,10.));
#7176=CARTESIAN_POINT('Origin',(0.526149561477167,28.095073707662,10.));
#7177=CARTESIAN_POINT('',(-0.514915051267699,27.4951788953987,10.));
#7178=CARTESIAN_POINT('Origin',(0.,0.,10.));
#7179=CARTESIAN_POINT('',(-1.12272070521963,28.0310200547309,10.));
#7180=CARTESIAN_POINT('Origin',(-0.526149561477176,28.0950737076619,10.));
#7181=CARTESIAN_POINT('',(-1.57007868728827,29.9588860426372,10.));
#7182=CARTESIAN_POINT('Origin',(-9.27036865242433,27.156209700109,10.));
#7183=CARTESIAN_POINT('',(-4.69303395120659,29.6306502178542,10.));
#7184=CARTESIAN_POINT('Origin',(0.,0.,10.));
#7185=CARTESIAN_POINT('',(-4.72979021082052,27.6519017727946,10.));
#7186=CARTESIAN_POINT('Origin',(3.42169538033581,28.4901993842151,10.));
#7187=CARTESIAN_POINT('',(-5.21290621149956,27.0014001272177,10.));
#7188=CARTESIAN_POINT('Origin',(-5.32664234702318,27.5905215845388,10.));
#7189=CARTESIAN_POINT('',(-6.220232055458,26.7872864093445,10.));
#7190=CARTESIAN_POINT('Origin',(0.,0.,10.));
#7191=CARTESIAN_POINT('',(-6.92616333903002,27.185048252518,10.));
#7192=CARTESIAN_POINT('Origin',(-6.35594620939526,27.3717362946393,10.));
#7193=CARTESIAN_POINT('',(-7.7645713530752,28.9777747886722,10.));
#7194=CARTESIAN_POINT('Origin',(-14.7138823302377,24.6353633421564,10.));
#7195=CARTESIAN_POINT('',(-10.7510384863587,28.0074127949162,10.));
#7196=CARTESIAN_POINT('Origin',(0.,0.,10.));
#7197=CARTESIAN_POINT('',(-10.3755865985967,26.0642626948409,10.));
#7198=CARTESIAN_POINT('Origin',(-2.57652239898984,28.5790306440867,10.));
#7199=CARTESIAN_POINT('',(-10.7128984585253,25.3275306063842,10.));
#7200=CARTESIAN_POINT('Origin',(-10.9466344248932,25.8801312741598,10.));
#7201=CARTESIAN_POINT('',(-11.6536950708402,24.9086609675405,10.));
#7202=CARTESIAN_POINT('Origin',(0.,0.,10.));
#7203=CARTESIAN_POINT('',(-12.4268993995061,25.1509593933355,10.));
#7204=CARTESIAN_POINT('Origin',(-11.9079575087494,25.4521226613778,10.));
#7205=CARTESIAN_POINT('',(-13.619714992186,26.7301957256512,10.));
#7206=CARTESIAN_POINT('Origin',(-19.5143287451791,21.0378333925625,10.));
#7207=CARTESIAN_POINT('',(-16.3391710504505,25.1601170383629,10.));
#7208=CARTESIAN_POINT('Origin',(0.,0.,10.));
#7209=CARTESIAN_POINT('',(-15.5679200644258,23.337490266914,10.));
#7210=CARTESIAN_POINT('Origin',(-8.46213378595345,27.4188211274075,10.));
#7211=CARTESIAN_POINT('',(-15.7446856367233,22.5467264630757,10.));
#7212=CARTESIAN_POINT('Origin',(-16.0882060506155,23.0386550404519,10.));
#7213=CARTESIAN_POINT('',(-16.5778356909934,21.9414075164386,10.));
#7214=CARTESIAN_POINT('Origin',(0.,0.,10.));
#7215=CARTESIAN_POINT('',(-17.3845203253444,22.017652920971,10.));
#7216=CARTESIAN_POINT('Origin',(-16.9395339242514,22.4201291349791,10.));
#7217=CARTESIAN_POINT('',(-18.8796117314948,23.3143788437094,10.));
#7218=CARTESIAN_POINT('Origin',(-23.4619053538177,16.5208491729888,10.));
#7219=CARTESIAN_POINT('',(-21.2132034355962,21.2132034355966,10.));
#7220=CARTESIAN_POINT('Origin',(0.,0.,10.));
#7221=CARTESIAN_POINT('',(-20.0798607202709,19.5907575286199,10.));
#7222=CARTESIAN_POINT('Origin',(-13.9779093206478,25.0602775573594,10.));
#7223=CARTESIAN_POINT('',(-20.0883545012125,18.7805221821337,10.));
#7224=CARTESIAN_POINT('Origin',(-20.5266458721481,19.1902790297439,10.));
#7225=CARTESIAN_POINT('',(-20.7774453421686,18.0152092703137,10.));
#7226=CARTESIAN_POINT('Origin',(0.,0.,10.));
#7227=CARTESIAN_POINT('',(-21.5823542927814,17.9220693635394,10.));
#7228=CARTESIAN_POINT('Origin',(-21.2307714223614,18.4082683816659,10.));
#7229=CARTESIAN_POINT('',(-23.3143788437089,18.8796117314954,10.));
#7230=CARTESIAN_POINT('Origin',(-26.3840841157817,11.2818245687255,10.));
#7231=CARTESIAN_POINT('',(-25.1601170383626,16.3391710504511,10.));
#7232=CARTESIAN_POINT('Origin',(0.,0.,10.));
#7233=CARTESIAN_POINT('',(-23.714215108778,14.9878146794407,10.));
#7234=CARTESIAN_POINT('Origin',(-18.8827831445793,21.6064796055011,10.));
#7235=CARTESIAN_POINT('',(-23.554065879379,14.1935189628884,10.));
#7236=CARTESIAN_POINT('Origin',(-24.0679727712928,14.5031957402605,10.));
#7237=CARTESIAN_POINT('',(-24.0689809306467,13.3016599325108,10.));
#7238=CARTESIAN_POINT('Origin',(0.,0.,10.));
#7239=CARTESIAN_POINT('',(-24.8369358139977,13.0432053752908,10.));
#7240=CARTESIAN_POINT('Origin',(-24.5941223327699,13.591877967402,10.));
#7241=CARTESIAN_POINT('',(-26.7301957256509,13.6197149921868,10.));
#7242=CARTESIAN_POINT('Origin',(-28.1531517970038,5.54973009460842,10.));
#7243=CARTESIAN_POINT('',(-28.007412794916,10.7510384863593,10.));
#7244=CARTESIAN_POINT('Origin',(0.,0.,10.));
#7245=CARTESIAN_POINT('',(-26.3121445036024,9.72983240925572,10.));
#7246=CARTESIAN_POINT('Origin',(-22.9623887354462,17.2083748154902,10.));
#7247=CARTESIAN_POINT('',(-25.9903515536687,8.98619085690446,10.));
#7248=CARTESIAN_POINT('Origin',(-26.5574137693851,9.18225320287328,10.));
#7249=CARTESIAN_POINT('',(-26.308586556671,8.00676422721127,10.));
#7250=CARTESIAN_POINT('Origin',(0.,0.,10.));
#7251=CARTESIAN_POINT('',(-27.0060240593014,7.59429072389848,10.));
#7252=CARTESIAN_POINT('Origin',(-26.8825920815438,8.18145726489588,10.));
#7253=CARTESIAN_POINT('',(-28.977774788672,7.76457135307597,10.));
#7254=CARTESIAN_POINT('Origin',(-28.6917916508862,-0.424914215202717,10.));
#7255=CARTESIAN_POINT('',(-29.6306502178541,4.69303395120718,10.));
#7256=CARTESIAN_POINT('Origin',(0.,0.,10.));
#7257=CARTESIAN_POINT('',(-27.7601069239416,4.04660977387031,10.));
#7258=CARTESIAN_POINT('Origin',(-26.038427752808,12.0581814710985,10.));
#7259=CARTESIAN_POINT('',(-27.2907341495192,3.38612308994592,10.));
#7260=CARTESIAN_POINT('Origin',(-27.8861683491451,3.4600021391811,10.));
#7261=CARTESIAN_POINT('',(-27.398380707564,2.36193450446512,10.));
#7262=CARTESIAN_POINT('Origin',(0.,0.,10.));
#7263=CARTESIAN_POINT('',(-27.9948194639324,1.81346912642185,10.));
#7264=CARTESIAN_POINT('Origin',(-27.9961635593654,2.41346762092618,10.));
#7265=CARTESIAN_POINT('Origin',(-27.9764625311332,-6.38098773484485,10.));
#7266=CARTESIAN_POINT('',(-27.9948194639325,-1.81346912642129,10.));
#7267=CARTESIAN_POINT('Origin',(-27.9764625311331,6.38098773484541,10.));
#7268=CARTESIAN_POINT('',(-27.3983807075641,-2.36193450446458,10.));
#7269=CARTESIAN_POINT('Origin',(-27.9961635593655,-2.41346762092562,10.));
#7270=CARTESIAN_POINT('',(-27.2907341495193,-3.38612308994537,10.));
#7271=CARTESIAN_POINT('Origin',(0.,0.,10.));
#7272=CARTESIAN_POINT('',(-27.7601069239417,-4.04660977386975,10.));
#7273=CARTESIAN_POINT('Origin',(-27.8861683491452,-3.46000213918055,10.));
#7274=CARTESIAN_POINT('',(-29.6306502178542,-4.69303395120658,10.));
#7275=CARTESIAN_POINT('Origin',(-26.0384277528082,-12.0581814710979,10.));
#7276=CARTESIAN_POINT('',(-28.9777747886721,-7.76457135307539,10.));
#7277=CARTESIAN_POINT('Origin',(0.,0.,10.));
#7278=CARTESIAN_POINT('',(-27.0060240593015,-7.59429072389794,10.));
#7279=CARTESIAN_POINT('Origin',(-28.6917916508862,0.424914215203293,10.));
#7280=CARTESIAN_POINT('',(-26.3085865566712,-8.00676422721076,10.));
#7281=CARTESIAN_POINT('Origin',(-26.882592081544,-8.18145726489535,10.));
#7282=CARTESIAN_POINT('',(-25.9903515536688,-8.98619085690394,10.));
#7283=CARTESIAN_POINT('Origin',(0.,0.,10.));
#7284=CARTESIAN_POINT('',(-26.3121445036026,-9.72983240925519,10.));
#7285=CARTESIAN_POINT('Origin',(-26.5574137693853,-9.18225320287275,10.));
#7286=CARTESIAN_POINT('',(-28.0074127949162,-10.7510384863587,10.));
#7287=CARTESIAN_POINT('Origin',(-22.9623887354465,-17.2083748154897,10.));
#7288=CARTESIAN_POINT('',(-26.7301957256511,-13.6197149921862,10.));
#7289=CARTESIAN_POINT('Origin',(0.,0.,10.));
#7290=CARTESIAN_POINT('',(-24.836935813998,-13.0432053752902,10.));
#7291=CARTESIAN_POINT('Origin',(-28.153151797004,-5.54973009460783,10.));
#7292=CARTESIAN_POINT('',(-24.068980930647,-13.3016599325103,10.));
#7293=CARTESIAN_POINT('Origin',(-24.5941223327702,-13.5918779674015,10.));
#7294=CARTESIAN_POINT('',(-23.5540658793793,-14.1935189628879,10.));
#7295=CARTESIAN_POINT('Origin',(0.,0.,10.));
#7296=CARTESIAN_POINT('',(-23.7142151087784,-14.9878146794402,10.));
#7297=CARTESIAN_POINT('Origin',(-24.0679727712931,-14.50319574026,10.));
#7298=CARTESIAN_POINT('',(-25.1601170383629,-16.3391710504505,10.));
#7299=CARTESIAN_POINT('Origin',(-18.8827831445798,-21.6064796055007,10.));
#7300=CARTESIAN_POINT('',(-23.3143788437093,-18.879611731495,10.));
#7301=CARTESIAN_POINT('Origin',(0.,0.,10.));
#7302=CARTESIAN_POINT('',(-21.5823542927817,-17.9220693635389,10.));
#7303=CARTESIAN_POINT('Origin',(-26.3840841157819,-11.281824568725,10.));
#7304=CARTESIAN_POINT('',(-20.777445342169,-18.0152092703132,10.));
#7305=CARTESIAN_POINT('Origin',(-21.2307714223618,-18.4082683816655,10.));
#7306=CARTESIAN_POINT('',(-20.0883545012129,-18.7805221821333,10.));
#7307=CARTESIAN_POINT('Origin',(0.,0.,10.));
#7308=CARTESIAN_POINT('',(-20.0798607202712,-19.5907575286195,10.));
#7309=CARTESIAN_POINT('Origin',(-20.5266458721485,-19.1902790297434,10.));
#7310=CARTESIAN_POINT('',(-21.2132034355966,-21.2132034355962,10.));
#7311=CARTESIAN_POINT('Origin',(-13.9779093206484,-25.0602775573591,10.));
#7312=CARTESIAN_POINT('',(-18.8796117314953,-23.314378843709,10.));
#7313=CARTESIAN_POINT('Origin',(0.,0.,10.));
#7314=CARTESIAN_POINT('',(-17.3845203253449,-22.0176529209706,10.));
#7315=CARTESIAN_POINT('Origin',(-23.461905353818,-16.5208491729883,10.));
#7316=CARTESIAN_POINT('',(-16.5778356909938,-21.9414075164382,10.));
#7317=CARTESIAN_POINT('Origin',(-16.9395339242518,-22.4201291349787,10.));
#7318=CARTESIAN_POINT('',(-15.7446856367238,-22.5467264630754,10.));
#7319=CARTESIAN_POINT('Origin',(0.,0.,10.));
#7320=CARTESIAN_POINT('',(-15.5679200644263,-23.3374902669136,10.));
#7321=CARTESIAN_POINT('Origin',(-16.0882060506159,-23.0386550404516,10.));
#7322=CARTESIAN_POINT('',(-16.3391710504511,-25.1601170383626,10.));
#7323=CARTESIAN_POINT('Origin',(-8.46213378595401,-27.4188211274073,10.));
#7324=CARTESIAN_POINT('',(-13.6197149921866,-26.730195725651,10.));
#7325=CARTESIAN_POINT('Origin',(0.,0.,10.));
#7326=CARTESIAN_POINT('',(-12.4268993995066,-25.1509593933353,10.));
#7327=CARTESIAN_POINT('Origin',(-19.5143287451796,-21.0378333925621,10.));
#7328=CARTESIAN_POINT('',(-11.6536950708407,-24.9086609675403,10.));
#7329=CARTESIAN_POINT('Origin',(-11.9079575087499,-25.4521226613775,10.));
#7330=CARTESIAN_POINT('',(-10.7128984585258,-25.3275306063839,10.));
#7331=CARTESIAN_POINT('Origin',(0.,0.,10.));
#7332=CARTESIAN_POINT('',(-10.3755865985972,-26.0642626948407,10.));
#7333=CARTESIAN_POINT('Origin',(-10.9466344248937,-25.8801312741596,10.));
#7334=CARTESIAN_POINT('',(-10.7510384863593,-28.007412794916,10.));
#7335=CARTESIAN_POINT('Origin',(-2.57652239899041,-28.5790306440867,10.));
#7336=CARTESIAN_POINT('',(-7.76457135307579,-28.977774788672,10.));
#7337=CARTESIAN_POINT('Origin',(0.,0.,10.));
#7338=CARTESIAN_POINT('',(-6.92616333903057,-27.1850482525179,10.));
#7339=CARTESIAN_POINT('Origin',(-14.7138823302382,-24.6353633421561,10.));
#7340=CARTESIAN_POINT('',(-6.22023205545853,-26.7872864093444,10.));
#7341=CARTESIAN_POINT('Origin',(-6.35594620939581,-27.3717362946392,10.));
#7342=CARTESIAN_POINT('',(-5.21290621150009,-27.0014001272176,10.));
#7343=CARTESIAN_POINT('Origin',(0.,0.,10.));
#7344=CARTESIAN_POINT('',(-4.72979021082108,-27.6519017727945,10.));
#7345=CARTESIAN_POINT('Origin',(-5.32664234702373,-27.5905215845387,10.));
#7346=CARTESIAN_POINT('',(-4.69303395120719,-29.6306502178541,10.));
#7347=CARTESIAN_POINT('Origin',(3.42169538033524,-28.4901993842152,10.));
#7348=CARTESIAN_POINT('',(-1.57007868728827,-29.9588860426372,10.));
#7349=CARTESIAN_POINT('Origin',(0.,0.,10.));
#7350=CARTESIAN_POINT('',(-1.12272070521963,-28.0310200547309,10.));
#7351=CARTESIAN_POINT('Origin',(-9.27036865242433,-27.156209700109,10.));
#7352=CARTESIAN_POINT('',(-0.51491505126769,-27.4951788953987,10.));
#7353=CARTESIAN_POINT('Origin',(-0.526149561477167,-28.095073707662,10.));
#7354=CARTESIAN_POINT('',(0.514915051267699,-27.4951788953987,10.));
#7355=CARTESIAN_POINT('Origin',(0.,0.,10.));
#7356=CARTESIAN_POINT('',(1.12272070521963,-28.0310200547309,10.));
#7357=CARTESIAN_POINT('Origin',(0.526149561477176,-28.0950737076619,10.));
#7358=CARTESIAN_POINT('',(1.57007868728827,-29.9588860426372,10.));
#7359=CARTESIAN_POINT('Origin',(9.27036865242433,-27.156209700109,10.));
#7360=CARTESIAN_POINT('Origin',(0.,0.,10.));
#7361=CARTESIAN_POINT('',(6.22023205545817,-26.7872864093445,10.));
#7362=CARTESIAN_POINT('Origin',(0.,0.,10.));
#7363=CARTESIAN_POINT('',(6.9261633390302,-27.185048252518,10.));
#7364=CARTESIAN_POINT('Origin',(6.35594620939544,-27.3717362946393,10.));
#7365=CARTESIAN_POINT('',(7.7645713530754,-28.9777747886721,10.));
#7366=CARTESIAN_POINT('Origin',(14.7138823302379,-24.6353633421563,10.));
#7367=CARTESIAN_POINT('Origin',(0.,0.,10.));
#7368=CARTESIAN_POINT('',(11.6536950708403,-24.9086609675404,10.));
#7369=CARTESIAN_POINT('Origin',(0.,0.,10.));
#7370=CARTESIAN_POINT('',(12.4268993995062,-25.1509593933354,10.));
#7371=CARTESIAN_POINT('Origin',(11.9079575087496,-25.4521226613777,10.));
#7372=CARTESIAN_POINT('',(13.6197149921862,-26.7301957256511,10.));
#7373=CARTESIAN_POINT('Origin',(19.5143287451793,-21.0378333925624,10.));
#7374=CARTESIAN_POINT('',(16.3391710504507,-25.1601170383628,10.));
#7375=CARTESIAN_POINT('Origin',(0.,0.,10.));
#7376=CARTESIAN_POINT('Origin',(8.46213378595364,-27.4188211274074,10.));
#7377=CARTESIAN_POINT('',(16.5778356909935,-21.9414075164385,10.));
#7378=CARTESIAN_POINT('Origin',(0.,0.,10.));
#7379=CARTESIAN_POINT('',(17.3845203253446,-22.0176529209709,10.));
#7380=CARTESIAN_POINT('Origin',(16.9395339242515,-22.4201291349789,10.));
#7381=CARTESIAN_POINT('',(18.879611731495,-23.3143788437093,10.));
#7382=CARTESIAN_POINT('Origin',(23.4619053538178,-16.5208491729886,10.));
#7383=CARTESIAN_POINT('',(21.2132034355964,-21.2132034355965,10.));
#7384=CARTESIAN_POINT('Origin',(0.,0.,10.));
#7385=CARTESIAN_POINT('Origin',(13.977909320648,-25.0602775573593,10.));
#7386=CARTESIAN_POINT('',(20.7774453421688,-18.0152092703135,10.));
#7387=CARTESIAN_POINT('Origin',(0.,0.,10.));
#7388=CARTESIAN_POINT('',(21.5823542927815,-17.9220693635392,10.));
#7389=CARTESIAN_POINT('Origin',(21.2307714223615,-18.4082683816658,10.));
#7390=CARTESIAN_POINT('',(23.314378843709,-18.8796117314953,10.));
#7391=CARTESIAN_POINT('Origin',(26.3840841157818,-11.2818245687254,10.));
#7392=CARTESIAN_POINT('',(25.1601170383627,-16.3391710504509,10.));
#7393=CARTESIAN_POINT('Origin',(0.,0.,10.));
#7394=CARTESIAN_POINT('Origin',(18.8827831445795,-21.606479605501,10.));
#7395=CARTESIAN_POINT('',(24.0689809306468,-13.3016599325107,10.));
#7396=CARTESIAN_POINT('Origin',(0.,0.,10.));
#7397=CARTESIAN_POINT('',(24.8369358139978,-13.0432053752906,10.));
#7398=CARTESIAN_POINT('Origin',(24.59412233277,-13.5918779674018,10.));
#7399=CARTESIAN_POINT('',(26.730195725651,-13.6197149921866,10.));
#7400=CARTESIAN_POINT('Origin',(28.1531517970039,-5.54973009460823,10.));
#7401=CARTESIAN_POINT('',(28.007412794916,-10.7510384863591,10.));
#7402=CARTESIAN_POINT('Origin',(0.,0.,10.));
#7403=CARTESIAN_POINT('Origin',(22.9623887354463,-17.20837481549,10.));
#7404=CARTESIAN_POINT('',(26.3085865566711,-8.00676422721111,10.));
#7405=CARTESIAN_POINT('Origin',(0.,0.,10.));
#7406=CARTESIAN_POINT('',(27.0060240593014,-7.59429072389831,10.));
#7407=CARTESIAN_POINT('Origin',(26.8825920815439,-8.18145726489571,10.));
#7408=CARTESIAN_POINT('',(28.977774788672,-7.76457135307579,10.));
#7409=CARTESIAN_POINT('Origin',(28.6917916508862,0.424914215202899,10.));
#7410=CARTESIAN_POINT('',(29.6306502178541,-4.69303395120699,10.));
#7411=CARTESIAN_POINT('Origin',(0.,0.,10.));
#7412=CARTESIAN_POINT('Origin',(26.0384277528081,-12.0581814710983,10.));
#7413=CARTESIAN_POINT('',(27.3983807075641,-2.36193450446494,10.));
#7414=CARTESIAN_POINT('Origin',(0.,0.,10.));
#7415=CARTESIAN_POINT('',(27.9948194639324,-1.81346912642167,10.));
#7416=CARTESIAN_POINT('Origin',(27.9961635593655,-2.413467620926,10.));
#7417=CARTESIAN_POINT('',(29.9588860426372,-1.57007868728847,10.));
#7418=CARTESIAN_POINT('Origin',(27.9764625311332,6.38098773484503,10.));
#7419=CARTESIAN_POINT('',(29.9588860426372,1.57007868728827,10.));
#7420=CARTESIAN_POINT('Origin',(0.,0.,10.));
#7421=CARTESIAN_POINT('',(27.9948194639325,1.81346912642148,10.));
#7422=CARTESIAN_POINT('Origin',(27.9764625311332,-6.38098773484522,10.));
#7423=CARTESIAN_POINT('',(27.3983807075641,2.36193450446476,10.));
#7424=CARTESIAN_POINT('Origin',(27.9961635593655,2.41346762092581,10.));
#7425=CARTESIAN_POINT('Origin',(0.,0.,10.));
#7426=CARTESIAN_POINT('',(29.6306502178542,4.69303395120679,10.));
#7427=CARTESIAN_POINT('Origin',(26.0384277528081,12.0581814710981,10.));
#7428=CARTESIAN_POINT('',(28.9777747886721,7.76457135307559,10.));
#7429=CARTESIAN_POINT('Origin',(0.,0.,10.));
#7430=CARTESIAN_POINT('',(27.0060240593015,7.59429072389813,10.));
#7431=CARTESIAN_POINT('Origin',(28.6917916508862,-0.424914215203093,10.));
#7432=CARTESIAN_POINT('',(26.3085865566711,8.00676422721093,10.));
#7433=CARTESIAN_POINT('Origin',(26.8825920815439,8.18145726489554,10.));
#7434=CARTESIAN_POINT('Origin',(0.,0.,10.));
#7435=CARTESIAN_POINT('',(28.0074127949161,10.7510384863589,10.));
#7436=CARTESIAN_POINT('Origin',(22.9623887354464,17.2083748154899,10.));
#7437=CARTESIAN_POINT('',(26.730195725651,13.6197149921864,10.));
#7438=CARTESIAN_POINT('Origin',(0.,0.,10.));
#7439=CARTESIAN_POINT('',(24.8369358139979,13.0432053752904,10.));
#7440=CARTESIAN_POINT('Origin',(28.1531517970039,5.54973009460803,10.));
#7441=CARTESIAN_POINT('',(24.0689809306469,13.3016599325105,10.));
#7442=CARTESIAN_POINT('Origin',(24.5941223327701,13.5918779674017,10.));
#7443=CARTESIAN_POINT('Origin',(0.,0.,10.));
#7444=CARTESIAN_POINT('',(25.1601170383628,16.3391710504507,10.));
#7445=CARTESIAN_POINT('Origin',(18.8827831445796,21.6064796055008,10.));
#7446=CARTESIAN_POINT('Origin',(0.,0.,10.));
#7447=CARTESIAN_POINT('Origin',(0.,0.,-10.));
#7448=CARTESIAN_POINT('',(21.2132034355965,21.2132034355963,-10.));
#7449=CARTESIAN_POINT('Origin',(13.9779093206482,25.0602775573592,-10.));
#7450=CARTESIAN_POINT('',(20.7774453421689,18.0152092703134,-10.));
#7451=CARTESIAN_POINT('Origin',(0.,0.,-10.));
#7452=CARTESIAN_POINT('',(21.5823542927816,17.9220693635391,-10.));
#7453=CARTESIAN_POINT('Origin',(21.2307714223617,18.4082683816657,-10.));
#7454=CARTESIAN_POINT('',(23.3143788437091,18.8796117314951,-10.));
#7455=CARTESIAN_POINT('Origin',(26.3840841157818,11.2818245687252,-10.));
#7456=CARTESIAN_POINT('',(25.1601170383628,16.3391710504507,-10.));
#7457=CARTESIAN_POINT('Origin',(0.,0.,-10.));
#7458=CARTESIAN_POINT('Origin',(18.8827831445796,21.6064796055008,-10.));
#7459=CARTESIAN_POINT('',(24.0689809306469,13.3016599325105,-10.));
#7460=CARTESIAN_POINT('Origin',(0.,0.,-10.));
#7461=CARTESIAN_POINT('',(24.8369358139979,13.0432053752904,-10.));
#7462=CARTESIAN_POINT('Origin',(24.5941223327701,13.5918779674017,-10.));
#7463=CARTESIAN_POINT('',(26.730195725651,13.6197149921864,-10.));
#7464=CARTESIAN_POINT('Origin',(28.1531517970039,5.54973009460803,-10.));
#7465=CARTESIAN_POINT('',(28.0074127949161,10.7510384863589,-10.));
#7466=CARTESIAN_POINT('Origin',(0.,0.,-10.));
#7467=CARTESIAN_POINT('Origin',(22.9623887354464,17.2083748154899,-10.));
#7468=CARTESIAN_POINT('',(26.3085865566711,8.00676422721093,-10.));
#7469=CARTESIAN_POINT('Origin',(0.,0.,-10.));
#7470=CARTESIAN_POINT('',(27.0060240593015,7.59429072389813,-10.));
#7471=CARTESIAN_POINT('Origin',(26.8825920815439,8.18145726489554,-10.));
#7472=CARTESIAN_POINT('',(28.977774788672,7.76457135307559,-10.));
#7473=CARTESIAN_POINT('Origin',(28.6917916508862,-0.424914215203093,-10.));
#7474=CARTESIAN_POINT('',(29.6306502178541,4.69303395120678,-10.));
#7475=CARTESIAN_POINT('Origin',(0.,0.,-10.));
#7476=CARTESIAN_POINT('Origin',(26.0384277528081,12.0581814710981,-10.));
#7477=CARTESIAN_POINT('',(27.3983807075641,2.36193450446476,-10.));
#7478=CARTESIAN_POINT('Origin',(0.,0.,-10.));
#7479=CARTESIAN_POINT('',(27.9948194639325,1.81346912642148,-10.));
#7480=CARTESIAN_POINT('Origin',(27.9961635593655,2.41346762092581,-10.));
#7481=CARTESIAN_POINT('Origin',(27.9764625311332,-6.38098773484522,-10.));
#7482=CARTESIAN_POINT('',(27.9948194639324,-1.81346912642167,-10.));
#7483=CARTESIAN_POINT('Origin',(27.9764625311332,6.38098773484503,-10.));
#7484=CARTESIAN_POINT('',(27.3983807075641,-2.36193450446494,-10.));
#7485=CARTESIAN_POINT('Origin',(27.9961635593655,-2.413467620926,-10.));
#7486=CARTESIAN_POINT('Origin',(0.,0.,-10.));
#7487=CARTESIAN_POINT('',(29.6306502178541,-4.69303395120698,-10.));
#7488=CARTESIAN_POINT('Origin',(26.0384277528081,-12.0581814710983,-10.));
#7489=CARTESIAN_POINT('',(28.977774788672,-7.76457135307579,-10.));
#7490=CARTESIAN_POINT('Origin',(0.,0.,-10.));
#7491=CARTESIAN_POINT('',(27.0060240593014,-7.59429072389831,-10.));
#7492=CARTESIAN_POINT('Origin',(28.6917916508862,0.424914215202899,-10.));
#7493=CARTESIAN_POINT('',(26.3085865566711,-8.00676422721111,-10.));
#7494=CARTESIAN_POINT('Origin',(26.8825920815439,-8.18145726489571,-10.));
#7495=CARTESIAN_POINT('Origin',(0.,0.,-10.));
#7496=CARTESIAN_POINT('',(28.007412794916,-10.7510384863591,-10.));
#7497=CARTESIAN_POINT('Origin',(22.9623887354463,-17.20837481549,-10.));
#7498=CARTESIAN_POINT('',(26.7301957256509,-13.6197149921866,-10.));
#7499=CARTESIAN_POINT('Origin',(0.,0.,-10.));
#7500=CARTESIAN_POINT('',(24.8369358139978,-13.0432053752906,-10.));
#7501=CARTESIAN_POINT('Origin',(28.1531517970039,-5.54973009460823,-10.));
#7502=CARTESIAN_POINT('',(24.0689809306468,-13.3016599325107,-10.));
#7503=CARTESIAN_POINT('Origin',(24.59412233277,-13.5918779674018,-10.));
#7504=CARTESIAN_POINT('Origin',(0.,0.,-10.));
#7505=CARTESIAN_POINT('',(25.1601170383627,-16.3391710504509,-10.));
#7506=CARTESIAN_POINT('Origin',(18.8827831445795,-21.606479605501,-10.));
#7507=CARTESIAN_POINT('',(23.314378843709,-18.8796117314953,-10.));
#7508=CARTESIAN_POINT('Origin',(0.,0.,-10.));
#7509=CARTESIAN_POINT('',(21.5823542927815,-17.9220693635392,-10.));
#7510=CARTESIAN_POINT('Origin',(26.3840841157818,-11.2818245687254,-10.));
#7511=CARTESIAN_POINT('',(20.7774453421688,-18.0152092703135,-10.));
#7512=CARTESIAN_POINT('Origin',(21.2307714223615,-18.4082683816658,-10.));
#7513=CARTESIAN_POINT('Origin',(0.,0.,-10.));
#7514=CARTESIAN_POINT('',(21.2132034355963,-21.2132034355965,-10.));
#7515=CARTESIAN_POINT('Origin',(13.977909320648,-25.0602775573593,-10.));
#7516=CARTESIAN_POINT('',(18.879611731495,-23.3143788437092,-10.));
#7517=CARTESIAN_POINT('Origin',(0.,0.,-10.));
#7518=CARTESIAN_POINT('',(17.3845203253446,-22.0176529209709,-10.));
#7519=CARTESIAN_POINT('Origin',(23.4619053538178,-16.5208491729886,-10.));
#7520=CARTESIAN_POINT('',(16.5778356909935,-21.9414075164385,-10.));
#7521=CARTESIAN_POINT('Origin',(16.9395339242515,-22.4201291349789,-10.));
#7522=CARTESIAN_POINT('Origin',(0.,0.,-10.));
#7523=CARTESIAN_POINT('',(16.3391710504507,-25.1601170383628,-10.));
#7524=CARTESIAN_POINT('Origin',(8.46213378595364,-27.4188211274074,-10.));
#7525=CARTESIAN_POINT('',(13.6197149921862,-26.7301957256511,-10.));
#7526=CARTESIAN_POINT('Origin',(0.,0.,-10.));
#7527=CARTESIAN_POINT('',(12.4268993995062,-25.1509593933354,-10.));
#7528=CARTESIAN_POINT('Origin',(19.5143287451793,-21.0378333925624,-10.));
#7529=CARTESIAN_POINT('',(11.6536950708403,-24.9086609675404,-10.));
#7530=CARTESIAN_POINT('Origin',(11.9079575087496,-25.4521226613777,-10.));
#7531=CARTESIAN_POINT('Origin',(0.,0.,-10.));
#7532=CARTESIAN_POINT('',(7.76457135307539,-28.9777747886721,-10.));
#7533=CARTESIAN_POINT('Origin',(0.,0.,-10.));
#7534=CARTESIAN_POINT('',(6.9261633390302,-27.185048252518,-10.));
#7535=CARTESIAN_POINT('Origin',(14.7138823302379,-24.6353633421563,-10.));
#7536=CARTESIAN_POINT('',(6.22023205545817,-26.7872864093445,-10.));
#7537=CARTESIAN_POINT('Origin',(6.35594620939544,-27.3717362946393,-10.));
#7538=CARTESIAN_POINT('Origin',(0.,0.,-10.));
#7539=CARTESIAN_POINT('',(1.57007868728826,-29.9588860426372,-10.));
#7540=CARTESIAN_POINT('Origin',(0.,0.,-10.));
#7541=CARTESIAN_POINT('',(1.12272070521963,-28.0310200547309,-10.));
#7542=CARTESIAN_POINT('Origin',(9.27036865242433,-27.156209700109,-10.));
#7543=CARTESIAN_POINT('',(0.514915051267699,-27.4951788953987,-10.));
#7544=CARTESIAN_POINT('Origin',(0.526149561477176,-28.0950737076619,-10.));
#7545=CARTESIAN_POINT('',(-0.51491505126769,-27.4951788953987,-10.));
#7546=CARTESIAN_POINT('Origin',(0.,0.,-10.));
#7547=CARTESIAN_POINT('',(-1.12272070521963,-28.0310200547309,-10.));
#7548=CARTESIAN_POINT('Origin',(-0.526149561477167,-28.095073707662,-10.));
#7549=CARTESIAN_POINT('',(-1.57007868728826,-29.9588860426372,-10.));
#7550=CARTESIAN_POINT('Origin',(-9.27036865242433,-27.156209700109,-10.));
#7551=CARTESIAN_POINT('',(-4.69303395120719,-29.6306502178541,-10.));
#7552=CARTESIAN_POINT('Origin',(0.,0.,-10.));
#7553=CARTESIAN_POINT('',(-4.72979021082108,-27.6519017727945,-10.));
#7554=CARTESIAN_POINT('Origin',(3.42169538033524,-28.4901993842152,-10.));
#7555=CARTESIAN_POINT('',(-5.21290621150009,-27.0014001272176,-10.));
#7556=CARTESIAN_POINT('Origin',(-5.32664234702373,-27.5905215845387,-10.));
#7557=CARTESIAN_POINT('',(-6.22023205545853,-26.7872864093444,-10.));
#7558=CARTESIAN_POINT('Origin',(0.,0.,-10.));
#7559=CARTESIAN_POINT('',(-6.92616333903057,-27.1850482525179,-10.));
#7560=CARTESIAN_POINT('Origin',(-6.35594620939581,-27.3717362946392,-10.));
#7561=CARTESIAN_POINT('',(-7.76457135307578,-28.977774788672,-10.));
#7562=CARTESIAN_POINT('Origin',(-14.7138823302382,-24.6353633421561,-10.));
#7563=CARTESIAN_POINT('',(-10.7510384863593,-28.0074127949159,-10.));
#7564=CARTESIAN_POINT('Origin',(0.,0.,-10.));
#7565=CARTESIAN_POINT('',(-10.3755865985972,-26.0642626948407,-10.));
#7566=CARTESIAN_POINT('Origin',(-2.57652239899041,-28.5790306440867,-10.));
#7567=CARTESIAN_POINT('',(-10.7128984585258,-25.3275306063839,-10.));
#7568=CARTESIAN_POINT('Origin',(-10.9466344248937,-25.8801312741596,-10.));
#7569=CARTESIAN_POINT('',(-11.6536950708407,-24.9086609675403,-10.));
#7570=CARTESIAN_POINT('Origin',(0.,0.,-10.));
#7571=CARTESIAN_POINT('',(-12.4268993995066,-25.1509593933353,-10.));
#7572=CARTESIAN_POINT('Origin',(-11.9079575087499,-25.4521226613775,-10.));
#7573=CARTESIAN_POINT('',(-13.6197149921866,-26.7301957256509,-10.));
#7574=CARTESIAN_POINT('Origin',(-19.5143287451796,-21.0378333925621,-10.));
#7575=CARTESIAN_POINT('',(-16.3391710504511,-25.1601170383626,-10.));
#7576=CARTESIAN_POINT('Origin',(0.,0.,-10.));
#7577=CARTESIAN_POINT('',(-15.5679200644263,-23.3374902669136,-10.));
#7578=CARTESIAN_POINT('Origin',(-8.46213378595401,-27.4188211274073,-10.));
#7579=CARTESIAN_POINT('',(-15.7446856367238,-22.5467264630754,-10.));
#7580=CARTESIAN_POINT('Origin',(-16.0882060506159,-23.0386550404516,-10.));
#7581=CARTESIAN_POINT('',(-16.5778356909938,-21.9414075164382,-10.));
#7582=CARTESIAN_POINT('Origin',(0.,0.,-10.));
#7583=CARTESIAN_POINT('',(-17.3845203253449,-22.0176529209706,-10.));
#7584=CARTESIAN_POINT('Origin',(-16.9395339242518,-22.4201291349787,-10.));
#7585=CARTESIAN_POINT('',(-18.8796117314953,-23.314378843709,-10.));
#7586=CARTESIAN_POINT('Origin',(-23.461905353818,-16.5208491729883,-10.));
#7587=CARTESIAN_POINT('',(-21.2132034355966,-21.2132034355962,-10.));
#7588=CARTESIAN_POINT('Origin',(0.,0.,-10.));
#7589=CARTESIAN_POINT('',(-20.0798607202712,-19.5907575286195,-10.));
#7590=CARTESIAN_POINT('Origin',(-13.9779093206484,-25.0602775573591,-10.));
#7591=CARTESIAN_POINT('',(-20.0883545012129,-18.7805221821333,-10.));
#7592=CARTESIAN_POINT('Origin',(-20.5266458721485,-19.1902790297434,-10.));
#7593=CARTESIAN_POINT('',(-20.777445342169,-18.0152092703132,-10.));
#7594=CARTESIAN_POINT('Origin',(0.,0.,-10.));
#7595=CARTESIAN_POINT('',(-21.5823542927817,-17.9220693635389,-10.));
#7596=CARTESIAN_POINT('Origin',(-21.2307714223618,-18.4082683816655,-10.));
#7597=CARTESIAN_POINT('',(-23.3143788437092,-18.879611731495,-10.));
#7598=CARTESIAN_POINT('Origin',(-26.3840841157819,-11.281824568725,-10.));
#7599=CARTESIAN_POINT('',(-25.1601170383629,-16.3391710504505,-10.));
#7600=CARTESIAN_POINT('Origin',(0.,0.,-10.));
#7601=CARTESIAN_POINT('',(-23.7142151087784,-14.9878146794402,-10.));
#7602=CARTESIAN_POINT('Origin',(-18.8827831445798,-21.6064796055007,-10.));
#7603=CARTESIAN_POINT('',(-23.5540658793793,-14.1935189628879,-10.));
#7604=CARTESIAN_POINT('Origin',(-24.0679727712931,-14.50319574026,-10.));
#7605=CARTESIAN_POINT('',(-24.068980930647,-13.3016599325103,-10.));
#7606=CARTESIAN_POINT('Origin',(0.,0.,-10.));
#7607=CARTESIAN_POINT('',(-24.836935813998,-13.0432053752902,-10.));
#7608=CARTESIAN_POINT('Origin',(-24.5941223327702,-13.5918779674015,-10.));
#7609=CARTESIAN_POINT('',(-26.7301957256511,-13.6197149921862,-10.));
#7610=CARTESIAN_POINT('Origin',(-28.153151797004,-5.54973009460783,-10.));
#7611=CARTESIAN_POINT('',(-28.0074127949162,-10.7510384863587,-10.));
#7612=CARTESIAN_POINT('Origin',(0.,0.,-10.));
#7613=CARTESIAN_POINT('',(-26.3121445036026,-9.72983240925519,-10.));
#7614=CARTESIAN_POINT('Origin',(-22.9623887354465,-17.2083748154897,-10.));
#7615=CARTESIAN_POINT('',(-25.9903515536688,-8.98619085690394,-10.));
#7616=CARTESIAN_POINT('Origin',(-26.5574137693853,-9.18225320287275,-10.));
#7617=CARTESIAN_POINT('',(-26.3085865566712,-8.00676422721076,-10.));
#7618=CARTESIAN_POINT('Origin',(0.,0.,-10.));
#7619=CARTESIAN_POINT('',(-27.0060240593015,-7.59429072389794,-10.));
#7620=CARTESIAN_POINT('Origin',(-26.882592081544,-8.18145726489535,-10.));
#7621=CARTESIAN_POINT('',(-28.9777747886721,-7.76457135307539,-10.));
#7622=CARTESIAN_POINT('Origin',(-28.6917916508862,0.424914215203293,-10.));
#7623=CARTESIAN_POINT('',(-29.6306502178542,-4.69303395120658,-10.));
#7624=CARTESIAN_POINT('Origin',(0.,0.,-10.));
#7625=CARTESIAN_POINT('',(-27.7601069239417,-4.04660977386975,-10.));
#7626=CARTESIAN_POINT('Origin',(-26.0384277528082,-12.0581814710979,-10.));
#7627=CARTESIAN_POINT('',(-27.2907341495193,-3.38612308994537,-10.));
#7628=CARTESIAN_POINT('Origin',(-27.8861683491452,-3.46000213918055,-10.));
#7629=CARTESIAN_POINT('',(-27.3983807075641,-2.36193450446458,-10.));
#7630=CARTESIAN_POINT('Origin',(0.,0.,-10.));
#7631=CARTESIAN_POINT('',(-27.9948194639325,-1.81346912642129,-10.));
#7632=CARTESIAN_POINT('Origin',(-27.9961635593655,-2.41346762092562,-10.));
#7633=CARTESIAN_POINT('',(-29.9588860426372,-1.57007868728807,-10.));
#7634=CARTESIAN_POINT('Origin',(-27.9764625311331,6.38098773484541,-10.));
#7635=CARTESIAN_POINT('',(-29.9588860426372,1.57007868728867,-10.));
#7636=CARTESIAN_POINT('Origin',(0.,0.,-10.));
#7637=CARTESIAN_POINT('',(-27.9948194639324,1.81346912642185,-10.));
#7638=CARTESIAN_POINT('Origin',(-27.9764625311332,-6.38098773484485,-10.));
#7639=CARTESIAN_POINT('',(-27.398380707564,2.36193450446512,-10.));
#7640=CARTESIAN_POINT('Origin',(-27.9961635593654,2.41346762092618,-10.));
#7641=CARTESIAN_POINT('',(-27.2907341495192,3.38612308994592,-10.));
#7642=CARTESIAN_POINT('Origin',(0.,0.,-10.));
#7643=CARTESIAN_POINT('',(-27.7601069239416,4.04660977387031,-10.));
#7644=CARTESIAN_POINT('Origin',(-27.8861683491451,3.4600021391811,-10.));
#7645=CARTESIAN_POINT('',(-29.6306502178541,4.69303395120718,-10.));
#7646=CARTESIAN_POINT('Origin',(-26.038427752808,12.0581814710985,-10.));
#7647=CARTESIAN_POINT('',(-28.9777747886719,7.76457135307597,-10.));
#7648=CARTESIAN_POINT('Origin',(0.,0.,-10.));
#7649=CARTESIAN_POINT('',(-27.0060240593014,7.59429072389848,-10.));
#7650=CARTESIAN_POINT('Origin',(-28.6917916508862,-0.424914215202717,-10.));
#7651=CARTESIAN_POINT('',(-26.308586556671,8.00676422721127,-10.));
#7652=CARTESIAN_POINT('Origin',(-26.8825920815438,8.18145726489588,-10.));
#7653=CARTESIAN_POINT('',(-25.9903515536687,8.98619085690446,-10.));
#7654=CARTESIAN_POINT('Origin',(0.,0.,-10.));
#7655=CARTESIAN_POINT('',(-26.3121445036024,9.72983240925572,-10.));
#7656=CARTESIAN_POINT('Origin',(-26.5574137693851,9.18225320287328,-10.));
#7657=CARTESIAN_POINT('',(-28.0074127949159,10.7510384863592,-10.));
#7658=CARTESIAN_POINT('Origin',(-22.9623887354462,17.2083748154902,-10.));
#7659=CARTESIAN_POINT('',(-26.7301957256508,13.6197149921868,-10.));
#7660=CARTESIAN_POINT('Origin',(0.,0.,-10.));
#7661=CARTESIAN_POINT('',(-24.8369358139977,13.0432053752908,-10.));
#7662=CARTESIAN_POINT('Origin',(-28.1531517970038,5.54973009460842,-10.));
#7663=CARTESIAN_POINT('',(-24.0689809306467,13.3016599325108,-10.));
#7664=CARTESIAN_POINT('Origin',(-24.5941223327699,13.591877967402,-10.));
#7665=CARTESIAN_POINT('',(-23.554065879379,14.1935189628884,-10.));
#7666=CARTESIAN_POINT('Origin',(0.,0.,-10.));
#7667=CARTESIAN_POINT('',(-23.714215108778,14.9878146794407,-10.));
#7668=CARTESIAN_POINT('Origin',(-24.0679727712928,14.5031957402605,-10.));
#7669=CARTESIAN_POINT('',(-25.1601170383626,16.3391710504511,-10.));
#7670=CARTESIAN_POINT('Origin',(-18.8827831445793,21.6064796055011,-10.));
#7671=CARTESIAN_POINT('',(-23.3143788437089,18.8796117314954,-10.));
#7672=CARTESIAN_POINT('Origin',(0.,0.,-10.));
#7673=CARTESIAN_POINT('',(-21.5823542927814,17.9220693635394,-10.));
#7674=CARTESIAN_POINT('Origin',(-26.3840841157817,11.2818245687255,-10.));
#7675=CARTESIAN_POINT('',(-20.7774453421686,18.0152092703137,-10.));
#7676=CARTESIAN_POINT('Origin',(-21.2307714223614,18.4082683816659,-10.));
#7677=CARTESIAN_POINT('',(-20.0883545012125,18.7805221821337,-10.));
#7678=CARTESIAN_POINT('Origin',(0.,0.,-10.));
#7679=CARTESIAN_POINT('',(-20.0798607202709,19.5907575286199,-10.));
#7680=CARTESIAN_POINT('Origin',(-20.5266458721481,19.1902790297439,-10.));
#7681=CARTESIAN_POINT('',(-21.2132034355962,21.2132034355966,-10.));
#7682=CARTESIAN_POINT('Origin',(-13.9779093206478,25.0602775573594,-10.));
#7683=CARTESIAN_POINT('',(-18.8796117314948,23.3143788437094,-10.));
#7684=CARTESIAN_POINT('Origin',(0.,0.,-10.));
#7685=CARTESIAN_POINT('',(-17.3845203253444,22.017652920971,-10.));
#7686=CARTESIAN_POINT('Origin',(-23.4619053538177,16.5208491729888,-10.));
#7687=CARTESIAN_POINT('',(-16.5778356909934,21.9414075164386,-10.));
#7688=CARTESIAN_POINT('Origin',(-16.9395339242514,22.4201291349791,-10.));
#7689=CARTESIAN_POINT('',(-15.7446856367233,22.5467264630757,-10.));
#7690=CARTESIAN_POINT('Origin',(0.,0.,-10.));
#7691=CARTESIAN_POINT('',(-15.5679200644258,23.337490266914,-10.));
#7692=CARTESIAN_POINT('Origin',(-16.0882060506155,23.0386550404519,-10.));
#7693=CARTESIAN_POINT('',(-16.3391710504505,25.1601170383629,-10.));
#7694=CARTESIAN_POINT('Origin',(-8.46213378595345,27.4188211274075,-10.));
#7695=CARTESIAN_POINT('',(-13.619714992186,26.7301957256512,-10.));
#7696=CARTESIAN_POINT('Origin',(0.,0.,-10.));
#7697=CARTESIAN_POINT('',(-12.4268993995061,25.1509593933355,-10.));
#7698=CARTESIAN_POINT('Origin',(-19.5143287451791,21.0378333925625,-10.));
#7699=CARTESIAN_POINT('',(-11.6536950708402,24.9086609675405,-10.));
#7700=CARTESIAN_POINT('Origin',(-11.9079575087494,25.4521226613778,-10.));
#7701=CARTESIAN_POINT('',(-10.7128984585253,25.3275306063842,-10.));
#7702=CARTESIAN_POINT('Origin',(0.,0.,-10.));
#7703=CARTESIAN_POINT('',(-10.3755865985967,26.0642626948409,-10.));
#7704=CARTESIAN_POINT('Origin',(-10.9466344248932,25.8801312741598,-10.));
#7705=CARTESIAN_POINT('',(-10.7510384863587,28.0074127949162,-10.));
#7706=CARTESIAN_POINT('Origin',(-2.57652239898984,28.5790306440867,-10.));
#7707=CARTESIAN_POINT('',(-7.7645713530752,28.9777747886721,-10.));
#7708=CARTESIAN_POINT('Origin',(0.,0.,-10.));
#7709=CARTESIAN_POINT('',(-6.92616333903002,27.185048252518,-10.));
#7710=CARTESIAN_POINT('Origin',(-14.7138823302377,24.6353633421564,-10.));
#7711=CARTESIAN_POINT('',(-6.220232055458,26.7872864093445,-10.));
#7712=CARTESIAN_POINT('Origin',(-6.35594620939526,27.3717362946393,-10.));
#7713=CARTESIAN_POINT('',(-5.21290621149956,27.0014001272177,-10.));
#7714=CARTESIAN_POINT('Origin',(0.,0.,-10.));
#7715=CARTESIAN_POINT('',(-4.72979021082052,27.6519017727946,-10.));
#7716=CARTESIAN_POINT('Origin',(-5.32664234702318,27.5905215845388,-10.));
#7717=CARTESIAN_POINT('',(-4.6930339512066,29.6306502178542,-10.));
#7718=CARTESIAN_POINT('Origin',(3.42169538033581,28.4901993842151,-10.));
#7719=CARTESIAN_POINT('',(-1.57007868728826,29.9588860426372,-10.));
#7720=CARTESIAN_POINT('Origin',(0.,0.,-10.));
#7721=CARTESIAN_POINT('',(-1.12272070521963,28.0310200547309,-10.));
#7722=CARTESIAN_POINT('Origin',(-9.27036865242433,27.156209700109,-10.));
#7723=CARTESIAN_POINT('',(-0.514915051267699,27.4951788953987,-10.));
#7724=CARTESIAN_POINT('Origin',(-0.526149561477176,28.0950737076619,-10.));
#7725=CARTESIAN_POINT('',(0.51491505126769,27.4951788953987,-10.));
#7726=CARTESIAN_POINT('Origin',(0.,0.,-10.));
#7727=CARTESIAN_POINT('',(1.12272070521963,28.0310200547309,-10.));
#7728=CARTESIAN_POINT('Origin',(0.526149561477167,28.095073707662,-10.));
#7729=CARTESIAN_POINT('',(1.57007868728826,29.9588860426372,-10.));
#7730=CARTESIAN_POINT('Origin',(9.27036865242433,27.156209700109,-10.));
#7731=CARTESIAN_POINT('Origin',(0.,0.,-10.));
#7732=CARTESIAN_POINT('',(6.22023205545835,26.7872864093444,-10.));
#7733=CARTESIAN_POINT('Origin',(0.,0.,-10.));
#7734=CARTESIAN_POINT('',(6.92616333903038,27.1850482525179,-10.));
#7735=CARTESIAN_POINT('Origin',(6.35594620939562,27.3717362946392,-10.));
#7736=CARTESIAN_POINT('',(7.76457135307558,28.977774788672,-10.));
#7737=CARTESIAN_POINT('Origin',(14.713882330238,24.6353633421562,-10.));
#7738=CARTESIAN_POINT('Origin',(0.,0.,-10.));
#7739=CARTESIAN_POINT('',(11.6536950708405,24.9086609675404,-10.));
#7740=CARTESIAN_POINT('Origin',(0.,0.,-10.));
#7741=CARTESIAN_POINT('',(12.4268993995064,25.1509593933353,-10.));
#7742=CARTESIAN_POINT('Origin',(11.9079575087497,25.4521226613776,-10.));
#7743=CARTESIAN_POINT('',(13.6197149921864,26.730195725651,-10.));
#7744=CARTESIAN_POINT('Origin',(19.5143287451794,21.0378333925622,-10.));
#7745=CARTESIAN_POINT('',(16.3391710504509,25.1601170383627,-10.));
#7746=CARTESIAN_POINT('Origin',(0.,0.,-10.));
#7747=CARTESIAN_POINT('Origin',(8.46213378595382,27.4188211274074,-10.));
#7748=CARTESIAN_POINT('',(16.5778356909936,21.9414075164384,-10.));
#7749=CARTESIAN_POINT('Origin',(0.,0.,-10.));
#7750=CARTESIAN_POINT('',(17.3845203253447,22.0176529209708,-10.));
#7751=CARTESIAN_POINT('Origin',(16.9395339242517,22.4201291349788,-10.));
#7752=CARTESIAN_POINT('',(18.8796117314951,23.3143788437091,-10.));
#7753=CARTESIAN_POINT('Origin',(23.4619053538179,16.5208491729884,-10.));
#7754=CARTESIAN_POINT('Origin',(0.,0.,-10.));
#7755=CARTESIAN_POINT('Origin',(0.,0.,10.));
#7756=CARTESIAN_POINT('',(26.3295497633858,18.1866656992806,-7.99999999999999));
#7757=CARTESIAN_POINT('',(25.4328252541096,19.4209011014918,-7.99999999999999));
#7758=CARTESIAN_POINT('Origin',(0.,0.,-7.99999999999999));
#7759=CARTESIAN_POINT('',(25.4328252541096,19.4209011014918,8.));
#7760=CARTESIAN_POINT('',(25.4328252541096,19.4209011014918,-10.));
#7761=CARTESIAN_POINT('',(26.3295497633858,18.1866656992806,8.));
#7762=CARTESIAN_POINT('Origin',(0.,0.,8.));
#7763=CARTESIAN_POINT('',(26.3295497633858,18.1866656992806,-10.));
#7764=CARTESIAN_POINT('Origin',(0.,0.,10.));
#7765=CARTESIAN_POINT('',(29.5354063453319,12.3150222093233,-7.99999999999999));
#7766=CARTESIAN_POINT('',(28.9148893874051,13.7087261156582,-7.99999999999999));
#7767=CARTESIAN_POINT('Origin',(0.,0.,-7.99999999999999));
#7768=CARTESIAN_POINT('',(28.9148893874051,13.7087261156582,8.));
#7769=CARTESIAN_POINT('',(28.9148893874051,13.7087261156582,-10.));
#7770=CARTESIAN_POINT('',(29.5354063453319,12.3150222093233,8.));
#7771=CARTESIAN_POINT('Origin',(0.,0.,8.));
#7772=CARTESIAN_POINT('',(29.5354063453319,12.3150222093233,-10.));
#7773=CARTESIAN_POINT('Origin',(0.,0.,10.));
#7774=CARTESIAN_POINT('',(16.6560572328487,27.3235385236991,-7.99999999999999));
#7775=CARTESIAN_POINT('',(15.3348498663819,28.086337952384,-7.99999999999999));
#7776=CARTESIAN_POINT('Origin',(0.,0.,-7.99999999999999));
#7777=CARTESIAN_POINT('',(15.3348498663819,28.086337952384,8.));
#7778=CARTESIAN_POINT('',(15.3348498663819,28.086337952384,-10.));
#7779=CARTESIAN_POINT('',(16.6560572328487,27.3235385236991,8.));
#7780=CARTESIAN_POINT('Origin',(0.,0.,8.));
#7781=CARTESIAN_POINT('',(16.6560572328487,27.3235385236991,-10.));
#7782=CARTESIAN_POINT('Origin',(0.,0.,10.));
#7783=CARTESIAN_POINT('',(20.8392246169738,24.2842895173673,8.));
#7784=CARTESIAN_POINT('',(21.9729655135824,23.263464628875,8.));
#7785=CARTESIAN_POINT('Origin',(0.,0.,8.));
#7786=CARTESIAN_POINT('',(21.9729655135824,23.263464628875,-7.99999999999999));
#7787=CARTESIAN_POINT('',(21.9729655135824,23.263464628875,-10.));
#7788=CARTESIAN_POINT('',(20.8392246169738,24.2842895173673,-7.99999999999999));
#7789=CARTESIAN_POINT('Origin',(0.,0.,-7.99999999999999));
#7790=CARTESIAN_POINT('',(20.8392246169738,24.2842895173673,-10.));
#7791=CARTESIAN_POINT('Origin',(0.,0.,10.));
#7792=CARTESIAN_POINT('',(31.4504239433831,5.90515315478553,-7.99999999999999));
#7793=CARTESIAN_POINT('',(31.1332341054377,7.39741401680405,-7.99999999999999));
#7794=CARTESIAN_POINT('Origin',(0.,0.,-7.99999999999999));
#7795=CARTESIAN_POINT('',(31.1332341054377,7.39741401680405,8.));
#7796=CARTESIAN_POINT('',(31.1332341054377,7.39741401680405,-10.));
#7797=CARTESIAN_POINT('',(31.4504239433831,5.90515315478553,8.));
#7798=CARTESIAN_POINT('Origin',(0.,0.,8.));
#7799=CARTESIAN_POINT('',(31.4504239433831,5.90515315478553,-10.));
#7800=CARTESIAN_POINT('Origin',(0.,0.,10.));
#7801=CARTESIAN_POINT('',(31.9909070992305,0.762799428684802,8.));
#7802=CARTESIAN_POINT('',(31.9909070992305,0.762799428684802,-10.));
#7803=CARTESIAN_POINT('',(31.9909070992305,-0.762799428685015,8.));
#7804=CARTESIAN_POINT('Origin',(0.,0.,8.));
#7805=CARTESIAN_POINT('',(31.9909070992305,-0.762799428685018,-10.));
#7806=CARTESIAN_POINT('Origin',(0.,0.,10.));
#7807=CARTESIAN_POINT('',(31.1332341054377,-7.39741401680426,-7.99999999999999));
#7808=CARTESIAN_POINT('',(31.4504239433831,-5.90515315478574,-8.));
#7809=CARTESIAN_POINT('Origin',(0.,0.,-7.99999999999999));
#7810=CARTESIAN_POINT('',(31.4504239433831,-5.90515315478574,8.00000000000001));
#7811=CARTESIAN_POINT('',(31.4504239433831,-5.90515315478574,-10.));
#7812=CARTESIAN_POINT('',(31.1332341054377,-7.39741401680426,8.));
#7813=CARTESIAN_POINT('Origin',(0.,0.,8.));
#7814=CARTESIAN_POINT('',(31.1332341054377,-7.39741401680426,-10.));
#7815=CARTESIAN_POINT('Origin',(0.,0.,10.));
#7816=CARTESIAN_POINT('',(28.914889387405,-13.7087261156584,-7.99999999999999));
#7817=CARTESIAN_POINT('',(29.5354063453319,-12.3150222093235,-7.99999999999999));
#7818=CARTESIAN_POINT('Origin',(0.,0.,-7.99999999999999));
#7819=CARTESIAN_POINT('',(29.5354063453319,-12.3150222093235,8.));
#7820=CARTESIAN_POINT('',(29.5354063453319,-12.3150222093235,-10.));
#7821=CARTESIAN_POINT('',(28.914889387405,-13.7087261156584,8.));
#7822=CARTESIAN_POINT('Origin',(0.,0.,8.));
#7823=CARTESIAN_POINT('',(28.914889387405,-13.7087261156584,-10.));
#7824=CARTESIAN_POINT('Origin',(0.,0.,10.));
#7825=CARTESIAN_POINT('',(15.3348498663817,-28.0863379523841,-7.99999999999999));
#7826=CARTESIAN_POINT('',(16.6560572328485,-27.3235385236992,-7.99999999999999));
#7827=CARTESIAN_POINT('Origin',(0.,0.,-7.99999999999999));
#7828=CARTESIAN_POINT('',(16.6560572328485,-27.3235385236992,8.));
#7829=CARTESIAN_POINT('',(16.6560572328485,-27.3235385236992,-10.));
#7830=CARTESIAN_POINT('',(15.3348498663817,-28.0863379523841,8.));
#7831=CARTESIAN_POINT('Origin',(0.,0.,8.));
#7832=CARTESIAN_POINT('',(15.3348498663817,-28.0863379523841,-10.));
#7833=CARTESIAN_POINT('Origin',(0.,0.,10.));
#7834=CARTESIAN_POINT('',(9.1602685918552,-30.6608786456793,-8.));
#7835=CARTESIAN_POINT('Origin',(0.,0.,-7.99999999999999));
#7836=CARTESIAN_POINT('',(9.1602685918552,-30.6608786456793,8.));
#7837=CARTESIAN_POINT('Origin',(0.,0.,8.));
#7838=CARTESIAN_POINT('',(9.1602685918552,-30.6608786456793,-10.));
#7839=CARTESIAN_POINT('Origin',(0.,0.,10.));
#7840=CARTESIAN_POINT('',(25.4328252541094,-19.420901101492,-7.99999999999999));
#7841=CARTESIAN_POINT('',(26.3295497633857,-18.1866656992808,-7.99999999999999));
#7842=CARTESIAN_POINT('Origin',(0.,0.,-7.99999999999999));
#7843=CARTESIAN_POINT('',(26.3295497633857,-18.1866656992808,8.));
#7844=CARTESIAN_POINT('',(26.3295497633857,-18.1866656992808,-10.));
#7845=CARTESIAN_POINT('',(25.4328252541094,-19.420901101492,8.));
#7846=CARTESIAN_POINT('Origin',(0.,0.,8.));
#7847=CARTESIAN_POINT('',(25.4328252541094,-19.420901101492,-10.));
#7848=CARTESIAN_POINT('Origin',(0.,0.,10.));
#7849=CARTESIAN_POINT('',(21.9729655135822,-23.2634646288752,8.00000000000001));
#7850=CARTESIAN_POINT('',(20.8392246169736,-24.2842895173674,8.));
#7851=CARTESIAN_POINT('Origin',(0.,0.,8.));
#7852=CARTESIAN_POINT('',(20.8392246169736,-24.2842895173674,-8.));
#7853=CARTESIAN_POINT('',(20.8392246169736,-24.2842895173674,-10.));
#7854=CARTESIAN_POINT('',(21.9729655135822,-23.2634646288752,-8.));
#7855=CARTESIAN_POINT('Origin',(0.,0.,-7.99999999999999));
#7856=CARTESIAN_POINT('',(21.9729655135822,-23.2634646288752,-10.));
#7857=CARTESIAN_POINT('Origin',(0.,0.,10.));
#7858=CARTESIAN_POINT('',(2.58533962401929,-31.895391814939,-7.99999999999999));
#7859=CARTESIAN_POINT('Origin',(0.,0.,-7.99999999999999));
#7860=CARTESIAN_POINT('',(2.58533962401929,-31.895391814939,8.));
#7861=CARTESIAN_POINT('Origin',(0.,0.,8.));
#7862=CARTESIAN_POINT('',(2.58533962401929,-31.895391814939,-10.));
#7863=CARTESIAN_POINT('Origin',(0.,0.,10.));
#7864=CARTESIAN_POINT('',(-4.10258109122261,-31.7359233108152,-7.99999999999999));
#7865=CARTESIAN_POINT('',(-2.58533962401929,-31.895391814939,-7.99999999999999));
#7866=CARTESIAN_POINT('Origin',(0.,0.,-7.99999999999999));
#7867=CARTESIAN_POINT('',(-2.58533962401929,-31.895391814939,8.));
#7868=CARTESIAN_POINT('',(-2.58533962401929,-31.895391814939,-10.));
#7869=CARTESIAN_POINT('',(-4.1025810912226,-31.7359233108152,8.));
#7870=CARTESIAN_POINT('Origin',(0.,0.,8.));
#7871=CARTESIAN_POINT('',(-4.10258109122261,-31.7359233108152,-10.));
#7872=CARTESIAN_POINT('Origin',(0.,0.,10.));
#7873=CARTESIAN_POINT('',(-10.6111993264096,-30.1894426721529,-7.99999999999999));
#7874=CARTESIAN_POINT('',(-9.16026859185561,-30.6608786456791,-7.99999999999999));
#7875=CARTESIAN_POINT('Origin',(0.,0.,-7.99999999999999));
#7876=CARTESIAN_POINT('',(-9.16026859185561,-30.6608786456791,8.));
#7877=CARTESIAN_POINT('',(-9.16026859185561,-30.6608786456791,-10.));
#7878=CARTESIAN_POINT('',(-10.6111993264096,-30.1894426721529,8.));
#7879=CARTESIAN_POINT('Origin',(0.,0.,8.));
#7880=CARTESIAN_POINT('',(-10.6111993264096,-30.1894426721529,-10.));
#7881=CARTESIAN_POINT('Origin',(0.,0.,10.));
#7882=CARTESIAN_POINT('',(-16.6560572328489,-27.323538523699,-7.99999999999999));
#7883=CARTESIAN_POINT('',(-15.3348498663821,-28.0863379523839,-7.99999999999999));
#7884=CARTESIAN_POINT('Origin',(0.,0.,-7.99999999999999));
#7885=CARTESIAN_POINT('',(-15.3348498663821,-28.0863379523839,8.));
#7886=CARTESIAN_POINT('',(-15.3348498663821,-28.0863379523839,-10.));
#7887=CARTESIAN_POINT('',(-16.6560572328489,-27.323538523699,8.));
#7888=CARTESIAN_POINT('Origin',(0.,0.,8.));
#7889=CARTESIAN_POINT('',(-16.6560572328489,-27.323538523699,-10.));
#7890=CARTESIAN_POINT('Origin',(0.,0.,10.));
#7891=CARTESIAN_POINT('',(-15.3348498663815,28.0863379523842,-7.99999999999999));
#7892=CARTESIAN_POINT('',(-16.6560572328483,27.3235385236993,-8.));
#7893=CARTESIAN_POINT('Origin',(0.,0.,-7.99999999999999));
#7894=CARTESIAN_POINT('',(-16.6560572328483,27.3235385236993,8.00000000000001));
#7895=CARTESIAN_POINT('',(-16.6560572328483,27.3235385236993,-10.));
#7896=CARTESIAN_POINT('',(-15.3348498663815,28.0863379523842,8.));
#7897=CARTESIAN_POINT('Origin',(0.,0.,8.));
#7898=CARTESIAN_POINT('',(-15.3348498663815,28.0863379523842,-10.));
#7899=CARTESIAN_POINT('Origin',(0.,0.,10.));
#7900=CARTESIAN_POINT('',(-21.972965513582,23.2634646288753,8.));
#7901=CARTESIAN_POINT('',(-20.8392246169734,24.2842895173676,8.));
#7902=CARTESIAN_POINT('Origin',(0.,0.,8.));
#7903=CARTESIAN_POINT('',(-20.8392246169734,24.2842895173676,-8.));
#7904=CARTESIAN_POINT('',(-20.8392246169734,24.2842895173676,-10.));
#7905=CARTESIAN_POINT('',(-21.972965513582,23.2634646288753,-7.99999999999999));
#7906=CARTESIAN_POINT('Origin',(0.,0.,-7.99999999999999));
#7907=CARTESIAN_POINT('',(-21.972965513582,23.2634646288753,-10.));
#7908=CARTESIAN_POINT('Origin',(0.,0.,10.));
#7909=CARTESIAN_POINT('',(-9.160268591855,30.6608786456793,-8.));
#7910=CARTESIAN_POINT('',(-10.611199326409,30.1894426721531,-7.99999999999999));
#7911=CARTESIAN_POINT('Origin',(0.,0.,-7.99999999999999));
#7912=CARTESIAN_POINT('',(-10.611199326409,30.1894426721531,8.));
#7913=CARTESIAN_POINT('',(-10.611199326409,30.1894426721531,-10.));
#7914=CARTESIAN_POINT('',(-9.160268591855,30.6608786456793,8.));
#7915=CARTESIAN_POINT('Origin',(0.,0.,8.));
#7916=CARTESIAN_POINT('',(-9.160268591855,30.6608786456793,-10.));
#7917=CARTESIAN_POINT('Origin',(0.,0.,10.));
#7918=CARTESIAN_POINT('',(-2.58533962401929,31.895391814939,-7.99999999999999));
#7919=CARTESIAN_POINT('',(-4.10258109122197,31.7359233108153,-8.));
#7920=CARTESIAN_POINT('Origin',(0.,0.,-7.99999999999999));
#7921=CARTESIAN_POINT('',(-4.10258109122197,31.7359233108153,8.00000000000001));
#7922=CARTESIAN_POINT('',(-4.10258109122197,31.7359233108153,-10.));
#7923=CARTESIAN_POINT('',(-2.58533962401929,31.895391814939,8.));
#7924=CARTESIAN_POINT('Origin',(0.,0.,8.));
#7925=CARTESIAN_POINT('',(-2.58533962401929,31.895391814939,-10.));
#7926=CARTESIAN_POINT('Origin',(0.,0.,10.));
#7927=CARTESIAN_POINT('',(-26.3295497633855,18.186665699281,8.));
#7928=CARTESIAN_POINT('',(-25.4328252541093,19.4209011014922,8.));
#7929=CARTESIAN_POINT('Origin',(0.,0.,8.));
#7930=CARTESIAN_POINT('',(-25.4328252541093,19.4209011014922,-7.99999999999999));
#7931=CARTESIAN_POINT('',(-25.4328252541093,19.4209011014922,-10.));
#7932=CARTESIAN_POINT('',(-26.3295497633855,18.186665699281,-7.99999999999999));
#7933=CARTESIAN_POINT('Origin',(0.,0.,-7.99999999999999));
#7934=CARTESIAN_POINT('',(-26.3295497633855,18.186665699281,-10.));
#7935=CARTESIAN_POINT('Origin',(0.,0.,10.));
#7936=CARTESIAN_POINT('',(-29.5354063453318,12.3150222093237,8.));
#7937=CARTESIAN_POINT('',(-28.9148893874049,13.7087261156586,8.));
#7938=CARTESIAN_POINT('Origin',(0.,0.,8.));
#7939=CARTESIAN_POINT('',(-28.9148893874049,13.7087261156586,-7.99999999999999));
#7940=CARTESIAN_POINT('',(-28.9148893874049,13.7087261156586,-10.));
#7941=CARTESIAN_POINT('',(-29.5354063453318,12.3150222093237,-7.99999999999999));
#7942=CARTESIAN_POINT('Origin',(0.,0.,-7.99999999999999));
#7943=CARTESIAN_POINT('',(-29.5354063453318,12.3150222093237,-10.));
#7944=CARTESIAN_POINT('Origin',(0.,0.,10.));
#7945=CARTESIAN_POINT('',(-31.450423943383,5.90515315478594,8.));
#7946=CARTESIAN_POINT('',(-31.1332341054376,7.39741401680446,8.));
#7947=CARTESIAN_POINT('Origin',(0.,0.,8.));
#7948=CARTESIAN_POINT('',(-31.1332341054376,7.39741401680446,-7.99999999999999));
#7949=CARTESIAN_POINT('',(-31.1332341054376,7.39741401680446,-10.));
#7950=CARTESIAN_POINT('',(-31.450423943383,5.90515315478594,-7.99999999999999));
#7951=CARTESIAN_POINT('Origin',(0.,0.,-7.99999999999999));
#7952=CARTESIAN_POINT('',(-31.450423943383,5.90515315478594,-10.));
#7953=CARTESIAN_POINT('Origin',(0.,0.,10.));
#7954=CARTESIAN_POINT('',(-26.3295497633859,-18.1866656992805,-7.99999999999999));
#7955=CARTESIAN_POINT('',(-25.4328252541097,-19.4209011014917,-7.99999999999999));
#7956=CARTESIAN_POINT('Origin',(0.,0.,-7.99999999999999));
#7957=CARTESIAN_POINT('',(-25.4328252541097,-19.4209011014917,8.));
#7958=CARTESIAN_POINT('',(-25.4328252541097,-19.4209011014917,-10.));
#7959=CARTESIAN_POINT('',(-26.3295497633859,-18.1866656992805,8.));
#7960=CARTESIAN_POINT('Origin',(0.,0.,8.));
#7961=CARTESIAN_POINT('',(-26.3295497633859,-18.1866656992805,-10.));
#7962=CARTESIAN_POINT('Origin',(0.,0.,10.));
#7963=CARTESIAN_POINT('',(-20.8392246169739,-24.2842895173671,8.00000000000001));
#7964=CARTESIAN_POINT('',(-21.9729655135825,-23.2634646288749,8.));
#7965=CARTESIAN_POINT('Origin',(0.,0.,8.));
#7966=CARTESIAN_POINT('',(-21.9729655135825,-23.2634646288749,-7.99999999999999));
#7967=CARTESIAN_POINT('',(-21.9729655135825,-23.2634646288749,-10.));
#7968=CARTESIAN_POINT('',(-20.8392246169739,-24.2842895173671,-8.));
#7969=CARTESIAN_POINT('Origin',(0.,0.,-7.99999999999999));
#7970=CARTESIAN_POINT('',(-20.8392246169739,-24.2842895173671,-10.));
#7971=CARTESIAN_POINT('Origin',(0.,0.,10.));
#7972=CARTESIAN_POINT('',(-29.535406345332,-12.3150222093231,-7.99999999999999));
#7973=CARTESIAN_POINT('',(-28.9148893874052,-13.708726115658,-7.99999999999999));
#7974=CARTESIAN_POINT('Origin',(0.,0.,-7.99999999999999));
#7975=CARTESIAN_POINT('',(-28.9148893874052,-13.708726115658,8.));
#7976=CARTESIAN_POINT('',(-28.9148893874052,-13.708726115658,-10.));
#7977=CARTESIAN_POINT('',(-29.535406345332,-12.3150222093231,8.));
#7978=CARTESIAN_POINT('Origin',(0.,0.,8.));
#7979=CARTESIAN_POINT('',(-29.535406345332,-12.3150222093231,-10.));
#7980=CARTESIAN_POINT('Origin',(0.,0.,10.));
#7981=CARTESIAN_POINT('',(-31.1332341054378,-7.39741401680384,8.));
#7982=CARTESIAN_POINT('',(-31.4504239433832,-5.90515315478532,8.));
#7983=CARTESIAN_POINT('Origin',(0.,0.,8.));
#7984=CARTESIAN_POINT('',(-31.4504239433832,-5.90515315478531,-7.99999999999999));
#7985=CARTESIAN_POINT('',(-31.4504239433832,-5.90515315478531,-10.));
#7986=CARTESIAN_POINT('',(-31.1332341054378,-7.39741401680384,-7.99999999999999));
#7987=CARTESIAN_POINT('Origin',(0.,0.,-7.99999999999999));
#7988=CARTESIAN_POINT('',(-31.1332341054378,-7.39741401680384,-10.));
#7989=CARTESIAN_POINT('Origin',(0.,0.,10.));
#7990=CARTESIAN_POINT('',(9.1602685918554,30.6608786456792,8.));
#7991=CARTESIAN_POINT('Origin',(0.,0.,8.));
#7992=CARTESIAN_POINT('',(9.1602685918554,30.6608786456792,-7.99999999999999));
#7993=CARTESIAN_POINT('Origin',(0.,0.,-7.99999999999999));
#7994=CARTESIAN_POINT('',(9.1602685918554,30.6608786456792,-10.));
#7995=CARTESIAN_POINT('Origin',(0.,0.,-7.99999999999999));
#7996=CARTESIAN_POINT('Ctrl Pts',(25.4328252541096,19.4209011014918,-7.99999999999999));
#7997=CARTESIAN_POINT('Ctrl Pts',(25.0776432172404,19.3793890136378,-8.3074839009319));
#7998=CARTESIAN_POINT('Ctrl Pts',(24.7281486316987,19.3149205605137,-8.62282922856704));
#7999=CARTESIAN_POINT('Ctrl Pts',(24.0182388370945,19.1365856609392,-9.29071110054939));
#8000=CARTESIAN_POINT('Ctrl Pts',(23.6592764468657,19.0189594083981,-9.6442698860702));
#8001=CARTESIAN_POINT('Ctrl Pts',(23.3143788437091,18.8796117314951,-10.));
#8002=CARTESIAN_POINT('Ctrl Pts',(25.1601170383628,16.3391710504507,-10.));
#8003=CARTESIAN_POINT('Ctrl Pts',(25.3992237752065,16.6241273630977,-9.64426988607019));
#8004=CARTESIAN_POINT('Ctrl Pts',(25.6220184680953,16.9291723724098,-9.29071110054939));
#8005=CARTESIAN_POINT('Ctrl Pts',(26.0109992274243,17.5492281938913,-8.62282922856704));
#8006=CARTESIAN_POINT('Ctrl Pts',(26.180312136238,17.8616954492641,-8.3074839009319));
#8007=CARTESIAN_POINT('Ctrl Pts',(26.3295497633858,18.1866656992806,-7.99999999999999));
#8008=CARTESIAN_POINT('Origin',(0.,0.,-7.99999999999999));
#8009=CARTESIAN_POINT('Ctrl Pts',(28.9148893874051,13.7087261156582,-7.99999999999999));
#8010=CARTESIAN_POINT('Ctrl Pts',(28.5588380818427,13.7419676643559,-8.3074839009319));
#8011=CARTESIAN_POINT('Ctrl Pts',(28.2035770464322,13.7515720118211,-8.62282922856704));
#8012=CARTESIAN_POINT('Ctrl Pts',(27.4721025736002,13.7247327033995,-9.29071110054939));
#8013=CARTESIAN_POINT('Ctrl Pts',(27.0965284997939,13.6843093441856,-9.6442698860702));
#8014=CARTESIAN_POINT('Ctrl Pts',(26.730195725651,13.6197149921864,-10.));
#8015=CARTESIAN_POINT('Ctrl Pts',(28.0074127949161,10.7510384863589,-10.));
#8016=CARTESIAN_POINT('Ctrl Pts',(28.3005402246507,10.9800547339454,-9.64426988607019));
#8017=CARTESIAN_POINT('Ctrl Pts',(28.5818887426177,11.2321121566161,-9.29071110054939));
#8018=CARTESIAN_POINT('Ctrl Pts',(29.0912861933326,11.7577446233516,-8.62282922856704));
#8019=CARTESIAN_POINT('Ctrl Pts',(29.3218648042517,12.0281815863537,-8.3074839009319));
#8020=CARTESIAN_POINT('Ctrl Pts',(29.5354063453319,12.3150222093233,-7.99999999999999));
#8021=CARTESIAN_POINT('Origin',(0.,0.,-7.99999999999999));
#8022=CARTESIAN_POINT('Ctrl Pts',(15.3348498663819,28.086337952384,-8.));
#8023=CARTESIAN_POINT('Ctrl Pts',(15.0272594172246,27.9039492237307,-8.3074839009319));
#8024=CARTESIAN_POINT('Ctrl Pts',(14.7342019083404,27.7029021067215,-8.62282922856704));
#8025=CARTESIAN_POINT('Ctrl Pts',(14.1582023785398,27.2512387425322,-9.2907111005494));
#8026=CARTESIAN_POINT('Ctrl Pts',(13.878116824578,26.9977786562316,-9.6442698860702));
#8027=CARTESIAN_POINT('Ctrl Pts',(13.6197149921864,26.730195725651,-10.));
#8028=CARTESIAN_POINT('Ctrl Pts',(16.3391710504509,25.1601170383627,-10.));
#8029=CARTESIAN_POINT('Ctrl Pts',(16.4417037497569,25.5176910548885,-9.6442698860702));
#8030=CARTESIAN_POINT('Ctrl Pts',(16.5211638463577,25.8869823030028,-9.29071110054939));
#8031=CARTESIAN_POINT('Ctrl Pts',(16.6243160288042,26.6116442104727,-8.62282922856704));
#8032=CARTESIAN_POINT('Ctrl Pts',(16.6518991850496,26.9659630164408,-8.3074839009319));
#8033=CARTESIAN_POINT('Ctrl Pts',(16.6560572328487,27.3235385236991,-8.));
#8034=CARTESIAN_POINT('Origin',(0.,0.,-7.99999999999999));
#8035=CARTESIAN_POINT('Ctrl Pts',(21.2132034355965,21.2132034355963,-10.));
#8036=CARTESIAN_POINT('Ctrl Pts',(21.3878393677878,21.541645855069,-9.64426988607019));
#8037=CARTESIAN_POINT('Ctrl Pts',(21.5423430384316,21.8863465203472,-9.29071110054939));
#8038=CARTESIAN_POINT('Ctrl Pts',(21.7939067806554,22.573726281818,-8.62282922856704));
#8039=CARTESIAN_POINT('Ctrl Pts',(21.8945542007949,22.9145675111176,-8.3074839009319));
#8040=CARTESIAN_POINT('Ctrl Pts',(21.9729655135824,23.263464628875,-8.));
#8041=CARTESIAN_POINT('Ctrl Pts',(20.8392246169738,24.2842895173673,-8.));
#8042=CARTESIAN_POINT('Ctrl Pts',(20.5004350081615,24.1698380703979,-8.3074839009319));
#8043=CARTESIAN_POINT('Ctrl Pts',(20.1719814629379,24.0341143974399,-8.62282922856704));
#8044=CARTESIAN_POINT('Ctrl Pts',(19.5146628111107,23.7120779975697,-9.29071110054939));
#8045=CARTESIAN_POINT('Ctrl Pts',(19.1880004834052,23.5223896833709,-9.6442698860702));
#8046=CARTESIAN_POINT('Ctrl Pts',(18.8796117314951,23.3143788437091,-10.));
#8047=CARTESIAN_POINT('Origin',(0.,0.,-7.99999999999999));
#8048=CARTESIAN_POINT('Ctrl Pts',(31.1332341054377,7.39741401680405,-8.));
#8049=CARTESIAN_POINT('Ctrl Pts',(30.7918746817589,7.50395638686476,-8.3074839009319));
#8050=CARTESIAN_POINT('Ctrl Pts',(30.4463738084586,7.58721377884832,-8.62282922856704));
#8051=CARTESIAN_POINT('Ctrl Pts',(29.7253036018657,7.71304306814691,-9.29071110054939));
#8052=CARTESIAN_POINT('Ctrl Pts',(29.3495322337115,7.75158929703052,-9.64426988607019));
#8053=CARTESIAN_POINT('Ctrl Pts',(28.977774788672,7.76457135307559,-10.));
#8054=CARTESIAN_POINT('Ctrl Pts',(29.6306502178541,4.69303395120678,-10.));
#8055=CARTESIAN_POINT('Ctrl Pts',(29.9649872652188,4.8561010247714,-9.64426988607019));
#8056=CARTESIAN_POINT('Ctrl Pts',(30.2925933279688,5.04415474192431,-9.29071110054939));
#8057=CARTESIAN_POINT('Ctrl Pts',(30.9001443571132,5.45239119285299,-8.62282922856704));
#8058=CARTESIAN_POINT('Ctrl Pts',(31.1819112784016,5.66897847050066,-8.30748390093189));
#8059=CARTESIAN_POINT('Ctrl Pts',(31.4504239433831,5.90515315478553,-7.99999999999999));
#8060=CARTESIAN_POINT('Origin',(0.,0.,-7.99999999999999));
#8061=CARTESIAN_POINT('Ctrl Pts',(31.4504239433831,-5.90515315478574,-8.));
#8062=CARTESIAN_POINT('Ctrl Pts',(31.1819112784016,-5.66897847050087,-8.30748390093191));
#8063=CARTESIAN_POINT('Ctrl Pts',(30.9001443571132,-5.4523911928532,-8.62282922856705));
#8064=CARTESIAN_POINT('Ctrl Pts',(30.2925933279688,-5.04415474192452,-9.29071110054939));
#8065=CARTESIAN_POINT('Ctrl Pts',(29.9649872652187,-4.85610102477161,-9.64426988607019));
#8066=CARTESIAN_POINT('Ctrl Pts',(29.6306502178541,-4.69303395120699,-10.));
#8067=CARTESIAN_POINT('Ctrl Pts',(28.977774788672,-7.76457135307579,-10.));
#8068=CARTESIAN_POINT('Ctrl Pts',(29.3495322337115,-7.75158929703073,-9.6442698860702));
#8069=CARTESIAN_POINT('Ctrl Pts',(29.7253036018656,-7.71304306814711,-9.29071110054939));
#8070=CARTESIAN_POINT('Ctrl Pts',(30.4463738084585,-7.58721377884853,-8.62282922856704));
#8071=CARTESIAN_POINT('Ctrl Pts',(30.7918746817588,-7.50395638686497,-8.3074839009319));
#8072=CARTESIAN_POINT('Ctrl Pts',(31.1332341054377,-7.39741401680426,-7.99999999999999));
#8073=CARTESIAN_POINT('Origin',(0.,0.,-7.99999999999999));
#8074=CARTESIAN_POINT('Ctrl Pts',(29.5354063453319,-12.3150222093235,-7.99999999999999));
#8075=CARTESIAN_POINT('Ctrl Pts',(29.3218648042516,-12.0281815863539,-8.3074839009319));
#8076=CARTESIAN_POINT('Ctrl Pts',(29.0912861933326,-11.7577446233518,-8.62282922856704));
#8077=CARTESIAN_POINT('Ctrl Pts',(28.5818887426176,-11.2321121566163,-9.29071110054939));
#8078=CARTESIAN_POINT('Ctrl Pts',(28.3005402246506,-10.9800547339456,-9.6442698860702));
#8079=CARTESIAN_POINT('Ctrl Pts',(28.007412794916,-10.7510384863591,-10.));
#8080=CARTESIAN_POINT('Ctrl Pts',(26.7301957256509,-13.6197149921866,-10.));
#8081=CARTESIAN_POINT('Ctrl Pts',(27.0965284997938,-13.6843093441857,-9.64426988607019));
#8082=CARTESIAN_POINT('Ctrl Pts',(27.4721025736002,-13.7247327033997,-9.29071110054939));
#8083=CARTESIAN_POINT('Ctrl Pts',(28.2035770464321,-13.7515720118213,-8.62282922856703));
#8084=CARTESIAN_POINT('Ctrl Pts',(28.5588380818426,-13.7419676643561,-8.3074839009319));
#8085=CARTESIAN_POINT('Ctrl Pts',(28.914889387405,-13.7087261156584,-7.99999999999999));
#8086=CARTESIAN_POINT('Origin',(0.,0.,-7.99999999999999));
#8087=CARTESIAN_POINT('Ctrl Pts',(16.6560572328485,-27.3235385236992,-7.99999999999999));
#8088=CARTESIAN_POINT('Ctrl Pts',(16.6518991850495,-26.9659630164409,-8.3074839009319));
#8089=CARTESIAN_POINT('Ctrl Pts',(16.624316028804,-26.6116442104728,-8.62282922856705));
#8090=CARTESIAN_POINT('Ctrl Pts',(16.5211638463576,-25.8869823030029,-9.2907111005494));
#8091=CARTESIAN_POINT('Ctrl Pts',(16.4417037497568,-25.5176910548886,-9.6442698860702));
#8092=CARTESIAN_POINT('Ctrl Pts',(16.3391710504507,-25.1601170383628,-10.));
#8093=CARTESIAN_POINT('Ctrl Pts',(13.6197149921862,-26.7301957256511,-10.));
#8094=CARTESIAN_POINT('Ctrl Pts',(13.8781168245778,-26.9977786562317,-9.6442698860702));
#8095=CARTESIAN_POINT('Ctrl Pts',(14.1582023785396,-27.2512387425323,-9.29071110054939));
#8096=CARTESIAN_POINT('Ctrl Pts',(14.7342019083402,-27.7029021067216,-8.62282922856704));
#8097=CARTESIAN_POINT('Ctrl Pts',(15.0272594172244,-27.9039492237309,-8.3074839009319));
#8098=CARTESIAN_POINT('Ctrl Pts',(15.3348498663817,-28.0863379523841,-8.));
#8099=CARTESIAN_POINT('Origin',(0.,0.,-7.99999999999999));
#8100=CARTESIAN_POINT('Ctrl Pts',(7.76457135307539,-28.9777747886721,-10.));
#8101=CARTESIAN_POINT('Ctrl Pts',(7.9616928659235,-29.2932351520997,-9.6442698860702));
#8102=CARTESIAN_POINT('Ctrl Pts',(8.18296056343389,-29.5993895884943,-9.29071110054939));
#8103=CARTESIAN_POINT('Ctrl Pts',(8.65246702780304,-30.1609400606665,-8.62282922856704));
#8104=CARTESIAN_POINT('Ctrl Pts',(8.89732048096378,-30.4185238979825,-8.3074839009319));
#8105=CARTESIAN_POINT('Ctrl Pts',(9.1602685918552,-30.6608786456793,-8.));
#8106=CARTESIAN_POINT('Origin',(0.,0.,-7.99999999999999));
#8107=CARTESIAN_POINT('Ctrl Pts',(26.3295497633857,-18.1866656992808,-7.99999999999999));
#8108=CARTESIAN_POINT('Ctrl Pts',(26.1803121362378,-17.8616954492643,-8.3074839009319));
#8109=CARTESIAN_POINT('Ctrl Pts',(26.0109992274242,-17.5492281938914,-8.62282922856704));
#8110=CARTESIAN_POINT('Ctrl Pts',(25.6220184680952,-16.92917237241,-9.29071110054939));
#8111=CARTESIAN_POINT('Ctrl Pts',(25.3992237752064,-16.6241273630979,-9.64426988607019));
#8112=CARTESIAN_POINT('Ctrl Pts',(25.1601170383627,-16.3391710504509,-10.));
#8113=CARTESIAN_POINT('Ctrl Pts',(23.314378843709,-18.8796117314953,-10.));
#8114=CARTESIAN_POINT('Ctrl Pts',(23.6592764468656,-19.0189594083982,-9.64426988607019));
#8115=CARTESIAN_POINT('Ctrl Pts',(24.0182388370944,-19.1365856609394,-9.29071110054939));
#8116=CARTESIAN_POINT('Ctrl Pts',(24.7281486316986,-19.3149205605138,-8.62282922856704));
#8117=CARTESIAN_POINT('Ctrl Pts',(25.0776432172403,-19.379389013638,-8.3074839009319));
#8118=CARTESIAN_POINT('Ctrl Pts',(25.4328252541094,-19.420901101492,-7.99999999999999));
#8119=CARTESIAN_POINT('Origin',(0.,0.,-7.99999999999999));
#8120=CARTESIAN_POINT('Ctrl Pts',(18.879611731495,-23.3143788437092,-10.));
#8121=CARTESIAN_POINT('Ctrl Pts',(19.188000483405,-23.522389683371,-9.64426988607019));
#8122=CARTESIAN_POINT('Ctrl Pts',(19.5146628111105,-23.7120779975699,-9.29071110054939));
#8123=CARTESIAN_POINT('Ctrl Pts',(20.1719814629378,-24.03411439744,-8.62282922856705));
#8124=CARTESIAN_POINT('Ctrl Pts',(20.5004350081614,-24.169838070398,-8.3074839009319));
#8125=CARTESIAN_POINT('Ctrl Pts',(20.8392246169736,-24.2842895173674,-8.));
#8126=CARTESIAN_POINT('Ctrl Pts',(21.9729655135822,-23.2634646288752,-8.));
#8127=CARTESIAN_POINT('Ctrl Pts',(21.8945542007948,-22.9145675111177,-8.3074839009319));
#8128=CARTESIAN_POINT('Ctrl Pts',(21.7939067806552,-22.5737262818182,-8.62282922856704));
#8129=CARTESIAN_POINT('Ctrl Pts',(21.5423430384315,-21.8863465203474,-9.29071110054939));
#8130=CARTESIAN_POINT('Ctrl Pts',(21.3878393677877,-21.5416458550692,-9.6442698860702));
#8131=CARTESIAN_POINT('Ctrl Pts',(21.2132034355963,-21.2132034355965,-10.));
#8132=CARTESIAN_POINT('Origin',(0.,0.,-7.99999999999999));
#8133=CARTESIAN_POINT('Ctrl Pts',(1.57007868728826,-29.9588860426372,-10.));
#8134=CARTESIAN_POINT('Ctrl Pts',(1.69730472458743,-30.3084367072834,-9.6442698860702));
#8135=CARTESIAN_POINT('Ctrl Pts',(1.85008410550497,-30.6539050758094,-9.29071110054939));
#8136=CARTESIAN_POINT('Ctrl Pts',(2.19257781900783,-31.3008002057125,-8.62282922856704));
#8137=CARTESIAN_POINT('Ctrl Pts',(2.37852594560471,-31.6036631136202,-8.3074839009319));
#8138=CARTESIAN_POINT('Ctrl Pts',(2.58533962401929,-31.895391814939,-7.99999999999999));
#8139=CARTESIAN_POINT('Origin',(0.,0.,-7.99999999999999));
#8140=CARTESIAN_POINT('Ctrl Pts',(-2.58533962401929,-31.895391814939,-7.99999999999999));
#8141=CARTESIAN_POINT('Ctrl Pts',(-2.37852594560471,-31.6036631136202,-8.3074839009319));
#8142=CARTESIAN_POINT('Ctrl Pts',(-2.19257781900783,-31.3008002057125,-8.62282922856705));
#8143=CARTESIAN_POINT('Ctrl Pts',(-1.85008410550497,-30.6539050758095,-9.2907111005494));
#8144=CARTESIAN_POINT('Ctrl Pts',(-1.69730472458744,-30.3084367072834,-9.64426988607019));
#8145=CARTESIAN_POINT('Ctrl Pts',(-1.57007868728827,-29.9588860426372,-10.));
#8146=CARTESIAN_POINT('Ctrl Pts',(-4.69303395120719,-29.6306502178541,-10.));
#8147=CARTESIAN_POINT('Ctrl Pts',(-4.64126377778519,-29.9990141423435,-9.6442698860702));
#8148=CARTESIAN_POINT('Ctrl Pts',(-4.56364990552342,-30.3686978175554,-9.29071110054939));
#8149=CARTESIAN_POINT('Ctrl Pts',(-4.36313756163411,-31.0726651838653,-8.62282922856704));
#8150=CARTESIAN_POINT('Ctrl Pts',(-4.24422158701149,-31.4075705999916,-8.3074839009319));
#8151=CARTESIAN_POINT('Ctrl Pts',(-4.1025810912226,-31.7359233108152,-7.99999999999999));
#8152=CARTESIAN_POINT('Origin',(0.,0.,-7.99999999999999));
#8153=CARTESIAN_POINT('Ctrl Pts',(-9.16026859185561,-30.6608786456791,-8.));
#8154=CARTESIAN_POINT('Ctrl Pts',(-8.8973204809642,-30.4185238979824,-8.3074839009319));
#8155=CARTESIAN_POINT('Ctrl Pts',(-8.65246702780345,-30.1609400606664,-8.62282922856704));
#8156=CARTESIAN_POINT('Ctrl Pts',(-8.18296056343429,-29.5993895884942,-9.29071110054939));
#8157=CARTESIAN_POINT('Ctrl Pts',(-7.96169286592389,-29.2932351520996,-9.64426988607019));
#8158=CARTESIAN_POINT('Ctrl Pts',(-7.76457135307578,-28.977774788672,-10.));
#8159=CARTESIAN_POINT('Ctrl Pts',(-10.7510384863593,-28.0074127949159,-9.99999999999999));
#8160=CARTESIAN_POINT('Ctrl Pts',(-10.7769867818138,-28.3784907081423,-9.64426988607019));
#8161=CARTESIAN_POINT('Ctrl Pts',(-10.7779305168583,-28.7562327394941,-9.29071110054939));
#8162=CARTESIAN_POINT('Ctrl Pts',(-10.7281628941755,-29.4865055902929,-8.62282922856704));
#8163=CARTESIAN_POINT('Ctrl Pts',(-10.6814762702403,-29.8388165408986,-8.3074839009319));
#8164=CARTESIAN_POINT('Ctrl Pts',(-10.6111993264096,-30.1894426721529,-8.));
#8165=CARTESIAN_POINT('Origin',(0.,0.,-7.99999999999999));
#8166=CARTESIAN_POINT('Ctrl Pts',(-15.3348498663821,-28.0863379523839,-8.));
#8167=CARTESIAN_POINT('Ctrl Pts',(-15.0272594172248,-27.9039492237306,-8.3074839009319));
#8168=CARTESIAN_POINT('Ctrl Pts',(-14.7342019083406,-27.7029021067214,-8.62282922856704));
#8169=CARTESIAN_POINT('Ctrl Pts',(-14.15820237854,-27.2512387425321,-9.29071110054939));
#8170=CARTESIAN_POINT('Ctrl Pts',(-13.8781168245782,-26.9977786562315,-9.64426988607019));
#8171=CARTESIAN_POINT('Ctrl Pts',(-13.6197149921866,-26.7301957256509,-10.));
#8172=CARTESIAN_POINT('Ctrl Pts',(-16.3391710504511,-25.1601170383626,-10.));
#8173=CARTESIAN_POINT('Ctrl Pts',(-16.4417037497571,-25.5176910548884,-9.64426988607019));
#8174=CARTESIAN_POINT('Ctrl Pts',(-16.5211638463579,-25.8869823030027,-9.29071110054939));
#8175=CARTESIAN_POINT('Ctrl Pts',(-16.6243160288044,-26.6116442104725,-8.62282922856705));
#8176=CARTESIAN_POINT('Ctrl Pts',(-16.6518991850498,-26.9659630164407,-8.3074839009319));
#8177=CARTESIAN_POINT('Ctrl Pts',(-16.6560572328489,-27.323538523699,-8.));
#8178=CARTESIAN_POINT('Origin',(0.,0.,-7.99999999999999));
#8179=CARTESIAN_POINT('Ctrl Pts',(-16.6560572328483,27.3235385236993,-8.));
#8180=CARTESIAN_POINT('Ctrl Pts',(-16.6518991850493,26.965963016441,-8.3074839009319));
#8181=CARTESIAN_POINT('Ctrl Pts',(-16.6243160288038,26.6116442104729,-8.62282922856705));
#8182=CARTESIAN_POINT('Ctrl Pts',(-16.5211638463574,25.886982303003,-9.2907111005494));
#8183=CARTESIAN_POINT('Ctrl Pts',(-16.4417037497566,25.5176910548888,-9.6442698860702));
#8184=CARTESIAN_POINT('Ctrl Pts',(-16.3391710504505,25.1601170383629,-10.));
#8185=CARTESIAN_POINT('Ctrl Pts',(-13.619714992186,26.7301957256512,-10.));
#8186=CARTESIAN_POINT('Ctrl Pts',(-13.8781168245776,26.9977786562318,-9.64426988607019));
#8187=CARTESIAN_POINT('Ctrl Pts',(-14.1582023785395,27.2512387425324,-9.29071110054939));
#8188=CARTESIAN_POINT('Ctrl Pts',(-14.73420190834,27.7029021067218,-8.62282922856703));
#8189=CARTESIAN_POINT('Ctrl Pts',(-15.0272594172243,27.903949223731,-8.3074839009319));
#8190=CARTESIAN_POINT('Ctrl Pts',(-15.3348498663815,28.0863379523842,-7.99999999999999));
#8191=CARTESIAN_POINT('Origin',(0.,0.,-7.99999999999999));
#8192=CARTESIAN_POINT('Ctrl Pts',(-18.8796117314948,23.3143788437094,-10.));
#8193=CARTESIAN_POINT('Ctrl Pts',(-19.1880004834048,23.5223896833711,-9.6442698860702));
#8194=CARTESIAN_POINT('Ctrl Pts',(-19.5146628111104,23.71207799757,-9.2907111005494));
#8195=CARTESIAN_POINT('Ctrl Pts',(-20.1719814629376,24.0341143974401,-8.62282922856705));
#8196=CARTESIAN_POINT('Ctrl Pts',(-20.5004350081612,24.1698380703982,-8.3074839009319));
#8197=CARTESIAN_POINT('Ctrl Pts',(-20.8392246169734,24.2842895173676,-8.));
#8198=CARTESIAN_POINT('Ctrl Pts',(-21.972965513582,23.2634646288753,-7.99999999999999));
#8199=CARTESIAN_POINT('Ctrl Pts',(-21.8945542007946,22.9145675111179,-8.3074839009319));
#8200=CARTESIAN_POINT('Ctrl Pts',(-21.7939067806551,22.5737262818183,-8.62282922856704));
#8201=CARTESIAN_POINT('Ctrl Pts',(-21.5423430384313,21.8863465203475,-9.29071110054939));
#8202=CARTESIAN_POINT('Ctrl Pts',(-21.3878393677875,21.5416458550693,-9.6442698860702));
#8203=CARTESIAN_POINT('Ctrl Pts',(-21.2132034355962,21.2132034355966,-10.));
#8204=CARTESIAN_POINT('Origin',(0.,0.,-7.99999999999999));
#8205=CARTESIAN_POINT('Ctrl Pts',(-10.611199326409,30.1894426721531,-7.99999999999999));
#8206=CARTESIAN_POINT('Ctrl Pts',(-10.6814762702397,29.8388165408988,-8.30748390093189));
#8207=CARTESIAN_POINT('Ctrl Pts',(-10.7281628941749,29.4865055902931,-8.62282922856703));
#8208=CARTESIAN_POINT('Ctrl Pts',(-10.7779305168578,28.7562327394943,-9.29071110054938));
#8209=CARTESIAN_POINT('Ctrl Pts',(-10.7769867818133,28.3784907081425,-9.64426988607019));
#8210=CARTESIAN_POINT('Ctrl Pts',(-10.7510384863587,28.0074127949162,-10.));
#8211=CARTESIAN_POINT('Ctrl Pts',(-7.7645713530752,28.9777747886721,-10.));
#8212=CARTESIAN_POINT('Ctrl Pts',(-7.96169286592331,29.2932351520998,-9.6442698860702));
#8213=CARTESIAN_POINT('Ctrl Pts',(-8.1829605634337,29.5993895884943,-9.29071110054939));
#8214=CARTESIAN_POINT('Ctrl Pts',(-8.65246702780284,30.1609400606666,-8.62282922856704));
#8215=CARTESIAN_POINT('Ctrl Pts',(-8.89732048096359,30.4185238979826,-8.3074839009319));
#8216=CARTESIAN_POINT('Ctrl Pts',(-9.160268591855,30.6608786456793,-7.99999999999999));
#8217=CARTESIAN_POINT('Origin',(0.,0.,-7.99999999999999));
#8218=CARTESIAN_POINT('Ctrl Pts',(-4.10258109122197,31.7359233108153,-7.99999999999999));
#8219=CARTESIAN_POINT('Ctrl Pts',(-4.24422158701086,31.4075705999917,-8.3074839009319));
#8220=CARTESIAN_POINT('Ctrl Pts',(-4.36313756163349,31.0726651838654,-8.62282922856705));
#8221=CARTESIAN_POINT('Ctrl Pts',(-4.56364990552281,30.3686978175555,-9.2907111005494));
#8222=CARTESIAN_POINT('Ctrl Pts',(-4.64126377778459,29.9990141423436,-9.6442698860702));
#8223=CARTESIAN_POINT('Ctrl Pts',(-4.6930339512066,29.6306502178542,-10.));
#8224=CARTESIAN_POINT('Ctrl Pts',(-1.57007868728826,29.9588860426372,-10.));
#8225=CARTESIAN_POINT('Ctrl Pts',(-1.69730472458743,30.3084367072834,-9.6442698860702));
#8226=CARTESIAN_POINT('Ctrl Pts',(-1.85008410550497,30.6539050758094,-9.29071110054939));
#8227=CARTESIAN_POINT('Ctrl Pts',(-2.19257781900783,31.3008002057125,-8.62282922856704));
#8228=CARTESIAN_POINT('Ctrl Pts',(-2.37852594560471,31.6036631136202,-8.3074839009319));
#8229=CARTESIAN_POINT('Ctrl Pts',(-2.58533962401929,31.895391814939,-7.99999999999999));
#8230=CARTESIAN_POINT('Origin',(0.,0.,-7.99999999999999));
#8231=CARTESIAN_POINT('Ctrl Pts',(-23.3143788437089,18.8796117314954,-10.));
#8232=CARTESIAN_POINT('Ctrl Pts',(-23.6592764468655,19.0189594083984,-9.6442698860702));
#8233=CARTESIAN_POINT('Ctrl Pts',(-24.0182388370942,19.1365856609395,-9.29071110054939));
#8234=CARTESIAN_POINT('Ctrl Pts',(-24.7281486316985,19.314920560514,-8.62282922856704));
#8235=CARTESIAN_POINT('Ctrl Pts',(-25.0776432172401,19.3793890136382,-8.3074839009319));
#8236=CARTESIAN_POINT('Ctrl Pts',(-25.4328252541093,19.4209011014922,-8.));
#8237=CARTESIAN_POINT('Ctrl Pts',(-26.3295497633855,18.186665699281,-7.99999999999999));
#8238=CARTESIAN_POINT('Ctrl Pts',(-26.1803121362377,17.8616954492645,-8.3074839009319));
#8239=CARTESIAN_POINT('Ctrl Pts',(-26.0109992274241,17.5492281938916,-8.62282922856703));
#8240=CARTESIAN_POINT('Ctrl Pts',(-25.622018468095,16.9291723724101,-9.29071110054939));
#8241=CARTESIAN_POINT('Ctrl Pts',(-25.3992237752063,16.6241273630981,-9.6442698860702));
#8242=CARTESIAN_POINT('Ctrl Pts',(-25.1601170383625,16.3391710504511,-10.));
#8243=CARTESIAN_POINT('Origin',(0.,0.,-7.99999999999999));
#8244=CARTESIAN_POINT('Ctrl Pts',(-26.7301957256508,13.6197149921868,-10.));
#8245=CARTESIAN_POINT('Ctrl Pts',(-27.0965284997937,13.6843093441859,-9.64426988607019));
#8246=CARTESIAN_POINT('Ctrl Pts',(-27.4721025736001,13.7247327033999,-9.29071110054939));
#8247=CARTESIAN_POINT('Ctrl Pts',(-28.203577046432,13.7515720118215,-8.62282922856704));
#8248=CARTESIAN_POINT('Ctrl Pts',(-28.5588380818425,13.7419676643563,-8.3074839009319));
#8249=CARTESIAN_POINT('Ctrl Pts',(-28.9148893874049,13.7087261156586,-8.));
#8250=CARTESIAN_POINT('Ctrl Pts',(-29.5354063453318,12.3150222093237,-7.99999999999999));
#8251=CARTESIAN_POINT('Ctrl Pts',(-29.3218648042515,12.0281815863541,-8.3074839009319));
#8252=CARTESIAN_POINT('Ctrl Pts',(-29.0912861933325,11.7577446233519,-8.62282922856704));
#8253=CARTESIAN_POINT('Ctrl Pts',(-28.5818887426175,11.2321121566165,-9.29071110054939));
#8254=CARTESIAN_POINT('Ctrl Pts',(-28.3005402246506,10.9800547339458,-9.6442698860702));
#8255=CARTESIAN_POINT('Ctrl Pts',(-28.0074127949159,10.7510384863592,-10.));
#8256=CARTESIAN_POINT('Origin',(0.,0.,-7.99999999999999));
#8257=CARTESIAN_POINT('Ctrl Pts',(-28.9777747886719,7.76457135307597,-10.));
#8258=CARTESIAN_POINT('Ctrl Pts',(-29.3495322337114,7.75158929703091,-9.6442698860702));
#8259=CARTESIAN_POINT('Ctrl Pts',(-29.7253036018656,7.7130430681473,-9.29071110054939));
#8260=CARTESIAN_POINT('Ctrl Pts',(-30.4463738084585,7.58721377884873,-8.62282922856704));
#8261=CARTESIAN_POINT('Ctrl Pts',(-30.7918746817588,7.50395638686517,-8.3074839009319));
#8262=CARTESIAN_POINT('Ctrl Pts',(-31.1332341054376,7.39741401680446,-8.));
#8263=CARTESIAN_POINT('Ctrl Pts',(-31.450423943383,5.90515315478594,-8.));
#8264=CARTESIAN_POINT('Ctrl Pts',(-31.1819112784016,5.66897847050107,-8.3074839009319));
#8265=CARTESIAN_POINT('Ctrl Pts',(-30.9001443571132,5.4523911928534,-8.62282922856704));
#8266=CARTESIAN_POINT('Ctrl Pts',(-30.2925933279688,5.04415474192471,-9.29071110054939));
#8267=CARTESIAN_POINT('Ctrl Pts',(-29.9649872652187,4.8561010247718,-9.64426988607019));
#8268=CARTESIAN_POINT('Ctrl Pts',(-29.6306502178541,4.69303395120718,-10.));
#8269=CARTESIAN_POINT('Origin',(0.,0.,-7.99999999999999));
#8270=CARTESIAN_POINT('Ctrl Pts',(-29.9588860426372,1.57007868728867,-10.));
#8271=CARTESIAN_POINT('Ctrl Pts',(-30.3198205743348,1.48008760134336,-9.6442698860702));
#8272=CARTESIAN_POINT('Ctrl Pts',(-30.6793662248975,1.36425643952968,-9.29071110054939));
#8273=CARTESIAN_POINT('Ctrl Pts',(-31.3585179371445,1.0912578962492,-8.62282922856704));
#8274=CARTESIAN_POINT('Ctrl Pts',(-31.6791586022742,0.937986207290251,-8.3074839009319));
#8275=CARTESIAN_POINT('Ctrl Pts',(-31.9909070992305,0.762799428685226,-8.));
#8276=CARTESIAN_POINT('Ctrl Pts',(-31.9909070992305,-0.762799428684583,
-7.99999999999999));
#8277=CARTESIAN_POINT('Ctrl Pts',(-31.6791586022742,-0.937986207289613,
-8.30748390093189));
#8278=CARTESIAN_POINT('Ctrl Pts',(-31.3585179371445,-1.09125789624857,-8.62282922856704));
#8279=CARTESIAN_POINT('Ctrl Pts',(-30.6793662248975,-1.36425643952906,-9.29071110054939));
#8280=CARTESIAN_POINT('Ctrl Pts',(-30.3198205743349,-1.48008760134275,-9.6442698860702));
#8281=CARTESIAN_POINT('Ctrl Pts',(-29.9588860426372,-1.57007868728807,-10.));
#8282=CARTESIAN_POINT('Origin',(0.,0.,-7.99999999999999));
#8283=CARTESIAN_POINT('Ctrl Pts',(-25.4328252541097,-19.4209011014917,-7.99999999999999));
#8284=CARTESIAN_POINT('Ctrl Pts',(-25.0776432172405,-19.3793890136377,-8.3074839009319));
#8285=CARTESIAN_POINT('Ctrl Pts',(-24.7281486316989,-19.3149205605135,-8.62282922856704));
#8286=CARTESIAN_POINT('Ctrl Pts',(-24.0182388370946,-19.1365856609391,-9.29071110054939));
#8287=CARTESIAN_POINT('Ctrl Pts',(-23.6592764468659,-19.0189594083979,-9.64426988607019));
#8288=CARTESIAN_POINT('Ctrl Pts',(-23.3143788437092,-18.879611731495,-10.));
#8289=CARTESIAN_POINT('Ctrl Pts',(-25.1601170383629,-16.3391710504505,-10.));
#8290=CARTESIAN_POINT('Ctrl Pts',(-25.3992237752066,-16.6241273630975,-9.64426988607019));
#8291=CARTESIAN_POINT('Ctrl Pts',(-25.6220184680954,-16.9291723724096,-9.29071110054939));
#8292=CARTESIAN_POINT('Ctrl Pts',(-26.0109992274245,-17.5492281938911,-8.62282922856704));
#8293=CARTESIAN_POINT('Ctrl Pts',(-26.1803121362381,-17.8616954492639,-8.3074839009319));
#8294=CARTESIAN_POINT('Ctrl Pts',(-26.3295497633859,-18.1866656992805,-8.));
#8295=CARTESIAN_POINT('Origin',(0.,0.,-7.99999999999999));
#8296=CARTESIAN_POINT('Ctrl Pts',(-21.2132034355966,-21.2132034355962,-10.));
#8297=CARTESIAN_POINT('Ctrl Pts',(-21.387839367788,-21.5416458550689,-9.6442698860702));
#8298=CARTESIAN_POINT('Ctrl Pts',(-21.5423430384318,-21.8863465203471,-9.29071110054939));
#8299=CARTESIAN_POINT('Ctrl Pts',(-21.7939067806555,-22.5737262818179,-8.62282922856704));
#8300=CARTESIAN_POINT('Ctrl Pts',(-21.8945542007951,-22.9145675111174,-8.3074839009319));
#8301=CARTESIAN_POINT('Ctrl Pts',(-21.9729655135825,-23.2634646288749,-7.99999999999999));
#8302=CARTESIAN_POINT('Ctrl Pts',(-20.8392246169739,-24.2842895173671,-8.));
#8303=CARTESIAN_POINT('Ctrl Pts',(-20.5004350081617,-24.1698380703977,-8.30748390093191));
#8304=CARTESIAN_POINT('Ctrl Pts',(-20.1719814629381,-24.0341143974397,-8.62282922856704));
#8305=CARTESIAN_POINT('Ctrl Pts',(-19.5146628111109,-23.7120779975696,-9.29071110054939));
#8306=CARTESIAN_POINT('Ctrl Pts',(-19.1880004834053,-23.5223896833707,-9.6442698860702));
#8307=CARTESIAN_POINT('Ctrl Pts',(-18.8796117314953,-23.314378843709,-10.));
#8308=CARTESIAN_POINT('Origin',(0.,0.,-7.99999999999999));
#8309=CARTESIAN_POINT('Ctrl Pts',(-28.9148893874052,-13.708726115658,-8.));
#8310=CARTESIAN_POINT('Ctrl Pts',(-28.5588380818428,-13.7419676643557,-8.3074839009319));
#8311=CARTESIAN_POINT('Ctrl Pts',(-28.2035770464323,-13.7515720118209,-8.62282922856704));
#8312=CARTESIAN_POINT('Ctrl Pts',(-27.4721025736003,-13.7247327033994,-9.29071110054939));
#8313=CARTESIAN_POINT('Ctrl Pts',(-27.096528499794,-13.6843093441854,-9.6442698860702));
#8314=CARTESIAN_POINT('Ctrl Pts',(-26.7301957256511,-13.6197149921862,-10.));
#8315=CARTESIAN_POINT('Ctrl Pts',(-28.0074127949162,-10.7510384863587,-10.));
#8316=CARTESIAN_POINT('Ctrl Pts',(-28.3005402246508,-10.9800547339452,-9.64426988607019));
#8317=CARTESIAN_POINT('Ctrl Pts',(-28.5818887426178,-11.2321121566159,-9.29071110054939));
#8318=CARTESIAN_POINT('Ctrl Pts',(-29.0912861933327,-11.7577446233513,-8.62282922856704));
#8319=CARTESIAN_POINT('Ctrl Pts',(-29.3218648042518,-12.0281815863535,-8.3074839009319));
#8320=CARTESIAN_POINT('Ctrl Pts',(-29.535406345332,-12.3150222093231,-7.99999999999999));
#8321=CARTESIAN_POINT('Origin',(0.,0.,-7.99999999999999));
#8322=CARTESIAN_POINT('Ctrl Pts',(-29.6306502178542,-4.69303395120658,-10.));
#8323=CARTESIAN_POINT('Ctrl Pts',(-29.9649872652188,-4.85610102477119,-9.6442698860702));
#8324=CARTESIAN_POINT('Ctrl Pts',(-30.2925933279688,-5.0441547419241,-9.29071110054939));
#8325=CARTESIAN_POINT('Ctrl Pts',(-30.9001443571133,-5.45239119285278,-8.62282922856704));
#8326=CARTESIAN_POINT('Ctrl Pts',(-31.1819112784017,-5.66897847050044,-8.3074839009319));
#8327=CARTESIAN_POINT('Ctrl Pts',(-31.4504239433832,-5.90515315478531,-7.99999999999999));
#8328=CARTESIAN_POINT('Ctrl Pts',(-31.1332341054378,-7.39741401680383,-7.99999999999999));
#8329=CARTESIAN_POINT('Ctrl Pts',(-30.7918746817589,-7.50395638686455,-8.3074839009319));
#8330=CARTESIAN_POINT('Ctrl Pts',(-30.4463738084586,-7.58721377884811,-8.62282922856704));
#8331=CARTESIAN_POINT('Ctrl Pts',(-29.7253036018657,-7.7130430681467,-9.29071110054939));
#8332=CARTESIAN_POINT('Ctrl Pts',(-29.3495322337116,-7.75158929703032,-9.64426988607019));
#8333=CARTESIAN_POINT('Ctrl Pts',(-28.9777747886721,-7.76457135307539,-10.));
#8334=CARTESIAN_POINT('Origin',(0.,0.,-7.99999999999999));
#8335=CARTESIAN_POINT('Ctrl Pts',(9.1602685918554,30.6608786456792,-8.));
#8336=CARTESIAN_POINT('Ctrl Pts',(8.89732048096398,30.4185238979824,-8.3074839009319));
#8337=CARTESIAN_POINT('Ctrl Pts',(8.65246702780323,30.1609400606665,-8.62282922856704));
#8338=CARTESIAN_POINT('Ctrl Pts',(8.18296056343408,29.5993895884942,-9.29071110054939));
#8339=CARTESIAN_POINT('Ctrl Pts',(7.96169286592369,29.2932351520997,-9.6442698860702));
#8340=CARTESIAN_POINT('Ctrl Pts',(7.76457135307558,28.977774788672,-10.));
#8341=CARTESIAN_POINT('Origin',(0.,0.,10.));
#8342=CARTESIAN_POINT('Ctrl Pts',(23.3143788437091,18.8796117314951,10.));
#8343=CARTESIAN_POINT('Ctrl Pts',(23.6592764468657,19.0189594083981,9.6442698860702));
#8344=CARTESIAN_POINT('Ctrl Pts',(24.0182388370945,19.1365856609392,9.29071110054941));
#8345=CARTESIAN_POINT('Ctrl Pts',(24.7281486316987,19.3149205605137,8.62282922856705));
#8346=CARTESIAN_POINT('Ctrl Pts',(25.0776432172404,19.3793890136378,8.30748390093191));
#8347=CARTESIAN_POINT('Ctrl Pts',(25.4328252541096,19.4209011014918,8.));
#8348=CARTESIAN_POINT('Ctrl Pts',(26.3295497633858,18.1866656992806,8.));
#8349=CARTESIAN_POINT('Ctrl Pts',(26.180312136238,17.8616954492641,8.30748390093191));
#8350=CARTESIAN_POINT('Ctrl Pts',(26.0109992274244,17.5492281938913,8.62282922856705));
#8351=CARTESIAN_POINT('Ctrl Pts',(25.6220184680953,16.9291723724098,9.2907111005494));
#8352=CARTESIAN_POINT('Ctrl Pts',(25.3992237752065,16.6241273630977,9.6442698860702));
#8353=CARTESIAN_POINT('Ctrl Pts',(25.1601170383628,16.3391710504507,10.));
#8354=CARTESIAN_POINT('Origin',(0.,0.,10.));
#8355=CARTESIAN_POINT('Ctrl Pts',(26.730195725651,13.6197149921864,10.));
#8356=CARTESIAN_POINT('Ctrl Pts',(27.0965284997939,13.6843093441856,9.6442698860702));
#8357=CARTESIAN_POINT('Ctrl Pts',(27.4721025736003,13.7247327033995,9.2907111005494));
#8358=CARTESIAN_POINT('Ctrl Pts',(28.2035770464322,13.7515720118211,8.62282922856705));
#8359=CARTESIAN_POINT('Ctrl Pts',(28.5588380818427,13.7419676643559,8.30748390093191));
#8360=CARTESIAN_POINT('Ctrl Pts',(28.9148893874051,13.7087261156582,8.));
#8361=CARTESIAN_POINT('Ctrl Pts',(29.5354063453319,12.3150222093233,8.));
#8362=CARTESIAN_POINT('Ctrl Pts',(29.3218648042517,12.0281815863537,8.30748390093191));
#8363=CARTESIAN_POINT('Ctrl Pts',(29.0912861933326,11.7577446233516,8.62282922856705));
#8364=CARTESIAN_POINT('Ctrl Pts',(28.5818887426177,11.2321121566161,9.2907111005494));
#8365=CARTESIAN_POINT('Ctrl Pts',(28.3005402246507,10.9800547339454,9.6442698860702));
#8366=CARTESIAN_POINT('Ctrl Pts',(28.0074127949161,10.7510384863589,10.));
#8367=CARTESIAN_POINT('Origin',(0.,0.,10.));
#8368=CARTESIAN_POINT('Ctrl Pts',(13.6197149921864,26.730195725651,10.));
#8369=CARTESIAN_POINT('Ctrl Pts',(13.878116824578,26.9977786562316,9.6442698860702));
#8370=CARTESIAN_POINT('Ctrl Pts',(14.1582023785398,27.2512387425322,9.2907111005494));
#8371=CARTESIAN_POINT('Ctrl Pts',(14.7342019083404,27.7029021067215,8.62282922856705));
#8372=CARTESIAN_POINT('Ctrl Pts',(15.0272594172246,27.9039492237307,8.30748390093191));
#8373=CARTESIAN_POINT('Ctrl Pts',(15.3348498663819,28.086337952384,8.00000000000001));
#8374=CARTESIAN_POINT('Ctrl Pts',(16.6560572328487,27.3235385236991,8.));
#8375=CARTESIAN_POINT('Ctrl Pts',(16.6518991850496,26.9659630164408,8.3074839009319));
#8376=CARTESIAN_POINT('Ctrl Pts',(16.6243160288042,26.6116442104727,8.62282922856704));
#8377=CARTESIAN_POINT('Ctrl Pts',(16.5211638463577,25.8869823030028,9.29071110054939));
#8378=CARTESIAN_POINT('Ctrl Pts',(16.4417037497569,25.5176910548885,9.6442698860702));
#8379=CARTESIAN_POINT('Ctrl Pts',(16.3391710504509,25.1601170383627,10.));
#8380=CARTESIAN_POINT('Origin',(0.,0.,10.));
#8381=CARTESIAN_POINT('Ctrl Pts',(21.9729655135824,23.263464628875,8.));
#8382=CARTESIAN_POINT('Ctrl Pts',(21.8945542007949,22.9145675111176,8.30748390093191));
#8383=CARTESIAN_POINT('Ctrl Pts',(21.7939067806554,22.573726281818,8.62282922856705));
#8384=CARTESIAN_POINT('Ctrl Pts',(21.5423430384316,21.8863465203472,9.2907111005494));
#8385=CARTESIAN_POINT('Ctrl Pts',(21.3878393677878,21.5416458550691,9.6442698860702));
#8386=CARTESIAN_POINT('Ctrl Pts',(21.2132034355965,21.2132034355964,10.));
#8387=CARTESIAN_POINT('Ctrl Pts',(18.8796117314951,23.3143788437091,10.));
#8388=CARTESIAN_POINT('Ctrl Pts',(19.1880004834052,23.5223896833709,9.6442698860702));
#8389=CARTESIAN_POINT('Ctrl Pts',(19.5146628111107,23.7120779975698,9.2907111005494));
#8390=CARTESIAN_POINT('Ctrl Pts',(20.171981462938,24.0341143974399,8.62282922856705));
#8391=CARTESIAN_POINT('Ctrl Pts',(20.5004350081615,24.1698380703979,8.30748390093191));
#8392=CARTESIAN_POINT('Ctrl Pts',(20.8392246169737,24.2842895173673,8.00000000000001));
#8393=CARTESIAN_POINT('Origin',(0.,0.,10.));
#8394=CARTESIAN_POINT('Ctrl Pts',(28.9777747886721,7.76457135307559,10.));
#8395=CARTESIAN_POINT('Ctrl Pts',(29.3495322337115,7.75158929703052,9.6442698860702));
#8396=CARTESIAN_POINT('Ctrl Pts',(29.7253036018657,7.71304306814691,9.2907111005494));
#8397=CARTESIAN_POINT('Ctrl Pts',(30.4463738084586,7.58721377884832,8.62282922856705));
#8398=CARTESIAN_POINT('Ctrl Pts',(30.7918746817589,7.50395638686476,8.30748390093191));
#8399=CARTESIAN_POINT('Ctrl Pts',(31.1332341054377,7.39741401680405,8.));
#8400=CARTESIAN_POINT('Ctrl Pts',(31.4504239433831,5.90515315478552,8.));
#8401=CARTESIAN_POINT('Ctrl Pts',(31.1819112784016,5.66897847050065,8.30748390093191));
#8402=CARTESIAN_POINT('Ctrl Pts',(30.9001443571132,5.45239119285299,8.62282922856705));
#8403=CARTESIAN_POINT('Ctrl Pts',(30.2925933279688,5.04415474192431,9.29071110054939));
#8404=CARTESIAN_POINT('Ctrl Pts',(29.9649872652188,4.8561010247714,9.64426988607019));
#8405=CARTESIAN_POINT('Ctrl Pts',(29.6306502178542,4.69303395120679,10.));
#8406=CARTESIAN_POINT('Origin',(0.,0.,10.));
#8407=CARTESIAN_POINT('Ctrl Pts',(29.9588860426372,1.57007868728827,10.));
#8408=CARTESIAN_POINT('Ctrl Pts',(30.3198205743349,1.48008760134295,9.6442698860702));
#8409=CARTESIAN_POINT('Ctrl Pts',(30.6793662248975,1.36425643952927,9.2907111005494));
#8410=CARTESIAN_POINT('Ctrl Pts',(31.3585179371445,1.09125789624878,8.62282922856705));
#8411=CARTESIAN_POINT('Ctrl Pts',(31.6791586022742,0.937986207289833,8.30748390093191));
#8412=CARTESIAN_POINT('Ctrl Pts',(31.9909070992305,0.762799428684805,8.));
#8413=CARTESIAN_POINT('Ctrl Pts',(31.9909070992305,-0.762799428685015,7.99999999999999));
#8414=CARTESIAN_POINT('Ctrl Pts',(31.6791586022742,-0.937986207290044,8.3074839009319));
#8415=CARTESIAN_POINT('Ctrl Pts',(31.3585179371445,-1.09125789624899,8.62282922856705));
#8416=CARTESIAN_POINT('Ctrl Pts',(30.6793662248975,-1.36425643952948,9.2907111005494));
#8417=CARTESIAN_POINT('Ctrl Pts',(30.3198205743349,-1.48008760134316,9.6442698860702));
#8418=CARTESIAN_POINT('Ctrl Pts',(29.9588860426372,-1.57007868728847,10.));
#8419=CARTESIAN_POINT('Origin',(0.,0.,10.));
#8420=CARTESIAN_POINT('Ctrl Pts',(29.6306502178541,-4.693033951207,10.));
#8421=CARTESIAN_POINT('Ctrl Pts',(29.9649872652187,-4.85610102477161,9.6442698860702));
#8422=CARTESIAN_POINT('Ctrl Pts',(30.2925933279688,-5.04415474192452,9.2907111005494));
#8423=CARTESIAN_POINT('Ctrl Pts',(30.9001443571132,-5.4523911928532,8.62282922856705));
#8424=CARTESIAN_POINT('Ctrl Pts',(31.1819112784016,-5.66897847050087,8.30748390093191));
#8425=CARTESIAN_POINT('Ctrl Pts',(31.4504239433831,-5.90515315478574,8.00000000000001));
#8426=CARTESIAN_POINT('Ctrl Pts',(31.1332341054377,-7.39741401680426,7.99999999999999));
#8427=CARTESIAN_POINT('Ctrl Pts',(30.7918746817588,-7.50395638686497,8.30748390093191));
#8428=CARTESIAN_POINT('Ctrl Pts',(30.4463738084585,-7.58721377884853,8.62282922856705));
#8429=CARTESIAN_POINT('Ctrl Pts',(29.7253036018656,-7.71304306814711,9.2907111005494));
#8430=CARTESIAN_POINT('Ctrl Pts',(29.3495322337115,-7.75158929703073,9.6442698860702));
#8431=CARTESIAN_POINT('Ctrl Pts',(28.977774788672,-7.76457135307579,10.));
#8432=CARTESIAN_POINT('Origin',(0.,0.,10.));
#8433=CARTESIAN_POINT('Ctrl Pts',(28.007412794916,-10.7510384863591,10.));
#8434=CARTESIAN_POINT('Ctrl Pts',(28.3005402246506,-10.9800547339456,9.6442698860702));
#8435=CARTESIAN_POINT('Ctrl Pts',(28.5818887426176,-11.2321121566163,9.2907111005494));
#8436=CARTESIAN_POINT('Ctrl Pts',(29.0912861933325,-11.7577446233518,8.62282922856705));
#8437=CARTESIAN_POINT('Ctrl Pts',(29.3218648042516,-12.0281815863539,8.30748390093191));
#8438=CARTESIAN_POINT('Ctrl Pts',(29.5354063453319,-12.3150222093235,8.));
#8439=CARTESIAN_POINT('Ctrl Pts',(28.914889387405,-13.7087261156584,8.));
#8440=CARTESIAN_POINT('Ctrl Pts',(28.5588380818426,-13.7419676643561,8.30748390093191));
#8441=CARTESIAN_POINT('Ctrl Pts',(28.2035770464321,-13.7515720118213,8.62282922856705));
#8442=CARTESIAN_POINT('Ctrl Pts',(27.4721025736002,-13.7247327033997,9.2907111005494));
#8443=CARTESIAN_POINT('Ctrl Pts',(27.0965284997938,-13.6843093441857,9.6442698860702));
#8444=CARTESIAN_POINT('Ctrl Pts',(26.730195725651,-13.6197149921866,10.));
#8445=CARTESIAN_POINT('Origin',(0.,0.,10.));
#8446=CARTESIAN_POINT('Ctrl Pts',(16.3391710504507,-25.1601170383628,10.));
#8447=CARTESIAN_POINT('Ctrl Pts',(16.4417037497568,-25.5176910548886,9.6442698860702));
#8448=CARTESIAN_POINT('Ctrl Pts',(16.5211638463576,-25.8869823030029,9.2907111005494));
#8449=CARTESIAN_POINT('Ctrl Pts',(16.624316028804,-26.6116442104728,8.62282922856705));
#8450=CARTESIAN_POINT('Ctrl Pts',(16.6518991850495,-26.9659630164409,8.30748390093191));
#8451=CARTESIAN_POINT('Ctrl Pts',(16.6560572328485,-27.3235385236992,8.00000000000001));
#8452=CARTESIAN_POINT('Ctrl Pts',(15.3348498663817,-28.0863379523841,8.));
#8453=CARTESIAN_POINT('Ctrl Pts',(15.0272594172245,-27.9039492237309,8.3074839009319));
#8454=CARTESIAN_POINT('Ctrl Pts',(14.7342019083402,-27.7029021067216,8.62282922856705));
#8455=CARTESIAN_POINT('Ctrl Pts',(14.1582023785397,-27.2512387425323,9.2907111005494));
#8456=CARTESIAN_POINT('Ctrl Pts',(13.8781168245778,-26.9977786562317,9.6442698860702));
#8457=CARTESIAN_POINT('Ctrl Pts',(13.6197149921862,-26.7301957256511,10.));
#8458=CARTESIAN_POINT('Origin',(0.,0.,10.));
#8459=CARTESIAN_POINT('Ctrl Pts',(9.16026859185521,-30.6608786456793,7.99999999999999));
#8460=CARTESIAN_POINT('Ctrl Pts',(8.89732048096379,-30.4185238979825,8.30748390093191));
#8461=CARTESIAN_POINT('Ctrl Pts',(8.65246702780304,-30.1609400606665,8.62282922856706));
#8462=CARTESIAN_POINT('Ctrl Pts',(8.18296056343389,-29.5993895884943,9.29071110054941));
#8463=CARTESIAN_POINT('Ctrl Pts',(7.9616928659235,-29.2932351520997,9.64426988607021));
#8464=CARTESIAN_POINT('Ctrl Pts',(7.7645713530754,-28.9777747886721,10.));
#8465=CARTESIAN_POINT('Origin',(0.,0.,10.));
#8466=CARTESIAN_POINT('Ctrl Pts',(25.1601170383627,-16.3391710504509,10.));
#8467=CARTESIAN_POINT('Ctrl Pts',(25.3992237752064,-16.6241273630979,9.6442698860702));
#8468=CARTESIAN_POINT('Ctrl Pts',(25.6220184680952,-16.92917237241,9.2907111005494));
#8469=CARTESIAN_POINT('Ctrl Pts',(26.0109992274242,-17.5492281938914,8.62282922856705));
#8470=CARTESIAN_POINT('Ctrl Pts',(26.1803121362378,-17.8616954492643,8.3074839009319));
#8471=CARTESIAN_POINT('Ctrl Pts',(26.3295497633857,-18.1866656992808,8.));
#8472=CARTESIAN_POINT('Ctrl Pts',(25.4328252541094,-19.420901101492,8.));
#8473=CARTESIAN_POINT('Ctrl Pts',(25.0776432172403,-19.379389013638,8.30748390093191));
#8474=CARTESIAN_POINT('Ctrl Pts',(24.7281486316986,-19.3149205605138,8.62282922856705));
#8475=CARTESIAN_POINT('Ctrl Pts',(24.0182388370944,-19.1365856609394,9.2907111005494));
#8476=CARTESIAN_POINT('Ctrl Pts',(23.6592764468656,-19.0189594083982,9.6442698860702));
#8477=CARTESIAN_POINT('Ctrl Pts',(23.314378843709,-18.8796117314953,10.));
#8478=CARTESIAN_POINT('Origin',(0.,0.,10.));
#8479=CARTESIAN_POINT('Ctrl Pts',(20.8392246169736,-24.2842895173674,8.));
#8480=CARTESIAN_POINT('Ctrl Pts',(20.5004350081614,-24.169838070398,8.30748390093191));
#8481=CARTESIAN_POINT('Ctrl Pts',(20.1719814629378,-24.03411439744,8.62282922856705));
#8482=CARTESIAN_POINT('Ctrl Pts',(19.5146628111106,-23.7120779975699,9.2907111005494));
#8483=CARTESIAN_POINT('Ctrl Pts',(19.188000483405,-23.522389683371,9.6442698860702));
#8484=CARTESIAN_POINT('Ctrl Pts',(18.879611731495,-23.3143788437093,10.));
#8485=CARTESIAN_POINT('Ctrl Pts',(21.2132034355964,-21.2132034355965,10.));
#8486=CARTESIAN_POINT('Ctrl Pts',(21.3878393677877,-21.5416458550692,9.6442698860702));
#8487=CARTESIAN_POINT('Ctrl Pts',(21.5423430384315,-21.8863465203474,9.2907111005494));
#8488=CARTESIAN_POINT('Ctrl Pts',(21.7939067806552,-22.5737262818182,8.62282922856705));
#8489=CARTESIAN_POINT('Ctrl Pts',(21.8945542007948,-22.9145675111177,8.30748390093191));
#8490=CARTESIAN_POINT('Ctrl Pts',(21.9729655135822,-23.2634646288752,8.00000000000001));
#8491=CARTESIAN_POINT('Origin',(0.,0.,10.));
#8492=CARTESIAN_POINT('Ctrl Pts',(2.58533962401929,-31.895391814939,8.));
#8493=CARTESIAN_POINT('Ctrl Pts',(2.37852594560471,-31.6036631136202,8.30748390093191));
#8494=CARTESIAN_POINT('Ctrl Pts',(2.19257781900783,-31.3008002057125,8.62282922856705));
#8495=CARTESIAN_POINT('Ctrl Pts',(1.85008410550497,-30.6539050758095,9.2907111005494));
#8496=CARTESIAN_POINT('Ctrl Pts',(1.69730472458744,-30.3084367072834,9.6442698860702));
#8497=CARTESIAN_POINT('Ctrl Pts',(1.57007868728827,-29.9588860426372,10.));
#8498=CARTESIAN_POINT('Origin',(0.,0.,10.));
#8499=CARTESIAN_POINT('Ctrl Pts',(-1.57007868728827,-29.9588860426372,10.));
#8500=CARTESIAN_POINT('Ctrl Pts',(-1.69730472458744,-30.3084367072834,9.6442698860702));
#8501=CARTESIAN_POINT('Ctrl Pts',(-1.85008410550497,-30.6539050758095,9.2907111005494));
#8502=CARTESIAN_POINT('Ctrl Pts',(-2.19257781900783,-31.3008002057125,8.62282922856705));
#8503=CARTESIAN_POINT('Ctrl Pts',(-2.37852594560471,-31.6036631136202,8.30748390093191));
#8504=CARTESIAN_POINT('Ctrl Pts',(-2.58533962401929,-31.895391814939,8.00000000000001));
#8505=CARTESIAN_POINT('Ctrl Pts',(-4.10258109122261,-31.7359233108152,8.));
#8506=CARTESIAN_POINT('Ctrl Pts',(-4.24422158701149,-31.4075705999916,8.30748390093191));
#8507=CARTESIAN_POINT('Ctrl Pts',(-4.36313756163412,-31.0726651838653,8.62282922856705));
#8508=CARTESIAN_POINT('Ctrl Pts',(-4.56364990552342,-30.3686978175554,9.2907111005494));
#8509=CARTESIAN_POINT('Ctrl Pts',(-4.64126377778519,-29.9990141423435,9.64426988607021));
#8510=CARTESIAN_POINT('Ctrl Pts',(-4.69303395120719,-29.6306502178541,10.));
#8511=CARTESIAN_POINT('Origin',(0.,0.,10.));
#8512=CARTESIAN_POINT('Ctrl Pts',(-7.76457135307579,-28.977774788672,10.));
#8513=CARTESIAN_POINT('Ctrl Pts',(-7.9616928659239,-29.2932351520996,9.6442698860702));
#8514=CARTESIAN_POINT('Ctrl Pts',(-8.18296056343429,-29.5993895884942,9.2907111005494));
#8515=CARTESIAN_POINT('Ctrl Pts',(-8.65246702780345,-30.1609400606664,8.62282922856705));
#8516=CARTESIAN_POINT('Ctrl Pts',(-8.89732048096419,-30.4185238979824,8.30748390093191));
#8517=CARTESIAN_POINT('Ctrl Pts',(-9.16026859185561,-30.6608786456791,8.));
#8518=CARTESIAN_POINT('Ctrl Pts',(-10.6111993264096,-30.1894426721529,8.));
#8519=CARTESIAN_POINT('Ctrl Pts',(-10.6814762702403,-29.8388165408986,8.30748390093191));
#8520=CARTESIAN_POINT('Ctrl Pts',(-10.7281628941755,-29.4865055902929,8.62282922856705));
#8521=CARTESIAN_POINT('Ctrl Pts',(-10.7779305168583,-28.7562327394941,9.2907111005494));
#8522=CARTESIAN_POINT('Ctrl Pts',(-10.7769867818138,-28.3784907081423,9.6442698860702));
#8523=CARTESIAN_POINT('Ctrl Pts',(-10.7510384863593,-28.007412794916,10.));
#8524=CARTESIAN_POINT('Origin',(0.,0.,10.));
#8525=CARTESIAN_POINT('Ctrl Pts',(-13.6197149921866,-26.730195725651,10.));
#8526=CARTESIAN_POINT('Ctrl Pts',(-13.8781168245782,-26.9977786562315,9.6442698860702));
#8527=CARTESIAN_POINT('Ctrl Pts',(-14.15820237854,-27.2512387425321,9.2907111005494));
#8528=CARTESIAN_POINT('Ctrl Pts',(-14.7342019083406,-27.7029021067214,8.62282922856705));
#8529=CARTESIAN_POINT('Ctrl Pts',(-15.0272594172248,-27.9039492237306,8.30748390093191));
#8530=CARTESIAN_POINT('Ctrl Pts',(-15.3348498663821,-28.0863379523839,8.00000000000001));
#8531=CARTESIAN_POINT('Ctrl Pts',(-16.6560572328489,-27.323538523699,7.99999999999999));
#8532=CARTESIAN_POINT('Ctrl Pts',(-16.6518991850498,-26.9659630164407,8.3074839009319));
#8533=CARTESIAN_POINT('Ctrl Pts',(-16.6243160288044,-26.6116442104725,8.62282922856705));
#8534=CARTESIAN_POINT('Ctrl Pts',(-16.5211638463579,-25.8869823030027,9.2907111005494));
#8535=CARTESIAN_POINT('Ctrl Pts',(-16.4417037497571,-25.5176910548884,9.6442698860702));
#8536=CARTESIAN_POINT('Ctrl Pts',(-16.3391710504511,-25.1601170383626,10.));
#8537=CARTESIAN_POINT('Origin',(0.,0.,10.));
#8538=CARTESIAN_POINT('Ctrl Pts',(-16.3391710504505,25.1601170383629,10.));
#8539=CARTESIAN_POINT('Ctrl Pts',(-16.4417037497566,25.5176910548888,9.64426988607021));
#8540=CARTESIAN_POINT('Ctrl Pts',(-16.5211638463574,25.886982303003,9.2907111005494));
#8541=CARTESIAN_POINT('Ctrl Pts',(-16.6243160288038,26.6116442104729,8.62282922856705));
#8542=CARTESIAN_POINT('Ctrl Pts',(-16.6518991850493,26.965963016441,8.30748390093192));
#8543=CARTESIAN_POINT('Ctrl Pts',(-16.6560572328483,27.3235385236993,8.00000000000001));
#8544=CARTESIAN_POINT('Ctrl Pts',(-15.3348498663815,28.0863379523842,8.));
#8545=CARTESIAN_POINT('Ctrl Pts',(-15.0272594172243,27.903949223731,8.30748390093191));
#8546=CARTESIAN_POINT('Ctrl Pts',(-14.73420190834,27.7029021067217,8.62282922856705));
#8547=CARTESIAN_POINT('Ctrl Pts',(-14.1582023785395,27.2512387425324,9.29071110054939));
#8548=CARTESIAN_POINT('Ctrl Pts',(-13.8781168245776,26.9977786562318,9.64426988607019));
#8549=CARTESIAN_POINT('Ctrl Pts',(-13.619714992186,26.7301957256512,10.));
#8550=CARTESIAN_POINT('Origin',(0.,0.,10.));
#8551=CARTESIAN_POINT('Ctrl Pts',(-20.8392246169734,24.2842895173676,8.));
#8552=CARTESIAN_POINT('Ctrl Pts',(-20.5004350081612,24.1698380703982,8.30748390093191));
#8553=CARTESIAN_POINT('Ctrl Pts',(-20.1719814629376,24.0341143974401,8.62282922856705));
#8554=CARTESIAN_POINT('Ctrl Pts',(-19.5146628111104,23.71207799757,9.2907111005494));
#8555=CARTESIAN_POINT('Ctrl Pts',(-19.1880004834049,23.5223896833711,9.6442698860702));
#8556=CARTESIAN_POINT('Ctrl Pts',(-18.8796117314948,23.3143788437094,10.));
#8557=CARTESIAN_POINT('Ctrl Pts',(-21.2132034355962,21.2132034355967,10.));
#8558=CARTESIAN_POINT('Ctrl Pts',(-21.3878393677875,21.5416458550694,9.6442698860702));
#8559=CARTESIAN_POINT('Ctrl Pts',(-21.5423430384313,21.8863465203475,9.2907111005494));
#8560=CARTESIAN_POINT('Ctrl Pts',(-21.7939067806551,22.5737262818183,8.62282922856705));
#8561=CARTESIAN_POINT('Ctrl Pts',(-21.8945542007946,22.9145675111179,8.30748390093191));
#8562=CARTESIAN_POINT('Ctrl Pts',(-21.972965513582,23.2634646288753,8.));
#8563=CARTESIAN_POINT('Origin',(0.,0.,10.));
#8564=CARTESIAN_POINT('Ctrl Pts',(-10.7510384863587,28.0074127949162,10.));
#8565=CARTESIAN_POINT('Ctrl Pts',(-10.7769867818133,28.3784907081425,9.6442698860702));
#8566=CARTESIAN_POINT('Ctrl Pts',(-10.7779305168578,28.7562327394943,9.2907111005494));
#8567=CARTESIAN_POINT('Ctrl Pts',(-10.7281628941749,29.4865055902931,8.62282922856704));
#8568=CARTESIAN_POINT('Ctrl Pts',(-10.6814762702397,29.8388165408988,8.3074839009319));
#8569=CARTESIAN_POINT('Ctrl Pts',(-10.611199326409,30.1894426721531,7.99999999999999));
#8570=CARTESIAN_POINT('Ctrl Pts',(-9.160268591855,30.6608786456793,8.));
#8571=CARTESIAN_POINT('Ctrl Pts',(-8.89732048096359,30.4185238979826,8.30748390093191));
#8572=CARTESIAN_POINT('Ctrl Pts',(-8.65246702780284,30.1609400606666,8.62282922856705));
#8573=CARTESIAN_POINT('Ctrl Pts',(-8.18296056343369,29.5993895884943,9.29071110054941));
#8574=CARTESIAN_POINT('Ctrl Pts',(-7.96169286592331,29.2932351520998,9.64426988607021));
#8575=CARTESIAN_POINT('Ctrl Pts',(-7.76457135307521,28.9777747886722,10.));
#8576=CARTESIAN_POINT('Origin',(0.,0.,10.));
#8577=CARTESIAN_POINT('Ctrl Pts',(-4.69303395120659,29.6306502178542,10.));
#8578=CARTESIAN_POINT('Ctrl Pts',(-4.64126377778459,29.9990141423436,9.6442698860702));
#8579=CARTESIAN_POINT('Ctrl Pts',(-4.56364990552281,30.3686978175555,9.2907111005494));
#8580=CARTESIAN_POINT('Ctrl Pts',(-4.36313756163349,31.0726651838654,8.62282922856705));
#8581=CARTESIAN_POINT('Ctrl Pts',(-4.24422158701087,31.4075705999917,8.30748390093191));
#8582=CARTESIAN_POINT('Ctrl Pts',(-4.10258109122197,31.7359233108153,8.00000000000001));
#8583=CARTESIAN_POINT('Ctrl Pts',(-2.58533962401929,31.895391814939,8.));
#8584=CARTESIAN_POINT('Ctrl Pts',(-2.37852594560471,31.6036631136202,8.30748390093191));
#8585=CARTESIAN_POINT('Ctrl Pts',(-2.19257781900783,31.3008002057125,8.62282922856705));
#8586=CARTESIAN_POINT('Ctrl Pts',(-1.85008410550497,30.6539050758095,9.2907111005494));
#8587=CARTESIAN_POINT('Ctrl Pts',(-1.69730472458744,30.3084367072834,9.6442698860702));
#8588=CARTESIAN_POINT('Ctrl Pts',(-1.57007868728827,29.9588860426372,10.));
#8589=CARTESIAN_POINT('Origin',(0.,0.,10.));
#8590=CARTESIAN_POINT('Ctrl Pts',(-25.4328252541093,19.4209011014922,8.));
#8591=CARTESIAN_POINT('Ctrl Pts',(-25.0776432172401,19.3793890136382,8.30748390093191));
#8592=CARTESIAN_POINT('Ctrl Pts',(-24.7281486316985,19.314920560514,8.62282922856705));
#8593=CARTESIAN_POINT('Ctrl Pts',(-24.0182388370942,19.1365856609396,9.2907111005494));
#8594=CARTESIAN_POINT('Ctrl Pts',(-23.6592764468655,19.0189594083984,9.6442698860702));
#8595=CARTESIAN_POINT('Ctrl Pts',(-23.3143788437089,18.8796117314954,10.));
#8596=CARTESIAN_POINT('Ctrl Pts',(-25.1601170383626,16.3391710504511,10.));
#8597=CARTESIAN_POINT('Ctrl Pts',(-25.3992237752063,16.6241273630981,9.6442698860702));
#8598=CARTESIAN_POINT('Ctrl Pts',(-25.6220184680951,16.9291723724101,9.2907111005494));
#8599=CARTESIAN_POINT('Ctrl Pts',(-26.0109992274241,17.5492281938916,8.62282922856705));
#8600=CARTESIAN_POINT('Ctrl Pts',(-26.1803121362377,17.8616954492645,8.30748390093191));
#8601=CARTESIAN_POINT('Ctrl Pts',(-26.3295497633855,18.186665699281,8.));
#8602=CARTESIAN_POINT('Origin',(0.,0.,10.));
#8603=CARTESIAN_POINT('Ctrl Pts',(-28.9148893874049,13.7087261156586,8.));
#8604=CARTESIAN_POINT('Ctrl Pts',(-28.5588380818425,13.7419676643563,8.30748390093191));
#8605=CARTESIAN_POINT('Ctrl Pts',(-28.203577046432,13.7515720118215,8.62282922856705));
#8606=CARTESIAN_POINT('Ctrl Pts',(-27.4721025736001,13.7247327033999,9.2907111005494));
#8607=CARTESIAN_POINT('Ctrl Pts',(-27.0965284997937,13.6843093441859,9.6442698860702));
#8608=CARTESIAN_POINT('Ctrl Pts',(-26.7301957256509,13.6197149921868,10.));
#8609=CARTESIAN_POINT('Ctrl Pts',(-28.007412794916,10.7510384863593,10.));
#8610=CARTESIAN_POINT('Ctrl Pts',(-28.3005402246506,10.9800547339458,9.6442698860702));
#8611=CARTESIAN_POINT('Ctrl Pts',(-28.5818887426175,11.2321121566165,9.2907111005494));
#8612=CARTESIAN_POINT('Ctrl Pts',(-29.0912861933325,11.7577446233519,8.62282922856705));
#8613=CARTESIAN_POINT('Ctrl Pts',(-29.3218648042515,12.0281815863541,8.30748390093191));
#8614=CARTESIAN_POINT('Ctrl Pts',(-29.5354063453318,12.3150222093237,8.));
#8615=CARTESIAN_POINT('Origin',(0.,0.,10.));
#8616=CARTESIAN_POINT('Ctrl Pts',(-31.1332341054376,7.39741401680446,8.));
#8617=CARTESIAN_POINT('Ctrl Pts',(-30.7918746817588,7.50395638686517,8.30748390093191));
#8618=CARTESIAN_POINT('Ctrl Pts',(-30.4463738084585,7.58721377884873,8.62282922856705));
#8619=CARTESIAN_POINT('Ctrl Pts',(-29.7253036018656,7.7130430681473,9.2907111005494));
#8620=CARTESIAN_POINT('Ctrl Pts',(-29.3495322337114,7.75158929703091,9.64426988607019));
#8621=CARTESIAN_POINT('Ctrl Pts',(-28.977774788672,7.76457135307597,10.));
#8622=CARTESIAN_POINT('Ctrl Pts',(-29.6306502178541,4.69303395120718,10.));
#8623=CARTESIAN_POINT('Ctrl Pts',(-29.9649872652187,4.8561010247718,9.6442698860702));
#8624=CARTESIAN_POINT('Ctrl Pts',(-30.2925933279688,5.04415474192471,9.2907111005494));
#8625=CARTESIAN_POINT('Ctrl Pts',(-30.9001443571132,5.4523911928534,8.62282922856705));
#8626=CARTESIAN_POINT('Ctrl Pts',(-31.1819112784016,5.66897847050107,8.30748390093191));
#8627=CARTESIAN_POINT('Ctrl Pts',(-31.450423943383,5.90515315478594,8.));
#8628=CARTESIAN_POINT('Origin',(0.,0.,10.));
#8629=CARTESIAN_POINT('Ctrl Pts',(-23.3143788437093,-18.879611731495,10.));
#8630=CARTESIAN_POINT('Ctrl Pts',(-23.6592764468659,-19.0189594083979,9.64426988607019));
#8631=CARTESIAN_POINT('Ctrl Pts',(-24.0182388370946,-19.1365856609391,9.29071110054939));
#8632=CARTESIAN_POINT('Ctrl Pts',(-24.7281486316989,-19.3149205605135,8.62282922856705));
#8633=CARTESIAN_POINT('Ctrl Pts',(-25.0776432172405,-19.3793890136377,8.3074839009319));
#8634=CARTESIAN_POINT('Ctrl Pts',(-25.4328252541097,-19.4209011014917,8.));
#8635=CARTESIAN_POINT('Ctrl Pts',(-26.3295497633859,-18.1866656992805,7.99999999999999));
#8636=CARTESIAN_POINT('Ctrl Pts',(-26.1803121362381,-17.8616954492639,8.3074839009319));
#8637=CARTESIAN_POINT('Ctrl Pts',(-26.0109992274245,-17.5492281938911,8.62282922856705));
#8638=CARTESIAN_POINT('Ctrl Pts',(-25.6220184680954,-16.9291723724096,9.2907111005494));
#8639=CARTESIAN_POINT('Ctrl Pts',(-25.3992237752066,-16.6241273630975,9.6442698860702));
#8640=CARTESIAN_POINT('Ctrl Pts',(-25.1601170383629,-16.3391710504505,10.));
#8641=CARTESIAN_POINT('Origin',(0.,0.,10.));
#8642=CARTESIAN_POINT('Ctrl Pts',(-21.9729655135825,-23.2634646288749,8.));
#8643=CARTESIAN_POINT('Ctrl Pts',(-21.8945542007951,-22.9145675111174,8.30748390093191));
#8644=CARTESIAN_POINT('Ctrl Pts',(-21.7939067806555,-22.5737262818179,8.62282922856705));
#8645=CARTESIAN_POINT('Ctrl Pts',(-21.5423430384318,-21.8863465203471,9.2907111005494));
#8646=CARTESIAN_POINT('Ctrl Pts',(-21.387839367788,-21.5416458550689,9.6442698860702));
#8647=CARTESIAN_POINT('Ctrl Pts',(-21.2132034355966,-21.2132034355962,10.));
#8648=CARTESIAN_POINT('Ctrl Pts',(-18.8796117314953,-23.314378843709,10.));
#8649=CARTESIAN_POINT('Ctrl Pts',(-19.1880004834053,-23.5223896833707,9.6442698860702));
#8650=CARTESIAN_POINT('Ctrl Pts',(-19.5146628111109,-23.7120779975696,9.2907111005494));
#8651=CARTESIAN_POINT('Ctrl Pts',(-20.1719814629381,-24.0341143974397,8.62282922856705));
#8652=CARTESIAN_POINT('Ctrl Pts',(-20.5004350081617,-24.1698380703977,8.30748390093191));
#8653=CARTESIAN_POINT('Ctrl Pts',(-20.8392246169739,-24.2842895173671,8.00000000000001));
#8654=CARTESIAN_POINT('Origin',(0.,0.,10.));
#8655=CARTESIAN_POINT('Ctrl Pts',(-26.7301957256511,-13.6197149921862,10.));
#8656=CARTESIAN_POINT('Ctrl Pts',(-27.096528499794,-13.6843093441854,9.6442698860702));
#8657=CARTESIAN_POINT('Ctrl Pts',(-27.4721025736003,-13.7247327033994,9.2907111005494));
#8658=CARTESIAN_POINT('Ctrl Pts',(-28.2035770464323,-13.7515720118209,8.62282922856705));
#8659=CARTESIAN_POINT('Ctrl Pts',(-28.5588380818428,-13.7419676643557,8.30748390093191));
#8660=CARTESIAN_POINT('Ctrl Pts',(-28.9148893874052,-13.708726115658,8.));
#8661=CARTESIAN_POINT('Ctrl Pts',(-29.535406345332,-12.3150222093231,8.));
#8662=CARTESIAN_POINT('Ctrl Pts',(-29.3218648042518,-12.0281815863535,8.30748390093191));
#8663=CARTESIAN_POINT('Ctrl Pts',(-29.0912861933327,-11.7577446233513,8.62282922856705));
#8664=CARTESIAN_POINT('Ctrl Pts',(-28.5818887426177,-11.2321121566159,9.2907111005494));
#8665=CARTESIAN_POINT('Ctrl Pts',(-28.3005402246508,-10.9800547339452,9.6442698860702));
#8666=CARTESIAN_POINT('Ctrl Pts',(-28.0074127949162,-10.7510384863587,9.99999999999999));
#8667=CARTESIAN_POINT('Origin',(0.,0.,10.));
#8668=CARTESIAN_POINT('Ctrl Pts',(-31.4504239433832,-5.90515315478531,8.));
#8669=CARTESIAN_POINT('Ctrl Pts',(-31.1819112784017,-5.66897847050044,8.30748390093191));
#8670=CARTESIAN_POINT('Ctrl Pts',(-30.9001443571133,-5.45239119285278,8.62282922856705));
#8671=CARTESIAN_POINT('Ctrl Pts',(-30.2925933279688,-5.0441547419241,9.2907111005494));
#8672=CARTESIAN_POINT('Ctrl Pts',(-29.9649872652188,-4.8561010247712,9.6442698860702));
#8673=CARTESIAN_POINT('Ctrl Pts',(-29.6306502178542,-4.69303395120658,10.));
#8674=CARTESIAN_POINT('Ctrl Pts',(-28.9777747886721,-7.76457135307539,10.));
#8675=CARTESIAN_POINT('Ctrl Pts',(-29.3495322337116,-7.75158929703032,9.6442698860702));
#8676=CARTESIAN_POINT('Ctrl Pts',(-29.7253036018657,-7.7130430681467,9.2907111005494));
#8677=CARTESIAN_POINT('Ctrl Pts',(-30.4463738084586,-7.58721377884812,8.62282922856705));
#8678=CARTESIAN_POINT('Ctrl Pts',(-30.7918746817589,-7.50395638686455,8.30748390093191));
#8679=CARTESIAN_POINT('Ctrl Pts',(-31.1332341054378,-7.39741401680384,8.));
#8680=CARTESIAN_POINT('Origin',(0.,0.,10.));
#8681=CARTESIAN_POINT('Ctrl Pts',(7.76457135307559,28.9777747886721,10.));
#8682=CARTESIAN_POINT('Ctrl Pts',(7.9616928659237,29.2932351520997,9.6442698860702));
#8683=CARTESIAN_POINT('Ctrl Pts',(8.18296056343408,29.5993895884942,9.2907111005494));
#8684=CARTESIAN_POINT('Ctrl Pts',(8.65246702780324,30.1609400606665,8.62282922856705));
#8685=CARTESIAN_POINT('Ctrl Pts',(8.89732048096398,30.4185238979824,8.30748390093191));
#8686=CARTESIAN_POINT('Ctrl Pts',(9.1602685918554,30.6608786456792,8.));
#8687=CARTESIAN_POINT('Origin',(0.,0.,10.));
#8688=CARTESIAN_POINT('',(2.58533962401929,31.895391814939,8.));
#8689=CARTESIAN_POINT('Origin',(0.,0.,8.));
#8690=CARTESIAN_POINT('',(2.58533962401929,31.895391814939,-7.99999999999999));
#8691=CARTESIAN_POINT('Origin',(0.,0.,-7.99999999999999));
#8692=CARTESIAN_POINT('',(2.58533962401929,31.895391814939,-10.));
#8693=CARTESIAN_POINT('Origin',(9.27036865242433,27.156209700109,-10.));
#8694=CARTESIAN_POINT('Ctrl Pts',(2.58533962401929,31.895391814939,-7.99999999999999));
#8695=CARTESIAN_POINT('Ctrl Pts',(2.37852594560471,31.6036631136202,-8.3074839009319));
#8696=CARTESIAN_POINT('Ctrl Pts',(2.19257781900783,31.3008002057125,-8.62282922856704));
#8697=CARTESIAN_POINT('Ctrl Pts',(1.85008410550497,30.6539050758094,-9.29071110054939));
#8698=CARTESIAN_POINT('Ctrl Pts',(1.69730472458743,30.3084367072834,-9.6442698860702));
#8699=CARTESIAN_POINT('Ctrl Pts',(1.57007868728826,29.9588860426372,-10.));
#8700=CARTESIAN_POINT('',(1.12272070521963,28.0310200547309,-10.));
#8701=CARTESIAN_POINT('Ctrl Pts',(1.57007868728827,29.9588860426372,10.));
#8702=CARTESIAN_POINT('Ctrl Pts',(1.69730472458744,30.3084367072834,9.6442698860702));
#8703=CARTESIAN_POINT('Ctrl Pts',(1.85008410550497,30.6539050758094,9.2907111005494));
#8704=CARTESIAN_POINT('Ctrl Pts',(2.19257781900783,31.3008002057125,8.62282922856705));
#8705=CARTESIAN_POINT('Ctrl Pts',(2.37852594560471,31.6036631136202,8.30748390093191));
#8706=CARTESIAN_POINT('Ctrl Pts',(2.58533962401929,31.895391814939,8.));
#8707=CARTESIAN_POINT('Origin',(0.,0.,-10.));
#8708=CARTESIAN_POINT('',(0.51491505126769,27.4951788953987,-10.));
#8709=CARTESIAN_POINT('',(-0.514915051267699,27.4951788953987,-10.));
#8710=CARTESIAN_POINT('Origin',(-9.27036865242433,27.156209700109,-10.));
#8711=CARTESIAN_POINT('',(-1.12272070521963,28.0310200547309,-10.));
#8712=CARTESIAN_POINT('Origin',(0.526149561477167,28.095073707662,-10.));
#8713=CARTESIAN_POINT('Origin',(-0.526149561477176,28.0950737076619,-10.));
#8714=CARTESIAN_POINT('Origin',(0.,0.,-7.99999999999999));
#8715=CARTESIAN_POINT('Origin',(0.,0.,10.));
#8716=CARTESIAN_POINT('Origin',(14.713882330238,24.6353633421562,-10.));
#8717=CARTESIAN_POINT('',(6.92616333903038,27.1850482525179,-10.));
#8718=CARTESIAN_POINT('Origin',(0.,0.,-10.));
#8719=CARTESIAN_POINT('',(6.22023205545835,26.7872864093444,-10.));
#8720=CARTESIAN_POINT('Origin',(-28.6917916508862,0.424914215203293,-10.));
#8721=CARTESIAN_POINT('',(-27.0060240593015,-7.59429072389794,-10.));
#8722=CARTESIAN_POINT('Origin',(0.,0.,-10.));
#8723=CARTESIAN_POINT('',(-26.3085865566712,-8.00676422721076,-10.));
#8724=CARTESIAN_POINT('',(-25.9903515536688,-8.98619085690394,-10.));
#8725=CARTESIAN_POINT('Origin',(-22.9623887354465,-17.2083748154897,-10.));
#8726=CARTESIAN_POINT('',(-26.3121445036026,-9.72983240925518,-10.));
#8727=CARTESIAN_POINT('Origin',(-28.153151797004,-5.54973009460783,-10.));
#8728=CARTESIAN_POINT('',(-24.836935813998,-13.0432053752902,-10.));
#8729=CARTESIAN_POINT('Origin',(0.,0.,-10.));
#8730=CARTESIAN_POINT('',(-24.068980930647,-13.3016599325103,-10.));
#8731=CARTESIAN_POINT('',(-23.5540658793793,-14.1935189628879,-10.));
#8732=CARTESIAN_POINT('Origin',(-18.8827831445798,-21.6064796055007,-10.));
#8733=CARTESIAN_POINT('',(-23.7142151087784,-14.9878146794402,-10.));
#8734=CARTESIAN_POINT('Origin',(-23.461905353818,-16.5208491729883,-10.));
#8735=CARTESIAN_POINT('',(-17.3845203253449,-22.0176529209706,-10.));
#8736=CARTESIAN_POINT('Origin',(0.,0.,-10.));
#8737=CARTESIAN_POINT('',(-16.5778356909938,-21.9414075164382,-10.));
#8738=CARTESIAN_POINT('',(-15.7446856367238,-22.5467264630754,-10.));
#8739=CARTESIAN_POINT('Origin',(-8.46213378595401,-27.4188211274073,-10.));
#8740=CARTESIAN_POINT('',(-15.5679200644263,-23.3374902669136,-10.));
#8741=CARTESIAN_POINT('Origin',(-26.3840841157819,-11.281824568725,-10.));
#8742=CARTESIAN_POINT('',(-21.5823542927817,-17.9220693635389,-10.));
#8743=CARTESIAN_POINT('Origin',(0.,0.,-10.));
#8744=CARTESIAN_POINT('',(-20.777445342169,-18.0152092703132,-10.));
#8745=CARTESIAN_POINT('',(-20.0883545012129,-18.7805221821333,-10.));
#8746=CARTESIAN_POINT('Origin',(-13.9779093206484,-25.0602775573591,-10.));
#8747=CARTESIAN_POINT('',(-20.0798607202712,-19.5907575286195,-10.));
#8748=CARTESIAN_POINT('Origin',(-27.9764625311331,6.38098773484541,-10.));
#8749=CARTESIAN_POINT('',(-27.9948194639325,-1.81346912642129,-10.));
#8750=CARTESIAN_POINT('Origin',(0.,0.,-10.));
#8751=CARTESIAN_POINT('',(-27.3983807075641,-2.36193450446458,-10.));
#8752=CARTESIAN_POINT('',(-27.2907341495193,-3.38612308994537,-10.));
#8753=CARTESIAN_POINT('Origin',(-26.0384277528082,-12.0581814710979,-10.));
#8754=CARTESIAN_POINT('',(-27.7601069239417,-4.04660977386975,-10.));
#8755=CARTESIAN_POINT('Origin',(-26.038427752808,12.0581814710985,-10.));
#8756=CARTESIAN_POINT('',(-27.7601069239416,4.04660977387031,-10.));
#8757=CARTESIAN_POINT('Origin',(0.,0.,-10.));
#8758=CARTESIAN_POINT('',(-27.2907341495192,3.38612308994592,-10.));
#8759=CARTESIAN_POINT('',(-27.398380707564,2.36193450446512,-10.));
#8760=CARTESIAN_POINT('Origin',(-27.9764625311332,-6.38098773484485,-10.));
#8761=CARTESIAN_POINT('',(-27.9948194639324,1.81346912642185,-10.));
#8762=CARTESIAN_POINT('Origin',(-22.9623887354462,17.2083748154902,-10.));
#8763=CARTESIAN_POINT('',(-26.3121445036024,9.72983240925572,-10.));
#8764=CARTESIAN_POINT('Origin',(0.,0.,-10.));
#8765=CARTESIAN_POINT('',(-25.9903515536687,8.98619085690446,-10.));
#8766=CARTESIAN_POINT('',(-26.308586556671,8.00676422721128,-10.));
#8767=CARTESIAN_POINT('Origin',(-28.6917916508862,-0.424914215202717,-10.));
#8768=CARTESIAN_POINT('',(-27.0060240593014,7.59429072389849,-10.));
#8769=CARTESIAN_POINT('Origin',(-18.8827831445793,21.6064796055011,-10.));
#8770=CARTESIAN_POINT('',(-23.714215108778,14.9878146794407,-10.));
#8771=CARTESIAN_POINT('Origin',(0.,0.,-10.));
#8772=CARTESIAN_POINT('',(-23.554065879379,14.1935189628884,-10.));
#8773=CARTESIAN_POINT('',(-24.0689809306467,13.3016599325108,-10.));
#8774=CARTESIAN_POINT('Origin',(-28.1531517970038,5.54973009460842,-10.));
#8775=CARTESIAN_POINT('',(-24.8369358139977,13.0432053752908,-10.));
#8776=CARTESIAN_POINT('Origin',(3.42169538033581,28.4901993842151,-10.));
#8777=CARTESIAN_POINT('',(-4.72979021082052,27.6519017727946,-10.));
#8778=CARTESIAN_POINT('Origin',(0.,0.,-10.));
#8779=CARTESIAN_POINT('',(-5.21290621149956,27.0014001272177,-10.));
#8780=CARTESIAN_POINT('',(-6.220232055458,26.7872864093445,-10.));
#8781=CARTESIAN_POINT('Origin',(-14.7138823302377,24.6353633421564,-10.));
#8782=CARTESIAN_POINT('',(-6.92616333903002,27.185048252518,-10.));
#8783=CARTESIAN_POINT('Origin',(-2.57652239898984,28.5790306440867,-10.));
#8784=CARTESIAN_POINT('',(-10.3755865985967,26.0642626948409,-10.));
#8785=CARTESIAN_POINT('Origin',(0.,0.,-10.));
#8786=CARTESIAN_POINT('',(-10.7128984585253,25.3275306063842,-10.));
#8787=CARTESIAN_POINT('',(-11.6536950708402,24.9086609675405,-10.));
#8788=CARTESIAN_POINT('Origin',(-19.5143287451791,21.0378333925625,-10.));
#8789=CARTESIAN_POINT('',(-12.4268993995061,25.1509593933355,-10.));
#8790=CARTESIAN_POINT('Origin',(-13.9779093206478,25.0602775573594,-10.));
#8791=CARTESIAN_POINT('',(-20.0798607202709,19.5907575286199,-10.));
#8792=CARTESIAN_POINT('Origin',(0.,0.,-10.));
#8793=CARTESIAN_POINT('',(-20.0883545012125,18.7805221821337,-10.));
#8794=CARTESIAN_POINT('',(-20.7774453421686,18.0152092703137,-10.));
#8795=CARTESIAN_POINT('Origin',(-26.3840841157817,11.2818245687255,-10.));
#8796=CARTESIAN_POINT('',(-21.5823542927814,17.9220693635394,-10.));
#8797=CARTESIAN_POINT('Origin',(-8.46213378595345,27.4188211274075,-10.));
#8798=CARTESIAN_POINT('',(-15.5679200644258,23.337490266914,-10.));
#8799=CARTESIAN_POINT('Origin',(0.,0.,-10.));
#8800=CARTESIAN_POINT('',(-15.7446856367233,22.5467264630757,-10.));
#8801=CARTESIAN_POINT('',(-16.5778356909934,21.9414075164386,-10.));
#8802=CARTESIAN_POINT('Origin',(-23.4619053538177,16.5208491729888,-10.));
#8803=CARTESIAN_POINT('',(-17.3845203253444,22.017652920971,-10.));
#8804=CARTESIAN_POINT('Origin',(-19.5143287451796,-21.0378333925621,-10.));
#8805=CARTESIAN_POINT('',(-12.4268993995066,-25.1509593933353,-10.));
#8806=CARTESIAN_POINT('Origin',(0.,0.,-10.));
#8807=CARTESIAN_POINT('',(-11.6536950708407,-24.9086609675403,-10.));
#8808=CARTESIAN_POINT('',(-10.7128984585258,-25.3275306063839,-10.));
#8809=CARTESIAN_POINT('Origin',(-2.57652239899041,-28.5790306440867,-10.));
#8810=CARTESIAN_POINT('',(-10.3755865985972,-26.0642626948407,-10.));
#8811=CARTESIAN_POINT('Origin',(-14.7138823302382,-24.6353633421561,-10.));
#8812=CARTESIAN_POINT('',(-6.92616333903057,-27.1850482525179,-10.));
#8813=CARTESIAN_POINT('Origin',(0.,0.,-10.));
#8814=CARTESIAN_POINT('',(-6.22023205545853,-26.7872864093444,-10.));
#8815=CARTESIAN_POINT('',(-5.21290621150009,-27.0014001272176,-10.));
#8816=CARTESIAN_POINT('Origin',(3.42169538033524,-28.4901993842152,-10.));
#8817=CARTESIAN_POINT('',(-4.72979021082108,-27.6519017727945,-10.));
#8818=CARTESIAN_POINT('Origin',(-9.27036865242433,-27.156209700109,-10.));
#8819=CARTESIAN_POINT('',(-1.12272070521963,-28.0310200547309,-10.));
#8820=CARTESIAN_POINT('Origin',(0.,0.,-10.));
#8821=CARTESIAN_POINT('',(-0.51491505126769,-27.4951788953987,-10.));
#8822=CARTESIAN_POINT('',(0.514915051267699,-27.4951788953987,-10.));
#8823=CARTESIAN_POINT('Origin',(9.27036865242433,-27.156209700109,-10.));
#8824=CARTESIAN_POINT('',(1.12272070521963,-28.0310200547309,-10.));
#8825=CARTESIAN_POINT('Origin',(0.,0.,-10.));
#8826=CARTESIAN_POINT('',(6.22023205545817,-26.7872864093445,-10.));
#8827=CARTESIAN_POINT('Origin',(14.7138823302379,-24.6353633421563,-10.));
#8828=CARTESIAN_POINT('',(6.9261633390302,-27.185048252518,-10.));
#8829=CARTESIAN_POINT('Origin',(13.977909320648,-25.0602775573593,-10.));
#8830=CARTESIAN_POINT('Origin',(0.,0.,-10.));
#8831=CARTESIAN_POINT('',(20.7774453421688,-18.0152092703135,-10.));
#8832=CARTESIAN_POINT('Origin',(26.3840841157818,-11.2818245687254,-10.));
#8833=CARTESIAN_POINT('',(21.5823542927815,-17.9220693635392,-10.));
#8834=CARTESIAN_POINT('Origin',(18.8827831445795,-21.606479605501,-10.));
#8835=CARTESIAN_POINT('Origin',(0.,0.,-10.));
#8836=CARTESIAN_POINT('',(24.0689809306468,-13.3016599325107,-10.));
#8837=CARTESIAN_POINT('Origin',(28.1531517970039,-5.54973009460823,-10.));
#8838=CARTESIAN_POINT('',(24.8369358139978,-13.0432053752906,-10.));
#8839=CARTESIAN_POINT('Origin',(0.,0.,-10.));
#8840=CARTESIAN_POINT('',(11.6536950708403,-24.9086609675404,-10.));
#8841=CARTESIAN_POINT('Origin',(19.5143287451793,-21.0378333925624,-10.));
#8842=CARTESIAN_POINT('',(12.4268993995062,-25.1509593933354,-10.));
#8843=CARTESIAN_POINT('Origin',(8.46213378595364,-27.4188211274074,-10.));
#8844=CARTESIAN_POINT('Origin',(0.,0.,-10.));
#8845=CARTESIAN_POINT('',(16.5778356909935,-21.9414075164385,-10.));
#8846=CARTESIAN_POINT('Origin',(23.4619053538178,-16.5208491729886,-10.));
#8847=CARTESIAN_POINT('',(17.3845203253446,-22.0176529209709,-10.));
#8848=CARTESIAN_POINT('Origin',(22.9623887354463,-17.20837481549,-10.));
#8849=CARTESIAN_POINT('Origin',(0.,0.,-10.));
#8850=CARTESIAN_POINT('',(26.3085865566711,-8.00676422721111,-10.));
#8851=CARTESIAN_POINT('Origin',(28.6917916508862,0.424914215202899,-10.));
#8852=CARTESIAN_POINT('',(27.0060240593014,-7.59429072389831,-10.));
#8853=CARTESIAN_POINT('Origin',(26.0384277528081,-12.0581814710983,-10.));
#8854=CARTESIAN_POINT('Origin',(0.,0.,-10.));
#8855=CARTESIAN_POINT('',(27.3983807075641,-2.36193450446494,-10.));
#8856=CARTESIAN_POINT('Origin',(27.9764625311332,6.38098773484503,-10.));
#8857=CARTESIAN_POINT('',(27.9948194639324,-1.81346912642167,-10.));
#8858=CARTESIAN_POINT('Origin',(27.9764625311332,-6.38098773484522,-10.));
#8859=CARTESIAN_POINT('',(27.9948194639325,1.81346912642148,-10.));
#8860=CARTESIAN_POINT('Origin',(0.,0.,-10.));
#8861=CARTESIAN_POINT('',(27.3983807075641,2.36193450446476,-10.));
#8862=CARTESIAN_POINT('Origin',(26.0384277528081,12.0581814710981,-10.));
#8863=CARTESIAN_POINT('Origin',(28.6917916508862,-0.424914215203093,-10.));
#8864=CARTESIAN_POINT('',(27.0060240593015,7.59429072389813,-10.));
#8865=CARTESIAN_POINT('Origin',(0.,0.,-10.));
#8866=CARTESIAN_POINT('',(26.3085865566711,8.00676422721094,-10.));
#8867=CARTESIAN_POINT('Origin',(22.9623887354464,17.2083748154899,-10.));
#8868=CARTESIAN_POINT('Origin',(23.4619053538179,16.5208491729884,-10.));
#8869=CARTESIAN_POINT('',(17.3845203253447,22.0176529209708,-10.));
#8870=CARTESIAN_POINT('Origin',(0.,0.,-10.));
#8871=CARTESIAN_POINT('',(16.5778356909936,21.9414075164384,-10.));
#8872=CARTESIAN_POINT('Origin',(8.46213378595382,27.4188211274074,-10.));
#8873=CARTESIAN_POINT('Origin',(19.5143287451794,21.0378333925622,-10.));
#8874=CARTESIAN_POINT('',(12.4268993995064,25.1509593933353,-10.));
#8875=CARTESIAN_POINT('Origin',(0.,0.,-10.));
#8876=CARTESIAN_POINT('',(11.6536950708405,24.9086609675404,-10.));
#8877=CARTESIAN_POINT('Origin',(28.1531517970039,5.54973009460803,-10.));
#8878=CARTESIAN_POINT('',(24.8369358139979,13.0432053752904,-10.));
#8879=CARTESIAN_POINT('Origin',(0.,0.,-10.));
#8880=CARTESIAN_POINT('',(24.0689809306469,13.3016599325105,-10.));
#8881=CARTESIAN_POINT('Origin',(18.8827831445796,21.6064796055008,-10.));
#8882=CARTESIAN_POINT('Origin',(26.3840841157818,11.2818245687252,-10.));
#8883=CARTESIAN_POINT('',(21.5823542927816,17.9220693635391,-10.));
#8884=CARTESIAN_POINT('Origin',(0.,0.,-10.));
#8885=CARTESIAN_POINT('',(20.7774453421689,18.0152092703134,-10.));
#8886=CARTESIAN_POINT('Origin',(13.9779093206482,25.0602775573592,-10.));
#8887=CARTESIAN_POINT('Origin',(6.35594620939562,27.3717362946392,-10.));
#8888=CARTESIAN_POINT('Origin',(11.9079575087497,25.4521226613776,-10.));
#8889=CARTESIAN_POINT('Origin',(16.9395339242517,22.4201291349788,-10.));
#8890=CARTESIAN_POINT('Origin',(21.2307714223617,18.4082683816657,-10.));
#8891=CARTESIAN_POINT('Origin',(24.5941223327701,13.5918779674017,-10.));
#8892=CARTESIAN_POINT('Origin',(26.8825920815439,8.18145726489554,-10.));
#8893=CARTESIAN_POINT('Origin',(27.9961635593655,2.41346762092581,-10.));
#8894=CARTESIAN_POINT('Origin',(27.9961635593655,-2.413467620926,-10.));
#8895=CARTESIAN_POINT('Origin',(26.8825920815439,-8.18145726489571,-10.));
#8896=CARTESIAN_POINT('Origin',(24.59412233277,-13.5918779674018,-10.));
#8897=CARTESIAN_POINT('Origin',(21.2307714223615,-18.4082683816658,-10.));
#8898=CARTESIAN_POINT('Origin',(16.9395339242515,-22.4201291349789,-10.));
#8899=CARTESIAN_POINT('Origin',(11.9079575087496,-25.4521226613777,-10.));
#8900=CARTESIAN_POINT('Origin',(6.35594620939544,-27.3717362946393,-10.));
#8901=CARTESIAN_POINT('Origin',(-0.526149561477167,-28.095073707662,-10.));
#8902=CARTESIAN_POINT('Origin',(0.526149561477176,-28.0950737076619,-10.));
#8903=CARTESIAN_POINT('Origin',(-6.35594620939581,-27.3717362946392,-10.));
#8904=CARTESIAN_POINT('Origin',(-5.32664234702373,-27.5905215845387,-10.));
#8905=CARTESIAN_POINT('Origin',(-11.9079575087499,-25.4521226613775,-10.));
#8906=CARTESIAN_POINT('Origin',(-10.9466344248937,-25.8801312741596,-10.));
#8907=CARTESIAN_POINT('Origin',(-16.9395339242518,-22.4201291349787,-10.));
#8908=CARTESIAN_POINT('Origin',(-16.0882060506159,-23.0386550404516,-10.));
#8909=CARTESIAN_POINT('Origin',(-21.2307714223618,-18.4082683816655,-10.));
#8910=CARTESIAN_POINT('Origin',(-20.5266458721485,-19.1902790297434,-10.));
#8911=CARTESIAN_POINT('Origin',(-24.5941223327702,-13.5918779674015,-10.));
#8912=CARTESIAN_POINT('Origin',(-24.0679727712931,-14.50319574026,-10.));
#8913=CARTESIAN_POINT('Origin',(-26.882592081544,-8.18145726489535,-10.));
#8914=CARTESIAN_POINT('Origin',(-26.5574137693853,-9.18225320287275,-10.));
#8915=CARTESIAN_POINT('Origin',(-27.9961635593655,-2.41346762092562,-10.));
#8916=CARTESIAN_POINT('Origin',(-27.8861683491452,-3.46000213918055,-10.));
#8917=CARTESIAN_POINT('Origin',(-27.8861683491451,3.4600021391811,-10.));
#8918=CARTESIAN_POINT('Origin',(-27.9961635593654,2.41346762092618,-10.));
#8919=CARTESIAN_POINT('Origin',(-26.5574137693851,9.18225320287328,-10.));
#8920=CARTESIAN_POINT('Origin',(-26.8825920815438,8.18145726489588,-10.));
#8921=CARTESIAN_POINT('Origin',(-24.0679727712928,14.5031957402605,-10.));
#8922=CARTESIAN_POINT('Origin',(-24.5941223327699,13.591877967402,-10.));
#8923=CARTESIAN_POINT('Origin',(-20.5266458721481,19.1902790297439,-10.));
#8924=CARTESIAN_POINT('Origin',(-21.2307714223614,18.4082683816659,-10.));
#8925=CARTESIAN_POINT('Origin',(-16.0882060506155,23.0386550404519,-10.));
#8926=CARTESIAN_POINT('Origin',(-16.9395339242514,22.4201291349791,-10.));
#8927=CARTESIAN_POINT('Origin',(-10.9466344248932,25.8801312741598,-10.));
#8928=CARTESIAN_POINT('Origin',(-11.9079575087494,25.4521226613778,-10.));
#8929=CARTESIAN_POINT('Origin',(-5.32664234702318,27.5905215845388,-10.));
#8930=CARTESIAN_POINT('Origin',(-6.35594620939526,27.3717362946393,-10.));
#8931=UNCERTAINTY_MEASURE_WITH_UNIT(LENGTH_MEASURE(0.01),#8935,
'DISTANCE_ACCURACY_VALUE',
'Maximum model space distance between geometric entities at asserted c
onnectivities');
#8932=UNCERTAINTY_MEASURE_WITH_UNIT(LENGTH_MEASURE(0.01),#8935,
'DISTANCE_ACCURACY_VALUE',
'Maximum model space distance between geometric entities at asserted c
onnectivities');
#8933=(
GEOMETRIC_REPRESENTATION_CONTEXT(3)
GLOBAL_UNCERTAINTY_ASSIGNED_CONTEXT((#8931))
GLOBAL_UNIT_ASSIGNED_CONTEXT((#8935,#8937,#8938))
REPRESENTATION_CONTEXT('','3D')
);
#8934=(
GEOMETRIC_REPRESENTATION_CONTEXT(3)
GLOBAL_UNCERTAINTY_ASSIGNED_CONTEXT((#8932))
GLOBAL_UNIT_ASSIGNED_CONTEXT((#8935,#8937,#8938))
REPRESENTATION_CONTEXT('','3D')
);
#8935=(
LENGTH_UNIT()
NAMED_UNIT(*)
SI_UNIT(.MILLI.,.METRE.)
);
#8936=(
LENGTH_UNIT()
NAMED_UNIT(*)
SI_UNIT($,.METRE.)
);
#8937=(
NAMED_UNIT(*)
PLANE_ANGLE_UNIT()
SI_UNIT($,.RADIAN.)
);
#8938=(
NAMED_UNIT(*)
SI_UNIT($,.STERADIAN.)
SOLID_ANGLE_UNIT()
);
#8939=SHAPE_DEFINITION_REPRESENTATION(#8940,#8941);
#8940=PRODUCT_DEFINITION_SHAPE('',$,#8943);
#8941=SHAPE_REPRESENTATION('',(#4647),#8933);
#8942=PRODUCT_DEFINITION_CONTEXT('part definition',#8947,'design');
#8943=PRODUCT_DEFINITION('2026-09-26-21-35-53-701','Spur_Gear_60mm',#8944,
#8942);
#8944=PRODUCT_DEFINITION_FORMATION('',$,#8949);
#8945=PRODUCT_RELATED_PRODUCT_CATEGORY('Spur_Gear_60mm',
'Spur_Gear_60mm',(#8949));
#8946=APPLICATION_PROTOCOL_DEFINITION('international standard',
'automotive_design',2009,#8947);
#8947=APPLICATION_CONTEXT(
'Core Data for Automotive Mechanical Design Process');
#8948=PRODUCT_CONTEXT('part definition',#8947,'mechanical');
#8949=PRODUCT('2026-09-26-21-35-53-701','Spur_Gear_60mm','STEP AP203',(#8948));
#8950=PRESENTATION_STYLE_ASSIGNMENT((#8951));
#8951=SURFACE_STYLE_USAGE(.BOTH.,#8952);
#8952=SURFACE_SIDE_STYLE('',(#8953));
#8953=SURFACE_STYLE_FILL_AREA(#8954);
#8954=FILL_AREA_STYLE('Steel - Satin',(#8955));
#8955=FILL_AREA_STYLE_COLOUR('Steel - Satin',#8956);
#8956=COLOUR_RGB('Steel - Satin',0.627450980392157,0.627450980392157,0.627450980392157);
ENDSEC;
END-ISO-10303-21;
