ISO-10303-21;
HEADER;
/* Generated by software containing ST-Developer
 * from STEP Tools, Inc. (www.steptools.com) 
 */

FILE_DESCRIPTION(
/* description */ ('STEP AP203'),
/* implementation_level */ '2;1');

FILE_NAME(
/* name */ 'Spur_Gear_40mm.step',
/* time_stamp */ '2026-09-26T21:36:06-07:00',
/* author */ (''),
/* organization */ (''),
/* preprocessor_version */ 'ST-DEVELOPER v20.2',
/* originating_system */ 'Autodesk Translation Framework v15.15.0.0',
/* authorisation */ '');

FILE_SCHEMA (('AUTOMOTIVE_DESIGN { 1 0 10303 214 3 1 1 }'));
ENDSEC;

DATA;
#10=MECHANICAL_DESIGN_GEOMETRIC_PRESENTATION_REPRESENTATION('',(#13),#12771);
#11=SHAPE_REPRESENTATION_RELATIONSHIP('SRR','None',#12778,#12);
#12=ADVANCED_BREP_SHAPE_REPRESENTATION('',(#14),#12770);
#13=STYLED_ITEM('',(#12787),#14);
#14=MANIFOLD_SOLID_BREP('Body1',#6610);
#15=B_SPLINE_CURVE_WITH_KNOTS('',3,(#10461,#10462,#10463,#10464,#10465,
#10466),.UNSPECIFIED.,.F.,.F.,(4,2,4),(3.47713393331688,3.52755192708111,
3.75450621707813),.UNSPECIFIED.);
#16=B_SPLINE_CURVE_WITH_KNOTS('',3,(#10469,#10470,#10471,#10472,#10473,
#10474),.UNSPECIFIED.,.F.,.F.,(4,2,4),(2.64086075565742,2.86781504565443,
2.91823303941866),.UNSPECIFIED.);
#17=B_SPLINE_CURVE_WITH_KNOTS('',3,(#10477,#10478,#10479,#10480,#10481,
#10482),.UNSPECIFIED.,.F.,.F.,(4,2,4),(5.77391264545544,5.82433063921967,
6.05128492921668),.UNSPECIFIED.);
#18=B_SPLINE_CURVE_WITH_KNOTS('',3,(#10485,#10486,#10487,#10488,#10489,
#10490),.UNSPECIFIED.,.F.,.F.,(4,2,4),(0.344082043518862,0.571036333515876,
0.621454327280105),.UNSPECIFIED.);
#19=B_SPLINE_CURVE_WITH_KNOTS('',3,(#10668,#10669,#10670,#10671,#10672,
#10673),.UNSPECIFIED.,.F.,.F.,(4,2,4),(3.47713393331688,3.52755192708111,
3.75450621707813),.UNSPECIFIED.);
#20=B_SPLINE_CURVE_WITH_KNOTS('',3,(#10674,#10675,#10676,#10677,#10678,
#10679),.UNSPECIFIED.,.F.,.F.,(4,2,4),(0.344082043518861,0.571036333515876,
0.621454327280104),.UNSPECIFIED.);
#21=B_SPLINE_CURVE_WITH_KNOTS('',3,(#10681,#10682,#10683,#10684,#10685,
#10686),.UNSPECIFIED.,.F.,.F.,(4,2,4),(0.344082043518862,0.571036333515876,
0.621454327280104),.UNSPECIFIED.);
#22=B_SPLINE_CURVE_WITH_KNOTS('',3,(#10687,#10688,#10689,#10690,#10691,
#10692),.UNSPECIFIED.,.F.,.F.,(4,2,4),(3.47713393331688,3.52755192708111,
3.75450621707813),.UNSPECIFIED.);
#23=B_SPLINE_CURVE_WITH_KNOTS('',3,(#10694,#10695,#10696,#10697,#10698,
#10699),.UNSPECIFIED.,.F.,.F.,(4,2,4),(3.47713393331688,3.52755192708111,
3.75450621707813),.UNSPECIFIED.);
#24=B_SPLINE_CURVE_WITH_KNOTS('',3,(#10700,#10701,#10702,#10703,#10704,
#10705),.UNSPECIFIED.,.F.,.F.,(4,2,4),(0.344082043518862,0.571036333515876,
0.621454327280105),.UNSPECIFIED.);
#25=B_SPLINE_CURVE_WITH_KNOTS('',3,(#10707,#10708,#10709,#10710,#10711,
#10712),.UNSPECIFIED.,.F.,.F.,(4,2,4),(3.47713393331688,3.52755192708111,
3.75450621707813),.UNSPECIFIED.);
#26=B_SPLINE_CURVE_WITH_KNOTS('',3,(#10713,#10714,#10715,#10716,#10717,
#10718),.UNSPECIFIED.,.F.,.F.,(4,2,4),(0.344082043518862,0.571036333515876,
0.621454327280105),.UNSPECIFIED.);
#27=B_SPLINE_CURVE_WITH_KNOTS('',3,(#10720,#10721,#10722,#10723,#10724,
#10725),.UNSPECIFIED.,.F.,.F.,(4,2,4),(0.344082043518861,0.571036333515876,
0.621454327280104),.UNSPECIFIED.);
#28=B_SPLINE_CURVE_WITH_KNOTS('',3,(#10727,#10728,#10729,#10730,#10731,
#10732),.UNSPECIFIED.,.F.,.F.,(4,2,4),(0.344082043518862,0.571036333515876,
0.621454327280104),.UNSPECIFIED.);
#29=B_SPLINE_CURVE_WITH_KNOTS('',3,(#10733,#10734,#10735,#10736,#10737,
#10738),.UNSPECIFIED.,.F.,.F.,(4,2,4),(3.47713393331688,3.52755192708111,
3.75450621707813),.UNSPECIFIED.);
#30=B_SPLINE_CURVE_WITH_KNOTS('',3,(#10740,#10741,#10742,#10743,#10744,
#10745),.UNSPECIFIED.,.F.,.F.,(4,2,4),(0.344082043518861,0.571036333515876,
0.621454327280104),.UNSPECIFIED.);
#31=B_SPLINE_CURVE_WITH_KNOTS('',3,(#10746,#10747,#10748,#10749,#10750,
#10751),.UNSPECIFIED.,.F.,.F.,(4,2,4),(3.47713393331688,3.52755192708111,
3.75450621707813),.UNSPECIFIED.);
#32=B_SPLINE_CURVE_WITH_KNOTS('',3,(#10753,#10754,#10755,#10756,#10757,
#10758),.UNSPECIFIED.,.F.,.F.,(4,2,4),(0.344082043518862,0.571036333515876,
0.621454327280104),.UNSPECIFIED.);
#33=B_SPLINE_CURVE_WITH_KNOTS('',3,(#10759,#10760,#10761,#10762,#10763,
#10764),.UNSPECIFIED.,.F.,.F.,(4,2,4),(3.47713393331688,3.52755192708111,
3.75450621707813),.UNSPECIFIED.);
#34=B_SPLINE_CURVE_WITH_KNOTS('',3,(#10766,#10767,#10768,#10769,#10770,
#10771),.UNSPECIFIED.,.F.,.F.,(4,2,4),(3.47713393331688,3.52755192708111,
3.75450621707813),.UNSPECIFIED.);
#35=B_SPLINE_CURVE_WITH_KNOTS('',3,(#10772,#10773,#10774,#10775,#10776,
#10777),.UNSPECIFIED.,.F.,.F.,(4,2,4),(0.344082043518862,0.571036333515877,
0.621454327280105),.UNSPECIFIED.);
#36=B_SPLINE_CURVE_WITH_KNOTS('',3,(#10779,#10780,#10781,#10782,#10783,
#10784),.UNSPECIFIED.,.F.,.F.,(4,2,4),(3.47713393331688,3.52755192708111,
3.75450621707813),.UNSPECIFIED.);
#37=B_SPLINE_CURVE_WITH_KNOTS('',3,(#10785,#10786,#10787,#10788,#10789,
#10790),.UNSPECIFIED.,.F.,.F.,(4,2,4),(0.344082043518861,0.571036333515876,
0.621454327280103),.UNSPECIFIED.);
#38=B_SPLINE_CURVE_WITH_KNOTS('',3,(#10792,#10793,#10794,#10795,#10796,
#10797),.UNSPECIFIED.,.F.,.F.,(4,2,4),(3.47713393331688,3.52755192708111,
3.75450621707813),.UNSPECIFIED.);
#39=B_SPLINE_CURVE_WITH_KNOTS('',3,(#10798,#10799,#10800,#10801,#10802,
#10803),.UNSPECIFIED.,.F.,.F.,(4,2,4),(0.344082043518862,0.571036333515876,
0.621454327280105),.UNSPECIFIED.);
#40=B_SPLINE_CURVE_WITH_KNOTS('',3,(#10805,#10806,#10807,#10808,#10809,
#10810),.UNSPECIFIED.,.F.,.F.,(4,2,4),(0.344082043518862,0.571036333515876,
0.621454327280105),.UNSPECIFIED.);
#41=B_SPLINE_CURVE_WITH_KNOTS('',3,(#10811,#10812,#10813,#10814,#10815,
#10816),.UNSPECIFIED.,.F.,.F.,(4,2,4),(3.47713393331688,3.52755192708111,
3.75450621707813),.UNSPECIFIED.);
#42=B_SPLINE_CURVE_WITH_KNOTS('',3,(#10818,#10819,#10820,#10821,#10822,
#10823),.UNSPECIFIED.,.F.,.F.,(4,2,4),(3.47713393331688,3.52755192708111,
3.75450621707813),.UNSPECIFIED.);
#43=B_SPLINE_CURVE_WITH_KNOTS('',3,(#10824,#10825,#10826,#10827,#10828,
#10829),.UNSPECIFIED.,.F.,.F.,(4,2,4),(0.344082043518861,0.571036333515876,
0.621454327280103),.UNSPECIFIED.);
#44=B_SPLINE_CURVE_WITH_KNOTS('',3,(#10831,#10832,#10833,#10834,#10835,
#10836),.UNSPECIFIED.,.F.,.F.,(4,2,4),(3.47713393331688,3.52755192708111,
3.75450621707813),.UNSPECIFIED.);
#45=B_SPLINE_CURVE_WITH_KNOTS('',3,(#10837,#10838,#10839,#10840,#10841,
#10842),.UNSPECIFIED.,.F.,.F.,(4,2,4),(0.344082043518861,0.571036333515876,
0.621454327280104),.UNSPECIFIED.);
#46=B_SPLINE_CURVE_WITH_KNOTS('',3,(#10844,#10845,#10846,#10847,#10848,
#10849),.UNSPECIFIED.,.F.,.F.,(4,2,4),(3.47713393331688,3.52755192708111,
3.75450621707813),.UNSPECIFIED.);
#47=B_SPLINE_CURVE_WITH_KNOTS('',3,(#10850,#10851,#10852,#10853,#10854,
#10855),.UNSPECIFIED.,.F.,.F.,(4,2,4),(0.344082043518862,0.571036333515876,
0.621454327280104),.UNSPECIFIED.);
#48=B_SPLINE_CURVE_WITH_KNOTS('',3,(#10857,#10858,#10859,#10860,#10861,
#10862),.UNSPECIFIED.,.F.,.F.,(4,2,4),(3.47713393331688,3.52755192708111,
3.75450621707813),.UNSPECIFIED.);
#49=B_SPLINE_CURVE_WITH_KNOTS('',3,(#10863,#10864,#10865,#10866,#10867,
#10868),.UNSPECIFIED.,.F.,.F.,(4,2,4),(0.344082043518863,0.571036333515876,
0.621454327280104),.UNSPECIFIED.);
#50=B_SPLINE_CURVE_WITH_KNOTS('',3,(#10870,#10871,#10872,#10873,#10874,
#10875),.UNSPECIFIED.,.F.,.F.,(4,2,4),(3.47713393331688,3.52755192708111,
3.75450621707813),.UNSPECIFIED.);
#51=B_SPLINE_CURVE_WITH_KNOTS('',3,(#10876,#10877,#10878,#10879,#10880,
#10881),.UNSPECIFIED.,.F.,.F.,(4,2,4),(0.344082043518862,0.571036333515876,
0.621454327280106),.UNSPECIFIED.);
#52=B_SPLINE_CURVE_WITH_KNOTS('',3,(#10883,#10884,#10885,#10886,#10887,
#10888),.UNSPECIFIED.,.F.,.F.,(4,2,4),(3.47713393331688,3.52755192708111,
3.75450621707813),.UNSPECIFIED.);
#53=B_SPLINE_CURVE_WITH_KNOTS('',3,(#10889,#10890,#10891,#10892,#10893,
#10894),.UNSPECIFIED.,.F.,.F.,(4,2,4),(0.344082043518862,0.571036333515876,
0.621454327280105),.UNSPECIFIED.);
#54=B_SPLINE_CURVE_WITH_KNOTS('',3,(#10896,#10897,#10898,#10899,#10900,
#10901),.UNSPECIFIED.,.F.,.F.,(4,2,4),(0.344082043518861,0.571036333515876,
0.621454327280104),.UNSPECIFIED.);
#55=B_SPLINE_CURVE_WITH_KNOTS('',3,(#10902,#10903,#10904,#10905,#10906,
#10907),.UNSPECIFIED.,.F.,.F.,(4,2,4),(3.47713393331688,3.52755192708111,
3.75450621707813),.UNSPECIFIED.);
#56=B_SPLINE_CURVE_WITH_KNOTS('',3,(#10909,#10910,#10911,#10912,#10913,
#10914),.UNSPECIFIED.,.F.,.F.,(4,2,4),(2.64086075565742,2.86781504565443,
2.91823303941866),.UNSPECIFIED.);
#57=B_SPLINE_CURVE_WITH_KNOTS('',3,(#10915,#10916,#10917,#10918,#10919,
#10920),.UNSPECIFIED.,.F.,.F.,(4,2,4),(5.77391264545544,5.82433063921967,
6.05128492921668),.UNSPECIFIED.);
#58=B_SPLINE_CURVE_WITH_KNOTS('',3,(#10922,#10923,#10924,#10925,#10926,
#10927),.UNSPECIFIED.,.F.,.F.,(4,2,4),(5.77391264545544,5.82433063921967,
6.05128492921668),.UNSPECIFIED.);
#59=B_SPLINE_CURVE_WITH_KNOTS('',3,(#10928,#10929,#10930,#10931,#10932,
#10933),.UNSPECIFIED.,.F.,.F.,(4,2,4),(2.64086075565742,2.86781504565443,
2.91823303941866),.UNSPECIFIED.);
#60=B_SPLINE_CURVE_WITH_KNOTS('',3,(#10935,#10936,#10937,#10938,#10939,
#10940),.UNSPECIFIED.,.F.,.F.,(4,2,4),(2.64086075565741,2.86781504565443,
2.91823303941866),.UNSPECIFIED.);
#61=B_SPLINE_CURVE_WITH_KNOTS('',3,(#10941,#10942,#10943,#10944,#10945,
#10946),.UNSPECIFIED.,.F.,.F.,(4,2,4),(5.77391264545544,5.82433063921967,
6.05128492921668),.UNSPECIFIED.);
#62=B_SPLINE_CURVE_WITH_KNOTS('',3,(#10948,#10949,#10950,#10951,#10952,
#10953),.UNSPECIFIED.,.F.,.F.,(4,2,4),(2.64086075565742,2.86781504565443,
2.91823303941866),.UNSPECIFIED.);
#63=B_SPLINE_CURVE_WITH_KNOTS('',3,(#10954,#10955,#10956,#10957,#10958,
#10959),.UNSPECIFIED.,.F.,.F.,(4,2,4),(5.77391264545544,5.82433063921967,
6.05128492921668),.UNSPECIFIED.);
#64=B_SPLINE_CURVE_WITH_KNOTS('',3,(#10961,#10962,#10963,#10964,#10965,
#10966),.UNSPECIFIED.,.F.,.F.,(4,2,4),(5.77391264545544,5.82433063921966,
6.05128492921668),.UNSPECIFIED.);
#65=B_SPLINE_CURVE_WITH_KNOTS('',3,(#10968,#10969,#10970,#10971,#10972,
#10973),.UNSPECIFIED.,.F.,.F.,(4,2,4),(5.77391264545544,5.82433063921967,
6.05128492921668),.UNSPECIFIED.);
#66=B_SPLINE_CURVE_WITH_KNOTS('',3,(#10974,#10975,#10976,#10977,#10978,
#10979),.UNSPECIFIED.,.F.,.F.,(4,2,4),(2.64086075565742,2.86781504565443,
2.91823303941865),.UNSPECIFIED.);
#67=B_SPLINE_CURVE_WITH_KNOTS('',3,(#10981,#10982,#10983,#10984,#10985,
#10986),.UNSPECIFIED.,.F.,.F.,(4,2,4),(5.77391264545544,5.82433063921967,
6.05128492921668),.UNSPECIFIED.);
#68=B_SPLINE_CURVE_WITH_KNOTS('',3,(#10987,#10988,#10989,#10990,#10991,
#10992),.UNSPECIFIED.,.F.,.F.,(4,2,4),(2.64086075565742,2.86781504565443,
2.91823303941865),.UNSPECIFIED.);
#69=B_SPLINE_CURVE_WITH_KNOTS('',3,(#10994,#10995,#10996,#10997,#10998,
#10999),.UNSPECIFIED.,.F.,.F.,(4,2,4),(5.77391264545544,5.82433063921967,
6.05128492921668),.UNSPECIFIED.);
#70=B_SPLINE_CURVE_WITH_KNOTS('',3,(#11000,#11001,#11002,#11003,#11004,
#11005),.UNSPECIFIED.,.F.,.F.,(4,2,4),(2.64086075565742,2.86781504565443,
2.91823303941866),.UNSPECIFIED.);
#71=B_SPLINE_CURVE_WITH_KNOTS('',3,(#11007,#11008,#11009,#11010,#11011,
#11012),.UNSPECIFIED.,.F.,.F.,(4,2,4),(2.64086075565742,2.86781504565443,
2.91823303941865),.UNSPECIFIED.);
#72=B_SPLINE_CURVE_WITH_KNOTS('',3,(#11013,#11014,#11015,#11016,#11017,
#11018),.UNSPECIFIED.,.F.,.F.,(4,2,4),(5.77391264545544,5.82433063921967,
6.05128492921668),.UNSPECIFIED.);
#73=B_SPLINE_CURVE_WITH_KNOTS('',3,(#11020,#11021,#11022,#11023,#11024,
#11025),.UNSPECIFIED.,.F.,.F.,(4,2,4),(2.64086075565742,2.86781504565443,
2.91823303941866),.UNSPECIFIED.);
#74=B_SPLINE_CURVE_WITH_KNOTS('',3,(#11026,#11027,#11028,#11029,#11030,
#11031),.UNSPECIFIED.,.F.,.F.,(4,2,4),(5.77391264545544,5.82433063921967,
6.05128492921668),.UNSPECIFIED.);
#75=B_SPLINE_CURVE_WITH_KNOTS('',3,(#11033,#11034,#11035,#11036,#11037,
#11038),.UNSPECIFIED.,.F.,.F.,(4,2,4),(2.64086075565741,2.86781504565443,
2.91823303941866),.UNSPECIFIED.);
#76=B_SPLINE_CURVE_WITH_KNOTS('',3,(#11039,#11040,#11041,#11042,#11043,
#11044),.UNSPECIFIED.,.F.,.F.,(4,2,4),(5.77391264545544,5.82433063921967,
6.05128492921668),.UNSPECIFIED.);
#77=B_SPLINE_CURVE_WITH_KNOTS('',3,(#11046,#11047,#11048,#11049,#11050,
#11051),.UNSPECIFIED.,.F.,.F.,(4,2,4),(5.77391264545544,5.82433063921967,
6.05128492921668),.UNSPECIFIED.);
#78=B_SPLINE_CURVE_WITH_KNOTS('',3,(#11052,#11053,#11054,#11055,#11056,
#11057),.UNSPECIFIED.,.F.,.F.,(4,2,4),(2.64086075565742,2.86781504565443,
2.91823303941865),.UNSPECIFIED.);
#79=B_SPLINE_CURVE_WITH_KNOTS('',3,(#11059,#11060,#11061,#11062,#11063,
#11064),.UNSPECIFIED.,.F.,.F.,(4,2,4),(2.64086075565742,2.86781504565443,
2.91823303941866),.UNSPECIFIED.);
#80=B_SPLINE_CURVE_WITH_KNOTS('',3,(#11065,#11066,#11067,#11068,#11069,
#11070),.UNSPECIFIED.,.F.,.F.,(4,2,4),(5.77391264545544,5.82433063921966,
6.05128492921668),.UNSPECIFIED.);
#81=B_SPLINE_CURVE_WITH_KNOTS('',3,(#11072,#11073,#11074,#11075,#11076,
#11077),.UNSPECIFIED.,.F.,.F.,(4,2,4),(2.64086075565742,2.86781504565443,
2.91823303941865),.UNSPECIFIED.);
#82=B_SPLINE_CURVE_WITH_KNOTS('',3,(#11078,#11079,#11080,#11081,#11082,
#11083),.UNSPECIFIED.,.F.,.F.,(4,2,4),(5.77391264545544,5.82433063921967,
6.05128492921668),.UNSPECIFIED.);
#83=B_SPLINE_CURVE_WITH_KNOTS('',3,(#11085,#11086,#11087,#11088,#11089,
#11090),.UNSPECIFIED.,.F.,.F.,(4,2,4),(2.64086075565742,2.86781504565443,
2.91823303941866),.UNSPECIFIED.);
#84=B_SPLINE_CURVE_WITH_KNOTS('',3,(#11091,#11092,#11093,#11094,#11095,
#11096),.UNSPECIFIED.,.F.,.F.,(4,2,4),(5.77391264545544,5.82433063921967,
6.05128492921668),.UNSPECIFIED.);
#85=B_SPLINE_CURVE_WITH_KNOTS('',3,(#11098,#11099,#11100,#11101,#11102,
#11103),.UNSPECIFIED.,.F.,.F.,(4,2,4),(2.64086075565742,2.86781504565443,
2.91823303941865),.UNSPECIFIED.);
#86=B_SPLINE_CURVE_WITH_KNOTS('',3,(#11104,#11105,#11106,#11107,#11108,
#11109),.UNSPECIFIED.,.F.,.F.,(4,2,4),(5.77391264545544,5.82433063921967,
6.05128492921668),.UNSPECIFIED.);
#87=B_SPLINE_CURVE_WITH_KNOTS('',3,(#11111,#11112,#11113,#11114,#11115,
#11116),.UNSPECIFIED.,.F.,.F.,(4,2,4),(2.64086075565742,2.86781504565443,
2.91823303941866),.UNSPECIFIED.);
#88=B_SPLINE_CURVE_WITH_KNOTS('',3,(#11117,#11118,#11119,#11120,#11121,
#11122),.UNSPECIFIED.,.F.,.F.,(4,2,4),(5.77391264545544,5.82433063921967,
6.05128492921668),.UNSPECIFIED.);
#89=B_SPLINE_CURVE_WITH_KNOTS('',3,(#11124,#11125,#11126,#11127,#11128,
#11129),.UNSPECIFIED.,.F.,.F.,(4,2,4),(2.64086075565741,2.86781504565443,
2.91823303941866),.UNSPECIFIED.);
#90=B_SPLINE_CURVE_WITH_KNOTS('',3,(#11130,#11131,#11132,#11133,#11134,
#11135),.UNSPECIFIED.,.F.,.F.,(4,2,4),(5.77391264545544,5.82433063921967,
6.05128492921668),.UNSPECIFIED.);
#91=B_SPLINE_CURVE_WITH_KNOTS('',3,(#11137,#11138,#11139,#11140,#11141,
#11142),.UNSPECIFIED.,.F.,.F.,(4,2,4),(5.77391264545544,5.82433063921966,
6.05128492921668),.UNSPECIFIED.);
#92=B_SPLINE_CURVE_WITH_KNOTS('',3,(#11143,#11144,#11145,#11146,#11147,
#11148),.UNSPECIFIED.,.F.,.F.,(4,2,4),(2.64086075565741,2.86781504565443,
2.91823303941865),.UNSPECIFIED.);
#93=B_SPLINE_CURVE_WITH_KNOTS('',3,(#11156,#11157,#11158,#11159,#11160,
#11161),.UNSPECIFIED.,.F.,.F.,(4,2,4),(2.64086075565741,2.86781504565443,
2.91823303941865),.UNSPECIFIED.);
#94=B_SPLINE_CURVE_WITH_KNOTS('',3,(#11163,#11164,#11165,#11166,#11167,
#11168),.UNSPECIFIED.,.F.,.F.,(4,2,4),(3.47713393331688,3.52755192708111,
3.75450621707813),.UNSPECIFIED.);
#95=B_SPLINE_CURVE_WITH_KNOTS('',3,(#11705,#11706,#11707,#11708,#11709,
#11710),.UNSPECIFIED.,.F.,.F.,(4,2,4),(2.64086075565742,2.86781504565443,
2.91823303941866),.UNSPECIFIED.);
#96=B_SPLINE_CURVE_WITH_KNOTS('',3,(#11713,#11714,#11715,#11716,#11717,
#11718),.UNSPECIFIED.,.F.,.F.,(4,2,4),(3.47713393331688,3.52755192708111,
3.75450621707813),.UNSPECIFIED.);
#97=B_SPLINE_CURVE_WITH_KNOTS('',3,(#11721,#11722,#11723,#11724,#11725,
#11726),.UNSPECIFIED.,.F.,.F.,(4,2,4),(0.344082043518862,0.571036333515876,
0.621454327280105),.UNSPECIFIED.);
#98=B_SPLINE_CURVE_WITH_KNOTS('',3,(#11730,#11731,#11732,#11733,#11734,
#11735),.UNSPECIFIED.,.F.,.F.,(4,2,4),(5.77391264545544,5.82433063921967,
6.05128492921668),.UNSPECIFIED.);
#99=B_SPLINE_CURVE_WITH_KNOTS('',3,(#12120,#12121,#12122,#12123,#12124,
#12125),.UNSPECIFIED.,.F.,.F.,(4,2,4),(3.47713393331688,3.52755192708111,
3.75450621707813),.UNSPECIFIED.);
#100=B_SPLINE_CURVE_WITH_KNOTS('',3,(#12126,#12127,#12128,#12129,#12130,
#12131),.UNSPECIFIED.,.F.,.F.,(4,2,4),(0.344082043518861,0.571036333515876,
0.621454327280104),.UNSPECIFIED.);
#101=B_SPLINE_CURVE_WITH_KNOTS('',3,(#12133,#12134,#12135,#12136,#12137,
#12138),.UNSPECIFIED.,.F.,.F.,(4,2,4),(0.344082043518862,0.571036333515876,
0.621454327280104),.UNSPECIFIED.);
#102=B_SPLINE_CURVE_WITH_KNOTS('',3,(#12139,#12140,#12141,#12142,#12143,
#12144),.UNSPECIFIED.,.F.,.F.,(4,2,4),(3.47713393331688,3.52755192708111,
3.75450621707813),.UNSPECIFIED.);
#103=B_SPLINE_CURVE_WITH_KNOTS('',3,(#12146,#12147,#12148,#12149,#12150,
#12151),.UNSPECIFIED.,.F.,.F.,(4,2,4),(3.47713393331688,3.52755192708111,
3.75450621707813),.UNSPECIFIED.);
#104=B_SPLINE_CURVE_WITH_KNOTS('',3,(#12152,#12153,#12154,#12155,#12156,
#12157),.UNSPECIFIED.,.F.,.F.,(4,2,4),(0.344082043518862,0.571036333515876,
0.621454327280105),.UNSPECIFIED.);
#105=B_SPLINE_CURVE_WITH_KNOTS('',3,(#12159,#12160,#12161,#12162,#12163,
#12164),.UNSPECIFIED.,.F.,.F.,(4,2,4),(3.47713393331688,3.52755192708111,
3.75450621707813),.UNSPECIFIED.);
#106=B_SPLINE_CURVE_WITH_KNOTS('',3,(#12165,#12166,#12167,#12168,#12169,
#12170),.UNSPECIFIED.,.F.,.F.,(4,2,4),(0.344082043518862,0.571036333515876,
0.621454327280105),.UNSPECIFIED.);
#107=B_SPLINE_CURVE_WITH_KNOTS('',3,(#12172,#12173,#12174,#12175,#12176,
#12177),.UNSPECIFIED.,.F.,.F.,(4,2,4),(0.344082043518861,0.571036333515876,
0.621454327280104),.UNSPECIFIED.);
#108=B_SPLINE_CURVE_WITH_KNOTS('',3,(#12179,#12180,#12181,#12182,#12183,
#12184),.UNSPECIFIED.,.F.,.F.,(4,2,4),(0.344082043518862,0.571036333515876,
0.621454327280104),.UNSPECIFIED.);
#109=B_SPLINE_CURVE_WITH_KNOTS('',3,(#12185,#12186,#12187,#12188,#12189,
#12190),.UNSPECIFIED.,.F.,.F.,(4,2,4),(3.47713393331688,3.52755192708111,
3.75450621707813),.UNSPECIFIED.);
#110=B_SPLINE_CURVE_WITH_KNOTS('',3,(#12192,#12193,#12194,#12195,#12196,
#12197),.UNSPECIFIED.,.F.,.F.,(4,2,4),(0.344082043518861,0.571036333515876,
0.621454327280104),.UNSPECIFIED.);
#111=B_SPLINE_CURVE_WITH_KNOTS('',3,(#12198,#12199,#12200,#12201,#12202,
#12203),.UNSPECIFIED.,.F.,.F.,(4,2,4),(3.47713393331688,3.52755192708111,
3.75450621707813),.UNSPECIFIED.);
#112=B_SPLINE_CURVE_WITH_KNOTS('',3,(#12205,#12206,#12207,#12208,#12209,
#12210),.UNSPECIFIED.,.F.,.F.,(4,2,4),(0.344082043518862,0.571036333515876,
0.621454327280104),.UNSPECIFIED.);
#113=B_SPLINE_CURVE_WITH_KNOTS('',3,(#12211,#12212,#12213,#12214,#12215,
#12216),.UNSPECIFIED.,.F.,.F.,(4,2,4),(3.47713393331688,3.52755192708111,
3.75450621707813),.UNSPECIFIED.);
#114=B_SPLINE_CURVE_WITH_KNOTS('',3,(#12218,#12219,#12220,#12221,#12222,
#12223),.UNSPECIFIED.,.F.,.F.,(4,2,4),(3.47713393331688,3.52755192708111,
3.75450621707813),.UNSPECIFIED.);
#115=B_SPLINE_CURVE_WITH_KNOTS('',3,(#12224,#12225,#12226,#12227,#12228,
#12229),.UNSPECIFIED.,.F.,.F.,(4,2,4),(0.344082043518862,0.571036333515877,
0.621454327280105),.UNSPECIFIED.);
#116=B_SPLINE_CURVE_WITH_KNOTS('',3,(#12231,#12232,#12233,#12234,#12235,
#12236),.UNSPECIFIED.,.F.,.F.,(4,2,4),(3.47713393331688,3.52755192708111,
3.75450621707813),.UNSPECIFIED.);
#117=B_SPLINE_CURVE_WITH_KNOTS('',3,(#12237,#12238,#12239,#12240,#12241,
#12242),.UNSPECIFIED.,.F.,.F.,(4,2,4),(0.344082043518861,0.571036333515876,
0.621454327280103),.UNSPECIFIED.);
#118=B_SPLINE_CURVE_WITH_KNOTS('',3,(#12244,#12245,#12246,#12247,#12248,
#12249),.UNSPECIFIED.,.F.,.F.,(4,2,4),(3.47713393331688,3.52755192708111,
3.75450621707813),.UNSPECIFIED.);
#119=B_SPLINE_CURVE_WITH_KNOTS('',3,(#12250,#12251,#12252,#12253,#12254,
#12255),.UNSPECIFIED.,.F.,.F.,(4,2,4),(0.344082043518862,0.571036333515876,
0.621454327280105),.UNSPECIFIED.);
#120=B_SPLINE_CURVE_WITH_KNOTS('',3,(#12257,#12258,#12259,#12260,#12261,
#12262),.UNSPECIFIED.,.F.,.F.,(4,2,4),(0.344082043518862,0.571036333515876,
0.621454327280105),.UNSPECIFIED.);
#121=B_SPLINE_CURVE_WITH_KNOTS('',3,(#12263,#12264,#12265,#12266,#12267,
#12268),.UNSPECIFIED.,.F.,.F.,(4,2,4),(3.47713393331688,3.52755192708111,
3.75450621707813),.UNSPECIFIED.);
#122=B_SPLINE_CURVE_WITH_KNOTS('',3,(#12270,#12271,#12272,#12273,#12274,
#12275),.UNSPECIFIED.,.F.,.F.,(4,2,4),(3.47713393331688,3.52755192708111,
3.75450621707813),.UNSPECIFIED.);
#123=B_SPLINE_CURVE_WITH_KNOTS('',3,(#12276,#12277,#12278,#12279,#12280,
#12281),.UNSPECIFIED.,.F.,.F.,(4,2,4),(0.344082043518861,0.571036333515876,
0.621454327280103),.UNSPECIFIED.);
#124=B_SPLINE_CURVE_WITH_KNOTS('',3,(#12283,#12284,#12285,#12286,#12287,
#12288),.UNSPECIFIED.,.F.,.F.,(4,2,4),(3.47713393331688,3.52755192708111,
3.75450621707813),.UNSPECIFIED.);
#125=B_SPLINE_CURVE_WITH_KNOTS('',3,(#12289,#12290,#12291,#12292,#12293,
#12294),.UNSPECIFIED.,.F.,.F.,(4,2,4),(0.344082043518861,0.571036333515876,
0.621454327280104),.UNSPECIFIED.);
#126=B_SPLINE_CURVE_WITH_KNOTS('',3,(#12296,#12297,#12298,#12299,#12300,
#12301),.UNSPECIFIED.,.F.,.F.,(4,2,4),(3.47713393331688,3.52755192708111,
3.75450621707813),.UNSPECIFIED.);
#127=B_SPLINE_CURVE_WITH_KNOTS('',3,(#12302,#12303,#12304,#12305,#12306,
#12307),.UNSPECIFIED.,.F.,.F.,(4,2,4),(0.344082043518862,0.571036333515876,
0.621454327280104),.UNSPECIFIED.);
#128=B_SPLINE_CURVE_WITH_KNOTS('',3,(#12309,#12310,#12311,#12312,#12313,
#12314),.UNSPECIFIED.,.F.,.F.,(4,2,4),(3.47713393331688,3.52755192708111,
3.75450621707813),.UNSPECIFIED.);
#129=B_SPLINE_CURVE_WITH_KNOTS('',3,(#12315,#12316,#12317,#12318,#12319,
#12320),.UNSPECIFIED.,.F.,.F.,(4,2,4),(0.344082043518863,0.571036333515876,
0.621454327280104),.UNSPECIFIED.);
#130=B_SPLINE_CURVE_WITH_KNOTS('',3,(#12322,#12323,#12324,#12325,#12326,
#12327),.UNSPECIFIED.,.F.,.F.,(4,2,4),(3.47713393331688,3.52755192708111,
3.75450621707813),.UNSPECIFIED.);
#131=B_SPLINE_CURVE_WITH_KNOTS('',3,(#12328,#12329,#12330,#12331,#12332,
#12333),.UNSPECIFIED.,.F.,.F.,(4,2,4),(0.344082043518862,0.571036333515876,
0.621454327280106),.UNSPECIFIED.);
#132=B_SPLINE_CURVE_WITH_KNOTS('',3,(#12335,#12336,#12337,#12338,#12339,
#12340),.UNSPECIFIED.,.F.,.F.,(4,2,4),(3.47713393331688,3.52755192708111,
3.75450621707813),.UNSPECIFIED.);
#133=B_SPLINE_CURVE_WITH_KNOTS('',3,(#12341,#12342,#12343,#12344,#12345,
#12346),.UNSPECIFIED.,.F.,.F.,(4,2,4),(0.344082043518862,0.571036333515876,
0.621454327280105),.UNSPECIFIED.);
#134=B_SPLINE_CURVE_WITH_KNOTS('',3,(#12348,#12349,#12350,#12351,#12352,
#12353),.UNSPECIFIED.,.F.,.F.,(4,2,4),(0.344082043518861,0.571036333515876,
0.621454327280104),.UNSPECIFIED.);
#135=B_SPLINE_CURVE_WITH_KNOTS('',3,(#12354,#12355,#12356,#12357,#12358,
#12359),.UNSPECIFIED.,.F.,.F.,(4,2,4),(3.47713393331688,3.52755192708111,
3.75450621707813),.UNSPECIFIED.);
#136=B_SPLINE_CURVE_WITH_KNOTS('',3,(#12361,#12362,#12363,#12364,#12365,
#12366),.UNSPECIFIED.,.F.,.F.,(4,2,4),(2.64086075565742,2.86781504565443,
2.91823303941866),.UNSPECIFIED.);
#137=B_SPLINE_CURVE_WITH_KNOTS('',3,(#12367,#12368,#12369,#12370,#12371,
#12372),.UNSPECIFIED.,.F.,.F.,(4,2,4),(5.77391264545544,5.82433063921967,
6.05128492921668),.UNSPECIFIED.);
#138=B_SPLINE_CURVE_WITH_KNOTS('',3,(#12374,#12375,#12376,#12377,#12378,
#12379),.UNSPECIFIED.,.F.,.F.,(4,2,4),(5.77391264545544,5.82433063921967,
6.05128492921668),.UNSPECIFIED.);
#139=B_SPLINE_CURVE_WITH_KNOTS('',3,(#12380,#12381,#12382,#12383,#12384,
#12385),.UNSPECIFIED.,.F.,.F.,(4,2,4),(2.64086075565742,2.86781504565443,
2.91823303941866),.UNSPECIFIED.);
#140=B_SPLINE_CURVE_WITH_KNOTS('',3,(#12387,#12388,#12389,#12390,#12391,
#12392),.UNSPECIFIED.,.F.,.F.,(4,2,4),(2.64086075565741,2.86781504565443,
2.91823303941866),.UNSPECIFIED.);
#141=B_SPLINE_CURVE_WITH_KNOTS('',3,(#12393,#12394,#12395,#12396,#12397,
#12398),.UNSPECIFIED.,.F.,.F.,(4,2,4),(5.77391264545544,5.82433063921967,
6.05128492921668),.UNSPECIFIED.);
#142=B_SPLINE_CURVE_WITH_KNOTS('',3,(#12400,#12401,#12402,#12403,#12404,
#12405),.UNSPECIFIED.,.F.,.F.,(4,2,4),(2.64086075565742,2.86781504565443,
2.91823303941866),.UNSPECIFIED.);
#143=B_SPLINE_CURVE_WITH_KNOTS('',3,(#12406,#12407,#12408,#12409,#12410,
#12411),.UNSPECIFIED.,.F.,.F.,(4,2,4),(5.77391264545544,5.82433063921967,
6.05128492921668),.UNSPECIFIED.);
#144=B_SPLINE_CURVE_WITH_KNOTS('',3,(#12413,#12414,#12415,#12416,#12417,
#12418),.UNSPECIFIED.,.F.,.F.,(4,2,4),(5.77391264545544,5.82433063921966,
6.05128492921668),.UNSPECIFIED.);
#145=B_SPLINE_CURVE_WITH_KNOTS('',3,(#12420,#12421,#12422,#12423,#12424,
#12425),.UNSPECIFIED.,.F.,.F.,(4,2,4),(5.77391264545544,5.82433063921967,
6.05128492921668),.UNSPECIFIED.);
#146=B_SPLINE_CURVE_WITH_KNOTS('',3,(#12426,#12427,#12428,#12429,#12430,
#12431),.UNSPECIFIED.,.F.,.F.,(4,2,4),(2.64086075565742,2.86781504565443,
2.91823303941865),.UNSPECIFIED.);
#147=B_SPLINE_CURVE_WITH_KNOTS('',3,(#12433,#12434,#12435,#12436,#12437,
#12438),.UNSPECIFIED.,.F.,.F.,(4,2,4),(5.77391264545544,5.82433063921967,
6.05128492921668),.UNSPECIFIED.);
#148=B_SPLINE_CURVE_WITH_KNOTS('',3,(#12439,#12440,#12441,#12442,#12443,
#12444),.UNSPECIFIED.,.F.,.F.,(4,2,4),(2.64086075565742,2.86781504565443,
2.91823303941865),.UNSPECIFIED.);
#149=B_SPLINE_CURVE_WITH_KNOTS('',3,(#12446,#12447,#12448,#12449,#12450,
#12451),.UNSPECIFIED.,.F.,.F.,(4,2,4),(5.77391264545544,5.82433063921967,
6.05128492921668),.UNSPECIFIED.);
#150=B_SPLINE_CURVE_WITH_KNOTS('',3,(#12452,#12453,#12454,#12455,#12456,
#12457),.UNSPECIFIED.,.F.,.F.,(4,2,4),(2.64086075565742,2.86781504565443,
2.91823303941866),.UNSPECIFIED.);
#151=B_SPLINE_CURVE_WITH_KNOTS('',3,(#12459,#12460,#12461,#12462,#12463,
#12464),.UNSPECIFIED.,.F.,.F.,(4,2,4),(2.64086075565742,2.86781504565443,
2.91823303941865),.UNSPECIFIED.);
#152=B_SPLINE_CURVE_WITH_KNOTS('',3,(#12465,#12466,#12467,#12468,#12469,
#12470),.UNSPECIFIED.,.F.,.F.,(4,2,4),(5.77391264545544,5.82433063921967,
6.05128492921668),.UNSPECIFIED.);
#153=B_SPLINE_CURVE_WITH_KNOTS('',3,(#12472,#12473,#12474,#12475,#12476,
#12477),.UNSPECIFIED.,.F.,.F.,(4,2,4),(2.64086075565742,2.86781504565443,
2.91823303941866),.UNSPECIFIED.);
#154=B_SPLINE_CURVE_WITH_KNOTS('',3,(#12478,#12479,#12480,#12481,#12482,
#12483),.UNSPECIFIED.,.F.,.F.,(4,2,4),(5.77391264545544,5.82433063921967,
6.05128492921668),.UNSPECIFIED.);
#155=B_SPLINE_CURVE_WITH_KNOTS('',3,(#12485,#12486,#12487,#12488,#12489,
#12490),.UNSPECIFIED.,.F.,.F.,(4,2,4),(2.64086075565741,2.86781504565443,
2.91823303941866),.UNSPECIFIED.);
#156=B_SPLINE_CURVE_WITH_KNOTS('',3,(#12491,#12492,#12493,#12494,#12495,
#12496),.UNSPECIFIED.,.F.,.F.,(4,2,4),(5.77391264545544,5.82433063921967,
6.05128492921668),.UNSPECIFIED.);
#157=B_SPLINE_CURVE_WITH_KNOTS('',3,(#12498,#12499,#12500,#12501,#12502,
#12503),.UNSPECIFIED.,.F.,.F.,(4,2,4),(5.77391264545544,5.82433063921967,
6.05128492921668),.UNSPECIFIED.);
#158=B_SPLINE_CURVE_WITH_KNOTS('',3,(#12504,#12505,#12506,#12507,#12508,
#12509),.UNSPECIFIED.,.F.,.F.,(4,2,4),(2.64086075565742,2.86781504565443,
2.91823303941865),.UNSPECIFIED.);
#159=B_SPLINE_CURVE_WITH_KNOTS('',3,(#12511,#12512,#12513,#12514,#12515,
#12516),.UNSPECIFIED.,.F.,.F.,(4,2,4),(2.64086075565742,2.86781504565443,
2.91823303941866),.UNSPECIFIED.);
#160=B_SPLINE_CURVE_WITH_KNOTS('',3,(#12517,#12518,#12519,#12520,#12521,
#12522),.UNSPECIFIED.,.F.,.F.,(4,2,4),(5.77391264545544,5.82433063921966,
6.05128492921668),.UNSPECIFIED.);
#161=B_SPLINE_CURVE_WITH_KNOTS('',3,(#12524,#12525,#12526,#12527,#12528,
#12529),.UNSPECIFIED.,.F.,.F.,(4,2,4),(2.64086075565742,2.86781504565443,
2.91823303941865),.UNSPECIFIED.);
#162=B_SPLINE_CURVE_WITH_KNOTS('',3,(#12530,#12531,#12532,#12533,#12534,
#12535),.UNSPECIFIED.,.F.,.F.,(4,2,4),(5.77391264545544,5.82433063921967,
6.05128492921668),.UNSPECIFIED.);
#163=B_SPLINE_CURVE_WITH_KNOTS('',3,(#12537,#12538,#12539,#12540,#12541,
#12542),.UNSPECIFIED.,.F.,.F.,(4,2,4),(2.64086075565742,2.86781504565443,
2.91823303941866),.UNSPECIFIED.);
#164=B_SPLINE_CURVE_WITH_KNOTS('',3,(#12543,#12544,#12545,#12546,#12547,
#12548),.UNSPECIFIED.,.F.,.F.,(4,2,4),(5.77391264545544,5.82433063921967,
6.05128492921668),.UNSPECIFIED.);
#165=B_SPLINE_CURVE_WITH_KNOTS('',3,(#12550,#12551,#12552,#12553,#12554,
#12555),.UNSPECIFIED.,.F.,.F.,(4,2,4),(2.64086075565742,2.86781504565443,
2.91823303941865),.UNSPECIFIED.);
#166=B_SPLINE_CURVE_WITH_KNOTS('',3,(#12556,#12557,#12558,#12559,#12560,
#12561),.UNSPECIFIED.,.F.,.F.,(4,2,4),(5.77391264545544,5.82433063921967,
6.05128492921668),.UNSPECIFIED.);
#167=B_SPLINE_CURVE_WITH_KNOTS('',3,(#12563,#12564,#12565,#12566,#12567,
#12568),.UNSPECIFIED.,.F.,.F.,(4,2,4),(2.64086075565742,2.86781504565443,
2.91823303941866),.UNSPECIFIED.);
#168=B_SPLINE_CURVE_WITH_KNOTS('',3,(#12569,#12570,#12571,#12572,#12573,
#12574),.UNSPECIFIED.,.F.,.F.,(4,2,4),(5.77391264545544,5.82433063921967,
6.05128492921668),.UNSPECIFIED.);
#169=B_SPLINE_CURVE_WITH_KNOTS('',3,(#12576,#12577,#12578,#12579,#12580,
#12581),.UNSPECIFIED.,.F.,.F.,(4,2,4),(2.64086075565741,2.86781504565443,
2.91823303941866),.UNSPECIFIED.);
#170=B_SPLINE_CURVE_WITH_KNOTS('',3,(#12582,#12583,#12584,#12585,#12586,
#12587),.UNSPECIFIED.,.F.,.F.,(4,2,4),(5.77391264545544,5.82433063921967,
6.05128492921668),.UNSPECIFIED.);
#171=B_SPLINE_CURVE_WITH_KNOTS('',3,(#12589,#12590,#12591,#12592,#12593,
#12594),.UNSPECIFIED.,.F.,.F.,(4,2,4),(5.77391264545544,5.82433063921966,
6.05128492921668),.UNSPECIFIED.);
#172=B_SPLINE_CURVE_WITH_KNOTS('',3,(#12595,#12596,#12597,#12598,#12599,
#12600),.UNSPECIFIED.,.F.,.F.,(4,2,4),(2.64086075565741,2.86781504565443,
2.91823303941865),.UNSPECIFIED.);
#173=B_SPLINE_CURVE_WITH_KNOTS('',3,(#12608,#12609,#12610,#12611,#12612,
#12613),.UNSPECIFIED.,.F.,.F.,(4,2,4),(3.47713393331688,3.52755192708111,
3.75450621707813),.UNSPECIFIED.);
#174=B_SPLINE_CURVE_WITH_KNOTS('',3,(#12615,#12616,#12617,#12618,#12619,
#12620),.UNSPECIFIED.,.F.,.F.,(4,2,4),(2.64086075565741,2.86781504565443,
2.91823303941865),.UNSPECIFIED.);
#175=FACE_BOUND('',#1409,.T.);
#176=FACE_BOUND('',#1640,.T.);
#177=FACE_BOUND('',#1641,.T.);
#178=FACE_BOUND('',#1642,.T.);
#179=FACE_BOUND('',#1643,.T.);
#180=FACE_BOUND('',#1644,.T.);
#181=CONICAL_SURFACE('',#6628,8.5,0.785398163397448);
#182=CONICAL_SURFACE('',#6751,10.75,0.785398163397449);
#183=CONICAL_SURFACE('',#6754,15.,0.785398163397448);
#184=CONICAL_SURFACE('',#6988,22.,0.78539816339745);
#185=CONICAL_SURFACE('',#6989,22.,0.78539816339745);
#186=CONICAL_SURFACE('',#6990,22.,0.78539816339745);
#187=CONICAL_SURFACE('',#6991,22.,0.78539816339745);
#188=CONICAL_SURFACE('',#6992,22.,0.78539816339745);
#189=CONICAL_SURFACE('',#6993,22.,0.78539816339745);
#190=CONICAL_SURFACE('',#6994,22.,0.78539816339745);
#191=CONICAL_SURFACE('',#6995,22.,0.78539816339745);
#192=CONICAL_SURFACE('',#6996,22.,0.78539816339745);
#193=CONICAL_SURFACE('',#6997,22.,0.78539816339745);
#194=CONICAL_SURFACE('',#6998,22.,0.78539816339745);
#195=CONICAL_SURFACE('',#6999,22.,0.78539816339745);
#196=CONICAL_SURFACE('',#7000,22.,0.78539816339745);
#197=CONICAL_SURFACE('',#7001,22.,0.78539816339745);
#198=CONICAL_SURFACE('',#7002,22.,0.78539816339745);
#199=CONICAL_SURFACE('',#7003,22.,0.78539816339745);
#200=CONICAL_SURFACE('',#7004,22.,0.78539816339745);
#201=CONICAL_SURFACE('',#7005,22.,0.78539816339745);
#202=CONICAL_SURFACE('',#7006,22.,0.78539816339745);
#203=CONICAL_SURFACE('',#7007,20.,0.785398163397448);
#204=CONICAL_SURFACE('',#7008,20.,0.785398163397448);
#205=CONICAL_SURFACE('',#7009,20.,0.785398163397448);
#206=CONICAL_SURFACE('',#7010,20.,0.785398163397448);
#207=CONICAL_SURFACE('',#7011,20.,0.785398163397448);
#208=CONICAL_SURFACE('',#7012,20.,0.785398163397448);
#209=CONICAL_SURFACE('',#7013,20.,0.785398163397448);
#210=CONICAL_SURFACE('',#7014,20.,0.785398163397448);
#211=CONICAL_SURFACE('',#7015,20.,0.785398163397448);
#212=CONICAL_SURFACE('',#7016,20.,0.785398163397448);
#213=CONICAL_SURFACE('',#7017,20.,0.785398163397448);
#214=CONICAL_SURFACE('',#7018,20.,0.785398163397448);
#215=CONICAL_SURFACE('',#7019,20.,0.785398163397448);
#216=CONICAL_SURFACE('',#7020,20.,0.785398163397448);
#217=CONICAL_SURFACE('',#7021,20.,0.785398163397448);
#218=CONICAL_SURFACE('',#7022,20.,0.785398163397448);
#219=CONICAL_SURFACE('',#7023,20.,0.785398163397448);
#220=CONICAL_SURFACE('',#7024,20.,0.785398163397448);
#221=CONICAL_SURFACE('',#7025,20.,0.785398163397448);
#222=CONICAL_SURFACE('',#7034,22.,0.78539816339745);
#223=CONICAL_SURFACE('',#7035,20.,0.785398163397448);
#224=CONICAL_SURFACE('',#7118,10.75,0.785398163397449);
#225=CONICAL_SURFACE('',#7122,15.,0.785398163397448);
#226=CONICAL_SURFACE('',#7497,22.,0.78539816339745);
#227=CONICAL_SURFACE('',#7498,22.,0.78539816339745);
#228=CONICAL_SURFACE('',#7499,22.,0.78539816339745);
#229=CONICAL_SURFACE('',#7500,22.,0.78539816339745);
#230=CONICAL_SURFACE('',#7501,22.,0.78539816339745);
#231=CONICAL_SURFACE('',#7502,22.,0.78539816339745);
#232=CONICAL_SURFACE('',#7503,22.,0.78539816339745);
#233=CONICAL_SURFACE('',#7504,22.,0.78539816339745);
#234=CONICAL_SURFACE('',#7505,22.,0.78539816339745);
#235=CONICAL_SURFACE('',#7506,22.,0.78539816339745);
#236=CONICAL_SURFACE('',#7507,22.,0.78539816339745);
#237=CONICAL_SURFACE('',#7508,22.,0.78539816339745);
#238=CONICAL_SURFACE('',#7509,22.,0.78539816339745);
#239=CONICAL_SURFACE('',#7510,22.,0.78539816339745);
#240=CONICAL_SURFACE('',#7511,22.,0.78539816339745);
#241=CONICAL_SURFACE('',#7512,22.,0.78539816339745);
#242=CONICAL_SURFACE('',#7513,22.,0.78539816339745);
#243=CONICAL_SURFACE('',#7514,22.,0.78539816339745);
#244=CONICAL_SURFACE('',#7515,22.,0.78539816339745);
#245=CONICAL_SURFACE('',#7516,20.,0.785398163397448);
#246=CONICAL_SURFACE('',#7517,20.,0.785398163397448);
#247=CONICAL_SURFACE('',#7518,20.,0.785398163397448);
#248=CONICAL_SURFACE('',#7519,20.,0.785398163397448);
#249=CONICAL_SURFACE('',#7520,20.,0.785398163397448);
#250=CONICAL_SURFACE('',#7521,20.,0.785398163397448);
#251=CONICAL_SURFACE('',#7522,20.,0.785398163397448);
#252=CONICAL_SURFACE('',#7523,20.,0.785398163397448);
#253=CONICAL_SURFACE('',#7524,20.,0.785398163397448);
#254=CONICAL_SURFACE('',#7525,20.,0.785398163397448);
#255=CONICAL_SURFACE('',#7526,20.,0.785398163397448);
#256=CONICAL_SURFACE('',#7527,20.,0.785398163397448);
#257=CONICAL_SURFACE('',#7528,20.,0.785398163397448);
#258=CONICAL_SURFACE('',#7529,20.,0.785398163397448);
#259=CONICAL_SURFACE('',#7530,20.,0.785398163397448);
#260=CONICAL_SURFACE('',#7531,20.,0.785398163397448);
#261=CONICAL_SURFACE('',#7532,20.,0.785398163397448);
#262=CONICAL_SURFACE('',#7533,20.,0.785398163397448);
#263=CONICAL_SURFACE('',#7534,20.,0.785398163397448);
#264=CONICAL_SURFACE('',#7543,22.,0.78539816339745);
#265=CONICAL_SURFACE('',#7544,20.,0.785398163397448);
#266=LINE('',#9895,#520);
#267=LINE('',#9900,#521);
#268=LINE('',#10146,#522);
#269=LINE('',#10232,#523);
#270=LINE('',#10425,#524);
#271=LINE('',#10427,#525);
#272=LINE('',#10428,#526);
#273=LINE('',#10430,#527);
#274=LINE('',#10431,#528);
#275=LINE('',#10433,#529);
#276=LINE('',#10434,#530);
#277=LINE('',#10436,#531);
#278=LINE('',#10437,#532);
#279=LINE('',#10439,#533);
#280=LINE('',#10440,#534);
#281=LINE('',#10442,#535);
#282=LINE('',#10445,#536);
#283=LINE('',#10447,#537);
#284=LINE('',#10448,#538);
#285=LINE('',#10450,#539);
#286=LINE('',#10451,#540);
#287=LINE('',#10453,#541);
#288=LINE('',#10454,#542);
#289=LINE('',#10456,#543);
#290=LINE('',#10457,#544);
#291=LINE('',#10468,#545);
#292=LINE('',#10484,#546);
#293=LINE('',#10504,#547);
#294=LINE('',#10507,#548);
#295=LINE('',#10513,#549);
#296=LINE('',#10516,#550);
#297=LINE('',#10522,#551);
#298=LINE('',#10525,#552);
#299=LINE('',#10531,#553);
#300=LINE('',#10534,#554);
#301=LINE('',#10539,#555);
#302=LINE('',#10546,#556);
#303=LINE('',#10549,#557);
#304=LINE('',#10555,#558);
#305=LINE('',#10558,#559);
#306=LINE('',#10564,#560);
#307=LINE('',#10567,#561);
#308=LINE('',#10573,#562);
#309=LINE('',#10576,#563);
#310=LINE('',#10582,#564);
#311=LINE('',#10585,#565);
#312=LINE('',#10591,#566);
#313=LINE('',#10594,#567);
#314=LINE('',#10600,#568);
#315=LINE('',#10603,#569);
#316=LINE('',#10609,#570);
#317=LINE('',#10612,#571);
#318=LINE('',#10618,#572);
#319=LINE('',#10621,#573);
#320=LINE('',#10627,#574);
#321=LINE('',#10630,#575);
#322=LINE('',#10636,#576);
#323=LINE('',#10639,#577);
#324=LINE('',#10645,#578);
#325=LINE('',#10648,#579);
#326=LINE('',#10654,#580);
#327=LINE('',#10657,#581);
#328=LINE('',#10663,#582);
#329=LINE('',#10666,#583);
#330=LINE('',#11153,#584);
#331=LINE('',#11162,#585);
#332=LINE('',#11170,#586);
#333=LINE('',#11171,#587);
#334=LINE('',#11173,#588);
#335=LINE('',#11179,#589);
#336=LINE('',#11181,#590);
#337=LINE('',#11183,#591);
#338=LINE('',#11185,#592);
#339=LINE('',#11186,#593);
#340=LINE('',#11188,#594);
#341=LINE('',#11190,#595);
#342=LINE('',#11192,#596);
#343=LINE('',#11193,#597);
#344=LINE('',#11195,#598);
#345=LINE('',#11197,#599);
#346=LINE('',#11199,#600);
#347=LINE('',#11200,#601);
#348=LINE('',#11202,#602);
#349=LINE('',#11204,#603);
#350=LINE('',#11206,#604);
#351=LINE('',#11207,#605);
#352=LINE('',#11209,#606);
#353=LINE('',#11211,#607);
#354=LINE('',#11213,#608);
#355=LINE('',#11214,#609);
#356=LINE('',#11216,#610);
#357=LINE('',#11218,#611);
#358=LINE('',#11220,#612);
#359=LINE('',#11221,#613);
#360=LINE('',#11223,#614);
#361=LINE('',#11225,#615);
#362=LINE('',#11227,#616);
#363=LINE('',#11228,#617);
#364=LINE('',#11230,#618);
#365=LINE('',#11232,#619);
#366=LINE('',#11234,#620);
#367=LINE('',#11235,#621);
#368=LINE('',#11237,#622);
#369=LINE('',#11239,#623);
#370=LINE('',#11241,#624);
#371=LINE('',#11242,#625);
#372=LINE('',#11244,#626);
#373=LINE('',#11246,#627);
#374=LINE('',#11248,#628);
#375=LINE('',#11249,#629);
#376=LINE('',#11251,#630);
#377=LINE('',#11254,#631);
#378=LINE('',#11256,#632);
#379=LINE('',#11259,#633);
#380=LINE('',#11261,#634);
#381=LINE('',#11264,#635);
#382=LINE('',#11266,#636);
#383=LINE('',#11268,#637);
#384=LINE('',#11270,#638);
#385=LINE('',#11274,#639);
#386=LINE('',#11276,#640);
#387=LINE('',#11279,#641);
#388=LINE('',#11281,#642);
#389=LINE('',#11284,#643);
#390=LINE('',#11286,#644);
#391=LINE('',#11320,#645);
#392=LINE('',#11323,#646);
#393=LINE('',#11329,#647);
#394=LINE('',#11601,#648);
#395=LINE('',#11606,#649);
#396=LINE('',#11613,#650);
#397=LINE('',#11620,#651);
#398=LINE('',#11627,#652);
#399=LINE('',#11634,#653);
#400=LINE('',#11641,#654);
#401=LINE('',#11642,#655);
#402=LINE('',#11647,#656);
#403=LINE('',#11648,#657);
#404=LINE('',#11653,#658);
#405=LINE('',#11654,#659);
#406=LINE('',#11659,#660);
#407=LINE('',#11660,#661);
#408=LINE('',#11665,#662);
#409=LINE('',#11666,#663);
#410=LINE('',#11672,#664);
#411=LINE('',#11674,#665);
#412=LINE('',#11679,#666);
#413=LINE('',#11680,#667);
#414=LINE('',#11685,#668);
#415=LINE('',#11686,#669);
#416=LINE('',#11691,#670);
#417=LINE('',#11692,#671);
#418=LINE('',#11697,#672);
#419=LINE('',#11698,#673);
#420=LINE('',#11712,#674);
#421=LINE('',#11728,#675);
#422=LINE('',#11956,#676);
#423=LINE('',#11959,#677);
#424=LINE('',#11965,#678);
#425=LINE('',#11968,#679);
#426=LINE('',#11974,#680);
#427=LINE('',#11977,#681);
#428=LINE('',#11983,#682);
#429=LINE('',#11986,#683);
#430=LINE('',#11992,#684);
#431=LINE('',#11998,#685);
#432=LINE('',#12001,#686);
#433=LINE('',#12007,#687);
#434=LINE('',#12010,#688);
#435=LINE('',#12016,#689);
#436=LINE('',#12019,#690);
#437=LINE('',#12025,#691);
#438=LINE('',#12028,#692);
#439=LINE('',#12034,#693);
#440=LINE('',#12037,#694);
#441=LINE('',#12043,#695);
#442=LINE('',#12046,#696);
#443=LINE('',#12052,#697);
#444=LINE('',#12055,#698);
#445=LINE('',#12061,#699);
#446=LINE('',#12064,#700);
#447=LINE('',#12070,#701);
#448=LINE('',#12073,#702);
#449=LINE('',#12079,#703);
#450=LINE('',#12082,#704);
#451=LINE('',#12088,#705);
#452=LINE('',#12091,#706);
#453=LINE('',#12097,#707);
#454=LINE('',#12100,#708);
#455=LINE('',#12106,#709);
#456=LINE('',#12109,#710);
#457=LINE('',#12115,#711);
#458=LINE('',#12118,#712);
#459=LINE('',#12606,#713);
#460=LINE('',#12614,#714);
#461=LINE('',#12622,#715);
#462=LINE('',#12623,#716);
#463=LINE('',#12625,#717);
#464=LINE('',#12631,#718);
#465=LINE('',#12633,#719);
#466=LINE('',#12635,#720);
#467=LINE('',#12637,#721);
#468=LINE('',#12638,#722);
#469=LINE('',#12640,#723);
#470=LINE('',#12642,#724);
#471=LINE('',#12644,#725);
#472=LINE('',#12645,#726);
#473=LINE('',#12647,#727);
#474=LINE('',#12649,#728);
#475=LINE('',#12651,#729);
#476=LINE('',#12652,#730);
#477=LINE('',#12654,#731);
#478=LINE('',#12656,#732);
#479=LINE('',#12658,#733);
#480=LINE('',#12659,#734);
#481=LINE('',#12661,#735);
#482=LINE('',#12663,#736);
#483=LINE('',#12665,#737);
#484=LINE('',#12666,#738);
#485=LINE('',#12668,#739);
#486=LINE('',#12670,#740);
#487=LINE('',#12672,#741);
#488=LINE('',#12673,#742);
#489=LINE('',#12675,#743);
#490=LINE('',#12677,#744);
#491=LINE('',#12679,#745);
#492=LINE('',#12680,#746);
#493=LINE('',#12682,#747);
#494=LINE('',#12684,#748);
#495=LINE('',#12686,#749);
#496=LINE('',#12687,#750);
#497=LINE('',#12689,#751);
#498=LINE('',#12691,#752);
#499=LINE('',#12693,#753);
#500=LINE('',#12694,#754);
#501=LINE('',#12696,#755);
#502=LINE('',#12698,#756);
#503=LINE('',#12700,#757);
#504=LINE('',#12701,#758);
#505=LINE('',#12703,#759);
#506=LINE('',#12706,#760);
#507=LINE('',#12708,#761);
#508=LINE('',#12711,#762);
#509=LINE('',#12713,#763);
#510=LINE('',#12716,#764);
#511=LINE('',#12718,#765);
#512=LINE('',#12720,#766);
#513=LINE('',#12722,#767);
#514=LINE('',#12726,#768);
#515=LINE('',#12728,#769);
#516=LINE('',#12731,#770);
#517=LINE('',#12733,#771);
#518=LINE('',#12736,#772);
#519=LINE('',#12738,#773);
#520=VECTOR('',#7635,5.);
#521=VECTOR('',#7642,8.5);
#522=VECTOR('',#7889,10.75);
#523=VECTOR('',#7976,15.);
#524=VECTOR('',#8209,12.5);
#525=VECTOR('',#8212,1000.);
#526=VECTOR('',#8213,1000.);
#527=VECTOR('',#8216,1000.);
#528=VECTOR('',#8217,1000.);
#529=VECTOR('',#8220,1000.);
#530=VECTOR('',#8221,1000.);
#531=VECTOR('',#8224,1000.);
#532=VECTOR('',#8225,1000.);
#533=VECTOR('',#8228,1000.);
#534=VECTOR('',#8229,1000.);
#535=VECTOR('',#8232,1000.);
#536=VECTOR('',#8235,1000.);
#537=VECTOR('',#8238,1000.);
#538=VECTOR('',#8239,1000.);
#539=VECTOR('',#8242,1000.);
#540=VECTOR('',#8243,1000.);
#541=VECTOR('',#8246,1000.);
#542=VECTOR('',#8247,1000.);
#543=VECTOR('',#8250,1000.);
#544=VECTOR('',#8251,1000.);
#545=VECTOR('',#8256,1000.);
#546=VECTOR('',#8259,1000.);
#547=VECTOR('',#8274,1000.);
#548=VECTOR('',#8277,1000.);
#549=VECTOR('',#8282,1000.);
#550=VECTOR('',#8285,1000.);
#551=VECTOR('',#8290,1000.);
#552=VECTOR('',#8293,1000.);
#553=VECTOR('',#8298,1000.);
#554=VECTOR('',#8301,1000.);
#555=VECTOR('',#8306,1000.);
#556=VECTOR('',#8313,1000.);
#557=VECTOR('',#8316,1000.);
#558=VECTOR('',#8321,1000.);
#559=VECTOR('',#8324,1000.);
#560=VECTOR('',#8329,1000.);
#561=VECTOR('',#8332,1000.);
#562=VECTOR('',#8337,1000.);
#563=VECTOR('',#8340,1000.);
#564=VECTOR('',#8345,1000.);
#565=VECTOR('',#8348,1000.);
#566=VECTOR('',#8353,1000.);
#567=VECTOR('',#8356,1000.);
#568=VECTOR('',#8361,1000.);
#569=VECTOR('',#8364,1000.);
#570=VECTOR('',#8369,1000.);
#571=VECTOR('',#8372,1000.);
#572=VECTOR('',#8377,1000.);
#573=VECTOR('',#8380,1000.);
#574=VECTOR('',#8385,1000.);
#575=VECTOR('',#8388,1000.);
#576=VECTOR('',#8393,1000.);
#577=VECTOR('',#8396,1000.);
#578=VECTOR('',#8401,1000.);
#579=VECTOR('',#8404,1000.);
#580=VECTOR('',#8409,1000.);
#581=VECTOR('',#8412,1000.);
#582=VECTOR('',#8417,1000.);
#583=VECTOR('',#8420,1000.);
#584=VECTOR('',#8501,1000.);
#585=VECTOR('',#8506,1000.);
#586=VECTOR('',#8509,1000.);
#587=VECTOR('',#8510,1000.);
#588=VECTOR('',#8513,1000.);
#589=VECTOR('',#8524,1000.);
#590=VECTOR('',#8527,1000.);
#591=VECTOR('',#8530,1000.);
#592=VECTOR('',#8533,1000.);
#593=VECTOR('',#8534,1000.);
#594=VECTOR('',#8537,1000.);
#595=VECTOR('',#8540,1000.);
#596=VECTOR('',#8543,1000.);
#597=VECTOR('',#8544,1000.);
#598=VECTOR('',#8547,1000.);
#599=VECTOR('',#8550,1000.);
#600=VECTOR('',#8553,1000.);
#601=VECTOR('',#8554,1000.);
#602=VECTOR('',#8557,1000.);
#603=VECTOR('',#8560,1000.);
#604=VECTOR('',#8563,1000.);
#605=VECTOR('',#8564,1000.);
#606=VECTOR('',#8567,1000.);
#607=VECTOR('',#8570,1000.);
#608=VECTOR('',#8573,1000.);
#609=VECTOR('',#8574,1000.);
#610=VECTOR('',#8577,1000.);
#611=VECTOR('',#8580,1000.);
#612=VECTOR('',#8583,1000.);
#613=VECTOR('',#8584,1000.);
#614=VECTOR('',#8587,1000.);
#615=VECTOR('',#8590,1000.);
#616=VECTOR('',#8593,1000.);
#617=VECTOR('',#8594,1000.);
#618=VECTOR('',#8597,1000.);
#619=VECTOR('',#8600,1000.);
#620=VECTOR('',#8603,1000.);
#621=VECTOR('',#8604,1000.);
#622=VECTOR('',#8607,1000.);
#623=VECTOR('',#8610,1000.);
#624=VECTOR('',#8613,1000.);
#625=VECTOR('',#8614,1000.);
#626=VECTOR('',#8617,1000.);
#627=VECTOR('',#8620,1000.);
#628=VECTOR('',#8623,1000.);
#629=VECTOR('',#8624,1000.);
#630=VECTOR('',#8627,1000.);
#631=VECTOR('',#8632,1000.);
#632=VECTOR('',#8635,1000.);
#633=VECTOR('',#8640,1000.);
#634=VECTOR('',#8643,1000.);
#635=VECTOR('',#8648,1000.);
#636=VECTOR('',#8651,1000.);
#637=VECTOR('',#8654,1000.);
#638=VECTOR('',#8657,1000.);
#639=VECTOR('',#8664,1000.);
#640=VECTOR('',#8667,1000.);
#641=VECTOR('',#8672,1000.);
#642=VECTOR('',#8675,1000.);
#643=VECTOR('',#8680,1000.);
#644=VECTOR('',#8683,1000.);
#645=VECTOR('',#8746,10.75);
#646=VECTOR('',#8751,9.);
#647=VECTOR('',#8756,15.);
#648=VECTOR('',#9069,12.5);
#649=VECTOR('',#9074,1.5);
#650=VECTOR('',#9083,1.5);
#651=VECTOR('',#9092,1.5);
#652=VECTOR('',#9101,1.5);
#653=VECTOR('',#9110,7.5);
#654=VECTOR('',#9119,1000.);
#655=VECTOR('',#9120,1000.);
#656=VECTOR('',#9125,1000.);
#657=VECTOR('',#9126,1000.);
#658=VECTOR('',#9131,1000.);
#659=VECTOR('',#9132,1000.);
#660=VECTOR('',#9137,1000.);
#661=VECTOR('',#9138,1000.);
#662=VECTOR('',#9143,1000.);
#663=VECTOR('',#9144,1000.);
#664=VECTOR('',#9149,1000.);
#665=VECTOR('',#9152,1000.);
#666=VECTOR('',#9157,1000.);
#667=VECTOR('',#9158,1000.);
#668=VECTOR('',#9163,1000.);
#669=VECTOR('',#9164,1000.);
#670=VECTOR('',#9169,1000.);
#671=VECTOR('',#9170,1000.);
#672=VECTOR('',#9175,1000.);
#673=VECTOR('',#9176,1000.);
#674=VECTOR('',#9185,1000.);
#675=VECTOR('',#9188,1000.);
#676=VECTOR('',#9421,1000.);
#677=VECTOR('',#9424,1000.);
#678=VECTOR('',#9429,1000.);
#679=VECTOR('',#9432,1000.);
#680=VECTOR('',#9437,1000.);
#681=VECTOR('',#9440,1000.);
#682=VECTOR('',#9445,1000.);
#683=VECTOR('',#9448,1000.);
#684=VECTOR('',#9455,1000.);
#685=VECTOR('',#9460,1000.);
#686=VECTOR('',#9463,1000.);
#687=VECTOR('',#9468,1000.);
#688=VECTOR('',#9471,1000.);
#689=VECTOR('',#9476,1000.);
#690=VECTOR('',#9479,1000.);
#691=VECTOR('',#9484,1000.);
#692=VECTOR('',#9487,1000.);
#693=VECTOR('',#9492,1000.);
#694=VECTOR('',#9495,1000.);
#695=VECTOR('',#9500,1000.);
#696=VECTOR('',#9503,1000.);
#697=VECTOR('',#9508,1000.);
#698=VECTOR('',#9511,1000.);
#699=VECTOR('',#9516,1000.);
#700=VECTOR('',#9519,1000.);
#701=VECTOR('',#9524,1000.);
#702=VECTOR('',#9527,1000.);
#703=VECTOR('',#9532,1000.);
#704=VECTOR('',#9535,1000.);
#705=VECTOR('',#9540,1000.);
#706=VECTOR('',#9543,1000.);
#707=VECTOR('',#9548,1000.);
#708=VECTOR('',#9551,1000.);
#709=VECTOR('',#9556,1000.);
#710=VECTOR('',#9559,1000.);
#711=VECTOR('',#9564,1000.);
#712=VECTOR('',#9567,1000.);
#713=VECTOR('',#9650,1000.);
#714=VECTOR('',#9653,1000.);
#715=VECTOR('',#9656,1000.);
#716=VECTOR('',#9657,1000.);
#717=VECTOR('',#9660,1000.);
#718=VECTOR('',#9671,1000.);
#719=VECTOR('',#9674,1000.);
#720=VECTOR('',#9677,1000.);
#721=VECTOR('',#9680,1000.);
#722=VECTOR('',#9681,1000.);
#723=VECTOR('',#9684,1000.);
#724=VECTOR('',#9687,1000.);
#725=VECTOR('',#9690,1000.);
#726=VECTOR('',#9691,1000.);
#727=VECTOR('',#9694,1000.);
#728=VECTOR('',#9697,1000.);
#729=VECTOR('',#9700,1000.);
#730=VECTOR('',#9701,1000.);
#731=VECTOR('',#9704,1000.);
#732=VECTOR('',#9707,1000.);
#733=VECTOR('',#9710,1000.);
#734=VECTOR('',#9711,1000.);
#735=VECTOR('',#9714,1000.);
#736=VECTOR('',#9717,1000.);
#737=VECTOR('',#9720,1000.);
#738=VECTOR('',#9721,1000.);
#739=VECTOR('',#9724,1000.);
#740=VECTOR('',#9727,1000.);
#741=VECTOR('',#9730,1000.);
#742=VECTOR('',#9731,1000.);
#743=VECTOR('',#9734,1000.);
#744=VECTOR('',#9737,1000.);
#745=VECTOR('',#9740,1000.);
#746=VECTOR('',#9741,1000.);
#747=VECTOR('',#9744,1000.);
#748=VECTOR('',#9747,1000.);
#749=VECTOR('',#9750,1000.);
#750=VECTOR('',#9751,1000.);
#751=VECTOR('',#9754,1000.);
#752=VECTOR('',#9757,1000.);
#753=VECTOR('',#9760,1000.);
#754=VECTOR('',#9761,1000.);
#755=VECTOR('',#9764,1000.);
#756=VECTOR('',#9767,1000.);
#757=VECTOR('',#9770,1000.);
#758=VECTOR('',#9771,1000.);
#759=VECTOR('',#9774,1000.);
#760=VECTOR('',#9779,1000.);
#761=VECTOR('',#9782,1000.);
#762=VECTOR('',#9787,1000.);
#763=VECTOR('',#9790,1000.);
#764=VECTOR('',#9795,1000.);
#765=VECTOR('',#9798,1000.);
#766=VECTOR('',#9801,1000.);
#767=VECTOR('',#9804,1000.);
#768=VECTOR('',#9811,1000.);
#769=VECTOR('',#9814,1000.);
#770=VECTOR('',#9819,1000.);
#771=VECTOR('',#9822,1000.);
#772=VECTOR('',#9827,1000.);
#773=VECTOR('',#9830,1000.);
#774=CYLINDRICAL_SURFACE('',#6626,5.);
#775=CYLINDRICAL_SURFACE('',#6911,12.5);
#776=CYLINDRICAL_SURFACE('',#6912,0.6);
#777=CYLINDRICAL_SURFACE('',#6913,0.6);
#778=CYLINDRICAL_SURFACE('',#6914,0.6);
#779=CYLINDRICAL_SURFACE('',#6915,0.6);
#780=CYLINDRICAL_SURFACE('',#6916,0.6);
#781=CYLINDRICAL_SURFACE('',#6917,0.6);
#782=CYLINDRICAL_SURFACE('',#6919,0.6);
#783=CYLINDRICAL_SURFACE('',#6920,0.6);
#784=CYLINDRICAL_SURFACE('',#6921,0.6);
#785=CYLINDRICAL_SURFACE('',#6922,0.6);
#786=CYLINDRICAL_SURFACE('',#6923,17.5);
#787=CYLINDRICAL_SURFACE('',#6924,8.77025984963195);
#788=CYLINDRICAL_SURFACE('',#6925,8.77025984963195);
#789=CYLINDRICAL_SURFACE('',#6931,22.);
#790=CYLINDRICAL_SURFACE('',#6934,22.);
#791=CYLINDRICAL_SURFACE('',#6937,22.);
#792=CYLINDRICAL_SURFACE('',#6940,22.);
#793=CYLINDRICAL_SURFACE('',#6943,22.);
#794=CYLINDRICAL_SURFACE('',#6946,22.);
#795=CYLINDRICAL_SURFACE('',#6949,22.);
#796=CYLINDRICAL_SURFACE('',#6952,22.);
#797=CYLINDRICAL_SURFACE('',#6955,22.);
#798=CYLINDRICAL_SURFACE('',#6958,22.);
#799=CYLINDRICAL_SURFACE('',#6961,22.);
#800=CYLINDRICAL_SURFACE('',#6964,22.);
#801=CYLINDRICAL_SURFACE('',#6967,22.);
#802=CYLINDRICAL_SURFACE('',#6970,22.);
#803=CYLINDRICAL_SURFACE('',#6973,22.);
#804=CYLINDRICAL_SURFACE('',#6976,22.);
#805=CYLINDRICAL_SURFACE('',#6979,22.);
#806=CYLINDRICAL_SURFACE('',#6982,22.);
#807=CYLINDRICAL_SURFACE('',#6985,22.);
#808=CYLINDRICAL_SURFACE('',#7026,22.);
#809=CYLINDRICAL_SURFACE('',#7029,8.77025984963195);
#810=CYLINDRICAL_SURFACE('',#7030,17.5);
#811=CYLINDRICAL_SURFACE('',#7031,8.77025984963195);
#812=CYLINDRICAL_SURFACE('',#7032,0.6);
#813=CYLINDRICAL_SURFACE('',#7033,0.6);
#814=CYLINDRICAL_SURFACE('',#7036,8.77025984963195);
#815=CYLINDRICAL_SURFACE('',#7037,17.5);
#816=CYLINDRICAL_SURFACE('',#7038,8.77025984963195);
#817=CYLINDRICAL_SURFACE('',#7039,17.5);
#818=CYLINDRICAL_SURFACE('',#7040,8.77025984963195);
#819=CYLINDRICAL_SURFACE('',#7041,8.77025984963195);
#820=CYLINDRICAL_SURFACE('',#7042,17.5);
#821=CYLINDRICAL_SURFACE('',#7043,8.77025984963195);
#822=CYLINDRICAL_SURFACE('',#7044,8.77025984963195);
#823=CYLINDRICAL_SURFACE('',#7045,17.5);
#824=CYLINDRICAL_SURFACE('',#7046,8.77025984963195);
#825=CYLINDRICAL_SURFACE('',#7047,8.77025984963195);
#826=CYLINDRICAL_SURFACE('',#7048,17.5);
#827=CYLINDRICAL_SURFACE('',#7049,8.77025984963195);
#828=CYLINDRICAL_SURFACE('',#7050,8.77025984963195);
#829=CYLINDRICAL_SURFACE('',#7051,17.5);
#830=CYLINDRICAL_SURFACE('',#7052,8.77025984963195);
#831=CYLINDRICAL_SURFACE('',#7053,8.77025984963195);
#832=CYLINDRICAL_SURFACE('',#7054,17.5);
#833=CYLINDRICAL_SURFACE('',#7055,8.77025984963195);
#834=CYLINDRICAL_SURFACE('',#7056,8.77025984963195);
#835=CYLINDRICAL_SURFACE('',#7057,17.5);
#836=CYLINDRICAL_SURFACE('',#7058,8.77025984963195);
#837=CYLINDRICAL_SURFACE('',#7059,8.77025984963195);
#838=CYLINDRICAL_SURFACE('',#7060,17.5);
#839=CYLINDRICAL_SURFACE('',#7061,8.77025984963195);
#840=CYLINDRICAL_SURFACE('',#7062,8.77025984963195);
#841=CYLINDRICAL_SURFACE('',#7063,17.5);
#842=CYLINDRICAL_SURFACE('',#7064,8.77025984963195);
#843=CYLINDRICAL_SURFACE('',#7065,8.77025984963195);
#844=CYLINDRICAL_SURFACE('',#7066,17.5);
#845=CYLINDRICAL_SURFACE('',#7067,8.77025984963195);
#846=CYLINDRICAL_SURFACE('',#7068,8.77025984963195);
#847=CYLINDRICAL_SURFACE('',#7069,17.5);
#848=CYLINDRICAL_SURFACE('',#7070,8.77025984963195);
#849=CYLINDRICAL_SURFACE('',#7071,8.77025984963195);
#850=CYLINDRICAL_SURFACE('',#7072,17.5);
#851=CYLINDRICAL_SURFACE('',#7073,8.77025984963195);
#852=CYLINDRICAL_SURFACE('',#7074,8.77025984963195);
#853=CYLINDRICAL_SURFACE('',#7075,17.5);
#854=CYLINDRICAL_SURFACE('',#7076,8.77025984963195);
#855=CYLINDRICAL_SURFACE('',#7077,17.5);
#856=CYLINDRICAL_SURFACE('',#7078,8.77025984963195);
#857=CYLINDRICAL_SURFACE('',#7079,8.77025984963195);
#858=CYLINDRICAL_SURFACE('',#7080,8.77025984963195);
#859=CYLINDRICAL_SURFACE('',#7081,8.77025984963195);
#860=CYLINDRICAL_SURFACE('',#7082,17.5);
#861=CYLINDRICAL_SURFACE('',#7083,8.77025984963195);
#862=CYLINDRICAL_SURFACE('',#7084,8.77025984963195);
#863=CYLINDRICAL_SURFACE('',#7085,17.5);
#864=CYLINDRICAL_SURFACE('',#7086,8.77025984963195);
#865=CYLINDRICAL_SURFACE('',#7087,8.77025984963195);
#866=CYLINDRICAL_SURFACE('',#7088,17.5);
#867=CYLINDRICAL_SURFACE('',#7089,8.77025984963195);
#868=CYLINDRICAL_SURFACE('',#7090,0.6);
#869=CYLINDRICAL_SURFACE('',#7091,0.6);
#870=CYLINDRICAL_SURFACE('',#7092,0.6);
#871=CYLINDRICAL_SURFACE('',#7093,0.6);
#872=CYLINDRICAL_SURFACE('',#7094,0.6);
#873=CYLINDRICAL_SURFACE('',#7095,0.6);
#874=CYLINDRICAL_SURFACE('',#7096,0.6);
#875=CYLINDRICAL_SURFACE('',#7097,0.6);
#876=CYLINDRICAL_SURFACE('',#7098,0.6);
#877=CYLINDRICAL_SURFACE('',#7099,0.6);
#878=CYLINDRICAL_SURFACE('',#7100,0.6);
#879=CYLINDRICAL_SURFACE('',#7101,0.6);
#880=CYLINDRICAL_SURFACE('',#7102,0.6);
#881=CYLINDRICAL_SURFACE('',#7103,0.6);
#882=CYLINDRICAL_SURFACE('',#7104,0.6);
#883=CYLINDRICAL_SURFACE('',#7105,0.6);
#884=CYLINDRICAL_SURFACE('',#7106,0.6);
#885=CYLINDRICAL_SURFACE('',#7107,0.6);
#886=CYLINDRICAL_SURFACE('',#7108,0.6);
#887=CYLINDRICAL_SURFACE('',#7109,0.6);
#888=CYLINDRICAL_SURFACE('',#7110,0.6);
#889=CYLINDRICAL_SURFACE('',#7111,0.6);
#890=CYLINDRICAL_SURFACE('',#7112,0.6);
#891=CYLINDRICAL_SURFACE('',#7113,0.6);
#892=CYLINDRICAL_SURFACE('',#7114,0.6);
#893=CYLINDRICAL_SURFACE('',#7115,0.6);
#894=CYLINDRICAL_SURFACE('',#7116,0.6);
#895=CYLINDRICAL_SURFACE('',#7117,0.6);
#896=CYLINDRICAL_SURFACE('',#7121,9.);
#897=CYLINDRICAL_SURFACE('',#7279,12.5);
#898=CYLINDRICAL_SURFACE('',#7280,1.5);
#899=CYLINDRICAL_SURFACE('',#7284,1.5);
#900=CYLINDRICAL_SURFACE('',#7288,1.5);
#901=CYLINDRICAL_SURFACE('',#7292,1.5);
#902=CYLINDRICAL_SURFACE('',#7296,7.5);
#903=CYLINDRICAL_SURFACE('',#7300,0.6);
#904=CYLINDRICAL_SURFACE('',#7302,0.6);
#905=CYLINDRICAL_SURFACE('',#7304,0.6);
#906=CYLINDRICAL_SURFACE('',#7306,0.6);
#907=CYLINDRICAL_SURFACE('',#7308,0.6);
#908=CYLINDRICAL_SURFACE('',#7310,0.6);
#909=CYLINDRICAL_SURFACE('',#7313,0.6);
#910=CYLINDRICAL_SURFACE('',#7315,0.6);
#911=CYLINDRICAL_SURFACE('',#7317,0.6);
#912=CYLINDRICAL_SURFACE('',#7319,0.6);
#913=CYLINDRICAL_SURFACE('',#7321,17.5);
#914=CYLINDRICAL_SURFACE('',#7323,8.77025984963195);
#915=CYLINDRICAL_SURFACE('',#7325,8.77025984963195);
#916=CYLINDRICAL_SURFACE('',#7440,22.);
#917=CYLINDRICAL_SURFACE('',#7443,22.);
#918=CYLINDRICAL_SURFACE('',#7446,22.);
#919=CYLINDRICAL_SURFACE('',#7449,22.);
#920=CYLINDRICAL_SURFACE('',#7452,22.);
#921=CYLINDRICAL_SURFACE('',#7455,22.);
#922=CYLINDRICAL_SURFACE('',#7458,22.);
#923=CYLINDRICAL_SURFACE('',#7461,22.);
#924=CYLINDRICAL_SURFACE('',#7464,22.);
#925=CYLINDRICAL_SURFACE('',#7467,22.);
#926=CYLINDRICAL_SURFACE('',#7470,22.);
#927=CYLINDRICAL_SURFACE('',#7473,22.);
#928=CYLINDRICAL_SURFACE('',#7476,22.);
#929=CYLINDRICAL_SURFACE('',#7479,22.);
#930=CYLINDRICAL_SURFACE('',#7482,22.);
#931=CYLINDRICAL_SURFACE('',#7485,22.);
#932=CYLINDRICAL_SURFACE('',#7488,22.);
#933=CYLINDRICAL_SURFACE('',#7491,22.);
#934=CYLINDRICAL_SURFACE('',#7494,22.);
#935=CYLINDRICAL_SURFACE('',#7535,22.);
#936=CYLINDRICAL_SURFACE('',#7538,8.77025984963195);
#937=CYLINDRICAL_SURFACE('',#7539,17.5);
#938=CYLINDRICAL_SURFACE('',#7540,8.77025984963195);
#939=CYLINDRICAL_SURFACE('',#7541,0.6);
#940=CYLINDRICAL_SURFACE('',#7542,0.6);
#941=CYLINDRICAL_SURFACE('',#7545,8.77025984963195);
#942=CYLINDRICAL_SURFACE('',#7546,17.5);
#943=CYLINDRICAL_SURFACE('',#7547,8.77025984963195);
#944=CYLINDRICAL_SURFACE('',#7548,17.5);
#945=CYLINDRICAL_SURFACE('',#7549,8.77025984963195);
#946=CYLINDRICAL_SURFACE('',#7550,8.77025984963195);
#947=CYLINDRICAL_SURFACE('',#7551,17.5);
#948=CYLINDRICAL_SURFACE('',#7552,8.77025984963195);
#949=CYLINDRICAL_SURFACE('',#7553,8.77025984963195);
#950=CYLINDRICAL_SURFACE('',#7554,17.5);
#951=CYLINDRICAL_SURFACE('',#7555,8.77025984963195);
#952=CYLINDRICAL_SURFACE('',#7556,8.77025984963195);
#953=CYLINDRICAL_SURFACE('',#7557,17.5);
#954=CYLINDRICAL_SURFACE('',#7558,8.77025984963195);
#955=CYLINDRICAL_SURFACE('',#7559,8.77025984963195);
#956=CYLINDRICAL_SURFACE('',#7560,17.5);
#957=CYLINDRICAL_SURFACE('',#7561,8.77025984963195);
#958=CYLINDRICAL_SURFACE('',#7562,8.77025984963195);
#959=CYLINDRICAL_SURFACE('',#7563,17.5);
#960=CYLINDRICAL_SURFACE('',#7564,8.77025984963195);
#961=CYLINDRICAL_SURFACE('',#7565,8.77025984963195);
#962=CYLINDRICAL_SURFACE('',#7566,17.5);
#963=CYLINDRICAL_SURFACE('',#7567,8.77025984963195);
#964=CYLINDRICAL_SURFACE('',#7568,8.77025984963195);
#965=CYLINDRICAL_SURFACE('',#7569,17.5);
#966=CYLINDRICAL_SURFACE('',#7570,8.77025984963195);
#967=CYLINDRICAL_SURFACE('',#7571,8.77025984963195);
#968=CYLINDRICAL_SURFACE('',#7572,17.5);
#969=CYLINDRICAL_SURFACE('',#7573,8.77025984963195);
#970=CYLINDRICAL_SURFACE('',#7574,8.77025984963195);
#971=CYLINDRICAL_SURFACE('',#7575,17.5);
#972=CYLINDRICAL_SURFACE('',#7576,8.77025984963195);
#973=CYLINDRICAL_SURFACE('',#7577,8.77025984963195);
#974=CYLINDRICAL_SURFACE('',#7578,17.5);
#975=CYLINDRICAL_SURFACE('',#7579,8.77025984963195);
#976=CYLINDRICAL_SURFACE('',#7580,8.77025984963195);
#977=CYLINDRICAL_SURFACE('',#7581,17.5);
#978=CYLINDRICAL_SURFACE('',#7582,8.77025984963195);
#979=CYLINDRICAL_SURFACE('',#7583,8.77025984963195);
#980=CYLINDRICAL_SURFACE('',#7584,17.5);
#981=CYLINDRICAL_SURFACE('',#7585,8.77025984963195);
#982=CYLINDRICAL_SURFACE('',#7586,17.5);
#983=CYLINDRICAL_SURFACE('',#7587,8.77025984963195);
#984=CYLINDRICAL_SURFACE('',#7588,8.77025984963195);
#985=CYLINDRICAL_SURFACE('',#7589,8.77025984963195);
#986=CYLINDRICAL_SURFACE('',#7590,8.77025984963195);
#987=CYLINDRICAL_SURFACE('',#7591,17.5);
#988=CYLINDRICAL_SURFACE('',#7592,8.77025984963195);
#989=CYLINDRICAL_SURFACE('',#7593,8.77025984963195);
#990=CYLINDRICAL_SURFACE('',#7594,17.5);
#991=CYLINDRICAL_SURFACE('',#7595,8.77025984963195);
#992=CYLINDRICAL_SURFACE('',#7596,8.77025984963195);
#993=CYLINDRICAL_SURFACE('',#7597,17.5);
#994=CYLINDRICAL_SURFACE('',#7598,8.77025984963195);
#995=CYLINDRICAL_SURFACE('',#7599,0.6);
#996=CYLINDRICAL_SURFACE('',#7600,0.6);
#997=CYLINDRICAL_SURFACE('',#7601,0.6);
#998=CYLINDRICAL_SURFACE('',#7602,0.6);
#999=CYLINDRICAL_SURFACE('',#7603,0.6);
#1000=CYLINDRICAL_SURFACE('',#7604,0.6);
#1001=CYLINDRICAL_SURFACE('',#7605,0.6);
#1002=CYLINDRICAL_SURFACE('',#7606,0.6);
#1003=CYLINDRICAL_SURFACE('',#7607,0.6);
#1004=CYLINDRICAL_SURFACE('',#7608,0.6);
#1005=CYLINDRICAL_SURFACE('',#7609,0.6);
#1006=CYLINDRICAL_SURFACE('',#7610,0.6);
#1007=CYLINDRICAL_SURFACE('',#7611,0.6);
#1008=CYLINDRICAL_SURFACE('',#7612,0.6);
#1009=CYLINDRICAL_SURFACE('',#7613,0.6);
#1010=CYLINDRICAL_SURFACE('',#7614,0.6);
#1011=CYLINDRICAL_SURFACE('',#7615,0.6);
#1012=CYLINDRICAL_SURFACE('',#7616,0.6);
#1013=CYLINDRICAL_SURFACE('',#7617,0.6);
#1014=CYLINDRICAL_SURFACE('',#7618,0.6);
#1015=CYLINDRICAL_SURFACE('',#7619,0.6);
#1016=CYLINDRICAL_SURFACE('',#7620,0.6);
#1017=CYLINDRICAL_SURFACE('',#7621,0.6);
#1018=CYLINDRICAL_SURFACE('',#7622,0.6);
#1019=CYLINDRICAL_SURFACE('',#7623,0.6);
#1020=CYLINDRICAL_SURFACE('',#7624,0.6);
#1021=CYLINDRICAL_SURFACE('',#7625,0.6);
#1022=CYLINDRICAL_SURFACE('',#7626,0.6);
#1023=FACE_OUTER_BOUND('',#1405,.T.);
#1024=FACE_OUTER_BOUND('',#1406,.T.);
#1025=FACE_OUTER_BOUND('',#1407,.T.);
#1026=FACE_OUTER_BOUND('',#1408,.T.);
#1027=FACE_OUTER_BOUND('',#1410,.T.);
#1028=FACE_OUTER_BOUND('',#1411,.T.);
#1029=FACE_OUTER_BOUND('',#1412,.T.);
#1030=FACE_OUTER_BOUND('',#1413,.T.);
#1031=FACE_OUTER_BOUND('',#1414,.T.);
#1032=FACE_OUTER_BOUND('',#1415,.T.);
#1033=FACE_OUTER_BOUND('',#1416,.T.);
#1034=FACE_OUTER_BOUND('',#1417,.T.);
#1035=FACE_OUTER_BOUND('',#1418,.T.);
#1036=FACE_OUTER_BOUND('',#1419,.T.);
#1037=FACE_OUTER_BOUND('',#1420,.T.);
#1038=FACE_OUTER_BOUND('',#1421,.T.);
#1039=FACE_OUTER_BOUND('',#1422,.T.);
#1040=FACE_OUTER_BOUND('',#1423,.T.);
#1041=FACE_OUTER_BOUND('',#1424,.T.);
#1042=FACE_OUTER_BOUND('',#1425,.T.);
#1043=FACE_OUTER_BOUND('',#1426,.T.);
#1044=FACE_OUTER_BOUND('',#1427,.T.);
#1045=FACE_OUTER_BOUND('',#1428,.T.);
#1046=FACE_OUTER_BOUND('',#1429,.T.);
#1047=FACE_OUTER_BOUND('',#1430,.T.);
#1048=FACE_OUTER_BOUND('',#1431,.T.);
#1049=FACE_OUTER_BOUND('',#1432,.T.);
#1050=FACE_OUTER_BOUND('',#1433,.T.);
#1051=FACE_OUTER_BOUND('',#1434,.T.);
#1052=FACE_OUTER_BOUND('',#1435,.T.);
#1053=FACE_OUTER_BOUND('',#1436,.T.);
#1054=FACE_OUTER_BOUND('',#1437,.T.);
#1055=FACE_OUTER_BOUND('',#1438,.T.);
#1056=FACE_OUTER_BOUND('',#1439,.T.);
#1057=FACE_OUTER_BOUND('',#1440,.T.);
#1058=FACE_OUTER_BOUND('',#1441,.T.);
#1059=FACE_OUTER_BOUND('',#1442,.T.);
#1060=FACE_OUTER_BOUND('',#1443,.T.);
#1061=FACE_OUTER_BOUND('',#1444,.T.);
#1062=FACE_OUTER_BOUND('',#1445,.T.);
#1063=FACE_OUTER_BOUND('',#1446,.T.);
#1064=FACE_OUTER_BOUND('',#1447,.T.);
#1065=FACE_OUTER_BOUND('',#1448,.T.);
#1066=FACE_OUTER_BOUND('',#1449,.T.);
#1067=FACE_OUTER_BOUND('',#1450,.T.);
#1068=FACE_OUTER_BOUND('',#1451,.T.);
#1069=FACE_OUTER_BOUND('',#1452,.T.);
#1070=FACE_OUTER_BOUND('',#1453,.T.);
#1071=FACE_OUTER_BOUND('',#1454,.T.);
#1072=FACE_OUTER_BOUND('',#1455,.T.);
#1073=FACE_OUTER_BOUND('',#1456,.T.);
#1074=FACE_OUTER_BOUND('',#1457,.T.);
#1075=FACE_OUTER_BOUND('',#1458,.T.);
#1076=FACE_OUTER_BOUND('',#1459,.T.);
#1077=FACE_OUTER_BOUND('',#1460,.T.);
#1078=FACE_OUTER_BOUND('',#1461,.T.);
#1079=FACE_OUTER_BOUND('',#1462,.T.);
#1080=FACE_OUTER_BOUND('',#1463,.T.);
#1081=FACE_OUTER_BOUND('',#1464,.T.);
#1082=FACE_OUTER_BOUND('',#1465,.T.);
#1083=FACE_OUTER_BOUND('',#1466,.T.);
#1084=FACE_OUTER_BOUND('',#1467,.T.);
#1085=FACE_OUTER_BOUND('',#1468,.T.);
#1086=FACE_OUTER_BOUND('',#1469,.T.);
#1087=FACE_OUTER_BOUND('',#1470,.T.);
#1088=FACE_OUTER_BOUND('',#1471,.T.);
#1089=FACE_OUTER_BOUND('',#1472,.T.);
#1090=FACE_OUTER_BOUND('',#1473,.T.);
#1091=FACE_OUTER_BOUND('',#1474,.T.);
#1092=FACE_OUTER_BOUND('',#1475,.T.);
#1093=FACE_OUTER_BOUND('',#1476,.T.);
#1094=FACE_OUTER_BOUND('',#1477,.T.);
#1095=FACE_OUTER_BOUND('',#1478,.T.);
#1096=FACE_OUTER_BOUND('',#1479,.T.);
#1097=FACE_OUTER_BOUND('',#1480,.T.);
#1098=FACE_OUTER_BOUND('',#1481,.T.);
#1099=FACE_OUTER_BOUND('',#1482,.T.);
#1100=FACE_OUTER_BOUND('',#1483,.T.);
#1101=FACE_OUTER_BOUND('',#1484,.T.);
#1102=FACE_OUTER_BOUND('',#1485,.T.);
#1103=FACE_OUTER_BOUND('',#1486,.T.);
#1104=FACE_OUTER_BOUND('',#1487,.T.);
#1105=FACE_OUTER_BOUND('',#1488,.T.);
#1106=FACE_OUTER_BOUND('',#1489,.T.);
#1107=FACE_OUTER_BOUND('',#1490,.T.);
#1108=FACE_OUTER_BOUND('',#1491,.T.);
#1109=FACE_OUTER_BOUND('',#1492,.T.);
#1110=FACE_OUTER_BOUND('',#1493,.T.);
#1111=FACE_OUTER_BOUND('',#1494,.T.);
#1112=FACE_OUTER_BOUND('',#1495,.T.);
#1113=FACE_OUTER_BOUND('',#1496,.T.);
#1114=FACE_OUTER_BOUND('',#1497,.T.);
#1115=FACE_OUTER_BOUND('',#1498,.T.);
#1116=FACE_OUTER_BOUND('',#1499,.T.);
#1117=FACE_OUTER_BOUND('',#1500,.T.);
#1118=FACE_OUTER_BOUND('',#1501,.T.);
#1119=FACE_OUTER_BOUND('',#1502,.T.);
#1120=FACE_OUTER_BOUND('',#1503,.T.);
#1121=FACE_OUTER_BOUND('',#1504,.T.);
#1122=FACE_OUTER_BOUND('',#1505,.T.);
#1123=FACE_OUTER_BOUND('',#1506,.T.);
#1124=FACE_OUTER_BOUND('',#1507,.T.);
#1125=FACE_OUTER_BOUND('',#1508,.T.);
#1126=FACE_OUTER_BOUND('',#1509,.T.);
#1127=FACE_OUTER_BOUND('',#1510,.T.);
#1128=FACE_OUTER_BOUND('',#1511,.T.);
#1129=FACE_OUTER_BOUND('',#1512,.T.);
#1130=FACE_OUTER_BOUND('',#1513,.T.);
#1131=FACE_OUTER_BOUND('',#1514,.T.);
#1132=FACE_OUTER_BOUND('',#1515,.T.);
#1133=FACE_OUTER_BOUND('',#1516,.T.);
#1134=FACE_OUTER_BOUND('',#1517,.T.);
#1135=FACE_OUTER_BOUND('',#1518,.T.);
#1136=FACE_OUTER_BOUND('',#1519,.T.);
#1137=FACE_OUTER_BOUND('',#1520,.T.);
#1138=FACE_OUTER_BOUND('',#1521,.T.);
#1139=FACE_OUTER_BOUND('',#1522,.T.);
#1140=FACE_OUTER_BOUND('',#1523,.T.);
#1141=FACE_OUTER_BOUND('',#1524,.T.);
#1142=FACE_OUTER_BOUND('',#1525,.T.);
#1143=FACE_OUTER_BOUND('',#1526,.T.);
#1144=FACE_OUTER_BOUND('',#1527,.T.);
#1145=FACE_OUTER_BOUND('',#1528,.T.);
#1146=FACE_OUTER_BOUND('',#1529,.T.);
#1147=FACE_OUTER_BOUND('',#1530,.T.);
#1148=FACE_OUTER_BOUND('',#1531,.T.);
#1149=FACE_OUTER_BOUND('',#1532,.T.);
#1150=FACE_OUTER_BOUND('',#1533,.T.);
#1151=FACE_OUTER_BOUND('',#1534,.T.);
#1152=FACE_OUTER_BOUND('',#1535,.T.);
#1153=FACE_OUTER_BOUND('',#1536,.T.);
#1154=FACE_OUTER_BOUND('',#1537,.T.);
#1155=FACE_OUTER_BOUND('',#1538,.T.);
#1156=FACE_OUTER_BOUND('',#1539,.T.);
#1157=FACE_OUTER_BOUND('',#1540,.T.);
#1158=FACE_OUTER_BOUND('',#1541,.T.);
#1159=FACE_OUTER_BOUND('',#1542,.T.);
#1160=FACE_OUTER_BOUND('',#1543,.T.);
#1161=FACE_OUTER_BOUND('',#1544,.T.);
#1162=FACE_OUTER_BOUND('',#1545,.T.);
#1163=FACE_OUTER_BOUND('',#1546,.T.);
#1164=FACE_OUTER_BOUND('',#1547,.T.);
#1165=FACE_OUTER_BOUND('',#1548,.T.);
#1166=FACE_OUTER_BOUND('',#1549,.T.);
#1167=FACE_OUTER_BOUND('',#1550,.T.);
#1168=FACE_OUTER_BOUND('',#1551,.T.);
#1169=FACE_OUTER_BOUND('',#1552,.T.);
#1170=FACE_OUTER_BOUND('',#1553,.T.);
#1171=FACE_OUTER_BOUND('',#1554,.T.);
#1172=FACE_OUTER_BOUND('',#1555,.T.);
#1173=FACE_OUTER_BOUND('',#1556,.T.);
#1174=FACE_OUTER_BOUND('',#1557,.T.);
#1175=FACE_OUTER_BOUND('',#1558,.T.);
#1176=FACE_OUTER_BOUND('',#1559,.T.);
#1177=FACE_OUTER_BOUND('',#1560,.T.);
#1178=FACE_OUTER_BOUND('',#1561,.T.);
#1179=FACE_OUTER_BOUND('',#1562,.T.);
#1180=FACE_OUTER_BOUND('',#1563,.T.);
#1181=FACE_OUTER_BOUND('',#1564,.T.);
#1182=FACE_OUTER_BOUND('',#1565,.T.);
#1183=FACE_OUTER_BOUND('',#1566,.T.);
#1184=FACE_OUTER_BOUND('',#1567,.T.);
#1185=FACE_OUTER_BOUND('',#1568,.T.);
#1186=FACE_OUTER_BOUND('',#1569,.T.);
#1187=FACE_OUTER_BOUND('',#1570,.T.);
#1188=FACE_OUTER_BOUND('',#1571,.T.);
#1189=FACE_OUTER_BOUND('',#1572,.T.);
#1190=FACE_OUTER_BOUND('',#1573,.T.);
#1191=FACE_OUTER_BOUND('',#1574,.T.);
#1192=FACE_OUTER_BOUND('',#1575,.T.);
#1193=FACE_OUTER_BOUND('',#1576,.T.);
#1194=FACE_OUTER_BOUND('',#1577,.T.);
#1195=FACE_OUTER_BOUND('',#1578,.T.);
#1196=FACE_OUTER_BOUND('',#1579,.T.);
#1197=FACE_OUTER_BOUND('',#1580,.T.);
#1198=FACE_OUTER_BOUND('',#1581,.T.);
#1199=FACE_OUTER_BOUND('',#1582,.T.);
#1200=FACE_OUTER_BOUND('',#1583,.T.);
#1201=FACE_OUTER_BOUND('',#1584,.T.);
#1202=FACE_OUTER_BOUND('',#1585,.T.);
#1203=FACE_OUTER_BOUND('',#1586,.T.);
#1204=FACE_OUTER_BOUND('',#1587,.T.);
#1205=FACE_OUTER_BOUND('',#1588,.T.);
#1206=FACE_OUTER_BOUND('',#1589,.T.);
#1207=FACE_OUTER_BOUND('',#1590,.T.);
#1208=FACE_OUTER_BOUND('',#1591,.T.);
#1209=FACE_OUTER_BOUND('',#1592,.T.);
#1210=FACE_OUTER_BOUND('',#1593,.T.);
#1211=FACE_OUTER_BOUND('',#1594,.T.);
#1212=FACE_OUTER_BOUND('',#1595,.T.);
#1213=FACE_OUTER_BOUND('',#1596,.T.);
#1214=FACE_OUTER_BOUND('',#1597,.T.);
#1215=FACE_OUTER_BOUND('',#1598,.T.);
#1216=FACE_OUTER_BOUND('',#1599,.T.);
#1217=FACE_OUTER_BOUND('',#1600,.T.);
#1218=FACE_OUTER_BOUND('',#1601,.T.);
#1219=FACE_OUTER_BOUND('',#1602,.T.);
#1220=FACE_OUTER_BOUND('',#1603,.T.);
#1221=FACE_OUTER_BOUND('',#1604,.T.);
#1222=FACE_OUTER_BOUND('',#1605,.T.);
#1223=FACE_OUTER_BOUND('',#1606,.T.);
#1224=FACE_OUTER_BOUND('',#1607,.T.);
#1225=FACE_OUTER_BOUND('',#1608,.T.);
#1226=FACE_OUTER_BOUND('',#1609,.T.);
#1227=FACE_OUTER_BOUND('',#1610,.T.);
#1228=FACE_OUTER_BOUND('',#1611,.T.);
#1229=FACE_OUTER_BOUND('',#1612,.T.);
#1230=FACE_OUTER_BOUND('',#1613,.T.);
#1231=FACE_OUTER_BOUND('',#1614,.T.);
#1232=FACE_OUTER_BOUND('',#1615,.T.);
#1233=FACE_OUTER_BOUND('',#1616,.T.);
#1234=FACE_OUTER_BOUND('',#1617,.T.);
#1235=FACE_OUTER_BOUND('',#1618,.T.);
#1236=FACE_OUTER_BOUND('',#1619,.T.);
#1237=FACE_OUTER_BOUND('',#1620,.T.);
#1238=FACE_OUTER_BOUND('',#1621,.T.);
#1239=FACE_OUTER_BOUND('',#1622,.T.);
#1240=FACE_OUTER_BOUND('',#1623,.T.);
#1241=FACE_OUTER_BOUND('',#1624,.T.);
#1242=FACE_OUTER_BOUND('',#1625,.T.);
#1243=FACE_OUTER_BOUND('',#1626,.T.);
#1244=FACE_OUTER_BOUND('',#1627,.T.);
#1245=FACE_OUTER_BOUND('',#1628,.T.);
#1246=FACE_OUTER_BOUND('',#1629,.T.);
#1247=FACE_OUTER_BOUND('',#1630,.T.);
#1248=FACE_OUTER_BOUND('',#1631,.T.);
#1249=FACE_OUTER_BOUND('',#1632,.T.);
#1250=FACE_OUTER_BOUND('',#1633,.T.);
#1251=FACE_OUTER_BOUND('',#1634,.T.);
#1252=FACE_OUTER_BOUND('',#1635,.T.);
#1253=FACE_OUTER_BOUND('',#1636,.T.);
#1254=FACE_OUTER_BOUND('',#1637,.T.);
#1255=FACE_OUTER_BOUND('',#1638,.T.);
#1256=FACE_OUTER_BOUND('',#1639,.T.);
#1257=FACE_OUTER_BOUND('',#1645,.T.);
#1258=FACE_OUTER_BOUND('',#1646,.T.);
#1259=FACE_OUTER_BOUND('',#1647,.T.);
#1260=FACE_OUTER_BOUND('',#1648,.T.);
#1261=FACE_OUTER_BOUND('',#1649,.T.);
#1262=FACE_OUTER_BOUND('',#1650,.T.);
#1263=FACE_OUTER_BOUND('',#1651,.T.);
#1264=FACE_OUTER_BOUND('',#1652,.T.);
#1265=FACE_OUTER_BOUND('',#1653,.T.);
#1266=FACE_OUTER_BOUND('',#1654,.T.);
#1267=FACE_OUTER_BOUND('',#1655,.T.);
#1268=FACE_OUTER_BOUND('',#1656,.T.);
#1269=FACE_OUTER_BOUND('',#1657,.T.);
#1270=FACE_OUTER_BOUND('',#1658,.T.);
#1271=FACE_OUTER_BOUND('',#1659,.T.);
#1272=FACE_OUTER_BOUND('',#1660,.T.);
#1273=FACE_OUTER_BOUND('',#1661,.T.);
#1274=FACE_OUTER_BOUND('',#1662,.T.);
#1275=FACE_OUTER_BOUND('',#1663,.T.);
#1276=FACE_OUTER_BOUND('',#1664,.T.);
#1277=FACE_OUTER_BOUND('',#1665,.T.);
#1278=FACE_OUTER_BOUND('',#1666,.T.);
#1279=FACE_OUTER_BOUND('',#1667,.T.);
#1280=FACE_OUTER_BOUND('',#1668,.T.);
#1281=FACE_OUTER_BOUND('',#1669,.T.);
#1282=FACE_OUTER_BOUND('',#1670,.T.);
#1283=FACE_OUTER_BOUND('',#1671,.T.);
#1284=FACE_OUTER_BOUND('',#1672,.T.);
#1285=FACE_OUTER_BOUND('',#1673,.T.);
#1286=FACE_OUTER_BOUND('',#1674,.T.);
#1287=FACE_OUTER_BOUND('',#1675,.T.);
#1288=FACE_OUTER_BOUND('',#1676,.T.);
#1289=FACE_OUTER_BOUND('',#1677,.T.);
#1290=FACE_OUTER_BOUND('',#1678,.T.);
#1291=FACE_OUTER_BOUND('',#1679,.T.);
#1292=FACE_OUTER_BOUND('',#1680,.T.);
#1293=FACE_OUTER_BOUND('',#1681,.T.);
#1294=FACE_OUTER_BOUND('',#1682,.T.);
#1295=FACE_OUTER_BOUND('',#1683,.T.);
#1296=FACE_OUTER_BOUND('',#1684,.T.);
#1297=FACE_OUTER_BOUND('',#1685,.T.);
#1298=FACE_OUTER_BOUND('',#1686,.T.);
#1299=FACE_OUTER_BOUND('',#1687,.T.);
#1300=FACE_OUTER_BOUND('',#1688,.T.);
#1301=FACE_OUTER_BOUND('',#1689,.T.);
#1302=FACE_OUTER_BOUND('',#1690,.T.);
#1303=FACE_OUTER_BOUND('',#1691,.T.);
#1304=FACE_OUTER_BOUND('',#1692,.T.);
#1305=FACE_OUTER_BOUND('',#1693,.T.);
#1306=FACE_OUTER_BOUND('',#1694,.T.);
#1307=FACE_OUTER_BOUND('',#1695,.T.);
#1308=FACE_OUTER_BOUND('',#1696,.T.);
#1309=FACE_OUTER_BOUND('',#1697,.T.);
#1310=FACE_OUTER_BOUND('',#1698,.T.);
#1311=FACE_OUTER_BOUND('',#1699,.T.);
#1312=FACE_OUTER_BOUND('',#1700,.T.);
#1313=FACE_OUTER_BOUND('',#1701,.T.);
#1314=FACE_OUTER_BOUND('',#1702,.T.);
#1315=FACE_OUTER_BOUND('',#1703,.T.);
#1316=FACE_OUTER_BOUND('',#1704,.T.);
#1317=FACE_OUTER_BOUND('',#1705,.T.);
#1318=FACE_OUTER_BOUND('',#1706,.T.);
#1319=FACE_OUTER_BOUND('',#1707,.T.);
#1320=FACE_OUTER_BOUND('',#1708,.T.);
#1321=FACE_OUTER_BOUND('',#1709,.T.);
#1322=FACE_OUTER_BOUND('',#1710,.T.);
#1323=FACE_OUTER_BOUND('',#1711,.T.);
#1324=FACE_OUTER_BOUND('',#1712,.T.);
#1325=FACE_OUTER_BOUND('',#1713,.T.);
#1326=FACE_OUTER_BOUND('',#1714,.T.);
#1327=FACE_OUTER_BOUND('',#1715,.T.);
#1328=FACE_OUTER_BOUND('',#1716,.T.);
#1329=FACE_OUTER_BOUND('',#1717,.T.);
#1330=FACE_OUTER_BOUND('',#1718,.T.);
#1331=FACE_OUTER_BOUND('',#1719,.T.);
#1332=FACE_OUTER_BOUND('',#1720,.T.);
#1333=FACE_OUTER_BOUND('',#1721,.T.);
#1334=FACE_OUTER_BOUND('',#1722,.T.);
#1335=FACE_OUTER_BOUND('',#1723,.T.);
#1336=FACE_OUTER_BOUND('',#1724,.T.);
#1337=FACE_OUTER_BOUND('',#1725,.T.);
#1338=FACE_OUTER_BOUND('',#1726,.T.);
#1339=FACE_OUTER_BOUND('',#1727,.T.);
#1340=FACE_OUTER_BOUND('',#1728,.T.);
#1341=FACE_OUTER_BOUND('',#1729,.T.);
#1342=FACE_OUTER_BOUND('',#1730,.T.);
#1343=FACE_OUTER_BOUND('',#1731,.T.);
#1344=FACE_OUTER_BOUND('',#1732,.T.);
#1345=FACE_OUTER_BOUND('',#1733,.T.);
#1346=FACE_OUTER_BOUND('',#1734,.T.);
#1347=FACE_OUTER_BOUND('',#1735,.T.);
#1348=FACE_OUTER_BOUND('',#1736,.T.);
#1349=FACE_OUTER_BOUND('',#1737,.T.);
#1350=FACE_OUTER_BOUND('',#1738,.T.);
#1351=FACE_OUTER_BOUND('',#1739,.T.);
#1352=FACE_OUTER_BOUND('',#1740,.T.);
#1353=FACE_OUTER_BOUND('',#1741,.T.);
#1354=FACE_OUTER_BOUND('',#1742,.T.);
#1355=FACE_OUTER_BOUND('',#1743,.T.);
#1356=FACE_OUTER_BOUND('',#1744,.T.);
#1357=FACE_OUTER_BOUND('',#1745,.T.);
#1358=FACE_OUTER_BOUND('',#1746,.T.);
#1359=FACE_OUTER_BOUND('',#1747,.T.);
#1360=FACE_OUTER_BOUND('',#1748,.T.);
#1361=FACE_OUTER_BOUND('',#1749,.T.);
#1362=FACE_OUTER_BOUND('',#1750,.T.);
#1363=FACE_OUTER_BOUND('',#1751,.T.);
#1364=FACE_OUTER_BOUND('',#1752,.T.);
#1365=FACE_OUTER_BOUND('',#1753,.T.);
#1366=FACE_OUTER_BOUND('',#1754,.T.);
#1367=FACE_OUTER_BOUND('',#1755,.T.);
#1368=FACE_OUTER_BOUND('',#1756,.T.);
#1369=FACE_OUTER_BOUND('',#1757,.T.);
#1370=FACE_OUTER_BOUND('',#1758,.T.);
#1371=FACE_OUTER_BOUND('',#1759,.T.);
#1372=FACE_OUTER_BOUND('',#1760,.T.);
#1373=FACE_OUTER_BOUND('',#1761,.T.);
#1374=FACE_OUTER_BOUND('',#1762,.T.);
#1375=FACE_OUTER_BOUND('',#1763,.T.);
#1376=FACE_OUTER_BOUND('',#1764,.T.);
#1377=FACE_OUTER_BOUND('',#1765,.T.);
#1378=FACE_OUTER_BOUND('',#1766,.T.);
#1379=FACE_OUTER_BOUND('',#1767,.T.);
#1380=FACE_OUTER_BOUND('',#1768,.T.);
#1381=FACE_OUTER_BOUND('',#1769,.T.);
#1382=FACE_OUTER_BOUND('',#1770,.T.);
#1383=FACE_OUTER_BOUND('',#1771,.T.);
#1384=FACE_OUTER_BOUND('',#1772,.T.);
#1385=FACE_OUTER_BOUND('',#1773,.T.);
#1386=FACE_OUTER_BOUND('',#1774,.T.);
#1387=FACE_OUTER_BOUND('',#1775,.T.);
#1388=FACE_OUTER_BOUND('',#1776,.T.);
#1389=FACE_OUTER_BOUND('',#1777,.T.);
#1390=FACE_OUTER_BOUND('',#1778,.T.);
#1391=FACE_OUTER_BOUND('',#1779,.T.);
#1392=FACE_OUTER_BOUND('',#1780,.T.);
#1393=FACE_OUTER_BOUND('',#1781,.T.);
#1394=FACE_OUTER_BOUND('',#1782,.T.);
#1395=FACE_OUTER_BOUND('',#1783,.T.);
#1396=FACE_OUTER_BOUND('',#1784,.T.);
#1397=FACE_OUTER_BOUND('',#1785,.T.);
#1398=FACE_OUTER_BOUND('',#1786,.T.);
#1399=FACE_OUTER_BOUND('',#1787,.T.);
#1400=FACE_OUTER_BOUND('',#1788,.T.);
#1401=FACE_OUTER_BOUND('',#1789,.T.);
#1402=FACE_OUTER_BOUND('',#1790,.T.);
#1403=FACE_OUTER_BOUND('',#1791,.T.);
#1404=FACE_OUTER_BOUND('',#1792,.T.);
#1405=EDGE_LOOP('',(#4110));
#1406=EDGE_LOOP('',(#4111,#4112,#4113,#4114));
#1407=EDGE_LOOP('',(#4115,#4116,#4117,#4118));
#1408=EDGE_LOOP('',(#4119,#4120,#4121,#4122,#4123,#4124,#4125,#4126,#4127,
#4128,#4129,#4130,#4131,#4132,#4133,#4134,#4135,#4136,#4137,#4138,#4139,
#4140,#4141,#4142,#4143,#4144,#4145,#4146,#4147,#4148,#4149,#4150,#4151,
#4152,#4153,#4154,#4155,#4156,#4157,#4158,#4159,#4160,#4161,#4162,#4163,
#4164,#4165,#4166,#4167,#4168,#4169,#4170,#4171,#4172,#4173,#4174,#4175,
#4176,#4177,#4178,#4179,#4180,#4181,#4182,#4183,#4184,#4185,#4186,#4187,
#4188,#4189,#4190,#4191,#4192,#4193,#4194,#4195,#4196,#4197,#4198,#4199,
#4200,#4201,#4202,#4203,#4204,#4205,#4206,#4207,#4208,#4209,#4210,#4211,
#4212,#4213,#4214,#4215,#4216,#4217,#4218,#4219,#4220,#4221,#4222,#4223,
#4224,#4225,#4226,#4227,#4228,#4229,#4230,#4231,#4232,#4233,#4234,#4235,
#4236,#4237,#4238));
#1409=EDGE_LOOP('',(#4239));
#1410=EDGE_LOOP('',(#4240,#4241,#4242,#4243));
#1411=EDGE_LOOP('',(#4244,#4245,#4246,#4247,#4248,#4249,#4250,#4251,#4252,
#4253,#4254,#4255,#4256,#4257,#4258,#4259,#4260,#4261,#4262,#4263,#4264,
#4265,#4266,#4267,#4268,#4269,#4270,#4271,#4272,#4273,#4274,#4275,#4276,
#4277,#4278,#4279,#4280,#4281,#4282,#4283,#4284,#4285,#4286,#4287));
#1412=EDGE_LOOP('',(#4288,#4289,#4290,#4291,#4292,#4293));
#1413=EDGE_LOOP('',(#4294,#4295,#4296,#4297,#4298,#4299));
#1414=EDGE_LOOP('',(#4300,#4301,#4302,#4303,#4304,#4305));
#1415=EDGE_LOOP('',(#4306,#4307,#4308,#4309,#4310,#4311));
#1416=EDGE_LOOP('',(#4312,#4313,#4314,#4315,#4316,#4317));
#1417=EDGE_LOOP('',(#4318,#4319,#4320,#4321,#4322,#4323));
#1418=EDGE_LOOP('',(#4324,#4325,#4326,#4327,#4328,#4329));
#1419=EDGE_LOOP('',(#4330,#4331,#4332,#4333,#4334,#4335));
#1420=EDGE_LOOP('',(#4336,#4337,#4338,#4339,#4340,#4341));
#1421=EDGE_LOOP('',(#4342,#4343,#4344,#4345,#4346,#4347));
#1422=EDGE_LOOP('',(#4348,#4349,#4350,#4351,#4352,#4353));
#1423=EDGE_LOOP('',(#4354,#4355,#4356,#4357,#4358,#4359));
#1424=EDGE_LOOP('',(#4360,#4361,#4362,#4363,#4364,#4365));
#1425=EDGE_LOOP('',(#4366,#4367,#4368,#4369,#4370,#4371));
#1426=EDGE_LOOP('',(#4372,#4373,#4374,#4375,#4376,#4377));
#1427=EDGE_LOOP('',(#4378,#4379,#4380,#4381,#4382,#4383));
#1428=EDGE_LOOP('',(#4384,#4385,#4386,#4387,#4388,#4389));
#1429=EDGE_LOOP('',(#4390,#4391,#4392,#4393,#4394,#4395));
#1430=EDGE_LOOP('',(#4396,#4397,#4398,#4399,#4400,#4401));
#1431=EDGE_LOOP('',(#4402,#4403,#4404,#4405));
#1432=EDGE_LOOP('',(#4406,#4407,#4408,#4409));
#1433=EDGE_LOOP('',(#4410,#4411,#4412,#4413));
#1434=EDGE_LOOP('',(#4414,#4415,#4416,#4417));
#1435=EDGE_LOOP('',(#4418,#4419,#4420,#4421));
#1436=EDGE_LOOP('',(#4422,#4423,#4424,#4425));
#1437=EDGE_LOOP('',(#4426,#4427,#4428,#4429));
#1438=EDGE_LOOP('',(#4430,#4431,#4432,#4433));
#1439=EDGE_LOOP('',(#4434,#4435,#4436,#4437));
#1440=EDGE_LOOP('',(#4438,#4439,#4440,#4441));
#1441=EDGE_LOOP('',(#4442,#4443,#4444,#4445));
#1442=EDGE_LOOP('',(#4446,#4447,#4448,#4449));
#1443=EDGE_LOOP('',(#4450,#4451,#4452,#4453,#4454,#4455));
#1444=EDGE_LOOP('',(#4456,#4457,#4458,#4459,#4460,#4461));
#1445=EDGE_LOOP('',(#4462,#4463,#4464,#4465,#4466,#4467));
#1446=EDGE_LOOP('',(#4468,#4469,#4470,#4471));
#1447=EDGE_LOOP('',(#4472,#4473,#4474,#4475));
#1448=EDGE_LOOP('',(#4476,#4477,#4478,#4479));
#1449=EDGE_LOOP('',(#4480,#4481,#4482,#4483));
#1450=EDGE_LOOP('',(#4484,#4485,#4486,#4487));
#1451=EDGE_LOOP('',(#4488,#4489,#4490,#4491));
#1452=EDGE_LOOP('',(#4492,#4493,#4494,#4495));
#1453=EDGE_LOOP('',(#4496,#4497,#4498,#4499));
#1454=EDGE_LOOP('',(#4500,#4501,#4502,#4503));
#1455=EDGE_LOOP('',(#4504,#4505,#4506,#4507));
#1456=EDGE_LOOP('',(#4508,#4509,#4510,#4511));
#1457=EDGE_LOOP('',(#4512,#4513,#4514,#4515));
#1458=EDGE_LOOP('',(#4516,#4517,#4518,#4519));
#1459=EDGE_LOOP('',(#4520,#4521,#4522,#4523));
#1460=EDGE_LOOP('',(#4524,#4525,#4526,#4527));
#1461=EDGE_LOOP('',(#4528,#4529,#4530,#4531));
#1462=EDGE_LOOP('',(#4532,#4533,#4534,#4535));
#1463=EDGE_LOOP('',(#4536,#4537,#4538,#4539));
#1464=EDGE_LOOP('',(#4540,#4541,#4542,#4543));
#1465=EDGE_LOOP('',(#4544,#4545,#4546,#4547));
#1466=EDGE_LOOP('',(#4548,#4549,#4550,#4551));
#1467=EDGE_LOOP('',(#4552,#4553,#4554,#4555));
#1468=EDGE_LOOP('',(#4556,#4557,#4558,#4559));
#1469=EDGE_LOOP('',(#4560,#4561,#4562,#4563));
#1470=EDGE_LOOP('',(#4564,#4565,#4566,#4567));
#1471=EDGE_LOOP('',(#4568,#4569,#4570,#4571));
#1472=EDGE_LOOP('',(#4572,#4573,#4574,#4575));
#1473=EDGE_LOOP('',(#4576,#4577,#4578,#4579));
#1474=EDGE_LOOP('',(#4580,#4581,#4582,#4583));
#1475=EDGE_LOOP('',(#4584,#4585,#4586,#4587));
#1476=EDGE_LOOP('',(#4588,#4589,#4590,#4591));
#1477=EDGE_LOOP('',(#4592,#4593,#4594,#4595));
#1478=EDGE_LOOP('',(#4596,#4597,#4598,#4599));
#1479=EDGE_LOOP('',(#4600,#4601,#4602,#4603));
#1480=EDGE_LOOP('',(#4604,#4605,#4606,#4607));
#1481=EDGE_LOOP('',(#4608,#4609,#4610,#4611));
#1482=EDGE_LOOP('',(#4612,#4613,#4614,#4615));
#1483=EDGE_LOOP('',(#4616,#4617,#4618,#4619));
#1484=EDGE_LOOP('',(#4620,#4621,#4622,#4623));
#1485=EDGE_LOOP('',(#4624,#4625,#4626,#4627));
#1486=EDGE_LOOP('',(#4628,#4629,#4630,#4631));
#1487=EDGE_LOOP('',(#4632,#4633,#4634,#4635));
#1488=EDGE_LOOP('',(#4636,#4637,#4638,#4639));
#1489=EDGE_LOOP('',(#4640,#4641,#4642,#4643));
#1490=EDGE_LOOP('',(#4644,#4645,#4646,#4647));
#1491=EDGE_LOOP('',(#4648,#4649,#4650,#4651));
#1492=EDGE_LOOP('',(#4652,#4653,#4654,#4655));
#1493=EDGE_LOOP('',(#4656,#4657,#4658,#4659));
#1494=EDGE_LOOP('',(#4660,#4661,#4662,#4663));
#1495=EDGE_LOOP('',(#4664,#4665,#4666,#4667));
#1496=EDGE_LOOP('',(#4668,#4669,#4670,#4671));
#1497=EDGE_LOOP('',(#4672,#4673,#4674,#4675));
#1498=EDGE_LOOP('',(#4676,#4677,#4678,#4679));
#1499=EDGE_LOOP('',(#4680,#4681,#4682,#4683));
#1500=EDGE_LOOP('',(#4684,#4685,#4686,#4687));
#1501=EDGE_LOOP('',(#4688,#4689,#4690,#4691));
#1502=EDGE_LOOP('',(#4692,#4693,#4694,#4695));
#1503=EDGE_LOOP('',(#4696,#4697,#4698,#4699));
#1504=EDGE_LOOP('',(#4700,#4701,#4702,#4703,#4704,#4705));
#1505=EDGE_LOOP('',(#4706,#4707,#4708,#4709));
#1506=EDGE_LOOP('',(#4710,#4711,#4712,#4713,#4714,#4715));
#1507=EDGE_LOOP('',(#4716,#4717,#4718,#4719));
#1508=EDGE_LOOP('',(#4720,#4721,#4722,#4723));
#1509=EDGE_LOOP('',(#4724,#4725,#4726,#4727));
#1510=EDGE_LOOP('',(#4728,#4729,#4730,#4731));
#1511=EDGE_LOOP('',(#4732,#4733,#4734,#4735,#4736,#4737));
#1512=EDGE_LOOP('',(#4738,#4739,#4740,#4741));
#1513=EDGE_LOOP('',(#4742,#4743,#4744,#4745,#4746,#4747));
#1514=EDGE_LOOP('',(#4748,#4749,#4750,#4751));
#1515=EDGE_LOOP('',(#4752,#4753,#4754,#4755,#4756,#4757));
#1516=EDGE_LOOP('',(#4758,#4759,#4760,#4761,#4762,#4763));
#1517=EDGE_LOOP('',(#4764,#4765,#4766,#4767));
#1518=EDGE_LOOP('',(#4768,#4769,#4770,#4771,#4772,#4773));
#1519=EDGE_LOOP('',(#4774,#4775,#4776,#4777,#4778,#4779));
#1520=EDGE_LOOP('',(#4780,#4781,#4782,#4783));
#1521=EDGE_LOOP('',(#4784,#4785,#4786,#4787,#4788,#4789));
#1522=EDGE_LOOP('',(#4790,#4791,#4792,#4793,#4794,#4795));
#1523=EDGE_LOOP('',(#4796,#4797,#4798,#4799));
#1524=EDGE_LOOP('',(#4800,#4801,#4802,#4803,#4804,#4805));
#1525=EDGE_LOOP('',(#4806,#4807,#4808,#4809,#4810,#4811));
#1526=EDGE_LOOP('',(#4812,#4813,#4814,#4815,#4816));
#1527=EDGE_LOOP('',(#4817,#4818,#4819,#4820,#4821,#4822));
#1528=EDGE_LOOP('',(#4823,#4824,#4825,#4826,#4827,#4828));
#1529=EDGE_LOOP('',(#4829,#4830,#4831,#4832));
#1530=EDGE_LOOP('',(#4833,#4834,#4835,#4836,#4837,#4838));
#1531=EDGE_LOOP('',(#4839,#4840,#4841,#4842,#4843,#4844));
#1532=EDGE_LOOP('',(#4845,#4846,#4847,#4848));
#1533=EDGE_LOOP('',(#4849,#4850,#4851,#4852,#4853,#4854));
#1534=EDGE_LOOP('',(#4855,#4856,#4857,#4858,#4859,#4860));
#1535=EDGE_LOOP('',(#4861,#4862,#4863,#4864));
#1536=EDGE_LOOP('',(#4865,#4866,#4867,#4868,#4869,#4870));
#1537=EDGE_LOOP('',(#4871,#4872,#4873,#4874,#4875,#4876));
#1538=EDGE_LOOP('',(#4877,#4878,#4879,#4880));
#1539=EDGE_LOOP('',(#4881,#4882,#4883,#4884,#4885,#4886));
#1540=EDGE_LOOP('',(#4887,#4888,#4889,#4890,#4891,#4892));
#1541=EDGE_LOOP('',(#4893,#4894,#4895,#4896));
#1542=EDGE_LOOP('',(#4897,#4898,#4899,#4900,#4901,#4902));
#1543=EDGE_LOOP('',(#4903,#4904,#4905,#4906,#4907,#4908));
#1544=EDGE_LOOP('',(#4909,#4910,#4911,#4912));
#1545=EDGE_LOOP('',(#4913,#4914,#4915,#4916,#4917,#4918));
#1546=EDGE_LOOP('',(#4919,#4920,#4921,#4922,#4923,#4924));
#1547=EDGE_LOOP('',(#4925,#4926,#4927,#4928));
#1548=EDGE_LOOP('',(#4929,#4930,#4931,#4932,#4933,#4934));
#1549=EDGE_LOOP('',(#4935,#4936,#4937,#4938,#4939,#4940));
#1550=EDGE_LOOP('',(#4941,#4942,#4943,#4944));
#1551=EDGE_LOOP('',(#4945,#4946,#4947,#4948,#4949,#4950));
#1552=EDGE_LOOP('',(#4951,#4952,#4953,#4954));
#1553=EDGE_LOOP('',(#4955,#4956,#4957,#4958,#4959,#4960));
#1554=EDGE_LOOP('',(#4961,#4962,#4963,#4964,#4965,#4966));
#1555=EDGE_LOOP('',(#4967,#4968,#4969,#4970,#4971,#4972));
#1556=EDGE_LOOP('',(#4973,#4974,#4975,#4976,#4977,#4978));
#1557=EDGE_LOOP('',(#4979,#4980,#4981,#4982));
#1558=EDGE_LOOP('',(#4983,#4984,#4985,#4986,#4987,#4988));
#1559=EDGE_LOOP('',(#4989,#4990,#4991,#4992,#4993,#4994));
#1560=EDGE_LOOP('',(#4995,#4996,#4997,#4998));
#1561=EDGE_LOOP('',(#4999,#5000,#5001,#5002,#5003,#5004));
#1562=EDGE_LOOP('',(#5005,#5006,#5007,#5008,#5009,#5010));
#1563=EDGE_LOOP('',(#5011,#5012,#5013,#5014));
#1564=EDGE_LOOP('',(#5015,#5016,#5017,#5018,#5019,#5020));
#1565=EDGE_LOOP('',(#5021,#5022,#5023,#5024));
#1566=EDGE_LOOP('',(#5025,#5026,#5027,#5028));
#1567=EDGE_LOOP('',(#5029,#5030,#5031,#5032));
#1568=EDGE_LOOP('',(#5033,#5034,#5035,#5036));
#1569=EDGE_LOOP('',(#5037,#5038,#5039,#5040));
#1570=EDGE_LOOP('',(#5041,#5042,#5043,#5044));
#1571=EDGE_LOOP('',(#5045,#5046,#5047,#5048));
#1572=EDGE_LOOP('',(#5049,#5050,#5051,#5052));
#1573=EDGE_LOOP('',(#5053,#5054,#5055,#5056));
#1574=EDGE_LOOP('',(#5057,#5058,#5059,#5060));
#1575=EDGE_LOOP('',(#5061,#5062,#5063,#5064));
#1576=EDGE_LOOP('',(#5065,#5066,#5067,#5068));
#1577=EDGE_LOOP('',(#5069,#5070,#5071,#5072));
#1578=EDGE_LOOP('',(#5073,#5074,#5075,#5076));
#1579=EDGE_LOOP('',(#5077,#5078,#5079,#5080));
#1580=EDGE_LOOP('',(#5081,#5082,#5083,#5084));
#1581=EDGE_LOOP('',(#5085,#5086,#5087,#5088));
#1582=EDGE_LOOP('',(#5089,#5090,#5091,#5092));
#1583=EDGE_LOOP('',(#5093,#5094,#5095,#5096));
#1584=EDGE_LOOP('',(#5097,#5098,#5099,#5100));
#1585=EDGE_LOOP('',(#5101,#5102,#5103,#5104));
#1586=EDGE_LOOP('',(#5105,#5106,#5107,#5108));
#1587=EDGE_LOOP('',(#5109,#5110,#5111,#5112));
#1588=EDGE_LOOP('',(#5113,#5114,#5115,#5116));
#1589=EDGE_LOOP('',(#5117,#5118,#5119,#5120));
#1590=EDGE_LOOP('',(#5121,#5122,#5123,#5124));
#1591=EDGE_LOOP('',(#5125,#5126,#5127,#5128));
#1592=EDGE_LOOP('',(#5129,#5130,#5131,#5132));
#1593=EDGE_LOOP('',(#5133,#5134,#5135,#5136));
#1594=EDGE_LOOP('',(#5137,#5138,#5139,#5140));
#1595=EDGE_LOOP('',(#5141,#5142,#5143,#5144,#5145,#5146,#5147,#5148,#5149,
#5150,#5151,#5152,#5153,#5154,#5155,#5156,#5157,#5158,#5159,#5160,#5161,
#5162,#5163,#5164,#5165,#5166,#5167,#5168,#5169,#5170,#5171,#5172,#5173,
#5174,#5175,#5176,#5177,#5178,#5179,#5180,#5181,#5182,#5183,#5184));
#1596=EDGE_LOOP('',(#5185,#5186,#5187,#5188,#5189,#5190));
#1597=EDGE_LOOP('',(#5191,#5192,#5193,#5194,#5195,#5196));
#1598=EDGE_LOOP('',(#5197,#5198,#5199,#5200,#5201,#5202));
#1599=EDGE_LOOP('',(#5203,#5204,#5205,#5206,#5207,#5208));
#1600=EDGE_LOOP('',(#5209,#5210,#5211,#5212,#5213,#5214));
#1601=EDGE_LOOP('',(#5215,#5216,#5217,#5218,#5219,#5220));
#1602=EDGE_LOOP('',(#5221,#5222,#5223,#5224,#5225,#5226));
#1603=EDGE_LOOP('',(#5227,#5228,#5229,#5230,#5231,#5232));
#1604=EDGE_LOOP('',(#5233,#5234,#5235,#5236,#5237,#5238));
#1605=EDGE_LOOP('',(#5239,#5240,#5241,#5242,#5243,#5244));
#1606=EDGE_LOOP('',(#5245,#5246,#5247,#5248,#5249,#5250));
#1607=EDGE_LOOP('',(#5251,#5252,#5253,#5254,#5255,#5256));
#1608=EDGE_LOOP('',(#5257,#5258,#5259,#5260,#5261,#5262));
#1609=EDGE_LOOP('',(#5263,#5264,#5265,#5266,#5267,#5268));
#1610=EDGE_LOOP('',(#5269,#5270,#5271,#5272,#5273,#5274));
#1611=EDGE_LOOP('',(#5275,#5276,#5277,#5278,#5279,#5280));
#1612=EDGE_LOOP('',(#5281,#5282,#5283,#5284,#5285,#5286));
#1613=EDGE_LOOP('',(#5287,#5288,#5289,#5290,#5291,#5292));
#1614=EDGE_LOOP('',(#5293,#5294,#5295,#5296,#5297,#5298));
#1615=EDGE_LOOP('',(#5299,#5300,#5301,#5302));
#1616=EDGE_LOOP('',(#5303,#5304,#5305,#5306));
#1617=EDGE_LOOP('',(#5307));
#1618=EDGE_LOOP('',(#5308,#5309,#5310,#5311));
#1619=EDGE_LOOP('',(#5312));
#1620=EDGE_LOOP('',(#5313,#5314,#5315,#5316));
#1621=EDGE_LOOP('',(#5317));
#1622=EDGE_LOOP('',(#5318,#5319,#5320,#5321));
#1623=EDGE_LOOP('',(#5322));
#1624=EDGE_LOOP('',(#5323,#5324,#5325,#5326));
#1625=EDGE_LOOP('',(#5327));
#1626=EDGE_LOOP('',(#5328,#5329,#5330,#5331));
#1627=EDGE_LOOP('',(#5332,#5333,#5334,#5335));
#1628=EDGE_LOOP('',(#5336,#5337,#5338,#5339));
#1629=EDGE_LOOP('',(#5340,#5341,#5342,#5343));
#1630=EDGE_LOOP('',(#5344,#5345,#5346,#5347));
#1631=EDGE_LOOP('',(#5348,#5349,#5350,#5351));
#1632=EDGE_LOOP('',(#5352,#5353,#5354,#5355));
#1633=EDGE_LOOP('',(#5356,#5357,#5358,#5359));
#1634=EDGE_LOOP('',(#5360,#5361,#5362,#5363));
#1635=EDGE_LOOP('',(#5364,#5365,#5366,#5367));
#1636=EDGE_LOOP('',(#5368,#5369,#5370,#5371));
#1637=EDGE_LOOP('',(#5372,#5373,#5374,#5375,#5376,#5377));
#1638=EDGE_LOOP('',(#5378,#5379,#5380,#5381,#5382,#5383));
#1639=EDGE_LOOP('',(#5384,#5385,#5386,#5387,#5388,#5389,#5390,#5391,#5392,
#5393,#5394,#5395,#5396,#5397,#5398,#5399,#5400,#5401,#5402,#5403,#5404,
#5405,#5406,#5407,#5408,#5409,#5410,#5411,#5412,#5413,#5414,#5415,#5416,
#5417,#5418,#5419,#5420,#5421,#5422,#5423,#5424,#5425,#5426,#5427,#5428,
#5429,#5430,#5431,#5432,#5433,#5434,#5435,#5436,#5437,#5438,#5439,#5440,
#5441,#5442,#5443,#5444,#5445,#5446,#5447,#5448,#5449,#5450,#5451,#5452,
#5453,#5454,#5455,#5456,#5457,#5458,#5459,#5460,#5461,#5462,#5463,#5464,
#5465,#5466,#5467,#5468,#5469,#5470,#5471,#5472,#5473,#5474,#5475,#5476,
#5477,#5478,#5479,#5480,#5481,#5482,#5483,#5484,#5485,#5486,#5487,#5488,
#5489,#5490,#5491,#5492,#5493,#5494,#5495,#5496,#5497,#5498,#5499,#5500,
#5501,#5502,#5503));
#1640=EDGE_LOOP('',(#5504));
#1641=EDGE_LOOP('',(#5505));
#1642=EDGE_LOOP('',(#5506));
#1643=EDGE_LOOP('',(#5507));
#1644=EDGE_LOOP('',(#5508));
#1645=EDGE_LOOP('',(#5509,#5510,#5511,#5512,#5513,#5514));
#1646=EDGE_LOOP('',(#5515,#5516,#5517,#5518));
#1647=EDGE_LOOP('',(#5519,#5520,#5521,#5522));
#1648=EDGE_LOOP('',(#5523,#5524,#5525,#5526));
#1649=EDGE_LOOP('',(#5527,#5528,#5529,#5530));
#1650=EDGE_LOOP('',(#5531,#5532,#5533,#5534));
#1651=EDGE_LOOP('',(#5535,#5536,#5537,#5538));
#1652=EDGE_LOOP('',(#5539,#5540,#5541,#5542));
#1653=EDGE_LOOP('',(#5543,#5544,#5545,#5546));
#1654=EDGE_LOOP('',(#5547,#5548,#5549,#5550));
#1655=EDGE_LOOP('',(#5551,#5552,#5553,#5554));
#1656=EDGE_LOOP('',(#5555,#5556,#5557,#5558));
#1657=EDGE_LOOP('',(#5559,#5560,#5561,#5562));
#1658=EDGE_LOOP('',(#5563,#5564,#5565,#5566));
#1659=EDGE_LOOP('',(#5567,#5568,#5569,#5570));
#1660=EDGE_LOOP('',(#5571,#5572,#5573,#5574));
#1661=EDGE_LOOP('',(#5575,#5576,#5577,#5578));
#1662=EDGE_LOOP('',(#5579,#5580,#5581,#5582));
#1663=EDGE_LOOP('',(#5583,#5584,#5585,#5586));
#1664=EDGE_LOOP('',(#5587,#5588,#5589,#5590));
#1665=EDGE_LOOP('',(#5591,#5592,#5593,#5594));
#1666=EDGE_LOOP('',(#5595,#5596,#5597,#5598));
#1667=EDGE_LOOP('',(#5599,#5600,#5601,#5602));
#1668=EDGE_LOOP('',(#5603,#5604,#5605,#5606));
#1669=EDGE_LOOP('',(#5607,#5608,#5609,#5610));
#1670=EDGE_LOOP('',(#5611,#5612,#5613,#5614));
#1671=EDGE_LOOP('',(#5615,#5616,#5617,#5618));
#1672=EDGE_LOOP('',(#5619,#5620,#5621,#5622));
#1673=EDGE_LOOP('',(#5623,#5624,#5625,#5626));
#1674=EDGE_LOOP('',(#5627,#5628,#5629,#5630));
#1675=EDGE_LOOP('',(#5631,#5632,#5633,#5634));
#1676=EDGE_LOOP('',(#5635,#5636,#5637,#5638));
#1677=EDGE_LOOP('',(#5639,#5640,#5641,#5642));
#1678=EDGE_LOOP('',(#5643,#5644,#5645,#5646));
#1679=EDGE_LOOP('',(#5647,#5648,#5649,#5650));
#1680=EDGE_LOOP('',(#5651,#5652,#5653,#5654));
#1681=EDGE_LOOP('',(#5655,#5656,#5657,#5658));
#1682=EDGE_LOOP('',(#5659,#5660,#5661,#5662));
#1683=EDGE_LOOP('',(#5663,#5664,#5665,#5666));
#1684=EDGE_LOOP('',(#5667,#5668,#5669,#5670));
#1685=EDGE_LOOP('',(#5671,#5672,#5673,#5674));
#1686=EDGE_LOOP('',(#5675,#5676,#5677,#5678));
#1687=EDGE_LOOP('',(#5679,#5680,#5681,#5682));
#1688=EDGE_LOOP('',(#5683,#5684,#5685,#5686));
#1689=EDGE_LOOP('',(#5687,#5688,#5689,#5690));
#1690=EDGE_LOOP('',(#5691,#5692,#5693,#5694));
#1691=EDGE_LOOP('',(#5695,#5696,#5697,#5698));
#1692=EDGE_LOOP('',(#5699,#5700,#5701,#5702));
#1693=EDGE_LOOP('',(#5703,#5704,#5705,#5706));
#1694=EDGE_LOOP('',(#5707,#5708,#5709,#5710));
#1695=EDGE_LOOP('',(#5711,#5712,#5713,#5714));
#1696=EDGE_LOOP('',(#5715,#5716,#5717,#5718));
#1697=EDGE_LOOP('',(#5719,#5720,#5721,#5722));
#1698=EDGE_LOOP('',(#5723,#5724,#5725,#5726));
#1699=EDGE_LOOP('',(#5727,#5728,#5729,#5730));
#1700=EDGE_LOOP('',(#5731,#5732,#5733,#5734));
#1701=EDGE_LOOP('',(#5735,#5736,#5737,#5738));
#1702=EDGE_LOOP('',(#5739,#5740,#5741,#5742));
#1703=EDGE_LOOP('',(#5743,#5744,#5745,#5746));
#1704=EDGE_LOOP('',(#5747,#5748,#5749,#5750,#5751,#5752));
#1705=EDGE_LOOP('',(#5753,#5754,#5755,#5756));
#1706=EDGE_LOOP('',(#5757,#5758,#5759,#5760,#5761,#5762));
#1707=EDGE_LOOP('',(#5763,#5764,#5765,#5766));
#1708=EDGE_LOOP('',(#5767,#5768,#5769,#5770));
#1709=EDGE_LOOP('',(#5771,#5772,#5773,#5774));
#1710=EDGE_LOOP('',(#5775,#5776,#5777,#5778));
#1711=EDGE_LOOP('',(#5779,#5780,#5781,#5782,#5783,#5784));
#1712=EDGE_LOOP('',(#5785,#5786,#5787,#5788));
#1713=EDGE_LOOP('',(#5789,#5790,#5791,#5792,#5793,#5794));
#1714=EDGE_LOOP('',(#5795,#5796,#5797,#5798));
#1715=EDGE_LOOP('',(#5799,#5800,#5801,#5802,#5803,#5804));
#1716=EDGE_LOOP('',(#5805,#5806,#5807,#5808,#5809,#5810));
#1717=EDGE_LOOP('',(#5811,#5812,#5813,#5814));
#1718=EDGE_LOOP('',(#5815,#5816,#5817,#5818,#5819,#5820));
#1719=EDGE_LOOP('',(#5821,#5822,#5823,#5824,#5825,#5826));
#1720=EDGE_LOOP('',(#5827,#5828,#5829,#5830));
#1721=EDGE_LOOP('',(#5831,#5832,#5833,#5834,#5835,#5836));
#1722=EDGE_LOOP('',(#5837,#5838,#5839,#5840,#5841,#5842));
#1723=EDGE_LOOP('',(#5843,#5844,#5845,#5846));
#1724=EDGE_LOOP('',(#5847,#5848,#5849,#5850,#5851,#5852));
#1725=EDGE_LOOP('',(#5853,#5854,#5855,#5856,#5857,#5858));
#1726=EDGE_LOOP('',(#5859,#5860,#5861,#5862,#5863));
#1727=EDGE_LOOP('',(#5864,#5865,#5866,#5867,#5868,#5869));
#1728=EDGE_LOOP('',(#5870,#5871,#5872,#5873,#5874,#5875));
#1729=EDGE_LOOP('',(#5876,#5877,#5878,#5879));
#1730=EDGE_LOOP('',(#5880,#5881,#5882,#5883,#5884,#5885));
#1731=EDGE_LOOP('',(#5886,#5887,#5888,#5889,#5890,#5891));
#1732=EDGE_LOOP('',(#5892,#5893,#5894,#5895));
#1733=EDGE_LOOP('',(#5896,#5897,#5898,#5899,#5900,#5901));
#1734=EDGE_LOOP('',(#5902,#5903,#5904,#5905,#5906,#5907));
#1735=EDGE_LOOP('',(#5908,#5909,#5910,#5911));
#1736=EDGE_LOOP('',(#5912,#5913,#5914,#5915,#5916,#5917));
#1737=EDGE_LOOP('',(#5918,#5919,#5920,#5921,#5922,#5923));
#1738=EDGE_LOOP('',(#5924,#5925,#5926,#5927));
#1739=EDGE_LOOP('',(#5928,#5929,#5930,#5931,#5932,#5933));
#1740=EDGE_LOOP('',(#5934,#5935,#5936,#5937,#5938,#5939));
#1741=EDGE_LOOP('',(#5940,#5941,#5942,#5943));
#1742=EDGE_LOOP('',(#5944,#5945,#5946,#5947,#5948,#5949));
#1743=EDGE_LOOP('',(#5950,#5951,#5952,#5953,#5954,#5955));
#1744=EDGE_LOOP('',(#5956,#5957,#5958,#5959));
#1745=EDGE_LOOP('',(#5960,#5961,#5962,#5963,#5964,#5965));
#1746=EDGE_LOOP('',(#5966,#5967,#5968,#5969,#5970,#5971));
#1747=EDGE_LOOP('',(#5972,#5973,#5974,#5975));
#1748=EDGE_LOOP('',(#5976,#5977,#5978,#5979,#5980,#5981));
#1749=EDGE_LOOP('',(#5982,#5983,#5984,#5985,#5986,#5987));
#1750=EDGE_LOOP('',(#5988,#5989,#5990,#5991));
#1751=EDGE_LOOP('',(#5992,#5993,#5994,#5995,#5996,#5997));
#1752=EDGE_LOOP('',(#5998,#5999,#6000,#6001));
#1753=EDGE_LOOP('',(#6002,#6003,#6004,#6005,#6006,#6007));
#1754=EDGE_LOOP('',(#6008,#6009,#6010,#6011,#6012,#6013));
#1755=EDGE_LOOP('',(#6014,#6015,#6016,#6017,#6018,#6019));
#1756=EDGE_LOOP('',(#6020,#6021,#6022,#6023,#6024,#6025));
#1757=EDGE_LOOP('',(#6026,#6027,#6028,#6029));
#1758=EDGE_LOOP('',(#6030,#6031,#6032,#6033,#6034,#6035));
#1759=EDGE_LOOP('',(#6036,#6037,#6038,#6039,#6040,#6041));
#1760=EDGE_LOOP('',(#6042,#6043,#6044,#6045));
#1761=EDGE_LOOP('',(#6046,#6047,#6048,#6049,#6050,#6051));
#1762=EDGE_LOOP('',(#6052,#6053,#6054,#6055,#6056,#6057));
#1763=EDGE_LOOP('',(#6058,#6059,#6060,#6061));
#1764=EDGE_LOOP('',(#6062,#6063,#6064,#6065,#6066,#6067));
#1765=EDGE_LOOP('',(#6068,#6069,#6070,#6071));
#1766=EDGE_LOOP('',(#6072,#6073,#6074,#6075));
#1767=EDGE_LOOP('',(#6076,#6077,#6078,#6079));
#1768=EDGE_LOOP('',(#6080,#6081,#6082,#6083));
#1769=EDGE_LOOP('',(#6084,#6085,#6086,#6087));
#1770=EDGE_LOOP('',(#6088,#6089,#6090,#6091));
#1771=EDGE_LOOP('',(#6092,#6093,#6094,#6095));
#1772=EDGE_LOOP('',(#6096,#6097,#6098,#6099));
#1773=EDGE_LOOP('',(#6100,#6101,#6102,#6103));
#1774=EDGE_LOOP('',(#6104,#6105,#6106,#6107));
#1775=EDGE_LOOP('',(#6108,#6109,#6110,#6111));
#1776=EDGE_LOOP('',(#6112,#6113,#6114,#6115));
#1777=EDGE_LOOP('',(#6116,#6117,#6118,#6119));
#1778=EDGE_LOOP('',(#6120,#6121,#6122,#6123));
#1779=EDGE_LOOP('',(#6124,#6125,#6126,#6127));
#1780=EDGE_LOOP('',(#6128,#6129,#6130,#6131));
#1781=EDGE_LOOP('',(#6132,#6133,#6134,#6135));
#1782=EDGE_LOOP('',(#6136,#6137,#6138,#6139));
#1783=EDGE_LOOP('',(#6140,#6141,#6142,#6143));
#1784=EDGE_LOOP('',(#6144,#6145,#6146,#6147));
#1785=EDGE_LOOP('',(#6148,#6149,#6150,#6151));
#1786=EDGE_LOOP('',(#6152,#6153,#6154,#6155));
#1787=EDGE_LOOP('',(#6156,#6157,#6158,#6159));
#1788=EDGE_LOOP('',(#6160,#6161,#6162,#6163));
#1789=EDGE_LOOP('',(#6164,#6165,#6166,#6167));
#1790=EDGE_LOOP('',(#6168,#6169,#6170,#6171));
#1791=EDGE_LOOP('',(#6172,#6173,#6174,#6175));
#1792=EDGE_LOOP('',(#6176,#6177,#6178,#6179));
#1793=CIRCLE('',#6625,5.);
#1794=CIRCLE('',#6627,5.);
#1795=CIRCLE('',#6629,12.);
#1796=CIRCLE('',#6631,8.77025984963196);
#1797=CIRCLE('',#6632,20.);
#1798=CIRCLE('',#6633,8.77025984963196);
#1799=CIRCLE('',#6634,0.6);
#1800=CIRCLE('',#6635,17.5);
#1801=CIRCLE('',#6636,0.6);
#1802=CIRCLE('',#6637,8.77025984963196);
#1803=CIRCLE('',#6638,20.);
#1804=CIRCLE('',#6639,8.77025984963196);
#1805=CIRCLE('',#6640,0.6);
#1806=CIRCLE('',#6641,17.5);
#1807=CIRCLE('',#6642,0.6);
#1808=CIRCLE('',#6643,8.77025984963196);
#1809=CIRCLE('',#6644,20.);
#1810=CIRCLE('',#6645,8.77025984963196);
#1811=CIRCLE('',#6646,0.6);
#1812=CIRCLE('',#6647,17.5);
#1813=CIRCLE('',#6648,0.6);
#1814=CIRCLE('',#6649,8.77025984963196);
#1815=CIRCLE('',#6650,20.);
#1816=CIRCLE('',#6651,8.77025984963196);
#1817=CIRCLE('',#6652,0.6);
#1818=CIRCLE('',#6653,17.5);
#1819=CIRCLE('',#6654,0.6);
#1820=CIRCLE('',#6655,8.77025984963195);
#1821=CIRCLE('',#6656,20.);
#1822=CIRCLE('',#6657,8.77025984963196);
#1823=CIRCLE('',#6658,0.6);
#1824=CIRCLE('',#6659,17.5);
#1825=CIRCLE('',#6660,0.6);
#1826=CIRCLE('',#6661,8.77025984963196);
#1827=CIRCLE('',#6662,20.);
#1828=CIRCLE('',#6663,8.77025984963195);
#1829=CIRCLE('',#6664,0.6);
#1830=CIRCLE('',#6665,17.5);
#1831=CIRCLE('',#6666,0.6);
#1832=CIRCLE('',#6667,8.77025984963195);
#1833=CIRCLE('',#6668,20.);
#1834=CIRCLE('',#6669,8.77025984963195);
#1835=CIRCLE('',#6670,0.6);
#1836=CIRCLE('',#6671,17.5);
#1837=CIRCLE('',#6672,0.6);
#1838=CIRCLE('',#6673,8.77025984963195);
#1839=CIRCLE('',#6674,20.);
#1840=CIRCLE('',#6675,8.77025984963196);
#1841=CIRCLE('',#6676,0.6);
#1842=CIRCLE('',#6677,17.5);
#1843=CIRCLE('',#6678,0.6);
#1844=CIRCLE('',#6679,8.77025984963195);
#1845=CIRCLE('',#6680,20.);
#1846=CIRCLE('',#6681,8.77025984963196);
#1847=CIRCLE('',#6682,0.6);
#1848=CIRCLE('',#6683,17.5);
#1849=CIRCLE('',#6684,0.6);
#1850=CIRCLE('',#6685,8.77025984963195);
#1851=CIRCLE('',#6686,20.);
#1852=CIRCLE('',#6687,8.77025984963196);
#1853=CIRCLE('',#6688,0.6);
#1854=CIRCLE('',#6689,17.5);
#1855=CIRCLE('',#6690,0.6);
#1856=CIRCLE('',#6691,8.77025984963196);
#1857=CIRCLE('',#6692,20.);
#1858=CIRCLE('',#6693,8.77025984963195);
#1859=CIRCLE('',#6694,0.6);
#1860=CIRCLE('',#6695,17.5);
#1861=CIRCLE('',#6696,0.6);
#1862=CIRCLE('',#6697,8.77025984963195);
#1863=CIRCLE('',#6698,20.);
#1864=CIRCLE('',#6699,8.77025984963196);
#1865=CIRCLE('',#6700,0.6);
#1866=CIRCLE('',#6701,17.5);
#1867=CIRCLE('',#6702,0.6);
#1868=CIRCLE('',#6703,8.77025984963196);
#1869=CIRCLE('',#6704,20.);
#1870=CIRCLE('',#6705,8.77025984963196);
#1871=CIRCLE('',#6706,0.6);
#1872=CIRCLE('',#6707,17.5);
#1873=CIRCLE('',#6708,0.6);
#1874=CIRCLE('',#6709,8.77025984963196);
#1875=CIRCLE('',#6710,20.);
#1876=CIRCLE('',#6711,8.77025984963196);
#1877=CIRCLE('',#6712,0.6);
#1878=CIRCLE('',#6713,17.5);
#1879=CIRCLE('',#6714,0.6);
#1880=CIRCLE('',#6715,8.77025984963196);
#1881=CIRCLE('',#6716,20.);
#1882=CIRCLE('',#6717,8.77025984963196);
#1883=CIRCLE('',#6718,0.6);
#1884=CIRCLE('',#6719,17.5);
#1885=CIRCLE('',#6720,0.6);
#1886=CIRCLE('',#6721,8.77025984963196);
#1887=CIRCLE('',#6722,20.);
#1888=CIRCLE('',#6723,8.77025984963195);
#1889=CIRCLE('',#6724,0.6);
#1890=CIRCLE('',#6725,17.5);
#1891=CIRCLE('',#6726,0.6);
#1892=CIRCLE('',#6727,8.77025984963195);
#1893=CIRCLE('',#6728,20.);
#1894=CIRCLE('',#6729,8.77025984963195);
#1895=CIRCLE('',#6730,0.6);
#1896=CIRCLE('',#6731,17.5);
#1897=CIRCLE('',#6732,0.6);
#1898=CIRCLE('',#6733,8.77025984963195);
#1899=CIRCLE('',#6734,20.);
#1900=CIRCLE('',#6735,8.77025984963196);
#1901=CIRCLE('',#6736,0.6);
#1902=CIRCLE('',#6737,17.5);
#1903=CIRCLE('',#6738,0.6);
#1904=CIRCLE('',#6739,8.77025984963196);
#1905=CIRCLE('',#6740,20.);
#1906=CIRCLE('',#6741,8.77025984963196);
#1907=CIRCLE('',#6742,0.6);
#1908=CIRCLE('',#6743,17.5);
#1909=CIRCLE('',#6744,0.6);
#1910=CIRCLE('',#6745,8.77025984963196);
#1911=CIRCLE('',#6746,20.);
#1912=CIRCLE('',#6747,8.77025984963195);
#1913=CIRCLE('',#6748,0.6);
#1914=CIRCLE('',#6749,17.5);
#1915=CIRCLE('',#6750,0.6);
#1916=CIRCLE('',#6752,9.);
#1917=CIRCLE('',#6753,12.5);
#1918=CIRCLE('',#6755,17.5);
#1919=CIRCLE('',#6756,17.5);
#1920=CIRCLE('',#6757,17.5);
#1921=CIRCLE('',#6758,17.5);
#1922=CIRCLE('',#6759,17.5);
#1923=CIRCLE('',#6760,17.5);
#1924=CIRCLE('',#6761,17.5);
#1925=CIRCLE('',#6762,17.5);
#1926=CIRCLE('',#6763,17.5);
#1927=CIRCLE('',#6764,17.5);
#1928=CIRCLE('',#6765,17.5);
#1929=CIRCLE('',#6766,17.5);
#1930=CIRCLE('',#6767,17.5);
#1931=CIRCLE('',#6768,17.5);
#1932=CIRCLE('',#6769,17.5);
#1933=CIRCLE('',#6770,17.5);
#1934=CIRCLE('',#6771,17.5);
#1935=CIRCLE('',#6772,17.5);
#1936=CIRCLE('',#6773,17.5);
#1937=CIRCLE('',#6774,17.5);
#1938=CIRCLE('',#6775,17.5);
#1939=CIRCLE('',#6776,17.5);
#1940=CIRCLE('',#6777,17.5);
#1941=CIRCLE('',#6778,17.5);
#1942=CIRCLE('',#6779,17.5);
#1943=CIRCLE('',#6780,17.5);
#1944=CIRCLE('',#6781,17.5);
#1945=CIRCLE('',#6782,17.5);
#1946=CIRCLE('',#6783,17.5);
#1947=CIRCLE('',#6784,17.5);
#1948=CIRCLE('',#6785,17.5);
#1949=CIRCLE('',#6786,17.5);
#1950=CIRCLE('',#6787,17.5);
#1951=CIRCLE('',#6788,17.5);
#1952=CIRCLE('',#6789,17.5);
#1953=CIRCLE('',#6790,17.5);
#1954=CIRCLE('',#6791,17.5);
#1955=CIRCLE('',#6792,17.5);
#1956=CIRCLE('',#6793,17.5);
#1957=CIRCLE('',#6794,17.5);
#1958=CIRCLE('',#6795,17.5);
#1959=CIRCLE('',#6796,12.5);
#1960=CIRCLE('',#6798,0.6);
#1961=CIRCLE('',#6799,8.77025984963196);
#1962=CIRCLE('',#6800,20.);
#1963=CIRCLE('',#6801,8.77025984963196);
#1964=CIRCLE('',#6802,0.6);
#1965=CIRCLE('',#6804,0.6);
#1966=CIRCLE('',#6805,8.77025984963196);
#1967=CIRCLE('',#6806,20.);
#1968=CIRCLE('',#6807,8.77025984963196);
#1969=CIRCLE('',#6808,0.6);
#1970=CIRCLE('',#6810,0.6);
#1971=CIRCLE('',#6811,8.77025984963196);
#1972=CIRCLE('',#6812,20.);
#1973=CIRCLE('',#6813,8.77025984963195);
#1974=CIRCLE('',#6814,0.6);
#1975=CIRCLE('',#6816,0.6);
#1976=CIRCLE('',#6817,8.77025984963196);
#1977=CIRCLE('',#6818,20.);
#1978=CIRCLE('',#6819,8.77025984963196);
#1979=CIRCLE('',#6820,0.6);
#1980=CIRCLE('',#6822,0.6);
#1981=CIRCLE('',#6823,8.77025984963195);
#1982=CIRCLE('',#6824,20.);
#1983=CIRCLE('',#6825,8.77025984963196);
#1984=CIRCLE('',#6826,0.6);
#1985=CIRCLE('',#6828,0.6);
#1986=CIRCLE('',#6829,8.77025984963195);
#1987=CIRCLE('',#6830,20.);
#1988=CIRCLE('',#6831,8.77025984963196);
#1989=CIRCLE('',#6832,0.6);
#1990=CIRCLE('',#6834,0.6);
#1991=CIRCLE('',#6835,8.77025984963196);
#1992=CIRCLE('',#6836,20.);
#1993=CIRCLE('',#6837,8.77025984963195);
#1994=CIRCLE('',#6838,0.6);
#1995=CIRCLE('',#6840,0.6);
#1996=CIRCLE('',#6841,8.77025984963195);
#1997=CIRCLE('',#6842,20.);
#1998=CIRCLE('',#6843,8.77025984963195);
#1999=CIRCLE('',#6844,0.6);
#2000=CIRCLE('',#6846,0.6);
#2001=CIRCLE('',#6847,8.77025984963196);
#2002=CIRCLE('',#6848,20.);
#2003=CIRCLE('',#6849,8.77025984963195);
#2004=CIRCLE('',#6850,0.6);
#2005=CIRCLE('',#6852,0.6);
#2006=CIRCLE('',#6853,8.77025984963196);
#2007=CIRCLE('',#6854,20.);
#2008=CIRCLE('',#6855,8.77025984963195);
#2009=CIRCLE('',#6856,0.6);
#2010=CIRCLE('',#6858,0.6);
#2011=CIRCLE('',#6859,8.77025984963196);
#2012=CIRCLE('',#6860,20.);
#2013=CIRCLE('',#6861,8.77025984963195);
#2014=CIRCLE('',#6862,0.6);
#2015=CIRCLE('',#6864,0.6);
#2016=CIRCLE('',#6865,8.77025984963196);
#2017=CIRCLE('',#6866,20.);
#2018=CIRCLE('',#6867,8.77025984963196);
#2019=CIRCLE('',#6868,0.6);
#2020=CIRCLE('',#6870,0.6);
#2021=CIRCLE('',#6871,8.77025984963195);
#2022=CIRCLE('',#6872,20.);
#2023=CIRCLE('',#6873,8.77025984963195);
#2024=CIRCLE('',#6874,0.6);
#2025=CIRCLE('',#6876,0.6);
#2026=CIRCLE('',#6877,8.77025984963195);
#2027=CIRCLE('',#6878,20.);
#2028=CIRCLE('',#6879,8.77025984963196);
#2029=CIRCLE('',#6880,0.6);
#2030=CIRCLE('',#6882,0.6);
#2031=CIRCLE('',#6883,8.77025984963195);
#2032=CIRCLE('',#6884,20.);
#2033=CIRCLE('',#6885,8.77025984963196);
#2034=CIRCLE('',#6886,0.6);
#2035=CIRCLE('',#6888,0.6);
#2036=CIRCLE('',#6889,8.77025984963196);
#2037=CIRCLE('',#6890,20.);
#2038=CIRCLE('',#6891,8.77025984963196);
#2039=CIRCLE('',#6892,0.6);
#2040=CIRCLE('',#6894,0.6);
#2041=CIRCLE('',#6895,8.77025984963196);
#2042=CIRCLE('',#6896,20.);
#2043=CIRCLE('',#6897,8.77025984963195);
#2044=CIRCLE('',#6898,0.6);
#2045=CIRCLE('',#6900,0.6);
#2046=CIRCLE('',#6901,8.77025984963196);
#2047=CIRCLE('',#6902,20.);
#2048=CIRCLE('',#6903,8.77025984963196);
#2049=CIRCLE('',#6904,0.6);
#2050=CIRCLE('',#6906,0.6);
#2051=CIRCLE('',#6907,8.77025984963196);
#2052=CIRCLE('',#6908,20.);
#2053=CIRCLE('',#6909,8.77025984963196);
#2054=CIRCLE('',#6910,0.6);
#2055=CIRCLE('',#6918,0.6);
#2056=CIRCLE('',#6927,0.6);
#2057=CIRCLE('',#6928,8.77025984963196);
#2058=CIRCLE('',#6929,20.);
#2059=CIRCLE('',#6930,8.77025984963196);
#2060=CIRCLE('',#6932,22.);
#2061=CIRCLE('',#6933,22.);
#2062=CIRCLE('',#6935,22.);
#2063=CIRCLE('',#6936,22.);
#2064=CIRCLE('',#6938,22.);
#2065=CIRCLE('',#6939,22.);
#2066=CIRCLE('',#6941,22.);
#2067=CIRCLE('',#6942,22.);
#2068=CIRCLE('',#6944,22.);
#2069=CIRCLE('',#6945,22.);
#2070=CIRCLE('',#6947,22.);
#2071=CIRCLE('',#6948,22.);
#2072=CIRCLE('',#6950,22.);
#2073=CIRCLE('',#6951,22.);
#2074=CIRCLE('',#6953,22.);
#2075=CIRCLE('',#6954,22.);
#2076=CIRCLE('',#6956,22.);
#2077=CIRCLE('',#6957,22.);
#2078=CIRCLE('',#6959,22.);
#2079=CIRCLE('',#6960,22.);
#2080=CIRCLE('',#6962,22.);
#2081=CIRCLE('',#6963,22.);
#2082=CIRCLE('',#6965,22.);
#2083=CIRCLE('',#6966,22.);
#2084=CIRCLE('',#6968,22.);
#2085=CIRCLE('',#6969,22.);
#2086=CIRCLE('',#6971,22.);
#2087=CIRCLE('',#6972,22.);
#2088=CIRCLE('',#6974,22.);
#2089=CIRCLE('',#6975,22.);
#2090=CIRCLE('',#6977,22.);
#2091=CIRCLE('',#6978,22.);
#2092=CIRCLE('',#6980,22.);
#2093=CIRCLE('',#6981,22.);
#2094=CIRCLE('',#6983,22.);
#2095=CIRCLE('',#6984,22.);
#2096=CIRCLE('',#6986,22.);
#2097=CIRCLE('',#6987,22.);
#2098=CIRCLE('',#7027,22.);
#2099=CIRCLE('',#7028,22.);
#2100=CIRCLE('',#7119,9.);
#2101=CIRCLE('',#7120,12.5);
#2102=CIRCLE('',#7123,17.5);
#2103=CIRCLE('',#7124,12.5);
#2104=CIRCLE('',#7125,17.5);
#2105=CIRCLE('',#7126,17.5);
#2106=CIRCLE('',#7127,17.5);
#2107=CIRCLE('',#7128,17.5);
#2108=CIRCLE('',#7129,17.5);
#2109=CIRCLE('',#7130,17.5);
#2110=CIRCLE('',#7131,17.5);
#2111=CIRCLE('',#7132,17.5);
#2112=CIRCLE('',#7133,17.5);
#2113=CIRCLE('',#7134,17.5);
#2114=CIRCLE('',#7135,17.5);
#2115=CIRCLE('',#7136,17.5);
#2116=CIRCLE('',#7137,17.5);
#2117=CIRCLE('',#7138,17.5);
#2118=CIRCLE('',#7139,17.5);
#2119=CIRCLE('',#7140,17.5);
#2120=CIRCLE('',#7141,17.5);
#2121=CIRCLE('',#7142,17.5);
#2122=CIRCLE('',#7143,17.5);
#2123=CIRCLE('',#7144,17.5);
#2124=CIRCLE('',#7145,17.5);
#2125=CIRCLE('',#7146,17.5);
#2126=CIRCLE('',#7147,17.5);
#2127=CIRCLE('',#7148,17.5);
#2128=CIRCLE('',#7149,17.5);
#2129=CIRCLE('',#7150,17.5);
#2130=CIRCLE('',#7151,17.5);
#2131=CIRCLE('',#7152,17.5);
#2132=CIRCLE('',#7153,17.5);
#2133=CIRCLE('',#7154,17.5);
#2134=CIRCLE('',#7155,17.5);
#2135=CIRCLE('',#7156,17.5);
#2136=CIRCLE('',#7157,17.5);
#2137=CIRCLE('',#7158,17.5);
#2138=CIRCLE('',#7159,17.5);
#2139=CIRCLE('',#7160,17.5);
#2140=CIRCLE('',#7161,17.5);
#2141=CIRCLE('',#7162,17.5);
#2142=CIRCLE('',#7163,17.5);
#2143=CIRCLE('',#7164,17.5);
#2144=CIRCLE('',#7166,0.6);
#2145=CIRCLE('',#7167,8.77025984963196);
#2146=CIRCLE('',#7168,20.);
#2147=CIRCLE('',#7169,8.77025984963196);
#2148=CIRCLE('',#7170,0.6);
#2149=CIRCLE('',#7172,0.6);
#2150=CIRCLE('',#7173,8.77025984963196);
#2151=CIRCLE('',#7174,20.);
#2152=CIRCLE('',#7175,8.77025984963196);
#2153=CIRCLE('',#7176,0.6);
#2154=CIRCLE('',#7178,0.6);
#2155=CIRCLE('',#7179,8.77025984963195);
#2156=CIRCLE('',#7180,20.);
#2157=CIRCLE('',#7181,8.77025984963196);
#2158=CIRCLE('',#7182,0.6);
#2159=CIRCLE('',#7184,0.6);
#2160=CIRCLE('',#7185,8.77025984963196);
#2161=CIRCLE('',#7186,20.);
#2162=CIRCLE('',#7187,8.77025984963196);
#2163=CIRCLE('',#7188,0.6);
#2164=CIRCLE('',#7190,0.6);
#2165=CIRCLE('',#7191,8.77025984963196);
#2166=CIRCLE('',#7192,20.);
#2167=CIRCLE('',#7193,8.77025984963195);
#2168=CIRCLE('',#7194,0.6);
#2169=CIRCLE('',#7196,0.6);
#2170=CIRCLE('',#7197,8.77025984963196);
#2171=CIRCLE('',#7198,20.);
#2172=CIRCLE('',#7199,8.77025984963195);
#2173=CIRCLE('',#7200,0.6);
#2174=CIRCLE('',#7202,0.6);
#2175=CIRCLE('',#7203,8.77025984963195);
#2176=CIRCLE('',#7204,20.);
#2177=CIRCLE('',#7205,8.77025984963196);
#2178=CIRCLE('',#7206,0.6);
#2179=CIRCLE('',#7208,0.6);
#2180=CIRCLE('',#7209,8.77025984963195);
#2181=CIRCLE('',#7210,20.);
#2182=CIRCLE('',#7211,8.77025984963195);
#2183=CIRCLE('',#7212,0.6);
#2184=CIRCLE('',#7214,0.6);
#2185=CIRCLE('',#7215,8.77025984963195);
#2186=CIRCLE('',#7216,20.);
#2187=CIRCLE('',#7217,8.77025984963196);
#2188=CIRCLE('',#7218,0.6);
#2189=CIRCLE('',#7220,0.6);
#2190=CIRCLE('',#7221,8.77025984963195);
#2191=CIRCLE('',#7222,20.);
#2192=CIRCLE('',#7223,8.77025984963196);
#2193=CIRCLE('',#7224,0.6);
#2194=CIRCLE('',#7226,0.6);
#2195=CIRCLE('',#7227,8.77025984963195);
#2196=CIRCLE('',#7228,20.);
#2197=CIRCLE('',#7229,8.77025984963196);
#2198=CIRCLE('',#7230,0.6);
#2199=CIRCLE('',#7232,0.6);
#2200=CIRCLE('',#7233,8.77025984963196);
#2201=CIRCLE('',#7234,20.);
#2202=CIRCLE('',#7235,8.77025984963196);
#2203=CIRCLE('',#7236,0.6);
#2204=CIRCLE('',#7238,0.6);
#2205=CIRCLE('',#7239,8.77025984963195);
#2206=CIRCLE('',#7240,20.);
#2207=CIRCLE('',#7241,8.77025984963195);
#2208=CIRCLE('',#7242,0.6);
#2209=CIRCLE('',#7244,0.6);
#2210=CIRCLE('',#7245,8.77025984963196);
#2211=CIRCLE('',#7246,20.);
#2212=CIRCLE('',#7247,8.77025984963195);
#2213=CIRCLE('',#7248,0.6);
#2214=CIRCLE('',#7250,0.6);
#2215=CIRCLE('',#7251,8.77025984963196);
#2216=CIRCLE('',#7252,20.);
#2217=CIRCLE('',#7253,8.77025984963195);
#2218=CIRCLE('',#7254,0.6);
#2219=CIRCLE('',#7256,0.6);
#2220=CIRCLE('',#7257,8.77025984963196);
#2221=CIRCLE('',#7258,20.);
#2222=CIRCLE('',#7259,8.77025984963196);
#2223=CIRCLE('',#7260,0.6);
#2224=CIRCLE('',#7262,0.6);
#2225=CIRCLE('',#7263,8.77025984963195);
#2226=CIRCLE('',#7264,20.);
#2227=CIRCLE('',#7265,8.77025984963196);
#2228=CIRCLE('',#7266,0.6);
#2229=CIRCLE('',#7268,0.6);
#2230=CIRCLE('',#7269,8.77025984963196);
#2231=CIRCLE('',#7270,20.);
#2232=CIRCLE('',#7271,8.77025984963196);
#2233=CIRCLE('',#7272,0.6);
#2234=CIRCLE('',#7274,0.6);
#2235=CIRCLE('',#7275,8.77025984963196);
#2236=CIRCLE('',#7276,20.);
#2237=CIRCLE('',#7277,8.77025984963196);
#2238=CIRCLE('',#7278,0.6);
#2239=CIRCLE('',#7281,1.5);
#2240=CIRCLE('',#7282,1.5);
#2241=CIRCLE('',#7285,1.5);
#2242=CIRCLE('',#7286,1.5);
#2243=CIRCLE('',#7289,1.5);
#2244=CIRCLE('',#7290,1.5);
#2245=CIRCLE('',#7293,1.5);
#2246=CIRCLE('',#7294,1.5);
#2247=CIRCLE('',#7297,7.5);
#2248=CIRCLE('',#7298,7.5);
#2249=CIRCLE('',#7301,0.6);
#2250=CIRCLE('',#7303,0.6);
#2251=CIRCLE('',#7305,0.6);
#2252=CIRCLE('',#7307,0.6);
#2253=CIRCLE('',#7309,0.6);
#2254=CIRCLE('',#7311,0.6);
#2255=CIRCLE('',#7312,0.6);
#2256=CIRCLE('',#7314,0.6);
#2257=CIRCLE('',#7316,0.6);
#2258=CIRCLE('',#7318,0.6);
#2259=CIRCLE('',#7320,0.6);
#2260=CIRCLE('',#7322,17.5);
#2261=CIRCLE('',#7324,8.77025984963195);
#2262=CIRCLE('',#7326,8.77025984963196);
#2263=CIRCLE('',#7328,8.77025984963196);
#2264=CIRCLE('',#7329,0.6);
#2265=CIRCLE('',#7330,17.5);
#2266=CIRCLE('',#7331,8.77025984963195);
#2267=CIRCLE('',#7332,20.);
#2268=CIRCLE('',#7333,8.77025984963196);
#2269=CIRCLE('',#7334,0.6);
#2270=CIRCLE('',#7335,17.5);
#2271=CIRCLE('',#7336,8.77025984963196);
#2272=CIRCLE('',#7337,20.);
#2273=CIRCLE('',#7338,8.77025984963196);
#2274=CIRCLE('',#7339,0.6);
#2275=CIRCLE('',#7340,17.5);
#2276=CIRCLE('',#7341,20.);
#2277=CIRCLE('',#7342,8.77025984963195);
#2278=CIRCLE('',#7343,0.6);
#2279=CIRCLE('',#7344,17.5);
#2280=CIRCLE('',#7345,0.6);
#2281=CIRCLE('',#7346,8.77025984963195);
#2282=CIRCLE('',#7347,20.);
#2283=CIRCLE('',#7348,8.77025984963195);
#2284=CIRCLE('',#7349,0.6);
#2285=CIRCLE('',#7350,17.5);
#2286=CIRCLE('',#7351,0.6);
#2287=CIRCLE('',#7352,8.77025984963195);
#2288=CIRCLE('',#7353,20.);
#2289=CIRCLE('',#7354,8.77025984963196);
#2290=CIRCLE('',#7355,0.6);
#2291=CIRCLE('',#7356,17.5);
#2292=CIRCLE('',#7357,0.6);
#2293=CIRCLE('',#7358,8.77025984963196);
#2294=CIRCLE('',#7359,20.);
#2295=CIRCLE('',#7360,8.77025984963196);
#2296=CIRCLE('',#7361,0.6);
#2297=CIRCLE('',#7362,17.5);
#2298=CIRCLE('',#7363,0.6);
#2299=CIRCLE('',#7364,8.77025984963196);
#2300=CIRCLE('',#7365,20.);
#2301=CIRCLE('',#7366,8.77025984963196);
#2302=CIRCLE('',#7367,0.6);
#2303=CIRCLE('',#7368,17.5);
#2304=CIRCLE('',#7369,0.6);
#2305=CIRCLE('',#7370,8.77025984963196);
#2306=CIRCLE('',#7371,20.);
#2307=CIRCLE('',#7372,8.77025984963196);
#2308=CIRCLE('',#7373,0.6);
#2309=CIRCLE('',#7374,17.5);
#2310=CIRCLE('',#7375,0.6);
#2311=CIRCLE('',#7376,8.77025984963196);
#2312=CIRCLE('',#7377,20.);
#2313=CIRCLE('',#7378,8.77025984963195);
#2314=CIRCLE('',#7379,0.6);
#2315=CIRCLE('',#7380,17.5);
#2316=CIRCLE('',#7381,0.6);
#2317=CIRCLE('',#7382,8.77025984963195);
#2318=CIRCLE('',#7383,20.);
#2319=CIRCLE('',#7384,8.77025984963196);
#2320=CIRCLE('',#7385,0.6);
#2321=CIRCLE('',#7386,17.5);
#2322=CIRCLE('',#7387,0.6);
#2323=CIRCLE('',#7388,8.77025984963196);
#2324=CIRCLE('',#7389,20.);
#2325=CIRCLE('',#7390,8.77025984963195);
#2326=CIRCLE('',#7391,0.6);
#2327=CIRCLE('',#7392,17.5);
#2328=CIRCLE('',#7393,0.6);
#2329=CIRCLE('',#7394,8.77025984963196);
#2330=CIRCLE('',#7395,20.);
#2331=CIRCLE('',#7396,8.77025984963195);
#2332=CIRCLE('',#7397,0.6);
#2333=CIRCLE('',#7398,17.5);
#2334=CIRCLE('',#7399,0.6);
#2335=CIRCLE('',#7400,8.77025984963196);
#2336=CIRCLE('',#7401,20.);
#2337=CIRCLE('',#7402,8.77025984963195);
#2338=CIRCLE('',#7403,0.6);
#2339=CIRCLE('',#7404,17.5);
#2340=CIRCLE('',#7405,0.6);
#2341=CIRCLE('',#7406,8.77025984963195);
#2342=CIRCLE('',#7407,20.);
#2343=CIRCLE('',#7408,17.5);
#2344=CIRCLE('',#7409,0.6);
#2345=CIRCLE('',#7410,8.77025984963195);
#2346=CIRCLE('',#7411,20.);
#2347=CIRCLE('',#7412,8.77025984963196);
#2348=CIRCLE('',#7413,17.5);
#2349=CIRCLE('',#7414,0.6);
#2350=CIRCLE('',#7415,8.77025984963196);
#2351=CIRCLE('',#7416,20.);
#2352=CIRCLE('',#7417,8.77025984963195);
#2353=CIRCLE('',#7418,17.5);
#2354=CIRCLE('',#7419,0.6);
#2355=CIRCLE('',#7420,8.77025984963196);
#2356=CIRCLE('',#7421,20.);
#2357=CIRCLE('',#7422,8.77025984963196);
#2358=CIRCLE('',#7423,17.5);
#2359=CIRCLE('',#7424,0.6);
#2360=CIRCLE('',#7425,8.77025984963196);
#2361=CIRCLE('',#7426,20.);
#2362=CIRCLE('',#7427,8.77025984963196);
#2363=CIRCLE('',#7428,8.77025984963196);
#2364=CIRCLE('',#7429,20.);
#2365=CIRCLE('',#7430,8.77025984963196);
#2366=CIRCLE('',#7431,0.6);
#2367=CIRCLE('',#7432,17.5);
#2368=CIRCLE('',#7433,8.77025984963196);
#2369=CIRCLE('',#7434,20.);
#2370=CIRCLE('',#7436,8.77025984963196);
#2371=CIRCLE('',#7437,20.);
#2372=CIRCLE('',#7438,8.77025984963196);
#2373=CIRCLE('',#7439,0.6);
#2374=CIRCLE('',#7441,22.);
#2375=CIRCLE('',#7442,22.);
#2376=CIRCLE('',#7444,22.);
#2377=CIRCLE('',#7445,22.);
#2378=CIRCLE('',#7447,22.);
#2379=CIRCLE('',#7448,22.);
#2380=CIRCLE('',#7450,22.);
#2381=CIRCLE('',#7451,22.);
#2382=CIRCLE('',#7453,22.);
#2383=CIRCLE('',#7454,22.);
#2384=CIRCLE('',#7456,22.);
#2385=CIRCLE('',#7457,22.);
#2386=CIRCLE('',#7459,22.);
#2387=CIRCLE('',#7460,22.);
#2388=CIRCLE('',#7462,22.);
#2389=CIRCLE('',#7463,22.);
#2390=CIRCLE('',#7465,22.);
#2391=CIRCLE('',#7466,22.);
#2392=CIRCLE('',#7468,22.);
#2393=CIRCLE('',#7469,22.);
#2394=CIRCLE('',#7471,22.);
#2395=CIRCLE('',#7472,22.);
#2396=CIRCLE('',#7474,22.);
#2397=CIRCLE('',#7475,22.);
#2398=CIRCLE('',#7477,22.);
#2399=CIRCLE('',#7478,22.);
#2400=CIRCLE('',#7480,22.);
#2401=CIRCLE('',#7481,22.);
#2402=CIRCLE('',#7483,22.);
#2403=CIRCLE('',#7484,22.);
#2404=CIRCLE('',#7486,22.);
#2405=CIRCLE('',#7487,22.);
#2406=CIRCLE('',#7489,22.);
#2407=CIRCLE('',#7490,22.);
#2408=CIRCLE('',#7492,22.);
#2409=CIRCLE('',#7493,22.);
#2410=CIRCLE('',#7495,22.);
#2411=CIRCLE('',#7496,22.);
#2412=CIRCLE('',#7536,22.);
#2413=CIRCLE('',#7537,22.);
#2414=VERTEX_POINT('',#9891);
#2415=VERTEX_POINT('',#9894);
#2416=VERTEX_POINT('',#9898);
#2417=VERTEX_POINT('',#9902);
#2418=VERTEX_POINT('',#9903);
#2419=VERTEX_POINT('',#9905);
#2420=VERTEX_POINT('',#9907);
#2421=VERTEX_POINT('',#9909);
#2422=VERTEX_POINT('',#9911);
#2423=VERTEX_POINT('',#9913);
#2424=VERTEX_POINT('',#9915);
#2425=VERTEX_POINT('',#9917);
#2426=VERTEX_POINT('',#9919);
#2427=VERTEX_POINT('',#9921);
#2428=VERTEX_POINT('',#9923);
#2429=VERTEX_POINT('',#9925);
#2430=VERTEX_POINT('',#9927);
#2431=VERTEX_POINT('',#9929);
#2432=VERTEX_POINT('',#9931);
#2433=VERTEX_POINT('',#9933);
#2434=VERTEX_POINT('',#9935);
#2435=VERTEX_POINT('',#9937);
#2436=VERTEX_POINT('',#9939);
#2437=VERTEX_POINT('',#9941);
#2438=VERTEX_POINT('',#9943);
#2439=VERTEX_POINT('',#9945);
#2440=VERTEX_POINT('',#9947);
#2441=VERTEX_POINT('',#9949);
#2442=VERTEX_POINT('',#9951);
#2443=VERTEX_POINT('',#9953);
#2444=VERTEX_POINT('',#9955);
#2445=VERTEX_POINT('',#9957);
#2446=VERTEX_POINT('',#9959);
#2447=VERTEX_POINT('',#9961);
#2448=VERTEX_POINT('',#9963);
#2449=VERTEX_POINT('',#9965);
#2450=VERTEX_POINT('',#9967);
#2451=VERTEX_POINT('',#9969);
#2452=VERTEX_POINT('',#9971);
#2453=VERTEX_POINT('',#9973);
#2454=VERTEX_POINT('',#9975);
#2455=VERTEX_POINT('',#9977);
#2456=VERTEX_POINT('',#9979);
#2457=VERTEX_POINT('',#9981);
#2458=VERTEX_POINT('',#9983);
#2459=VERTEX_POINT('',#9985);
#2460=VERTEX_POINT('',#9987);
#2461=VERTEX_POINT('',#9989);
#2462=VERTEX_POINT('',#9991);
#2463=VERTEX_POINT('',#9993);
#2464=VERTEX_POINT('',#9995);
#2465=VERTEX_POINT('',#9997);
#2466=VERTEX_POINT('',#9999);
#2467=VERTEX_POINT('',#10001);
#2468=VERTEX_POINT('',#10003);
#2469=VERTEX_POINT('',#10005);
#2470=VERTEX_POINT('',#10007);
#2471=VERTEX_POINT('',#10009);
#2472=VERTEX_POINT('',#10011);
#2473=VERTEX_POINT('',#10013);
#2474=VERTEX_POINT('',#10015);
#2475=VERTEX_POINT('',#10017);
#2476=VERTEX_POINT('',#10019);
#2477=VERTEX_POINT('',#10021);
#2478=VERTEX_POINT('',#10023);
#2479=VERTEX_POINT('',#10025);
#2480=VERTEX_POINT('',#10027);
#2481=VERTEX_POINT('',#10029);
#2482=VERTEX_POINT('',#10031);
#2483=VERTEX_POINT('',#10033);
#2484=VERTEX_POINT('',#10035);
#2485=VERTEX_POINT('',#10037);
#2486=VERTEX_POINT('',#10039);
#2487=VERTEX_POINT('',#10041);
#2488=VERTEX_POINT('',#10043);
#2489=VERTEX_POINT('',#10045);
#2490=VERTEX_POINT('',#10047);
#2491=VERTEX_POINT('',#10049);
#2492=VERTEX_POINT('',#10051);
#2493=VERTEX_POINT('',#10053);
#2494=VERTEX_POINT('',#10055);
#2495=VERTEX_POINT('',#10057);
#2496=VERTEX_POINT('',#10059);
#2497=VERTEX_POINT('',#10061);
#2498=VERTEX_POINT('',#10063);
#2499=VERTEX_POINT('',#10065);
#2500=VERTEX_POINT('',#10067);
#2501=VERTEX_POINT('',#10069);
#2502=VERTEX_POINT('',#10071);
#2503=VERTEX_POINT('',#10073);
#2504=VERTEX_POINT('',#10075);
#2505=VERTEX_POINT('',#10077);
#2506=VERTEX_POINT('',#10079);
#2507=VERTEX_POINT('',#10081);
#2508=VERTEX_POINT('',#10083);
#2509=VERTEX_POINT('',#10085);
#2510=VERTEX_POINT('',#10087);
#2511=VERTEX_POINT('',#10089);
#2512=VERTEX_POINT('',#10091);
#2513=VERTEX_POINT('',#10093);
#2514=VERTEX_POINT('',#10095);
#2515=VERTEX_POINT('',#10097);
#2516=VERTEX_POINT('',#10099);
#2517=VERTEX_POINT('',#10101);
#2518=VERTEX_POINT('',#10103);
#2519=VERTEX_POINT('',#10105);
#2520=VERTEX_POINT('',#10107);
#2521=VERTEX_POINT('',#10109);
#2522=VERTEX_POINT('',#10111);
#2523=VERTEX_POINT('',#10113);
#2524=VERTEX_POINT('',#10115);
#2525=VERTEX_POINT('',#10117);
#2526=VERTEX_POINT('',#10119);
#2527=VERTEX_POINT('',#10121);
#2528=VERTEX_POINT('',#10123);
#2529=VERTEX_POINT('',#10125);
#2530=VERTEX_POINT('',#10127);
#2531=VERTEX_POINT('',#10129);
#2532=VERTEX_POINT('',#10131);
#2533=VERTEX_POINT('',#10133);
#2534=VERTEX_POINT('',#10135);
#2535=VERTEX_POINT('',#10137);
#2536=VERTEX_POINT('',#10139);
#2537=VERTEX_POINT('',#10143);
#2538=VERTEX_POINT('',#10145);
#2539=VERTEX_POINT('',#10149);
#2540=VERTEX_POINT('',#10150);
#2541=VERTEX_POINT('',#10152);
#2542=VERTEX_POINT('',#10154);
#2543=VERTEX_POINT('',#10156);
#2544=VERTEX_POINT('',#10158);
#2545=VERTEX_POINT('',#10160);
#2546=VERTEX_POINT('',#10162);
#2547=VERTEX_POINT('',#10164);
#2548=VERTEX_POINT('',#10166);
#2549=VERTEX_POINT('',#10168);
#2550=VERTEX_POINT('',#10170);
#2551=VERTEX_POINT('',#10172);
#2552=VERTEX_POINT('',#10174);
#2553=VERTEX_POINT('',#10176);
#2554=VERTEX_POINT('',#10178);
#2555=VERTEX_POINT('',#10180);
#2556=VERTEX_POINT('',#10182);
#2557=VERTEX_POINT('',#10184);
#2558=VERTEX_POINT('',#10186);
#2559=VERTEX_POINT('',#10188);
#2560=VERTEX_POINT('',#10190);
#2561=VERTEX_POINT('',#10192);
#2562=VERTEX_POINT('',#10194);
#2563=VERTEX_POINT('',#10196);
#2564=VERTEX_POINT('',#10198);
#2565=VERTEX_POINT('',#10200);
#2566=VERTEX_POINT('',#10202);
#2567=VERTEX_POINT('',#10204);
#2568=VERTEX_POINT('',#10206);
#2569=VERTEX_POINT('',#10208);
#2570=VERTEX_POINT('',#10210);
#2571=VERTEX_POINT('',#10212);
#2572=VERTEX_POINT('',#10214);
#2573=VERTEX_POINT('',#10216);
#2574=VERTEX_POINT('',#10218);
#2575=VERTEX_POINT('',#10220);
#2576=VERTEX_POINT('',#10222);
#2577=VERTEX_POINT('',#10224);
#2578=VERTEX_POINT('',#10226);
#2579=VERTEX_POINT('',#10228);
#2580=VERTEX_POINT('',#10231);
#2581=VERTEX_POINT('',#10235);
#2582=VERTEX_POINT('',#10237);
#2583=VERTEX_POINT('',#10239);
#2584=VERTEX_POINT('',#10241);
#2585=VERTEX_POINT('',#10245);
#2586=VERTEX_POINT('',#10247);
#2587=VERTEX_POINT('',#10249);
#2588=VERTEX_POINT('',#10251);
#2589=VERTEX_POINT('',#10255);
#2590=VERTEX_POINT('',#10257);
#2591=VERTEX_POINT('',#10259);
#2592=VERTEX_POINT('',#10261);
#2593=VERTEX_POINT('',#10265);
#2594=VERTEX_POINT('',#10267);
#2595=VERTEX_POINT('',#10269);
#2596=VERTEX_POINT('',#10271);
#2597=VERTEX_POINT('',#10275);
#2598=VERTEX_POINT('',#10277);
#2599=VERTEX_POINT('',#10279);
#2600=VERTEX_POINT('',#10281);
#2601=VERTEX_POINT('',#10285);
#2602=VERTEX_POINT('',#10287);
#2603=VERTEX_POINT('',#10289);
#2604=VERTEX_POINT('',#10291);
#2605=VERTEX_POINT('',#10295);
#2606=VERTEX_POINT('',#10297);
#2607=VERTEX_POINT('',#10299);
#2608=VERTEX_POINT('',#10301);
#2609=VERTEX_POINT('',#10305);
#2610=VERTEX_POINT('',#10307);
#2611=VERTEX_POINT('',#10309);
#2612=VERTEX_POINT('',#10311);
#2613=VERTEX_POINT('',#10315);
#2614=VERTEX_POINT('',#10317);
#2615=VERTEX_POINT('',#10319);
#2616=VERTEX_POINT('',#10321);
#2617=VERTEX_POINT('',#10325);
#2618=VERTEX_POINT('',#10327);
#2619=VERTEX_POINT('',#10329);
#2620=VERTEX_POINT('',#10331);
#2621=VERTEX_POINT('',#10335);
#2622=VERTEX_POINT('',#10337);
#2623=VERTEX_POINT('',#10339);
#2624=VERTEX_POINT('',#10341);
#2625=VERTEX_POINT('',#10345);
#2626=VERTEX_POINT('',#10347);
#2627=VERTEX_POINT('',#10349);
#2628=VERTEX_POINT('',#10351);
#2629=VERTEX_POINT('',#10355);
#2630=VERTEX_POINT('',#10357);
#2631=VERTEX_POINT('',#10359);
#2632=VERTEX_POINT('',#10361);
#2633=VERTEX_POINT('',#10365);
#2634=VERTEX_POINT('',#10367);
#2635=VERTEX_POINT('',#10369);
#2636=VERTEX_POINT('',#10371);
#2637=VERTEX_POINT('',#10375);
#2638=VERTEX_POINT('',#10377);
#2639=VERTEX_POINT('',#10379);
#2640=VERTEX_POINT('',#10381);
#2641=VERTEX_POINT('',#10385);
#2642=VERTEX_POINT('',#10387);
#2643=VERTEX_POINT('',#10389);
#2644=VERTEX_POINT('',#10391);
#2645=VERTEX_POINT('',#10395);
#2646=VERTEX_POINT('',#10397);
#2647=VERTEX_POINT('',#10399);
#2648=VERTEX_POINT('',#10401);
#2649=VERTEX_POINT('',#10405);
#2650=VERTEX_POINT('',#10407);
#2651=VERTEX_POINT('',#10409);
#2652=VERTEX_POINT('',#10411);
#2653=VERTEX_POINT('',#10415);
#2654=VERTEX_POINT('',#10417);
#2655=VERTEX_POINT('',#10419);
#2656=VERTEX_POINT('',#10421);
#2657=VERTEX_POINT('',#10443);
#2658=VERTEX_POINT('',#10460);
#2659=VERTEX_POINT('',#10467);
#2660=VERTEX_POINT('',#10476);
#2661=VERTEX_POINT('',#10483);
#2662=VERTEX_POINT('',#10492);
#2663=VERTEX_POINT('',#10494);
#2664=VERTEX_POINT('',#10496);
#2665=VERTEX_POINT('',#10500);
#2666=VERTEX_POINT('',#10501);
#2667=VERTEX_POINT('',#10503);
#2668=VERTEX_POINT('',#10505);
#2669=VERTEX_POINT('',#10509);
#2670=VERTEX_POINT('',#10510);
#2671=VERTEX_POINT('',#10512);
#2672=VERTEX_POINT('',#10514);
#2673=VERTEX_POINT('',#10518);
#2674=VERTEX_POINT('',#10519);
#2675=VERTEX_POINT('',#10521);
#2676=VERTEX_POINT('',#10523);
#2677=VERTEX_POINT('',#10527);
#2678=VERTEX_POINT('',#10528);
#2679=VERTEX_POINT('',#10530);
#2680=VERTEX_POINT('',#10532);
#2681=VERTEX_POINT('',#10536);
#2682=VERTEX_POINT('',#10538);
#2683=VERTEX_POINT('',#10542);
#2684=VERTEX_POINT('',#10543);
#2685=VERTEX_POINT('',#10545);
#2686=VERTEX_POINT('',#10547);
#2687=VERTEX_POINT('',#10551);
#2688=VERTEX_POINT('',#10552);
#2689=VERTEX_POINT('',#10554);
#2690=VERTEX_POINT('',#10556);
#2691=VERTEX_POINT('',#10560);
#2692=VERTEX_POINT('',#10561);
#2693=VERTEX_POINT('',#10563);
#2694=VERTEX_POINT('',#10565);
#2695=VERTEX_POINT('',#10569);
#2696=VERTEX_POINT('',#10570);
#2697=VERTEX_POINT('',#10572);
#2698=VERTEX_POINT('',#10574);
#2699=VERTEX_POINT('',#10578);
#2700=VERTEX_POINT('',#10579);
#2701=VERTEX_POINT('',#10581);
#2702=VERTEX_POINT('',#10583);
#2703=VERTEX_POINT('',#10587);
#2704=VERTEX_POINT('',#10588);
#2705=VERTEX_POINT('',#10590);
#2706=VERTEX_POINT('',#10592);
#2707=VERTEX_POINT('',#10596);
#2708=VERTEX_POINT('',#10597);
#2709=VERTEX_POINT('',#10599);
#2710=VERTEX_POINT('',#10601);
#2711=VERTEX_POINT('',#10605);
#2712=VERTEX_POINT('',#10606);
#2713=VERTEX_POINT('',#10608);
#2714=VERTEX_POINT('',#10610);
#2715=VERTEX_POINT('',#10614);
#2716=VERTEX_POINT('',#10615);
#2717=VERTEX_POINT('',#10617);
#2718=VERTEX_POINT('',#10619);
#2719=VERTEX_POINT('',#10623);
#2720=VERTEX_POINT('',#10624);
#2721=VERTEX_POINT('',#10626);
#2722=VERTEX_POINT('',#10628);
#2723=VERTEX_POINT('',#10632);
#2724=VERTEX_POINT('',#10633);
#2725=VERTEX_POINT('',#10635);
#2726=VERTEX_POINT('',#10637);
#2727=VERTEX_POINT('',#10641);
#2728=VERTEX_POINT('',#10642);
#2729=VERTEX_POINT('',#10644);
#2730=VERTEX_POINT('',#10646);
#2731=VERTEX_POINT('',#10650);
#2732=VERTEX_POINT('',#10651);
#2733=VERTEX_POINT('',#10653);
#2734=VERTEX_POINT('',#10655);
#2735=VERTEX_POINT('',#10659);
#2736=VERTEX_POINT('',#10660);
#2737=VERTEX_POINT('',#10662);
#2738=VERTEX_POINT('',#10664);
#2739=VERTEX_POINT('',#11150);
#2740=VERTEX_POINT('',#11152);
#2741=VERTEX_POINT('',#11317);
#2742=VERTEX_POINT('',#11319);
#2743=VERTEX_POINT('',#11325);
#2744=VERTEX_POINT('',#11326);
#2745=VERTEX_POINT('',#11328);
#2746=VERTEX_POINT('',#11331);
#2747=VERTEX_POINT('',#11333);
#2748=VERTEX_POINT('',#11335);
#2749=VERTEX_POINT('',#11337);
#2750=VERTEX_POINT('',#11339);
#2751=VERTEX_POINT('',#11341);
#2752=VERTEX_POINT('',#11343);
#2753=VERTEX_POINT('',#11345);
#2754=VERTEX_POINT('',#11347);
#2755=VERTEX_POINT('',#11349);
#2756=VERTEX_POINT('',#11351);
#2757=VERTEX_POINT('',#11353);
#2758=VERTEX_POINT('',#11355);
#2759=VERTEX_POINT('',#11357);
#2760=VERTEX_POINT('',#11359);
#2761=VERTEX_POINT('',#11361);
#2762=VERTEX_POINT('',#11363);
#2763=VERTEX_POINT('',#11365);
#2764=VERTEX_POINT('',#11367);
#2765=VERTEX_POINT('',#11369);
#2766=VERTEX_POINT('',#11371);
#2767=VERTEX_POINT('',#11373);
#2768=VERTEX_POINT('',#11375);
#2769=VERTEX_POINT('',#11377);
#2770=VERTEX_POINT('',#11379);
#2771=VERTEX_POINT('',#11381);
#2772=VERTEX_POINT('',#11383);
#2773=VERTEX_POINT('',#11385);
#2774=VERTEX_POINT('',#11387);
#2775=VERTEX_POINT('',#11389);
#2776=VERTEX_POINT('',#11391);
#2777=VERTEX_POINT('',#11393);
#2778=VERTEX_POINT('',#11395);
#2779=VERTEX_POINT('',#11397);
#2780=VERTEX_POINT('',#11399);
#2781=VERTEX_POINT('',#11401);
#2782=VERTEX_POINT('',#11403);
#2783=VERTEX_POINT('',#11405);
#2784=VERTEX_POINT('',#11407);
#2785=VERTEX_POINT('',#11411);
#2786=VERTEX_POINT('',#11413);
#2787=VERTEX_POINT('',#11415);
#2788=VERTEX_POINT('',#11417);
#2789=VERTEX_POINT('',#11421);
#2790=VERTEX_POINT('',#11423);
#2791=VERTEX_POINT('',#11425);
#2792=VERTEX_POINT('',#11427);
#2793=VERTEX_POINT('',#11431);
#2794=VERTEX_POINT('',#11433);
#2795=VERTEX_POINT('',#11435);
#2796=VERTEX_POINT('',#11437);
#2797=VERTEX_POINT('',#11441);
#2798=VERTEX_POINT('',#11443);
#2799=VERTEX_POINT('',#11445);
#2800=VERTEX_POINT('',#11447);
#2801=VERTEX_POINT('',#11451);
#2802=VERTEX_POINT('',#11453);
#2803=VERTEX_POINT('',#11455);
#2804=VERTEX_POINT('',#11457);
#2805=VERTEX_POINT('',#11461);
#2806=VERTEX_POINT('',#11463);
#2807=VERTEX_POINT('',#11465);
#2808=VERTEX_POINT('',#11467);
#2809=VERTEX_POINT('',#11471);
#2810=VERTEX_POINT('',#11473);
#2811=VERTEX_POINT('',#11475);
#2812=VERTEX_POINT('',#11477);
#2813=VERTEX_POINT('',#11481);
#2814=VERTEX_POINT('',#11483);
#2815=VERTEX_POINT('',#11485);
#2816=VERTEX_POINT('',#11487);
#2817=VERTEX_POINT('',#11491);
#2818=VERTEX_POINT('',#11493);
#2819=VERTEX_POINT('',#11495);
#2820=VERTEX_POINT('',#11497);
#2821=VERTEX_POINT('',#11501);
#2822=VERTEX_POINT('',#11503);
#2823=VERTEX_POINT('',#11505);
#2824=VERTEX_POINT('',#11507);
#2825=VERTEX_POINT('',#11511);
#2826=VERTEX_POINT('',#11513);
#2827=VERTEX_POINT('',#11515);
#2828=VERTEX_POINT('',#11517);
#2829=VERTEX_POINT('',#11521);
#2830=VERTEX_POINT('',#11523);
#2831=VERTEX_POINT('',#11525);
#2832=VERTEX_POINT('',#11527);
#2833=VERTEX_POINT('',#11531);
#2834=VERTEX_POINT('',#11533);
#2835=VERTEX_POINT('',#11535);
#2836=VERTEX_POINT('',#11537);
#2837=VERTEX_POINT('',#11541);
#2838=VERTEX_POINT('',#11543);
#2839=VERTEX_POINT('',#11545);
#2840=VERTEX_POINT('',#11547);
#2841=VERTEX_POINT('',#11551);
#2842=VERTEX_POINT('',#11553);
#2843=VERTEX_POINT('',#11555);
#2844=VERTEX_POINT('',#11557);
#2845=VERTEX_POINT('',#11561);
#2846=VERTEX_POINT('',#11563);
#2847=VERTEX_POINT('',#11565);
#2848=VERTEX_POINT('',#11567);
#2849=VERTEX_POINT('',#11571);
#2850=VERTEX_POINT('',#11573);
#2851=VERTEX_POINT('',#11575);
#2852=VERTEX_POINT('',#11577);
#2853=VERTEX_POINT('',#11581);
#2854=VERTEX_POINT('',#11583);
#2855=VERTEX_POINT('',#11585);
#2856=VERTEX_POINT('',#11587);
#2857=VERTEX_POINT('',#11591);
#2858=VERTEX_POINT('',#11593);
#2859=VERTEX_POINT('',#11595);
#2860=VERTEX_POINT('',#11597);
#2861=VERTEX_POINT('',#11603);
#2862=VERTEX_POINT('',#11605);
#2863=VERTEX_POINT('',#11610);
#2864=VERTEX_POINT('',#11612);
#2865=VERTEX_POINT('',#11617);
#2866=VERTEX_POINT('',#11619);
#2867=VERTEX_POINT('',#11624);
#2868=VERTEX_POINT('',#11626);
#2869=VERTEX_POINT('',#11631);
#2870=VERTEX_POINT('',#11633);
#2871=VERTEX_POINT('',#11638);
#2872=VERTEX_POINT('',#11639);
#2873=VERTEX_POINT('',#11644);
#2874=VERTEX_POINT('',#11645);
#2875=VERTEX_POINT('',#11650);
#2876=VERTEX_POINT('',#11651);
#2877=VERTEX_POINT('',#11656);
#2878=VERTEX_POINT('',#11657);
#2879=VERTEX_POINT('',#11662);
#2880=VERTEX_POINT('',#11663);
#2881=VERTEX_POINT('',#11668);
#2882=VERTEX_POINT('',#11669);
#2883=VERTEX_POINT('',#11671);
#2884=VERTEX_POINT('',#11676);
#2885=VERTEX_POINT('',#11677);
#2886=VERTEX_POINT('',#11682);
#2887=VERTEX_POINT('',#11683);
#2888=VERTEX_POINT('',#11688);
#2889=VERTEX_POINT('',#11689);
#2890=VERTEX_POINT('',#11694);
#2891=VERTEX_POINT('',#11695);
#2892=VERTEX_POINT('',#11702);
#2893=VERTEX_POINT('',#11704);
#2894=VERTEX_POINT('',#11711);
#2895=VERTEX_POINT('',#11720);
#2896=VERTEX_POINT('',#11727);
#2897=VERTEX_POINT('',#11729);
#2898=VERTEX_POINT('',#11738);
#2899=VERTEX_POINT('',#11739);
#2900=VERTEX_POINT('',#11741);
#2901=VERTEX_POINT('',#11744);
#2902=VERTEX_POINT('',#11746);
#2903=VERTEX_POINT('',#11748);
#2904=VERTEX_POINT('',#11750);
#2905=VERTEX_POINT('',#11753);
#2906=VERTEX_POINT('',#11755);
#2907=VERTEX_POINT('',#11757);
#2908=VERTEX_POINT('',#11759);
#2909=VERTEX_POINT('',#11762);
#2910=VERTEX_POINT('',#11764);
#2911=VERTEX_POINT('',#11766);
#2912=VERTEX_POINT('',#11768);
#2913=VERTEX_POINT('',#11770);
#2914=VERTEX_POINT('',#11772);
#2915=VERTEX_POINT('',#11774);
#2916=VERTEX_POINT('',#11776);
#2917=VERTEX_POINT('',#11778);
#2918=VERTEX_POINT('',#11780);
#2919=VERTEX_POINT('',#11782);
#2920=VERTEX_POINT('',#11784);
#2921=VERTEX_POINT('',#11786);
#2922=VERTEX_POINT('',#11788);
#2923=VERTEX_POINT('',#11790);
#2924=VERTEX_POINT('',#11792);
#2925=VERTEX_POINT('',#11794);
#2926=VERTEX_POINT('',#11796);
#2927=VERTEX_POINT('',#11798);
#2928=VERTEX_POINT('',#11800);
#2929=VERTEX_POINT('',#11802);
#2930=VERTEX_POINT('',#11804);
#2931=VERTEX_POINT('',#11806);
#2932=VERTEX_POINT('',#11808);
#2933=VERTEX_POINT('',#11810);
#2934=VERTEX_POINT('',#11812);
#2935=VERTEX_POINT('',#11814);
#2936=VERTEX_POINT('',#11816);
#2937=VERTEX_POINT('',#11818);
#2938=VERTEX_POINT('',#11820);
#2939=VERTEX_POINT('',#11822);
#2940=VERTEX_POINT('',#11824);
#2941=VERTEX_POINT('',#11826);
#2942=VERTEX_POINT('',#11828);
#2943=VERTEX_POINT('',#11830);
#2944=VERTEX_POINT('',#11832);
#2945=VERTEX_POINT('',#11834);
#2946=VERTEX_POINT('',#11836);
#2947=VERTEX_POINT('',#11838);
#2948=VERTEX_POINT('',#11840);
#2949=VERTEX_POINT('',#11842);
#2950=VERTEX_POINT('',#11844);
#2951=VERTEX_POINT('',#11846);
#2952=VERTEX_POINT('',#11848);
#2953=VERTEX_POINT('',#11850);
#2954=VERTEX_POINT('',#11852);
#2955=VERTEX_POINT('',#11854);
#2956=VERTEX_POINT('',#11856);
#2957=VERTEX_POINT('',#11858);
#2958=VERTEX_POINT('',#11860);
#2959=VERTEX_POINT('',#11862);
#2960=VERTEX_POINT('',#11864);
#2961=VERTEX_POINT('',#11866);
#2962=VERTEX_POINT('',#11868);
#2963=VERTEX_POINT('',#11870);
#2964=VERTEX_POINT('',#11872);
#2965=VERTEX_POINT('',#11874);
#2966=VERTEX_POINT('',#11876);
#2967=VERTEX_POINT('',#11878);
#2968=VERTEX_POINT('',#11880);
#2969=VERTEX_POINT('',#11882);
#2970=VERTEX_POINT('',#11884);
#2971=VERTEX_POINT('',#11886);
#2972=VERTEX_POINT('',#11888);
#2973=VERTEX_POINT('',#11890);
#2974=VERTEX_POINT('',#11892);
#2975=VERTEX_POINT('',#11895);
#2976=VERTEX_POINT('',#11897);
#2977=VERTEX_POINT('',#11899);
#2978=VERTEX_POINT('',#11901);
#2979=VERTEX_POINT('',#11904);
#2980=VERTEX_POINT('',#11906);
#2981=VERTEX_POINT('',#11908);
#2982=VERTEX_POINT('',#11910);
#2983=VERTEX_POINT('',#11913);
#2984=VERTEX_POINT('',#11915);
#2985=VERTEX_POINT('',#11917);
#2986=VERTEX_POINT('',#11919);
#2987=VERTEX_POINT('',#11922);
#2988=VERTEX_POINT('',#11924);
#2989=VERTEX_POINT('',#11926);
#2990=VERTEX_POINT('',#11928);
#2991=VERTEX_POINT('',#11931);
#2992=VERTEX_POINT('',#11933);
#2993=VERTEX_POINT('',#11935);
#2994=VERTEX_POINT('',#11937);
#2995=VERTEX_POINT('',#11940);
#2996=VERTEX_POINT('',#11944);
#2997=VERTEX_POINT('',#11946);
#2998=VERTEX_POINT('',#11948);
#2999=VERTEX_POINT('',#11952);
#3000=VERTEX_POINT('',#11953);
#3001=VERTEX_POINT('',#11955);
#3002=VERTEX_POINT('',#11957);
#3003=VERTEX_POINT('',#11961);
#3004=VERTEX_POINT('',#11962);
#3005=VERTEX_POINT('',#11964);
#3006=VERTEX_POINT('',#11966);
#3007=VERTEX_POINT('',#11970);
#3008=VERTEX_POINT('',#11971);
#3009=VERTEX_POINT('',#11973);
#3010=VERTEX_POINT('',#11975);
#3011=VERTEX_POINT('',#11979);
#3012=VERTEX_POINT('',#11980);
#3013=VERTEX_POINT('',#11982);
#3014=VERTEX_POINT('',#11984);
#3015=VERTEX_POINT('',#11988);
#3016=VERTEX_POINT('',#11990);
#3017=VERTEX_POINT('',#11994);
#3018=VERTEX_POINT('',#11995);
#3019=VERTEX_POINT('',#11997);
#3020=VERTEX_POINT('',#11999);
#3021=VERTEX_POINT('',#12003);
#3022=VERTEX_POINT('',#12004);
#3023=VERTEX_POINT('',#12006);
#3024=VERTEX_POINT('',#12008);
#3025=VERTEX_POINT('',#12012);
#3026=VERTEX_POINT('',#12013);
#3027=VERTEX_POINT('',#12015);
#3028=VERTEX_POINT('',#12017);
#3029=VERTEX_POINT('',#12021);
#3030=VERTEX_POINT('',#12022);
#3031=VERTEX_POINT('',#12024);
#3032=VERTEX_POINT('',#12026);
#3033=VERTEX_POINT('',#12030);
#3034=VERTEX_POINT('',#12031);
#3035=VERTEX_POINT('',#12033);
#3036=VERTEX_POINT('',#12035);
#3037=VERTEX_POINT('',#12039);
#3038=VERTEX_POINT('',#12040);
#3039=VERTEX_POINT('',#12042);
#3040=VERTEX_POINT('',#12044);
#3041=VERTEX_POINT('',#12048);
#3042=VERTEX_POINT('',#12049);
#3043=VERTEX_POINT('',#12051);
#3044=VERTEX_POINT('',#12053);
#3045=VERTEX_POINT('',#12057);
#3046=VERTEX_POINT('',#12058);
#3047=VERTEX_POINT('',#12060);
#3048=VERTEX_POINT('',#12062);
#3049=VERTEX_POINT('',#12066);
#3050=VERTEX_POINT('',#12067);
#3051=VERTEX_POINT('',#12069);
#3052=VERTEX_POINT('',#12071);
#3053=VERTEX_POINT('',#12075);
#3054=VERTEX_POINT('',#12076);
#3055=VERTEX_POINT('',#12078);
#3056=VERTEX_POINT('',#12080);
#3057=VERTEX_POINT('',#12084);
#3058=VERTEX_POINT('',#12085);
#3059=VERTEX_POINT('',#12087);
#3060=VERTEX_POINT('',#12089);
#3061=VERTEX_POINT('',#12093);
#3062=VERTEX_POINT('',#12094);
#3063=VERTEX_POINT('',#12096);
#3064=VERTEX_POINT('',#12098);
#3065=VERTEX_POINT('',#12102);
#3066=VERTEX_POINT('',#12103);
#3067=VERTEX_POINT('',#12105);
#3068=VERTEX_POINT('',#12107);
#3069=VERTEX_POINT('',#12111);
#3070=VERTEX_POINT('',#12112);
#3071=VERTEX_POINT('',#12114);
#3072=VERTEX_POINT('',#12116);
#3073=VERTEX_POINT('',#12602);
#3074=VERTEX_POINT('',#12604);
#3075=EDGE_CURVE('',#2414,#2414,#1793,.T.);
#3076=EDGE_CURVE('',#2414,#2415,#266,.T.);
#3077=EDGE_CURVE('',#2415,#2415,#1794,.T.);
#3078=EDGE_CURVE('',#2416,#2416,#1795,.T.);
#3079=EDGE_CURVE('',#2416,#2415,#267,.T.);
#3080=EDGE_CURVE('',#2417,#2418,#1796,.T.);
#3081=EDGE_CURVE('',#2419,#2418,#1797,.T.);
#3082=EDGE_CURVE('',#2419,#2420,#1798,.T.);
#3083=EDGE_CURVE('',#2421,#2420,#1799,.T.);
#3084=EDGE_CURVE('',#2421,#2422,#1800,.T.);
#3085=EDGE_CURVE('',#2423,#2422,#1801,.T.);
#3086=EDGE_CURVE('',#2423,#2424,#1802,.T.);
#3087=EDGE_CURVE('',#2425,#2424,#1803,.T.);
#3088=EDGE_CURVE('',#2425,#2426,#1804,.T.);
#3089=EDGE_CURVE('',#2427,#2426,#1805,.T.);
#3090=EDGE_CURVE('',#2427,#2428,#1806,.T.);
#3091=EDGE_CURVE('',#2429,#2428,#1807,.T.);
#3092=EDGE_CURVE('',#2429,#2430,#1808,.T.);
#3093=EDGE_CURVE('',#2431,#2430,#1809,.T.);
#3094=EDGE_CURVE('',#2431,#2432,#1810,.T.);
#3095=EDGE_CURVE('',#2433,#2432,#1811,.T.);
#3096=EDGE_CURVE('',#2433,#2434,#1812,.T.);
#3097=EDGE_CURVE('',#2435,#2434,#1813,.T.);
#3098=EDGE_CURVE('',#2435,#2436,#1814,.T.);
#3099=EDGE_CURVE('',#2437,#2436,#1815,.T.);
#3100=EDGE_CURVE('',#2437,#2438,#1816,.T.);
#3101=EDGE_CURVE('',#2439,#2438,#1817,.T.);
#3102=EDGE_CURVE('',#2439,#2440,#1818,.T.);
#3103=EDGE_CURVE('',#2441,#2440,#1819,.T.);
#3104=EDGE_CURVE('',#2441,#2442,#1820,.T.);
#3105=EDGE_CURVE('',#2443,#2442,#1821,.T.);
#3106=EDGE_CURVE('',#2443,#2444,#1822,.T.);
#3107=EDGE_CURVE('',#2445,#2444,#1823,.T.);
#3108=EDGE_CURVE('',#2445,#2446,#1824,.T.);
#3109=EDGE_CURVE('',#2447,#2446,#1825,.T.);
#3110=EDGE_CURVE('',#2447,#2448,#1826,.T.);
#3111=EDGE_CURVE('',#2449,#2448,#1827,.T.);
#3112=EDGE_CURVE('',#2449,#2450,#1828,.T.);
#3113=EDGE_CURVE('',#2451,#2450,#1829,.T.);
#3114=EDGE_CURVE('',#2451,#2452,#1830,.T.);
#3115=EDGE_CURVE('',#2453,#2452,#1831,.T.);
#3116=EDGE_CURVE('',#2453,#2454,#1832,.T.);
#3117=EDGE_CURVE('',#2455,#2454,#1833,.T.);
#3118=EDGE_CURVE('',#2455,#2456,#1834,.T.);
#3119=EDGE_CURVE('',#2457,#2456,#1835,.T.);
#3120=EDGE_CURVE('',#2457,#2458,#1836,.T.);
#3121=EDGE_CURVE('',#2459,#2458,#1837,.T.);
#3122=EDGE_CURVE('',#2459,#2460,#1838,.T.);
#3123=EDGE_CURVE('',#2461,#2460,#1839,.T.);
#3124=EDGE_CURVE('',#2461,#2462,#1840,.T.);
#3125=EDGE_CURVE('',#2463,#2462,#1841,.T.);
#3126=EDGE_CURVE('',#2463,#2464,#1842,.T.);
#3127=EDGE_CURVE('',#2465,#2464,#1843,.T.);
#3128=EDGE_CURVE('',#2465,#2466,#1844,.T.);
#3129=EDGE_CURVE('',#2467,#2466,#1845,.T.);
#3130=EDGE_CURVE('',#2467,#2468,#1846,.T.);
#3131=EDGE_CURVE('',#2469,#2468,#1847,.T.);
#3132=EDGE_CURVE('',#2469,#2470,#1848,.T.);
#3133=EDGE_CURVE('',#2471,#2470,#1849,.T.);
#3134=EDGE_CURVE('',#2471,#2472,#1850,.T.);
#3135=EDGE_CURVE('',#2473,#2472,#1851,.T.);
#3136=EDGE_CURVE('',#2473,#2474,#1852,.T.);
#3137=EDGE_CURVE('',#2475,#2474,#1853,.T.);
#3138=EDGE_CURVE('',#2475,#2476,#1854,.T.);
#3139=EDGE_CURVE('',#2477,#2476,#1855,.T.);
#3140=EDGE_CURVE('',#2477,#2478,#1856,.T.);
#3141=EDGE_CURVE('',#2479,#2478,#1857,.T.);
#3142=EDGE_CURVE('',#2479,#2480,#1858,.T.);
#3143=EDGE_CURVE('',#2481,#2480,#1859,.T.);
#3144=EDGE_CURVE('',#2481,#2482,#1860,.T.);
#3145=EDGE_CURVE('',#2483,#2482,#1861,.T.);
#3146=EDGE_CURVE('',#2483,#2484,#1862,.T.);
#3147=EDGE_CURVE('',#2485,#2484,#1863,.T.);
#3148=EDGE_CURVE('',#2485,#2486,#1864,.T.);
#3149=EDGE_CURVE('',#2487,#2486,#1865,.T.);
#3150=EDGE_CURVE('',#2487,#2488,#1866,.T.);
#3151=EDGE_CURVE('',#2489,#2488,#1867,.T.);
#3152=EDGE_CURVE('',#2489,#2490,#1868,.T.);
#3153=EDGE_CURVE('',#2491,#2490,#1869,.T.);
#3154=EDGE_CURVE('',#2491,#2492,#1870,.T.);
#3155=EDGE_CURVE('',#2493,#2492,#1871,.T.);
#3156=EDGE_CURVE('',#2493,#2494,#1872,.T.);
#3157=EDGE_CURVE('',#2495,#2494,#1873,.T.);
#3158=EDGE_CURVE('',#2495,#2496,#1874,.T.);
#3159=EDGE_CURVE('',#2497,#2496,#1875,.T.);
#3160=EDGE_CURVE('',#2497,#2498,#1876,.T.);
#3161=EDGE_CURVE('',#2499,#2498,#1877,.T.);
#3162=EDGE_CURVE('',#2499,#2500,#1878,.T.);
#3163=EDGE_CURVE('',#2501,#2500,#1879,.T.);
#3164=EDGE_CURVE('',#2501,#2502,#1880,.T.);
#3165=EDGE_CURVE('',#2503,#2502,#1881,.T.);
#3166=EDGE_CURVE('',#2503,#2504,#1882,.T.);
#3167=EDGE_CURVE('',#2505,#2504,#1883,.T.);
#3168=EDGE_CURVE('',#2505,#2506,#1884,.T.);
#3169=EDGE_CURVE('',#2507,#2506,#1885,.T.);
#3170=EDGE_CURVE('',#2507,#2508,#1886,.T.);
#3171=EDGE_CURVE('',#2509,#2508,#1887,.T.);
#3172=EDGE_CURVE('',#2509,#2510,#1888,.T.);
#3173=EDGE_CURVE('',#2511,#2510,#1889,.T.);
#3174=EDGE_CURVE('',#2511,#2512,#1890,.T.);
#3175=EDGE_CURVE('',#2513,#2512,#1891,.T.);
#3176=EDGE_CURVE('',#2513,#2514,#1892,.T.);
#3177=EDGE_CURVE('',#2515,#2514,#1893,.T.);
#3178=EDGE_CURVE('',#2515,#2516,#1894,.T.);
#3179=EDGE_CURVE('',#2517,#2516,#1895,.T.);
#3180=EDGE_CURVE('',#2517,#2518,#1896,.T.);
#3181=EDGE_CURVE('',#2519,#2518,#1897,.T.);
#3182=EDGE_CURVE('',#2519,#2520,#1898,.T.);
#3183=EDGE_CURVE('',#2521,#2520,#1899,.T.);
#3184=EDGE_CURVE('',#2521,#2522,#1900,.T.);
#3185=EDGE_CURVE('',#2523,#2522,#1901,.T.);
#3186=EDGE_CURVE('',#2523,#2524,#1902,.T.);
#3187=EDGE_CURVE('',#2525,#2524,#1903,.T.);
#3188=EDGE_CURVE('',#2525,#2526,#1904,.T.);
#3189=EDGE_CURVE('',#2527,#2526,#1905,.T.);
#3190=EDGE_CURVE('',#2527,#2528,#1906,.T.);
#3191=EDGE_CURVE('',#2529,#2528,#1907,.T.);
#3192=EDGE_CURVE('',#2529,#2530,#1908,.T.);
#3193=EDGE_CURVE('',#2531,#2530,#1909,.T.);
#3194=EDGE_CURVE('',#2531,#2532,#1910,.T.);
#3195=EDGE_CURVE('',#2533,#2532,#1911,.T.);
#3196=EDGE_CURVE('',#2533,#2534,#1912,.T.);
#3197=EDGE_CURVE('',#2535,#2534,#1913,.T.);
#3198=EDGE_CURVE('',#2535,#2536,#1914,.T.);
#3199=EDGE_CURVE('',#2417,#2536,#1915,.T.);
#3200=EDGE_CURVE('',#2537,#2537,#1916,.T.);
#3201=EDGE_CURVE('',#2537,#2538,#268,.T.);
#3202=EDGE_CURVE('',#2538,#2538,#1917,.T.);
#3203=EDGE_CURVE('',#2539,#2540,#1918,.T.);
#3204=EDGE_CURVE('',#2541,#2539,#1919,.T.);
#3205=EDGE_CURVE('',#2542,#2541,#1920,.T.);
#3206=EDGE_CURVE('',#2543,#2542,#1921,.T.);
#3207=EDGE_CURVE('',#2544,#2543,#1922,.T.);
#3208=EDGE_CURVE('',#2545,#2544,#1923,.T.);
#3209=EDGE_CURVE('',#2546,#2545,#1924,.T.);
#3210=EDGE_CURVE('',#2547,#2546,#1925,.T.);
#3211=EDGE_CURVE('',#2548,#2547,#1926,.T.);
#3212=EDGE_CURVE('',#2549,#2548,#1927,.T.);
#3213=EDGE_CURVE('',#2550,#2549,#1928,.T.);
#3214=EDGE_CURVE('',#2551,#2550,#1929,.T.);
#3215=EDGE_CURVE('',#2552,#2551,#1930,.T.);
#3216=EDGE_CURVE('',#2553,#2552,#1931,.T.);
#3217=EDGE_CURVE('',#2554,#2553,#1932,.T.);
#3218=EDGE_CURVE('',#2555,#2554,#1933,.T.);
#3219=EDGE_CURVE('',#2556,#2555,#1934,.T.);
#3220=EDGE_CURVE('',#2557,#2556,#1935,.T.);
#3221=EDGE_CURVE('',#2558,#2557,#1936,.T.);
#3222=EDGE_CURVE('',#2559,#2558,#1937,.T.);
#3223=EDGE_CURVE('',#2560,#2559,#1938,.T.);
#3224=EDGE_CURVE('',#2561,#2560,#1939,.T.);
#3225=EDGE_CURVE('',#2562,#2561,#1940,.T.);
#3226=EDGE_CURVE('',#2563,#2562,#1941,.T.);
#3227=EDGE_CURVE('',#2564,#2563,#1942,.T.);
#3228=EDGE_CURVE('',#2565,#2564,#1943,.T.);
#3229=EDGE_CURVE('',#2566,#2565,#1944,.T.);
#3230=EDGE_CURVE('',#2567,#2566,#1945,.T.);
#3231=EDGE_CURVE('',#2568,#2567,#1946,.T.);
#3232=EDGE_CURVE('',#2569,#2568,#1947,.T.);
#3233=EDGE_CURVE('',#2570,#2569,#1948,.T.);
#3234=EDGE_CURVE('',#2571,#2570,#1949,.T.);
#3235=EDGE_CURVE('',#2572,#2571,#1950,.T.);
#3236=EDGE_CURVE('',#2573,#2572,#1951,.T.);
#3237=EDGE_CURVE('',#2574,#2573,#1952,.T.);
#3238=EDGE_CURVE('',#2575,#2574,#1953,.T.);
#3239=EDGE_CURVE('',#2576,#2575,#1954,.T.);
#3240=EDGE_CURVE('',#2577,#2576,#1955,.T.);
#3241=EDGE_CURVE('',#2578,#2577,#1956,.T.);
#3242=EDGE_CURVE('',#2579,#2578,#1957,.T.);
#3243=EDGE_CURVE('',#2540,#2579,#1958,.T.);
#3244=EDGE_CURVE('',#2540,#2580,#269,.T.);
#3245=EDGE_CURVE('',#2580,#2580,#1959,.T.);
#3246=EDGE_CURVE('',#2581,#2578,#1960,.T.);
#3247=EDGE_CURVE('',#2582,#2581,#1961,.T.);
#3248=EDGE_CURVE('',#2583,#2582,#1962,.T.);
#3249=EDGE_CURVE('',#2584,#2583,#1963,.T.);
#3250=EDGE_CURVE('',#2579,#2584,#1964,.T.);
#3251=EDGE_CURVE('',#2585,#2576,#1965,.T.);
#3252=EDGE_CURVE('',#2586,#2585,#1966,.T.);
#3253=EDGE_CURVE('',#2587,#2586,#1967,.T.);
#3254=EDGE_CURVE('',#2588,#2587,#1968,.T.);
#3255=EDGE_CURVE('',#2577,#2588,#1969,.T.);
#3256=EDGE_CURVE('',#2589,#2539,#1970,.T.);
#3257=EDGE_CURVE('',#2590,#2589,#1971,.T.);
#3258=EDGE_CURVE('',#2591,#2590,#1972,.T.);
#3259=EDGE_CURVE('',#2592,#2591,#1973,.T.);
#3260=EDGE_CURVE('',#2541,#2592,#1974,.T.);
#3261=EDGE_CURVE('',#2593,#2574,#1975,.T.);
#3262=EDGE_CURVE('',#2594,#2593,#1976,.T.);
#3263=EDGE_CURVE('',#2595,#2594,#1977,.T.);
#3264=EDGE_CURVE('',#2596,#2595,#1978,.T.);
#3265=EDGE_CURVE('',#2575,#2596,#1979,.T.);
#3266=EDGE_CURVE('',#2597,#2542,#1980,.T.);
#3267=EDGE_CURVE('',#2598,#2597,#1981,.T.);
#3268=EDGE_CURVE('',#2599,#2598,#1982,.T.);
#3269=EDGE_CURVE('',#2600,#2599,#1983,.T.);
#3270=EDGE_CURVE('',#2543,#2600,#1984,.T.);
#3271=EDGE_CURVE('',#2601,#2572,#1985,.T.);
#3272=EDGE_CURVE('',#2602,#2601,#1986,.T.);
#3273=EDGE_CURVE('',#2603,#2602,#1987,.T.);
#3274=EDGE_CURVE('',#2604,#2603,#1988,.T.);
#3275=EDGE_CURVE('',#2573,#2604,#1989,.T.);
#3276=EDGE_CURVE('',#2605,#2544,#1990,.T.);
#3277=EDGE_CURVE('',#2606,#2605,#1991,.T.);
#3278=EDGE_CURVE('',#2607,#2606,#1992,.T.);
#3279=EDGE_CURVE('',#2608,#2607,#1993,.T.);
#3280=EDGE_CURVE('',#2545,#2608,#1994,.T.);
#3281=EDGE_CURVE('',#2609,#2570,#1995,.T.);
#3282=EDGE_CURVE('',#2610,#2609,#1996,.T.);
#3283=EDGE_CURVE('',#2611,#2610,#1997,.T.);
#3284=EDGE_CURVE('',#2612,#2611,#1998,.T.);
#3285=EDGE_CURVE('',#2571,#2612,#1999,.T.);
#3286=EDGE_CURVE('',#2613,#2546,#2000,.T.);
#3287=EDGE_CURVE('',#2614,#2613,#2001,.T.);
#3288=EDGE_CURVE('',#2615,#2614,#2002,.T.);
#3289=EDGE_CURVE('',#2616,#2615,#2003,.T.);
#3290=EDGE_CURVE('',#2547,#2616,#2004,.T.);
#3291=EDGE_CURVE('',#2617,#2568,#2005,.T.);
#3292=EDGE_CURVE('',#2618,#2617,#2006,.T.);
#3293=EDGE_CURVE('',#2619,#2618,#2007,.T.);
#3294=EDGE_CURVE('',#2620,#2619,#2008,.T.);
#3295=EDGE_CURVE('',#2569,#2620,#2009,.T.);
#3296=EDGE_CURVE('',#2621,#2548,#2010,.T.);
#3297=EDGE_CURVE('',#2622,#2621,#2011,.T.);
#3298=EDGE_CURVE('',#2623,#2622,#2012,.T.);
#3299=EDGE_CURVE('',#2624,#2623,#2013,.T.);
#3300=EDGE_CURVE('',#2549,#2624,#2014,.T.);
#3301=EDGE_CURVE('',#2625,#2566,#2015,.T.);
#3302=EDGE_CURVE('',#2626,#2625,#2016,.T.);
#3303=EDGE_CURVE('',#2627,#2626,#2017,.T.);
#3304=EDGE_CURVE('',#2628,#2627,#2018,.T.);
#3305=EDGE_CURVE('',#2567,#2628,#2019,.T.);
#3306=EDGE_CURVE('',#2629,#2550,#2020,.T.);
#3307=EDGE_CURVE('',#2630,#2629,#2021,.T.);
#3308=EDGE_CURVE('',#2631,#2630,#2022,.T.);
#3309=EDGE_CURVE('',#2632,#2631,#2023,.T.);
#3310=EDGE_CURVE('',#2551,#2632,#2024,.T.);
#3311=EDGE_CURVE('',#2633,#2564,#2025,.T.);
#3312=EDGE_CURVE('',#2634,#2633,#2026,.T.);
#3313=EDGE_CURVE('',#2635,#2634,#2027,.T.);
#3314=EDGE_CURVE('',#2636,#2635,#2028,.T.);
#3315=EDGE_CURVE('',#2565,#2636,#2029,.T.);
#3316=EDGE_CURVE('',#2637,#2552,#2030,.T.);
#3317=EDGE_CURVE('',#2638,#2637,#2031,.T.);
#3318=EDGE_CURVE('',#2639,#2638,#2032,.T.);
#3319=EDGE_CURVE('',#2640,#2639,#2033,.T.);
#3320=EDGE_CURVE('',#2553,#2640,#2034,.T.);
#3321=EDGE_CURVE('',#2641,#2562,#2035,.T.);
#3322=EDGE_CURVE('',#2642,#2641,#2036,.T.);
#3323=EDGE_CURVE('',#2643,#2642,#2037,.T.);
#3324=EDGE_CURVE('',#2644,#2643,#2038,.T.);
#3325=EDGE_CURVE('',#2563,#2644,#2039,.T.);
#3326=EDGE_CURVE('',#2645,#2554,#2040,.T.);
#3327=EDGE_CURVE('',#2646,#2645,#2041,.T.);
#3328=EDGE_CURVE('',#2647,#2646,#2042,.T.);
#3329=EDGE_CURVE('',#2648,#2647,#2043,.T.);
#3330=EDGE_CURVE('',#2555,#2648,#2044,.T.);
#3331=EDGE_CURVE('',#2649,#2560,#2045,.T.);
#3332=EDGE_CURVE('',#2650,#2649,#2046,.T.);
#3333=EDGE_CURVE('',#2651,#2650,#2047,.T.);
#3334=EDGE_CURVE('',#2652,#2651,#2048,.T.);
#3335=EDGE_CURVE('',#2561,#2652,#2049,.T.);
#3336=EDGE_CURVE('',#2653,#2556,#2050,.T.);
#3337=EDGE_CURVE('',#2654,#2653,#2051,.T.);
#3338=EDGE_CURVE('',#2655,#2654,#2052,.T.);
#3339=EDGE_CURVE('',#2656,#2655,#2053,.T.);
#3340=EDGE_CURVE('',#2557,#2656,#2054,.T.);
#3341=EDGE_CURVE('',#2538,#2580,#270,.T.);
#3342=EDGE_CURVE('',#2452,#2551,#271,.T.);
#3343=EDGE_CURVE('',#2632,#2453,#272,.T.);
#3344=EDGE_CURVE('',#2446,#2553,#273,.T.);
#3345=EDGE_CURVE('',#2640,#2447,#274,.T.);
#3346=EDGE_CURVE('',#2440,#2555,#275,.T.);
#3347=EDGE_CURVE('',#2648,#2441,#276,.T.);
#3348=EDGE_CURVE('',#2434,#2557,#277,.T.);
#3349=EDGE_CURVE('',#2656,#2435,#278,.T.);
#3350=EDGE_CURVE('',#2426,#2649,#279,.T.);
#3351=EDGE_CURVE('',#2560,#2427,#280,.T.);
#3352=EDGE_CURVE('',#2428,#2559,#281,.T.);
#3353=EDGE_CURVE('',#2559,#2657,#2055,.T.);
#3354=EDGE_CURVE('',#2657,#2429,#282,.T.);
#3355=EDGE_CURVE('',#2420,#2641,#283,.T.);
#3356=EDGE_CURVE('',#2562,#2421,#284,.T.);
#3357=EDGE_CURVE('',#2534,#2633,#285,.T.);
#3358=EDGE_CURVE('',#2564,#2535,#286,.T.);
#3359=EDGE_CURVE('',#2528,#2625,#287,.T.);
#3360=EDGE_CURVE('',#2566,#2529,#288,.T.);
#3361=EDGE_CURVE('',#2522,#2617,#289,.T.);
#3362=EDGE_CURVE('',#2568,#2523,#290,.T.);
#3363=EDGE_CURVE('',#2658,#2631,#15,.T.);
#3364=EDGE_CURVE('',#2658,#2659,#291,.T.);
#3365=EDGE_CURVE('',#2454,#2659,#16,.T.);
#3366=EDGE_CURVE('',#2660,#2521,#17,.T.);
#3367=EDGE_CURVE('',#2661,#2660,#292,.T.);
#3368=EDGE_CURVE('',#2618,#2661,#18,.T.);
#3369=EDGE_CURVE('',#2662,#2558,#2056,.T.);
#3370=EDGE_CURVE('',#2663,#2662,#2057,.T.);
#3371=EDGE_CURVE('',#2664,#2663,#2058,.T.);
#3372=EDGE_CURVE('',#2657,#2664,#2059,.T.);
#3373=EDGE_CURVE('',#2665,#2666,#2060,.T.);
#3374=EDGE_CURVE('',#2665,#2667,#293,.T.);
#3375=EDGE_CURVE('',#2668,#2667,#2061,.T.);
#3376=EDGE_CURVE('',#2666,#2668,#294,.T.);
#3377=EDGE_CURVE('',#2669,#2670,#2062,.T.);
#3378=EDGE_CURVE('',#2671,#2669,#295,.T.);
#3379=EDGE_CURVE('',#2672,#2671,#2063,.T.);
#3380=EDGE_CURVE('',#2672,#2670,#296,.T.);
#3381=EDGE_CURVE('',#2673,#2674,#2064,.T.);
#3382=EDGE_CURVE('',#2673,#2675,#297,.T.);
#3383=EDGE_CURVE('',#2676,#2675,#2065,.T.);
#3384=EDGE_CURVE('',#2674,#2676,#298,.T.);
#3385=EDGE_CURVE('',#2677,#2678,#2066,.T.);
#3386=EDGE_CURVE('',#2677,#2679,#299,.T.);
#3387=EDGE_CURVE('',#2680,#2679,#2067,.T.);
#3388=EDGE_CURVE('',#2678,#2680,#300,.T.);
#3389=EDGE_CURVE('',#2681,#2658,#2068,.T.);
#3390=EDGE_CURVE('',#2681,#2682,#301,.T.);
#3391=EDGE_CURVE('',#2659,#2682,#2069,.T.);
#3392=EDGE_CURVE('',#2683,#2684,#2070,.T.);
#3393=EDGE_CURVE('',#2685,#2683,#302,.T.);
#3394=EDGE_CURVE('',#2686,#2685,#2071,.T.);
#3395=EDGE_CURVE('',#2686,#2684,#303,.T.);
#3396=EDGE_CURVE('',#2687,#2688,#2072,.T.);
#3397=EDGE_CURVE('',#2689,#2687,#304,.T.);
#3398=EDGE_CURVE('',#2690,#2689,#2073,.T.);
#3399=EDGE_CURVE('',#2690,#2688,#305,.T.);
#3400=EDGE_CURVE('',#2691,#2692,#2074,.T.);
#3401=EDGE_CURVE('',#2693,#2691,#306,.T.);
#3402=EDGE_CURVE('',#2694,#2693,#2075,.T.);
#3403=EDGE_CURVE('',#2694,#2692,#307,.T.);
#3404=EDGE_CURVE('',#2695,#2696,#2076,.T.);
#3405=EDGE_CURVE('',#2695,#2697,#308,.T.);
#3406=EDGE_CURVE('',#2698,#2697,#2077,.T.);
#3407=EDGE_CURVE('',#2696,#2698,#309,.T.);
#3408=EDGE_CURVE('',#2699,#2700,#2078,.T.);
#3409=EDGE_CURVE('',#2699,#2701,#310,.T.);
#3410=EDGE_CURVE('',#2702,#2701,#2079,.T.);
#3411=EDGE_CURVE('',#2700,#2702,#311,.T.);
#3412=EDGE_CURVE('',#2703,#2704,#2080,.T.);
#3413=EDGE_CURVE('',#2703,#2705,#312,.T.);
#3414=EDGE_CURVE('',#2706,#2705,#2081,.T.);
#3415=EDGE_CURVE('',#2704,#2706,#313,.T.);
#3416=EDGE_CURVE('',#2707,#2708,#2082,.T.);
#3417=EDGE_CURVE('',#2709,#2707,#314,.T.);
#3418=EDGE_CURVE('',#2710,#2709,#2083,.T.);
#3419=EDGE_CURVE('',#2710,#2708,#315,.T.);
#3420=EDGE_CURVE('',#2711,#2712,#2084,.T.);
#3421=EDGE_CURVE('',#2711,#2713,#316,.T.);
#3422=EDGE_CURVE('',#2714,#2713,#2085,.T.);
#3423=EDGE_CURVE('',#2712,#2714,#317,.T.);
#3424=EDGE_CURVE('',#2715,#2716,#2086,.T.);
#3425=EDGE_CURVE('',#2715,#2717,#318,.T.);
#3426=EDGE_CURVE('',#2718,#2717,#2087,.T.);
#3427=EDGE_CURVE('',#2716,#2718,#319,.T.);
#3428=EDGE_CURVE('',#2719,#2720,#2088,.T.);
#3429=EDGE_CURVE('',#2719,#2721,#320,.T.);
#3430=EDGE_CURVE('',#2722,#2721,#2089,.T.);
#3431=EDGE_CURVE('',#2720,#2722,#321,.T.);
#3432=EDGE_CURVE('',#2723,#2724,#2090,.T.);
#3433=EDGE_CURVE('',#2723,#2725,#322,.T.);
#3434=EDGE_CURVE('',#2726,#2725,#2091,.T.);
#3435=EDGE_CURVE('',#2724,#2726,#323,.T.);
#3436=EDGE_CURVE('',#2727,#2728,#2092,.T.);
#3437=EDGE_CURVE('',#2727,#2729,#324,.T.);
#3438=EDGE_CURVE('',#2730,#2729,#2093,.T.);
#3439=EDGE_CURVE('',#2728,#2730,#325,.T.);
#3440=EDGE_CURVE('',#2731,#2732,#2094,.T.);
#3441=EDGE_CURVE('',#2731,#2733,#326,.T.);
#3442=EDGE_CURVE('',#2734,#2733,#2095,.T.);
#3443=EDGE_CURVE('',#2732,#2734,#327,.T.);
#3444=EDGE_CURVE('',#2735,#2736,#2096,.T.);
#3445=EDGE_CURVE('',#2737,#2735,#328,.T.);
#3446=EDGE_CURVE('',#2738,#2737,#2097,.T.);
#3447=EDGE_CURVE('',#2738,#2736,#329,.T.);
#3448=EDGE_CURVE('',#2666,#2643,#19,.T.);
#3449=EDGE_CURVE('',#2642,#2665,#20,.T.);
#3450=EDGE_CURVE('',#2634,#2672,#21,.T.);
#3451=EDGE_CURVE('',#2671,#2635,#22,.T.);
#3452=EDGE_CURVE('',#2674,#2651,#23,.T.);
#3453=EDGE_CURVE('',#2650,#2673,#24,.T.);
#3454=EDGE_CURVE('',#2678,#2664,#25,.T.);
#3455=EDGE_CURVE('',#2663,#2677,#26,.T.);
#3456=EDGE_CURVE('',#2630,#2681,#27,.T.);
#3457=EDGE_CURVE('',#2638,#2686,#28,.T.);
#3458=EDGE_CURVE('',#2685,#2639,#29,.T.);
#3459=EDGE_CURVE('',#2646,#2690,#30,.T.);
#3460=EDGE_CURVE('',#2689,#2647,#31,.T.);
#3461=EDGE_CURVE('',#2654,#2694,#32,.T.);
#3462=EDGE_CURVE('',#2693,#2655,#33,.T.);
#3463=EDGE_CURVE('',#2696,#2623,#34,.T.);
#3464=EDGE_CURVE('',#2622,#2695,#35,.T.);
#3465=EDGE_CURVE('',#2700,#2615,#36,.T.);
#3466=EDGE_CURVE('',#2614,#2699,#37,.T.);
#3467=EDGE_CURVE('',#2704,#2599,#38,.T.);
#3468=EDGE_CURVE('',#2598,#2703,#39,.T.);
#3469=EDGE_CURVE('',#2606,#2710,#40,.T.);
#3470=EDGE_CURVE('',#2709,#2607,#41,.T.);
#3471=EDGE_CURVE('',#2712,#2591,#42,.T.);
#3472=EDGE_CURVE('',#2590,#2711,#43,.T.);
#3473=EDGE_CURVE('',#2716,#2583,#44,.T.);
#3474=EDGE_CURVE('',#2582,#2715,#45,.T.);
#3475=EDGE_CURVE('',#2720,#2587,#46,.T.);
#3476=EDGE_CURVE('',#2586,#2719,#47,.T.);
#3477=EDGE_CURVE('',#2724,#2595,#48,.T.);
#3478=EDGE_CURVE('',#2594,#2723,#49,.T.);
#3479=EDGE_CURVE('',#2728,#2603,#50,.T.);
#3480=EDGE_CURVE('',#2602,#2727,#51,.T.);
#3481=EDGE_CURVE('',#2732,#2611,#52,.T.);
#3482=EDGE_CURVE('',#2610,#2731,#53,.T.);
#3483=EDGE_CURVE('',#2626,#2738,#54,.T.);
#3484=EDGE_CURVE('',#2737,#2627,#55,.T.);
#3485=EDGE_CURVE('',#2418,#2668,#56,.T.);
#3486=EDGE_CURVE('',#2667,#2419,#57,.T.);
#3487=EDGE_CURVE('',#2670,#2533,#58,.T.);
#3488=EDGE_CURVE('',#2532,#2669,#59,.T.);
#3489=EDGE_CURVE('',#2424,#2676,#60,.T.);
#3490=EDGE_CURVE('',#2675,#2425,#61,.T.);
#3491=EDGE_CURVE('',#2430,#2680,#62,.T.);
#3492=EDGE_CURVE('',#2679,#2431,#63,.T.);
#3493=EDGE_CURVE('',#2682,#2455,#64,.T.);
#3494=EDGE_CURVE('',#2684,#2449,#65,.T.);
#3495=EDGE_CURVE('',#2448,#2683,#66,.T.);
#3496=EDGE_CURVE('',#2688,#2443,#67,.T.);
#3497=EDGE_CURVE('',#2442,#2687,#68,.T.);
#3498=EDGE_CURVE('',#2692,#2437,#69,.T.);
#3499=EDGE_CURVE('',#2436,#2691,#70,.T.);
#3500=EDGE_CURVE('',#2460,#2698,#71,.T.);
#3501=EDGE_CURVE('',#2697,#2461,#72,.T.);
#3502=EDGE_CURVE('',#2466,#2702,#73,.T.);
#3503=EDGE_CURVE('',#2701,#2467,#74,.T.);
#3504=EDGE_CURVE('',#2478,#2706,#75,.T.);
#3505=EDGE_CURVE('',#2705,#2479,#76,.T.);
#3506=EDGE_CURVE('',#2708,#2473,#77,.T.);
#3507=EDGE_CURVE('',#2472,#2707,#78,.T.);
#3508=EDGE_CURVE('',#2484,#2714,#79,.T.);
#3509=EDGE_CURVE('',#2713,#2485,#80,.T.);
#3510=EDGE_CURVE('',#2490,#2718,#81,.T.);
#3511=EDGE_CURVE('',#2717,#2491,#82,.T.);
#3512=EDGE_CURVE('',#2496,#2722,#83,.T.);
#3513=EDGE_CURVE('',#2721,#2497,#84,.T.);
#3514=EDGE_CURVE('',#2502,#2726,#85,.T.);
#3515=EDGE_CURVE('',#2725,#2503,#86,.T.);
#3516=EDGE_CURVE('',#2508,#2730,#87,.T.);
#3517=EDGE_CURVE('',#2729,#2509,#88,.T.);
#3518=EDGE_CURVE('',#2514,#2734,#89,.T.);
#3519=EDGE_CURVE('',#2733,#2515,#90,.T.);
#3520=EDGE_CURVE('',#2736,#2527,#91,.T.);
#3521=EDGE_CURVE('',#2526,#2735,#92,.T.);
#3522=EDGE_CURVE('',#2739,#2660,#2098,.T.);
#3523=EDGE_CURVE('',#2740,#2739,#330,.T.);
#3524=EDGE_CURVE('',#2661,#2740,#2099,.T.);
#3525=EDGE_CURVE('',#2520,#2739,#93,.T.);
#3526=EDGE_CURVE('',#2620,#2519,#331,.T.);
#3527=EDGE_CURVE('',#2740,#2619,#94,.T.);
#3528=EDGE_CURVE('',#2570,#2517,#332,.T.);
#3529=EDGE_CURVE('',#2518,#2569,#333,.T.);
#3530=EDGE_CURVE('',#2516,#2609,#334,.T.);
#3531=EDGE_CURVE('',#2628,#2525,#335,.T.);
#3532=EDGE_CURVE('',#2524,#2567,#336,.T.);
#3533=EDGE_CURVE('',#2612,#2513,#337,.T.);
#3534=EDGE_CURVE('',#2572,#2511,#338,.T.);
#3535=EDGE_CURVE('',#2512,#2571,#339,.T.);
#3536=EDGE_CURVE('',#2510,#2601,#340,.T.);
#3537=EDGE_CURVE('',#2604,#2507,#341,.T.);
#3538=EDGE_CURVE('',#2574,#2505,#342,.T.);
#3539=EDGE_CURVE('',#2506,#2573,#343,.T.);
#3540=EDGE_CURVE('',#2504,#2593,#344,.T.);
#3541=EDGE_CURVE('',#2596,#2501,#345,.T.);
#3542=EDGE_CURVE('',#2576,#2499,#346,.T.);
#3543=EDGE_CURVE('',#2500,#2575,#347,.T.);
#3544=EDGE_CURVE('',#2498,#2585,#348,.T.);
#3545=EDGE_CURVE('',#2588,#2495,#349,.T.);
#3546=EDGE_CURVE('',#2578,#2493,#350,.T.);
#3547=EDGE_CURVE('',#2494,#2577,#351,.T.);
#3548=EDGE_CURVE('',#2492,#2581,#352,.T.);
#3549=EDGE_CURVE('',#2584,#2489,#353,.T.);
#3550=EDGE_CURVE('',#2539,#2487,#354,.T.);
#3551=EDGE_CURVE('',#2488,#2579,#355,.T.);
#3552=EDGE_CURVE('',#2486,#2589,#356,.T.);
#3553=EDGE_CURVE('',#2592,#2483,#357,.T.);
#3554=EDGE_CURVE('',#2542,#2481,#358,.T.);
#3555=EDGE_CURVE('',#2482,#2541,#359,.T.);
#3556=EDGE_CURVE('',#2480,#2597,#360,.T.);
#3557=EDGE_CURVE('',#2608,#2471,#361,.T.);
#3558=EDGE_CURVE('',#2546,#2469,#362,.T.);
#3559=EDGE_CURVE('',#2470,#2545,#363,.T.);
#3560=EDGE_CURVE('',#2468,#2613,#364,.T.);
#3561=EDGE_CURVE('',#2600,#2477,#365,.T.);
#3562=EDGE_CURVE('',#2544,#2475,#366,.T.);
#3563=EDGE_CURVE('',#2476,#2543,#367,.T.);
#3564=EDGE_CURVE('',#2474,#2605,#368,.T.);
#3565=EDGE_CURVE('',#2616,#2465,#369,.T.);
#3566=EDGE_CURVE('',#2548,#2463,#370,.T.);
#3567=EDGE_CURVE('',#2464,#2547,#371,.T.);
#3568=EDGE_CURVE('',#2462,#2621,#372,.T.);
#3569=EDGE_CURVE('',#2624,#2459,#373,.T.);
#3570=EDGE_CURVE('',#2550,#2457,#374,.T.);
#3571=EDGE_CURVE('',#2458,#2549,#375,.T.);
#3572=EDGE_CURVE('',#2456,#2629,#376,.T.);
#3573=EDGE_CURVE('',#2558,#2433,#377,.T.);
#3574=EDGE_CURVE('',#2432,#2662,#378,.T.);
#3575=EDGE_CURVE('',#2556,#2439,#379,.T.);
#3576=EDGE_CURVE('',#2438,#2653,#380,.T.);
#3577=EDGE_CURVE('',#2554,#2445,#381,.T.);
#3578=EDGE_CURVE('',#2444,#2645,#382,.T.);
#3579=EDGE_CURVE('',#2552,#2451,#383,.T.);
#3580=EDGE_CURVE('',#2450,#2637,#384,.T.);
#3581=EDGE_CURVE('',#2652,#2423,#385,.T.);
#3582=EDGE_CURVE('',#2422,#2561,#386,.T.);
#3583=EDGE_CURVE('',#2636,#2531,#387,.T.);
#3584=EDGE_CURVE('',#2530,#2565,#388,.T.);
#3585=EDGE_CURVE('',#2644,#2417,#389,.T.);
#3586=EDGE_CURVE('',#2536,#2563,#390,.T.);
#3587=EDGE_CURVE('',#2741,#2741,#2100,.T.);
#3588=EDGE_CURVE('',#2741,#2742,#391,.T.);
#3589=EDGE_CURVE('',#2742,#2742,#2101,.T.);
#3590=EDGE_CURVE('',#2537,#2741,#392,.T.);
#3591=EDGE_CURVE('',#2743,#2744,#2102,.T.);
#3592=EDGE_CURVE('',#2744,#2745,#393,.T.);
#3593=EDGE_CURVE('',#2745,#2745,#2103,.T.);
#3594=EDGE_CURVE('',#2744,#2746,#2104,.T.);
#3595=EDGE_CURVE('',#2746,#2747,#2105,.T.);
#3596=EDGE_CURVE('',#2747,#2748,#2106,.T.);
#3597=EDGE_CURVE('',#2748,#2749,#2107,.T.);
#3598=EDGE_CURVE('',#2749,#2750,#2108,.T.);
#3599=EDGE_CURVE('',#2750,#2751,#2109,.T.);
#3600=EDGE_CURVE('',#2751,#2752,#2110,.T.);
#3601=EDGE_CURVE('',#2752,#2753,#2111,.T.);
#3602=EDGE_CURVE('',#2753,#2754,#2112,.T.);
#3603=EDGE_CURVE('',#2754,#2755,#2113,.T.);
#3604=EDGE_CURVE('',#2755,#2756,#2114,.T.);
#3605=EDGE_CURVE('',#2756,#2757,#2115,.T.);
#3606=EDGE_CURVE('',#2757,#2758,#2116,.T.);
#3607=EDGE_CURVE('',#2758,#2759,#2117,.T.);
#3608=EDGE_CURVE('',#2759,#2760,#2118,.T.);
#3609=EDGE_CURVE('',#2760,#2761,#2119,.T.);
#3610=EDGE_CURVE('',#2761,#2762,#2120,.T.);
#3611=EDGE_CURVE('',#2762,#2763,#2121,.T.);
#3612=EDGE_CURVE('',#2763,#2764,#2122,.T.);
#3613=EDGE_CURVE('',#2764,#2765,#2123,.T.);
#3614=EDGE_CURVE('',#2765,#2766,#2124,.T.);
#3615=EDGE_CURVE('',#2766,#2767,#2125,.T.);
#3616=EDGE_CURVE('',#2767,#2768,#2126,.T.);
#3617=EDGE_CURVE('',#2768,#2769,#2127,.T.);
#3618=EDGE_CURVE('',#2769,#2770,#2128,.T.);
#3619=EDGE_CURVE('',#2770,#2771,#2129,.T.);
#3620=EDGE_CURVE('',#2771,#2772,#2130,.T.);
#3621=EDGE_CURVE('',#2772,#2773,#2131,.T.);
#3622=EDGE_CURVE('',#2773,#2774,#2132,.T.);
#3623=EDGE_CURVE('',#2774,#2775,#2133,.T.);
#3624=EDGE_CURVE('',#2775,#2776,#2134,.T.);
#3625=EDGE_CURVE('',#2776,#2777,#2135,.T.);
#3626=EDGE_CURVE('',#2777,#2778,#2136,.T.);
#3627=EDGE_CURVE('',#2778,#2779,#2137,.T.);
#3628=EDGE_CURVE('',#2779,#2780,#2138,.T.);
#3629=EDGE_CURVE('',#2780,#2781,#2139,.T.);
#3630=EDGE_CURVE('',#2781,#2782,#2140,.T.);
#3631=EDGE_CURVE('',#2782,#2783,#2141,.T.);
#3632=EDGE_CURVE('',#2783,#2784,#2142,.T.);
#3633=EDGE_CURVE('',#2784,#2743,#2143,.T.);
#3634=EDGE_CURVE('',#2746,#2785,#2144,.T.);
#3635=EDGE_CURVE('',#2785,#2786,#2145,.T.);
#3636=EDGE_CURVE('',#2786,#2787,#2146,.T.);
#3637=EDGE_CURVE('',#2787,#2788,#2147,.T.);
#3638=EDGE_CURVE('',#2788,#2747,#2148,.T.);
#3639=EDGE_CURVE('',#2748,#2789,#2149,.T.);
#3640=EDGE_CURVE('',#2789,#2790,#2150,.T.);
#3641=EDGE_CURVE('',#2790,#2791,#2151,.T.);
#3642=EDGE_CURVE('',#2791,#2792,#2152,.T.);
#3643=EDGE_CURVE('',#2792,#2749,#2153,.T.);
#3644=EDGE_CURVE('',#2784,#2793,#2154,.T.);
#3645=EDGE_CURVE('',#2793,#2794,#2155,.T.);
#3646=EDGE_CURVE('',#2794,#2795,#2156,.T.);
#3647=EDGE_CURVE('',#2795,#2796,#2157,.T.);
#3648=EDGE_CURVE('',#2796,#2743,#2158,.T.);
#3649=EDGE_CURVE('',#2750,#2797,#2159,.T.);
#3650=EDGE_CURVE('',#2797,#2798,#2160,.T.);
#3651=EDGE_CURVE('',#2798,#2799,#2161,.T.);
#3652=EDGE_CURVE('',#2799,#2800,#2162,.T.);
#3653=EDGE_CURVE('',#2800,#2751,#2163,.T.);
#3654=EDGE_CURVE('',#2782,#2801,#2164,.T.);
#3655=EDGE_CURVE('',#2801,#2802,#2165,.T.);
#3656=EDGE_CURVE('',#2802,#2803,#2166,.T.);
#3657=EDGE_CURVE('',#2803,#2804,#2167,.T.);
#3658=EDGE_CURVE('',#2804,#2783,#2168,.T.);
#3659=EDGE_CURVE('',#2752,#2805,#2169,.T.);
#3660=EDGE_CURVE('',#2805,#2806,#2170,.T.);
#3661=EDGE_CURVE('',#2806,#2807,#2171,.T.);
#3662=EDGE_CURVE('',#2807,#2808,#2172,.T.);
#3663=EDGE_CURVE('',#2808,#2753,#2173,.T.);
#3664=EDGE_CURVE('',#2780,#2809,#2174,.T.);
#3665=EDGE_CURVE('',#2809,#2810,#2175,.T.);
#3666=EDGE_CURVE('',#2810,#2811,#2176,.T.);
#3667=EDGE_CURVE('',#2811,#2812,#2177,.T.);
#3668=EDGE_CURVE('',#2812,#2781,#2178,.T.);
#3669=EDGE_CURVE('',#2754,#2813,#2179,.T.);
#3670=EDGE_CURVE('',#2813,#2814,#2180,.T.);
#3671=EDGE_CURVE('',#2814,#2815,#2181,.T.);
#3672=EDGE_CURVE('',#2815,#2816,#2182,.T.);
#3673=EDGE_CURVE('',#2816,#2755,#2183,.T.);
#3674=EDGE_CURVE('',#2778,#2817,#2184,.T.);
#3675=EDGE_CURVE('',#2817,#2818,#2185,.T.);
#3676=EDGE_CURVE('',#2818,#2819,#2186,.T.);
#3677=EDGE_CURVE('',#2819,#2820,#2187,.T.);
#3678=EDGE_CURVE('',#2820,#2779,#2188,.T.);
#3679=EDGE_CURVE('',#2756,#2821,#2189,.T.);
#3680=EDGE_CURVE('',#2821,#2822,#2190,.T.);
#3681=EDGE_CURVE('',#2822,#2823,#2191,.T.);
#3682=EDGE_CURVE('',#2823,#2824,#2192,.T.);
#3683=EDGE_CURVE('',#2824,#2757,#2193,.T.);
#3684=EDGE_CURVE('',#2776,#2825,#2194,.T.);
#3685=EDGE_CURVE('',#2825,#2826,#2195,.T.);
#3686=EDGE_CURVE('',#2826,#2827,#2196,.T.);
#3687=EDGE_CURVE('',#2827,#2828,#2197,.T.);
#3688=EDGE_CURVE('',#2828,#2777,#2198,.T.);
#3689=EDGE_CURVE('',#2758,#2829,#2199,.T.);
#3690=EDGE_CURVE('',#2829,#2830,#2200,.T.);
#3691=EDGE_CURVE('',#2830,#2831,#2201,.T.);
#3692=EDGE_CURVE('',#2831,#2832,#2202,.T.);
#3693=EDGE_CURVE('',#2832,#2759,#2203,.T.);
#3694=EDGE_CURVE('',#2774,#2833,#2204,.T.);
#3695=EDGE_CURVE('',#2833,#2834,#2205,.T.);
#3696=EDGE_CURVE('',#2834,#2835,#2206,.T.);
#3697=EDGE_CURVE('',#2835,#2836,#2207,.T.);
#3698=EDGE_CURVE('',#2836,#2775,#2208,.T.);
#3699=EDGE_CURVE('',#2760,#2837,#2209,.T.);
#3700=EDGE_CURVE('',#2837,#2838,#2210,.T.);
#3701=EDGE_CURVE('',#2838,#2839,#2211,.T.);
#3702=EDGE_CURVE('',#2839,#2840,#2212,.T.);
#3703=EDGE_CURVE('',#2840,#2761,#2213,.T.);
#3704=EDGE_CURVE('',#2772,#2841,#2214,.T.);
#3705=EDGE_CURVE('',#2841,#2842,#2215,.T.);
#3706=EDGE_CURVE('',#2842,#2843,#2216,.T.);
#3707=EDGE_CURVE('',#2843,#2844,#2217,.T.);
#3708=EDGE_CURVE('',#2844,#2773,#2218,.T.);
#3709=EDGE_CURVE('',#2762,#2845,#2219,.T.);
#3710=EDGE_CURVE('',#2845,#2846,#2220,.T.);
#3711=EDGE_CURVE('',#2846,#2847,#2221,.T.);
#3712=EDGE_CURVE('',#2847,#2848,#2222,.T.);
#3713=EDGE_CURVE('',#2848,#2763,#2223,.T.);
#3714=EDGE_CURVE('',#2770,#2849,#2224,.T.);
#3715=EDGE_CURVE('',#2849,#2850,#2225,.T.);
#3716=EDGE_CURVE('',#2850,#2851,#2226,.T.);
#3717=EDGE_CURVE('',#2851,#2852,#2227,.T.);
#3718=EDGE_CURVE('',#2852,#2771,#2228,.T.);
#3719=EDGE_CURVE('',#2764,#2853,#2229,.T.);
#3720=EDGE_CURVE('',#2853,#2854,#2230,.T.);
#3721=EDGE_CURVE('',#2854,#2855,#2231,.T.);
#3722=EDGE_CURVE('',#2855,#2856,#2232,.T.);
#3723=EDGE_CURVE('',#2856,#2765,#2233,.T.);
#3724=EDGE_CURVE('',#2768,#2857,#2234,.T.);
#3725=EDGE_CURVE('',#2857,#2858,#2235,.T.);
#3726=EDGE_CURVE('',#2858,#2859,#2236,.T.);
#3727=EDGE_CURVE('',#2859,#2860,#2237,.T.);
#3728=EDGE_CURVE('',#2860,#2769,#2238,.T.);
#3729=EDGE_CURVE('',#2742,#2745,#394,.T.);
#3730=EDGE_CURVE('',#2861,#2861,#2239,.T.);
#3731=EDGE_CURVE('',#2861,#2862,#395,.T.);
#3732=EDGE_CURVE('',#2862,#2862,#2240,.T.);
#3733=EDGE_CURVE('',#2863,#2863,#2241,.T.);
#3734=EDGE_CURVE('',#2863,#2864,#396,.T.);
#3735=EDGE_CURVE('',#2864,#2864,#2242,.T.);
#3736=EDGE_CURVE('',#2865,#2865,#2243,.T.);
#3737=EDGE_CURVE('',#2865,#2866,#397,.T.);
#3738=EDGE_CURVE('',#2866,#2866,#2244,.T.);
#3739=EDGE_CURVE('',#2867,#2867,#2245,.T.);
#3740=EDGE_CURVE('',#2867,#2868,#398,.T.);
#3741=EDGE_CURVE('',#2868,#2868,#2246,.T.);
#3742=EDGE_CURVE('',#2869,#2869,#2247,.T.);
#3743=EDGE_CURVE('',#2869,#2870,#399,.T.);
#3744=EDGE_CURVE('',#2870,#2870,#2248,.T.);
#3745=EDGE_CURVE('',#2871,#2872,#2249,.T.);
#3746=EDGE_CURVE('',#2833,#2871,#400,.T.);
#3747=EDGE_CURVE('',#2872,#2774,#401,.T.);
#3748=EDGE_CURVE('',#2873,#2874,#2250,.T.);
#3749=EDGE_CURVE('',#2841,#2873,#402,.T.);
#3750=EDGE_CURVE('',#2874,#2772,#403,.T.);
#3751=EDGE_CURVE('',#2875,#2876,#2251,.T.);
#3752=EDGE_CURVE('',#2849,#2875,#404,.T.);
#3753=EDGE_CURVE('',#2876,#2770,#405,.T.);
#3754=EDGE_CURVE('',#2877,#2878,#2252,.T.);
#3755=EDGE_CURVE('',#2857,#2877,#406,.T.);
#3756=EDGE_CURVE('',#2878,#2768,#407,.T.);
#3757=EDGE_CURVE('',#2879,#2880,#2253,.T.);
#3758=EDGE_CURVE('',#2765,#2879,#408,.T.);
#3759=EDGE_CURVE('',#2880,#2856,#409,.T.);
#3760=EDGE_CURVE('',#2881,#2882,#2254,.T.);
#3761=EDGE_CURVE('',#2883,#2881,#410,.T.);
#3762=EDGE_CURVE('',#2766,#2883,#2255,.T.);
#3763=EDGE_CURVE('',#2882,#2766,#411,.T.);
#3764=EDGE_CURVE('',#2884,#2885,#2256,.T.);
#3765=EDGE_CURVE('',#2763,#2884,#412,.T.);
#3766=EDGE_CURVE('',#2885,#2848,#413,.T.);
#3767=EDGE_CURVE('',#2886,#2887,#2257,.T.);
#3768=EDGE_CURVE('',#2761,#2886,#414,.T.);
#3769=EDGE_CURVE('',#2887,#2840,#415,.T.);
#3770=EDGE_CURVE('',#2888,#2889,#2258,.T.);
#3771=EDGE_CURVE('',#2759,#2888,#416,.T.);
#3772=EDGE_CURVE('',#2889,#2832,#417,.T.);
#3773=EDGE_CURVE('',#2890,#2891,#2259,.T.);
#3774=EDGE_CURVE('',#2757,#2890,#418,.T.);
#3775=EDGE_CURVE('',#2891,#2824,#419,.T.);
#3776=EDGE_CURVE('',#2879,#2882,#2260,.T.);
#3777=EDGE_CURVE('',#2871,#2892,#2261,.T.);
#3778=EDGE_CURVE('',#2892,#2893,#95,.T.);
#3779=EDGE_CURVE('',#2894,#2893,#420,.T.);
#3780=EDGE_CURVE('',#2894,#2834,#96,.T.);
#3781=EDGE_CURVE('',#2823,#2895,#97,.T.);
#3782=EDGE_CURVE('',#2895,#2896,#421,.T.);
#3783=EDGE_CURVE('',#2896,#2897,#98,.T.);
#3784=EDGE_CURVE('',#2897,#2891,#2262,.T.);
#3785=EDGE_CURVE('',#2898,#2899,#2263,.T.);
#3786=EDGE_CURVE('',#2898,#2900,#2264,.T.);
#3787=EDGE_CURVE('',#2886,#2900,#2265,.T.);
#3788=EDGE_CURVE('',#2901,#2887,#2266,.T.);
#3789=EDGE_CURVE('',#2901,#2902,#2267,.T.);
#3790=EDGE_CURVE('',#2903,#2902,#2268,.T.);
#3791=EDGE_CURVE('',#2903,#2904,#2269,.T.);
#3792=EDGE_CURVE('',#2888,#2904,#2270,.T.);
#3793=EDGE_CURVE('',#2905,#2889,#2271,.T.);
#3794=EDGE_CURVE('',#2905,#2906,#2272,.T.);
#3795=EDGE_CURVE('',#2907,#2906,#2273,.T.);
#3796=EDGE_CURVE('',#2907,#2908,#2274,.T.);
#3797=EDGE_CURVE('',#2890,#2908,#2275,.T.);
#3798=EDGE_CURVE('',#2897,#2909,#2276,.T.);
#3799=EDGE_CURVE('',#2910,#2909,#2277,.T.);
#3800=EDGE_CURVE('',#2910,#2911,#2278,.T.);
#3801=EDGE_CURVE('',#2912,#2911,#2279,.T.);
#3802=EDGE_CURVE('',#2912,#2913,#2280,.T.);
#3803=EDGE_CURVE('',#2914,#2913,#2281,.T.);
#3804=EDGE_CURVE('',#2914,#2915,#2282,.T.);
#3805=EDGE_CURVE('',#2916,#2915,#2283,.T.);
#3806=EDGE_CURVE('',#2916,#2917,#2284,.T.);
#3807=EDGE_CURVE('',#2918,#2917,#2285,.T.);
#3808=EDGE_CURVE('',#2918,#2919,#2286,.T.);
#3809=EDGE_CURVE('',#2920,#2919,#2287,.T.);
#3810=EDGE_CURVE('',#2920,#2921,#2288,.T.);
#3811=EDGE_CURVE('',#2922,#2921,#2289,.T.);
#3812=EDGE_CURVE('',#2922,#2923,#2290,.T.);
#3813=EDGE_CURVE('',#2924,#2923,#2291,.T.);
#3814=EDGE_CURVE('',#2924,#2925,#2292,.T.);
#3815=EDGE_CURVE('',#2926,#2925,#2293,.T.);
#3816=EDGE_CURVE('',#2926,#2927,#2294,.T.);
#3817=EDGE_CURVE('',#2928,#2927,#2295,.T.);
#3818=EDGE_CURVE('',#2928,#2929,#2296,.T.);
#3819=EDGE_CURVE('',#2930,#2929,#2297,.T.);
#3820=EDGE_CURVE('',#2930,#2931,#2298,.T.);
#3821=EDGE_CURVE('',#2932,#2931,#2299,.T.);
#3822=EDGE_CURVE('',#2932,#2933,#2300,.T.);
#3823=EDGE_CURVE('',#2934,#2933,#2301,.T.);
#3824=EDGE_CURVE('',#2934,#2935,#2302,.T.);
#3825=EDGE_CURVE('',#2936,#2935,#2303,.T.);
#3826=EDGE_CURVE('',#2936,#2937,#2304,.T.);
#3827=EDGE_CURVE('',#2938,#2937,#2305,.T.);
#3828=EDGE_CURVE('',#2938,#2939,#2306,.T.);
#3829=EDGE_CURVE('',#2940,#2939,#2307,.T.);
#3830=EDGE_CURVE('',#2940,#2941,#2308,.T.);
#3831=EDGE_CURVE('',#2942,#2941,#2309,.T.);
#3832=EDGE_CURVE('',#2942,#2943,#2310,.T.);
#3833=EDGE_CURVE('',#2944,#2943,#2311,.T.);
#3834=EDGE_CURVE('',#2944,#2945,#2312,.T.);
#3835=EDGE_CURVE('',#2946,#2945,#2313,.T.);
#3836=EDGE_CURVE('',#2946,#2947,#2314,.T.);
#3837=EDGE_CURVE('',#2948,#2947,#2315,.T.);
#3838=EDGE_CURVE('',#2948,#2949,#2316,.T.);
#3839=EDGE_CURVE('',#2950,#2949,#2317,.T.);
#3840=EDGE_CURVE('',#2950,#2951,#2318,.T.);
#3841=EDGE_CURVE('',#2952,#2951,#2319,.T.);
#3842=EDGE_CURVE('',#2952,#2953,#2320,.T.);
#3843=EDGE_CURVE('',#2954,#2953,#2321,.T.);
#3844=EDGE_CURVE('',#2954,#2955,#2322,.T.);
#3845=EDGE_CURVE('',#2956,#2955,#2323,.T.);
#3846=EDGE_CURVE('',#2956,#2957,#2324,.T.);
#3847=EDGE_CURVE('',#2958,#2957,#2325,.T.);
#3848=EDGE_CURVE('',#2958,#2959,#2326,.T.);
#3849=EDGE_CURVE('',#2960,#2959,#2327,.T.);
#3850=EDGE_CURVE('',#2960,#2961,#2328,.T.);
#3851=EDGE_CURVE('',#2962,#2961,#2329,.T.);
#3852=EDGE_CURVE('',#2962,#2963,#2330,.T.);
#3853=EDGE_CURVE('',#2964,#2963,#2331,.T.);
#3854=EDGE_CURVE('',#2964,#2965,#2332,.T.);
#3855=EDGE_CURVE('',#2966,#2965,#2333,.T.);
#3856=EDGE_CURVE('',#2966,#2967,#2334,.T.);
#3857=EDGE_CURVE('',#2968,#2967,#2335,.T.);
#3858=EDGE_CURVE('',#2968,#2969,#2336,.T.);
#3859=EDGE_CURVE('',#2970,#2969,#2337,.T.);
#3860=EDGE_CURVE('',#2970,#2971,#2338,.T.);
#3861=EDGE_CURVE('',#2972,#2971,#2339,.T.);
#3862=EDGE_CURVE('',#2972,#2973,#2340,.T.);
#3863=EDGE_CURVE('',#2974,#2973,#2341,.T.);
#3864=EDGE_CURVE('',#2974,#2892,#2342,.T.);
#3865=EDGE_CURVE('',#2975,#2872,#2343,.T.);
#3866=EDGE_CURVE('',#2975,#2976,#2344,.T.);
#3867=EDGE_CURVE('',#2977,#2976,#2345,.T.);
#3868=EDGE_CURVE('',#2977,#2978,#2346,.T.);
#3869=EDGE_CURVE('',#2873,#2978,#2347,.T.);
#3870=EDGE_CURVE('',#2979,#2874,#2348,.T.);
#3871=EDGE_CURVE('',#2979,#2980,#2349,.T.);
#3872=EDGE_CURVE('',#2981,#2980,#2350,.T.);
#3873=EDGE_CURVE('',#2981,#2982,#2351,.T.);
#3874=EDGE_CURVE('',#2875,#2982,#2352,.T.);
#3875=EDGE_CURVE('',#2983,#2876,#2353,.T.);
#3876=EDGE_CURVE('',#2983,#2984,#2354,.T.);
#3877=EDGE_CURVE('',#2985,#2984,#2355,.T.);
#3878=EDGE_CURVE('',#2985,#2986,#2356,.T.);
#3879=EDGE_CURVE('',#2877,#2986,#2357,.T.);
#3880=EDGE_CURVE('',#2987,#2878,#2358,.T.);
#3881=EDGE_CURVE('',#2987,#2988,#2359,.T.);
#3882=EDGE_CURVE('',#2989,#2988,#2360,.T.);
#3883=EDGE_CURVE('',#2989,#2990,#2361,.T.);
#3884=EDGE_CURVE('',#2881,#2990,#2362,.T.);
#3885=EDGE_CURVE('',#2991,#2880,#2363,.T.);
#3886=EDGE_CURVE('',#2991,#2992,#2364,.T.);
#3887=EDGE_CURVE('',#2993,#2992,#2365,.T.);
#3888=EDGE_CURVE('',#2993,#2994,#2366,.T.);
#3889=EDGE_CURVE('',#2884,#2994,#2367,.T.);
#3890=EDGE_CURVE('',#2995,#2885,#2368,.T.);
#3891=EDGE_CURVE('',#2995,#2899,#2369,.T.);
#3892=EDGE_CURVE('',#2883,#2996,#2370,.T.);
#3893=EDGE_CURVE('',#2996,#2997,#2371,.T.);
#3894=EDGE_CURVE('',#2997,#2998,#2372,.T.);
#3895=EDGE_CURVE('',#2998,#2767,#2373,.T.);
#3896=EDGE_CURVE('',#2999,#3000,#2374,.T.);
#3897=EDGE_CURVE('',#3000,#3001,#422,.T.);
#3898=EDGE_CURVE('',#3001,#3002,#2375,.T.);
#3899=EDGE_CURVE('',#2999,#3002,#423,.T.);
#3900=EDGE_CURVE('',#3003,#3004,#2376,.T.);
#3901=EDGE_CURVE('',#3005,#3004,#424,.T.);
#3902=EDGE_CURVE('',#3005,#3006,#2377,.T.);
#3903=EDGE_CURVE('',#3006,#3003,#425,.T.);
#3904=EDGE_CURVE('',#3007,#3008,#2378,.T.);
#3905=EDGE_CURVE('',#3008,#3009,#426,.T.);
#3906=EDGE_CURVE('',#3009,#3010,#2379,.T.);
#3907=EDGE_CURVE('',#3007,#3010,#427,.T.);
#3908=EDGE_CURVE('',#3011,#3012,#2380,.T.);
#3909=EDGE_CURVE('',#3012,#3013,#428,.T.);
#3910=EDGE_CURVE('',#3013,#3014,#2381,.T.);
#3911=EDGE_CURVE('',#3011,#3014,#429,.T.);
#3912=EDGE_CURVE('',#3015,#2894,#2382,.T.);
#3913=EDGE_CURVE('',#2893,#3016,#2383,.T.);
#3914=EDGE_CURVE('',#3015,#3016,#430,.T.);
#3915=EDGE_CURVE('',#3017,#3018,#2384,.T.);
#3916=EDGE_CURVE('',#3019,#3018,#431,.T.);
#3917=EDGE_CURVE('',#3019,#3020,#2385,.T.);
#3918=EDGE_CURVE('',#3020,#3017,#432,.T.);
#3919=EDGE_CURVE('',#3021,#3022,#2386,.T.);
#3920=EDGE_CURVE('',#3023,#3022,#433,.T.);
#3921=EDGE_CURVE('',#3023,#3024,#2387,.T.);
#3922=EDGE_CURVE('',#3024,#3021,#434,.T.);
#3923=EDGE_CURVE('',#3025,#3026,#2388,.T.);
#3924=EDGE_CURVE('',#3027,#3026,#435,.T.);
#3925=EDGE_CURVE('',#3027,#3028,#2389,.T.);
#3926=EDGE_CURVE('',#3028,#3025,#436,.T.);
#3927=EDGE_CURVE('',#3029,#3030,#2390,.T.);
#3928=EDGE_CURVE('',#3030,#3031,#437,.T.);
#3929=EDGE_CURVE('',#3031,#3032,#2391,.T.);
#3930=EDGE_CURVE('',#3029,#3032,#438,.T.);
#3931=EDGE_CURVE('',#3033,#3034,#2392,.T.);
#3932=EDGE_CURVE('',#3034,#3035,#439,.T.);
#3933=EDGE_CURVE('',#3035,#3036,#2393,.T.);
#3934=EDGE_CURVE('',#3033,#3036,#440,.T.);
#3935=EDGE_CURVE('',#3037,#3038,#2394,.T.);
#3936=EDGE_CURVE('',#3038,#3039,#441,.T.);
#3937=EDGE_CURVE('',#3039,#3040,#2395,.T.);
#3938=EDGE_CURVE('',#3037,#3040,#442,.T.);
#3939=EDGE_CURVE('',#3041,#3042,#2396,.T.);
#3940=EDGE_CURVE('',#3043,#3042,#443,.T.);
#3941=EDGE_CURVE('',#3043,#3044,#2397,.T.);
#3942=EDGE_CURVE('',#3044,#3041,#444,.T.);
#3943=EDGE_CURVE('',#3045,#3046,#2398,.T.);
#3944=EDGE_CURVE('',#3046,#3047,#445,.T.);
#3945=EDGE_CURVE('',#3047,#3048,#2399,.T.);
#3946=EDGE_CURVE('',#3045,#3048,#446,.T.);
#3947=EDGE_CURVE('',#3049,#3050,#2400,.T.);
#3948=EDGE_CURVE('',#3050,#3051,#447,.T.);
#3949=EDGE_CURVE('',#3051,#3052,#2401,.T.);
#3950=EDGE_CURVE('',#3049,#3052,#448,.T.);
#3951=EDGE_CURVE('',#3053,#3054,#2402,.T.);
#3952=EDGE_CURVE('',#3054,#3055,#449,.T.);
#3953=EDGE_CURVE('',#3055,#3056,#2403,.T.);
#3954=EDGE_CURVE('',#3053,#3056,#450,.T.);
#3955=EDGE_CURVE('',#3057,#3058,#2404,.T.);
#3956=EDGE_CURVE('',#3058,#3059,#451,.T.);
#3957=EDGE_CURVE('',#3059,#3060,#2405,.T.);
#3958=EDGE_CURVE('',#3057,#3060,#452,.T.);
#3959=EDGE_CURVE('',#3061,#3062,#2406,.T.);
#3960=EDGE_CURVE('',#3062,#3063,#453,.T.);
#3961=EDGE_CURVE('',#3063,#3064,#2407,.T.);
#3962=EDGE_CURVE('',#3061,#3064,#454,.T.);
#3963=EDGE_CURVE('',#3065,#3066,#2408,.T.);
#3964=EDGE_CURVE('',#3066,#3067,#455,.T.);
#3965=EDGE_CURVE('',#3067,#3068,#2409,.T.);
#3966=EDGE_CURVE('',#3065,#3068,#456,.T.);
#3967=EDGE_CURVE('',#3069,#3070,#2410,.T.);
#3968=EDGE_CURVE('',#3071,#3070,#457,.T.);
#3969=EDGE_CURVE('',#3071,#3072,#2411,.T.);
#3970=EDGE_CURVE('',#3072,#3069,#458,.T.);
#3971=EDGE_CURVE('',#3000,#2846,#99,.T.);
#3972=EDGE_CURVE('',#2847,#2999,#100,.T.);
#3973=EDGE_CURVE('',#2839,#3005,#101,.T.);
#3974=EDGE_CURVE('',#3006,#2838,#102,.T.);
#3975=EDGE_CURVE('',#3008,#2854,#103,.T.);
#3976=EDGE_CURVE('',#2855,#3007,#104,.T.);
#3977=EDGE_CURVE('',#3012,#2996,#105,.T.);
#3978=EDGE_CURVE('',#2997,#3011,#106,.T.);
#3979=EDGE_CURVE('',#2835,#3015,#107,.T.);
#3980=EDGE_CURVE('',#2843,#3019,#108,.T.);
#3981=EDGE_CURVE('',#3020,#2842,#109,.T.);
#3982=EDGE_CURVE('',#2851,#3023,#110,.T.);
#3983=EDGE_CURVE('',#3024,#2850,#111,.T.);
#3984=EDGE_CURVE('',#2859,#3027,#112,.T.);
#3985=EDGE_CURVE('',#3028,#2858,#113,.T.);
#3986=EDGE_CURVE('',#3030,#2826,#114,.T.);
#3987=EDGE_CURVE('',#2827,#3029,#115,.T.);
#3988=EDGE_CURVE('',#3034,#2818,#116,.T.);
#3989=EDGE_CURVE('',#2819,#3033,#117,.T.);
#3990=EDGE_CURVE('',#3038,#2802,#118,.T.);
#3991=EDGE_CURVE('',#2803,#3037,#119,.T.);
#3992=EDGE_CURVE('',#2811,#3043,#120,.T.);
#3993=EDGE_CURVE('',#3044,#2810,#121,.T.);
#3994=EDGE_CURVE('',#3046,#2794,#122,.T.);
#3995=EDGE_CURVE('',#2795,#3045,#123,.T.);
#3996=EDGE_CURVE('',#3050,#2786,#124,.T.);
#3997=EDGE_CURVE('',#2787,#3049,#125,.T.);
#3998=EDGE_CURVE('',#3054,#2790,#126,.T.);
#3999=EDGE_CURVE('',#2791,#3053,#127,.T.);
#4000=EDGE_CURVE('',#3058,#2798,#128,.T.);
#4001=EDGE_CURVE('',#2799,#3057,#129,.T.);
#4002=EDGE_CURVE('',#3062,#2806,#130,.T.);
#4003=EDGE_CURVE('',#2807,#3061,#131,.T.);
#4004=EDGE_CURVE('',#3066,#2814,#132,.T.);
#4005=EDGE_CURVE('',#2815,#3065,#133,.T.);
#4006=EDGE_CURVE('',#2831,#3071,#134,.T.);
#4007=EDGE_CURVE('',#3072,#2830,#135,.T.);
#4008=EDGE_CURVE('',#2899,#3001,#136,.T.);
#4009=EDGE_CURVE('',#3002,#2995,#137,.T.);
#4010=EDGE_CURVE('',#3004,#2901,#138,.T.);
#4011=EDGE_CURVE('',#2902,#3003,#139,.T.);
#4012=EDGE_CURVE('',#2992,#3009,#140,.T.);
#4013=EDGE_CURVE('',#3010,#2991,#141,.T.);
#4014=EDGE_CURVE('',#2990,#3013,#142,.T.);
#4015=EDGE_CURVE('',#3014,#2989,#143,.T.);
#4016=EDGE_CURVE('',#3016,#2974,#144,.T.);
#4017=EDGE_CURVE('',#3018,#2977,#145,.T.);
#4018=EDGE_CURVE('',#2978,#3017,#146,.T.);
#4019=EDGE_CURVE('',#3022,#2981,#147,.T.);
#4020=EDGE_CURVE('',#2982,#3021,#148,.T.);
#4021=EDGE_CURVE('',#3026,#2985,#149,.T.);
#4022=EDGE_CURVE('',#2986,#3025,#150,.T.);
#4023=EDGE_CURVE('',#2969,#3031,#151,.T.);
#4024=EDGE_CURVE('',#3032,#2968,#152,.T.);
#4025=EDGE_CURVE('',#2963,#3035,#153,.T.);
#4026=EDGE_CURVE('',#3036,#2962,#154,.T.);
#4027=EDGE_CURVE('',#2951,#3039,#155,.T.);
#4028=EDGE_CURVE('',#3040,#2950,#156,.T.);
#4029=EDGE_CURVE('',#3042,#2956,#157,.T.);
#4030=EDGE_CURVE('',#2957,#3041,#158,.T.);
#4031=EDGE_CURVE('',#2945,#3047,#159,.T.);
#4032=EDGE_CURVE('',#3048,#2944,#160,.T.);
#4033=EDGE_CURVE('',#2939,#3051,#161,.T.);
#4034=EDGE_CURVE('',#3052,#2938,#162,.T.);
#4035=EDGE_CURVE('',#2933,#3055,#163,.T.);
#4036=EDGE_CURVE('',#3056,#2932,#164,.T.);
#4037=EDGE_CURVE('',#2927,#3059,#165,.T.);
#4038=EDGE_CURVE('',#3060,#2926,#166,.T.);
#4039=EDGE_CURVE('',#2921,#3063,#167,.T.);
#4040=EDGE_CURVE('',#3064,#2920,#168,.T.);
#4041=EDGE_CURVE('',#2915,#3067,#169,.T.);
#4042=EDGE_CURVE('',#3068,#2914,#170,.T.);
#4043=EDGE_CURVE('',#3070,#2905,#171,.T.);
#4044=EDGE_CURVE('',#2906,#3069,#172,.T.);
#4045=EDGE_CURVE('',#3073,#2896,#2412,.T.);
#4046=EDGE_CURVE('',#2895,#3074,#2413,.T.);
#4047=EDGE_CURVE('',#3074,#3073,#459,.T.);
#4048=EDGE_CURVE('',#3074,#2822,#173,.T.);
#4049=EDGE_CURVE('',#2821,#2910,#460,.T.);
#4050=EDGE_CURVE('',#2909,#3073,#174,.T.);
#4051=EDGE_CURVE('',#2911,#2756,#461,.T.);
#4052=EDGE_CURVE('',#2755,#2912,#462,.T.);
#4053=EDGE_CURVE('',#2913,#2816,#463,.T.);
#4054=EDGE_CURVE('',#2829,#2907,#464,.T.);
#4055=EDGE_CURVE('',#2908,#2758,#465,.T.);
#4056=EDGE_CURVE('',#2813,#2916,#466,.T.);
#4057=EDGE_CURVE('',#2917,#2754,#467,.T.);
#4058=EDGE_CURVE('',#2753,#2918,#468,.T.);
#4059=EDGE_CURVE('',#2919,#2808,#469,.T.);
#4060=EDGE_CURVE('',#2805,#2922,#470,.T.);
#4061=EDGE_CURVE('',#2923,#2752,#471,.T.);
#4062=EDGE_CURVE('',#2751,#2924,#472,.T.);
#4063=EDGE_CURVE('',#2925,#2800,#473,.T.);
#4064=EDGE_CURVE('',#2797,#2928,#474,.T.);
#4065=EDGE_CURVE('',#2929,#2750,#475,.T.);
#4066=EDGE_CURVE('',#2749,#2930,#476,.T.);
#4067=EDGE_CURVE('',#2931,#2792,#477,.T.);
#4068=EDGE_CURVE('',#2789,#2934,#478,.T.);
#4069=EDGE_CURVE('',#2935,#2748,#479,.T.);
#4070=EDGE_CURVE('',#2747,#2936,#480,.T.);
#4071=EDGE_CURVE('',#2937,#2788,#481,.T.);
#4072=EDGE_CURVE('',#2785,#2940,#482,.T.);
#4073=EDGE_CURVE('',#2941,#2746,#483,.T.);
#4074=EDGE_CURVE('',#2743,#2942,#484,.T.);
#4075=EDGE_CURVE('',#2943,#2796,#485,.T.);
#4076=EDGE_CURVE('',#2793,#2946,#486,.T.);
#4077=EDGE_CURVE('',#2947,#2784,#487,.T.);
#4078=EDGE_CURVE('',#2783,#2948,#488,.T.);
#4079=EDGE_CURVE('',#2949,#2804,#489,.T.);
#4080=EDGE_CURVE('',#2809,#2958,#490,.T.);
#4081=EDGE_CURVE('',#2959,#2780,#491,.T.);
#4082=EDGE_CURVE('',#2779,#2960,#492,.T.);
#4083=EDGE_CURVE('',#2961,#2820,#493,.T.);
#4084=EDGE_CURVE('',#2801,#2952,#494,.T.);
#4085=EDGE_CURVE('',#2953,#2782,#495,.T.);
#4086=EDGE_CURVE('',#2781,#2954,#496,.T.);
#4087=EDGE_CURVE('',#2955,#2812,#497,.T.);
#4088=EDGE_CURVE('',#2817,#2964,#498,.T.);
#4089=EDGE_CURVE('',#2965,#2778,#499,.T.);
#4090=EDGE_CURVE('',#2777,#2966,#500,.T.);
#4091=EDGE_CURVE('',#2967,#2828,#501,.T.);
#4092=EDGE_CURVE('',#2825,#2970,#502,.T.);
#4093=EDGE_CURVE('',#2971,#2776,#503,.T.);
#4094=EDGE_CURVE('',#2775,#2972,#504,.T.);
#4095=EDGE_CURVE('',#2973,#2836,#505,.T.);
#4096=EDGE_CURVE('',#2767,#2987,#506,.T.);
#4097=EDGE_CURVE('',#2988,#2998,#507,.T.);
#4098=EDGE_CURVE('',#2769,#2983,#508,.T.);
#4099=EDGE_CURVE('',#2984,#2860,#509,.T.);
#4100=EDGE_CURVE('',#2771,#2979,#510,.T.);
#4101=EDGE_CURVE('',#2980,#2852,#511,.T.);
#4102=EDGE_CURVE('',#2773,#2975,#512,.T.);
#4103=EDGE_CURVE('',#2976,#2844,#513,.T.);
#4104=EDGE_CURVE('',#2853,#2993,#514,.T.);
#4105=EDGE_CURVE('',#2994,#2764,#515,.T.);
#4106=EDGE_CURVE('',#2837,#2903,#516,.T.);
#4107=EDGE_CURVE('',#2904,#2760,#517,.T.);
#4108=EDGE_CURVE('',#2845,#2898,#518,.T.);
#4109=EDGE_CURVE('',#2900,#2762,#519,.T.);
#4110=ORIENTED_EDGE('',*,*,#3075,.T.);
#4111=ORIENTED_EDGE('',*,*,#3075,.F.);
#4112=ORIENTED_EDGE('',*,*,#3076,.T.);
#4113=ORIENTED_EDGE('',*,*,#3077,.T.);
#4114=ORIENTED_EDGE('',*,*,#3076,.F.);
#4115=ORIENTED_EDGE('',*,*,#3078,.T.);
#4116=ORIENTED_EDGE('',*,*,#3079,.T.);
#4117=ORIENTED_EDGE('',*,*,#3077,.F.);
#4118=ORIENTED_EDGE('',*,*,#3079,.F.);
#4119=ORIENTED_EDGE('',*,*,#3080,.T.);
#4120=ORIENTED_EDGE('',*,*,#3081,.F.);
#4121=ORIENTED_EDGE('',*,*,#3082,.T.);
#4122=ORIENTED_EDGE('',*,*,#3083,.F.);
#4123=ORIENTED_EDGE('',*,*,#3084,.T.);
#4124=ORIENTED_EDGE('',*,*,#3085,.F.);
#4125=ORIENTED_EDGE('',*,*,#3086,.T.);
#4126=ORIENTED_EDGE('',*,*,#3087,.F.);
#4127=ORIENTED_EDGE('',*,*,#3088,.T.);
#4128=ORIENTED_EDGE('',*,*,#3089,.F.);
#4129=ORIENTED_EDGE('',*,*,#3090,.T.);
#4130=ORIENTED_EDGE('',*,*,#3091,.F.);
#4131=ORIENTED_EDGE('',*,*,#3092,.T.);
#4132=ORIENTED_EDGE('',*,*,#3093,.F.);
#4133=ORIENTED_EDGE('',*,*,#3094,.T.);
#4134=ORIENTED_EDGE('',*,*,#3095,.F.);
#4135=ORIENTED_EDGE('',*,*,#3096,.T.);
#4136=ORIENTED_EDGE('',*,*,#3097,.F.);
#4137=ORIENTED_EDGE('',*,*,#3098,.T.);
#4138=ORIENTED_EDGE('',*,*,#3099,.F.);
#4139=ORIENTED_EDGE('',*,*,#3100,.T.);
#4140=ORIENTED_EDGE('',*,*,#3101,.F.);
#4141=ORIENTED_EDGE('',*,*,#3102,.T.);
#4142=ORIENTED_EDGE('',*,*,#3103,.F.);
#4143=ORIENTED_EDGE('',*,*,#3104,.T.);
#4144=ORIENTED_EDGE('',*,*,#3105,.F.);
#4145=ORIENTED_EDGE('',*,*,#3106,.T.);
#4146=ORIENTED_EDGE('',*,*,#3107,.F.);
#4147=ORIENTED_EDGE('',*,*,#3108,.T.);
#4148=ORIENTED_EDGE('',*,*,#3109,.F.);
#4149=ORIENTED_EDGE('',*,*,#3110,.T.);
#4150=ORIENTED_EDGE('',*,*,#3111,.F.);
#4151=ORIENTED_EDGE('',*,*,#3112,.T.);
#4152=ORIENTED_EDGE('',*,*,#3113,.F.);
#4153=ORIENTED_EDGE('',*,*,#3114,.T.);
#4154=ORIENTED_EDGE('',*,*,#3115,.F.);
#4155=ORIENTED_EDGE('',*,*,#3116,.T.);
#4156=ORIENTED_EDGE('',*,*,#3117,.F.);
#4157=ORIENTED_EDGE('',*,*,#3118,.T.);
#4158=ORIENTED_EDGE('',*,*,#3119,.F.);
#4159=ORIENTED_EDGE('',*,*,#3120,.T.);
#4160=ORIENTED_EDGE('',*,*,#3121,.F.);
#4161=ORIENTED_EDGE('',*,*,#3122,.T.);
#4162=ORIENTED_EDGE('',*,*,#3123,.F.);
#4163=ORIENTED_EDGE('',*,*,#3124,.T.);
#4164=ORIENTED_EDGE('',*,*,#3125,.F.);
#4165=ORIENTED_EDGE('',*,*,#3126,.T.);
#4166=ORIENTED_EDGE('',*,*,#3127,.F.);
#4167=ORIENTED_EDGE('',*,*,#3128,.T.);
#4168=ORIENTED_EDGE('',*,*,#3129,.F.);
#4169=ORIENTED_EDGE('',*,*,#3130,.T.);
#4170=ORIENTED_EDGE('',*,*,#3131,.F.);
#4171=ORIENTED_EDGE('',*,*,#3132,.T.);
#4172=ORIENTED_EDGE('',*,*,#3133,.F.);
#4173=ORIENTED_EDGE('',*,*,#3134,.T.);
#4174=ORIENTED_EDGE('',*,*,#3135,.F.);
#4175=ORIENTED_EDGE('',*,*,#3136,.T.);
#4176=ORIENTED_EDGE('',*,*,#3137,.F.);
#4177=ORIENTED_EDGE('',*,*,#3138,.T.);
#4178=ORIENTED_EDGE('',*,*,#3139,.F.);
#4179=ORIENTED_EDGE('',*,*,#3140,.T.);
#4180=ORIENTED_EDGE('',*,*,#3141,.F.);
#4181=ORIENTED_EDGE('',*,*,#3142,.T.);
#4182=ORIENTED_EDGE('',*,*,#3143,.F.);
#4183=ORIENTED_EDGE('',*,*,#3144,.T.);
#4184=ORIENTED_EDGE('',*,*,#3145,.F.);
#4185=ORIENTED_EDGE('',*,*,#3146,.T.);
#4186=ORIENTED_EDGE('',*,*,#3147,.F.);
#4187=ORIENTED_EDGE('',*,*,#3148,.T.);
#4188=ORIENTED_EDGE('',*,*,#3149,.F.);
#4189=ORIENTED_EDGE('',*,*,#3150,.T.);
#4190=ORIENTED_EDGE('',*,*,#3151,.F.);
#4191=ORIENTED_EDGE('',*,*,#3152,.T.);
#4192=ORIENTED_EDGE('',*,*,#3153,.F.);
#4193=ORIENTED_EDGE('',*,*,#3154,.T.);
#4194=ORIENTED_EDGE('',*,*,#3155,.F.);
#4195=ORIENTED_EDGE('',*,*,#3156,.T.);
#4196=ORIENTED_EDGE('',*,*,#3157,.F.);
#4197=ORIENTED_EDGE('',*,*,#3158,.T.);
#4198=ORIENTED_EDGE('',*,*,#3159,.F.);
#4199=ORIENTED_EDGE('',*,*,#3160,.T.);
#4200=ORIENTED_EDGE('',*,*,#3161,.F.);
#4201=ORIENTED_EDGE('',*,*,#3162,.T.);
#4202=ORIENTED_EDGE('',*,*,#3163,.F.);
#4203=ORIENTED_EDGE('',*,*,#3164,.T.);
#4204=ORIENTED_EDGE('',*,*,#3165,.F.);
#4205=ORIENTED_EDGE('',*,*,#3166,.T.);
#4206=ORIENTED_EDGE('',*,*,#3167,.F.);
#4207=ORIENTED_EDGE('',*,*,#3168,.T.);
#4208=ORIENTED_EDGE('',*,*,#3169,.F.);
#4209=ORIENTED_EDGE('',*,*,#3170,.T.);
#4210=ORIENTED_EDGE('',*,*,#3171,.F.);
#4211=ORIENTED_EDGE('',*,*,#3172,.T.);
#4212=ORIENTED_EDGE('',*,*,#3173,.F.);
#4213=ORIENTED_EDGE('',*,*,#3174,.T.);
#4214=ORIENTED_EDGE('',*,*,#3175,.F.);
#4215=ORIENTED_EDGE('',*,*,#3176,.T.);
#4216=ORIENTED_EDGE('',*,*,#3177,.F.);
#4217=ORIENTED_EDGE('',*,*,#3178,.T.);
#4218=ORIENTED_EDGE('',*,*,#3179,.F.);
#4219=ORIENTED_EDGE('',*,*,#3180,.T.);
#4220=ORIENTED_EDGE('',*,*,#3181,.F.);
#4221=ORIENTED_EDGE('',*,*,#3182,.T.);
#4222=ORIENTED_EDGE('',*,*,#3183,.F.);
#4223=ORIENTED_EDGE('',*,*,#3184,.T.);
#4224=ORIENTED_EDGE('',*,*,#3185,.F.);
#4225=ORIENTED_EDGE('',*,*,#3186,.T.);
#4226=ORIENTED_EDGE('',*,*,#3187,.F.);
#4227=ORIENTED_EDGE('',*,*,#3188,.T.);
#4228=ORIENTED_EDGE('',*,*,#3189,.F.);
#4229=ORIENTED_EDGE('',*,*,#3190,.T.);
#4230=ORIENTED_EDGE('',*,*,#3191,.F.);
#4231=ORIENTED_EDGE('',*,*,#3192,.T.);
#4232=ORIENTED_EDGE('',*,*,#3193,.F.);
#4233=ORIENTED_EDGE('',*,*,#3194,.T.);
#4234=ORIENTED_EDGE('',*,*,#3195,.F.);
#4235=ORIENTED_EDGE('',*,*,#3196,.T.);
#4236=ORIENTED_EDGE('',*,*,#3197,.F.);
#4237=ORIENTED_EDGE('',*,*,#3198,.T.);
#4238=ORIENTED_EDGE('',*,*,#3199,.F.);
#4239=ORIENTED_EDGE('',*,*,#3078,.F.);
#4240=ORIENTED_EDGE('',*,*,#3200,.F.);
#4241=ORIENTED_EDGE('',*,*,#3201,.T.);
#4242=ORIENTED_EDGE('',*,*,#3202,.F.);
#4243=ORIENTED_EDGE('',*,*,#3201,.F.);
#4244=ORIENTED_EDGE('',*,*,#3203,.F.);
#4245=ORIENTED_EDGE('',*,*,#3204,.F.);
#4246=ORIENTED_EDGE('',*,*,#3205,.F.);
#4247=ORIENTED_EDGE('',*,*,#3206,.F.);
#4248=ORIENTED_EDGE('',*,*,#3207,.F.);
#4249=ORIENTED_EDGE('',*,*,#3208,.F.);
#4250=ORIENTED_EDGE('',*,*,#3209,.F.);
#4251=ORIENTED_EDGE('',*,*,#3210,.F.);
#4252=ORIENTED_EDGE('',*,*,#3211,.F.);
#4253=ORIENTED_EDGE('',*,*,#3212,.F.);
#4254=ORIENTED_EDGE('',*,*,#3213,.F.);
#4255=ORIENTED_EDGE('',*,*,#3214,.F.);
#4256=ORIENTED_EDGE('',*,*,#3215,.F.);
#4257=ORIENTED_EDGE('',*,*,#3216,.F.);
#4258=ORIENTED_EDGE('',*,*,#3217,.F.);
#4259=ORIENTED_EDGE('',*,*,#3218,.F.);
#4260=ORIENTED_EDGE('',*,*,#3219,.F.);
#4261=ORIENTED_EDGE('',*,*,#3220,.F.);
#4262=ORIENTED_EDGE('',*,*,#3221,.F.);
#4263=ORIENTED_EDGE('',*,*,#3222,.F.);
#4264=ORIENTED_EDGE('',*,*,#3223,.F.);
#4265=ORIENTED_EDGE('',*,*,#3224,.F.);
#4266=ORIENTED_EDGE('',*,*,#3225,.F.);
#4267=ORIENTED_EDGE('',*,*,#3226,.F.);
#4268=ORIENTED_EDGE('',*,*,#3227,.F.);
#4269=ORIENTED_EDGE('',*,*,#3228,.F.);
#4270=ORIENTED_EDGE('',*,*,#3229,.F.);
#4271=ORIENTED_EDGE('',*,*,#3230,.F.);
#4272=ORIENTED_EDGE('',*,*,#3231,.F.);
#4273=ORIENTED_EDGE('',*,*,#3232,.F.);
#4274=ORIENTED_EDGE('',*,*,#3233,.F.);
#4275=ORIENTED_EDGE('',*,*,#3234,.F.);
#4276=ORIENTED_EDGE('',*,*,#3235,.F.);
#4277=ORIENTED_EDGE('',*,*,#3236,.F.);
#4278=ORIENTED_EDGE('',*,*,#3237,.F.);
#4279=ORIENTED_EDGE('',*,*,#3238,.F.);
#4280=ORIENTED_EDGE('',*,*,#3239,.F.);
#4281=ORIENTED_EDGE('',*,*,#3240,.F.);
#4282=ORIENTED_EDGE('',*,*,#3241,.F.);
#4283=ORIENTED_EDGE('',*,*,#3242,.F.);
#4284=ORIENTED_EDGE('',*,*,#3243,.F.);
#4285=ORIENTED_EDGE('',*,*,#3244,.T.);
#4286=ORIENTED_EDGE('',*,*,#3245,.F.);
#4287=ORIENTED_EDGE('',*,*,#3244,.F.);
#4288=ORIENTED_EDGE('',*,*,#3242,.T.);
#4289=ORIENTED_EDGE('',*,*,#3246,.F.);
#4290=ORIENTED_EDGE('',*,*,#3247,.F.);
#4291=ORIENTED_EDGE('',*,*,#3248,.F.);
#4292=ORIENTED_EDGE('',*,*,#3249,.F.);
#4293=ORIENTED_EDGE('',*,*,#3250,.F.);
#4294=ORIENTED_EDGE('',*,*,#3240,.T.);
#4295=ORIENTED_EDGE('',*,*,#3251,.F.);
#4296=ORIENTED_EDGE('',*,*,#3252,.F.);
#4297=ORIENTED_EDGE('',*,*,#3253,.F.);
#4298=ORIENTED_EDGE('',*,*,#3254,.F.);
#4299=ORIENTED_EDGE('',*,*,#3255,.F.);
#4300=ORIENTED_EDGE('',*,*,#3204,.T.);
#4301=ORIENTED_EDGE('',*,*,#3256,.F.);
#4302=ORIENTED_EDGE('',*,*,#3257,.F.);
#4303=ORIENTED_EDGE('',*,*,#3258,.F.);
#4304=ORIENTED_EDGE('',*,*,#3259,.F.);
#4305=ORIENTED_EDGE('',*,*,#3260,.F.);
#4306=ORIENTED_EDGE('',*,*,#3238,.T.);
#4307=ORIENTED_EDGE('',*,*,#3261,.F.);
#4308=ORIENTED_EDGE('',*,*,#3262,.F.);
#4309=ORIENTED_EDGE('',*,*,#3263,.F.);
#4310=ORIENTED_EDGE('',*,*,#3264,.F.);
#4311=ORIENTED_EDGE('',*,*,#3265,.F.);
#4312=ORIENTED_EDGE('',*,*,#3206,.T.);
#4313=ORIENTED_EDGE('',*,*,#3266,.F.);
#4314=ORIENTED_EDGE('',*,*,#3267,.F.);
#4315=ORIENTED_EDGE('',*,*,#3268,.F.);
#4316=ORIENTED_EDGE('',*,*,#3269,.F.);
#4317=ORIENTED_EDGE('',*,*,#3270,.F.);
#4318=ORIENTED_EDGE('',*,*,#3236,.T.);
#4319=ORIENTED_EDGE('',*,*,#3271,.F.);
#4320=ORIENTED_EDGE('',*,*,#3272,.F.);
#4321=ORIENTED_EDGE('',*,*,#3273,.F.);
#4322=ORIENTED_EDGE('',*,*,#3274,.F.);
#4323=ORIENTED_EDGE('',*,*,#3275,.F.);
#4324=ORIENTED_EDGE('',*,*,#3208,.T.);
#4325=ORIENTED_EDGE('',*,*,#3276,.F.);
#4326=ORIENTED_EDGE('',*,*,#3277,.F.);
#4327=ORIENTED_EDGE('',*,*,#3278,.F.);
#4328=ORIENTED_EDGE('',*,*,#3279,.F.);
#4329=ORIENTED_EDGE('',*,*,#3280,.F.);
#4330=ORIENTED_EDGE('',*,*,#3234,.T.);
#4331=ORIENTED_EDGE('',*,*,#3281,.F.);
#4332=ORIENTED_EDGE('',*,*,#3282,.F.);
#4333=ORIENTED_EDGE('',*,*,#3283,.F.);
#4334=ORIENTED_EDGE('',*,*,#3284,.F.);
#4335=ORIENTED_EDGE('',*,*,#3285,.F.);
#4336=ORIENTED_EDGE('',*,*,#3210,.T.);
#4337=ORIENTED_EDGE('',*,*,#3286,.F.);
#4338=ORIENTED_EDGE('',*,*,#3287,.F.);
#4339=ORIENTED_EDGE('',*,*,#3288,.F.);
#4340=ORIENTED_EDGE('',*,*,#3289,.F.);
#4341=ORIENTED_EDGE('',*,*,#3290,.F.);
#4342=ORIENTED_EDGE('',*,*,#3232,.T.);
#4343=ORIENTED_EDGE('',*,*,#3291,.F.);
#4344=ORIENTED_EDGE('',*,*,#3292,.F.);
#4345=ORIENTED_EDGE('',*,*,#3293,.F.);
#4346=ORIENTED_EDGE('',*,*,#3294,.F.);
#4347=ORIENTED_EDGE('',*,*,#3295,.F.);
#4348=ORIENTED_EDGE('',*,*,#3212,.T.);
#4349=ORIENTED_EDGE('',*,*,#3296,.F.);
#4350=ORIENTED_EDGE('',*,*,#3297,.F.);
#4351=ORIENTED_EDGE('',*,*,#3298,.F.);
#4352=ORIENTED_EDGE('',*,*,#3299,.F.);
#4353=ORIENTED_EDGE('',*,*,#3300,.F.);
#4354=ORIENTED_EDGE('',*,*,#3230,.T.);
#4355=ORIENTED_EDGE('',*,*,#3301,.F.);
#4356=ORIENTED_EDGE('',*,*,#3302,.F.);
#4357=ORIENTED_EDGE('',*,*,#3303,.F.);
#4358=ORIENTED_EDGE('',*,*,#3304,.F.);
#4359=ORIENTED_EDGE('',*,*,#3305,.F.);
#4360=ORIENTED_EDGE('',*,*,#3214,.T.);
#4361=ORIENTED_EDGE('',*,*,#3306,.F.);
#4362=ORIENTED_EDGE('',*,*,#3307,.F.);
#4363=ORIENTED_EDGE('',*,*,#3308,.F.);
#4364=ORIENTED_EDGE('',*,*,#3309,.F.);
#4365=ORIENTED_EDGE('',*,*,#3310,.F.);
#4366=ORIENTED_EDGE('',*,*,#3228,.T.);
#4367=ORIENTED_EDGE('',*,*,#3311,.F.);
#4368=ORIENTED_EDGE('',*,*,#3312,.F.);
#4369=ORIENTED_EDGE('',*,*,#3313,.F.);
#4370=ORIENTED_EDGE('',*,*,#3314,.F.);
#4371=ORIENTED_EDGE('',*,*,#3315,.F.);
#4372=ORIENTED_EDGE('',*,*,#3216,.T.);
#4373=ORIENTED_EDGE('',*,*,#3316,.F.);
#4374=ORIENTED_EDGE('',*,*,#3317,.F.);
#4375=ORIENTED_EDGE('',*,*,#3318,.F.);
#4376=ORIENTED_EDGE('',*,*,#3319,.F.);
#4377=ORIENTED_EDGE('',*,*,#3320,.F.);
#4378=ORIENTED_EDGE('',*,*,#3226,.T.);
#4379=ORIENTED_EDGE('',*,*,#3321,.F.);
#4380=ORIENTED_EDGE('',*,*,#3322,.F.);
#4381=ORIENTED_EDGE('',*,*,#3323,.F.);
#4382=ORIENTED_EDGE('',*,*,#3324,.F.);
#4383=ORIENTED_EDGE('',*,*,#3325,.F.);
#4384=ORIENTED_EDGE('',*,*,#3218,.T.);
#4385=ORIENTED_EDGE('',*,*,#3326,.F.);
#4386=ORIENTED_EDGE('',*,*,#3327,.F.);
#4387=ORIENTED_EDGE('',*,*,#3328,.F.);
#4388=ORIENTED_EDGE('',*,*,#3329,.F.);
#4389=ORIENTED_EDGE('',*,*,#3330,.F.);
#4390=ORIENTED_EDGE('',*,*,#3224,.T.);
#4391=ORIENTED_EDGE('',*,*,#3331,.F.);
#4392=ORIENTED_EDGE('',*,*,#3332,.F.);
#4393=ORIENTED_EDGE('',*,*,#3333,.F.);
#4394=ORIENTED_EDGE('',*,*,#3334,.F.);
#4395=ORIENTED_EDGE('',*,*,#3335,.F.);
#4396=ORIENTED_EDGE('',*,*,#3220,.T.);
#4397=ORIENTED_EDGE('',*,*,#3336,.F.);
#4398=ORIENTED_EDGE('',*,*,#3337,.F.);
#4399=ORIENTED_EDGE('',*,*,#3338,.F.);
#4400=ORIENTED_EDGE('',*,*,#3339,.F.);
#4401=ORIENTED_EDGE('',*,*,#3340,.F.);
#4402=ORIENTED_EDGE('',*,*,#3202,.T.);
#4403=ORIENTED_EDGE('',*,*,#3341,.T.);
#4404=ORIENTED_EDGE('',*,*,#3245,.T.);
#4405=ORIENTED_EDGE('',*,*,#3341,.F.);
#4406=ORIENTED_EDGE('',*,*,#3115,.T.);
#4407=ORIENTED_EDGE('',*,*,#3342,.T.);
#4408=ORIENTED_EDGE('',*,*,#3310,.T.);
#4409=ORIENTED_EDGE('',*,*,#3343,.T.);
#4410=ORIENTED_EDGE('',*,*,#3109,.T.);
#4411=ORIENTED_EDGE('',*,*,#3344,.T.);
#4412=ORIENTED_EDGE('',*,*,#3320,.T.);
#4413=ORIENTED_EDGE('',*,*,#3345,.T.);
#4414=ORIENTED_EDGE('',*,*,#3103,.T.);
#4415=ORIENTED_EDGE('',*,*,#3346,.T.);
#4416=ORIENTED_EDGE('',*,*,#3330,.T.);
#4417=ORIENTED_EDGE('',*,*,#3347,.T.);
#4418=ORIENTED_EDGE('',*,*,#3097,.T.);
#4419=ORIENTED_EDGE('',*,*,#3348,.T.);
#4420=ORIENTED_EDGE('',*,*,#3340,.T.);
#4421=ORIENTED_EDGE('',*,*,#3349,.T.);
#4422=ORIENTED_EDGE('',*,*,#3089,.T.);
#4423=ORIENTED_EDGE('',*,*,#3350,.T.);
#4424=ORIENTED_EDGE('',*,*,#3331,.T.);
#4425=ORIENTED_EDGE('',*,*,#3351,.T.);
#4426=ORIENTED_EDGE('',*,*,#3091,.T.);
#4427=ORIENTED_EDGE('',*,*,#3352,.T.);
#4428=ORIENTED_EDGE('',*,*,#3353,.T.);
#4429=ORIENTED_EDGE('',*,*,#3354,.T.);
#4430=ORIENTED_EDGE('',*,*,#3083,.T.);
#4431=ORIENTED_EDGE('',*,*,#3355,.T.);
#4432=ORIENTED_EDGE('',*,*,#3321,.T.);
#4433=ORIENTED_EDGE('',*,*,#3356,.T.);
#4434=ORIENTED_EDGE('',*,*,#3197,.T.);
#4435=ORIENTED_EDGE('',*,*,#3357,.T.);
#4436=ORIENTED_EDGE('',*,*,#3311,.T.);
#4437=ORIENTED_EDGE('',*,*,#3358,.T.);
#4438=ORIENTED_EDGE('',*,*,#3191,.T.);
#4439=ORIENTED_EDGE('',*,*,#3359,.T.);
#4440=ORIENTED_EDGE('',*,*,#3301,.T.);
#4441=ORIENTED_EDGE('',*,*,#3360,.T.);
#4442=ORIENTED_EDGE('',*,*,#3185,.T.);
#4443=ORIENTED_EDGE('',*,*,#3361,.T.);
#4444=ORIENTED_EDGE('',*,*,#3291,.T.);
#4445=ORIENTED_EDGE('',*,*,#3362,.T.);
#4446=ORIENTED_EDGE('',*,*,#3223,.T.);
#4447=ORIENTED_EDGE('',*,*,#3352,.F.);
#4448=ORIENTED_EDGE('',*,*,#3090,.F.);
#4449=ORIENTED_EDGE('',*,*,#3351,.F.);
#4450=ORIENTED_EDGE('',*,*,#3309,.T.);
#4451=ORIENTED_EDGE('',*,*,#3363,.F.);
#4452=ORIENTED_EDGE('',*,*,#3364,.T.);
#4453=ORIENTED_EDGE('',*,*,#3365,.F.);
#4454=ORIENTED_EDGE('',*,*,#3116,.F.);
#4455=ORIENTED_EDGE('',*,*,#3343,.F.);
#4456=ORIENTED_EDGE('',*,*,#3292,.T.);
#4457=ORIENTED_EDGE('',*,*,#3361,.F.);
#4458=ORIENTED_EDGE('',*,*,#3184,.F.);
#4459=ORIENTED_EDGE('',*,*,#3366,.F.);
#4460=ORIENTED_EDGE('',*,*,#3367,.F.);
#4461=ORIENTED_EDGE('',*,*,#3368,.F.);
#4462=ORIENTED_EDGE('',*,*,#3222,.T.);
#4463=ORIENTED_EDGE('',*,*,#3369,.F.);
#4464=ORIENTED_EDGE('',*,*,#3370,.F.);
#4465=ORIENTED_EDGE('',*,*,#3371,.F.);
#4466=ORIENTED_EDGE('',*,*,#3372,.F.);
#4467=ORIENTED_EDGE('',*,*,#3353,.F.);
#4468=ORIENTED_EDGE('',*,*,#3373,.F.);
#4469=ORIENTED_EDGE('',*,*,#3374,.T.);
#4470=ORIENTED_EDGE('',*,*,#3375,.F.);
#4471=ORIENTED_EDGE('',*,*,#3376,.F.);
#4472=ORIENTED_EDGE('',*,*,#3377,.F.);
#4473=ORIENTED_EDGE('',*,*,#3378,.F.);
#4474=ORIENTED_EDGE('',*,*,#3379,.F.);
#4475=ORIENTED_EDGE('',*,*,#3380,.T.);
#4476=ORIENTED_EDGE('',*,*,#3381,.F.);
#4477=ORIENTED_EDGE('',*,*,#3382,.T.);
#4478=ORIENTED_EDGE('',*,*,#3383,.F.);
#4479=ORIENTED_EDGE('',*,*,#3384,.F.);
#4480=ORIENTED_EDGE('',*,*,#3385,.F.);
#4481=ORIENTED_EDGE('',*,*,#3386,.T.);
#4482=ORIENTED_EDGE('',*,*,#3387,.F.);
#4483=ORIENTED_EDGE('',*,*,#3388,.F.);
#4484=ORIENTED_EDGE('',*,*,#3389,.F.);
#4485=ORIENTED_EDGE('',*,*,#3390,.T.);
#4486=ORIENTED_EDGE('',*,*,#3391,.F.);
#4487=ORIENTED_EDGE('',*,*,#3364,.F.);
#4488=ORIENTED_EDGE('',*,*,#3392,.F.);
#4489=ORIENTED_EDGE('',*,*,#3393,.F.);
#4490=ORIENTED_EDGE('',*,*,#3394,.F.);
#4491=ORIENTED_EDGE('',*,*,#3395,.T.);
#4492=ORIENTED_EDGE('',*,*,#3396,.F.);
#4493=ORIENTED_EDGE('',*,*,#3397,.F.);
#4494=ORIENTED_EDGE('',*,*,#3398,.F.);
#4495=ORIENTED_EDGE('',*,*,#3399,.T.);
#4496=ORIENTED_EDGE('',*,*,#3400,.F.);
#4497=ORIENTED_EDGE('',*,*,#3401,.F.);
#4498=ORIENTED_EDGE('',*,*,#3402,.F.);
#4499=ORIENTED_EDGE('',*,*,#3403,.T.);
#4500=ORIENTED_EDGE('',*,*,#3404,.F.);
#4501=ORIENTED_EDGE('',*,*,#3405,.T.);
#4502=ORIENTED_EDGE('',*,*,#3406,.F.);
#4503=ORIENTED_EDGE('',*,*,#3407,.F.);
#4504=ORIENTED_EDGE('',*,*,#3408,.F.);
#4505=ORIENTED_EDGE('',*,*,#3409,.T.);
#4506=ORIENTED_EDGE('',*,*,#3410,.F.);
#4507=ORIENTED_EDGE('',*,*,#3411,.F.);
#4508=ORIENTED_EDGE('',*,*,#3412,.F.);
#4509=ORIENTED_EDGE('',*,*,#3413,.T.);
#4510=ORIENTED_EDGE('',*,*,#3414,.F.);
#4511=ORIENTED_EDGE('',*,*,#3415,.F.);
#4512=ORIENTED_EDGE('',*,*,#3416,.F.);
#4513=ORIENTED_EDGE('',*,*,#3417,.F.);
#4514=ORIENTED_EDGE('',*,*,#3418,.F.);
#4515=ORIENTED_EDGE('',*,*,#3419,.T.);
#4516=ORIENTED_EDGE('',*,*,#3420,.F.);
#4517=ORIENTED_EDGE('',*,*,#3421,.T.);
#4518=ORIENTED_EDGE('',*,*,#3422,.F.);
#4519=ORIENTED_EDGE('',*,*,#3423,.F.);
#4520=ORIENTED_EDGE('',*,*,#3424,.F.);
#4521=ORIENTED_EDGE('',*,*,#3425,.T.);
#4522=ORIENTED_EDGE('',*,*,#3426,.F.);
#4523=ORIENTED_EDGE('',*,*,#3427,.F.);
#4524=ORIENTED_EDGE('',*,*,#3428,.F.);
#4525=ORIENTED_EDGE('',*,*,#3429,.T.);
#4526=ORIENTED_EDGE('',*,*,#3430,.F.);
#4527=ORIENTED_EDGE('',*,*,#3431,.F.);
#4528=ORIENTED_EDGE('',*,*,#3432,.F.);
#4529=ORIENTED_EDGE('',*,*,#3433,.T.);
#4530=ORIENTED_EDGE('',*,*,#3434,.F.);
#4531=ORIENTED_EDGE('',*,*,#3435,.F.);
#4532=ORIENTED_EDGE('',*,*,#3436,.F.);
#4533=ORIENTED_EDGE('',*,*,#3437,.T.);
#4534=ORIENTED_EDGE('',*,*,#3438,.F.);
#4535=ORIENTED_EDGE('',*,*,#3439,.F.);
#4536=ORIENTED_EDGE('',*,*,#3440,.F.);
#4537=ORIENTED_EDGE('',*,*,#3441,.T.);
#4538=ORIENTED_EDGE('',*,*,#3442,.F.);
#4539=ORIENTED_EDGE('',*,*,#3443,.F.);
#4540=ORIENTED_EDGE('',*,*,#3444,.F.);
#4541=ORIENTED_EDGE('',*,*,#3445,.F.);
#4542=ORIENTED_EDGE('',*,*,#3446,.F.);
#4543=ORIENTED_EDGE('',*,*,#3447,.T.);
#4544=ORIENTED_EDGE('',*,*,#3448,.T.);
#4545=ORIENTED_EDGE('',*,*,#3323,.T.);
#4546=ORIENTED_EDGE('',*,*,#3449,.T.);
#4547=ORIENTED_EDGE('',*,*,#3373,.T.);
#4548=ORIENTED_EDGE('',*,*,#3450,.T.);
#4549=ORIENTED_EDGE('',*,*,#3379,.T.);
#4550=ORIENTED_EDGE('',*,*,#3451,.T.);
#4551=ORIENTED_EDGE('',*,*,#3313,.T.);
#4552=ORIENTED_EDGE('',*,*,#3452,.T.);
#4553=ORIENTED_EDGE('',*,*,#3333,.T.);
#4554=ORIENTED_EDGE('',*,*,#3453,.T.);
#4555=ORIENTED_EDGE('',*,*,#3381,.T.);
#4556=ORIENTED_EDGE('',*,*,#3454,.T.);
#4557=ORIENTED_EDGE('',*,*,#3371,.T.);
#4558=ORIENTED_EDGE('',*,*,#3455,.T.);
#4559=ORIENTED_EDGE('',*,*,#3385,.T.);
#4560=ORIENTED_EDGE('',*,*,#3363,.T.);
#4561=ORIENTED_EDGE('',*,*,#3308,.T.);
#4562=ORIENTED_EDGE('',*,*,#3456,.T.);
#4563=ORIENTED_EDGE('',*,*,#3389,.T.);
#4564=ORIENTED_EDGE('',*,*,#3457,.T.);
#4565=ORIENTED_EDGE('',*,*,#3394,.T.);
#4566=ORIENTED_EDGE('',*,*,#3458,.T.);
#4567=ORIENTED_EDGE('',*,*,#3318,.T.);
#4568=ORIENTED_EDGE('',*,*,#3459,.T.);
#4569=ORIENTED_EDGE('',*,*,#3398,.T.);
#4570=ORIENTED_EDGE('',*,*,#3460,.T.);
#4571=ORIENTED_EDGE('',*,*,#3328,.T.);
#4572=ORIENTED_EDGE('',*,*,#3461,.T.);
#4573=ORIENTED_EDGE('',*,*,#3402,.T.);
#4574=ORIENTED_EDGE('',*,*,#3462,.T.);
#4575=ORIENTED_EDGE('',*,*,#3338,.T.);
#4576=ORIENTED_EDGE('',*,*,#3463,.T.);
#4577=ORIENTED_EDGE('',*,*,#3298,.T.);
#4578=ORIENTED_EDGE('',*,*,#3464,.T.);
#4579=ORIENTED_EDGE('',*,*,#3404,.T.);
#4580=ORIENTED_EDGE('',*,*,#3465,.T.);
#4581=ORIENTED_EDGE('',*,*,#3288,.T.);
#4582=ORIENTED_EDGE('',*,*,#3466,.T.);
#4583=ORIENTED_EDGE('',*,*,#3408,.T.);
#4584=ORIENTED_EDGE('',*,*,#3467,.T.);
#4585=ORIENTED_EDGE('',*,*,#3268,.T.);
#4586=ORIENTED_EDGE('',*,*,#3468,.T.);
#4587=ORIENTED_EDGE('',*,*,#3412,.T.);
#4588=ORIENTED_EDGE('',*,*,#3469,.T.);
#4589=ORIENTED_EDGE('',*,*,#3418,.T.);
#4590=ORIENTED_EDGE('',*,*,#3470,.T.);
#4591=ORIENTED_EDGE('',*,*,#3278,.T.);
#4592=ORIENTED_EDGE('',*,*,#3471,.T.);
#4593=ORIENTED_EDGE('',*,*,#3258,.T.);
#4594=ORIENTED_EDGE('',*,*,#3472,.T.);
#4595=ORIENTED_EDGE('',*,*,#3420,.T.);
#4596=ORIENTED_EDGE('',*,*,#3473,.T.);
#4597=ORIENTED_EDGE('',*,*,#3248,.T.);
#4598=ORIENTED_EDGE('',*,*,#3474,.T.);
#4599=ORIENTED_EDGE('',*,*,#3424,.T.);
#4600=ORIENTED_EDGE('',*,*,#3475,.T.);
#4601=ORIENTED_EDGE('',*,*,#3253,.T.);
#4602=ORIENTED_EDGE('',*,*,#3476,.T.);
#4603=ORIENTED_EDGE('',*,*,#3428,.T.);
#4604=ORIENTED_EDGE('',*,*,#3477,.T.);
#4605=ORIENTED_EDGE('',*,*,#3263,.T.);
#4606=ORIENTED_EDGE('',*,*,#3478,.T.);
#4607=ORIENTED_EDGE('',*,*,#3432,.T.);
#4608=ORIENTED_EDGE('',*,*,#3479,.T.);
#4609=ORIENTED_EDGE('',*,*,#3273,.T.);
#4610=ORIENTED_EDGE('',*,*,#3480,.T.);
#4611=ORIENTED_EDGE('',*,*,#3436,.T.);
#4612=ORIENTED_EDGE('',*,*,#3481,.T.);
#4613=ORIENTED_EDGE('',*,*,#3283,.T.);
#4614=ORIENTED_EDGE('',*,*,#3482,.T.);
#4615=ORIENTED_EDGE('',*,*,#3440,.T.);
#4616=ORIENTED_EDGE('',*,*,#3483,.T.);
#4617=ORIENTED_EDGE('',*,*,#3446,.T.);
#4618=ORIENTED_EDGE('',*,*,#3484,.T.);
#4619=ORIENTED_EDGE('',*,*,#3303,.T.);
#4620=ORIENTED_EDGE('',*,*,#3485,.T.);
#4621=ORIENTED_EDGE('',*,*,#3375,.T.);
#4622=ORIENTED_EDGE('',*,*,#3486,.T.);
#4623=ORIENTED_EDGE('',*,*,#3081,.T.);
#4624=ORIENTED_EDGE('',*,*,#3487,.T.);
#4625=ORIENTED_EDGE('',*,*,#3195,.T.);
#4626=ORIENTED_EDGE('',*,*,#3488,.T.);
#4627=ORIENTED_EDGE('',*,*,#3377,.T.);
#4628=ORIENTED_EDGE('',*,*,#3489,.T.);
#4629=ORIENTED_EDGE('',*,*,#3383,.T.);
#4630=ORIENTED_EDGE('',*,*,#3490,.T.);
#4631=ORIENTED_EDGE('',*,*,#3087,.T.);
#4632=ORIENTED_EDGE('',*,*,#3491,.T.);
#4633=ORIENTED_EDGE('',*,*,#3387,.T.);
#4634=ORIENTED_EDGE('',*,*,#3492,.T.);
#4635=ORIENTED_EDGE('',*,*,#3093,.T.);
#4636=ORIENTED_EDGE('',*,*,#3365,.T.);
#4637=ORIENTED_EDGE('',*,*,#3391,.T.);
#4638=ORIENTED_EDGE('',*,*,#3493,.T.);
#4639=ORIENTED_EDGE('',*,*,#3117,.T.);
#4640=ORIENTED_EDGE('',*,*,#3494,.T.);
#4641=ORIENTED_EDGE('',*,*,#3111,.T.);
#4642=ORIENTED_EDGE('',*,*,#3495,.T.);
#4643=ORIENTED_EDGE('',*,*,#3392,.T.);
#4644=ORIENTED_EDGE('',*,*,#3496,.T.);
#4645=ORIENTED_EDGE('',*,*,#3105,.T.);
#4646=ORIENTED_EDGE('',*,*,#3497,.T.);
#4647=ORIENTED_EDGE('',*,*,#3396,.T.);
#4648=ORIENTED_EDGE('',*,*,#3498,.T.);
#4649=ORIENTED_EDGE('',*,*,#3099,.T.);
#4650=ORIENTED_EDGE('',*,*,#3499,.T.);
#4651=ORIENTED_EDGE('',*,*,#3400,.T.);
#4652=ORIENTED_EDGE('',*,*,#3500,.T.);
#4653=ORIENTED_EDGE('',*,*,#3406,.T.);
#4654=ORIENTED_EDGE('',*,*,#3501,.T.);
#4655=ORIENTED_EDGE('',*,*,#3123,.T.);
#4656=ORIENTED_EDGE('',*,*,#3502,.T.);
#4657=ORIENTED_EDGE('',*,*,#3410,.T.);
#4658=ORIENTED_EDGE('',*,*,#3503,.T.);
#4659=ORIENTED_EDGE('',*,*,#3129,.T.);
#4660=ORIENTED_EDGE('',*,*,#3504,.T.);
#4661=ORIENTED_EDGE('',*,*,#3414,.T.);
#4662=ORIENTED_EDGE('',*,*,#3505,.T.);
#4663=ORIENTED_EDGE('',*,*,#3141,.T.);
#4664=ORIENTED_EDGE('',*,*,#3506,.T.);
#4665=ORIENTED_EDGE('',*,*,#3135,.T.);
#4666=ORIENTED_EDGE('',*,*,#3507,.T.);
#4667=ORIENTED_EDGE('',*,*,#3416,.T.);
#4668=ORIENTED_EDGE('',*,*,#3508,.T.);
#4669=ORIENTED_EDGE('',*,*,#3422,.T.);
#4670=ORIENTED_EDGE('',*,*,#3509,.T.);
#4671=ORIENTED_EDGE('',*,*,#3147,.T.);
#4672=ORIENTED_EDGE('',*,*,#3510,.T.);
#4673=ORIENTED_EDGE('',*,*,#3426,.T.);
#4674=ORIENTED_EDGE('',*,*,#3511,.T.);
#4675=ORIENTED_EDGE('',*,*,#3153,.T.);
#4676=ORIENTED_EDGE('',*,*,#3512,.T.);
#4677=ORIENTED_EDGE('',*,*,#3430,.T.);
#4678=ORIENTED_EDGE('',*,*,#3513,.T.);
#4679=ORIENTED_EDGE('',*,*,#3159,.T.);
#4680=ORIENTED_EDGE('',*,*,#3514,.T.);
#4681=ORIENTED_EDGE('',*,*,#3434,.T.);
#4682=ORIENTED_EDGE('',*,*,#3515,.T.);
#4683=ORIENTED_EDGE('',*,*,#3165,.T.);
#4684=ORIENTED_EDGE('',*,*,#3516,.T.);
#4685=ORIENTED_EDGE('',*,*,#3438,.T.);
#4686=ORIENTED_EDGE('',*,*,#3517,.T.);
#4687=ORIENTED_EDGE('',*,*,#3171,.T.);
#4688=ORIENTED_EDGE('',*,*,#3518,.T.);
#4689=ORIENTED_EDGE('',*,*,#3442,.T.);
#4690=ORIENTED_EDGE('',*,*,#3519,.T.);
#4691=ORIENTED_EDGE('',*,*,#3177,.T.);
#4692=ORIENTED_EDGE('',*,*,#3520,.T.);
#4693=ORIENTED_EDGE('',*,*,#3189,.T.);
#4694=ORIENTED_EDGE('',*,*,#3521,.T.);
#4695=ORIENTED_EDGE('',*,*,#3444,.T.);
#4696=ORIENTED_EDGE('',*,*,#3522,.F.);
#4697=ORIENTED_EDGE('',*,*,#3523,.F.);
#4698=ORIENTED_EDGE('',*,*,#3524,.F.);
#4699=ORIENTED_EDGE('',*,*,#3367,.T.);
#4700=ORIENTED_EDGE('',*,*,#3523,.T.);
#4701=ORIENTED_EDGE('',*,*,#3525,.F.);
#4702=ORIENTED_EDGE('',*,*,#3182,.F.);
#4703=ORIENTED_EDGE('',*,*,#3526,.F.);
#4704=ORIENTED_EDGE('',*,*,#3294,.T.);
#4705=ORIENTED_EDGE('',*,*,#3527,.F.);
#4706=ORIENTED_EDGE('',*,*,#3180,.F.);
#4707=ORIENTED_EDGE('',*,*,#3528,.F.);
#4708=ORIENTED_EDGE('',*,*,#3233,.T.);
#4709=ORIENTED_EDGE('',*,*,#3529,.F.);
#4710=ORIENTED_EDGE('',*,*,#3282,.T.);
#4711=ORIENTED_EDGE('',*,*,#3530,.F.);
#4712=ORIENTED_EDGE('',*,*,#3178,.F.);
#4713=ORIENTED_EDGE('',*,*,#3519,.F.);
#4714=ORIENTED_EDGE('',*,*,#3441,.F.);
#4715=ORIENTED_EDGE('',*,*,#3482,.F.);
#4716=ORIENTED_EDGE('',*,*,#3295,.T.);
#4717=ORIENTED_EDGE('',*,*,#3526,.T.);
#4718=ORIENTED_EDGE('',*,*,#3181,.T.);
#4719=ORIENTED_EDGE('',*,*,#3529,.T.);
#4720=ORIENTED_EDGE('',*,*,#3281,.T.);
#4721=ORIENTED_EDGE('',*,*,#3528,.T.);
#4722=ORIENTED_EDGE('',*,*,#3179,.T.);
#4723=ORIENTED_EDGE('',*,*,#3530,.T.);
#4724=ORIENTED_EDGE('',*,*,#3368,.T.);
#4725=ORIENTED_EDGE('',*,*,#3524,.T.);
#4726=ORIENTED_EDGE('',*,*,#3527,.T.);
#4727=ORIENTED_EDGE('',*,*,#3293,.T.);
#4728=ORIENTED_EDGE('',*,*,#3366,.T.);
#4729=ORIENTED_EDGE('',*,*,#3183,.T.);
#4730=ORIENTED_EDGE('',*,*,#3525,.T.);
#4731=ORIENTED_EDGE('',*,*,#3522,.T.);
#4732=ORIENTED_EDGE('',*,*,#3304,.T.);
#4733=ORIENTED_EDGE('',*,*,#3484,.F.);
#4734=ORIENTED_EDGE('',*,*,#3445,.T.);
#4735=ORIENTED_EDGE('',*,*,#3521,.F.);
#4736=ORIENTED_EDGE('',*,*,#3188,.F.);
#4737=ORIENTED_EDGE('',*,*,#3531,.F.);
#4738=ORIENTED_EDGE('',*,*,#3186,.F.);
#4739=ORIENTED_EDGE('',*,*,#3362,.F.);
#4740=ORIENTED_EDGE('',*,*,#3231,.T.);
#4741=ORIENTED_EDGE('',*,*,#3532,.F.);
#4742=ORIENTED_EDGE('',*,*,#3284,.T.);
#4743=ORIENTED_EDGE('',*,*,#3481,.F.);
#4744=ORIENTED_EDGE('',*,*,#3443,.T.);
#4745=ORIENTED_EDGE('',*,*,#3518,.F.);
#4746=ORIENTED_EDGE('',*,*,#3176,.F.);
#4747=ORIENTED_EDGE('',*,*,#3533,.F.);
#4748=ORIENTED_EDGE('',*,*,#3174,.F.);
#4749=ORIENTED_EDGE('',*,*,#3534,.F.);
#4750=ORIENTED_EDGE('',*,*,#3235,.T.);
#4751=ORIENTED_EDGE('',*,*,#3535,.F.);
#4752=ORIENTED_EDGE('',*,*,#3172,.F.);
#4753=ORIENTED_EDGE('',*,*,#3517,.F.);
#4754=ORIENTED_EDGE('',*,*,#3437,.F.);
#4755=ORIENTED_EDGE('',*,*,#3480,.F.);
#4756=ORIENTED_EDGE('',*,*,#3272,.T.);
#4757=ORIENTED_EDGE('',*,*,#3536,.F.);
#4758=ORIENTED_EDGE('',*,*,#3274,.T.);
#4759=ORIENTED_EDGE('',*,*,#3479,.F.);
#4760=ORIENTED_EDGE('',*,*,#3439,.T.);
#4761=ORIENTED_EDGE('',*,*,#3516,.F.);
#4762=ORIENTED_EDGE('',*,*,#3170,.F.);
#4763=ORIENTED_EDGE('',*,*,#3537,.F.);
#4764=ORIENTED_EDGE('',*,*,#3168,.F.);
#4765=ORIENTED_EDGE('',*,*,#3538,.F.);
#4766=ORIENTED_EDGE('',*,*,#3237,.T.);
#4767=ORIENTED_EDGE('',*,*,#3539,.F.);
#4768=ORIENTED_EDGE('',*,*,#3166,.F.);
#4769=ORIENTED_EDGE('',*,*,#3515,.F.);
#4770=ORIENTED_EDGE('',*,*,#3433,.F.);
#4771=ORIENTED_EDGE('',*,*,#3478,.F.);
#4772=ORIENTED_EDGE('',*,*,#3262,.T.);
#4773=ORIENTED_EDGE('',*,*,#3540,.F.);
#4774=ORIENTED_EDGE('',*,*,#3264,.T.);
#4775=ORIENTED_EDGE('',*,*,#3477,.F.);
#4776=ORIENTED_EDGE('',*,*,#3435,.T.);
#4777=ORIENTED_EDGE('',*,*,#3514,.F.);
#4778=ORIENTED_EDGE('',*,*,#3164,.F.);
#4779=ORIENTED_EDGE('',*,*,#3541,.F.);
#4780=ORIENTED_EDGE('',*,*,#3162,.F.);
#4781=ORIENTED_EDGE('',*,*,#3542,.F.);
#4782=ORIENTED_EDGE('',*,*,#3239,.T.);
#4783=ORIENTED_EDGE('',*,*,#3543,.F.);
#4784=ORIENTED_EDGE('',*,*,#3160,.F.);
#4785=ORIENTED_EDGE('',*,*,#3513,.F.);
#4786=ORIENTED_EDGE('',*,*,#3429,.F.);
#4787=ORIENTED_EDGE('',*,*,#3476,.F.);
#4788=ORIENTED_EDGE('',*,*,#3252,.T.);
#4789=ORIENTED_EDGE('',*,*,#3544,.F.);
#4790=ORIENTED_EDGE('',*,*,#3254,.T.);
#4791=ORIENTED_EDGE('',*,*,#3475,.F.);
#4792=ORIENTED_EDGE('',*,*,#3431,.T.);
#4793=ORIENTED_EDGE('',*,*,#3512,.F.);
#4794=ORIENTED_EDGE('',*,*,#3158,.F.);
#4795=ORIENTED_EDGE('',*,*,#3545,.F.);
#4796=ORIENTED_EDGE('',*,*,#3156,.F.);
#4797=ORIENTED_EDGE('',*,*,#3546,.F.);
#4798=ORIENTED_EDGE('',*,*,#3241,.T.);
#4799=ORIENTED_EDGE('',*,*,#3547,.F.);
#4800=ORIENTED_EDGE('',*,*,#3154,.F.);
#4801=ORIENTED_EDGE('',*,*,#3511,.F.);
#4802=ORIENTED_EDGE('',*,*,#3425,.F.);
#4803=ORIENTED_EDGE('',*,*,#3474,.F.);
#4804=ORIENTED_EDGE('',*,*,#3247,.T.);
#4805=ORIENTED_EDGE('',*,*,#3548,.F.);
#4806=ORIENTED_EDGE('',*,*,#3249,.T.);
#4807=ORIENTED_EDGE('',*,*,#3473,.F.);
#4808=ORIENTED_EDGE('',*,*,#3427,.T.);
#4809=ORIENTED_EDGE('',*,*,#3510,.F.);
#4810=ORIENTED_EDGE('',*,*,#3152,.F.);
#4811=ORIENTED_EDGE('',*,*,#3549,.F.);
#4812=ORIENTED_EDGE('',*,*,#3150,.F.);
#4813=ORIENTED_EDGE('',*,*,#3550,.F.);
#4814=ORIENTED_EDGE('',*,*,#3203,.T.);
#4815=ORIENTED_EDGE('',*,*,#3243,.T.);
#4816=ORIENTED_EDGE('',*,*,#3551,.F.);
#4817=ORIENTED_EDGE('',*,*,#3148,.F.);
#4818=ORIENTED_EDGE('',*,*,#3509,.F.);
#4819=ORIENTED_EDGE('',*,*,#3421,.F.);
#4820=ORIENTED_EDGE('',*,*,#3472,.F.);
#4821=ORIENTED_EDGE('',*,*,#3257,.T.);
#4822=ORIENTED_EDGE('',*,*,#3552,.F.);
#4823=ORIENTED_EDGE('',*,*,#3259,.T.);
#4824=ORIENTED_EDGE('',*,*,#3471,.F.);
#4825=ORIENTED_EDGE('',*,*,#3423,.T.);
#4826=ORIENTED_EDGE('',*,*,#3508,.F.);
#4827=ORIENTED_EDGE('',*,*,#3146,.F.);
#4828=ORIENTED_EDGE('',*,*,#3553,.F.);
#4829=ORIENTED_EDGE('',*,*,#3144,.F.);
#4830=ORIENTED_EDGE('',*,*,#3554,.F.);
#4831=ORIENTED_EDGE('',*,*,#3205,.T.);
#4832=ORIENTED_EDGE('',*,*,#3555,.F.);
#4833=ORIENTED_EDGE('',*,*,#3142,.F.);
#4834=ORIENTED_EDGE('',*,*,#3505,.F.);
#4835=ORIENTED_EDGE('',*,*,#3413,.F.);
#4836=ORIENTED_EDGE('',*,*,#3468,.F.);
#4837=ORIENTED_EDGE('',*,*,#3267,.T.);
#4838=ORIENTED_EDGE('',*,*,#3556,.F.);
#4839=ORIENTED_EDGE('',*,*,#3279,.T.);
#4840=ORIENTED_EDGE('',*,*,#3470,.F.);
#4841=ORIENTED_EDGE('',*,*,#3417,.T.);
#4842=ORIENTED_EDGE('',*,*,#3507,.F.);
#4843=ORIENTED_EDGE('',*,*,#3134,.F.);
#4844=ORIENTED_EDGE('',*,*,#3557,.F.);
#4845=ORIENTED_EDGE('',*,*,#3132,.F.);
#4846=ORIENTED_EDGE('',*,*,#3558,.F.);
#4847=ORIENTED_EDGE('',*,*,#3209,.T.);
#4848=ORIENTED_EDGE('',*,*,#3559,.F.);
#4849=ORIENTED_EDGE('',*,*,#3130,.F.);
#4850=ORIENTED_EDGE('',*,*,#3503,.F.);
#4851=ORIENTED_EDGE('',*,*,#3409,.F.);
#4852=ORIENTED_EDGE('',*,*,#3466,.F.);
#4853=ORIENTED_EDGE('',*,*,#3287,.T.);
#4854=ORIENTED_EDGE('',*,*,#3560,.F.);
#4855=ORIENTED_EDGE('',*,*,#3269,.T.);
#4856=ORIENTED_EDGE('',*,*,#3467,.F.);
#4857=ORIENTED_EDGE('',*,*,#3415,.T.);
#4858=ORIENTED_EDGE('',*,*,#3504,.F.);
#4859=ORIENTED_EDGE('',*,*,#3140,.F.);
#4860=ORIENTED_EDGE('',*,*,#3561,.F.);
#4861=ORIENTED_EDGE('',*,*,#3138,.F.);
#4862=ORIENTED_EDGE('',*,*,#3562,.F.);
#4863=ORIENTED_EDGE('',*,*,#3207,.T.);
#4864=ORIENTED_EDGE('',*,*,#3563,.F.);
#4865=ORIENTED_EDGE('',*,*,#3136,.F.);
#4866=ORIENTED_EDGE('',*,*,#3506,.F.);
#4867=ORIENTED_EDGE('',*,*,#3419,.F.);
#4868=ORIENTED_EDGE('',*,*,#3469,.F.);
#4869=ORIENTED_EDGE('',*,*,#3277,.T.);
#4870=ORIENTED_EDGE('',*,*,#3564,.F.);
#4871=ORIENTED_EDGE('',*,*,#3289,.T.);
#4872=ORIENTED_EDGE('',*,*,#3465,.F.);
#4873=ORIENTED_EDGE('',*,*,#3411,.T.);
#4874=ORIENTED_EDGE('',*,*,#3502,.F.);
#4875=ORIENTED_EDGE('',*,*,#3128,.F.);
#4876=ORIENTED_EDGE('',*,*,#3565,.F.);
#4877=ORIENTED_EDGE('',*,*,#3126,.F.);
#4878=ORIENTED_EDGE('',*,*,#3566,.F.);
#4879=ORIENTED_EDGE('',*,*,#3211,.T.);
#4880=ORIENTED_EDGE('',*,*,#3567,.F.);
#4881=ORIENTED_EDGE('',*,*,#3124,.F.);
#4882=ORIENTED_EDGE('',*,*,#3501,.F.);
#4883=ORIENTED_EDGE('',*,*,#3405,.F.);
#4884=ORIENTED_EDGE('',*,*,#3464,.F.);
#4885=ORIENTED_EDGE('',*,*,#3297,.T.);
#4886=ORIENTED_EDGE('',*,*,#3568,.F.);
#4887=ORIENTED_EDGE('',*,*,#3299,.T.);
#4888=ORIENTED_EDGE('',*,*,#3463,.F.);
#4889=ORIENTED_EDGE('',*,*,#3407,.T.);
#4890=ORIENTED_EDGE('',*,*,#3500,.F.);
#4891=ORIENTED_EDGE('',*,*,#3122,.F.);
#4892=ORIENTED_EDGE('',*,*,#3569,.F.);
#4893=ORIENTED_EDGE('',*,*,#3120,.F.);
#4894=ORIENTED_EDGE('',*,*,#3570,.F.);
#4895=ORIENTED_EDGE('',*,*,#3213,.T.);
#4896=ORIENTED_EDGE('',*,*,#3571,.F.);
#4897=ORIENTED_EDGE('',*,*,#3118,.F.);
#4898=ORIENTED_EDGE('',*,*,#3493,.F.);
#4899=ORIENTED_EDGE('',*,*,#3390,.F.);
#4900=ORIENTED_EDGE('',*,*,#3456,.F.);
#4901=ORIENTED_EDGE('',*,*,#3307,.T.);
#4902=ORIENTED_EDGE('',*,*,#3572,.F.);
#4903=ORIENTED_EDGE('',*,*,#3339,.T.);
#4904=ORIENTED_EDGE('',*,*,#3462,.F.);
#4905=ORIENTED_EDGE('',*,*,#3401,.T.);
#4906=ORIENTED_EDGE('',*,*,#3499,.F.);
#4907=ORIENTED_EDGE('',*,*,#3098,.F.);
#4908=ORIENTED_EDGE('',*,*,#3349,.F.);
#4909=ORIENTED_EDGE('',*,*,#3096,.F.);
#4910=ORIENTED_EDGE('',*,*,#3573,.F.);
#4911=ORIENTED_EDGE('',*,*,#3221,.T.);
#4912=ORIENTED_EDGE('',*,*,#3348,.F.);
#4913=ORIENTED_EDGE('',*,*,#3094,.F.);
#4914=ORIENTED_EDGE('',*,*,#3492,.F.);
#4915=ORIENTED_EDGE('',*,*,#3386,.F.);
#4916=ORIENTED_EDGE('',*,*,#3455,.F.);
#4917=ORIENTED_EDGE('',*,*,#3370,.T.);
#4918=ORIENTED_EDGE('',*,*,#3574,.F.);
#4919=ORIENTED_EDGE('',*,*,#3329,.T.);
#4920=ORIENTED_EDGE('',*,*,#3460,.F.);
#4921=ORIENTED_EDGE('',*,*,#3397,.T.);
#4922=ORIENTED_EDGE('',*,*,#3497,.F.);
#4923=ORIENTED_EDGE('',*,*,#3104,.F.);
#4924=ORIENTED_EDGE('',*,*,#3347,.F.);
#4925=ORIENTED_EDGE('',*,*,#3102,.F.);
#4926=ORIENTED_EDGE('',*,*,#3575,.F.);
#4927=ORIENTED_EDGE('',*,*,#3219,.T.);
#4928=ORIENTED_EDGE('',*,*,#3346,.F.);
#4929=ORIENTED_EDGE('',*,*,#3100,.F.);
#4930=ORIENTED_EDGE('',*,*,#3498,.F.);
#4931=ORIENTED_EDGE('',*,*,#3403,.F.);
#4932=ORIENTED_EDGE('',*,*,#3461,.F.);
#4933=ORIENTED_EDGE('',*,*,#3337,.T.);
#4934=ORIENTED_EDGE('',*,*,#3576,.F.);
#4935=ORIENTED_EDGE('',*,*,#3319,.T.);
#4936=ORIENTED_EDGE('',*,*,#3458,.F.);
#4937=ORIENTED_EDGE('',*,*,#3393,.T.);
#4938=ORIENTED_EDGE('',*,*,#3495,.F.);
#4939=ORIENTED_EDGE('',*,*,#3110,.F.);
#4940=ORIENTED_EDGE('',*,*,#3345,.F.);
#4941=ORIENTED_EDGE('',*,*,#3108,.F.);
#4942=ORIENTED_EDGE('',*,*,#3577,.F.);
#4943=ORIENTED_EDGE('',*,*,#3217,.T.);
#4944=ORIENTED_EDGE('',*,*,#3344,.F.);
#4945=ORIENTED_EDGE('',*,*,#3106,.F.);
#4946=ORIENTED_EDGE('',*,*,#3496,.F.);
#4947=ORIENTED_EDGE('',*,*,#3399,.F.);
#4948=ORIENTED_EDGE('',*,*,#3459,.F.);
#4949=ORIENTED_EDGE('',*,*,#3327,.T.);
#4950=ORIENTED_EDGE('',*,*,#3578,.F.);
#4951=ORIENTED_EDGE('',*,*,#3114,.F.);
#4952=ORIENTED_EDGE('',*,*,#3579,.F.);
#4953=ORIENTED_EDGE('',*,*,#3215,.T.);
#4954=ORIENTED_EDGE('',*,*,#3342,.F.);
#4955=ORIENTED_EDGE('',*,*,#3112,.F.);
#4956=ORIENTED_EDGE('',*,*,#3494,.F.);
#4957=ORIENTED_EDGE('',*,*,#3395,.F.);
#4958=ORIENTED_EDGE('',*,*,#3457,.F.);
#4959=ORIENTED_EDGE('',*,*,#3317,.T.);
#4960=ORIENTED_EDGE('',*,*,#3580,.F.);
#4961=ORIENTED_EDGE('',*,*,#3372,.T.);
#4962=ORIENTED_EDGE('',*,*,#3454,.F.);
#4963=ORIENTED_EDGE('',*,*,#3388,.T.);
#4964=ORIENTED_EDGE('',*,*,#3491,.F.);
#4965=ORIENTED_EDGE('',*,*,#3092,.F.);
#4966=ORIENTED_EDGE('',*,*,#3354,.F.);
#4967=ORIENTED_EDGE('',*,*,#3088,.F.);
#4968=ORIENTED_EDGE('',*,*,#3490,.F.);
#4969=ORIENTED_EDGE('',*,*,#3382,.F.);
#4970=ORIENTED_EDGE('',*,*,#3453,.F.);
#4971=ORIENTED_EDGE('',*,*,#3332,.T.);
#4972=ORIENTED_EDGE('',*,*,#3350,.F.);
#4973=ORIENTED_EDGE('',*,*,#3334,.T.);
#4974=ORIENTED_EDGE('',*,*,#3452,.F.);
#4975=ORIENTED_EDGE('',*,*,#3384,.T.);
#4976=ORIENTED_EDGE('',*,*,#3489,.F.);
#4977=ORIENTED_EDGE('',*,*,#3086,.F.);
#4978=ORIENTED_EDGE('',*,*,#3581,.F.);
#4979=ORIENTED_EDGE('',*,*,#3084,.F.);
#4980=ORIENTED_EDGE('',*,*,#3356,.F.);
#4981=ORIENTED_EDGE('',*,*,#3225,.T.);
#4982=ORIENTED_EDGE('',*,*,#3582,.F.);
#4983=ORIENTED_EDGE('',*,*,#3082,.F.);
#4984=ORIENTED_EDGE('',*,*,#3486,.F.);
#4985=ORIENTED_EDGE('',*,*,#3374,.F.);
#4986=ORIENTED_EDGE('',*,*,#3449,.F.);
#4987=ORIENTED_EDGE('',*,*,#3322,.T.);
#4988=ORIENTED_EDGE('',*,*,#3355,.F.);
#4989=ORIENTED_EDGE('',*,*,#3314,.T.);
#4990=ORIENTED_EDGE('',*,*,#3451,.F.);
#4991=ORIENTED_EDGE('',*,*,#3378,.T.);
#4992=ORIENTED_EDGE('',*,*,#3488,.F.);
#4993=ORIENTED_EDGE('',*,*,#3194,.F.);
#4994=ORIENTED_EDGE('',*,*,#3583,.F.);
#4995=ORIENTED_EDGE('',*,*,#3192,.F.);
#4996=ORIENTED_EDGE('',*,*,#3360,.F.);
#4997=ORIENTED_EDGE('',*,*,#3229,.T.);
#4998=ORIENTED_EDGE('',*,*,#3584,.F.);
#4999=ORIENTED_EDGE('',*,*,#3190,.F.);
#5000=ORIENTED_EDGE('',*,*,#3520,.F.);
#5001=ORIENTED_EDGE('',*,*,#3447,.F.);
#5002=ORIENTED_EDGE('',*,*,#3483,.F.);
#5003=ORIENTED_EDGE('',*,*,#3302,.T.);
#5004=ORIENTED_EDGE('',*,*,#3359,.F.);
#5005=ORIENTED_EDGE('',*,*,#3324,.T.);
#5006=ORIENTED_EDGE('',*,*,#3448,.F.);
#5007=ORIENTED_EDGE('',*,*,#3376,.T.);
#5008=ORIENTED_EDGE('',*,*,#3485,.F.);
#5009=ORIENTED_EDGE('',*,*,#3080,.F.);
#5010=ORIENTED_EDGE('',*,*,#3585,.F.);
#5011=ORIENTED_EDGE('',*,*,#3198,.F.);
#5012=ORIENTED_EDGE('',*,*,#3358,.F.);
#5013=ORIENTED_EDGE('',*,*,#3227,.T.);
#5014=ORIENTED_EDGE('',*,*,#3586,.F.);
#5015=ORIENTED_EDGE('',*,*,#3196,.F.);
#5016=ORIENTED_EDGE('',*,*,#3487,.F.);
#5017=ORIENTED_EDGE('',*,*,#3380,.F.);
#5018=ORIENTED_EDGE('',*,*,#3450,.F.);
#5019=ORIENTED_EDGE('',*,*,#3312,.T.);
#5020=ORIENTED_EDGE('',*,*,#3357,.F.);
#5021=ORIENTED_EDGE('',*,*,#3305,.T.);
#5022=ORIENTED_EDGE('',*,*,#3531,.T.);
#5023=ORIENTED_EDGE('',*,*,#3187,.T.);
#5024=ORIENTED_EDGE('',*,*,#3532,.T.);
#5025=ORIENTED_EDGE('',*,*,#3315,.T.);
#5026=ORIENTED_EDGE('',*,*,#3583,.T.);
#5027=ORIENTED_EDGE('',*,*,#3193,.T.);
#5028=ORIENTED_EDGE('',*,*,#3584,.T.);
#5029=ORIENTED_EDGE('',*,*,#3325,.T.);
#5030=ORIENTED_EDGE('',*,*,#3585,.T.);
#5031=ORIENTED_EDGE('',*,*,#3199,.T.);
#5032=ORIENTED_EDGE('',*,*,#3586,.T.);
#5033=ORIENTED_EDGE('',*,*,#3335,.T.);
#5034=ORIENTED_EDGE('',*,*,#3581,.T.);
#5035=ORIENTED_EDGE('',*,*,#3085,.T.);
#5036=ORIENTED_EDGE('',*,*,#3582,.T.);
#5037=ORIENTED_EDGE('',*,*,#3369,.T.);
#5038=ORIENTED_EDGE('',*,*,#3573,.T.);
#5039=ORIENTED_EDGE('',*,*,#3095,.T.);
#5040=ORIENTED_EDGE('',*,*,#3574,.T.);
#5041=ORIENTED_EDGE('',*,*,#3336,.T.);
#5042=ORIENTED_EDGE('',*,*,#3575,.T.);
#5043=ORIENTED_EDGE('',*,*,#3101,.T.);
#5044=ORIENTED_EDGE('',*,*,#3576,.T.);
#5045=ORIENTED_EDGE('',*,*,#3326,.T.);
#5046=ORIENTED_EDGE('',*,*,#3577,.T.);
#5047=ORIENTED_EDGE('',*,*,#3107,.T.);
#5048=ORIENTED_EDGE('',*,*,#3578,.T.);
#5049=ORIENTED_EDGE('',*,*,#3316,.T.);
#5050=ORIENTED_EDGE('',*,*,#3579,.T.);
#5051=ORIENTED_EDGE('',*,*,#3113,.T.);
#5052=ORIENTED_EDGE('',*,*,#3580,.T.);
#5053=ORIENTED_EDGE('',*,*,#3300,.T.);
#5054=ORIENTED_EDGE('',*,*,#3569,.T.);
#5055=ORIENTED_EDGE('',*,*,#3121,.T.);
#5056=ORIENTED_EDGE('',*,*,#3571,.T.);
#5057=ORIENTED_EDGE('',*,*,#3306,.T.);
#5058=ORIENTED_EDGE('',*,*,#3570,.T.);
#5059=ORIENTED_EDGE('',*,*,#3119,.T.);
#5060=ORIENTED_EDGE('',*,*,#3572,.T.);
#5061=ORIENTED_EDGE('',*,*,#3290,.T.);
#5062=ORIENTED_EDGE('',*,*,#3565,.T.);
#5063=ORIENTED_EDGE('',*,*,#3127,.T.);
#5064=ORIENTED_EDGE('',*,*,#3567,.T.);
#5065=ORIENTED_EDGE('',*,*,#3296,.T.);
#5066=ORIENTED_EDGE('',*,*,#3566,.T.);
#5067=ORIENTED_EDGE('',*,*,#3125,.T.);
#5068=ORIENTED_EDGE('',*,*,#3568,.T.);
#5069=ORIENTED_EDGE('',*,*,#3280,.T.);
#5070=ORIENTED_EDGE('',*,*,#3557,.T.);
#5071=ORIENTED_EDGE('',*,*,#3133,.T.);
#5072=ORIENTED_EDGE('',*,*,#3559,.T.);
#5073=ORIENTED_EDGE('',*,*,#3286,.T.);
#5074=ORIENTED_EDGE('',*,*,#3558,.T.);
#5075=ORIENTED_EDGE('',*,*,#3131,.T.);
#5076=ORIENTED_EDGE('',*,*,#3560,.T.);
#5077=ORIENTED_EDGE('',*,*,#3270,.T.);
#5078=ORIENTED_EDGE('',*,*,#3561,.T.);
#5079=ORIENTED_EDGE('',*,*,#3139,.T.);
#5080=ORIENTED_EDGE('',*,*,#3563,.T.);
#5081=ORIENTED_EDGE('',*,*,#3276,.T.);
#5082=ORIENTED_EDGE('',*,*,#3562,.T.);
#5083=ORIENTED_EDGE('',*,*,#3137,.T.);
#5084=ORIENTED_EDGE('',*,*,#3564,.T.);
#5085=ORIENTED_EDGE('',*,*,#3260,.T.);
#5086=ORIENTED_EDGE('',*,*,#3553,.T.);
#5087=ORIENTED_EDGE('',*,*,#3145,.T.);
#5088=ORIENTED_EDGE('',*,*,#3555,.T.);
#5089=ORIENTED_EDGE('',*,*,#3266,.T.);
#5090=ORIENTED_EDGE('',*,*,#3554,.T.);
#5091=ORIENTED_EDGE('',*,*,#3143,.T.);
#5092=ORIENTED_EDGE('',*,*,#3556,.T.);
#5093=ORIENTED_EDGE('',*,*,#3250,.T.);
#5094=ORIENTED_EDGE('',*,*,#3549,.T.);
#5095=ORIENTED_EDGE('',*,*,#3151,.T.);
#5096=ORIENTED_EDGE('',*,*,#3551,.T.);
#5097=ORIENTED_EDGE('',*,*,#3256,.T.);
#5098=ORIENTED_EDGE('',*,*,#3550,.T.);
#5099=ORIENTED_EDGE('',*,*,#3149,.T.);
#5100=ORIENTED_EDGE('',*,*,#3552,.T.);
#5101=ORIENTED_EDGE('',*,*,#3255,.T.);
#5102=ORIENTED_EDGE('',*,*,#3545,.T.);
#5103=ORIENTED_EDGE('',*,*,#3157,.T.);
#5104=ORIENTED_EDGE('',*,*,#3547,.T.);
#5105=ORIENTED_EDGE('',*,*,#3246,.T.);
#5106=ORIENTED_EDGE('',*,*,#3546,.T.);
#5107=ORIENTED_EDGE('',*,*,#3155,.T.);
#5108=ORIENTED_EDGE('',*,*,#3548,.T.);
#5109=ORIENTED_EDGE('',*,*,#3265,.T.);
#5110=ORIENTED_EDGE('',*,*,#3541,.T.);
#5111=ORIENTED_EDGE('',*,*,#3163,.T.);
#5112=ORIENTED_EDGE('',*,*,#3543,.T.);
#5113=ORIENTED_EDGE('',*,*,#3251,.T.);
#5114=ORIENTED_EDGE('',*,*,#3542,.T.);
#5115=ORIENTED_EDGE('',*,*,#3161,.T.);
#5116=ORIENTED_EDGE('',*,*,#3544,.T.);
#5117=ORIENTED_EDGE('',*,*,#3275,.T.);
#5118=ORIENTED_EDGE('',*,*,#3537,.T.);
#5119=ORIENTED_EDGE('',*,*,#3169,.T.);
#5120=ORIENTED_EDGE('',*,*,#3539,.T.);
#5121=ORIENTED_EDGE('',*,*,#3261,.T.);
#5122=ORIENTED_EDGE('',*,*,#3538,.T.);
#5123=ORIENTED_EDGE('',*,*,#3167,.T.);
#5124=ORIENTED_EDGE('',*,*,#3540,.T.);
#5125=ORIENTED_EDGE('',*,*,#3285,.T.);
#5126=ORIENTED_EDGE('',*,*,#3533,.T.);
#5127=ORIENTED_EDGE('',*,*,#3175,.T.);
#5128=ORIENTED_EDGE('',*,*,#3535,.T.);
#5129=ORIENTED_EDGE('',*,*,#3271,.T.);
#5130=ORIENTED_EDGE('',*,*,#3534,.T.);
#5131=ORIENTED_EDGE('',*,*,#3173,.T.);
#5132=ORIENTED_EDGE('',*,*,#3536,.T.);
#5133=ORIENTED_EDGE('',*,*,#3587,.T.);
#5134=ORIENTED_EDGE('',*,*,#3588,.T.);
#5135=ORIENTED_EDGE('',*,*,#3589,.T.);
#5136=ORIENTED_EDGE('',*,*,#3588,.F.);
#5137=ORIENTED_EDGE('',*,*,#3200,.T.);
#5138=ORIENTED_EDGE('',*,*,#3590,.T.);
#5139=ORIENTED_EDGE('',*,*,#3587,.F.);
#5140=ORIENTED_EDGE('',*,*,#3590,.F.);
#5141=ORIENTED_EDGE('',*,*,#3591,.T.);
#5142=ORIENTED_EDGE('',*,*,#3592,.T.);
#5143=ORIENTED_EDGE('',*,*,#3593,.T.);
#5144=ORIENTED_EDGE('',*,*,#3592,.F.);
#5145=ORIENTED_EDGE('',*,*,#3594,.T.);
#5146=ORIENTED_EDGE('',*,*,#3595,.T.);
#5147=ORIENTED_EDGE('',*,*,#3596,.T.);
#5148=ORIENTED_EDGE('',*,*,#3597,.T.);
#5149=ORIENTED_EDGE('',*,*,#3598,.T.);
#5150=ORIENTED_EDGE('',*,*,#3599,.T.);
#5151=ORIENTED_EDGE('',*,*,#3600,.T.);
#5152=ORIENTED_EDGE('',*,*,#3601,.T.);
#5153=ORIENTED_EDGE('',*,*,#3602,.T.);
#5154=ORIENTED_EDGE('',*,*,#3603,.T.);
#5155=ORIENTED_EDGE('',*,*,#3604,.T.);
#5156=ORIENTED_EDGE('',*,*,#3605,.T.);
#5157=ORIENTED_EDGE('',*,*,#3606,.T.);
#5158=ORIENTED_EDGE('',*,*,#3607,.T.);
#5159=ORIENTED_EDGE('',*,*,#3608,.T.);
#5160=ORIENTED_EDGE('',*,*,#3609,.T.);
#5161=ORIENTED_EDGE('',*,*,#3610,.T.);
#5162=ORIENTED_EDGE('',*,*,#3611,.T.);
#5163=ORIENTED_EDGE('',*,*,#3612,.T.);
#5164=ORIENTED_EDGE('',*,*,#3613,.T.);
#5165=ORIENTED_EDGE('',*,*,#3614,.T.);
#5166=ORIENTED_EDGE('',*,*,#3615,.T.);
#5167=ORIENTED_EDGE('',*,*,#3616,.T.);
#5168=ORIENTED_EDGE('',*,*,#3617,.T.);
#5169=ORIENTED_EDGE('',*,*,#3618,.T.);
#5170=ORIENTED_EDGE('',*,*,#3619,.T.);
#5171=ORIENTED_EDGE('',*,*,#3620,.T.);
#5172=ORIENTED_EDGE('',*,*,#3621,.T.);
#5173=ORIENTED_EDGE('',*,*,#3622,.T.);
#5174=ORIENTED_EDGE('',*,*,#3623,.T.);
#5175=ORIENTED_EDGE('',*,*,#3624,.T.);
#5176=ORIENTED_EDGE('',*,*,#3625,.T.);
#5177=ORIENTED_EDGE('',*,*,#3626,.T.);
#5178=ORIENTED_EDGE('',*,*,#3627,.T.);
#5179=ORIENTED_EDGE('',*,*,#3628,.T.);
#5180=ORIENTED_EDGE('',*,*,#3629,.T.);
#5181=ORIENTED_EDGE('',*,*,#3630,.T.);
#5182=ORIENTED_EDGE('',*,*,#3631,.T.);
#5183=ORIENTED_EDGE('',*,*,#3632,.T.);
#5184=ORIENTED_EDGE('',*,*,#3633,.T.);
#5185=ORIENTED_EDGE('',*,*,#3595,.F.);
#5186=ORIENTED_EDGE('',*,*,#3634,.T.);
#5187=ORIENTED_EDGE('',*,*,#3635,.T.);
#5188=ORIENTED_EDGE('',*,*,#3636,.T.);
#5189=ORIENTED_EDGE('',*,*,#3637,.T.);
#5190=ORIENTED_EDGE('',*,*,#3638,.T.);
#5191=ORIENTED_EDGE('',*,*,#3597,.F.);
#5192=ORIENTED_EDGE('',*,*,#3639,.T.);
#5193=ORIENTED_EDGE('',*,*,#3640,.T.);
#5194=ORIENTED_EDGE('',*,*,#3641,.T.);
#5195=ORIENTED_EDGE('',*,*,#3642,.T.);
#5196=ORIENTED_EDGE('',*,*,#3643,.T.);
#5197=ORIENTED_EDGE('',*,*,#3633,.F.);
#5198=ORIENTED_EDGE('',*,*,#3644,.T.);
#5199=ORIENTED_EDGE('',*,*,#3645,.T.);
#5200=ORIENTED_EDGE('',*,*,#3646,.T.);
#5201=ORIENTED_EDGE('',*,*,#3647,.T.);
#5202=ORIENTED_EDGE('',*,*,#3648,.T.);
#5203=ORIENTED_EDGE('',*,*,#3599,.F.);
#5204=ORIENTED_EDGE('',*,*,#3649,.T.);
#5205=ORIENTED_EDGE('',*,*,#3650,.T.);
#5206=ORIENTED_EDGE('',*,*,#3651,.T.);
#5207=ORIENTED_EDGE('',*,*,#3652,.T.);
#5208=ORIENTED_EDGE('',*,*,#3653,.T.);
#5209=ORIENTED_EDGE('',*,*,#3631,.F.);
#5210=ORIENTED_EDGE('',*,*,#3654,.T.);
#5211=ORIENTED_EDGE('',*,*,#3655,.T.);
#5212=ORIENTED_EDGE('',*,*,#3656,.T.);
#5213=ORIENTED_EDGE('',*,*,#3657,.T.);
#5214=ORIENTED_EDGE('',*,*,#3658,.T.);
#5215=ORIENTED_EDGE('',*,*,#3601,.F.);
#5216=ORIENTED_EDGE('',*,*,#3659,.T.);
#5217=ORIENTED_EDGE('',*,*,#3660,.T.);
#5218=ORIENTED_EDGE('',*,*,#3661,.T.);
#5219=ORIENTED_EDGE('',*,*,#3662,.T.);
#5220=ORIENTED_EDGE('',*,*,#3663,.T.);
#5221=ORIENTED_EDGE('',*,*,#3629,.F.);
#5222=ORIENTED_EDGE('',*,*,#3664,.T.);
#5223=ORIENTED_EDGE('',*,*,#3665,.T.);
#5224=ORIENTED_EDGE('',*,*,#3666,.T.);
#5225=ORIENTED_EDGE('',*,*,#3667,.T.);
#5226=ORIENTED_EDGE('',*,*,#3668,.T.);
#5227=ORIENTED_EDGE('',*,*,#3603,.F.);
#5228=ORIENTED_EDGE('',*,*,#3669,.T.);
#5229=ORIENTED_EDGE('',*,*,#3670,.T.);
#5230=ORIENTED_EDGE('',*,*,#3671,.T.);
#5231=ORIENTED_EDGE('',*,*,#3672,.T.);
#5232=ORIENTED_EDGE('',*,*,#3673,.T.);
#5233=ORIENTED_EDGE('',*,*,#3627,.F.);
#5234=ORIENTED_EDGE('',*,*,#3674,.T.);
#5235=ORIENTED_EDGE('',*,*,#3675,.T.);
#5236=ORIENTED_EDGE('',*,*,#3676,.T.);
#5237=ORIENTED_EDGE('',*,*,#3677,.T.);
#5238=ORIENTED_EDGE('',*,*,#3678,.T.);
#5239=ORIENTED_EDGE('',*,*,#3605,.F.);
#5240=ORIENTED_EDGE('',*,*,#3679,.T.);
#5241=ORIENTED_EDGE('',*,*,#3680,.T.);
#5242=ORIENTED_EDGE('',*,*,#3681,.T.);
#5243=ORIENTED_EDGE('',*,*,#3682,.T.);
#5244=ORIENTED_EDGE('',*,*,#3683,.T.);
#5245=ORIENTED_EDGE('',*,*,#3625,.F.);
#5246=ORIENTED_EDGE('',*,*,#3684,.T.);
#5247=ORIENTED_EDGE('',*,*,#3685,.T.);
#5248=ORIENTED_EDGE('',*,*,#3686,.T.);
#5249=ORIENTED_EDGE('',*,*,#3687,.T.);
#5250=ORIENTED_EDGE('',*,*,#3688,.T.);
#5251=ORIENTED_EDGE('',*,*,#3607,.F.);
#5252=ORIENTED_EDGE('',*,*,#3689,.T.);
#5253=ORIENTED_EDGE('',*,*,#3690,.T.);
#5254=ORIENTED_EDGE('',*,*,#3691,.T.);
#5255=ORIENTED_EDGE('',*,*,#3692,.T.);
#5256=ORIENTED_EDGE('',*,*,#3693,.T.);
#5257=ORIENTED_EDGE('',*,*,#3623,.F.);
#5258=ORIENTED_EDGE('',*,*,#3694,.T.);
#5259=ORIENTED_EDGE('',*,*,#3695,.T.);
#5260=ORIENTED_EDGE('',*,*,#3696,.T.);
#5261=ORIENTED_EDGE('',*,*,#3697,.T.);
#5262=ORIENTED_EDGE('',*,*,#3698,.T.);
#5263=ORIENTED_EDGE('',*,*,#3609,.F.);
#5264=ORIENTED_EDGE('',*,*,#3699,.T.);
#5265=ORIENTED_EDGE('',*,*,#3700,.T.);
#5266=ORIENTED_EDGE('',*,*,#3701,.T.);
#5267=ORIENTED_EDGE('',*,*,#3702,.T.);
#5268=ORIENTED_EDGE('',*,*,#3703,.T.);
#5269=ORIENTED_EDGE('',*,*,#3621,.F.);
#5270=ORIENTED_EDGE('',*,*,#3704,.T.);
#5271=ORIENTED_EDGE('',*,*,#3705,.T.);
#5272=ORIENTED_EDGE('',*,*,#3706,.T.);
#5273=ORIENTED_EDGE('',*,*,#3707,.T.);
#5274=ORIENTED_EDGE('',*,*,#3708,.T.);
#5275=ORIENTED_EDGE('',*,*,#3611,.F.);
#5276=ORIENTED_EDGE('',*,*,#3709,.T.);
#5277=ORIENTED_EDGE('',*,*,#3710,.T.);
#5278=ORIENTED_EDGE('',*,*,#3711,.T.);
#5279=ORIENTED_EDGE('',*,*,#3712,.T.);
#5280=ORIENTED_EDGE('',*,*,#3713,.T.);
#5281=ORIENTED_EDGE('',*,*,#3619,.F.);
#5282=ORIENTED_EDGE('',*,*,#3714,.T.);
#5283=ORIENTED_EDGE('',*,*,#3715,.T.);
#5284=ORIENTED_EDGE('',*,*,#3716,.T.);
#5285=ORIENTED_EDGE('',*,*,#3717,.T.);
#5286=ORIENTED_EDGE('',*,*,#3718,.T.);
#5287=ORIENTED_EDGE('',*,*,#3613,.F.);
#5288=ORIENTED_EDGE('',*,*,#3719,.T.);
#5289=ORIENTED_EDGE('',*,*,#3720,.T.);
#5290=ORIENTED_EDGE('',*,*,#3721,.T.);
#5291=ORIENTED_EDGE('',*,*,#3722,.T.);
#5292=ORIENTED_EDGE('',*,*,#3723,.T.);
#5293=ORIENTED_EDGE('',*,*,#3617,.F.);
#5294=ORIENTED_EDGE('',*,*,#3724,.T.);
#5295=ORIENTED_EDGE('',*,*,#3725,.T.);
#5296=ORIENTED_EDGE('',*,*,#3726,.T.);
#5297=ORIENTED_EDGE('',*,*,#3727,.T.);
#5298=ORIENTED_EDGE('',*,*,#3728,.T.);
#5299=ORIENTED_EDGE('',*,*,#3589,.F.);
#5300=ORIENTED_EDGE('',*,*,#3729,.T.);
#5301=ORIENTED_EDGE('',*,*,#3593,.F.);
#5302=ORIENTED_EDGE('',*,*,#3729,.F.);
#5303=ORIENTED_EDGE('',*,*,#3730,.F.);
#5304=ORIENTED_EDGE('',*,*,#3731,.T.);
#5305=ORIENTED_EDGE('',*,*,#3732,.T.);
#5306=ORIENTED_EDGE('',*,*,#3731,.F.);
#5307=ORIENTED_EDGE('',*,*,#3732,.F.);
#5308=ORIENTED_EDGE('',*,*,#3733,.F.);
#5309=ORIENTED_EDGE('',*,*,#3734,.T.);
#5310=ORIENTED_EDGE('',*,*,#3735,.T.);
#5311=ORIENTED_EDGE('',*,*,#3734,.F.);
#5312=ORIENTED_EDGE('',*,*,#3735,.F.);
#5313=ORIENTED_EDGE('',*,*,#3736,.F.);
#5314=ORIENTED_EDGE('',*,*,#3737,.T.);
#5315=ORIENTED_EDGE('',*,*,#3738,.T.);
#5316=ORIENTED_EDGE('',*,*,#3737,.F.);
#5317=ORIENTED_EDGE('',*,*,#3738,.F.);
#5318=ORIENTED_EDGE('',*,*,#3739,.F.);
#5319=ORIENTED_EDGE('',*,*,#3740,.T.);
#5320=ORIENTED_EDGE('',*,*,#3741,.T.);
#5321=ORIENTED_EDGE('',*,*,#3740,.F.);
#5322=ORIENTED_EDGE('',*,*,#3741,.F.);
#5323=ORIENTED_EDGE('',*,*,#3742,.F.);
#5324=ORIENTED_EDGE('',*,*,#3743,.T.);
#5325=ORIENTED_EDGE('',*,*,#3744,.T.);
#5326=ORIENTED_EDGE('',*,*,#3743,.F.);
#5327=ORIENTED_EDGE('',*,*,#3744,.F.);
#5328=ORIENTED_EDGE('',*,*,#3745,.F.);
#5329=ORIENTED_EDGE('',*,*,#3746,.F.);
#5330=ORIENTED_EDGE('',*,*,#3694,.F.);
#5331=ORIENTED_EDGE('',*,*,#3747,.F.);
#5332=ORIENTED_EDGE('',*,*,#3748,.F.);
#5333=ORIENTED_EDGE('',*,*,#3749,.F.);
#5334=ORIENTED_EDGE('',*,*,#3704,.F.);
#5335=ORIENTED_EDGE('',*,*,#3750,.F.);
#5336=ORIENTED_EDGE('',*,*,#3751,.F.);
#5337=ORIENTED_EDGE('',*,*,#3752,.F.);
#5338=ORIENTED_EDGE('',*,*,#3714,.F.);
#5339=ORIENTED_EDGE('',*,*,#3753,.F.);
#5340=ORIENTED_EDGE('',*,*,#3754,.F.);
#5341=ORIENTED_EDGE('',*,*,#3755,.F.);
#5342=ORIENTED_EDGE('',*,*,#3724,.F.);
#5343=ORIENTED_EDGE('',*,*,#3756,.F.);
#5344=ORIENTED_EDGE('',*,*,#3757,.F.);
#5345=ORIENTED_EDGE('',*,*,#3758,.F.);
#5346=ORIENTED_EDGE('',*,*,#3723,.F.);
#5347=ORIENTED_EDGE('',*,*,#3759,.F.);
#5348=ORIENTED_EDGE('',*,*,#3760,.F.);
#5349=ORIENTED_EDGE('',*,*,#3761,.F.);
#5350=ORIENTED_EDGE('',*,*,#3762,.F.);
#5351=ORIENTED_EDGE('',*,*,#3763,.F.);
#5352=ORIENTED_EDGE('',*,*,#3764,.F.);
#5353=ORIENTED_EDGE('',*,*,#3765,.F.);
#5354=ORIENTED_EDGE('',*,*,#3713,.F.);
#5355=ORIENTED_EDGE('',*,*,#3766,.F.);
#5356=ORIENTED_EDGE('',*,*,#3767,.F.);
#5357=ORIENTED_EDGE('',*,*,#3768,.F.);
#5358=ORIENTED_EDGE('',*,*,#3703,.F.);
#5359=ORIENTED_EDGE('',*,*,#3769,.F.);
#5360=ORIENTED_EDGE('',*,*,#3770,.F.);
#5361=ORIENTED_EDGE('',*,*,#3771,.F.);
#5362=ORIENTED_EDGE('',*,*,#3693,.F.);
#5363=ORIENTED_EDGE('',*,*,#3772,.F.);
#5364=ORIENTED_EDGE('',*,*,#3773,.F.);
#5365=ORIENTED_EDGE('',*,*,#3774,.F.);
#5366=ORIENTED_EDGE('',*,*,#3683,.F.);
#5367=ORIENTED_EDGE('',*,*,#3775,.F.);
#5368=ORIENTED_EDGE('',*,*,#3614,.F.);
#5369=ORIENTED_EDGE('',*,*,#3758,.T.);
#5370=ORIENTED_EDGE('',*,*,#3776,.T.);
#5371=ORIENTED_EDGE('',*,*,#3763,.T.);
#5372=ORIENTED_EDGE('',*,*,#3695,.F.);
#5373=ORIENTED_EDGE('',*,*,#3746,.T.);
#5374=ORIENTED_EDGE('',*,*,#3777,.T.);
#5375=ORIENTED_EDGE('',*,*,#3778,.T.);
#5376=ORIENTED_EDGE('',*,*,#3779,.F.);
#5377=ORIENTED_EDGE('',*,*,#3780,.T.);
#5378=ORIENTED_EDGE('',*,*,#3682,.F.);
#5379=ORIENTED_EDGE('',*,*,#3781,.T.);
#5380=ORIENTED_EDGE('',*,*,#3782,.T.);
#5381=ORIENTED_EDGE('',*,*,#3783,.T.);
#5382=ORIENTED_EDGE('',*,*,#3784,.T.);
#5383=ORIENTED_EDGE('',*,*,#3775,.T.);
#5384=ORIENTED_EDGE('',*,*,#3785,.F.);
#5385=ORIENTED_EDGE('',*,*,#3786,.T.);
#5386=ORIENTED_EDGE('',*,*,#3787,.F.);
#5387=ORIENTED_EDGE('',*,*,#3767,.T.);
#5388=ORIENTED_EDGE('',*,*,#3788,.F.);
#5389=ORIENTED_EDGE('',*,*,#3789,.T.);
#5390=ORIENTED_EDGE('',*,*,#3790,.F.);
#5391=ORIENTED_EDGE('',*,*,#3791,.T.);
#5392=ORIENTED_EDGE('',*,*,#3792,.F.);
#5393=ORIENTED_EDGE('',*,*,#3770,.T.);
#5394=ORIENTED_EDGE('',*,*,#3793,.F.);
#5395=ORIENTED_EDGE('',*,*,#3794,.T.);
#5396=ORIENTED_EDGE('',*,*,#3795,.F.);
#5397=ORIENTED_EDGE('',*,*,#3796,.T.);
#5398=ORIENTED_EDGE('',*,*,#3797,.F.);
#5399=ORIENTED_EDGE('',*,*,#3773,.T.);
#5400=ORIENTED_EDGE('',*,*,#3784,.F.);
#5401=ORIENTED_EDGE('',*,*,#3798,.T.);
#5402=ORIENTED_EDGE('',*,*,#3799,.F.);
#5403=ORIENTED_EDGE('',*,*,#3800,.T.);
#5404=ORIENTED_EDGE('',*,*,#3801,.F.);
#5405=ORIENTED_EDGE('',*,*,#3802,.T.);
#5406=ORIENTED_EDGE('',*,*,#3803,.F.);
#5407=ORIENTED_EDGE('',*,*,#3804,.T.);
#5408=ORIENTED_EDGE('',*,*,#3805,.F.);
#5409=ORIENTED_EDGE('',*,*,#3806,.T.);
#5410=ORIENTED_EDGE('',*,*,#3807,.F.);
#5411=ORIENTED_EDGE('',*,*,#3808,.T.);
#5412=ORIENTED_EDGE('',*,*,#3809,.F.);
#5413=ORIENTED_EDGE('',*,*,#3810,.T.);
#5414=ORIENTED_EDGE('',*,*,#3811,.F.);
#5415=ORIENTED_EDGE('',*,*,#3812,.T.);
#5416=ORIENTED_EDGE('',*,*,#3813,.F.);
#5417=ORIENTED_EDGE('',*,*,#3814,.T.);
#5418=ORIENTED_EDGE('',*,*,#3815,.F.);
#5419=ORIENTED_EDGE('',*,*,#3816,.T.);
#5420=ORIENTED_EDGE('',*,*,#3817,.F.);
#5421=ORIENTED_EDGE('',*,*,#3818,.T.);
#5422=ORIENTED_EDGE('',*,*,#3819,.F.);
#5423=ORIENTED_EDGE('',*,*,#3820,.T.);
#5424=ORIENTED_EDGE('',*,*,#3821,.F.);
#5425=ORIENTED_EDGE('',*,*,#3822,.T.);
#5426=ORIENTED_EDGE('',*,*,#3823,.F.);
#5427=ORIENTED_EDGE('',*,*,#3824,.T.);
#5428=ORIENTED_EDGE('',*,*,#3825,.F.);
#5429=ORIENTED_EDGE('',*,*,#3826,.T.);
#5430=ORIENTED_EDGE('',*,*,#3827,.F.);
#5431=ORIENTED_EDGE('',*,*,#3828,.T.);
#5432=ORIENTED_EDGE('',*,*,#3829,.F.);
#5433=ORIENTED_EDGE('',*,*,#3830,.T.);
#5434=ORIENTED_EDGE('',*,*,#3831,.F.);
#5435=ORIENTED_EDGE('',*,*,#3832,.T.);
#5436=ORIENTED_EDGE('',*,*,#3833,.F.);
#5437=ORIENTED_EDGE('',*,*,#3834,.T.);
#5438=ORIENTED_EDGE('',*,*,#3835,.F.);
#5439=ORIENTED_EDGE('',*,*,#3836,.T.);
#5440=ORIENTED_EDGE('',*,*,#3837,.F.);
#5441=ORIENTED_EDGE('',*,*,#3838,.T.);
#5442=ORIENTED_EDGE('',*,*,#3839,.F.);
#5443=ORIENTED_EDGE('',*,*,#3840,.T.);
#5444=ORIENTED_EDGE('',*,*,#3841,.F.);
#5445=ORIENTED_EDGE('',*,*,#3842,.T.);
#5446=ORIENTED_EDGE('',*,*,#3843,.F.);
#5447=ORIENTED_EDGE('',*,*,#3844,.T.);
#5448=ORIENTED_EDGE('',*,*,#3845,.F.);
#5449=ORIENTED_EDGE('',*,*,#3846,.T.);
#5450=ORIENTED_EDGE('',*,*,#3847,.F.);
#5451=ORIENTED_EDGE('',*,*,#3848,.T.);
#5452=ORIENTED_EDGE('',*,*,#3849,.F.);
#5453=ORIENTED_EDGE('',*,*,#3850,.T.);
#5454=ORIENTED_EDGE('',*,*,#3851,.F.);
#5455=ORIENTED_EDGE('',*,*,#3852,.T.);
#5456=ORIENTED_EDGE('',*,*,#3853,.F.);
#5457=ORIENTED_EDGE('',*,*,#3854,.T.);
#5458=ORIENTED_EDGE('',*,*,#3855,.F.);
#5459=ORIENTED_EDGE('',*,*,#3856,.T.);
#5460=ORIENTED_EDGE('',*,*,#3857,.F.);
#5461=ORIENTED_EDGE('',*,*,#3858,.T.);
#5462=ORIENTED_EDGE('',*,*,#3859,.F.);
#5463=ORIENTED_EDGE('',*,*,#3860,.T.);
#5464=ORIENTED_EDGE('',*,*,#3861,.F.);
#5465=ORIENTED_EDGE('',*,*,#3862,.T.);
#5466=ORIENTED_EDGE('',*,*,#3863,.F.);
#5467=ORIENTED_EDGE('',*,*,#3864,.T.);
#5468=ORIENTED_EDGE('',*,*,#3777,.F.);
#5469=ORIENTED_EDGE('',*,*,#3745,.T.);
#5470=ORIENTED_EDGE('',*,*,#3865,.F.);
#5471=ORIENTED_EDGE('',*,*,#3866,.T.);
#5472=ORIENTED_EDGE('',*,*,#3867,.F.);
#5473=ORIENTED_EDGE('',*,*,#3868,.T.);
#5474=ORIENTED_EDGE('',*,*,#3869,.F.);
#5475=ORIENTED_EDGE('',*,*,#3748,.T.);
#5476=ORIENTED_EDGE('',*,*,#3870,.F.);
#5477=ORIENTED_EDGE('',*,*,#3871,.T.);
#5478=ORIENTED_EDGE('',*,*,#3872,.F.);
#5479=ORIENTED_EDGE('',*,*,#3873,.T.);
#5480=ORIENTED_EDGE('',*,*,#3874,.F.);
#5481=ORIENTED_EDGE('',*,*,#3751,.T.);
#5482=ORIENTED_EDGE('',*,*,#3875,.F.);
#5483=ORIENTED_EDGE('',*,*,#3876,.T.);
#5484=ORIENTED_EDGE('',*,*,#3877,.F.);
#5485=ORIENTED_EDGE('',*,*,#3878,.T.);
#5486=ORIENTED_EDGE('',*,*,#3879,.F.);
#5487=ORIENTED_EDGE('',*,*,#3754,.T.);
#5488=ORIENTED_EDGE('',*,*,#3880,.F.);
#5489=ORIENTED_EDGE('',*,*,#3881,.T.);
#5490=ORIENTED_EDGE('',*,*,#3882,.F.);
#5491=ORIENTED_EDGE('',*,*,#3883,.T.);
#5492=ORIENTED_EDGE('',*,*,#3884,.F.);
#5493=ORIENTED_EDGE('',*,*,#3760,.T.);
#5494=ORIENTED_EDGE('',*,*,#3776,.F.);
#5495=ORIENTED_EDGE('',*,*,#3757,.T.);
#5496=ORIENTED_EDGE('',*,*,#3885,.F.);
#5497=ORIENTED_EDGE('',*,*,#3886,.T.);
#5498=ORIENTED_EDGE('',*,*,#3887,.F.);
#5499=ORIENTED_EDGE('',*,*,#3888,.T.);
#5500=ORIENTED_EDGE('',*,*,#3889,.F.);
#5501=ORIENTED_EDGE('',*,*,#3764,.T.);
#5502=ORIENTED_EDGE('',*,*,#3890,.F.);
#5503=ORIENTED_EDGE('',*,*,#3891,.T.);
#5504=ORIENTED_EDGE('',*,*,#3742,.T.);
#5505=ORIENTED_EDGE('',*,*,#3739,.T.);
#5506=ORIENTED_EDGE('',*,*,#3736,.T.);
#5507=ORIENTED_EDGE('',*,*,#3733,.T.);
#5508=ORIENTED_EDGE('',*,*,#3730,.T.);
#5509=ORIENTED_EDGE('',*,*,#3615,.F.);
#5510=ORIENTED_EDGE('',*,*,#3762,.T.);
#5511=ORIENTED_EDGE('',*,*,#3892,.T.);
#5512=ORIENTED_EDGE('',*,*,#3893,.T.);
#5513=ORIENTED_EDGE('',*,*,#3894,.T.);
#5514=ORIENTED_EDGE('',*,*,#3895,.T.);
#5515=ORIENTED_EDGE('',*,*,#3896,.T.);
#5516=ORIENTED_EDGE('',*,*,#3897,.T.);
#5517=ORIENTED_EDGE('',*,*,#3898,.T.);
#5518=ORIENTED_EDGE('',*,*,#3899,.F.);
#5519=ORIENTED_EDGE('',*,*,#3900,.T.);
#5520=ORIENTED_EDGE('',*,*,#3901,.F.);
#5521=ORIENTED_EDGE('',*,*,#3902,.T.);
#5522=ORIENTED_EDGE('',*,*,#3903,.T.);
#5523=ORIENTED_EDGE('',*,*,#3904,.T.);
#5524=ORIENTED_EDGE('',*,*,#3905,.T.);
#5525=ORIENTED_EDGE('',*,*,#3906,.T.);
#5526=ORIENTED_EDGE('',*,*,#3907,.F.);
#5527=ORIENTED_EDGE('',*,*,#3908,.T.);
#5528=ORIENTED_EDGE('',*,*,#3909,.T.);
#5529=ORIENTED_EDGE('',*,*,#3910,.T.);
#5530=ORIENTED_EDGE('',*,*,#3911,.F.);
#5531=ORIENTED_EDGE('',*,*,#3912,.T.);
#5532=ORIENTED_EDGE('',*,*,#3779,.T.);
#5533=ORIENTED_EDGE('',*,*,#3913,.T.);
#5534=ORIENTED_EDGE('',*,*,#3914,.F.);
#5535=ORIENTED_EDGE('',*,*,#3915,.T.);
#5536=ORIENTED_EDGE('',*,*,#3916,.F.);
#5537=ORIENTED_EDGE('',*,*,#3917,.T.);
#5538=ORIENTED_EDGE('',*,*,#3918,.T.);
#5539=ORIENTED_EDGE('',*,*,#3919,.T.);
#5540=ORIENTED_EDGE('',*,*,#3920,.F.);
#5541=ORIENTED_EDGE('',*,*,#3921,.T.);
#5542=ORIENTED_EDGE('',*,*,#3922,.T.);
#5543=ORIENTED_EDGE('',*,*,#3923,.T.);
#5544=ORIENTED_EDGE('',*,*,#3924,.F.);
#5545=ORIENTED_EDGE('',*,*,#3925,.T.);
#5546=ORIENTED_EDGE('',*,*,#3926,.T.);
#5547=ORIENTED_EDGE('',*,*,#3927,.T.);
#5548=ORIENTED_EDGE('',*,*,#3928,.T.);
#5549=ORIENTED_EDGE('',*,*,#3929,.T.);
#5550=ORIENTED_EDGE('',*,*,#3930,.F.);
#5551=ORIENTED_EDGE('',*,*,#3931,.T.);
#5552=ORIENTED_EDGE('',*,*,#3932,.T.);
#5553=ORIENTED_EDGE('',*,*,#3933,.T.);
#5554=ORIENTED_EDGE('',*,*,#3934,.F.);
#5555=ORIENTED_EDGE('',*,*,#3935,.T.);
#5556=ORIENTED_EDGE('',*,*,#3936,.T.);
#5557=ORIENTED_EDGE('',*,*,#3937,.T.);
#5558=ORIENTED_EDGE('',*,*,#3938,.F.);
#5559=ORIENTED_EDGE('',*,*,#3939,.T.);
#5560=ORIENTED_EDGE('',*,*,#3940,.F.);
#5561=ORIENTED_EDGE('',*,*,#3941,.T.);
#5562=ORIENTED_EDGE('',*,*,#3942,.T.);
#5563=ORIENTED_EDGE('',*,*,#3943,.T.);
#5564=ORIENTED_EDGE('',*,*,#3944,.T.);
#5565=ORIENTED_EDGE('',*,*,#3945,.T.);
#5566=ORIENTED_EDGE('',*,*,#3946,.F.);
#5567=ORIENTED_EDGE('',*,*,#3947,.T.);
#5568=ORIENTED_EDGE('',*,*,#3948,.T.);
#5569=ORIENTED_EDGE('',*,*,#3949,.T.);
#5570=ORIENTED_EDGE('',*,*,#3950,.F.);
#5571=ORIENTED_EDGE('',*,*,#3951,.T.);
#5572=ORIENTED_EDGE('',*,*,#3952,.T.);
#5573=ORIENTED_EDGE('',*,*,#3953,.T.);
#5574=ORIENTED_EDGE('',*,*,#3954,.F.);
#5575=ORIENTED_EDGE('',*,*,#3955,.T.);
#5576=ORIENTED_EDGE('',*,*,#3956,.T.);
#5577=ORIENTED_EDGE('',*,*,#3957,.T.);
#5578=ORIENTED_EDGE('',*,*,#3958,.F.);
#5579=ORIENTED_EDGE('',*,*,#3959,.T.);
#5580=ORIENTED_EDGE('',*,*,#3960,.T.);
#5581=ORIENTED_EDGE('',*,*,#3961,.T.);
#5582=ORIENTED_EDGE('',*,*,#3962,.F.);
#5583=ORIENTED_EDGE('',*,*,#3963,.T.);
#5584=ORIENTED_EDGE('',*,*,#3964,.T.);
#5585=ORIENTED_EDGE('',*,*,#3965,.T.);
#5586=ORIENTED_EDGE('',*,*,#3966,.F.);
#5587=ORIENTED_EDGE('',*,*,#3967,.T.);
#5588=ORIENTED_EDGE('',*,*,#3968,.F.);
#5589=ORIENTED_EDGE('',*,*,#3969,.T.);
#5590=ORIENTED_EDGE('',*,*,#3970,.T.);
#5591=ORIENTED_EDGE('',*,*,#3971,.F.);
#5592=ORIENTED_EDGE('',*,*,#3896,.F.);
#5593=ORIENTED_EDGE('',*,*,#3972,.F.);
#5594=ORIENTED_EDGE('',*,*,#3711,.F.);
#5595=ORIENTED_EDGE('',*,*,#3973,.F.);
#5596=ORIENTED_EDGE('',*,*,#3701,.F.);
#5597=ORIENTED_EDGE('',*,*,#3974,.F.);
#5598=ORIENTED_EDGE('',*,*,#3902,.F.);
#5599=ORIENTED_EDGE('',*,*,#3975,.F.);
#5600=ORIENTED_EDGE('',*,*,#3904,.F.);
#5601=ORIENTED_EDGE('',*,*,#3976,.F.);
#5602=ORIENTED_EDGE('',*,*,#3721,.F.);
#5603=ORIENTED_EDGE('',*,*,#3977,.F.);
#5604=ORIENTED_EDGE('',*,*,#3908,.F.);
#5605=ORIENTED_EDGE('',*,*,#3978,.F.);
#5606=ORIENTED_EDGE('',*,*,#3893,.F.);
#5607=ORIENTED_EDGE('',*,*,#3780,.F.);
#5608=ORIENTED_EDGE('',*,*,#3912,.F.);
#5609=ORIENTED_EDGE('',*,*,#3979,.F.);
#5610=ORIENTED_EDGE('',*,*,#3696,.F.);
#5611=ORIENTED_EDGE('',*,*,#3980,.F.);
#5612=ORIENTED_EDGE('',*,*,#3706,.F.);
#5613=ORIENTED_EDGE('',*,*,#3981,.F.);
#5614=ORIENTED_EDGE('',*,*,#3917,.F.);
#5615=ORIENTED_EDGE('',*,*,#3982,.F.);
#5616=ORIENTED_EDGE('',*,*,#3716,.F.);
#5617=ORIENTED_EDGE('',*,*,#3983,.F.);
#5618=ORIENTED_EDGE('',*,*,#3921,.F.);
#5619=ORIENTED_EDGE('',*,*,#3984,.F.);
#5620=ORIENTED_EDGE('',*,*,#3726,.F.);
#5621=ORIENTED_EDGE('',*,*,#3985,.F.);
#5622=ORIENTED_EDGE('',*,*,#3925,.F.);
#5623=ORIENTED_EDGE('',*,*,#3986,.F.);
#5624=ORIENTED_EDGE('',*,*,#3927,.F.);
#5625=ORIENTED_EDGE('',*,*,#3987,.F.);
#5626=ORIENTED_EDGE('',*,*,#3686,.F.);
#5627=ORIENTED_EDGE('',*,*,#3988,.F.);
#5628=ORIENTED_EDGE('',*,*,#3931,.F.);
#5629=ORIENTED_EDGE('',*,*,#3989,.F.);
#5630=ORIENTED_EDGE('',*,*,#3676,.F.);
#5631=ORIENTED_EDGE('',*,*,#3990,.F.);
#5632=ORIENTED_EDGE('',*,*,#3935,.F.);
#5633=ORIENTED_EDGE('',*,*,#3991,.F.);
#5634=ORIENTED_EDGE('',*,*,#3656,.F.);
#5635=ORIENTED_EDGE('',*,*,#3992,.F.);
#5636=ORIENTED_EDGE('',*,*,#3666,.F.);
#5637=ORIENTED_EDGE('',*,*,#3993,.F.);
#5638=ORIENTED_EDGE('',*,*,#3941,.F.);
#5639=ORIENTED_EDGE('',*,*,#3994,.F.);
#5640=ORIENTED_EDGE('',*,*,#3943,.F.);
#5641=ORIENTED_EDGE('',*,*,#3995,.F.);
#5642=ORIENTED_EDGE('',*,*,#3646,.F.);
#5643=ORIENTED_EDGE('',*,*,#3996,.F.);
#5644=ORIENTED_EDGE('',*,*,#3947,.F.);
#5645=ORIENTED_EDGE('',*,*,#3997,.F.);
#5646=ORIENTED_EDGE('',*,*,#3636,.F.);
#5647=ORIENTED_EDGE('',*,*,#3998,.F.);
#5648=ORIENTED_EDGE('',*,*,#3951,.F.);
#5649=ORIENTED_EDGE('',*,*,#3999,.F.);
#5650=ORIENTED_EDGE('',*,*,#3641,.F.);
#5651=ORIENTED_EDGE('',*,*,#4000,.F.);
#5652=ORIENTED_EDGE('',*,*,#3955,.F.);
#5653=ORIENTED_EDGE('',*,*,#4001,.F.);
#5654=ORIENTED_EDGE('',*,*,#3651,.F.);
#5655=ORIENTED_EDGE('',*,*,#4002,.F.);
#5656=ORIENTED_EDGE('',*,*,#3959,.F.);
#5657=ORIENTED_EDGE('',*,*,#4003,.F.);
#5658=ORIENTED_EDGE('',*,*,#3661,.F.);
#5659=ORIENTED_EDGE('',*,*,#4004,.F.);
#5660=ORIENTED_EDGE('',*,*,#3963,.F.);
#5661=ORIENTED_EDGE('',*,*,#4005,.F.);
#5662=ORIENTED_EDGE('',*,*,#3671,.F.);
#5663=ORIENTED_EDGE('',*,*,#4006,.F.);
#5664=ORIENTED_EDGE('',*,*,#3691,.F.);
#5665=ORIENTED_EDGE('',*,*,#4007,.F.);
#5666=ORIENTED_EDGE('',*,*,#3969,.F.);
#5667=ORIENTED_EDGE('',*,*,#4008,.F.);
#5668=ORIENTED_EDGE('',*,*,#3891,.F.);
#5669=ORIENTED_EDGE('',*,*,#4009,.F.);
#5670=ORIENTED_EDGE('',*,*,#3898,.F.);
#5671=ORIENTED_EDGE('',*,*,#4010,.F.);
#5672=ORIENTED_EDGE('',*,*,#3900,.F.);
#5673=ORIENTED_EDGE('',*,*,#4011,.F.);
#5674=ORIENTED_EDGE('',*,*,#3789,.F.);
#5675=ORIENTED_EDGE('',*,*,#4012,.F.);
#5676=ORIENTED_EDGE('',*,*,#3886,.F.);
#5677=ORIENTED_EDGE('',*,*,#4013,.F.);
#5678=ORIENTED_EDGE('',*,*,#3906,.F.);
#5679=ORIENTED_EDGE('',*,*,#4014,.F.);
#5680=ORIENTED_EDGE('',*,*,#3883,.F.);
#5681=ORIENTED_EDGE('',*,*,#4015,.F.);
#5682=ORIENTED_EDGE('',*,*,#3910,.F.);
#5683=ORIENTED_EDGE('',*,*,#3778,.F.);
#5684=ORIENTED_EDGE('',*,*,#3864,.F.);
#5685=ORIENTED_EDGE('',*,*,#4016,.F.);
#5686=ORIENTED_EDGE('',*,*,#3913,.F.);
#5687=ORIENTED_EDGE('',*,*,#4017,.F.);
#5688=ORIENTED_EDGE('',*,*,#3915,.F.);
#5689=ORIENTED_EDGE('',*,*,#4018,.F.);
#5690=ORIENTED_EDGE('',*,*,#3868,.F.);
#5691=ORIENTED_EDGE('',*,*,#4019,.F.);
#5692=ORIENTED_EDGE('',*,*,#3919,.F.);
#5693=ORIENTED_EDGE('',*,*,#4020,.F.);
#5694=ORIENTED_EDGE('',*,*,#3873,.F.);
#5695=ORIENTED_EDGE('',*,*,#4021,.F.);
#5696=ORIENTED_EDGE('',*,*,#3923,.F.);
#5697=ORIENTED_EDGE('',*,*,#4022,.F.);
#5698=ORIENTED_EDGE('',*,*,#3878,.F.);
#5699=ORIENTED_EDGE('',*,*,#4023,.F.);
#5700=ORIENTED_EDGE('',*,*,#3858,.F.);
#5701=ORIENTED_EDGE('',*,*,#4024,.F.);
#5702=ORIENTED_EDGE('',*,*,#3929,.F.);
#5703=ORIENTED_EDGE('',*,*,#4025,.F.);
#5704=ORIENTED_EDGE('',*,*,#3852,.F.);
#5705=ORIENTED_EDGE('',*,*,#4026,.F.);
#5706=ORIENTED_EDGE('',*,*,#3933,.F.);
#5707=ORIENTED_EDGE('',*,*,#4027,.F.);
#5708=ORIENTED_EDGE('',*,*,#3840,.F.);
#5709=ORIENTED_EDGE('',*,*,#4028,.F.);
#5710=ORIENTED_EDGE('',*,*,#3937,.F.);
#5711=ORIENTED_EDGE('',*,*,#4029,.F.);
#5712=ORIENTED_EDGE('',*,*,#3939,.F.);
#5713=ORIENTED_EDGE('',*,*,#4030,.F.);
#5714=ORIENTED_EDGE('',*,*,#3846,.F.);
#5715=ORIENTED_EDGE('',*,*,#4031,.F.);
#5716=ORIENTED_EDGE('',*,*,#3834,.F.);
#5717=ORIENTED_EDGE('',*,*,#4032,.F.);
#5718=ORIENTED_EDGE('',*,*,#3945,.F.);
#5719=ORIENTED_EDGE('',*,*,#4033,.F.);
#5720=ORIENTED_EDGE('',*,*,#3828,.F.);
#5721=ORIENTED_EDGE('',*,*,#4034,.F.);
#5722=ORIENTED_EDGE('',*,*,#3949,.F.);
#5723=ORIENTED_EDGE('',*,*,#4035,.F.);
#5724=ORIENTED_EDGE('',*,*,#3822,.F.);
#5725=ORIENTED_EDGE('',*,*,#4036,.F.);
#5726=ORIENTED_EDGE('',*,*,#3953,.F.);
#5727=ORIENTED_EDGE('',*,*,#4037,.F.);
#5728=ORIENTED_EDGE('',*,*,#3816,.F.);
#5729=ORIENTED_EDGE('',*,*,#4038,.F.);
#5730=ORIENTED_EDGE('',*,*,#3957,.F.);
#5731=ORIENTED_EDGE('',*,*,#4039,.F.);
#5732=ORIENTED_EDGE('',*,*,#3810,.F.);
#5733=ORIENTED_EDGE('',*,*,#4040,.F.);
#5734=ORIENTED_EDGE('',*,*,#3961,.F.);
#5735=ORIENTED_EDGE('',*,*,#4041,.F.);
#5736=ORIENTED_EDGE('',*,*,#3804,.F.);
#5737=ORIENTED_EDGE('',*,*,#4042,.F.);
#5738=ORIENTED_EDGE('',*,*,#3965,.F.);
#5739=ORIENTED_EDGE('',*,*,#4043,.F.);
#5740=ORIENTED_EDGE('',*,*,#3967,.F.);
#5741=ORIENTED_EDGE('',*,*,#4044,.F.);
#5742=ORIENTED_EDGE('',*,*,#3794,.F.);
#5743=ORIENTED_EDGE('',*,*,#4045,.T.);
#5744=ORIENTED_EDGE('',*,*,#3782,.F.);
#5745=ORIENTED_EDGE('',*,*,#4046,.T.);
#5746=ORIENTED_EDGE('',*,*,#4047,.T.);
#5747=ORIENTED_EDGE('',*,*,#4047,.F.);
#5748=ORIENTED_EDGE('',*,*,#4048,.T.);
#5749=ORIENTED_EDGE('',*,*,#3680,.F.);
#5750=ORIENTED_EDGE('',*,*,#4049,.T.);
#5751=ORIENTED_EDGE('',*,*,#3799,.T.);
#5752=ORIENTED_EDGE('',*,*,#4050,.T.);
#5753=ORIENTED_EDGE('',*,*,#3801,.T.);
#5754=ORIENTED_EDGE('',*,*,#4051,.T.);
#5755=ORIENTED_EDGE('',*,*,#3604,.F.);
#5756=ORIENTED_EDGE('',*,*,#4052,.T.);
#5757=ORIENTED_EDGE('',*,*,#3672,.F.);
#5758=ORIENTED_EDGE('',*,*,#4005,.T.);
#5759=ORIENTED_EDGE('',*,*,#3966,.T.);
#5760=ORIENTED_EDGE('',*,*,#4042,.T.);
#5761=ORIENTED_EDGE('',*,*,#3803,.T.);
#5762=ORIENTED_EDGE('',*,*,#4053,.T.);
#5763=ORIENTED_EDGE('',*,*,#3679,.F.);
#5764=ORIENTED_EDGE('',*,*,#4051,.F.);
#5765=ORIENTED_EDGE('',*,*,#3800,.F.);
#5766=ORIENTED_EDGE('',*,*,#4049,.F.);
#5767=ORIENTED_EDGE('',*,*,#3673,.F.);
#5768=ORIENTED_EDGE('',*,*,#4053,.F.);
#5769=ORIENTED_EDGE('',*,*,#3802,.F.);
#5770=ORIENTED_EDGE('',*,*,#4052,.F.);
#5771=ORIENTED_EDGE('',*,*,#3781,.F.);
#5772=ORIENTED_EDGE('',*,*,#3681,.F.);
#5773=ORIENTED_EDGE('',*,*,#4048,.F.);
#5774=ORIENTED_EDGE('',*,*,#4046,.F.);
#5775=ORIENTED_EDGE('',*,*,#3783,.F.);
#5776=ORIENTED_EDGE('',*,*,#4045,.F.);
#5777=ORIENTED_EDGE('',*,*,#4050,.F.);
#5778=ORIENTED_EDGE('',*,*,#3798,.F.);
#5779=ORIENTED_EDGE('',*,*,#3690,.F.);
#5780=ORIENTED_EDGE('',*,*,#4054,.T.);
#5781=ORIENTED_EDGE('',*,*,#3795,.T.);
#5782=ORIENTED_EDGE('',*,*,#4044,.T.);
#5783=ORIENTED_EDGE('',*,*,#3970,.F.);
#5784=ORIENTED_EDGE('',*,*,#4007,.T.);
#5785=ORIENTED_EDGE('',*,*,#3797,.T.);
#5786=ORIENTED_EDGE('',*,*,#4055,.T.);
#5787=ORIENTED_EDGE('',*,*,#3606,.F.);
#5788=ORIENTED_EDGE('',*,*,#3774,.T.);
#5789=ORIENTED_EDGE('',*,*,#3670,.F.);
#5790=ORIENTED_EDGE('',*,*,#4056,.T.);
#5791=ORIENTED_EDGE('',*,*,#3805,.T.);
#5792=ORIENTED_EDGE('',*,*,#4041,.T.);
#5793=ORIENTED_EDGE('',*,*,#3964,.F.);
#5794=ORIENTED_EDGE('',*,*,#4004,.T.);
#5795=ORIENTED_EDGE('',*,*,#3807,.T.);
#5796=ORIENTED_EDGE('',*,*,#4057,.T.);
#5797=ORIENTED_EDGE('',*,*,#3602,.F.);
#5798=ORIENTED_EDGE('',*,*,#4058,.T.);
#5799=ORIENTED_EDGE('',*,*,#3809,.T.);
#5800=ORIENTED_EDGE('',*,*,#4059,.T.);
#5801=ORIENTED_EDGE('',*,*,#3662,.F.);
#5802=ORIENTED_EDGE('',*,*,#4003,.T.);
#5803=ORIENTED_EDGE('',*,*,#3962,.T.);
#5804=ORIENTED_EDGE('',*,*,#4040,.T.);
#5805=ORIENTED_EDGE('',*,*,#3660,.F.);
#5806=ORIENTED_EDGE('',*,*,#4060,.T.);
#5807=ORIENTED_EDGE('',*,*,#3811,.T.);
#5808=ORIENTED_EDGE('',*,*,#4039,.T.);
#5809=ORIENTED_EDGE('',*,*,#3960,.F.);
#5810=ORIENTED_EDGE('',*,*,#4002,.T.);
#5811=ORIENTED_EDGE('',*,*,#3813,.T.);
#5812=ORIENTED_EDGE('',*,*,#4061,.T.);
#5813=ORIENTED_EDGE('',*,*,#3600,.F.);
#5814=ORIENTED_EDGE('',*,*,#4062,.T.);
#5815=ORIENTED_EDGE('',*,*,#3815,.T.);
#5816=ORIENTED_EDGE('',*,*,#4063,.T.);
#5817=ORIENTED_EDGE('',*,*,#3652,.F.);
#5818=ORIENTED_EDGE('',*,*,#4001,.T.);
#5819=ORIENTED_EDGE('',*,*,#3958,.T.);
#5820=ORIENTED_EDGE('',*,*,#4038,.T.);
#5821=ORIENTED_EDGE('',*,*,#3650,.F.);
#5822=ORIENTED_EDGE('',*,*,#4064,.T.);
#5823=ORIENTED_EDGE('',*,*,#3817,.T.);
#5824=ORIENTED_EDGE('',*,*,#4037,.T.);
#5825=ORIENTED_EDGE('',*,*,#3956,.F.);
#5826=ORIENTED_EDGE('',*,*,#4000,.T.);
#5827=ORIENTED_EDGE('',*,*,#3819,.T.);
#5828=ORIENTED_EDGE('',*,*,#4065,.T.);
#5829=ORIENTED_EDGE('',*,*,#3598,.F.);
#5830=ORIENTED_EDGE('',*,*,#4066,.T.);
#5831=ORIENTED_EDGE('',*,*,#3821,.T.);
#5832=ORIENTED_EDGE('',*,*,#4067,.T.);
#5833=ORIENTED_EDGE('',*,*,#3642,.F.);
#5834=ORIENTED_EDGE('',*,*,#3999,.T.);
#5835=ORIENTED_EDGE('',*,*,#3954,.T.);
#5836=ORIENTED_EDGE('',*,*,#4036,.T.);
#5837=ORIENTED_EDGE('',*,*,#3640,.F.);
#5838=ORIENTED_EDGE('',*,*,#4068,.T.);
#5839=ORIENTED_EDGE('',*,*,#3823,.T.);
#5840=ORIENTED_EDGE('',*,*,#4035,.T.);
#5841=ORIENTED_EDGE('',*,*,#3952,.F.);
#5842=ORIENTED_EDGE('',*,*,#3998,.T.);
#5843=ORIENTED_EDGE('',*,*,#3825,.T.);
#5844=ORIENTED_EDGE('',*,*,#4069,.T.);
#5845=ORIENTED_EDGE('',*,*,#3596,.F.);
#5846=ORIENTED_EDGE('',*,*,#4070,.T.);
#5847=ORIENTED_EDGE('',*,*,#3827,.T.);
#5848=ORIENTED_EDGE('',*,*,#4071,.T.);
#5849=ORIENTED_EDGE('',*,*,#3637,.F.);
#5850=ORIENTED_EDGE('',*,*,#3997,.T.);
#5851=ORIENTED_EDGE('',*,*,#3950,.T.);
#5852=ORIENTED_EDGE('',*,*,#4034,.T.);
#5853=ORIENTED_EDGE('',*,*,#3635,.F.);
#5854=ORIENTED_EDGE('',*,*,#4072,.T.);
#5855=ORIENTED_EDGE('',*,*,#3829,.T.);
#5856=ORIENTED_EDGE('',*,*,#4033,.T.);
#5857=ORIENTED_EDGE('',*,*,#3948,.F.);
#5858=ORIENTED_EDGE('',*,*,#3996,.T.);
#5859=ORIENTED_EDGE('',*,*,#3831,.T.);
#5860=ORIENTED_EDGE('',*,*,#4073,.T.);
#5861=ORIENTED_EDGE('',*,*,#3594,.F.);
#5862=ORIENTED_EDGE('',*,*,#3591,.F.);
#5863=ORIENTED_EDGE('',*,*,#4074,.T.);
#5864=ORIENTED_EDGE('',*,*,#3833,.T.);
#5865=ORIENTED_EDGE('',*,*,#4075,.T.);
#5866=ORIENTED_EDGE('',*,*,#3647,.F.);
#5867=ORIENTED_EDGE('',*,*,#3995,.T.);
#5868=ORIENTED_EDGE('',*,*,#3946,.T.);
#5869=ORIENTED_EDGE('',*,*,#4032,.T.);
#5870=ORIENTED_EDGE('',*,*,#3645,.F.);
#5871=ORIENTED_EDGE('',*,*,#4076,.T.);
#5872=ORIENTED_EDGE('',*,*,#3835,.T.);
#5873=ORIENTED_EDGE('',*,*,#4031,.T.);
#5874=ORIENTED_EDGE('',*,*,#3944,.F.);
#5875=ORIENTED_EDGE('',*,*,#3994,.T.);
#5876=ORIENTED_EDGE('',*,*,#3837,.T.);
#5877=ORIENTED_EDGE('',*,*,#4077,.T.);
#5878=ORIENTED_EDGE('',*,*,#3632,.F.);
#5879=ORIENTED_EDGE('',*,*,#4078,.T.);
#5880=ORIENTED_EDGE('',*,*,#3839,.T.);
#5881=ORIENTED_EDGE('',*,*,#4079,.T.);
#5882=ORIENTED_EDGE('',*,*,#3657,.F.);
#5883=ORIENTED_EDGE('',*,*,#3991,.T.);
#5884=ORIENTED_EDGE('',*,*,#3938,.T.);
#5885=ORIENTED_EDGE('',*,*,#4028,.T.);
#5886=ORIENTED_EDGE('',*,*,#3665,.F.);
#5887=ORIENTED_EDGE('',*,*,#4080,.T.);
#5888=ORIENTED_EDGE('',*,*,#3847,.T.);
#5889=ORIENTED_EDGE('',*,*,#4030,.T.);
#5890=ORIENTED_EDGE('',*,*,#3942,.F.);
#5891=ORIENTED_EDGE('',*,*,#3993,.T.);
#5892=ORIENTED_EDGE('',*,*,#3849,.T.);
#5893=ORIENTED_EDGE('',*,*,#4081,.T.);
#5894=ORIENTED_EDGE('',*,*,#3628,.F.);
#5895=ORIENTED_EDGE('',*,*,#4082,.T.);
#5896=ORIENTED_EDGE('',*,*,#3851,.T.);
#5897=ORIENTED_EDGE('',*,*,#4083,.T.);
#5898=ORIENTED_EDGE('',*,*,#3677,.F.);
#5899=ORIENTED_EDGE('',*,*,#3989,.T.);
#5900=ORIENTED_EDGE('',*,*,#3934,.T.);
#5901=ORIENTED_EDGE('',*,*,#4026,.T.);
#5902=ORIENTED_EDGE('',*,*,#3655,.F.);
#5903=ORIENTED_EDGE('',*,*,#4084,.T.);
#5904=ORIENTED_EDGE('',*,*,#3841,.T.);
#5905=ORIENTED_EDGE('',*,*,#4027,.T.);
#5906=ORIENTED_EDGE('',*,*,#3936,.F.);
#5907=ORIENTED_EDGE('',*,*,#3990,.T.);
#5908=ORIENTED_EDGE('',*,*,#3843,.T.);
#5909=ORIENTED_EDGE('',*,*,#4085,.T.);
#5910=ORIENTED_EDGE('',*,*,#3630,.F.);
#5911=ORIENTED_EDGE('',*,*,#4086,.T.);
#5912=ORIENTED_EDGE('',*,*,#3845,.T.);
#5913=ORIENTED_EDGE('',*,*,#4087,.T.);
#5914=ORIENTED_EDGE('',*,*,#3667,.F.);
#5915=ORIENTED_EDGE('',*,*,#3992,.T.);
#5916=ORIENTED_EDGE('',*,*,#3940,.T.);
#5917=ORIENTED_EDGE('',*,*,#4029,.T.);
#5918=ORIENTED_EDGE('',*,*,#3675,.F.);
#5919=ORIENTED_EDGE('',*,*,#4088,.T.);
#5920=ORIENTED_EDGE('',*,*,#3853,.T.);
#5921=ORIENTED_EDGE('',*,*,#4025,.T.);
#5922=ORIENTED_EDGE('',*,*,#3932,.F.);
#5923=ORIENTED_EDGE('',*,*,#3988,.T.);
#5924=ORIENTED_EDGE('',*,*,#3855,.T.);
#5925=ORIENTED_EDGE('',*,*,#4089,.T.);
#5926=ORIENTED_EDGE('',*,*,#3626,.F.);
#5927=ORIENTED_EDGE('',*,*,#4090,.T.);
#5928=ORIENTED_EDGE('',*,*,#3857,.T.);
#5929=ORIENTED_EDGE('',*,*,#4091,.T.);
#5930=ORIENTED_EDGE('',*,*,#3687,.F.);
#5931=ORIENTED_EDGE('',*,*,#3987,.T.);
#5932=ORIENTED_EDGE('',*,*,#3930,.T.);
#5933=ORIENTED_EDGE('',*,*,#4024,.T.);
#5934=ORIENTED_EDGE('',*,*,#3685,.F.);
#5935=ORIENTED_EDGE('',*,*,#4092,.T.);
#5936=ORIENTED_EDGE('',*,*,#3859,.T.);
#5937=ORIENTED_EDGE('',*,*,#4023,.T.);
#5938=ORIENTED_EDGE('',*,*,#3928,.F.);
#5939=ORIENTED_EDGE('',*,*,#3986,.T.);
#5940=ORIENTED_EDGE('',*,*,#3861,.T.);
#5941=ORIENTED_EDGE('',*,*,#4093,.T.);
#5942=ORIENTED_EDGE('',*,*,#3624,.F.);
#5943=ORIENTED_EDGE('',*,*,#4094,.T.);
#5944=ORIENTED_EDGE('',*,*,#3863,.T.);
#5945=ORIENTED_EDGE('',*,*,#4095,.T.);
#5946=ORIENTED_EDGE('',*,*,#3697,.F.);
#5947=ORIENTED_EDGE('',*,*,#3979,.T.);
#5948=ORIENTED_EDGE('',*,*,#3914,.T.);
#5949=ORIENTED_EDGE('',*,*,#4016,.T.);
#5950=ORIENTED_EDGE('',*,*,#3725,.F.);
#5951=ORIENTED_EDGE('',*,*,#3755,.T.);
#5952=ORIENTED_EDGE('',*,*,#3879,.T.);
#5953=ORIENTED_EDGE('',*,*,#4022,.T.);
#5954=ORIENTED_EDGE('',*,*,#3926,.F.);
#5955=ORIENTED_EDGE('',*,*,#3985,.T.);
#5956=ORIENTED_EDGE('',*,*,#3880,.T.);
#5957=ORIENTED_EDGE('',*,*,#3756,.T.);
#5958=ORIENTED_EDGE('',*,*,#3616,.F.);
#5959=ORIENTED_EDGE('',*,*,#4096,.T.);
#5960=ORIENTED_EDGE('',*,*,#3882,.T.);
#5961=ORIENTED_EDGE('',*,*,#4097,.T.);
#5962=ORIENTED_EDGE('',*,*,#3894,.F.);
#5963=ORIENTED_EDGE('',*,*,#3978,.T.);
#5964=ORIENTED_EDGE('',*,*,#3911,.T.);
#5965=ORIENTED_EDGE('',*,*,#4015,.T.);
#5966=ORIENTED_EDGE('',*,*,#3715,.F.);
#5967=ORIENTED_EDGE('',*,*,#3752,.T.);
#5968=ORIENTED_EDGE('',*,*,#3874,.T.);
#5969=ORIENTED_EDGE('',*,*,#4020,.T.);
#5970=ORIENTED_EDGE('',*,*,#3922,.F.);
#5971=ORIENTED_EDGE('',*,*,#3983,.T.);
#5972=ORIENTED_EDGE('',*,*,#3875,.T.);
#5973=ORIENTED_EDGE('',*,*,#3753,.T.);
#5974=ORIENTED_EDGE('',*,*,#3618,.F.);
#5975=ORIENTED_EDGE('',*,*,#4098,.T.);
#5976=ORIENTED_EDGE('',*,*,#3877,.T.);
#5977=ORIENTED_EDGE('',*,*,#4099,.T.);
#5978=ORIENTED_EDGE('',*,*,#3727,.F.);
#5979=ORIENTED_EDGE('',*,*,#3984,.T.);
#5980=ORIENTED_EDGE('',*,*,#3924,.T.);
#5981=ORIENTED_EDGE('',*,*,#4021,.T.);
#5982=ORIENTED_EDGE('',*,*,#3705,.F.);
#5983=ORIENTED_EDGE('',*,*,#3749,.T.);
#5984=ORIENTED_EDGE('',*,*,#3869,.T.);
#5985=ORIENTED_EDGE('',*,*,#4018,.T.);
#5986=ORIENTED_EDGE('',*,*,#3918,.F.);
#5987=ORIENTED_EDGE('',*,*,#3981,.T.);
#5988=ORIENTED_EDGE('',*,*,#3870,.T.);
#5989=ORIENTED_EDGE('',*,*,#3750,.T.);
#5990=ORIENTED_EDGE('',*,*,#3620,.F.);
#5991=ORIENTED_EDGE('',*,*,#4100,.T.);
#5992=ORIENTED_EDGE('',*,*,#3872,.T.);
#5993=ORIENTED_EDGE('',*,*,#4101,.T.);
#5994=ORIENTED_EDGE('',*,*,#3717,.F.);
#5995=ORIENTED_EDGE('',*,*,#3982,.T.);
#5996=ORIENTED_EDGE('',*,*,#3920,.T.);
#5997=ORIENTED_EDGE('',*,*,#4019,.T.);
#5998=ORIENTED_EDGE('',*,*,#3865,.T.);
#5999=ORIENTED_EDGE('',*,*,#3747,.T.);
#6000=ORIENTED_EDGE('',*,*,#3622,.F.);
#6001=ORIENTED_EDGE('',*,*,#4102,.T.);
#6002=ORIENTED_EDGE('',*,*,#3867,.T.);
#6003=ORIENTED_EDGE('',*,*,#4103,.T.);
#6004=ORIENTED_EDGE('',*,*,#3707,.F.);
#6005=ORIENTED_EDGE('',*,*,#3980,.T.);
#6006=ORIENTED_EDGE('',*,*,#3916,.T.);
#6007=ORIENTED_EDGE('',*,*,#4017,.T.);
#6008=ORIENTED_EDGE('',*,*,#3892,.F.);
#6009=ORIENTED_EDGE('',*,*,#3761,.T.);
#6010=ORIENTED_EDGE('',*,*,#3884,.T.);
#6011=ORIENTED_EDGE('',*,*,#4014,.T.);
#6012=ORIENTED_EDGE('',*,*,#3909,.F.);
#6013=ORIENTED_EDGE('',*,*,#3977,.T.);
#6014=ORIENTED_EDGE('',*,*,#3885,.T.);
#6015=ORIENTED_EDGE('',*,*,#3759,.T.);
#6016=ORIENTED_EDGE('',*,*,#3722,.F.);
#6017=ORIENTED_EDGE('',*,*,#3976,.T.);
#6018=ORIENTED_EDGE('',*,*,#3907,.T.);
#6019=ORIENTED_EDGE('',*,*,#4013,.T.);
#6020=ORIENTED_EDGE('',*,*,#3720,.F.);
#6021=ORIENTED_EDGE('',*,*,#4104,.T.);
#6022=ORIENTED_EDGE('',*,*,#3887,.T.);
#6023=ORIENTED_EDGE('',*,*,#4012,.T.);
#6024=ORIENTED_EDGE('',*,*,#3905,.F.);
#6025=ORIENTED_EDGE('',*,*,#3975,.T.);
#6026=ORIENTED_EDGE('',*,*,#3889,.T.);
#6027=ORIENTED_EDGE('',*,*,#4105,.T.);
#6028=ORIENTED_EDGE('',*,*,#3612,.F.);
#6029=ORIENTED_EDGE('',*,*,#3765,.T.);
#6030=ORIENTED_EDGE('',*,*,#3890,.T.);
#6031=ORIENTED_EDGE('',*,*,#3766,.T.);
#6032=ORIENTED_EDGE('',*,*,#3712,.F.);
#6033=ORIENTED_EDGE('',*,*,#3972,.T.);
#6034=ORIENTED_EDGE('',*,*,#3899,.T.);
#6035=ORIENTED_EDGE('',*,*,#4009,.T.);
#6036=ORIENTED_EDGE('',*,*,#3700,.F.);
#6037=ORIENTED_EDGE('',*,*,#4106,.T.);
#6038=ORIENTED_EDGE('',*,*,#3790,.T.);
#6039=ORIENTED_EDGE('',*,*,#4011,.T.);
#6040=ORIENTED_EDGE('',*,*,#3903,.F.);
#6041=ORIENTED_EDGE('',*,*,#3974,.T.);
#6042=ORIENTED_EDGE('',*,*,#3792,.T.);
#6043=ORIENTED_EDGE('',*,*,#4107,.T.);
#6044=ORIENTED_EDGE('',*,*,#3608,.F.);
#6045=ORIENTED_EDGE('',*,*,#3771,.T.);
#6046=ORIENTED_EDGE('',*,*,#3793,.T.);
#6047=ORIENTED_EDGE('',*,*,#3772,.T.);
#6048=ORIENTED_EDGE('',*,*,#3692,.F.);
#6049=ORIENTED_EDGE('',*,*,#4006,.T.);
#6050=ORIENTED_EDGE('',*,*,#3968,.T.);
#6051=ORIENTED_EDGE('',*,*,#4043,.T.);
#6052=ORIENTED_EDGE('',*,*,#3710,.F.);
#6053=ORIENTED_EDGE('',*,*,#4108,.T.);
#6054=ORIENTED_EDGE('',*,*,#3785,.T.);
#6055=ORIENTED_EDGE('',*,*,#4008,.T.);
#6056=ORIENTED_EDGE('',*,*,#3897,.F.);
#6057=ORIENTED_EDGE('',*,*,#3971,.T.);
#6058=ORIENTED_EDGE('',*,*,#3787,.T.);
#6059=ORIENTED_EDGE('',*,*,#4109,.T.);
#6060=ORIENTED_EDGE('',*,*,#3610,.F.);
#6061=ORIENTED_EDGE('',*,*,#3768,.T.);
#6062=ORIENTED_EDGE('',*,*,#3788,.T.);
#6063=ORIENTED_EDGE('',*,*,#3769,.T.);
#6064=ORIENTED_EDGE('',*,*,#3702,.F.);
#6065=ORIENTED_EDGE('',*,*,#3973,.T.);
#6066=ORIENTED_EDGE('',*,*,#3901,.T.);
#6067=ORIENTED_EDGE('',*,*,#4010,.T.);
#6068=ORIENTED_EDGE('',*,*,#3689,.F.);
#6069=ORIENTED_EDGE('',*,*,#4055,.F.);
#6070=ORIENTED_EDGE('',*,*,#3796,.F.);
#6071=ORIENTED_EDGE('',*,*,#4054,.F.);
#6072=ORIENTED_EDGE('',*,*,#3699,.F.);
#6073=ORIENTED_EDGE('',*,*,#4107,.F.);
#6074=ORIENTED_EDGE('',*,*,#3791,.F.);
#6075=ORIENTED_EDGE('',*,*,#4106,.F.);
#6076=ORIENTED_EDGE('',*,*,#3709,.F.);
#6077=ORIENTED_EDGE('',*,*,#4109,.F.);
#6078=ORIENTED_EDGE('',*,*,#3786,.F.);
#6079=ORIENTED_EDGE('',*,*,#4108,.F.);
#6080=ORIENTED_EDGE('',*,*,#3719,.F.);
#6081=ORIENTED_EDGE('',*,*,#4105,.F.);
#6082=ORIENTED_EDGE('',*,*,#3888,.F.);
#6083=ORIENTED_EDGE('',*,*,#4104,.F.);
#6084=ORIENTED_EDGE('',*,*,#3895,.F.);
#6085=ORIENTED_EDGE('',*,*,#4097,.F.);
#6086=ORIENTED_EDGE('',*,*,#3881,.F.);
#6087=ORIENTED_EDGE('',*,*,#4096,.F.);
#6088=ORIENTED_EDGE('',*,*,#3728,.F.);
#6089=ORIENTED_EDGE('',*,*,#4099,.F.);
#6090=ORIENTED_EDGE('',*,*,#3876,.F.);
#6091=ORIENTED_EDGE('',*,*,#4098,.F.);
#6092=ORIENTED_EDGE('',*,*,#3718,.F.);
#6093=ORIENTED_EDGE('',*,*,#4101,.F.);
#6094=ORIENTED_EDGE('',*,*,#3871,.F.);
#6095=ORIENTED_EDGE('',*,*,#4100,.F.);
#6096=ORIENTED_EDGE('',*,*,#3708,.F.);
#6097=ORIENTED_EDGE('',*,*,#4103,.F.);
#6098=ORIENTED_EDGE('',*,*,#3866,.F.);
#6099=ORIENTED_EDGE('',*,*,#4102,.F.);
#6100=ORIENTED_EDGE('',*,*,#3684,.F.);
#6101=ORIENTED_EDGE('',*,*,#4093,.F.);
#6102=ORIENTED_EDGE('',*,*,#3860,.F.);
#6103=ORIENTED_EDGE('',*,*,#4092,.F.);
#6104=ORIENTED_EDGE('',*,*,#3698,.F.);
#6105=ORIENTED_EDGE('',*,*,#4095,.F.);
#6106=ORIENTED_EDGE('',*,*,#3862,.F.);
#6107=ORIENTED_EDGE('',*,*,#4094,.F.);
#6108=ORIENTED_EDGE('',*,*,#3674,.F.);
#6109=ORIENTED_EDGE('',*,*,#4089,.F.);
#6110=ORIENTED_EDGE('',*,*,#3854,.F.);
#6111=ORIENTED_EDGE('',*,*,#4088,.F.);
#6112=ORIENTED_EDGE('',*,*,#3688,.F.);
#6113=ORIENTED_EDGE('',*,*,#4091,.F.);
#6114=ORIENTED_EDGE('',*,*,#3856,.F.);
#6115=ORIENTED_EDGE('',*,*,#4090,.F.);
#6116=ORIENTED_EDGE('',*,*,#3664,.F.);
#6117=ORIENTED_EDGE('',*,*,#4081,.F.);
#6118=ORIENTED_EDGE('',*,*,#3848,.F.);
#6119=ORIENTED_EDGE('',*,*,#4080,.F.);
#6120=ORIENTED_EDGE('',*,*,#3678,.F.);
#6121=ORIENTED_EDGE('',*,*,#4083,.F.);
#6122=ORIENTED_EDGE('',*,*,#3850,.F.);
#6123=ORIENTED_EDGE('',*,*,#4082,.F.);
#6124=ORIENTED_EDGE('',*,*,#3654,.F.);
#6125=ORIENTED_EDGE('',*,*,#4085,.F.);
#6126=ORIENTED_EDGE('',*,*,#3842,.F.);
#6127=ORIENTED_EDGE('',*,*,#4084,.F.);
#6128=ORIENTED_EDGE('',*,*,#3668,.F.);
#6129=ORIENTED_EDGE('',*,*,#4087,.F.);
#6130=ORIENTED_EDGE('',*,*,#3844,.F.);
#6131=ORIENTED_EDGE('',*,*,#4086,.F.);
#6132=ORIENTED_EDGE('',*,*,#3644,.F.);
#6133=ORIENTED_EDGE('',*,*,#4077,.F.);
#6134=ORIENTED_EDGE('',*,*,#3836,.F.);
#6135=ORIENTED_EDGE('',*,*,#4076,.F.);
#6136=ORIENTED_EDGE('',*,*,#3658,.F.);
#6137=ORIENTED_EDGE('',*,*,#4079,.F.);
#6138=ORIENTED_EDGE('',*,*,#3838,.F.);
#6139=ORIENTED_EDGE('',*,*,#4078,.F.);
#6140=ORIENTED_EDGE('',*,*,#3634,.F.);
#6141=ORIENTED_EDGE('',*,*,#4073,.F.);
#6142=ORIENTED_EDGE('',*,*,#3830,.F.);
#6143=ORIENTED_EDGE('',*,*,#4072,.F.);
#6144=ORIENTED_EDGE('',*,*,#3648,.F.);
#6145=ORIENTED_EDGE('',*,*,#4075,.F.);
#6146=ORIENTED_EDGE('',*,*,#3832,.F.);
#6147=ORIENTED_EDGE('',*,*,#4074,.F.);
#6148=ORIENTED_EDGE('',*,*,#3639,.F.);
#6149=ORIENTED_EDGE('',*,*,#4069,.F.);
#6150=ORIENTED_EDGE('',*,*,#3824,.F.);
#6151=ORIENTED_EDGE('',*,*,#4068,.F.);
#6152=ORIENTED_EDGE('',*,*,#3638,.F.);
#6153=ORIENTED_EDGE('',*,*,#4071,.F.);
#6154=ORIENTED_EDGE('',*,*,#3826,.F.);
#6155=ORIENTED_EDGE('',*,*,#4070,.F.);
#6156=ORIENTED_EDGE('',*,*,#3649,.F.);
#6157=ORIENTED_EDGE('',*,*,#4065,.F.);
#6158=ORIENTED_EDGE('',*,*,#3818,.F.);
#6159=ORIENTED_EDGE('',*,*,#4064,.F.);
#6160=ORIENTED_EDGE('',*,*,#3643,.F.);
#6161=ORIENTED_EDGE('',*,*,#4067,.F.);
#6162=ORIENTED_EDGE('',*,*,#3820,.F.);
#6163=ORIENTED_EDGE('',*,*,#4066,.F.);
#6164=ORIENTED_EDGE('',*,*,#3659,.F.);
#6165=ORIENTED_EDGE('',*,*,#4061,.F.);
#6166=ORIENTED_EDGE('',*,*,#3812,.F.);
#6167=ORIENTED_EDGE('',*,*,#4060,.F.);
#6168=ORIENTED_EDGE('',*,*,#3653,.F.);
#6169=ORIENTED_EDGE('',*,*,#4063,.F.);
#6170=ORIENTED_EDGE('',*,*,#3814,.F.);
#6171=ORIENTED_EDGE('',*,*,#4062,.F.);
#6172=ORIENTED_EDGE('',*,*,#3669,.F.);
#6173=ORIENTED_EDGE('',*,*,#4057,.F.);
#6174=ORIENTED_EDGE('',*,*,#3806,.F.);
#6175=ORIENTED_EDGE('',*,*,#4056,.F.);
#6176=ORIENTED_EDGE('',*,*,#3663,.F.);
#6177=ORIENTED_EDGE('',*,*,#4059,.F.);
#6178=ORIENTED_EDGE('',*,*,#3808,.F.);
#6179=ORIENTED_EDGE('',*,*,#4058,.F.);
#6180=PLANE('',#6624);
#6181=PLANE('',#6630);
#6182=PLANE('',#6797);
#6183=PLANE('',#6803);
#6184=PLANE('',#6809);
#6185=PLANE('',#6815);
#6186=PLANE('',#6821);
#6187=PLANE('',#6827);
#6188=PLANE('',#6833);
#6189=PLANE('',#6839);
#6190=PLANE('',#6845);
#6191=PLANE('',#6851);
#6192=PLANE('',#6857);
#6193=PLANE('',#6863);
#6194=PLANE('',#6869);
#6195=PLANE('',#6875);
#6196=PLANE('',#6881);
#6197=PLANE('',#6887);
#6198=PLANE('',#6893);
#6199=PLANE('',#6899);
#6200=PLANE('',#6905);
#6201=PLANE('',#6926);
#6202=PLANE('',#7165);
#6203=PLANE('',#7171);
#6204=PLANE('',#7177);
#6205=PLANE('',#7183);
#6206=PLANE('',#7189);
#6207=PLANE('',#7195);
#6208=PLANE('',#7201);
#6209=PLANE('',#7207);
#6210=PLANE('',#7213);
#6211=PLANE('',#7219);
#6212=PLANE('',#7225);
#6213=PLANE('',#7231);
#6214=PLANE('',#7237);
#6215=PLANE('',#7243);
#6216=PLANE('',#7249);
#6217=PLANE('',#7255);
#6218=PLANE('',#7261);
#6219=PLANE('',#7267);
#6220=PLANE('',#7273);
#6221=PLANE('',#7283);
#6222=PLANE('',#7287);
#6223=PLANE('',#7291);
#6224=PLANE('',#7295);
#6225=PLANE('',#7299);
#6226=PLANE('',#7327);
#6227=PLANE('',#7435);
#6228=ADVANCED_FACE('',(#1023),#6180,.T.);
#6229=ADVANCED_FACE('',(#1024),#774,.T.);
#6230=ADVANCED_FACE('',(#1025),#181,.T.);
#6231=ADVANCED_FACE('',(#1026,#175),#6181,.F.);
#6232=ADVANCED_FACE('',(#1027),#182,.T.);
#6233=ADVANCED_FACE('',(#1028),#183,.T.);
#6234=ADVANCED_FACE('',(#1029),#6182,.T.);
#6235=ADVANCED_FACE('',(#1030),#6183,.T.);
#6236=ADVANCED_FACE('',(#1031),#6184,.T.);
#6237=ADVANCED_FACE('',(#1032),#6185,.T.);
#6238=ADVANCED_FACE('',(#1033),#6186,.T.);
#6239=ADVANCED_FACE('',(#1034),#6187,.T.);
#6240=ADVANCED_FACE('',(#1035),#6188,.T.);
#6241=ADVANCED_FACE('',(#1036),#6189,.T.);
#6242=ADVANCED_FACE('',(#1037),#6190,.T.);
#6243=ADVANCED_FACE('',(#1038),#6191,.T.);
#6244=ADVANCED_FACE('',(#1039),#6192,.T.);
#6245=ADVANCED_FACE('',(#1040),#6193,.T.);
#6246=ADVANCED_FACE('',(#1041),#6194,.T.);
#6247=ADVANCED_FACE('',(#1042),#6195,.T.);
#6248=ADVANCED_FACE('',(#1043),#6196,.T.);
#6249=ADVANCED_FACE('',(#1044),#6197,.T.);
#6250=ADVANCED_FACE('',(#1045),#6198,.T.);
#6251=ADVANCED_FACE('',(#1046),#6199,.T.);
#6252=ADVANCED_FACE('',(#1047),#6200,.T.);
#6253=ADVANCED_FACE('',(#1048),#775,.T.);
#6254=ADVANCED_FACE('',(#1049),#776,.F.);
#6255=ADVANCED_FACE('',(#1050),#777,.F.);
#6256=ADVANCED_FACE('',(#1051),#778,.F.);
#6257=ADVANCED_FACE('',(#1052),#779,.F.);
#6258=ADVANCED_FACE('',(#1053),#780,.F.);
#6259=ADVANCED_FACE('',(#1054),#781,.F.);
#6260=ADVANCED_FACE('',(#1055),#782,.F.);
#6261=ADVANCED_FACE('',(#1056),#783,.F.);
#6262=ADVANCED_FACE('',(#1057),#784,.F.);
#6263=ADVANCED_FACE('',(#1058),#785,.F.);
#6264=ADVANCED_FACE('',(#1059),#786,.T.);
#6265=ADVANCED_FACE('',(#1060),#787,.T.);
#6266=ADVANCED_FACE('',(#1061),#788,.T.);
#6267=ADVANCED_FACE('',(#1062),#6201,.T.);
#6268=ADVANCED_FACE('',(#1063),#789,.T.);
#6269=ADVANCED_FACE('',(#1064),#790,.T.);
#6270=ADVANCED_FACE('',(#1065),#791,.T.);
#6271=ADVANCED_FACE('',(#1066),#792,.T.);
#6272=ADVANCED_FACE('',(#1067),#793,.T.);
#6273=ADVANCED_FACE('',(#1068),#794,.T.);
#6274=ADVANCED_FACE('',(#1069),#795,.T.);
#6275=ADVANCED_FACE('',(#1070),#796,.T.);
#6276=ADVANCED_FACE('',(#1071),#797,.T.);
#6277=ADVANCED_FACE('',(#1072),#798,.T.);
#6278=ADVANCED_FACE('',(#1073),#799,.T.);
#6279=ADVANCED_FACE('',(#1074),#800,.T.);
#6280=ADVANCED_FACE('',(#1075),#801,.T.);
#6281=ADVANCED_FACE('',(#1076),#802,.T.);
#6282=ADVANCED_FACE('',(#1077),#803,.T.);
#6283=ADVANCED_FACE('',(#1078),#804,.T.);
#6284=ADVANCED_FACE('',(#1079),#805,.T.);
#6285=ADVANCED_FACE('',(#1080),#806,.T.);
#6286=ADVANCED_FACE('',(#1081),#807,.T.);
#6287=ADVANCED_FACE('',(#1082),#184,.T.);
#6288=ADVANCED_FACE('',(#1083),#185,.T.);
#6289=ADVANCED_FACE('',(#1084),#186,.T.);
#6290=ADVANCED_FACE('',(#1085),#187,.T.);
#6291=ADVANCED_FACE('',(#1086),#188,.T.);
#6292=ADVANCED_FACE('',(#1087),#189,.T.);
#6293=ADVANCED_FACE('',(#1088),#190,.T.);
#6294=ADVANCED_FACE('',(#1089),#191,.T.);
#6295=ADVANCED_FACE('',(#1090),#192,.T.);
#6296=ADVANCED_FACE('',(#1091),#193,.T.);
#6297=ADVANCED_FACE('',(#1092),#194,.T.);
#6298=ADVANCED_FACE('',(#1093),#195,.T.);
#6299=ADVANCED_FACE('',(#1094),#196,.T.);
#6300=ADVANCED_FACE('',(#1095),#197,.T.);
#6301=ADVANCED_FACE('',(#1096),#198,.T.);
#6302=ADVANCED_FACE('',(#1097),#199,.T.);
#6303=ADVANCED_FACE('',(#1098),#200,.T.);
#6304=ADVANCED_FACE('',(#1099),#201,.T.);
#6305=ADVANCED_FACE('',(#1100),#202,.T.);
#6306=ADVANCED_FACE('',(#1101),#203,.T.);
#6307=ADVANCED_FACE('',(#1102),#204,.T.);
#6308=ADVANCED_FACE('',(#1103),#205,.T.);
#6309=ADVANCED_FACE('',(#1104),#206,.T.);
#6310=ADVANCED_FACE('',(#1105),#207,.T.);
#6311=ADVANCED_FACE('',(#1106),#208,.T.);
#6312=ADVANCED_FACE('',(#1107),#209,.T.);
#6313=ADVANCED_FACE('',(#1108),#210,.T.);
#6314=ADVANCED_FACE('',(#1109),#211,.T.);
#6315=ADVANCED_FACE('',(#1110),#212,.T.);
#6316=ADVANCED_FACE('',(#1111),#213,.T.);
#6317=ADVANCED_FACE('',(#1112),#214,.T.);
#6318=ADVANCED_FACE('',(#1113),#215,.T.);
#6319=ADVANCED_FACE('',(#1114),#216,.T.);
#6320=ADVANCED_FACE('',(#1115),#217,.T.);
#6321=ADVANCED_FACE('',(#1116),#218,.T.);
#6322=ADVANCED_FACE('',(#1117),#219,.T.);
#6323=ADVANCED_FACE('',(#1118),#220,.T.);
#6324=ADVANCED_FACE('',(#1119),#221,.T.);
#6325=ADVANCED_FACE('',(#1120),#808,.T.);
#6326=ADVANCED_FACE('',(#1121),#809,.T.);
#6327=ADVANCED_FACE('',(#1122),#810,.T.);
#6328=ADVANCED_FACE('',(#1123),#811,.T.);
#6329=ADVANCED_FACE('',(#1124),#812,.F.);
#6330=ADVANCED_FACE('',(#1125),#813,.F.);
#6331=ADVANCED_FACE('',(#1126),#222,.T.);
#6332=ADVANCED_FACE('',(#1127),#223,.T.);
#6333=ADVANCED_FACE('',(#1128),#814,.T.);
#6334=ADVANCED_FACE('',(#1129),#815,.T.);
#6335=ADVANCED_FACE('',(#1130),#816,.T.);
#6336=ADVANCED_FACE('',(#1131),#817,.T.);
#6337=ADVANCED_FACE('',(#1132),#818,.T.);
#6338=ADVANCED_FACE('',(#1133),#819,.T.);
#6339=ADVANCED_FACE('',(#1134),#820,.T.);
#6340=ADVANCED_FACE('',(#1135),#821,.T.);
#6341=ADVANCED_FACE('',(#1136),#822,.T.);
#6342=ADVANCED_FACE('',(#1137),#823,.T.);
#6343=ADVANCED_FACE('',(#1138),#824,.T.);
#6344=ADVANCED_FACE('',(#1139),#825,.T.);
#6345=ADVANCED_FACE('',(#1140),#826,.T.);
#6346=ADVANCED_FACE('',(#1141),#827,.T.);
#6347=ADVANCED_FACE('',(#1142),#828,.T.);
#6348=ADVANCED_FACE('',(#1143),#829,.T.);
#6349=ADVANCED_FACE('',(#1144),#830,.T.);
#6350=ADVANCED_FACE('',(#1145),#831,.T.);
#6351=ADVANCED_FACE('',(#1146),#832,.T.);
#6352=ADVANCED_FACE('',(#1147),#833,.T.);
#6353=ADVANCED_FACE('',(#1148),#834,.T.);
#6354=ADVANCED_FACE('',(#1149),#835,.T.);
#6355=ADVANCED_FACE('',(#1150),#836,.T.);
#6356=ADVANCED_FACE('',(#1151),#837,.T.);
#6357=ADVANCED_FACE('',(#1152),#838,.T.);
#6358=ADVANCED_FACE('',(#1153),#839,.T.);
#6359=ADVANCED_FACE('',(#1154),#840,.T.);
#6360=ADVANCED_FACE('',(#1155),#841,.T.);
#6361=ADVANCED_FACE('',(#1156),#842,.T.);
#6362=ADVANCED_FACE('',(#1157),#843,.T.);
#6363=ADVANCED_FACE('',(#1158),#844,.T.);
#6364=ADVANCED_FACE('',(#1159),#845,.T.);
#6365=ADVANCED_FACE('',(#1160),#846,.T.);
#6366=ADVANCED_FACE('',(#1161),#847,.T.);
#6367=ADVANCED_FACE('',(#1162),#848,.T.);
#6368=ADVANCED_FACE('',(#1163),#849,.T.);
#6369=ADVANCED_FACE('',(#1164),#850,.T.);
#6370=ADVANCED_FACE('',(#1165),#851,.T.);
#6371=ADVANCED_FACE('',(#1166),#852,.T.);
#6372=ADVANCED_FACE('',(#1167),#853,.T.);
#6373=ADVANCED_FACE('',(#1168),#854,.T.);
#6374=ADVANCED_FACE('',(#1169),#855,.T.);
#6375=ADVANCED_FACE('',(#1170),#856,.T.);
#6376=ADVANCED_FACE('',(#1171),#857,.T.);
#6377=ADVANCED_FACE('',(#1172),#858,.T.);
#6378=ADVANCED_FACE('',(#1173),#859,.T.);
#6379=ADVANCED_FACE('',(#1174),#860,.T.);
#6380=ADVANCED_FACE('',(#1175),#861,.T.);
#6381=ADVANCED_FACE('',(#1176),#862,.T.);
#6382=ADVANCED_FACE('',(#1177),#863,.T.);
#6383=ADVANCED_FACE('',(#1178),#864,.T.);
#6384=ADVANCED_FACE('',(#1179),#865,.T.);
#6385=ADVANCED_FACE('',(#1180),#866,.T.);
#6386=ADVANCED_FACE('',(#1181),#867,.T.);
#6387=ADVANCED_FACE('',(#1182),#868,.F.);
#6388=ADVANCED_FACE('',(#1183),#869,.F.);
#6389=ADVANCED_FACE('',(#1184),#870,.F.);
#6390=ADVANCED_FACE('',(#1185),#871,.F.);
#6391=ADVANCED_FACE('',(#1186),#872,.F.);
#6392=ADVANCED_FACE('',(#1187),#873,.F.);
#6393=ADVANCED_FACE('',(#1188),#874,.F.);
#6394=ADVANCED_FACE('',(#1189),#875,.F.);
#6395=ADVANCED_FACE('',(#1190),#876,.F.);
#6396=ADVANCED_FACE('',(#1191),#877,.F.);
#6397=ADVANCED_FACE('',(#1192),#878,.F.);
#6398=ADVANCED_FACE('',(#1193),#879,.F.);
#6399=ADVANCED_FACE('',(#1194),#880,.F.);
#6400=ADVANCED_FACE('',(#1195),#881,.F.);
#6401=ADVANCED_FACE('',(#1196),#882,.F.);
#6402=ADVANCED_FACE('',(#1197),#883,.F.);
#6403=ADVANCED_FACE('',(#1198),#884,.F.);
#6404=ADVANCED_FACE('',(#1199),#885,.F.);
#6405=ADVANCED_FACE('',(#1200),#886,.F.);
#6406=ADVANCED_FACE('',(#1201),#887,.F.);
#6407=ADVANCED_FACE('',(#1202),#888,.F.);
#6408=ADVANCED_FACE('',(#1203),#889,.F.);
#6409=ADVANCED_FACE('',(#1204),#890,.F.);
#6410=ADVANCED_FACE('',(#1205),#891,.F.);
#6411=ADVANCED_FACE('',(#1206),#892,.F.);
#6412=ADVANCED_FACE('',(#1207),#893,.F.);
#6413=ADVANCED_FACE('',(#1208),#894,.F.);
#6414=ADVANCED_FACE('',(#1209),#895,.F.);
#6415=ADVANCED_FACE('',(#1210),#224,.T.);
#6416=ADVANCED_FACE('',(#1211),#896,.T.);
#6417=ADVANCED_FACE('',(#1212),#225,.T.);
#6418=ADVANCED_FACE('',(#1213),#6202,.F.);
#6419=ADVANCED_FACE('',(#1214),#6203,.F.);
#6420=ADVANCED_FACE('',(#1215),#6204,.F.);
#6421=ADVANCED_FACE('',(#1216),#6205,.F.);
#6422=ADVANCED_FACE('',(#1217),#6206,.F.);
#6423=ADVANCED_FACE('',(#1218),#6207,.F.);
#6424=ADVANCED_FACE('',(#1219),#6208,.F.);
#6425=ADVANCED_FACE('',(#1220),#6209,.F.);
#6426=ADVANCED_FACE('',(#1221),#6210,.F.);
#6427=ADVANCED_FACE('',(#1222),#6211,.F.);
#6428=ADVANCED_FACE('',(#1223),#6212,.F.);
#6429=ADVANCED_FACE('',(#1224),#6213,.F.);
#6430=ADVANCED_FACE('',(#1225),#6214,.F.);
#6431=ADVANCED_FACE('',(#1226),#6215,.F.);
#6432=ADVANCED_FACE('',(#1227),#6216,.F.);
#6433=ADVANCED_FACE('',(#1228),#6217,.F.);
#6434=ADVANCED_FACE('',(#1229),#6218,.F.);
#6435=ADVANCED_FACE('',(#1230),#6219,.F.);
#6436=ADVANCED_FACE('',(#1231),#6220,.F.);
#6437=ADVANCED_FACE('',(#1232),#897,.T.);
#6438=ADVANCED_FACE('',(#1233),#898,.F.);
#6439=ADVANCED_FACE('',(#1234),#6221,.T.);
#6440=ADVANCED_FACE('',(#1235),#899,.F.);
#6441=ADVANCED_FACE('',(#1236),#6222,.T.);
#6442=ADVANCED_FACE('',(#1237),#900,.F.);
#6443=ADVANCED_FACE('',(#1238),#6223,.T.);
#6444=ADVANCED_FACE('',(#1239),#901,.F.);
#6445=ADVANCED_FACE('',(#1240),#6224,.T.);
#6446=ADVANCED_FACE('',(#1241),#902,.F.);
#6447=ADVANCED_FACE('',(#1242),#6225,.T.);
#6448=ADVANCED_FACE('',(#1243),#903,.F.);
#6449=ADVANCED_FACE('',(#1244),#904,.F.);
#6450=ADVANCED_FACE('',(#1245),#905,.F.);
#6451=ADVANCED_FACE('',(#1246),#906,.F.);
#6452=ADVANCED_FACE('',(#1247),#907,.F.);
#6453=ADVANCED_FACE('',(#1248),#908,.F.);
#6454=ADVANCED_FACE('',(#1249),#909,.F.);
#6455=ADVANCED_FACE('',(#1250),#910,.F.);
#6456=ADVANCED_FACE('',(#1251),#911,.F.);
#6457=ADVANCED_FACE('',(#1252),#912,.F.);
#6458=ADVANCED_FACE('',(#1253),#913,.T.);
#6459=ADVANCED_FACE('',(#1254),#914,.T.);
#6460=ADVANCED_FACE('',(#1255),#915,.T.);
#6461=ADVANCED_FACE('',(#1256,#176,#177,#178,#179,#180),#6226,.T.);
#6462=ADVANCED_FACE('',(#1257),#6227,.F.);
#6463=ADVANCED_FACE('',(#1258),#916,.T.);
#6464=ADVANCED_FACE('',(#1259),#917,.T.);
#6465=ADVANCED_FACE('',(#1260),#918,.T.);
#6466=ADVANCED_FACE('',(#1261),#919,.T.);
#6467=ADVANCED_FACE('',(#1262),#920,.T.);
#6468=ADVANCED_FACE('',(#1263),#921,.T.);
#6469=ADVANCED_FACE('',(#1264),#922,.T.);
#6470=ADVANCED_FACE('',(#1265),#923,.T.);
#6471=ADVANCED_FACE('',(#1266),#924,.T.);
#6472=ADVANCED_FACE('',(#1267),#925,.T.);
#6473=ADVANCED_FACE('',(#1268),#926,.T.);
#6474=ADVANCED_FACE('',(#1269),#927,.T.);
#6475=ADVANCED_FACE('',(#1270),#928,.T.);
#6476=ADVANCED_FACE('',(#1271),#929,.T.);
#6477=ADVANCED_FACE('',(#1272),#930,.T.);
#6478=ADVANCED_FACE('',(#1273),#931,.T.);
#6479=ADVANCED_FACE('',(#1274),#932,.T.);
#6480=ADVANCED_FACE('',(#1275),#933,.T.);
#6481=ADVANCED_FACE('',(#1276),#934,.T.);
#6482=ADVANCED_FACE('',(#1277),#226,.T.);
#6483=ADVANCED_FACE('',(#1278),#227,.T.);
#6484=ADVANCED_FACE('',(#1279),#228,.T.);
#6485=ADVANCED_FACE('',(#1280),#229,.T.);
#6486=ADVANCED_FACE('',(#1281),#230,.T.);
#6487=ADVANCED_FACE('',(#1282),#231,.T.);
#6488=ADVANCED_FACE('',(#1283),#232,.T.);
#6489=ADVANCED_FACE('',(#1284),#233,.T.);
#6490=ADVANCED_FACE('',(#1285),#234,.T.);
#6491=ADVANCED_FACE('',(#1286),#235,.T.);
#6492=ADVANCED_FACE('',(#1287),#236,.T.);
#6493=ADVANCED_FACE('',(#1288),#237,.T.);
#6494=ADVANCED_FACE('',(#1289),#238,.T.);
#6495=ADVANCED_FACE('',(#1290),#239,.T.);
#6496=ADVANCED_FACE('',(#1291),#240,.T.);
#6497=ADVANCED_FACE('',(#1292),#241,.T.);
#6498=ADVANCED_FACE('',(#1293),#242,.T.);
#6499=ADVANCED_FACE('',(#1294),#243,.T.);
#6500=ADVANCED_FACE('',(#1295),#244,.T.);
#6501=ADVANCED_FACE('',(#1296),#245,.T.);
#6502=ADVANCED_FACE('',(#1297),#246,.T.);
#6503=ADVANCED_FACE('',(#1298),#247,.T.);
#6504=ADVANCED_FACE('',(#1299),#248,.T.);
#6505=ADVANCED_FACE('',(#1300),#249,.T.);
#6506=ADVANCED_FACE('',(#1301),#250,.T.);
#6507=ADVANCED_FACE('',(#1302),#251,.T.);
#6508=ADVANCED_FACE('',(#1303),#252,.T.);
#6509=ADVANCED_FACE('',(#1304),#253,.T.);
#6510=ADVANCED_FACE('',(#1305),#254,.T.);
#6511=ADVANCED_FACE('',(#1306),#255,.T.);
#6512=ADVANCED_FACE('',(#1307),#256,.T.);
#6513=ADVANCED_FACE('',(#1308),#257,.T.);
#6514=ADVANCED_FACE('',(#1309),#258,.T.);
#6515=ADVANCED_FACE('',(#1310),#259,.T.);
#6516=ADVANCED_FACE('',(#1311),#260,.T.);
#6517=ADVANCED_FACE('',(#1312),#261,.T.);
#6518=ADVANCED_FACE('',(#1313),#262,.T.);
#6519=ADVANCED_FACE('',(#1314),#263,.T.);
#6520=ADVANCED_FACE('',(#1315),#935,.T.);
#6521=ADVANCED_FACE('',(#1316),#936,.T.);
#6522=ADVANCED_FACE('',(#1317),#937,.T.);
#6523=ADVANCED_FACE('',(#1318),#938,.T.);
#6524=ADVANCED_FACE('',(#1319),#939,.F.);
#6525=ADVANCED_FACE('',(#1320),#940,.F.);
#6526=ADVANCED_FACE('',(#1321),#264,.T.);
#6527=ADVANCED_FACE('',(#1322),#265,.T.);
#6528=ADVANCED_FACE('',(#1323),#941,.T.);
#6529=ADVANCED_FACE('',(#1324),#942,.T.);
#6530=ADVANCED_FACE('',(#1325),#943,.T.);
#6531=ADVANCED_FACE('',(#1326),#944,.T.);
#6532=ADVANCED_FACE('',(#1327),#945,.T.);
#6533=ADVANCED_FACE('',(#1328),#946,.T.);
#6534=ADVANCED_FACE('',(#1329),#947,.T.);
#6535=ADVANCED_FACE('',(#1330),#948,.T.);
#6536=ADVANCED_FACE('',(#1331),#949,.T.);
#6537=ADVANCED_FACE('',(#1332),#950,.T.);
#6538=ADVANCED_FACE('',(#1333),#951,.T.);
#6539=ADVANCED_FACE('',(#1334),#952,.T.);
#6540=ADVANCED_FACE('',(#1335),#953,.T.);
#6541=ADVANCED_FACE('',(#1336),#954,.T.);
#6542=ADVANCED_FACE('',(#1337),#955,.T.);
#6543=ADVANCED_FACE('',(#1338),#956,.T.);
#6544=ADVANCED_FACE('',(#1339),#957,.T.);
#6545=ADVANCED_FACE('',(#1340),#958,.T.);
#6546=ADVANCED_FACE('',(#1341),#959,.T.);
#6547=ADVANCED_FACE('',(#1342),#960,.T.);
#6548=ADVANCED_FACE('',(#1343),#961,.T.);
#6549=ADVANCED_FACE('',(#1344),#962,.T.);
#6550=ADVANCED_FACE('',(#1345),#963,.T.);
#6551=ADVANCED_FACE('',(#1346),#964,.T.);
#6552=ADVANCED_FACE('',(#1347),#965,.T.);
#6553=ADVANCED_FACE('',(#1348),#966,.T.);
#6554=ADVANCED_FACE('',(#1349),#967,.T.);
#6555=ADVANCED_FACE('',(#1350),#968,.T.);
#6556=ADVANCED_FACE('',(#1351),#969,.T.);
#6557=ADVANCED_FACE('',(#1352),#970,.T.);
#6558=ADVANCED_FACE('',(#1353),#971,.T.);
#6559=ADVANCED_FACE('',(#1354),#972,.T.);
#6560=ADVANCED_FACE('',(#1355),#973,.T.);
#6561=ADVANCED_FACE('',(#1356),#974,.T.);
#6562=ADVANCED_FACE('',(#1357),#975,.T.);
#6563=ADVANCED_FACE('',(#1358),#976,.T.);
#6564=ADVANCED_FACE('',(#1359),#977,.T.);
#6565=ADVANCED_FACE('',(#1360),#978,.T.);
#6566=ADVANCED_FACE('',(#1361),#979,.T.);
#6567=ADVANCED_FACE('',(#1362),#980,.T.);
#6568=ADVANCED_FACE('',(#1363),#981,.T.);
#6569=ADVANCED_FACE('',(#1364),#982,.T.);
#6570=ADVANCED_FACE('',(#1365),#983,.T.);
#6571=ADVANCED_FACE('',(#1366),#984,.T.);
#6572=ADVANCED_FACE('',(#1367),#985,.T.);
#6573=ADVANCED_FACE('',(#1368),#986,.T.);
#6574=ADVANCED_FACE('',(#1369),#987,.T.);
#6575=ADVANCED_FACE('',(#1370),#988,.T.);
#6576=ADVANCED_FACE('',(#1371),#989,.T.);
#6577=ADVANCED_FACE('',(#1372),#990,.T.);
#6578=ADVANCED_FACE('',(#1373),#991,.T.);
#6579=ADVANCED_FACE('',(#1374),#992,.T.);
#6580=ADVANCED_FACE('',(#1375),#993,.T.);
#6581=ADVANCED_FACE('',(#1376),#994,.T.);
#6582=ADVANCED_FACE('',(#1377),#995,.F.);
#6583=ADVANCED_FACE('',(#1378),#996,.F.);
#6584=ADVANCED_FACE('',(#1379),#997,.F.);
#6585=ADVANCED_FACE('',(#1380),#998,.F.);
#6586=ADVANCED_FACE('',(#1381),#999,.F.);
#6587=ADVANCED_FACE('',(#1382),#1000,.F.);
#6588=ADVANCED_FACE('',(#1383),#1001,.F.);
#6589=ADVANCED_FACE('',(#1384),#1002,.F.);
#6590=ADVANCED_FACE('',(#1385),#1003,.F.);
#6591=ADVANCED_FACE('',(#1386),#1004,.F.);
#6592=ADVANCED_FACE('',(#1387),#1005,.F.);
#6593=ADVANCED_FACE('',(#1388),#1006,.F.);
#6594=ADVANCED_FACE('',(#1389),#1007,.F.);
#6595=ADVANCED_FACE('',(#1390),#1008,.F.);
#6596=ADVANCED_FACE('',(#1391),#1009,.F.);
#6597=ADVANCED_FACE('',(#1392),#1010,.F.);
#6598=ADVANCED_FACE('',(#1393),#1011,.F.);
#6599=ADVANCED_FACE('',(#1394),#1012,.F.);
#6600=ADVANCED_FACE('',(#1395),#1013,.F.);
#6601=ADVANCED_FACE('',(#1396),#1014,.F.);
#6602=ADVANCED_FACE('',(#1397),#1015,.F.);
#6603=ADVANCED_FACE('',(#1398),#1016,.F.);
#6604=ADVANCED_FACE('',(#1399),#1017,.F.);
#6605=ADVANCED_FACE('',(#1400),#1018,.F.);
#6606=ADVANCED_FACE('',(#1401),#1019,.F.);
#6607=ADVANCED_FACE('',(#1402),#1020,.F.);
#6608=ADVANCED_FACE('',(#1403),#1021,.F.);
#6609=ADVANCED_FACE('',(#1404),#1022,.F.);
#6610=CLOSED_SHELL('',(#6228,#6229,#6230,#6231,#6232,#6233,#6234,#6235,
#6236,#6237,#6238,#6239,#6240,#6241,#6242,#6243,#6244,#6245,#6246,#6247,
#6248,#6249,#6250,#6251,#6252,#6253,#6254,#6255,#6256,#6257,#6258,#6259,
#6260,#6261,#6262,#6263,#6264,#6265,#6266,#6267,#6268,#6269,#6270,#6271,
#6272,#6273,#6274,#6275,#6276,#6277,#6278,#6279,#6280,#6281,#6282,#6283,
#6284,#6285,#6286,#6287,#6288,#6289,#6290,#6291,#6292,#6293,#6294,#6295,
#6296,#6297,#6298,#6299,#6300,#6301,#6302,#6303,#6304,#6305,#6306,#6307,
#6308,#6309,#6310,#6311,#6312,#6313,#6314,#6315,#6316,#6317,#6318,#6319,
#6320,#6321,#6322,#6323,#6324,#6325,#6326,#6327,#6328,#6329,#6330,#6331,
#6332,#6333,#6334,#6335,#6336,#6337,#6338,#6339,#6340,#6341,#6342,#6343,
#6344,#6345,#6346,#6347,#6348,#6349,#6350,#6351,#6352,#6353,#6354,#6355,
#6356,#6357,#6358,#6359,#6360,#6361,#6362,#6363,#6364,#6365,#6366,#6367,
#6368,#6369,#6370,#6371,#6372,#6373,#6374,#6375,#6376,#6377,#6378,#6379,
#6380,#6381,#6382,#6383,#6384,#6385,#6386,#6387,#6388,#6389,#6390,#6391,
#6392,#6393,#6394,#6395,#6396,#6397,#6398,#6399,#6400,#6401,#6402,#6403,
#6404,#6405,#6406,#6407,#6408,#6409,#6410,#6411,#6412,#6413,#6414,#6415,
#6416,#6417,#6418,#6419,#6420,#6421,#6422,#6423,#6424,#6425,#6426,#6427,
#6428,#6429,#6430,#6431,#6432,#6433,#6434,#6435,#6436,#6437,#6438,#6439,
#6440,#6441,#6442,#6443,#6444,#6445,#6446,#6447,#6448,#6449,#6450,#6451,
#6452,#6453,#6454,#6455,#6456,#6457,#6458,#6459,#6460,#6461,#6462,#6463,
#6464,#6465,#6466,#6467,#6468,#6469,#6470,#6471,#6472,#6473,#6474,#6475,
#6476,#6477,#6478,#6479,#6480,#6481,#6482,#6483,#6484,#6485,#6486,#6487,
#6488,#6489,#6490,#6491,#6492,#6493,#6494,#6495,#6496,#6497,#6498,#6499,
#6500,#6501,#6502,#6503,#6504,#6505,#6506,#6507,#6508,#6509,#6510,#6511,
#6512,#6513,#6514,#6515,#6516,#6517,#6518,#6519,#6520,#6521,#6522,#6523,
#6524,#6525,#6526,#6527,#6528,#6529,#6530,#6531,#6532,#6533,#6534,#6535,
#6536,#6537,#6538,#6539,#6540,#6541,#6542,#6543,#6544,#6545,#6546,#6547,
#6548,#6549,#6550,#6551,#6552,#6553,#6554,#6555,#6556,#6557,#6558,#6559,
#6560,#6561,#6562,#6563,#6564,#6565,#6566,#6567,#6568,#6569,#6570,#6571,
#6572,#6573,#6574,#6575,#6576,#6577,#6578,#6579,#6580,#6581,#6582,#6583,
#6584,#6585,#6586,#6587,#6588,#6589,#6590,#6591,#6592,#6593,#6594,#6595,
#6596,#6597,#6598,#6599,#6600,#6601,#6602,#6603,#6604,#6605,#6606,#6607,
#6608,#6609));
#6611=DERIVED_UNIT_ELEMENT(#6613,1.);
#6612=DERIVED_UNIT_ELEMENT(#12773,-3.);
#6613=(
MASS_UNIT()
NAMED_UNIT(*)
SI_UNIT(.KILO.,.GRAM.)
);
#6614=DERIVED_UNIT((#6611,#6612));
#6615=MEASURE_REPRESENTATION_ITEM('density measure',
POSITIVE_RATIO_MEASURE(7850.),#6614);
#6616=PROPERTY_DEFINITION_REPRESENTATION(#6621,#6618);
#6617=PROPERTY_DEFINITION_REPRESENTATION(#6622,#6619);
#6618=REPRESENTATION('material name',(#6620),#12770);
#6619=REPRESENTATION('density',(#6615),#12770);
#6620=DESCRIPTIVE_REPRESENTATION_ITEM('Steel','Steel');
#6621=PROPERTY_DEFINITION('material property','material name',#12780);
#6622=PROPERTY_DEFINITION('material property','density of part',#12780);
#6623=AXIS2_PLACEMENT_3D('',#9889,#7627,#7628);
#6624=AXIS2_PLACEMENT_3D('',#9890,#7629,#7630);
#6625=AXIS2_PLACEMENT_3D('',#9892,#7631,#7632);
#6626=AXIS2_PLACEMENT_3D('',#9893,#7633,#7634);
#6627=AXIS2_PLACEMENT_3D('',#9896,#7636,#7637);
#6628=AXIS2_PLACEMENT_3D('',#9897,#7638,#7639);
#6629=AXIS2_PLACEMENT_3D('',#9899,#7640,#7641);
#6630=AXIS2_PLACEMENT_3D('',#9901,#7643,#7644);
#6631=AXIS2_PLACEMENT_3D('',#9904,#7645,#7646);
#6632=AXIS2_PLACEMENT_3D('',#9906,#7647,#7648);
#6633=AXIS2_PLACEMENT_3D('',#9908,#7649,#7650);
#6634=AXIS2_PLACEMENT_3D('',#9910,#7651,#7652);
#6635=AXIS2_PLACEMENT_3D('',#9912,#7653,#7654);
#6636=AXIS2_PLACEMENT_3D('',#9914,#7655,#7656);
#6637=AXIS2_PLACEMENT_3D('',#9916,#7657,#7658);
#6638=AXIS2_PLACEMENT_3D('',#9918,#7659,#7660);
#6639=AXIS2_PLACEMENT_3D('',#9920,#7661,#7662);
#6640=AXIS2_PLACEMENT_3D('',#9922,#7663,#7664);
#6641=AXIS2_PLACEMENT_3D('',#9924,#7665,#7666);
#6642=AXIS2_PLACEMENT_3D('',#9926,#7667,#7668);
#6643=AXIS2_PLACEMENT_3D('',#9928,#7669,#7670);
#6644=AXIS2_PLACEMENT_3D('',#9930,#7671,#7672);
#6645=AXIS2_PLACEMENT_3D('',#9932,#7673,#7674);
#6646=AXIS2_PLACEMENT_3D('',#9934,#7675,#7676);
#6647=AXIS2_PLACEMENT_3D('',#9936,#7677,#7678);
#6648=AXIS2_PLACEMENT_3D('',#9938,#7679,#7680);
#6649=AXIS2_PLACEMENT_3D('',#9940,#7681,#7682);
#6650=AXIS2_PLACEMENT_3D('',#9942,#7683,#7684);
#6651=AXIS2_PLACEMENT_3D('',#9944,#7685,#7686);
#6652=AXIS2_PLACEMENT_3D('',#9946,#7687,#7688);
#6653=AXIS2_PLACEMENT_3D('',#9948,#7689,#7690);
#6654=AXIS2_PLACEMENT_3D('',#9950,#7691,#7692);
#6655=AXIS2_PLACEMENT_3D('',#9952,#7693,#7694);
#6656=AXIS2_PLACEMENT_3D('',#9954,#7695,#7696);
#6657=AXIS2_PLACEMENT_3D('',#9956,#7697,#7698);
#6658=AXIS2_PLACEMENT_3D('',#9958,#7699,#7700);
#6659=AXIS2_PLACEMENT_3D('',#9960,#7701,#7702);
#6660=AXIS2_PLACEMENT_3D('',#9962,#7703,#7704);
#6661=AXIS2_PLACEMENT_3D('',#9964,#7705,#7706);
#6662=AXIS2_PLACEMENT_3D('',#9966,#7707,#7708);
#6663=AXIS2_PLACEMENT_3D('',#9968,#7709,#7710);
#6664=AXIS2_PLACEMENT_3D('',#9970,#7711,#7712);
#6665=AXIS2_PLACEMENT_3D('',#9972,#7713,#7714);
#6666=AXIS2_PLACEMENT_3D('',#9974,#7715,#7716);
#6667=AXIS2_PLACEMENT_3D('',#9976,#7717,#7718);
#6668=AXIS2_PLACEMENT_3D('',#9978,#7719,#7720);
#6669=AXIS2_PLACEMENT_3D('',#9980,#7721,#7722);
#6670=AXIS2_PLACEMENT_3D('',#9982,#7723,#7724);
#6671=AXIS2_PLACEMENT_3D('',#9984,#7725,#7726);
#6672=AXIS2_PLACEMENT_3D('',#9986,#7727,#7728);
#6673=AXIS2_PLACEMENT_3D('',#9988,#7729,#7730);
#6674=AXIS2_PLACEMENT_3D('',#9990,#7731,#7732);
#6675=AXIS2_PLACEMENT_3D('',#9992,#7733,#7734);
#6676=AXIS2_PLACEMENT_3D('',#9994,#7735,#7736);
#6677=AXIS2_PLACEMENT_3D('',#9996,#7737,#7738);
#6678=AXIS2_PLACEMENT_3D('',#9998,#7739,#7740);
#6679=AXIS2_PLACEMENT_3D('',#10000,#7741,#7742);
#6680=AXIS2_PLACEMENT_3D('',#10002,#7743,#7744);
#6681=AXIS2_PLACEMENT_3D('',#10004,#7745,#7746);
#6682=AXIS2_PLACEMENT_3D('',#10006,#7747,#7748);
#6683=AXIS2_PLACEMENT_3D('',#10008,#7749,#7750);
#6684=AXIS2_PLACEMENT_3D('',#10010,#7751,#7752);
#6685=AXIS2_PLACEMENT_3D('',#10012,#7753,#7754);
#6686=AXIS2_PLACEMENT_3D('',#10014,#7755,#7756);
#6687=AXIS2_PLACEMENT_3D('',#10016,#7757,#7758);
#6688=AXIS2_PLACEMENT_3D('',#10018,#7759,#7760);
#6689=AXIS2_PLACEMENT_3D('',#10020,#7761,#7762);
#6690=AXIS2_PLACEMENT_3D('',#10022,#7763,#7764);
#6691=AXIS2_PLACEMENT_3D('',#10024,#7765,#7766);
#6692=AXIS2_PLACEMENT_3D('',#10026,#7767,#7768);
#6693=AXIS2_PLACEMENT_3D('',#10028,#7769,#7770);
#6694=AXIS2_PLACEMENT_3D('',#10030,#7771,#7772);
#6695=AXIS2_PLACEMENT_3D('',#10032,#7773,#7774);
#6696=AXIS2_PLACEMENT_3D('',#10034,#7775,#7776);
#6697=AXIS2_PLACEMENT_3D('',#10036,#7777,#7778);
#6698=AXIS2_PLACEMENT_3D('',#10038,#7779,#7780);
#6699=AXIS2_PLACEMENT_3D('',#10040,#7781,#7782);
#6700=AXIS2_PLACEMENT_3D('',#10042,#7783,#7784);
#6701=AXIS2_PLACEMENT_3D('',#10044,#7785,#7786);
#6702=AXIS2_PLACEMENT_3D('',#10046,#7787,#7788);
#6703=AXIS2_PLACEMENT_3D('',#10048,#7789,#7790);
#6704=AXIS2_PLACEMENT_3D('',#10050,#7791,#7792);
#6705=AXIS2_PLACEMENT_3D('',#10052,#7793,#7794);
#6706=AXIS2_PLACEMENT_3D('',#10054,#7795,#7796);
#6707=AXIS2_PLACEMENT_3D('',#10056,#7797,#7798);
#6708=AXIS2_PLACEMENT_3D('',#10058,#7799,#7800);
#6709=AXIS2_PLACEMENT_3D('',#10060,#7801,#7802);
#6710=AXIS2_PLACEMENT_3D('',#10062,#7803,#7804);
#6711=AXIS2_PLACEMENT_3D('',#10064,#7805,#7806);
#6712=AXIS2_PLACEMENT_3D('',#10066,#7807,#7808);
#6713=AXIS2_PLACEMENT_3D('',#10068,#7809,#7810);
#6714=AXIS2_PLACEMENT_3D('',#10070,#7811,#7812);
#6715=AXIS2_PLACEMENT_3D('',#10072,#7813,#7814);
#6716=AXIS2_PLACEMENT_3D('',#10074,#7815,#7816);
#6717=AXIS2_PLACEMENT_3D('',#10076,#7817,#7818);
#6718=AXIS2_PLACEMENT_3D('',#10078,#7819,#7820);
#6719=AXIS2_PLACEMENT_3D('',#10080,#7821,#7822);
#6720=AXIS2_PLACEMENT_3D('',#10082,#7823,#7824);
#6721=AXIS2_PLACEMENT_3D('',#10084,#7825,#7826);
#6722=AXIS2_PLACEMENT_3D('',#10086,#7827,#7828);
#6723=AXIS2_PLACEMENT_3D('',#10088,#7829,#7830);
#6724=AXIS2_PLACEMENT_3D('',#10090,#7831,#7832);
#6725=AXIS2_PLACEMENT_3D('',#10092,#7833,#7834);
#6726=AXIS2_PLACEMENT_3D('',#10094,#7835,#7836);
#6727=AXIS2_PLACEMENT_3D('',#10096,#7837,#7838);
#6728=AXIS2_PLACEMENT_3D('',#10098,#7839,#7840);
#6729=AXIS2_PLACEMENT_3D('',#10100,#7841,#7842);
#6730=AXIS2_PLACEMENT_3D('',#10102,#7843,#7844);
#6731=AXIS2_PLACEMENT_3D('',#10104,#7845,#7846);
#6732=AXIS2_PLACEMENT_3D('',#10106,#7847,#7848);
#6733=AXIS2_PLACEMENT_3D('',#10108,#7849,#7850);
#6734=AXIS2_PLACEMENT_3D('',#10110,#7851,#7852);
#6735=AXIS2_PLACEMENT_3D('',#10112,#7853,#7854);
#6736=AXIS2_PLACEMENT_3D('',#10114,#7855,#7856);
#6737=AXIS2_PLACEMENT_3D('',#10116,#7857,#7858);
#6738=AXIS2_PLACEMENT_3D('',#10118,#7859,#7860);
#6739=AXIS2_PLACEMENT_3D('',#10120,#7861,#7862);
#6740=AXIS2_PLACEMENT_3D('',#10122,#7863,#7864);
#6741=AXIS2_PLACEMENT_3D('',#10124,#7865,#7866);
#6742=AXIS2_PLACEMENT_3D('',#10126,#7867,#7868);
#6743=AXIS2_PLACEMENT_3D('',#10128,#7869,#7870);
#6744=AXIS2_PLACEMENT_3D('',#10130,#7871,#7872);
#6745=AXIS2_PLACEMENT_3D('',#10132,#7873,#7874);
#6746=AXIS2_PLACEMENT_3D('',#10134,#7875,#7876);
#6747=AXIS2_PLACEMENT_3D('',#10136,#7877,#7878);
#6748=AXIS2_PLACEMENT_3D('',#10138,#7879,#7880);
#6749=AXIS2_PLACEMENT_3D('',#10140,#7881,#7882);
#6750=AXIS2_PLACEMENT_3D('',#10141,#7883,#7884);
#6751=AXIS2_PLACEMENT_3D('',#10142,#7885,#7886);
#6752=AXIS2_PLACEMENT_3D('',#10144,#7887,#7888);
#6753=AXIS2_PLACEMENT_3D('',#10147,#7890,#7891);
#6754=AXIS2_PLACEMENT_3D('',#10148,#7892,#7893);
#6755=AXIS2_PLACEMENT_3D('',#10151,#7894,#7895);
#6756=AXIS2_PLACEMENT_3D('',#10153,#7896,#7897);
#6757=AXIS2_PLACEMENT_3D('',#10155,#7898,#7899);
#6758=AXIS2_PLACEMENT_3D('',#10157,#7900,#7901);
#6759=AXIS2_PLACEMENT_3D('',#10159,#7902,#7903);
#6760=AXIS2_PLACEMENT_3D('',#10161,#7904,#7905);
#6761=AXIS2_PLACEMENT_3D('',#10163,#7906,#7907);
#6762=AXIS2_PLACEMENT_3D('',#10165,#7908,#7909);
#6763=AXIS2_PLACEMENT_3D('',#10167,#7910,#7911);
#6764=AXIS2_PLACEMENT_3D('',#10169,#7912,#7913);
#6765=AXIS2_PLACEMENT_3D('',#10171,#7914,#7915);
#6766=AXIS2_PLACEMENT_3D('',#10173,#7916,#7917);
#6767=AXIS2_PLACEMENT_3D('',#10175,#7918,#7919);
#6768=AXIS2_PLACEMENT_3D('',#10177,#7920,#7921);
#6769=AXIS2_PLACEMENT_3D('',#10179,#7922,#7923);
#6770=AXIS2_PLACEMENT_3D('',#10181,#7924,#7925);
#6771=AXIS2_PLACEMENT_3D('',#10183,#7926,#7927);
#6772=AXIS2_PLACEMENT_3D('',#10185,#7928,#7929);
#6773=AXIS2_PLACEMENT_3D('',#10187,#7930,#7931);
#6774=AXIS2_PLACEMENT_3D('',#10189,#7932,#7933);
#6775=AXIS2_PLACEMENT_3D('',#10191,#7934,#7935);
#6776=AXIS2_PLACEMENT_3D('',#10193,#7936,#7937);
#6777=AXIS2_PLACEMENT_3D('',#10195,#7938,#7939);
#6778=AXIS2_PLACEMENT_3D('',#10197,#7940,#7941);
#6779=AXIS2_PLACEMENT_3D('',#10199,#7942,#7943);
#6780=AXIS2_PLACEMENT_3D('',#10201,#7944,#7945);
#6781=AXIS2_PLACEMENT_3D('',#10203,#7946,#7947);
#6782=AXIS2_PLACEMENT_3D('',#10205,#7948,#7949);
#6783=AXIS2_PLACEMENT_3D('',#10207,#7950,#7951);
#6784=AXIS2_PLACEMENT_3D('',#10209,#7952,#7953);
#6785=AXIS2_PLACEMENT_3D('',#10211,#7954,#7955);
#6786=AXIS2_PLACEMENT_3D('',#10213,#7956,#7957);
#6787=AXIS2_PLACEMENT_3D('',#10215,#7958,#7959);
#6788=AXIS2_PLACEMENT_3D('',#10217,#7960,#7961);
#6789=AXIS2_PLACEMENT_3D('',#10219,#7962,#7963);
#6790=AXIS2_PLACEMENT_3D('',#10221,#7964,#7965);
#6791=AXIS2_PLACEMENT_3D('',#10223,#7966,#7967);
#6792=AXIS2_PLACEMENT_3D('',#10225,#7968,#7969);
#6793=AXIS2_PLACEMENT_3D('',#10227,#7970,#7971);
#6794=AXIS2_PLACEMENT_3D('',#10229,#7972,#7973);
#6795=AXIS2_PLACEMENT_3D('',#10230,#7974,#7975);
#6796=AXIS2_PLACEMENT_3D('',#10233,#7977,#7978);
#6797=AXIS2_PLACEMENT_3D('',#10234,#7979,#7980);
#6798=AXIS2_PLACEMENT_3D('',#10236,#7981,#7982);
#6799=AXIS2_PLACEMENT_3D('',#10238,#7983,#7984);
#6800=AXIS2_PLACEMENT_3D('',#10240,#7985,#7986);
#6801=AXIS2_PLACEMENT_3D('',#10242,#7987,#7988);
#6802=AXIS2_PLACEMENT_3D('',#10243,#7989,#7990);
#6803=AXIS2_PLACEMENT_3D('',#10244,#7991,#7992);
#6804=AXIS2_PLACEMENT_3D('',#10246,#7993,#7994);
#6805=AXIS2_PLACEMENT_3D('',#10248,#7995,#7996);
#6806=AXIS2_PLACEMENT_3D('',#10250,#7997,#7998);
#6807=AXIS2_PLACEMENT_3D('',#10252,#7999,#8000);
#6808=AXIS2_PLACEMENT_3D('',#10253,#8001,#8002);
#6809=AXIS2_PLACEMENT_3D('',#10254,#8003,#8004);
#6810=AXIS2_PLACEMENT_3D('',#10256,#8005,#8006);
#6811=AXIS2_PLACEMENT_3D('',#10258,#8007,#8008);
#6812=AXIS2_PLACEMENT_3D('',#10260,#8009,#8010);
#6813=AXIS2_PLACEMENT_3D('',#10262,#8011,#8012);
#6814=AXIS2_PLACEMENT_3D('',#10263,#8013,#8014);
#6815=AXIS2_PLACEMENT_3D('',#10264,#8015,#8016);
#6816=AXIS2_PLACEMENT_3D('',#10266,#8017,#8018);
#6817=AXIS2_PLACEMENT_3D('',#10268,#8019,#8020);
#6818=AXIS2_PLACEMENT_3D('',#10270,#8021,#8022);
#6819=AXIS2_PLACEMENT_3D('',#10272,#8023,#8024);
#6820=AXIS2_PLACEMENT_3D('',#10273,#8025,#8026);
#6821=AXIS2_PLACEMENT_3D('',#10274,#8027,#8028);
#6822=AXIS2_PLACEMENT_3D('',#10276,#8029,#8030);
#6823=AXIS2_PLACEMENT_3D('',#10278,#8031,#8032);
#6824=AXIS2_PLACEMENT_3D('',#10280,#8033,#8034);
#6825=AXIS2_PLACEMENT_3D('',#10282,#8035,#8036);
#6826=AXIS2_PLACEMENT_3D('',#10283,#8037,#8038);
#6827=AXIS2_PLACEMENT_3D('',#10284,#8039,#8040);
#6828=AXIS2_PLACEMENT_3D('',#10286,#8041,#8042);
#6829=AXIS2_PLACEMENT_3D('',#10288,#8043,#8044);
#6830=AXIS2_PLACEMENT_3D('',#10290,#8045,#8046);
#6831=AXIS2_PLACEMENT_3D('',#10292,#8047,#8048);
#6832=AXIS2_PLACEMENT_3D('',#10293,#8049,#8050);
#6833=AXIS2_PLACEMENT_3D('',#10294,#8051,#8052);
#6834=AXIS2_PLACEMENT_3D('',#10296,#8053,#8054);
#6835=AXIS2_PLACEMENT_3D('',#10298,#8055,#8056);
#6836=AXIS2_PLACEMENT_3D('',#10300,#8057,#8058);
#6837=AXIS2_PLACEMENT_3D('',#10302,#8059,#8060);
#6838=AXIS2_PLACEMENT_3D('',#10303,#8061,#8062);
#6839=AXIS2_PLACEMENT_3D('',#10304,#8063,#8064);
#6840=AXIS2_PLACEMENT_3D('',#10306,#8065,#8066);
#6841=AXIS2_PLACEMENT_3D('',#10308,#8067,#8068);
#6842=AXIS2_PLACEMENT_3D('',#10310,#8069,#8070);
#6843=AXIS2_PLACEMENT_3D('',#10312,#8071,#8072);
#6844=AXIS2_PLACEMENT_3D('',#10313,#8073,#8074);
#6845=AXIS2_PLACEMENT_3D('',#10314,#8075,#8076);
#6846=AXIS2_PLACEMENT_3D('',#10316,#8077,#8078);
#6847=AXIS2_PLACEMENT_3D('',#10318,#8079,#8080);
#6848=AXIS2_PLACEMENT_3D('',#10320,#8081,#8082);
#6849=AXIS2_PLACEMENT_3D('',#10322,#8083,#8084);
#6850=AXIS2_PLACEMENT_3D('',#10323,#8085,#8086);
#6851=AXIS2_PLACEMENT_3D('',#10324,#8087,#8088);
#6852=AXIS2_PLACEMENT_3D('',#10326,#8089,#8090);
#6853=AXIS2_PLACEMENT_3D('',#10328,#8091,#8092);
#6854=AXIS2_PLACEMENT_3D('',#10330,#8093,#8094);
#6855=AXIS2_PLACEMENT_3D('',#10332,#8095,#8096);
#6856=AXIS2_PLACEMENT_3D('',#10333,#8097,#8098);
#6857=AXIS2_PLACEMENT_3D('',#10334,#8099,#8100);
#6858=AXIS2_PLACEMENT_3D('',#10336,#8101,#8102);
#6859=AXIS2_PLACEMENT_3D('',#10338,#8103,#8104);
#6860=AXIS2_PLACEMENT_3D('',#10340,#8105,#8106);
#6861=AXIS2_PLACEMENT_3D('',#10342,#8107,#8108);
#6862=AXIS2_PLACEMENT_3D('',#10343,#8109,#8110);
#6863=AXIS2_PLACEMENT_3D('',#10344,#8111,#8112);
#6864=AXIS2_PLACEMENT_3D('',#10346,#8113,#8114);
#6865=AXIS2_PLACEMENT_3D('',#10348,#8115,#8116);
#6866=AXIS2_PLACEMENT_3D('',#10350,#8117,#8118);
#6867=AXIS2_PLACEMENT_3D('',#10352,#8119,#8120);
#6868=AXIS2_PLACEMENT_3D('',#10353,#8121,#8122);
#6869=AXIS2_PLACEMENT_3D('',#10354,#8123,#8124);
#6870=AXIS2_PLACEMENT_3D('',#10356,#8125,#8126);
#6871=AXIS2_PLACEMENT_3D('',#10358,#8127,#8128);
#6872=AXIS2_PLACEMENT_3D('',#10360,#8129,#8130);
#6873=AXIS2_PLACEMENT_3D('',#10362,#8131,#8132);
#6874=AXIS2_PLACEMENT_3D('',#10363,#8133,#8134);
#6875=AXIS2_PLACEMENT_3D('',#10364,#8135,#8136);
#6876=AXIS2_PLACEMENT_3D('',#10366,#8137,#8138);
#6877=AXIS2_PLACEMENT_3D('',#10368,#8139,#8140);
#6878=AXIS2_PLACEMENT_3D('',#10370,#8141,#8142);
#6879=AXIS2_PLACEMENT_3D('',#10372,#8143,#8144);
#6880=AXIS2_PLACEMENT_3D('',#10373,#8145,#8146);
#6881=AXIS2_PLACEMENT_3D('',#10374,#8147,#8148);
#6882=AXIS2_PLACEMENT_3D('',#10376,#8149,#8150);
#6883=AXIS2_PLACEMENT_3D('',#10378,#8151,#8152);
#6884=AXIS2_PLACEMENT_3D('',#10380,#8153,#8154);
#6885=AXIS2_PLACEMENT_3D('',#10382,#8155,#8156);
#6886=AXIS2_PLACEMENT_3D('',#10383,#8157,#8158);
#6887=AXIS2_PLACEMENT_3D('',#10384,#8159,#8160);
#6888=AXIS2_PLACEMENT_3D('',#10386,#8161,#8162);
#6889=AXIS2_PLACEMENT_3D('',#10388,#8163,#8164);
#6890=AXIS2_PLACEMENT_3D('',#10390,#8165,#8166);
#6891=AXIS2_PLACEMENT_3D('',#10392,#8167,#8168);
#6892=AXIS2_PLACEMENT_3D('',#10393,#8169,#8170);
#6893=AXIS2_PLACEMENT_3D('',#10394,#8171,#8172);
#6894=AXIS2_PLACEMENT_3D('',#10396,#8173,#8174);
#6895=AXIS2_PLACEMENT_3D('',#10398,#8175,#8176);
#6896=AXIS2_PLACEMENT_3D('',#10400,#8177,#8178);
#6897=AXIS2_PLACEMENT_3D('',#10402,#8179,#8180);
#6898=AXIS2_PLACEMENT_3D('',#10403,#8181,#8182);
#6899=AXIS2_PLACEMENT_3D('',#10404,#8183,#8184);
#6900=AXIS2_PLACEMENT_3D('',#10406,#8185,#8186);
#6901=AXIS2_PLACEMENT_3D('',#10408,#8187,#8188);
#6902=AXIS2_PLACEMENT_3D('',#10410,#8189,#8190);
#6903=AXIS2_PLACEMENT_3D('',#10412,#8191,#8192);
#6904=AXIS2_PLACEMENT_3D('',#10413,#8193,#8194);
#6905=AXIS2_PLACEMENT_3D('',#10414,#8195,#8196);
#6906=AXIS2_PLACEMENT_3D('',#10416,#8197,#8198);
#6907=AXIS2_PLACEMENT_3D('',#10418,#8199,#8200);
#6908=AXIS2_PLACEMENT_3D('',#10420,#8201,#8202);
#6909=AXIS2_PLACEMENT_3D('',#10422,#8203,#8204);
#6910=AXIS2_PLACEMENT_3D('',#10423,#8205,#8206);
#6911=AXIS2_PLACEMENT_3D('',#10424,#8207,#8208);
#6912=AXIS2_PLACEMENT_3D('',#10426,#8210,#8211);
#6913=AXIS2_PLACEMENT_3D('',#10429,#8214,#8215);
#6914=AXIS2_PLACEMENT_3D('',#10432,#8218,#8219);
#6915=AXIS2_PLACEMENT_3D('',#10435,#8222,#8223);
#6916=AXIS2_PLACEMENT_3D('',#10438,#8226,#8227);
#6917=AXIS2_PLACEMENT_3D('',#10441,#8230,#8231);
#6918=AXIS2_PLACEMENT_3D('',#10444,#8233,#8234);
#6919=AXIS2_PLACEMENT_3D('',#10446,#8236,#8237);
#6920=AXIS2_PLACEMENT_3D('',#10449,#8240,#8241);
#6921=AXIS2_PLACEMENT_3D('',#10452,#8244,#8245);
#6922=AXIS2_PLACEMENT_3D('',#10455,#8248,#8249);
#6923=AXIS2_PLACEMENT_3D('',#10458,#8252,#8253);
#6924=AXIS2_PLACEMENT_3D('',#10459,#8254,#8255);
#6925=AXIS2_PLACEMENT_3D('',#10475,#8257,#8258);
#6926=AXIS2_PLACEMENT_3D('',#10491,#8260,#8261);
#6927=AXIS2_PLACEMENT_3D('',#10493,#8262,#8263);
#6928=AXIS2_PLACEMENT_3D('',#10495,#8264,#8265);
#6929=AXIS2_PLACEMENT_3D('',#10497,#8266,#8267);
#6930=AXIS2_PLACEMENT_3D('',#10498,#8268,#8269);
#6931=AXIS2_PLACEMENT_3D('',#10499,#8270,#8271);
#6932=AXIS2_PLACEMENT_3D('',#10502,#8272,#8273);
#6933=AXIS2_PLACEMENT_3D('',#10506,#8275,#8276);
#6934=AXIS2_PLACEMENT_3D('',#10508,#8278,#8279);
#6935=AXIS2_PLACEMENT_3D('',#10511,#8280,#8281);
#6936=AXIS2_PLACEMENT_3D('',#10515,#8283,#8284);
#6937=AXIS2_PLACEMENT_3D('',#10517,#8286,#8287);
#6938=AXIS2_PLACEMENT_3D('',#10520,#8288,#8289);
#6939=AXIS2_PLACEMENT_3D('',#10524,#8291,#8292);
#6940=AXIS2_PLACEMENT_3D('',#10526,#8294,#8295);
#6941=AXIS2_PLACEMENT_3D('',#10529,#8296,#8297);
#6942=AXIS2_PLACEMENT_3D('',#10533,#8299,#8300);
#6943=AXIS2_PLACEMENT_3D('',#10535,#8302,#8303);
#6944=AXIS2_PLACEMENT_3D('',#10537,#8304,#8305);
#6945=AXIS2_PLACEMENT_3D('',#10540,#8307,#8308);
#6946=AXIS2_PLACEMENT_3D('',#10541,#8309,#8310);
#6947=AXIS2_PLACEMENT_3D('',#10544,#8311,#8312);
#6948=AXIS2_PLACEMENT_3D('',#10548,#8314,#8315);
#6949=AXIS2_PLACEMENT_3D('',#10550,#8317,#8318);
#6950=AXIS2_PLACEMENT_3D('',#10553,#8319,#8320);
#6951=AXIS2_PLACEMENT_3D('',#10557,#8322,#8323);
#6952=AXIS2_PLACEMENT_3D('',#10559,#8325,#8326);
#6953=AXIS2_PLACEMENT_3D('',#10562,#8327,#8328);
#6954=AXIS2_PLACEMENT_3D('',#10566,#8330,#8331);
#6955=AXIS2_PLACEMENT_3D('',#10568,#8333,#8334);
#6956=AXIS2_PLACEMENT_3D('',#10571,#8335,#8336);
#6957=AXIS2_PLACEMENT_3D('',#10575,#8338,#8339);
#6958=AXIS2_PLACEMENT_3D('',#10577,#8341,#8342);
#6959=AXIS2_PLACEMENT_3D('',#10580,#8343,#8344);
#6960=AXIS2_PLACEMENT_3D('',#10584,#8346,#8347);
#6961=AXIS2_PLACEMENT_3D('',#10586,#8349,#8350);
#6962=AXIS2_PLACEMENT_3D('',#10589,#8351,#8352);
#6963=AXIS2_PLACEMENT_3D('',#10593,#8354,#8355);
#6964=AXIS2_PLACEMENT_3D('',#10595,#8357,#8358);
#6965=AXIS2_PLACEMENT_3D('',#10598,#8359,#8360);
#6966=AXIS2_PLACEMENT_3D('',#10602,#8362,#8363);
#6967=AXIS2_PLACEMENT_3D('',#10604,#8365,#8366);
#6968=AXIS2_PLACEMENT_3D('',#10607,#8367,#8368);
#6969=AXIS2_PLACEMENT_3D('',#10611,#8370,#8371);
#6970=AXIS2_PLACEMENT_3D('',#10613,#8373,#8374);
#6971=AXIS2_PLACEMENT_3D('',#10616,#8375,#8376);
#6972=AXIS2_PLACEMENT_3D('',#10620,#8378,#8379);
#6973=AXIS2_PLACEMENT_3D('',#10622,#8381,#8382);
#6974=AXIS2_PLACEMENT_3D('',#10625,#8383,#8384);
#6975=AXIS2_PLACEMENT_3D('',#10629,#8386,#8387);
#6976=AXIS2_PLACEMENT_3D('',#10631,#8389,#8390);
#6977=AXIS2_PLACEMENT_3D('',#10634,#8391,#8392);
#6978=AXIS2_PLACEMENT_3D('',#10638,#8394,#8395);
#6979=AXIS2_PLACEMENT_3D('',#10640,#8397,#8398);
#6980=AXIS2_PLACEMENT_3D('',#10643,#8399,#8400);
#6981=AXIS2_PLACEMENT_3D('',#10647,#8402,#8403);
#6982=AXIS2_PLACEMENT_3D('',#10649,#8405,#8406);
#6983=AXIS2_PLACEMENT_3D('',#10652,#8407,#8408);
#6984=AXIS2_PLACEMENT_3D('',#10656,#8410,#8411);
#6985=AXIS2_PLACEMENT_3D('',#10658,#8413,#8414);
#6986=AXIS2_PLACEMENT_3D('',#10661,#8415,#8416);
#6987=AXIS2_PLACEMENT_3D('',#10665,#8418,#8419);
#6988=AXIS2_PLACEMENT_3D('',#10667,#8421,#8422);
#6989=AXIS2_PLACEMENT_3D('',#10680,#8423,#8424);
#6990=AXIS2_PLACEMENT_3D('',#10693,#8425,#8426);
#6991=AXIS2_PLACEMENT_3D('',#10706,#8427,#8428);
#6992=AXIS2_PLACEMENT_3D('',#10719,#8429,#8430);
#6993=AXIS2_PLACEMENT_3D('',#10726,#8431,#8432);
#6994=AXIS2_PLACEMENT_3D('',#10739,#8433,#8434);
#6995=AXIS2_PLACEMENT_3D('',#10752,#8435,#8436);
#6996=AXIS2_PLACEMENT_3D('',#10765,#8437,#8438);
#6997=AXIS2_PLACEMENT_3D('',#10778,#8439,#8440);
#6998=AXIS2_PLACEMENT_3D('',#10791,#8441,#8442);
#6999=AXIS2_PLACEMENT_3D('',#10804,#8443,#8444);
#7000=AXIS2_PLACEMENT_3D('',#10817,#8445,#8446);
#7001=AXIS2_PLACEMENT_3D('',#10830,#8447,#8448);
#7002=AXIS2_PLACEMENT_3D('',#10843,#8449,#8450);
#7003=AXIS2_PLACEMENT_3D('',#10856,#8451,#8452);
#7004=AXIS2_PLACEMENT_3D('',#10869,#8453,#8454);
#7005=AXIS2_PLACEMENT_3D('',#10882,#8455,#8456);
#7006=AXIS2_PLACEMENT_3D('',#10895,#8457,#8458);
#7007=AXIS2_PLACEMENT_3D('',#10908,#8459,#8460);
#7008=AXIS2_PLACEMENT_3D('',#10921,#8461,#8462);
#7009=AXIS2_PLACEMENT_3D('',#10934,#8463,#8464);
#7010=AXIS2_PLACEMENT_3D('',#10947,#8465,#8466);
#7011=AXIS2_PLACEMENT_3D('',#10960,#8467,#8468);
#7012=AXIS2_PLACEMENT_3D('',#10967,#8469,#8470);
#7013=AXIS2_PLACEMENT_3D('',#10980,#8471,#8472);
#7014=AXIS2_PLACEMENT_3D('',#10993,#8473,#8474);
#7015=AXIS2_PLACEMENT_3D('',#11006,#8475,#8476);
#7016=AXIS2_PLACEMENT_3D('',#11019,#8477,#8478);
#7017=AXIS2_PLACEMENT_3D('',#11032,#8479,#8480);
#7018=AXIS2_PLACEMENT_3D('',#11045,#8481,#8482);
#7019=AXIS2_PLACEMENT_3D('',#11058,#8483,#8484);
#7020=AXIS2_PLACEMENT_3D('',#11071,#8485,#8486);
#7021=AXIS2_PLACEMENT_3D('',#11084,#8487,#8488);
#7022=AXIS2_PLACEMENT_3D('',#11097,#8489,#8490);
#7023=AXIS2_PLACEMENT_3D('',#11110,#8491,#8492);
#7024=AXIS2_PLACEMENT_3D('',#11123,#8493,#8494);
#7025=AXIS2_PLACEMENT_3D('',#11136,#8495,#8496);
#7026=AXIS2_PLACEMENT_3D('',#11149,#8497,#8498);
#7027=AXIS2_PLACEMENT_3D('',#11151,#8499,#8500);
#7028=AXIS2_PLACEMENT_3D('',#11154,#8502,#8503);
#7029=AXIS2_PLACEMENT_3D('',#11155,#8504,#8505);
#7030=AXIS2_PLACEMENT_3D('',#11169,#8507,#8508);
#7031=AXIS2_PLACEMENT_3D('',#11172,#8511,#8512);
#7032=AXIS2_PLACEMENT_3D('',#11174,#8514,#8515);
#7033=AXIS2_PLACEMENT_3D('',#11175,#8516,#8517);
#7034=AXIS2_PLACEMENT_3D('',#11176,#8518,#8519);
#7035=AXIS2_PLACEMENT_3D('',#11177,#8520,#8521);
#7036=AXIS2_PLACEMENT_3D('',#11178,#8522,#8523);
#7037=AXIS2_PLACEMENT_3D('',#11180,#8525,#8526);
#7038=AXIS2_PLACEMENT_3D('',#11182,#8528,#8529);
#7039=AXIS2_PLACEMENT_3D('',#11184,#8531,#8532);
#7040=AXIS2_PLACEMENT_3D('',#11187,#8535,#8536);
#7041=AXIS2_PLACEMENT_3D('',#11189,#8538,#8539);
#7042=AXIS2_PLACEMENT_3D('',#11191,#8541,#8542);
#7043=AXIS2_PLACEMENT_3D('',#11194,#8545,#8546);
#7044=AXIS2_PLACEMENT_3D('',#11196,#8548,#8549);
#7045=AXIS2_PLACEMENT_3D('',#11198,#8551,#8552);
#7046=AXIS2_PLACEMENT_3D('',#11201,#8555,#8556);
#7047=AXIS2_PLACEMENT_3D('',#11203,#8558,#8559);
#7048=AXIS2_PLACEMENT_3D('',#11205,#8561,#8562);
#7049=AXIS2_PLACEMENT_3D('',#11208,#8565,#8566);
#7050=AXIS2_PLACEMENT_3D('',#11210,#8568,#8569);
#7051=AXIS2_PLACEMENT_3D('',#11212,#8571,#8572);
#7052=AXIS2_PLACEMENT_3D('',#11215,#8575,#8576);
#7053=AXIS2_PLACEMENT_3D('',#11217,#8578,#8579);
#7054=AXIS2_PLACEMENT_3D('',#11219,#8581,#8582);
#7055=AXIS2_PLACEMENT_3D('',#11222,#8585,#8586);
#7056=AXIS2_PLACEMENT_3D('',#11224,#8588,#8589);
#7057=AXIS2_PLACEMENT_3D('',#11226,#8591,#8592);
#7058=AXIS2_PLACEMENT_3D('',#11229,#8595,#8596);
#7059=AXIS2_PLACEMENT_3D('',#11231,#8598,#8599);
#7060=AXIS2_PLACEMENT_3D('',#11233,#8601,#8602);
#7061=AXIS2_PLACEMENT_3D('',#11236,#8605,#8606);
#7062=AXIS2_PLACEMENT_3D('',#11238,#8608,#8609);
#7063=AXIS2_PLACEMENT_3D('',#11240,#8611,#8612);
#7064=AXIS2_PLACEMENT_3D('',#11243,#8615,#8616);
#7065=AXIS2_PLACEMENT_3D('',#11245,#8618,#8619);
#7066=AXIS2_PLACEMENT_3D('',#11247,#8621,#8622);
#7067=AXIS2_PLACEMENT_3D('',#11250,#8625,#8626);
#7068=AXIS2_PLACEMENT_3D('',#11252,#8628,#8629);
#7069=AXIS2_PLACEMENT_3D('',#11253,#8630,#8631);
#7070=AXIS2_PLACEMENT_3D('',#11255,#8633,#8634);
#7071=AXIS2_PLACEMENT_3D('',#11257,#8636,#8637);
#7072=AXIS2_PLACEMENT_3D('',#11258,#8638,#8639);
#7073=AXIS2_PLACEMENT_3D('',#11260,#8641,#8642);
#7074=AXIS2_PLACEMENT_3D('',#11262,#8644,#8645);
#7075=AXIS2_PLACEMENT_3D('',#11263,#8646,#8647);
#7076=AXIS2_PLACEMENT_3D('',#11265,#8649,#8650);
#7077=AXIS2_PLACEMENT_3D('',#11267,#8652,#8653);
#7078=AXIS2_PLACEMENT_3D('',#11269,#8655,#8656);
#7079=AXIS2_PLACEMENT_3D('',#11271,#8658,#8659);
#7080=AXIS2_PLACEMENT_3D('',#11272,#8660,#8661);
#7081=AXIS2_PLACEMENT_3D('',#11273,#8662,#8663);
#7082=AXIS2_PLACEMENT_3D('',#11275,#8665,#8666);
#7083=AXIS2_PLACEMENT_3D('',#11277,#8668,#8669);
#7084=AXIS2_PLACEMENT_3D('',#11278,#8670,#8671);
#7085=AXIS2_PLACEMENT_3D('',#11280,#8673,#8674);
#7086=AXIS2_PLACEMENT_3D('',#11282,#8676,#8677);
#7087=AXIS2_PLACEMENT_3D('',#11283,#8678,#8679);
#7088=AXIS2_PLACEMENT_3D('',#11285,#8681,#8682);
#7089=AXIS2_PLACEMENT_3D('',#11287,#8684,#8685);
#7090=AXIS2_PLACEMENT_3D('',#11288,#8686,#8687);
#7091=AXIS2_PLACEMENT_3D('',#11289,#8688,#8689);
#7092=AXIS2_PLACEMENT_3D('',#11290,#8690,#8691);
#7093=AXIS2_PLACEMENT_3D('',#11291,#8692,#8693);
#7094=AXIS2_PLACEMENT_3D('',#11292,#8694,#8695);
#7095=AXIS2_PLACEMENT_3D('',#11293,#8696,#8697);
#7096=AXIS2_PLACEMENT_3D('',#11294,#8698,#8699);
#7097=AXIS2_PLACEMENT_3D('',#11295,#8700,#8701);
#7098=AXIS2_PLACEMENT_3D('',#11296,#8702,#8703);
#7099=AXIS2_PLACEMENT_3D('',#11297,#8704,#8705);
#7100=AXIS2_PLACEMENT_3D('',#11298,#8706,#8707);
#7101=AXIS2_PLACEMENT_3D('',#11299,#8708,#8709);
#7102=AXIS2_PLACEMENT_3D('',#11300,#8710,#8711);
#7103=AXIS2_PLACEMENT_3D('',#11301,#8712,#8713);
#7104=AXIS2_PLACEMENT_3D('',#11302,#8714,#8715);
#7105=AXIS2_PLACEMENT_3D('',#11303,#8716,#8717);
#7106=AXIS2_PLACEMENT_3D('',#11304,#8718,#8719);
#7107=AXIS2_PLACEMENT_3D('',#11305,#8720,#8721);
#7108=AXIS2_PLACEMENT_3D('',#11306,#8722,#8723);
#7109=AXIS2_PLACEMENT_3D('',#11307,#8724,#8725);
#7110=AXIS2_PLACEMENT_3D('',#11308,#8726,#8727);
#7111=AXIS2_PLACEMENT_3D('',#11309,#8728,#8729);
#7112=AXIS2_PLACEMENT_3D('',#11310,#8730,#8731);
#7113=AXIS2_PLACEMENT_3D('',#11311,#8732,#8733);
#7114=AXIS2_PLACEMENT_3D('',#11312,#8734,#8735);
#7115=AXIS2_PLACEMENT_3D('',#11313,#8736,#8737);
#7116=AXIS2_PLACEMENT_3D('',#11314,#8738,#8739);
#7117=AXIS2_PLACEMENT_3D('',#11315,#8740,#8741);
#7118=AXIS2_PLACEMENT_3D('',#11316,#8742,#8743);
#7119=AXIS2_PLACEMENT_3D('',#11318,#8744,#8745);
#7120=AXIS2_PLACEMENT_3D('',#11321,#8747,#8748);
#7121=AXIS2_PLACEMENT_3D('',#11322,#8749,#8750);
#7122=AXIS2_PLACEMENT_3D('',#11324,#8752,#8753);
#7123=AXIS2_PLACEMENT_3D('',#11327,#8754,#8755);
#7124=AXIS2_PLACEMENT_3D('',#11330,#8757,#8758);
#7125=AXIS2_PLACEMENT_3D('',#11332,#8759,#8760);
#7126=AXIS2_PLACEMENT_3D('',#11334,#8761,#8762);
#7127=AXIS2_PLACEMENT_3D('',#11336,#8763,#8764);
#7128=AXIS2_PLACEMENT_3D('',#11338,#8765,#8766);
#7129=AXIS2_PLACEMENT_3D('',#11340,#8767,#8768);
#7130=AXIS2_PLACEMENT_3D('',#11342,#8769,#8770);
#7131=AXIS2_PLACEMENT_3D('',#11344,#8771,#8772);
#7132=AXIS2_PLACEMENT_3D('',#11346,#8773,#8774);
#7133=AXIS2_PLACEMENT_3D('',#11348,#8775,#8776);
#7134=AXIS2_PLACEMENT_3D('',#11350,#8777,#8778);
#7135=AXIS2_PLACEMENT_3D('',#11352,#8779,#8780);
#7136=AXIS2_PLACEMENT_3D('',#11354,#8781,#8782);
#7137=AXIS2_PLACEMENT_3D('',#11356,#8783,#8784);
#7138=AXIS2_PLACEMENT_3D('',#11358,#8785,#8786);
#7139=AXIS2_PLACEMENT_3D('',#11360,#8787,#8788);
#7140=AXIS2_PLACEMENT_3D('',#11362,#8789,#8790);
#7141=AXIS2_PLACEMENT_3D('',#11364,#8791,#8792);
#7142=AXIS2_PLACEMENT_3D('',#11366,#8793,#8794);
#7143=AXIS2_PLACEMENT_3D('',#11368,#8795,#8796);
#7144=AXIS2_PLACEMENT_3D('',#11370,#8797,#8798);
#7145=AXIS2_PLACEMENT_3D('',#11372,#8799,#8800);
#7146=AXIS2_PLACEMENT_3D('',#11374,#8801,#8802);
#7147=AXIS2_PLACEMENT_3D('',#11376,#8803,#8804);
#7148=AXIS2_PLACEMENT_3D('',#11378,#8805,#8806);
#7149=AXIS2_PLACEMENT_3D('',#11380,#8807,#8808);
#7150=AXIS2_PLACEMENT_3D('',#11382,#8809,#8810);
#7151=AXIS2_PLACEMENT_3D('',#11384,#8811,#8812);
#7152=AXIS2_PLACEMENT_3D('',#11386,#8813,#8814);
#7153=AXIS2_PLACEMENT_3D('',#11388,#8815,#8816);
#7154=AXIS2_PLACEMENT_3D('',#11390,#8817,#8818);
#7155=AXIS2_PLACEMENT_3D('',#11392,#8819,#8820);
#7156=AXIS2_PLACEMENT_3D('',#11394,#8821,#8822);
#7157=AXIS2_PLACEMENT_3D('',#11396,#8823,#8824);
#7158=AXIS2_PLACEMENT_3D('',#11398,#8825,#8826);
#7159=AXIS2_PLACEMENT_3D('',#11400,#8827,#8828);
#7160=AXIS2_PLACEMENT_3D('',#11402,#8829,#8830);
#7161=AXIS2_PLACEMENT_3D('',#11404,#8831,#8832);
#7162=AXIS2_PLACEMENT_3D('',#11406,#8833,#8834);
#7163=AXIS2_PLACEMENT_3D('',#11408,#8835,#8836);
#7164=AXIS2_PLACEMENT_3D('',#11409,#8837,#8838);
#7165=AXIS2_PLACEMENT_3D('',#11410,#8839,#8840);
#7166=AXIS2_PLACEMENT_3D('',#11412,#8841,#8842);
#7167=AXIS2_PLACEMENT_3D('',#11414,#8843,#8844);
#7168=AXIS2_PLACEMENT_3D('',#11416,#8845,#8846);
#7169=AXIS2_PLACEMENT_3D('',#11418,#8847,#8848);
#7170=AXIS2_PLACEMENT_3D('',#11419,#8849,#8850);
#7171=AXIS2_PLACEMENT_3D('',#11420,#8851,#8852);
#7172=AXIS2_PLACEMENT_3D('',#11422,#8853,#8854);
#7173=AXIS2_PLACEMENT_3D('',#11424,#8855,#8856);
#7174=AXIS2_PLACEMENT_3D('',#11426,#8857,#8858);
#7175=AXIS2_PLACEMENT_3D('',#11428,#8859,#8860);
#7176=AXIS2_PLACEMENT_3D('',#11429,#8861,#8862);
#7177=AXIS2_PLACEMENT_3D('',#11430,#8863,#8864);
#7178=AXIS2_PLACEMENT_3D('',#11432,#8865,#8866);
#7179=AXIS2_PLACEMENT_3D('',#11434,#8867,#8868);
#7180=AXIS2_PLACEMENT_3D('',#11436,#8869,#8870);
#7181=AXIS2_PLACEMENT_3D('',#11438,#8871,#8872);
#7182=AXIS2_PLACEMENT_3D('',#11439,#8873,#8874);
#7183=AXIS2_PLACEMENT_3D('',#11440,#8875,#8876);
#7184=AXIS2_PLACEMENT_3D('',#11442,#8877,#8878);
#7185=AXIS2_PLACEMENT_3D('',#11444,#8879,#8880);
#7186=AXIS2_PLACEMENT_3D('',#11446,#8881,#8882);
#7187=AXIS2_PLACEMENT_3D('',#11448,#8883,#8884);
#7188=AXIS2_PLACEMENT_3D('',#11449,#8885,#8886);
#7189=AXIS2_PLACEMENT_3D('',#11450,#8887,#8888);
#7190=AXIS2_PLACEMENT_3D('',#11452,#8889,#8890);
#7191=AXIS2_PLACEMENT_3D('',#11454,#8891,#8892);
#7192=AXIS2_PLACEMENT_3D('',#11456,#8893,#8894);
#7193=AXIS2_PLACEMENT_3D('',#11458,#8895,#8896);
#7194=AXIS2_PLACEMENT_3D('',#11459,#8897,#8898);
#7195=AXIS2_PLACEMENT_3D('',#11460,#8899,#8900);
#7196=AXIS2_PLACEMENT_3D('',#11462,#8901,#8902);
#7197=AXIS2_PLACEMENT_3D('',#11464,#8903,#8904);
#7198=AXIS2_PLACEMENT_3D('',#11466,#8905,#8906);
#7199=AXIS2_PLACEMENT_3D('',#11468,#8907,#8908);
#7200=AXIS2_PLACEMENT_3D('',#11469,#8909,#8910);
#7201=AXIS2_PLACEMENT_3D('',#11470,#8911,#8912);
#7202=AXIS2_PLACEMENT_3D('',#11472,#8913,#8914);
#7203=AXIS2_PLACEMENT_3D('',#11474,#8915,#8916);
#7204=AXIS2_PLACEMENT_3D('',#11476,#8917,#8918);
#7205=AXIS2_PLACEMENT_3D('',#11478,#8919,#8920);
#7206=AXIS2_PLACEMENT_3D('',#11479,#8921,#8922);
#7207=AXIS2_PLACEMENT_3D('',#11480,#8923,#8924);
#7208=AXIS2_PLACEMENT_3D('',#11482,#8925,#8926);
#7209=AXIS2_PLACEMENT_3D('',#11484,#8927,#8928);
#7210=AXIS2_PLACEMENT_3D('',#11486,#8929,#8930);
#7211=AXIS2_PLACEMENT_3D('',#11488,#8931,#8932);
#7212=AXIS2_PLACEMENT_3D('',#11489,#8933,#8934);
#7213=AXIS2_PLACEMENT_3D('',#11490,#8935,#8936);
#7214=AXIS2_PLACEMENT_3D('',#11492,#8937,#8938);
#7215=AXIS2_PLACEMENT_3D('',#11494,#8939,#8940);
#7216=AXIS2_PLACEMENT_3D('',#11496,#8941,#8942);
#7217=AXIS2_PLACEMENT_3D('',#11498,#8943,#8944);
#7218=AXIS2_PLACEMENT_3D('',#11499,#8945,#8946);
#7219=AXIS2_PLACEMENT_3D('',#11500,#8947,#8948);
#7220=AXIS2_PLACEMENT_3D('',#11502,#8949,#8950);
#7221=AXIS2_PLACEMENT_3D('',#11504,#8951,#8952);
#7222=AXIS2_PLACEMENT_3D('',#11506,#8953,#8954);
#7223=AXIS2_PLACEMENT_3D('',#11508,#8955,#8956);
#7224=AXIS2_PLACEMENT_3D('',#11509,#8957,#8958);
#7225=AXIS2_PLACEMENT_3D('',#11510,#8959,#8960);
#7226=AXIS2_PLACEMENT_3D('',#11512,#8961,#8962);
#7227=AXIS2_PLACEMENT_3D('',#11514,#8963,#8964);
#7228=AXIS2_PLACEMENT_3D('',#11516,#8965,#8966);
#7229=AXIS2_PLACEMENT_3D('',#11518,#8967,#8968);
#7230=AXIS2_PLACEMENT_3D('',#11519,#8969,#8970);
#7231=AXIS2_PLACEMENT_3D('',#11520,#8971,#8972);
#7232=AXIS2_PLACEMENT_3D('',#11522,#8973,#8974);
#7233=AXIS2_PLACEMENT_3D('',#11524,#8975,#8976);
#7234=AXIS2_PLACEMENT_3D('',#11526,#8977,#8978);
#7235=AXIS2_PLACEMENT_3D('',#11528,#8979,#8980);
#7236=AXIS2_PLACEMENT_3D('',#11529,#8981,#8982);
#7237=AXIS2_PLACEMENT_3D('',#11530,#8983,#8984);
#7238=AXIS2_PLACEMENT_3D('',#11532,#8985,#8986);
#7239=AXIS2_PLACEMENT_3D('',#11534,#8987,#8988);
#7240=AXIS2_PLACEMENT_3D('',#11536,#8989,#8990);
#7241=AXIS2_PLACEMENT_3D('',#11538,#8991,#8992);
#7242=AXIS2_PLACEMENT_3D('',#11539,#8993,#8994);
#7243=AXIS2_PLACEMENT_3D('',#11540,#8995,#8996);
#7244=AXIS2_PLACEMENT_3D('',#11542,#8997,#8998);
#7245=AXIS2_PLACEMENT_3D('',#11544,#8999,#9000);
#7246=AXIS2_PLACEMENT_3D('',#11546,#9001,#9002);
#7247=AXIS2_PLACEMENT_3D('',#11548,#9003,#9004);
#7248=AXIS2_PLACEMENT_3D('',#11549,#9005,#9006);
#7249=AXIS2_PLACEMENT_3D('',#11550,#9007,#9008);
#7250=AXIS2_PLACEMENT_3D('',#11552,#9009,#9010);
#7251=AXIS2_PLACEMENT_3D('',#11554,#9011,#9012);
#7252=AXIS2_PLACEMENT_3D('',#11556,#9013,#9014);
#7253=AXIS2_PLACEMENT_3D('',#11558,#9015,#9016);
#7254=AXIS2_PLACEMENT_3D('',#11559,#9017,#9018);
#7255=AXIS2_PLACEMENT_3D('',#11560,#9019,#9020);
#7256=AXIS2_PLACEMENT_3D('',#11562,#9021,#9022);
#7257=AXIS2_PLACEMENT_3D('',#11564,#9023,#9024);
#7258=AXIS2_PLACEMENT_3D('',#11566,#9025,#9026);
#7259=AXIS2_PLACEMENT_3D('',#11568,#9027,#9028);
#7260=AXIS2_PLACEMENT_3D('',#11569,#9029,#9030);
#7261=AXIS2_PLACEMENT_3D('',#11570,#9031,#9032);
#7262=AXIS2_PLACEMENT_3D('',#11572,#9033,#9034);
#7263=AXIS2_PLACEMENT_3D('',#11574,#9035,#9036);
#7264=AXIS2_PLACEMENT_3D('',#11576,#9037,#9038);
#7265=AXIS2_PLACEMENT_3D('',#11578,#9039,#9040);
#7266=AXIS2_PLACEMENT_3D('',#11579,#9041,#9042);
#7267=AXIS2_PLACEMENT_3D('',#11580,#9043,#9044);
#7268=AXIS2_PLACEMENT_3D('',#11582,#9045,#9046);
#7269=AXIS2_PLACEMENT_3D('',#11584,#9047,#9048);
#7270=AXIS2_PLACEMENT_3D('',#11586,#9049,#9050);
#7271=AXIS2_PLACEMENT_3D('',#11588,#9051,#9052);
#7272=AXIS2_PLACEMENT_3D('',#11589,#9053,#9054);
#7273=AXIS2_PLACEMENT_3D('',#11590,#9055,#9056);
#7274=AXIS2_PLACEMENT_3D('',#11592,#9057,#9058);
#7275=AXIS2_PLACEMENT_3D('',#11594,#9059,#9060);
#7276=AXIS2_PLACEMENT_3D('',#11596,#9061,#9062);
#7277=AXIS2_PLACEMENT_3D('',#11598,#9063,#9064);
#7278=AXIS2_PLACEMENT_3D('',#11599,#9065,#9066);
#7279=AXIS2_PLACEMENT_3D('',#11600,#9067,#9068);
#7280=AXIS2_PLACEMENT_3D('',#11602,#9070,#9071);
#7281=AXIS2_PLACEMENT_3D('',#11604,#9072,#9073);
#7282=AXIS2_PLACEMENT_3D('',#11607,#9075,#9076);
#7283=AXIS2_PLACEMENT_3D('',#11608,#9077,#9078);
#7284=AXIS2_PLACEMENT_3D('',#11609,#9079,#9080);
#7285=AXIS2_PLACEMENT_3D('',#11611,#9081,#9082);
#7286=AXIS2_PLACEMENT_3D('',#11614,#9084,#9085);
#7287=AXIS2_PLACEMENT_3D('',#11615,#9086,#9087);
#7288=AXIS2_PLACEMENT_3D('',#11616,#9088,#9089);
#7289=AXIS2_PLACEMENT_3D('',#11618,#9090,#9091);
#7290=AXIS2_PLACEMENT_3D('',#11621,#9093,#9094);
#7291=AXIS2_PLACEMENT_3D('',#11622,#9095,#9096);
#7292=AXIS2_PLACEMENT_3D('',#11623,#9097,#9098);
#7293=AXIS2_PLACEMENT_3D('',#11625,#9099,#9100);
#7294=AXIS2_PLACEMENT_3D('',#11628,#9102,#9103);
#7295=AXIS2_PLACEMENT_3D('',#11629,#9104,#9105);
#7296=AXIS2_PLACEMENT_3D('',#11630,#9106,#9107);
#7297=AXIS2_PLACEMENT_3D('',#11632,#9108,#9109);
#7298=AXIS2_PLACEMENT_3D('',#11635,#9111,#9112);
#7299=AXIS2_PLACEMENT_3D('',#11636,#9113,#9114);
#7300=AXIS2_PLACEMENT_3D('',#11637,#9115,#9116);
#7301=AXIS2_PLACEMENT_3D('',#11640,#9117,#9118);
#7302=AXIS2_PLACEMENT_3D('',#11643,#9121,#9122);
#7303=AXIS2_PLACEMENT_3D('',#11646,#9123,#9124);
#7304=AXIS2_PLACEMENT_3D('',#11649,#9127,#9128);
#7305=AXIS2_PLACEMENT_3D('',#11652,#9129,#9130);
#7306=AXIS2_PLACEMENT_3D('',#11655,#9133,#9134);
#7307=AXIS2_PLACEMENT_3D('',#11658,#9135,#9136);
#7308=AXIS2_PLACEMENT_3D('',#11661,#9139,#9140);
#7309=AXIS2_PLACEMENT_3D('',#11664,#9141,#9142);
#7310=AXIS2_PLACEMENT_3D('',#11667,#9145,#9146);
#7311=AXIS2_PLACEMENT_3D('',#11670,#9147,#9148);
#7312=AXIS2_PLACEMENT_3D('',#11673,#9150,#9151);
#7313=AXIS2_PLACEMENT_3D('',#11675,#9153,#9154);
#7314=AXIS2_PLACEMENT_3D('',#11678,#9155,#9156);
#7315=AXIS2_PLACEMENT_3D('',#11681,#9159,#9160);
#7316=AXIS2_PLACEMENT_3D('',#11684,#9161,#9162);
#7317=AXIS2_PLACEMENT_3D('',#11687,#9165,#9166);
#7318=AXIS2_PLACEMENT_3D('',#11690,#9167,#9168);
#7319=AXIS2_PLACEMENT_3D('',#11693,#9171,#9172);
#7320=AXIS2_PLACEMENT_3D('',#11696,#9173,#9174);
#7321=AXIS2_PLACEMENT_3D('',#11699,#9177,#9178);
#7322=AXIS2_PLACEMENT_3D('',#11700,#9179,#9180);
#7323=AXIS2_PLACEMENT_3D('',#11701,#9181,#9182);
#7324=AXIS2_PLACEMENT_3D('',#11703,#9183,#9184);
#7325=AXIS2_PLACEMENT_3D('',#11719,#9186,#9187);
#7326=AXIS2_PLACEMENT_3D('',#11736,#9189,#9190);
#7327=AXIS2_PLACEMENT_3D('',#11737,#9191,#9192);
#7328=AXIS2_PLACEMENT_3D('',#11740,#9193,#9194);
#7329=AXIS2_PLACEMENT_3D('',#11742,#9195,#9196);
#7330=AXIS2_PLACEMENT_3D('',#11743,#9197,#9198);
#7331=AXIS2_PLACEMENT_3D('',#11745,#9199,#9200);
#7332=AXIS2_PLACEMENT_3D('',#11747,#9201,#9202);
#7333=AXIS2_PLACEMENT_3D('',#11749,#9203,#9204);
#7334=AXIS2_PLACEMENT_3D('',#11751,#9205,#9206);
#7335=AXIS2_PLACEMENT_3D('',#11752,#9207,#9208);
#7336=AXIS2_PLACEMENT_3D('',#11754,#9209,#9210);
#7337=AXIS2_PLACEMENT_3D('',#11756,#9211,#9212);
#7338=AXIS2_PLACEMENT_3D('',#11758,#9213,#9214);
#7339=AXIS2_PLACEMENT_3D('',#11760,#9215,#9216);
#7340=AXIS2_PLACEMENT_3D('',#11761,#9217,#9218);
#7341=AXIS2_PLACEMENT_3D('',#11763,#9219,#9220);
#7342=AXIS2_PLACEMENT_3D('',#11765,#9221,#9222);
#7343=AXIS2_PLACEMENT_3D('',#11767,#9223,#9224);
#7344=AXIS2_PLACEMENT_3D('',#11769,#9225,#9226);
#7345=AXIS2_PLACEMENT_3D('',#11771,#9227,#9228);
#7346=AXIS2_PLACEMENT_3D('',#11773,#9229,#9230);
#7347=AXIS2_PLACEMENT_3D('',#11775,#9231,#9232);
#7348=AXIS2_PLACEMENT_3D('',#11777,#9233,#9234);
#7349=AXIS2_PLACEMENT_3D('',#11779,#9235,#9236);
#7350=AXIS2_PLACEMENT_3D('',#11781,#9237,#9238);
#7351=AXIS2_PLACEMENT_3D('',#11783,#9239,#9240);
#7352=AXIS2_PLACEMENT_3D('',#11785,#9241,#9242);
#7353=AXIS2_PLACEMENT_3D('',#11787,#9243,#9244);
#7354=AXIS2_PLACEMENT_3D('',#11789,#9245,#9246);
#7355=AXIS2_PLACEMENT_3D('',#11791,#9247,#9248);
#7356=AXIS2_PLACEMENT_3D('',#11793,#9249,#9250);
#7357=AXIS2_PLACEMENT_3D('',#11795,#9251,#9252);
#7358=AXIS2_PLACEMENT_3D('',#11797,#9253,#9254);
#7359=AXIS2_PLACEMENT_3D('',#11799,#9255,#9256);
#7360=AXIS2_PLACEMENT_3D('',#11801,#9257,#9258);
#7361=AXIS2_PLACEMENT_3D('',#11803,#9259,#9260);
#7362=AXIS2_PLACEMENT_3D('',#11805,#9261,#9262);
#7363=AXIS2_PLACEMENT_3D('',#11807,#9263,#9264);
#7364=AXIS2_PLACEMENT_3D('',#11809,#9265,#9266);
#7365=AXIS2_PLACEMENT_3D('',#11811,#9267,#9268);
#7366=AXIS2_PLACEMENT_3D('',#11813,#9269,#9270);
#7367=AXIS2_PLACEMENT_3D('',#11815,#9271,#9272);
#7368=AXIS2_PLACEMENT_3D('',#11817,#9273,#9274);
#7369=AXIS2_PLACEMENT_3D('',#11819,#9275,#9276);
#7370=AXIS2_PLACEMENT_3D('',#11821,#9277,#9278);
#7371=AXIS2_PLACEMENT_3D('',#11823,#9279,#9280);
#7372=AXIS2_PLACEMENT_3D('',#11825,#9281,#9282);
#7373=AXIS2_PLACEMENT_3D('',#11827,#9283,#9284);
#7374=AXIS2_PLACEMENT_3D('',#11829,#9285,#9286);
#7375=AXIS2_PLACEMENT_3D('',#11831,#9287,#9288);
#7376=AXIS2_PLACEMENT_3D('',#11833,#9289,#9290);
#7377=AXIS2_PLACEMENT_3D('',#11835,#9291,#9292);
#7378=AXIS2_PLACEMENT_3D('',#11837,#9293,#9294);
#7379=AXIS2_PLACEMENT_3D('',#11839,#9295,#9296);
#7380=AXIS2_PLACEMENT_3D('',#11841,#9297,#9298);
#7381=AXIS2_PLACEMENT_3D('',#11843,#9299,#9300);
#7382=AXIS2_PLACEMENT_3D('',#11845,#9301,#9302);
#7383=AXIS2_PLACEMENT_3D('',#11847,#9303,#9304);
#7384=AXIS2_PLACEMENT_3D('',#11849,#9305,#9306);
#7385=AXIS2_PLACEMENT_3D('',#11851,#9307,#9308);
#7386=AXIS2_PLACEMENT_3D('',#11853,#9309,#9310);
#7387=AXIS2_PLACEMENT_3D('',#11855,#9311,#9312);
#7388=AXIS2_PLACEMENT_3D('',#11857,#9313,#9314);
#7389=AXIS2_PLACEMENT_3D('',#11859,#9315,#9316);
#7390=AXIS2_PLACEMENT_3D('',#11861,#9317,#9318);
#7391=AXIS2_PLACEMENT_3D('',#11863,#9319,#9320);
#7392=AXIS2_PLACEMENT_3D('',#11865,#9321,#9322);
#7393=AXIS2_PLACEMENT_3D('',#11867,#9323,#9324);
#7394=AXIS2_PLACEMENT_3D('',#11869,#9325,#9326);
#7395=AXIS2_PLACEMENT_3D('',#11871,#9327,#9328);
#7396=AXIS2_PLACEMENT_3D('',#11873,#9329,#9330);
#7397=AXIS2_PLACEMENT_3D('',#11875,#9331,#9332);
#7398=AXIS2_PLACEMENT_3D('',#11877,#9333,#9334);
#7399=AXIS2_PLACEMENT_3D('',#11879,#9335,#9336);
#7400=AXIS2_PLACEMENT_3D('',#11881,#9337,#9338);
#7401=AXIS2_PLACEMENT_3D('',#11883,#9339,#9340);
#7402=AXIS2_PLACEMENT_3D('',#11885,#9341,#9342);
#7403=AXIS2_PLACEMENT_3D('',#11887,#9343,#9344);
#7404=AXIS2_PLACEMENT_3D('',#11889,#9345,#9346);
#7405=AXIS2_PLACEMENT_3D('',#11891,#9347,#9348);
#7406=AXIS2_PLACEMENT_3D('',#11893,#9349,#9350);
#7407=AXIS2_PLACEMENT_3D('',#11894,#9351,#9352);
#7408=AXIS2_PLACEMENT_3D('',#11896,#9353,#9354);
#7409=AXIS2_PLACEMENT_3D('',#11898,#9355,#9356);
#7410=AXIS2_PLACEMENT_3D('',#11900,#9357,#9358);
#7411=AXIS2_PLACEMENT_3D('',#11902,#9359,#9360);
#7412=AXIS2_PLACEMENT_3D('',#11903,#9361,#9362);
#7413=AXIS2_PLACEMENT_3D('',#11905,#9363,#9364);
#7414=AXIS2_PLACEMENT_3D('',#11907,#9365,#9366);
#7415=AXIS2_PLACEMENT_3D('',#11909,#9367,#9368);
#7416=AXIS2_PLACEMENT_3D('',#11911,#9369,#9370);
#7417=AXIS2_PLACEMENT_3D('',#11912,#9371,#9372);
#7418=AXIS2_PLACEMENT_3D('',#11914,#9373,#9374);
#7419=AXIS2_PLACEMENT_3D('',#11916,#9375,#9376);
#7420=AXIS2_PLACEMENT_3D('',#11918,#9377,#9378);
#7421=AXIS2_PLACEMENT_3D('',#11920,#9379,#9380);
#7422=AXIS2_PLACEMENT_3D('',#11921,#9381,#9382);
#7423=AXIS2_PLACEMENT_3D('',#11923,#9383,#9384);
#7424=AXIS2_PLACEMENT_3D('',#11925,#9385,#9386);
#7425=AXIS2_PLACEMENT_3D('',#11927,#9387,#9388);
#7426=AXIS2_PLACEMENT_3D('',#11929,#9389,#9390);
#7427=AXIS2_PLACEMENT_3D('',#11930,#9391,#9392);
#7428=AXIS2_PLACEMENT_3D('',#11932,#9393,#9394);
#7429=AXIS2_PLACEMENT_3D('',#11934,#9395,#9396);
#7430=AXIS2_PLACEMENT_3D('',#11936,#9397,#9398);
#7431=AXIS2_PLACEMENT_3D('',#11938,#9399,#9400);
#7432=AXIS2_PLACEMENT_3D('',#11939,#9401,#9402);
#7433=AXIS2_PLACEMENT_3D('',#11941,#9403,#9404);
#7434=AXIS2_PLACEMENT_3D('',#11942,#9405,#9406);
#7435=AXIS2_PLACEMENT_3D('',#11943,#9407,#9408);
#7436=AXIS2_PLACEMENT_3D('',#11945,#9409,#9410);
#7437=AXIS2_PLACEMENT_3D('',#11947,#9411,#9412);
#7438=AXIS2_PLACEMENT_3D('',#11949,#9413,#9414);
#7439=AXIS2_PLACEMENT_3D('',#11950,#9415,#9416);
#7440=AXIS2_PLACEMENT_3D('',#11951,#9417,#9418);
#7441=AXIS2_PLACEMENT_3D('',#11954,#9419,#9420);
#7442=AXIS2_PLACEMENT_3D('',#11958,#9422,#9423);
#7443=AXIS2_PLACEMENT_3D('',#11960,#9425,#9426);
#7444=AXIS2_PLACEMENT_3D('',#11963,#9427,#9428);
#7445=AXIS2_PLACEMENT_3D('',#11967,#9430,#9431);
#7446=AXIS2_PLACEMENT_3D('',#11969,#9433,#9434);
#7447=AXIS2_PLACEMENT_3D('',#11972,#9435,#9436);
#7448=AXIS2_PLACEMENT_3D('',#11976,#9438,#9439);
#7449=AXIS2_PLACEMENT_3D('',#11978,#9441,#9442);
#7450=AXIS2_PLACEMENT_3D('',#11981,#9443,#9444);
#7451=AXIS2_PLACEMENT_3D('',#11985,#9446,#9447);
#7452=AXIS2_PLACEMENT_3D('',#11987,#9449,#9450);
#7453=AXIS2_PLACEMENT_3D('',#11989,#9451,#9452);
#7454=AXIS2_PLACEMENT_3D('',#11991,#9453,#9454);
#7455=AXIS2_PLACEMENT_3D('',#11993,#9456,#9457);
#7456=AXIS2_PLACEMENT_3D('',#11996,#9458,#9459);
#7457=AXIS2_PLACEMENT_3D('',#12000,#9461,#9462);
#7458=AXIS2_PLACEMENT_3D('',#12002,#9464,#9465);
#7459=AXIS2_PLACEMENT_3D('',#12005,#9466,#9467);
#7460=AXIS2_PLACEMENT_3D('',#12009,#9469,#9470);
#7461=AXIS2_PLACEMENT_3D('',#12011,#9472,#9473);
#7462=AXIS2_PLACEMENT_3D('',#12014,#9474,#9475);
#7463=AXIS2_PLACEMENT_3D('',#12018,#9477,#9478);
#7464=AXIS2_PLACEMENT_3D('',#12020,#9480,#9481);
#7465=AXIS2_PLACEMENT_3D('',#12023,#9482,#9483);
#7466=AXIS2_PLACEMENT_3D('',#12027,#9485,#9486);
#7467=AXIS2_PLACEMENT_3D('',#12029,#9488,#9489);
#7468=AXIS2_PLACEMENT_3D('',#12032,#9490,#9491);
#7469=AXIS2_PLACEMENT_3D('',#12036,#9493,#9494);
#7470=AXIS2_PLACEMENT_3D('',#12038,#9496,#9497);
#7471=AXIS2_PLACEMENT_3D('',#12041,#9498,#9499);
#7472=AXIS2_PLACEMENT_3D('',#12045,#9501,#9502);
#7473=AXIS2_PLACEMENT_3D('',#12047,#9504,#9505);
#7474=AXIS2_PLACEMENT_3D('',#12050,#9506,#9507);
#7475=AXIS2_PLACEMENT_3D('',#12054,#9509,#9510);
#7476=AXIS2_PLACEMENT_3D('',#12056,#9512,#9513);
#7477=AXIS2_PLACEMENT_3D('',#12059,#9514,#9515);
#7478=AXIS2_PLACEMENT_3D('',#12063,#9517,#9518);
#7479=AXIS2_PLACEMENT_3D('',#12065,#9520,#9521);
#7480=AXIS2_PLACEMENT_3D('',#12068,#9522,#9523);
#7481=AXIS2_PLACEMENT_3D('',#12072,#9525,#9526);
#7482=AXIS2_PLACEMENT_3D('',#12074,#9528,#9529);
#7483=AXIS2_PLACEMENT_3D('',#12077,#9530,#9531);
#7484=AXIS2_PLACEMENT_3D('',#12081,#9533,#9534);
#7485=AXIS2_PLACEMENT_3D('',#12083,#9536,#9537);
#7486=AXIS2_PLACEMENT_3D('',#12086,#9538,#9539);
#7487=AXIS2_PLACEMENT_3D('',#12090,#9541,#9542);
#7488=AXIS2_PLACEMENT_3D('',#12092,#9544,#9545);
#7489=AXIS2_PLACEMENT_3D('',#12095,#9546,#9547);
#7490=AXIS2_PLACEMENT_3D('',#12099,#9549,#9550);
#7491=AXIS2_PLACEMENT_3D('',#12101,#9552,#9553);
#7492=AXIS2_PLACEMENT_3D('',#12104,#9554,#9555);
#7493=AXIS2_PLACEMENT_3D('',#12108,#9557,#9558);
#7494=AXIS2_PLACEMENT_3D('',#12110,#9560,#9561);
#7495=AXIS2_PLACEMENT_3D('',#12113,#9562,#9563);
#7496=AXIS2_PLACEMENT_3D('',#12117,#9565,#9566);
#7497=AXIS2_PLACEMENT_3D('',#12119,#9568,#9569);
#7498=AXIS2_PLACEMENT_3D('',#12132,#9570,#9571);
#7499=AXIS2_PLACEMENT_3D('',#12145,#9572,#9573);
#7500=AXIS2_PLACEMENT_3D('',#12158,#9574,#9575);
#7501=AXIS2_PLACEMENT_3D('',#12171,#9576,#9577);
#7502=AXIS2_PLACEMENT_3D('',#12178,#9578,#9579);
#7503=AXIS2_PLACEMENT_3D('',#12191,#9580,#9581);
#7504=AXIS2_PLACEMENT_3D('',#12204,#9582,#9583);
#7505=AXIS2_PLACEMENT_3D('',#12217,#9584,#9585);
#7506=AXIS2_PLACEMENT_3D('',#12230,#9586,#9587);
#7507=AXIS2_PLACEMENT_3D('',#12243,#9588,#9589);
#7508=AXIS2_PLACEMENT_3D('',#12256,#9590,#9591);
#7509=AXIS2_PLACEMENT_3D('',#12269,#9592,#9593);
#7510=AXIS2_PLACEMENT_3D('',#12282,#9594,#9595);
#7511=AXIS2_PLACEMENT_3D('',#12295,#9596,#9597);
#7512=AXIS2_PLACEMENT_3D('',#12308,#9598,#9599);
#7513=AXIS2_PLACEMENT_3D('',#12321,#9600,#9601);
#7514=AXIS2_PLACEMENT_3D('',#12334,#9602,#9603);
#7515=AXIS2_PLACEMENT_3D('',#12347,#9604,#9605);
#7516=AXIS2_PLACEMENT_3D('',#12360,#9606,#9607);
#7517=AXIS2_PLACEMENT_3D('',#12373,#9608,#9609);
#7518=AXIS2_PLACEMENT_3D('',#12386,#9610,#9611);
#7519=AXIS2_PLACEMENT_3D('',#12399,#9612,#9613);
#7520=AXIS2_PLACEMENT_3D('',#12412,#9614,#9615);
#7521=AXIS2_PLACEMENT_3D('',#12419,#9616,#9617);
#7522=AXIS2_PLACEMENT_3D('',#12432,#9618,#9619);
#7523=AXIS2_PLACEMENT_3D('',#12445,#9620,#9621);
#7524=AXIS2_PLACEMENT_3D('',#12458,#9622,#9623);
#7525=AXIS2_PLACEMENT_3D('',#12471,#9624,#9625);
#7526=AXIS2_PLACEMENT_3D('',#12484,#9626,#9627);
#7527=AXIS2_PLACEMENT_3D('',#12497,#9628,#9629);
#7528=AXIS2_PLACEMENT_3D('',#12510,#9630,#9631);
#7529=AXIS2_PLACEMENT_3D('',#12523,#9632,#9633);
#7530=AXIS2_PLACEMENT_3D('',#12536,#9634,#9635);
#7531=AXIS2_PLACEMENT_3D('',#12549,#9636,#9637);
#7532=AXIS2_PLACEMENT_3D('',#12562,#9638,#9639);
#7533=AXIS2_PLACEMENT_3D('',#12575,#9640,#9641);
#7534=AXIS2_PLACEMENT_3D('',#12588,#9642,#9643);
#7535=AXIS2_PLACEMENT_3D('',#12601,#9644,#9645);
#7536=AXIS2_PLACEMENT_3D('',#12603,#9646,#9647);
#7537=AXIS2_PLACEMENT_3D('',#12605,#9648,#9649);
#7538=AXIS2_PLACEMENT_3D('',#12607,#9651,#9652);
#7539=AXIS2_PLACEMENT_3D('',#12621,#9654,#9655);
#7540=AXIS2_PLACEMENT_3D('',#12624,#9658,#9659);
#7541=AXIS2_PLACEMENT_3D('',#12626,#9661,#9662);
#7542=AXIS2_PLACEMENT_3D('',#12627,#9663,#9664);
#7543=AXIS2_PLACEMENT_3D('',#12628,#9665,#9666);
#7544=AXIS2_PLACEMENT_3D('',#12629,#9667,#9668);
#7545=AXIS2_PLACEMENT_3D('',#12630,#9669,#9670);
#7546=AXIS2_PLACEMENT_3D('',#12632,#9672,#9673);
#7547=AXIS2_PLACEMENT_3D('',#12634,#9675,#9676);
#7548=AXIS2_PLACEMENT_3D('',#12636,#9678,#9679);
#7549=AXIS2_PLACEMENT_3D('',#12639,#9682,#9683);
#7550=AXIS2_PLACEMENT_3D('',#12641,#9685,#9686);
#7551=AXIS2_PLACEMENT_3D('',#12643,#9688,#9689);
#7552=AXIS2_PLACEMENT_3D('',#12646,#9692,#9693);
#7553=AXIS2_PLACEMENT_3D('',#12648,#9695,#9696);
#7554=AXIS2_PLACEMENT_3D('',#12650,#9698,#9699);
#7555=AXIS2_PLACEMENT_3D('',#12653,#9702,#9703);
#7556=AXIS2_PLACEMENT_3D('',#12655,#9705,#9706);
#7557=AXIS2_PLACEMENT_3D('',#12657,#9708,#9709);
#7558=AXIS2_PLACEMENT_3D('',#12660,#9712,#9713);
#7559=AXIS2_PLACEMENT_3D('',#12662,#9715,#9716);
#7560=AXIS2_PLACEMENT_3D('',#12664,#9718,#9719);
#7561=AXIS2_PLACEMENT_3D('',#12667,#9722,#9723);
#7562=AXIS2_PLACEMENT_3D('',#12669,#9725,#9726);
#7563=AXIS2_PLACEMENT_3D('',#12671,#9728,#9729);
#7564=AXIS2_PLACEMENT_3D('',#12674,#9732,#9733);
#7565=AXIS2_PLACEMENT_3D('',#12676,#9735,#9736);
#7566=AXIS2_PLACEMENT_3D('',#12678,#9738,#9739);
#7567=AXIS2_PLACEMENT_3D('',#12681,#9742,#9743);
#7568=AXIS2_PLACEMENT_3D('',#12683,#9745,#9746);
#7569=AXIS2_PLACEMENT_3D('',#12685,#9748,#9749);
#7570=AXIS2_PLACEMENT_3D('',#12688,#9752,#9753);
#7571=AXIS2_PLACEMENT_3D('',#12690,#9755,#9756);
#7572=AXIS2_PLACEMENT_3D('',#12692,#9758,#9759);
#7573=AXIS2_PLACEMENT_3D('',#12695,#9762,#9763);
#7574=AXIS2_PLACEMENT_3D('',#12697,#9765,#9766);
#7575=AXIS2_PLACEMENT_3D('',#12699,#9768,#9769);
#7576=AXIS2_PLACEMENT_3D('',#12702,#9772,#9773);
#7577=AXIS2_PLACEMENT_3D('',#12704,#9775,#9776);
#7578=AXIS2_PLACEMENT_3D('',#12705,#9777,#9778);
#7579=AXIS2_PLACEMENT_3D('',#12707,#9780,#9781);
#7580=AXIS2_PLACEMENT_3D('',#12709,#9783,#9784);
#7581=AXIS2_PLACEMENT_3D('',#12710,#9785,#9786);
#7582=AXIS2_PLACEMENT_3D('',#12712,#9788,#9789);
#7583=AXIS2_PLACEMENT_3D('',#12714,#9791,#9792);
#7584=AXIS2_PLACEMENT_3D('',#12715,#9793,#9794);
#7585=AXIS2_PLACEMENT_3D('',#12717,#9796,#9797);
#7586=AXIS2_PLACEMENT_3D('',#12719,#9799,#9800);
#7587=AXIS2_PLACEMENT_3D('',#12721,#9802,#9803);
#7588=AXIS2_PLACEMENT_3D('',#12723,#9805,#9806);
#7589=AXIS2_PLACEMENT_3D('',#12724,#9807,#9808);
#7590=AXIS2_PLACEMENT_3D('',#12725,#9809,#9810);
#7591=AXIS2_PLACEMENT_3D('',#12727,#9812,#9813);
#7592=AXIS2_PLACEMENT_3D('',#12729,#9815,#9816);
#7593=AXIS2_PLACEMENT_3D('',#12730,#9817,#9818);
#7594=AXIS2_PLACEMENT_3D('',#12732,#9820,#9821);
#7595=AXIS2_PLACEMENT_3D('',#12734,#9823,#9824);
#7596=AXIS2_PLACEMENT_3D('',#12735,#9825,#9826);
#7597=AXIS2_PLACEMENT_3D('',#12737,#9828,#9829);
#7598=AXIS2_PLACEMENT_3D('',#12739,#9831,#9832);
#7599=AXIS2_PLACEMENT_3D('',#12740,#9833,#9834);
#7600=AXIS2_PLACEMENT_3D('',#12741,#9835,#9836);
#7601=AXIS2_PLACEMENT_3D('',#12742,#9837,#9838);
#7602=AXIS2_PLACEMENT_3D('',#12743,#9839,#9840);
#7603=AXIS2_PLACEMENT_3D('',#12744,#9841,#9842);
#7604=AXIS2_PLACEMENT_3D('',#12745,#9843,#9844);
#7605=AXIS2_PLACEMENT_3D('',#12746,#9845,#9846);
#7606=AXIS2_PLACEMENT_3D('',#12747,#9847,#9848);
#7607=AXIS2_PLACEMENT_3D('',#12748,#9849,#9850);
#7608=AXIS2_PLACEMENT_3D('',#12749,#9851,#9852);
#7609=AXIS2_PLACEMENT_3D('',#12750,#9853,#9854);
#7610=AXIS2_PLACEMENT_3D('',#12751,#9855,#9856);
#7611=AXIS2_PLACEMENT_3D('',#12752,#9857,#9858);
#7612=AXIS2_PLACEMENT_3D('',#12753,#9859,#9860);
#7613=AXIS2_PLACEMENT_3D('',#12754,#9861,#9862);
#7614=AXIS2_PLACEMENT_3D('',#12755,#9863,#9864);
#7615=AXIS2_PLACEMENT_3D('',#12756,#9865,#9866);
#7616=AXIS2_PLACEMENT_3D('',#12757,#9867,#9868);
#7617=AXIS2_PLACEMENT_3D('',#12758,#9869,#9870);
#7618=AXIS2_PLACEMENT_3D('',#12759,#9871,#9872);
#7619=AXIS2_PLACEMENT_3D('',#12760,#9873,#9874);
#7620=AXIS2_PLACEMENT_3D('',#12761,#9875,#9876);
#7621=AXIS2_PLACEMENT_3D('',#12762,#9877,#9878);
#7622=AXIS2_PLACEMENT_3D('',#12763,#9879,#9880);
#7623=AXIS2_PLACEMENT_3D('',#12764,#9881,#9882);
#7624=AXIS2_PLACEMENT_3D('',#12765,#9883,#9884);
#7625=AXIS2_PLACEMENT_3D('',#12766,#9885,#9886);
#7626=AXIS2_PLACEMENT_3D('',#12767,#9887,#9888);
#7627=DIRECTION('axis',(0.,0.,1.));
#7628=DIRECTION('refdir',(1.,0.,0.));
#7629=DIRECTION('center_axis',(0.,0.,-1.));
#7630=DIRECTION('ref_axis',(1.,0.,0.));
#7631=DIRECTION('center_axis',(0.,0.,-1.));
#7632=DIRECTION('ref_axis',(1.,0.,0.));
#7633=DIRECTION('center_axis',(0.,0.,-1.));
#7634=DIRECTION('ref_axis',(1.,0.,0.));
#7635=DIRECTION('',(0.,0.,1.));
#7636=DIRECTION('center_axis',(0.,0.,-1.));
#7637=DIRECTION('ref_axis',(1.,0.,0.));
#7638=DIRECTION('center_axis',(0.,0.,1.));
#7639=DIRECTION('ref_axis',(1.,0.,0.));
#7640=DIRECTION('center_axis',(0.,0.,-1.));
#7641=DIRECTION('ref_axis',(1.,0.,0.));
#7642=DIRECTION('',(0.707106781186548,8.65956056235493E-17,-0.707106781186548));
#7643=DIRECTION('center_axis',(0.,0.,1.));
#7644=DIRECTION('ref_axis',(1.,0.,0.));
#7645=DIRECTION('center_axis',(0.,0.,-1.));
#7646=DIRECTION('ref_axis',(0.587785252292471,-0.809016994374949,0.));
#7647=DIRECTION('center_axis',(0.,0.,1.));
#7648=DIRECTION('ref_axis',(1.,0.,0.));
#7649=DIRECTION('center_axis',(0.,0.,-1.));
#7650=DIRECTION('ref_axis',(-0.309016994374945,0.951056516295154,0.));
#7651=DIRECTION('center_axis',(0.,0.,-1.));
#7652=DIRECTION('ref_axis',(1.,-1.44560289664734E-15,0.));
#7653=DIRECTION('center_axis',(0.,0.,-1.));
#7654=DIRECTION('ref_axis',(0.309016994374945,-0.951056516295154,0.));
#7655=DIRECTION('center_axis',(0.,0.,-1.));
#7656=DIRECTION('ref_axis',(1.,-1.44560289664734E-15,0.));
#7657=DIRECTION('center_axis',(0.,0.,-1.));
#7658=DIRECTION('ref_axis',(0.309016994374945,-0.951056516295154,0.));
#7659=DIRECTION('center_axis',(0.,0.,1.));
#7660=DIRECTION('ref_axis',(1.,0.,0.));
#7661=DIRECTION('center_axis',(0.,0.,-1.));
#7662=DIRECTION('ref_axis',(3.56033037822624E-15,1.,0.));
#7663=DIRECTION('center_axis',(0.,0.,-1.));
#7664=DIRECTION('ref_axis',(1.,-1.80700362080917E-15,0.));
#7665=DIRECTION('center_axis',(0.,0.,-1.));
#7666=DIRECTION('ref_axis',(-3.49148133884313E-15,-1.,0.));
#7667=DIRECTION('center_axis',(0.,0.,-1.));
#7668=DIRECTION('ref_axis',(1.,0.,0.));
#7669=DIRECTION('center_axis',(0.,0.,-1.));
#7670=DIRECTION('ref_axis',(-3.56033037822624E-15,-1.,0.));
#7671=DIRECTION('center_axis',(0.,0.,1.));
#7672=DIRECTION('ref_axis',(1.,0.,0.));
#7673=DIRECTION('center_axis',(0.,0.,-1.));
#7674=DIRECTION('ref_axis',(0.309016994374952,0.951056516295152,0.));
#7675=DIRECTION('center_axis',(0.,0.,-1.));
#7676=DIRECTION('ref_axis',(1.,1.44560289664734E-15,0.));
#7677=DIRECTION('center_axis',(0.,0.,-1.));
#7678=DIRECTION('ref_axis',(-0.309016994374952,-0.951056516295152,0.));
#7679=DIRECTION('center_axis',(0.,0.,-1.));
#7680=DIRECTION('ref_axis',(1.,2.45752492430048E-14,0.));
#7681=DIRECTION('center_axis',(0.,0.,-1.));
#7682=DIRECTION('ref_axis',(-0.309016994374951,-0.951056516295152,0.));
#7683=DIRECTION('center_axis',(0.,0.,1.));
#7684=DIRECTION('ref_axis',(1.,0.,0.));
#7685=DIRECTION('center_axis',(0.,0.,-1.));
#7686=DIRECTION('ref_axis',(0.587785252292477,0.809016994374945,0.));
#7687=DIRECTION('center_axis',(0.,0.,-1.));
#7688=DIRECTION('ref_axis',(1.,5.78241158658936E-15,0.));
#7689=DIRECTION('center_axis',(0.,0.,-1.));
#7690=DIRECTION('ref_axis',(-0.587785252292477,-0.809016994374945,0.));
#7691=DIRECTION('center_axis',(0.,0.,-1.));
#7692=DIRECTION('ref_axis',(1.,2.89120579329468E-15,0.));
#7693=DIRECTION('center_axis',(0.,0.,-1.));
#7694=DIRECTION('ref_axis',(-0.587785252292477,-0.809016994374945,0.));
#7695=DIRECTION('center_axis',(0.,0.,1.));
#7696=DIRECTION('ref_axis',(1.,0.,0.));
#7697=DIRECTION('center_axis',(0.,0.,-1.));
#7698=DIRECTION('ref_axis',(0.809016994374951,0.587785252292468,0.));
#7699=DIRECTION('center_axis',(0.,0.,-1.));
#7700=DIRECTION('ref_axis',(1.,-2.89120579329468E-15,0.));
#7701=DIRECTION('center_axis',(0.,0.,-1.));
#7702=DIRECTION('ref_axis',(-0.809016994374951,-0.587785252292469,0.));
#7703=DIRECTION('center_axis',(0.,0.,-1.));
#7704=DIRECTION('ref_axis',(1.,-2.89120579329468E-15,0.));
#7705=DIRECTION('center_axis',(0.,0.,-1.));
#7706=DIRECTION('ref_axis',(-0.809016994374951,-0.587785252292469,0.));
#7707=DIRECTION('center_axis',(0.,0.,1.));
#7708=DIRECTION('ref_axis',(1.,0.,0.));
#7709=DIRECTION('center_axis',(0.,0.,-1.));
#7710=DIRECTION('ref_axis',(0.951056516295156,0.309016994374941,0.));
#7711=DIRECTION('center_axis',(0.,0.,-1.));
#7712=DIRECTION('ref_axis',(1.,-5.78241158658936E-15,0.));
#7713=DIRECTION('center_axis',(0.,0.,-1.));
#7714=DIRECTION('ref_axis',(-0.951056516295156,-0.309016994374941,0.));
#7715=DIRECTION('center_axis',(0.,0.,-1.));
#7716=DIRECTION('ref_axis',(1.,0.,0.));
#7717=DIRECTION('center_axis',(0.,0.,-1.));
#7718=DIRECTION('ref_axis',(-0.951056516295156,-0.309016994374941,0.));
#7719=DIRECTION('center_axis',(0.,0.,1.));
#7720=DIRECTION('ref_axis',(1.,0.,0.));
#7721=DIRECTION('center_axis',(0.,0.,-1.));
#7722=DIRECTION('ref_axis',(1.,0.,0.));
#7723=DIRECTION('center_axis',(0.,0.,-1.));
#7724=DIRECTION('ref_axis',(1.,0.,0.));
#7725=DIRECTION('center_axis',(0.,0.,-1.));
#7726=DIRECTION('ref_axis',(-1.,0.,0.));
#7727=DIRECTION('center_axis',(0.,0.,-1.));
#7728=DIRECTION('ref_axis',(1.,0.,0.));
#7729=DIRECTION('center_axis',(0.,0.,-1.));
#7730=DIRECTION('ref_axis',(-1.,0.,0.));
#7731=DIRECTION('center_axis',(0.,0.,1.));
#7732=DIRECTION('ref_axis',(1.,0.,0.));
#7733=DIRECTION('center_axis',(0.,0.,-1.));
#7734=DIRECTION('ref_axis',(0.951056516295151,-0.309016994374955,0.));
#7735=DIRECTION('center_axis',(0.,0.,-1.));
#7736=DIRECTION('ref_axis',(1.,5.78241158658936E-15,0.));
#7737=DIRECTION('center_axis',(0.,0.,-1.));
#7738=DIRECTION('ref_axis',(-0.951056516295151,0.309016994374955,0.));
#7739=DIRECTION('center_axis',(0.,0.,-1.));
#7740=DIRECTION('ref_axis',(1.,0.,0.));
#7741=DIRECTION('center_axis',(0.,0.,-1.));
#7742=DIRECTION('ref_axis',(-0.951056516295151,0.309016994374955,0.));
#7743=DIRECTION('center_axis',(0.,0.,1.));
#7744=DIRECTION('ref_axis',(1.,0.,0.));
#7745=DIRECTION('center_axis',(0.,0.,-1.));
#7746=DIRECTION('ref_axis',(0.809016994374942,-0.58778525229248,0.));
#7747=DIRECTION('center_axis',(0.,0.,-1.));
#7748=DIRECTION('ref_axis',(1.,2.89120579329468E-15,0.));
#7749=DIRECTION('center_axis',(0.,0.,-1.));
#7750=DIRECTION('ref_axis',(-0.809016994374942,0.58778525229248,0.));
#7751=DIRECTION('center_axis',(0.,0.,-1.));
#7752=DIRECTION('ref_axis',(1.,-2.89120579329468E-15,0.));
#7753=DIRECTION('center_axis',(0.,0.,-1.));
#7754=DIRECTION('ref_axis',(-0.809016994374942,0.58778525229248,0.));
#7755=DIRECTION('center_axis',(0.,0.,1.));
#7756=DIRECTION('ref_axis',(1.,0.,0.));
#7757=DIRECTION('center_axis',(0.,0.,-1.));
#7758=DIRECTION('ref_axis',(0.587785252292465,-0.809016994374953,0.));
#7759=DIRECTION('center_axis',(0.,0.,-1.));
#7760=DIRECTION('ref_axis',(1.,2.89120579329468E-15,0.));
#7761=DIRECTION('center_axis',(0.,0.,-1.));
#7762=DIRECTION('ref_axis',(-0.587785252292465,0.809016994374953,0.));
#7763=DIRECTION('center_axis',(0.,0.,-1.));
#7764=DIRECTION('ref_axis',(1.,2.89120579329468E-15,0.));
#7765=DIRECTION('center_axis',(0.,0.,-1.));
#7766=DIRECTION('ref_axis',(-0.587785252292465,0.809016994374953,0.));
#7767=DIRECTION('center_axis',(0.,0.,1.));
#7768=DIRECTION('ref_axis',(1.,0.,0.));
#7769=DIRECTION('center_axis',(0.,0.,-1.));
#7770=DIRECTION('ref_axis',(0.309016994374938,-0.951056516295157,0.));
#7771=DIRECTION('center_axis',(0.,0.,-1.));
#7772=DIRECTION('ref_axis',(1.,-7.2280144832367E-15,0.));
#7773=DIRECTION('center_axis',(0.,0.,-1.));
#7774=DIRECTION('ref_axis',(-0.309016994374938,0.951056516295157,0.));
#7775=DIRECTION('center_axis',(0.,0.,-1.));
#7776=DIRECTION('ref_axis',(1.,2.89120579329468E-15,0.));
#7777=DIRECTION('center_axis',(0.,0.,-1.));
#7778=DIRECTION('ref_axis',(-0.309016994374938,0.951056516295157,0.));
#7779=DIRECTION('center_axis',(0.,0.,1.));
#7780=DIRECTION('ref_axis',(1.,0.,0.));
#7781=DIRECTION('center_axis',(0.,0.,-1.));
#7782=DIRECTION('ref_axis',(-1.02853988704314E-14,-1.,0.));
#7783=DIRECTION('center_axis',(0.,0.,-1.));
#7784=DIRECTION('ref_axis',(1.,0.,0.));
#7785=DIRECTION('center_axis',(0.,0.,-1.));
#7786=DIRECTION('ref_axis',(1.04744440165294E-14,1.,0.));
#7787=DIRECTION('center_axis',(0.,0.,-1.));
#7788=DIRECTION('ref_axis',(1.,0.,0.));
#7789=DIRECTION('center_axis',(0.,0.,-1.));
#7790=DIRECTION('ref_axis',(1.02853988704314E-14,1.,0.));
#7791=DIRECTION('center_axis',(0.,0.,1.));
#7792=DIRECTION('ref_axis',(1.,0.,0.));
#7793=DIRECTION('center_axis',(0.,0.,-1.));
#7794=DIRECTION('ref_axis',(-0.309016994374958,-0.95105651629515,0.));
#7795=DIRECTION('center_axis',(0.,0.,-1.));
#7796=DIRECTION('ref_axis',(1.,0.,0.));
#7797=DIRECTION('center_axis',(0.,0.,-1.));
#7798=DIRECTION('ref_axis',(0.309016994374958,0.95105651629515,0.));
#7799=DIRECTION('center_axis',(0.,0.,-1.));
#7800=DIRECTION('ref_axis',(1.,0.,0.));
#7801=DIRECTION('center_axis',(0.,0.,-1.));
#7802=DIRECTION('ref_axis',(0.309016994374958,0.95105651629515,0.));
#7803=DIRECTION('center_axis',(0.,0.,1.));
#7804=DIRECTION('ref_axis',(1.,0.,0.));
#7805=DIRECTION('center_axis',(0.,0.,-1.));
#7806=DIRECTION('ref_axis',(-0.587785252292483,-0.80901699437494,0.));
#7807=DIRECTION('center_axis',(0.,0.,-1.));
#7808=DIRECTION('ref_axis',(1.,0.,0.));
#7809=DIRECTION('center_axis',(0.,0.,-1.));
#7810=DIRECTION('ref_axis',(0.587785252292483,0.80901699437494,0.));
#7811=DIRECTION('center_axis',(0.,0.,-1.));
#7812=DIRECTION('ref_axis',(1.,8.67361737988404E-15,0.));
#7813=DIRECTION('center_axis',(0.,0.,-1.));
#7814=DIRECTION('ref_axis',(0.587785252292483,0.80901699437494,0.));
#7815=DIRECTION('center_axis',(0.,0.,1.));
#7816=DIRECTION('ref_axis',(1.,0.,0.));
#7817=DIRECTION('center_axis',(0.,0.,-1.));
#7818=DIRECTION('ref_axis',(-0.809016994374955,-0.587785252292462,0.));
#7819=DIRECTION('center_axis',(0.,0.,-1.));
#7820=DIRECTION('ref_axis',(1.,0.,0.));
#7821=DIRECTION('center_axis',(0.,0.,-1.));
#7822=DIRECTION('ref_axis',(0.809016994374955,0.587785252292462,0.));
#7823=DIRECTION('center_axis',(0.,0.,-1.));
#7824=DIRECTION('ref_axis',(1.,0.,0.));
#7825=DIRECTION('center_axis',(0.,0.,-1.));
#7826=DIRECTION('ref_axis',(0.809016994374955,0.587785252292462,0.));
#7827=DIRECTION('center_axis',(0.,0.,1.));
#7828=DIRECTION('ref_axis',(1.,0.,0.));
#7829=DIRECTION('center_axis',(0.,0.,-1.));
#7830=DIRECTION('ref_axis',(-0.951056516295158,-0.309016994374935,0.));
#7831=DIRECTION('center_axis',(0.,0.,-1.));
#7832=DIRECTION('ref_axis',(1.,-5.78241158658936E-15,0.));
#7833=DIRECTION('center_axis',(0.,0.,-1.));
#7834=DIRECTION('ref_axis',(0.951056516295158,0.309016994374935,0.));
#7835=DIRECTION('center_axis',(0.,0.,-1.));
#7836=DIRECTION('ref_axis',(1.,0.,0.));
#7837=DIRECTION('center_axis',(0.,0.,-1.));
#7838=DIRECTION('ref_axis',(0.951056516295158,0.309016994374935,0.));
#7839=DIRECTION('center_axis',(0.,0.,1.));
#7840=DIRECTION('ref_axis',(1.,0.,0.));
#7841=DIRECTION('center_axis',(0.,0.,-1.));
#7842=DIRECTION('ref_axis',(-1.,0.,0.));
#7843=DIRECTION('center_axis',(0.,0.,-1.));
#7844=DIRECTION('ref_axis',(1.,0.,0.));
#7845=DIRECTION('center_axis',(0.,0.,-1.));
#7846=DIRECTION('ref_axis',(1.,0.,0.));
#7847=DIRECTION('center_axis',(0.,0.,-1.));
#7848=DIRECTION('ref_axis',(1.,0.,0.));
#7849=DIRECTION('center_axis',(0.,0.,-1.));
#7850=DIRECTION('ref_axis',(1.,0.,0.));
#7851=DIRECTION('center_axis',(0.,0.,1.));
#7852=DIRECTION('ref_axis',(1.,0.,0.));
#7853=DIRECTION('center_axis',(0.,0.,-1.));
#7854=DIRECTION('ref_axis',(-0.951056516295153,0.309016994374948,0.));
#7855=DIRECTION('center_axis',(0.,0.,-1.));
#7856=DIRECTION('ref_axis',(1.,5.78241158658936E-15,0.));
#7857=DIRECTION('center_axis',(0.,0.,-1.));
#7858=DIRECTION('ref_axis',(0.951056516295153,-0.309016994374948,0.));
#7859=DIRECTION('center_axis',(0.,0.,-1.));
#7860=DIRECTION('ref_axis',(1.,0.,0.));
#7861=DIRECTION('center_axis',(0.,0.,-1.));
#7862=DIRECTION('ref_axis',(0.951056516295153,-0.309016994374948,0.));
#7863=DIRECTION('center_axis',(0.,0.,1.));
#7864=DIRECTION('ref_axis',(1.,0.,0.));
#7865=DIRECTION('center_axis',(0.,0.,-1.));
#7866=DIRECTION('ref_axis',(-0.809016994374947,0.587785252292474,0.));
#7867=DIRECTION('center_axis',(0.,0.,-1.));
#7868=DIRECTION('ref_axis',(1.,5.78241158658936E-15,0.));
#7869=DIRECTION('center_axis',(0.,0.,-1.));
#7870=DIRECTION('ref_axis',(0.809016994374947,-0.587785252292474,0.));
#7871=DIRECTION('center_axis',(0.,0.,-1.));
#7872=DIRECTION('ref_axis',(1.,2.89120579329468E-15,0.));
#7873=DIRECTION('center_axis',(0.,0.,-1.));
#7874=DIRECTION('ref_axis',(0.809016994374947,-0.587785252292474,0.));
#7875=DIRECTION('center_axis',(0.,0.,1.));
#7876=DIRECTION('ref_axis',(1.,0.,0.));
#7877=DIRECTION('center_axis',(0.,0.,-1.));
#7878=DIRECTION('ref_axis',(-0.587785252292471,0.809016994374949,0.));
#7879=DIRECTION('center_axis',(0.,0.,-1.));
#7880=DIRECTION('ref_axis',(1.,0.,0.));
#7881=DIRECTION('center_axis',(0.,0.,-1.));
#7882=DIRECTION('ref_axis',(0.587785252292471,-0.809016994374949,0.));
#7883=DIRECTION('center_axis',(0.,0.,-1.));
#7884=DIRECTION('ref_axis',(1.,-2.89120579329468E-15,0.));
#7885=DIRECTION('center_axis',(0.,0.,-1.));
#7886=DIRECTION('ref_axis',(1.,0.,0.));
#7887=DIRECTION('center_axis',(0.,0.,1.));
#7888=DIRECTION('ref_axis',(1.,0.,0.));
#7889=DIRECTION('',(-0.707106781186548,8.65956056235494E-17,-0.707106781186547));
#7890=DIRECTION('center_axis',(0.,0.,-1.));
#7891=DIRECTION('ref_axis',(1.,0.,0.));
#7892=DIRECTION('center_axis',(0.,0.,-1.));
#7893=DIRECTION('ref_axis',(1.,0.,0.));
#7894=DIRECTION('center_axis',(0.,0.,-1.));
#7895=DIRECTION('ref_axis',(1.04744440165294E-14,1.,0.));
#7896=DIRECTION('center_axis',(0.,0.,-1.));
#7897=DIRECTION('ref_axis',(1.,0.,0.));
#7898=DIRECTION('center_axis',(0.,0.,-1.));
#7899=DIRECTION('ref_axis',(-0.309016994374938,0.951056516295157,0.));
#7900=DIRECTION('center_axis',(0.,0.,-1.));
#7901=DIRECTION('ref_axis',(1.,0.,0.));
#7902=DIRECTION('center_axis',(0.,0.,-1.));
#7903=DIRECTION('ref_axis',(-0.587785252292465,0.809016994374953,0.));
#7904=DIRECTION('center_axis',(0.,0.,-1.));
#7905=DIRECTION('ref_axis',(1.,0.,0.));
#7906=DIRECTION('center_axis',(0.,0.,-1.));
#7907=DIRECTION('ref_axis',(-0.809016994374942,0.58778525229248,0.));
#7908=DIRECTION('center_axis',(0.,0.,-1.));
#7909=DIRECTION('ref_axis',(1.,0.,0.));
#7910=DIRECTION('center_axis',(0.,0.,-1.));
#7911=DIRECTION('ref_axis',(-0.951056516295151,0.309016994374955,0.));
#7912=DIRECTION('center_axis',(0.,0.,-1.));
#7913=DIRECTION('ref_axis',(1.,0.,0.));
#7914=DIRECTION('center_axis',(0.,0.,-1.));
#7915=DIRECTION('ref_axis',(-1.,0.,0.));
#7916=DIRECTION('center_axis',(0.,0.,-1.));
#7917=DIRECTION('ref_axis',(1.,0.,0.));
#7918=DIRECTION('center_axis',(0.,0.,-1.));
#7919=DIRECTION('ref_axis',(-0.951056516295156,-0.309016994374941,0.));
#7920=DIRECTION('center_axis',(0.,0.,-1.));
#7921=DIRECTION('ref_axis',(1.,0.,0.));
#7922=DIRECTION('center_axis',(0.,0.,-1.));
#7923=DIRECTION('ref_axis',(-0.809016994374951,-0.587785252292469,0.));
#7924=DIRECTION('center_axis',(0.,0.,-1.));
#7925=DIRECTION('ref_axis',(1.,0.,0.));
#7926=DIRECTION('center_axis',(0.,0.,-1.));
#7927=DIRECTION('ref_axis',(-0.587785252292477,-0.809016994374945,0.));
#7928=DIRECTION('center_axis',(0.,0.,-1.));
#7929=DIRECTION('ref_axis',(1.,0.,0.));
#7930=DIRECTION('center_axis',(0.,0.,-1.));
#7931=DIRECTION('ref_axis',(-0.309016994374952,-0.951056516295152,0.));
#7932=DIRECTION('center_axis',(0.,0.,-1.));
#7933=DIRECTION('ref_axis',(1.,0.,0.));
#7934=DIRECTION('center_axis',(0.,0.,-1.));
#7935=DIRECTION('ref_axis',(-3.49148133884313E-15,-1.,0.));
#7936=DIRECTION('center_axis',(0.,0.,-1.));
#7937=DIRECTION('ref_axis',(1.,0.,0.));
#7938=DIRECTION('center_axis',(0.,0.,-1.));
#7939=DIRECTION('ref_axis',(0.309016994374945,-0.951056516295154,0.));
#7940=DIRECTION('center_axis',(0.,0.,-1.));
#7941=DIRECTION('ref_axis',(1.,0.,0.));
#7942=DIRECTION('center_axis',(0.,0.,-1.));
#7943=DIRECTION('ref_axis',(0.587785252292471,-0.809016994374949,0.));
#7944=DIRECTION('center_axis',(0.,0.,-1.));
#7945=DIRECTION('ref_axis',(1.,0.,0.));
#7946=DIRECTION('center_axis',(0.,0.,-1.));
#7947=DIRECTION('ref_axis',(0.809016994374947,-0.587785252292474,0.));
#7948=DIRECTION('center_axis',(0.,0.,-1.));
#7949=DIRECTION('ref_axis',(1.,0.,0.));
#7950=DIRECTION('center_axis',(0.,0.,-1.));
#7951=DIRECTION('ref_axis',(0.951056516295153,-0.309016994374948,0.));
#7952=DIRECTION('center_axis',(0.,0.,-1.));
#7953=DIRECTION('ref_axis',(1.,0.,0.));
#7954=DIRECTION('center_axis',(0.,0.,-1.));
#7955=DIRECTION('ref_axis',(1.,0.,0.));
#7956=DIRECTION('center_axis',(0.,0.,-1.));
#7957=DIRECTION('ref_axis',(1.,0.,0.));
#7958=DIRECTION('center_axis',(0.,0.,-1.));
#7959=DIRECTION('ref_axis',(0.951056516295158,0.309016994374935,0.));
#7960=DIRECTION('center_axis',(0.,0.,-1.));
#7961=DIRECTION('ref_axis',(1.,0.,0.));
#7962=DIRECTION('center_axis',(0.,0.,-1.));
#7963=DIRECTION('ref_axis',(0.809016994374955,0.587785252292462,0.));
#7964=DIRECTION('center_axis',(0.,0.,-1.));
#7965=DIRECTION('ref_axis',(1.,0.,0.));
#7966=DIRECTION('center_axis',(0.,0.,-1.));
#7967=DIRECTION('ref_axis',(0.587785252292483,0.80901699437494,0.));
#7968=DIRECTION('center_axis',(0.,0.,-1.));
#7969=DIRECTION('ref_axis',(1.,0.,0.));
#7970=DIRECTION('center_axis',(0.,0.,-1.));
#7971=DIRECTION('ref_axis',(0.309016994374958,0.95105651629515,0.));
#7972=DIRECTION('center_axis',(0.,0.,-1.));
#7973=DIRECTION('ref_axis',(1.,0.,0.));
#7974=DIRECTION('center_axis',(0.,0.,-1.));
#7975=DIRECTION('ref_axis',(1.04744440165294E-14,1.,0.));
#7976=DIRECTION('',(0.707106781186547,8.65956056235493E-17,0.707106781186547));
#7977=DIRECTION('center_axis',(0.,0.,1.));
#7978=DIRECTION('ref_axis',(1.,0.,0.));
#7979=DIRECTION('center_axis',(0.,0.,1.));
#7980=DIRECTION('ref_axis',(1.,0.,0.));
#7981=DIRECTION('center_axis',(0.,0.,1.));
#7982=DIRECTION('ref_axis',(1.,0.,0.));
#7983=DIRECTION('center_axis',(0.,0.,-1.));
#7984=DIRECTION('ref_axis',(-0.309016994374958,-0.95105651629515,0.));
#7985=DIRECTION('center_axis',(0.,0.,-1.));
#7986=DIRECTION('ref_axis',(1.,0.,0.));
#7987=DIRECTION('center_axis',(0.,0.,-1.));
#7988=DIRECTION('ref_axis',(1.02853988704314E-14,1.,0.));
#7989=DIRECTION('center_axis',(0.,0.,1.));
#7990=DIRECTION('ref_axis',(1.,0.,0.));
#7991=DIRECTION('center_axis',(0.,0.,1.));
#7992=DIRECTION('ref_axis',(1.,0.,0.));
#7993=DIRECTION('center_axis',(0.,0.,1.));
#7994=DIRECTION('ref_axis',(1.,0.,0.));
#7995=DIRECTION('center_axis',(0.,0.,-1.));
#7996=DIRECTION('ref_axis',(-0.587785252292483,-0.80901699437494,0.));
#7997=DIRECTION('center_axis',(0.,0.,-1.));
#7998=DIRECTION('ref_axis',(1.,0.,0.));
#7999=DIRECTION('center_axis',(0.,0.,-1.));
#8000=DIRECTION('ref_axis',(0.309016994374958,0.95105651629515,0.));
#8001=DIRECTION('center_axis',(0.,0.,1.));
#8002=DIRECTION('ref_axis',(1.,0.,0.));
#8003=DIRECTION('center_axis',(0.,0.,1.));
#8004=DIRECTION('ref_axis',(1.,0.,0.));
#8005=DIRECTION('center_axis',(0.,0.,1.));
#8006=DIRECTION('ref_axis',(1.,0.,0.));
#8007=DIRECTION('center_axis',(0.,0.,-1.));
#8008=DIRECTION('ref_axis',(-1.02853988704314E-14,-1.,0.));
#8009=DIRECTION('center_axis',(0.,0.,-1.));
#8010=DIRECTION('ref_axis',(1.,-7.99360577730113E-15,0.));
#8011=DIRECTION('center_axis',(0.,0.,-1.));
#8012=DIRECTION('ref_axis',(-0.309016994374938,0.951056516295157,0.));
#8013=DIRECTION('center_axis',(0.,0.,1.));
#8014=DIRECTION('ref_axis',(1.,0.,0.));
#8015=DIRECTION('center_axis',(0.,0.,1.));
#8016=DIRECTION('ref_axis',(1.,0.,0.));
#8017=DIRECTION('center_axis',(0.,0.,1.));
#8018=DIRECTION('ref_axis',(1.,0.,0.));
#8019=DIRECTION('center_axis',(0.,0.,-1.));
#8020=DIRECTION('ref_axis',(-0.809016994374955,-0.587785252292462,0.));
#8021=DIRECTION('center_axis',(0.,0.,-1.));
#8022=DIRECTION('ref_axis',(1.,1.06581410364015E-14,0.));
#8023=DIRECTION('center_axis',(0.,0.,-1.));
#8024=DIRECTION('ref_axis',(0.587785252292483,0.80901699437494,0.));
#8025=DIRECTION('center_axis',(0.,0.,1.));
#8026=DIRECTION('ref_axis',(1.,0.,0.));
#8027=DIRECTION('center_axis',(0.,0.,1.));
#8028=DIRECTION('ref_axis',(1.,0.,0.));
#8029=DIRECTION('center_axis',(0.,0.,1.));
#8030=DIRECTION('ref_axis',(1.,0.,0.));
#8031=DIRECTION('center_axis',(0.,0.,-1.));
#8032=DIRECTION('ref_axis',(0.309016994374938,-0.951056516295157,0.));
#8033=DIRECTION('center_axis',(0.,0.,-1.));
#8034=DIRECTION('ref_axis',(1.,0.,0.));
#8035=DIRECTION('center_axis',(0.,0.,-1.));
#8036=DIRECTION('ref_axis',(-0.587785252292465,0.809016994374953,0.));
#8037=DIRECTION('center_axis',(0.,0.,1.));
#8038=DIRECTION('ref_axis',(1.,0.,0.));
#8039=DIRECTION('center_axis',(0.,0.,1.));
#8040=DIRECTION('ref_axis',(1.,0.,0.));
#8041=DIRECTION('center_axis',(0.,0.,1.));
#8042=DIRECTION('ref_axis',(1.,0.,0.));
#8043=DIRECTION('center_axis',(0.,0.,-1.));
#8044=DIRECTION('ref_axis',(-0.951056516295158,-0.309016994374935,0.));
#8045=DIRECTION('center_axis',(0.,0.,-1.));
#8046=DIRECTION('ref_axis',(1.,-1.24344978758018E-14,0.));
#8047=DIRECTION('center_axis',(0.,0.,-1.));
#8048=DIRECTION('ref_axis',(0.809016994374955,0.587785252292462,0.));
#8049=DIRECTION('center_axis',(0.,0.,1.));
#8050=DIRECTION('ref_axis',(1.,0.,0.));
#8051=DIRECTION('center_axis',(0.,0.,1.));
#8052=DIRECTION('ref_axis',(1.,0.,0.));
#8053=DIRECTION('center_axis',(0.,0.,1.));
#8054=DIRECTION('ref_axis',(1.,0.,0.));
#8055=DIRECTION('center_axis',(0.,0.,-1.));
#8056=DIRECTION('ref_axis',(0.587785252292465,-0.809016994374953,0.));
#8057=DIRECTION('center_axis',(0.,0.,-1.));
#8058=DIRECTION('ref_axis',(1.,0.,0.));
#8059=DIRECTION('center_axis',(0.,0.,-1.));
#8060=DIRECTION('ref_axis',(-0.809016994374942,0.58778525229248,0.));
#8061=DIRECTION('center_axis',(0.,0.,1.));
#8062=DIRECTION('ref_axis',(1.,0.,0.));
#8063=DIRECTION('center_axis',(0.,0.,1.));
#8064=DIRECTION('ref_axis',(1.,0.,0.));
#8065=DIRECTION('center_axis',(0.,0.,1.));
#8066=DIRECTION('ref_axis',(1.,0.,0.));
#8067=DIRECTION('center_axis',(0.,0.,-1.));
#8068=DIRECTION('ref_axis',(-1.,0.,0.));
#8069=DIRECTION('center_axis',(0.,0.,-1.));
#8070=DIRECTION('ref_axis',(1.,-1.24344978758018E-14,0.));
#8071=DIRECTION('center_axis',(0.,0.,-1.));
#8072=DIRECTION('ref_axis',(0.951056516295158,0.309016994374935,0.));
#8073=DIRECTION('center_axis',(0.,0.,1.));
#8074=DIRECTION('ref_axis',(1.,0.,0.));
#8075=DIRECTION('center_axis',(0.,0.,1.));
#8076=DIRECTION('ref_axis',(1.,0.,0.));
#8077=DIRECTION('center_axis',(0.,0.,1.));
#8078=DIRECTION('ref_axis',(1.,0.,0.));
#8079=DIRECTION('center_axis',(0.,0.,-1.));
#8080=DIRECTION('ref_axis',(0.809016994374942,-0.58778525229248,0.));
#8081=DIRECTION('center_axis',(0.,0.,-1.));
#8082=DIRECTION('ref_axis',(1.,2.66453525910038E-15,0.));
#8083=DIRECTION('center_axis',(0.,0.,-1.));
#8084=DIRECTION('ref_axis',(-0.951056516295151,0.309016994374955,0.));
#8085=DIRECTION('center_axis',(0.,0.,1.));
#8086=DIRECTION('ref_axis',(1.,0.,0.));
#8087=DIRECTION('center_axis',(0.,0.,1.));
#8088=DIRECTION('ref_axis',(1.,0.,0.));
#8089=DIRECTION('center_axis',(0.,0.,1.));
#8090=DIRECTION('ref_axis',(1.,0.,0.));
#8091=DIRECTION('center_axis',(0.,0.,-1.));
#8092=DIRECTION('ref_axis',(-0.951056516295153,0.309016994374948,0.));
#8093=DIRECTION('center_axis',(0.,0.,-1.));
#8094=DIRECTION('ref_axis',(1.,0.,0.));
#8095=DIRECTION('center_axis',(0.,0.,-1.));
#8096=DIRECTION('ref_axis',(1.,0.,0.));
#8097=DIRECTION('center_axis',(0.,0.,1.));
#8098=DIRECTION('ref_axis',(1.,0.,0.));
#8099=DIRECTION('center_axis',(0.,0.,1.));
#8100=DIRECTION('ref_axis',(1.,0.,0.));
#8101=DIRECTION('center_axis',(0.,0.,1.));
#8102=DIRECTION('ref_axis',(1.,0.,0.));
#8103=DIRECTION('center_axis',(0.,0.,-1.));
#8104=DIRECTION('ref_axis',(0.951056516295151,-0.309016994374955,0.));
#8105=DIRECTION('center_axis',(0.,0.,-1.));
#8106=DIRECTION('ref_axis',(1.,0.,0.));
#8107=DIRECTION('center_axis',(0.,0.,-1.));
#8108=DIRECTION('ref_axis',(-1.,0.,0.));
#8109=DIRECTION('center_axis',(0.,0.,1.));
#8110=DIRECTION('ref_axis',(1.,0.,0.));
#8111=DIRECTION('center_axis',(0.,0.,1.));
#8112=DIRECTION('ref_axis',(1.,0.,0.));
#8113=DIRECTION('center_axis',(0.,0.,1.));
#8114=DIRECTION('ref_axis',(1.,0.,0.));
#8115=DIRECTION('center_axis',(0.,0.,-1.));
#8116=DIRECTION('ref_axis',(-0.809016994374947,0.587785252292474,0.));
#8117=DIRECTION('center_axis',(0.,0.,-1.));
#8118=DIRECTION('ref_axis',(1.,-3.01980662698043E-14,0.));
#8119=DIRECTION('center_axis',(0.,0.,-1.));
#8120=DIRECTION('ref_axis',(0.951056516295153,-0.309016994374948,0.));
#8121=DIRECTION('center_axis',(0.,0.,1.));
#8122=DIRECTION('ref_axis',(1.,0.,0.));
#8123=DIRECTION('center_axis',(0.,0.,1.));
#8124=DIRECTION('ref_axis',(1.,0.,0.));
#8125=DIRECTION('center_axis',(0.,0.,1.));
#8126=DIRECTION('ref_axis',(1.,0.,0.));
#8127=DIRECTION('center_axis',(0.,0.,-1.));
#8128=DIRECTION('ref_axis',(1.,0.,0.));
#8129=DIRECTION('center_axis',(0.,0.,-1.));
#8130=DIRECTION('ref_axis',(1.,0.,0.));
#8131=DIRECTION('center_axis',(0.,0.,-1.));
#8132=DIRECTION('ref_axis',(-0.951056516295156,-0.309016994374941,0.));
#8133=DIRECTION('center_axis',(0.,0.,1.));
#8134=DIRECTION('ref_axis',(1.,0.,0.));
#8135=DIRECTION('center_axis',(0.,0.,1.));
#8136=DIRECTION('ref_axis',(1.,0.,0.));
#8137=DIRECTION('center_axis',(0.,0.,1.));
#8138=DIRECTION('ref_axis',(1.,0.,0.));
#8139=DIRECTION('center_axis',(0.,0.,-1.));
#8140=DIRECTION('ref_axis',(-0.587785252292471,0.809016994374949,0.));
#8141=DIRECTION('center_axis',(0.,0.,-1.));
#8142=DIRECTION('ref_axis',(1.,0.,0.));
#8143=DIRECTION('center_axis',(0.,0.,-1.));
#8144=DIRECTION('ref_axis',(0.809016994374947,-0.587785252292474,0.));
#8145=DIRECTION('center_axis',(0.,0.,1.));
#8146=DIRECTION('ref_axis',(1.,0.,0.));
#8147=DIRECTION('center_axis',(0.,0.,1.));
#8148=DIRECTION('ref_axis',(1.,0.,0.));
#8149=DIRECTION('center_axis',(0.,0.,1.));
#8150=DIRECTION('ref_axis',(1.,0.,0.));
#8151=DIRECTION('center_axis',(0.,0.,-1.));
#8152=DIRECTION('ref_axis',(0.951056516295156,0.309016994374941,0.));
#8153=DIRECTION('center_axis',(0.,0.,-1.));
#8154=DIRECTION('ref_axis',(1.,0.,0.));
#8155=DIRECTION('center_axis',(0.,0.,-1.));
#8156=DIRECTION('ref_axis',(-0.809016994374951,-0.587785252292469,0.));
#8157=DIRECTION('center_axis',(0.,0.,1.));
#8158=DIRECTION('ref_axis',(1.,0.,0.));
#8159=DIRECTION('center_axis',(0.,0.,1.));
#8160=DIRECTION('ref_axis',(1.,0.,0.));
#8161=DIRECTION('center_axis',(0.,0.,1.));
#8162=DIRECTION('ref_axis',(1.,0.,0.));
#8163=DIRECTION('center_axis',(0.,0.,-1.));
#8164=DIRECTION('ref_axis',(-0.309016994374945,0.951056516295154,0.));
#8165=DIRECTION('center_axis',(0.,0.,-1.));
#8166=DIRECTION('ref_axis',(1.,-2.66453525910038E-15,0.));
#8167=DIRECTION('center_axis',(0.,0.,-1.));
#8168=DIRECTION('ref_axis',(0.587785252292471,-0.809016994374949,0.));
#8169=DIRECTION('center_axis',(0.,0.,1.));
#8170=DIRECTION('ref_axis',(1.,0.,0.));
#8171=DIRECTION('center_axis',(0.,0.,1.));
#8172=DIRECTION('ref_axis',(1.,0.,0.));
#8173=DIRECTION('center_axis',(0.,0.,1.));
#8174=DIRECTION('ref_axis',(1.,0.,0.));
#8175=DIRECTION('center_axis',(0.,0.,-1.));
#8176=DIRECTION('ref_axis',(0.809016994374951,0.587785252292468,0.));
#8177=DIRECTION('center_axis',(0.,0.,-1.));
#8178=DIRECTION('ref_axis',(1.,0.,0.));
#8179=DIRECTION('center_axis',(0.,0.,-1.));
#8180=DIRECTION('ref_axis',(-0.587785252292477,-0.809016994374945,0.));
#8181=DIRECTION('center_axis',(0.,0.,1.));
#8182=DIRECTION('ref_axis',(1.,0.,0.));
#8183=DIRECTION('center_axis',(0.,0.,1.));
#8184=DIRECTION('ref_axis',(1.,0.,0.));
#8185=DIRECTION('center_axis',(0.,0.,1.));
#8186=DIRECTION('ref_axis',(1.,0.,0.));
#8187=DIRECTION('center_axis',(0.,0.,-1.));
#8188=DIRECTION('ref_axis',(3.56033037822624E-15,1.,0.));
#8189=DIRECTION('center_axis',(0.,0.,-1.));
#8190=DIRECTION('ref_axis',(1.,0.,0.));
#8191=DIRECTION('center_axis',(0.,0.,-1.));
#8192=DIRECTION('ref_axis',(0.309016994374945,-0.951056516295154,0.));
#8193=DIRECTION('center_axis',(0.,0.,1.));
#8194=DIRECTION('ref_axis',(1.,0.,0.));
#8195=DIRECTION('center_axis',(0.,0.,1.));
#8196=DIRECTION('ref_axis',(1.,0.,0.));
#8197=DIRECTION('center_axis',(0.,0.,1.));
#8198=DIRECTION('ref_axis',(1.,0.,0.));
#8199=DIRECTION('center_axis',(0.,0.,-1.));
#8200=DIRECTION('ref_axis',(0.587785252292477,0.809016994374945,0.));
#8201=DIRECTION('center_axis',(0.,0.,-1.));
#8202=DIRECTION('ref_axis',(1.,0.,0.));
#8203=DIRECTION('center_axis',(0.,0.,-1.));
#8204=DIRECTION('ref_axis',(-0.309016994374951,-0.951056516295152,0.));
#8205=DIRECTION('center_axis',(0.,0.,1.));
#8206=DIRECTION('ref_axis',(1.,0.,0.));
#8207=DIRECTION('center_axis',(0.,0.,-1.));
#8208=DIRECTION('ref_axis',(1.,0.,0.));
#8209=DIRECTION('',(0.,0.,-1.));
#8210=DIRECTION('center_axis',(0.,0.,-1.));
#8211=DIRECTION('ref_axis',(-1.,0.,0.));
#8212=DIRECTION('',(0.,0.,1.));
#8213=DIRECTION('',(0.,0.,-1.));
#8214=DIRECTION('center_axis',(0.,0.,-1.));
#8215=DIRECTION('ref_axis',(-1.,0.,0.));
#8216=DIRECTION('',(0.,0.,1.));
#8217=DIRECTION('',(0.,0.,-1.));
#8218=DIRECTION('center_axis',(0.,0.,-1.));
#8219=DIRECTION('ref_axis',(-1.,0.,0.));
#8220=DIRECTION('',(0.,0.,1.));
#8221=DIRECTION('',(0.,0.,-1.));
#8222=DIRECTION('center_axis',(0.,0.,-1.));
#8223=DIRECTION('ref_axis',(-1.,0.,0.));
#8224=DIRECTION('',(0.,0.,1.));
#8225=DIRECTION('',(0.,0.,-1.));
#8226=DIRECTION('center_axis',(0.,0.,-1.));
#8227=DIRECTION('ref_axis',(-1.,0.,0.));
#8228=DIRECTION('',(0.,0.,1.));
#8229=DIRECTION('',(0.,0.,-1.));
#8230=DIRECTION('center_axis',(0.,0.,-1.));
#8231=DIRECTION('ref_axis',(-1.,0.,0.));
#8232=DIRECTION('',(0.,0.,1.));
#8233=DIRECTION('center_axis',(0.,0.,1.));
#8234=DIRECTION('ref_axis',(1.,0.,0.));
#8235=DIRECTION('',(0.,0.,-1.));
#8236=DIRECTION('center_axis',(0.,0.,-1.));
#8237=DIRECTION('ref_axis',(-1.,0.,0.));
#8238=DIRECTION('',(0.,0.,1.));
#8239=DIRECTION('',(0.,0.,-1.));
#8240=DIRECTION('center_axis',(0.,0.,-1.));
#8241=DIRECTION('ref_axis',(-1.,0.,0.));
#8242=DIRECTION('',(0.,0.,1.));
#8243=DIRECTION('',(0.,0.,-1.));
#8244=DIRECTION('center_axis',(0.,0.,-1.));
#8245=DIRECTION('ref_axis',(-1.,0.,0.));
#8246=DIRECTION('',(0.,0.,1.));
#8247=DIRECTION('',(0.,0.,-1.));
#8248=DIRECTION('center_axis',(0.,0.,-1.));
#8249=DIRECTION('ref_axis',(-1.,0.,0.));
#8250=DIRECTION('',(0.,0.,1.));
#8251=DIRECTION('',(0.,0.,-1.));
#8252=DIRECTION('center_axis',(0.,0.,1.));
#8253=DIRECTION('ref_axis',(1.,0.,0.));
#8254=DIRECTION('center_axis',(0.,0.,1.));
#8255=DIRECTION('ref_axis',(1.,0.,0.));
#8256=DIRECTION('',(0.,0.,-1.));
#8257=DIRECTION('center_axis',(0.,0.,1.));
#8258=DIRECTION('ref_axis',(1.,0.,0.));
#8259=DIRECTION('',(0.,0.,-1.));
#8260=DIRECTION('center_axis',(0.,0.,1.));
#8261=DIRECTION('ref_axis',(1.,0.,0.));
#8262=DIRECTION('center_axis',(0.,0.,1.));
#8263=DIRECTION('ref_axis',(1.,0.,0.));
#8264=DIRECTION('center_axis',(0.,0.,-1.));
#8265=DIRECTION('ref_axis',(0.309016994374952,0.951056516295152,0.));
#8266=DIRECTION('center_axis',(0.,0.,-1.));
#8267=DIRECTION('ref_axis',(1.,0.,0.));
#8268=DIRECTION('center_axis',(0.,0.,-1.));
#8269=DIRECTION('ref_axis',(-3.56033037822624E-15,-1.,0.));
#8270=DIRECTION('center_axis',(0.,0.,-1.));
#8271=DIRECTION('ref_axis',(-1.,0.,0.));
#8272=DIRECTION('center_axis',(0.,0.,1.));
#8273=DIRECTION('ref_axis',(1.,0.,0.));
#8274=DIRECTION('',(0.,0.,-1.));
#8275=DIRECTION('center_axis',(0.,0.,-1.));
#8276=DIRECTION('ref_axis',(1.,-1.95399252334028E-14,0.));
#8277=DIRECTION('',(0.,0.,-1.));
#8278=DIRECTION('center_axis',(0.,0.,-1.));
#8279=DIRECTION('ref_axis',(-1.,0.,0.));
#8280=DIRECTION('center_axis',(0.,0.,-1.));
#8281=DIRECTION('ref_axis',(1.,8.88178419700125E-16,0.));
#8282=DIRECTION('',(0.,0.,-1.));
#8283=DIRECTION('center_axis',(0.,0.,1.));
#8284=DIRECTION('ref_axis',(1.,0.,0.));
#8285=DIRECTION('',(0.,0.,-1.));
#8286=DIRECTION('center_axis',(0.,0.,-1.));
#8287=DIRECTION('ref_axis',(-1.,0.,0.));
#8288=DIRECTION('center_axis',(0.,0.,1.));
#8289=DIRECTION('ref_axis',(1.,0.,0.));
#8290=DIRECTION('',(0.,0.,-1.));
#8291=DIRECTION('center_axis',(0.,0.,-1.));
#8292=DIRECTION('ref_axis',(1.,-8.88178419700125E-16,0.));
#8293=DIRECTION('',(0.,0.,-1.));
#8294=DIRECTION('center_axis',(0.,0.,-1.));
#8295=DIRECTION('ref_axis',(-1.,0.,0.));
#8296=DIRECTION('center_axis',(0.,0.,1.));
#8297=DIRECTION('ref_axis',(1.,0.,0.));
#8298=DIRECTION('',(0.,0.,-1.));
#8299=DIRECTION('center_axis',(0.,0.,-1.));
#8300=DIRECTION('ref_axis',(1.,0.,0.));
#8301=DIRECTION('',(0.,0.,-1.));
#8302=DIRECTION('center_axis',(0.,0.,-1.));
#8303=DIRECTION('ref_axis',(-1.,0.,0.));
#8304=DIRECTION('center_axis',(0.,0.,1.));
#8305=DIRECTION('ref_axis',(1.,0.,0.));
#8306=DIRECTION('',(0.,0.,-1.));
#8307=DIRECTION('center_axis',(0.,0.,-1.));
#8308=DIRECTION('ref_axis',(1.,0.,0.));
#8309=DIRECTION('center_axis',(0.,0.,-1.));
#8310=DIRECTION('ref_axis',(-1.,0.,0.));
#8311=DIRECTION('center_axis',(0.,0.,-1.));
#8312=DIRECTION('ref_axis',(1.,0.,0.));
#8313=DIRECTION('',(0.,0.,-1.));
#8314=DIRECTION('center_axis',(0.,0.,1.));
#8315=DIRECTION('ref_axis',(1.,0.,0.));
#8316=DIRECTION('',(0.,0.,-1.));
#8317=DIRECTION('center_axis',(0.,0.,-1.));
#8318=DIRECTION('ref_axis',(-1.,0.,0.));
#8319=DIRECTION('center_axis',(0.,0.,-1.));
#8320=DIRECTION('ref_axis',(1.,0.,0.));
#8321=DIRECTION('',(0.,0.,-1.));
#8322=DIRECTION('center_axis',(0.,0.,1.));
#8323=DIRECTION('ref_axis',(1.,0.,0.));
#8324=DIRECTION('',(0.,0.,-1.));
#8325=DIRECTION('center_axis',(0.,0.,-1.));
#8326=DIRECTION('ref_axis',(-1.,0.,0.));
#8327=DIRECTION('center_axis',(0.,0.,-1.));
#8328=DIRECTION('ref_axis',(1.,0.,0.));
#8329=DIRECTION('',(0.,0.,-1.));
#8330=DIRECTION('center_axis',(0.,0.,1.));
#8331=DIRECTION('ref_axis',(1.,0.,0.));
#8332=DIRECTION('',(0.,0.,-1.));
#8333=DIRECTION('center_axis',(0.,0.,-1.));
#8334=DIRECTION('ref_axis',(-1.,0.,0.));
#8335=DIRECTION('center_axis',(0.,0.,1.));
#8336=DIRECTION('ref_axis',(1.,0.,0.));
#8337=DIRECTION('',(0.,0.,-1.));
#8338=DIRECTION('center_axis',(0.,0.,-1.));
#8339=DIRECTION('ref_axis',(1.,0.,0.));
#8340=DIRECTION('',(0.,0.,-1.));
#8341=DIRECTION('center_axis',(0.,0.,-1.));
#8342=DIRECTION('ref_axis',(-1.,0.,0.));
#8343=DIRECTION('center_axis',(0.,0.,1.));
#8344=DIRECTION('ref_axis',(1.,0.,0.));
#8345=DIRECTION('',(0.,0.,-1.));
#8346=DIRECTION('center_axis',(0.,0.,-1.));
#8347=DIRECTION('ref_axis',(1.,0.,0.));
#8348=DIRECTION('',(0.,0.,-1.));
#8349=DIRECTION('center_axis',(0.,0.,-1.));
#8350=DIRECTION('ref_axis',(-1.,0.,0.));
#8351=DIRECTION('center_axis',(0.,0.,1.));
#8352=DIRECTION('ref_axis',(1.,0.,0.));
#8353=DIRECTION('',(0.,0.,-1.));
#8354=DIRECTION('center_axis',(0.,0.,-1.));
#8355=DIRECTION('ref_axis',(1.,0.,0.));
#8356=DIRECTION('',(0.,0.,-1.));
#8357=DIRECTION('center_axis',(0.,0.,-1.));
#8358=DIRECTION('ref_axis',(-1.,0.,0.));
#8359=DIRECTION('center_axis',(0.,0.,-1.));
#8360=DIRECTION('ref_axis',(1.,1.24344978758018E-14,0.));
#8361=DIRECTION('',(0.,0.,-1.));
#8362=DIRECTION('center_axis',(0.,0.,1.));
#8363=DIRECTION('ref_axis',(1.,0.,0.));
#8364=DIRECTION('',(0.,0.,-1.));
#8365=DIRECTION('center_axis',(0.,0.,-1.));
#8366=DIRECTION('ref_axis',(-1.,0.,0.));
#8367=DIRECTION('center_axis',(0.,0.,1.));
#8368=DIRECTION('ref_axis',(1.,0.,0.));
#8369=DIRECTION('',(0.,0.,-1.));
#8370=DIRECTION('center_axis',(0.,0.,-1.));
#8371=DIRECTION('ref_axis',(1.,8.88178419700125E-16,0.));
#8372=DIRECTION('',(0.,0.,-1.));
#8373=DIRECTION('center_axis',(0.,0.,-1.));
#8374=DIRECTION('ref_axis',(-1.,0.,0.));
#8375=DIRECTION('center_axis',(0.,0.,1.));
#8376=DIRECTION('ref_axis',(1.,0.,0.));
#8377=DIRECTION('',(0.,0.,-1.));
#8378=DIRECTION('center_axis',(0.,0.,-1.));
#8379=DIRECTION('ref_axis',(1.,0.,0.));
#8380=DIRECTION('',(0.,0.,-1.));
#8381=DIRECTION('center_axis',(0.,0.,-1.));
#8382=DIRECTION('ref_axis',(-1.,0.,0.));
#8383=DIRECTION('center_axis',(0.,0.,1.));
#8384=DIRECTION('ref_axis',(1.,0.,0.));
#8385=DIRECTION('',(0.,0.,-1.));
#8386=DIRECTION('center_axis',(0.,0.,-1.));
#8387=DIRECTION('ref_axis',(1.,0.,0.));
#8388=DIRECTION('',(0.,0.,-1.));
#8389=DIRECTION('center_axis',(0.,0.,-1.));
#8390=DIRECTION('ref_axis',(-1.,0.,0.));
#8391=DIRECTION('center_axis',(0.,0.,1.));
#8392=DIRECTION('ref_axis',(1.,0.,0.));
#8393=DIRECTION('',(0.,0.,-1.));
#8394=DIRECTION('center_axis',(0.,0.,-1.));
#8395=DIRECTION('ref_axis',(1.,0.,0.));
#8396=DIRECTION('',(0.,0.,-1.));
#8397=DIRECTION('center_axis',(0.,0.,-1.));
#8398=DIRECTION('ref_axis',(-1.,0.,0.));
#8399=DIRECTION('center_axis',(0.,0.,1.));
#8400=DIRECTION('ref_axis',(1.,0.,0.));
#8401=DIRECTION('',(0.,0.,-1.));
#8402=DIRECTION('center_axis',(0.,0.,-1.));
#8403=DIRECTION('ref_axis',(1.,2.22044604925031E-14,0.));
#8404=DIRECTION('',(0.,0.,-1.));
#8405=DIRECTION('center_axis',(0.,0.,-1.));
#8406=DIRECTION('ref_axis',(-1.,0.,0.));
#8407=DIRECTION('center_axis',(0.,0.,1.));
#8408=DIRECTION('ref_axis',(1.,0.,0.));
#8409=DIRECTION('',(0.,0.,-1.));
#8410=DIRECTION('center_axis',(0.,0.,-1.));
#8411=DIRECTION('ref_axis',(1.,-3.64153152077051E-14,0.));
#8412=DIRECTION('',(0.,0.,-1.));
#8413=DIRECTION('center_axis',(0.,0.,-1.));
#8414=DIRECTION('ref_axis',(-1.,0.,0.));
#8415=DIRECTION('center_axis',(0.,0.,-1.));
#8416=DIRECTION('ref_axis',(1.,0.,0.));
#8417=DIRECTION('',(0.,0.,-1.));
#8418=DIRECTION('center_axis',(0.,0.,1.));
#8419=DIRECTION('ref_axis',(1.,0.,0.));
#8420=DIRECTION('',(0.,0.,-1.));
#8421=DIRECTION('center_axis',(0.,0.,-1.));
#8422=DIRECTION('ref_axis',(1.,0.,0.));
#8423=DIRECTION('center_axis',(0.,0.,-1.));
#8424=DIRECTION('ref_axis',(1.,0.,0.));
#8425=DIRECTION('center_axis',(0.,0.,-1.));
#8426=DIRECTION('ref_axis',(1.,0.,0.));
#8427=DIRECTION('center_axis',(0.,0.,-1.));
#8428=DIRECTION('ref_axis',(1.,0.,0.));
#8429=DIRECTION('center_axis',(0.,0.,-1.));
#8430=DIRECTION('ref_axis',(1.,0.,0.));
#8431=DIRECTION('center_axis',(0.,0.,-1.));
#8432=DIRECTION('ref_axis',(1.,0.,0.));
#8433=DIRECTION('center_axis',(0.,0.,-1.));
#8434=DIRECTION('ref_axis',(1.,0.,0.));
#8435=DIRECTION('center_axis',(0.,0.,-1.));
#8436=DIRECTION('ref_axis',(1.,0.,0.));
#8437=DIRECTION('center_axis',(0.,0.,-1.));
#8438=DIRECTION('ref_axis',(1.,0.,0.));
#8439=DIRECTION('center_axis',(0.,0.,-1.));
#8440=DIRECTION('ref_axis',(1.,0.,0.));
#8441=DIRECTION('center_axis',(0.,0.,-1.));
#8442=DIRECTION('ref_axis',(1.,0.,0.));
#8443=DIRECTION('center_axis',(0.,0.,-1.));
#8444=DIRECTION('ref_axis',(1.,0.,0.));
#8445=DIRECTION('center_axis',(0.,0.,-1.));
#8446=DIRECTION('ref_axis',(1.,0.,0.));
#8447=DIRECTION('center_axis',(0.,0.,-1.));
#8448=DIRECTION('ref_axis',(1.,0.,0.));
#8449=DIRECTION('center_axis',(0.,0.,-1.));
#8450=DIRECTION('ref_axis',(1.,0.,0.));
#8451=DIRECTION('center_axis',(0.,0.,-1.));
#8452=DIRECTION('ref_axis',(1.,0.,0.));
#8453=DIRECTION('center_axis',(0.,0.,-1.));
#8454=DIRECTION('ref_axis',(1.,0.,0.));
#8455=DIRECTION('center_axis',(0.,0.,-1.));
#8456=DIRECTION('ref_axis',(1.,0.,0.));
#8457=DIRECTION('center_axis',(0.,0.,-1.));
#8458=DIRECTION('ref_axis',(1.,0.,0.));
#8459=DIRECTION('center_axis',(0.,0.,1.));
#8460=DIRECTION('ref_axis',(-1.,0.,0.));
#8461=DIRECTION('center_axis',(0.,0.,1.));
#8462=DIRECTION('ref_axis',(-1.,0.,0.));
#8463=DIRECTION('center_axis',(0.,0.,1.));
#8464=DIRECTION('ref_axis',(-1.,0.,0.));
#8465=DIRECTION('center_axis',(0.,0.,1.));
#8466=DIRECTION('ref_axis',(-1.,0.,0.));
#8467=DIRECTION('center_axis',(0.,0.,1.));
#8468=DIRECTION('ref_axis',(-1.,0.,0.));
#8469=DIRECTION('center_axis',(0.,0.,1.));
#8470=DIRECTION('ref_axis',(-1.,0.,0.));
#8471=DIRECTION('center_axis',(0.,0.,1.));
#8472=DIRECTION('ref_axis',(-1.,0.,0.));
#8473=DIRECTION('center_axis',(0.,0.,1.));
#8474=DIRECTION('ref_axis',(-1.,0.,0.));
#8475=DIRECTION('center_axis',(0.,0.,1.));
#8476=DIRECTION('ref_axis',(-1.,0.,0.));
#8477=DIRECTION('center_axis',(0.,0.,1.));
#8478=DIRECTION('ref_axis',(-1.,0.,0.));
#8479=DIRECTION('center_axis',(0.,0.,1.));
#8480=DIRECTION('ref_axis',(-1.,0.,0.));
#8481=DIRECTION('center_axis',(0.,0.,1.));
#8482=DIRECTION('ref_axis',(-1.,0.,0.));
#8483=DIRECTION('center_axis',(0.,0.,1.));
#8484=DIRECTION('ref_axis',(-1.,0.,0.));
#8485=DIRECTION('center_axis',(0.,0.,1.));
#8486=DIRECTION('ref_axis',(-1.,0.,0.));
#8487=DIRECTION('center_axis',(0.,0.,1.));
#8488=DIRECTION('ref_axis',(-1.,0.,0.));
#8489=DIRECTION('center_axis',(0.,0.,1.));
#8490=DIRECTION('ref_axis',(-1.,0.,0.));
#8491=DIRECTION('center_axis',(0.,0.,1.));
#8492=DIRECTION('ref_axis',(-1.,0.,0.));
#8493=DIRECTION('center_axis',(0.,0.,1.));
#8494=DIRECTION('ref_axis',(-1.,0.,0.));
#8495=DIRECTION('center_axis',(0.,0.,1.));
#8496=DIRECTION('ref_axis',(-1.,0.,0.));
#8497=DIRECTION('center_axis',(0.,0.,-1.));
#8498=DIRECTION('ref_axis',(-1.,0.,0.));
#8499=DIRECTION('center_axis',(0.,0.,-1.));
#8500=DIRECTION('ref_axis',(1.,-1.4210854715202E-14,0.));
#8501=DIRECTION('',(0.,0.,-1.));
#8502=DIRECTION('center_axis',(0.,0.,1.));
#8503=DIRECTION('ref_axis',(1.,0.,0.));
#8504=DIRECTION('center_axis',(0.,0.,1.));
#8505=DIRECTION('ref_axis',(1.,0.,0.));
#8506=DIRECTION('',(0.,0.,-1.));
#8507=DIRECTION('center_axis',(0.,0.,1.));
#8508=DIRECTION('ref_axis',(1.,0.,0.));
#8509=DIRECTION('',(0.,0.,-1.));
#8510=DIRECTION('',(0.,0.,1.));
#8511=DIRECTION('center_axis',(0.,0.,1.));
#8512=DIRECTION('ref_axis',(1.,0.,0.));
#8513=DIRECTION('',(0.,0.,1.));
#8514=DIRECTION('center_axis',(0.,0.,-1.));
#8515=DIRECTION('ref_axis',(-1.,0.,0.));
#8516=DIRECTION('center_axis',(0.,0.,-1.));
#8517=DIRECTION('ref_axis',(-1.,0.,0.));
#8518=DIRECTION('center_axis',(0.,0.,-1.));
#8519=DIRECTION('ref_axis',(1.,0.,0.));
#8520=DIRECTION('center_axis',(0.,0.,1.));
#8521=DIRECTION('ref_axis',(-1.,0.,0.));
#8522=DIRECTION('center_axis',(0.,0.,1.));
#8523=DIRECTION('ref_axis',(1.,0.,0.));
#8524=DIRECTION('',(0.,0.,-1.));
#8525=DIRECTION('center_axis',(0.,0.,1.));
#8526=DIRECTION('ref_axis',(1.,0.,0.));
#8527=DIRECTION('',(0.,0.,1.));
#8528=DIRECTION('center_axis',(0.,0.,1.));
#8529=DIRECTION('ref_axis',(-0.998991492656416,0.0448998619163323,0.));
#8530=DIRECTION('',(0.,0.,-1.));
#8531=DIRECTION('center_axis',(0.,0.,1.));
#8532=DIRECTION('ref_axis',(1.,0.,0.));
#8533=DIRECTION('',(0.,0.,-1.));
#8534=DIRECTION('',(0.,0.,1.));
#8535=DIRECTION('center_axis',(0.,0.,1.));
#8536=DIRECTION('ref_axis',(1.,0.,0.));
#8537=DIRECTION('',(0.,0.,1.));
#8538=DIRECTION('center_axis',(0.,0.,1.));
#8539=DIRECTION('ref_axis',(1.,0.,0.));
#8540=DIRECTION('',(0.,0.,-1.));
#8541=DIRECTION('center_axis',(0.,0.,1.));
#8542=DIRECTION('ref_axis',(1.,0.,0.));
#8543=DIRECTION('',(0.,0.,-1.));
#8544=DIRECTION('',(0.,0.,1.));
#8545=DIRECTION('center_axis',(0.,0.,1.));
#8546=DIRECTION('ref_axis',(1.,0.,0.));
#8547=DIRECTION('',(0.,0.,1.));
#8548=DIRECTION('center_axis',(0.,0.,1.));
#8549=DIRECTION('ref_axis',(1.,0.,0.));
#8550=DIRECTION('',(0.,0.,-1.));
#8551=DIRECTION('center_axis',(0.,0.,1.));
#8552=DIRECTION('ref_axis',(1.,0.,0.));
#8553=DIRECTION('',(0.,0.,-1.));
#8554=DIRECTION('',(0.,0.,1.));
#8555=DIRECTION('center_axis',(0.,0.,1.));
#8556=DIRECTION('ref_axis',(1.,0.,0.));
#8557=DIRECTION('',(0.,0.,1.));
#8558=DIRECTION('center_axis',(0.,0.,1.));
#8559=DIRECTION('ref_axis',(1.,0.,0.));
#8560=DIRECTION('',(0.,0.,-1.));
#8561=DIRECTION('center_axis',(0.,0.,1.));
#8562=DIRECTION('ref_axis',(1.,0.,0.));
#8563=DIRECTION('',(0.,0.,-1.));
#8564=DIRECTION('',(0.,0.,1.));
#8565=DIRECTION('center_axis',(0.,0.,1.));
#8566=DIRECTION('ref_axis',(1.,0.,0.));
#8567=DIRECTION('',(0.,0.,1.));
#8568=DIRECTION('center_axis',(0.,0.,1.));
#8569=DIRECTION('ref_axis',(1.,0.,0.));
#8570=DIRECTION('',(0.,0.,-1.));
#8571=DIRECTION('center_axis',(0.,0.,1.));
#8572=DIRECTION('ref_axis',(-1.,1.03365165064662E-14,0.));
#8573=DIRECTION('',(0.,0.,-1.));
#8574=DIRECTION('',(0.,0.,1.));
#8575=DIRECTION('center_axis',(0.,0.,1.));
#8576=DIRECTION('ref_axis',(1.,0.,0.));
#8577=DIRECTION('',(0.,0.,1.));
#8578=DIRECTION('center_axis',(0.,0.,1.));
#8579=DIRECTION('ref_axis',(1.,0.,0.));
#8580=DIRECTION('',(0.,0.,-1.));
#8581=DIRECTION('center_axis',(0.,0.,1.));
#8582=DIRECTION('ref_axis',(1.,0.,0.));
#8583=DIRECTION('',(0.,0.,-1.));
#8584=DIRECTION('',(0.,0.,1.));
#8585=DIRECTION('center_axis',(0.,0.,1.));
#8586=DIRECTION('ref_axis',(1.,0.,0.));
#8587=DIRECTION('',(0.,0.,1.));
#8588=DIRECTION('center_axis',(0.,0.,1.));
#8589=DIRECTION('ref_axis',(1.,0.,0.));
#8590=DIRECTION('',(0.,0.,-1.));
#8591=DIRECTION('center_axis',(0.,0.,1.));
#8592=DIRECTION('ref_axis',(1.,0.,0.));
#8593=DIRECTION('',(0.,0.,-1.));
#8594=DIRECTION('',(0.,0.,1.));
#8595=DIRECTION('center_axis',(0.,0.,1.));
#8596=DIRECTION('ref_axis',(1.,0.,0.));
#8597=DIRECTION('',(0.,0.,1.));
#8598=DIRECTION('center_axis',(0.,0.,1.));
#8599=DIRECTION('ref_axis',(1.,0.,0.));
#8600=DIRECTION('',(0.,0.,-1.));
#8601=DIRECTION('center_axis',(0.,0.,1.));
#8602=DIRECTION('ref_axis',(1.,0.,0.));
#8603=DIRECTION('',(0.,0.,-1.));
#8604=DIRECTION('',(0.,0.,1.));
#8605=DIRECTION('center_axis',(0.,0.,1.));
#8606=DIRECTION('ref_axis',(1.,0.,0.));
#8607=DIRECTION('',(0.,0.,1.));
#8608=DIRECTION('center_axis',(0.,0.,1.));
#8609=DIRECTION('ref_axis',(1.,0.,0.));
#8610=DIRECTION('',(0.,0.,-1.));
#8611=DIRECTION('center_axis',(0.,0.,1.));
#8612=DIRECTION('ref_axis',(1.,0.,0.));
#8613=DIRECTION('',(0.,0.,-1.));
#8614=DIRECTION('',(0.,0.,1.));
#8615=DIRECTION('center_axis',(0.,0.,1.));
#8616=DIRECTION('ref_axis',(-0.998991492656417,-0.0448998619163108,0.));
#8617=DIRECTION('',(0.,0.,1.));
#8618=DIRECTION('center_axis',(0.,0.,1.));
#8619=DIRECTION('ref_axis',(1.,0.,0.));
#8620=DIRECTION('',(0.,0.,-1.));
#8621=DIRECTION('center_axis',(0.,0.,1.));
#8622=DIRECTION('ref_axis',(1.,0.,0.));
#8623=DIRECTION('',(0.,0.,-1.));
#8624=DIRECTION('',(0.,0.,1.));
#8625=DIRECTION('center_axis',(0.,0.,1.));
#8626=DIRECTION('ref_axis',(1.,0.,0.));
#8627=DIRECTION('',(0.,0.,1.));
#8628=DIRECTION('center_axis',(0.,0.,1.));
#8629=DIRECTION('ref_axis',(1.,0.,0.));
#8630=DIRECTION('center_axis',(0.,0.,1.));
#8631=DIRECTION('ref_axis',(1.,0.,0.));
#8632=DIRECTION('',(0.,0.,-1.));
#8633=DIRECTION('center_axis',(0.,0.,1.));
#8634=DIRECTION('ref_axis',(1.,0.,0.));
#8635=DIRECTION('',(0.,0.,1.));
#8636=DIRECTION('center_axis',(0.,0.,1.));
#8637=DIRECTION('ref_axis',(1.,0.,0.));
#8638=DIRECTION('center_axis',(0.,0.,1.));
#8639=DIRECTION('ref_axis',(1.,0.,0.));
#8640=DIRECTION('',(0.,0.,-1.));
#8641=DIRECTION('center_axis',(0.,0.,1.));
#8642=DIRECTION('ref_axis',(1.,0.,0.));
#8643=DIRECTION('',(0.,0.,1.));
#8644=DIRECTION('center_axis',(0.,0.,1.));
#8645=DIRECTION('ref_axis',(1.,0.,0.));
#8646=DIRECTION('center_axis',(0.,0.,1.));
#8647=DIRECTION('ref_axis',(1.,0.,0.));
#8648=DIRECTION('',(0.,0.,-1.));
#8649=DIRECTION('center_axis',(0.,0.,1.));
#8650=DIRECTION('ref_axis',(1.,0.,0.));
#8651=DIRECTION('',(0.,0.,1.));
#8652=DIRECTION('center_axis',(0.,0.,1.));
#8653=DIRECTION('ref_axis',(1.,0.,0.));
#8654=DIRECTION('',(0.,0.,-1.));
#8655=DIRECTION('center_axis',(0.,0.,1.));
#8656=DIRECTION('ref_axis',(1.,0.,0.));
#8657=DIRECTION('',(0.,0.,1.));
#8658=DIRECTION('center_axis',(0.,0.,1.));
#8659=DIRECTION('ref_axis',(1.,0.,0.));
#8660=DIRECTION('center_axis',(0.,0.,1.));
#8661=DIRECTION('ref_axis',(1.,0.,0.));
#8662=DIRECTION('center_axis',(0.,0.,1.));
#8663=DIRECTION('ref_axis',(1.,0.,0.));
#8664=DIRECTION('',(0.,0.,-1.));
#8665=DIRECTION('center_axis',(0.,0.,1.));
#8666=DIRECTION('ref_axis',(1.,0.,0.));
#8667=DIRECTION('',(0.,0.,1.));
#8668=DIRECTION('center_axis',(0.,0.,1.));
#8669=DIRECTION('ref_axis',(1.,0.,0.));
#8670=DIRECTION('center_axis',(0.,0.,1.));
#8671=DIRECTION('ref_axis',(1.,0.,0.));
#8672=DIRECTION('',(0.,0.,-1.));
#8673=DIRECTION('center_axis',(0.,0.,1.));
#8674=DIRECTION('ref_axis',(1.,0.,0.));
#8675=DIRECTION('',(0.,0.,1.));
#8676=DIRECTION('center_axis',(0.,0.,1.));
#8677=DIRECTION('ref_axis',(1.,0.,0.));
#8678=DIRECTION('center_axis',(0.,0.,1.));
#8679=DIRECTION('ref_axis',(1.,0.,0.));
#8680=DIRECTION('',(0.,0.,-1.));
#8681=DIRECTION('center_axis',(0.,0.,1.));
#8682=DIRECTION('ref_axis',(1.,0.,0.));
#8683=DIRECTION('',(0.,0.,1.));
#8684=DIRECTION('center_axis',(0.,0.,1.));
#8685=DIRECTION('ref_axis',(1.,0.,0.));
#8686=DIRECTION('center_axis',(0.,0.,-1.));
#8687=DIRECTION('ref_axis',(-1.,0.,0.));
#8688=DIRECTION('center_axis',(0.,0.,-1.));
#8689=DIRECTION('ref_axis',(-1.,0.,0.));
#8690=DIRECTION('center_axis',(0.,0.,-1.));
#8691=DIRECTION('ref_axis',(-1.,0.,0.));
#8692=DIRECTION('center_axis',(0.,0.,-1.));
#8693=DIRECTION('ref_axis',(-1.,0.,0.));
#8694=DIRECTION('center_axis',(0.,0.,-1.));
#8695=DIRECTION('ref_axis',(-1.,0.,0.));
#8696=DIRECTION('center_axis',(0.,0.,-1.));
#8697=DIRECTION('ref_axis',(-1.,0.,0.));
#8698=DIRECTION('center_axis',(0.,0.,-1.));
#8699=DIRECTION('ref_axis',(-1.,0.,0.));
#8700=DIRECTION('center_axis',(0.,0.,-1.));
#8701=DIRECTION('ref_axis',(-1.,0.,0.));
#8702=DIRECTION('center_axis',(0.,0.,-1.));
#8703=DIRECTION('ref_axis',(-1.,0.,0.));
#8704=DIRECTION('center_axis',(0.,0.,-1.));
#8705=DIRECTION('ref_axis',(-1.,0.,0.));
#8706=DIRECTION('center_axis',(0.,0.,-1.));
#8707=DIRECTION('ref_axis',(-1.,0.,0.));
#8708=DIRECTION('center_axis',(0.,0.,-1.));
#8709=DIRECTION('ref_axis',(0.854031767931729,0.520220856332582,0.));
#8710=DIRECTION('center_axis',(0.,0.,-1.));
#8711=DIRECTION('ref_axis',(-1.,0.,0.));
#8712=DIRECTION('center_axis',(0.,0.,-1.));
#8713=DIRECTION('ref_axis',(0.972989563449598,0.230849105300757,0.));
#8714=DIRECTION('center_axis',(0.,0.,-1.));
#8715=DIRECTION('ref_axis',(-1.,0.,0.));
#8716=DIRECTION('center_axis',(0.,0.,-1.));
#8717=DIRECTION('ref_axis',(0.996704361280103,-0.0811197645781959,0.));
#8718=DIRECTION('center_axis',(0.,0.,-1.));
#8719=DIRECTION('ref_axis',(-1.,0.,0.));
#8720=DIRECTION('center_axis',(0.,0.,-1.));
#8721=DIRECTION('ref_axis',(0.922854791780883,-0.385148066705603,0.));
#8722=DIRECTION('center_axis',(0.,0.,-1.));
#8723=DIRECTION('ref_axis',(0.758669765354741,0.651475392579476,0.));
#8724=DIRECTION('center_axis',(0.,0.,-1.));
#8725=DIRECTION('ref_axis',(0.758669765354728,-0.651475392579491,0.));
#8726=DIRECTION('center_axis',(0.,0.,-1.));
#8727=DIRECTION('ref_axis',(0.922854791780891,0.385148066705582,0.));
#8728=DIRECTION('center_axis',(0.,0.,-1.));
#8729=DIRECTION('ref_axis',(-1.,0.,0.));
#8730=DIRECTION('center_axis',(0.,0.,-1.));
#8731=DIRECTION('ref_axis',(0.996704361280105,0.0811197645781718,0.));
#8732=DIRECTION('center_axis',(0.,0.,-1.));
#8733=DIRECTION('ref_axis',(-1.,0.,0.));
#8734=DIRECTION('center_axis',(0.,0.,-1.));
#8735=DIRECTION('ref_axis',(0.972989563449594,-0.230849105300776,0.));
#8736=DIRECTION('center_axis',(0.,0.,-1.));
#8737=DIRECTION('ref_axis',(-1.,0.,0.));
#8738=DIRECTION('center_axis',(0.,0.,-1.));
#8739=DIRECTION('ref_axis',(0.854031767931721,-0.520220856332595,0.));
#8740=DIRECTION('center_axis',(0.,0.,-1.));
#8741=DIRECTION('ref_axis',(-1.,0.,0.));
#8742=DIRECTION('center_axis',(0.,0.,1.));
#8743=DIRECTION('ref_axis',(1.,0.,0.));
#8744=DIRECTION('center_axis',(0.,0.,1.));
#8745=DIRECTION('ref_axis',(1.,0.,0.));
#8746=DIRECTION('',(-0.707106781186548,8.65956056235494E-17,0.707106781186547));
#8747=DIRECTION('center_axis',(0.,0.,-1.));
#8748=DIRECTION('ref_axis',(1.,0.,0.));
#8749=DIRECTION('center_axis',(0.,0.,-1.));
#8750=DIRECTION('ref_axis',(1.,0.,0.));
#8751=DIRECTION('',(0.,0.,1.));
#8752=DIRECTION('center_axis',(0.,0.,1.));
#8753=DIRECTION('ref_axis',(1.,0.,0.));
#8754=DIRECTION('center_axis',(0.,0.,-1.));
#8755=DIRECTION('ref_axis',(1.04744440165294E-14,1.,0.));
#8756=DIRECTION('',(0.707106781186547,8.65956056235493E-17,-0.707106781186547));
#8757=DIRECTION('center_axis',(0.,0.,1.));
#8758=DIRECTION('ref_axis',(1.,0.,0.));
#8759=DIRECTION('center_axis',(0.,0.,-1.));
#8760=DIRECTION('ref_axis',(1.04744440165294E-14,1.,0.));
#8761=DIRECTION('center_axis',(0.,0.,-1.));
#8762=DIRECTION('ref_axis',(1.,0.,0.));
#8763=DIRECTION('center_axis',(0.,0.,-1.));
#8764=DIRECTION('ref_axis',(0.309016994374958,0.95105651629515,0.));
#8765=DIRECTION('center_axis',(0.,0.,-1.));
#8766=DIRECTION('ref_axis',(1.,0.,0.));
#8767=DIRECTION('center_axis',(0.,0.,-1.));
#8768=DIRECTION('ref_axis',(0.587785252292483,0.80901699437494,0.));
#8769=DIRECTION('center_axis',(0.,0.,-1.));
#8770=DIRECTION('ref_axis',(1.,0.,0.));
#8771=DIRECTION('center_axis',(0.,0.,-1.));
#8772=DIRECTION('ref_axis',(0.809016994374955,0.587785252292462,0.));
#8773=DIRECTION('center_axis',(0.,0.,-1.));
#8774=DIRECTION('ref_axis',(1.,0.,0.));
#8775=DIRECTION('center_axis',(0.,0.,-1.));
#8776=DIRECTION('ref_axis',(0.951056516295158,0.309016994374935,0.));
#8777=DIRECTION('center_axis',(0.,0.,-1.));
#8778=DIRECTION('ref_axis',(1.,0.,0.));
#8779=DIRECTION('center_axis',(0.,0.,-1.));
#8780=DIRECTION('ref_axis',(1.,0.,0.));
#8781=DIRECTION('center_axis',(0.,0.,-1.));
#8782=DIRECTION('ref_axis',(1.,0.,0.));
#8783=DIRECTION('center_axis',(0.,0.,-1.));
#8784=DIRECTION('ref_axis',(0.951056516295153,-0.309016994374948,0.));
#8785=DIRECTION('center_axis',(0.,0.,-1.));
#8786=DIRECTION('ref_axis',(1.,0.,0.));
#8787=DIRECTION('center_axis',(0.,0.,-1.));
#8788=DIRECTION('ref_axis',(0.809016994374947,-0.587785252292474,0.));
#8789=DIRECTION('center_axis',(0.,0.,-1.));
#8790=DIRECTION('ref_axis',(1.,0.,0.));
#8791=DIRECTION('center_axis',(0.,0.,-1.));
#8792=DIRECTION('ref_axis',(0.587785252292471,-0.809016994374949,0.));
#8793=DIRECTION('center_axis',(0.,0.,-1.));
#8794=DIRECTION('ref_axis',(1.,0.,0.));
#8795=DIRECTION('center_axis',(0.,0.,-1.));
#8796=DIRECTION('ref_axis',(0.309016994374945,-0.951056516295154,0.));
#8797=DIRECTION('center_axis',(0.,0.,-1.));
#8798=DIRECTION('ref_axis',(1.,0.,0.));
#8799=DIRECTION('center_axis',(0.,0.,-1.));
#8800=DIRECTION('ref_axis',(-3.49148133884313E-15,-1.,0.));
#8801=DIRECTION('center_axis',(0.,0.,-1.));
#8802=DIRECTION('ref_axis',(1.,0.,0.));
#8803=DIRECTION('center_axis',(0.,0.,-1.));
#8804=DIRECTION('ref_axis',(-0.309016994374952,-0.951056516295152,0.));
#8805=DIRECTION('center_axis',(0.,0.,-1.));
#8806=DIRECTION('ref_axis',(1.,0.,0.));
#8807=DIRECTION('center_axis',(0.,0.,-1.));
#8808=DIRECTION('ref_axis',(-0.587785252292477,-0.809016994374945,0.));
#8809=DIRECTION('center_axis',(0.,0.,-1.));
#8810=DIRECTION('ref_axis',(1.,0.,0.));
#8811=DIRECTION('center_axis',(0.,0.,-1.));
#8812=DIRECTION('ref_axis',(-0.809016994374951,-0.587785252292469,0.));
#8813=DIRECTION('center_axis',(0.,0.,-1.));
#8814=DIRECTION('ref_axis',(1.,0.,0.));
#8815=DIRECTION('center_axis',(0.,0.,-1.));
#8816=DIRECTION('ref_axis',(-0.951056516295156,-0.309016994374941,0.));
#8817=DIRECTION('center_axis',(0.,0.,-1.));
#8818=DIRECTION('ref_axis',(1.,0.,0.));
#8819=DIRECTION('center_axis',(0.,0.,-1.));
#8820=DIRECTION('ref_axis',(-1.,0.,0.));
#8821=DIRECTION('center_axis',(0.,0.,-1.));
#8822=DIRECTION('ref_axis',(1.,0.,0.));
#8823=DIRECTION('center_axis',(0.,0.,-1.));
#8824=DIRECTION('ref_axis',(-0.951056516295151,0.309016994374955,0.));
#8825=DIRECTION('center_axis',(0.,0.,-1.));
#8826=DIRECTION('ref_axis',(1.,0.,0.));
#8827=DIRECTION('center_axis',(0.,0.,-1.));
#8828=DIRECTION('ref_axis',(-0.809016994374942,0.58778525229248,0.));
#8829=DIRECTION('center_axis',(0.,0.,-1.));
#8830=DIRECTION('ref_axis',(1.,0.,0.));
#8831=DIRECTION('center_axis',(0.,0.,-1.));
#8832=DIRECTION('ref_axis',(-0.587785252292465,0.809016994374953,0.));
#8833=DIRECTION('center_axis',(0.,0.,-1.));
#8834=DIRECTION('ref_axis',(1.,0.,0.));
#8835=DIRECTION('center_axis',(0.,0.,-1.));
#8836=DIRECTION('ref_axis',(-0.309016994374938,0.951056516295157,0.));
#8837=DIRECTION('center_axis',(0.,0.,-1.));
#8838=DIRECTION('ref_axis',(1.,0.,0.));
#8839=DIRECTION('center_axis',(0.,0.,1.));
#8840=DIRECTION('ref_axis',(1.,0.,0.));
#8841=DIRECTION('center_axis',(0.,0.,1.));
#8842=DIRECTION('ref_axis',(1.,0.,0.));
#8843=DIRECTION('center_axis',(0.,0.,-1.));
#8844=DIRECTION('ref_axis',(1.02853988704314E-14,1.,0.));
#8845=DIRECTION('center_axis',(0.,0.,-1.));
#8846=DIRECTION('ref_axis',(1.,0.,0.));
#8847=DIRECTION('center_axis',(0.,0.,-1.));
#8848=DIRECTION('ref_axis',(-0.309016994374958,-0.95105651629515,0.));
#8849=DIRECTION('center_axis',(0.,0.,1.));
#8850=DIRECTION('ref_axis',(1.,0.,0.));
#8851=DIRECTION('center_axis',(0.,0.,1.));
#8852=DIRECTION('ref_axis',(1.,0.,0.));
#8853=DIRECTION('center_axis',(0.,0.,1.));
#8854=DIRECTION('ref_axis',(1.,0.,0.));
#8855=DIRECTION('center_axis',(0.,0.,-1.));
#8856=DIRECTION('ref_axis',(0.309016994374958,0.95105651629515,0.));
#8857=DIRECTION('center_axis',(0.,0.,-1.));
#8858=DIRECTION('ref_axis',(1.,0.,0.));
#8859=DIRECTION('center_axis',(0.,0.,-1.));
#8860=DIRECTION('ref_axis',(-0.587785252292483,-0.80901699437494,0.));
#8861=DIRECTION('center_axis',(0.,0.,1.));
#8862=DIRECTION('ref_axis',(1.,0.,0.));
#8863=DIRECTION('center_axis',(0.,0.,1.));
#8864=DIRECTION('ref_axis',(1.,0.,0.));
#8865=DIRECTION('center_axis',(0.,0.,1.));
#8866=DIRECTION('ref_axis',(1.,0.,0.));
#8867=DIRECTION('center_axis',(0.,0.,-1.));
#8868=DIRECTION('ref_axis',(-0.309016994374938,0.951056516295157,0.));
#8869=DIRECTION('center_axis',(0.,0.,-1.));
#8870=DIRECTION('ref_axis',(1.,-7.99360577730113E-15,0.));
#8871=DIRECTION('center_axis',(0.,0.,-1.));
#8872=DIRECTION('ref_axis',(-1.02853988704314E-14,-1.,0.));
#8873=DIRECTION('center_axis',(0.,0.,1.));
#8874=DIRECTION('ref_axis',(1.,0.,0.));
#8875=DIRECTION('center_axis',(0.,0.,1.));
#8876=DIRECTION('ref_axis',(1.,0.,0.));
#8877=DIRECTION('center_axis',(0.,0.,1.));
#8878=DIRECTION('ref_axis',(1.,0.,0.));
#8879=DIRECTION('center_axis',(0.,0.,-1.));
#8880=DIRECTION('ref_axis',(0.587785252292483,0.80901699437494,0.));
#8881=DIRECTION('center_axis',(0.,0.,-1.));
#8882=DIRECTION('ref_axis',(1.,1.06581410364015E-14,0.));
#8883=DIRECTION('center_axis',(0.,0.,-1.));
#8884=DIRECTION('ref_axis',(-0.809016994374955,-0.587785252292462,0.));
#8885=DIRECTION('center_axis',(0.,0.,1.));
#8886=DIRECTION('ref_axis',(1.,0.,0.));
#8887=DIRECTION('center_axis',(0.,0.,1.));
#8888=DIRECTION('ref_axis',(1.,0.,0.));
#8889=DIRECTION('center_axis',(0.,0.,1.));
#8890=DIRECTION('ref_axis',(1.,0.,0.));
#8891=DIRECTION('center_axis',(0.,0.,-1.));
#8892=DIRECTION('ref_axis',(-0.587785252292465,0.809016994374953,0.));
#8893=DIRECTION('center_axis',(0.,0.,-1.));
#8894=DIRECTION('ref_axis',(1.,0.,0.));
#8895=DIRECTION('center_axis',(0.,0.,-1.));
#8896=DIRECTION('ref_axis',(0.309016994374938,-0.951056516295157,0.));
#8897=DIRECTION('center_axis',(0.,0.,1.));
#8898=DIRECTION('ref_axis',(1.,0.,0.));
#8899=DIRECTION('center_axis',(0.,0.,1.));
#8900=DIRECTION('ref_axis',(1.,0.,0.));
#8901=DIRECTION('center_axis',(0.,0.,1.));
#8902=DIRECTION('ref_axis',(1.,0.,0.));
#8903=DIRECTION('center_axis',(0.,0.,-1.));
#8904=DIRECTION('ref_axis',(0.809016994374955,0.587785252292462,0.));
#8905=DIRECTION('center_axis',(0.,0.,-1.));
#8906=DIRECTION('ref_axis',(1.,-1.24344978758018E-14,0.));
#8907=DIRECTION('center_axis',(0.,0.,-1.));
#8908=DIRECTION('ref_axis',(-0.951056516295158,-0.309016994374935,0.));
#8909=DIRECTION('center_axis',(0.,0.,1.));
#8910=DIRECTION('ref_axis',(1.,0.,0.));
#8911=DIRECTION('center_axis',(0.,0.,1.));
#8912=DIRECTION('ref_axis',(1.,0.,0.));
#8913=DIRECTION('center_axis',(0.,0.,1.));
#8914=DIRECTION('ref_axis',(1.,0.,0.));
#8915=DIRECTION('center_axis',(0.,0.,-1.));
#8916=DIRECTION('ref_axis',(-0.809016994374942,0.58778525229248,0.));
#8917=DIRECTION('center_axis',(0.,0.,-1.));
#8918=DIRECTION('ref_axis',(1.,0.,0.));
#8919=DIRECTION('center_axis',(0.,0.,-1.));
#8920=DIRECTION('ref_axis',(0.587785252292465,-0.809016994374953,0.));
#8921=DIRECTION('center_axis',(0.,0.,1.));
#8922=DIRECTION('ref_axis',(1.,0.,0.));
#8923=DIRECTION('center_axis',(0.,0.,1.));
#8924=DIRECTION('ref_axis',(1.,0.,0.));
#8925=DIRECTION('center_axis',(0.,0.,1.));
#8926=DIRECTION('ref_axis',(1.,0.,0.));
#8927=DIRECTION('center_axis',(0.,0.,-1.));
#8928=DIRECTION('ref_axis',(0.951056516295158,0.309016994374935,0.));
#8929=DIRECTION('center_axis',(0.,0.,-1.));
#8930=DIRECTION('ref_axis',(1.,-1.24344978758018E-14,0.));
#8931=DIRECTION('center_axis',(0.,0.,-1.));
#8932=DIRECTION('ref_axis',(-1.,0.,0.));
#8933=DIRECTION('center_axis',(0.,0.,1.));
#8934=DIRECTION('ref_axis',(1.,0.,0.));
#8935=DIRECTION('center_axis',(0.,0.,1.));
#8936=DIRECTION('ref_axis',(1.,0.,0.));
#8937=DIRECTION('center_axis',(0.,0.,1.));
#8938=DIRECTION('ref_axis',(1.,0.,0.));
#8939=DIRECTION('center_axis',(0.,0.,-1.));
#8940=DIRECTION('ref_axis',(-0.951056516295151,0.309016994374955,0.));
#8941=DIRECTION('center_axis',(0.,0.,-1.));
#8942=DIRECTION('ref_axis',(1.,2.66453525910038E-15,0.));
#8943=DIRECTION('center_axis',(0.,0.,-1.));
#8944=DIRECTION('ref_axis',(0.809016994374942,-0.58778525229248,0.));
#8945=DIRECTION('center_axis',(0.,0.,1.));
#8946=DIRECTION('ref_axis',(1.,0.,0.));
#8947=DIRECTION('center_axis',(0.,0.,1.));
#8948=DIRECTION('ref_axis',(1.,0.,0.));
#8949=DIRECTION('center_axis',(0.,0.,1.));
#8950=DIRECTION('ref_axis',(1.,0.,0.));
#8951=DIRECTION('center_axis',(0.,0.,-1.));
#8952=DIRECTION('ref_axis',(1.,0.,0.));
#8953=DIRECTION('center_axis',(0.,0.,-1.));
#8954=DIRECTION('ref_axis',(1.,0.,0.));
#8955=DIRECTION('center_axis',(0.,0.,-1.));
#8956=DIRECTION('ref_axis',(-0.951056516295153,0.309016994374948,0.));
#8957=DIRECTION('center_axis',(0.,0.,1.));
#8958=DIRECTION('ref_axis',(1.,0.,0.));
#8959=DIRECTION('center_axis',(0.,0.,1.));
#8960=DIRECTION('ref_axis',(1.,0.,0.));
#8961=DIRECTION('center_axis',(0.,0.,1.));
#8962=DIRECTION('ref_axis',(1.,0.,0.));
#8963=DIRECTION('center_axis',(0.,0.,-1.));
#8964=DIRECTION('ref_axis',(-1.,0.,0.));
#8965=DIRECTION('center_axis',(0.,0.,-1.));
#8966=DIRECTION('ref_axis',(1.,0.,0.));
#8967=DIRECTION('center_axis',(0.,0.,-1.));
#8968=DIRECTION('ref_axis',(0.951056516295151,-0.309016994374955,0.));
#8969=DIRECTION('center_axis',(0.,0.,1.));
#8970=DIRECTION('ref_axis',(1.,0.,0.));
#8971=DIRECTION('center_axis',(0.,0.,1.));
#8972=DIRECTION('ref_axis',(1.,0.,0.));
#8973=DIRECTION('center_axis',(0.,0.,1.));
#8974=DIRECTION('ref_axis',(1.,0.,0.));
#8975=DIRECTION('center_axis',(0.,0.,-1.));
#8976=DIRECTION('ref_axis',(0.951056516295153,-0.309016994374948,0.));
#8977=DIRECTION('center_axis',(0.,0.,-1.));
#8978=DIRECTION('ref_axis',(1.,-3.01980662698043E-14,0.));
#8979=DIRECTION('center_axis',(0.,0.,-1.));
#8980=DIRECTION('ref_axis',(-0.809016994374947,0.587785252292474,0.));
#8981=DIRECTION('center_axis',(0.,0.,1.));
#8982=DIRECTION('ref_axis',(1.,0.,0.));
#8983=DIRECTION('center_axis',(0.,0.,1.));
#8984=DIRECTION('ref_axis',(1.,0.,0.));
#8985=DIRECTION('center_axis',(0.,0.,1.));
#8986=DIRECTION('ref_axis',(1.,0.,0.));
#8987=DIRECTION('center_axis',(0.,0.,-1.));
#8988=DIRECTION('ref_axis',(-0.951056516295156,-0.309016994374941,0.));
#8989=DIRECTION('center_axis',(0.,0.,-1.));
#8990=DIRECTION('ref_axis',(1.,0.,0.));
#8991=DIRECTION('center_axis',(0.,0.,-1.));
#8992=DIRECTION('ref_axis',(1.,0.,0.));
#8993=DIRECTION('center_axis',(0.,0.,1.));
#8994=DIRECTION('ref_axis',(1.,0.,0.));
#8995=DIRECTION('center_axis',(0.,0.,1.));
#8996=DIRECTION('ref_axis',(1.,0.,0.));
#8997=DIRECTION('center_axis',(0.,0.,1.));
#8998=DIRECTION('ref_axis',(1.,0.,0.));
#8999=DIRECTION('center_axis',(0.,0.,-1.));
#9000=DIRECTION('ref_axis',(0.809016994374947,-0.587785252292474,0.));
#9001=DIRECTION('center_axis',(0.,0.,-1.));
#9002=DIRECTION('ref_axis',(1.,0.,0.));
#9003=DIRECTION('center_axis',(0.,0.,-1.));
#9004=DIRECTION('ref_axis',(-0.587785252292471,0.809016994374949,0.));
#9005=DIRECTION('center_axis',(0.,0.,1.));
#9006=DIRECTION('ref_axis',(1.,0.,0.));
#9007=DIRECTION('center_axis',(0.,0.,1.));
#9008=DIRECTION('ref_axis',(1.,0.,0.));
#9009=DIRECTION('center_axis',(0.,0.,1.));
#9010=DIRECTION('ref_axis',(1.,0.,0.));
#9011=DIRECTION('center_axis',(0.,0.,-1.));
#9012=DIRECTION('ref_axis',(-0.809016994374951,-0.587785252292469,0.));
#9013=DIRECTION('center_axis',(0.,0.,-1.));
#9014=DIRECTION('ref_axis',(1.,0.,0.));
#9015=DIRECTION('center_axis',(0.,0.,-1.));
#9016=DIRECTION('ref_axis',(0.951056516295156,0.309016994374941,0.));
#9017=DIRECTION('center_axis',(0.,0.,1.));
#9018=DIRECTION('ref_axis',(1.,0.,0.));
#9019=DIRECTION('center_axis',(0.,0.,1.));
#9020=DIRECTION('ref_axis',(1.,0.,0.));
#9021=DIRECTION('center_axis',(0.,0.,1.));
#9022=DIRECTION('ref_axis',(1.,0.,0.));
#9023=DIRECTION('center_axis',(0.,0.,-1.));
#9024=DIRECTION('ref_axis',(0.587785252292471,-0.809016994374949,0.));
#9025=DIRECTION('center_axis',(0.,0.,-1.));
#9026=DIRECTION('ref_axis',(1.,-2.66453525910038E-15,0.));
#9027=DIRECTION('center_axis',(0.,0.,-1.));
#9028=DIRECTION('ref_axis',(-0.309016994374945,0.951056516295154,0.));
#9029=DIRECTION('center_axis',(0.,0.,1.));
#9030=DIRECTION('ref_axis',(1.,0.,0.));
#9031=DIRECTION('center_axis',(0.,0.,1.));
#9032=DIRECTION('ref_axis',(1.,0.,0.));
#9033=DIRECTION('center_axis',(0.,0.,1.));
#9034=DIRECTION('ref_axis',(1.,0.,0.));
#9035=DIRECTION('center_axis',(0.,0.,-1.));
#9036=DIRECTION('ref_axis',(-0.587785252292477,-0.809016994374945,0.));
#9037=DIRECTION('center_axis',(0.,0.,-1.));
#9038=DIRECTION('ref_axis',(1.,0.,0.));
#9039=DIRECTION('center_axis',(0.,0.,-1.));
#9040=DIRECTION('ref_axis',(0.809016994374951,0.587785252292468,0.));
#9041=DIRECTION('center_axis',(0.,0.,1.));
#9042=DIRECTION('ref_axis',(1.,0.,0.));
#9043=DIRECTION('center_axis',(0.,0.,1.));
#9044=DIRECTION('ref_axis',(1.,0.,0.));
#9045=DIRECTION('center_axis',(0.,0.,1.));
#9046=DIRECTION('ref_axis',(1.,0.,0.));
#9047=DIRECTION('center_axis',(0.,0.,-1.));
#9048=DIRECTION('ref_axis',(0.309016994374945,-0.951056516295154,0.));
#9049=DIRECTION('center_axis',(0.,0.,-1.));
#9050=DIRECTION('ref_axis',(1.,0.,0.));
#9051=DIRECTION('center_axis',(0.,0.,-1.));
#9052=DIRECTION('ref_axis',(3.56033037822624E-15,1.,0.));
#9053=DIRECTION('center_axis',(0.,0.,1.));
#9054=DIRECTION('ref_axis',(1.,0.,0.));
#9055=DIRECTION('center_axis',(0.,0.,1.));
#9056=DIRECTION('ref_axis',(1.,0.,0.));
#9057=DIRECTION('center_axis',(0.,0.,1.));
#9058=DIRECTION('ref_axis',(1.,0.,0.));
#9059=DIRECTION('center_axis',(0.,0.,-1.));
#9060=DIRECTION('ref_axis',(-0.309016994374951,-0.951056516295152,0.));
#9061=DIRECTION('center_axis',(0.,0.,-1.));
#9062=DIRECTION('ref_axis',(1.,0.,0.));
#9063=DIRECTION('center_axis',(0.,0.,-1.));
#9064=DIRECTION('ref_axis',(0.587785252292477,0.809016994374945,0.));
#9065=DIRECTION('center_axis',(0.,0.,1.));
#9066=DIRECTION('ref_axis',(1.,0.,0.));
#9067=DIRECTION('center_axis',(0.,0.,-1.));
#9068=DIRECTION('ref_axis',(1.,0.,0.));
#9069=DIRECTION('',(0.,0.,1.));
#9070=DIRECTION('center_axis',(0.,0.,-1.));
#9071=DIRECTION('ref_axis',(-1.,0.,0.));
#9072=DIRECTION('center_axis',(0.,0.,-1.));
#9073=DIRECTION('ref_axis',(-1.,0.,0.));
#9074=DIRECTION('',(0.,0.,-1.));
#9075=DIRECTION('center_axis',(0.,0.,-1.));
#9076=DIRECTION('ref_axis',(-1.,0.,0.));
#9077=DIRECTION('center_axis',(0.,0.,1.));
#9078=DIRECTION('ref_axis',(-1.,0.,0.));
#9079=DIRECTION('center_axis',(0.,0.,-1.));
#9080=DIRECTION('ref_axis',(-1.,0.,0.));
#9081=DIRECTION('center_axis',(0.,0.,-1.));
#9082=DIRECTION('ref_axis',(-1.,0.,0.));
#9083=DIRECTION('',(0.,0.,-1.));
#9084=DIRECTION('center_axis',(0.,0.,-1.));
#9085=DIRECTION('ref_axis',(-1.,0.,0.));
#9086=DIRECTION('center_axis',(0.,0.,1.));
#9087=DIRECTION('ref_axis',(-1.,0.,0.));
#9088=DIRECTION('center_axis',(0.,0.,-1.));
#9089=DIRECTION('ref_axis',(-1.,0.,0.));
#9090=DIRECTION('center_axis',(0.,0.,-1.));
#9091=DIRECTION('ref_axis',(-1.,0.,0.));
#9092=DIRECTION('',(0.,0.,-1.));
#9093=DIRECTION('center_axis',(0.,0.,-1.));
#9094=DIRECTION('ref_axis',(-1.,0.,0.));
#9095=DIRECTION('center_axis',(0.,0.,1.));
#9096=DIRECTION('ref_axis',(-1.,0.,0.));
#9097=DIRECTION('center_axis',(0.,0.,-1.));
#9098=DIRECTION('ref_axis',(-1.,0.,0.));
#9099=DIRECTION('center_axis',(0.,0.,-1.));
#9100=DIRECTION('ref_axis',(-1.,0.,0.));
#9101=DIRECTION('',(0.,0.,-1.));
#9102=DIRECTION('center_axis',(0.,0.,-1.));
#9103=DIRECTION('ref_axis',(-1.,0.,0.));
#9104=DIRECTION('center_axis',(0.,0.,1.));
#9105=DIRECTION('ref_axis',(-1.,0.,0.));
#9106=DIRECTION('center_axis',(0.,0.,-1.));
#9107=DIRECTION('ref_axis',(-1.,0.,0.));
#9108=DIRECTION('center_axis',(0.,0.,-1.));
#9109=DIRECTION('ref_axis',(-1.,0.,0.));
#9110=DIRECTION('',(0.,0.,-1.));
#9111=DIRECTION('center_axis',(0.,0.,-1.));
#9112=DIRECTION('ref_axis',(-1.,0.,0.));
#9113=DIRECTION('center_axis',(0.,0.,1.));
#9114=DIRECTION('ref_axis',(-1.,0.,0.));
#9115=DIRECTION('center_axis',(0.,0.,-1.));
#9116=DIRECTION('ref_axis',(-1.,0.,0.));
#9117=DIRECTION('center_axis',(0.,0.,-1.));
#9118=DIRECTION('ref_axis',(1.,0.,0.));
#9119=DIRECTION('',(0.,0.,1.));
#9120=DIRECTION('',(0.,0.,-1.));
#9121=DIRECTION('center_axis',(0.,0.,-1.));
#9122=DIRECTION('ref_axis',(-1.,0.,0.));
#9123=DIRECTION('center_axis',(0.,0.,-1.));
#9124=DIRECTION('ref_axis',(1.,-2.89120579329468E-15,0.));
#9125=DIRECTION('',(0.,0.,1.));
#9126=DIRECTION('',(0.,0.,-1.));
#9127=DIRECTION('center_axis',(0.,0.,-1.));
#9128=DIRECTION('ref_axis',(-1.,0.,0.));
#9129=DIRECTION('center_axis',(0.,0.,-1.));
#9130=DIRECTION('ref_axis',(1.,2.89120579329468E-15,0.));
#9131=DIRECTION('',(0.,0.,1.));
#9132=DIRECTION('',(0.,0.,-1.));
#9133=DIRECTION('center_axis',(0.,0.,-1.));
#9134=DIRECTION('ref_axis',(-1.,0.,0.));
#9135=DIRECTION('center_axis',(0.,0.,-1.));
#9136=DIRECTION('ref_axis',(1.,2.45752492430048E-14,0.));
#9137=DIRECTION('',(0.,0.,1.));
#9138=DIRECTION('',(0.,0.,-1.));
#9139=DIRECTION('center_axis',(0.,0.,-1.));
#9140=DIRECTION('ref_axis',(-1.,0.,0.));
#9141=DIRECTION('center_axis',(0.,0.,-1.));
#9142=DIRECTION('ref_axis',(1.,-1.80700362080917E-15,0.));
#9143=DIRECTION('',(0.,0.,1.));
#9144=DIRECTION('',(0.,0.,-1.));
#9145=DIRECTION('center_axis',(0.,0.,-1.));
#9146=DIRECTION('ref_axis',(-1.,0.,0.));
#9147=DIRECTION('center_axis',(0.,0.,-1.));
#9148=DIRECTION('ref_axis',(1.,0.,0.));
#9149=DIRECTION('',(0.,0.,1.));
#9150=DIRECTION('center_axis',(0.,0.,1.));
#9151=DIRECTION('ref_axis',(1.,0.,0.));
#9152=DIRECTION('',(0.,0.,-1.));
#9153=DIRECTION('center_axis',(0.,0.,-1.));
#9154=DIRECTION('ref_axis',(-1.,0.,0.));
#9155=DIRECTION('center_axis',(0.,0.,-1.));
#9156=DIRECTION('ref_axis',(1.,-1.44560289664734E-15,0.));
#9157=DIRECTION('',(0.,0.,1.));
#9158=DIRECTION('',(0.,0.,-1.));
#9159=DIRECTION('center_axis',(0.,0.,-1.));
#9160=DIRECTION('ref_axis',(-1.,0.,0.));
#9161=DIRECTION('center_axis',(0.,0.,-1.));
#9162=DIRECTION('ref_axis',(1.,0.,0.));
#9163=DIRECTION('',(0.,0.,1.));
#9164=DIRECTION('',(0.,0.,-1.));
#9165=DIRECTION('center_axis',(0.,0.,-1.));
#9166=DIRECTION('ref_axis',(-1.,0.,0.));
#9167=DIRECTION('center_axis',(0.,0.,-1.));
#9168=DIRECTION('ref_axis',(1.,5.78241158658936E-15,0.));
#9169=DIRECTION('',(0.,0.,1.));
#9170=DIRECTION('',(0.,0.,-1.));
#9171=DIRECTION('center_axis',(0.,0.,-1.));
#9172=DIRECTION('ref_axis',(-1.,0.,0.));
#9173=DIRECTION('center_axis',(0.,0.,-1.));
#9174=DIRECTION('ref_axis',(1.,5.78241158658936E-15,0.));
#9175=DIRECTION('',(0.,0.,1.));
#9176=DIRECTION('',(0.,0.,-1.));
#9177=DIRECTION('center_axis',(0.,0.,1.));
#9178=DIRECTION('ref_axis',(1.,0.,0.));
#9179=DIRECTION('center_axis',(0.,0.,-1.));
#9180=DIRECTION('ref_axis',(-3.49148133884313E-15,-1.,0.));
#9181=DIRECTION('center_axis',(0.,0.,1.));
#9182=DIRECTION('ref_axis',(1.,0.,0.));
#9183=DIRECTION('center_axis',(0.,0.,-1.));
#9184=DIRECTION('ref_axis',(-0.951056516295156,-0.309016994374941,0.));
#9185=DIRECTION('',(0.,0.,1.));
#9186=DIRECTION('center_axis',(0.,0.,1.));
#9187=DIRECTION('ref_axis',(1.,0.,0.));
#9188=DIRECTION('',(0.,0.,1.));
#9189=DIRECTION('center_axis',(0.,0.,-1.));
#9190=DIRECTION('ref_axis',(-0.951056516295153,0.309016994374948,0.));
#9191=DIRECTION('center_axis',(0.,0.,1.));
#9192=DIRECTION('ref_axis',(1.,0.,0.));
#9193=DIRECTION('center_axis',(0.,0.,-1.));
#9194=DIRECTION('ref_axis',(0.587785252292471,-0.809016994374949,0.));
#9195=DIRECTION('center_axis',(0.,0.,-1.));
#9196=DIRECTION('ref_axis',(1.,-2.89120579329468E-15,0.));
#9197=DIRECTION('center_axis',(0.,0.,-1.));
#9198=DIRECTION('ref_axis',(0.587785252292471,-0.809016994374949,0.));
#9199=DIRECTION('center_axis',(0.,0.,-1.));
#9200=DIRECTION('ref_axis',(-0.587785252292471,0.809016994374949,0.));
#9201=DIRECTION('center_axis',(0.,0.,1.));
#9202=DIRECTION('ref_axis',(1.,0.,0.));
#9203=DIRECTION('center_axis',(0.,0.,-1.));
#9204=DIRECTION('ref_axis',(0.809016994374947,-0.587785252292474,0.));
#9205=DIRECTION('center_axis',(0.,0.,-1.));
#9206=DIRECTION('ref_axis',(1.,2.89120579329468E-15,0.));
#9207=DIRECTION('center_axis',(0.,0.,-1.));
#9208=DIRECTION('ref_axis',(0.809016994374947,-0.587785252292474,0.));
#9209=DIRECTION('center_axis',(0.,0.,-1.));
#9210=DIRECTION('ref_axis',(-0.809016994374947,0.587785252292474,0.));
#9211=DIRECTION('center_axis',(0.,0.,1.));
#9212=DIRECTION('ref_axis',(1.,0.,0.));
#9213=DIRECTION('center_axis',(0.,0.,-1.));
#9214=DIRECTION('ref_axis',(0.951056516295153,-0.309016994374948,0.));
#9215=DIRECTION('center_axis',(0.,0.,-1.));
#9216=DIRECTION('ref_axis',(1.,0.,0.));
#9217=DIRECTION('center_axis',(0.,0.,-1.));
#9218=DIRECTION('ref_axis',(0.951056516295153,-0.309016994374948,0.));
#9219=DIRECTION('center_axis',(0.,0.,1.));
#9220=DIRECTION('ref_axis',(1.,0.,0.));
#9221=DIRECTION('center_axis',(0.,0.,-1.));
#9222=DIRECTION('ref_axis',(1.,0.,0.));
#9223=DIRECTION('center_axis',(0.,0.,-1.));
#9224=DIRECTION('ref_axis',(1.,0.,0.));
#9225=DIRECTION('center_axis',(0.,0.,-1.));
#9226=DIRECTION('ref_axis',(1.,0.,0.));
#9227=DIRECTION('center_axis',(0.,0.,-1.));
#9228=DIRECTION('ref_axis',(1.,0.,0.));
#9229=DIRECTION('center_axis',(0.,0.,-1.));
#9230=DIRECTION('ref_axis',(-1.,0.,0.));
#9231=DIRECTION('center_axis',(0.,0.,1.));
#9232=DIRECTION('ref_axis',(1.,0.,0.));
#9233=DIRECTION('center_axis',(0.,0.,-1.));
#9234=DIRECTION('ref_axis',(0.951056516295158,0.309016994374935,0.));
#9235=DIRECTION('center_axis',(0.,0.,-1.));
#9236=DIRECTION('ref_axis',(1.,0.,0.));
#9237=DIRECTION('center_axis',(0.,0.,-1.));
#9238=DIRECTION('ref_axis',(0.951056516295158,0.309016994374935,0.));
#9239=DIRECTION('center_axis',(0.,0.,-1.));
#9240=DIRECTION('ref_axis',(1.,-5.78241158658936E-15,0.));
#9241=DIRECTION('center_axis',(0.,0.,-1.));
#9242=DIRECTION('ref_axis',(-0.951056516295158,-0.309016994374935,0.));
#9243=DIRECTION('center_axis',(0.,0.,1.));
#9244=DIRECTION('ref_axis',(1.,0.,0.));
#9245=DIRECTION('center_axis',(0.,0.,-1.));
#9246=DIRECTION('ref_axis',(0.809016994374955,0.587785252292462,0.));
#9247=DIRECTION('center_axis',(0.,0.,-1.));
#9248=DIRECTION('ref_axis',(1.,0.,0.));
#9249=DIRECTION('center_axis',(0.,0.,-1.));
#9250=DIRECTION('ref_axis',(0.809016994374955,0.587785252292462,0.));
#9251=DIRECTION('center_axis',(0.,0.,-1.));
#9252=DIRECTION('ref_axis',(1.,0.,0.));
#9253=DIRECTION('center_axis',(0.,0.,-1.));
#9254=DIRECTION('ref_axis',(-0.809016994374955,-0.587785252292462,0.));
#9255=DIRECTION('center_axis',(0.,0.,1.));
#9256=DIRECTION('ref_axis',(1.,0.,0.));
#9257=DIRECTION('center_axis',(0.,0.,-1.));
#9258=DIRECTION('ref_axis',(0.587785252292483,0.80901699437494,0.));
#9259=DIRECTION('center_axis',(0.,0.,-1.));
#9260=DIRECTION('ref_axis',(1.,8.67361737988404E-15,0.));
#9261=DIRECTION('center_axis',(0.,0.,-1.));
#9262=DIRECTION('ref_axis',(0.587785252292483,0.80901699437494,0.));
#9263=DIRECTION('center_axis',(0.,0.,-1.));
#9264=DIRECTION('ref_axis',(1.,0.,0.));
#9265=DIRECTION('center_axis',(0.,0.,-1.));
#9266=DIRECTION('ref_axis',(-0.587785252292483,-0.80901699437494,0.));
#9267=DIRECTION('center_axis',(0.,0.,1.));
#9268=DIRECTION('ref_axis',(1.,0.,0.));
#9269=DIRECTION('center_axis',(0.,0.,-1.));
#9270=DIRECTION('ref_axis',(0.309016994374958,0.95105651629515,0.));
#9271=DIRECTION('center_axis',(0.,0.,-1.));
#9272=DIRECTION('ref_axis',(1.,0.,0.));
#9273=DIRECTION('center_axis',(0.,0.,-1.));
#9274=DIRECTION('ref_axis',(0.309016994374958,0.95105651629515,0.));
#9275=DIRECTION('center_axis',(0.,0.,-1.));
#9276=DIRECTION('ref_axis',(1.,0.,0.));
#9277=DIRECTION('center_axis',(0.,0.,-1.));
#9278=DIRECTION('ref_axis',(-0.309016994374958,-0.95105651629515,0.));
#9279=DIRECTION('center_axis',(0.,0.,1.));
#9280=DIRECTION('ref_axis',(1.,0.,0.));
#9281=DIRECTION('center_axis',(0.,0.,-1.));
#9282=DIRECTION('ref_axis',(1.02853988704314E-14,1.,0.));
#9283=DIRECTION('center_axis',(0.,0.,-1.));
#9284=DIRECTION('ref_axis',(1.,0.,0.));
#9285=DIRECTION('center_axis',(0.,0.,-1.));
#9286=DIRECTION('ref_axis',(1.04744440165294E-14,1.,0.));
#9287=DIRECTION('center_axis',(0.,0.,-1.));
#9288=DIRECTION('ref_axis',(1.,0.,0.));
#9289=DIRECTION('center_axis',(0.,0.,-1.));
#9290=DIRECTION('ref_axis',(-1.02853988704314E-14,-1.,0.));
#9291=DIRECTION('center_axis',(0.,0.,1.));
#9292=DIRECTION('ref_axis',(1.,0.,0.));
#9293=DIRECTION('center_axis',(0.,0.,-1.));
#9294=DIRECTION('ref_axis',(-0.309016994374938,0.951056516295157,0.));
#9295=DIRECTION('center_axis',(0.,0.,-1.));
#9296=DIRECTION('ref_axis',(1.,2.89120579329468E-15,0.));
#9297=DIRECTION('center_axis',(0.,0.,-1.));
#9298=DIRECTION('ref_axis',(-0.309016994374938,0.951056516295157,0.));
#9299=DIRECTION('center_axis',(0.,0.,-1.));
#9300=DIRECTION('ref_axis',(1.,-7.2280144832367E-15,0.));
#9301=DIRECTION('center_axis',(0.,0.,-1.));
#9302=DIRECTION('ref_axis',(0.309016994374938,-0.951056516295157,0.));
#9303=DIRECTION('center_axis',(0.,0.,1.));
#9304=DIRECTION('ref_axis',(1.,0.,0.));
#9305=DIRECTION('center_axis',(0.,0.,-1.));
#9306=DIRECTION('ref_axis',(-0.587785252292465,0.809016994374953,0.));
#9307=DIRECTION('center_axis',(0.,0.,-1.));
#9308=DIRECTION('ref_axis',(1.,2.89120579329468E-15,0.));
#9309=DIRECTION('center_axis',(0.,0.,-1.));
#9310=DIRECTION('ref_axis',(-0.587785252292465,0.809016994374953,0.));
#9311=DIRECTION('center_axis',(0.,0.,-1.));
#9312=DIRECTION('ref_axis',(1.,2.89120579329468E-15,0.));
#9313=DIRECTION('center_axis',(0.,0.,-1.));
#9314=DIRECTION('ref_axis',(0.587785252292465,-0.809016994374953,0.));
#9315=DIRECTION('center_axis',(0.,0.,1.));
#9316=DIRECTION('ref_axis',(1.,0.,0.));
#9317=DIRECTION('center_axis',(0.,0.,-1.));
#9318=DIRECTION('ref_axis',(-0.809016994374942,0.58778525229248,0.));
#9319=DIRECTION('center_axis',(0.,0.,-1.));
#9320=DIRECTION('ref_axis',(1.,-2.89120579329468E-15,0.));
#9321=DIRECTION('center_axis',(0.,0.,-1.));
#9322=DIRECTION('ref_axis',(-0.809016994374942,0.58778525229248,0.));
#9323=DIRECTION('center_axis',(0.,0.,-1.));
#9324=DIRECTION('ref_axis',(1.,2.89120579329468E-15,0.));
#9325=DIRECTION('center_axis',(0.,0.,-1.));
#9326=DIRECTION('ref_axis',(0.809016994374942,-0.58778525229248,0.));
#9327=DIRECTION('center_axis',(0.,0.,1.));
#9328=DIRECTION('ref_axis',(1.,0.,0.));
#9329=DIRECTION('center_axis',(0.,0.,-1.));
#9330=DIRECTION('ref_axis',(-0.951056516295151,0.309016994374955,0.));
#9331=DIRECTION('center_axis',(0.,0.,-1.));
#9332=DIRECTION('ref_axis',(1.,0.,0.));
#9333=DIRECTION('center_axis',(0.,0.,-1.));
#9334=DIRECTION('ref_axis',(-0.951056516295151,0.309016994374955,0.));
#9335=DIRECTION('center_axis',(0.,0.,-1.));
#9336=DIRECTION('ref_axis',(1.,5.78241158658936E-15,0.));
#9337=DIRECTION('center_axis',(0.,0.,-1.));
#9338=DIRECTION('ref_axis',(0.951056516295151,-0.309016994374955,0.));
#9339=DIRECTION('center_axis',(0.,0.,1.));
#9340=DIRECTION('ref_axis',(1.,0.,0.));
#9341=DIRECTION('center_axis',(0.,0.,-1.));
#9342=DIRECTION('ref_axis',(-1.,0.,0.));
#9343=DIRECTION('center_axis',(0.,0.,-1.));
#9344=DIRECTION('ref_axis',(1.,0.,0.));
#9345=DIRECTION('center_axis',(0.,0.,-1.));
#9346=DIRECTION('ref_axis',(-1.,0.,0.));
#9347=DIRECTION('center_axis',(0.,0.,-1.));
#9348=DIRECTION('ref_axis',(1.,0.,0.));
#9349=DIRECTION('center_axis',(0.,0.,-1.));
#9350=DIRECTION('ref_axis',(1.,0.,0.));
#9351=DIRECTION('center_axis',(0.,0.,1.));
#9352=DIRECTION('ref_axis',(1.,0.,0.));
#9353=DIRECTION('center_axis',(0.,0.,-1.));
#9354=DIRECTION('ref_axis',(-0.951056516295156,-0.309016994374941,0.));
#9355=DIRECTION('center_axis',(0.,0.,-1.));
#9356=DIRECTION('ref_axis',(1.,-5.78241158658936E-15,0.));
#9357=DIRECTION('center_axis',(0.,0.,-1.));
#9358=DIRECTION('ref_axis',(0.951056516295156,0.309016994374941,0.));
#9359=DIRECTION('center_axis',(0.,0.,1.));
#9360=DIRECTION('ref_axis',(1.,0.,0.));
#9361=DIRECTION('center_axis',(0.,0.,-1.));
#9362=DIRECTION('ref_axis',(-0.809016994374951,-0.587785252292469,0.));
#9363=DIRECTION('center_axis',(0.,0.,-1.));
#9364=DIRECTION('ref_axis',(-0.809016994374951,-0.587785252292469,0.));
#9365=DIRECTION('center_axis',(0.,0.,-1.));
#9366=DIRECTION('ref_axis',(1.,-2.89120579329468E-15,0.));
#9367=DIRECTION('center_axis',(0.,0.,-1.));
#9368=DIRECTION('ref_axis',(0.809016994374951,0.587785252292468,0.));
#9369=DIRECTION('center_axis',(0.,0.,1.));
#9370=DIRECTION('ref_axis',(1.,0.,0.));
#9371=DIRECTION('center_axis',(0.,0.,-1.));
#9372=DIRECTION('ref_axis',(-0.587785252292477,-0.809016994374945,0.));
#9373=DIRECTION('center_axis',(0.,0.,-1.));
#9374=DIRECTION('ref_axis',(-0.587785252292477,-0.809016994374945,0.));
#9375=DIRECTION('center_axis',(0.,0.,-1.));
#9376=DIRECTION('ref_axis',(1.,5.78241158658936E-15,0.));
#9377=DIRECTION('center_axis',(0.,0.,-1.));
#9378=DIRECTION('ref_axis',(0.587785252292477,0.809016994374945,0.));
#9379=DIRECTION('center_axis',(0.,0.,1.));
#9380=DIRECTION('ref_axis',(1.,0.,0.));
#9381=DIRECTION('center_axis',(0.,0.,-1.));
#9382=DIRECTION('ref_axis',(-0.309016994374951,-0.951056516295152,0.));
#9383=DIRECTION('center_axis',(0.,0.,-1.));
#9384=DIRECTION('ref_axis',(-0.309016994374952,-0.951056516295152,0.));
#9385=DIRECTION('center_axis',(0.,0.,-1.));
#9386=DIRECTION('ref_axis',(1.,1.44560289664734E-15,0.));
#9387=DIRECTION('center_axis',(0.,0.,-1.));
#9388=DIRECTION('ref_axis',(0.309016994374952,0.951056516295152,0.));
#9389=DIRECTION('center_axis',(0.,0.,1.));
#9390=DIRECTION('ref_axis',(1.,0.,0.));
#9391=DIRECTION('center_axis',(0.,0.,-1.));
#9392=DIRECTION('ref_axis',(-3.56033037822624E-15,-1.,0.));
#9393=DIRECTION('center_axis',(0.,0.,-1.));
#9394=DIRECTION('ref_axis',(3.56033037822624E-15,1.,0.));
#9395=DIRECTION('center_axis',(0.,0.,1.));
#9396=DIRECTION('ref_axis',(1.,0.,0.));
#9397=DIRECTION('center_axis',(0.,0.,-1.));
#9398=DIRECTION('ref_axis',(0.309016994374945,-0.951056516295154,0.));
#9399=DIRECTION('center_axis',(0.,0.,-1.));
#9400=DIRECTION('ref_axis',(1.,-1.44560289664734E-15,0.));
#9401=DIRECTION('center_axis',(0.,0.,-1.));
#9402=DIRECTION('ref_axis',(0.309016994374945,-0.951056516295154,0.));
#9403=DIRECTION('center_axis',(0.,0.,-1.));
#9404=DIRECTION('ref_axis',(-0.309016994374945,0.951056516295154,0.));
#9405=DIRECTION('center_axis',(0.,0.,1.));
#9406=DIRECTION('ref_axis',(1.,0.,0.));
#9407=DIRECTION('center_axis',(0.,0.,1.));
#9408=DIRECTION('ref_axis',(1.,0.,0.));
#9409=DIRECTION('center_axis',(0.,0.,-1.));
#9410=DIRECTION('ref_axis',(-3.56033037822624E-15,-1.,0.));
#9411=DIRECTION('center_axis',(0.,0.,-1.));
#9412=DIRECTION('ref_axis',(1.,0.,0.));
#9413=DIRECTION('center_axis',(0.,0.,-1.));
#9414=DIRECTION('ref_axis',(0.309016994374952,0.951056516295152,0.));
#9415=DIRECTION('center_axis',(0.,0.,1.));
#9416=DIRECTION('ref_axis',(1.,0.,0.));
#9417=DIRECTION('center_axis',(0.,0.,-1.));
#9418=DIRECTION('ref_axis',(-1.,0.,0.));
#9419=DIRECTION('center_axis',(0.,0.,1.));
#9420=DIRECTION('ref_axis',(1.,0.,0.));
#9421=DIRECTION('',(0.,0.,1.));
#9422=DIRECTION('center_axis',(0.,0.,-1.));
#9423=DIRECTION('ref_axis',(1.,-1.95399252334028E-14,0.));
#9424=DIRECTION('',(0.,0.,1.));
#9425=DIRECTION('center_axis',(0.,0.,-1.));
#9426=DIRECTION('ref_axis',(-1.,0.,0.));
#9427=DIRECTION('center_axis',(0.,0.,-1.));
#9428=DIRECTION('ref_axis',(1.,8.88178419700125E-16,0.));
#9429=DIRECTION('',(0.,0.,1.));
#9430=DIRECTION('center_axis',(0.,0.,1.));
#9431=DIRECTION('ref_axis',(1.,0.,0.));
#9432=DIRECTION('',(0.,0.,1.));
#9433=DIRECTION('center_axis',(0.,0.,-1.));
#9434=DIRECTION('ref_axis',(-1.,0.,0.));
#9435=DIRECTION('center_axis',(0.,0.,1.));
#9436=DIRECTION('ref_axis',(1.,0.,0.));
#9437=DIRECTION('',(0.,0.,1.));
#9438=DIRECTION('center_axis',(0.,0.,-1.));
#9439=DIRECTION('ref_axis',(1.,-8.88178419700125E-16,0.));
#9440=DIRECTION('',(0.,0.,1.));
#9441=DIRECTION('center_axis',(0.,0.,-1.));
#9442=DIRECTION('ref_axis',(-1.,0.,0.));
#9443=DIRECTION('center_axis',(0.,0.,1.));
#9444=DIRECTION('ref_axis',(1.,0.,0.));
#9445=DIRECTION('',(0.,0.,1.));
#9446=DIRECTION('center_axis',(0.,0.,-1.));
#9447=DIRECTION('ref_axis',(1.,0.,0.));
#9448=DIRECTION('',(0.,0.,1.));
#9449=DIRECTION('center_axis',(0.,0.,-1.));
#9450=DIRECTION('ref_axis',(-1.,0.,0.));
#9451=DIRECTION('center_axis',(0.,0.,1.));
#9452=DIRECTION('ref_axis',(1.,0.,0.));
#9453=DIRECTION('center_axis',(0.,0.,-1.));
#9454=DIRECTION('ref_axis',(1.,0.,0.));
#9455=DIRECTION('',(0.,0.,1.));
#9456=DIRECTION('center_axis',(0.,0.,-1.));
#9457=DIRECTION('ref_axis',(-1.,0.,0.));
#9458=DIRECTION('center_axis',(0.,0.,-1.));
#9459=DIRECTION('ref_axis',(1.,0.,0.));
#9460=DIRECTION('',(0.,0.,1.));
#9461=DIRECTION('center_axis',(0.,0.,1.));
#9462=DIRECTION('ref_axis',(1.,0.,0.));
#9463=DIRECTION('',(0.,0.,1.));
#9464=DIRECTION('center_axis',(0.,0.,-1.));
#9465=DIRECTION('ref_axis',(-1.,0.,0.));
#9466=DIRECTION('center_axis',(0.,0.,-1.));
#9467=DIRECTION('ref_axis',(1.,0.,0.));
#9468=DIRECTION('',(0.,0.,1.));
#9469=DIRECTION('center_axis',(0.,0.,1.));
#9470=DIRECTION('ref_axis',(1.,0.,0.));
#9471=DIRECTION('',(0.,0.,1.));
#9472=DIRECTION('center_axis',(0.,0.,-1.));
#9473=DIRECTION('ref_axis',(-1.,0.,0.));
#9474=DIRECTION('center_axis',(0.,0.,-1.));
#9475=DIRECTION('ref_axis',(1.,0.,0.));
#9476=DIRECTION('',(0.,0.,1.));
#9477=DIRECTION('center_axis',(0.,0.,1.));
#9478=DIRECTION('ref_axis',(1.,0.,0.));
#9479=DIRECTION('',(0.,0.,1.));
#9480=DIRECTION('center_axis',(0.,0.,-1.));
#9481=DIRECTION('ref_axis',(-1.,0.,0.));
#9482=DIRECTION('center_axis',(0.,0.,1.));
#9483=DIRECTION('ref_axis',(1.,0.,0.));
#9484=DIRECTION('',(0.,0.,1.));
#9485=DIRECTION('center_axis',(0.,0.,-1.));
#9486=DIRECTION('ref_axis',(1.,0.,0.));
#9487=DIRECTION('',(0.,0.,1.));
#9488=DIRECTION('center_axis',(0.,0.,-1.));
#9489=DIRECTION('ref_axis',(-1.,0.,0.));
#9490=DIRECTION('center_axis',(0.,0.,1.));
#9491=DIRECTION('ref_axis',(1.,0.,0.));
#9492=DIRECTION('',(0.,0.,1.));
#9493=DIRECTION('center_axis',(0.,0.,-1.));
#9494=DIRECTION('ref_axis',(1.,0.,0.));
#9495=DIRECTION('',(0.,0.,1.));
#9496=DIRECTION('center_axis',(0.,0.,-1.));
#9497=DIRECTION('ref_axis',(-1.,0.,0.));
#9498=DIRECTION('center_axis',(0.,0.,1.));
#9499=DIRECTION('ref_axis',(1.,0.,0.));
#9500=DIRECTION('',(0.,0.,1.));
#9501=DIRECTION('center_axis',(0.,0.,-1.));
#9502=DIRECTION('ref_axis',(1.,0.,0.));
#9503=DIRECTION('',(0.,0.,1.));
#9504=DIRECTION('center_axis',(0.,0.,-1.));
#9505=DIRECTION('ref_axis',(-1.,0.,0.));
#9506=DIRECTION('center_axis',(0.,0.,-1.));
#9507=DIRECTION('ref_axis',(1.,1.24344978758018E-14,0.));
#9508=DIRECTION('',(0.,0.,1.));
#9509=DIRECTION('center_axis',(0.,0.,1.));
#9510=DIRECTION('ref_axis',(1.,0.,0.));
#9511=DIRECTION('',(0.,0.,1.));
#9512=DIRECTION('center_axis',(0.,0.,-1.));
#9513=DIRECTION('ref_axis',(-1.,0.,0.));
#9514=DIRECTION('center_axis',(0.,0.,1.));
#9515=DIRECTION('ref_axis',(1.,0.,0.));
#9516=DIRECTION('',(0.,0.,1.));
#9517=DIRECTION('center_axis',(0.,0.,-1.));
#9518=DIRECTION('ref_axis',(1.,8.88178419700125E-16,0.));
#9519=DIRECTION('',(0.,0.,1.));
#9520=DIRECTION('center_axis',(0.,0.,-1.));
#9521=DIRECTION('ref_axis',(-1.,0.,0.));
#9522=DIRECTION('center_axis',(0.,0.,1.));
#9523=DIRECTION('ref_axis',(1.,0.,0.));
#9524=DIRECTION('',(0.,0.,1.));
#9525=DIRECTION('center_axis',(0.,0.,-1.));
#9526=DIRECTION('ref_axis',(1.,0.,0.));
#9527=DIRECTION('',(0.,0.,1.));
#9528=DIRECTION('center_axis',(0.,0.,-1.));
#9529=DIRECTION('ref_axis',(-1.,0.,0.));
#9530=DIRECTION('center_axis',(0.,0.,1.));
#9531=DIRECTION('ref_axis',(1.,0.,0.));
#9532=DIRECTION('',(0.,0.,1.));
#9533=DIRECTION('center_axis',(0.,0.,-1.));
#9534=DIRECTION('ref_axis',(1.,0.,0.));
#9535=DIRECTION('',(0.,0.,1.));
#9536=DIRECTION('center_axis',(0.,0.,-1.));
#9537=DIRECTION('ref_axis',(-1.,0.,0.));
#9538=DIRECTION('center_axis',(0.,0.,1.));
#9539=DIRECTION('ref_axis',(1.,0.,0.));
#9540=DIRECTION('',(0.,0.,1.));
#9541=DIRECTION('center_axis',(0.,0.,-1.));
#9542=DIRECTION('ref_axis',(1.,0.,0.));
#9543=DIRECTION('',(0.,0.,1.));
#9544=DIRECTION('center_axis',(0.,0.,-1.));
#9545=DIRECTION('ref_axis',(-1.,0.,0.));
#9546=DIRECTION('center_axis',(0.,0.,1.));
#9547=DIRECTION('ref_axis',(1.,0.,0.));
#9548=DIRECTION('',(0.,0.,1.));
#9549=DIRECTION('center_axis',(0.,0.,-1.));
#9550=DIRECTION('ref_axis',(1.,2.22044604925031E-14,0.));
#9551=DIRECTION('',(0.,0.,1.));
#9552=DIRECTION('center_axis',(0.,0.,-1.));
#9553=DIRECTION('ref_axis',(-1.,0.,0.));
#9554=DIRECTION('center_axis',(0.,0.,1.));
#9555=DIRECTION('ref_axis',(1.,0.,0.));
#9556=DIRECTION('',(0.,0.,1.));
#9557=DIRECTION('center_axis',(0.,0.,-1.));
#9558=DIRECTION('ref_axis',(1.,-3.64153152077051E-14,0.));
#9559=DIRECTION('',(0.,0.,1.));
#9560=DIRECTION('center_axis',(0.,0.,-1.));
#9561=DIRECTION('ref_axis',(-1.,0.,0.));
#9562=DIRECTION('center_axis',(0.,0.,-1.));
#9563=DIRECTION('ref_axis',(1.,0.,0.));
#9564=DIRECTION('',(0.,0.,1.));
#9565=DIRECTION('center_axis',(0.,0.,1.));
#9566=DIRECTION('ref_axis',(1.,0.,0.));
#9567=DIRECTION('',(0.,0.,1.));
#9568=DIRECTION('center_axis',(0.,0.,1.));
#9569=DIRECTION('ref_axis',(1.,0.,0.));
#9570=DIRECTION('center_axis',(0.,0.,1.));
#9571=DIRECTION('ref_axis',(1.,0.,0.));
#9572=DIRECTION('center_axis',(0.,0.,1.));
#9573=DIRECTION('ref_axis',(1.,0.,0.));
#9574=DIRECTION('center_axis',(0.,0.,1.));
#9575=DIRECTION('ref_axis',(1.,0.,0.));
#9576=DIRECTION('center_axis',(0.,0.,1.));
#9577=DIRECTION('ref_axis',(1.,0.,0.));
#9578=DIRECTION('center_axis',(0.,0.,1.));
#9579=DIRECTION('ref_axis',(1.,0.,0.));
#9580=DIRECTION('center_axis',(0.,0.,1.));
#9581=DIRECTION('ref_axis',(1.,0.,0.));
#9582=DIRECTION('center_axis',(0.,0.,1.));
#9583=DIRECTION('ref_axis',(1.,0.,0.));
#9584=DIRECTION('center_axis',(0.,0.,1.));
#9585=DIRECTION('ref_axis',(1.,0.,0.));
#9586=DIRECTION('center_axis',(0.,0.,1.));
#9587=DIRECTION('ref_axis',(1.,0.,0.));
#9588=DIRECTION('center_axis',(0.,0.,1.));
#9589=DIRECTION('ref_axis',(1.,0.,0.));
#9590=DIRECTION('center_axis',(0.,0.,1.));
#9591=DIRECTION('ref_axis',(1.,0.,0.));
#9592=DIRECTION('center_axis',(0.,0.,1.));
#9593=DIRECTION('ref_axis',(1.,0.,0.));
#9594=DIRECTION('center_axis',(0.,0.,1.));
#9595=DIRECTION('ref_axis',(1.,0.,0.));
#9596=DIRECTION('center_axis',(0.,0.,1.));
#9597=DIRECTION('ref_axis',(1.,0.,0.));
#9598=DIRECTION('center_axis',(0.,0.,1.));
#9599=DIRECTION('ref_axis',(1.,0.,0.));
#9600=DIRECTION('center_axis',(0.,0.,1.));
#9601=DIRECTION('ref_axis',(1.,0.,0.));
#9602=DIRECTION('center_axis',(0.,0.,1.));
#9603=DIRECTION('ref_axis',(1.,0.,0.));
#9604=DIRECTION('center_axis',(0.,0.,1.));
#9605=DIRECTION('ref_axis',(1.,0.,0.));
#9606=DIRECTION('center_axis',(0.,0.,-1.));
#9607=DIRECTION('ref_axis',(-1.,0.,0.));
#9608=DIRECTION('center_axis',(0.,0.,-1.));
#9609=DIRECTION('ref_axis',(-1.,0.,0.));
#9610=DIRECTION('center_axis',(0.,0.,-1.));
#9611=DIRECTION('ref_axis',(-1.,0.,0.));
#9612=DIRECTION('center_axis',(0.,0.,-1.));
#9613=DIRECTION('ref_axis',(-1.,0.,0.));
#9614=DIRECTION('center_axis',(0.,0.,-1.));
#9615=DIRECTION('ref_axis',(-1.,0.,0.));
#9616=DIRECTION('center_axis',(0.,0.,-1.));
#9617=DIRECTION('ref_axis',(-1.,0.,0.));
#9618=DIRECTION('center_axis',(0.,0.,-1.));
#9619=DIRECTION('ref_axis',(-1.,0.,0.));
#9620=DIRECTION('center_axis',(0.,0.,-1.));
#9621=DIRECTION('ref_axis',(-1.,0.,0.));
#9622=DIRECTION('center_axis',(0.,0.,-1.));
#9623=DIRECTION('ref_axis',(-1.,0.,0.));
#9624=DIRECTION('center_axis',(0.,0.,-1.));
#9625=DIRECTION('ref_axis',(-1.,0.,0.));
#9626=DIRECTION('center_axis',(0.,0.,-1.));
#9627=DIRECTION('ref_axis',(-1.,0.,0.));
#9628=DIRECTION('center_axis',(0.,0.,-1.));
#9629=DIRECTION('ref_axis',(-1.,0.,0.));
#9630=DIRECTION('center_axis',(0.,0.,-1.));
#9631=DIRECTION('ref_axis',(-1.,0.,0.));
#9632=DIRECTION('center_axis',(0.,0.,-1.));
#9633=DIRECTION('ref_axis',(-1.,0.,0.));
#9634=DIRECTION('center_axis',(0.,0.,-1.));
#9635=DIRECTION('ref_axis',(-1.,0.,0.));
#9636=DIRECTION('center_axis',(0.,0.,-1.));
#9637=DIRECTION('ref_axis',(-1.,0.,0.));
#9638=DIRECTION('center_axis',(0.,0.,-1.));
#9639=DIRECTION('ref_axis',(-1.,0.,0.));
#9640=DIRECTION('center_axis',(0.,0.,-1.));
#9641=DIRECTION('ref_axis',(-1.,0.,0.));
#9642=DIRECTION('center_axis',(0.,0.,-1.));
#9643=DIRECTION('ref_axis',(-1.,0.,0.));
#9644=DIRECTION('center_axis',(0.,0.,-1.));
#9645=DIRECTION('ref_axis',(-1.,0.,0.));
#9646=DIRECTION('center_axis',(0.,0.,-1.));
#9647=DIRECTION('ref_axis',(1.,-1.4210854715202E-14,0.));
#9648=DIRECTION('center_axis',(0.,0.,1.));
#9649=DIRECTION('ref_axis',(1.,0.,0.));
#9650=DIRECTION('',(0.,0.,1.));
#9651=DIRECTION('center_axis',(0.,0.,1.));
#9652=DIRECTION('ref_axis',(1.,0.,0.));
#9653=DIRECTION('',(0.,0.,1.));
#9654=DIRECTION('center_axis',(0.,0.,1.));
#9655=DIRECTION('ref_axis',(1.,0.,0.));
#9656=DIRECTION('',(0.,0.,-1.));
#9657=DIRECTION('',(0.,0.,1.));
#9658=DIRECTION('center_axis',(0.,0.,1.));
#9659=DIRECTION('ref_axis',(1.,0.,0.));
#9660=DIRECTION('',(0.,0.,-1.));
#9661=DIRECTION('center_axis',(0.,0.,-1.));
#9662=DIRECTION('ref_axis',(-1.,0.,0.));
#9663=DIRECTION('center_axis',(0.,0.,-1.));
#9664=DIRECTION('ref_axis',(-1.,0.,0.));
#9665=DIRECTION('center_axis',(0.,0.,1.));
#9666=DIRECTION('ref_axis',(1.,0.,0.));
#9667=DIRECTION('center_axis',(0.,0.,-1.));
#9668=DIRECTION('ref_axis',(-1.,0.,0.));
#9669=DIRECTION('center_axis',(0.,0.,1.));
#9670=DIRECTION('ref_axis',(1.,0.,0.));
#9671=DIRECTION('',(0.,0.,1.));
#9672=DIRECTION('center_axis',(0.,0.,1.));
#9673=DIRECTION('ref_axis',(1.,0.,0.));
#9674=DIRECTION('',(0.,0.,-1.));
#9675=DIRECTION('center_axis',(0.,0.,1.));
#9676=DIRECTION('ref_axis',(-0.998991492656416,0.0448998619163323,0.));
#9677=DIRECTION('',(0.,0.,1.));
#9678=DIRECTION('center_axis',(0.,0.,1.));
#9679=DIRECTION('ref_axis',(1.,0.,0.));
#9680=DIRECTION('',(0.,0.,-1.));
#9681=DIRECTION('',(0.,0.,1.));
#9682=DIRECTION('center_axis',(0.,0.,1.));
#9683=DIRECTION('ref_axis',(1.,0.,0.));
#9684=DIRECTION('',(0.,0.,-1.));
#9685=DIRECTION('center_axis',(0.,0.,1.));
#9686=DIRECTION('ref_axis',(1.,0.,0.));
#9687=DIRECTION('',(0.,0.,1.));
#9688=DIRECTION('center_axis',(0.,0.,1.));
#9689=DIRECTION('ref_axis',(1.,0.,0.));
#9690=DIRECTION('',(0.,0.,-1.));
#9691=DIRECTION('',(0.,0.,1.));
#9692=DIRECTION('center_axis',(0.,0.,1.));
#9693=DIRECTION('ref_axis',(1.,0.,0.));
#9694=DIRECTION('',(0.,0.,-1.));
#9695=DIRECTION('center_axis',(0.,0.,1.));
#9696=DIRECTION('ref_axis',(1.,0.,0.));
#9697=DIRECTION('',(0.,0.,1.));
#9698=DIRECTION('center_axis',(0.,0.,1.));
#9699=DIRECTION('ref_axis',(1.,0.,0.));
#9700=DIRECTION('',(0.,0.,-1.));
#9701=DIRECTION('',(0.,0.,1.));
#9702=DIRECTION('center_axis',(0.,0.,1.));
#9703=DIRECTION('ref_axis',(1.,0.,0.));
#9704=DIRECTION('',(0.,0.,-1.));
#9705=DIRECTION('center_axis',(0.,0.,1.));
#9706=DIRECTION('ref_axis',(1.,0.,0.));
#9707=DIRECTION('',(0.,0.,1.));
#9708=DIRECTION('center_axis',(0.,0.,1.));
#9709=DIRECTION('ref_axis',(1.,0.,0.));
#9710=DIRECTION('',(0.,0.,-1.));
#9711=DIRECTION('',(0.,0.,1.));
#9712=DIRECTION('center_axis',(0.,0.,1.));
#9713=DIRECTION('ref_axis',(1.,0.,0.));
#9714=DIRECTION('',(0.,0.,-1.));
#9715=DIRECTION('center_axis',(0.,0.,1.));
#9716=DIRECTION('ref_axis',(1.,0.,0.));
#9717=DIRECTION('',(0.,0.,1.));
#9718=DIRECTION('center_axis',(0.,0.,1.));
#9719=DIRECTION('ref_axis',(-1.,1.03365165064662E-14,0.));
#9720=DIRECTION('',(0.,0.,-1.));
#9721=DIRECTION('',(0.,0.,1.));
#9722=DIRECTION('center_axis',(0.,0.,1.));
#9723=DIRECTION('ref_axis',(1.,0.,0.));
#9724=DIRECTION('',(0.,0.,-1.));
#9725=DIRECTION('center_axis',(0.,0.,1.));
#9726=DIRECTION('ref_axis',(1.,0.,0.));
#9727=DIRECTION('',(0.,0.,1.));
#9728=DIRECTION('center_axis',(0.,0.,1.));
#9729=DIRECTION('ref_axis',(1.,0.,0.));
#9730=DIRECTION('',(0.,0.,-1.));
#9731=DIRECTION('',(0.,0.,1.));
#9732=DIRECTION('center_axis',(0.,0.,1.));
#9733=DIRECTION('ref_axis',(1.,0.,0.));
#9734=DIRECTION('',(0.,0.,-1.));
#9735=DIRECTION('center_axis',(0.,0.,1.));
#9736=DIRECTION('ref_axis',(1.,0.,0.));
#9737=DIRECTION('',(0.,0.,1.));
#9738=DIRECTION('center_axis',(0.,0.,1.));
#9739=DIRECTION('ref_axis',(1.,0.,0.));
#9740=DIRECTION('',(0.,0.,-1.));
#9741=DIRECTION('',(0.,0.,1.));
#9742=DIRECTION('center_axis',(0.,0.,1.));
#9743=DIRECTION('ref_axis',(1.,0.,0.));
#9744=DIRECTION('',(0.,0.,-1.));
#9745=DIRECTION('center_axis',(0.,0.,1.));
#9746=DIRECTION('ref_axis',(1.,0.,0.));
#9747=DIRECTION('',(0.,0.,1.));
#9748=DIRECTION('center_axis',(0.,0.,1.));
#9749=DIRECTION('ref_axis',(1.,0.,0.));
#9750=DIRECTION('',(0.,0.,-1.));
#9751=DIRECTION('',(0.,0.,1.));
#9752=DIRECTION('center_axis',(0.,0.,1.));
#9753=DIRECTION('ref_axis',(1.,0.,0.));
#9754=DIRECTION('',(0.,0.,-1.));
#9755=DIRECTION('center_axis',(0.,0.,1.));
#9756=DIRECTION('ref_axis',(1.,0.,0.));
#9757=DIRECTION('',(0.,0.,1.));
#9758=DIRECTION('center_axis',(0.,0.,1.));
#9759=DIRECTION('ref_axis',(1.,0.,0.));
#9760=DIRECTION('',(0.,0.,-1.));
#9761=DIRECTION('',(0.,0.,1.));
#9762=DIRECTION('center_axis',(0.,0.,1.));
#9763=DIRECTION('ref_axis',(-0.998991492656417,-0.0448998619163108,0.));
#9764=DIRECTION('',(0.,0.,-1.));
#9765=DIRECTION('center_axis',(0.,0.,1.));
#9766=DIRECTION('ref_axis',(1.,0.,0.));
#9767=DIRECTION('',(0.,0.,1.));
#9768=DIRECTION('center_axis',(0.,0.,1.));
#9769=DIRECTION('ref_axis',(1.,0.,0.));
#9770=DIRECTION('',(0.,0.,-1.));
#9771=DIRECTION('',(0.,0.,1.));
#9772=DIRECTION('center_axis',(0.,0.,1.));
#9773=DIRECTION('ref_axis',(1.,0.,0.));
#9774=DIRECTION('',(0.,0.,-1.));
#9775=DIRECTION('center_axis',(0.,0.,1.));
#9776=DIRECTION('ref_axis',(1.,0.,0.));
#9777=DIRECTION('center_axis',(0.,0.,1.));
#9778=DIRECTION('ref_axis',(1.,0.,0.));
#9779=DIRECTION('',(0.,0.,1.));
#9780=DIRECTION('center_axis',(0.,0.,1.));
#9781=DIRECTION('ref_axis',(1.,0.,0.));
#9782=DIRECTION('',(0.,0.,-1.));
#9783=DIRECTION('center_axis',(0.,0.,1.));
#9784=DIRECTION('ref_axis',(1.,0.,0.));
#9785=DIRECTION('center_axis',(0.,0.,1.));
#9786=DIRECTION('ref_axis',(1.,0.,0.));
#9787=DIRECTION('',(0.,0.,1.));
#9788=DIRECTION('center_axis',(0.,0.,1.));
#9789=DIRECTION('ref_axis',(1.,0.,0.));
#9790=DIRECTION('',(0.,0.,-1.));
#9791=DIRECTION('center_axis',(0.,0.,1.));
#9792=DIRECTION('ref_axis',(1.,0.,0.));
#9793=DIRECTION('center_axis',(0.,0.,1.));
#9794=DIRECTION('ref_axis',(1.,0.,0.));
#9795=DIRECTION('',(0.,0.,1.));
#9796=DIRECTION('center_axis',(0.,0.,1.));
#9797=DIRECTION('ref_axis',(1.,0.,0.));
#9798=DIRECTION('',(0.,0.,-1.));
#9799=DIRECTION('center_axis',(0.,0.,1.));
#9800=DIRECTION('ref_axis',(1.,0.,0.));
#9801=DIRECTION('',(0.,0.,1.));
#9802=DIRECTION('center_axis',(0.,0.,1.));
#9803=DIRECTION('ref_axis',(1.,0.,0.));
#9804=DIRECTION('',(0.,0.,-1.));
#9805=DIRECTION('center_axis',(0.,0.,1.));
#9806=DIRECTION('ref_axis',(1.,0.,0.));
#9807=DIRECTION('center_axis',(0.,0.,1.));
#9808=DIRECTION('ref_axis',(1.,0.,0.));
#9809=DIRECTION('center_axis',(0.,0.,1.));
#9810=DIRECTION('ref_axis',(1.,0.,0.));
#9811=DIRECTION('',(0.,0.,1.));
#9812=DIRECTION('center_axis',(0.,0.,1.));
#9813=DIRECTION('ref_axis',(1.,0.,0.));
#9814=DIRECTION('',(0.,0.,-1.));
#9815=DIRECTION('center_axis',(0.,0.,1.));
#9816=DIRECTION('ref_axis',(1.,0.,0.));
#9817=DIRECTION('center_axis',(0.,0.,1.));
#9818=DIRECTION('ref_axis',(1.,0.,0.));
#9819=DIRECTION('',(0.,0.,1.));
#9820=DIRECTION('center_axis',(0.,0.,1.));
#9821=DIRECTION('ref_axis',(1.,0.,0.));
#9822=DIRECTION('',(0.,0.,-1.));
#9823=DIRECTION('center_axis',(0.,0.,1.));
#9824=DIRECTION('ref_axis',(1.,0.,0.));
#9825=DIRECTION('center_axis',(0.,0.,1.));
#9826=DIRECTION('ref_axis',(1.,0.,0.));
#9827=DIRECTION('',(0.,0.,1.));
#9828=DIRECTION('center_axis',(0.,0.,1.));
#9829=DIRECTION('ref_axis',(1.,0.,0.));
#9830=DIRECTION('',(0.,0.,-1.));
#9831=DIRECTION('center_axis',(0.,0.,1.));
#9832=DIRECTION('ref_axis',(1.,0.,0.));
#9833=DIRECTION('center_axis',(0.,0.,-1.));
#9834=DIRECTION('ref_axis',(-1.,0.,0.));
#9835=DIRECTION('center_axis',(0.,0.,-1.));
#9836=DIRECTION('ref_axis',(-1.,0.,0.));
#9837=DIRECTION('center_axis',(0.,0.,-1.));
#9838=DIRECTION('ref_axis',(-1.,0.,0.));
#9839=DIRECTION('center_axis',(0.,0.,-1.));
#9840=DIRECTION('ref_axis',(-1.,0.,0.));
#9841=DIRECTION('center_axis',(0.,0.,-1.));
#9842=DIRECTION('ref_axis',(-1.,0.,0.));
#9843=DIRECTION('center_axis',(0.,0.,-1.));
#9844=DIRECTION('ref_axis',(-1.,0.,0.));
#9845=DIRECTION('center_axis',(0.,0.,-1.));
#9846=DIRECTION('ref_axis',(-1.,0.,0.));
#9847=DIRECTION('center_axis',(0.,0.,-1.));
#9848=DIRECTION('ref_axis',(-1.,0.,0.));
#9849=DIRECTION('center_axis',(0.,0.,-1.));
#9850=DIRECTION('ref_axis',(-1.,0.,0.));
#9851=DIRECTION('center_axis',(0.,0.,-1.));
#9852=DIRECTION('ref_axis',(-1.,0.,0.));
#9853=DIRECTION('center_axis',(0.,0.,-1.));
#9854=DIRECTION('ref_axis',(-1.,0.,0.));
#9855=DIRECTION('center_axis',(0.,0.,-1.));
#9856=DIRECTION('ref_axis',(0.854031767931729,0.520220856332582,0.));
#9857=DIRECTION('center_axis',(0.,0.,-1.));
#9858=DIRECTION('ref_axis',(-1.,0.,0.));
#9859=DIRECTION('center_axis',(0.,0.,-1.));
#9860=DIRECTION('ref_axis',(0.972989563449598,0.230849105300757,0.));
#9861=DIRECTION('center_axis',(0.,0.,-1.));
#9862=DIRECTION('ref_axis',(-1.,0.,0.));
#9863=DIRECTION('center_axis',(0.,0.,-1.));
#9864=DIRECTION('ref_axis',(0.996704361280103,-0.0811197645781959,0.));
#9865=DIRECTION('center_axis',(0.,0.,-1.));
#9866=DIRECTION('ref_axis',(-1.,0.,0.));
#9867=DIRECTION('center_axis',(0.,0.,-1.));
#9868=DIRECTION('ref_axis',(0.922854791780883,-0.385148066705603,0.));
#9869=DIRECTION('center_axis',(0.,0.,-1.));
#9870=DIRECTION('ref_axis',(0.758669765354741,0.651475392579476,0.));
#9871=DIRECTION('center_axis',(0.,0.,-1.));
#9872=DIRECTION('ref_axis',(0.758669765354728,-0.651475392579491,0.));
#9873=DIRECTION('center_axis',(0.,0.,-1.));
#9874=DIRECTION('ref_axis',(0.922854791780891,0.385148066705582,0.));
#9875=DIRECTION('center_axis',(0.,0.,-1.));
#9876=DIRECTION('ref_axis',(-1.,0.,0.));
#9877=DIRECTION('center_axis',(0.,0.,-1.));
#9878=DIRECTION('ref_axis',(0.996704361280105,0.0811197645781718,0.));
#9879=DIRECTION('center_axis',(0.,0.,-1.));
#9880=DIRECTION('ref_axis',(-1.,0.,0.));
#9881=DIRECTION('center_axis',(0.,0.,-1.));
#9882=DIRECTION('ref_axis',(0.972989563449594,-0.230849105300776,0.));
#9883=DIRECTION('center_axis',(0.,0.,-1.));
#9884=DIRECTION('ref_axis',(-1.,0.,0.));
#9885=DIRECTION('center_axis',(0.,0.,-1.));
#9886=DIRECTION('ref_axis',(0.854031767931721,-0.520220856332595,0.));
#9887=DIRECTION('center_axis',(0.,0.,-1.));
#9888=DIRECTION('ref_axis',(-1.,0.,0.));
#9889=CARTESIAN_POINT('',(0.,0.,0.));
#9890=CARTESIAN_POINT('Origin',(-5.41788836017076E-13,-2.80886425230165E-13,
11.6));
#9891=CARTESIAN_POINT('',(-5.00000000000054,-2.80274101830591E-13,11.6));
#9892=CARTESIAN_POINT('Origin',(-5.41788836017076E-13,-2.80886425230165E-13,
11.6));
#9893=CARTESIAN_POINT('Origin',(-5.41788836017076E-13,-2.80886425230165E-13,
41.6));
#9894=CARTESIAN_POINT('',(-5.00000000000054,-2.80274101830591E-13,41.6));
#9895=CARTESIAN_POINT('',(-5.00000000000054,-2.80274101830591E-13,41.6));
#9896=CARTESIAN_POINT('Origin',(-5.41788836017076E-13,-2.80886425230165E-13,
41.6));
#9897=CARTESIAN_POINT('Origin',(-5.41788836017076E-13,-2.80886425230165E-13,
45.1));
#9898=CARTESIAN_POINT('',(-12.0000000000005,-2.79416849071188E-13,48.6));
#9899=CARTESIAN_POINT('Origin',(-5.41788836017076E-13,-2.80886425230165E-13,
48.6));
#9900=CARTESIAN_POINT('',(-8.50000000000054,-2.8192737500944E-13,45.1));
#9901=CARTESIAN_POINT('Origin',(0.,0.,48.6));
#9902=CARTESIAN_POINT('',(15.2282753556163,9.69561497800989,48.6));
#9903=CARTESIAN_POINT('',(17.0528032870819,10.449971294319,48.6));
#9904=CARTESIAN_POINT('Origin',(19.4702145218624,2.01945643744199,48.6));
#9905=CARTESIAN_POINT('',(18.4775906502258,7.65366864730173,48.6));
#9906=CARTESIAN_POINT('Origin',(0.,0.,48.6));
#9907=CARTESIAN_POINT('',(16.7948729600065,6.62099406173444,48.6));
#9908=CARTESIAN_POINT('Origin',(13.078079532212,14.564727720737,48.6));
#9909=CARTESIAN_POINT('',(16.4839848443478,5.87607382963415,48.6));
#9910=CARTESIAN_POINT('Origin',(17.0491500390112,6.07753921807874,48.6));
#9911=CARTESIAN_POINT('',(16.7896934125372,4.93519960214429,48.6));
#9912=CARTESIAN_POINT('Origin',(0.,0.,48.6));
#9913=CARTESIAN_POINT('',(17.4790603080171,4.51528192441857,48.6));
#9914=CARTESIAN_POINT('Origin',(17.3653400438242,5.10440644564638,48.6));
#9915=CARTESIAN_POINT('',(19.4473984079535,4.66890727711808,48.6));
#9916=CARTESIAN_POINT('Origin',(19.1413207532512,-4.09600996717797,48.6));
#9917=CARTESIAN_POINT('',(19.9383466746626,1.56918191455681,48.6));
#9918=CARTESIAN_POINT('Origin',(0.,0.,48.6));
#9919=CARTESIAN_POINT('',(18.018873053695,1.10703838375376,48.6));
#9920=CARTESIAN_POINT('Origin',(16.9387411438881,9.81053037763089,48.6));
#9921=CARTESIAN_POINT('',(17.4930078742864,0.494646853982411,48.6));
#9922=CARTESIAN_POINT('Origin',(18.0927681442619,0.511606174690379,48.6));
#9923=CARTESIAN_POINT('',(17.4930078742864,-0.49464685398253,48.6));
#9924=CARTESIAN_POINT('Origin',(0.,0.,48.6));
#9925=CARTESIAN_POINT('',(18.018873053695,-1.10703838375389,48.6));
#9926=CARTESIAN_POINT('Origin',(18.0927681442619,-0.511606174690503,48.6));
#9927=CARTESIAN_POINT('',(19.9383466746626,-1.56918191455695,48.6));
#9928=CARTESIAN_POINT('Origin',(16.938741143888,-9.81053037763101,48.6));
#9929=CARTESIAN_POINT('',(19.4473984079535,-4.66890727711821,48.6));
#9930=CARTESIAN_POINT('Origin',(0.,0.,48.6));
#9931=CARTESIAN_POINT('',(17.479060308017,-4.5152819244187,48.6));
#9932=CARTESIAN_POINT('Origin',(19.1413207532512,4.09600996717784,48.6));
#9933=CARTESIAN_POINT('',(16.7896934125372,-4.93519960214441,48.6));
#9934=CARTESIAN_POINT('Origin',(17.3653400438241,-5.10440644564651,48.6));
#9935=CARTESIAN_POINT('',(16.4839848443478,-5.87607382963426,48.6));
#9936=CARTESIAN_POINT('Origin',(0.,0.,48.6));
#9937=CARTESIAN_POINT('',(16.7948729600064,-6.62099406173456,48.6));
#9938=CARTESIAN_POINT('Origin',(17.0491500390111,-6.07753921807887,48.6));
#9939=CARTESIAN_POINT('',(18.4775906502257,-7.65366864730186,48.6));
#9940=CARTESIAN_POINT('Origin',(13.0780795322119,-14.5647277207371,48.6));
#9941=CARTESIAN_POINT('',(17.0528032870818,-10.4499712943191,48.6));
#9942=CARTESIAN_POINT('Origin',(0.,0.,48.6));
#9943=CARTESIAN_POINT('',(15.2282753556162,-9.69561497801,48.6));
#9944=CARTESIAN_POINT('Origin',(19.4702145218624,-2.01945643744213,48.6));
#9945=CARTESIAN_POINT('',(14.4428867788962,-9.88195433565579,48.6));
#9946=CARTESIAN_POINT('Origin',(14.9380714684583,-10.2207641985926,48.6));
#9947=CARTESIAN_POINT('',(13.8613945271686,-10.6823097578276,48.6));
#9948=CARTESIAN_POINT('Origin',(0.,0.,48.6));
#9949=CARTESIAN_POINT('',(13.9268736842318,-11.4868407097744,48.6));
#9950=CARTESIAN_POINT('Origin',(14.3366423395287,-11.048560378096,48.6));
#9951=CARTESIAN_POINT('',(15.2081193120006,-12.9889609666037,48.6));
#9952=CARTESIAN_POINT('Origin',(7.93724437558472,-17.8932280361123,48.6));
#9953=CARTESIAN_POINT('',(12.9889609666036,-15.2081193120007,48.6));
#9954=CARTESIAN_POINT('Origin',(0.,0.,48.6));
#9955=CARTESIAN_POINT('',(11.4868407097743,-13.9268736842319,48.6));
#9956=CARTESIAN_POINT('Origin',(17.8932280361122,-7.93724437558491,48.6));
#9957=CARTESIAN_POINT('',(10.6823097578275,-13.8613945271687,48.6));
#9958=CARTESIAN_POINT('Origin',(11.0485603780959,-14.3366423395288,48.6));
#9959=CARTESIAN_POINT('',(9.88195433565564,-14.4428867788963,48.6));
#9960=CARTESIAN_POINT('Origin',(0.,0.,48.6));
#9961=CARTESIAN_POINT('',(9.69561497800984,-15.2282753556163,48.6));
#9962=CARTESIAN_POINT('Origin',(10.2207641985924,-14.9380714684584,48.6));
#9963=CARTESIAN_POINT('',(10.4499712943189,-17.0528032870819,48.6));
#9964=CARTESIAN_POINT('Origin',(2.01945643744193,-19.4702145218624,48.6));
#9965=CARTESIAN_POINT('',(7.65366864730165,-18.4775906502258,48.6));
#9966=CARTESIAN_POINT('Origin',(0.,0.,48.6));
#9967=CARTESIAN_POINT('',(6.62099406173437,-16.7948729600065,48.6));
#9968=CARTESIAN_POINT('Origin',(14.5647277207369,-13.078079532212,48.6));
#9969=CARTESIAN_POINT('',(5.87607382963408,-16.4839848443478,48.6));
#9970=CARTESIAN_POINT('Origin',(6.07753921807868,-17.0491500390112,48.6));
#9971=CARTESIAN_POINT('',(4.93519960214423,-16.7896934125372,48.6));
#9972=CARTESIAN_POINT('Origin',(0.,0.,48.6));
#9973=CARTESIAN_POINT('',(4.51528192441851,-17.4790603080171,48.6));
#9974=CARTESIAN_POINT('Origin',(5.10440644564632,-17.3653400438242,48.6));
#9975=CARTESIAN_POINT('',(4.668907277118,-19.4473984079536,48.6));
#9976=CARTESIAN_POINT('Origin',(-4.09600996717804,-19.1413207532512,48.6));
#9977=CARTESIAN_POINT('',(1.56918191455688,-19.9383466746626,48.6));
#9978=CARTESIAN_POINT('Origin',(0.,0.,48.6));
#9979=CARTESIAN_POINT('',(1.10703838375382,-18.018873053695,48.6));
#9980=CARTESIAN_POINT('Origin',(9.81053037763095,-16.9387411438881,48.6));
#9981=CARTESIAN_POINT('',(0.49464685398247,-17.4930078742864,48.6));
#9982=CARTESIAN_POINT('Origin',(0.51160617469044,-18.0927681442619,48.6));
#9983=CARTESIAN_POINT('',(-0.494646853982468,-17.4930078742864,48.6));
#9984=CARTESIAN_POINT('Origin',(0.,0.,48.6));
#9985=CARTESIAN_POINT('',(-1.10703838375382,-18.018873053695,48.6));
#9986=CARTESIAN_POINT('Origin',(-0.511606174690439,-18.0927681442619,48.6));
#9987=CARTESIAN_POINT('',(-1.56918191455688,-19.9383466746626,48.6));
#9988=CARTESIAN_POINT('Origin',(-9.81053037763095,-16.9387411438881,48.6));
#9989=CARTESIAN_POINT('',(-4.66890727711828,-19.4473984079535,48.6));
#9990=CARTESIAN_POINT('Origin',(0.,0.,48.6));
#9991=CARTESIAN_POINT('',(-4.51528192441876,-17.479060308017,48.6));
#9992=CARTESIAN_POINT('Origin',(4.09600996717777,-19.1413207532512,48.6));
#9993=CARTESIAN_POINT('',(-4.93519960214447,-16.7896934125371,48.6));
#9994=CARTESIAN_POINT('Origin',(-5.10440644564657,-17.3653400438241,48.6));
#9995=CARTESIAN_POINT('',(-5.87607382963432,-16.4839848443478,48.6));
#9996=CARTESIAN_POINT('Origin',(0.,0.,48.6));
#9997=CARTESIAN_POINT('',(-6.62099406173461,-16.7948729600064,48.6));
#9998=CARTESIAN_POINT('Origin',(-6.07753921807892,-17.0491500390111,48.6));
#9999=CARTESIAN_POINT('',(-7.65366864730192,-18.4775906502257,48.6));
#10000=CARTESIAN_POINT('Origin',(-14.5647277207371,-13.0780795322118,48.6));
#10001=CARTESIAN_POINT('',(-10.4499712943191,-17.0528032870817,48.6));
#10002=CARTESIAN_POINT('Origin',(0.,0.,48.6));
#10003=CARTESIAN_POINT('',(-9.69561497801006,-15.2282753556161,48.6));
#10004=CARTESIAN_POINT('Origin',(-2.01945643744221,-19.4702145218624,48.6));
#10005=CARTESIAN_POINT('',(-9.88195433565584,-14.4428867788961,48.6));
#10006=CARTESIAN_POINT('Origin',(-10.2207641985926,-14.9380714684583,48.6));
#10007=CARTESIAN_POINT('',(-10.6823097578277,-13.8613945271686,48.6));
#10008=CARTESIAN_POINT('Origin',(0.,0.,48.6));
#10009=CARTESIAN_POINT('',(-11.4868407097745,-13.9268736842317,48.6));
#10010=CARTESIAN_POINT('Origin',(-11.0485603780961,-14.3366423395287,48.6));
#10011=CARTESIAN_POINT('',(-12.9889609666038,-15.2081193120005,48.6));
#10012=CARTESIAN_POINT('Origin',(-17.8932280361123,-7.93724437558465,48.6));
#10013=CARTESIAN_POINT('',(-15.2081193120008,-12.9889609666035,48.6));
#10014=CARTESIAN_POINT('Origin',(0.,0.,48.6));
#10015=CARTESIAN_POINT('',(-13.926873684232,-11.4868407097742,48.6));
#10016=CARTESIAN_POINT('Origin',(-7.93724437558498,-17.8932280361122,48.6));
#10017=CARTESIAN_POINT('',(-13.8613945271688,-10.6823097578274,48.6));
#10018=CARTESIAN_POINT('Origin',(-14.3366423395289,-11.0485603780958,48.6));
#10019=CARTESIAN_POINT('',(-14.4428867788963,-9.88195433565558,48.6));
#10020=CARTESIAN_POINT('Origin',(0.,0.,48.6));
#10021=CARTESIAN_POINT('',(-15.2282753556163,-9.69561497800978,48.6));
#10022=CARTESIAN_POINT('Origin',(-14.9380714684585,-10.2207641985923,48.6));
#10023=CARTESIAN_POINT('',(-17.0528032870819,-10.4499712943188,48.6));
#10024=CARTESIAN_POINT('Origin',(-19.4702145218624,-2.01945643744185,48.6));
#10025=CARTESIAN_POINT('',(-18.4775906502258,-7.6536686473016,48.6));
#10026=CARTESIAN_POINT('Origin',(0.,0.,48.6));
#10027=CARTESIAN_POINT('',(-16.7948729600065,-6.62099406173432,48.6));
#10028=CARTESIAN_POINT('Origin',(-13.0780795322121,-14.5647277207369,48.6));
#10029=CARTESIAN_POINT('',(-16.4839848443479,-5.87607382963403,48.6));
#10030=CARTESIAN_POINT('Origin',(-17.0491500390112,-6.07753921807863,48.6));
#10031=CARTESIAN_POINT('',(-16.7896934125372,-4.93519960214418,48.6));
#10032=CARTESIAN_POINT('Origin',(0.,0.,48.6));
#10033=CARTESIAN_POINT('',(-17.4790603080171,-4.51528192441845,48.6));
#10034=CARTESIAN_POINT('Origin',(-17.3653400438242,-5.10440644564626,48.6));
#10035=CARTESIAN_POINT('',(-19.4473984079536,-4.66890727711794,48.6));
#10036=CARTESIAN_POINT('Origin',(-19.1413207532512,4.0960099671781,48.6));
#10037=CARTESIAN_POINT('',(-19.9383466746626,-1.56918191455667,48.6));
#10038=CARTESIAN_POINT('Origin',(0.,0.,48.6));
#10039=CARTESIAN_POINT('',(-18.018873053695,-1.10703838375364,48.6));
#10040=CARTESIAN_POINT('Origin',(-16.9387411438882,-9.81053037763077,48.6));
#10041=CARTESIAN_POINT('',(-17.4930078742864,-0.494646853982288,48.6));
#10042=CARTESIAN_POINT('Origin',(-18.0927681442619,-0.511606174690252,48.6));
#10043=CARTESIAN_POINT('',(-17.4930078742864,0.494646853982652,48.6));
#10044=CARTESIAN_POINT('Origin',(0.,0.,48.6));
#10045=CARTESIAN_POINT('',(-18.018873053695,1.10703838375401,48.6));
#10046=CARTESIAN_POINT('Origin',(-18.0927681442619,0.511606174690629,48.6));
#10047=CARTESIAN_POINT('',(-19.9383466746626,1.56918191455709,48.6));
#10048=CARTESIAN_POINT('Origin',(-16.938741143888,9.81053037763113,48.6));
#10049=CARTESIAN_POINT('',(-19.4473984079535,4.66890727711835,48.6));
#10050=CARTESIAN_POINT('Origin',(0.,0.,48.6));
#10051=CARTESIAN_POINT('',(-17.479060308017,4.51528192441882,48.6));
#10052=CARTESIAN_POINT('Origin',(-19.1413207532513,-4.0960099671777,48.6));
#10053=CARTESIAN_POINT('',(-16.7896934125371,4.93519960214453,48.6));
#10054=CARTESIAN_POINT('Origin',(-17.3653400438241,5.10440644564663,48.6));
#10055=CARTESIAN_POINT('',(-16.4839848443477,5.87607382963438,48.6));
#10056=CARTESIAN_POINT('Origin',(0.,0.,48.6));
#10057=CARTESIAN_POINT('',(-16.7948729600064,6.62099406173467,48.6));
#10058=CARTESIAN_POINT('Origin',(-17.0491500390111,6.07753921807898,48.6));
#10059=CARTESIAN_POINT('',(-18.4775906502257,7.65366864730199,48.6));
#10060=CARTESIAN_POINT('Origin',(-13.0780795322118,14.5647277207372,48.6));
#10061=CARTESIAN_POINT('',(-17.0528032870817,10.4499712943192,48.6));
#10062=CARTESIAN_POINT('Origin',(0.,0.,48.6));
#10063=CARTESIAN_POINT('',(-15.2282753556161,9.69561497801011,48.6));
#10064=CARTESIAN_POINT('Origin',(-19.4702145218623,2.01945643744228,48.6));
#10065=CARTESIAN_POINT('',(-14.4428867788961,9.88195433565589,48.6));
#10066=CARTESIAN_POINT('Origin',(-14.9380714684582,10.2207641985927,48.6));
#10067=CARTESIAN_POINT('',(-13.8613945271686,10.6823097578277,48.6));
#10068=CARTESIAN_POINT('Origin',(0.,0.,48.6));
#10069=CARTESIAN_POINT('',(-13.9268736842317,11.4868407097745,48.6));
#10070=CARTESIAN_POINT('Origin',(-14.3366423395286,11.0485603780961,48.6));
#10071=CARTESIAN_POINT('',(-15.2081193120005,12.9889609666038,48.6));
#10072=CARTESIAN_POINT('Origin',(-7.93724437558459,17.8932280361124,48.6));
#10073=CARTESIAN_POINT('',(-12.9889609666035,15.2081193120008,48.6));
#10074=CARTESIAN_POINT('Origin',(0.,0.,48.6));
#10075=CARTESIAN_POINT('',(-11.4868407097742,13.926873684232,48.6));
#10076=CARTESIAN_POINT('Origin',(-17.8932280361122,7.93724437558504,48.6));
#10077=CARTESIAN_POINT('',(-10.6823097578274,13.8613945271688,48.6));
#10078=CARTESIAN_POINT('Origin',(-11.0485603780957,14.3366423395289,48.6));
#10079=CARTESIAN_POINT('',(-9.88195433565553,14.4428867788963,48.6));
#10080=CARTESIAN_POINT('Origin',(0.,0.,48.6));
#10081=CARTESIAN_POINT('',(-9.69561497800973,15.2282753556164,48.6));
#10082=CARTESIAN_POINT('Origin',(-10.2207641985923,14.9380714684585,48.6));
#10083=CARTESIAN_POINT('',(-10.4499712943188,17.052803287082,48.6));
#10084=CARTESIAN_POINT('Origin',(-2.01945643744178,19.4702145218624,48.6));
#10085=CARTESIAN_POINT('',(-7.65366864730153,18.4775906502258,48.6));
#10086=CARTESIAN_POINT('Origin',(0.,0.,48.6));
#10087=CARTESIAN_POINT('',(-6.62099406173426,16.7948729600065,48.6));
#10088=CARTESIAN_POINT('Origin',(-14.5647277207368,13.0780795322121,48.6));
#10089=CARTESIAN_POINT('',(-5.87607382963397,16.4839848443479,48.6));
#10090=CARTESIAN_POINT('Origin',(-6.07753921807857,17.0491500390112,48.6));
#10091=CARTESIAN_POINT('',(-4.93519960214412,16.7896934125372,48.6));
#10092=CARTESIAN_POINT('Origin',(0.,0.,48.6));
#10093=CARTESIAN_POINT('',(-4.51528192441839,17.4790603080171,48.6));
#10094=CARTESIAN_POINT('Origin',(-5.1044064456462,17.3653400438242,48.6));
#10095=CARTESIAN_POINT('',(-4.66890727711788,19.4473984079536,48.6));
#10096=CARTESIAN_POINT('Origin',(4.09600996717817,19.1413207532512,48.6));
#10097=CARTESIAN_POINT('',(-1.56918191455688,19.9383466746626,48.6));
#10098=CARTESIAN_POINT('Origin',(0.,0.,48.6));
#10099=CARTESIAN_POINT('',(-1.10703838375382,18.018873053695,48.6));
#10100=CARTESIAN_POINT('Origin',(-9.81053037763095,16.9387411438881,48.6));
#10101=CARTESIAN_POINT('',(-0.49464685398247,17.4930078742864,48.6));
#10102=CARTESIAN_POINT('Origin',(-0.51160617469044,18.0927681442619,48.6));
#10103=CARTESIAN_POINT('',(0.494646853982468,17.4930078742864,48.6));
#10104=CARTESIAN_POINT('Origin',(0.,0.,48.6));
#10105=CARTESIAN_POINT('',(1.10703838375382,18.018873053695,48.6));
#10106=CARTESIAN_POINT('Origin',(0.511606174690439,18.0927681442619,48.6));
#10107=CARTESIAN_POINT('',(1.56918191455688,19.9383466746626,48.6));
#10108=CARTESIAN_POINT('Origin',(9.81053037763095,16.9387411438881,48.6));
#10109=CARTESIAN_POINT('',(4.66890727711815,19.4473984079535,48.6));
#10110=CARTESIAN_POINT('Origin',(0.,0.,48.6));
#10111=CARTESIAN_POINT('',(4.51528192441863,17.4790603080171,48.6));
#10112=CARTESIAN_POINT('Origin',(-4.0960099671779,19.1413207532512,48.6));
#10113=CARTESIAN_POINT('',(4.93519960214435,16.7896934125372,48.6));
#10114=CARTESIAN_POINT('Origin',(5.10440644564644,17.3653400438242,48.6));
#10115=CARTESIAN_POINT('',(5.8760738296342,16.4839848443478,48.6));
#10116=CARTESIAN_POINT('Origin',(0.,0.,48.6));
#10117=CARTESIAN_POINT('',(6.62099406173449,16.7948729600064,48.6));
#10118=CARTESIAN_POINT('Origin',(6.0775392180788,17.0491500390112,48.6));
#10119=CARTESIAN_POINT('',(7.65366864730179,18.4775906502257,48.6));
#10120=CARTESIAN_POINT('Origin',(14.564727720737,13.0780795322119,48.6));
#10121=CARTESIAN_POINT('',(10.449971294319,17.0528032870818,48.6));
#10122=CARTESIAN_POINT('Origin',(0.,0.,48.6));
#10123=CARTESIAN_POINT('',(9.69561497800994,15.2282753556162,48.6));
#10124=CARTESIAN_POINT('Origin',(2.01945643744206,19.4702145218624,48.6));
#10125=CARTESIAN_POINT('',(9.88195433565574,14.4428867788962,48.6));
#10126=CARTESIAN_POINT('Origin',(10.2207641985925,14.9380714684584,48.6));
#10127=CARTESIAN_POINT('',(10.6823097578276,13.8613945271687,48.6));
#10128=CARTESIAN_POINT('Origin',(0.,0.,48.6));
#10129=CARTESIAN_POINT('',(11.4868407097744,13.9268736842318,48.6));
#10130=CARTESIAN_POINT('Origin',(11.048560378096,14.3366423395287,48.6));
#10131=CARTESIAN_POINT('',(12.9889609666037,15.2081193120006,48.6));
#10132=CARTESIAN_POINT('Origin',(17.8932280361123,7.93724437558479,48.6));
#10133=CARTESIAN_POINT('',(15.2081193120007,12.9889609666036,48.6));
#10134=CARTESIAN_POINT('Origin',(0.,0.,48.6));
#10135=CARTESIAN_POINT('',(13.9268736842319,11.4868407097743,48.6));
#10136=CARTESIAN_POINT('Origin',(7.93724437558485,17.8932280361122,48.6));
#10137=CARTESIAN_POINT('',(13.8613945271687,10.6823097578275,48.6));
#10138=CARTESIAN_POINT('Origin',(14.3366423395288,11.0485603780959,48.6));
#10139=CARTESIAN_POINT('',(14.4428867788962,9.88195433565569,48.6));
#10140=CARTESIAN_POINT('Origin',(0.,0.,48.6));
#10141=CARTESIAN_POINT('Origin',(14.9380714684584,10.2207641985925,48.6));
#10142=CARTESIAN_POINT('Origin',(0.,0.,91.05));
#10143=CARTESIAN_POINT('',(-9.,-1.10218211923262E-15,92.8));
#10144=CARTESIAN_POINT('Origin',(0.,0.,92.8));
#10145=CARTESIAN_POINT('',(-12.5,1.53080849893419E-15,89.3));
#10146=CARTESIAN_POINT('',(-10.75,1.3164953090834E-15,91.05));
#10147=CARTESIAN_POINT('Origin',(0.,0.,89.3));
#10148=CARTESIAN_POINT('Origin',(0.,0.,71.1));
#10149=CARTESIAN_POINT('',(-17.4930078742864,-0.494646853982288,68.6));
#10150=CARTESIAN_POINT('',(-17.5,-2.14313189850787E-15,68.6));
#10151=CARTESIAN_POINT('Origin',(0.,0.,68.6));
#10152=CARTESIAN_POINT('',(-16.7896934125372,-4.93519960214418,68.6));
#10153=CARTESIAN_POINT('Origin',(0.,0.,68.6));
#10154=CARTESIAN_POINT('',(-16.4839848443479,-5.87607382963403,68.6));
#10155=CARTESIAN_POINT('Origin',(0.,0.,68.6));
#10156=CARTESIAN_POINT('',(-14.4428867788963,-9.88195433565558,68.6));
#10157=CARTESIAN_POINT('Origin',(0.,0.,68.6));
#10158=CARTESIAN_POINT('',(-13.8613945271688,-10.6823097578274,68.6));
#10159=CARTESIAN_POINT('Origin',(0.,0.,68.6));
#10160=CARTESIAN_POINT('',(-10.6823097578277,-13.8613945271686,68.6));
#10161=CARTESIAN_POINT('Origin',(0.,0.,68.6));
#10162=CARTESIAN_POINT('',(-9.88195433565584,-14.4428867788961,68.6));
#10163=CARTESIAN_POINT('Origin',(0.,0.,68.6));
#10164=CARTESIAN_POINT('',(-5.87607382963432,-16.4839848443478,68.6));
#10165=CARTESIAN_POINT('Origin',(0.,0.,68.6));
#10166=CARTESIAN_POINT('',(-4.93519960214447,-16.7896934125371,68.6));
#10167=CARTESIAN_POINT('Origin',(0.,0.,68.6));
#10168=CARTESIAN_POINT('',(-0.494646853982468,-17.4930078742864,68.6));
#10169=CARTESIAN_POINT('Origin',(0.,0.,68.6));
#10170=CARTESIAN_POINT('',(0.49464685398247,-17.4930078742864,68.6));
#10171=CARTESIAN_POINT('Origin',(0.,0.,68.6));
#10172=CARTESIAN_POINT('',(4.93519960214423,-16.7896934125372,68.6));
#10173=CARTESIAN_POINT('Origin',(0.,0.,68.6));
#10174=CARTESIAN_POINT('',(5.87607382963408,-16.4839848443478,68.6));
#10175=CARTESIAN_POINT('Origin',(0.,0.,68.6));
#10176=CARTESIAN_POINT('',(9.88195433565564,-14.4428867788963,68.6));
#10177=CARTESIAN_POINT('Origin',(0.,0.,68.6));
#10178=CARTESIAN_POINT('',(10.6823097578275,-13.8613945271687,68.6));
#10179=CARTESIAN_POINT('Origin',(0.,0.,68.6));
#10180=CARTESIAN_POINT('',(13.8613945271686,-10.6823097578276,68.6));
#10181=CARTESIAN_POINT('Origin',(0.,0.,68.6));
#10182=CARTESIAN_POINT('',(14.4428867788962,-9.88195433565579,68.6));
#10183=CARTESIAN_POINT('Origin',(0.,0.,68.6));
#10184=CARTESIAN_POINT('',(16.4839848443478,-5.87607382963426,68.6));
#10185=CARTESIAN_POINT('Origin',(0.,0.,68.6));
#10186=CARTESIAN_POINT('',(16.7896934125372,-4.93519960214441,68.6));
#10187=CARTESIAN_POINT('Origin',(0.,0.,68.6));
#10188=CARTESIAN_POINT('',(17.4930078742864,-0.49464685398253,68.6));
#10189=CARTESIAN_POINT('Origin',(0.,0.,68.6));
#10190=CARTESIAN_POINT('',(17.4930078742864,0.494646853982411,68.6));
#10191=CARTESIAN_POINT('Origin',(0.,0.,68.6));
#10192=CARTESIAN_POINT('',(16.7896934125372,4.93519960214429,68.6));
#10193=CARTESIAN_POINT('Origin',(0.,0.,68.6));
#10194=CARTESIAN_POINT('',(16.4839848443478,5.87607382963415,68.6));
#10195=CARTESIAN_POINT('Origin',(0.,0.,68.6));
#10196=CARTESIAN_POINT('',(14.4428867788962,9.88195433565569,68.6));
#10197=CARTESIAN_POINT('Origin',(0.,0.,68.6));
#10198=CARTESIAN_POINT('',(13.8613945271687,10.6823097578275,68.6));
#10199=CARTESIAN_POINT('Origin',(0.,0.,68.6));
#10200=CARTESIAN_POINT('',(10.6823097578276,13.8613945271687,68.6));
#10201=CARTESIAN_POINT('Origin',(0.,0.,68.6));
#10202=CARTESIAN_POINT('',(9.88195433565574,14.4428867788962,68.6));
#10203=CARTESIAN_POINT('Origin',(0.,0.,68.6));
#10204=CARTESIAN_POINT('',(5.8760738296342,16.4839848443478,68.6));
#10205=CARTESIAN_POINT('Origin',(0.,0.,68.6));
#10206=CARTESIAN_POINT('',(4.93519960214435,16.7896934125372,68.6));
#10207=CARTESIAN_POINT('Origin',(0.,0.,68.6));
#10208=CARTESIAN_POINT('',(0.494646853982468,17.4930078742864,68.6));
#10209=CARTESIAN_POINT('Origin',(0.,0.,68.6));
#10210=CARTESIAN_POINT('',(-0.49464685398247,17.4930078742864,68.6));
#10211=CARTESIAN_POINT('Origin',(0.,0.,68.6));
#10212=CARTESIAN_POINT('',(-4.93519960214412,16.7896934125372,68.6));
#10213=CARTESIAN_POINT('Origin',(0.,0.,68.6));
#10214=CARTESIAN_POINT('',(-5.87607382963397,16.4839848443479,68.6));
#10215=CARTESIAN_POINT('Origin',(0.,0.,68.6));
#10216=CARTESIAN_POINT('',(-9.88195433565553,14.4428867788963,68.6));
#10217=CARTESIAN_POINT('Origin',(0.,0.,68.6));
#10218=CARTESIAN_POINT('',(-10.6823097578274,13.8613945271688,68.6));
#10219=CARTESIAN_POINT('Origin',(0.,0.,68.6));
#10220=CARTESIAN_POINT('',(-13.8613945271686,10.6823097578277,68.6));
#10221=CARTESIAN_POINT('Origin',(0.,0.,68.6));
#10222=CARTESIAN_POINT('',(-14.4428867788961,9.88195433565589,68.6));
#10223=CARTESIAN_POINT('Origin',(0.,0.,68.6));
#10224=CARTESIAN_POINT('',(-16.4839848443477,5.87607382963438,68.6));
#10225=CARTESIAN_POINT('Origin',(0.,0.,68.6));
#10226=CARTESIAN_POINT('',(-16.7896934125371,4.93519960214453,68.6));
#10227=CARTESIAN_POINT('Origin',(0.,0.,68.6));
#10228=CARTESIAN_POINT('',(-17.4930078742864,0.494646853982652,68.6));
#10229=CARTESIAN_POINT('Origin',(0.,0.,68.6));
#10230=CARTESIAN_POINT('Origin',(0.,0.,68.6));
#10231=CARTESIAN_POINT('',(-12.5,-1.53080849893419E-15,73.6));
#10232=CARTESIAN_POINT('',(-15.,-1.83697019872103E-15,71.1));
#10233=CARTESIAN_POINT('Origin',(0.,0.,73.6));
#10234=CARTESIAN_POINT('Origin',(0.,0.,68.6));
#10235=CARTESIAN_POINT('',(-17.479060308017,4.51528192441882,68.6));
#10236=CARTESIAN_POINT('Origin',(-17.3653400438241,5.10440644564663,68.6));
#10237=CARTESIAN_POINT('',(-19.4473984079535,4.66890727711835,68.6));
#10238=CARTESIAN_POINT('Origin',(-19.1413207532513,-4.0960099671777,68.6));
#10239=CARTESIAN_POINT('',(-19.9383466746625,1.56918191455708,68.6));
#10240=CARTESIAN_POINT('Origin',(0.,0.,68.6));
#10241=CARTESIAN_POINT('',(-18.018873053695,1.10703838375401,68.6));
#10242=CARTESIAN_POINT('Origin',(-16.938741143888,9.81053037763113,68.6));
#10243=CARTESIAN_POINT('Origin',(-18.0927681442619,0.511606174690629,68.6));
#10244=CARTESIAN_POINT('Origin',(0.,0.,68.6));
#10245=CARTESIAN_POINT('',(-15.2282753556161,9.69561497801011,68.6));
#10246=CARTESIAN_POINT('Origin',(-14.9380714684582,10.2207641985927,68.6));
#10247=CARTESIAN_POINT('',(-17.0528032870817,10.4499712943192,68.6));
#10248=CARTESIAN_POINT('Origin',(-19.4702145218623,2.01945643744228,68.6));
#10249=CARTESIAN_POINT('',(-18.4775906502256,7.65366864730197,68.6));
#10250=CARTESIAN_POINT('Origin',(0.,0.,68.6));
#10251=CARTESIAN_POINT('',(-16.7948729600064,6.62099406173467,68.6));
#10252=CARTESIAN_POINT('Origin',(-13.0780795322118,14.5647277207372,68.6));
#10253=CARTESIAN_POINT('Origin',(-17.0491500390111,6.07753921807898,68.6));
#10254=CARTESIAN_POINT('Origin',(0.,0.,68.6));
#10255=CARTESIAN_POINT('',(-18.018873053695,-1.10703838375364,68.6));
#10256=CARTESIAN_POINT('Origin',(-18.0927681442619,-0.511606174690252,68.6));
#10257=CARTESIAN_POINT('',(-19.9383466746626,-1.56918191455666,68.6));
#10258=CARTESIAN_POINT('Origin',(-16.9387411438882,-9.81053037763077,68.6));
#10259=CARTESIAN_POINT('',(-19.4473984079536,-4.66890727711794,68.6));
#10260=CARTESIAN_POINT('Origin',(0.,0.,68.6));
#10261=CARTESIAN_POINT('',(-17.4790603080171,-4.51528192441845,68.6));
#10262=CARTESIAN_POINT('Origin',(-19.1413207532512,4.0960099671781,68.6));
#10263=CARTESIAN_POINT('Origin',(-17.3653400438242,-5.10440644564626,68.6));
#10264=CARTESIAN_POINT('Origin',(0.,0.,68.6));
#10265=CARTESIAN_POINT('',(-11.4868407097742,13.926873684232,68.6));
#10266=CARTESIAN_POINT('Origin',(-11.0485603780957,14.3366423395289,68.6));
#10267=CARTESIAN_POINT('',(-12.9889609666034,15.2081193120008,68.6));
#10268=CARTESIAN_POINT('Origin',(-17.8932280361122,7.93724437558504,68.6));
#10269=CARTESIAN_POINT('',(-15.2081193120005,12.9889609666038,68.6));
#10270=CARTESIAN_POINT('Origin',(0.,0.,68.6));
#10271=CARTESIAN_POINT('',(-13.9268736842317,11.4868407097745,68.6));
#10272=CARTESIAN_POINT('Origin',(-7.93724437558459,17.8932280361124,68.6));
#10273=CARTESIAN_POINT('Origin',(-14.3366423395286,11.0485603780961,68.6));
#10274=CARTESIAN_POINT('Origin',(0.,0.,68.6));
#10275=CARTESIAN_POINT('',(-16.7948729600065,-6.62099406173432,68.6));
#10276=CARTESIAN_POINT('Origin',(-17.0491500390112,-6.07753921807863,68.6));
#10277=CARTESIAN_POINT('',(-18.4775906502258,-7.65366864730159,68.6));
#10278=CARTESIAN_POINT('Origin',(-13.0780795322121,-14.5647277207369,68.6));
#10279=CARTESIAN_POINT('',(-17.0528032870819,-10.4499712943188,68.6));
#10280=CARTESIAN_POINT('Origin',(0.,0.,68.6));
#10281=CARTESIAN_POINT('',(-15.2282753556163,-9.69561497800978,68.6));
#10282=CARTESIAN_POINT('Origin',(-19.4702145218624,-2.01945643744185,68.6));
#10283=CARTESIAN_POINT('Origin',(-14.9380714684585,-10.2207641985923,68.6));
#10284=CARTESIAN_POINT('Origin',(0.,0.,68.6));
#10285=CARTESIAN_POINT('',(-6.62099406173426,16.7948729600065,68.6));
#10286=CARTESIAN_POINT('Origin',(-6.07753921807857,17.0491500390112,68.6));
#10287=CARTESIAN_POINT('',(-7.65366864730152,18.4775906502258,68.6));
#10288=CARTESIAN_POINT('Origin',(-14.5647277207368,13.0780795322121,68.6));
#10289=CARTESIAN_POINT('',(-10.4499712943188,17.052803287082,68.6));
#10290=CARTESIAN_POINT('Origin',(0.,0.,68.6));
#10291=CARTESIAN_POINT('',(-9.69561497800973,15.2282753556164,68.6));
#10292=CARTESIAN_POINT('Origin',(-2.01945643744178,19.4702145218624,68.6));
#10293=CARTESIAN_POINT('Origin',(-10.2207641985923,14.9380714684585,68.6));
#10294=CARTESIAN_POINT('Origin',(0.,0.,68.6));
#10295=CARTESIAN_POINT('',(-13.926873684232,-11.4868407097742,68.6));
#10296=CARTESIAN_POINT('Origin',(-14.3366423395289,-11.0485603780958,68.6));
#10297=CARTESIAN_POINT('',(-15.2081193120008,-12.9889609666035,68.6));
#10298=CARTESIAN_POINT('Origin',(-7.93724437558498,-17.8932280361122,68.6));
#10299=CARTESIAN_POINT('',(-12.9889609666038,-15.2081193120005,68.6));
#10300=CARTESIAN_POINT('Origin',(0.,0.,68.6));
#10301=CARTESIAN_POINT('',(-11.4868407097745,-13.9268736842317,68.6));
#10302=CARTESIAN_POINT('Origin',(-17.8932280361123,-7.93724437558465,68.6));
#10303=CARTESIAN_POINT('Origin',(-11.0485603780961,-14.3366423395287,68.6));
#10304=CARTESIAN_POINT('Origin',(0.,0.,68.6));
#10305=CARTESIAN_POINT('',(-1.10703838375382,18.018873053695,68.6));
#10306=CARTESIAN_POINT('Origin',(-0.51160617469044,18.0927681442619,68.6));
#10307=CARTESIAN_POINT('',(-1.56918191455687,19.9383466746625,68.6));
#10308=CARTESIAN_POINT('Origin',(-9.81053037763095,16.9387411438881,68.6));
#10309=CARTESIAN_POINT('',(-4.66890727711788,19.4473984079536,68.6));
#10310=CARTESIAN_POINT('Origin',(0.,0.,68.6));
#10311=CARTESIAN_POINT('',(-4.51528192441839,17.4790603080171,68.6));
#10312=CARTESIAN_POINT('Origin',(4.09600996717817,19.1413207532512,68.6));
#10313=CARTESIAN_POINT('Origin',(-5.1044064456462,17.3653400438242,68.6));
#10314=CARTESIAN_POINT('Origin',(0.,0.,68.6));
#10315=CARTESIAN_POINT('',(-9.69561497801006,-15.2282753556161,68.6));
#10316=CARTESIAN_POINT('Origin',(-10.2207641985926,-14.9380714684583,68.6));
#10317=CARTESIAN_POINT('',(-10.4499712943191,-17.0528032870817,68.6));
#10318=CARTESIAN_POINT('Origin',(-2.01945643744221,-19.4702145218624,68.6));
#10319=CARTESIAN_POINT('',(-7.65366864730191,-18.4775906502257,68.6));
#10320=CARTESIAN_POINT('Origin',(0.,0.,68.6));
#10321=CARTESIAN_POINT('',(-6.62099406173461,-16.7948729600064,68.6));
#10322=CARTESIAN_POINT('Origin',(-14.5647277207371,-13.0780795322118,68.6));
#10323=CARTESIAN_POINT('Origin',(-6.07753921807892,-17.0491500390111,68.6));
#10324=CARTESIAN_POINT('Origin',(0.,0.,68.6));
#10325=CARTESIAN_POINT('',(4.51528192441863,17.4790603080171,68.6));
#10326=CARTESIAN_POINT('Origin',(5.10440644564644,17.3653400438242,68.6));
#10327=CARTESIAN_POINT('',(4.66890727711815,19.4473984079535,68.6));
#10328=CARTESIAN_POINT('Origin',(-4.0960099671779,19.1413207532512,68.6));
#10329=CARTESIAN_POINT('',(1.56918191455687,19.9383466746625,68.6));
#10330=CARTESIAN_POINT('Origin',(0.,0.,68.6));
#10331=CARTESIAN_POINT('',(1.10703838375382,18.018873053695,68.6));
#10332=CARTESIAN_POINT('Origin',(9.81053037763095,16.9387411438881,68.6));
#10333=CARTESIAN_POINT('Origin',(0.511606174690439,18.0927681442619,68.6));
#10334=CARTESIAN_POINT('Origin',(0.,0.,68.6));
#10335=CARTESIAN_POINT('',(-4.51528192441876,-17.479060308017,68.6));
#10336=CARTESIAN_POINT('Origin',(-5.10440644564657,-17.3653400438241,68.6));
#10337=CARTESIAN_POINT('',(-4.66890727711828,-19.4473984079535,68.6));
#10338=CARTESIAN_POINT('Origin',(4.09600996717777,-19.1413207532512,68.6));
#10339=CARTESIAN_POINT('',(-1.56918191455687,-19.9383466746625,68.6));
#10340=CARTESIAN_POINT('Origin',(0.,0.,68.6));
#10341=CARTESIAN_POINT('',(-1.10703838375382,-18.018873053695,68.6));
#10342=CARTESIAN_POINT('Origin',(-9.81053037763095,-16.9387411438881,68.6));
#10343=CARTESIAN_POINT('Origin',(-0.511606174690439,-18.0927681442619,68.6));
#10344=CARTESIAN_POINT('Origin',(0.,0.,68.6));
#10345=CARTESIAN_POINT('',(9.69561497800994,15.2282753556162,68.6));
#10346=CARTESIAN_POINT('Origin',(10.2207641985925,14.9380714684584,68.6));
#10347=CARTESIAN_POINT('',(10.449971294319,17.0528032870818,68.6));
#10348=CARTESIAN_POINT('Origin',(2.01945643744206,19.4702145218624,68.6));
#10349=CARTESIAN_POINT('',(7.65366864730177,18.4775906502257,68.6));
#10350=CARTESIAN_POINT('Origin',(0.,0.,68.6));
#10351=CARTESIAN_POINT('',(6.62099406173449,16.7948729600064,68.6));
#10352=CARTESIAN_POINT('Origin',(14.564727720737,13.0780795322119,68.6));
#10353=CARTESIAN_POINT('Origin',(6.0775392180788,17.0491500390112,68.6));
#10354=CARTESIAN_POINT('Origin',(0.,0.,68.6));
#10355=CARTESIAN_POINT('',(1.10703838375382,-18.018873053695,68.6));
#10356=CARTESIAN_POINT('Origin',(0.51160617469044,-18.0927681442619,68.6));
#10357=CARTESIAN_POINT('',(1.56918191455687,-19.9383466746625,68.6));
#10358=CARTESIAN_POINT('Origin',(9.81053037763095,-16.9387411438881,68.6));
#10359=CARTESIAN_POINT('',(4.668907277118,-19.4473984079535,68.6));
#10360=CARTESIAN_POINT('Origin',(0.,0.,68.6));
#10361=CARTESIAN_POINT('',(4.51528192441851,-17.4790603080171,68.6));
#10362=CARTESIAN_POINT('Origin',(-4.09600996717804,-19.1413207532512,68.6));
#10363=CARTESIAN_POINT('Origin',(5.10440644564632,-17.3653400438242,68.6));
#10364=CARTESIAN_POINT('Origin',(0.,0.,68.6));
#10365=CARTESIAN_POINT('',(13.9268736842319,11.4868407097743,68.6));
#10366=CARTESIAN_POINT('Origin',(14.3366423395288,11.0485603780959,68.6));
#10367=CARTESIAN_POINT('',(15.2081193120007,12.9889609666036,68.6));
#10368=CARTESIAN_POINT('Origin',(7.93724437558485,17.8932280361122,68.6));
#10369=CARTESIAN_POINT('',(12.9889609666037,15.2081193120006,68.6));
#10370=CARTESIAN_POINT('Origin',(0.,0.,68.6));
#10371=CARTESIAN_POINT('',(11.4868407097744,13.9268736842318,68.6));
#10372=CARTESIAN_POINT('Origin',(17.8932280361123,7.93724437558479,68.6));
#10373=CARTESIAN_POINT('Origin',(11.048560378096,14.3366423395287,68.6));
#10374=CARTESIAN_POINT('Origin',(0.,0.,68.6));
#10375=CARTESIAN_POINT('',(6.62099406173437,-16.7948729600065,68.6));
#10376=CARTESIAN_POINT('Origin',(6.07753921807868,-17.0491500390112,68.6));
#10377=CARTESIAN_POINT('',(7.65366864730164,-18.4775906502258,68.6));
#10378=CARTESIAN_POINT('Origin',(14.5647277207369,-13.078079532212,68.6));
#10379=CARTESIAN_POINT('',(10.4499712943189,-17.0528032870819,68.6));
#10380=CARTESIAN_POINT('Origin',(0.,0.,68.6));
#10381=CARTESIAN_POINT('',(9.69561497800984,-15.2282753556163,68.6));
#10382=CARTESIAN_POINT('Origin',(2.01945643744193,-19.4702145218624,68.6));
#10383=CARTESIAN_POINT('Origin',(10.2207641985924,-14.9380714684584,68.6));
#10384=CARTESIAN_POINT('Origin',(0.,0.,68.6));
#10385=CARTESIAN_POINT('',(16.7948729600065,6.62099406173444,68.6));
#10386=CARTESIAN_POINT('Origin',(17.0491500390112,6.07753921807874,68.6));
#10387=CARTESIAN_POINT('',(18.4775906502257,7.65366864730171,68.6));
#10388=CARTESIAN_POINT('Origin',(13.078079532212,14.564727720737,68.6));
#10389=CARTESIAN_POINT('',(17.0528032870818,10.449971294319,68.6));
#10390=CARTESIAN_POINT('Origin',(0.,0.,68.6));
#10391=CARTESIAN_POINT('',(15.2282753556163,9.69561497800989,68.6));
#10392=CARTESIAN_POINT('Origin',(19.4702145218624,2.01945643744199,68.6));
#10393=CARTESIAN_POINT('Origin',(14.9380714684584,10.2207641985925,68.6));
#10394=CARTESIAN_POINT('Origin',(0.,0.,68.6));
#10395=CARTESIAN_POINT('',(11.4868407097743,-13.9268736842319,68.6));
#10396=CARTESIAN_POINT('Origin',(11.0485603780959,-14.3366423395288,68.6));
#10397=CARTESIAN_POINT('',(12.9889609666036,-15.2081193120007,68.6));
#10398=CARTESIAN_POINT('Origin',(17.8932280361122,-7.93724437558491,68.6));
#10399=CARTESIAN_POINT('',(15.2081193120006,-12.9889609666037,68.6));
#10400=CARTESIAN_POINT('Origin',(0.,0.,68.6));
#10401=CARTESIAN_POINT('',(13.9268736842318,-11.4868407097744,68.6));
#10402=CARTESIAN_POINT('Origin',(7.93724437558472,-17.8932280361123,68.6));
#10403=CARTESIAN_POINT('Origin',(14.3366423395287,-11.048560378096,68.6));
#10404=CARTESIAN_POINT('Origin',(0.,0.,68.6));
#10405=CARTESIAN_POINT('',(18.018873053695,1.10703838375376,68.6));
#10406=CARTESIAN_POINT('Origin',(18.0927681442619,0.511606174690379,68.6));
#10407=CARTESIAN_POINT('',(19.9383466746626,1.5691819145568,68.6));
#10408=CARTESIAN_POINT('Origin',(16.9387411438881,9.81053037763089,68.6));
#10409=CARTESIAN_POINT('',(19.4473984079535,4.66890727711808,68.6));
#10410=CARTESIAN_POINT('Origin',(0.,0.,68.6));
#10411=CARTESIAN_POINT('',(17.4790603080171,4.51528192441857,68.6));
#10412=CARTESIAN_POINT('Origin',(19.1413207532512,-4.09600996717797,68.6));
#10413=CARTESIAN_POINT('Origin',(17.3653400438242,5.10440644564638,68.6));
#10414=CARTESIAN_POINT('Origin',(0.,0.,68.6));
#10415=CARTESIAN_POINT('',(15.2282753556162,-9.69561497801,68.6));
#10416=CARTESIAN_POINT('Origin',(14.9380714684583,-10.2207641985926,68.6));
#10417=CARTESIAN_POINT('',(17.0528032870818,-10.4499712943191,68.6));
#10418=CARTESIAN_POINT('Origin',(19.4702145218624,-2.01945643744213,68.6));
#10419=CARTESIAN_POINT('',(18.4775906502257,-7.65366864730185,68.6));
#10420=CARTESIAN_POINT('Origin',(0.,0.,68.6));
#10421=CARTESIAN_POINT('',(16.7948729600064,-6.62099406173456,68.6));
#10422=CARTESIAN_POINT('Origin',(13.0780795322119,-14.5647277207371,68.6));
#10423=CARTESIAN_POINT('Origin',(17.0491500390111,-6.07753921807887,68.6));
#10424=CARTESIAN_POINT('Origin',(0.,0.,68.6));
#10425=CARTESIAN_POINT('',(-12.5,1.53080849893419E-15,68.6));
#10426=CARTESIAN_POINT('Origin',(5.10440644564632,-17.3653400438242,68.6));
#10427=CARTESIAN_POINT('',(4.93519960214423,-16.7896934125372,68.6));
#10428=CARTESIAN_POINT('',(4.51528192441851,-17.4790603080171,68.6));
#10429=CARTESIAN_POINT('Origin',(10.2207641985924,-14.9380714684584,68.6));
#10430=CARTESIAN_POINT('',(9.88195433565563,-14.4428867788963,68.6));
#10431=CARTESIAN_POINT('',(9.69561497800984,-15.2282753556163,68.6));
#10432=CARTESIAN_POINT('Origin',(14.3366423395287,-11.048560378096,68.6));
#10433=CARTESIAN_POINT('',(13.8613945271686,-10.6823097578276,68.6));
#10434=CARTESIAN_POINT('',(13.9268736842318,-11.4868407097744,68.6));
#10435=CARTESIAN_POINT('Origin',(17.0491500390111,-6.07753921807887,68.6));
#10436=CARTESIAN_POINT('',(16.4839848443478,-5.87607382963426,68.6));
#10437=CARTESIAN_POINT('',(16.7948729600064,-6.62099406173456,68.6));
#10438=CARTESIAN_POINT('Origin',(18.0927681442619,0.511606174690379,68.6));
#10439=CARTESIAN_POINT('',(18.018873053695,1.10703838375376,68.6));
#10440=CARTESIAN_POINT('',(17.4930078742864,0.494646853982411,68.6));
#10441=CARTESIAN_POINT('Origin',(18.0927681442619,-0.511606174690503,68.6));
#10442=CARTESIAN_POINT('',(17.4930078742864,-0.49464685398253,68.6));
#10443=CARTESIAN_POINT('',(18.018873053695,-1.10703838375389,68.6));
#10444=CARTESIAN_POINT('Origin',(18.0927681442619,-0.511606174690503,68.6));
#10445=CARTESIAN_POINT('',(18.018873053695,-1.10703838375389,68.6));
#10446=CARTESIAN_POINT('Origin',(17.0491500390112,6.07753921807874,68.6));
#10447=CARTESIAN_POINT('',(16.7948729600065,6.62099406173444,68.6));
#10448=CARTESIAN_POINT('',(16.4839848443478,5.87607382963415,68.6));
#10449=CARTESIAN_POINT('Origin',(14.3366423395288,11.0485603780959,68.6));
#10450=CARTESIAN_POINT('',(13.9268736842319,11.4868407097743,68.6));
#10451=CARTESIAN_POINT('',(13.8613945271687,10.6823097578275,68.6));
#10452=CARTESIAN_POINT('Origin',(10.2207641985925,14.9380714684584,68.6));
#10453=CARTESIAN_POINT('',(9.69561497800994,15.2282753556162,68.6));
#10454=CARTESIAN_POINT('',(9.88195433565574,14.4428867788962,68.6));
#10455=CARTESIAN_POINT('Origin',(5.10440644564644,17.3653400438242,68.6));
#10456=CARTESIAN_POINT('',(4.51528192441863,17.4790603080171,68.6));
#10457=CARTESIAN_POINT('',(4.93519960214435,16.7896934125372,68.6));
#10458=CARTESIAN_POINT('Origin',(0.,0.,68.6));
#10459=CARTESIAN_POINT('Origin',(-4.09600996717804,-19.1413207532512,68.6));
#10460=CARTESIAN_POINT('',(4.33144124834861,-21.569390735765,66.6));
#10461=CARTESIAN_POINT('Ctrl Pts',(4.33144124834862,-21.569390735765,66.6));
#10462=CARTESIAN_POINT('Ctrl Pts',(4.36825373324355,-21.4416203573127,66.7180217318984));
#10463=CARTESIAN_POINT('Ctrl Pts',(4.40204370607615,-21.3134146585656,66.8368098240197));
#10464=CARTESIAN_POINT('Ctrl Pts',(4.57140731427197,-20.6065969288864,67.4939572178629));
#10465=CARTESIAN_POINT('Ctrl Pts',(4.64882357245512,-20.0225204615391,68.0454570622787));
#10466=CARTESIAN_POINT('Ctrl Pts',(4.668907277118,-19.4473984079535,68.6));
#10467=CARTESIAN_POINT('',(4.33144124834861,-21.569390735765,50.6));
#10468=CARTESIAN_POINT('',(4.33144124834861,-21.569390735765,68.6));
#10469=CARTESIAN_POINT('Ctrl Pts',(4.668907277118,-19.4473984079536,48.6));
#10470=CARTESIAN_POINT('Ctrl Pts',(4.64882357245512,-20.0225204615391,49.1545429377213));
#10471=CARTESIAN_POINT('Ctrl Pts',(4.57140731427197,-20.6065969288864,49.7060427821371));
#10472=CARTESIAN_POINT('Ctrl Pts',(4.40204370607615,-21.3134146585656,50.3631901759803));
#10473=CARTESIAN_POINT('Ctrl Pts',(4.36825373324355,-21.4416203573127,50.4819782681016));
#10474=CARTESIAN_POINT('Ctrl Pts',(4.33144124834861,-21.569390735765,50.6));
#10475=CARTESIAN_POINT('Origin',(-4.0960099671779,19.1413207532512,68.6));
#10476=CARTESIAN_POINT('',(4.33144124834877,21.569390735765,50.6));
#10477=CARTESIAN_POINT('Ctrl Pts',(4.33144124834877,21.569390735765,50.6));
#10478=CARTESIAN_POINT('Ctrl Pts',(4.36825373324371,21.4416203573127,50.4819782681016));
#10479=CARTESIAN_POINT('Ctrl Pts',(4.4020437060763,21.3134146585656,50.3631901759803));
#10480=CARTESIAN_POINT('Ctrl Pts',(4.57140731427212,20.6065969288864,49.7060427821371));
#10481=CARTESIAN_POINT('Ctrl Pts',(4.64882357245526,20.0225204615391,49.1545429377213));
#10482=CARTESIAN_POINT('Ctrl Pts',(4.66890727711814,19.4473984079535,48.6));
#10483=CARTESIAN_POINT('',(4.33144124834877,21.569390735765,66.6));
#10484=CARTESIAN_POINT('',(4.33144124834877,21.569390735765,68.6));
#10485=CARTESIAN_POINT('Ctrl Pts',(4.66890727711814,19.4473984079535,68.6));
#10486=CARTESIAN_POINT('Ctrl Pts',(4.64882357245526,20.0225204615391,68.0454570622787));
#10487=CARTESIAN_POINT('Ctrl Pts',(4.57140731427212,20.6065969288864,67.4939572178629));
#10488=CARTESIAN_POINT('Ctrl Pts',(4.4020437060763,21.3134146585656,66.8368098240197));
#10489=CARTESIAN_POINT('Ctrl Pts',(4.36825373324371,21.4416203573127,66.7180217318984));
#10490=CARTESIAN_POINT('Ctrl Pts',(4.33144124834877,21.569390735765,66.6));
#10491=CARTESIAN_POINT('Origin',(0.,0.,68.6));
#10492=CARTESIAN_POINT('',(17.479060308017,-4.5152819244187,68.6));
#10493=CARTESIAN_POINT('Origin',(17.3653400438241,-5.10440644564651,68.6));
#10494=CARTESIAN_POINT('',(19.4473984079535,-4.66890727711822,68.6));
#10495=CARTESIAN_POINT('Origin',(19.1413207532512,4.09600996717784,68.6));
#10496=CARTESIAN_POINT('',(19.9383466746625,-1.56918191455694,68.6));
#10497=CARTESIAN_POINT('Origin',(0.,0.,68.6));
#10498=CARTESIAN_POINT('Origin',(16.938741143888,-9.81053037763101,68.6));
#10499=CARTESIAN_POINT('Origin',(0.,0.,48.6));
#10500=CARTESIAN_POINT('',(19.9959609504981,9.1739601953657,66.6));
#10501=CARTESIAN_POINT('',(19.1752206558892,10.7847537198566,66.6));
#10502=CARTESIAN_POINT('Origin',(0.,0.,66.6));
#10503=CARTESIAN_POINT('',(19.9959609504981,9.1739601953657,50.6));
#10504=CARTESIAN_POINT('',(19.9959609504981,9.1739601953657,68.6));
#10505=CARTESIAN_POINT('',(19.1752206558892,10.7847537198566,50.6));
#10506=CARTESIAN_POINT('Origin',(0.,0.,50.6));
#10507=CARTESIAN_POINT('',(19.1752206558892,10.7847537198566,68.6));
#10508=CARTESIAN_POINT('Origin',(0.,0.,48.6));
#10509=CARTESIAN_POINT('',(14.9040463765967,16.1823793554673,50.6));
#10510=CARTESIAN_POINT('',(16.1823793554674,14.9040463765967,50.6));
#10511=CARTESIAN_POINT('Origin',(0.,0.,50.6));
#10512=CARTESIAN_POINT('',(14.9040463765967,16.1823793554673,66.6));
#10513=CARTESIAN_POINT('',(14.9040463765967,16.1823793554673,68.6));
#10514=CARTESIAN_POINT('',(16.1823793554673,14.9040463765967,66.6));
#10515=CARTESIAN_POINT('Origin',(0.,0.,66.6));
#10516=CARTESIAN_POINT('',(16.1823793554673,14.9040463765967,68.6));
#10517=CARTESIAN_POINT('Origin',(0.,0.,48.6));
#10518=CARTESIAN_POINT('',(21.852198567642,2.54586287147315,66.6));
#10519=CARTESIAN_POINT('',(21.569390735765,4.3314412483487,66.6));
#10520=CARTESIAN_POINT('Origin',(0.,0.,66.6));
#10521=CARTESIAN_POINT('',(21.852198567642,2.54586287147314,50.6));
#10522=CARTESIAN_POINT('',(21.852198567642,2.54586287147315,68.6));
#10523=CARTESIAN_POINT('',(21.569390735765,4.3314412483487,50.6));
#10524=CARTESIAN_POINT('Origin',(0.,0.,50.6));
#10525=CARTESIAN_POINT('',(21.569390735765,4.3314412483487,68.6));
#10526=CARTESIAN_POINT('Origin',(0.,0.,48.6));
#10527=CARTESIAN_POINT('',(21.5693907357649,-4.33144124834885,66.6));
#10528=CARTESIAN_POINT('',(21.852198567642,-2.5458628714733,66.6));
#10529=CARTESIAN_POINT('Origin',(0.,0.,66.6));
#10530=CARTESIAN_POINT('',(21.5693907357649,-4.33144124834885,50.6));
#10531=CARTESIAN_POINT('',(21.5693907357649,-4.33144124834885,68.6));
#10532=CARTESIAN_POINT('',(21.852198567642,-2.5458628714733,50.6));
#10533=CARTESIAN_POINT('Origin',(0.,0.,50.6));
#10534=CARTESIAN_POINT('',(21.852198567642,-2.5458628714733,68.6));
#10535=CARTESIAN_POINT('Origin',(0.,0.,48.6));
#10536=CARTESIAN_POINT('',(2.54586287147322,-21.852198567642,66.6));
#10537=CARTESIAN_POINT('Origin',(0.,0.,66.6));
#10538=CARTESIAN_POINT('',(2.54586287147322,-21.852198567642,50.6));
#10539=CARTESIAN_POINT('',(2.54586287147322,-21.852198567642,68.6));
#10540=CARTESIAN_POINT('Origin',(0.,0.,50.6));
#10541=CARTESIAN_POINT('Origin',(0.,0.,48.6));
#10542=CARTESIAN_POINT('',(10.7847537198565,-19.1752206558892,50.6));
#10543=CARTESIAN_POINT('',(9.17396019536562,-19.9959609504982,50.6));
#10544=CARTESIAN_POINT('Origin',(0.,0.,50.6));
#10545=CARTESIAN_POINT('',(10.7847537198565,-19.1752206558892,66.6));
#10546=CARTESIAN_POINT('',(10.7847537198565,-19.1752206558892,68.6));
#10547=CARTESIAN_POINT('',(9.17396019536562,-19.9959609504982,66.6));
#10548=CARTESIAN_POINT('Origin',(0.,0.,66.6));
#10549=CARTESIAN_POINT('',(9.17396019536562,-19.9959609504982,68.6));
#10550=CARTESIAN_POINT('Origin',(0.,0.,48.6));
#10551=CARTESIAN_POINT('',(16.1823793554672,-14.9040463765968,50.6));
#10552=CARTESIAN_POINT('',(14.9040463765966,-16.1823793554674,50.6));
#10553=CARTESIAN_POINT('Origin',(0.,0.,50.6));
#10554=CARTESIAN_POINT('',(16.1823793554672,-14.9040463765968,66.6));
#10555=CARTESIAN_POINT('',(16.1823793554672,-14.9040463765968,68.6));
#10556=CARTESIAN_POINT('',(14.9040463765966,-16.1823793554674,66.6));
#10557=CARTESIAN_POINT('Origin',(0.,0.,66.6));
#10558=CARTESIAN_POINT('',(14.9040463765966,-16.1823793554674,68.6));
#10559=CARTESIAN_POINT('Origin',(0.,0.,48.6));
#10560=CARTESIAN_POINT('',(19.9959609504981,-9.17396019536584,50.6));
#10561=CARTESIAN_POINT('',(19.1752206558891,-10.7847537198567,50.6));
#10562=CARTESIAN_POINT('Origin',(0.,0.,50.6));
#10563=CARTESIAN_POINT('',(19.9959609504981,-9.17396019536584,66.6));
#10564=CARTESIAN_POINT('',(19.9959609504981,-9.17396019536584,68.6));
#10565=CARTESIAN_POINT('',(19.1752206558891,-10.7847537198567,66.6));
#10566=CARTESIAN_POINT('Origin',(0.,0.,66.6));
#10567=CARTESIAN_POINT('',(19.1752206558891,-10.7847537198567,68.6));
#10568=CARTESIAN_POINT('Origin',(0.,0.,48.6));
#10569=CARTESIAN_POINT('',(-4.33144124834893,-21.5693907357649,66.6));
#10570=CARTESIAN_POINT('',(-2.54586287147322,-21.852198567642,66.6));
#10571=CARTESIAN_POINT('Origin',(0.,0.,66.6));
#10572=CARTESIAN_POINT('',(-4.33144124834893,-21.5693907357649,50.6));
#10573=CARTESIAN_POINT('',(-4.33144124834893,-21.5693907357649,68.6));
#10574=CARTESIAN_POINT('',(-2.54586287147322,-21.852198567642,50.6));
#10575=CARTESIAN_POINT('Origin',(0.,0.,50.6));
#10576=CARTESIAN_POINT('',(-2.54586287147322,-21.852198567642,68.6));
#10577=CARTESIAN_POINT('Origin',(0.,0.,48.6));
#10578=CARTESIAN_POINT('',(-10.7847537198568,-19.1752206558891,66.6));
#10579=CARTESIAN_POINT('',(-9.17396019536591,-19.995960950498,66.6));
#10580=CARTESIAN_POINT('Origin',(0.,0.,66.6));
#10581=CARTESIAN_POINT('',(-10.7847537198568,-19.1752206558891,50.6));
#10582=CARTESIAN_POINT('',(-10.7847537198568,-19.1752206558891,68.6));
#10583=CARTESIAN_POINT('',(-9.17396019536591,-19.995960950498,50.6));
#10584=CARTESIAN_POINT('Origin',(0.,0.,50.6));
#10585=CARTESIAN_POINT('',(-9.17396019536591,-19.995960950498,68.6));
#10586=CARTESIAN_POINT('Origin',(0.,0.,48.6));
#10587=CARTESIAN_POINT('',(-19.9959609504982,-9.17396019536556,66.6));
#10588=CARTESIAN_POINT('',(-19.1752206558893,-10.7847537198564,66.6));
#10589=CARTESIAN_POINT('Origin',(0.,0.,66.6));
#10590=CARTESIAN_POINT('',(-19.9959609504982,-9.17396019536556,50.6));
#10591=CARTESIAN_POINT('',(-19.9959609504982,-9.17396019536556,68.6));
#10592=CARTESIAN_POINT('',(-19.1752206558893,-10.7847537198564,50.6));
#10593=CARTESIAN_POINT('Origin',(0.,0.,50.6));
#10594=CARTESIAN_POINT('',(-19.1752206558893,-10.7847537198564,68.6));
#10595=CARTESIAN_POINT('Origin',(0.,0.,48.6));
#10596=CARTESIAN_POINT('',(-14.9040463765968,-16.1823793554672,50.6));
#10597=CARTESIAN_POINT('',(-16.1823793554675,-14.9040463765965,50.6));
#10598=CARTESIAN_POINT('Origin',(0.,0.,50.6));
#10599=CARTESIAN_POINT('',(-14.9040463765968,-16.1823793554672,66.6));
#10600=CARTESIAN_POINT('',(-14.9040463765968,-16.1823793554672,68.6));
#10601=CARTESIAN_POINT('',(-16.1823793554675,-14.9040463765965,66.6));
#10602=CARTESIAN_POINT('Origin',(0.,0.,66.6));
#10603=CARTESIAN_POINT('',(-16.1823793554675,-14.9040463765965,68.6));
#10604=CARTESIAN_POINT('Origin',(0.,0.,48.6));
#10605=CARTESIAN_POINT('',(-21.852198567642,-2.54586287147299,66.6));
#10606=CARTESIAN_POINT('',(-21.569390735765,-4.33144124834855,66.6));
#10607=CARTESIAN_POINT('Origin',(0.,0.,66.6));
#10608=CARTESIAN_POINT('',(-21.852198567642,-2.54586287147299,50.6));
#10609=CARTESIAN_POINT('',(-21.852198567642,-2.54586287147299,68.6));
#10610=CARTESIAN_POINT('',(-21.569390735765,-4.33144124834855,50.6));
#10611=CARTESIAN_POINT('Origin',(0.,0.,50.6));
#10612=CARTESIAN_POINT('',(-21.569390735765,-4.33144124834855,68.6));
#10613=CARTESIAN_POINT('Origin',(0.,0.,48.6));
#10614=CARTESIAN_POINT('',(-21.5693907357649,4.331441248349,66.6));
#10615=CARTESIAN_POINT('',(-21.852198567642,2.54586287147345,66.6));
#10616=CARTESIAN_POINT('Origin',(0.,0.,66.6));
#10617=CARTESIAN_POINT('',(-21.5693907357649,4.331441248349,50.6));
#10618=CARTESIAN_POINT('',(-21.5693907357649,4.331441248349,68.6));
#10619=CARTESIAN_POINT('',(-21.852198567642,2.54586287147345,50.6));
#10620=CARTESIAN_POINT('Origin',(0.,0.,50.6));
#10621=CARTESIAN_POINT('',(-21.852198567642,2.54586287147345,68.6));
#10622=CARTESIAN_POINT('Origin',(0.,0.,48.6));
#10623=CARTESIAN_POINT('',(-19.175220655889,10.7847537198569,66.6));
#10624=CARTESIAN_POINT('',(-19.995960950498,9.17396019536598,66.6));
#10625=CARTESIAN_POINT('Origin',(0.,0.,66.6));
#10626=CARTESIAN_POINT('',(-19.175220655889,10.7847537198569,50.6));
#10627=CARTESIAN_POINT('',(-19.175220655889,10.7847537198569,68.6));
#10628=CARTESIAN_POINT('',(-19.995960950498,9.17396019536598,50.6));
#10629=CARTESIAN_POINT('Origin',(0.,0.,50.6));
#10630=CARTESIAN_POINT('',(-19.995960950498,9.17396019536598,68.6));
#10631=CARTESIAN_POINT('Origin',(0.,0.,48.6));
#10632=CARTESIAN_POINT('',(-14.9040463765965,16.1823793554675,66.6));
#10633=CARTESIAN_POINT('',(-16.1823793554671,14.9040463765969,66.6));
#10634=CARTESIAN_POINT('Origin',(0.,0.,66.6));
#10635=CARTESIAN_POINT('',(-14.9040463765965,16.1823793554675,50.6));
#10636=CARTESIAN_POINT('',(-14.9040463765965,16.1823793554675,68.6));
#10637=CARTESIAN_POINT('',(-16.1823793554671,14.9040463765969,50.6));
#10638=CARTESIAN_POINT('Origin',(0.,0.,50.6));
#10639=CARTESIAN_POINT('',(-16.1823793554671,14.9040463765969,68.6));
#10640=CARTESIAN_POINT('Origin',(0.,0.,48.6));
#10641=CARTESIAN_POINT('',(-9.17396019536549,19.9959609504982,66.6));
#10642=CARTESIAN_POINT('',(-10.7847537198564,19.1752206558893,66.6));
#10643=CARTESIAN_POINT('Origin',(0.,0.,66.6));
#10644=CARTESIAN_POINT('',(-9.17396019536549,19.9959609504982,50.6));
#10645=CARTESIAN_POINT('',(-9.17396019536549,19.9959609504982,68.6));
#10646=CARTESIAN_POINT('',(-10.7847537198564,19.1752206558893,50.6));
#10647=CARTESIAN_POINT('Origin',(0.,0.,50.6));
#10648=CARTESIAN_POINT('',(-10.7847537198564,19.1752206558893,68.6));
#10649=CARTESIAN_POINT('Origin',(0.,0.,48.6));
#10650=CARTESIAN_POINT('',(-2.54586287147322,21.852198567642,66.6));
#10651=CARTESIAN_POINT('',(-4.33144124834847,21.569390735765,66.6));
#10652=CARTESIAN_POINT('Origin',(0.,0.,66.6));
#10653=CARTESIAN_POINT('',(-2.54586287147322,21.852198567642,50.6));
#10654=CARTESIAN_POINT('',(-2.54586287147322,21.852198567642,68.6));
#10655=CARTESIAN_POINT('',(-4.33144124834847,21.569390735765,50.6));
#10656=CARTESIAN_POINT('Origin',(0.,0.,50.6));
#10657=CARTESIAN_POINT('',(-4.33144124834847,21.569390735765,68.6));
#10658=CARTESIAN_POINT('Origin',(0.,0.,48.6));
#10659=CARTESIAN_POINT('',(9.17396019536577,19.9959609504981,50.6));
#10660=CARTESIAN_POINT('',(10.7847537198566,19.1752206558892,50.6));
#10661=CARTESIAN_POINT('Origin',(0.,0.,50.6));
#10662=CARTESIAN_POINT('',(9.17396019536577,19.9959609504981,66.6));
#10663=CARTESIAN_POINT('',(9.17396019536577,19.9959609504981,68.6));
#10664=CARTESIAN_POINT('',(10.7847537198566,19.1752206558892,66.6));
#10665=CARTESIAN_POINT('Origin',(0.,0.,66.6));
#10666=CARTESIAN_POINT('',(10.7847537198566,19.1752206558892,68.6));
#10667=CARTESIAN_POINT('Origin',(0.,0.,66.6));
#10668=CARTESIAN_POINT('Ctrl Pts',(19.1752206558892,10.7847537198566,66.6));
#10669=CARTESIAN_POINT('Ctrl Pts',(19.042328121435,10.7802812551775,66.7180217318984));
#10670=CARTESIAN_POINT('Ctrl Pts',(18.9099555803706,10.7727996893368,66.8368098240197));
#10671=CARTESIAN_POINT('Ctrl Pts',(18.1853957395651,10.7154553621383,67.4939572178629));
#10672=CARTESIAN_POINT('Ctrl Pts',(17.6059830698603,10.6085930445257,68.0454570622787));
#10673=CARTESIAN_POINT('Ctrl Pts',(17.0528032870818,10.449971294319,68.6));
#10674=CARTESIAN_POINT('Ctrl Pts',(18.4775906502257,7.65366864730171,68.6));
#10675=CARTESIAN_POINT('Ctrl Pts',(18.931069260004,8.00796496704974,68.0454570622787));
#10676=CARTESIAN_POINT('Ctrl Pts',(19.3580929132548,8.41390756927867,67.4939572178628));
#10677=CARTESIAN_POINT('Ctrl Pts',(19.8303710373183,8.96638264410203,66.8368098240197));
#10678=CARTESIAN_POINT('Ctrl Pts',(19.914230378674,9.06907672534645,66.7180217318984));
#10679=CARTESIAN_POINT('Ctrl Pts',(19.9959609504981,9.1739601953657,66.6));
#10680=CARTESIAN_POINT('Origin',(0.,0.,66.6));
#10681=CARTESIAN_POINT('Ctrl Pts',(15.2081193120007,12.9889609666036,68.6));
#10682=CARTESIAN_POINT('Ctrl Pts',(15.5299195149841,13.4660493872064,68.0454570622786));
#10683=CARTESIAN_POINT('Ctrl Pts',(15.8105999801909,13.9840813101526,67.4939572178628));
#10684=CARTESIAN_POINT('Ctrl Pts',(16.0890389804961,14.6554582965611,66.8368098240197));
#10685=CARTESIAN_POINT('Ctrl Pts',(16.1370597372185,14.7790401333296,66.7180217318984));
#10686=CARTESIAN_POINT('Ctrl Pts',(16.1823793554674,14.9040463765967,66.6));
#10687=CARTESIAN_POINT('Ctrl Pts',(14.9040463765967,16.1823793554673,66.6));
#10688=CARTESIAN_POINT('Ctrl Pts',(14.7790401333296,16.1370597372184,66.7180217318984));
#10689=CARTESIAN_POINT('Ctrl Pts',(14.6554582965612,16.0890389804961,66.8368098240197));
#10690=CARTESIAN_POINT('Ctrl Pts',(13.9840813101526,15.8105999801908,67.4939572178628));
#10691=CARTESIAN_POINT('Ctrl Pts',(13.4660493872064,15.5299195149841,68.0454570622787));
#10692=CARTESIAN_POINT('Ctrl Pts',(12.9889609666037,15.2081193120006,68.6));
#10693=CARTESIAN_POINT('Origin',(0.,0.,66.6));
#10694=CARTESIAN_POINT('Ctrl Pts',(21.569390735765,4.3314412483487,66.6));
#10695=CARTESIAN_POINT('Ctrl Pts',(21.4416203573127,4.36825373324363,66.7180217318984));
#10696=CARTESIAN_POINT('Ctrl Pts',(21.3134146585656,4.40204370607623,66.8368098240197));
#10697=CARTESIAN_POINT('Ctrl Pts',(20.6065969288864,4.57140731427205,67.4939572178629));
#10698=CARTESIAN_POINT('Ctrl Pts',(20.0225204615391,4.64882357245519,68.0454570622787));
#10699=CARTESIAN_POINT('Ctrl Pts',(19.4473984079535,4.66890727711808,68.6));
#10700=CARTESIAN_POINT('Ctrl Pts',(19.9383466746626,1.5691819145568,68.6));
#10701=CARTESIAN_POINT('Ctrl Pts',(20.4791140453393,1.76600514114553,68.0454570622787));
#10702=CARTESIAN_POINT('Ctrl Pts',(21.0106808362051,2.02012193238261,67.4939572178628));
#10703=CARTESIAN_POINT('Ctrl Pts',(21.6305682106883,2.39961498597689,66.8368098240197));
#10704=CARTESIAN_POINT('Ctrl Pts',(21.7420574000632,2.47136889951333,66.7180217318984));
#10705=CARTESIAN_POINT('Ctrl Pts',(21.852198567642,2.54586287147315,66.6));
#10706=CARTESIAN_POINT('Origin',(0.,0.,66.6));
#10707=CARTESIAN_POINT('Ctrl Pts',(21.852198567642,-2.54586287147329,66.6));
#10708=CARTESIAN_POINT('Ctrl Pts',(21.7420574000631,-2.47136889951348,66.7180217318984));
#10709=CARTESIAN_POINT('Ctrl Pts',(21.6305682106883,-2.39961498597704,66.8368098240197));
#10710=CARTESIAN_POINT('Ctrl Pts',(21.0106808362051,-2.02012193238275,67.4939572178628));
#10711=CARTESIAN_POINT('Ctrl Pts',(20.4791140453393,-1.76600514114568,68.0454570622787));
#10712=CARTESIAN_POINT('Ctrl Pts',(19.9383466746625,-1.56918191455694,68.6));
#10713=CARTESIAN_POINT('Ctrl Pts',(19.4473984079535,-4.66890727711822,68.6));
#10714=CARTESIAN_POINT('Ctrl Pts',(20.022520461539,-4.64882357245534,68.0454570622787));
#10715=CARTESIAN_POINT('Ctrl Pts',(20.6065969288864,-4.57140731427219,67.4939572178629));
#10716=CARTESIAN_POINT('Ctrl Pts',(21.3134146585656,-4.40204370607638,66.8368098240197));
#10717=CARTESIAN_POINT('Ctrl Pts',(21.4416203573127,-4.36825373324378,66.7180217318984));
#10718=CARTESIAN_POINT('Ctrl Pts',(21.5693907357649,-4.33144124834885,66.6));
#10719=CARTESIAN_POINT('Origin',(0.,0.,66.6));
#10720=CARTESIAN_POINT('Ctrl Pts',(1.56918191455687,-19.9383466746625,68.6));
#10721=CARTESIAN_POINT('Ctrl Pts',(1.76600514114561,-20.4791140453393,68.0454570622787));
#10722=CARTESIAN_POINT('Ctrl Pts',(2.02012193238268,-21.0106808362051,67.4939572178628));
#10723=CARTESIAN_POINT('Ctrl Pts',(2.39961498597697,-21.6305682106883,66.8368098240197));
#10724=CARTESIAN_POINT('Ctrl Pts',(2.47136889951341,-21.7420574000632,66.7180217318984));
#10725=CARTESIAN_POINT('Ctrl Pts',(2.54586287147322,-21.852198567642,66.6));
#10726=CARTESIAN_POINT('Origin',(0.,0.,66.6));
#10727=CARTESIAN_POINT('Ctrl Pts',(7.65366864730164,-18.4775906502258,68.6));
#10728=CARTESIAN_POINT('Ctrl Pts',(8.00796496704967,-18.9310692600041,68.0454570622787));
#10729=CARTESIAN_POINT('Ctrl Pts',(8.41390756927859,-19.3580929132548,67.4939572178629));
#10730=CARTESIAN_POINT('Ctrl Pts',(8.96638264410195,-19.8303710373183,66.8368098240197));
#10731=CARTESIAN_POINT('Ctrl Pts',(9.06907672534637,-19.914230378674,66.7180217318984));
#10732=CARTESIAN_POINT('Ctrl Pts',(9.17396019536562,-19.9959609504982,66.6));
#10733=CARTESIAN_POINT('Ctrl Pts',(10.7847537198565,-19.1752206558892,66.6));
#10734=CARTESIAN_POINT('Ctrl Pts',(10.7802812551774,-19.042328121435,66.7180217318984));
#10735=CARTESIAN_POINT('Ctrl Pts',(10.7727996893367,-18.9099555803707,66.8368098240197));
#10736=CARTESIAN_POINT('Ctrl Pts',(10.7154553621382,-18.1853957395651,67.4939572178628));
#10737=CARTESIAN_POINT('Ctrl Pts',(10.6085930445257,-17.6059830698603,68.0454570622787));
#10738=CARTESIAN_POINT('Ctrl Pts',(10.4499712943189,-17.0528032870819,68.6));
#10739=CARTESIAN_POINT('Origin',(0.,0.,66.6));
#10740=CARTESIAN_POINT('Ctrl Pts',(12.9889609666036,-15.2081193120007,68.6));
#10741=CARTESIAN_POINT('Ctrl Pts',(13.4660493872063,-15.5299195149842,68.0454570622787));
#10742=CARTESIAN_POINT('Ctrl Pts',(13.9840813101525,-15.8105999801909,67.4939572178629));
#10743=CARTESIAN_POINT('Ctrl Pts',(14.6554582965611,-16.0890389804962,66.8368098240197));
#10744=CARTESIAN_POINT('Ctrl Pts',(14.7790401333295,-16.1370597372185,66.7180217318984));
#10745=CARTESIAN_POINT('Ctrl Pts',(14.9040463765966,-16.1823793554674,66.6));
#10746=CARTESIAN_POINT('Ctrl Pts',(16.1823793554672,-14.9040463765968,66.6));
#10747=CARTESIAN_POINT('Ctrl Pts',(16.1370597372183,-14.7790401333297,66.7180217318984));
#10748=CARTESIAN_POINT('Ctrl Pts',(16.089038980496,-14.6554582965612,66.8368098240197));
#10749=CARTESIAN_POINT('Ctrl Pts',(15.8105999801908,-13.9840813101527,67.4939572178628));
#10750=CARTESIAN_POINT('Ctrl Pts',(15.529919514984,-13.4660493872065,68.0454570622787));
#10751=CARTESIAN_POINT('Ctrl Pts',(15.2081193120006,-12.9889609666037,68.6));
#10752=CARTESIAN_POINT('Origin',(0.,0.,66.6));
#10753=CARTESIAN_POINT('Ctrl Pts',(17.0528032870818,-10.4499712943191,68.6));
#10754=CARTESIAN_POINT('Ctrl Pts',(17.6059830698602,-10.6085930445259,68.0454570622787));
#10755=CARTESIAN_POINT('Ctrl Pts',(18.185395739565,-10.7154553621384,67.4939572178629));
#10756=CARTESIAN_POINT('Ctrl Pts',(18.9099555803706,-10.7727996893369,66.8368098240197));
#10757=CARTESIAN_POINT('Ctrl Pts',(19.0423281214349,-10.7802812551776,66.7180217318984));
#10758=CARTESIAN_POINT('Ctrl Pts',(19.1752206558891,-10.7847537198567,66.6));
#10759=CARTESIAN_POINT('Ctrl Pts',(19.9959609504981,-9.17396019536584,66.6));
#10760=CARTESIAN_POINT('Ctrl Pts',(19.9142303786739,-9.06907672534659,66.7180217318984));
#10761=CARTESIAN_POINT('Ctrl Pts',(19.8303710373182,-8.96638264410217,66.8368098240197));
#10762=CARTESIAN_POINT('Ctrl Pts',(19.3580929132547,-8.4139075692788,67.4939572178629));
#10763=CARTESIAN_POINT('Ctrl Pts',(18.931069260004,-8.00796496704987,68.0454570622787));
#10764=CARTESIAN_POINT('Ctrl Pts',(18.4775906502257,-7.65366864730184,68.6));
#10765=CARTESIAN_POINT('Origin',(0.,0.,66.6));
#10766=CARTESIAN_POINT('Ctrl Pts',(-2.54586287147322,-21.852198567642,66.6));
#10767=CARTESIAN_POINT('Ctrl Pts',(-2.4713688995134,-21.7420574000631,66.7180217318984));
#10768=CARTESIAN_POINT('Ctrl Pts',(-2.39961498597696,-21.6305682106883,
66.8368098240197));
#10769=CARTESIAN_POINT('Ctrl Pts',(-2.02012193238268,-21.0106808362051,
67.4939572178629));
#10770=CARTESIAN_POINT('Ctrl Pts',(-1.7660051411456,-20.4791140453393,68.0454570622787));
#10771=CARTESIAN_POINT('Ctrl Pts',(-1.56918191455687,-19.9383466746625,
68.6));
#10772=CARTESIAN_POINT('Ctrl Pts',(-4.66890727711828,-19.4473984079535,
68.6));
#10773=CARTESIAN_POINT('Ctrl Pts',(-4.64882357245541,-20.022520461539,68.0454570622787));
#10774=CARTESIAN_POINT('Ctrl Pts',(-4.57140731427227,-20.6065969288863,
67.4939572178629));
#10775=CARTESIAN_POINT('Ctrl Pts',(-4.40204370607646,-21.3134146585656,
66.8368098240197));
#10776=CARTESIAN_POINT('Ctrl Pts',(-4.36825373324386,-21.4416203573126,
66.7180217318984));
#10777=CARTESIAN_POINT('Ctrl Pts',(-4.33144124834893,-21.5693907357649,
66.6));
#10778=CARTESIAN_POINT('Origin',(0.,0.,66.6));
#10779=CARTESIAN_POINT('Ctrl Pts',(-9.17396019536591,-19.995960950498,66.6));
#10780=CARTESIAN_POINT('Ctrl Pts',(-9.06907672534666,-19.9142303786739,
66.7180217318984));
#10781=CARTESIAN_POINT('Ctrl Pts',(-8.96638264410224,-19.8303710373182,
66.8368098240197));
#10782=CARTESIAN_POINT('Ctrl Pts',(-8.41390756927887,-19.3580929132547,
67.4939572178629));
#10783=CARTESIAN_POINT('Ctrl Pts',(-8.00796496704994,-18.931069260004,68.0454570622787));
#10784=CARTESIAN_POINT('Ctrl Pts',(-7.65366864730191,-18.4775906502257,
68.6));
#10785=CARTESIAN_POINT('Ctrl Pts',(-10.4499712943191,-17.0528032870817,
68.6));
#10786=CARTESIAN_POINT('Ctrl Pts',(-10.6085930445259,-17.6059830698602,
68.0454570622787));
#10787=CARTESIAN_POINT('Ctrl Pts',(-10.7154553621385,-18.185395739565,67.4939572178629));
#10788=CARTESIAN_POINT('Ctrl Pts',(-10.772799689337,-18.9099555803705,66.8368098240197));
#10789=CARTESIAN_POINT('Ctrl Pts',(-10.7802812551777,-19.0423281214348,
66.7180217318984));
#10790=CARTESIAN_POINT('Ctrl Pts',(-10.7847537198568,-19.1752206558891,
66.6));
#10791=CARTESIAN_POINT('Origin',(0.,0.,66.6));
#10792=CARTESIAN_POINT('Ctrl Pts',(-19.1752206558893,-10.7847537198564,
66.6));
#10793=CARTESIAN_POINT('Ctrl Pts',(-19.042328121435,-10.7802812551773,66.7180217318984));
#10794=CARTESIAN_POINT('Ctrl Pts',(-18.9099555803707,-10.7727996893366,
66.8368098240197));
#10795=CARTESIAN_POINT('Ctrl Pts',(-18.1853957395652,-10.7154553621381,
67.4939572178629));
#10796=CARTESIAN_POINT('Ctrl Pts',(-17.6059830698603,-10.6085930445256,
68.0454570622787));
#10797=CARTESIAN_POINT('Ctrl Pts',(-17.0528032870819,-10.4499712943188,
68.6));
#10798=CARTESIAN_POINT('Ctrl Pts',(-18.4775906502258,-7.65366864730159,
68.6));
#10799=CARTESIAN_POINT('Ctrl Pts',(-18.9310692600041,-8.00796496704961,
68.0454570622787));
#10800=CARTESIAN_POINT('Ctrl Pts',(-19.3580929132548,-8.41390756927853,
67.4939572178629));
#10801=CARTESIAN_POINT('Ctrl Pts',(-19.8303710373183,-8.96638264410189,
66.8368098240197));
#10802=CARTESIAN_POINT('Ctrl Pts',(-19.9142303786741,-9.06907672534632,
66.7180217318984));
#10803=CARTESIAN_POINT('Ctrl Pts',(-19.9959609504982,-9.17396019536557,
66.6));
#10804=CARTESIAN_POINT('Origin',(0.,0.,66.6));
#10805=CARTESIAN_POINT('Ctrl Pts',(-15.2081193120008,-12.9889609666035,
68.6));
#10806=CARTESIAN_POINT('Ctrl Pts',(-15.5299195149842,-13.4660493872063,
68.0454570622787));
#10807=CARTESIAN_POINT('Ctrl Pts',(-15.810599980191,-13.9840813101524,67.4939572178629));
#10808=CARTESIAN_POINT('Ctrl Pts',(-16.0890389804962,-14.655458296561,66.8368098240197));
#10809=CARTESIAN_POINT('Ctrl Pts',(-16.1370597372186,-14.7790401333295,
66.7180217318984));
#10810=CARTESIAN_POINT('Ctrl Pts',(-16.1823793554675,-14.9040463765965,
66.6));
#10811=CARTESIAN_POINT('Ctrl Pts',(-14.9040463765968,-16.1823793554672,
66.6));
#10812=CARTESIAN_POINT('Ctrl Pts',(-14.7790401333298,-16.1370597372183,
66.7180217318984));
#10813=CARTESIAN_POINT('Ctrl Pts',(-14.6554582965613,-16.0890389804959,
66.8368098240197));
#10814=CARTESIAN_POINT('Ctrl Pts',(-13.9840813101527,-15.8105999801907,
67.4939572178629));
#10815=CARTESIAN_POINT('Ctrl Pts',(-13.4660493872066,-15.529919514984,68.0454570622787));
#10816=CARTESIAN_POINT('Ctrl Pts',(-12.9889609666038,-15.2081193120005,
68.6));
#10817=CARTESIAN_POINT('Origin',(0.,0.,66.6));
#10818=CARTESIAN_POINT('Ctrl Pts',(-21.569390735765,-4.33144124834855,66.6));
#10819=CARTESIAN_POINT('Ctrl Pts',(-21.4416203573127,-4.36825373324349,
66.7180217318984));
#10820=CARTESIAN_POINT('Ctrl Pts',(-21.3134146585656,-4.40204370607609,
66.8368098240197));
#10821=CARTESIAN_POINT('Ctrl Pts',(-20.6065969288864,-4.57140731427191,
67.4939572178629));
#10822=CARTESIAN_POINT('Ctrl Pts',(-20.0225204615391,-4.64882357245506,
68.0454570622787));
#10823=CARTESIAN_POINT('Ctrl Pts',(-19.4473984079536,-4.66890727711794,
68.6));
#10824=CARTESIAN_POINT('Ctrl Pts',(-19.9383466746626,-1.56918191455666,
68.6));
#10825=CARTESIAN_POINT('Ctrl Pts',(-20.4791140453393,-1.76600514114539,
68.0454570622787));
#10826=CARTESIAN_POINT('Ctrl Pts',(-21.0106808362051,-2.02012193238246,
67.4939572178629));
#10827=CARTESIAN_POINT('Ctrl Pts',(-21.6305682106883,-2.39961498597674,
66.8368098240197));
#10828=CARTESIAN_POINT('Ctrl Pts',(-21.7420574000632,-2.47136889951317,
66.7180217318984));
#10829=CARTESIAN_POINT('Ctrl Pts',(-21.852198567642,-2.54586287147299,66.6));
#10830=CARTESIAN_POINT('Origin',(0.,0.,66.6));
#10831=CARTESIAN_POINT('Ctrl Pts',(-21.852198567642,2.54586287147345,66.6));
#10832=CARTESIAN_POINT('Ctrl Pts',(-21.7420574000631,2.47136889951363,66.7180217318984));
#10833=CARTESIAN_POINT('Ctrl Pts',(-21.6305682106883,2.39961498597719,66.8368098240197));
#10834=CARTESIAN_POINT('Ctrl Pts',(-21.0106808362051,2.0201219323829,67.4939572178628));
#10835=CARTESIAN_POINT('Ctrl Pts',(-20.4791140453393,1.76600514114582,68.0454570622787));
#10836=CARTESIAN_POINT('Ctrl Pts',(-19.9383466746625,1.56918191455708,68.6));
#10837=CARTESIAN_POINT('Ctrl Pts',(-19.4473984079535,4.66890727711835,68.6));
#10838=CARTESIAN_POINT('Ctrl Pts',(-20.022520461539,4.64882357245548,68.0454570622787));
#10839=CARTESIAN_POINT('Ctrl Pts',(-20.6065969288863,4.57140731427234,67.4939572178629));
#10840=CARTESIAN_POINT('Ctrl Pts',(-21.3134146585655,4.40204370607653,66.8368098240197));
#10841=CARTESIAN_POINT('Ctrl Pts',(-21.4416203573126,4.36825373324394,66.7180217318984));
#10842=CARTESIAN_POINT('Ctrl Pts',(-21.5693907357649,4.331441248349,66.6));
#10843=CARTESIAN_POINT('Origin',(0.,0.,66.6));
#10844=CARTESIAN_POINT('Ctrl Pts',(-19.995960950498,9.17396019536598,66.6));
#10845=CARTESIAN_POINT('Ctrl Pts',(-19.9142303786739,9.06907672534673,66.7180217318984));
#10846=CARTESIAN_POINT('Ctrl Pts',(-19.8303710373181,8.96638264410231,66.8368098240197));
#10847=CARTESIAN_POINT('Ctrl Pts',(-19.3580929132547,8.41390756927894,67.4939572178629));
#10848=CARTESIAN_POINT('Ctrl Pts',(-18.9310692600039,8.00796496705001,68.0454570622787));
#10849=CARTESIAN_POINT('Ctrl Pts',(-18.4775906502256,7.65366864730197,68.6));
#10850=CARTESIAN_POINT('Ctrl Pts',(-17.0528032870817,10.4499712943192,68.6));
#10851=CARTESIAN_POINT('Ctrl Pts',(-17.6059830698601,10.608593044526,68.0454570622787));
#10852=CARTESIAN_POINT('Ctrl Pts',(-18.1853957395649,10.7154553621385,67.4939572178628));
#10853=CARTESIAN_POINT('Ctrl Pts',(-18.9099555803705,10.772799689337,66.8368098240197));
#10854=CARTESIAN_POINT('Ctrl Pts',(-19.0423281214348,10.7802812551777,66.7180217318984));
#10855=CARTESIAN_POINT('Ctrl Pts',(-19.175220655889,10.7847537198569,66.6));
#10856=CARTESIAN_POINT('Origin',(0.,0.,66.6));
#10857=CARTESIAN_POINT('Ctrl Pts',(-16.1823793554671,14.9040463765969,66.6));
#10858=CARTESIAN_POINT('Ctrl Pts',(-16.1370597372182,14.7790401333298,66.7180217318984));
#10859=CARTESIAN_POINT('Ctrl Pts',(-16.0890389804959,14.6554582965613,66.8368098240197));
#10860=CARTESIAN_POINT('Ctrl Pts',(-15.8105999801907,13.9840813101528,67.4939572178629));
#10861=CARTESIAN_POINT('Ctrl Pts',(-15.5299195149839,13.4660493872066,68.0454570622787));
#10862=CARTESIAN_POINT('Ctrl Pts',(-15.2081193120005,12.9889609666038,68.6));
#10863=CARTESIAN_POINT('Ctrl Pts',(-12.9889609666034,15.2081193120008,68.6));
#10864=CARTESIAN_POINT('Ctrl Pts',(-13.4660493872062,15.5299195149843,68.0454570622787));
#10865=CARTESIAN_POINT('Ctrl Pts',(-13.9840813101524,15.810599980191,67.4939572178628));
#10866=CARTESIAN_POINT('Ctrl Pts',(-14.6554582965609,16.0890389804963,66.8368098240197));
#10867=CARTESIAN_POINT('Ctrl Pts',(-14.7790401333294,16.1370597372186,66.7180217318984));
#10868=CARTESIAN_POINT('Ctrl Pts',(-14.9040463765965,16.1823793554675,66.6));
#10869=CARTESIAN_POINT('Origin',(0.,0.,66.6));
#10870=CARTESIAN_POINT('Ctrl Pts',(-10.7847537198564,19.1752206558893,66.6));
#10871=CARTESIAN_POINT('Ctrl Pts',(-10.7802812551772,19.0423281214351,66.7180217318984));
#10872=CARTESIAN_POINT('Ctrl Pts',(-10.7727996893366,18.9099555803708,66.8368098240197));
#10873=CARTESIAN_POINT('Ctrl Pts',(-10.7154553621381,18.1853957395652,67.4939572178628));
#10874=CARTESIAN_POINT('Ctrl Pts',(-10.6085930445255,17.6059830698604,68.0454570622787));
#10875=CARTESIAN_POINT('Ctrl Pts',(-10.4499712943188,17.052803287082,68.6));
#10876=CARTESIAN_POINT('Ctrl Pts',(-7.65366864730152,18.4775906502258,68.6));
#10877=CARTESIAN_POINT('Ctrl Pts',(-8.00796496704954,18.9310692600041,68.0454570622787));
#10878=CARTESIAN_POINT('Ctrl Pts',(-8.41390756927846,19.3580929132549,67.4939572178629));
#10879=CARTESIAN_POINT('Ctrl Pts',(-8.96638264410182,19.8303710373184,66.8368098240197));
#10880=CARTESIAN_POINT('Ctrl Pts',(-9.06907672534625,19.9142303786741,66.7180217318984));
#10881=CARTESIAN_POINT('Ctrl Pts',(-9.1739601953655,19.9959609504982,66.6));
#10882=CARTESIAN_POINT('Origin',(0.,0.,66.6));
#10883=CARTESIAN_POINT('Ctrl Pts',(-4.33144124834848,21.569390735765,66.6));
#10884=CARTESIAN_POINT('Ctrl Pts',(-4.36825373324341,21.4416203573127,66.7180217318984));
#10885=CARTESIAN_POINT('Ctrl Pts',(-4.40204370607601,21.3134146585657,66.8368098240197));
#10886=CARTESIAN_POINT('Ctrl Pts',(-4.57140731427183,20.6065969288864,67.4939572178629));
#10887=CARTESIAN_POINT('Ctrl Pts',(-4.64882357245499,20.0225204615391,68.0454570622787));
#10888=CARTESIAN_POINT('Ctrl Pts',(-4.66890727711788,19.4473984079536,68.6));
#10889=CARTESIAN_POINT('Ctrl Pts',(-1.56918191455687,19.9383466746625,68.6));
#10890=CARTESIAN_POINT('Ctrl Pts',(-1.7660051411456,20.4791140453393,68.0454570622787));
#10891=CARTESIAN_POINT('Ctrl Pts',(-2.02012193238268,21.0106808362051,67.4939572178629));
#10892=CARTESIAN_POINT('Ctrl Pts',(-2.39961498597697,21.6305682106883,66.8368098240197));
#10893=CARTESIAN_POINT('Ctrl Pts',(-2.4713688995134,21.7420574000632,66.7180217318984));
#10894=CARTESIAN_POINT('Ctrl Pts',(-2.54586287147322,21.852198567642,66.6));
#10895=CARTESIAN_POINT('Origin',(0.,0.,66.6));
#10896=CARTESIAN_POINT('Ctrl Pts',(10.449971294319,17.0528032870818,68.6));
#10897=CARTESIAN_POINT('Ctrl Pts',(10.6085930445258,17.6059830698602,68.0454570622786));
#10898=CARTESIAN_POINT('Ctrl Pts',(10.7154553621383,18.1853957395651,67.4939572178628));
#10899=CARTESIAN_POINT('Ctrl Pts',(10.7727996893368,18.9099555803706,66.8368098240197));
#10900=CARTESIAN_POINT('Ctrl Pts',(10.7802812551775,19.0423281214349,66.7180217318984));
#10901=CARTESIAN_POINT('Ctrl Pts',(10.7847537198566,19.1752206558892,66.6));
#10902=CARTESIAN_POINT('Ctrl Pts',(9.17396019536577,19.9959609504981,66.6));
#10903=CARTESIAN_POINT('Ctrl Pts',(9.06907672534652,19.914230378674,66.7180217318984));
#10904=CARTESIAN_POINT('Ctrl Pts',(8.9663826441021,19.8303710373182,66.8368098240197));
#10905=CARTESIAN_POINT('Ctrl Pts',(8.41390756927873,19.3580929132548,67.4939572178629));
#10906=CARTESIAN_POINT('Ctrl Pts',(8.0079649670498,18.931069260004,68.0454570622787));
#10907=CARTESIAN_POINT('Ctrl Pts',(7.65366864730177,18.4775906502257,68.6));
#10908=CARTESIAN_POINT('Origin',(0.,0.,48.6));
#10909=CARTESIAN_POINT('Ctrl Pts',(17.0528032870819,10.449971294319,48.6));
#10910=CARTESIAN_POINT('Ctrl Pts',(17.6059830698603,10.6085930445257,49.1545429377213));
#10911=CARTESIAN_POINT('Ctrl Pts',(18.1853957395651,10.7154553621383,49.7060427821371));
#10912=CARTESIAN_POINT('Ctrl Pts',(18.9099555803706,10.7727996893368,50.3631901759802));
#10913=CARTESIAN_POINT('Ctrl Pts',(19.0423281214349,10.7802812551775,50.4819782681015));
#10914=CARTESIAN_POINT('Ctrl Pts',(19.1752206558892,10.7847537198566,50.6));
#10915=CARTESIAN_POINT('Ctrl Pts',(19.9959609504981,9.1739601953657,50.6));
#10916=CARTESIAN_POINT('Ctrl Pts',(19.914230378674,9.06907672534646,50.4819782681016));
#10917=CARTESIAN_POINT('Ctrl Pts',(19.8303710373183,8.96638264410203,50.3631901759803));
#10918=CARTESIAN_POINT('Ctrl Pts',(19.3580929132548,8.41390756927867,49.7060427821371));
#10919=CARTESIAN_POINT('Ctrl Pts',(18.9310692600041,8.00796496704976,49.1545429377213));
#10920=CARTESIAN_POINT('Ctrl Pts',(18.4775906502258,7.65366864730173,48.6));
#10921=CARTESIAN_POINT('Origin',(0.,0.,48.6));
#10922=CARTESIAN_POINT('Ctrl Pts',(16.1823793554673,14.9040463765967,50.6));
#10923=CARTESIAN_POINT('Ctrl Pts',(16.1370597372185,14.7790401333296,50.4819782681016));
#10924=CARTESIAN_POINT('Ctrl Pts',(16.0890389804961,14.6554582965611,50.3631901759803));
#10925=CARTESIAN_POINT('Ctrl Pts',(15.8105999801909,13.9840813101526,49.7060427821371));
#10926=CARTESIAN_POINT('Ctrl Pts',(15.5299195149841,13.4660493872064,49.1545429377213));
#10927=CARTESIAN_POINT('Ctrl Pts',(15.2081193120007,12.9889609666036,48.6));
#10928=CARTESIAN_POINT('Ctrl Pts',(12.9889609666037,15.2081193120006,48.6));
#10929=CARTESIAN_POINT('Ctrl Pts',(13.4660493872064,15.5299195149841,49.1545429377213));
#10930=CARTESIAN_POINT('Ctrl Pts',(13.9840813101526,15.8105999801908,49.7060427821371));
#10931=CARTESIAN_POINT('Ctrl Pts',(14.6554582965612,16.089038980496,50.3631901759803));
#10932=CARTESIAN_POINT('Ctrl Pts',(14.7790401333296,16.1370597372184,50.4819782681016));
#10933=CARTESIAN_POINT('Ctrl Pts',(14.9040463765967,16.1823793554673,50.6));
#10934=CARTESIAN_POINT('Origin',(0.,0.,48.6));
#10935=CARTESIAN_POINT('Ctrl Pts',(19.4473984079535,4.66890727711808,48.6));
#10936=CARTESIAN_POINT('Ctrl Pts',(20.0225204615391,4.64882357245519,49.1545429377213));
#10937=CARTESIAN_POINT('Ctrl Pts',(20.6065969288864,4.57140731427205,49.7060427821371));
#10938=CARTESIAN_POINT('Ctrl Pts',(21.3134146585656,4.40204370607623,50.3631901759803));
#10939=CARTESIAN_POINT('Ctrl Pts',(21.4416203573127,4.36825373324363,50.4819782681016));
#10940=CARTESIAN_POINT('Ctrl Pts',(21.569390735765,4.33144124834869,50.6));
#10941=CARTESIAN_POINT('Ctrl Pts',(21.852198567642,2.54586287147315,50.6));
#10942=CARTESIAN_POINT('Ctrl Pts',(21.7420574000632,2.47136889951333,50.4819782681016));
#10943=CARTESIAN_POINT('Ctrl Pts',(21.6305682106883,2.39961498597689,50.3631901759803));
#10944=CARTESIAN_POINT('Ctrl Pts',(21.0106808362051,2.02012193238261,49.7060427821371));
#10945=CARTESIAN_POINT('Ctrl Pts',(20.4791140453393,1.76600514114554,49.1545429377213));
#10946=CARTESIAN_POINT('Ctrl Pts',(19.9383466746626,1.56918191455681,48.6));
#10947=CARTESIAN_POINT('Origin',(0.,0.,48.6));
#10948=CARTESIAN_POINT('Ctrl Pts',(19.9383466746626,-1.56918191455695,48.6));
#10949=CARTESIAN_POINT('Ctrl Pts',(20.4791140453393,-1.76600514114568,49.1545429377213));
#10950=CARTESIAN_POINT('Ctrl Pts',(21.0106808362051,-2.02012193238276,49.7060427821371));
#10951=CARTESIAN_POINT('Ctrl Pts',(21.6305682106883,-2.39961498597704,50.3631901759803));
#10952=CARTESIAN_POINT('Ctrl Pts',(21.7420574000631,-2.47136889951348,50.4819782681016));
#10953=CARTESIAN_POINT('Ctrl Pts',(21.852198567642,-2.5458628714733,50.6));
#10954=CARTESIAN_POINT('Ctrl Pts',(21.5693907357649,-4.33144124834885,50.6));
#10955=CARTESIAN_POINT('Ctrl Pts',(21.4416203573127,-4.36825373324379,50.4819782681016));
#10956=CARTESIAN_POINT('Ctrl Pts',(21.3134146585656,-4.40204370607638,50.3631901759803));
#10957=CARTESIAN_POINT('Ctrl Pts',(20.6065969288864,-4.57140731427219,49.7060427821371));
#10958=CARTESIAN_POINT('Ctrl Pts',(20.0225204615391,-4.64882357245533,49.1545429377213));
#10959=CARTESIAN_POINT('Ctrl Pts',(19.4473984079535,-4.66890727711821,48.6));
#10960=CARTESIAN_POINT('Origin',(0.,0.,48.6));
#10961=CARTESIAN_POINT('Ctrl Pts',(2.54586287147322,-21.852198567642,50.6));
#10962=CARTESIAN_POINT('Ctrl Pts',(2.47136889951341,-21.7420574000631,50.4819782681016));
#10963=CARTESIAN_POINT('Ctrl Pts',(2.39961498597697,-21.6305682106883,50.3631901759803));
#10964=CARTESIAN_POINT('Ctrl Pts',(2.02012193238269,-21.0106808362051,49.7060427821371));
#10965=CARTESIAN_POINT('Ctrl Pts',(1.76600514114562,-20.4791140453393,49.1545429377213));
#10966=CARTESIAN_POINT('Ctrl Pts',(1.56918191455688,-19.9383466746626,48.6));
#10967=CARTESIAN_POINT('Origin',(0.,0.,48.6));
#10968=CARTESIAN_POINT('Ctrl Pts',(9.17396019536563,-19.9959609504982,50.6));
#10969=CARTESIAN_POINT('Ctrl Pts',(9.06907672534638,-19.914230378674,50.4819782681016));
#10970=CARTESIAN_POINT('Ctrl Pts',(8.96638264410195,-19.8303710373183,50.3631901759803));
#10971=CARTESIAN_POINT('Ctrl Pts',(8.41390756927859,-19.3580929132548,49.7060427821371));
#10972=CARTESIAN_POINT('Ctrl Pts',(8.00796496704968,-18.9310692600041,49.1545429377213));
#10973=CARTESIAN_POINT('Ctrl Pts',(7.65366864730166,-18.4775906502258,48.6));
#10974=CARTESIAN_POINT('Ctrl Pts',(10.4499712943189,-17.0528032870819,48.6));
#10975=CARTESIAN_POINT('Ctrl Pts',(10.6085930445257,-17.6059830698603,49.1545429377213));
#10976=CARTESIAN_POINT('Ctrl Pts',(10.7154553621382,-18.1853957395651,49.7060427821371));
#10977=CARTESIAN_POINT('Ctrl Pts',(10.7727996893367,-18.9099555803707,50.3631901759803));
#10978=CARTESIAN_POINT('Ctrl Pts',(10.7802812551774,-19.042328121435,50.4819782681016));
#10979=CARTESIAN_POINT('Ctrl Pts',(10.7847537198565,-19.1752206558892,50.6));
#10980=CARTESIAN_POINT('Origin',(0.,0.,48.6));
#10981=CARTESIAN_POINT('Ctrl Pts',(14.9040463765966,-16.1823793554674,50.6));
#10982=CARTESIAN_POINT('Ctrl Pts',(14.7790401333295,-16.1370597372185,50.4819782681016));
#10983=CARTESIAN_POINT('Ctrl Pts',(14.6554582965611,-16.0890389804962,50.3631901759803));
#10984=CARTESIAN_POINT('Ctrl Pts',(13.9840813101525,-15.8105999801909,49.7060427821371));
#10985=CARTESIAN_POINT('Ctrl Pts',(13.4660493872063,-15.5299195149842,49.1545429377213));
#10986=CARTESIAN_POINT('Ctrl Pts',(12.9889609666036,-15.2081193120007,48.6));
#10987=CARTESIAN_POINT('Ctrl Pts',(15.2081193120006,-12.9889609666037,48.6));
#10988=CARTESIAN_POINT('Ctrl Pts',(15.529919514984,-13.4660493872065,49.1545429377213));
#10989=CARTESIAN_POINT('Ctrl Pts',(15.8105999801908,-13.9840813101527,49.7060427821371));
#10990=CARTESIAN_POINT('Ctrl Pts',(16.089038980496,-14.6554582965612,50.3631901759803));
#10991=CARTESIAN_POINT('Ctrl Pts',(16.1370597372183,-14.7790401333297,50.4819782681016));
#10992=CARTESIAN_POINT('Ctrl Pts',(16.1823793554672,-14.9040463765968,50.6));
#10993=CARTESIAN_POINT('Origin',(0.,0.,48.6));
#10994=CARTESIAN_POINT('Ctrl Pts',(19.1752206558891,-10.7847537198567,50.6));
#10995=CARTESIAN_POINT('Ctrl Pts',(19.0423281214349,-10.7802812551776,50.4819782681016));
#10996=CARTESIAN_POINT('Ctrl Pts',(18.9099555803706,-10.7727996893369,50.3631901759803));
#10997=CARTESIAN_POINT('Ctrl Pts',(18.185395739565,-10.7154553621384,49.7060427821371));
#10998=CARTESIAN_POINT('Ctrl Pts',(17.6059830698602,-10.6085930445259,49.1545429377213));
#10999=CARTESIAN_POINT('Ctrl Pts',(17.0528032870818,-10.4499712943191,48.6));
#11000=CARTESIAN_POINT('Ctrl Pts',(18.4775906502257,-7.65366864730186,48.6));
#11001=CARTESIAN_POINT('Ctrl Pts',(18.931069260004,-8.00796496704988,49.1545429377213));
#11002=CARTESIAN_POINT('Ctrl Pts',(19.3580929132547,-8.41390756927881,49.7060427821371));
#11003=CARTESIAN_POINT('Ctrl Pts',(19.8303710373182,-8.96638264410217,50.3631901759803));
#11004=CARTESIAN_POINT('Ctrl Pts',(19.9142303786739,-9.0690767253466,50.4819782681016));
#11005=CARTESIAN_POINT('Ctrl Pts',(19.9959609504981,-9.17396019536585,50.6));
#11006=CARTESIAN_POINT('Origin',(0.,0.,48.6));
#11007=CARTESIAN_POINT('Ctrl Pts',(-1.56918191455688,-19.9383466746626,
48.6));
#11008=CARTESIAN_POINT('Ctrl Pts',(-1.76600514114561,-20.4791140453393,
49.1545429377213));
#11009=CARTESIAN_POINT('Ctrl Pts',(-2.02012193238268,-21.0106808362051,
49.7060427821371));
#11010=CARTESIAN_POINT('Ctrl Pts',(-2.39961498597696,-21.6305682106883,
50.3631901759803));
#11011=CARTESIAN_POINT('Ctrl Pts',(-2.4713688995134,-21.7420574000632,50.4819782681016));
#11012=CARTESIAN_POINT('Ctrl Pts',(-2.54586287147322,-21.852198567642,50.6));
#11013=CARTESIAN_POINT('Ctrl Pts',(-4.33144124834893,-21.5693907357649,
50.6));
#11014=CARTESIAN_POINT('Ctrl Pts',(-4.36825373324386,-21.4416203573126,
50.4819782681016));
#11015=CARTESIAN_POINT('Ctrl Pts',(-4.40204370607646,-21.3134146585656,
50.3631901759803));
#11016=CARTESIAN_POINT('Ctrl Pts',(-4.57140731427226,-20.6065969288864,
49.7060427821371));
#11017=CARTESIAN_POINT('Ctrl Pts',(-4.6488235724554,-20.0225204615391,49.1545429377213));
#11018=CARTESIAN_POINT('Ctrl Pts',(-4.66890727711828,-19.4473984079535,
48.6));
#11019=CARTESIAN_POINT('Origin',(0.,0.,48.6));
#11020=CARTESIAN_POINT('Ctrl Pts',(-7.65366864730192,-18.4775906502257,
48.6));
#11021=CARTESIAN_POINT('Ctrl Pts',(-8.00796496704995,-18.931069260004,49.1545429377213));
#11022=CARTESIAN_POINT('Ctrl Pts',(-8.41390756927887,-19.3580929132547,
49.7060427821371));
#11023=CARTESIAN_POINT('Ctrl Pts',(-8.96638264410224,-19.8303710373182,
50.3631901759803));
#11024=CARTESIAN_POINT('Ctrl Pts',(-9.06907672534667,-19.9142303786739,
50.4819782681016));
#11025=CARTESIAN_POINT('Ctrl Pts',(-9.17396019536591,-19.995960950498,50.6));
#11026=CARTESIAN_POINT('Ctrl Pts',(-10.7847537198568,-19.1752206558891,
50.6));
#11027=CARTESIAN_POINT('Ctrl Pts',(-10.7802812551777,-19.0423281214348,
50.4819782681016));
#11028=CARTESIAN_POINT('Ctrl Pts',(-10.772799689337,-18.9099555803705,50.3631901759803));
#11029=CARTESIAN_POINT('Ctrl Pts',(-10.7154553621385,-18.185395739565,49.7060427821371));
#11030=CARTESIAN_POINT('Ctrl Pts',(-10.6085930445259,-17.6059830698602,
49.1545429377213));
#11031=CARTESIAN_POINT('Ctrl Pts',(-10.4499712943191,-17.0528032870818,
48.6));
#11032=CARTESIAN_POINT('Origin',(0.,0.,48.6));
#11033=CARTESIAN_POINT('Ctrl Pts',(-17.0528032870819,-10.4499712943188,
48.6));
#11034=CARTESIAN_POINT('Ctrl Pts',(-17.6059830698604,-10.6085930445256,
49.1545429377213));
#11035=CARTESIAN_POINT('Ctrl Pts',(-18.1853957395652,-10.7154553621381,
49.7060427821371));
#11036=CARTESIAN_POINT('Ctrl Pts',(-18.9099555803707,-10.7727996893366,
50.3631901759803));
#11037=CARTESIAN_POINT('Ctrl Pts',(-19.042328121435,-10.7802812551773,50.4819782681016));
#11038=CARTESIAN_POINT('Ctrl Pts',(-19.1752206558893,-10.7847537198564,
50.6));
#11039=CARTESIAN_POINT('Ctrl Pts',(-19.9959609504982,-9.17396019536557,
50.6));
#11040=CARTESIAN_POINT('Ctrl Pts',(-19.9142303786741,-9.06907672534632,
50.4819782681016));
#11041=CARTESIAN_POINT('Ctrl Pts',(-19.8303710373183,-8.96638264410189,
50.3631901759802));
#11042=CARTESIAN_POINT('Ctrl Pts',(-19.3580929132548,-8.41390756927854,
49.7060427821371));
#11043=CARTESIAN_POINT('Ctrl Pts',(-18.9310692600041,-8.00796496704962,
49.1545429377213));
#11044=CARTESIAN_POINT('Ctrl Pts',(-18.4775906502258,-7.6536686473016,48.6));
#11045=CARTESIAN_POINT('Origin',(0.,0.,48.6));
#11046=CARTESIAN_POINT('Ctrl Pts',(-16.1823793554675,-14.9040463765965,
50.6));
#11047=CARTESIAN_POINT('Ctrl Pts',(-16.1370597372186,-14.7790401333295,
50.4819782681016));
#11048=CARTESIAN_POINT('Ctrl Pts',(-16.0890389804962,-14.655458296561,50.3631901759803));
#11049=CARTESIAN_POINT('Ctrl Pts',(-15.810599980191,-13.9840813101524,49.7060427821371));
#11050=CARTESIAN_POINT('Ctrl Pts',(-15.5299195149842,-13.4660493872063,
49.1545429377213));
#11051=CARTESIAN_POINT('Ctrl Pts',(-15.2081193120008,-12.9889609666035,
48.6));
#11052=CARTESIAN_POINT('Ctrl Pts',(-12.9889609666038,-15.2081193120005,
48.6));
#11053=CARTESIAN_POINT('Ctrl Pts',(-13.4660493872066,-15.529919514984,49.1545429377213));
#11054=CARTESIAN_POINT('Ctrl Pts',(-13.9840813101527,-15.8105999801907,
49.7060427821371));
#11055=CARTESIAN_POINT('Ctrl Pts',(-14.6554582965613,-16.0890389804959,
50.3631901759803));
#11056=CARTESIAN_POINT('Ctrl Pts',(-14.7790401333298,-16.1370597372183,
50.4819782681016));
#11057=CARTESIAN_POINT('Ctrl Pts',(-14.9040463765968,-16.1823793554672,
50.6));
#11058=CARTESIAN_POINT('Origin',(0.,0.,48.6));
#11059=CARTESIAN_POINT('Ctrl Pts',(-19.4473984079536,-4.66890727711794,
48.6));
#11060=CARTESIAN_POINT('Ctrl Pts',(-20.0225204615391,-4.64882357245506,
49.1545429377213));
#11061=CARTESIAN_POINT('Ctrl Pts',(-20.6065969288864,-4.5714073142719,49.7060427821371));
#11062=CARTESIAN_POINT('Ctrl Pts',(-21.3134146585656,-4.40204370607609,
50.3631901759802));
#11063=CARTESIAN_POINT('Ctrl Pts',(-21.4416203573127,-4.36825373324349,
50.4819782681016));
#11064=CARTESIAN_POINT('Ctrl Pts',(-21.569390735765,-4.33144124834855,50.6));
#11065=CARTESIAN_POINT('Ctrl Pts',(-21.852198567642,-2.54586287147299,50.6));
#11066=CARTESIAN_POINT('Ctrl Pts',(-21.7420574000632,-2.47136889951318,
50.4819782681016));
#11067=CARTESIAN_POINT('Ctrl Pts',(-21.6305682106883,-2.39961498597674,
50.3631901759803));
#11068=CARTESIAN_POINT('Ctrl Pts',(-21.0106808362051,-2.02012193238246,
49.7060427821371));
#11069=CARTESIAN_POINT('Ctrl Pts',(-20.4791140453393,-1.7660051411454,49.1545429377213));
#11070=CARTESIAN_POINT('Ctrl Pts',(-19.9383466746626,-1.56918191455667,
48.6));
#11071=CARTESIAN_POINT('Origin',(0.,0.,48.6));
#11072=CARTESIAN_POINT('Ctrl Pts',(-19.9383466746626,1.56918191455709,48.6));
#11073=CARTESIAN_POINT('Ctrl Pts',(-20.4791140453393,1.76600514114583,49.1545429377213));
#11074=CARTESIAN_POINT('Ctrl Pts',(-21.0106808362051,2.02012193238291,49.7060427821371));
#11075=CARTESIAN_POINT('Ctrl Pts',(-21.6305682106883,2.39961498597719,50.3631901759803));
#11076=CARTESIAN_POINT('Ctrl Pts',(-21.7420574000631,2.47136889951363,50.4819782681016));
#11077=CARTESIAN_POINT('Ctrl Pts',(-21.852198567642,2.54586287147345,50.6));
#11078=CARTESIAN_POINT('Ctrl Pts',(-21.5693907357649,4.331441248349,50.6));
#11079=CARTESIAN_POINT('Ctrl Pts',(-21.4416203573126,4.36825373324394,50.4819782681016));
#11080=CARTESIAN_POINT('Ctrl Pts',(-21.3134146585655,4.40204370607653,50.3631901759803));
#11081=CARTESIAN_POINT('Ctrl Pts',(-20.6065969288863,4.57140731427234,49.7060427821371));
#11082=CARTESIAN_POINT('Ctrl Pts',(-20.022520461539,4.64882357245547,49.1545429377213));
#11083=CARTESIAN_POINT('Ctrl Pts',(-19.4473984079535,4.66890727711835,48.6));
#11084=CARTESIAN_POINT('Origin',(0.,0.,48.6));
#11085=CARTESIAN_POINT('Ctrl Pts',(-18.4775906502257,7.65366864730198,48.6));
#11086=CARTESIAN_POINT('Ctrl Pts',(-18.9310692600039,8.00796496705001,49.1545429377213));
#11087=CARTESIAN_POINT('Ctrl Pts',(-19.3580929132547,8.41390756927894,49.7060427821371));
#11088=CARTESIAN_POINT('Ctrl Pts',(-19.8303710373181,8.96638264410231,50.3631901759803));
#11089=CARTESIAN_POINT('Ctrl Pts',(-19.9142303786739,9.06907672534674,50.4819782681016));
#11090=CARTESIAN_POINT('Ctrl Pts',(-19.995960950498,9.17396019536599,50.6));
#11091=CARTESIAN_POINT('Ctrl Pts',(-19.175220655889,10.7847537198569,50.6));
#11092=CARTESIAN_POINT('Ctrl Pts',(-19.0423281214348,10.7802812551777,50.4819782681016));
#11093=CARTESIAN_POINT('Ctrl Pts',(-18.9099555803705,10.772799689337,50.3631901759803));
#11094=CARTESIAN_POINT('Ctrl Pts',(-18.1853957395649,10.7154553621385,49.7060427821371));
#11095=CARTESIAN_POINT('Ctrl Pts',(-17.6059830698601,10.608593044526,49.1545429377213));
#11096=CARTESIAN_POINT('Ctrl Pts',(-17.0528032870817,10.4499712943192,48.6));
#11097=CARTESIAN_POINT('Origin',(0.,0.,48.6));
#11098=CARTESIAN_POINT('Ctrl Pts',(-15.2081193120005,12.9889609666038,48.6));
#11099=CARTESIAN_POINT('Ctrl Pts',(-15.5299195149839,13.4660493872066,49.1545429377213));
#11100=CARTESIAN_POINT('Ctrl Pts',(-15.8105999801907,13.9840813101528,49.7060427821371));
#11101=CARTESIAN_POINT('Ctrl Pts',(-16.0890389804959,14.6554582965613,50.3631901759803));
#11102=CARTESIAN_POINT('Ctrl Pts',(-16.1370597372182,14.7790401333298,50.4819782681016));
#11103=CARTESIAN_POINT('Ctrl Pts',(-16.1823793554671,14.9040463765969,50.6));
#11104=CARTESIAN_POINT('Ctrl Pts',(-14.9040463765965,16.1823793554675,50.6));
#11105=CARTESIAN_POINT('Ctrl Pts',(-14.7790401333294,16.1370597372186,50.4819782681016));
#11106=CARTESIAN_POINT('Ctrl Pts',(-14.6554582965609,16.0890389804963,50.3631901759803));
#11107=CARTESIAN_POINT('Ctrl Pts',(-13.9840813101524,15.810599980191,49.7060427821371));
#11108=CARTESIAN_POINT('Ctrl Pts',(-13.4660493872062,15.5299195149843,49.1545429377213));
#11109=CARTESIAN_POINT('Ctrl Pts',(-12.9889609666035,15.2081193120008,48.6));
#11110=CARTESIAN_POINT('Origin',(0.,0.,48.6));
#11111=CARTESIAN_POINT('Ctrl Pts',(-10.4499712943188,17.052803287082,48.6));
#11112=CARTESIAN_POINT('Ctrl Pts',(-10.6085930445255,17.6059830698604,49.1545429377213));
#11113=CARTESIAN_POINT('Ctrl Pts',(-10.7154553621381,18.1853957395652,49.7060427821371));
#11114=CARTESIAN_POINT('Ctrl Pts',(-10.7727996893366,18.9099555803708,50.3631901759803));
#11115=CARTESIAN_POINT('Ctrl Pts',(-10.7802812551772,19.0423281214351,50.4819782681016));
#11116=CARTESIAN_POINT('Ctrl Pts',(-10.7847537198564,19.1752206558893,50.6));
#11117=CARTESIAN_POINT('Ctrl Pts',(-9.17396019536549,19.9959609504982,50.6));
#11118=CARTESIAN_POINT('Ctrl Pts',(-9.06907672534624,19.9142303786741,50.4819782681016));
#11119=CARTESIAN_POINT('Ctrl Pts',(-8.96638264410182,19.8303710373184,50.3631901759802));
#11120=CARTESIAN_POINT('Ctrl Pts',(-8.41390756927846,19.3580929132549,49.7060427821371));
#11121=CARTESIAN_POINT('Ctrl Pts',(-8.00796496704955,18.9310692600041,49.1545429377213));
#11122=CARTESIAN_POINT('Ctrl Pts',(-7.65366864730153,18.4775906502258,48.6));
#11123=CARTESIAN_POINT('Origin',(0.,0.,48.6));
#11124=CARTESIAN_POINT('Ctrl Pts',(-4.66890727711788,19.4473984079536,48.6));
#11125=CARTESIAN_POINT('Ctrl Pts',(-4.64882357245499,20.0225204615391,49.1545429377213));
#11126=CARTESIAN_POINT('Ctrl Pts',(-4.57140731427183,20.6065969288865,49.7060427821371));
#11127=CARTESIAN_POINT('Ctrl Pts',(-4.40204370607601,21.3134146585657,50.3631901759803));
#11128=CARTESIAN_POINT('Ctrl Pts',(-4.36825373324341,21.4416203573127,50.4819782681016));
#11129=CARTESIAN_POINT('Ctrl Pts',(-4.33144124834847,21.569390735765,50.6));
#11130=CARTESIAN_POINT('Ctrl Pts',(-2.54586287147322,21.852198567642,50.6));
#11131=CARTESIAN_POINT('Ctrl Pts',(-2.4713688995134,21.7420574000632,50.4819782681016));
#11132=CARTESIAN_POINT('Ctrl Pts',(-2.39961498597697,21.6305682106883,50.3631901759803));
#11133=CARTESIAN_POINT('Ctrl Pts',(-2.02012193238268,21.0106808362051,49.7060427821371));
#11134=CARTESIAN_POINT('Ctrl Pts',(-1.76600514114561,20.4791140453393,49.1545429377213));
#11135=CARTESIAN_POINT('Ctrl Pts',(-1.56918191455687,19.9383466746626,48.6));
#11136=CARTESIAN_POINT('Origin',(0.,0.,48.6));
#11137=CARTESIAN_POINT('Ctrl Pts',(10.7847537198566,19.1752206558892,50.6));
#11138=CARTESIAN_POINT('Ctrl Pts',(10.7802812551775,19.0423281214349,50.4819782681016));
#11139=CARTESIAN_POINT('Ctrl Pts',(10.7727996893368,18.9099555803706,50.3631901759803));
#11140=CARTESIAN_POINT('Ctrl Pts',(10.7154553621383,18.1853957395651,49.7060427821371));
#11141=CARTESIAN_POINT('Ctrl Pts',(10.6085930445258,17.6059830698603,49.1545429377213));
#11142=CARTESIAN_POINT('Ctrl Pts',(10.449971294319,17.0528032870818,48.6));
#11143=CARTESIAN_POINT('Ctrl Pts',(7.65366864730179,18.4775906502257,48.6));
#11144=CARTESIAN_POINT('Ctrl Pts',(8.00796496704982,18.931069260004,49.1545429377213));
#11145=CARTESIAN_POINT('Ctrl Pts',(8.41390756927873,19.3580929132548,49.7060427821371));
#11146=CARTESIAN_POINT('Ctrl Pts',(8.9663826441021,19.8303710373182,50.3631901759803));
#11147=CARTESIAN_POINT('Ctrl Pts',(9.06907672534652,19.914230378674,50.4819782681016));
#11148=CARTESIAN_POINT('Ctrl Pts',(9.17396019536577,19.9959609504981,50.6));
#11149=CARTESIAN_POINT('Origin',(0.,0.,48.6));
#11150=CARTESIAN_POINT('',(2.54586287147322,21.852198567642,50.6));
#11151=CARTESIAN_POINT('Origin',(0.,0.,50.6));
#11152=CARTESIAN_POINT('',(2.54586287147322,21.852198567642,66.6));
#11153=CARTESIAN_POINT('',(2.54586287147322,21.852198567642,68.6));
#11154=CARTESIAN_POINT('Origin',(0.,0.,66.6));
#11155=CARTESIAN_POINT('Origin',(9.81053037763095,16.9387411438881,68.6));
#11156=CARTESIAN_POINT('Ctrl Pts',(1.56918191455688,19.9383466746626,48.6));
#11157=CARTESIAN_POINT('Ctrl Pts',(1.76600514114561,20.4791140453393,49.1545429377213));
#11158=CARTESIAN_POINT('Ctrl Pts',(2.02012193238269,21.0106808362051,49.7060427821371));
#11159=CARTESIAN_POINT('Ctrl Pts',(2.39961498597697,21.6305682106883,50.3631901759803));
#11160=CARTESIAN_POINT('Ctrl Pts',(2.4713688995134,21.7420574000631,50.4819782681016));
#11161=CARTESIAN_POINT('Ctrl Pts',(2.54586287147322,21.852198567642,50.6));
#11162=CARTESIAN_POINT('',(1.10703838375382,18.018873053695,68.6));
#11163=CARTESIAN_POINT('Ctrl Pts',(2.54586287147322,21.852198567642,66.6));
#11164=CARTESIAN_POINT('Ctrl Pts',(2.47136889951341,21.7420574000632,66.7180217318984));
#11165=CARTESIAN_POINT('Ctrl Pts',(2.39961498597697,21.6305682106883,66.8368098240197));
#11166=CARTESIAN_POINT('Ctrl Pts',(2.02012193238268,21.0106808362051,67.4939572178629));
#11167=CARTESIAN_POINT('Ctrl Pts',(1.76600514114561,20.4791140453393,68.0454570622787));
#11168=CARTESIAN_POINT('Ctrl Pts',(1.56918191455687,19.9383466746625,68.6));
#11169=CARTESIAN_POINT('Origin',(0.,0.,68.6));
#11170=CARTESIAN_POINT('',(-0.49464685398247,17.4930078742864,68.6));
#11171=CARTESIAN_POINT('',(0.494646853982468,17.4930078742864,68.6));
#11172=CARTESIAN_POINT('Origin',(-9.81053037763095,16.9387411438881,68.6));
#11173=CARTESIAN_POINT('',(-1.10703838375382,18.018873053695,68.6));
#11174=CARTESIAN_POINT('Origin',(0.511606174690439,18.0927681442619,68.6));
#11175=CARTESIAN_POINT('Origin',(-0.51160617469044,18.0927681442619,68.6));
#11176=CARTESIAN_POINT('Origin',(0.,0.,66.6));
#11177=CARTESIAN_POINT('Origin',(0.,0.,48.6));
#11178=CARTESIAN_POINT('Origin',(14.564727720737,13.0780795322119,68.6));
#11179=CARTESIAN_POINT('',(6.62099406173449,16.7948729600064,68.6));
#11180=CARTESIAN_POINT('Origin',(0.,0.,68.6));
#11181=CARTESIAN_POINT('',(5.8760738296342,16.4839848443478,68.6));
#11182=CARTESIAN_POINT('Origin',(4.09600996717817,19.1413207532512,68.6));
#11183=CARTESIAN_POINT('',(-4.51528192441839,17.4790603080171,68.6));
#11184=CARTESIAN_POINT('Origin',(0.,0.,68.6));
#11185=CARTESIAN_POINT('',(-5.87607382963397,16.4839848443479,68.6));
#11186=CARTESIAN_POINT('',(-4.93519960214412,16.7896934125372,68.6));
#11187=CARTESIAN_POINT('Origin',(-14.5647277207368,13.0780795322121,68.6));
#11188=CARTESIAN_POINT('',(-6.62099406173426,16.7948729600065,68.6));
#11189=CARTESIAN_POINT('Origin',(-2.01945643744178,19.4702145218624,68.6));
#11190=CARTESIAN_POINT('',(-9.69561497800973,15.2282753556164,68.6));
#11191=CARTESIAN_POINT('Origin',(0.,0.,68.6));
#11192=CARTESIAN_POINT('',(-10.6823097578274,13.8613945271688,68.6));
#11193=CARTESIAN_POINT('',(-9.88195433565553,14.4428867788963,68.6));
#11194=CARTESIAN_POINT('Origin',(-17.8932280361122,7.93724437558504,68.6));
#11195=CARTESIAN_POINT('',(-11.4868407097742,13.926873684232,68.6));
#11196=CARTESIAN_POINT('Origin',(-7.93724437558459,17.8932280361124,68.6));
#11197=CARTESIAN_POINT('',(-13.9268736842317,11.4868407097745,68.6));
#11198=CARTESIAN_POINT('Origin',(0.,0.,68.6));
#11199=CARTESIAN_POINT('',(-14.4428867788961,9.88195433565589,68.6));
#11200=CARTESIAN_POINT('',(-13.8613945271686,10.6823097578277,68.6));
#11201=CARTESIAN_POINT('Origin',(-19.4702145218623,2.01945643744228,68.6));
#11202=CARTESIAN_POINT('',(-15.2282753556161,9.69561497801011,68.6));
#11203=CARTESIAN_POINT('Origin',(-13.0780795322118,14.5647277207372,68.6));
#11204=CARTESIAN_POINT('',(-16.7948729600064,6.62099406173467,68.6));
#11205=CARTESIAN_POINT('Origin',(0.,0.,68.6));
#11206=CARTESIAN_POINT('',(-16.7896934125371,4.93519960214453,68.6));
#11207=CARTESIAN_POINT('',(-16.4839848443477,5.87607382963438,68.6));
#11208=CARTESIAN_POINT('Origin',(-19.1413207532513,-4.0960099671777,68.6));
#11209=CARTESIAN_POINT('',(-17.479060308017,4.51528192441882,68.6));
#11210=CARTESIAN_POINT('Origin',(-16.938741143888,9.81053037763113,68.6));
#11211=CARTESIAN_POINT('',(-18.018873053695,1.10703838375401,68.6));
#11212=CARTESIAN_POINT('Origin',(0.,0.,68.6));
#11213=CARTESIAN_POINT('',(-17.4930078742864,-0.494646853982288,68.6));
#11214=CARTESIAN_POINT('',(-17.4930078742864,0.494646853982652,68.6));
#11215=CARTESIAN_POINT('Origin',(-16.9387411438882,-9.81053037763077,68.6));
#11216=CARTESIAN_POINT('',(-18.018873053695,-1.10703838375364,68.6));
#11217=CARTESIAN_POINT('Origin',(-19.1413207532512,4.0960099671781,68.6));
#11218=CARTESIAN_POINT('',(-17.4790603080171,-4.51528192441845,68.6));
#11219=CARTESIAN_POINT('Origin',(0.,0.,68.6));
#11220=CARTESIAN_POINT('',(-16.4839848443479,-5.87607382963403,68.6));
#11221=CARTESIAN_POINT('',(-16.7896934125372,-4.93519960214418,68.6));
#11222=CARTESIAN_POINT('Origin',(-13.0780795322121,-14.5647277207369,68.6));
#11223=CARTESIAN_POINT('',(-16.7948729600065,-6.62099406173432,68.6));
#11224=CARTESIAN_POINT('Origin',(-17.8932280361123,-7.93724437558465,68.6));
#11225=CARTESIAN_POINT('',(-11.4868407097745,-13.9268736842317,68.6));
#11226=CARTESIAN_POINT('Origin',(0.,0.,68.6));
#11227=CARTESIAN_POINT('',(-9.88195433565584,-14.4428867788961,68.6));
#11228=CARTESIAN_POINT('',(-10.6823097578277,-13.8613945271686,68.6));
#11229=CARTESIAN_POINT('Origin',(-2.01945643744221,-19.4702145218624,68.6));
#11230=CARTESIAN_POINT('',(-9.69561497801006,-15.2282753556161,68.6));
#11231=CARTESIAN_POINT('Origin',(-19.4702145218624,-2.01945643744185,68.6));
#11232=CARTESIAN_POINT('',(-15.2282753556163,-9.69561497800978,68.6));
#11233=CARTESIAN_POINT('Origin',(0.,0.,68.6));
#11234=CARTESIAN_POINT('',(-13.8613945271688,-10.6823097578274,68.6));
#11235=CARTESIAN_POINT('',(-14.4428867788963,-9.88195433565558,68.6));
#11236=CARTESIAN_POINT('Origin',(-7.93724437558498,-17.8932280361122,68.6));
#11237=CARTESIAN_POINT('',(-13.926873684232,-11.4868407097742,68.6));
#11238=CARTESIAN_POINT('Origin',(-14.5647277207371,-13.0780795322118,68.6));
#11239=CARTESIAN_POINT('',(-6.62099406173461,-16.7948729600064,68.6));
#11240=CARTESIAN_POINT('Origin',(0.,0.,68.6));
#11241=CARTESIAN_POINT('',(-4.93519960214447,-16.7896934125371,68.6));
#11242=CARTESIAN_POINT('',(-5.87607382963432,-16.4839848443478,68.6));
#11243=CARTESIAN_POINT('Origin',(4.09600996717777,-19.1413207532512,68.6));
#11244=CARTESIAN_POINT('',(-4.51528192441876,-17.479060308017,68.6));
#11245=CARTESIAN_POINT('Origin',(-9.81053037763095,-16.9387411438881,68.6));
#11246=CARTESIAN_POINT('',(-1.10703838375382,-18.018873053695,68.6));
#11247=CARTESIAN_POINT('Origin',(0.,0.,68.6));
#11248=CARTESIAN_POINT('',(0.49464685398247,-17.4930078742864,68.6));
#11249=CARTESIAN_POINT('',(-0.494646853982468,-17.4930078742864,68.6));
#11250=CARTESIAN_POINT('Origin',(9.81053037763095,-16.9387411438881,68.6));
#11251=CARTESIAN_POINT('',(1.10703838375382,-18.018873053695,68.6));
#11252=CARTESIAN_POINT('Origin',(13.0780795322119,-14.5647277207371,68.6));
#11253=CARTESIAN_POINT('Origin',(0.,0.,68.6));
#11254=CARTESIAN_POINT('',(16.7896934125372,-4.93519960214441,68.6));
#11255=CARTESIAN_POINT('Origin',(19.1413207532512,4.09600996717784,68.6));
#11256=CARTESIAN_POINT('',(17.479060308017,-4.5152819244187,68.6));
#11257=CARTESIAN_POINT('Origin',(7.93724437558472,-17.8932280361123,68.6));
#11258=CARTESIAN_POINT('Origin',(0.,0.,68.6));
#11259=CARTESIAN_POINT('',(14.4428867788962,-9.88195433565579,68.6));
#11260=CARTESIAN_POINT('Origin',(19.4702145218624,-2.01945643744213,68.6));
#11261=CARTESIAN_POINT('',(15.2282753556162,-9.69561497801,68.6));
#11262=CARTESIAN_POINT('Origin',(2.01945643744193,-19.4702145218624,68.6));
#11263=CARTESIAN_POINT('Origin',(0.,0.,68.6));
#11264=CARTESIAN_POINT('',(10.6823097578275,-13.8613945271687,68.6));
#11265=CARTESIAN_POINT('Origin',(17.8932280361122,-7.93724437558491,68.6));
#11266=CARTESIAN_POINT('',(11.4868407097743,-13.9268736842319,68.6));
#11267=CARTESIAN_POINT('Origin',(0.,0.,68.6));
#11268=CARTESIAN_POINT('',(5.87607382963408,-16.4839848443478,68.6));
#11269=CARTESIAN_POINT('Origin',(14.5647277207369,-13.078079532212,68.6));
#11270=CARTESIAN_POINT('',(6.62099406173437,-16.7948729600065,68.6));
#11271=CARTESIAN_POINT('Origin',(16.938741143888,-9.81053037763101,68.6));
#11272=CARTESIAN_POINT('Origin',(16.9387411438881,9.81053037763089,68.6));
#11273=CARTESIAN_POINT('Origin',(19.1413207532512,-4.09600996717797,68.6));
#11274=CARTESIAN_POINT('',(17.4790603080171,4.51528192441857,68.6));
#11275=CARTESIAN_POINT('Origin',(0.,0.,68.6));
#11276=CARTESIAN_POINT('',(16.7896934125372,4.93519960214429,68.6));
#11277=CARTESIAN_POINT('Origin',(13.078079532212,14.564727720737,68.6));
#11278=CARTESIAN_POINT('Origin',(17.8932280361123,7.93724437558479,68.6));
#11279=CARTESIAN_POINT('',(11.4868407097744,13.9268736842318,68.6));
#11280=CARTESIAN_POINT('Origin',(0.,0.,68.6));
#11281=CARTESIAN_POINT('',(10.6823097578276,13.8613945271687,68.6));
#11282=CARTESIAN_POINT('Origin',(2.01945643744206,19.4702145218624,68.6));
#11283=CARTESIAN_POINT('Origin',(19.4702145218624,2.01945643744199,68.6));
#11284=CARTESIAN_POINT('',(15.2282753556163,9.69561497800989,68.6));
#11285=CARTESIAN_POINT('Origin',(0.,0.,68.6));
#11286=CARTESIAN_POINT('',(14.4428867788962,9.88195433565569,68.6));
#11287=CARTESIAN_POINT('Origin',(7.93724437558485,17.8932280361122,68.6));
#11288=CARTESIAN_POINT('Origin',(6.0775392180788,17.0491500390112,68.6));
#11289=CARTESIAN_POINT('Origin',(11.048560378096,14.3366423395287,68.6));
#11290=CARTESIAN_POINT('Origin',(14.9380714684584,10.2207641985925,68.6));
#11291=CARTESIAN_POINT('Origin',(17.3653400438242,5.10440644564638,68.6));
#11292=CARTESIAN_POINT('Origin',(17.3653400438241,-5.10440644564651,68.6));
#11293=CARTESIAN_POINT('Origin',(14.9380714684583,-10.2207641985926,68.6));
#11294=CARTESIAN_POINT('Origin',(11.0485603780959,-14.3366423395288,68.6));
#11295=CARTESIAN_POINT('Origin',(6.07753921807868,-17.0491500390112,68.6));
#11296=CARTESIAN_POINT('Origin',(-0.511606174690439,-18.0927681442619,68.6));
#11297=CARTESIAN_POINT('Origin',(0.51160617469044,-18.0927681442619,68.6));
#11298=CARTESIAN_POINT('Origin',(-6.07753921807892,-17.0491500390111,68.6));
#11299=CARTESIAN_POINT('Origin',(-5.10440644564657,-17.3653400438241,68.6));
#11300=CARTESIAN_POINT('Origin',(-11.0485603780961,-14.3366423395287,68.6));
#11301=CARTESIAN_POINT('Origin',(-10.2207641985926,-14.9380714684583,68.6));
#11302=CARTESIAN_POINT('Origin',(-14.9380714684585,-10.2207641985923,68.6));
#11303=CARTESIAN_POINT('Origin',(-14.3366423395289,-11.0485603780958,68.6));
#11304=CARTESIAN_POINT('Origin',(-17.3653400438242,-5.10440644564626,68.6));
#11305=CARTESIAN_POINT('Origin',(-17.0491500390112,-6.07753921807863,68.6));
#11306=CARTESIAN_POINT('Origin',(-18.0927681442619,0.511606174690629,68.6));
#11307=CARTESIAN_POINT('Origin',(-18.0927681442619,-0.511606174690252,68.6));
#11308=CARTESIAN_POINT('Origin',(-17.0491500390111,6.07753921807898,68.6));
#11309=CARTESIAN_POINT('Origin',(-17.3653400438241,5.10440644564663,68.6));
#11310=CARTESIAN_POINT('Origin',(-14.3366423395286,11.0485603780961,68.6));
#11311=CARTESIAN_POINT('Origin',(-14.9380714684582,10.2207641985927,68.6));
#11312=CARTESIAN_POINT('Origin',(-10.2207641985923,14.9380714684585,68.6));
#11313=CARTESIAN_POINT('Origin',(-11.0485603780957,14.3366423395289,68.6));
#11314=CARTESIAN_POINT('Origin',(-5.1044064456462,17.3653400438242,68.6));
#11315=CARTESIAN_POINT('Origin',(-6.07753921807857,17.0491500390112,68.6));
#11316=CARTESIAN_POINT('Origin',(0.,0.,117.55));
#11317=CARTESIAN_POINT('',(-9.,-1.10218211923262E-15,115.8));
#11318=CARTESIAN_POINT('Origin',(0.,0.,115.8));
#11319=CARTESIAN_POINT('',(-12.5,1.53080849893419E-15,119.3));
#11320=CARTESIAN_POINT('',(-10.75,1.3164953090834E-15,117.55));
#11321=CARTESIAN_POINT('Origin',(0.,0.,119.3));
#11322=CARTESIAN_POINT('Origin',(0.,0.,140.));
#11323=CARTESIAN_POINT('',(-9.,1.10218211923262E-15,140.));
#11324=CARTESIAN_POINT('Origin',(0.,0.,137.5));
#11325=CARTESIAN_POINT('',(-17.4930078742864,-0.494646853982288,140.));
#11326=CARTESIAN_POINT('',(-17.5,-2.14313189850787E-15,140.));
#11327=CARTESIAN_POINT('Origin',(0.,0.,140.));
#11328=CARTESIAN_POINT('',(-12.5,-1.53080849893419E-15,135.));
#11329=CARTESIAN_POINT('',(-15.,-1.83697019872103E-15,137.5));
#11330=CARTESIAN_POINT('Origin',(0.,0.,135.));
#11331=CARTESIAN_POINT('',(-17.4930078742864,0.494646853982652,140.));
#11332=CARTESIAN_POINT('Origin',(0.,0.,140.));
#11333=CARTESIAN_POINT('',(-16.7896934125371,4.93519960214453,140.));
#11334=CARTESIAN_POINT('Origin',(0.,0.,140.));
#11335=CARTESIAN_POINT('',(-16.4839848443477,5.87607382963438,140.));
#11336=CARTESIAN_POINT('Origin',(0.,0.,140.));
#11337=CARTESIAN_POINT('',(-14.4428867788961,9.88195433565589,140.));
#11338=CARTESIAN_POINT('Origin',(0.,0.,140.));
#11339=CARTESIAN_POINT('',(-13.8613945271686,10.6823097578277,140.));
#11340=CARTESIAN_POINT('Origin',(0.,0.,140.));
#11341=CARTESIAN_POINT('',(-10.6823097578274,13.8613945271688,140.));
#11342=CARTESIAN_POINT('Origin',(0.,0.,140.));
#11343=CARTESIAN_POINT('',(-9.88195433565553,14.4428867788963,140.));
#11344=CARTESIAN_POINT('Origin',(0.,0.,140.));
#11345=CARTESIAN_POINT('',(-5.87607382963397,16.4839848443479,140.));
#11346=CARTESIAN_POINT('Origin',(0.,0.,140.));
#11347=CARTESIAN_POINT('',(-4.93519960214412,16.7896934125372,140.));
#11348=CARTESIAN_POINT('Origin',(0.,0.,140.));
#11349=CARTESIAN_POINT('',(-0.49464685398247,17.4930078742864,140.));
#11350=CARTESIAN_POINT('Origin',(0.,0.,140.));
#11351=CARTESIAN_POINT('',(0.494646853982468,17.4930078742864,140.));
#11352=CARTESIAN_POINT('Origin',(0.,0.,140.));
#11353=CARTESIAN_POINT('',(4.93519960214435,16.7896934125372,140.));
#11354=CARTESIAN_POINT('Origin',(0.,0.,140.));
#11355=CARTESIAN_POINT('',(5.8760738296342,16.4839848443478,140.));
#11356=CARTESIAN_POINT('Origin',(0.,0.,140.));
#11357=CARTESIAN_POINT('',(9.88195433565574,14.4428867788962,140.));
#11358=CARTESIAN_POINT('Origin',(0.,0.,140.));
#11359=CARTESIAN_POINT('',(10.6823097578276,13.8613945271687,140.));
#11360=CARTESIAN_POINT('Origin',(0.,0.,140.));
#11361=CARTESIAN_POINT('',(13.8613945271687,10.6823097578275,140.));
#11362=CARTESIAN_POINT('Origin',(0.,0.,140.));
#11363=CARTESIAN_POINT('',(14.4428867788962,9.88195433565569,140.));
#11364=CARTESIAN_POINT('Origin',(0.,0.,140.));
#11365=CARTESIAN_POINT('',(16.4839848443478,5.87607382963415,140.));
#11366=CARTESIAN_POINT('Origin',(0.,0.,140.));
#11367=CARTESIAN_POINT('',(16.7896934125372,4.93519960214429,140.));
#11368=CARTESIAN_POINT('Origin',(0.,0.,140.));
#11369=CARTESIAN_POINT('',(17.4930078742864,0.494646853982411,140.));
#11370=CARTESIAN_POINT('Origin',(0.,0.,140.));
#11371=CARTESIAN_POINT('',(17.4930078742864,-0.49464685398253,140.));
#11372=CARTESIAN_POINT('Origin',(0.,0.,140.));
#11373=CARTESIAN_POINT('',(16.7896934125372,-4.93519960214441,140.));
#11374=CARTESIAN_POINT('Origin',(0.,0.,140.));
#11375=CARTESIAN_POINT('',(16.4839848443478,-5.87607382963426,140.));
#11376=CARTESIAN_POINT('Origin',(0.,0.,140.));
#11377=CARTESIAN_POINT('',(14.4428867788962,-9.88195433565579,140.));
#11378=CARTESIAN_POINT('Origin',(0.,0.,140.));
#11379=CARTESIAN_POINT('',(13.8613945271686,-10.6823097578276,140.));
#11380=CARTESIAN_POINT('Origin',(0.,0.,140.));
#11381=CARTESIAN_POINT('',(10.6823097578275,-13.8613945271687,140.));
#11382=CARTESIAN_POINT('Origin',(0.,0.,140.));
#11383=CARTESIAN_POINT('',(9.88195433565564,-14.4428867788963,140.));
#11384=CARTESIAN_POINT('Origin',(0.,0.,140.));
#11385=CARTESIAN_POINT('',(5.87607382963408,-16.4839848443478,140.));
#11386=CARTESIAN_POINT('Origin',(0.,0.,140.));
#11387=CARTESIAN_POINT('',(4.93519960214423,-16.7896934125372,140.));
#11388=CARTESIAN_POINT('Origin',(0.,0.,140.));
#11389=CARTESIAN_POINT('',(0.49464685398247,-17.4930078742864,140.));
#11390=CARTESIAN_POINT('Origin',(0.,0.,140.));
#11391=CARTESIAN_POINT('',(-0.494646853982468,-17.4930078742864,140.));
#11392=CARTESIAN_POINT('Origin',(0.,0.,140.));
#11393=CARTESIAN_POINT('',(-4.93519960214447,-16.7896934125371,140.));
#11394=CARTESIAN_POINT('Origin',(0.,0.,140.));
#11395=CARTESIAN_POINT('',(-5.87607382963432,-16.4839848443478,140.));
#11396=CARTESIAN_POINT('Origin',(0.,0.,140.));
#11397=CARTESIAN_POINT('',(-9.88195433565584,-14.4428867788961,140.));
#11398=CARTESIAN_POINT('Origin',(0.,0.,140.));
#11399=CARTESIAN_POINT('',(-10.6823097578277,-13.8613945271686,140.));
#11400=CARTESIAN_POINT('Origin',(0.,0.,140.));
#11401=CARTESIAN_POINT('',(-13.8613945271688,-10.6823097578274,140.));
#11402=CARTESIAN_POINT('Origin',(0.,0.,140.));
#11403=CARTESIAN_POINT('',(-14.4428867788963,-9.88195433565558,140.));
#11404=CARTESIAN_POINT('Origin',(0.,0.,140.));
#11405=CARTESIAN_POINT('',(-16.4839848443479,-5.87607382963403,140.));
#11406=CARTESIAN_POINT('Origin',(0.,0.,140.));
#11407=CARTESIAN_POINT('',(-16.7896934125372,-4.93519960214418,140.));
#11408=CARTESIAN_POINT('Origin',(0.,0.,140.));
#11409=CARTESIAN_POINT('Origin',(0.,0.,140.));
#11410=CARTESIAN_POINT('Origin',(0.,0.,140.));
#11411=CARTESIAN_POINT('',(-18.018873053695,1.10703838375401,140.));
#11412=CARTESIAN_POINT('Origin',(-18.0927681442619,0.511606174690629,140.));
#11413=CARTESIAN_POINT('',(-19.9383466746625,1.56918191455708,140.));
#11414=CARTESIAN_POINT('Origin',(-16.938741143888,9.81053037763113,140.));
#11415=CARTESIAN_POINT('',(-19.4473984079535,4.66890727711835,140.));
#11416=CARTESIAN_POINT('Origin',(0.,0.,140.));
#11417=CARTESIAN_POINT('',(-17.479060308017,4.51528192441882,140.));
#11418=CARTESIAN_POINT('Origin',(-19.1413207532513,-4.0960099671777,140.));
#11419=CARTESIAN_POINT('Origin',(-17.3653400438241,5.10440644564663,140.));
#11420=CARTESIAN_POINT('Origin',(0.,0.,140.));
#11421=CARTESIAN_POINT('',(-16.7948729600064,6.62099406173467,140.));
#11422=CARTESIAN_POINT('Origin',(-17.0491500390111,6.07753921807898,140.));
#11423=CARTESIAN_POINT('',(-18.4775906502256,7.65366864730197,140.));
#11424=CARTESIAN_POINT('Origin',(-13.0780795322118,14.5647277207372,140.));
#11425=CARTESIAN_POINT('',(-17.0528032870817,10.4499712943192,140.));
#11426=CARTESIAN_POINT('Origin',(0.,0.,140.));
#11427=CARTESIAN_POINT('',(-15.2282753556161,9.69561497801011,140.));
#11428=CARTESIAN_POINT('Origin',(-19.4702145218623,2.01945643744228,140.));
#11429=CARTESIAN_POINT('Origin',(-14.9380714684582,10.2207641985927,140.));
#11430=CARTESIAN_POINT('Origin',(0.,0.,140.));
#11431=CARTESIAN_POINT('',(-17.4790603080171,-4.51528192441845,140.));
#11432=CARTESIAN_POINT('Origin',(-17.3653400438242,-5.10440644564626,140.));
#11433=CARTESIAN_POINT('',(-19.4473984079536,-4.66890727711794,140.));
#11434=CARTESIAN_POINT('Origin',(-19.1413207532512,4.0960099671781,140.));
#11435=CARTESIAN_POINT('',(-19.9383466746626,-1.56918191455666,140.));
#11436=CARTESIAN_POINT('Origin',(0.,0.,140.));
#11437=CARTESIAN_POINT('',(-18.018873053695,-1.10703838375364,140.));
#11438=CARTESIAN_POINT('Origin',(-16.9387411438882,-9.81053037763077,140.));
#11439=CARTESIAN_POINT('Origin',(-18.0927681442619,-0.511606174690252,140.));
#11440=CARTESIAN_POINT('Origin',(0.,0.,140.));
#11441=CARTESIAN_POINT('',(-13.9268736842317,11.4868407097745,140.));
#11442=CARTESIAN_POINT('Origin',(-14.3366423395286,11.0485603780961,140.));
#11443=CARTESIAN_POINT('',(-15.2081193120005,12.9889609666038,140.));
#11444=CARTESIAN_POINT('Origin',(-7.93724437558459,17.8932280361124,140.));
#11445=CARTESIAN_POINT('',(-12.9889609666034,15.2081193120008,140.));
#11446=CARTESIAN_POINT('Origin',(0.,0.,140.));
#11447=CARTESIAN_POINT('',(-11.4868407097742,13.926873684232,140.));
#11448=CARTESIAN_POINT('Origin',(-17.8932280361122,7.93724437558504,140.));
#11449=CARTESIAN_POINT('Origin',(-11.0485603780957,14.3366423395289,140.));
#11450=CARTESIAN_POINT('Origin',(0.,0.,140.));
#11451=CARTESIAN_POINT('',(-15.2282753556163,-9.69561497800978,140.));
#11452=CARTESIAN_POINT('Origin',(-14.9380714684585,-10.2207641985923,140.));
#11453=CARTESIAN_POINT('',(-17.0528032870819,-10.4499712943188,140.));
#11454=CARTESIAN_POINT('Origin',(-19.4702145218624,-2.01945643744185,140.));
#11455=CARTESIAN_POINT('',(-18.4775906502258,-7.65366864730159,140.));
#11456=CARTESIAN_POINT('Origin',(0.,0.,140.));
#11457=CARTESIAN_POINT('',(-16.7948729600065,-6.62099406173432,140.));
#11458=CARTESIAN_POINT('Origin',(-13.0780795322121,-14.5647277207369,140.));
#11459=CARTESIAN_POINT('Origin',(-17.0491500390112,-6.07753921807863,140.));
#11460=CARTESIAN_POINT('Origin',(0.,0.,140.));
#11461=CARTESIAN_POINT('',(-9.69561497800973,15.2282753556164,140.));
#11462=CARTESIAN_POINT('Origin',(-10.2207641985923,14.9380714684585,140.));
#11463=CARTESIAN_POINT('',(-10.4499712943188,17.052803287082,140.));
#11464=CARTESIAN_POINT('Origin',(-2.01945643744178,19.4702145218624,140.));
#11465=CARTESIAN_POINT('',(-7.65366864730152,18.4775906502258,140.));
#11466=CARTESIAN_POINT('Origin',(0.,0.,140.));
#11467=CARTESIAN_POINT('',(-6.62099406173426,16.7948729600065,140.));
#11468=CARTESIAN_POINT('Origin',(-14.5647277207368,13.0780795322121,140.));
#11469=CARTESIAN_POINT('Origin',(-6.07753921807857,17.0491500390112,140.));
#11470=CARTESIAN_POINT('Origin',(0.,0.,140.));
#11471=CARTESIAN_POINT('',(-11.4868407097745,-13.9268736842317,140.));
#11472=CARTESIAN_POINT('Origin',(-11.0485603780961,-14.3366423395287,140.));
#11473=CARTESIAN_POINT('',(-12.9889609666038,-15.2081193120005,140.));
#11474=CARTESIAN_POINT('Origin',(-17.8932280361123,-7.93724437558465,140.));
#11475=CARTESIAN_POINT('',(-15.2081193120008,-12.9889609666035,140.));
#11476=CARTESIAN_POINT('Origin',(0.,0.,140.));
#11477=CARTESIAN_POINT('',(-13.926873684232,-11.4868407097742,140.));
#11478=CARTESIAN_POINT('Origin',(-7.93724437558498,-17.8932280361122,140.));
#11479=CARTESIAN_POINT('Origin',(-14.3366423395289,-11.0485603780958,140.));
#11480=CARTESIAN_POINT('Origin',(0.,0.,140.));
#11481=CARTESIAN_POINT('',(-4.51528192441839,17.4790603080171,140.));
#11482=CARTESIAN_POINT('Origin',(-5.1044064456462,17.3653400438242,140.));
#11483=CARTESIAN_POINT('',(-4.66890727711788,19.4473984079536,140.));
#11484=CARTESIAN_POINT('Origin',(4.09600996717817,19.1413207532512,140.));
#11485=CARTESIAN_POINT('',(-1.56918191455687,19.9383466746625,140.));
#11486=CARTESIAN_POINT('Origin',(0.,0.,140.));
#11487=CARTESIAN_POINT('',(-1.10703838375382,18.018873053695,140.));
#11488=CARTESIAN_POINT('Origin',(-9.81053037763095,16.9387411438881,140.));
#11489=CARTESIAN_POINT('Origin',(-0.51160617469044,18.0927681442619,140.));
#11490=CARTESIAN_POINT('Origin',(0.,0.,140.));
#11491=CARTESIAN_POINT('',(-6.62099406173461,-16.7948729600064,140.));
#11492=CARTESIAN_POINT('Origin',(-6.07753921807892,-17.0491500390111,140.));
#11493=CARTESIAN_POINT('',(-7.65366864730191,-18.4775906502257,140.));
#11494=CARTESIAN_POINT('Origin',(-14.5647277207371,-13.0780795322118,140.));
#11495=CARTESIAN_POINT('',(-10.4499712943191,-17.0528032870817,140.));
#11496=CARTESIAN_POINT('Origin',(0.,0.,140.));
#11497=CARTESIAN_POINT('',(-9.69561497801006,-15.2282753556161,140.));
#11498=CARTESIAN_POINT('Origin',(-2.01945643744221,-19.4702145218624,140.));
#11499=CARTESIAN_POINT('Origin',(-10.2207641985926,-14.9380714684583,140.));
#11500=CARTESIAN_POINT('Origin',(0.,0.,140.));
#11501=CARTESIAN_POINT('',(1.10703838375382,18.018873053695,140.));
#11502=CARTESIAN_POINT('Origin',(0.511606174690439,18.0927681442619,140.));
#11503=CARTESIAN_POINT('',(1.56918191455687,19.9383466746625,140.));
#11504=CARTESIAN_POINT('Origin',(9.81053037763095,16.9387411438881,140.));
#11505=CARTESIAN_POINT('',(4.66890727711815,19.4473984079535,140.));
#11506=CARTESIAN_POINT('Origin',(0.,0.,140.));
#11507=CARTESIAN_POINT('',(4.51528192441863,17.4790603080171,140.));
#11508=CARTESIAN_POINT('Origin',(-4.0960099671779,19.1413207532512,140.));
#11509=CARTESIAN_POINT('Origin',(5.10440644564644,17.3653400438242,140.));
#11510=CARTESIAN_POINT('Origin',(0.,0.,140.));
#11511=CARTESIAN_POINT('',(-1.10703838375382,-18.018873053695,140.));
#11512=CARTESIAN_POINT('Origin',(-0.511606174690439,-18.0927681442619,140.));
#11513=CARTESIAN_POINT('',(-1.56918191455687,-19.9383466746625,140.));
#11514=CARTESIAN_POINT('Origin',(-9.81053037763095,-16.9387411438881,140.));
#11515=CARTESIAN_POINT('',(-4.66890727711828,-19.4473984079535,140.));
#11516=CARTESIAN_POINT('Origin',(0.,0.,140.));
#11517=CARTESIAN_POINT('',(-4.51528192441876,-17.479060308017,140.));
#11518=CARTESIAN_POINT('Origin',(4.09600996717777,-19.1413207532512,140.));
#11519=CARTESIAN_POINT('Origin',(-5.10440644564657,-17.3653400438241,140.));
#11520=CARTESIAN_POINT('Origin',(0.,0.,140.));
#11521=CARTESIAN_POINT('',(6.62099406173449,16.7948729600064,140.));
#11522=CARTESIAN_POINT('Origin',(6.0775392180788,17.0491500390112,140.));
#11523=CARTESIAN_POINT('',(7.65366864730177,18.4775906502257,140.));
#11524=CARTESIAN_POINT('Origin',(14.564727720737,13.0780795322119,140.));
#11525=CARTESIAN_POINT('',(10.449971294319,17.0528032870818,140.));
#11526=CARTESIAN_POINT('Origin',(0.,0.,140.));
#11527=CARTESIAN_POINT('',(9.69561497800994,15.2282753556162,140.));
#11528=CARTESIAN_POINT('Origin',(2.01945643744206,19.4702145218624,140.));
#11529=CARTESIAN_POINT('Origin',(10.2207641985925,14.9380714684584,140.));
#11530=CARTESIAN_POINT('Origin',(0.,0.,140.));
#11531=CARTESIAN_POINT('',(4.51528192441851,-17.4790603080171,140.));
#11532=CARTESIAN_POINT('Origin',(5.10440644564632,-17.3653400438242,140.));
#11533=CARTESIAN_POINT('',(4.668907277118,-19.4473984079535,140.));
#11534=CARTESIAN_POINT('Origin',(-4.09600996717804,-19.1413207532512,140.));
#11535=CARTESIAN_POINT('',(1.56918191455687,-19.9383466746625,140.));
#11536=CARTESIAN_POINT('Origin',(0.,0.,140.));
#11537=CARTESIAN_POINT('',(1.10703838375382,-18.018873053695,140.));
#11538=CARTESIAN_POINT('Origin',(9.81053037763095,-16.9387411438881,140.));
#11539=CARTESIAN_POINT('Origin',(0.51160617469044,-18.0927681442619,140.));
#11540=CARTESIAN_POINT('Origin',(0.,0.,140.));
#11541=CARTESIAN_POINT('',(11.4868407097744,13.9268736842318,140.));
#11542=CARTESIAN_POINT('Origin',(11.048560378096,14.3366423395287,140.));
#11543=CARTESIAN_POINT('',(12.9889609666037,15.2081193120006,140.));
#11544=CARTESIAN_POINT('Origin',(17.8932280361123,7.93724437558479,140.));
#11545=CARTESIAN_POINT('',(15.2081193120007,12.9889609666036,140.));
#11546=CARTESIAN_POINT('Origin',(0.,0.,140.));
#11547=CARTESIAN_POINT('',(13.9268736842319,11.4868407097743,140.));
#11548=CARTESIAN_POINT('Origin',(7.93724437558485,17.8932280361122,140.));
#11549=CARTESIAN_POINT('Origin',(14.3366423395288,11.0485603780959,140.));
#11550=CARTESIAN_POINT('Origin',(0.,0.,140.));
#11551=CARTESIAN_POINT('',(9.69561497800984,-15.2282753556163,140.));
#11552=CARTESIAN_POINT('Origin',(10.2207641985924,-14.9380714684584,140.));
#11553=CARTESIAN_POINT('',(10.4499712943189,-17.0528032870819,140.));
#11554=CARTESIAN_POINT('Origin',(2.01945643744193,-19.4702145218624,140.));
#11555=CARTESIAN_POINT('',(7.65366864730164,-18.4775906502258,140.));
#11556=CARTESIAN_POINT('Origin',(0.,0.,140.));
#11557=CARTESIAN_POINT('',(6.62099406173437,-16.7948729600065,140.));
#11558=CARTESIAN_POINT('Origin',(14.5647277207369,-13.078079532212,140.));
#11559=CARTESIAN_POINT('Origin',(6.07753921807868,-17.0491500390112,140.));
#11560=CARTESIAN_POINT('Origin',(0.,0.,140.));
#11561=CARTESIAN_POINT('',(15.2282753556163,9.69561497800989,140.));
#11562=CARTESIAN_POINT('Origin',(14.9380714684584,10.2207641985925,140.));
#11563=CARTESIAN_POINT('',(17.0528032870818,10.449971294319,140.));
#11564=CARTESIAN_POINT('Origin',(19.4702145218624,2.01945643744199,140.));
#11565=CARTESIAN_POINT('',(18.4775906502257,7.65366864730171,140.));
#11566=CARTESIAN_POINT('Origin',(0.,0.,140.));
#11567=CARTESIAN_POINT('',(16.7948729600065,6.62099406173444,140.));
#11568=CARTESIAN_POINT('Origin',(13.078079532212,14.564727720737,140.));
#11569=CARTESIAN_POINT('Origin',(17.0491500390112,6.07753921807874,140.));
#11570=CARTESIAN_POINT('Origin',(0.,0.,140.));
#11571=CARTESIAN_POINT('',(13.9268736842318,-11.4868407097744,140.));
#11572=CARTESIAN_POINT('Origin',(14.3366423395287,-11.048560378096,140.));
#11573=CARTESIAN_POINT('',(15.2081193120006,-12.9889609666037,140.));
#11574=CARTESIAN_POINT('Origin',(7.93724437558472,-17.8932280361123,140.));
#11575=CARTESIAN_POINT('',(12.9889609666036,-15.2081193120007,140.));
#11576=CARTESIAN_POINT('Origin',(0.,0.,140.));
#11577=CARTESIAN_POINT('',(11.4868407097743,-13.9268736842319,140.));
#11578=CARTESIAN_POINT('Origin',(17.8932280361122,-7.93724437558491,140.));
#11579=CARTESIAN_POINT('Origin',(11.0485603780959,-14.3366423395288,140.));
#11580=CARTESIAN_POINT('Origin',(0.,0.,140.));
#11581=CARTESIAN_POINT('',(17.4790603080171,4.51528192441857,140.));
#11582=CARTESIAN_POINT('Origin',(17.3653400438242,5.10440644564638,140.));
#11583=CARTESIAN_POINT('',(19.4473984079535,4.66890727711808,140.));
#11584=CARTESIAN_POINT('Origin',(19.1413207532512,-4.09600996717797,140.));
#11585=CARTESIAN_POINT('',(19.9383466746626,1.5691819145568,140.));
#11586=CARTESIAN_POINT('Origin',(0.,0.,140.));
#11587=CARTESIAN_POINT('',(18.018873053695,1.10703838375376,140.));
#11588=CARTESIAN_POINT('Origin',(16.9387411438881,9.81053037763089,140.));
#11589=CARTESIAN_POINT('Origin',(18.0927681442619,0.511606174690379,140.));
#11590=CARTESIAN_POINT('Origin',(0.,0.,140.));
#11591=CARTESIAN_POINT('',(16.7948729600064,-6.62099406173456,140.));
#11592=CARTESIAN_POINT('Origin',(17.0491500390111,-6.07753921807887,140.));
#11593=CARTESIAN_POINT('',(18.4775906502257,-7.65366864730185,140.));
#11594=CARTESIAN_POINT('Origin',(13.0780795322119,-14.5647277207371,140.));
#11595=CARTESIAN_POINT('',(17.0528032870818,-10.4499712943191,140.));
#11596=CARTESIAN_POINT('Origin',(0.,0.,140.));
#11597=CARTESIAN_POINT('',(15.2282753556162,-9.69561497801,140.));
#11598=CARTESIAN_POINT('Origin',(19.4702145218624,-2.01945643744213,140.));
#11599=CARTESIAN_POINT('Origin',(14.9380714684583,-10.2207641985926,140.));
#11600=CARTESIAN_POINT('Origin',(0.,0.,140.));
#11601=CARTESIAN_POINT('',(-12.5,1.53080849893419E-15,140.));
#11602=CARTESIAN_POINT('Origin',(0.,12.3000002384186,160.));
#11603=CARTESIAN_POINT('',(1.5,12.3000002384186,160.));
#11604=CARTESIAN_POINT('Origin',(0.,12.3000002384186,160.));
#11605=CARTESIAN_POINT('',(1.5,12.3000002384186,143.));
#11606=CARTESIAN_POINT('',(1.5,12.3000002384186,160.));
#11607=CARTESIAN_POINT('Origin',(0.,12.3000002384186,143.));
#11608=CARTESIAN_POINT('Origin',(0.,12.3000002384186,143.));
#11609=CARTESIAN_POINT('Origin',(12.3000002384186,0.,160.));
#11610=CARTESIAN_POINT('',(13.8000002384186,1.83697019872103E-16,160.));
#11611=CARTESIAN_POINT('Origin',(12.3000002384186,0.,160.));
#11612=CARTESIAN_POINT('',(13.8000002384186,1.83697019872103E-16,143.));
#11613=CARTESIAN_POINT('',(13.8000002384186,-1.83697019872103E-16,160.));
#11614=CARTESIAN_POINT('Origin',(12.3000002384186,0.,143.));
#11615=CARTESIAN_POINT('Origin',(12.3000002384186,0.,143.));
#11616=CARTESIAN_POINT('Origin',(-12.3000002384186,0.,160.));
#11617=CARTESIAN_POINT('',(-10.8000002384186,1.83697019872103E-16,160.));
#11618=CARTESIAN_POINT('Origin',(-12.3000002384186,0.,160.));
#11619=CARTESIAN_POINT('',(-10.8000002384186,1.83697019872103E-16,143.));
#11620=CARTESIAN_POINT('',(-10.8000002384186,-1.83697019872103E-16,160.));
#11621=CARTESIAN_POINT('Origin',(-12.3000002384186,0.,143.));
#11622=CARTESIAN_POINT('Origin',(-12.3000002384186,0.,143.));
#11623=CARTESIAN_POINT('Origin',(0.,-12.3000002384186,160.));
#11624=CARTESIAN_POINT('',(1.5,-12.3000002384186,160.));
#11625=CARTESIAN_POINT('Origin',(0.,-12.3000002384186,160.));
#11626=CARTESIAN_POINT('',(1.5,-12.3000002384186,143.));
#11627=CARTESIAN_POINT('',(1.5,-12.3000002384186,160.));
#11628=CARTESIAN_POINT('Origin',(0.,-12.3000002384186,143.));
#11629=CARTESIAN_POINT('Origin',(0.,-12.3000002384186,143.));
#11630=CARTESIAN_POINT('Origin',(0.,0.,160.));
#11631=CARTESIAN_POINT('',(7.5,9.18485099360515E-16,160.));
#11632=CARTESIAN_POINT('Origin',(0.,0.,160.));
#11633=CARTESIAN_POINT('',(7.5,9.18485099360515E-16,157.));
#11634=CARTESIAN_POINT('',(7.5,-9.18485099360515E-16,160.));
#11635=CARTESIAN_POINT('Origin',(0.,0.,157.));
#11636=CARTESIAN_POINT('Origin',(0.,0.,157.));
#11637=CARTESIAN_POINT('Origin',(5.10440644564632,-17.3653400438242,140.));
#11638=CARTESIAN_POINT('',(4.51528192441851,-17.4790603080171,160.));
#11639=CARTESIAN_POINT('',(4.93519960214423,-16.7896934125372,160.));
#11640=CARTESIAN_POINT('Origin',(5.10440644564632,-17.3653400438242,160.));
#11641=CARTESIAN_POINT('',(4.51528192441851,-17.4790603080171,140.));
#11642=CARTESIAN_POINT('',(4.93519960214423,-16.7896934125372,140.));
#11643=CARTESIAN_POINT('Origin',(10.2207641985924,-14.9380714684584,140.));
#11644=CARTESIAN_POINT('',(9.69561497800984,-15.2282753556163,160.));
#11645=CARTESIAN_POINT('',(9.88195433565564,-14.4428867788963,160.));
#11646=CARTESIAN_POINT('Origin',(10.2207641985924,-14.9380714684584,160.));
#11647=CARTESIAN_POINT('',(9.69561497800984,-15.2282753556163,140.));
#11648=CARTESIAN_POINT('',(9.88195433565563,-14.4428867788963,140.));
#11649=CARTESIAN_POINT('Origin',(14.3366423395287,-11.048560378096,140.));
#11650=CARTESIAN_POINT('',(13.9268736842318,-11.4868407097744,160.));
#11651=CARTESIAN_POINT('',(13.8613945271686,-10.6823097578276,160.));
#11652=CARTESIAN_POINT('Origin',(14.3366423395287,-11.048560378096,160.));
#11653=CARTESIAN_POINT('',(13.9268736842318,-11.4868407097744,140.));
#11654=CARTESIAN_POINT('',(13.8613945271686,-10.6823097578276,140.));
#11655=CARTESIAN_POINT('Origin',(17.0491500390111,-6.07753921807887,140.));
#11656=CARTESIAN_POINT('',(16.7948729600064,-6.62099406173456,160.));
#11657=CARTESIAN_POINT('',(16.4839848443478,-5.87607382963426,160.));
#11658=CARTESIAN_POINT('Origin',(17.0491500390111,-6.07753921807887,160.));
#11659=CARTESIAN_POINT('',(16.7948729600064,-6.62099406173456,140.));
#11660=CARTESIAN_POINT('',(16.4839848443478,-5.87607382963426,140.));
#11661=CARTESIAN_POINT('Origin',(18.0927681442619,0.511606174690379,140.));
#11662=CARTESIAN_POINT('',(17.4930078742864,0.494646853982411,160.));
#11663=CARTESIAN_POINT('',(18.018873053695,1.10703838375376,160.));
#11664=CARTESIAN_POINT('Origin',(18.0927681442619,0.511606174690379,160.));
#11665=CARTESIAN_POINT('',(17.4930078742864,0.494646853982411,140.));
#11666=CARTESIAN_POINT('',(18.018873053695,1.10703838375376,140.));
#11667=CARTESIAN_POINT('Origin',(18.0927681442619,-0.511606174690503,140.));
#11668=CARTESIAN_POINT('',(18.018873053695,-1.10703838375389,160.));
#11669=CARTESIAN_POINT('',(17.4930078742864,-0.49464685398253,160.));
#11670=CARTESIAN_POINT('Origin',(18.0927681442619,-0.511606174690503,160.));
#11671=CARTESIAN_POINT('',(18.018873053695,-1.10703838375389,140.));
#11672=CARTESIAN_POINT('',(18.018873053695,-1.10703838375389,140.));
#11673=CARTESIAN_POINT('Origin',(18.0927681442619,-0.511606174690503,140.));
#11674=CARTESIAN_POINT('',(17.4930078742864,-0.49464685398253,140.));
#11675=CARTESIAN_POINT('Origin',(17.0491500390112,6.07753921807874,140.));
#11676=CARTESIAN_POINT('',(16.4839848443478,5.87607382963415,160.));
#11677=CARTESIAN_POINT('',(16.7948729600065,6.62099406173444,160.));
#11678=CARTESIAN_POINT('Origin',(17.0491500390112,6.07753921807874,160.));
#11679=CARTESIAN_POINT('',(16.4839848443478,5.87607382963415,140.));
#11680=CARTESIAN_POINT('',(16.7948729600065,6.62099406173444,140.));
#11681=CARTESIAN_POINT('Origin',(14.3366423395288,11.0485603780959,140.));
#11682=CARTESIAN_POINT('',(13.8613945271687,10.6823097578275,160.));
#11683=CARTESIAN_POINT('',(13.9268736842319,11.4868407097743,160.));
#11684=CARTESIAN_POINT('Origin',(14.3366423395288,11.0485603780959,160.));
#11685=CARTESIAN_POINT('',(13.8613945271687,10.6823097578275,140.));
#11686=CARTESIAN_POINT('',(13.9268736842319,11.4868407097743,140.));
#11687=CARTESIAN_POINT('Origin',(10.2207641985925,14.9380714684584,140.));
#11688=CARTESIAN_POINT('',(9.88195433565574,14.4428867788962,160.));
#11689=CARTESIAN_POINT('',(9.69561497800994,15.2282753556162,160.));
#11690=CARTESIAN_POINT('Origin',(10.2207641985925,14.9380714684584,160.));
#11691=CARTESIAN_POINT('',(9.88195433565574,14.4428867788962,140.));
#11692=CARTESIAN_POINT('',(9.69561497800994,15.2282753556162,140.));
#11693=CARTESIAN_POINT('Origin',(5.10440644564644,17.3653400438242,140.));
#11694=CARTESIAN_POINT('',(4.93519960214435,16.7896934125372,160.));
#11695=CARTESIAN_POINT('',(4.51528192441863,17.4790603080171,160.));
#11696=CARTESIAN_POINT('Origin',(5.10440644564644,17.3653400438242,160.));
#11697=CARTESIAN_POINT('',(4.93519960214435,16.7896934125372,140.));
#11698=CARTESIAN_POINT('',(4.51528192441863,17.4790603080171,140.));
#11699=CARTESIAN_POINT('Origin',(0.,0.,140.));
#11700=CARTESIAN_POINT('Origin',(0.,0.,160.));
#11701=CARTESIAN_POINT('Origin',(-4.09600996717804,-19.1413207532512,140.));
#11702=CARTESIAN_POINT('',(4.668907277118,-19.4473984079536,160.));
#11703=CARTESIAN_POINT('Origin',(-4.09600996717804,-19.1413207532512,160.));
#11704=CARTESIAN_POINT('',(4.33144124834861,-21.569390735765,158.));
#11705=CARTESIAN_POINT('Ctrl Pts',(4.668907277118,-19.4473984079536,160.));
#11706=CARTESIAN_POINT('Ctrl Pts',(4.64882357245512,-20.0225204615391,159.445457062279));
#11707=CARTESIAN_POINT('Ctrl Pts',(4.57140731427197,-20.6065969288864,158.893957217863));
#11708=CARTESIAN_POINT('Ctrl Pts',(4.40204370607615,-21.3134146585656,158.23680982402));
#11709=CARTESIAN_POINT('Ctrl Pts',(4.36825373324355,-21.4416203573127,158.118021731898));
#11710=CARTESIAN_POINT('Ctrl Pts',(4.33144124834862,-21.569390735765,158.));
#11711=CARTESIAN_POINT('',(4.33144124834861,-21.569390735765,142.));
#11712=CARTESIAN_POINT('',(4.33144124834861,-21.569390735765,140.));
#11713=CARTESIAN_POINT('Ctrl Pts',(4.33144124834862,-21.569390735765,142.));
#11714=CARTESIAN_POINT('Ctrl Pts',(4.36825373324355,-21.4416203573127,141.881978268102));
#11715=CARTESIAN_POINT('Ctrl Pts',(4.40204370607615,-21.3134146585656,141.76319017598));
#11716=CARTESIAN_POINT('Ctrl Pts',(4.57140731427197,-20.6065969288864,141.106042782137));
#11717=CARTESIAN_POINT('Ctrl Pts',(4.64882357245512,-20.0225204615391,140.554542937721));
#11718=CARTESIAN_POINT('Ctrl Pts',(4.668907277118,-19.4473984079535,140.));
#11719=CARTESIAN_POINT('Origin',(-4.0960099671779,19.1413207532512,140.));
#11720=CARTESIAN_POINT('',(4.33144124834877,21.569390735765,142.));
#11721=CARTESIAN_POINT('Ctrl Pts',(4.66890727711814,19.4473984079535,140.));
#11722=CARTESIAN_POINT('Ctrl Pts',(4.64882357245526,20.0225204615391,140.554542937721));
#11723=CARTESIAN_POINT('Ctrl Pts',(4.57140731427212,20.6065969288864,141.106042782137));
#11724=CARTESIAN_POINT('Ctrl Pts',(4.4020437060763,21.3134146585656,141.76319017598));
#11725=CARTESIAN_POINT('Ctrl Pts',(4.36825373324371,21.4416203573127,141.881978268102));
#11726=CARTESIAN_POINT('Ctrl Pts',(4.33144124834877,21.569390735765,142.));
#11727=CARTESIAN_POINT('',(4.33144124834877,21.569390735765,158.));
#11728=CARTESIAN_POINT('',(4.33144124834877,21.569390735765,140.));
#11729=CARTESIAN_POINT('',(4.66890727711815,19.4473984079535,160.));
#11730=CARTESIAN_POINT('Ctrl Pts',(4.33144124834877,21.569390735765,158.));
#11731=CARTESIAN_POINT('Ctrl Pts',(4.36825373324371,21.4416203573127,158.118021731898));
#11732=CARTESIAN_POINT('Ctrl Pts',(4.4020437060763,21.3134146585656,158.23680982402));
#11733=CARTESIAN_POINT('Ctrl Pts',(4.57140731427212,20.6065969288864,158.893957217863));
#11734=CARTESIAN_POINT('Ctrl Pts',(4.64882357245526,20.0225204615391,159.445457062279));
#11735=CARTESIAN_POINT('Ctrl Pts',(4.66890727711814,19.4473984079535,160.));
#11736=CARTESIAN_POINT('Origin',(-4.0960099671779,19.1413207532512,160.));
#11737=CARTESIAN_POINT('Origin',(0.,0.,160.));
#11738=CARTESIAN_POINT('',(15.2282753556163,9.69561497800989,160.));
#11739=CARTESIAN_POINT('',(17.0528032870819,10.449971294319,160.));
#11740=CARTESIAN_POINT('Origin',(19.4702145218624,2.01945643744199,160.));
#11741=CARTESIAN_POINT('',(14.4428867788962,9.88195433565569,160.));
#11742=CARTESIAN_POINT('Origin',(14.9380714684584,10.2207641985925,160.));
#11743=CARTESIAN_POINT('Origin',(0.,0.,160.));
#11744=CARTESIAN_POINT('',(15.2081193120007,12.9889609666036,160.));
#11745=CARTESIAN_POINT('Origin',(7.93724437558485,17.8932280361122,160.));
#11746=CARTESIAN_POINT('',(12.9889609666037,15.2081193120006,160.));
#11747=CARTESIAN_POINT('Origin',(0.,0.,160.));
#11748=CARTESIAN_POINT('',(11.4868407097744,13.9268736842318,160.));
#11749=CARTESIAN_POINT('Origin',(17.8932280361123,7.93724437558479,160.));
#11750=CARTESIAN_POINT('',(10.6823097578276,13.8613945271687,160.));
#11751=CARTESIAN_POINT('Origin',(11.048560378096,14.3366423395287,160.));
#11752=CARTESIAN_POINT('Origin',(0.,0.,160.));
#11753=CARTESIAN_POINT('',(10.449971294319,17.0528032870818,160.));
#11754=CARTESIAN_POINT('Origin',(2.01945643744206,19.4702145218624,160.));
#11755=CARTESIAN_POINT('',(7.65366864730179,18.4775906502257,160.));
#11756=CARTESIAN_POINT('Origin',(0.,0.,160.));
#11757=CARTESIAN_POINT('',(6.62099406173449,16.7948729600064,160.));
#11758=CARTESIAN_POINT('Origin',(14.564727720737,13.0780795322119,160.));
#11759=CARTESIAN_POINT('',(5.8760738296342,16.4839848443478,160.));
#11760=CARTESIAN_POINT('Origin',(6.0775392180788,17.0491500390112,160.));
#11761=CARTESIAN_POINT('Origin',(0.,0.,160.));
#11762=CARTESIAN_POINT('',(1.56918191455688,19.9383466746626,160.));
#11763=CARTESIAN_POINT('Origin',(0.,0.,160.));
#11764=CARTESIAN_POINT('',(1.10703838375382,18.018873053695,160.));
#11765=CARTESIAN_POINT('Origin',(9.81053037763095,16.9387411438881,160.));
#11766=CARTESIAN_POINT('',(0.494646853982468,17.4930078742864,160.));
#11767=CARTESIAN_POINT('Origin',(0.511606174690439,18.0927681442619,160.));
#11768=CARTESIAN_POINT('',(-0.49464685398247,17.4930078742864,160.));
#11769=CARTESIAN_POINT('Origin',(0.,0.,160.));
#11770=CARTESIAN_POINT('',(-1.10703838375382,18.018873053695,160.));
#11771=CARTESIAN_POINT('Origin',(-0.51160617469044,18.0927681442619,160.));
#11772=CARTESIAN_POINT('',(-1.56918191455688,19.9383466746626,160.));
#11773=CARTESIAN_POINT('Origin',(-9.81053037763095,16.9387411438881,160.));
#11774=CARTESIAN_POINT('',(-4.66890727711788,19.4473984079536,160.));
#11775=CARTESIAN_POINT('Origin',(0.,0.,160.));
#11776=CARTESIAN_POINT('',(-4.51528192441839,17.4790603080171,160.));
#11777=CARTESIAN_POINT('Origin',(4.09600996717817,19.1413207532512,160.));
#11778=CARTESIAN_POINT('',(-4.93519960214412,16.7896934125372,160.));
#11779=CARTESIAN_POINT('Origin',(-5.1044064456462,17.3653400438242,160.));
#11780=CARTESIAN_POINT('',(-5.87607382963397,16.4839848443479,160.));
#11781=CARTESIAN_POINT('Origin',(0.,0.,160.));
#11782=CARTESIAN_POINT('',(-6.62099406173426,16.7948729600065,160.));
#11783=CARTESIAN_POINT('Origin',(-6.07753921807857,17.0491500390112,160.));
#11784=CARTESIAN_POINT('',(-7.65366864730153,18.4775906502258,160.));
#11785=CARTESIAN_POINT('Origin',(-14.5647277207368,13.0780795322121,160.));
#11786=CARTESIAN_POINT('',(-10.4499712943188,17.052803287082,160.));
#11787=CARTESIAN_POINT('Origin',(0.,0.,160.));
#11788=CARTESIAN_POINT('',(-9.69561497800973,15.2282753556164,160.));
#11789=CARTESIAN_POINT('Origin',(-2.01945643744178,19.4702145218624,160.));
#11790=CARTESIAN_POINT('',(-9.88195433565553,14.4428867788963,160.));
#11791=CARTESIAN_POINT('Origin',(-10.2207641985923,14.9380714684585,160.));
#11792=CARTESIAN_POINT('',(-10.6823097578274,13.8613945271688,160.));
#11793=CARTESIAN_POINT('Origin',(0.,0.,160.));
#11794=CARTESIAN_POINT('',(-11.4868407097742,13.926873684232,160.));
#11795=CARTESIAN_POINT('Origin',(-11.0485603780957,14.3366423395289,160.));
#11796=CARTESIAN_POINT('',(-12.9889609666035,15.2081193120008,160.));
#11797=CARTESIAN_POINT('Origin',(-17.8932280361122,7.93724437558504,160.));
#11798=CARTESIAN_POINT('',(-15.2081193120005,12.9889609666038,160.));
#11799=CARTESIAN_POINT('Origin',(0.,0.,160.));
#11800=CARTESIAN_POINT('',(-13.9268736842317,11.4868407097745,160.));
#11801=CARTESIAN_POINT('Origin',(-7.93724437558459,17.8932280361124,160.));
#11802=CARTESIAN_POINT('',(-13.8613945271686,10.6823097578277,160.));
#11803=CARTESIAN_POINT('Origin',(-14.3366423395286,11.0485603780961,160.));
#11804=CARTESIAN_POINT('',(-14.4428867788961,9.88195433565589,160.));
#11805=CARTESIAN_POINT('Origin',(0.,0.,160.));
#11806=CARTESIAN_POINT('',(-15.2282753556161,9.69561497801011,160.));
#11807=CARTESIAN_POINT('Origin',(-14.9380714684582,10.2207641985927,160.));
#11808=CARTESIAN_POINT('',(-17.0528032870817,10.4499712943192,160.));
#11809=CARTESIAN_POINT('Origin',(-19.4702145218623,2.01945643744228,160.));
#11810=CARTESIAN_POINT('',(-18.4775906502257,7.65366864730199,160.));
#11811=CARTESIAN_POINT('Origin',(0.,0.,160.));
#11812=CARTESIAN_POINT('',(-16.7948729600064,6.62099406173467,160.));
#11813=CARTESIAN_POINT('Origin',(-13.0780795322118,14.5647277207372,160.));
#11814=CARTESIAN_POINT('',(-16.4839848443477,5.87607382963438,160.));
#11815=CARTESIAN_POINT('Origin',(-17.0491500390111,6.07753921807898,160.));
#11816=CARTESIAN_POINT('',(-16.7896934125371,4.93519960214453,160.));
#11817=CARTESIAN_POINT('Origin',(0.,0.,160.));
#11818=CARTESIAN_POINT('',(-17.479060308017,4.51528192441882,160.));
#11819=CARTESIAN_POINT('Origin',(-17.3653400438241,5.10440644564663,160.));
#11820=CARTESIAN_POINT('',(-19.4473984079535,4.66890727711835,160.));
#11821=CARTESIAN_POINT('Origin',(-19.1413207532513,-4.0960099671777,160.));
#11822=CARTESIAN_POINT('',(-19.9383466746626,1.56918191455709,160.));
#11823=CARTESIAN_POINT('Origin',(0.,0.,160.));
#11824=CARTESIAN_POINT('',(-18.018873053695,1.10703838375401,160.));
#11825=CARTESIAN_POINT('Origin',(-16.938741143888,9.81053037763113,160.));
#11826=CARTESIAN_POINT('',(-17.4930078742864,0.494646853982652,160.));
#11827=CARTESIAN_POINT('Origin',(-18.0927681442619,0.511606174690629,160.));
#11828=CARTESIAN_POINT('',(-17.4930078742864,-0.494646853982288,160.));
#11829=CARTESIAN_POINT('Origin',(0.,0.,160.));
#11830=CARTESIAN_POINT('',(-18.018873053695,-1.10703838375364,160.));
#11831=CARTESIAN_POINT('Origin',(-18.0927681442619,-0.511606174690252,160.));
#11832=CARTESIAN_POINT('',(-19.9383466746626,-1.56918191455667,160.));
#11833=CARTESIAN_POINT('Origin',(-16.9387411438882,-9.81053037763077,160.));
#11834=CARTESIAN_POINT('',(-19.4473984079536,-4.66890727711794,160.));
#11835=CARTESIAN_POINT('Origin',(0.,0.,160.));
#11836=CARTESIAN_POINT('',(-17.4790603080171,-4.51528192441845,160.));
#11837=CARTESIAN_POINT('Origin',(-19.1413207532512,4.0960099671781,160.));
#11838=CARTESIAN_POINT('',(-16.7896934125372,-4.93519960214418,160.));
#11839=CARTESIAN_POINT('Origin',(-17.3653400438242,-5.10440644564626,160.));
#11840=CARTESIAN_POINT('',(-16.4839848443479,-5.87607382963403,160.));
#11841=CARTESIAN_POINT('Origin',(0.,0.,160.));
#11842=CARTESIAN_POINT('',(-16.7948729600065,-6.62099406173432,160.));
#11843=CARTESIAN_POINT('Origin',(-17.0491500390112,-6.07753921807863,160.));
#11844=CARTESIAN_POINT('',(-18.4775906502258,-7.6536686473016,160.));
#11845=CARTESIAN_POINT('Origin',(-13.0780795322121,-14.5647277207369,160.));
#11846=CARTESIAN_POINT('',(-17.0528032870819,-10.4499712943188,160.));
#11847=CARTESIAN_POINT('Origin',(0.,0.,160.));
#11848=CARTESIAN_POINT('',(-15.2282753556163,-9.69561497800978,160.));
#11849=CARTESIAN_POINT('Origin',(-19.4702145218624,-2.01945643744185,160.));
#11850=CARTESIAN_POINT('',(-14.4428867788963,-9.88195433565558,160.));
#11851=CARTESIAN_POINT('Origin',(-14.9380714684585,-10.2207641985923,160.));
#11852=CARTESIAN_POINT('',(-13.8613945271688,-10.6823097578274,160.));
#11853=CARTESIAN_POINT('Origin',(0.,0.,160.));
#11854=CARTESIAN_POINT('',(-13.926873684232,-11.4868407097742,160.));
#11855=CARTESIAN_POINT('Origin',(-14.3366423395289,-11.0485603780958,160.));
#11856=CARTESIAN_POINT('',(-15.2081193120008,-12.9889609666035,160.));
#11857=CARTESIAN_POINT('Origin',(-7.93724437558498,-17.8932280361122,160.));
#11858=CARTESIAN_POINT('',(-12.9889609666038,-15.2081193120005,160.));
#11859=CARTESIAN_POINT('Origin',(0.,0.,160.));
#11860=CARTESIAN_POINT('',(-11.4868407097745,-13.9268736842317,160.));
#11861=CARTESIAN_POINT('Origin',(-17.8932280361123,-7.93724437558465,160.));
#11862=CARTESIAN_POINT('',(-10.6823097578277,-13.8613945271686,160.));
#11863=CARTESIAN_POINT('Origin',(-11.0485603780961,-14.3366423395287,160.));
#11864=CARTESIAN_POINT('',(-9.88195433565584,-14.4428867788961,160.));
#11865=CARTESIAN_POINT('Origin',(0.,0.,160.));
#11866=CARTESIAN_POINT('',(-9.69561497801006,-15.2282753556161,160.));
#11867=CARTESIAN_POINT('Origin',(-10.2207641985926,-14.9380714684583,160.));
#11868=CARTESIAN_POINT('',(-10.4499712943191,-17.0528032870817,160.));
#11869=CARTESIAN_POINT('Origin',(-2.01945643744221,-19.4702145218624,160.));
#11870=CARTESIAN_POINT('',(-7.65366864730192,-18.4775906502257,160.));
#11871=CARTESIAN_POINT('Origin',(0.,0.,160.));
#11872=CARTESIAN_POINT('',(-6.62099406173461,-16.7948729600064,160.));
#11873=CARTESIAN_POINT('Origin',(-14.5647277207371,-13.0780795322118,160.));
#11874=CARTESIAN_POINT('',(-5.87607382963432,-16.4839848443478,160.));
#11875=CARTESIAN_POINT('Origin',(-6.07753921807892,-17.0491500390111,160.));
#11876=CARTESIAN_POINT('',(-4.93519960214447,-16.7896934125371,160.));
#11877=CARTESIAN_POINT('Origin',(0.,0.,160.));
#11878=CARTESIAN_POINT('',(-4.51528192441876,-17.479060308017,160.));
#11879=CARTESIAN_POINT('Origin',(-5.10440644564657,-17.3653400438241,160.));
#11880=CARTESIAN_POINT('',(-4.66890727711828,-19.4473984079535,160.));
#11881=CARTESIAN_POINT('Origin',(4.09600996717777,-19.1413207532512,160.));
#11882=CARTESIAN_POINT('',(-1.56918191455688,-19.9383466746626,160.));
#11883=CARTESIAN_POINT('Origin',(0.,0.,160.));
#11884=CARTESIAN_POINT('',(-1.10703838375382,-18.018873053695,160.));
#11885=CARTESIAN_POINT('Origin',(-9.81053037763095,-16.9387411438881,160.));
#11886=CARTESIAN_POINT('',(-0.494646853982468,-17.4930078742864,160.));
#11887=CARTESIAN_POINT('Origin',(-0.511606174690439,-18.0927681442619,160.));
#11888=CARTESIAN_POINT('',(0.49464685398247,-17.4930078742864,160.));
#11889=CARTESIAN_POINT('Origin',(0.,0.,160.));
#11890=CARTESIAN_POINT('',(1.10703838375382,-18.018873053695,160.));
#11891=CARTESIAN_POINT('Origin',(0.51160617469044,-18.0927681442619,160.));
#11892=CARTESIAN_POINT('',(1.56918191455688,-19.9383466746626,160.));
#11893=CARTESIAN_POINT('Origin',(9.81053037763095,-16.9387411438881,160.));
#11894=CARTESIAN_POINT('Origin',(0.,0.,160.));
#11895=CARTESIAN_POINT('',(5.87607382963408,-16.4839848443478,160.));
#11896=CARTESIAN_POINT('Origin',(0.,0.,160.));
#11897=CARTESIAN_POINT('',(6.62099406173437,-16.7948729600065,160.));
#11898=CARTESIAN_POINT('Origin',(6.07753921807868,-17.0491500390112,160.));
#11899=CARTESIAN_POINT('',(7.65366864730165,-18.4775906502258,160.));
#11900=CARTESIAN_POINT('Origin',(14.5647277207369,-13.078079532212,160.));
#11901=CARTESIAN_POINT('',(10.4499712943189,-17.0528032870819,160.));
#11902=CARTESIAN_POINT('Origin',(0.,0.,160.));
#11903=CARTESIAN_POINT('Origin',(2.01945643744193,-19.4702145218624,160.));
#11904=CARTESIAN_POINT('',(10.6823097578275,-13.8613945271687,160.));
#11905=CARTESIAN_POINT('Origin',(0.,0.,160.));
#11906=CARTESIAN_POINT('',(11.4868407097743,-13.9268736842319,160.));
#11907=CARTESIAN_POINT('Origin',(11.0485603780959,-14.3366423395288,160.));
#11908=CARTESIAN_POINT('',(12.9889609666036,-15.2081193120007,160.));
#11909=CARTESIAN_POINT('Origin',(17.8932280361122,-7.93724437558491,160.));
#11910=CARTESIAN_POINT('',(15.2081193120006,-12.9889609666037,160.));
#11911=CARTESIAN_POINT('Origin',(0.,0.,160.));
#11912=CARTESIAN_POINT('Origin',(7.93724437558472,-17.8932280361123,160.));
#11913=CARTESIAN_POINT('',(14.4428867788962,-9.88195433565579,160.));
#11914=CARTESIAN_POINT('Origin',(0.,0.,160.));
#11915=CARTESIAN_POINT('',(15.2282753556162,-9.69561497801,160.));
#11916=CARTESIAN_POINT('Origin',(14.9380714684583,-10.2207641985926,160.));
#11917=CARTESIAN_POINT('',(17.0528032870818,-10.4499712943191,160.));
#11918=CARTESIAN_POINT('Origin',(19.4702145218624,-2.01945643744213,160.));
#11919=CARTESIAN_POINT('',(18.4775906502257,-7.65366864730186,160.));
#11920=CARTESIAN_POINT('Origin',(0.,0.,160.));
#11921=CARTESIAN_POINT('Origin',(13.0780795322119,-14.5647277207371,160.));
#11922=CARTESIAN_POINT('',(16.7896934125372,-4.93519960214441,160.));
#11923=CARTESIAN_POINT('Origin',(0.,0.,160.));
#11924=CARTESIAN_POINT('',(17.479060308017,-4.5152819244187,160.));
#11925=CARTESIAN_POINT('Origin',(17.3653400438241,-5.10440644564651,160.));
#11926=CARTESIAN_POINT('',(19.4473984079535,-4.66890727711821,160.));
#11927=CARTESIAN_POINT('Origin',(19.1413207532512,4.09600996717784,160.));
#11928=CARTESIAN_POINT('',(19.9383466746626,-1.56918191455695,160.));
#11929=CARTESIAN_POINT('Origin',(0.,0.,160.));
#11930=CARTESIAN_POINT('Origin',(16.938741143888,-9.81053037763101,160.));
#11931=CARTESIAN_POINT('',(19.9383466746626,1.56918191455681,160.));
#11932=CARTESIAN_POINT('Origin',(16.9387411438881,9.81053037763089,160.));
#11933=CARTESIAN_POINT('',(19.4473984079535,4.66890727711808,160.));
#11934=CARTESIAN_POINT('Origin',(0.,0.,160.));
#11935=CARTESIAN_POINT('',(17.4790603080171,4.51528192441857,160.));
#11936=CARTESIAN_POINT('Origin',(19.1413207532512,-4.09600996717797,160.));
#11937=CARTESIAN_POINT('',(16.7896934125372,4.93519960214429,160.));
#11938=CARTESIAN_POINT('Origin',(17.3653400438242,5.10440644564638,160.));
#11939=CARTESIAN_POINT('Origin',(0.,0.,160.));
#11940=CARTESIAN_POINT('',(18.4775906502258,7.65366864730173,160.));
#11941=CARTESIAN_POINT('Origin',(13.078079532212,14.564727720737,160.));
#11942=CARTESIAN_POINT('Origin',(0.,0.,160.));
#11943=CARTESIAN_POINT('Origin',(0.,0.,140.));
#11944=CARTESIAN_POINT('',(19.9383466746625,-1.56918191455694,140.));
#11945=CARTESIAN_POINT('Origin',(16.938741143888,-9.81053037763101,140.));
#11946=CARTESIAN_POINT('',(19.4473984079535,-4.66890727711822,140.));
#11947=CARTESIAN_POINT('Origin',(0.,0.,140.));
#11948=CARTESIAN_POINT('',(17.479060308017,-4.5152819244187,140.));
#11949=CARTESIAN_POINT('Origin',(19.1413207532512,4.09600996717784,140.));
#11950=CARTESIAN_POINT('Origin',(17.3653400438241,-5.10440644564651,140.));
#11951=CARTESIAN_POINT('Origin',(0.,0.,160.));
#11952=CARTESIAN_POINT('',(19.9959609504981,9.1739601953657,142.));
#11953=CARTESIAN_POINT('',(19.1752206558892,10.7847537198566,142.));
#11954=CARTESIAN_POINT('Origin',(0.,0.,142.));
#11955=CARTESIAN_POINT('',(19.1752206558892,10.7847537198566,158.));
#11956=CARTESIAN_POINT('',(19.1752206558892,10.7847537198566,140.));
#11957=CARTESIAN_POINT('',(19.9959609504981,9.1739601953657,158.));
#11958=CARTESIAN_POINT('Origin',(0.,0.,158.));
#11959=CARTESIAN_POINT('',(19.9959609504981,9.1739601953657,140.));
#11960=CARTESIAN_POINT('Origin',(0.,0.,160.));
#11961=CARTESIAN_POINT('',(14.9040463765967,16.1823793554673,158.));
#11962=CARTESIAN_POINT('',(16.1823793554674,14.9040463765967,158.));
#11963=CARTESIAN_POINT('Origin',(0.,0.,158.));
#11964=CARTESIAN_POINT('',(16.1823793554673,14.9040463765967,142.));
#11965=CARTESIAN_POINT('',(16.1823793554673,14.9040463765967,140.));
#11966=CARTESIAN_POINT('',(14.9040463765967,16.1823793554673,142.));
#11967=CARTESIAN_POINT('Origin',(0.,0.,142.));
#11968=CARTESIAN_POINT('',(14.9040463765967,16.1823793554673,140.));
#11969=CARTESIAN_POINT('Origin',(0.,0.,160.));
#11970=CARTESIAN_POINT('',(21.852198567642,2.54586287147315,142.));
#11971=CARTESIAN_POINT('',(21.569390735765,4.3314412483487,142.));
#11972=CARTESIAN_POINT('Origin',(0.,0.,142.));
#11973=CARTESIAN_POINT('',(21.569390735765,4.3314412483487,158.));
#11974=CARTESIAN_POINT('',(21.569390735765,4.3314412483487,140.));
#11975=CARTESIAN_POINT('',(21.852198567642,2.54586287147314,158.));
#11976=CARTESIAN_POINT('Origin',(0.,0.,158.));
#11977=CARTESIAN_POINT('',(21.852198567642,2.54586287147315,140.));
#11978=CARTESIAN_POINT('Origin',(0.,0.,160.));
#11979=CARTESIAN_POINT('',(21.5693907357649,-4.33144124834885,142.));
#11980=CARTESIAN_POINT('',(21.852198567642,-2.5458628714733,142.));
#11981=CARTESIAN_POINT('Origin',(0.,0.,142.));
#11982=CARTESIAN_POINT('',(21.852198567642,-2.5458628714733,158.));
#11983=CARTESIAN_POINT('',(21.852198567642,-2.5458628714733,140.));
#11984=CARTESIAN_POINT('',(21.5693907357649,-4.33144124834885,158.));
#11985=CARTESIAN_POINT('Origin',(0.,0.,158.));
#11986=CARTESIAN_POINT('',(21.5693907357649,-4.33144124834885,140.));
#11987=CARTESIAN_POINT('Origin',(0.,0.,160.));
#11988=CARTESIAN_POINT('',(2.54586287147322,-21.852198567642,142.));
#11989=CARTESIAN_POINT('Origin',(0.,0.,142.));
#11990=CARTESIAN_POINT('',(2.54586287147322,-21.852198567642,158.));
#11991=CARTESIAN_POINT('Origin',(0.,0.,158.));
#11992=CARTESIAN_POINT('',(2.54586287147322,-21.852198567642,140.));
#11993=CARTESIAN_POINT('Origin',(0.,0.,160.));
#11994=CARTESIAN_POINT('',(10.7847537198565,-19.1752206558892,158.));
#11995=CARTESIAN_POINT('',(9.17396019536562,-19.9959609504982,158.));
#11996=CARTESIAN_POINT('Origin',(0.,0.,158.));
#11997=CARTESIAN_POINT('',(9.17396019536562,-19.9959609504982,142.));
#11998=CARTESIAN_POINT('',(9.17396019536562,-19.9959609504982,140.));
#11999=CARTESIAN_POINT('',(10.7847537198565,-19.1752206558892,142.));
#12000=CARTESIAN_POINT('Origin',(0.,0.,142.));
#12001=CARTESIAN_POINT('',(10.7847537198565,-19.1752206558892,140.));
#12002=CARTESIAN_POINT('Origin',(0.,0.,160.));
#12003=CARTESIAN_POINT('',(16.1823793554672,-14.9040463765968,158.));
#12004=CARTESIAN_POINT('',(14.9040463765966,-16.1823793554674,158.));
#12005=CARTESIAN_POINT('Origin',(0.,0.,158.));
#12006=CARTESIAN_POINT('',(14.9040463765966,-16.1823793554674,142.));
#12007=CARTESIAN_POINT('',(14.9040463765966,-16.1823793554674,140.));
#12008=CARTESIAN_POINT('',(16.1823793554672,-14.9040463765968,142.));
#12009=CARTESIAN_POINT('Origin',(0.,0.,142.));
#12010=CARTESIAN_POINT('',(16.1823793554672,-14.9040463765968,140.));
#12011=CARTESIAN_POINT('Origin',(0.,0.,160.));
#12012=CARTESIAN_POINT('',(19.9959609504981,-9.17396019536584,158.));
#12013=CARTESIAN_POINT('',(19.1752206558891,-10.7847537198567,158.));
#12014=CARTESIAN_POINT('Origin',(0.,0.,158.));
#12015=CARTESIAN_POINT('',(19.1752206558891,-10.7847537198567,142.));
#12016=CARTESIAN_POINT('',(19.1752206558891,-10.7847537198567,140.));
#12017=CARTESIAN_POINT('',(19.9959609504981,-9.17396019536584,142.));
#12018=CARTESIAN_POINT('Origin',(0.,0.,142.));
#12019=CARTESIAN_POINT('',(19.9959609504981,-9.17396019536584,140.));
#12020=CARTESIAN_POINT('Origin',(0.,0.,160.));
#12021=CARTESIAN_POINT('',(-4.33144124834893,-21.5693907357649,142.));
#12022=CARTESIAN_POINT('',(-2.54586287147322,-21.852198567642,142.));
#12023=CARTESIAN_POINT('Origin',(0.,0.,142.));
#12024=CARTESIAN_POINT('',(-2.54586287147322,-21.852198567642,158.));
#12025=CARTESIAN_POINT('',(-2.54586287147322,-21.852198567642,140.));
#12026=CARTESIAN_POINT('',(-4.33144124834893,-21.5693907357649,158.));
#12027=CARTESIAN_POINT('Origin',(0.,0.,158.));
#12028=CARTESIAN_POINT('',(-4.33144124834893,-21.5693907357649,140.));
#12029=CARTESIAN_POINT('Origin',(0.,0.,160.));
#12030=CARTESIAN_POINT('',(-10.7847537198568,-19.1752206558891,142.));
#12031=CARTESIAN_POINT('',(-9.17396019536591,-19.995960950498,142.));
#12032=CARTESIAN_POINT('Origin',(0.,0.,142.));
#12033=CARTESIAN_POINT('',(-9.17396019536591,-19.995960950498,158.));
#12034=CARTESIAN_POINT('',(-9.17396019536591,-19.995960950498,140.));
#12035=CARTESIAN_POINT('',(-10.7847537198568,-19.1752206558891,158.));
#12036=CARTESIAN_POINT('Origin',(0.,0.,158.));
#12037=CARTESIAN_POINT('',(-10.7847537198568,-19.1752206558891,140.));
#12038=CARTESIAN_POINT('Origin',(0.,0.,160.));
#12039=CARTESIAN_POINT('',(-19.9959609504982,-9.17396019536556,142.));
#12040=CARTESIAN_POINT('',(-19.1752206558893,-10.7847537198564,142.));
#12041=CARTESIAN_POINT('Origin',(0.,0.,142.));
#12042=CARTESIAN_POINT('',(-19.1752206558893,-10.7847537198564,158.));
#12043=CARTESIAN_POINT('',(-19.1752206558893,-10.7847537198564,140.));
#12044=CARTESIAN_POINT('',(-19.9959609504982,-9.17396019536556,158.));
#12045=CARTESIAN_POINT('Origin',(0.,0.,158.));
#12046=CARTESIAN_POINT('',(-19.9959609504982,-9.17396019536556,140.));
#12047=CARTESIAN_POINT('Origin',(0.,0.,160.));
#12048=CARTESIAN_POINT('',(-14.9040463765968,-16.1823793554672,158.));
#12049=CARTESIAN_POINT('',(-16.1823793554675,-14.9040463765965,158.));
#12050=CARTESIAN_POINT('Origin',(0.,0.,158.));
#12051=CARTESIAN_POINT('',(-16.1823793554675,-14.9040463765965,142.));
#12052=CARTESIAN_POINT('',(-16.1823793554675,-14.9040463765965,140.));
#12053=CARTESIAN_POINT('',(-14.9040463765968,-16.1823793554672,142.));
#12054=CARTESIAN_POINT('Origin',(0.,0.,142.));
#12055=CARTESIAN_POINT('',(-14.9040463765968,-16.1823793554672,140.));
#12056=CARTESIAN_POINT('Origin',(0.,0.,160.));
#12057=CARTESIAN_POINT('',(-21.852198567642,-2.54586287147299,142.));
#12058=CARTESIAN_POINT('',(-21.569390735765,-4.33144124834855,142.));
#12059=CARTESIAN_POINT('Origin',(0.,0.,142.));
#12060=CARTESIAN_POINT('',(-21.569390735765,-4.33144124834855,158.));
#12061=CARTESIAN_POINT('',(-21.569390735765,-4.33144124834855,140.));
#12062=CARTESIAN_POINT('',(-21.852198567642,-2.54586287147299,158.));
#12063=CARTESIAN_POINT('Origin',(0.,0.,158.));
#12064=CARTESIAN_POINT('',(-21.852198567642,-2.54586287147299,140.));
#12065=CARTESIAN_POINT('Origin',(0.,0.,160.));
#12066=CARTESIAN_POINT('',(-21.5693907357649,4.331441248349,142.));
#12067=CARTESIAN_POINT('',(-21.852198567642,2.54586287147345,142.));
#12068=CARTESIAN_POINT('Origin',(0.,0.,142.));
#12069=CARTESIAN_POINT('',(-21.852198567642,2.54586287147345,158.));
#12070=CARTESIAN_POINT('',(-21.852198567642,2.54586287147345,140.));
#12071=CARTESIAN_POINT('',(-21.5693907357649,4.331441248349,158.));
#12072=CARTESIAN_POINT('Origin',(0.,0.,158.));
#12073=CARTESIAN_POINT('',(-21.5693907357649,4.331441248349,140.));
#12074=CARTESIAN_POINT('Origin',(0.,0.,160.));
#12075=CARTESIAN_POINT('',(-19.175220655889,10.7847537198569,142.));
#12076=CARTESIAN_POINT('',(-19.995960950498,9.17396019536598,142.));
#12077=CARTESIAN_POINT('Origin',(0.,0.,142.));
#12078=CARTESIAN_POINT('',(-19.995960950498,9.17396019536598,158.));
#12079=CARTESIAN_POINT('',(-19.995960950498,9.17396019536598,140.));
#12080=CARTESIAN_POINT('',(-19.175220655889,10.7847537198569,158.));
#12081=CARTESIAN_POINT('Origin',(0.,0.,158.));
#12082=CARTESIAN_POINT('',(-19.175220655889,10.7847537198569,140.));
#12083=CARTESIAN_POINT('Origin',(0.,0.,160.));
#12084=CARTESIAN_POINT('',(-14.9040463765965,16.1823793554675,142.));
#12085=CARTESIAN_POINT('',(-16.1823793554671,14.9040463765969,142.));
#12086=CARTESIAN_POINT('Origin',(0.,0.,142.));
#12087=CARTESIAN_POINT('',(-16.1823793554671,14.9040463765969,158.));
#12088=CARTESIAN_POINT('',(-16.1823793554671,14.9040463765969,140.));
#12089=CARTESIAN_POINT('',(-14.9040463765965,16.1823793554675,158.));
#12090=CARTESIAN_POINT('Origin',(0.,0.,158.));
#12091=CARTESIAN_POINT('',(-14.9040463765965,16.1823793554675,140.));
#12092=CARTESIAN_POINT('Origin',(0.,0.,160.));
#12093=CARTESIAN_POINT('',(-9.17396019536549,19.9959609504982,142.));
#12094=CARTESIAN_POINT('',(-10.7847537198564,19.1752206558893,142.));
#12095=CARTESIAN_POINT('Origin',(0.,0.,142.));
#12096=CARTESIAN_POINT('',(-10.7847537198564,19.1752206558893,158.));
#12097=CARTESIAN_POINT('',(-10.7847537198564,19.1752206558893,140.));
#12098=CARTESIAN_POINT('',(-9.17396019536549,19.9959609504982,158.));
#12099=CARTESIAN_POINT('Origin',(0.,0.,158.));
#12100=CARTESIAN_POINT('',(-9.17396019536549,19.9959609504982,140.));
#12101=CARTESIAN_POINT('Origin',(0.,0.,160.));
#12102=CARTESIAN_POINT('',(-2.54586287147322,21.852198567642,142.));
#12103=CARTESIAN_POINT('',(-4.33144124834847,21.569390735765,142.));
#12104=CARTESIAN_POINT('Origin',(0.,0.,142.));
#12105=CARTESIAN_POINT('',(-4.33144124834847,21.569390735765,158.));
#12106=CARTESIAN_POINT('',(-4.33144124834847,21.569390735765,140.));
#12107=CARTESIAN_POINT('',(-2.54586287147322,21.852198567642,158.));
#12108=CARTESIAN_POINT('Origin',(0.,0.,158.));
#12109=CARTESIAN_POINT('',(-2.54586287147322,21.852198567642,140.));
#12110=CARTESIAN_POINT('Origin',(0.,0.,160.));
#12111=CARTESIAN_POINT('',(9.17396019536577,19.9959609504981,158.));
#12112=CARTESIAN_POINT('',(10.7847537198566,19.1752206558892,158.));
#12113=CARTESIAN_POINT('Origin',(0.,0.,158.));
#12114=CARTESIAN_POINT('',(10.7847537198566,19.1752206558892,142.));
#12115=CARTESIAN_POINT('',(10.7847537198566,19.1752206558892,140.));
#12116=CARTESIAN_POINT('',(9.17396019536577,19.9959609504981,142.));
#12117=CARTESIAN_POINT('Origin',(0.,0.,142.));
#12118=CARTESIAN_POINT('',(9.17396019536577,19.9959609504981,140.));
#12119=CARTESIAN_POINT('Origin',(0.,0.,142.));
#12120=CARTESIAN_POINT('Ctrl Pts',(19.1752206558892,10.7847537198566,142.));
#12121=CARTESIAN_POINT('Ctrl Pts',(19.042328121435,10.7802812551775,141.881978268102));
#12122=CARTESIAN_POINT('Ctrl Pts',(18.9099555803706,10.7727996893368,141.76319017598));
#12123=CARTESIAN_POINT('Ctrl Pts',(18.1853957395651,10.7154553621383,141.106042782137));
#12124=CARTESIAN_POINT('Ctrl Pts',(17.6059830698603,10.6085930445257,140.554542937721));
#12125=CARTESIAN_POINT('Ctrl Pts',(17.0528032870818,10.449971294319,140.));
#12126=CARTESIAN_POINT('Ctrl Pts',(18.4775906502257,7.65366864730171,140.));
#12127=CARTESIAN_POINT('Ctrl Pts',(18.9310692600041,8.00796496704975,140.554542937721));
#12128=CARTESIAN_POINT('Ctrl Pts',(19.3580929132548,8.41390756927867,141.106042782137));
#12129=CARTESIAN_POINT('Ctrl Pts',(19.8303710373183,8.96638264410203,141.76319017598));
#12130=CARTESIAN_POINT('Ctrl Pts',(19.914230378674,9.06907672534645,141.881978268102));
#12131=CARTESIAN_POINT('Ctrl Pts',(19.9959609504981,9.17396019536569,142.));
#12132=CARTESIAN_POINT('Origin',(0.,0.,142.));
#12133=CARTESIAN_POINT('Ctrl Pts',(15.2081193120007,12.9889609666036,140.));
#12134=CARTESIAN_POINT('Ctrl Pts',(15.5299195149841,13.4660493872064,140.554542937721));
#12135=CARTESIAN_POINT('Ctrl Pts',(15.8105999801909,13.9840813101526,141.106042782137));
#12136=CARTESIAN_POINT('Ctrl Pts',(16.0890389804961,14.6554582965611,141.76319017598));
#12137=CARTESIAN_POINT('Ctrl Pts',(16.1370597372185,14.7790401333296,141.881978268102));
#12138=CARTESIAN_POINT('Ctrl Pts',(16.1823793554673,14.9040463765967,142.));
#12139=CARTESIAN_POINT('Ctrl Pts',(14.9040463765967,16.1823793554673,142.));
#12140=CARTESIAN_POINT('Ctrl Pts',(14.7790401333296,16.1370597372184,141.881978268102));
#12141=CARTESIAN_POINT('Ctrl Pts',(14.6554582965612,16.0890389804961,141.76319017598));
#12142=CARTESIAN_POINT('Ctrl Pts',(13.9840813101526,15.8105999801908,141.106042782137));
#12143=CARTESIAN_POINT('Ctrl Pts',(13.4660493872064,15.5299195149841,140.554542937721));
#12144=CARTESIAN_POINT('Ctrl Pts',(12.9889609666037,15.2081193120006,140.));
#12145=CARTESIAN_POINT('Origin',(0.,0.,142.));
#12146=CARTESIAN_POINT('Ctrl Pts',(21.569390735765,4.3314412483487,142.));
#12147=CARTESIAN_POINT('Ctrl Pts',(21.4416203573127,4.36825373324364,141.881978268102));
#12148=CARTESIAN_POINT('Ctrl Pts',(21.3134146585656,4.40204370607623,141.76319017598));
#12149=CARTESIAN_POINT('Ctrl Pts',(20.6065969288864,4.57140731427205,141.106042782137));
#12150=CARTESIAN_POINT('Ctrl Pts',(20.0225204615391,4.64882357245519,140.554542937721));
#12151=CARTESIAN_POINT('Ctrl Pts',(19.4473984079535,4.66890727711808,140.));
#12152=CARTESIAN_POINT('Ctrl Pts',(19.9383466746625,1.5691819145568,140.));
#12153=CARTESIAN_POINT('Ctrl Pts',(20.4791140453393,1.76600514114553,140.554542937721));
#12154=CARTESIAN_POINT('Ctrl Pts',(21.0106808362051,2.02012193238261,141.106042782137));
#12155=CARTESIAN_POINT('Ctrl Pts',(21.6305682106883,2.39961498597689,141.76319017598));
#12156=CARTESIAN_POINT('Ctrl Pts',(21.7420574000632,2.47136889951333,141.881978268102));
#12157=CARTESIAN_POINT('Ctrl Pts',(21.852198567642,2.54586287147315,142.));
#12158=CARTESIAN_POINT('Origin',(0.,0.,142.));
#12159=CARTESIAN_POINT('Ctrl Pts',(21.852198567642,-2.5458628714733,142.));
#12160=CARTESIAN_POINT('Ctrl Pts',(21.7420574000631,-2.47136889951348,141.881978268102));
#12161=CARTESIAN_POINT('Ctrl Pts',(21.6305682106883,-2.39961498597704,141.76319017598));
#12162=CARTESIAN_POINT('Ctrl Pts',(21.0106808362051,-2.02012193238275,141.106042782137));
#12163=CARTESIAN_POINT('Ctrl Pts',(20.4791140453393,-1.76600514114568,140.554542937721));
#12164=CARTESIAN_POINT('Ctrl Pts',(19.9383466746625,-1.56918191455694,140.));
#12165=CARTESIAN_POINT('Ctrl Pts',(19.4473984079535,-4.66890727711822,140.));
#12166=CARTESIAN_POINT('Ctrl Pts',(20.022520461539,-4.64882357245534,140.554542937721));
#12167=CARTESIAN_POINT('Ctrl Pts',(20.6065969288864,-4.57140731427219,141.106042782137));
#12168=CARTESIAN_POINT('Ctrl Pts',(21.3134146585656,-4.40204370607638,141.76319017598));
#12169=CARTESIAN_POINT('Ctrl Pts',(21.4416203573127,-4.36825373324379,141.881978268102));
#12170=CARTESIAN_POINT('Ctrl Pts',(21.5693907357649,-4.33144124834885,142.));
#12171=CARTESIAN_POINT('Origin',(0.,0.,142.));
#12172=CARTESIAN_POINT('Ctrl Pts',(1.56918191455687,-19.9383466746625,140.));
#12173=CARTESIAN_POINT('Ctrl Pts',(1.7660051411456,-20.4791140453393,140.554542937721));
#12174=CARTESIAN_POINT('Ctrl Pts',(2.02012193238268,-21.0106808362051,141.106042782137));
#12175=CARTESIAN_POINT('Ctrl Pts',(2.39961498597697,-21.6305682106883,141.76319017598));
#12176=CARTESIAN_POINT('Ctrl Pts',(2.4713688995134,-21.7420574000631,141.881978268102));
#12177=CARTESIAN_POINT('Ctrl Pts',(2.54586287147322,-21.852198567642,142.));
#12178=CARTESIAN_POINT('Origin',(0.,0.,142.));
#12179=CARTESIAN_POINT('Ctrl Pts',(7.65366864730164,-18.4775906502258,140.));
#12180=CARTESIAN_POINT('Ctrl Pts',(8.00796496704967,-18.9310692600041,140.554542937721));
#12181=CARTESIAN_POINT('Ctrl Pts',(8.41390756927859,-19.3580929132548,141.106042782137));
#12182=CARTESIAN_POINT('Ctrl Pts',(8.96638264410195,-19.8303710373183,141.76319017598));
#12183=CARTESIAN_POINT('Ctrl Pts',(9.06907672534637,-19.914230378674,141.881978268102));
#12184=CARTESIAN_POINT('Ctrl Pts',(9.17396019536563,-19.9959609504982,142.));
#12185=CARTESIAN_POINT('Ctrl Pts',(10.7847537198565,-19.1752206558892,142.));
#12186=CARTESIAN_POINT('Ctrl Pts',(10.7802812551774,-19.042328121435,141.881978268102));
#12187=CARTESIAN_POINT('Ctrl Pts',(10.7727996893367,-18.9099555803707,141.76319017598));
#12188=CARTESIAN_POINT('Ctrl Pts',(10.7154553621382,-18.1853957395651,141.106042782137));
#12189=CARTESIAN_POINT('Ctrl Pts',(10.6085930445257,-17.6059830698603,140.554542937721));
#12190=CARTESIAN_POINT('Ctrl Pts',(10.4499712943189,-17.0528032870819,140.));
#12191=CARTESIAN_POINT('Origin',(0.,0.,142.));
#12192=CARTESIAN_POINT('Ctrl Pts',(12.9889609666036,-15.2081193120007,140.));
#12193=CARTESIAN_POINT('Ctrl Pts',(13.4660493872063,-15.5299195149842,140.554542937721));
#12194=CARTESIAN_POINT('Ctrl Pts',(13.9840813101525,-15.8105999801909,141.106042782137));
#12195=CARTESIAN_POINT('Ctrl Pts',(14.6554582965611,-16.0890389804962,141.76319017598));
#12196=CARTESIAN_POINT('Ctrl Pts',(14.7790401333295,-16.1370597372185,141.881978268102));
#12197=CARTESIAN_POINT('Ctrl Pts',(14.9040463765966,-16.1823793554674,142.));
#12198=CARTESIAN_POINT('Ctrl Pts',(16.1823793554672,-14.9040463765968,142.));
#12199=CARTESIAN_POINT('Ctrl Pts',(16.1370597372183,-14.7790401333297,141.881978268102));
#12200=CARTESIAN_POINT('Ctrl Pts',(16.089038980496,-14.6554582965612,141.76319017598));
#12201=CARTESIAN_POINT('Ctrl Pts',(15.8105999801908,-13.9840813101527,141.106042782137));
#12202=CARTESIAN_POINT('Ctrl Pts',(15.529919514984,-13.4660493872065,140.554542937721));
#12203=CARTESIAN_POINT('Ctrl Pts',(15.2081193120006,-12.9889609666037,140.));
#12204=CARTESIAN_POINT('Origin',(0.,0.,142.));
#12205=CARTESIAN_POINT('Ctrl Pts',(17.0528032870818,-10.4499712943191,140.));
#12206=CARTESIAN_POINT('Ctrl Pts',(17.6059830698602,-10.6085930445259,140.554542937721));
#12207=CARTESIAN_POINT('Ctrl Pts',(18.185395739565,-10.7154553621384,141.106042782137));
#12208=CARTESIAN_POINT('Ctrl Pts',(18.9099555803706,-10.7727996893369,141.76319017598));
#12209=CARTESIAN_POINT('Ctrl Pts',(19.0423281214349,-10.7802812551776,141.881978268102));
#12210=CARTESIAN_POINT('Ctrl Pts',(19.1752206558891,-10.7847537198567,142.));
#12211=CARTESIAN_POINT('Ctrl Pts',(19.9959609504981,-9.17396019536584,142.));
#12212=CARTESIAN_POINT('Ctrl Pts',(19.9142303786739,-9.06907672534659,141.881978268102));
#12213=CARTESIAN_POINT('Ctrl Pts',(19.8303710373182,-8.96638264410217,141.76319017598));
#12214=CARTESIAN_POINT('Ctrl Pts',(19.3580929132547,-8.4139075692788,141.106042782137));
#12215=CARTESIAN_POINT('Ctrl Pts',(18.931069260004,-8.00796496704988,140.554542937721));
#12216=CARTESIAN_POINT('Ctrl Pts',(18.4775906502257,-7.65366864730184,140.));
#12217=CARTESIAN_POINT('Origin',(0.,0.,142.));
#12218=CARTESIAN_POINT('Ctrl Pts',(-2.54586287147322,-21.852198567642,142.));
#12219=CARTESIAN_POINT('Ctrl Pts',(-2.4713688995134,-21.7420574000631,141.881978268102));
#12220=CARTESIAN_POINT('Ctrl Pts',(-2.39961498597696,-21.6305682106883,
141.76319017598));
#12221=CARTESIAN_POINT('Ctrl Pts',(-2.02012193238268,-21.0106808362051,
141.106042782137));
#12222=CARTESIAN_POINT('Ctrl Pts',(-1.7660051411456,-20.4791140453393,140.554542937721));
#12223=CARTESIAN_POINT('Ctrl Pts',(-1.56918191455687,-19.9383466746625,
140.));
#12224=CARTESIAN_POINT('Ctrl Pts',(-4.66890727711828,-19.4473984079535,
140.));
#12225=CARTESIAN_POINT('Ctrl Pts',(-4.64882357245541,-20.022520461539,140.554542937721));
#12226=CARTESIAN_POINT('Ctrl Pts',(-4.57140731427227,-20.6065969288863,
141.106042782137));
#12227=CARTESIAN_POINT('Ctrl Pts',(-4.40204370607646,-21.3134146585656,
141.76319017598));
#12228=CARTESIAN_POINT('Ctrl Pts',(-4.36825373324386,-21.4416203573127,
141.881978268102));
#12229=CARTESIAN_POINT('Ctrl Pts',(-4.33144124834893,-21.5693907357649,
142.));
#12230=CARTESIAN_POINT('Origin',(0.,0.,142.));
#12231=CARTESIAN_POINT('Ctrl Pts',(-9.17396019536591,-19.995960950498,142.));
#12232=CARTESIAN_POINT('Ctrl Pts',(-9.06907672534666,-19.9142303786739,
141.881978268102));
#12233=CARTESIAN_POINT('Ctrl Pts',(-8.96638264410224,-19.8303710373182,
141.76319017598));
#12234=CARTESIAN_POINT('Ctrl Pts',(-8.41390756927887,-19.3580929132547,
141.106042782137));
#12235=CARTESIAN_POINT('Ctrl Pts',(-8.00796496704994,-18.931069260004,140.554542937721));
#12236=CARTESIAN_POINT('Ctrl Pts',(-7.65366864730191,-18.4775906502257,
140.));
#12237=CARTESIAN_POINT('Ctrl Pts',(-10.4499712943191,-17.0528032870817,
140.));
#12238=CARTESIAN_POINT('Ctrl Pts',(-10.6085930445259,-17.6059830698602,
140.554542937721));
#12239=CARTESIAN_POINT('Ctrl Pts',(-10.7154553621385,-18.185395739565,141.106042782137));
#12240=CARTESIAN_POINT('Ctrl Pts',(-10.772799689337,-18.9099555803705,141.76319017598));
#12241=CARTESIAN_POINT('Ctrl Pts',(-10.7802812551777,-19.0423281214348,
141.881978268102));
#12242=CARTESIAN_POINT('Ctrl Pts',(-10.7847537198568,-19.1752206558891,
142.));
#12243=CARTESIAN_POINT('Origin',(0.,0.,142.));
#12244=CARTESIAN_POINT('Ctrl Pts',(-19.1752206558893,-10.7847537198564,
142.));
#12245=CARTESIAN_POINT('Ctrl Pts',(-19.042328121435,-10.7802812551773,141.881978268102));
#12246=CARTESIAN_POINT('Ctrl Pts',(-18.9099555803707,-10.7727996893366,
141.76319017598));
#12247=CARTESIAN_POINT('Ctrl Pts',(-18.1853957395652,-10.7154553621381,
141.106042782137));
#12248=CARTESIAN_POINT('Ctrl Pts',(-17.6059830698604,-10.6085930445256,
140.554542937721));
#12249=CARTESIAN_POINT('Ctrl Pts',(-17.0528032870819,-10.4499712943188,
140.));
#12250=CARTESIAN_POINT('Ctrl Pts',(-18.4775906502258,-7.65366864730159,
140.));
#12251=CARTESIAN_POINT('Ctrl Pts',(-18.9310692600041,-8.00796496704961,
140.554542937721));
#12252=CARTESIAN_POINT('Ctrl Pts',(-19.3580929132548,-8.41390756927853,
141.106042782137));
#12253=CARTESIAN_POINT('Ctrl Pts',(-19.8303710373183,-8.96638264410189,
141.76319017598));
#12254=CARTESIAN_POINT('Ctrl Pts',(-19.9142303786741,-9.06907672534632,
141.881978268102));
#12255=CARTESIAN_POINT('Ctrl Pts',(-19.9959609504982,-9.17396019536557,
142.));
#12256=CARTESIAN_POINT('Origin',(0.,0.,142.));
#12257=CARTESIAN_POINT('Ctrl Pts',(-15.2081193120007,-12.9889609666035,
140.));
#12258=CARTESIAN_POINT('Ctrl Pts',(-15.5299195149842,-13.4660493872063,
140.554542937721));
#12259=CARTESIAN_POINT('Ctrl Pts',(-15.810599980191,-13.9840813101524,141.106042782137));
#12260=CARTESIAN_POINT('Ctrl Pts',(-16.0890389804962,-14.655458296561,141.76319017598));
#12261=CARTESIAN_POINT('Ctrl Pts',(-16.1370597372186,-14.7790401333295,
141.881978268102));
#12262=CARTESIAN_POINT('Ctrl Pts',(-16.1823793554675,-14.9040463765965,
142.));
#12263=CARTESIAN_POINT('Ctrl Pts',(-14.9040463765968,-16.1823793554672,
142.));
#12264=CARTESIAN_POINT('Ctrl Pts',(-14.7790401333298,-16.1370597372183,
141.881978268102));
#12265=CARTESIAN_POINT('Ctrl Pts',(-14.6554582965613,-16.0890389804959,
141.76319017598));
#12266=CARTESIAN_POINT('Ctrl Pts',(-13.9840813101527,-15.8105999801907,
141.106042782137));
#12267=CARTESIAN_POINT('Ctrl Pts',(-13.4660493872066,-15.529919514984,140.554542937721));
#12268=CARTESIAN_POINT('Ctrl Pts',(-12.9889609666038,-15.2081193120005,
140.));
#12269=CARTESIAN_POINT('Origin',(0.,0.,142.));
#12270=CARTESIAN_POINT('Ctrl Pts',(-21.569390735765,-4.33144124834855,142.));
#12271=CARTESIAN_POINT('Ctrl Pts',(-21.4416203573127,-4.36825373324349,
141.881978268102));
#12272=CARTESIAN_POINT('Ctrl Pts',(-21.3134146585656,-4.40204370607609,
141.76319017598));
#12273=CARTESIAN_POINT('Ctrl Pts',(-20.6065969288864,-4.57140731427191,
141.106042782137));
#12274=CARTESIAN_POINT('Ctrl Pts',(-20.0225204615391,-4.64882357245506,
140.554542937721));
#12275=CARTESIAN_POINT('Ctrl Pts',(-19.4473984079536,-4.66890727711795,
140.));
#12276=CARTESIAN_POINT('Ctrl Pts',(-19.9383466746626,-1.56918191455666,
140.));
#12277=CARTESIAN_POINT('Ctrl Pts',(-20.4791140453393,-1.76600514114539,
140.554542937721));
#12278=CARTESIAN_POINT('Ctrl Pts',(-21.0106808362051,-2.02012193238246,
141.106042782137));
#12279=CARTESIAN_POINT('Ctrl Pts',(-21.6305682106883,-2.39961498597674,
141.76319017598));
#12280=CARTESIAN_POINT('Ctrl Pts',(-21.7420574000632,-2.47136889951318,
141.881978268102));
#12281=CARTESIAN_POINT('Ctrl Pts',(-21.852198567642,-2.54586287147299,142.));
#12282=CARTESIAN_POINT('Origin',(0.,0.,142.));
#12283=CARTESIAN_POINT('Ctrl Pts',(-21.8521985676419,2.54586287147345,142.));
#12284=CARTESIAN_POINT('Ctrl Pts',(-21.7420574000631,2.47136889951363,141.881978268102));
#12285=CARTESIAN_POINT('Ctrl Pts',(-21.6305682106883,2.39961498597719,141.76319017598));
#12286=CARTESIAN_POINT('Ctrl Pts',(-21.0106808362051,2.0201219323829,141.106042782137));
#12287=CARTESIAN_POINT('Ctrl Pts',(-20.4791140453393,1.76600514114582,140.554542937721));
#12288=CARTESIAN_POINT('Ctrl Pts',(-19.9383466746625,1.56918191455708,140.));
#12289=CARTESIAN_POINT('Ctrl Pts',(-19.4473984079535,4.66890727711835,140.));
#12290=CARTESIAN_POINT('Ctrl Pts',(-20.022520461539,4.64882357245548,140.554542937721));
#12291=CARTESIAN_POINT('Ctrl Pts',(-20.6065969288863,4.57140731427234,141.106042782137));
#12292=CARTESIAN_POINT('Ctrl Pts',(-21.3134146585655,4.40204370607653,141.76319017598));
#12293=CARTESIAN_POINT('Ctrl Pts',(-21.4416203573126,4.36825373324394,141.881978268102));
#12294=CARTESIAN_POINT('Ctrl Pts',(-21.5693907357649,4.331441248349,142.));
#12295=CARTESIAN_POINT('Origin',(0.,0.,142.));
#12296=CARTESIAN_POINT('Ctrl Pts',(-19.995960950498,9.17396019536598,142.));
#12297=CARTESIAN_POINT('Ctrl Pts',(-19.9142303786739,9.06907672534673,141.881978268102));
#12298=CARTESIAN_POINT('Ctrl Pts',(-19.8303710373181,8.96638264410231,141.76319017598));
#12299=CARTESIAN_POINT('Ctrl Pts',(-19.3580929132547,8.41390756927894,141.106042782137));
#12300=CARTESIAN_POINT('Ctrl Pts',(-18.9310692600039,8.00796496705,140.554542937721));
#12301=CARTESIAN_POINT('Ctrl Pts',(-18.4775906502256,7.65366864730197,140.));
#12302=CARTESIAN_POINT('Ctrl Pts',(-17.0528032870817,10.4499712943192,140.));
#12303=CARTESIAN_POINT('Ctrl Pts',(-17.6059830698601,10.608593044526,140.554542937721));
#12304=CARTESIAN_POINT('Ctrl Pts',(-18.1853957395649,10.7154553621385,141.106042782137));
#12305=CARTESIAN_POINT('Ctrl Pts',(-18.9099555803705,10.772799689337,141.76319017598));
#12306=CARTESIAN_POINT('Ctrl Pts',(-19.0423281214348,10.7802812551777,141.881978268102));
#12307=CARTESIAN_POINT('Ctrl Pts',(-19.175220655889,10.7847537198569,142.));
#12308=CARTESIAN_POINT('Origin',(0.,0.,142.));
#12309=CARTESIAN_POINT('Ctrl Pts',(-16.1823793554671,14.9040463765969,142.));
#12310=CARTESIAN_POINT('Ctrl Pts',(-16.1370597372182,14.7790401333298,141.881978268102));
#12311=CARTESIAN_POINT('Ctrl Pts',(-16.0890389804959,14.6554582965613,141.76319017598));
#12312=CARTESIAN_POINT('Ctrl Pts',(-15.8105999801907,13.9840813101528,141.106042782137));
#12313=CARTESIAN_POINT('Ctrl Pts',(-15.5299195149839,13.4660493872066,140.554542937721));
#12314=CARTESIAN_POINT('Ctrl Pts',(-15.2081193120005,12.9889609666038,140.));
#12315=CARTESIAN_POINT('Ctrl Pts',(-12.9889609666034,15.2081193120008,140.));
#12316=CARTESIAN_POINT('Ctrl Pts',(-13.4660493872062,15.5299195149843,140.554542937721));
#12317=CARTESIAN_POINT('Ctrl Pts',(-13.9840813101524,15.810599980191,141.106042782137));
#12318=CARTESIAN_POINT('Ctrl Pts',(-14.6554582965609,16.0890389804963,141.76319017598));
#12319=CARTESIAN_POINT('Ctrl Pts',(-14.7790401333294,16.1370597372186,141.881978268102));
#12320=CARTESIAN_POINT('Ctrl Pts',(-14.9040463765965,16.1823793554675,142.));
#12321=CARTESIAN_POINT('Origin',(0.,0.,142.));
#12322=CARTESIAN_POINT('Ctrl Pts',(-10.7847537198564,19.1752206558893,142.));
#12323=CARTESIAN_POINT('Ctrl Pts',(-10.7802812551772,19.0423281214351,141.881978268102));
#12324=CARTESIAN_POINT('Ctrl Pts',(-10.7727996893366,18.9099555803708,141.76319017598));
#12325=CARTESIAN_POINT('Ctrl Pts',(-10.7154553621381,18.1853957395652,141.106042782137));
#12326=CARTESIAN_POINT('Ctrl Pts',(-10.6085930445255,17.6059830698604,140.554542937721));
#12327=CARTESIAN_POINT('Ctrl Pts',(-10.4499712943188,17.052803287082,140.));
#12328=CARTESIAN_POINT('Ctrl Pts',(-7.65366864730152,18.4775906502258,140.));
#12329=CARTESIAN_POINT('Ctrl Pts',(-8.00796496704954,18.9310692600041,140.554542937721));
#12330=CARTESIAN_POINT('Ctrl Pts',(-8.41390756927846,19.3580929132549,141.106042782137));
#12331=CARTESIAN_POINT('Ctrl Pts',(-8.96638264410182,19.8303710373184,141.76319017598));
#12332=CARTESIAN_POINT('Ctrl Pts',(-9.06907672534625,19.9142303786741,141.881978268102));
#12333=CARTESIAN_POINT('Ctrl Pts',(-9.1739601953655,19.9959609504982,142.));
#12334=CARTESIAN_POINT('Origin',(0.,0.,142.));
#12335=CARTESIAN_POINT('Ctrl Pts',(-4.33144124834847,21.569390735765,142.));
#12336=CARTESIAN_POINT('Ctrl Pts',(-4.36825373324341,21.4416203573127,141.881978268102));
#12337=CARTESIAN_POINT('Ctrl Pts',(-4.40204370607601,21.3134146585657,141.76319017598));
#12338=CARTESIAN_POINT('Ctrl Pts',(-4.57140731427183,20.6065969288864,141.106042782137));
#12339=CARTESIAN_POINT('Ctrl Pts',(-4.64882357245499,20.0225204615391,140.554542937721));
#12340=CARTESIAN_POINT('Ctrl Pts',(-4.66890727711788,19.4473984079536,140.));
#12341=CARTESIAN_POINT('Ctrl Pts',(-1.56918191455687,19.9383466746625,140.));
#12342=CARTESIAN_POINT('Ctrl Pts',(-1.7660051411456,20.4791140453393,140.554542937721));
#12343=CARTESIAN_POINT('Ctrl Pts',(-2.02012193238268,21.0106808362051,141.106042782137));
#12344=CARTESIAN_POINT('Ctrl Pts',(-2.39961498597697,21.6305682106883,141.76319017598));
#12345=CARTESIAN_POINT('Ctrl Pts',(-2.47136889951341,21.7420574000632,141.881978268102));
#12346=CARTESIAN_POINT('Ctrl Pts',(-2.54586287147322,21.852198567642,142.));
#12347=CARTESIAN_POINT('Origin',(0.,0.,142.));
#12348=CARTESIAN_POINT('Ctrl Pts',(10.449971294319,17.0528032870818,140.));
#12349=CARTESIAN_POINT('Ctrl Pts',(10.6085930445258,17.6059830698602,140.554542937721));
#12350=CARTESIAN_POINT('Ctrl Pts',(10.7154553621383,18.1853957395651,141.106042782137));
#12351=CARTESIAN_POINT('Ctrl Pts',(10.7727996893368,18.9099555803706,141.76319017598));
#12352=CARTESIAN_POINT('Ctrl Pts',(10.7802812551775,19.0423281214349,141.881978268102));
#12353=CARTESIAN_POINT('Ctrl Pts',(10.7847537198566,19.1752206558892,142.));
#12354=CARTESIAN_POINT('Ctrl Pts',(9.17396019536577,19.9959609504981,142.));
#12355=CARTESIAN_POINT('Ctrl Pts',(9.06907672534652,19.914230378674,141.881978268102));
#12356=CARTESIAN_POINT('Ctrl Pts',(8.9663826441021,19.8303710373182,141.76319017598));
#12357=CARTESIAN_POINT('Ctrl Pts',(8.41390756927873,19.3580929132548,141.106042782137));
#12358=CARTESIAN_POINT('Ctrl Pts',(8.00796496704981,18.931069260004,140.554542937721));
#12359=CARTESIAN_POINT('Ctrl Pts',(7.65366864730178,18.4775906502257,140.));
#12360=CARTESIAN_POINT('Origin',(0.,0.,160.));
#12361=CARTESIAN_POINT('Ctrl Pts',(17.0528032870819,10.449971294319,160.));
#12362=CARTESIAN_POINT('Ctrl Pts',(17.6059830698603,10.6085930445257,159.445457062279));
#12363=CARTESIAN_POINT('Ctrl Pts',(18.1853957395651,10.7154553621383,158.893957217863));
#12364=CARTESIAN_POINT('Ctrl Pts',(18.9099555803706,10.7727996893368,158.23680982402));
#12365=CARTESIAN_POINT('Ctrl Pts',(19.042328121435,10.7802812551775,158.118021731898));
#12366=CARTESIAN_POINT('Ctrl Pts',(19.1752206558892,10.7847537198566,158.));
#12367=CARTESIAN_POINT('Ctrl Pts',(19.9959609504981,9.1739601953657,158.));
#12368=CARTESIAN_POINT('Ctrl Pts',(19.914230378674,9.06907672534645,158.118021731898));
#12369=CARTESIAN_POINT('Ctrl Pts',(19.8303710373183,8.96638264410203,158.23680982402));
#12370=CARTESIAN_POINT('Ctrl Pts',(19.3580929132548,8.41390756927867,158.893957217863));
#12371=CARTESIAN_POINT('Ctrl Pts',(18.9310692600041,8.00796496704976,159.445457062279));
#12372=CARTESIAN_POINT('Ctrl Pts',(18.4775906502258,7.65366864730173,160.));
#12373=CARTESIAN_POINT('Origin',(0.,0.,160.));
#12374=CARTESIAN_POINT('Ctrl Pts',(16.1823793554673,14.9040463765967,158.));
#12375=CARTESIAN_POINT('Ctrl Pts',(16.1370597372185,14.7790401333296,158.118021731898));
#12376=CARTESIAN_POINT('Ctrl Pts',(16.0890389804961,14.6554582965611,158.23680982402));
#12377=CARTESIAN_POINT('Ctrl Pts',(15.8105999801909,13.9840813101526,158.893957217863));
#12378=CARTESIAN_POINT('Ctrl Pts',(15.5299195149841,13.4660493872064,159.445457062279));
#12379=CARTESIAN_POINT('Ctrl Pts',(15.2081193120007,12.9889609666036,160.));
#12380=CARTESIAN_POINT('Ctrl Pts',(12.9889609666037,15.2081193120006,160.));
#12381=CARTESIAN_POINT('Ctrl Pts',(13.4660493872065,15.5299195149841,159.445457062279));
#12382=CARTESIAN_POINT('Ctrl Pts',(13.9840813101526,15.8105999801908,158.893957217863));
#12383=CARTESIAN_POINT('Ctrl Pts',(14.6554582965612,16.089038980496,158.23680982402));
#12384=CARTESIAN_POINT('Ctrl Pts',(14.7790401333296,16.1370597372184,158.118021731898));
#12385=CARTESIAN_POINT('Ctrl Pts',(14.9040463765967,16.1823793554673,158.));
#12386=CARTESIAN_POINT('Origin',(0.,0.,160.));
#12387=CARTESIAN_POINT('Ctrl Pts',(19.4473984079535,4.66890727711807,160.));
#12388=CARTESIAN_POINT('Ctrl Pts',(20.0225204615391,4.64882357245519,159.445457062279));
#12389=CARTESIAN_POINT('Ctrl Pts',(20.6065969288864,4.57140731427205,158.893957217863));
#12390=CARTESIAN_POINT('Ctrl Pts',(21.3134146585656,4.40204370607623,158.23680982402));
#12391=CARTESIAN_POINT('Ctrl Pts',(21.4416203573127,4.36825373324363,158.118021731898));
#12392=CARTESIAN_POINT('Ctrl Pts',(21.569390735765,4.3314412483487,158.));
#12393=CARTESIAN_POINT('Ctrl Pts',(21.852198567642,2.54586287147315,158.));
#12394=CARTESIAN_POINT('Ctrl Pts',(21.7420574000632,2.47136889951333,158.118021731898));
#12395=CARTESIAN_POINT('Ctrl Pts',(21.6305682106883,2.39961498597689,158.23680982402));
#12396=CARTESIAN_POINT('Ctrl Pts',(21.0106808362051,2.02012193238261,158.893957217863));
#12397=CARTESIAN_POINT('Ctrl Pts',(20.4791140453393,1.76600514114554,159.445457062279));
#12398=CARTESIAN_POINT('Ctrl Pts',(19.9383466746626,1.56918191455681,160.));
#12399=CARTESIAN_POINT('Origin',(0.,0.,160.));
#12400=CARTESIAN_POINT('Ctrl Pts',(19.9383466746626,-1.56918191455694,160.));
#12401=CARTESIAN_POINT('Ctrl Pts',(20.4791140453393,-1.76600514114568,159.445457062279));
#12402=CARTESIAN_POINT('Ctrl Pts',(21.0106808362051,-2.02012193238276,158.893957217863));
#12403=CARTESIAN_POINT('Ctrl Pts',(21.6305682106883,-2.39961498597704,158.23680982402));
#12404=CARTESIAN_POINT('Ctrl Pts',(21.7420574000631,-2.47136889951348,158.118021731898));
#12405=CARTESIAN_POINT('Ctrl Pts',(21.852198567642,-2.5458628714733,158.));
#12406=CARTESIAN_POINT('Ctrl Pts',(21.5693907357649,-4.33144124834885,158.));
#12407=CARTESIAN_POINT('Ctrl Pts',(21.4416203573127,-4.36825373324378,158.118021731898));
#12408=CARTESIAN_POINT('Ctrl Pts',(21.3134146585656,-4.40204370607638,158.23680982402));
#12409=CARTESIAN_POINT('Ctrl Pts',(20.6065969288864,-4.57140731427219,158.893957217863));
#12410=CARTESIAN_POINT('Ctrl Pts',(20.0225204615391,-4.64882357245534,159.445457062279));
#12411=CARTESIAN_POINT('Ctrl Pts',(19.4473984079535,-4.66890727711822,160.));
#12412=CARTESIAN_POINT('Origin',(0.,0.,160.));
#12413=CARTESIAN_POINT('Ctrl Pts',(2.54586287147322,-21.852198567642,158.));
#12414=CARTESIAN_POINT('Ctrl Pts',(2.47136889951341,-21.7420574000632,158.118021731898));
#12415=CARTESIAN_POINT('Ctrl Pts',(2.39961498597697,-21.6305682106883,158.23680982402));
#12416=CARTESIAN_POINT('Ctrl Pts',(2.02012193238269,-21.0106808362051,158.893957217863));
#12417=CARTESIAN_POINT('Ctrl Pts',(1.76600514114562,-20.4791140453393,159.445457062279));
#12418=CARTESIAN_POINT('Ctrl Pts',(1.56918191455688,-19.9383466746626,160.));
#12419=CARTESIAN_POINT('Origin',(0.,0.,160.));
#12420=CARTESIAN_POINT('Ctrl Pts',(9.17396019536563,-19.9959609504982,158.));
#12421=CARTESIAN_POINT('Ctrl Pts',(9.06907672534638,-19.914230378674,158.118021731898));
#12422=CARTESIAN_POINT('Ctrl Pts',(8.96638264410195,-19.8303710373183,158.23680982402));
#12423=CARTESIAN_POINT('Ctrl Pts',(8.41390756927859,-19.3580929132548,158.893957217863));
#12424=CARTESIAN_POINT('Ctrl Pts',(8.00796496704968,-18.9310692600041,159.445457062279));
#12425=CARTESIAN_POINT('Ctrl Pts',(7.65366864730166,-18.4775906502258,160.));
#12426=CARTESIAN_POINT('Ctrl Pts',(10.4499712943189,-17.0528032870819,160.));
#12427=CARTESIAN_POINT('Ctrl Pts',(10.6085930445257,-17.6059830698603,159.445457062279));
#12428=CARTESIAN_POINT('Ctrl Pts',(10.7154553621382,-18.1853957395651,158.893957217863));
#12429=CARTESIAN_POINT('Ctrl Pts',(10.7727996893367,-18.9099555803707,158.23680982402));
#12430=CARTESIAN_POINT('Ctrl Pts',(10.7802812551774,-19.042328121435,158.118021731898));
#12431=CARTESIAN_POINT('Ctrl Pts',(10.7847537198565,-19.1752206558892,158.));
#12432=CARTESIAN_POINT('Origin',(0.,0.,160.));
#12433=CARTESIAN_POINT('Ctrl Pts',(14.9040463765966,-16.1823793554674,158.));
#12434=CARTESIAN_POINT('Ctrl Pts',(14.7790401333295,-16.1370597372185,158.118021731898));
#12435=CARTESIAN_POINT('Ctrl Pts',(14.6554582965611,-16.0890389804962,158.23680982402));
#12436=CARTESIAN_POINT('Ctrl Pts',(13.9840813101525,-15.8105999801909,158.893957217863));
#12437=CARTESIAN_POINT('Ctrl Pts',(13.4660493872063,-15.5299195149842,159.445457062279));
#12438=CARTESIAN_POINT('Ctrl Pts',(12.9889609666036,-15.2081193120007,160.));
#12439=CARTESIAN_POINT('Ctrl Pts',(15.2081193120006,-12.9889609666037,160.));
#12440=CARTESIAN_POINT('Ctrl Pts',(15.529919514984,-13.4660493872065,159.445457062279));
#12441=CARTESIAN_POINT('Ctrl Pts',(15.8105999801908,-13.9840813101527,158.893957217863));
#12442=CARTESIAN_POINT('Ctrl Pts',(16.089038980496,-14.6554582965612,158.23680982402));
#12443=CARTESIAN_POINT('Ctrl Pts',(16.1370597372183,-14.7790401333297,158.118021731898));
#12444=CARTESIAN_POINT('Ctrl Pts',(16.1823793554672,-14.9040463765968,158.));
#12445=CARTESIAN_POINT('Origin',(0.,0.,160.));
#12446=CARTESIAN_POINT('Ctrl Pts',(19.1752206558891,-10.7847537198567,158.));
#12447=CARTESIAN_POINT('Ctrl Pts',(19.0423281214349,-10.7802812551776,158.118021731898));
#12448=CARTESIAN_POINT('Ctrl Pts',(18.9099555803706,-10.7727996893369,158.23680982402));
#12449=CARTESIAN_POINT('Ctrl Pts',(18.185395739565,-10.7154553621384,158.893957217863));
#12450=CARTESIAN_POINT('Ctrl Pts',(17.6059830698602,-10.6085930445259,159.445457062279));
#12451=CARTESIAN_POINT('Ctrl Pts',(17.0528032870818,-10.4499712943191,160.));
#12452=CARTESIAN_POINT('Ctrl Pts',(18.4775906502257,-7.65366864730186,160.));
#12453=CARTESIAN_POINT('Ctrl Pts',(18.931069260004,-8.00796496704989,159.445457062279));
#12454=CARTESIAN_POINT('Ctrl Pts',(19.3580929132547,-8.41390756927881,158.893957217863));
#12455=CARTESIAN_POINT('Ctrl Pts',(19.8303710373182,-8.96638264410217,158.23680982402));
#12456=CARTESIAN_POINT('Ctrl Pts',(19.9142303786739,-9.0690767253466,158.118021731898));
#12457=CARTESIAN_POINT('Ctrl Pts',(19.9959609504981,-9.17396019536585,158.));
#12458=CARTESIAN_POINT('Origin',(0.,0.,160.));
#12459=CARTESIAN_POINT('Ctrl Pts',(-1.56918191455688,-19.9383466746626,
160.));
#12460=CARTESIAN_POINT('Ctrl Pts',(-1.76600514114561,-20.4791140453393,
159.445457062279));
#12461=CARTESIAN_POINT('Ctrl Pts',(-2.02012193238268,-21.0106808362051,
158.893957217863));
#12462=CARTESIAN_POINT('Ctrl Pts',(-2.39961498597696,-21.6305682106883,
158.23680982402));
#12463=CARTESIAN_POINT('Ctrl Pts',(-2.4713688995134,-21.7420574000631,158.118021731898));
#12464=CARTESIAN_POINT('Ctrl Pts',(-2.54586287147322,-21.852198567642,158.));
#12465=CARTESIAN_POINT('Ctrl Pts',(-4.33144124834893,-21.5693907357649,
158.));
#12466=CARTESIAN_POINT('Ctrl Pts',(-4.36825373324386,-21.4416203573126,
158.118021731898));
#12467=CARTESIAN_POINT('Ctrl Pts',(-4.40204370607646,-21.3134146585656,
158.23680982402));
#12468=CARTESIAN_POINT('Ctrl Pts',(-4.57140731427226,-20.6065969288864,
158.893957217863));
#12469=CARTESIAN_POINT('Ctrl Pts',(-4.6488235724554,-20.0225204615391,159.445457062279));
#12470=CARTESIAN_POINT('Ctrl Pts',(-4.66890727711828,-19.4473984079535,
160.));
#12471=CARTESIAN_POINT('Origin',(0.,0.,160.));
#12472=CARTESIAN_POINT('Ctrl Pts',(-7.65366864730192,-18.4775906502257,
160.));
#12473=CARTESIAN_POINT('Ctrl Pts',(-8.00796496704996,-18.931069260004,159.445457062279));
#12474=CARTESIAN_POINT('Ctrl Pts',(-8.41390756927887,-19.3580929132547,
158.893957217863));
#12475=CARTESIAN_POINT('Ctrl Pts',(-8.96638264410224,-19.8303710373182,
158.23680982402));
#12476=CARTESIAN_POINT('Ctrl Pts',(-9.06907672534667,-19.9142303786739,
158.118021731898));
#12477=CARTESIAN_POINT('Ctrl Pts',(-9.17396019536592,-19.995960950498,158.));
#12478=CARTESIAN_POINT('Ctrl Pts',(-10.7847537198568,-19.1752206558891,
158.));
#12479=CARTESIAN_POINT('Ctrl Pts',(-10.7802812551777,-19.0423281214348,
158.118021731898));
#12480=CARTESIAN_POINT('Ctrl Pts',(-10.772799689337,-18.9099555803705,158.23680982402));
#12481=CARTESIAN_POINT('Ctrl Pts',(-10.7154553621385,-18.185395739565,158.893957217863));
#12482=CARTESIAN_POINT('Ctrl Pts',(-10.6085930445259,-17.6059830698602,
159.445457062279));
#12483=CARTESIAN_POINT('Ctrl Pts',(-10.4499712943191,-17.0528032870818,
160.));
#12484=CARTESIAN_POINT('Origin',(0.,0.,160.));
#12485=CARTESIAN_POINT('Ctrl Pts',(-17.0528032870819,-10.4499712943188,
160.));
#12486=CARTESIAN_POINT('Ctrl Pts',(-17.6059830698604,-10.6085930445256,
159.445457062279));
#12487=CARTESIAN_POINT('Ctrl Pts',(-18.1853957395652,-10.7154553621381,
158.893957217863));
#12488=CARTESIAN_POINT('Ctrl Pts',(-18.9099555803707,-10.7727996893366,
158.23680982402));
#12489=CARTESIAN_POINT('Ctrl Pts',(-19.042328121435,-10.7802812551773,158.118021731898));
#12490=CARTESIAN_POINT('Ctrl Pts',(-19.1752206558893,-10.7847537198564,
158.));
#12491=CARTESIAN_POINT('Ctrl Pts',(-19.9959609504982,-9.17396019536557,
158.));
#12492=CARTESIAN_POINT('Ctrl Pts',(-19.9142303786741,-9.06907672534632,
158.118021731898));
#12493=CARTESIAN_POINT('Ctrl Pts',(-19.8303710373183,-8.96638264410189,
158.23680982402));
#12494=CARTESIAN_POINT('Ctrl Pts',(-19.3580929132548,-8.41390756927854,
158.893957217863));
#12495=CARTESIAN_POINT('Ctrl Pts',(-18.9310692600041,-8.00796496704962,
159.445457062279));
#12496=CARTESIAN_POINT('Ctrl Pts',(-18.4775906502258,-7.6536686473016,160.));
#12497=CARTESIAN_POINT('Origin',(0.,0.,160.));
#12498=CARTESIAN_POINT('Ctrl Pts',(-16.1823793554675,-14.9040463765965,
158.));
#12499=CARTESIAN_POINT('Ctrl Pts',(-16.1370597372186,-14.7790401333295,
158.118021731898));
#12500=CARTESIAN_POINT('Ctrl Pts',(-16.0890389804962,-14.655458296561,158.23680982402));
#12501=CARTESIAN_POINT('Ctrl Pts',(-15.810599980191,-13.9840813101524,158.893957217863));
#12502=CARTESIAN_POINT('Ctrl Pts',(-15.5299195149842,-13.4660493872063,
159.445457062279));
#12503=CARTESIAN_POINT('Ctrl Pts',(-15.2081193120008,-12.9889609666035,
160.));
#12504=CARTESIAN_POINT('Ctrl Pts',(-12.9889609666038,-15.2081193120005,
160.));
#12505=CARTESIAN_POINT('Ctrl Pts',(-13.4660493872066,-15.529919514984,159.445457062279));
#12506=CARTESIAN_POINT('Ctrl Pts',(-13.9840813101527,-15.8105999801907,
158.893957217863));
#12507=CARTESIAN_POINT('Ctrl Pts',(-14.6554582965613,-16.0890389804959,
158.23680982402));
#12508=CARTESIAN_POINT('Ctrl Pts',(-14.7790401333298,-16.1370597372183,
158.118021731898));
#12509=CARTESIAN_POINT('Ctrl Pts',(-14.9040463765968,-16.1823793554672,
158.));
#12510=CARTESIAN_POINT('Origin',(0.,0.,160.));
#12511=CARTESIAN_POINT('Ctrl Pts',(-19.4473984079536,-4.66890727711794,
160.));
#12512=CARTESIAN_POINT('Ctrl Pts',(-20.0225204615391,-4.64882357245506,
159.445457062279));
#12513=CARTESIAN_POINT('Ctrl Pts',(-20.6065969288864,-4.5714073142719,158.893957217863));
#12514=CARTESIAN_POINT('Ctrl Pts',(-21.3134146585656,-4.40204370607609,
158.23680982402));
#12515=CARTESIAN_POINT('Ctrl Pts',(-21.4416203573127,-4.36825373324349,
158.118021731898));
#12516=CARTESIAN_POINT('Ctrl Pts',(-21.569390735765,-4.33144124834855,158.));
#12517=CARTESIAN_POINT('Ctrl Pts',(-21.852198567642,-2.54586287147299,158.));
#12518=CARTESIAN_POINT('Ctrl Pts',(-21.7420574000632,-2.47136889951318,
158.118021731898));
#12519=CARTESIAN_POINT('Ctrl Pts',(-21.6305682106883,-2.39961498597674,
158.23680982402));
#12520=CARTESIAN_POINT('Ctrl Pts',(-21.0106808362051,-2.02012193238246,
158.893957217863));
#12521=CARTESIAN_POINT('Ctrl Pts',(-20.4791140453393,-1.7660051411454,159.445457062279));
#12522=CARTESIAN_POINT('Ctrl Pts',(-19.9383466746626,-1.56918191455667,
160.));
#12523=CARTESIAN_POINT('Origin',(0.,0.,160.));
#12524=CARTESIAN_POINT('Ctrl Pts',(-19.9383466746626,1.56918191455709,160.));
#12525=CARTESIAN_POINT('Ctrl Pts',(-20.4791140453393,1.76600514114583,159.445457062279));
#12526=CARTESIAN_POINT('Ctrl Pts',(-21.0106808362051,2.02012193238291,158.893957217863));
#12527=CARTESIAN_POINT('Ctrl Pts',(-21.6305682106883,2.39961498597719,158.23680982402));
#12528=CARTESIAN_POINT('Ctrl Pts',(-21.7420574000631,2.47136889951363,158.118021731898));
#12529=CARTESIAN_POINT('Ctrl Pts',(-21.8521985676419,2.54586287147345,158.));
#12530=CARTESIAN_POINT('Ctrl Pts',(-21.5693907357649,4.331441248349,158.));
#12531=CARTESIAN_POINT('Ctrl Pts',(-21.4416203573126,4.36825373324394,158.118021731898));
#12532=CARTESIAN_POINT('Ctrl Pts',(-21.3134146585655,4.40204370607653,158.23680982402));
#12533=CARTESIAN_POINT('Ctrl Pts',(-20.6065969288863,4.57140731427234,158.893957217863));
#12534=CARTESIAN_POINT('Ctrl Pts',(-20.022520461539,4.64882357245548,159.445457062279));
#12535=CARTESIAN_POINT('Ctrl Pts',(-19.4473984079535,4.66890727711835,160.));
#12536=CARTESIAN_POINT('Origin',(0.,0.,160.));
#12537=CARTESIAN_POINT('Ctrl Pts',(-18.4775906502257,7.65366864730199,160.));
#12538=CARTESIAN_POINT('Ctrl Pts',(-18.9310692600039,8.00796496705002,159.445457062279));
#12539=CARTESIAN_POINT('Ctrl Pts',(-19.3580929132547,8.41390756927894,158.893957217863));
#12540=CARTESIAN_POINT('Ctrl Pts',(-19.8303710373181,8.96638264410231,158.23680982402));
#12541=CARTESIAN_POINT('Ctrl Pts',(-19.9142303786739,9.06907672534674,158.118021731898));
#12542=CARTESIAN_POINT('Ctrl Pts',(-19.995960950498,9.17396019536599,158.));
#12543=CARTESIAN_POINT('Ctrl Pts',(-19.175220655889,10.7847537198569,158.));
#12544=CARTESIAN_POINT('Ctrl Pts',(-19.0423281214348,10.7802812551777,158.118021731898));
#12545=CARTESIAN_POINT('Ctrl Pts',(-18.9099555803705,10.772799689337,158.23680982402));
#12546=CARTESIAN_POINT('Ctrl Pts',(-18.1853957395649,10.7154553621385,158.893957217863));
#12547=CARTESIAN_POINT('Ctrl Pts',(-17.6059830698601,10.608593044526,159.445457062279));
#12548=CARTESIAN_POINT('Ctrl Pts',(-17.0528032870817,10.4499712943192,160.));
#12549=CARTESIAN_POINT('Origin',(0.,0.,160.));
#12550=CARTESIAN_POINT('Ctrl Pts',(-15.2081193120005,12.9889609666038,160.));
#12551=CARTESIAN_POINT('Ctrl Pts',(-15.5299195149839,13.4660493872066,159.445457062279));
#12552=CARTESIAN_POINT('Ctrl Pts',(-15.8105999801907,13.9840813101528,158.893957217863));
#12553=CARTESIAN_POINT('Ctrl Pts',(-16.0890389804959,14.6554582965613,158.23680982402));
#12554=CARTESIAN_POINT('Ctrl Pts',(-16.1370597372182,14.7790401333298,158.118021731898));
#12555=CARTESIAN_POINT('Ctrl Pts',(-16.1823793554671,14.9040463765969,158.));
#12556=CARTESIAN_POINT('Ctrl Pts',(-14.9040463765965,16.1823793554675,158.));
#12557=CARTESIAN_POINT('Ctrl Pts',(-14.7790401333294,16.1370597372186,158.118021731898));
#12558=CARTESIAN_POINT('Ctrl Pts',(-14.6554582965609,16.0890389804963,158.23680982402));
#12559=CARTESIAN_POINT('Ctrl Pts',(-13.9840813101524,15.810599980191,158.893957217863));
#12560=CARTESIAN_POINT('Ctrl Pts',(-13.4660493872062,15.5299195149843,159.445457062279));
#12561=CARTESIAN_POINT('Ctrl Pts',(-12.9889609666035,15.2081193120008,160.));
#12562=CARTESIAN_POINT('Origin',(0.,0.,160.));
#12563=CARTESIAN_POINT('Ctrl Pts',(-10.4499712943188,17.052803287082,160.));
#12564=CARTESIAN_POINT('Ctrl Pts',(-10.6085930445255,17.6059830698604,159.445457062279));
#12565=CARTESIAN_POINT('Ctrl Pts',(-10.7154553621381,18.1853957395652,158.893957217863));
#12566=CARTESIAN_POINT('Ctrl Pts',(-10.7727996893366,18.9099555803708,158.23680982402));
#12567=CARTESIAN_POINT('Ctrl Pts',(-10.7802812551772,19.0423281214351,158.118021731898));
#12568=CARTESIAN_POINT('Ctrl Pts',(-10.7847537198564,19.1752206558893,158.));
#12569=CARTESIAN_POINT('Ctrl Pts',(-9.17396019536548,19.9959609504982,158.));
#12570=CARTESIAN_POINT('Ctrl Pts',(-9.06907672534624,19.9142303786741,158.118021731898));
#12571=CARTESIAN_POINT('Ctrl Pts',(-8.96638264410182,19.8303710373184,158.23680982402));
#12572=CARTESIAN_POINT('Ctrl Pts',(-8.41390756927846,19.3580929132549,158.893957217863));
#12573=CARTESIAN_POINT('Ctrl Pts',(-8.00796496704956,18.9310692600041,159.445457062279));
#12574=CARTESIAN_POINT('Ctrl Pts',(-7.65366864730153,18.4775906502258,160.));
#12575=CARTESIAN_POINT('Origin',(0.,0.,160.));
#12576=CARTESIAN_POINT('Ctrl Pts',(-4.66890727711788,19.4473984079536,160.));
#12577=CARTESIAN_POINT('Ctrl Pts',(-4.64882357245499,20.0225204615391,159.445457062279));
#12578=CARTESIAN_POINT('Ctrl Pts',(-4.57140731427183,20.6065969288865,158.893957217863));
#12579=CARTESIAN_POINT('Ctrl Pts',(-4.40204370607601,21.3134146585657,158.23680982402));
#12580=CARTESIAN_POINT('Ctrl Pts',(-4.36825373324341,21.4416203573127,158.118021731898));
#12581=CARTESIAN_POINT('Ctrl Pts',(-4.33144124834848,21.569390735765,158.));
#12582=CARTESIAN_POINT('Ctrl Pts',(-2.54586287147322,21.852198567642,158.));
#12583=CARTESIAN_POINT('Ctrl Pts',(-2.4713688995134,21.7420574000632,158.118021731898));
#12584=CARTESIAN_POINT('Ctrl Pts',(-2.39961498597697,21.6305682106883,158.23680982402));
#12585=CARTESIAN_POINT('Ctrl Pts',(-2.02012193238268,21.0106808362051,158.893957217863));
#12586=CARTESIAN_POINT('Ctrl Pts',(-1.76600514114561,20.4791140453393,159.445457062279));
#12587=CARTESIAN_POINT('Ctrl Pts',(-1.56918191455687,19.9383466746626,160.));
#12588=CARTESIAN_POINT('Origin',(0.,0.,160.));
#12589=CARTESIAN_POINT('Ctrl Pts',(10.7847537198566,19.1752206558892,158.));
#12590=CARTESIAN_POINT('Ctrl Pts',(10.7802812551775,19.0423281214349,158.118021731898));
#12591=CARTESIAN_POINT('Ctrl Pts',(10.7727996893368,18.9099555803706,158.23680982402));
#12592=CARTESIAN_POINT('Ctrl Pts',(10.7154553621383,18.1853957395651,158.893957217863));
#12593=CARTESIAN_POINT('Ctrl Pts',(10.6085930445258,17.6059830698603,159.445457062279));
#12594=CARTESIAN_POINT('Ctrl Pts',(10.449971294319,17.0528032870818,160.));
#12595=CARTESIAN_POINT('Ctrl Pts',(7.65366864730179,18.4775906502257,160.));
#12596=CARTESIAN_POINT('Ctrl Pts',(8.00796496704982,18.931069260004,159.445457062279));
#12597=CARTESIAN_POINT('Ctrl Pts',(8.41390756927873,19.3580929132548,158.893957217863));
#12598=CARTESIAN_POINT('Ctrl Pts',(8.9663826441021,19.8303710373182,158.23680982402));
#12599=CARTESIAN_POINT('Ctrl Pts',(9.06907672534653,19.914230378674,158.118021731898));
#12600=CARTESIAN_POINT('Ctrl Pts',(9.17396019536578,19.9959609504981,158.));
#12601=CARTESIAN_POINT('Origin',(0.,0.,160.));
#12602=CARTESIAN_POINT('',(2.54586287147322,21.852198567642,158.));
#12603=CARTESIAN_POINT('Origin',(0.,0.,158.));
#12604=CARTESIAN_POINT('',(2.54586287147322,21.852198567642,142.));
#12605=CARTESIAN_POINT('Origin',(0.,0.,142.));
#12606=CARTESIAN_POINT('',(2.54586287147322,21.852198567642,140.));
#12607=CARTESIAN_POINT('Origin',(9.81053037763095,16.9387411438881,140.));
#12608=CARTESIAN_POINT('Ctrl Pts',(2.54586287147323,21.852198567642,142.));
#12609=CARTESIAN_POINT('Ctrl Pts',(2.47136889951341,21.7420574000632,141.881978268102));
#12610=CARTESIAN_POINT('Ctrl Pts',(2.39961498597697,21.6305682106883,141.76319017598));
#12611=CARTESIAN_POINT('Ctrl Pts',(2.02012193238268,21.0106808362051,141.106042782137));
#12612=CARTESIAN_POINT('Ctrl Pts',(1.76600514114561,20.4791140453393,140.554542937721));
#12613=CARTESIAN_POINT('Ctrl Pts',(1.56918191455687,19.9383466746625,140.));
#12614=CARTESIAN_POINT('',(1.10703838375382,18.018873053695,140.));
#12615=CARTESIAN_POINT('Ctrl Pts',(1.56918191455688,19.9383466746626,160.));
#12616=CARTESIAN_POINT('Ctrl Pts',(1.76600514114562,20.4791140453393,159.445457062279));
#12617=CARTESIAN_POINT('Ctrl Pts',(2.02012193238269,21.0106808362051,158.893957217863));
#12618=CARTESIAN_POINT('Ctrl Pts',(2.39961498597697,21.6305682106883,158.23680982402));
#12619=CARTESIAN_POINT('Ctrl Pts',(2.47136889951341,21.7420574000631,158.118021731898));
#12620=CARTESIAN_POINT('Ctrl Pts',(2.54586287147322,21.852198567642,158.));
#12621=CARTESIAN_POINT('Origin',(0.,0.,140.));
#12622=CARTESIAN_POINT('',(0.494646853982468,17.4930078742864,140.));
#12623=CARTESIAN_POINT('',(-0.49464685398247,17.4930078742864,140.));
#12624=CARTESIAN_POINT('Origin',(-9.81053037763095,16.9387411438881,140.));
#12625=CARTESIAN_POINT('',(-1.10703838375382,18.018873053695,140.));
#12626=CARTESIAN_POINT('Origin',(0.511606174690439,18.0927681442619,140.));
#12627=CARTESIAN_POINT('Origin',(-0.51160617469044,18.0927681442619,140.));
#12628=CARTESIAN_POINT('Origin',(0.,0.,142.));
#12629=CARTESIAN_POINT('Origin',(0.,0.,160.));
#12630=CARTESIAN_POINT('Origin',(14.564727720737,13.0780795322119,140.));
#12631=CARTESIAN_POINT('',(6.62099406173449,16.7948729600064,140.));
#12632=CARTESIAN_POINT('Origin',(0.,0.,140.));
#12633=CARTESIAN_POINT('',(5.8760738296342,16.4839848443478,140.));
#12634=CARTESIAN_POINT('Origin',(4.09600996717817,19.1413207532512,140.));
#12635=CARTESIAN_POINT('',(-4.51528192441839,17.4790603080171,140.));
#12636=CARTESIAN_POINT('Origin',(0.,0.,140.));
#12637=CARTESIAN_POINT('',(-4.93519960214412,16.7896934125372,140.));
#12638=CARTESIAN_POINT('',(-5.87607382963397,16.4839848443479,140.));
#12639=CARTESIAN_POINT('Origin',(-14.5647277207368,13.0780795322121,140.));
#12640=CARTESIAN_POINT('',(-6.62099406173426,16.7948729600065,140.));
#12641=CARTESIAN_POINT('Origin',(-2.01945643744178,19.4702145218624,140.));
#12642=CARTESIAN_POINT('',(-9.69561497800973,15.2282753556164,140.));
#12643=CARTESIAN_POINT('Origin',(0.,0.,140.));
#12644=CARTESIAN_POINT('',(-9.88195433565553,14.4428867788963,140.));
#12645=CARTESIAN_POINT('',(-10.6823097578274,13.8613945271688,140.));
#12646=CARTESIAN_POINT('Origin',(-17.8932280361122,7.93724437558504,140.));
#12647=CARTESIAN_POINT('',(-11.4868407097742,13.926873684232,140.));
#12648=CARTESIAN_POINT('Origin',(-7.93724437558459,17.8932280361124,140.));
#12649=CARTESIAN_POINT('',(-13.9268736842317,11.4868407097745,140.));
#12650=CARTESIAN_POINT('Origin',(0.,0.,140.));
#12651=CARTESIAN_POINT('',(-13.8613945271686,10.6823097578277,140.));
#12652=CARTESIAN_POINT('',(-14.4428867788961,9.88195433565589,140.));
#12653=CARTESIAN_POINT('Origin',(-19.4702145218623,2.01945643744228,140.));
#12654=CARTESIAN_POINT('',(-15.2282753556161,9.69561497801011,140.));
#12655=CARTESIAN_POINT('Origin',(-13.0780795322118,14.5647277207372,140.));
#12656=CARTESIAN_POINT('',(-16.7948729600064,6.62099406173467,140.));
#12657=CARTESIAN_POINT('Origin',(0.,0.,140.));
#12658=CARTESIAN_POINT('',(-16.4839848443477,5.87607382963438,140.));
#12659=CARTESIAN_POINT('',(-16.7896934125371,4.93519960214453,140.));
#12660=CARTESIAN_POINT('Origin',(-19.1413207532513,-4.0960099671777,140.));
#12661=CARTESIAN_POINT('',(-17.479060308017,4.51528192441882,140.));
#12662=CARTESIAN_POINT('Origin',(-16.938741143888,9.81053037763113,140.));
#12663=CARTESIAN_POINT('',(-18.018873053695,1.10703838375401,140.));
#12664=CARTESIAN_POINT('Origin',(0.,0.,140.));
#12665=CARTESIAN_POINT('',(-17.4930078742864,0.494646853982652,140.));
#12666=CARTESIAN_POINT('',(-17.4930078742864,-0.494646853982288,140.));
#12667=CARTESIAN_POINT('Origin',(-16.9387411438882,-9.81053037763077,140.));
#12668=CARTESIAN_POINT('',(-18.018873053695,-1.10703838375364,140.));
#12669=CARTESIAN_POINT('Origin',(-19.1413207532512,4.0960099671781,140.));
#12670=CARTESIAN_POINT('',(-17.4790603080171,-4.51528192441845,140.));
#12671=CARTESIAN_POINT('Origin',(0.,0.,140.));
#12672=CARTESIAN_POINT('',(-16.7896934125372,-4.93519960214418,140.));
#12673=CARTESIAN_POINT('',(-16.4839848443479,-5.87607382963403,140.));
#12674=CARTESIAN_POINT('Origin',(-13.0780795322121,-14.5647277207369,140.));
#12675=CARTESIAN_POINT('',(-16.7948729600065,-6.62099406173432,140.));
#12676=CARTESIAN_POINT('Origin',(-17.8932280361123,-7.93724437558465,140.));
#12677=CARTESIAN_POINT('',(-11.4868407097745,-13.9268736842317,140.));
#12678=CARTESIAN_POINT('Origin',(0.,0.,140.));
#12679=CARTESIAN_POINT('',(-10.6823097578277,-13.8613945271686,140.));
#12680=CARTESIAN_POINT('',(-9.88195433565584,-14.4428867788961,140.));
#12681=CARTESIAN_POINT('Origin',(-2.01945643744221,-19.4702145218624,140.));
#12682=CARTESIAN_POINT('',(-9.69561497801006,-15.2282753556161,140.));
#12683=CARTESIAN_POINT('Origin',(-19.4702145218624,-2.01945643744185,140.));
#12684=CARTESIAN_POINT('',(-15.2282753556163,-9.69561497800978,140.));
#12685=CARTESIAN_POINT('Origin',(0.,0.,140.));
#12686=CARTESIAN_POINT('',(-14.4428867788963,-9.88195433565558,140.));
#12687=CARTESIAN_POINT('',(-13.8613945271688,-10.6823097578274,140.));
#12688=CARTESIAN_POINT('Origin',(-7.93724437558498,-17.8932280361122,140.));
#12689=CARTESIAN_POINT('',(-13.926873684232,-11.4868407097742,140.));
#12690=CARTESIAN_POINT('Origin',(-14.5647277207371,-13.0780795322118,140.));
#12691=CARTESIAN_POINT('',(-6.62099406173461,-16.7948729600064,140.));
#12692=CARTESIAN_POINT('Origin',(0.,0.,140.));
#12693=CARTESIAN_POINT('',(-5.87607382963432,-16.4839848443478,140.));
#12694=CARTESIAN_POINT('',(-4.93519960214447,-16.7896934125371,140.));
#12695=CARTESIAN_POINT('Origin',(4.09600996717777,-19.1413207532512,140.));
#12696=CARTESIAN_POINT('',(-4.51528192441876,-17.479060308017,140.));
#12697=CARTESIAN_POINT('Origin',(-9.81053037763095,-16.9387411438881,140.));
#12698=CARTESIAN_POINT('',(-1.10703838375382,-18.018873053695,140.));
#12699=CARTESIAN_POINT('Origin',(0.,0.,140.));
#12700=CARTESIAN_POINT('',(-0.494646853982468,-17.4930078742864,140.));
#12701=CARTESIAN_POINT('',(0.49464685398247,-17.4930078742864,140.));
#12702=CARTESIAN_POINT('Origin',(9.81053037763095,-16.9387411438881,140.));
#12703=CARTESIAN_POINT('',(1.10703838375382,-18.018873053695,140.));
#12704=CARTESIAN_POINT('Origin',(13.0780795322119,-14.5647277207371,140.));
#12705=CARTESIAN_POINT('Origin',(0.,0.,140.));
#12706=CARTESIAN_POINT('',(16.7896934125372,-4.93519960214441,140.));
#12707=CARTESIAN_POINT('Origin',(19.1413207532512,4.09600996717784,140.));
#12708=CARTESIAN_POINT('',(17.479060308017,-4.5152819244187,140.));
#12709=CARTESIAN_POINT('Origin',(7.93724437558472,-17.8932280361123,140.));
#12710=CARTESIAN_POINT('Origin',(0.,0.,140.));
#12711=CARTESIAN_POINT('',(14.4428867788962,-9.88195433565579,140.));
#12712=CARTESIAN_POINT('Origin',(19.4702145218624,-2.01945643744213,140.));
#12713=CARTESIAN_POINT('',(15.2282753556162,-9.69561497801,140.));
#12714=CARTESIAN_POINT('Origin',(2.01945643744193,-19.4702145218624,140.));
#12715=CARTESIAN_POINT('Origin',(0.,0.,140.));
#12716=CARTESIAN_POINT('',(10.6823097578275,-13.8613945271687,140.));
#12717=CARTESIAN_POINT('Origin',(17.8932280361122,-7.93724437558491,140.));
#12718=CARTESIAN_POINT('',(11.4868407097743,-13.9268736842319,140.));
#12719=CARTESIAN_POINT('Origin',(0.,0.,140.));
#12720=CARTESIAN_POINT('',(5.87607382963408,-16.4839848443478,140.));
#12721=CARTESIAN_POINT('Origin',(14.5647277207369,-13.078079532212,140.));
#12722=CARTESIAN_POINT('',(6.62099406173437,-16.7948729600065,140.));
#12723=CARTESIAN_POINT('Origin',(16.938741143888,-9.81053037763101,140.));
#12724=CARTESIAN_POINT('Origin',(16.9387411438881,9.81053037763089,140.));
#12725=CARTESIAN_POINT('Origin',(19.1413207532512,-4.09600996717797,140.));
#12726=CARTESIAN_POINT('',(17.4790603080171,4.51528192441857,140.));
#12727=CARTESIAN_POINT('Origin',(0.,0.,140.));
#12728=CARTESIAN_POINT('',(16.7896934125372,4.93519960214429,140.));
#12729=CARTESIAN_POINT('Origin',(13.078079532212,14.564727720737,140.));
#12730=CARTESIAN_POINT('Origin',(17.8932280361123,7.93724437558479,140.));
#12731=CARTESIAN_POINT('',(11.4868407097744,13.9268736842318,140.));
#12732=CARTESIAN_POINT('Origin',(0.,0.,140.));
#12733=CARTESIAN_POINT('',(10.6823097578276,13.8613945271687,140.));
#12734=CARTESIAN_POINT('Origin',(2.01945643744206,19.4702145218624,140.));
#12735=CARTESIAN_POINT('Origin',(19.4702145218624,2.01945643744199,140.));
#12736=CARTESIAN_POINT('',(15.2282753556163,9.69561497800989,140.));
#12737=CARTESIAN_POINT('Origin',(0.,0.,140.));
#12738=CARTESIAN_POINT('',(14.4428867788962,9.88195433565569,140.));
#12739=CARTESIAN_POINT('Origin',(7.93724437558485,17.8932280361122,140.));
#12740=CARTESIAN_POINT('Origin',(6.0775392180788,17.0491500390112,140.));
#12741=CARTESIAN_POINT('Origin',(11.048560378096,14.3366423395287,140.));
#12742=CARTESIAN_POINT('Origin',(14.9380714684584,10.2207641985925,140.));
#12743=CARTESIAN_POINT('Origin',(17.3653400438242,5.10440644564638,140.));
#12744=CARTESIAN_POINT('Origin',(17.3653400438241,-5.10440644564651,140.));
#12745=CARTESIAN_POINT('Origin',(14.9380714684583,-10.2207641985926,140.));
#12746=CARTESIAN_POINT('Origin',(11.0485603780959,-14.3366423395288,140.));
#12747=CARTESIAN_POINT('Origin',(6.07753921807868,-17.0491500390112,140.));
#12748=CARTESIAN_POINT('Origin',(-0.511606174690439,-18.0927681442619,140.));
#12749=CARTESIAN_POINT('Origin',(0.51160617469044,-18.0927681442619,140.));
#12750=CARTESIAN_POINT('Origin',(-6.07753921807892,-17.0491500390111,140.));
#12751=CARTESIAN_POINT('Origin',(-5.10440644564657,-17.3653400438241,140.));
#12752=CARTESIAN_POINT('Origin',(-11.0485603780961,-14.3366423395287,140.));
#12753=CARTESIAN_POINT('Origin',(-10.2207641985926,-14.9380714684583,140.));
#12754=CARTESIAN_POINT('Origin',(-14.9380714684585,-10.2207641985923,140.));
#12755=CARTESIAN_POINT('Origin',(-14.3366423395289,-11.0485603780958,140.));
#12756=CARTESIAN_POINT('Origin',(-17.3653400438242,-5.10440644564626,140.));
#12757=CARTESIAN_POINT('Origin',(-17.0491500390112,-6.07753921807863,140.));
#12758=CARTESIAN_POINT('Origin',(-18.0927681442619,0.511606174690629,140.));
#12759=CARTESIAN_POINT('Origin',(-18.0927681442619,-0.511606174690252,140.));
#12760=CARTESIAN_POINT('Origin',(-17.0491500390111,6.07753921807898,140.));
#12761=CARTESIAN_POINT('Origin',(-17.3653400438241,5.10440644564663,140.));
#12762=CARTESIAN_POINT('Origin',(-14.3366423395286,11.0485603780961,140.));
#12763=CARTESIAN_POINT('Origin',(-14.9380714684582,10.2207641985927,140.));
#12764=CARTESIAN_POINT('Origin',(-10.2207641985923,14.9380714684585,140.));
#12765=CARTESIAN_POINT('Origin',(-11.0485603780957,14.3366423395289,140.));
#12766=CARTESIAN_POINT('Origin',(-5.1044064456462,17.3653400438242,140.));
#12767=CARTESIAN_POINT('Origin',(-6.07753921807857,17.0491500390112,140.));
#12768=UNCERTAINTY_MEASURE_WITH_UNIT(LENGTH_MEASURE(0.01),#12772,
'DISTANCE_ACCURACY_VALUE',
'Maximum model space distance between geometric entities at asserted c
onnectivities');
#12769=UNCERTAINTY_MEASURE_WITH_UNIT(LENGTH_MEASURE(0.01),#12772,
'DISTANCE_ACCURACY_VALUE',
'Maximum model space distance between geometric entities at asserted c
onnectivities');
#12770=(
GEOMETRIC_REPRESENTATION_CONTEXT(3)
GLOBAL_UNCERTAINTY_ASSIGNED_CONTEXT((#12768))
GLOBAL_UNIT_ASSIGNED_CONTEXT((#12772,#12774,#12775))
REPRESENTATION_CONTEXT('','3D')
);
#12771=(
GEOMETRIC_REPRESENTATION_CONTEXT(3)
GLOBAL_UNCERTAINTY_ASSIGNED_CONTEXT((#12769))
GLOBAL_UNIT_ASSIGNED_CONTEXT((#12772,#12774,#12775))
REPRESENTATION_CONTEXT('','3D')
);
#12772=(
LENGTH_UNIT()
NAMED_UNIT(*)
SI_UNIT(.MILLI.,.METRE.)
);
#12773=(
LENGTH_UNIT()
NAMED_UNIT(*)
SI_UNIT($,.METRE.)
);
#12774=(
NAMED_UNIT(*)
PLANE_ANGLE_UNIT()
SI_UNIT($,.RADIAN.)
);
#12775=(
NAMED_UNIT(*)
SI_UNIT($,.STERADIAN.)
SOLID_ANGLE_UNIT()
);
#12776=SHAPE_DEFINITION_REPRESENTATION(#12777,#12778);
#12777=PRODUCT_DEFINITION_SHAPE('',$,#12780);
#12778=SHAPE_REPRESENTATION('',(#6623),#12770);
#12779=PRODUCT_DEFINITION_CONTEXT('part definition',#12784,'design');
#12780=PRODUCT_DEFINITION('2026-09-26-21-36-05-341','Spur_Gear_40mm',#12781,
#12779);
#12781=PRODUCT_DEFINITION_FORMATION('',$,#12786);
#12782=PRODUCT_RELATED_PRODUCT_CATEGORY('Spur_Gear_40mm',
'Spur_Gear_40mm',(#12786));
#12783=APPLICATION_PROTOCOL_DEFINITION('international standard',
'automotive_design',2009,#12784);
#12784=APPLICATION_CONTEXT(
'Core Data for Automotive Mechanical Design Process');
#12785=PRODUCT_CONTEXT('part definition',#12784,'mechanical');
#12786=PRODUCT('2026-09-26-21-36-05-341','Spur_Gear_40mm','STEP AP203',
(#12785));
#12787=PRESENTATION_STYLE_ASSIGNMENT((#12788));
#12788=SURFACE_STYLE_USAGE(.BOTH.,#12789);
#12789=SURFACE_SIDE_STYLE('',(#12790));
#12790=SURFACE_STYLE_FILL_AREA(#12791);
#12791=FILL_AREA_STYLE('Steel - Satin',(#12792));
#12792=FILL_AREA_STYLE_COLOUR('Steel - Satin',#12793);
#12793=COLOUR_RGB('Steel - Satin',0.627450980392157,0.627450980392157,0.627450980392157);
ENDSEC;
END-ISO-10303-21;
